codigo_cliente,nome,email,data_nascimento,cidade,uf,regiao,data_cadastro,aceita_marketing
CLI-00000001,Cliente Sintético 0001,cliente0001@aurora.example,,Rio Branco,AC,Norte,2022-07-02T15:00:00+00,true
CLI-00000002,Cliente Sintético 0002,cliente0002@aurora.example,,Maceió,AL,Nordeste,2022-07-03T15:00:00+00,false
CLI-00000003,Cliente Sintético 0003,cliente0003@aurora.example,,Salvador,BA,Nordeste,2022-07-04T15:00:00+00,true
CLI-00000004,Cliente Sintético 0004,cliente0004@aurora.example,,Brasília,DF,Centro-Oeste,2022-07-05T15:00:00+00,false
CLI-00000005,Cliente Sintético 0005,cliente0005@aurora.example,,Belo Horizonte,MG,Sudeste,2022-07-06T15:00:00+00,true
CLI-00000006,Cliente Sintético 0006,cliente0006@aurora.example,,Curitiba,PR,Sul,2022-07-07T15:00:00+00,false
CLI-00000007,Cliente Sintético 0007,cliente0007@aurora.example,,Rio de Janeiro,RJ,Sudeste,2022-07-08T15:00:00+00,true
CLI-00000008,Cliente Sintético 0008,cliente0008@aurora.example,,Porto Alegre,RS,Sul,2022-07-09T15:00:00+00,false
CLI-00000009,Cliente Sintético 0009,cliente0009@aurora.example,,São Paulo,SP,Sudeste,2022-07-10T15:00:00+00,true
CLI-00000010,Cliente Sintético 0010,cliente0010@aurora.example,,Rio Branco,AC,Norte,2022-07-11T15:00:00+00,false
CLI-00000011,Cliente Sintético 0011,cliente0011@aurora.example,,Maceió,AL,Nordeste,2022-07-12T15:00:00+00,true
CLI-00000012,Cliente Sintético 0012,cliente0012@aurora.example,,Salvador,BA,Nordeste,2022-07-13T15:00:00+00,false
CLI-00000013,Cliente Sintético 0013,cliente0013@aurora.example,,Brasília,DF,Centro-Oeste,2022-07-14T15:00:00+00,true
CLI-00000014,Cliente Sintético 0014,cliente0014@aurora.example,,Belo Horizonte,MG,Sudeste,2022-07-15T15:00:00+00,false
CLI-00000015,Cliente Sintético 0015,cliente0015@aurora.example,,Curitiba,PR,Sul,2022-07-16T15:00:00+00,true
CLI-00000016,Cliente Sintético 0016,cliente0016@aurora.example,,Rio de Janeiro,RJ,Sudeste,2022-07-17T15:00:00+00,false
CLI-00000017,Cliente Sintético 0017,cliente0017@aurora.example,,Porto Alegre,RS,Sul,2022-07-18T15:00:00+00,true
CLI-00000018,Cliente Sintético 0018,cliente0018@aurora.example,,São Paulo,SP,Sudeste,2022-07-19T15:00:00+00,false
CLI-00000019,Cliente Sintético 0019,cliente0019@aurora.example,,Rio Branco,AC,Norte,2022-07-20T15:00:00+00,true
CLI-00000020,Cliente Sintético 0020,cliente0020@aurora.example,,Maceió,AL,Nordeste,2022-07-21T15:00:00+00,false
CLI-00000021,Cliente Sintético 0021,cliente0021@aurora.example,,Salvador,BA,Nordeste,2022-07-22T15:00:00+00,true
CLI-00000022,Cliente Sintético 0022,cliente0022@aurora.example,,Brasília,DF,Centro-Oeste,2022-07-23T15:00:00+00,false
CLI-00000023,Cliente Sintético 0023,cliente0023@aurora.example,,Belo Horizonte,MG,Sudeste,2022-07-24T15:00:00+00,true
CLI-00000024,Cliente Sintético 0024,cliente0024@aurora.example,,Curitiba,PR,Sul,2022-07-25T15:00:00+00,false
CLI-00000025,Cliente Sintético 0025,cliente0025@aurora.example,,Rio de Janeiro,RJ,Sudeste,2022-07-26T15:00:00+00,true
CLI-00000026,Cliente Sintético 0026,cliente0026@aurora.example,,Porto Alegre,RS,Sul,2022-07-27T15:00:00+00,false
CLI-00000027,Cliente Sintético 0027,cliente0027@aurora.example,,São Paulo,SP,Sudeste,2022-07-28T15:00:00+00,true
CLI-00000028,Cliente Sintético 0028,cliente0028@aurora.example,,Rio Branco,AC,Norte,2022-07-29T15:00:00+00,false
CLI-00000029,Cliente Sintético 0029,cliente0029@aurora.example,,Maceió,AL,Nordeste,2022-07-30T15:00:00+00,true
CLI-00000030,Cliente Sintético 0030,cliente0030@aurora.example,,Salvador,BA,Nordeste,2022-07-31T15:00:00+00,false
CLI-00000031,Cliente Sintético 0031,cliente0031@aurora.example,,Brasília,DF,Centro-Oeste,2022-08-01T15:00:00+00,true
CLI-00000032,Cliente Sintético 0032,cliente0032@aurora.example,,Belo Horizonte,MG,Sudeste,2022-08-02T15:00:00+00,false
CLI-00000033,Cliente Sintético 0033,cliente0033@aurora.example,,Curitiba,PR,Sul,2022-08-03T15:00:00+00,true
CLI-00000034,Cliente Sintético 0034,cliente0034@aurora.example,,Rio de Janeiro,RJ,Sudeste,2022-08-04T15:00:00+00,false
CLI-00000035,Cliente Sintético 0035,cliente0035@aurora.example,,Porto Alegre,RS,Sul,2022-08-05T15:00:00+00,true
CLI-00000036,Cliente Sintético 0036,cliente0036@aurora.example,,São Paulo,SP,Sudeste,2022-08-06T15:00:00+00,false
CLI-00000037,Cliente Sintético 0037,cliente0037@aurora.example,,Rio Branco,AC,Norte,2022-08-07T15:00:00+00,true
CLI-00000038,Cliente Sintético 0038,cliente0038@aurora.example,,Maceió,AL,Nordeste,2022-08-08T15:00:00+00,false
CLI-00000039,Cliente Sintético 0039,cliente0039@aurora.example,,Salvador,BA,Nordeste,2022-08-09T15:00:00+00,true
CLI-00000040,Cliente Sintético 0040,cliente0040@aurora.example,,Brasília,DF,Centro-Oeste,2022-08-10T15:00:00+00,false
CLI-00000041,Cliente Sintético 0041,cliente0041@aurora.example,,Belo Horizonte,MG,Sudeste,2022-08-11T15:00:00+00,true
CLI-00000042,Cliente Sintético 0042,cliente0042@aurora.example,,Curitiba,PR,Sul,2022-08-12T15:00:00+00,false
CLI-00000043,Cliente Sintético 0043,cliente0043@aurora.example,,Rio de Janeiro,RJ,Sudeste,2022-08-13T15:00:00+00,true
CLI-00000044,Cliente Sintético 0044,cliente0044@aurora.example,,Porto Alegre,RS,Sul,2022-08-14T15:00:00+00,false
CLI-00000045,Cliente Sintético 0045,cliente0045@aurora.example,,São Paulo,SP,Sudeste,2022-08-15T15:00:00+00,true
CLI-00000046,Cliente Sintético 0046,cliente0046@aurora.example,,Rio Branco,AC,Norte,2022-08-16T15:00:00+00,false
CLI-00000047,Cliente Sintético 0047,cliente0047@aurora.example,,Maceió,AL,Nordeste,2022-08-17T15:00:00+00,true
CLI-00000048,Cliente Sintético 0048,cliente0048@aurora.example,,Salvador,BA,Nordeste,2022-08-18T15:00:00+00,false
CLI-00000049,Cliente Sintético 0049,cliente0049@aurora.example,,Brasília,DF,Centro-Oeste,2022-08-19T15:00:00+00,true
CLI-00000050,Cliente Sintético 0050,cliente0050@aurora.example,,Belo Horizonte,MG,Sudeste,2022-08-20T15:00:00+00,false
CLI-00000051,Cliente Sintético 0051,cliente0051@aurora.example,,Curitiba,PR,Sul,2022-08-21T15:00:00+00,true
CLI-00000052,Cliente Sintético 0052,cliente0052@aurora.example,,Rio de Janeiro,RJ,Sudeste,2022-08-22T15:00:00+00,false
CLI-00000053,Cliente Sintético 0053,cliente0053@aurora.example,,Porto Alegre,RS,Sul,2022-08-23T15:00:00+00,true
CLI-00000054,Cliente Sintético 0054,cliente0054@aurora.example,,São Paulo,SP,Sudeste,2022-08-24T15:00:00+00,false
CLI-00000055,Cliente Sintético 0055,cliente0055@aurora.example,,Rio Branco,AC,Norte,2022-08-25T15:00:00+00,true
CLI-00000056,Cliente Sintético 0056,cliente0056@aurora.example,,Maceió,AL,Nordeste,2022-08-26T15:00:00+00,false
CLI-00000057,Cliente Sintético 0057,cliente0057@aurora.example,,Salvador,BA,Nordeste,2022-08-27T15:00:00+00,true
CLI-00000058,Cliente Sintético 0058,cliente0058@aurora.example,,Brasília,DF,Centro-Oeste,2022-08-28T15:00:00+00,false
CLI-00000059,Cliente Sintético 0059,cliente0059@aurora.example,,Belo Horizonte,MG,Sudeste,2022-08-29T15:00:00+00,true
CLI-00000060,Cliente Sintético 0060,cliente0060@aurora.example,,Curitiba,PR,Sul,2022-08-30T15:00:00+00,false
CLI-00000061,Cliente Sintético 0061,cliente0061@aurora.example,,Rio de Janeiro,RJ,Sudeste,2022-08-31T15:00:00+00,true
CLI-00000062,Cliente Sintético 0062,cliente0062@aurora.example,,Porto Alegre,RS,Sul,2022-09-01T15:00:00+00,false
CLI-00000063,Cliente Sintético 0063,cliente0063@aurora.example,,São Paulo,SP,Sudeste,2022-09-02T15:00:00+00,true
CLI-00000064,Cliente Sintético 0064,cliente0064@aurora.example,,Rio Branco,AC,Norte,2022-09-03T15:00:00+00,false
CLI-00000065,Cliente Sintético 0065,cliente0065@aurora.example,,Maceió,AL,Nordeste,2022-09-04T15:00:00+00,true
CLI-00000066,Cliente Sintético 0066,cliente0066@aurora.example,,Salvador,BA,Nordeste,2022-09-05T15:00:00+00,false
CLI-00000067,Cliente Sintético 0067,cliente0067@aurora.example,,Brasília,DF,Centro-Oeste,2022-09-06T15:00:00+00,true
CLI-00000068,Cliente Sintético 0068,cliente0068@aurora.example,,Belo Horizonte,MG,Sudeste,2022-09-07T15:00:00+00,false
CLI-00000069,Cliente Sintético 0069,cliente0069@aurora.example,,Curitiba,PR,Sul,2022-09-08T15:00:00+00,true
CLI-00000070,Cliente Sintético 0070,cliente0070@aurora.example,,Rio de Janeiro,RJ,Sudeste,2022-09-09T15:00:00+00,false
CLI-00000071,Cliente Sintético 0071,cliente0071@aurora.example,,Porto Alegre,RS,Sul,2022-09-10T15:00:00+00,true
CLI-00000072,Cliente Sintético 0072,cliente0072@aurora.example,,São Paulo,SP,Sudeste,2022-09-11T15:00:00+00,false
CLI-00000073,Cliente Sintético 0073,cliente0073@aurora.example,,Rio Branco,AC,Norte,2022-09-12T15:00:00+00,true
CLI-00000074,Cliente Sintético 0074,cliente0074@aurora.example,,Maceió,AL,Nordeste,2022-09-13T15:00:00+00,false
CLI-00000075,Cliente Sintético 0075,cliente0075@aurora.example,,Salvador,BA,Nordeste,2022-09-14T15:00:00+00,true
CLI-00000076,Cliente Sintético 0076,cliente0076@aurora.example,,Brasília,DF,Centro-Oeste,2022-09-15T15:00:00+00,false
CLI-00000077,Cliente Sintético 0077,cliente0077@aurora.example,,Belo Horizonte,MG,Sudeste,2022-09-16T15:00:00+00,true
CLI-00000078,Cliente Sintético 0078,cliente0078@aurora.example,,Curitiba,PR,Sul,2022-09-17T15:00:00+00,false
CLI-00000079,Cliente Sintético 0079,cliente0079@aurora.example,,Rio de Janeiro,RJ,Sudeste,2022-09-18T15:00:00+00,true
CLI-00000080,Cliente Sintético 0080,cliente0080@aurora.example,,Porto Alegre,RS,Sul,2022-09-19T15:00:00+00,false
CLI-00000081,Cliente Sintético 0081,cliente0081@aurora.example,,São Paulo,SP,Sudeste,2022-09-20T15:00:00+00,true
CLI-00000082,Cliente Sintético 0082,cliente0082@aurora.example,,Rio Branco,AC,Norte,2022-09-21T15:00:00+00,false
CLI-00000083,Cliente Sintético 0083,cliente0083@aurora.example,,Maceió,AL,Nordeste,2022-09-22T15:00:00+00,true
CLI-00000084,Cliente Sintético 0084,cliente0084@aurora.example,,Salvador,BA,Nordeste,2022-09-23T15:00:00+00,false
CLI-00000085,Cliente Sintético 0085,cliente0085@aurora.example,,Brasília,DF,Centro-Oeste,2022-09-24T15:00:00+00,true
CLI-00000086,Cliente Sintético 0086,cliente0086@aurora.example,,Belo Horizonte,MG,Sudeste,2022-09-25T15:00:00+00,false
CLI-00000087,Cliente Sintético 0087,cliente0087@aurora.example,,Curitiba,PR,Sul,2022-09-26T15:00:00+00,true
CLI-00000088,Cliente Sintético 0088,cliente0088@aurora.example,,Rio de Janeiro,RJ,Sudeste,2022-09-27T15:00:00+00,false
CLI-00000089,Cliente Sintético 0089,cliente0089@aurora.example,,Porto Alegre,RS,Sul,2022-09-28T15:00:00+00,true
CLI-00000090,Cliente Sintético 0090,cliente0090@aurora.example,,São Paulo,SP,Sudeste,2022-09-29T15:00:00+00,false
CLI-00000091,Cliente Sintético 0091,cliente0091@aurora.example,,Rio Branco,AC,Norte,2022-09-30T15:00:00+00,true
CLI-00000092,Cliente Sintético 0092,cliente0092@aurora.example,,Maceió,AL,Nordeste,2022-10-01T15:00:00+00,false
CLI-00000093,Cliente Sintético 0093,cliente0093@aurora.example,,Salvador,BA,Nordeste,2022-10-02T15:00:00+00,true
CLI-00000094,Cliente Sintético 0094,cliente0094@aurora.example,,Brasília,DF,Centro-Oeste,2022-10-03T15:00:00+00,false
CLI-00000095,Cliente Sintético 0095,cliente0095@aurora.example,,Belo Horizonte,MG,Sudeste,2022-10-04T15:00:00+00,true
CLI-00000096,Cliente Sintético 0096,cliente0096@aurora.example,,Curitiba,PR,Sul,2022-10-05T15:00:00+00,false
CLI-00000097,Cliente Sintético 0097,cliente0097@aurora.example,,Rio de Janeiro,RJ,Sudeste,2022-10-06T15:00:00+00,true
CLI-00000098,Cliente Sintético 0098,cliente0098@aurora.example,,Porto Alegre,RS,Sul,2022-10-07T15:00:00+00,false
CLI-00000099,Cliente Sintético 0099,cliente0099@aurora.example,,São Paulo,SP,Sudeste,2022-10-08T15:00:00+00,true
CLI-00000100,Cliente Sintético 0100,cliente0100@aurora.example,,Rio Branco,AC,Norte,2022-10-09T15:00:00+00,false
CLI-00000101,Cliente Sintético 0101,cliente0101@aurora.example,,Maceió,AL,Nordeste,2022-10-10T15:00:00+00,true
CLI-00000102,Cliente Sintético 0102,cliente0102@aurora.example,,Salvador,BA,Nordeste,2022-10-11T15:00:00+00,false
CLI-00000103,Cliente Sintético 0103,cliente0103@aurora.example,,Brasília,DF,Centro-Oeste,2022-10-12T15:00:00+00,true
CLI-00000104,Cliente Sintético 0104,cliente0104@aurora.example,,Belo Horizonte,MG,Sudeste,2022-10-13T15:00:00+00,false
CLI-00000105,Cliente Sintético 0105,cliente0105@aurora.example,,Curitiba,PR,Sul,2022-10-14T15:00:00+00,true
CLI-00000106,Cliente Sintético 0106,cliente0106@aurora.example,,Rio de Janeiro,RJ,Sudeste,2022-10-15T15:00:00+00,false
CLI-00000107,Cliente Sintético 0107,cliente0107@aurora.example,,Porto Alegre,RS,Sul,2022-10-16T15:00:00+00,true
CLI-00000108,Cliente Sintético 0108,cliente0108@aurora.example,,São Paulo,SP,Sudeste,2022-10-17T15:00:00+00,false
CLI-00000109,Cliente Sintético 0109,cliente0109@aurora.example,,Rio Branco,AC,Norte,2022-10-18T15:00:00+00,true
CLI-00000110,Cliente Sintético 0110,cliente0110@aurora.example,,Maceió,AL,Nordeste,2022-10-19T15:00:00+00,false
CLI-00000111,Cliente Sintético 0111,cliente0111@aurora.example,,Salvador,BA,Nordeste,2022-10-20T15:00:00+00,true
CLI-00000112,Cliente Sintético 0112,cliente0112@aurora.example,,Brasília,DF,Centro-Oeste,2022-10-21T15:00:00+00,false
CLI-00000113,Cliente Sintético 0113,cliente0113@aurora.example,,Belo Horizonte,MG,Sudeste,2022-10-22T15:00:00+00,true
CLI-00000114,Cliente Sintético 0114,cliente0114@aurora.example,,Curitiba,PR,Sul,2022-10-23T15:00:00+00,false
CLI-00000115,Cliente Sintético 0115,cliente0115@aurora.example,,Rio de Janeiro,RJ,Sudeste,2022-10-24T15:00:00+00,true
CLI-00000116,Cliente Sintético 0116,cliente0116@aurora.example,,Porto Alegre,RS,Sul,2022-10-25T15:00:00+00,false
CLI-00000117,Cliente Sintético 0117,cliente0117@aurora.example,,São Paulo,SP,Sudeste,2022-10-26T15:00:00+00,true
CLI-00000118,Cliente Sintético 0118,cliente0118@aurora.example,,Rio Branco,AC,Norte,2022-10-27T15:00:00+00,false
CLI-00000119,Cliente Sintético 0119,cliente0119@aurora.example,,Maceió,AL,Nordeste,2022-10-28T15:00:00+00,true
CLI-00000120,Cliente Sintético 0120,cliente0120@aurora.example,,Salvador,BA,Nordeste,2022-10-29T15:00:00+00,false
CLI-00000121,Cliente Sintético 0121,cliente0121@aurora.example,,Brasília,DF,Centro-Oeste,2022-10-30T15:00:00+00,true
CLI-00000122,Cliente Sintético 0122,cliente0122@aurora.example,,Belo Horizonte,MG,Sudeste,2022-10-31T15:00:00+00,false
CLI-00000123,Cliente Sintético 0123,cliente0123@aurora.example,,Curitiba,PR,Sul,2022-11-01T15:00:00+00,true
CLI-00000124,Cliente Sintético 0124,cliente0124@aurora.example,,Rio de Janeiro,RJ,Sudeste,2022-11-02T15:00:00+00,false
CLI-00000125,Cliente Sintético 0125,cliente0125@aurora.example,,Porto Alegre,RS,Sul,2022-11-03T15:00:00+00,true
CLI-00000126,Cliente Sintético 0126,cliente0126@aurora.example,,São Paulo,SP,Sudeste,2022-11-04T15:00:00+00,false
CLI-00000127,Cliente Sintético 0127,cliente0127@aurora.example,,Rio Branco,AC,Norte,2022-11-05T15:00:00+00,true
CLI-00000128,Cliente Sintético 0128,cliente0128@aurora.example,,Maceió,AL,Nordeste,2022-11-06T15:00:00+00,false
CLI-00000129,Cliente Sintético 0129,cliente0129@aurora.example,,Salvador,BA,Nordeste,2022-11-07T15:00:00+00,true
CLI-00000130,Cliente Sintético 0130,cliente0130@aurora.example,,Brasília,DF,Centro-Oeste,2022-11-08T15:00:00+00,false
CLI-00000131,Cliente Sintético 0131,cliente0131@aurora.example,,Belo Horizonte,MG,Sudeste,2022-11-09T15:00:00+00,true
CLI-00000132,Cliente Sintético 0132,cliente0132@aurora.example,,Curitiba,PR,Sul,2022-11-10T15:00:00+00,false
CLI-00000133,Cliente Sintético 0133,cliente0133@aurora.example,,Rio de Janeiro,RJ,Sudeste,2022-11-11T15:00:00+00,true
CLI-00000134,Cliente Sintético 0134,cliente0134@aurora.example,,Porto Alegre,RS,Sul,2022-11-12T15:00:00+00,false
CLI-00000135,Cliente Sintético 0135,cliente0135@aurora.example,,São Paulo,SP,Sudeste,2022-11-13T15:00:00+00,true
CLI-00000136,Cliente Sintético 0136,cliente0136@aurora.example,,Rio Branco,AC,Norte,2022-11-14T15:00:00+00,false
CLI-00000137,Cliente Sintético 0137,cliente0137@aurora.example,,Maceió,AL,Nordeste,2022-11-15T15:00:00+00,true
CLI-00000138,Cliente Sintético 0138,cliente0138@aurora.example,,Salvador,BA,Nordeste,2022-11-16T15:00:00+00,false
CLI-00000139,Cliente Sintético 0139,cliente0139@aurora.example,,Brasília,DF,Centro-Oeste,2022-11-17T15:00:00+00,true
CLI-00000140,Cliente Sintético 0140,cliente0140@aurora.example,,Belo Horizonte,MG,Sudeste,2022-11-18T15:00:00+00,false
CLI-00000141,Cliente Sintético 0141,cliente0141@aurora.example,,Curitiba,PR,Sul,2022-11-19T15:00:00+00,true
CLI-00000142,Cliente Sintético 0142,cliente0142@aurora.example,,Rio de Janeiro,RJ,Sudeste,2022-11-20T15:00:00+00,false
CLI-00000143,Cliente Sintético 0143,cliente0143@aurora.example,,Porto Alegre,RS,Sul,2022-11-21T15:00:00+00,true
CLI-00000144,Cliente Sintético 0144,cliente0144@aurora.example,,São Paulo,SP,Sudeste,2022-11-22T15:00:00+00,false
CLI-00000145,Cliente Sintético 0145,cliente0145@aurora.example,,Rio Branco,AC,Norte,2022-11-23T15:00:00+00,true
CLI-00000146,Cliente Sintético 0146,cliente0146@aurora.example,,Maceió,AL,Nordeste,2022-11-24T15:00:00+00,false
CLI-00000147,Cliente Sintético 0147,cliente0147@aurora.example,,Salvador,BA,Nordeste,2022-11-25T15:00:00+00,true
CLI-00000148,Cliente Sintético 0148,cliente0148@aurora.example,,Brasília,DF,Centro-Oeste,2022-11-26T15:00:00+00,false
CLI-00000149,Cliente Sintético 0149,cliente0149@aurora.example,,Belo Horizonte,MG,Sudeste,2022-11-27T15:00:00+00,true
CLI-00000150,Cliente Sintético 0150,cliente0150@aurora.example,,Curitiba,PR,Sul,2022-11-28T15:00:00+00,false
CLI-00000151,Cliente Sintético 0151,cliente0151@aurora.example,,Rio de Janeiro,RJ,Sudeste,2022-11-29T15:00:00+00,true
CLI-00000152,Cliente Sintético 0152,cliente0152@aurora.example,,Porto Alegre,RS,Sul,2022-11-30T15:00:00+00,false
CLI-00000153,Cliente Sintético 0153,cliente0153@aurora.example,,São Paulo,SP,Sudeste,2022-12-01T15:00:00+00,true
CLI-00000154,Cliente Sintético 0154,cliente0154@aurora.example,,Rio Branco,AC,Norte,2022-12-02T15:00:00+00,false
CLI-00000155,Cliente Sintético 0155,cliente0155@aurora.example,,Maceió,AL,Nordeste,2022-12-03T15:00:00+00,true
CLI-00000156,Cliente Sintético 0156,cliente0156@aurora.example,,Salvador,BA,Nordeste,2022-12-04T15:00:00+00,false
CLI-00000157,Cliente Sintético 0157,cliente0157@aurora.example,,Brasília,DF,Centro-Oeste,2022-12-05T15:00:00+00,true
CLI-00000158,Cliente Sintético 0158,cliente0158@aurora.example,,Belo Horizonte,MG,Sudeste,2022-12-06T15:00:00+00,false
CLI-00000159,Cliente Sintético 0159,cliente0159@aurora.example,,Curitiba,PR,Sul,2022-12-07T15:00:00+00,true
CLI-00000160,Cliente Sintético 0160,cliente0160@aurora.example,,Rio de Janeiro,RJ,Sudeste,2022-12-08T15:00:00+00,false
CLI-00000161,Cliente Sintético 0161,cliente0161@aurora.example,,Porto Alegre,RS,Sul,2022-12-09T15:00:00+00,true
CLI-00000162,Cliente Sintético 0162,cliente0162@aurora.example,,São Paulo,SP,Sudeste,2022-12-10T15:00:00+00,false
CLI-00000163,Cliente Sintético 0163,cliente0163@aurora.example,,Rio Branco,AC,Norte,2022-12-11T15:00:00+00,true
CLI-00000164,Cliente Sintético 0164,cliente0164@aurora.example,,Maceió,AL,Nordeste,2022-12-12T15:00:00+00,false
CLI-00000165,Cliente Sintético 0165,cliente0165@aurora.example,,Salvador,BA,Nordeste,2022-12-13T15:00:00+00,true
CLI-00000166,Cliente Sintético 0166,cliente0166@aurora.example,,Brasília,DF,Centro-Oeste,2022-12-14T15:00:00+00,false
CLI-00000167,Cliente Sintético 0167,cliente0167@aurora.example,,Belo Horizonte,MG,Sudeste,2022-12-15T15:00:00+00,true
CLI-00000168,Cliente Sintético 0168,cliente0168@aurora.example,,Curitiba,PR,Sul,2022-12-16T15:00:00+00,false
CLI-00000169,Cliente Sintético 0169,cliente0169@aurora.example,,Rio de Janeiro,RJ,Sudeste,2022-12-17T15:00:00+00,true
CLI-00000170,Cliente Sintético 0170,cliente0170@aurora.example,,Porto Alegre,RS,Sul,2022-12-18T15:00:00+00,false
CLI-00000171,Cliente Sintético 0171,cliente0171@aurora.example,,São Paulo,SP,Sudeste,2022-12-19T15:00:00+00,true
CLI-00000172,Cliente Sintético 0172,cliente0172@aurora.example,,Rio Branco,AC,Norte,2022-12-20T15:00:00+00,false
CLI-00000173,Cliente Sintético 0173,cliente0173@aurora.example,,Maceió,AL,Nordeste,2022-12-21T15:00:00+00,true
CLI-00000174,Cliente Sintético 0174,cliente0174@aurora.example,,Salvador,BA,Nordeste,2022-12-22T15:00:00+00,false
CLI-00000175,Cliente Sintético 0175,cliente0175@aurora.example,,Brasília,DF,Centro-Oeste,2022-12-23T15:00:00+00,true
CLI-00000176,Cliente Sintético 0176,cliente0176@aurora.example,,Belo Horizonte,MG,Sudeste,2022-12-24T15:00:00+00,false
CLI-00000177,Cliente Sintético 0177,cliente0177@aurora.example,,Curitiba,PR,Sul,2022-12-25T15:00:00+00,true
CLI-00000178,Cliente Sintético 0178,cliente0178@aurora.example,,Rio de Janeiro,RJ,Sudeste,2022-12-26T15:00:00+00,false
CLI-00000179,Cliente Sintético 0179,cliente0179@aurora.example,,Porto Alegre,RS,Sul,2022-12-27T15:00:00+00,true
CLI-00000180,Cliente Sintético 0180,cliente0180@aurora.example,,São Paulo,SP,Sudeste,2022-07-01T15:00:00+00,false
CLI-00000181,Cliente Sintético 0181,cliente0181@aurora.example,,Rio Branco,AC,Norte,2022-07-02T15:00:00+00,true
CLI-00000182,Cliente Sintético 0182,cliente0182@aurora.example,,Maceió,AL,Nordeste,2022-07-03T15:00:00+00,false
CLI-00000183,Cliente Sintético 0183,cliente0183@aurora.example,,Salvador,BA,Nordeste,2022-07-04T15:00:00+00,true
CLI-00000184,Cliente Sintético 0184,cliente0184@aurora.example,,Brasília,DF,Centro-Oeste,2022-07-05T15:00:00+00,false
CLI-00000185,Cliente Sintético 0185,cliente0185@aurora.example,,Belo Horizonte,MG,Sudeste,2022-07-06T15:00:00+00,true
CLI-00000186,Cliente Sintético 0186,cliente0186@aurora.example,,Curitiba,PR,Sul,2022-07-07T15:00:00+00,false
CLI-00000187,Cliente Sintético 0187,cliente0187@aurora.example,,Rio de Janeiro,RJ,Sudeste,2022-07-08T15:00:00+00,true
CLI-00000188,Cliente Sintético 0188,cliente0188@aurora.example,,Porto Alegre,RS,Sul,2022-07-09T15:00:00+00,false
CLI-00000189,Cliente Sintético 0189,cliente0189@aurora.example,,São Paulo,SP,Sudeste,2022-07-10T15:00:00+00,true
CLI-00000190,Cliente Sintético 0190,cliente0190@aurora.example,,Rio Branco,AC,Norte,2022-07-11T15:00:00+00,false
CLI-00000191,Cliente Sintético 0191,cliente0191@aurora.example,,Maceió,AL,Nordeste,2022-07-12T15:00:00+00,true
CLI-00000192,Cliente Sintético 0192,cliente0192@aurora.example,,Salvador,BA,Nordeste,2022-07-13T15:00:00+00,false
CLI-00000193,Cliente Sintético 0193,cliente0193@aurora.example,,Brasília,DF,Centro-Oeste,2022-07-14T15:00:00+00,true
CLI-00000194,Cliente Sintético 0194,cliente0194@aurora.example,,Belo Horizonte,MG,Sudeste,2022-07-15T15:00:00+00,false
CLI-00000195,Cliente Sintético 0195,cliente0195@aurora.example,,Curitiba,PR,Sul,2022-07-16T15:00:00+00,true
CLI-00000196,Cliente Sintético 0196,cliente0196@aurora.example,,Rio de Janeiro,RJ,Sudeste,2022-07-17T15:00:00+00,false
CLI-00000197,Cliente Sintético 0197,cliente0197@aurora.example,,Porto Alegre,RS,Sul,2022-07-18T15:00:00+00,true
CLI-00000198,Cliente Sintético 0198,cliente0198@aurora.example,,São Paulo,SP,Sudeste,2022-07-19T15:00:00+00,false
CLI-00000199,Cliente Sintético 0199,cliente0199@aurora.example,,Rio Branco,AC,Norte,2022-07-20T15:00:00+00,true
CLI-00000200,Cliente Sintético 0200,cliente0200@aurora.example,,Maceió,AL,Nordeste,2022-07-21T15:00:00+00,false
CLI-00000201,Cliente Sintético 0201,cliente0201@aurora.example,,Salvador,BA,Nordeste,2022-07-22T15:00:00+00,true
CLI-00000202,Cliente Sintético 0202,cliente0202@aurora.example,,Brasília,DF,Centro-Oeste,2022-07-23T15:00:00+00,false
CLI-00000203,Cliente Sintético 0203,cliente0203@aurora.example,,Belo Horizonte,MG,Sudeste,2022-07-24T15:00:00+00,true
CLI-00000204,Cliente Sintético 0204,cliente0204@aurora.example,,Curitiba,PR,Sul,2022-07-25T15:00:00+00,false
CLI-00000205,Cliente Sintético 0205,cliente0205@aurora.example,,Rio de Janeiro,RJ,Sudeste,2022-07-26T15:00:00+00,true
CLI-00000206,Cliente Sintético 0206,cliente0206@aurora.example,,Porto Alegre,RS,Sul,2022-07-27T15:00:00+00,false
CLI-00000207,Cliente Sintético 0207,cliente0207@aurora.example,,São Paulo,SP,Sudeste,2022-07-28T15:00:00+00,true
CLI-00000208,Cliente Sintético 0208,cliente0208@aurora.example,,Rio Branco,AC,Norte,2022-07-29T15:00:00+00,false
CLI-00000209,Cliente Sintético 0209,cliente0209@aurora.example,,Maceió,AL,Nordeste,2022-07-30T15:00:00+00,true
CLI-00000210,Cliente Sintético 0210,cliente0210@aurora.example,,Salvador,BA,Nordeste,2022-07-31T15:00:00+00,false
CLI-00000211,Cliente Sintético 0211,cliente0211@aurora.example,,Brasília,DF,Centro-Oeste,2022-08-01T15:00:00+00,true
CLI-00000212,Cliente Sintético 0212,cliente0212@aurora.example,,Belo Horizonte,MG,Sudeste,2022-08-02T15:00:00+00,false
CLI-00000213,Cliente Sintético 0213,cliente0213@aurora.example,,Curitiba,PR,Sul,2022-08-03T15:00:00+00,true
CLI-00000214,Cliente Sintético 0214,cliente0214@aurora.example,,Rio de Janeiro,RJ,Sudeste,2022-08-04T15:00:00+00,false
CLI-00000215,Cliente Sintético 0215,cliente0215@aurora.example,,Porto Alegre,RS,Sul,2022-08-05T15:00:00+00,true
CLI-00000216,Cliente Sintético 0216,cliente0216@aurora.example,,São Paulo,SP,Sudeste,2022-08-06T15:00:00+00,false
CLI-00000217,Cliente Sintético 0217,cliente0217@aurora.example,,Rio Branco,AC,Norte,2022-08-07T15:00:00+00,true
CLI-00000218,Cliente Sintético 0218,cliente0218@aurora.example,,Maceió,AL,Nordeste,2022-08-08T15:00:00+00,false
CLI-00000219,Cliente Sintético 0219,cliente0219@aurora.example,,Salvador,BA,Nordeste,2022-08-09T15:00:00+00,true
CLI-00000220,Cliente Sintético 0220,cliente0220@aurora.example,,Brasília,DF,Centro-Oeste,2022-08-10T15:00:00+00,false
CLI-00000221,Cliente Sintético 0221,cliente0221@aurora.example,,Belo Horizonte,MG,Sudeste,2022-08-11T15:00:00+00,true
CLI-00000222,Cliente Sintético 0222,cliente0222@aurora.example,,Curitiba,PR,Sul,2022-08-12T15:00:00+00,false
CLI-00000223,Cliente Sintético 0223,cliente0223@aurora.example,,Rio de Janeiro,RJ,Sudeste,2022-08-13T15:00:00+00,true
CLI-00000224,Cliente Sintético 0224,cliente0224@aurora.example,,Porto Alegre,RS,Sul,2022-08-14T15:00:00+00,false
CLI-00000225,Cliente Sintético 0225,cliente0225@aurora.example,,São Paulo,SP,Sudeste,2022-08-15T15:00:00+00,true
CLI-00000226,Cliente Sintético 0226,cliente0226@aurora.example,,Rio Branco,AC,Norte,2022-08-16T15:00:00+00,false
CLI-00000227,Cliente Sintético 0227,cliente0227@aurora.example,,Maceió,AL,Nordeste,2022-08-17T15:00:00+00,true
CLI-00000228,Cliente Sintético 0228,cliente0228@aurora.example,,Salvador,BA,Nordeste,2022-08-18T15:00:00+00,false
CLI-00000229,Cliente Sintético 0229,cliente0229@aurora.example,,Brasília,DF,Centro-Oeste,2022-08-19T15:00:00+00,true
CLI-00000230,Cliente Sintético 0230,cliente0230@aurora.example,,Belo Horizonte,MG,Sudeste,2022-08-20T15:00:00+00,false
CLI-00000231,Cliente Sintético 0231,cliente0231@aurora.example,,Curitiba,PR,Sul,2022-08-21T15:00:00+00,true
CLI-00000232,Cliente Sintético 0232,cliente0232@aurora.example,,Rio de Janeiro,RJ,Sudeste,2022-08-22T15:00:00+00,false
CLI-00000233,Cliente Sintético 0233,cliente0233@aurora.example,,Porto Alegre,RS,Sul,2022-08-23T15:00:00+00,true
CLI-00000234,Cliente Sintético 0234,cliente0234@aurora.example,,São Paulo,SP,Sudeste,2022-08-24T15:00:00+00,false
CLI-00000235,Cliente Sintético 0235,cliente0235@aurora.example,,Rio Branco,AC,Norte,2022-08-25T15:00:00+00,true
CLI-00000236,Cliente Sintético 0236,cliente0236@aurora.example,,Maceió,AL,Nordeste,2022-08-26T15:00:00+00,false
CLI-00000237,Cliente Sintético 0237,cliente0237@aurora.example,,Salvador,BA,Nordeste,2022-08-27T15:00:00+00,true
CLI-00000238,Cliente Sintético 0238,cliente0238@aurora.example,,Brasília,DF,Centro-Oeste,2022-08-28T15:00:00+00,false
CLI-00000239,Cliente Sintético 0239,cliente0239@aurora.example,,Belo Horizonte,MG,Sudeste,2022-08-29T15:00:00+00,true
CLI-00000240,Cliente Sintético 0240,cliente0240@aurora.example,,Curitiba,PR,Sul,2022-08-30T15:00:00+00,false
CLI-00000241,Cliente Sintético 0241,cliente0241@aurora.example,,Rio de Janeiro,RJ,Sudeste,2022-08-31T15:00:00+00,true
CLI-00000242,Cliente Sintético 0242,cliente0242@aurora.example,,Porto Alegre,RS,Sul,2022-09-01T15:00:00+00,false
CLI-00000243,Cliente Sintético 0243,cliente0243@aurora.example,,São Paulo,SP,Sudeste,2022-09-02T15:00:00+00,true
CLI-00000244,Cliente Sintético 0244,cliente0244@aurora.example,,Rio Branco,AC,Norte,2022-09-03T15:00:00+00,false
CLI-00000245,Cliente Sintético 0245,cliente0245@aurora.example,,Maceió,AL,Nordeste,2022-09-04T15:00:00+00,true
CLI-00000246,Cliente Sintético 0246,cliente0246@aurora.example,,Salvador,BA,Nordeste,2022-09-05T15:00:00+00,false
CLI-00000247,Cliente Sintético 0247,cliente0247@aurora.example,,Brasília,DF,Centro-Oeste,2022-09-06T15:00:00+00,true
CLI-00000248,Cliente Sintético 0248,cliente0248@aurora.example,,Belo Horizonte,MG,Sudeste,2022-09-07T15:00:00+00,false
CLI-00000249,Cliente Sintético 0249,cliente0249@aurora.example,,Curitiba,PR,Sul,2022-09-08T15:00:00+00,true
CLI-00000250,Cliente Sintético 0250,cliente0250@aurora.example,,Rio de Janeiro,RJ,Sudeste,2022-09-09T15:00:00+00,false
CLI-00000251,Cliente Sintético 0251,cliente0251@aurora.example,,Porto Alegre,RS,Sul,2022-09-10T15:00:00+00,true
CLI-00000252,Cliente Sintético 0252,cliente0252@aurora.example,,São Paulo,SP,Sudeste,2022-09-11T15:00:00+00,false
CLI-00000253,Cliente Sintético 0253,cliente0253@aurora.example,,Rio Branco,AC,Norte,2022-09-12T15:00:00+00,true
CLI-00000254,Cliente Sintético 0254,cliente0254@aurora.example,,Maceió,AL,Nordeste,2022-09-13T15:00:00+00,false
CLI-00000255,Cliente Sintético 0255,cliente0255@aurora.example,,Salvador,BA,Nordeste,2022-09-14T15:00:00+00,true
CLI-00000256,Cliente Sintético 0256,cliente0256@aurora.example,,Brasília,DF,Centro-Oeste,2022-09-15T15:00:00+00,false
CLI-00000257,Cliente Sintético 0257,cliente0257@aurora.example,,Belo Horizonte,MG,Sudeste,2022-09-16T15:00:00+00,true
CLI-00000258,Cliente Sintético 0258,cliente0258@aurora.example,,Curitiba,PR,Sul,2022-09-17T15:00:00+00,false
CLI-00000259,Cliente Sintético 0259,cliente0259@aurora.example,,Rio de Janeiro,RJ,Sudeste,2022-09-18T15:00:00+00,true
CLI-00000260,Cliente Sintético 0260,cliente0260@aurora.example,,Porto Alegre,RS,Sul,2022-09-19T15:00:00+00,false
CLI-00000261,Cliente Sintético 0261,cliente0261@aurora.example,,São Paulo,SP,Sudeste,2022-09-20T15:00:00+00,true
CLI-00000262,Cliente Sintético 0262,cliente0262@aurora.example,,Rio Branco,AC,Norte,2022-09-21T15:00:00+00,false
CLI-00000263,Cliente Sintético 0263,cliente0263@aurora.example,,Maceió,AL,Nordeste,2022-09-22T15:00:00+00,true
CLI-00000264,Cliente Sintético 0264,cliente0264@aurora.example,,Salvador,BA,Nordeste,2022-09-23T15:00:00+00,false
CLI-00000265,Cliente Sintético 0265,cliente0265@aurora.example,,Brasília,DF,Centro-Oeste,2022-09-24T15:00:00+00,true
CLI-00000266,Cliente Sintético 0266,cliente0266@aurora.example,,Belo Horizonte,MG,Sudeste,2022-09-25T15:00:00+00,false
CLI-00000267,Cliente Sintético 0267,cliente0267@aurora.example,,Curitiba,PR,Sul,2022-09-26T15:00:00+00,true
CLI-00000268,Cliente Sintético 0268,cliente0268@aurora.example,,Rio de Janeiro,RJ,Sudeste,2022-09-27T15:00:00+00,false
CLI-00000269,Cliente Sintético 0269,cliente0269@aurora.example,,Porto Alegre,RS,Sul,2022-09-28T15:00:00+00,true
CLI-00000270,Cliente Sintético 0270,cliente0270@aurora.example,,São Paulo,SP,Sudeste,2022-09-29T15:00:00+00,false
CLI-00000271,Cliente Sintético 0271,cliente0271@aurora.example,,Rio Branco,AC,Norte,2022-09-30T15:00:00+00,true
CLI-00000272,Cliente Sintético 0272,cliente0272@aurora.example,,Maceió,AL,Nordeste,2022-10-01T15:00:00+00,false
CLI-00000273,Cliente Sintético 0273,cliente0273@aurora.example,,Salvador,BA,Nordeste,2022-10-02T15:00:00+00,true
CLI-00000274,Cliente Sintético 0274,cliente0274@aurora.example,,Brasília,DF,Centro-Oeste,2022-10-03T15:00:00+00,false
CLI-00000275,Cliente Sintético 0275,cliente0275@aurora.example,,Belo Horizonte,MG,Sudeste,2022-10-04T15:00:00+00,true
CLI-00000276,Cliente Sintético 0276,cliente0276@aurora.example,,Curitiba,PR,Sul,2022-10-05T15:00:00+00,false
CLI-00000277,Cliente Sintético 0277,cliente0277@aurora.example,,Rio de Janeiro,RJ,Sudeste,2022-10-06T15:00:00+00,true
CLI-00000278,Cliente Sintético 0278,cliente0278@aurora.example,,Porto Alegre,RS,Sul,2022-10-07T15:00:00+00,false
CLI-00000279,Cliente Sintético 0279,cliente0279@aurora.example,,São Paulo,SP,Sudeste,2022-10-08T15:00:00+00,true
CLI-00000280,Cliente Sintético 0280,cliente0280@aurora.example,,Rio Branco,AC,Norte,2022-10-09T15:00:00+00,false
CLI-00000281,Cliente Sintético 0281,cliente0281@aurora.example,,Maceió,AL,Nordeste,2022-10-10T15:00:00+00,true
CLI-00000282,Cliente Sintético 0282,cliente0282@aurora.example,,Salvador,BA,Nordeste,2022-10-11T15:00:00+00,false
CLI-00000283,Cliente Sintético 0283,cliente0283@aurora.example,,Brasília,DF,Centro-Oeste,2022-10-12T15:00:00+00,true
CLI-00000284,Cliente Sintético 0284,cliente0284@aurora.example,,Belo Horizonte,MG,Sudeste,2022-10-13T15:00:00+00,false
CLI-00000285,Cliente Sintético 0285,cliente0285@aurora.example,,Curitiba,PR,Sul,2022-10-14T15:00:00+00,true
CLI-00000286,Cliente Sintético 0286,cliente0286@aurora.example,,Rio de Janeiro,RJ,Sudeste,2022-10-15T15:00:00+00,false
CLI-00000287,Cliente Sintético 0287,cliente0287@aurora.example,,Porto Alegre,RS,Sul,2022-10-16T15:00:00+00,true
CLI-00000288,Cliente Sintético 0288,cliente0288@aurora.example,,São Paulo,SP,Sudeste,2022-10-17T15:00:00+00,false
CLI-00000289,Cliente Sintético 0289,cliente0289@aurora.example,,Rio Branco,AC,Norte,2022-10-18T15:00:00+00,true
CLI-00000290,Cliente Sintético 0290,cliente0290@aurora.example,,Maceió,AL,Nordeste,2022-10-19T15:00:00+00,false
CLI-00000291,Cliente Sintético 0291,cliente0291@aurora.example,,Salvador,BA,Nordeste,2022-10-20T15:00:00+00,true
CLI-00000292,Cliente Sintético 0292,cliente0292@aurora.example,,Brasília,DF,Centro-Oeste,2022-10-21T15:00:00+00,false
CLI-00000293,Cliente Sintético 0293,cliente0293@aurora.example,,Belo Horizonte,MG,Sudeste,2022-10-22T15:00:00+00,true
CLI-00000294,Cliente Sintético 0294,cliente0294@aurora.example,,Curitiba,PR,Sul,2022-10-23T15:00:00+00,false
CLI-00000295,Cliente Sintético 0295,cliente0295@aurora.example,,Rio de Janeiro,RJ,Sudeste,2022-10-24T15:00:00+00,true
CLI-00000296,Cliente Sintético 0296,cliente0296@aurora.example,,Porto Alegre,RS,Sul,2022-10-25T15:00:00+00,false
CLI-00000297,Cliente Sintético 0297,cliente0297@aurora.example,,São Paulo,SP,Sudeste,2022-10-26T15:00:00+00,true
CLI-00000298,Cliente Sintético 0298,cliente0298@aurora.example,,Rio Branco,AC,Norte,2022-10-27T15:00:00+00,false
CLI-00000299,Cliente Sintético 0299,cliente0299@aurora.example,,Maceió,AL,Nordeste,2022-10-28T15:00:00+00,true
CLI-00000300,Cliente Sintético 0300,cliente0300@aurora.example,,Salvador,BA,Nordeste,2022-10-29T15:00:00+00,false
CLI-00000301,Cliente Sintético 0301,cliente0301@aurora.example,,Brasília,DF,Centro-Oeste,2022-10-30T15:00:00+00,true
CLI-00000302,Cliente Sintético 0302,cliente0302@aurora.example,,Belo Horizonte,MG,Sudeste,2022-10-31T15:00:00+00,false
CLI-00000303,Cliente Sintético 0303,cliente0303@aurora.example,,Curitiba,PR,Sul,2022-11-01T15:00:00+00,true
CLI-00000304,Cliente Sintético 0304,cliente0304@aurora.example,,Rio de Janeiro,RJ,Sudeste,2022-11-02T15:00:00+00,false
CLI-00000305,Cliente Sintético 0305,cliente0305@aurora.example,,Porto Alegre,RS,Sul,2022-11-03T15:00:00+00,true
CLI-00000306,Cliente Sintético 0306,cliente0306@aurora.example,,São Paulo,SP,Sudeste,2022-11-04T15:00:00+00,false
CLI-00000307,Cliente Sintético 0307,cliente0307@aurora.example,,Rio Branco,AC,Norte,2022-11-05T15:00:00+00,true
CLI-00000308,Cliente Sintético 0308,cliente0308@aurora.example,,Maceió,AL,Nordeste,2022-11-06T15:00:00+00,false
CLI-00000309,Cliente Sintético 0309,cliente0309@aurora.example,,Salvador,BA,Nordeste,2022-11-07T15:00:00+00,true
CLI-00000310,Cliente Sintético 0310,cliente0310@aurora.example,,Brasília,DF,Centro-Oeste,2022-11-08T15:00:00+00,false
CLI-00000311,Cliente Sintético 0311,cliente0311@aurora.example,,Belo Horizonte,MG,Sudeste,2022-11-09T15:00:00+00,true
CLI-00000312,Cliente Sintético 0312,cliente0312@aurora.example,,Curitiba,PR,Sul,2022-11-10T15:00:00+00,false
CLI-00000313,Cliente Sintético 0313,cliente0313@aurora.example,,Rio de Janeiro,RJ,Sudeste,2022-11-11T15:00:00+00,true
CLI-00000314,Cliente Sintético 0314,cliente0314@aurora.example,,Porto Alegre,RS,Sul,2022-11-12T15:00:00+00,false
CLI-00000315,Cliente Sintético 0315,cliente0315@aurora.example,,São Paulo,SP,Sudeste,2022-11-13T15:00:00+00,true
CLI-00000316,Cliente Sintético 0316,cliente0316@aurora.example,,Rio Branco,AC,Norte,2022-11-14T15:00:00+00,false
CLI-00000317,Cliente Sintético 0317,cliente0317@aurora.example,,Maceió,AL,Nordeste,2022-11-15T15:00:00+00,true
CLI-00000318,Cliente Sintético 0318,cliente0318@aurora.example,,Salvador,BA,Nordeste,2022-11-16T15:00:00+00,false
CLI-00000319,Cliente Sintético 0319,cliente0319@aurora.example,,Brasília,DF,Centro-Oeste,2022-11-17T15:00:00+00,true
CLI-00000320,Cliente Sintético 0320,cliente0320@aurora.example,,Belo Horizonte,MG,Sudeste,2022-11-18T15:00:00+00,false
CLI-00000321,Cliente Sintético 0321,cliente0321@aurora.example,,Curitiba,PR,Sul,2022-11-19T15:00:00+00,true
CLI-00000322,Cliente Sintético 0322,cliente0322@aurora.example,,Rio de Janeiro,RJ,Sudeste,2022-11-20T15:00:00+00,false
CLI-00000323,Cliente Sintético 0323,cliente0323@aurora.example,,Porto Alegre,RS,Sul,2022-11-21T15:00:00+00,true
CLI-00000324,Cliente Sintético 0324,cliente0324@aurora.example,,São Paulo,SP,Sudeste,2022-11-22T15:00:00+00,false
CLI-00000325,Cliente Sintético 0325,cliente0325@aurora.example,,Rio Branco,AC,Norte,2022-11-23T15:00:00+00,true
CLI-00000326,Cliente Sintético 0326,cliente0326@aurora.example,,Maceió,AL,Nordeste,2022-11-24T15:00:00+00,false
CLI-00000327,Cliente Sintético 0327,cliente0327@aurora.example,,Salvador,BA,Nordeste,2022-11-25T15:00:00+00,true
CLI-00000328,Cliente Sintético 0328,cliente0328@aurora.example,,Brasília,DF,Centro-Oeste,2022-11-26T15:00:00+00,false
CLI-00000329,Cliente Sintético 0329,cliente0329@aurora.example,,Belo Horizonte,MG,Sudeste,2022-11-27T15:00:00+00,true
CLI-00000330,Cliente Sintético 0330,cliente0330@aurora.example,,Curitiba,PR,Sul,2022-11-28T15:00:00+00,false
CLI-00000331,Cliente Sintético 0331,cliente0331@aurora.example,,Rio de Janeiro,RJ,Sudeste,2022-11-29T15:00:00+00,true
CLI-00000332,Cliente Sintético 0332,cliente0332@aurora.example,,Porto Alegre,RS,Sul,2022-11-30T15:00:00+00,false
CLI-00000333,Cliente Sintético 0333,cliente0333@aurora.example,,São Paulo,SP,Sudeste,2022-12-01T15:00:00+00,true
CLI-00000334,Cliente Sintético 0334,cliente0334@aurora.example,,Rio Branco,AC,Norte,2022-12-02T15:00:00+00,false
CLI-00000335,Cliente Sintético 0335,cliente0335@aurora.example,,Maceió,AL,Nordeste,2022-12-03T15:00:00+00,true
CLI-00000336,Cliente Sintético 0336,cliente0336@aurora.example,,Salvador,BA,Nordeste,2022-12-04T15:00:00+00,false
CLI-00000337,Cliente Sintético 0337,cliente0337@aurora.example,,Brasília,DF,Centro-Oeste,2022-12-05T15:00:00+00,true
CLI-00000338,Cliente Sintético 0338,cliente0338@aurora.example,,Belo Horizonte,MG,Sudeste,2022-12-06T15:00:00+00,false
CLI-00000339,Cliente Sintético 0339,cliente0339@aurora.example,,Curitiba,PR,Sul,2022-12-07T15:00:00+00,true
CLI-00000340,Cliente Sintético 0340,cliente0340@aurora.example,,Rio de Janeiro,RJ,Sudeste,2022-12-08T15:00:00+00,false
CLI-00000341,Cliente Sintético 0341,cliente0341@aurora.example,,Porto Alegre,RS,Sul,2022-12-09T15:00:00+00,true
CLI-00000342,Cliente Sintético 0342,cliente0342@aurora.example,,São Paulo,SP,Sudeste,2022-12-10T15:00:00+00,false
CLI-00000343,Cliente Sintético 0343,cliente0343@aurora.example,,Rio Branco,AC,Norte,2022-12-11T15:00:00+00,true
CLI-00000344,Cliente Sintético 0344,cliente0344@aurora.example,,Maceió,AL,Nordeste,2022-12-12T15:00:00+00,false
CLI-00000345,Cliente Sintético 0345,cliente0345@aurora.example,,Salvador,BA,Nordeste,2022-12-13T15:00:00+00,true
CLI-00000346,Cliente Sintético 0346,cliente0346@aurora.example,,Brasília,DF,Centro-Oeste,2022-12-14T15:00:00+00,false
CLI-00000347,Cliente Sintético 0347,cliente0347@aurora.example,,Belo Horizonte,MG,Sudeste,2022-12-15T15:00:00+00,true
CLI-00000348,Cliente Sintético 0348,cliente0348@aurora.example,,Curitiba,PR,Sul,2022-12-16T15:00:00+00,false
CLI-00000349,Cliente Sintético 0349,cliente0349@aurora.example,,Rio de Janeiro,RJ,Sudeste,2022-12-17T15:00:00+00,true
CLI-00000350,Cliente Sintético 0350,cliente0350@aurora.example,,Porto Alegre,RS,Sul,2022-12-18T15:00:00+00,false
CLI-00000351,Cliente Sintético 0351,cliente0351@aurora.example,,São Paulo,SP,Sudeste,2022-12-19T15:00:00+00,true
CLI-00000352,Cliente Sintético 0352,cliente0352@aurora.example,,Rio Branco,AC,Norte,2022-12-20T15:00:00+00,false
CLI-00000353,Cliente Sintético 0353,cliente0353@aurora.example,,Maceió,AL,Nordeste,2022-12-21T15:00:00+00,true
CLI-00000354,Cliente Sintético 0354,cliente0354@aurora.example,,Salvador,BA,Nordeste,2022-12-22T15:00:00+00,false
CLI-00000355,Cliente Sintético 0355,cliente0355@aurora.example,,Brasília,DF,Centro-Oeste,2022-12-23T15:00:00+00,true
CLI-00000356,Cliente Sintético 0356,cliente0356@aurora.example,,Belo Horizonte,MG,Sudeste,2022-12-24T15:00:00+00,false
CLI-00000357,Cliente Sintético 0357,cliente0357@aurora.example,,Curitiba,PR,Sul,2022-12-25T15:00:00+00,true
CLI-00000358,Cliente Sintético 0358,cliente0358@aurora.example,,Rio de Janeiro,RJ,Sudeste,2022-12-26T15:00:00+00,false
CLI-00000359,Cliente Sintético 0359,cliente0359@aurora.example,,Porto Alegre,RS,Sul,2022-12-27T15:00:00+00,true
CLI-00000360,Cliente Sintético 0360,cliente0360@aurora.example,,São Paulo,SP,Sudeste,2022-07-01T15:00:00+00,false
CLI-00000361,Cliente Sintético 0361,cliente0361@aurora.example,,Rio Branco,AC,Norte,2022-07-02T15:00:00+00,true
CLI-00000362,Cliente Sintético 0362,cliente0362@aurora.example,,Maceió,AL,Nordeste,2022-07-03T15:00:00+00,false
CLI-00000363,Cliente Sintético 0363,cliente0363@aurora.example,,Salvador,BA,Nordeste,2022-07-04T15:00:00+00,true
CLI-00000364,Cliente Sintético 0364,cliente0364@aurora.example,,Brasília,DF,Centro-Oeste,2022-07-05T15:00:00+00,false
CLI-00000365,Cliente Sintético 0365,cliente0365@aurora.example,,Belo Horizonte,MG,Sudeste,2022-07-06T15:00:00+00,true
CLI-00000366,Cliente Sintético 0366,cliente0366@aurora.example,,Curitiba,PR,Sul,2022-07-07T15:00:00+00,false
CLI-00000367,Cliente Sintético 0367,cliente0367@aurora.example,,Rio de Janeiro,RJ,Sudeste,2022-07-08T15:00:00+00,true
CLI-00000368,Cliente Sintético 0368,cliente0368@aurora.example,,Porto Alegre,RS,Sul,2022-07-09T15:00:00+00,false
CLI-00000369,Cliente Sintético 0369,cliente0369@aurora.example,,São Paulo,SP,Sudeste,2022-07-10T15:00:00+00,true
CLI-00000370,Cliente Sintético 0370,cliente0370@aurora.example,,Rio Branco,AC,Norte,2022-07-11T15:00:00+00,false
CLI-00000371,Cliente Sintético 0371,cliente0371@aurora.example,,Maceió,AL,Nordeste,2022-07-12T15:00:00+00,true
CLI-00000372,Cliente Sintético 0372,cliente0372@aurora.example,,Salvador,BA,Nordeste,2022-07-13T15:00:00+00,false
CLI-00000373,Cliente Sintético 0373,cliente0373@aurora.example,,Brasília,DF,Centro-Oeste,2022-07-14T15:00:00+00,true
CLI-00000374,Cliente Sintético 0374,cliente0374@aurora.example,,Belo Horizonte,MG,Sudeste,2022-07-15T15:00:00+00,false
CLI-00000375,Cliente Sintético 0375,cliente0375@aurora.example,,Curitiba,PR,Sul,2022-07-16T15:00:00+00,true
CLI-00000376,Cliente Sintético 0376,cliente0376@aurora.example,,Rio de Janeiro,RJ,Sudeste,2022-07-17T15:00:00+00,false
CLI-00000377,Cliente Sintético 0377,cliente0377@aurora.example,,Porto Alegre,RS,Sul,2022-07-18T15:00:00+00,true
CLI-00000378,Cliente Sintético 0378,cliente0378@aurora.example,,São Paulo,SP,Sudeste,2022-07-19T15:00:00+00,false
CLI-00000379,Cliente Sintético 0379,cliente0379@aurora.example,,Rio Branco,AC,Norte,2022-07-20T15:00:00+00,true
CLI-00000380,Cliente Sintético 0380,cliente0380@aurora.example,,Maceió,AL,Nordeste,2022-07-21T15:00:00+00,false
CLI-00000381,Cliente Sintético 0381,cliente0381@aurora.example,,Salvador,BA,Nordeste,2022-07-22T15:00:00+00,true
CLI-00000382,Cliente Sintético 0382,cliente0382@aurora.example,,Brasília,DF,Centro-Oeste,2022-07-23T15:00:00+00,false
CLI-00000383,Cliente Sintético 0383,cliente0383@aurora.example,,Belo Horizonte,MG,Sudeste,2022-07-24T15:00:00+00,true
CLI-00000384,Cliente Sintético 0384,cliente0384@aurora.example,,Curitiba,PR,Sul,2022-07-25T15:00:00+00,false
CLI-00000385,Cliente Sintético 0385,cliente0385@aurora.example,,Rio de Janeiro,RJ,Sudeste,2022-07-26T15:00:00+00,true
CLI-00000386,Cliente Sintético 0386,cliente0386@aurora.example,,Porto Alegre,RS,Sul,2022-07-27T15:00:00+00,false
CLI-00000387,Cliente Sintético 0387,cliente0387@aurora.example,,São Paulo,SP,Sudeste,2022-07-28T15:00:00+00,true
CLI-00000388,Cliente Sintético 0388,cliente0388@aurora.example,,Rio Branco,AC,Norte,2022-07-29T15:00:00+00,false
CLI-00000389,Cliente Sintético 0389,cliente0389@aurora.example,,Maceió,AL,Nordeste,2022-07-30T15:00:00+00,true
CLI-00000390,Cliente Sintético 0390,cliente0390@aurora.example,,Salvador,BA,Nordeste,2022-07-31T15:00:00+00,false
CLI-00000391,Cliente Sintético 0391,cliente0391@aurora.example,,Brasília,DF,Centro-Oeste,2022-08-01T15:00:00+00,true
CLI-00000392,Cliente Sintético 0392,cliente0392@aurora.example,,Belo Horizonte,MG,Sudeste,2022-08-02T15:00:00+00,false
CLI-00000393,Cliente Sintético 0393,cliente0393@aurora.example,,Curitiba,PR,Sul,2022-08-03T15:00:00+00,true
CLI-00000394,Cliente Sintético 0394,cliente0394@aurora.example,,Rio de Janeiro,RJ,Sudeste,2022-08-04T15:00:00+00,false
CLI-00000395,Cliente Sintético 0395,cliente0395@aurora.example,,Porto Alegre,RS,Sul,2022-08-05T15:00:00+00,true
CLI-00000396,Cliente Sintético 0396,cliente0396@aurora.example,,São Paulo,SP,Sudeste,2022-08-06T15:00:00+00,false
CLI-00000397,Cliente Sintético 0397,cliente0397@aurora.example,,Rio Branco,AC,Norte,2022-08-07T15:00:00+00,true
CLI-00000398,Cliente Sintético 0398,cliente0398@aurora.example,,Maceió,AL,Nordeste,2022-08-08T15:00:00+00,false
CLI-00000399,Cliente Sintético 0399,cliente0399@aurora.example,,Salvador,BA,Nordeste,2022-08-09T15:00:00+00,true
CLI-00000400,Cliente Sintético 0400,cliente0400@aurora.example,,Brasília,DF,Centro-Oeste,2022-08-10T15:00:00+00,false
CLI-00000401,Cliente Sintético 0401,cliente0401@aurora.example,,Belo Horizonte,MG,Sudeste,2022-08-11T15:00:00+00,true
CLI-00000402,Cliente Sintético 0402,cliente0402@aurora.example,,Curitiba,PR,Sul,2022-08-12T15:00:00+00,false
CLI-00000403,Cliente Sintético 0403,cliente0403@aurora.example,,Rio de Janeiro,RJ,Sudeste,2022-08-13T15:00:00+00,true
CLI-00000404,Cliente Sintético 0404,cliente0404@aurora.example,,Porto Alegre,RS,Sul,2022-08-14T15:00:00+00,false
CLI-00000405,Cliente Sintético 0405,cliente0405@aurora.example,,São Paulo,SP,Sudeste,2022-08-15T15:00:00+00,true
CLI-00000406,Cliente Sintético 0406,cliente0406@aurora.example,,Rio Branco,AC,Norte,2022-08-16T15:00:00+00,false
CLI-00000407,Cliente Sintético 0407,cliente0407@aurora.example,,Maceió,AL,Nordeste,2022-08-17T15:00:00+00,true
CLI-00000408,Cliente Sintético 0408,cliente0408@aurora.example,,Salvador,BA,Nordeste,2022-08-18T15:00:00+00,false
CLI-00000409,Cliente Sintético 0409,cliente0409@aurora.example,,Brasília,DF,Centro-Oeste,2022-08-19T15:00:00+00,true
CLI-00000410,Cliente Sintético 0410,cliente0410@aurora.example,,Belo Horizonte,MG,Sudeste,2022-08-20T15:00:00+00,false
CLI-00000411,Cliente Sintético 0411,cliente0411@aurora.example,,Curitiba,PR,Sul,2022-08-21T15:00:00+00,true
CLI-00000412,Cliente Sintético 0412,cliente0412@aurora.example,,Rio de Janeiro,RJ,Sudeste,2022-08-22T15:00:00+00,false
CLI-00000413,Cliente Sintético 0413,cliente0413@aurora.example,,Porto Alegre,RS,Sul,2022-08-23T15:00:00+00,true
CLI-00000414,Cliente Sintético 0414,cliente0414@aurora.example,,São Paulo,SP,Sudeste,2022-08-24T15:00:00+00,false
CLI-00000415,Cliente Sintético 0415,cliente0415@aurora.example,,Rio Branco,AC,Norte,2022-08-25T15:00:00+00,true
CLI-00000416,Cliente Sintético 0416,cliente0416@aurora.example,,Maceió,AL,Nordeste,2022-08-26T15:00:00+00,false
CLI-00000417,Cliente Sintético 0417,cliente0417@aurora.example,,Salvador,BA,Nordeste,2022-08-27T15:00:00+00,true
CLI-00000418,Cliente Sintético 0418,cliente0418@aurora.example,,Brasília,DF,Centro-Oeste,2022-08-28T15:00:00+00,false
CLI-00000419,Cliente Sintético 0419,cliente0419@aurora.example,,Belo Horizonte,MG,Sudeste,2022-08-29T15:00:00+00,true
CLI-00000420,Cliente Sintético 0420,cliente0420@aurora.example,,Curitiba,PR,Sul,2022-08-30T15:00:00+00,false
CLI-00000421,Cliente Sintético 0421,cliente0421@aurora.example,,Rio de Janeiro,RJ,Sudeste,2022-08-31T15:00:00+00,true
CLI-00000422,Cliente Sintético 0422,cliente0422@aurora.example,,Porto Alegre,RS,Sul,2022-09-01T15:00:00+00,false
CLI-00000423,Cliente Sintético 0423,cliente0423@aurora.example,,São Paulo,SP,Sudeste,2022-09-02T15:00:00+00,true
CLI-00000424,Cliente Sintético 0424,cliente0424@aurora.example,,Rio Branco,AC,Norte,2022-09-03T15:00:00+00,false
CLI-00000425,Cliente Sintético 0425,cliente0425@aurora.example,,Maceió,AL,Nordeste,2022-09-04T15:00:00+00,true
CLI-00000426,Cliente Sintético 0426,cliente0426@aurora.example,,Salvador,BA,Nordeste,2022-09-05T15:00:00+00,false
CLI-00000427,Cliente Sintético 0427,cliente0427@aurora.example,,Brasília,DF,Centro-Oeste,2022-09-06T15:00:00+00,true
CLI-00000428,Cliente Sintético 0428,cliente0428@aurora.example,,Belo Horizonte,MG,Sudeste,2022-09-07T15:00:00+00,false
CLI-00000429,Cliente Sintético 0429,cliente0429@aurora.example,,Curitiba,PR,Sul,2022-09-08T15:00:00+00,true
CLI-00000430,Cliente Sintético 0430,cliente0430@aurora.example,,Rio de Janeiro,RJ,Sudeste,2022-09-09T15:00:00+00,false
CLI-00000431,Cliente Sintético 0431,cliente0431@aurora.example,,Porto Alegre,RS,Sul,2022-09-10T15:00:00+00,true
CLI-00000432,Cliente Sintético 0432,cliente0432@aurora.example,,São Paulo,SP,Sudeste,2022-09-11T15:00:00+00,false
CLI-00000433,Cliente Sintético 0433,cliente0433@aurora.example,,Rio Branco,AC,Norte,2022-09-12T15:00:00+00,true
CLI-00000434,Cliente Sintético 0434,cliente0434@aurora.example,,Maceió,AL,Nordeste,2022-09-13T15:00:00+00,false
CLI-00000435,Cliente Sintético 0435,cliente0435@aurora.example,,Salvador,BA,Nordeste,2022-09-14T15:00:00+00,true
CLI-00000436,Cliente Sintético 0436,cliente0436@aurora.example,,Brasília,DF,Centro-Oeste,2022-09-15T15:00:00+00,false
CLI-00000437,Cliente Sintético 0437,cliente0437@aurora.example,,Belo Horizonte,MG,Sudeste,2022-09-16T15:00:00+00,true
CLI-00000438,Cliente Sintético 0438,cliente0438@aurora.example,,Curitiba,PR,Sul,2022-09-17T15:00:00+00,false
CLI-00000439,Cliente Sintético 0439,cliente0439@aurora.example,,Rio de Janeiro,RJ,Sudeste,2022-09-18T15:00:00+00,true
CLI-00000440,Cliente Sintético 0440,cliente0440@aurora.example,,Porto Alegre,RS,Sul,2022-09-19T15:00:00+00,false
CLI-00000441,Cliente Sintético 0441,cliente0441@aurora.example,,São Paulo,SP,Sudeste,2022-09-20T15:00:00+00,true
CLI-00000442,Cliente Sintético 0442,cliente0442@aurora.example,,Rio Branco,AC,Norte,2022-09-21T15:00:00+00,false
CLI-00000443,Cliente Sintético 0443,cliente0443@aurora.example,,Maceió,AL,Nordeste,2022-09-22T15:00:00+00,true
CLI-00000444,Cliente Sintético 0444,cliente0444@aurora.example,,Salvador,BA,Nordeste,2022-09-23T15:00:00+00,false
CLI-00000445,Cliente Sintético 0445,cliente0445@aurora.example,,Brasília,DF,Centro-Oeste,2022-09-24T15:00:00+00,true
CLI-00000446,Cliente Sintético 0446,cliente0446@aurora.example,,Belo Horizonte,MG,Sudeste,2022-09-25T15:00:00+00,false
CLI-00000447,Cliente Sintético 0447,cliente0447@aurora.example,,Curitiba,PR,Sul,2022-09-26T15:00:00+00,true
CLI-00000448,Cliente Sintético 0448,cliente0448@aurora.example,,Rio de Janeiro,RJ,Sudeste,2022-09-27T15:00:00+00,false
CLI-00000449,Cliente Sintético 0449,cliente0449@aurora.example,,Porto Alegre,RS,Sul,2022-09-28T15:00:00+00,true
CLI-00000450,Cliente Sintético 0450,cliente0450@aurora.example,,São Paulo,SP,Sudeste,2022-09-29T15:00:00+00,false
CLI-00000451,Cliente Sintético 0451,cliente0451@aurora.example,,Rio Branco,AC,Norte,2022-09-30T15:00:00+00,true
CLI-00000452,Cliente Sintético 0452,cliente0452@aurora.example,,Maceió,AL,Nordeste,2022-10-01T15:00:00+00,false
CLI-00000453,Cliente Sintético 0453,cliente0453@aurora.example,,Salvador,BA,Nordeste,2022-10-02T15:00:00+00,true
CLI-00000454,Cliente Sintético 0454,cliente0454@aurora.example,,Brasília,DF,Centro-Oeste,2022-10-03T15:00:00+00,false
CLI-00000455,Cliente Sintético 0455,cliente0455@aurora.example,,Belo Horizonte,MG,Sudeste,2022-10-04T15:00:00+00,true
CLI-00000456,Cliente Sintético 0456,cliente0456@aurora.example,,Curitiba,PR,Sul,2022-10-05T15:00:00+00,false
CLI-00000457,Cliente Sintético 0457,cliente0457@aurora.example,,Rio de Janeiro,RJ,Sudeste,2022-10-06T15:00:00+00,true
CLI-00000458,Cliente Sintético 0458,cliente0458@aurora.example,,Porto Alegre,RS,Sul,2022-10-07T15:00:00+00,false
CLI-00000459,Cliente Sintético 0459,cliente0459@aurora.example,,São Paulo,SP,Sudeste,2022-10-08T15:00:00+00,true
CLI-00000460,Cliente Sintético 0460,cliente0460@aurora.example,,Rio Branco,AC,Norte,2022-10-09T15:00:00+00,false
CLI-00000461,Cliente Sintético 0461,cliente0461@aurora.example,,Maceió,AL,Nordeste,2022-10-10T15:00:00+00,true
CLI-00000462,Cliente Sintético 0462,cliente0462@aurora.example,,Salvador,BA,Nordeste,2022-10-11T15:00:00+00,false
CLI-00000463,Cliente Sintético 0463,cliente0463@aurora.example,,Brasília,DF,Centro-Oeste,2022-10-12T15:00:00+00,true
CLI-00000464,Cliente Sintético 0464,cliente0464@aurora.example,,Belo Horizonte,MG,Sudeste,2022-10-13T15:00:00+00,false
CLI-00000465,Cliente Sintético 0465,cliente0465@aurora.example,,Curitiba,PR,Sul,2022-10-14T15:00:00+00,true
CLI-00000466,Cliente Sintético 0466,cliente0466@aurora.example,,Rio de Janeiro,RJ,Sudeste,2022-10-15T15:00:00+00,false
CLI-00000467,Cliente Sintético 0467,cliente0467@aurora.example,,Porto Alegre,RS,Sul,2022-10-16T15:00:00+00,true
CLI-00000468,Cliente Sintético 0468,cliente0468@aurora.example,,São Paulo,SP,Sudeste,2022-10-17T15:00:00+00,false
CLI-00000469,Cliente Sintético 0469,cliente0469@aurora.example,,Rio Branco,AC,Norte,2022-10-18T15:00:00+00,true
CLI-00000470,Cliente Sintético 0470,cliente0470@aurora.example,,Maceió,AL,Nordeste,2022-10-19T15:00:00+00,false
CLI-00000471,Cliente Sintético 0471,cliente0471@aurora.example,,Salvador,BA,Nordeste,2022-10-20T15:00:00+00,true
CLI-00000472,Cliente Sintético 0472,cliente0472@aurora.example,,Brasília,DF,Centro-Oeste,2022-10-21T15:00:00+00,false
CLI-00000473,Cliente Sintético 0473,cliente0473@aurora.example,,Belo Horizonte,MG,Sudeste,2022-10-22T15:00:00+00,true
CLI-00000474,Cliente Sintético 0474,cliente0474@aurora.example,,Curitiba,PR,Sul,2022-10-23T15:00:00+00,false
CLI-00000475,Cliente Sintético 0475,cliente0475@aurora.example,,Rio de Janeiro,RJ,Sudeste,2022-10-24T15:00:00+00,true
CLI-00000476,Cliente Sintético 0476,cliente0476@aurora.example,,Porto Alegre,RS,Sul,2022-10-25T15:00:00+00,false
CLI-00000477,Cliente Sintético 0477,cliente0477@aurora.example,,São Paulo,SP,Sudeste,2022-10-26T15:00:00+00,true
CLI-00000478,Cliente Sintético 0478,cliente0478@aurora.example,,Rio Branco,AC,Norte,2022-10-27T15:00:00+00,false
CLI-00000479,Cliente Sintético 0479,cliente0479@aurora.example,,Maceió,AL,Nordeste,2022-10-28T15:00:00+00,true
CLI-00000480,Cliente Sintético 0480,cliente0480@aurora.example,,Salvador,BA,Nordeste,2022-10-29T15:00:00+00,false
CLI-00000481,Cliente Sintético 0481,cliente0481@aurora.example,,Brasília,DF,Centro-Oeste,2022-10-30T15:00:00+00,true
CLI-00000482,Cliente Sintético 0482,cliente0482@aurora.example,,Belo Horizonte,MG,Sudeste,2022-10-31T15:00:00+00,false
CLI-00000483,Cliente Sintético 0483,cliente0483@aurora.example,,Curitiba,PR,Sul,2022-11-01T15:00:00+00,true
CLI-00000484,Cliente Sintético 0484,cliente0484@aurora.example,,Rio de Janeiro,RJ,Sudeste,2022-11-02T15:00:00+00,false
CLI-00000485,Cliente Sintético 0485,cliente0485@aurora.example,,Porto Alegre,RS,Sul,2022-11-03T15:00:00+00,true
CLI-00000486,Cliente Sintético 0486,cliente0486@aurora.example,,São Paulo,SP,Sudeste,2022-11-04T15:00:00+00,false
CLI-00000487,Cliente Sintético 0487,cliente0487@aurora.example,,Rio Branco,AC,Norte,2022-11-05T15:00:00+00,true
CLI-00000488,Cliente Sintético 0488,cliente0488@aurora.example,,Maceió,AL,Nordeste,2022-11-06T15:00:00+00,false
CLI-00000489,Cliente Sintético 0489,cliente0489@aurora.example,,Salvador,BA,Nordeste,2022-11-07T15:00:00+00,true
CLI-00000490,Cliente Sintético 0490,cliente0490@aurora.example,,Brasília,DF,Centro-Oeste,2022-11-08T15:00:00+00,false
CLI-00000491,Cliente Sintético 0491,cliente0491@aurora.example,,Belo Horizonte,MG,Sudeste,2022-11-09T15:00:00+00,true
CLI-00000492,Cliente Sintético 0492,cliente0492@aurora.example,,Curitiba,PR,Sul,2022-11-10T15:00:00+00,false
CLI-00000493,Cliente Sintético 0493,cliente0493@aurora.example,,Rio de Janeiro,RJ,Sudeste,2022-11-11T15:00:00+00,true
CLI-00000494,Cliente Sintético 0494,cliente0494@aurora.example,,Porto Alegre,RS,Sul,2022-11-12T15:00:00+00,false
CLI-00000495,Cliente Sintético 0495,cliente0495@aurora.example,,São Paulo,SP,Sudeste,2022-11-13T15:00:00+00,true
CLI-00000496,Cliente Sintético 0496,cliente0496@aurora.example,,Rio Branco,AC,Norte,2022-11-14T15:00:00+00,false
CLI-00000497,Cliente Sintético 0497,cliente0497@aurora.example,,Maceió,AL,Nordeste,2022-11-15T15:00:00+00,true
CLI-00000498,Cliente Sintético 0498,cliente0498@aurora.example,,Salvador,BA,Nordeste,2022-11-16T15:00:00+00,false
CLI-00000499,Cliente Sintético 0499,cliente0499@aurora.example,,Brasília,DF,Centro-Oeste,2022-11-17T15:00:00+00,true
CLI-00000500,Cliente Sintético 0500,cliente0500@aurora.example,,Belo Horizonte,MG,Sudeste,2022-11-18T15:00:00+00,false
CLI-00000501,Cliente Sintético 0501,cliente0501@aurora.example,,Curitiba,PR,Sul,2022-11-19T15:00:00+00,true
CLI-00000502,Cliente Sintético 0502,cliente0502@aurora.example,,Rio de Janeiro,RJ,Sudeste,2022-11-20T15:00:00+00,false
CLI-00000503,Cliente Sintético 0503,cliente0503@aurora.example,,Porto Alegre,RS,Sul,2022-11-21T15:00:00+00,true
CLI-00000504,Cliente Sintético 0504,cliente0504@aurora.example,,São Paulo,SP,Sudeste,2022-11-22T15:00:00+00,false
CLI-00000505,Cliente Sintético 0505,cliente0505@aurora.example,,Rio Branco,AC,Norte,2022-11-23T15:00:00+00,true
CLI-00000506,Cliente Sintético 0506,cliente0506@aurora.example,,Maceió,AL,Nordeste,2022-11-24T15:00:00+00,false
CLI-00000507,Cliente Sintético 0507,cliente0507@aurora.example,,Salvador,BA,Nordeste,2022-11-25T15:00:00+00,true
CLI-00000508,Cliente Sintético 0508,cliente0508@aurora.example,,Brasília,DF,Centro-Oeste,2022-11-26T15:00:00+00,false
CLI-00000509,Cliente Sintético 0509,cliente0509@aurora.example,,Belo Horizonte,MG,Sudeste,2022-11-27T15:00:00+00,true
CLI-00000510,Cliente Sintético 0510,cliente0510@aurora.example,,Curitiba,PR,Sul,2022-11-28T15:00:00+00,false
CLI-00000511,Cliente Sintético 0511,cliente0511@aurora.example,,Rio de Janeiro,RJ,Sudeste,2022-11-29T15:00:00+00,true
CLI-00000512,Cliente Sintético 0512,cliente0512@aurora.example,,Porto Alegre,RS,Sul,2022-11-30T15:00:00+00,false
CLI-00000513,Cliente Sintético 0513,cliente0513@aurora.example,,São Paulo,SP,Sudeste,2022-12-01T15:00:00+00,true
CLI-00000514,Cliente Sintético 0514,cliente0514@aurora.example,,Rio Branco,AC,Norte,2022-12-02T15:00:00+00,false
CLI-00000515,Cliente Sintético 0515,cliente0515@aurora.example,,Maceió,AL,Nordeste,2022-12-03T15:00:00+00,true
CLI-00000516,Cliente Sintético 0516,cliente0516@aurora.example,,Salvador,BA,Nordeste,2022-12-04T15:00:00+00,false
CLI-00000517,Cliente Sintético 0517,cliente0517@aurora.example,,Brasília,DF,Centro-Oeste,2022-12-05T15:00:00+00,true
CLI-00000518,Cliente Sintético 0518,cliente0518@aurora.example,,Belo Horizonte,MG,Sudeste,2022-12-06T15:00:00+00,false
CLI-00000519,Cliente Sintético 0519,cliente0519@aurora.example,,Curitiba,PR,Sul,2022-12-07T15:00:00+00,true
CLI-00000520,Cliente Sintético 0520,cliente0520@aurora.example,,Rio de Janeiro,RJ,Sudeste,2022-12-08T15:00:00+00,false
CLI-00000521,Cliente Sintético 0521,cliente0521@aurora.example,,Porto Alegre,RS,Sul,2022-12-09T15:00:00+00,true
CLI-00000522,Cliente Sintético 0522,cliente0522@aurora.example,,São Paulo,SP,Sudeste,2022-12-10T15:00:00+00,false
CLI-00000523,Cliente Sintético 0523,cliente0523@aurora.example,,Rio Branco,AC,Norte,2022-12-11T15:00:00+00,true
CLI-00000524,Cliente Sintético 0524,cliente0524@aurora.example,,Maceió,AL,Nordeste,2022-12-12T15:00:00+00,false
CLI-00000525,Cliente Sintético 0525,cliente0525@aurora.example,,Salvador,BA,Nordeste,2022-12-13T15:00:00+00,true
CLI-00000526,Cliente Sintético 0526,cliente0526@aurora.example,,Brasília,DF,Centro-Oeste,2022-12-14T15:00:00+00,false
CLI-00000527,Cliente Sintético 0527,cliente0527@aurora.example,,Belo Horizonte,MG,Sudeste,2022-12-15T15:00:00+00,true
CLI-00000528,Cliente Sintético 0528,cliente0528@aurora.example,,Curitiba,PR,Sul,2022-12-16T15:00:00+00,false
CLI-00000529,Cliente Sintético 0529,cliente0529@aurora.example,,Rio de Janeiro,RJ,Sudeste,2022-12-17T15:00:00+00,true
CLI-00000530,Cliente Sintético 0530,cliente0530@aurora.example,,Porto Alegre,RS,Sul,2022-12-18T15:00:00+00,false
CLI-00000531,Cliente Sintético 0531,cliente0531@aurora.example,,São Paulo,SP,Sudeste,2022-12-19T15:00:00+00,true
CLI-00000532,Cliente Sintético 0532,cliente0532@aurora.example,,Rio Branco,AC,Norte,2022-12-20T15:00:00+00,false
CLI-00000533,Cliente Sintético 0533,cliente0533@aurora.example,,Maceió,AL,Nordeste,2022-12-21T15:00:00+00,true
CLI-00000534,Cliente Sintético 0534,cliente0534@aurora.example,,Salvador,BA,Nordeste,2022-12-22T15:00:00+00,false
CLI-00000535,Cliente Sintético 0535,cliente0535@aurora.example,,Brasília,DF,Centro-Oeste,2022-12-23T15:00:00+00,true
CLI-00000536,Cliente Sintético 0536,cliente0536@aurora.example,,Belo Horizonte,MG,Sudeste,2022-12-24T15:00:00+00,false
CLI-00000537,Cliente Sintético 0537,cliente0537@aurora.example,,Curitiba,PR,Sul,2022-12-25T15:00:00+00,true
CLI-00000538,Cliente Sintético 0538,cliente0538@aurora.example,,Rio de Janeiro,RJ,Sudeste,2022-12-26T15:00:00+00,false
CLI-00000539,Cliente Sintético 0539,cliente0539@aurora.example,,Porto Alegre,RS,Sul,2022-12-27T15:00:00+00,true
CLI-00000540,Cliente Sintético 0540,cliente0540@aurora.example,,São Paulo,SP,Sudeste,2022-07-01T15:00:00+00,false
CLI-00000541,Cliente Sintético 0541,cliente0541@aurora.example,,Rio Branco,AC,Norte,2022-07-02T15:00:00+00,true
CLI-00000542,Cliente Sintético 0542,cliente0542@aurora.example,,Maceió,AL,Nordeste,2022-07-03T15:00:00+00,false
CLI-00000543,Cliente Sintético 0543,cliente0543@aurora.example,,Salvador,BA,Nordeste,2022-07-04T15:00:00+00,true
CLI-00000544,Cliente Sintético 0544,cliente0544@aurora.example,,Brasília,DF,Centro-Oeste,2022-07-05T15:00:00+00,false
CLI-00000545,Cliente Sintético 0545,cliente0545@aurora.example,,Belo Horizonte,MG,Sudeste,2022-07-06T15:00:00+00,true
CLI-00000546,Cliente Sintético 0546,cliente0546@aurora.example,,Curitiba,PR,Sul,2022-07-07T15:00:00+00,false
CLI-00000547,Cliente Sintético 0547,cliente0547@aurora.example,,Rio de Janeiro,RJ,Sudeste,2022-07-08T15:00:00+00,true
CLI-00000548,Cliente Sintético 0548,cliente0548@aurora.example,,Porto Alegre,RS,Sul,2022-07-09T15:00:00+00,false
CLI-00000549,Cliente Sintético 0549,cliente0549@aurora.example,,São Paulo,SP,Sudeste,2022-07-10T15:00:00+00,true
CLI-00000550,Cliente Sintético 0550,cliente0550@aurora.example,,Rio Branco,AC,Norte,2022-07-11T15:00:00+00,false
CLI-00000551,Cliente Sintético 0551,cliente0551@aurora.example,,Maceió,AL,Nordeste,2022-07-12T15:00:00+00,true
CLI-00000552,Cliente Sintético 0552,cliente0552@aurora.example,,Salvador,BA,Nordeste,2022-07-13T15:00:00+00,false
CLI-00000553,Cliente Sintético 0553,cliente0553@aurora.example,,Brasília,DF,Centro-Oeste,2022-07-14T15:00:00+00,true
CLI-00000554,Cliente Sintético 0554,cliente0554@aurora.example,,Belo Horizonte,MG,Sudeste,2022-07-15T15:00:00+00,false
CLI-00000555,Cliente Sintético 0555,cliente0555@aurora.example,,Curitiba,PR,Sul,2022-07-16T15:00:00+00,true
CLI-00000556,Cliente Sintético 0556,cliente0556@aurora.example,,Rio de Janeiro,RJ,Sudeste,2022-07-17T15:00:00+00,false
CLI-00000557,Cliente Sintético 0557,cliente0557@aurora.example,,Porto Alegre,RS,Sul,2022-07-18T15:00:00+00,true
CLI-00000558,Cliente Sintético 0558,cliente0558@aurora.example,,São Paulo,SP,Sudeste,2022-07-19T15:00:00+00,false
CLI-00000559,Cliente Sintético 0559,cliente0559@aurora.example,,Rio Branco,AC,Norte,2022-07-20T15:00:00+00,true
CLI-00000560,Cliente Sintético 0560,cliente0560@aurora.example,,Maceió,AL,Nordeste,2022-07-21T15:00:00+00,false
CLI-00000561,Cliente Sintético 0561,cliente0561@aurora.example,,Salvador,BA,Nordeste,2022-07-22T15:00:00+00,true
CLI-00000562,Cliente Sintético 0562,cliente0562@aurora.example,,Brasília,DF,Centro-Oeste,2022-07-23T15:00:00+00,false
CLI-00000563,Cliente Sintético 0563,cliente0563@aurora.example,,Belo Horizonte,MG,Sudeste,2022-07-24T15:00:00+00,true
CLI-00000564,Cliente Sintético 0564,cliente0564@aurora.example,,Curitiba,PR,Sul,2022-07-25T15:00:00+00,false
CLI-00000565,Cliente Sintético 0565,cliente0565@aurora.example,,Rio de Janeiro,RJ,Sudeste,2022-07-26T15:00:00+00,true
CLI-00000566,Cliente Sintético 0566,cliente0566@aurora.example,,Porto Alegre,RS,Sul,2022-07-27T15:00:00+00,false
CLI-00000567,Cliente Sintético 0567,cliente0567@aurora.example,,São Paulo,SP,Sudeste,2022-07-28T15:00:00+00,true
CLI-00000568,Cliente Sintético 0568,cliente0568@aurora.example,,Rio Branco,AC,Norte,2022-07-29T15:00:00+00,false
CLI-00000569,Cliente Sintético 0569,cliente0569@aurora.example,,Maceió,AL,Nordeste,2022-07-30T15:00:00+00,true
CLI-00000570,Cliente Sintético 0570,cliente0570@aurora.example,,Salvador,BA,Nordeste,2022-07-31T15:00:00+00,false
CLI-00000571,Cliente Sintético 0571,cliente0571@aurora.example,,Brasília,DF,Centro-Oeste,2022-08-01T15:00:00+00,true
CLI-00000572,Cliente Sintético 0572,cliente0572@aurora.example,,Belo Horizonte,MG,Sudeste,2022-08-02T15:00:00+00,false
CLI-00000573,Cliente Sintético 0573,cliente0573@aurora.example,,Curitiba,PR,Sul,2022-08-03T15:00:00+00,true
CLI-00000574,Cliente Sintético 0574,cliente0574@aurora.example,,Rio de Janeiro,RJ,Sudeste,2022-08-04T15:00:00+00,false
CLI-00000575,Cliente Sintético 0575,cliente0575@aurora.example,,Porto Alegre,RS,Sul,2022-08-05T15:00:00+00,true
CLI-00000576,Cliente Sintético 0576,cliente0576@aurora.example,,São Paulo,SP,Sudeste,2022-08-06T15:00:00+00,false
CLI-00000577,Cliente Sintético 0577,cliente0577@aurora.example,,Rio Branco,AC,Norte,2022-08-07T15:00:00+00,true
CLI-00000578,Cliente Sintético 0578,cliente0578@aurora.example,,Maceió,AL,Nordeste,2022-08-08T15:00:00+00,false
CLI-00000579,Cliente Sintético 0579,cliente0579@aurora.example,,Salvador,BA,Nordeste,2022-08-09T15:00:00+00,true
CLI-00000580,Cliente Sintético 0580,cliente0580@aurora.example,,Brasília,DF,Centro-Oeste,2022-08-10T15:00:00+00,false
CLI-00000581,Cliente Sintético 0581,cliente0581@aurora.example,,Belo Horizonte,MG,Sudeste,2022-08-11T15:00:00+00,true
CLI-00000582,Cliente Sintético 0582,cliente0582@aurora.example,,Curitiba,PR,Sul,2022-08-12T15:00:00+00,false
CLI-00000583,Cliente Sintético 0583,cliente0583@aurora.example,,Rio de Janeiro,RJ,Sudeste,2022-08-13T15:00:00+00,true
CLI-00000584,Cliente Sintético 0584,cliente0584@aurora.example,,Porto Alegre,RS,Sul,2022-08-14T15:00:00+00,false
CLI-00000585,Cliente Sintético 0585,cliente0585@aurora.example,,São Paulo,SP,Sudeste,2022-08-15T15:00:00+00,true
CLI-00000586,Cliente Sintético 0586,cliente0586@aurora.example,,Rio Branco,AC,Norte,2022-08-16T15:00:00+00,false
CLI-00000587,Cliente Sintético 0587,cliente0587@aurora.example,,Maceió,AL,Nordeste,2022-08-17T15:00:00+00,true
CLI-00000588,Cliente Sintético 0588,cliente0588@aurora.example,,Salvador,BA,Nordeste,2022-08-18T15:00:00+00,false
CLI-00000589,Cliente Sintético 0589,cliente0589@aurora.example,,Brasília,DF,Centro-Oeste,2022-08-19T15:00:00+00,true
CLI-00000590,Cliente Sintético 0590,cliente0590@aurora.example,,Belo Horizonte,MG,Sudeste,2022-08-20T15:00:00+00,false
CLI-00000591,Cliente Sintético 0591,cliente0591@aurora.example,,Curitiba,PR,Sul,2022-08-21T15:00:00+00,true
CLI-00000592,Cliente Sintético 0592,cliente0592@aurora.example,,Rio de Janeiro,RJ,Sudeste,2022-08-22T15:00:00+00,false
CLI-00000593,Cliente Sintético 0593,cliente0593@aurora.example,,Porto Alegre,RS,Sul,2022-08-23T15:00:00+00,true
CLI-00000594,Cliente Sintético 0594,cliente0594@aurora.example,,São Paulo,SP,Sudeste,2022-08-24T15:00:00+00,false
CLI-00000595,Cliente Sintético 0595,cliente0595@aurora.example,,Rio Branco,AC,Norte,2022-08-25T15:00:00+00,true
CLI-00000596,Cliente Sintético 0596,cliente0596@aurora.example,,Maceió,AL,Nordeste,2022-08-26T15:00:00+00,false
CLI-00000597,Cliente Sintético 0597,cliente0597@aurora.example,,Salvador,BA,Nordeste,2022-08-27T15:00:00+00,true
CLI-00000598,Cliente Sintético 0598,cliente0598@aurora.example,,Brasília,DF,Centro-Oeste,2022-08-28T15:00:00+00,false
CLI-00000599,Cliente Sintético 0599,cliente0599@aurora.example,,Belo Horizonte,MG,Sudeste,2022-08-29T15:00:00+00,true
CLI-00000600,Cliente Sintético 0600,cliente0600@aurora.example,,Curitiba,PR,Sul,2022-08-30T15:00:00+00,false
CLI-00000601,Cliente Sintético 0601,cliente0601@aurora.example,1997-02-08,Rio de Janeiro,RJ,Sudeste,2022-08-31T15:00:00+00,true
CLI-00000602,Cliente Sintético 0602,cliente0602@aurora.example,1998-03-09,Porto Alegre,RS,Sul,2022-09-01T15:00:00+00,false
CLI-00000603,Cliente Sintético 0603,cliente0603@aurora.example,1999-04-10,São Paulo,SP,Sudeste,2022-09-02T15:00:00+00,true
CLI-00000604,Cliente Sintético 0604,cliente0604@aurora.example,2000-05-11,Rio Branco,AC,Norte,2022-09-03T15:00:00+00,false
CLI-00000605,Cliente Sintético 0605,cliente0605@aurora.example,2001-06-12,Maceió,AL,Nordeste,2022-09-04T15:00:00+00,true
CLI-00000606,Cliente Sintético 0606,cliente0606@aurora.example,2002-07-13,Salvador,BA,Nordeste,2022-09-05T15:00:00+00,false
CLI-00000607,Cliente Sintético 0607,cliente0607@aurora.example,2003-08-14,Brasília,DF,Centro-Oeste,2022-09-06T15:00:00+00,true
CLI-00000608,Cliente Sintético 0608,cliente0608@aurora.example,2004-09-15,Belo Horizonte,MG,Sudeste,2022-09-07T15:00:00+00,false
CLI-00000609,Cliente Sintético 0609,cliente0609@aurora.example,2005-10-16,Curitiba,PR,Sul,2022-09-08T15:00:00+00,true
CLI-00000610,Cliente Sintético 0610,cliente0610@aurora.example,2006-11-17,Rio de Janeiro,RJ,Sudeste,2022-09-09T15:00:00+00,false
CLI-00000611,Cliente Sintético 0611,cliente0611@aurora.example,2007-12-18,Porto Alegre,RS,Sul,2022-09-10T15:00:00+00,true
CLI-00000612,Cliente Sintético 0612,cliente0612@aurora.example,1940-01-19,São Paulo,SP,Sudeste,2022-09-11T15:00:00+00,false
CLI-00000613,Cliente Sintético 0613,cliente0613@aurora.example,1941-02-20,Rio Branco,AC,Norte,2022-09-12T15:00:00+00,true
CLI-00000614,Cliente Sintético 0614,cliente0614@aurora.example,1942-03-21,Maceió,AL,Nordeste,2022-09-13T15:00:00+00,false
CLI-00000615,Cliente Sintético 0615,cliente0615@aurora.example,1943-04-22,Salvador,BA,Nordeste,2022-09-14T15:00:00+00,true
CLI-00000616,Cliente Sintético 0616,cliente0616@aurora.example,1944-05-23,Brasília,DF,Centro-Oeste,2022-09-15T15:00:00+00,false
CLI-00000617,Cliente Sintético 0617,cliente0617@aurora.example,1945-06-24,Belo Horizonte,MG,Sudeste,2022-09-16T15:00:00+00,true
CLI-00000618,Cliente Sintético 0618,cliente0618@aurora.example,1946-07-25,Curitiba,PR,Sul,2022-09-17T15:00:00+00,false
CLI-00000619,Cliente Sintético 0619,cliente0619@aurora.example,1947-08-26,Rio de Janeiro,RJ,Sudeste,2022-09-18T15:00:00+00,true
CLI-00000620,Cliente Sintético 0620,cliente0620@aurora.example,1948-09-27,Porto Alegre,RS,Sul,2022-09-19T15:00:00+00,false
CLI-00000621,Cliente Sintético 0621,cliente0621@aurora.example,1949-10-01,São Paulo,SP,Sudeste,2022-09-20T15:00:00+00,true
CLI-00000622,Cliente Sintético 0622,cliente0622@aurora.example,1950-11-02,Rio Branco,AC,Norte,2022-09-21T15:00:00+00,false
CLI-00000623,Cliente Sintético 0623,cliente0623@aurora.example,1951-12-03,Maceió,AL,Nordeste,2022-09-22T15:00:00+00,true
CLI-00000624,Cliente Sintético 0624,cliente0624@aurora.example,1952-01-04,Salvador,BA,Nordeste,2022-09-23T15:00:00+00,false
CLI-00000625,Cliente Sintético 0625,cliente0625@aurora.example,1953-02-05,Brasília,DF,Centro-Oeste,2022-09-24T15:00:00+00,true
CLI-00000626,Cliente Sintético 0626,cliente0626@aurora.example,1954-03-06,Belo Horizonte,MG,Sudeste,2022-09-25T15:00:00+00,false
CLI-00000627,Cliente Sintético 0627,cliente0627@aurora.example,1955-04-07,Curitiba,PR,Sul,2022-09-26T15:00:00+00,true
CLI-00000628,Cliente Sintético 0628,cliente0628@aurora.example,1956-05-08,Rio de Janeiro,RJ,Sudeste,2022-09-27T15:00:00+00,false
CLI-00000629,Cliente Sintético 0629,cliente0629@aurora.example,1957-06-09,Porto Alegre,RS,Sul,2022-09-28T15:00:00+00,true
CLI-00000630,Cliente Sintético 0630,cliente0630@aurora.example,1958-07-10,São Paulo,SP,Sudeste,2022-09-29T15:00:00+00,false
CLI-00000631,Cliente Sintético 0631,cliente0631@aurora.example,1959-08-11,Rio Branco,AC,Norte,2022-09-30T15:00:00+00,true
CLI-00000632,Cliente Sintético 0632,cliente0632@aurora.example,1960-09-12,Maceió,AL,Nordeste,2022-10-01T15:00:00+00,false
CLI-00000633,Cliente Sintético 0633,cliente0633@aurora.example,1961-10-13,Salvador,BA,Nordeste,2022-10-02T15:00:00+00,true
CLI-00000634,Cliente Sintético 0634,cliente0634@aurora.example,1962-11-14,Brasília,DF,Centro-Oeste,2022-10-03T15:00:00+00,false
CLI-00000635,Cliente Sintético 0635,cliente0635@aurora.example,1963-12-15,Belo Horizonte,MG,Sudeste,2022-10-04T15:00:00+00,true
CLI-00000636,Cliente Sintético 0636,cliente0636@aurora.example,1964-01-16,Curitiba,PR,Sul,2022-10-05T15:00:00+00,false
CLI-00000637,Cliente Sintético 0637,cliente0637@aurora.example,1965-02-17,Rio de Janeiro,RJ,Sudeste,2022-10-06T15:00:00+00,true
CLI-00000638,Cliente Sintético 0638,cliente0638@aurora.example,1966-03-18,Porto Alegre,RS,Sul,2022-10-07T15:00:00+00,false
CLI-00000639,Cliente Sintético 0639,cliente0639@aurora.example,1967-04-19,São Paulo,SP,Sudeste,2022-10-08T15:00:00+00,true
CLI-00000640,Cliente Sintético 0640,cliente0640@aurora.example,1968-05-20,Rio Branco,AC,Norte,2022-10-09T15:00:00+00,false
CLI-00000641,Cliente Sintético 0641,cliente0641@aurora.example,1969-06-21,Maceió,AL,Nordeste,2022-10-10T15:00:00+00,true
CLI-00000642,Cliente Sintético 0642,cliente0642@aurora.example,1970-07-22,Salvador,BA,Nordeste,2022-10-11T15:00:00+00,false
CLI-00000643,Cliente Sintético 0643,cliente0643@aurora.example,1971-08-23,Brasília,DF,Centro-Oeste,2022-10-12T15:00:00+00,true
CLI-00000644,Cliente Sintético 0644,cliente0644@aurora.example,1972-09-24,Belo Horizonte,MG,Sudeste,2022-10-13T15:00:00+00,false
CLI-00000645,Cliente Sintético 0645,cliente0645@aurora.example,1973-10-25,Curitiba,PR,Sul,2022-10-14T15:00:00+00,true
CLI-00000646,Cliente Sintético 0646,cliente0646@aurora.example,1974-11-26,Rio de Janeiro,RJ,Sudeste,2022-10-15T15:00:00+00,false
CLI-00000647,Cliente Sintético 0647,cliente0647@aurora.example,1975-12-27,Porto Alegre,RS,Sul,2022-10-16T15:00:00+00,true
CLI-00000648,Cliente Sintético 0648,cliente0648@aurora.example,1976-01-01,São Paulo,SP,Sudeste,2022-10-17T15:00:00+00,false
CLI-00000649,Cliente Sintético 0649,cliente0649@aurora.example,1977-02-02,Rio Branco,AC,Norte,2022-10-18T15:00:00+00,true
CLI-00000650,Cliente Sintético 0650,cliente0650@aurora.example,1978-03-03,Maceió,AL,Nordeste,2022-10-19T15:00:00+00,false
CLI-00000651,Cliente Sintético 0651,cliente0651@aurora.example,1979-04-04,Salvador,BA,Nordeste,2022-10-20T15:00:00+00,true
CLI-00000652,Cliente Sintético 0652,cliente0652@aurora.example,1980-05-05,Brasília,DF,Centro-Oeste,2022-10-21T15:00:00+00,false
CLI-00000653,Cliente Sintético 0653,cliente0653@aurora.example,1981-06-06,Belo Horizonte,MG,Sudeste,2022-10-22T15:00:00+00,true
CLI-00000654,Cliente Sintético 0654,cliente0654@aurora.example,1982-07-07,Curitiba,PR,Sul,2022-10-23T15:00:00+00,false
CLI-00000655,Cliente Sintético 0655,cliente0655@aurora.example,1983-08-08,Rio de Janeiro,RJ,Sudeste,2022-10-24T15:00:00+00,true
CLI-00000656,Cliente Sintético 0656,cliente0656@aurora.example,1984-09-09,Porto Alegre,RS,Sul,2022-10-25T15:00:00+00,false
CLI-00000657,Cliente Sintético 0657,cliente0657@aurora.example,1985-10-10,São Paulo,SP,Sudeste,2022-10-26T15:00:00+00,true
CLI-00000658,Cliente Sintético 0658,cliente0658@aurora.example,1986-11-11,Rio Branco,AC,Norte,2022-10-27T15:00:00+00,false
CLI-00000659,Cliente Sintético 0659,cliente0659@aurora.example,1987-12-12,Maceió,AL,Nordeste,2022-10-28T15:00:00+00,true
CLI-00000660,Cliente Sintético 0660,cliente0660@aurora.example,1988-01-13,Salvador,BA,Nordeste,2022-10-29T15:00:00+00,false
CLI-00000661,Cliente Sintético 0661,cliente0661@aurora.example,1989-02-14,Brasília,DF,Centro-Oeste,2022-10-30T15:00:00+00,true
CLI-00000662,Cliente Sintético 0662,cliente0662@aurora.example,1990-03-15,Belo Horizonte,MG,Sudeste,2022-10-31T15:00:00+00,false
CLI-00000663,Cliente Sintético 0663,cliente0663@aurora.example,1991-04-16,Curitiba,PR,Sul,2022-11-01T15:00:00+00,true
CLI-00000664,Cliente Sintético 0664,cliente0664@aurora.example,1992-05-17,Rio de Janeiro,RJ,Sudeste,2022-11-02T15:00:00+00,false
CLI-00000665,Cliente Sintético 0665,cliente0665@aurora.example,1993-06-18,Porto Alegre,RS,Sul,2022-11-03T15:00:00+00,true
CLI-00000666,Cliente Sintético 0666,cliente0666@aurora.example,1994-07-19,São Paulo,SP,Sudeste,2022-11-04T15:00:00+00,false
CLI-00000667,Cliente Sintético 0667,cliente0667@aurora.example,1995-08-20,Rio Branco,AC,Norte,2022-11-05T15:00:00+00,true
CLI-00000668,Cliente Sintético 0668,cliente0668@aurora.example,1996-09-21,Maceió,AL,Nordeste,2022-11-06T15:00:00+00,false
CLI-00000669,Cliente Sintético 0669,cliente0669@aurora.example,1997-10-22,Salvador,BA,Nordeste,2022-11-07T15:00:00+00,true
CLI-00000670,Cliente Sintético 0670,cliente0670@aurora.example,1998-11-23,Brasília,DF,Centro-Oeste,2022-11-08T15:00:00+00,false
CLI-00000671,Cliente Sintético 0671,cliente0671@aurora.example,1999-12-24,Belo Horizonte,MG,Sudeste,2022-11-09T15:00:00+00,true
CLI-00000672,Cliente Sintético 0672,cliente0672@aurora.example,2000-01-25,Curitiba,PR,Sul,2022-11-10T15:00:00+00,false
CLI-00000673,Cliente Sintético 0673,cliente0673@aurora.example,2001-02-26,Rio de Janeiro,RJ,Sudeste,2022-11-11T15:00:00+00,true
CLI-00000674,Cliente Sintético 0674,cliente0674@aurora.example,2002-03-27,Porto Alegre,RS,Sul,2022-11-12T15:00:00+00,false
CLI-00000675,Cliente Sintético 0675,cliente0675@aurora.example,2003-04-01,São Paulo,SP,Sudeste,2022-11-13T15:00:00+00,true
CLI-00000676,Cliente Sintético 0676,cliente0676@aurora.example,2004-05-02,Rio Branco,AC,Norte,2022-11-14T15:00:00+00,false
CLI-00000677,Cliente Sintético 0677,cliente0677@aurora.example,2005-06-03,Maceió,AL,Nordeste,2022-11-15T15:00:00+00,true
CLI-00000678,Cliente Sintético 0678,cliente0678@aurora.example,2006-07-04,Salvador,BA,Nordeste,2022-11-16T15:00:00+00,false
CLI-00000679,Cliente Sintético 0679,cliente0679@aurora.example,2007-08-05,Brasília,DF,Centro-Oeste,2022-11-17T15:00:00+00,true
CLI-00000680,Cliente Sintético 0680,cliente0680@aurora.example,1940-09-06,Belo Horizonte,MG,Sudeste,2022-11-18T15:00:00+00,false
CLI-00000681,Cliente Sintético 0681,cliente0681@aurora.example,1941-10-07,Curitiba,PR,Sul,2022-11-19T15:00:00+00,true
CLI-00000682,Cliente Sintético 0682,cliente0682@aurora.example,1942-11-08,Rio de Janeiro,RJ,Sudeste,2022-11-20T15:00:00+00,false
CLI-00000683,Cliente Sintético 0683,cliente0683@aurora.example,1943-12-09,Porto Alegre,RS,Sul,2022-11-21T15:00:00+00,true
CLI-00000684,Cliente Sintético 0684,cliente0684@aurora.example,1944-01-10,São Paulo,SP,Sudeste,2022-11-22T15:00:00+00,false
CLI-00000685,Cliente Sintético 0685,cliente0685@aurora.example,1945-02-11,Rio Branco,AC,Norte,2022-11-23T15:00:00+00,true
CLI-00000686,Cliente Sintético 0686,cliente0686@aurora.example,1946-03-12,Maceió,AL,Nordeste,2022-11-24T15:00:00+00,false
CLI-00000687,Cliente Sintético 0687,cliente0687@aurora.example,1947-04-13,Salvador,BA,Nordeste,2022-11-25T15:00:00+00,true
CLI-00000688,Cliente Sintético 0688,cliente0688@aurora.example,1948-05-14,Brasília,DF,Centro-Oeste,2022-11-26T15:00:00+00,false
CLI-00000689,Cliente Sintético 0689,cliente0689@aurora.example,1949-06-15,Belo Horizonte,MG,Sudeste,2022-11-27T15:00:00+00,true
CLI-00000690,Cliente Sintético 0690,cliente0690@aurora.example,1950-07-16,Curitiba,PR,Sul,2022-11-28T15:00:00+00,false
CLI-00000691,Cliente Sintético 0691,cliente0691@aurora.example,1951-08-17,Rio de Janeiro,RJ,Sudeste,2022-11-29T15:00:00+00,true
CLI-00000692,Cliente Sintético 0692,cliente0692@aurora.example,1952-09-18,Porto Alegre,RS,Sul,2022-11-30T15:00:00+00,false
CLI-00000693,Cliente Sintético 0693,cliente0693@aurora.example,1953-10-19,São Paulo,SP,Sudeste,2022-12-01T15:00:00+00,true
CLI-00000694,Cliente Sintético 0694,cliente0694@aurora.example,1954-11-20,Rio Branco,AC,Norte,2022-12-02T15:00:00+00,false
CLI-00000695,Cliente Sintético 0695,cliente0695@aurora.example,1955-12-21,Maceió,AL,Nordeste,2022-12-03T15:00:00+00,true
CLI-00000696,Cliente Sintético 0696,cliente0696@aurora.example,1956-01-22,Salvador,BA,Nordeste,2022-12-04T15:00:00+00,false
CLI-00000697,Cliente Sintético 0697,cliente0697@aurora.example,1957-02-23,Brasília,DF,Centro-Oeste,2022-12-05T15:00:00+00,true
CLI-00000698,Cliente Sintético 0698,cliente0698@aurora.example,1958-03-24,Belo Horizonte,MG,Sudeste,2022-12-06T15:00:00+00,false
CLI-00000699,Cliente Sintético 0699,cliente0699@aurora.example,1959-04-25,Curitiba,PR,Sul,2022-12-07T15:00:00+00,true
CLI-00000700,Cliente Sintético 0700,cliente0700@aurora.example,1960-05-26,Rio de Janeiro,RJ,Sudeste,2022-12-08T15:00:00+00,false
CLI-00000701,Cliente Sintético 0701,cliente0701@aurora.example,1961-06-27,Porto Alegre,RS,Sul,2022-12-09T15:00:00+00,true
CLI-00000702,Cliente Sintético 0702,cliente0702@aurora.example,1962-07-01,São Paulo,SP,Sudeste,2022-12-10T15:00:00+00,false
CLI-00000703,Cliente Sintético 0703,cliente0703@aurora.example,1963-08-02,Rio Branco,AC,Norte,2022-12-11T15:00:00+00,true
CLI-00000704,Cliente Sintético 0704,cliente0704@aurora.example,1964-09-03,Maceió,AL,Nordeste,2022-12-12T15:00:00+00,false
CLI-00000705,Cliente Sintético 0705,cliente0705@aurora.example,1965-10-04,Salvador,BA,Nordeste,2022-12-13T15:00:00+00,true
CLI-00000706,Cliente Sintético 0706,cliente0706@aurora.example,1966-11-05,Brasília,DF,Centro-Oeste,2022-12-14T15:00:00+00,false
CLI-00000707,Cliente Sintético 0707,cliente0707@aurora.example,1967-12-06,Belo Horizonte,MG,Sudeste,2022-12-15T15:00:00+00,true
CLI-00000708,Cliente Sintético 0708,cliente0708@aurora.example,1968-01-07,Curitiba,PR,Sul,2022-12-16T15:00:00+00,false
CLI-00000709,Cliente Sintético 0709,cliente0709@aurora.example,1969-02-08,Rio de Janeiro,RJ,Sudeste,2022-12-17T15:00:00+00,true
CLI-00000710,Cliente Sintético 0710,cliente0710@aurora.example,1970-03-09,Porto Alegre,RS,Sul,2022-12-18T15:00:00+00,false
CLI-00000711,Cliente Sintético 0711,cliente0711@aurora.example,1971-04-10,São Paulo,SP,Sudeste,2022-12-19T15:00:00+00,true
CLI-00000712,Cliente Sintético 0712,cliente0712@aurora.example,1972-05-11,Rio Branco,AC,Norte,2022-12-20T15:00:00+00,false
CLI-00000713,Cliente Sintético 0713,cliente0713@aurora.example,1973-06-12,Maceió,AL,Nordeste,2022-12-21T15:00:00+00,true
CLI-00000714,Cliente Sintético 0714,cliente0714@aurora.example,1974-07-13,Salvador,BA,Nordeste,2022-12-22T15:00:00+00,false
CLI-00000715,Cliente Sintético 0715,cliente0715@aurora.example,1975-08-14,Brasília,DF,Centro-Oeste,2022-12-23T15:00:00+00,true
CLI-00000716,Cliente Sintético 0716,cliente0716@aurora.example,1976-09-15,Belo Horizonte,MG,Sudeste,2022-12-24T15:00:00+00,false
CLI-00000717,Cliente Sintético 0717,cliente0717@aurora.example,1977-10-16,Curitiba,PR,Sul,2022-12-25T15:00:00+00,true
CLI-00000718,Cliente Sintético 0718,cliente0718@aurora.example,1978-11-17,Rio de Janeiro,RJ,Sudeste,2022-12-26T15:00:00+00,false
CLI-00000719,Cliente Sintético 0719,cliente0719@aurora.example,1979-12-18,Porto Alegre,RS,Sul,2022-12-27T15:00:00+00,true
CLI-00000720,Cliente Sintético 0720,cliente0720@aurora.example,1980-01-19,São Paulo,SP,Sudeste,2022-07-01T15:00:00+00,false
CLI-00000721,Cliente Sintético 0721,cliente0721@aurora.example,1981-02-20,Rio Branco,AC,Norte,2022-07-02T15:00:00+00,true
CLI-00000722,Cliente Sintético 0722,cliente0722@aurora.example,1982-03-21,Maceió,AL,Nordeste,2022-07-03T15:00:00+00,false
CLI-00000723,Cliente Sintético 0723,cliente0723@aurora.example,1983-04-22,Salvador,BA,Nordeste,2022-07-04T15:00:00+00,true
CLI-00000724,Cliente Sintético 0724,cliente0724@aurora.example,1984-05-23,Brasília,DF,Centro-Oeste,2022-07-05T15:00:00+00,false
CLI-00000725,Cliente Sintético 0725,cliente0725@aurora.example,1985-06-24,Belo Horizonte,MG,Sudeste,2022-07-06T15:00:00+00,true
CLI-00000726,Cliente Sintético 0726,cliente0726@aurora.example,1986-07-25,Curitiba,PR,Sul,2022-07-07T15:00:00+00,false
CLI-00000727,Cliente Sintético 0727,cliente0727@aurora.example,1987-08-26,Rio de Janeiro,RJ,Sudeste,2022-07-08T15:00:00+00,true
CLI-00000728,Cliente Sintético 0728,cliente0728@aurora.example,1988-09-27,Porto Alegre,RS,Sul,2022-07-09T15:00:00+00,false
CLI-00000729,Cliente Sintético 0729,cliente0729@aurora.example,1989-10-01,São Paulo,SP,Sudeste,2022-07-10T15:00:00+00,true
CLI-00000730,Cliente Sintético 0730,cliente0730@aurora.example,1990-11-02,Rio Branco,AC,Norte,2022-07-11T15:00:00+00,false
CLI-00000731,Cliente Sintético 0731,cliente0731@aurora.example,1991-12-03,Maceió,AL,Nordeste,2022-07-12T15:00:00+00,true
CLI-00000732,Cliente Sintético 0732,cliente0732@aurora.example,1992-01-04,Salvador,BA,Nordeste,2022-07-13T15:00:00+00,false
CLI-00000733,Cliente Sintético 0733,cliente0733@aurora.example,1993-02-05,Brasília,DF,Centro-Oeste,2022-07-14T15:00:00+00,true
CLI-00000734,Cliente Sintético 0734,cliente0734@aurora.example,1994-03-06,Belo Horizonte,MG,Sudeste,2022-07-15T15:00:00+00,false
CLI-00000735,Cliente Sintético 0735,cliente0735@aurora.example,1995-04-07,Curitiba,PR,Sul,2022-07-16T15:00:00+00,true
CLI-00000736,Cliente Sintético 0736,cliente0736@aurora.example,1996-05-08,Rio de Janeiro,RJ,Sudeste,2022-07-17T15:00:00+00,false
CLI-00000737,Cliente Sintético 0737,cliente0737@aurora.example,1997-06-09,Porto Alegre,RS,Sul,2022-07-18T15:00:00+00,true
CLI-00000738,Cliente Sintético 0738,cliente0738@aurora.example,1998-07-10,São Paulo,SP,Sudeste,2022-07-19T15:00:00+00,false
CLI-00000739,Cliente Sintético 0739,cliente0739@aurora.example,1999-08-11,Rio Branco,AC,Norte,2022-07-20T15:00:00+00,true
CLI-00000740,Cliente Sintético 0740,cliente0740@aurora.example,2000-09-12,Maceió,AL,Nordeste,2022-07-21T15:00:00+00,false
CLI-00000741,Cliente Sintético 0741,cliente0741@aurora.example,2001-10-13,Salvador,BA,Nordeste,2022-07-22T15:00:00+00,true
CLI-00000742,Cliente Sintético 0742,cliente0742@aurora.example,2002-11-14,Brasília,DF,Centro-Oeste,2022-07-23T15:00:00+00,false
CLI-00000743,Cliente Sintético 0743,cliente0743@aurora.example,2003-12-15,Belo Horizonte,MG,Sudeste,2022-07-24T15:00:00+00,true
CLI-00000744,Cliente Sintético 0744,cliente0744@aurora.example,2004-01-16,Curitiba,PR,Sul,2022-07-25T15:00:00+00,false
CLI-00000745,Cliente Sintético 0745,cliente0745@aurora.example,2005-02-17,Rio de Janeiro,RJ,Sudeste,2022-07-26T15:00:00+00,true
CLI-00000746,Cliente Sintético 0746,cliente0746@aurora.example,2006-03-18,Porto Alegre,RS,Sul,2022-07-27T15:00:00+00,false
CLI-00000747,Cliente Sintético 0747,cliente0747@aurora.example,2007-04-19,São Paulo,SP,Sudeste,2022-07-28T15:00:00+00,true
CLI-00000748,Cliente Sintético 0748,cliente0748@aurora.example,1940-05-20,Rio Branco,AC,Norte,2022-07-29T15:00:00+00,false
CLI-00000749,Cliente Sintético 0749,cliente0749@aurora.example,1941-06-21,Maceió,AL,Nordeste,2022-07-30T15:00:00+00,true
CLI-00000750,Cliente Sintético 0750,cliente0750@aurora.example,1942-07-22,Salvador,BA,Nordeste,2022-07-31T15:00:00+00,false
CLI-00000751,Cliente Sintético 0751,cliente0751@aurora.example,1943-08-23,Brasília,DF,Centro-Oeste,2022-08-01T15:00:00+00,true
CLI-00000752,Cliente Sintético 0752,cliente0752@aurora.example,1944-09-24,Belo Horizonte,MG,Sudeste,2022-08-02T15:00:00+00,false
CLI-00000753,Cliente Sintético 0753,cliente0753@aurora.example,1945-10-25,Curitiba,PR,Sul,2022-08-03T15:00:00+00,true
CLI-00000754,Cliente Sintético 0754,cliente0754@aurora.example,1946-11-26,Rio de Janeiro,RJ,Sudeste,2022-08-04T15:00:00+00,false
CLI-00000755,Cliente Sintético 0755,cliente0755@aurora.example,1947-12-27,Porto Alegre,RS,Sul,2022-08-05T15:00:00+00,true
CLI-00000756,Cliente Sintético 0756,cliente0756@aurora.example,1948-01-01,São Paulo,SP,Sudeste,2022-08-06T15:00:00+00,false
CLI-00000757,Cliente Sintético 0757,cliente0757@aurora.example,1949-02-02,Rio Branco,AC,Norte,2022-08-07T15:00:00+00,true
CLI-00000758,Cliente Sintético 0758,cliente0758@aurora.example,1950-03-03,Maceió,AL,Nordeste,2022-08-08T15:00:00+00,false
CLI-00000759,Cliente Sintético 0759,cliente0759@aurora.example,1951-04-04,Salvador,BA,Nordeste,2022-08-09T15:00:00+00,true
CLI-00000760,Cliente Sintético 0760,cliente0760@aurora.example,1952-05-05,Brasília,DF,Centro-Oeste,2022-08-10T15:00:00+00,false
CLI-00000761,Cliente Sintético 0761,cliente0761@aurora.example,1953-06-06,Belo Horizonte,MG,Sudeste,2022-08-11T15:00:00+00,true
CLI-00000762,Cliente Sintético 0762,cliente0762@aurora.example,1954-07-07,Curitiba,PR,Sul,2022-08-12T15:00:00+00,false
CLI-00000763,Cliente Sintético 0763,cliente0763@aurora.example,1955-08-08,Rio de Janeiro,RJ,Sudeste,2022-08-13T15:00:00+00,true
CLI-00000764,Cliente Sintético 0764,cliente0764@aurora.example,1956-09-09,Porto Alegre,RS,Sul,2022-08-14T15:00:00+00,false
CLI-00000765,Cliente Sintético 0765,cliente0765@aurora.example,1957-10-10,São Paulo,SP,Sudeste,2022-08-15T15:00:00+00,true
CLI-00000766,Cliente Sintético 0766,cliente0766@aurora.example,1958-11-11,Rio Branco,AC,Norte,2022-08-16T15:00:00+00,false
CLI-00000767,Cliente Sintético 0767,cliente0767@aurora.example,1959-12-12,Maceió,AL,Nordeste,2022-08-17T15:00:00+00,true
CLI-00000768,Cliente Sintético 0768,cliente0768@aurora.example,1960-01-13,Salvador,BA,Nordeste,2022-08-18T15:00:00+00,false
CLI-00000769,Cliente Sintético 0769,cliente0769@aurora.example,1961-02-14,Brasília,DF,Centro-Oeste,2022-08-19T15:00:00+00,true
CLI-00000770,Cliente Sintético 0770,cliente0770@aurora.example,1962-03-15,Belo Horizonte,MG,Sudeste,2022-08-20T15:00:00+00,false
CLI-00000771,Cliente Sintético 0771,cliente0771@aurora.example,1963-04-16,Curitiba,PR,Sul,2022-08-21T15:00:00+00,true
CLI-00000772,Cliente Sintético 0772,cliente0772@aurora.example,1964-05-17,Rio de Janeiro,RJ,Sudeste,2022-08-22T15:00:00+00,false
CLI-00000773,Cliente Sintético 0773,cliente0773@aurora.example,1965-06-18,Porto Alegre,RS,Sul,2022-08-23T15:00:00+00,true
CLI-00000774,Cliente Sintético 0774,cliente0774@aurora.example,1966-07-19,São Paulo,SP,Sudeste,2022-08-24T15:00:00+00,false
CLI-00000775,Cliente Sintético 0775,cliente0775@aurora.example,1967-08-20,Rio Branco,AC,Norte,2022-08-25T15:00:00+00,true
CLI-00000776,Cliente Sintético 0776,cliente0776@aurora.example,1968-09-21,Maceió,AL,Nordeste,2022-08-26T15:00:00+00,false
CLI-00000777,Cliente Sintético 0777,cliente0777@aurora.example,1969-10-22,Salvador,BA,Nordeste,2022-08-27T15:00:00+00,true
CLI-00000778,Cliente Sintético 0778,cliente0778@aurora.example,1970-11-23,Brasília,DF,Centro-Oeste,2022-08-28T15:00:00+00,false
CLI-00000779,Cliente Sintético 0779,cliente0779@aurora.example,1971-12-24,Belo Horizonte,MG,Sudeste,2022-08-29T15:00:00+00,true
CLI-00000780,Cliente Sintético 0780,cliente0780@aurora.example,1972-01-25,Curitiba,PR,Sul,2022-08-30T15:00:00+00,false
CLI-00000781,Cliente Sintético 0781,cliente0781@aurora.example,1973-02-26,Rio de Janeiro,RJ,Sudeste,2022-08-31T15:00:00+00,true
CLI-00000782,Cliente Sintético 0782,cliente0782@aurora.example,1974-03-27,Porto Alegre,RS,Sul,2022-09-01T15:00:00+00,false
CLI-00000783,Cliente Sintético 0783,cliente0783@aurora.example,1975-04-01,São Paulo,SP,Sudeste,2022-09-02T15:00:00+00,true
CLI-00000784,Cliente Sintético 0784,cliente0784@aurora.example,1976-05-02,Rio Branco,AC,Norte,2022-09-03T15:00:00+00,false
CLI-00000785,Cliente Sintético 0785,cliente0785@aurora.example,1977-06-03,Maceió,AL,Nordeste,2022-09-04T15:00:00+00,true
CLI-00000786,Cliente Sintético 0786,cliente0786@aurora.example,1978-07-04,Salvador,BA,Nordeste,2022-09-05T15:00:00+00,false
CLI-00000787,Cliente Sintético 0787,cliente0787@aurora.example,1979-08-05,Brasília,DF,Centro-Oeste,2022-09-06T15:00:00+00,true
CLI-00000788,Cliente Sintético 0788,cliente0788@aurora.example,1980-09-06,Belo Horizonte,MG,Sudeste,2022-09-07T15:00:00+00,false
CLI-00000789,Cliente Sintético 0789,cliente0789@aurora.example,1981-10-07,Curitiba,PR,Sul,2022-09-08T15:00:00+00,true
CLI-00000790,Cliente Sintético 0790,cliente0790@aurora.example,1982-11-08,Rio de Janeiro,RJ,Sudeste,2022-09-09T15:00:00+00,false
CLI-00000791,Cliente Sintético 0791,cliente0791@aurora.example,1983-12-09,Porto Alegre,RS,Sul,2022-09-10T15:00:00+00,true
CLI-00000792,Cliente Sintético 0792,cliente0792@aurora.example,1984-01-10,São Paulo,SP,Sudeste,2022-09-11T15:00:00+00,false
CLI-00000793,Cliente Sintético 0793,cliente0793@aurora.example,1985-02-11,Rio Branco,AC,Norte,2022-09-12T15:00:00+00,true
CLI-00000794,Cliente Sintético 0794,cliente0794@aurora.example,1986-03-12,Maceió,AL,Nordeste,2022-09-13T15:00:00+00,false
CLI-00000795,Cliente Sintético 0795,cliente0795@aurora.example,1987-04-13,Salvador,BA,Nordeste,2022-09-14T15:00:00+00,true
CLI-00000796,Cliente Sintético 0796,cliente0796@aurora.example,1988-05-14,Brasília,DF,Centro-Oeste,2022-09-15T15:00:00+00,false
CLI-00000797,Cliente Sintético 0797,cliente0797@aurora.example,1989-06-15,Belo Horizonte,MG,Sudeste,2022-09-16T15:00:00+00,true
CLI-00000798,Cliente Sintético 0798,cliente0798@aurora.example,1990-07-16,Curitiba,PR,Sul,2022-09-17T15:00:00+00,false
CLI-00000799,Cliente Sintético 0799,cliente0799@aurora.example,1991-08-17,Rio de Janeiro,RJ,Sudeste,2022-09-18T15:00:00+00,true
CLI-00000800,Cliente Sintético 0800,cliente0800@aurora.example,1992-09-18,Porto Alegre,RS,Sul,2022-09-19T15:00:00+00,false
CLI-00000801,Cliente Sintético 0801,cliente0801@aurora.example,1993-10-19,São Paulo,SP,Sudeste,2022-09-20T15:00:00+00,true
CLI-00000802,Cliente Sintético 0802,cliente0802@aurora.example,1994-11-20,Rio Branco,AC,Norte,2022-09-21T15:00:00+00,false
CLI-00000803,Cliente Sintético 0803,cliente0803@aurora.example,1995-12-21,Maceió,AL,Nordeste,2022-09-22T15:00:00+00,true
CLI-00000804,Cliente Sintético 0804,cliente0804@aurora.example,1996-01-22,Salvador,BA,Nordeste,2022-09-23T15:00:00+00,false
CLI-00000805,Cliente Sintético 0805,cliente0805@aurora.example,1997-02-23,Brasília,DF,Centro-Oeste,2022-09-24T15:00:00+00,true
CLI-00000806,Cliente Sintético 0806,cliente0806@aurora.example,1998-03-24,Belo Horizonte,MG,Sudeste,2022-09-25T15:00:00+00,false
CLI-00000807,Cliente Sintético 0807,cliente0807@aurora.example,1999-04-25,Curitiba,PR,Sul,2022-09-26T15:00:00+00,true
CLI-00000808,Cliente Sintético 0808,cliente0808@aurora.example,2000-05-26,Rio de Janeiro,RJ,Sudeste,2022-09-27T15:00:00+00,false
CLI-00000809,Cliente Sintético 0809,cliente0809@aurora.example,2001-06-27,Porto Alegre,RS,Sul,2022-09-28T15:00:00+00,true
CLI-00000810,Cliente Sintético 0810,cliente0810@aurora.example,2002-07-01,São Paulo,SP,Sudeste,2022-09-29T15:00:00+00,false
CLI-00000811,Cliente Sintético 0811,cliente0811@aurora.example,2003-08-02,Rio Branco,AC,Norte,2022-09-30T15:00:00+00,true
CLI-00000812,Cliente Sintético 0812,cliente0812@aurora.example,2004-09-03,Maceió,AL,Nordeste,2022-10-01T15:00:00+00,false
CLI-00000813,Cliente Sintético 0813,cliente0813@aurora.example,2005-10-04,Salvador,BA,Nordeste,2022-10-02T15:00:00+00,true
CLI-00000814,Cliente Sintético 0814,cliente0814@aurora.example,2006-11-05,Brasília,DF,Centro-Oeste,2022-10-03T15:00:00+00,false
CLI-00000815,Cliente Sintético 0815,cliente0815@aurora.example,2007-12-06,Belo Horizonte,MG,Sudeste,2022-10-04T15:00:00+00,true
CLI-00000816,Cliente Sintético 0816,cliente0816@aurora.example,1940-01-07,Curitiba,PR,Sul,2022-10-05T15:00:00+00,false
CLI-00000817,Cliente Sintético 0817,cliente0817@aurora.example,1941-02-08,Rio de Janeiro,RJ,Sudeste,2022-10-06T15:00:00+00,true
CLI-00000818,Cliente Sintético 0818,cliente0818@aurora.example,1942-03-09,Porto Alegre,RS,Sul,2022-10-07T15:00:00+00,false
CLI-00000819,Cliente Sintético 0819,cliente0819@aurora.example,1943-04-10,São Paulo,SP,Sudeste,2022-10-08T15:00:00+00,true
CLI-00000820,Cliente Sintético 0820,cliente0820@aurora.example,1944-05-11,Rio Branco,AC,Norte,2022-10-09T15:00:00+00,false
CLI-00000821,Cliente Sintético 0821,cliente0821@aurora.example,1945-06-12,Maceió,AL,Nordeste,2022-10-10T15:00:00+00,true
CLI-00000822,Cliente Sintético 0822,cliente0822@aurora.example,1946-07-13,Salvador,BA,Nordeste,2022-10-11T15:00:00+00,false
CLI-00000823,Cliente Sintético 0823,cliente0823@aurora.example,1947-08-14,Brasília,DF,Centro-Oeste,2022-10-12T15:00:00+00,true
CLI-00000824,Cliente Sintético 0824,cliente0824@aurora.example,1948-09-15,Belo Horizonte,MG,Sudeste,2022-10-13T15:00:00+00,false
CLI-00000825,Cliente Sintético 0825,cliente0825@aurora.example,1949-10-16,Curitiba,PR,Sul,2022-10-14T15:00:00+00,true
CLI-00000826,Cliente Sintético 0826,cliente0826@aurora.example,1950-11-17,Rio de Janeiro,RJ,Sudeste,2022-10-15T15:00:00+00,false
CLI-00000827,Cliente Sintético 0827,cliente0827@aurora.example,1951-12-18,Porto Alegre,RS,Sul,2022-10-16T15:00:00+00,true
CLI-00000828,Cliente Sintético 0828,cliente0828@aurora.example,1952-01-19,São Paulo,SP,Sudeste,2022-10-17T15:00:00+00,false
CLI-00000829,Cliente Sintético 0829,cliente0829@aurora.example,1953-02-20,Rio Branco,AC,Norte,2022-10-18T15:00:00+00,true
CLI-00000830,Cliente Sintético 0830,cliente0830@aurora.example,1954-03-21,Maceió,AL,Nordeste,2022-10-19T15:00:00+00,false
CLI-00000831,Cliente Sintético 0831,cliente0831@aurora.example,1955-04-22,Salvador,BA,Nordeste,2022-10-20T15:00:00+00,true
CLI-00000832,Cliente Sintético 0832,cliente0832@aurora.example,1956-05-23,Brasília,DF,Centro-Oeste,2022-10-21T15:00:00+00,false
CLI-00000833,Cliente Sintético 0833,cliente0833@aurora.example,1957-06-24,Belo Horizonte,MG,Sudeste,2022-10-22T15:00:00+00,true
CLI-00000834,Cliente Sintético 0834,cliente0834@aurora.example,1958-07-25,Curitiba,PR,Sul,2022-10-23T15:00:00+00,false
CLI-00000835,Cliente Sintético 0835,cliente0835@aurora.example,1959-08-26,Rio de Janeiro,RJ,Sudeste,2022-10-24T15:00:00+00,true
CLI-00000836,Cliente Sintético 0836,cliente0836@aurora.example,1960-09-27,Porto Alegre,RS,Sul,2022-10-25T15:00:00+00,false
CLI-00000837,Cliente Sintético 0837,cliente0837@aurora.example,1961-10-01,São Paulo,SP,Sudeste,2022-10-26T15:00:00+00,true
CLI-00000838,Cliente Sintético 0838,cliente0838@aurora.example,1962-11-02,Rio Branco,AC,Norte,2022-10-27T15:00:00+00,false
CLI-00000839,Cliente Sintético 0839,cliente0839@aurora.example,1963-12-03,Maceió,AL,Nordeste,2022-10-28T15:00:00+00,true
CLI-00000840,Cliente Sintético 0840,cliente0840@aurora.example,1964-01-04,Salvador,BA,Nordeste,2022-10-29T15:00:00+00,false
CLI-00000841,Cliente Sintético 0841,cliente0841@aurora.example,1965-02-05,Brasília,DF,Centro-Oeste,2022-10-30T15:00:00+00,true
CLI-00000842,Cliente Sintético 0842,cliente0842@aurora.example,1966-03-06,Belo Horizonte,MG,Sudeste,2022-10-31T15:00:00+00,false
CLI-00000843,Cliente Sintético 0843,cliente0843@aurora.example,1967-04-07,Curitiba,PR,Sul,2022-11-01T15:00:00+00,true
CLI-00000844,Cliente Sintético 0844,cliente0844@aurora.example,1968-05-08,Rio de Janeiro,RJ,Sudeste,2022-11-02T15:00:00+00,false
CLI-00000845,Cliente Sintético 0845,cliente0845@aurora.example,1969-06-09,Porto Alegre,RS,Sul,2022-11-03T15:00:00+00,true
CLI-00000846,Cliente Sintético 0846,cliente0846@aurora.example,1970-07-10,São Paulo,SP,Sudeste,2022-11-04T15:00:00+00,false
CLI-00000847,Cliente Sintético 0847,cliente0847@aurora.example,1971-08-11,Rio Branco,AC,Norte,2022-11-05T15:00:00+00,true
CLI-00000848,Cliente Sintético 0848,cliente0848@aurora.example,1972-09-12,Maceió,AL,Nordeste,2022-11-06T15:00:00+00,false
CLI-00000849,Cliente Sintético 0849,cliente0849@aurora.example,1973-10-13,Salvador,BA,Nordeste,2022-11-07T15:00:00+00,true
CLI-00000850,Cliente Sintético 0850,cliente0850@aurora.example,1974-11-14,Brasília,DF,Centro-Oeste,2022-11-08T15:00:00+00,false
CLI-00000851,Cliente Sintético 0851,cliente0851@aurora.example,1975-12-15,Belo Horizonte,MG,Sudeste,2022-11-09T15:00:00+00,true
CLI-00000852,Cliente Sintético 0852,cliente0852@aurora.example,1976-01-16,Curitiba,PR,Sul,2022-11-10T15:00:00+00,false
CLI-00000853,Cliente Sintético 0853,cliente0853@aurora.example,1977-02-17,Rio de Janeiro,RJ,Sudeste,2022-11-11T15:00:00+00,true
CLI-00000854,Cliente Sintético 0854,cliente0854@aurora.example,1978-03-18,Porto Alegre,RS,Sul,2022-11-12T15:00:00+00,false
CLI-00000855,Cliente Sintético 0855,cliente0855@aurora.example,1979-04-19,São Paulo,SP,Sudeste,2022-11-13T15:00:00+00,true
CLI-00000856,Cliente Sintético 0856,cliente0856@aurora.example,1980-05-20,Rio Branco,AC,Norte,2022-11-14T15:00:00+00,false
CLI-00000857,Cliente Sintético 0857,cliente0857@aurora.example,1981-06-21,Maceió,AL,Nordeste,2022-11-15T15:00:00+00,true
CLI-00000858,Cliente Sintético 0858,cliente0858@aurora.example,1982-07-22,Salvador,BA,Nordeste,2022-11-16T15:00:00+00,false
CLI-00000859,Cliente Sintético 0859,cliente0859@aurora.example,1983-08-23,Brasília,DF,Centro-Oeste,2022-11-17T15:00:00+00,true
CLI-00000860,Cliente Sintético 0860,cliente0860@aurora.example,1984-09-24,Belo Horizonte,MG,Sudeste,2022-11-18T15:00:00+00,false
CLI-00000861,Cliente Sintético 0861,cliente0861@aurora.example,1985-10-25,Curitiba,PR,Sul,2022-11-19T15:00:00+00,true
CLI-00000862,Cliente Sintético 0862,cliente0862@aurora.example,1986-11-26,Rio de Janeiro,RJ,Sudeste,2022-11-20T15:00:00+00,false
CLI-00000863,Cliente Sintético 0863,cliente0863@aurora.example,1987-12-27,Porto Alegre,RS,Sul,2022-11-21T15:00:00+00,true
CLI-00000864,Cliente Sintético 0864,cliente0864@aurora.example,1988-01-01,São Paulo,SP,Sudeste,2022-11-22T15:00:00+00,false
CLI-00000865,Cliente Sintético 0865,cliente0865@aurora.example,1989-02-02,Rio Branco,AC,Norte,2022-11-23T15:00:00+00,true
CLI-00000866,Cliente Sintético 0866,cliente0866@aurora.example,1990-03-03,Maceió,AL,Nordeste,2022-11-24T15:00:00+00,false
CLI-00000867,Cliente Sintético 0867,cliente0867@aurora.example,1991-04-04,Salvador,BA,Nordeste,2022-11-25T15:00:00+00,true
CLI-00000868,Cliente Sintético 0868,cliente0868@aurora.example,1992-05-05,Brasília,DF,Centro-Oeste,2022-11-26T15:00:00+00,false
CLI-00000869,Cliente Sintético 0869,cliente0869@aurora.example,1993-06-06,Belo Horizonte,MG,Sudeste,2022-11-27T15:00:00+00,true
CLI-00000870,Cliente Sintético 0870,cliente0870@aurora.example,1994-07-07,Curitiba,PR,Sul,2022-11-28T15:00:00+00,false
CLI-00000871,Cliente Sintético 0871,cliente0871@aurora.example,1995-08-08,Rio de Janeiro,RJ,Sudeste,2022-11-29T15:00:00+00,true
CLI-00000872,Cliente Sintético 0872,cliente0872@aurora.example,1996-09-09,Porto Alegre,RS,Sul,2022-11-30T15:00:00+00,false
CLI-00000873,Cliente Sintético 0873,cliente0873@aurora.example,1997-10-10,São Paulo,SP,Sudeste,2022-12-01T15:00:00+00,true
CLI-00000874,Cliente Sintético 0874,cliente0874@aurora.example,1998-11-11,Rio Branco,AC,Norte,2022-12-02T15:00:00+00,false
CLI-00000875,Cliente Sintético 0875,cliente0875@aurora.example,1999-12-12,Maceió,AL,Nordeste,2022-12-03T15:00:00+00,true
CLI-00000876,Cliente Sintético 0876,cliente0876@aurora.example,2000-01-13,Salvador,BA,Nordeste,2022-12-04T15:00:00+00,false
CLI-00000877,Cliente Sintético 0877,cliente0877@aurora.example,2001-02-14,Brasília,DF,Centro-Oeste,2022-12-05T15:00:00+00,true
CLI-00000878,Cliente Sintético 0878,cliente0878@aurora.example,2002-03-15,Belo Horizonte,MG,Sudeste,2022-12-06T15:00:00+00,false
CLI-00000879,Cliente Sintético 0879,cliente0879@aurora.example,2003-04-16,Curitiba,PR,Sul,2022-12-07T15:00:00+00,true
CLI-00000880,Cliente Sintético 0880,cliente0880@aurora.example,2004-05-17,Rio de Janeiro,RJ,Sudeste,2022-12-08T15:00:00+00,false
CLI-00000881,Cliente Sintético 0881,cliente0881@aurora.example,2005-06-18,Porto Alegre,RS,Sul,2022-12-09T15:00:00+00,true
CLI-00000882,Cliente Sintético 0882,cliente0882@aurora.example,2006-07-19,São Paulo,SP,Sudeste,2022-12-10T15:00:00+00,false
CLI-00000883,Cliente Sintético 0883,cliente0883@aurora.example,2007-08-20,Rio Branco,AC,Norte,2022-12-11T15:00:00+00,true
CLI-00000884,Cliente Sintético 0884,cliente0884@aurora.example,1940-09-21,Maceió,AL,Nordeste,2022-12-12T15:00:00+00,false
CLI-00000885,Cliente Sintético 0885,cliente0885@aurora.example,1941-10-22,Salvador,BA,Nordeste,2022-12-13T15:00:00+00,true
CLI-00000886,Cliente Sintético 0886,cliente0886@aurora.example,1942-11-23,Brasília,DF,Centro-Oeste,2022-12-14T15:00:00+00,false
CLI-00000887,Cliente Sintético 0887,cliente0887@aurora.example,1943-12-24,Belo Horizonte,MG,Sudeste,2022-12-15T15:00:00+00,true
CLI-00000888,Cliente Sintético 0888,cliente0888@aurora.example,1944-01-25,Curitiba,PR,Sul,2022-12-16T15:00:00+00,false
CLI-00000889,Cliente Sintético 0889,cliente0889@aurora.example,1945-02-26,Rio de Janeiro,RJ,Sudeste,2022-12-17T15:00:00+00,true
CLI-00000890,Cliente Sintético 0890,cliente0890@aurora.example,1946-03-27,Porto Alegre,RS,Sul,2022-12-18T15:00:00+00,false
CLI-00000891,Cliente Sintético 0891,cliente0891@aurora.example,1947-04-01,São Paulo,SP,Sudeste,2022-12-19T15:00:00+00,true
CLI-00000892,Cliente Sintético 0892,cliente0892@aurora.example,1948-05-02,Rio Branco,AC,Norte,2022-12-20T15:00:00+00,false
CLI-00000893,Cliente Sintético 0893,cliente0893@aurora.example,1949-06-03,Maceió,AL,Nordeste,2022-12-21T15:00:00+00,true
CLI-00000894,Cliente Sintético 0894,cliente0894@aurora.example,1950-07-04,Salvador,BA,Nordeste,2022-12-22T15:00:00+00,false
CLI-00000895,Cliente Sintético 0895,cliente0895@aurora.example,1951-08-05,Brasília,DF,Centro-Oeste,2022-12-23T15:00:00+00,true
CLI-00000896,Cliente Sintético 0896,cliente0896@aurora.example,1952-09-06,Belo Horizonte,MG,Sudeste,2022-12-24T15:00:00+00,false
CLI-00000897,Cliente Sintético 0897,cliente0897@aurora.example,1953-10-07,Curitiba,PR,Sul,2022-12-25T15:00:00+00,true
CLI-00000898,Cliente Sintético 0898,cliente0898@aurora.example,1954-11-08,Rio de Janeiro,RJ,Sudeste,2022-12-26T15:00:00+00,false
CLI-00000899,Cliente Sintético 0899,cliente0899@aurora.example,1955-12-09,Porto Alegre,RS,Sul,2022-12-27T15:00:00+00,true
CLI-00000900,Cliente Sintético 0900,cliente0900@aurora.example,1956-01-10,São Paulo,SP,Sudeste,2022-07-01T15:00:00+00,false
CLI-00000901,Cliente Sintético 0901,cliente0901@aurora.example,1957-02-11,Rio Branco,AC,Norte,2022-07-02T15:00:00+00,true
CLI-00000902,Cliente Sintético 0902,cliente0902@aurora.example,1958-03-12,Maceió,AL,Nordeste,2022-07-03T15:00:00+00,false
CLI-00000903,Cliente Sintético 0903,cliente0903@aurora.example,1959-04-13,Salvador,BA,Nordeste,2022-07-04T15:00:00+00,true
CLI-00000904,Cliente Sintético 0904,cliente0904@aurora.example,1960-05-14,Brasília,DF,Centro-Oeste,2022-07-05T15:00:00+00,false
CLI-00000905,Cliente Sintético 0905,cliente0905@aurora.example,1961-06-15,Belo Horizonte,MG,Sudeste,2022-07-06T15:00:00+00,true
CLI-00000906,Cliente Sintético 0906,cliente0906@aurora.example,1962-07-16,Curitiba,PR,Sul,2022-07-07T15:00:00+00,false
CLI-00000907,Cliente Sintético 0907,cliente0907@aurora.example,1963-08-17,Rio de Janeiro,RJ,Sudeste,2022-07-08T15:00:00+00,true
CLI-00000908,Cliente Sintético 0908,cliente0908@aurora.example,1964-09-18,Porto Alegre,RS,Sul,2022-07-09T15:00:00+00,false
CLI-00000909,Cliente Sintético 0909,cliente0909@aurora.example,1965-10-19,São Paulo,SP,Sudeste,2022-07-10T15:00:00+00,true
CLI-00000910,Cliente Sintético 0910,cliente0910@aurora.example,1966-11-20,Rio Branco,AC,Norte,2022-07-11T15:00:00+00,false
CLI-00000911,Cliente Sintético 0911,cliente0911@aurora.example,1967-12-21,Maceió,AL,Nordeste,2022-07-12T15:00:00+00,true
CLI-00000912,Cliente Sintético 0912,cliente0912@aurora.example,1968-01-22,Salvador,BA,Nordeste,2022-07-13T15:00:00+00,false
CLI-00000913,Cliente Sintético 0913,cliente0913@aurora.example,1969-02-23,Brasília,DF,Centro-Oeste,2022-07-14T15:00:00+00,true
CLI-00000914,Cliente Sintético 0914,cliente0914@aurora.example,1970-03-24,Belo Horizonte,MG,Sudeste,2022-07-15T15:00:00+00,false
CLI-00000915,Cliente Sintético 0915,cliente0915@aurora.example,1971-04-25,Curitiba,PR,Sul,2022-07-16T15:00:00+00,true
CLI-00000916,Cliente Sintético 0916,cliente0916@aurora.example,1972-05-26,Rio de Janeiro,RJ,Sudeste,2022-07-17T15:00:00+00,false
CLI-00000917,Cliente Sintético 0917,cliente0917@aurora.example,1973-06-27,Porto Alegre,RS,Sul,2022-07-18T15:00:00+00,true
CLI-00000918,Cliente Sintético 0918,cliente0918@aurora.example,1974-07-01,São Paulo,SP,Sudeste,2022-07-19T15:00:00+00,false
CLI-00000919,Cliente Sintético 0919,cliente0919@aurora.example,1975-08-02,Rio Branco,AC,Norte,2022-07-20T15:00:00+00,true
CLI-00000920,Cliente Sintético 0920,cliente0920@aurora.example,1976-09-03,Maceió,AL,Nordeste,2022-07-21T15:00:00+00,false
CLI-00000921,Cliente Sintético 0921,cliente0921@aurora.example,1977-10-04,Salvador,BA,Nordeste,2022-07-22T15:00:00+00,true
CLI-00000922,Cliente Sintético 0922,cliente0922@aurora.example,1978-11-05,Brasília,DF,Centro-Oeste,2022-07-23T15:00:00+00,false
CLI-00000923,Cliente Sintético 0923,cliente0923@aurora.example,1979-12-06,Belo Horizonte,MG,Sudeste,2022-07-24T15:00:00+00,true
CLI-00000924,Cliente Sintético 0924,cliente0924@aurora.example,1980-01-07,Curitiba,PR,Sul,2022-07-25T15:00:00+00,false
CLI-00000925,Cliente Sintético 0925,cliente0925@aurora.example,1981-02-08,Rio de Janeiro,RJ,Sudeste,2022-07-26T15:00:00+00,true
CLI-00000926,Cliente Sintético 0926,cliente0926@aurora.example,1982-03-09,Porto Alegre,RS,Sul,2022-07-27T15:00:00+00,false
CLI-00000927,Cliente Sintético 0927,cliente0927@aurora.example,1983-04-10,São Paulo,SP,Sudeste,2022-07-28T15:00:00+00,true
CLI-00000928,Cliente Sintético 0928,cliente0928@aurora.example,1984-05-11,Rio Branco,AC,Norte,2022-07-29T15:00:00+00,false
CLI-00000929,Cliente Sintético 0929,cliente0929@aurora.example,1985-06-12,Maceió,AL,Nordeste,2022-07-30T15:00:00+00,true
CLI-00000930,Cliente Sintético 0930,cliente0930@aurora.example,1986-07-13,Salvador,BA,Nordeste,2022-07-31T15:00:00+00,false
CLI-00000931,Cliente Sintético 0931,cliente0931@aurora.example,1987-08-14,Brasília,DF,Centro-Oeste,2022-08-01T15:00:00+00,true
CLI-00000932,Cliente Sintético 0932,cliente0932@aurora.example,1988-09-15,Belo Horizonte,MG,Sudeste,2022-08-02T15:00:00+00,false
CLI-00000933,Cliente Sintético 0933,cliente0933@aurora.example,1989-10-16,Curitiba,PR,Sul,2022-08-03T15:00:00+00,true
CLI-00000934,Cliente Sintético 0934,cliente0934@aurora.example,1990-11-17,Rio de Janeiro,RJ,Sudeste,2022-08-04T15:00:00+00,false
CLI-00000935,Cliente Sintético 0935,cliente0935@aurora.example,1991-12-18,Porto Alegre,RS,Sul,2022-08-05T15:00:00+00,true
CLI-00000936,Cliente Sintético 0936,cliente0936@aurora.example,1992-01-19,São Paulo,SP,Sudeste,2022-08-06T15:00:00+00,false
CLI-00000937,Cliente Sintético 0937,cliente0937@aurora.example,1993-02-20,Rio Branco,AC,Norte,2022-08-07T15:00:00+00,true
CLI-00000938,Cliente Sintético 0938,cliente0938@aurora.example,1994-03-21,Maceió,AL,Nordeste,2022-08-08T15:00:00+00,false
CLI-00000939,Cliente Sintético 0939,cliente0939@aurora.example,1995-04-22,Salvador,BA,Nordeste,2022-08-09T15:00:00+00,true
CLI-00000940,Cliente Sintético 0940,cliente0940@aurora.example,1996-05-23,Brasília,DF,Centro-Oeste,2022-08-10T15:00:00+00,false
CLI-00000941,Cliente Sintético 0941,cliente0941@aurora.example,1997-06-24,Belo Horizonte,MG,Sudeste,2022-08-11T15:00:00+00,true
CLI-00000942,Cliente Sintético 0942,cliente0942@aurora.example,1998-07-25,Curitiba,PR,Sul,2022-08-12T15:00:00+00,false
CLI-00000943,Cliente Sintético 0943,cliente0943@aurora.example,1999-08-26,Rio de Janeiro,RJ,Sudeste,2022-08-13T15:00:00+00,true
CLI-00000944,Cliente Sintético 0944,cliente0944@aurora.example,2000-09-27,Porto Alegre,RS,Sul,2022-08-14T15:00:00+00,false
CLI-00000945,Cliente Sintético 0945,cliente0945@aurora.example,2001-10-01,São Paulo,SP,Sudeste,2022-08-15T15:00:00+00,true
CLI-00000946,Cliente Sintético 0946,cliente0946@aurora.example,2002-11-02,Rio Branco,AC,Norte,2022-08-16T15:00:00+00,false
CLI-00000947,Cliente Sintético 0947,cliente0947@aurora.example,2003-12-03,Maceió,AL,Nordeste,2022-08-17T15:00:00+00,true
CLI-00000948,Cliente Sintético 0948,cliente0948@aurora.example,2004-01-04,Salvador,BA,Nordeste,2022-08-18T15:00:00+00,false
CLI-00000949,Cliente Sintético 0949,cliente0949@aurora.example,2005-02-05,Brasília,DF,Centro-Oeste,2022-08-19T15:00:00+00,true
CLI-00000950,Cliente Sintético 0950,cliente0950@aurora.example,2006-03-06,Belo Horizonte,MG,Sudeste,2022-08-20T15:00:00+00,false
CLI-00000951,Cliente Sintético 0951,cliente0951@aurora.example,2007-04-07,Curitiba,PR,Sul,2022-08-21T15:00:00+00,true
CLI-00000952,Cliente Sintético 0952,cliente0952@aurora.example,1940-05-08,Rio de Janeiro,RJ,Sudeste,2022-08-22T15:00:00+00,false
CLI-00000953,Cliente Sintético 0953,cliente0953@aurora.example,1941-06-09,Porto Alegre,RS,Sul,2022-08-23T15:00:00+00,true
CLI-00000954,Cliente Sintético 0954,cliente0954@aurora.example,1942-07-10,São Paulo,SP,Sudeste,2022-08-24T15:00:00+00,false
CLI-00000955,Cliente Sintético 0955,cliente0955@aurora.example,1943-08-11,Rio Branco,AC,Norte,2022-08-25T15:00:00+00,true
CLI-00000956,Cliente Sintético 0956,cliente0956@aurora.example,1944-09-12,Maceió,AL,Nordeste,2022-08-26T15:00:00+00,false
CLI-00000957,Cliente Sintético 0957,cliente0957@aurora.example,1945-10-13,Salvador,BA,Nordeste,2022-08-27T15:00:00+00,true
CLI-00000958,Cliente Sintético 0958,cliente0958@aurora.example,1946-11-14,Brasília,DF,Centro-Oeste,2022-08-28T15:00:00+00,false
CLI-00000959,Cliente Sintético 0959,cliente0959@aurora.example,1947-12-15,Belo Horizonte,MG,Sudeste,2022-08-29T15:00:00+00,true
CLI-00000960,Cliente Sintético 0960,cliente0960@aurora.example,1948-01-16,Curitiba,PR,Sul,2022-08-30T15:00:00+00,false
CLI-00000961,Cliente Sintético 0961,cliente0961@aurora.example,1949-02-17,Rio de Janeiro,RJ,Sudeste,2022-08-31T15:00:00+00,true
CLI-00000962,Cliente Sintético 0962,cliente0962@aurora.example,1950-03-18,Porto Alegre,RS,Sul,2022-09-01T15:00:00+00,false
CLI-00000963,Cliente Sintético 0963,cliente0963@aurora.example,1951-04-19,São Paulo,SP,Sudeste,2022-09-02T15:00:00+00,true
CLI-00000964,Cliente Sintético 0964,cliente0964@aurora.example,1952-05-20,Rio Branco,AC,Norte,2022-09-03T15:00:00+00,false
CLI-00000965,Cliente Sintético 0965,cliente0965@aurora.example,1953-06-21,Maceió,AL,Nordeste,2022-09-04T15:00:00+00,true
CLI-00000966,Cliente Sintético 0966,cliente0966@aurora.example,1954-07-22,Salvador,BA,Nordeste,2022-09-05T15:00:00+00,false
CLI-00000967,Cliente Sintético 0967,cliente0967@aurora.example,1955-08-23,Brasília,DF,Centro-Oeste,2022-09-06T15:00:00+00,true
CLI-00000968,Cliente Sintético 0968,cliente0968@aurora.example,1956-09-24,Belo Horizonte,MG,Sudeste,2022-09-07T15:00:00+00,false
CLI-00000969,Cliente Sintético 0969,cliente0969@aurora.example,1957-10-25,Curitiba,PR,Sul,2022-09-08T15:00:00+00,true
CLI-00000970,Cliente Sintético 0970,cliente0970@aurora.example,1958-11-26,Rio de Janeiro,RJ,Sudeste,2022-09-09T15:00:00+00,false
CLI-00000971,Cliente Sintético 0971,cliente0971@aurora.example,1959-12-27,Porto Alegre,RS,Sul,2022-09-10T15:00:00+00,true
CLI-00000972,Cliente Sintético 0972,cliente0972@aurora.example,1960-01-01,São Paulo,SP,Sudeste,2022-09-11T15:00:00+00,false
CLI-00000973,Cliente Sintético 0973,cliente0973@aurora.example,1961-02-02,Rio Branco,AC,Norte,2022-09-12T15:00:00+00,true
CLI-00000974,Cliente Sintético 0974,cliente0974@aurora.example,1962-03-03,Maceió,AL,Nordeste,2022-09-13T15:00:00+00,false
CLI-00000975,Cliente Sintético 0975,cliente0975@aurora.example,1963-04-04,Salvador,BA,Nordeste,2022-09-14T15:00:00+00,true
CLI-00000976,Cliente Sintético 0976,cliente0976@aurora.example,1964-05-05,Brasília,DF,Centro-Oeste,2022-09-15T15:00:00+00,false
CLI-00000977,Cliente Sintético 0977,cliente0977@aurora.example,1965-06-06,Belo Horizonte,MG,Sudeste,2022-09-16T15:00:00+00,true
CLI-00000978,Cliente Sintético 0978,cliente0978@aurora.example,1966-07-07,Curitiba,PR,Sul,2022-09-17T15:00:00+00,false
CLI-00000979,Cliente Sintético 0979,cliente0979@aurora.example,1967-08-08,Rio de Janeiro,RJ,Sudeste,2022-09-18T15:00:00+00,true
CLI-00000980,Cliente Sintético 0980,cliente0980@aurora.example,1968-09-09,Porto Alegre,RS,Sul,2022-09-19T15:00:00+00,false
CLI-00000981,Cliente Sintético 0981,cliente0981@aurora.example,1969-10-10,São Paulo,SP,Sudeste,2022-09-20T15:00:00+00,true
CLI-00000982,Cliente Sintético 0982,cliente0982@aurora.example,1970-11-11,Rio Branco,AC,Norte,2022-09-21T15:00:00+00,false
CLI-00000983,Cliente Sintético 0983,cliente0983@aurora.example,1971-12-12,Maceió,AL,Nordeste,2022-09-22T15:00:00+00,true
CLI-00000984,Cliente Sintético 0984,cliente0984@aurora.example,1972-01-13,Salvador,BA,Nordeste,2022-09-23T15:00:00+00,false
CLI-00000985,Cliente Sintético 0985,cliente0985@aurora.example,1973-02-14,Brasília,DF,Centro-Oeste,2022-09-24T15:00:00+00,true
CLI-00000986,Cliente Sintético 0986,cliente0986@aurora.example,1974-03-15,Belo Horizonte,MG,Sudeste,2022-09-25T15:00:00+00,false
CLI-00000987,Cliente Sintético 0987,cliente0987@aurora.example,1975-04-16,Curitiba,PR,Sul,2022-09-26T15:00:00+00,true
CLI-00000988,Cliente Sintético 0988,cliente0988@aurora.example,1976-05-17,Rio de Janeiro,RJ,Sudeste,2022-09-27T15:00:00+00,false
CLI-00000989,Cliente Sintético 0989,cliente0989@aurora.example,1977-06-18,Porto Alegre,RS,Sul,2022-09-28T15:00:00+00,true
CLI-00000990,Cliente Sintético 0990,cliente0990@aurora.example,1978-07-19,São Paulo,SP,Sudeste,2022-09-29T15:00:00+00,false
CLI-00000991,Cliente Sintético 0991,cliente0991@aurora.example,1979-08-20,Rio Branco,AC,Norte,2022-09-30T15:00:00+00,true
CLI-00000992,Cliente Sintético 0992,cliente0992@aurora.example,1980-09-21,Maceió,AL,Nordeste,2022-10-01T15:00:00+00,false
CLI-00000993,Cliente Sintético 0993,cliente0993@aurora.example,1981-10-22,Salvador,BA,Nordeste,2022-10-02T15:00:00+00,true
CLI-00000994,Cliente Sintético 0994,cliente0994@aurora.example,1982-11-23,Brasília,DF,Centro-Oeste,2022-10-03T15:00:00+00,false
CLI-00000995,Cliente Sintético 0995,cliente0995@aurora.example,1983-12-24,Belo Horizonte,MG,Sudeste,2022-10-04T15:00:00+00,true
CLI-00000996,Cliente Sintético 0996,cliente0996@aurora.example,1984-01-25,Curitiba,PR,Sul,2022-10-05T15:00:00+00,false
CLI-00000997,Cliente Sintético 0997,cliente0997@aurora.example,1985-02-26,Rio de Janeiro,RJ,Sudeste,2022-10-06T15:00:00+00,true
CLI-00000998,Cliente Sintético 0998,cliente0998@aurora.example,1986-03-27,Porto Alegre,RS,Sul,2022-10-07T15:00:00+00,false
CLI-00000999,Cliente Sintético 0999,cliente0999@aurora.example,1987-04-01,São Paulo,SP,Sudeste,2022-10-08T15:00:00+00,true
CLI-00001000,Cliente Sintético 1000,cliente1000@aurora.example,1988-05-02,Rio Branco,AC,Norte,2022-10-09T15:00:00+00,false
CLI-00001001,Cliente Sintético 1001,cliente1001@aurora.example,1989-06-03,Maceió,AL,Nordeste,2022-10-10T15:00:00+00,true
CLI-00001002,Cliente Sintético 1002,cliente1002@aurora.example,1990-07-04,Salvador,BA,Nordeste,2022-10-11T15:00:00+00,false
CLI-00001003,Cliente Sintético 1003,cliente1003@aurora.example,1991-08-05,Brasília,DF,Centro-Oeste,2022-10-12T15:00:00+00,true
CLI-00001004,Cliente Sintético 1004,cliente1004@aurora.example,1992-09-06,Belo Horizonte,MG,Sudeste,2022-10-13T15:00:00+00,false
CLI-00001005,Cliente Sintético 1005,cliente1005@aurora.example,1993-10-07,Curitiba,PR,Sul,2022-10-14T15:00:00+00,true
CLI-00001006,Cliente Sintético 1006,cliente1006@aurora.example,1994-11-08,Rio de Janeiro,RJ,Sudeste,2022-10-15T15:00:00+00,false
CLI-00001007,Cliente Sintético 1007,cliente1007@aurora.example,1995-12-09,Porto Alegre,RS,Sul,2022-10-16T15:00:00+00,true
CLI-00001008,Cliente Sintético 1008,cliente1008@aurora.example,1996-01-10,São Paulo,SP,Sudeste,2022-10-17T15:00:00+00,false
CLI-00001009,Cliente Sintético 1009,cliente1009@aurora.example,1997-02-11,Rio Branco,AC,Norte,2022-10-18T15:00:00+00,true
CLI-00001010,Cliente Sintético 1010,cliente1010@aurora.example,1998-03-12,Maceió,AL,Nordeste,2022-10-19T15:00:00+00,false
CLI-00001011,Cliente Sintético 1011,cliente1011@aurora.example,1999-04-13,Salvador,BA,Nordeste,2022-10-20T15:00:00+00,true
CLI-00001012,Cliente Sintético 1012,cliente1012@aurora.example,2000-05-14,Brasília,DF,Centro-Oeste,2022-10-21T15:00:00+00,false
CLI-00001013,Cliente Sintético 1013,cliente1013@aurora.example,2001-06-15,Belo Horizonte,MG,Sudeste,2022-10-22T15:00:00+00,true
CLI-00001014,Cliente Sintético 1014,cliente1014@aurora.example,2002-07-16,Curitiba,PR,Sul,2022-10-23T15:00:00+00,false
CLI-00001015,Cliente Sintético 1015,cliente1015@aurora.example,2003-08-17,Rio de Janeiro,RJ,Sudeste,2022-10-24T15:00:00+00,true
CLI-00001016,Cliente Sintético 1016,cliente1016@aurora.example,2004-09-18,Porto Alegre,RS,Sul,2022-10-25T15:00:00+00,false
CLI-00001017,Cliente Sintético 1017,cliente1017@aurora.example,2005-10-19,São Paulo,SP,Sudeste,2022-10-26T15:00:00+00,true
CLI-00001018,Cliente Sintético 1018,cliente1018@aurora.example,2006-11-20,Rio Branco,AC,Norte,2022-10-27T15:00:00+00,false
CLI-00001019,Cliente Sintético 1019,cliente1019@aurora.example,2007-12-21,Maceió,AL,Nordeste,2022-10-28T15:00:00+00,true
CLI-00001020,Cliente Sintético 1020,cliente1020@aurora.example,1940-01-22,Salvador,BA,Nordeste,2022-10-29T15:00:00+00,false
CLI-00001021,Cliente Sintético 1021,cliente1021@aurora.example,1941-02-23,Brasília,DF,Centro-Oeste,2022-10-30T15:00:00+00,true
CLI-00001022,Cliente Sintético 1022,cliente1022@aurora.example,1942-03-24,Belo Horizonte,MG,Sudeste,2022-10-31T15:00:00+00,false
CLI-00001023,Cliente Sintético 1023,cliente1023@aurora.example,1943-04-25,Curitiba,PR,Sul,2022-11-01T15:00:00+00,true
CLI-00001024,Cliente Sintético 1024,cliente1024@aurora.example,1944-05-26,Rio de Janeiro,RJ,Sudeste,2022-11-02T15:00:00+00,false
CLI-00001025,Cliente Sintético 1025,cliente1025@aurora.example,1945-06-27,Porto Alegre,RS,Sul,2022-11-03T15:00:00+00,true
CLI-00001026,Cliente Sintético 1026,cliente1026@aurora.example,1946-07-01,São Paulo,SP,Sudeste,2022-11-04T15:00:00+00,false
CLI-00001027,Cliente Sintético 1027,cliente1027@aurora.example,1947-08-02,Rio Branco,AC,Norte,2022-11-05T15:00:00+00,true
CLI-00001028,Cliente Sintético 1028,cliente1028@aurora.example,1948-09-03,Maceió,AL,Nordeste,2022-11-06T15:00:00+00,false
CLI-00001029,Cliente Sintético 1029,cliente1029@aurora.example,1949-10-04,Salvador,BA,Nordeste,2022-11-07T15:00:00+00,true
CLI-00001030,Cliente Sintético 1030,cliente1030@aurora.example,1950-11-05,Brasília,DF,Centro-Oeste,2022-11-08T15:00:00+00,false
CLI-00001031,Cliente Sintético 1031,cliente1031@aurora.example,1951-12-06,Belo Horizonte,MG,Sudeste,2022-11-09T15:00:00+00,true
CLI-00001032,Cliente Sintético 1032,cliente1032@aurora.example,1952-01-07,Curitiba,PR,Sul,2022-11-10T15:00:00+00,false
CLI-00001033,Cliente Sintético 1033,cliente1033@aurora.example,1953-02-08,Rio de Janeiro,RJ,Sudeste,2022-11-11T15:00:00+00,true
CLI-00001034,Cliente Sintético 1034,cliente1034@aurora.example,1954-03-09,Porto Alegre,RS,Sul,2022-11-12T15:00:00+00,false
CLI-00001035,Cliente Sintético 1035,cliente1035@aurora.example,1955-04-10,São Paulo,SP,Sudeste,2022-11-13T15:00:00+00,true
CLI-00001036,Cliente Sintético 1036,cliente1036@aurora.example,1956-05-11,Rio Branco,AC,Norte,2022-11-14T15:00:00+00,false
CLI-00001037,Cliente Sintético 1037,cliente1037@aurora.example,1957-06-12,Maceió,AL,Nordeste,2022-11-15T15:00:00+00,true
CLI-00001038,Cliente Sintético 1038,cliente1038@aurora.example,1958-07-13,Salvador,BA,Nordeste,2022-11-16T15:00:00+00,false
CLI-00001039,Cliente Sintético 1039,cliente1039@aurora.example,1959-08-14,Brasília,DF,Centro-Oeste,2022-11-17T15:00:00+00,true
CLI-00001040,Cliente Sintético 1040,cliente1040@aurora.example,1960-09-15,Belo Horizonte,MG,Sudeste,2022-11-18T15:00:00+00,false
CLI-00001041,Cliente Sintético 1041,cliente1041@aurora.example,1961-10-16,Curitiba,PR,Sul,2022-11-19T15:00:00+00,true
CLI-00001042,Cliente Sintético 1042,cliente1042@aurora.example,1962-11-17,Rio de Janeiro,RJ,Sudeste,2022-11-20T15:00:00+00,false
CLI-00001043,Cliente Sintético 1043,cliente1043@aurora.example,1963-12-18,Porto Alegre,RS,Sul,2022-11-21T15:00:00+00,true
CLI-00001044,Cliente Sintético 1044,cliente1044@aurora.example,1964-01-19,São Paulo,SP,Sudeste,2022-11-22T15:00:00+00,false
CLI-00001045,Cliente Sintético 1045,cliente1045@aurora.example,1965-02-20,Rio Branco,AC,Norte,2022-11-23T15:00:00+00,true
CLI-00001046,Cliente Sintético 1046,cliente1046@aurora.example,1966-03-21,Maceió,AL,Nordeste,2022-11-24T15:00:00+00,false
CLI-00001047,Cliente Sintético 1047,cliente1047@aurora.example,1967-04-22,Salvador,BA,Nordeste,2022-11-25T15:00:00+00,true
CLI-00001048,Cliente Sintético 1048,cliente1048@aurora.example,1968-05-23,Brasília,DF,Centro-Oeste,2022-11-26T15:00:00+00,false
CLI-00001049,Cliente Sintético 1049,cliente1049@aurora.example,1969-06-24,Belo Horizonte,MG,Sudeste,2022-11-27T15:00:00+00,true
CLI-00001050,Cliente Sintético 1050,cliente1050@aurora.example,1970-07-25,Curitiba,PR,Sul,2022-11-28T15:00:00+00,false
CLI-00001051,Cliente Sintético 1051,cliente1051@aurora.example,1971-08-26,Rio de Janeiro,RJ,Sudeste,2022-11-29T15:00:00+00,true
CLI-00001052,Cliente Sintético 1052,cliente1052@aurora.example,1972-09-27,Porto Alegre,RS,Sul,2022-11-30T15:00:00+00,false
CLI-00001053,Cliente Sintético 1053,cliente1053@aurora.example,1973-10-01,São Paulo,SP,Sudeste,2022-12-01T15:00:00+00,true
CLI-00001054,Cliente Sintético 1054,cliente1054@aurora.example,1974-11-02,Rio Branco,AC,Norte,2022-12-02T15:00:00+00,false
CLI-00001055,Cliente Sintético 1055,cliente1055@aurora.example,1975-12-03,Maceió,AL,Nordeste,2022-12-03T15:00:00+00,true
CLI-00001056,Cliente Sintético 1056,cliente1056@aurora.example,1976-01-04,Salvador,BA,Nordeste,2022-12-04T15:00:00+00,false
CLI-00001057,Cliente Sintético 1057,cliente1057@aurora.example,1977-02-05,Brasília,DF,Centro-Oeste,2022-12-05T15:00:00+00,true
CLI-00001058,Cliente Sintético 1058,cliente1058@aurora.example,1978-03-06,Belo Horizonte,MG,Sudeste,2022-12-06T15:00:00+00,false
CLI-00001059,Cliente Sintético 1059,cliente1059@aurora.example,1979-04-07,Curitiba,PR,Sul,2022-12-07T15:00:00+00,true
CLI-00001060,Cliente Sintético 1060,cliente1060@aurora.example,1980-05-08,Rio de Janeiro,RJ,Sudeste,2022-12-08T15:00:00+00,false
CLI-00001061,Cliente Sintético 1061,cliente1061@aurora.example,1981-06-09,Porto Alegre,RS,Sul,2022-12-09T15:00:00+00,true
CLI-00001062,Cliente Sintético 1062,cliente1062@aurora.example,1982-07-10,São Paulo,SP,Sudeste,2022-12-10T15:00:00+00,false
CLI-00001063,Cliente Sintético 1063,cliente1063@aurora.example,1983-08-11,Rio Branco,AC,Norte,2022-12-11T15:00:00+00,true
CLI-00001064,Cliente Sintético 1064,cliente1064@aurora.example,1984-09-12,Maceió,AL,Nordeste,2022-12-12T15:00:00+00,false
CLI-00001065,Cliente Sintético 1065,cliente1065@aurora.example,1985-10-13,Salvador,BA,Nordeste,2022-12-13T15:00:00+00,true
CLI-00001066,Cliente Sintético 1066,cliente1066@aurora.example,1986-11-14,Brasília,DF,Centro-Oeste,2022-12-14T15:00:00+00,false
CLI-00001067,Cliente Sintético 1067,cliente1067@aurora.example,1987-12-15,Belo Horizonte,MG,Sudeste,2022-12-15T15:00:00+00,true
CLI-00001068,Cliente Sintético 1068,cliente1068@aurora.example,1988-01-16,Curitiba,PR,Sul,2022-12-16T15:00:00+00,false
CLI-00001069,Cliente Sintético 1069,cliente1069@aurora.example,1989-02-17,Rio de Janeiro,RJ,Sudeste,2022-12-17T15:00:00+00,true
CLI-00001070,Cliente Sintético 1070,cliente1070@aurora.example,1990-03-18,Porto Alegre,RS,Sul,2022-12-18T15:00:00+00,false
CLI-00001071,Cliente Sintético 1071,cliente1071@aurora.example,1991-04-19,São Paulo,SP,Sudeste,2022-12-19T15:00:00+00,true
CLI-00001072,Cliente Sintético 1072,cliente1072@aurora.example,1992-05-20,Rio Branco,AC,Norte,2022-12-20T15:00:00+00,false
CLI-00001073,Cliente Sintético 1073,cliente1073@aurora.example,1993-06-21,Maceió,AL,Nordeste,2022-12-21T15:00:00+00,true
CLI-00001074,Cliente Sintético 1074,cliente1074@aurora.example,1994-07-22,Salvador,BA,Nordeste,2022-12-22T15:00:00+00,false
CLI-00001075,Cliente Sintético 1075,cliente1075@aurora.example,1995-08-23,Brasília,DF,Centro-Oeste,2022-12-23T15:00:00+00,true
CLI-00001076,Cliente Sintético 1076,cliente1076@aurora.example,1996-09-24,Belo Horizonte,MG,Sudeste,2022-12-24T15:00:00+00,false
CLI-00001077,Cliente Sintético 1077,cliente1077@aurora.example,1997-10-25,Curitiba,PR,Sul,2022-12-25T15:00:00+00,true
CLI-00001078,Cliente Sintético 1078,cliente1078@aurora.example,1998-11-26,Rio de Janeiro,RJ,Sudeste,2022-12-26T15:00:00+00,false
CLI-00001079,Cliente Sintético 1079,cliente1079@aurora.example,1999-12-27,Porto Alegre,RS,Sul,2022-12-27T15:00:00+00,true
CLI-00001080,Cliente Sintético 1080,cliente1080@aurora.example,2000-01-01,São Paulo,SP,Sudeste,2022-07-01T15:00:00+00,false
CLI-00001081,Cliente Sintético 1081,cliente1081@aurora.example,2001-02-02,Rio Branco,AC,Norte,2022-07-02T15:00:00+00,true
CLI-00001082,Cliente Sintético 1082,cliente1082@aurora.example,2002-03-03,Maceió,AL,Nordeste,2022-07-03T15:00:00+00,false
CLI-00001083,Cliente Sintético 1083,cliente1083@aurora.example,2003-04-04,Salvador,BA,Nordeste,2022-07-04T15:00:00+00,true
CLI-00001084,Cliente Sintético 1084,cliente1084@aurora.example,2004-05-05,Brasília,DF,Centro-Oeste,2022-07-05T15:00:00+00,false
CLI-00001085,Cliente Sintético 1085,cliente1085@aurora.example,2005-06-06,Belo Horizonte,MG,Sudeste,2022-07-06T15:00:00+00,true
CLI-00001086,Cliente Sintético 1086,cliente1086@aurora.example,2006-07-07,Curitiba,PR,Sul,2022-07-07T15:00:00+00,false
CLI-00001087,Cliente Sintético 1087,cliente1087@aurora.example,2007-08-08,Rio de Janeiro,RJ,Sudeste,2022-07-08T15:00:00+00,true
CLI-00001088,Cliente Sintético 1088,cliente1088@aurora.example,1940-09-09,Porto Alegre,RS,Sul,2022-07-09T15:00:00+00,false
CLI-00001089,Cliente Sintético 1089,cliente1089@aurora.example,1941-10-10,São Paulo,SP,Sudeste,2022-07-10T15:00:00+00,true
CLI-00001090,Cliente Sintético 1090,cliente1090@aurora.example,1942-11-11,Rio Branco,AC,Norte,2022-07-11T15:00:00+00,false
CLI-00001091,Cliente Sintético 1091,cliente1091@aurora.example,1943-12-12,Maceió,AL,Nordeste,2022-07-12T15:00:00+00,true
CLI-00001092,Cliente Sintético 1092,cliente1092@aurora.example,1944-01-13,Salvador,BA,Nordeste,2022-07-13T15:00:00+00,false
CLI-00001093,Cliente Sintético 1093,cliente1093@aurora.example,1945-02-14,Brasília,DF,Centro-Oeste,2022-07-14T15:00:00+00,true
CLI-00001094,Cliente Sintético 1094,cliente1094@aurora.example,1946-03-15,Belo Horizonte,MG,Sudeste,2022-07-15T15:00:00+00,false
CLI-00001095,Cliente Sintético 1095,cliente1095@aurora.example,1947-04-16,Curitiba,PR,Sul,2022-07-16T15:00:00+00,true
CLI-00001096,Cliente Sintético 1096,cliente1096@aurora.example,1948-05-17,Rio de Janeiro,RJ,Sudeste,2022-07-17T15:00:00+00,false
CLI-00001097,Cliente Sintético 1097,cliente1097@aurora.example,1949-06-18,Porto Alegre,RS,Sul,2022-07-18T15:00:00+00,true
CLI-00001098,Cliente Sintético 1098,cliente1098@aurora.example,1950-07-19,São Paulo,SP,Sudeste,2022-07-19T15:00:00+00,false
CLI-00001099,Cliente Sintético 1099,cliente1099@aurora.example,1951-08-20,Rio Branco,AC,Norte,2022-07-20T15:00:00+00,true
CLI-00001100,Cliente Sintético 1100,cliente1100@aurora.example,1952-09-21,Maceió,AL,Nordeste,2022-07-21T15:00:00+00,false
CLI-00001101,Cliente Sintético 1101,cliente1101@aurora.example,1953-10-22,Salvador,BA,Nordeste,2022-07-22T15:00:00+00,true
CLI-00001102,Cliente Sintético 1102,cliente1102@aurora.example,1954-11-23,Brasília,DF,Centro-Oeste,2022-07-23T15:00:00+00,false
CLI-00001103,Cliente Sintético 1103,cliente1103@aurora.example,1955-12-24,Belo Horizonte,MG,Sudeste,2022-07-24T15:00:00+00,true
CLI-00001104,Cliente Sintético 1104,cliente1104@aurora.example,1956-01-25,Curitiba,PR,Sul,2022-07-25T15:00:00+00,false
CLI-00001105,Cliente Sintético 1105,cliente1105@aurora.example,1957-02-26,Rio de Janeiro,RJ,Sudeste,2022-07-26T15:00:00+00,true
CLI-00001106,Cliente Sintético 1106,cliente1106@aurora.example,1958-03-27,Porto Alegre,RS,Sul,2022-07-27T15:00:00+00,false
CLI-00001107,Cliente Sintético 1107,cliente1107@aurora.example,1959-04-01,São Paulo,SP,Sudeste,2022-07-28T15:00:00+00,true
CLI-00001108,Cliente Sintético 1108,cliente1108@aurora.example,1960-05-02,Rio Branco,AC,Norte,2022-07-29T15:00:00+00,false
CLI-00001109,Cliente Sintético 1109,cliente1109@aurora.example,1961-06-03,Maceió,AL,Nordeste,2022-07-30T15:00:00+00,true
CLI-00001110,Cliente Sintético 1110,cliente1110@aurora.example,1962-07-04,Salvador,BA,Nordeste,2022-07-31T15:00:00+00,false
CLI-00001111,Cliente Sintético 1111,cliente1111@aurora.example,1963-08-05,Brasília,DF,Centro-Oeste,2022-08-01T15:00:00+00,true
CLI-00001112,Cliente Sintético 1112,cliente1112@aurora.example,1964-09-06,Belo Horizonte,MG,Sudeste,2022-08-02T15:00:00+00,false
CLI-00001113,Cliente Sintético 1113,cliente1113@aurora.example,1965-10-07,Curitiba,PR,Sul,2022-08-03T15:00:00+00,true
CLI-00001114,Cliente Sintético 1114,cliente1114@aurora.example,1966-11-08,Rio de Janeiro,RJ,Sudeste,2022-08-04T15:00:00+00,false
CLI-00001115,Cliente Sintético 1115,cliente1115@aurora.example,1967-12-09,Porto Alegre,RS,Sul,2022-08-05T15:00:00+00,true
CLI-00001116,Cliente Sintético 1116,cliente1116@aurora.example,1968-01-10,São Paulo,SP,Sudeste,2022-08-06T15:00:00+00,false
CLI-00001117,Cliente Sintético 1117,cliente1117@aurora.example,1969-02-11,Rio Branco,AC,Norte,2022-08-07T15:00:00+00,true
CLI-00001118,Cliente Sintético 1118,cliente1118@aurora.example,1970-03-12,Maceió,AL,Nordeste,2022-08-08T15:00:00+00,false
CLI-00001119,Cliente Sintético 1119,cliente1119@aurora.example,1971-04-13,Salvador,BA,Nordeste,2022-08-09T15:00:00+00,true
CLI-00001120,Cliente Sintético 1120,cliente1120@aurora.example,1972-05-14,Brasília,DF,Centro-Oeste,2022-08-10T15:00:00+00,false
CLI-00001121,Cliente Sintético 1121,cliente1121@aurora.example,1973-06-15,Belo Horizonte,MG,Sudeste,2022-08-11T15:00:00+00,true
CLI-00001122,Cliente Sintético 1122,cliente1122@aurora.example,1974-07-16,Curitiba,PR,Sul,2022-08-12T15:00:00+00,false
CLI-00001123,Cliente Sintético 1123,cliente1123@aurora.example,1975-08-17,Rio de Janeiro,RJ,Sudeste,2022-08-13T15:00:00+00,true
CLI-00001124,Cliente Sintético 1124,cliente1124@aurora.example,1976-09-18,Porto Alegre,RS,Sul,2022-08-14T15:00:00+00,false
CLI-00001125,Cliente Sintético 1125,cliente1125@aurora.example,1977-10-19,São Paulo,SP,Sudeste,2022-08-15T15:00:00+00,true
CLI-00001126,Cliente Sintético 1126,cliente1126@aurora.example,1978-11-20,Rio Branco,AC,Norte,2022-08-16T15:00:00+00,false
CLI-00001127,Cliente Sintético 1127,cliente1127@aurora.example,1979-12-21,Maceió,AL,Nordeste,2022-08-17T15:00:00+00,true
CLI-00001128,Cliente Sintético 1128,cliente1128@aurora.example,1980-01-22,Salvador,BA,Nordeste,2022-08-18T15:00:00+00,false
CLI-00001129,Cliente Sintético 1129,cliente1129@aurora.example,1981-02-23,Brasília,DF,Centro-Oeste,2022-08-19T15:00:00+00,true
CLI-00001130,Cliente Sintético 1130,cliente1130@aurora.example,1982-03-24,Belo Horizonte,MG,Sudeste,2022-08-20T15:00:00+00,false
CLI-00001131,Cliente Sintético 1131,cliente1131@aurora.example,1983-04-25,Curitiba,PR,Sul,2022-08-21T15:00:00+00,true
CLI-00001132,Cliente Sintético 1132,cliente1132@aurora.example,1984-05-26,Rio de Janeiro,RJ,Sudeste,2022-08-22T15:00:00+00,false
CLI-00001133,Cliente Sintético 1133,cliente1133@aurora.example,1985-06-27,Porto Alegre,RS,Sul,2022-08-23T15:00:00+00,true
CLI-00001134,Cliente Sintético 1134,cliente1134@aurora.example,1986-07-01,São Paulo,SP,Sudeste,2022-08-24T15:00:00+00,false
CLI-00001135,Cliente Sintético 1135,cliente1135@aurora.example,1987-08-02,Rio Branco,AC,Norte,2022-08-25T15:00:00+00,true
CLI-00001136,Cliente Sintético 1136,cliente1136@aurora.example,1988-09-03,Maceió,AL,Nordeste,2022-08-26T15:00:00+00,false
CLI-00001137,Cliente Sintético 1137,cliente1137@aurora.example,1989-10-04,Salvador,BA,Nordeste,2022-08-27T15:00:00+00,true
CLI-00001138,Cliente Sintético 1138,cliente1138@aurora.example,1990-11-05,Brasília,DF,Centro-Oeste,2022-08-28T15:00:00+00,false
CLI-00001139,Cliente Sintético 1139,cliente1139@aurora.example,1991-12-06,Belo Horizonte,MG,Sudeste,2022-08-29T15:00:00+00,true
CLI-00001140,Cliente Sintético 1140,cliente1140@aurora.example,1992-01-07,Curitiba,PR,Sul,2022-08-30T15:00:00+00,false
CLI-00001141,Cliente Sintético 1141,cliente1141@aurora.example,1993-02-08,Rio de Janeiro,RJ,Sudeste,2022-08-31T15:00:00+00,true
CLI-00001142,Cliente Sintético 1142,cliente1142@aurora.example,1994-03-09,Porto Alegre,RS,Sul,2022-09-01T15:00:00+00,false
CLI-00001143,Cliente Sintético 1143,cliente1143@aurora.example,1995-04-10,São Paulo,SP,Sudeste,2022-09-02T15:00:00+00,true
CLI-00001144,Cliente Sintético 1144,cliente1144@aurora.example,1996-05-11,Rio Branco,AC,Norte,2022-09-03T15:00:00+00,false
CLI-00001145,Cliente Sintético 1145,cliente1145@aurora.example,1997-06-12,Maceió,AL,Nordeste,2022-09-04T15:00:00+00,true
CLI-00001146,Cliente Sintético 1146,cliente1146@aurora.example,1998-07-13,Salvador,BA,Nordeste,2022-09-05T15:00:00+00,false
CLI-00001147,Cliente Sintético 1147,cliente1147@aurora.example,1999-08-14,Brasília,DF,Centro-Oeste,2022-09-06T15:00:00+00,true
CLI-00001148,Cliente Sintético 1148,cliente1148@aurora.example,2000-09-15,Belo Horizonte,MG,Sudeste,2022-09-07T15:00:00+00,false
CLI-00001149,Cliente Sintético 1149,cliente1149@aurora.example,2001-10-16,Curitiba,PR,Sul,2022-09-08T15:00:00+00,true
CLI-00001150,Cliente Sintético 1150,cliente1150@aurora.example,2002-11-17,Rio de Janeiro,RJ,Sudeste,2022-09-09T15:00:00+00,false
CLI-00001151,Cliente Sintético 1151,cliente1151@aurora.example,2003-12-18,Porto Alegre,RS,Sul,2022-09-10T15:00:00+00,true
CLI-00001152,Cliente Sintético 1152,cliente1152@aurora.example,2004-01-19,São Paulo,SP,Sudeste,2022-09-11T15:00:00+00,false
CLI-00001153,Cliente Sintético 1153,cliente1153@aurora.example,2005-02-20,Rio Branco,AC,Norte,2022-09-12T15:00:00+00,true
CLI-00001154,Cliente Sintético 1154,cliente1154@aurora.example,2006-03-21,Maceió,AL,Nordeste,2022-09-13T15:00:00+00,false
CLI-00001155,Cliente Sintético 1155,cliente1155@aurora.example,2007-04-22,Salvador,BA,Nordeste,2022-09-14T15:00:00+00,true
CLI-00001156,Cliente Sintético 1156,cliente1156@aurora.example,1940-05-23,Brasília,DF,Centro-Oeste,2022-09-15T15:00:00+00,false
CLI-00001157,Cliente Sintético 1157,cliente1157@aurora.example,1941-06-24,Belo Horizonte,MG,Sudeste,2022-09-16T15:00:00+00,true
CLI-00001158,Cliente Sintético 1158,cliente1158@aurora.example,1942-07-25,Curitiba,PR,Sul,2022-09-17T15:00:00+00,false
CLI-00001159,Cliente Sintético 1159,cliente1159@aurora.example,1943-08-26,Rio de Janeiro,RJ,Sudeste,2022-09-18T15:00:00+00,true
CLI-00001160,Cliente Sintético 1160,cliente1160@aurora.example,1944-09-27,Porto Alegre,RS,Sul,2022-09-19T15:00:00+00,false
CLI-00001161,Cliente Sintético 1161,cliente1161@aurora.example,1945-10-01,São Paulo,SP,Sudeste,2022-09-20T15:00:00+00,true
CLI-00001162,Cliente Sintético 1162,cliente1162@aurora.example,1946-11-02,Rio Branco,AC,Norte,2022-09-21T15:00:00+00,false
CLI-00001163,Cliente Sintético 1163,cliente1163@aurora.example,1947-12-03,Maceió,AL,Nordeste,2022-09-22T15:00:00+00,true
CLI-00001164,Cliente Sintético 1164,cliente1164@aurora.example,1948-01-04,Salvador,BA,Nordeste,2022-09-23T15:00:00+00,false
CLI-00001165,Cliente Sintético 1165,cliente1165@aurora.example,1949-02-05,Brasília,DF,Centro-Oeste,2022-09-24T15:00:00+00,true
CLI-00001166,Cliente Sintético 1166,cliente1166@aurora.example,1950-03-06,Belo Horizonte,MG,Sudeste,2022-09-25T15:00:00+00,false
CLI-00001167,Cliente Sintético 1167,cliente1167@aurora.example,1951-04-07,Curitiba,PR,Sul,2022-09-26T15:00:00+00,true
CLI-00001168,Cliente Sintético 1168,cliente1168@aurora.example,1952-05-08,Rio de Janeiro,RJ,Sudeste,2022-09-27T15:00:00+00,false
CLI-00001169,Cliente Sintético 1169,cliente1169@aurora.example,1953-06-09,Porto Alegre,RS,Sul,2022-09-28T15:00:00+00,true
CLI-00001170,Cliente Sintético 1170,cliente1170@aurora.example,1954-07-10,São Paulo,SP,Sudeste,2022-09-29T15:00:00+00,false
CLI-00001171,Cliente Sintético 1171,cliente1171@aurora.example,1955-08-11,Rio Branco,AC,Norte,2022-09-30T15:00:00+00,true
CLI-00001172,Cliente Sintético 1172,cliente1172@aurora.example,1956-09-12,Maceió,AL,Nordeste,2022-10-01T15:00:00+00,false
CLI-00001173,Cliente Sintético 1173,cliente1173@aurora.example,1957-10-13,Salvador,BA,Nordeste,2022-10-02T15:00:00+00,true
CLI-00001174,Cliente Sintético 1174,cliente1174@aurora.example,1958-11-14,Brasília,DF,Centro-Oeste,2022-10-03T15:00:00+00,false
CLI-00001175,Cliente Sintético 1175,cliente1175@aurora.example,1959-12-15,Belo Horizonte,MG,Sudeste,2022-10-04T15:00:00+00,true
CLI-00001176,Cliente Sintético 1176,cliente1176@aurora.example,1960-01-16,Curitiba,PR,Sul,2022-10-05T15:00:00+00,false
CLI-00001177,Cliente Sintético 1177,cliente1177@aurora.example,1961-02-17,Rio de Janeiro,RJ,Sudeste,2022-10-06T15:00:00+00,true
CLI-00001178,Cliente Sintético 1178,cliente1178@aurora.example,1962-03-18,Porto Alegre,RS,Sul,2022-10-07T15:00:00+00,false
CLI-00001179,Cliente Sintético 1179,cliente1179@aurora.example,1963-04-19,São Paulo,SP,Sudeste,2022-10-08T15:00:00+00,true
CLI-00001180,Cliente Sintético 1180,cliente1180@aurora.example,1964-05-20,Rio Branco,AC,Norte,2022-10-09T15:00:00+00,false
CLI-00001181,Cliente Sintético 1181,cliente1181@aurora.example,1965-06-21,Maceió,AL,Nordeste,2022-10-10T15:00:00+00,true
CLI-00001182,Cliente Sintético 1182,cliente1182@aurora.example,1966-07-22,Salvador,BA,Nordeste,2022-10-11T15:00:00+00,false
CLI-00001183,Cliente Sintético 1183,cliente1183@aurora.example,1967-08-23,Brasília,DF,Centro-Oeste,2022-10-12T15:00:00+00,true
CLI-00001184,Cliente Sintético 1184,cliente1184@aurora.example,1968-09-24,Belo Horizonte,MG,Sudeste,2022-10-13T15:00:00+00,false
CLI-00001185,Cliente Sintético 1185,cliente1185@aurora.example,1969-10-25,Curitiba,PR,Sul,2022-10-14T15:00:00+00,true
CLI-00001186,Cliente Sintético 1186,cliente1186@aurora.example,1970-11-26,Rio de Janeiro,RJ,Sudeste,2022-10-15T15:00:00+00,false
CLI-00001187,Cliente Sintético 1187,cliente1187@aurora.example,1971-12-27,Porto Alegre,RS,Sul,2022-10-16T15:00:00+00,true
CLI-00001188,Cliente Sintético 1188,cliente1188@aurora.example,1972-01-01,São Paulo,SP,Sudeste,2022-10-17T15:00:00+00,false
CLI-00001189,Cliente Sintético 1189,cliente1189@aurora.example,1973-02-02,Rio Branco,AC,Norte,2022-10-18T15:00:00+00,true
CLI-00001190,Cliente Sintético 1190,cliente1190@aurora.example,1974-03-03,Maceió,AL,Nordeste,2022-10-19T15:00:00+00,false
CLI-00001191,Cliente Sintético 1191,cliente1191@aurora.example,1975-04-04,Salvador,BA,Nordeste,2022-10-20T15:00:00+00,true
CLI-00001192,Cliente Sintético 1192,cliente1192@aurora.example,1976-05-05,Brasília,DF,Centro-Oeste,2022-10-21T15:00:00+00,false
CLI-00001193,Cliente Sintético 1193,cliente1193@aurora.example,1977-06-06,Belo Horizonte,MG,Sudeste,2022-10-22T15:00:00+00,true
CLI-00001194,Cliente Sintético 1194,cliente1194@aurora.example,1978-07-07,Curitiba,PR,Sul,2022-10-23T15:00:00+00,false
CLI-00001195,Cliente Sintético 1195,cliente1195@aurora.example,1979-08-08,Rio de Janeiro,RJ,Sudeste,2022-10-24T15:00:00+00,true
CLI-00001196,Cliente Sintético 1196,cliente1196@aurora.example,1980-09-09,Porto Alegre,RS,Sul,2022-10-25T15:00:00+00,false
CLI-00001197,Cliente Sintético 1197,cliente1197@aurora.example,1981-10-10,São Paulo,SP,Sudeste,2022-10-26T15:00:00+00,true
CLI-00001198,Cliente Sintético 1198,cliente1198@aurora.example,1982-11-11,Rio Branco,AC,Norte,2022-10-27T15:00:00+00,false
CLI-00001199,Cliente Sintético 1199,cliente1199@aurora.example,1983-12-12,Maceió,AL,Nordeste,2022-10-28T15:00:00+00,true
CLI-00001200,Cliente Sintético 1200,cliente1200@aurora.example,1984-01-13,Salvador,BA,Nordeste,2022-10-29T15:00:00+00,false
CLI-00001201,Cliente Sintético 1201,cliente1201@aurora.example,1985-02-14,Brasília,DF,Centro-Oeste,2022-10-30T15:00:00+00,true
CLI-00001202,Cliente Sintético 1202,cliente1202@aurora.example,1986-03-15,Belo Horizonte,MG,Sudeste,2022-10-31T15:00:00+00,false
CLI-00001203,Cliente Sintético 1203,cliente1203@aurora.example,1987-04-16,Curitiba,PR,Sul,2022-11-01T15:00:00+00,true
CLI-00001204,Cliente Sintético 1204,cliente1204@aurora.example,1988-05-17,Rio de Janeiro,RJ,Sudeste,2022-11-02T15:00:00+00,false
CLI-00001205,Cliente Sintético 1205,cliente1205@aurora.example,1989-06-18,Porto Alegre,RS,Sul,2022-11-03T15:00:00+00,true
CLI-00001206,Cliente Sintético 1206,cliente1206@aurora.example,1990-07-19,São Paulo,SP,Sudeste,2022-11-04T15:00:00+00,false
CLI-00001207,Cliente Sintético 1207,cliente1207@aurora.example,1991-08-20,Rio Branco,AC,Norte,2022-11-05T15:00:00+00,true
CLI-00001208,Cliente Sintético 1208,cliente1208@aurora.example,1992-09-21,Maceió,AL,Nordeste,2022-11-06T15:00:00+00,false
CLI-00001209,Cliente Sintético 1209,cliente1209@aurora.example,1993-10-22,Salvador,BA,Nordeste,2022-11-07T15:00:00+00,true
CLI-00001210,Cliente Sintético 1210,cliente1210@aurora.example,1994-11-23,Brasília,DF,Centro-Oeste,2022-11-08T15:00:00+00,false
CLI-00001211,Cliente Sintético 1211,cliente1211@aurora.example,1995-12-24,Belo Horizonte,MG,Sudeste,2022-11-09T15:00:00+00,true
CLI-00001212,Cliente Sintético 1212,cliente1212@aurora.example,1996-01-25,Curitiba,PR,Sul,2022-11-10T15:00:00+00,false
CLI-00001213,Cliente Sintético 1213,cliente1213@aurora.example,1997-02-26,Rio de Janeiro,RJ,Sudeste,2022-11-11T15:00:00+00,true
CLI-00001214,Cliente Sintético 1214,cliente1214@aurora.example,1998-03-27,Porto Alegre,RS,Sul,2022-11-12T15:00:00+00,false
CLI-00001215,Cliente Sintético 1215,cliente1215@aurora.example,1999-04-01,São Paulo,SP,Sudeste,2022-11-13T15:00:00+00,true
CLI-00001216,Cliente Sintético 1216,cliente1216@aurora.example,2000-05-02,Rio Branco,AC,Norte,2022-11-14T15:00:00+00,false
CLI-00001217,Cliente Sintético 1217,cliente1217@aurora.example,2001-06-03,Maceió,AL,Nordeste,2022-11-15T15:00:00+00,true
CLI-00001218,Cliente Sintético 1218,cliente1218@aurora.example,2002-07-04,Salvador,BA,Nordeste,2022-11-16T15:00:00+00,false
CLI-00001219,Cliente Sintético 1219,cliente1219@aurora.example,2003-08-05,Brasília,DF,Centro-Oeste,2022-11-17T15:00:00+00,true
CLI-00001220,Cliente Sintético 1220,cliente1220@aurora.example,2004-09-06,Belo Horizonte,MG,Sudeste,2022-11-18T15:00:00+00,false
CLI-00001221,Cliente Sintético 1221,cliente1221@aurora.example,2005-10-07,Curitiba,PR,Sul,2022-11-19T15:00:00+00,true
CLI-00001222,Cliente Sintético 1222,cliente1222@aurora.example,2006-11-08,Rio de Janeiro,RJ,Sudeste,2022-11-20T15:00:00+00,false
CLI-00001223,Cliente Sintético 1223,cliente1223@aurora.example,2007-12-09,Porto Alegre,RS,Sul,2022-11-21T15:00:00+00,true
CLI-00001224,Cliente Sintético 1224,cliente1224@aurora.example,1940-01-10,São Paulo,SP,Sudeste,2022-11-22T15:00:00+00,false
CLI-00001225,Cliente Sintético 1225,cliente1225@aurora.example,1941-02-11,Rio Branco,AC,Norte,2022-11-23T15:00:00+00,true
CLI-00001226,Cliente Sintético 1226,cliente1226@aurora.example,1942-03-12,Maceió,AL,Nordeste,2022-11-24T15:00:00+00,false
CLI-00001227,Cliente Sintético 1227,cliente1227@aurora.example,1943-04-13,Salvador,BA,Nordeste,2022-11-25T15:00:00+00,true
CLI-00001228,Cliente Sintético 1228,cliente1228@aurora.example,1944-05-14,Brasília,DF,Centro-Oeste,2022-11-26T15:00:00+00,false
CLI-00001229,Cliente Sintético 1229,cliente1229@aurora.example,1945-06-15,Belo Horizonte,MG,Sudeste,2022-11-27T15:00:00+00,true
CLI-00001230,Cliente Sintético 1230,cliente1230@aurora.example,1946-07-16,Curitiba,PR,Sul,2022-11-28T15:00:00+00,false
CLI-00001231,Cliente Sintético 1231,cliente1231@aurora.example,1947-08-17,Rio de Janeiro,RJ,Sudeste,2022-11-29T15:00:00+00,true
CLI-00001232,Cliente Sintético 1232,cliente1232@aurora.example,1948-09-18,Porto Alegre,RS,Sul,2022-11-30T15:00:00+00,false
CLI-00001233,Cliente Sintético 1233,cliente1233@aurora.example,1949-10-19,São Paulo,SP,Sudeste,2022-12-01T15:00:00+00,true
CLI-00001234,Cliente Sintético 1234,cliente1234@aurora.example,1950-11-20,Rio Branco,AC,Norte,2022-12-02T15:00:00+00,false
CLI-00001235,Cliente Sintético 1235,cliente1235@aurora.example,1951-12-21,Maceió,AL,Nordeste,2022-12-03T15:00:00+00,true
CLI-00001236,Cliente Sintético 1236,cliente1236@aurora.example,1952-01-22,Salvador,BA,Nordeste,2022-12-04T15:00:00+00,false
CLI-00001237,Cliente Sintético 1237,cliente1237@aurora.example,1953-02-23,Brasília,DF,Centro-Oeste,2022-12-05T15:00:00+00,true
CLI-00001238,Cliente Sintético 1238,cliente1238@aurora.example,1954-03-24,Belo Horizonte,MG,Sudeste,2022-12-06T15:00:00+00,false
CLI-00001239,Cliente Sintético 1239,cliente1239@aurora.example,1955-04-25,Curitiba,PR,Sul,2022-12-07T15:00:00+00,true
CLI-00001240,Cliente Sintético 1240,cliente1240@aurora.example,1956-05-26,Rio de Janeiro,RJ,Sudeste,2022-12-08T15:00:00+00,false
CLI-00001241,Cliente Sintético 1241,cliente1241@aurora.example,1957-06-27,Porto Alegre,RS,Sul,2022-12-09T15:00:00+00,true
CLI-00001242,Cliente Sintético 1242,cliente1242@aurora.example,1958-07-01,São Paulo,SP,Sudeste,2022-12-10T15:00:00+00,false
CLI-00001243,Cliente Sintético 1243,cliente1243@aurora.example,1959-08-02,Rio Branco,AC,Norte,2022-12-11T15:00:00+00,true
CLI-00001244,Cliente Sintético 1244,cliente1244@aurora.example,1960-09-03,Maceió,AL,Nordeste,2022-12-12T15:00:00+00,false
CLI-00001245,Cliente Sintético 1245,cliente1245@aurora.example,1961-10-04,Salvador,BA,Nordeste,2022-12-13T15:00:00+00,true
CLI-00001246,Cliente Sintético 1246,cliente1246@aurora.example,1962-11-05,Brasília,DF,Centro-Oeste,2022-12-14T15:00:00+00,false
CLI-00001247,Cliente Sintético 1247,cliente1247@aurora.example,1963-12-06,Belo Horizonte,MG,Sudeste,2022-12-15T15:00:00+00,true
CLI-00001248,Cliente Sintético 1248,cliente1248@aurora.example,1964-01-07,Curitiba,PR,Sul,2022-12-16T15:00:00+00,false
CLI-00001249,Cliente Sintético 1249,cliente1249@aurora.example,1965-02-08,Rio de Janeiro,RJ,Sudeste,2022-12-17T15:00:00+00,true
CLI-00001250,Cliente Sintético 1250,cliente1250@aurora.example,1966-03-09,Porto Alegre,RS,Sul,2022-12-18T15:00:00+00,false
CLI-00001251,Cliente Sintético 1251,cliente1251@aurora.example,1967-04-10,São Paulo,SP,Sudeste,2022-12-19T15:00:00+00,true
CLI-00001252,Cliente Sintético 1252,cliente1252@aurora.example,1968-05-11,Rio Branco,AC,Norte,2022-12-20T15:00:00+00,false
CLI-00001253,Cliente Sintético 1253,cliente1253@aurora.example,1969-06-12,Maceió,AL,Nordeste,2022-12-21T15:00:00+00,true
CLI-00001254,Cliente Sintético 1254,cliente1254@aurora.example,1970-07-13,Salvador,BA,Nordeste,2022-12-22T15:00:00+00,false
CLI-00001255,Cliente Sintético 1255,cliente1255@aurora.example,1971-08-14,Brasília,DF,Centro-Oeste,2022-12-23T15:00:00+00,true
CLI-00001256,Cliente Sintético 1256,cliente1256@aurora.example,1972-09-15,Belo Horizonte,MG,Sudeste,2022-12-24T15:00:00+00,false
CLI-00001257,Cliente Sintético 1257,cliente1257@aurora.example,1973-10-16,Curitiba,PR,Sul,2022-12-25T15:00:00+00,true
CLI-00001258,Cliente Sintético 1258,cliente1258@aurora.example,1974-11-17,Rio de Janeiro,RJ,Sudeste,2022-12-26T15:00:00+00,false
CLI-00001259,Cliente Sintético 1259,cliente1259@aurora.example,1975-12-18,Porto Alegre,RS,Sul,2022-12-27T15:00:00+00,true
CLI-00001260,Cliente Sintético 1260,cliente1260@aurora.example,1976-01-19,São Paulo,SP,Sudeste,2022-07-01T15:00:00+00,false
CLI-00001261,Cliente Sintético 1261,cliente1261@aurora.example,1977-02-20,Rio Branco,AC,Norte,2022-07-02T15:00:00+00,true
CLI-00001262,Cliente Sintético 1262,cliente1262@aurora.example,1978-03-21,Maceió,AL,Nordeste,2022-07-03T15:00:00+00,false
CLI-00001263,Cliente Sintético 1263,cliente1263@aurora.example,1979-04-22,Salvador,BA,Nordeste,2022-07-04T15:00:00+00,true
CLI-00001264,Cliente Sintético 1264,cliente1264@aurora.example,1980-05-23,Brasília,DF,Centro-Oeste,2022-07-05T15:00:00+00,false
CLI-00001265,Cliente Sintético 1265,cliente1265@aurora.example,1981-06-24,Belo Horizonte,MG,Sudeste,2022-07-06T15:00:00+00,true
CLI-00001266,Cliente Sintético 1266,cliente1266@aurora.example,1982-07-25,Curitiba,PR,Sul,2022-07-07T15:00:00+00,false
CLI-00001267,Cliente Sintético 1267,cliente1267@aurora.example,1983-08-26,Rio de Janeiro,RJ,Sudeste,2022-07-08T15:00:00+00,true
CLI-00001268,Cliente Sintético 1268,cliente1268@aurora.example,1984-09-27,Porto Alegre,RS,Sul,2022-07-09T15:00:00+00,false
CLI-00001269,Cliente Sintético 1269,cliente1269@aurora.example,1985-10-01,São Paulo,SP,Sudeste,2022-07-10T15:00:00+00,true
CLI-00001270,Cliente Sintético 1270,cliente1270@aurora.example,1986-11-02,Rio Branco,AC,Norte,2022-07-11T15:00:00+00,false
CLI-00001271,Cliente Sintético 1271,cliente1271@aurora.example,1987-12-03,Maceió,AL,Nordeste,2022-07-12T15:00:00+00,true
CLI-00001272,Cliente Sintético 1272,cliente1272@aurora.example,1988-01-04,Salvador,BA,Nordeste,2022-07-13T15:00:00+00,false
CLI-00001273,Cliente Sintético 1273,cliente1273@aurora.example,1989-02-05,Brasília,DF,Centro-Oeste,2022-07-14T15:00:00+00,true
CLI-00001274,Cliente Sintético 1274,cliente1274@aurora.example,1990-03-06,Belo Horizonte,MG,Sudeste,2022-07-15T15:00:00+00,false
CLI-00001275,Cliente Sintético 1275,cliente1275@aurora.example,1991-04-07,Curitiba,PR,Sul,2022-07-16T15:00:00+00,true
CLI-00001276,Cliente Sintético 1276,cliente1276@aurora.example,1992-05-08,Rio de Janeiro,RJ,Sudeste,2022-07-17T15:00:00+00,false
CLI-00001277,Cliente Sintético 1277,cliente1277@aurora.example,1993-06-09,Porto Alegre,RS,Sul,2022-07-18T15:00:00+00,true
CLI-00001278,Cliente Sintético 1278,cliente1278@aurora.example,1994-07-10,São Paulo,SP,Sudeste,2022-07-19T15:00:00+00,false
CLI-00001279,Cliente Sintético 1279,cliente1279@aurora.example,1995-08-11,Rio Branco,AC,Norte,2022-07-20T15:00:00+00,true
CLI-00001280,Cliente Sintético 1280,cliente1280@aurora.example,1996-09-12,Maceió,AL,Nordeste,2022-07-21T15:00:00+00,false
CLI-00001281,Cliente Sintético 1281,cliente1281@aurora.example,1997-10-13,Salvador,BA,Nordeste,2022-07-22T15:00:00+00,true
CLI-00001282,Cliente Sintético 1282,cliente1282@aurora.example,1998-11-14,Brasília,DF,Centro-Oeste,2022-07-23T15:00:00+00,false
CLI-00001283,Cliente Sintético 1283,cliente1283@aurora.example,1999-12-15,Belo Horizonte,MG,Sudeste,2022-07-24T15:00:00+00,true
CLI-00001284,Cliente Sintético 1284,cliente1284@aurora.example,2000-01-16,Curitiba,PR,Sul,2022-07-25T15:00:00+00,false
CLI-00001285,Cliente Sintético 1285,cliente1285@aurora.example,2001-02-17,Rio de Janeiro,RJ,Sudeste,2022-07-26T15:00:00+00,true
CLI-00001286,Cliente Sintético 1286,cliente1286@aurora.example,2002-03-18,Porto Alegre,RS,Sul,2022-07-27T15:00:00+00,false
CLI-00001287,Cliente Sintético 1287,cliente1287@aurora.example,2003-04-19,São Paulo,SP,Sudeste,2022-07-28T15:00:00+00,true
CLI-00001288,Cliente Sintético 1288,cliente1288@aurora.example,2004-05-20,Rio Branco,AC,Norte,2022-07-29T15:00:00+00,false
CLI-00001289,Cliente Sintético 1289,cliente1289@aurora.example,2005-06-21,Maceió,AL,Nordeste,2022-07-30T15:00:00+00,true
CLI-00001290,Cliente Sintético 1290,cliente1290@aurora.example,2006-07-22,Salvador,BA,Nordeste,2022-07-31T15:00:00+00,false
CLI-00001291,Cliente Sintético 1291,cliente1291@aurora.example,2007-08-23,Brasília,DF,Centro-Oeste,2022-08-01T15:00:00+00,true
CLI-00001292,Cliente Sintético 1292,cliente1292@aurora.example,1940-09-24,Belo Horizonte,MG,Sudeste,2022-08-02T15:00:00+00,false
CLI-00001293,Cliente Sintético 1293,cliente1293@aurora.example,1941-10-25,Curitiba,PR,Sul,2022-08-03T15:00:00+00,true
CLI-00001294,Cliente Sintético 1294,cliente1294@aurora.example,1942-11-26,Rio de Janeiro,RJ,Sudeste,2022-08-04T15:00:00+00,false
CLI-00001295,Cliente Sintético 1295,cliente1295@aurora.example,1943-12-27,Porto Alegre,RS,Sul,2022-08-05T15:00:00+00,true
CLI-00001296,Cliente Sintético 1296,cliente1296@aurora.example,1944-01-01,São Paulo,SP,Sudeste,2022-08-06T15:00:00+00,false
CLI-00001297,Cliente Sintético 1297,cliente1297@aurora.example,1945-02-02,Rio Branco,AC,Norte,2022-08-07T15:00:00+00,true
CLI-00001298,Cliente Sintético 1298,cliente1298@aurora.example,1946-03-03,Maceió,AL,Nordeste,2022-08-08T15:00:00+00,false
CLI-00001299,Cliente Sintético 1299,cliente1299@aurora.example,1947-04-04,Salvador,BA,Nordeste,2022-08-09T15:00:00+00,true
CLI-00001300,Cliente Sintético 1300,cliente1300@aurora.example,1948-05-05,Brasília,DF,Centro-Oeste,2022-08-10T15:00:00+00,false
CLI-00001301,Cliente Sintético 1301,cliente1301@aurora.example,1949-06-06,Belo Horizonte,MG,Sudeste,2022-08-11T15:00:00+00,true
CLI-00001302,Cliente Sintético 1302,cliente1302@aurora.example,1950-07-07,Curitiba,PR,Sul,2022-08-12T15:00:00+00,false
CLI-00001303,Cliente Sintético 1303,cliente1303@aurora.example,1951-08-08,Rio de Janeiro,RJ,Sudeste,2022-08-13T15:00:00+00,true
CLI-00001304,Cliente Sintético 1304,cliente1304@aurora.example,1952-09-09,Porto Alegre,RS,Sul,2022-08-14T15:00:00+00,false
CLI-00001305,Cliente Sintético 1305,cliente1305@aurora.example,1953-10-10,São Paulo,SP,Sudeste,2022-08-15T15:00:00+00,true
CLI-00001306,Cliente Sintético 1306,cliente1306@aurora.example,1954-11-11,Rio Branco,AC,Norte,2022-08-16T15:00:00+00,false
CLI-00001307,Cliente Sintético 1307,cliente1307@aurora.example,1955-12-12,Maceió,AL,Nordeste,2022-08-17T15:00:00+00,true
CLI-00001308,Cliente Sintético 1308,cliente1308@aurora.example,1956-01-13,Salvador,BA,Nordeste,2022-08-18T15:00:00+00,false
CLI-00001309,Cliente Sintético 1309,cliente1309@aurora.example,1957-02-14,Brasília,DF,Centro-Oeste,2022-08-19T15:00:00+00,true
CLI-00001310,Cliente Sintético 1310,cliente1310@aurora.example,1958-03-15,Belo Horizonte,MG,Sudeste,2022-08-20T15:00:00+00,false
CLI-00001311,Cliente Sintético 1311,cliente1311@aurora.example,1959-04-16,Curitiba,PR,Sul,2022-08-21T15:00:00+00,true
CLI-00001312,Cliente Sintético 1312,cliente1312@aurora.example,1960-05-17,Rio de Janeiro,RJ,Sudeste,2022-08-22T15:00:00+00,false
CLI-00001313,Cliente Sintético 1313,cliente1313@aurora.example,1961-06-18,Porto Alegre,RS,Sul,2022-08-23T15:00:00+00,true
CLI-00001314,Cliente Sintético 1314,cliente1314@aurora.example,1962-07-19,São Paulo,SP,Sudeste,2022-08-24T15:00:00+00,false
CLI-00001315,Cliente Sintético 1315,cliente1315@aurora.example,1963-08-20,Rio Branco,AC,Norte,2022-08-25T15:00:00+00,true
CLI-00001316,Cliente Sintético 1316,cliente1316@aurora.example,1964-09-21,Maceió,AL,Nordeste,2022-08-26T15:00:00+00,false
CLI-00001317,Cliente Sintético 1317,cliente1317@aurora.example,1965-10-22,Salvador,BA,Nordeste,2022-08-27T15:00:00+00,true
CLI-00001318,Cliente Sintético 1318,cliente1318@aurora.example,1966-11-23,Brasília,DF,Centro-Oeste,2022-08-28T15:00:00+00,false
CLI-00001319,Cliente Sintético 1319,cliente1319@aurora.example,1967-12-24,Belo Horizonte,MG,Sudeste,2022-08-29T15:00:00+00,true
CLI-00001320,Cliente Sintético 1320,cliente1320@aurora.example,1968-01-25,Curitiba,PR,Sul,2022-08-30T15:00:00+00,false
CLI-00001321,Cliente Sintético 1321,cliente1321@aurora.example,1969-02-26,Rio de Janeiro,RJ,Sudeste,2022-08-31T15:00:00+00,true
CLI-00001322,Cliente Sintético 1322,cliente1322@aurora.example,1970-03-27,Porto Alegre,RS,Sul,2022-09-01T15:00:00+00,false
CLI-00001323,Cliente Sintético 1323,cliente1323@aurora.example,1971-04-01,São Paulo,SP,Sudeste,2022-09-02T15:00:00+00,true
CLI-00001324,Cliente Sintético 1324,cliente1324@aurora.example,1972-05-02,Rio Branco,AC,Norte,2022-09-03T15:00:00+00,false
CLI-00001325,Cliente Sintético 1325,cliente1325@aurora.example,1973-06-03,Maceió,AL,Nordeste,2022-09-04T15:00:00+00,true
CLI-00001326,Cliente Sintético 1326,cliente1326@aurora.example,1974-07-04,Salvador,BA,Nordeste,2022-09-05T15:00:00+00,false
CLI-00001327,Cliente Sintético 1327,cliente1327@aurora.example,1975-08-05,Brasília,DF,Centro-Oeste,2022-09-06T15:00:00+00,true
CLI-00001328,Cliente Sintético 1328,cliente1328@aurora.example,1976-09-06,Belo Horizonte,MG,Sudeste,2022-09-07T15:00:00+00,false
CLI-00001329,Cliente Sintético 1329,cliente1329@aurora.example,1977-10-07,Curitiba,PR,Sul,2022-09-08T15:00:00+00,true
CLI-00001330,Cliente Sintético 1330,cliente1330@aurora.example,1978-11-08,Rio de Janeiro,RJ,Sudeste,2022-09-09T15:00:00+00,false
CLI-00001331,Cliente Sintético 1331,cliente1331@aurora.example,1979-12-09,Porto Alegre,RS,Sul,2022-09-10T15:00:00+00,true
CLI-00001332,Cliente Sintético 1332,cliente1332@aurora.example,1980-01-10,São Paulo,SP,Sudeste,2022-09-11T15:00:00+00,false
CLI-00001333,Cliente Sintético 1333,cliente1333@aurora.example,1981-02-11,Rio Branco,AC,Norte,2022-09-12T15:00:00+00,true
CLI-00001334,Cliente Sintético 1334,cliente1334@aurora.example,1982-03-12,Maceió,AL,Nordeste,2022-09-13T15:00:00+00,false
CLI-00001335,Cliente Sintético 1335,cliente1335@aurora.example,1983-04-13,Salvador,BA,Nordeste,2022-09-14T15:00:00+00,true
CLI-00001336,Cliente Sintético 1336,cliente1336@aurora.example,1984-05-14,Brasília,DF,Centro-Oeste,2022-09-15T15:00:00+00,false
CLI-00001337,Cliente Sintético 1337,cliente1337@aurora.example,1985-06-15,Belo Horizonte,MG,Sudeste,2022-09-16T15:00:00+00,true
CLI-00001338,Cliente Sintético 1338,cliente1338@aurora.example,1986-07-16,Curitiba,PR,Sul,2022-09-17T15:00:00+00,false
CLI-00001339,Cliente Sintético 1339,cliente1339@aurora.example,1987-08-17,Rio de Janeiro,RJ,Sudeste,2022-09-18T15:00:00+00,true
CLI-00001340,Cliente Sintético 1340,cliente1340@aurora.example,1988-09-18,Porto Alegre,RS,Sul,2022-09-19T15:00:00+00,false
CLI-00001341,Cliente Sintético 1341,cliente1341@aurora.example,1989-10-19,São Paulo,SP,Sudeste,2022-09-20T15:00:00+00,true
CLI-00001342,Cliente Sintético 1342,cliente1342@aurora.example,1990-11-20,Rio Branco,AC,Norte,2022-09-21T15:00:00+00,false
CLI-00001343,Cliente Sintético 1343,cliente1343@aurora.example,1991-12-21,Maceió,AL,Nordeste,2022-09-22T15:00:00+00,true
CLI-00001344,Cliente Sintético 1344,cliente1344@aurora.example,1992-01-22,Salvador,BA,Nordeste,2022-09-23T15:00:00+00,false
CLI-00001345,Cliente Sintético 1345,cliente1345@aurora.example,1993-02-23,Brasília,DF,Centro-Oeste,2022-09-24T15:00:00+00,true
CLI-00001346,Cliente Sintético 1346,cliente1346@aurora.example,1994-03-24,Belo Horizonte,MG,Sudeste,2022-09-25T15:00:00+00,false
CLI-00001347,Cliente Sintético 1347,cliente1347@aurora.example,1995-04-25,Curitiba,PR,Sul,2022-09-26T15:00:00+00,true
CLI-00001348,Cliente Sintético 1348,cliente1348@aurora.example,1996-05-26,Rio de Janeiro,RJ,Sudeste,2022-09-27T15:00:00+00,false
CLI-00001349,Cliente Sintético 1349,cliente1349@aurora.example,1997-06-27,Porto Alegre,RS,Sul,2022-09-28T15:00:00+00,true
CLI-00001350,Cliente Sintético 1350,cliente1350@aurora.example,1998-07-01,São Paulo,SP,Sudeste,2022-09-29T15:00:00+00,false
CLI-00001351,Cliente Sintético 1351,cliente1351@aurora.example,1999-08-02,Rio Branco,AC,Norte,2022-09-30T15:00:00+00,true
CLI-00001352,Cliente Sintético 1352,cliente1352@aurora.example,2000-09-03,Maceió,AL,Nordeste,2022-10-01T15:00:00+00,false
CLI-00001353,Cliente Sintético 1353,cliente1353@aurora.example,2001-10-04,Salvador,BA,Nordeste,2022-10-02T15:00:00+00,true
CLI-00001354,Cliente Sintético 1354,cliente1354@aurora.example,2002-11-05,Brasília,DF,Centro-Oeste,2022-10-03T15:00:00+00,false
CLI-00001355,Cliente Sintético 1355,cliente1355@aurora.example,2003-12-06,Belo Horizonte,MG,Sudeste,2022-10-04T15:00:00+00,true
CLI-00001356,Cliente Sintético 1356,cliente1356@aurora.example,2004-01-07,Curitiba,PR,Sul,2022-10-05T15:00:00+00,false
CLI-00001357,Cliente Sintético 1357,cliente1357@aurora.example,2005-02-08,Rio de Janeiro,RJ,Sudeste,2022-10-06T15:00:00+00,true
CLI-00001358,Cliente Sintético 1358,cliente1358@aurora.example,2006-03-09,Porto Alegre,RS,Sul,2022-10-07T15:00:00+00,false
CLI-00001359,Cliente Sintético 1359,cliente1359@aurora.example,2007-04-10,São Paulo,SP,Sudeste,2022-10-08T15:00:00+00,true
CLI-00001360,Cliente Sintético 1360,cliente1360@aurora.example,1940-05-11,Rio Branco,AC,Norte,2022-10-09T15:00:00+00,false
CLI-00001361,Cliente Sintético 1361,cliente1361@aurora.example,1941-06-12,Maceió,AL,Nordeste,2022-10-10T15:00:00+00,true
CLI-00001362,Cliente Sintético 1362,cliente1362@aurora.example,1942-07-13,Salvador,BA,Nordeste,2022-10-11T15:00:00+00,false
CLI-00001363,Cliente Sintético 1363,cliente1363@aurora.example,1943-08-14,Brasília,DF,Centro-Oeste,2022-10-12T15:00:00+00,true
CLI-00001364,Cliente Sintético 1364,cliente1364@aurora.example,1944-09-15,Belo Horizonte,MG,Sudeste,2022-10-13T15:00:00+00,false
CLI-00001365,Cliente Sintético 1365,cliente1365@aurora.example,1945-10-16,Curitiba,PR,Sul,2022-10-14T15:00:00+00,true
CLI-00001366,Cliente Sintético 1366,cliente1366@aurora.example,1946-11-17,Rio de Janeiro,RJ,Sudeste,2022-10-15T15:00:00+00,false
CLI-00001367,Cliente Sintético 1367,cliente1367@aurora.example,1947-12-18,Porto Alegre,RS,Sul,2022-10-16T15:00:00+00,true
CLI-00001368,Cliente Sintético 1368,cliente1368@aurora.example,1948-01-19,São Paulo,SP,Sudeste,2022-10-17T15:00:00+00,false
CLI-00001369,Cliente Sintético 1369,cliente1369@aurora.example,1949-02-20,Rio Branco,AC,Norte,2022-10-18T15:00:00+00,true
CLI-00001370,Cliente Sintético 1370,cliente1370@aurora.example,1950-03-21,Maceió,AL,Nordeste,2022-10-19T15:00:00+00,false
CLI-00001371,Cliente Sintético 1371,cliente1371@aurora.example,1951-04-22,Salvador,BA,Nordeste,2022-10-20T15:00:00+00,true
CLI-00001372,Cliente Sintético 1372,cliente1372@aurora.example,1952-05-23,Brasília,DF,Centro-Oeste,2022-10-21T15:00:00+00,false
CLI-00001373,Cliente Sintético 1373,cliente1373@aurora.example,1953-06-24,Belo Horizonte,MG,Sudeste,2022-10-22T15:00:00+00,true
CLI-00001374,Cliente Sintético 1374,cliente1374@aurora.example,1954-07-25,Curitiba,PR,Sul,2022-10-23T15:00:00+00,false
CLI-00001375,Cliente Sintético 1375,cliente1375@aurora.example,1955-08-26,Rio de Janeiro,RJ,Sudeste,2022-10-24T15:00:00+00,true
CLI-00001376,Cliente Sintético 1376,cliente1376@aurora.example,1956-09-27,Porto Alegre,RS,Sul,2022-10-25T15:00:00+00,false
CLI-00001377,Cliente Sintético 1377,cliente1377@aurora.example,1957-10-01,São Paulo,SP,Sudeste,2022-10-26T15:00:00+00,true
CLI-00001378,Cliente Sintético 1378,cliente1378@aurora.example,1958-11-02,Rio Branco,AC,Norte,2022-10-27T15:00:00+00,false
CLI-00001379,Cliente Sintético 1379,cliente1379@aurora.example,1959-12-03,Maceió,AL,Nordeste,2022-10-28T15:00:00+00,true
CLI-00001380,Cliente Sintético 1380,cliente1380@aurora.example,1960-01-04,Salvador,BA,Nordeste,2022-10-29T15:00:00+00,false
CLI-00001381,Cliente Sintético 1381,cliente1381@aurora.example,1961-02-05,Brasília,DF,Centro-Oeste,2022-10-30T15:00:00+00,true
CLI-00001382,Cliente Sintético 1382,cliente1382@aurora.example,1962-03-06,Belo Horizonte,MG,Sudeste,2022-10-31T15:00:00+00,false
CLI-00001383,Cliente Sintético 1383,cliente1383@aurora.example,1963-04-07,Curitiba,PR,Sul,2022-11-01T15:00:00+00,true
CLI-00001384,Cliente Sintético 1384,cliente1384@aurora.example,1964-05-08,Rio de Janeiro,RJ,Sudeste,2022-11-02T15:00:00+00,false
CLI-00001385,Cliente Sintético 1385,cliente1385@aurora.example,1965-06-09,Porto Alegre,RS,Sul,2022-11-03T15:00:00+00,true
CLI-00001386,Cliente Sintético 1386,cliente1386@aurora.example,1966-07-10,São Paulo,SP,Sudeste,2022-11-04T15:00:00+00,false
CLI-00001387,Cliente Sintético 1387,cliente1387@aurora.example,1967-08-11,Rio Branco,AC,Norte,2022-11-05T15:00:00+00,true
CLI-00001388,Cliente Sintético 1388,cliente1388@aurora.example,1968-09-12,Maceió,AL,Nordeste,2022-11-06T15:00:00+00,false
CLI-00001389,Cliente Sintético 1389,cliente1389@aurora.example,1969-10-13,Salvador,BA,Nordeste,2022-11-07T15:00:00+00,true
CLI-00001390,Cliente Sintético 1390,cliente1390@aurora.example,1970-11-14,Brasília,DF,Centro-Oeste,2022-11-08T15:00:00+00,false
CLI-00001391,Cliente Sintético 1391,cliente1391@aurora.example,1971-12-15,Belo Horizonte,MG,Sudeste,2022-11-09T15:00:00+00,true
CLI-00001392,Cliente Sintético 1392,cliente1392@aurora.example,1972-01-16,Curitiba,PR,Sul,2022-11-10T15:00:00+00,false
CLI-00001393,Cliente Sintético 1393,cliente1393@aurora.example,1973-02-17,Rio de Janeiro,RJ,Sudeste,2022-11-11T15:00:00+00,true
CLI-00001394,Cliente Sintético 1394,cliente1394@aurora.example,1974-03-18,Porto Alegre,RS,Sul,2022-11-12T15:00:00+00,false
CLI-00001395,Cliente Sintético 1395,cliente1395@aurora.example,1975-04-19,São Paulo,SP,Sudeste,2022-11-13T15:00:00+00,true
CLI-00001396,Cliente Sintético 1396,cliente1396@aurora.example,1976-05-20,Rio Branco,AC,Norte,2022-11-14T15:00:00+00,false
CLI-00001397,Cliente Sintético 1397,cliente1397@aurora.example,1977-06-21,Maceió,AL,Nordeste,2022-11-15T15:00:00+00,true
CLI-00001398,Cliente Sintético 1398,cliente1398@aurora.example,1978-07-22,Salvador,BA,Nordeste,2022-11-16T15:00:00+00,false
CLI-00001399,Cliente Sintético 1399,cliente1399@aurora.example,1979-08-23,Brasília,DF,Centro-Oeste,2022-11-17T15:00:00+00,true
CLI-00001400,Cliente Sintético 1400,cliente1400@aurora.example,1980-09-24,Belo Horizonte,MG,Sudeste,2022-11-18T15:00:00+00,false
CLI-00001401,Cliente Sintético 1401,cliente1401@aurora.example,1981-10-25,Curitiba,PR,Sul,2022-11-19T15:00:00+00,true
CLI-00001402,Cliente Sintético 1402,cliente1402@aurora.example,1982-11-26,Rio de Janeiro,RJ,Sudeste,2022-11-20T15:00:00+00,false
CLI-00001403,Cliente Sintético 1403,cliente1403@aurora.example,1983-12-27,Porto Alegre,RS,Sul,2022-11-21T15:00:00+00,true
CLI-00001404,Cliente Sintético 1404,cliente1404@aurora.example,1984-01-01,São Paulo,SP,Sudeste,2022-11-22T15:00:00+00,false
CLI-00001405,Cliente Sintético 1405,cliente1405@aurora.example,1985-02-02,Rio Branco,AC,Norte,2022-11-23T15:00:00+00,true
CLI-00001406,Cliente Sintético 1406,cliente1406@aurora.example,1986-03-03,Maceió,AL,Nordeste,2022-11-24T15:00:00+00,false
CLI-00001407,Cliente Sintético 1407,cliente1407@aurora.example,1987-04-04,Salvador,BA,Nordeste,2022-11-25T15:00:00+00,true
CLI-00001408,Cliente Sintético 1408,cliente1408@aurora.example,1988-05-05,Brasília,DF,Centro-Oeste,2022-11-26T15:00:00+00,false
CLI-00001409,Cliente Sintético 1409,cliente1409@aurora.example,1989-06-06,Belo Horizonte,MG,Sudeste,2022-11-27T15:00:00+00,true
CLI-00001410,Cliente Sintético 1410,cliente1410@aurora.example,1990-07-07,Curitiba,PR,Sul,2022-11-28T15:00:00+00,false
CLI-00001411,Cliente Sintético 1411,cliente1411@aurora.example,1991-08-08,Rio de Janeiro,RJ,Sudeste,2022-11-29T15:00:00+00,true
CLI-00001412,Cliente Sintético 1412,cliente1412@aurora.example,1992-09-09,Porto Alegre,RS,Sul,2022-11-30T15:00:00+00,false
CLI-00001413,Cliente Sintético 1413,cliente1413@aurora.example,1993-10-10,São Paulo,SP,Sudeste,2022-12-01T15:00:00+00,true
CLI-00001414,Cliente Sintético 1414,cliente1414@aurora.example,1994-11-11,Rio Branco,AC,Norte,2022-12-02T15:00:00+00,false
CLI-00001415,Cliente Sintético 1415,cliente1415@aurora.example,1995-12-12,Maceió,AL,Nordeste,2022-12-03T15:00:00+00,true
CLI-00001416,Cliente Sintético 1416,cliente1416@aurora.example,1996-01-13,Salvador,BA,Nordeste,2022-12-04T15:00:00+00,false
CLI-00001417,Cliente Sintético 1417,cliente1417@aurora.example,1997-02-14,Brasília,DF,Centro-Oeste,2022-12-05T15:00:00+00,true
CLI-00001418,Cliente Sintético 1418,cliente1418@aurora.example,1998-03-15,Belo Horizonte,MG,Sudeste,2022-12-06T15:00:00+00,false
CLI-00001419,Cliente Sintético 1419,cliente1419@aurora.example,1999-04-16,Curitiba,PR,Sul,2022-12-07T15:00:00+00,true
CLI-00001420,Cliente Sintético 1420,cliente1420@aurora.example,2000-05-17,Rio de Janeiro,RJ,Sudeste,2022-12-08T15:00:00+00,false
CLI-00001421,Cliente Sintético 1421,cliente1421@aurora.example,2001-06-18,Porto Alegre,RS,Sul,2022-12-09T15:00:00+00,true
CLI-00001422,Cliente Sintético 1422,cliente1422@aurora.example,2002-07-19,São Paulo,SP,Sudeste,2022-12-10T15:00:00+00,false
CLI-00001423,Cliente Sintético 1423,cliente1423@aurora.example,2003-08-20,Rio Branco,AC,Norte,2022-12-11T15:00:00+00,true
CLI-00001424,Cliente Sintético 1424,cliente1424@aurora.example,2004-09-21,Maceió,AL,Nordeste,2022-12-12T15:00:00+00,false
CLI-00001425,Cliente Sintético 1425,cliente1425@aurora.example,2005-10-22,Salvador,BA,Nordeste,2022-12-13T15:00:00+00,true
CLI-00001426,Cliente Sintético 1426,cliente1426@aurora.example,2006-11-23,Brasília,DF,Centro-Oeste,2022-12-14T15:00:00+00,false
CLI-00001427,Cliente Sintético 1427,cliente1427@aurora.example,2007-12-24,Belo Horizonte,MG,Sudeste,2022-12-15T15:00:00+00,true
CLI-00001428,Cliente Sintético 1428,cliente1428@aurora.example,1940-01-25,Curitiba,PR,Sul,2022-12-16T15:00:00+00,false
CLI-00001429,Cliente Sintético 1429,cliente1429@aurora.example,1941-02-26,Rio de Janeiro,RJ,Sudeste,2022-12-17T15:00:00+00,true
CLI-00001430,Cliente Sintético 1430,cliente1430@aurora.example,1942-03-27,Porto Alegre,RS,Sul,2022-12-18T15:00:00+00,false
CLI-00001431,Cliente Sintético 1431,cliente1431@aurora.example,1943-04-01,São Paulo,SP,Sudeste,2022-12-19T15:00:00+00,true
CLI-00001432,Cliente Sintético 1432,cliente1432@aurora.example,1944-05-02,Rio Branco,AC,Norte,2022-12-20T15:00:00+00,false
CLI-00001433,Cliente Sintético 1433,cliente1433@aurora.example,1945-06-03,Maceió,AL,Nordeste,2022-12-21T15:00:00+00,true
CLI-00001434,Cliente Sintético 1434,cliente1434@aurora.example,1946-07-04,Salvador,BA,Nordeste,2022-12-22T15:00:00+00,false
CLI-00001435,Cliente Sintético 1435,cliente1435@aurora.example,1947-08-05,Brasília,DF,Centro-Oeste,2022-12-23T15:00:00+00,true
CLI-00001436,Cliente Sintético 1436,cliente1436@aurora.example,1948-09-06,Belo Horizonte,MG,Sudeste,2022-12-24T15:00:00+00,false
CLI-00001437,Cliente Sintético 1437,cliente1437@aurora.example,1949-10-07,Curitiba,PR,Sul,2022-12-25T15:00:00+00,true
CLI-00001438,Cliente Sintético 1438,cliente1438@aurora.example,1950-11-08,Rio de Janeiro,RJ,Sudeste,2022-12-26T15:00:00+00,false
CLI-00001439,Cliente Sintético 1439,cliente1439@aurora.example,1951-12-09,Porto Alegre,RS,Sul,2022-12-27T15:00:00+00,true
CLI-00001440,Cliente Sintético 1440,cliente1440@aurora.example,1952-01-10,São Paulo,SP,Sudeste,2022-07-01T15:00:00+00,false
CLI-00001441,Cliente Sintético 1441,cliente1441@aurora.example,1953-02-11,Rio Branco,AC,Norte,2022-07-02T15:00:00+00,true
CLI-00001442,Cliente Sintético 1442,cliente1442@aurora.example,1954-03-12,Maceió,AL,Nordeste,2022-07-03T15:00:00+00,false
CLI-00001443,Cliente Sintético 1443,cliente1443@aurora.example,1955-04-13,Salvador,BA,Nordeste,2022-07-04T15:00:00+00,true
CLI-00001444,Cliente Sintético 1444,cliente1444@aurora.example,1956-05-14,Brasília,DF,Centro-Oeste,2022-07-05T15:00:00+00,false
CLI-00001445,Cliente Sintético 1445,cliente1445@aurora.example,1957-06-15,Belo Horizonte,MG,Sudeste,2022-07-06T15:00:00+00,true
CLI-00001446,Cliente Sintético 1446,cliente1446@aurora.example,1958-07-16,Curitiba,PR,Sul,2022-07-07T15:00:00+00,false
CLI-00001447,Cliente Sintético 1447,cliente1447@aurora.example,1959-08-17,Rio de Janeiro,RJ,Sudeste,2022-07-08T15:00:00+00,true
CLI-00001448,Cliente Sintético 1448,cliente1448@aurora.example,1960-09-18,Porto Alegre,RS,Sul,2022-07-09T15:00:00+00,false
CLI-00001449,Cliente Sintético 1449,cliente1449@aurora.example,1961-10-19,São Paulo,SP,Sudeste,2022-07-10T15:00:00+00,true
CLI-00001450,Cliente Sintético 1450,cliente1450@aurora.example,1962-11-20,Rio Branco,AC,Norte,2022-07-11T15:00:00+00,false
CLI-00001451,Cliente Sintético 1451,cliente1451@aurora.example,1963-12-21,Maceió,AL,Nordeste,2022-07-12T15:00:00+00,true
CLI-00001452,Cliente Sintético 1452,cliente1452@aurora.example,1964-01-22,Salvador,BA,Nordeste,2022-07-13T15:00:00+00,false
CLI-00001453,Cliente Sintético 1453,cliente1453@aurora.example,1965-02-23,Brasília,DF,Centro-Oeste,2022-07-14T15:00:00+00,true
CLI-00001454,Cliente Sintético 1454,cliente1454@aurora.example,1966-03-24,Belo Horizonte,MG,Sudeste,2022-07-15T15:00:00+00,false
CLI-00001455,Cliente Sintético 1455,cliente1455@aurora.example,1967-04-25,Curitiba,PR,Sul,2022-07-16T15:00:00+00,true
CLI-00001456,Cliente Sintético 1456,cliente1456@aurora.example,1968-05-26,Rio de Janeiro,RJ,Sudeste,2022-07-17T15:00:00+00,false
CLI-00001457,Cliente Sintético 1457,cliente1457@aurora.example,1969-06-27,Porto Alegre,RS,Sul,2022-07-18T15:00:00+00,true
CLI-00001458,Cliente Sintético 1458,cliente1458@aurora.example,1970-07-01,São Paulo,SP,Sudeste,2022-07-19T15:00:00+00,false
CLI-00001459,Cliente Sintético 1459,cliente1459@aurora.example,1971-08-02,Rio Branco,AC,Norte,2022-07-20T15:00:00+00,true
CLI-00001460,Cliente Sintético 1460,cliente1460@aurora.example,1972-09-03,Maceió,AL,Nordeste,2022-07-21T15:00:00+00,false
CLI-00001461,Cliente Sintético 1461,cliente1461@aurora.example,1973-10-04,Salvador,BA,Nordeste,2022-07-22T15:00:00+00,true
CLI-00001462,Cliente Sintético 1462,cliente1462@aurora.example,1974-11-05,Brasília,DF,Centro-Oeste,2022-07-23T15:00:00+00,false
CLI-00001463,Cliente Sintético 1463,cliente1463@aurora.example,1975-12-06,Belo Horizonte,MG,Sudeste,2022-07-24T15:00:00+00,true
CLI-00001464,Cliente Sintético 1464,cliente1464@aurora.example,1976-01-07,Curitiba,PR,Sul,2022-07-25T15:00:00+00,false
CLI-00001465,Cliente Sintético 1465,cliente1465@aurora.example,1977-02-08,Rio de Janeiro,RJ,Sudeste,2022-07-26T15:00:00+00,true
CLI-00001466,Cliente Sintético 1466,cliente1466@aurora.example,1978-03-09,Porto Alegre,RS,Sul,2022-07-27T15:00:00+00,false
CLI-00001467,Cliente Sintético 1467,cliente1467@aurora.example,1979-04-10,São Paulo,SP,Sudeste,2022-07-28T15:00:00+00,true
CLI-00001468,Cliente Sintético 1468,cliente1468@aurora.example,1980-05-11,Rio Branco,AC,Norte,2022-07-29T15:00:00+00,false
CLI-00001469,Cliente Sintético 1469,cliente1469@aurora.example,1981-06-12,Maceió,AL,Nordeste,2022-07-30T15:00:00+00,true
CLI-00001470,Cliente Sintético 1470,cliente1470@aurora.example,1982-07-13,Salvador,BA,Nordeste,2022-07-31T15:00:00+00,false
CLI-00001471,Cliente Sintético 1471,cliente1471@aurora.example,1983-08-14,Brasília,DF,Centro-Oeste,2022-08-01T15:00:00+00,true
CLI-00001472,Cliente Sintético 1472,cliente1472@aurora.example,1984-09-15,Belo Horizonte,MG,Sudeste,2022-08-02T15:00:00+00,false
CLI-00001473,Cliente Sintético 1473,cliente1473@aurora.example,1985-10-16,Curitiba,PR,Sul,2022-08-03T15:00:00+00,true
CLI-00001474,Cliente Sintético 1474,cliente1474@aurora.example,1986-11-17,Rio de Janeiro,RJ,Sudeste,2022-08-04T15:00:00+00,false
CLI-00001475,Cliente Sintético 1475,cliente1475@aurora.example,1987-12-18,Porto Alegre,RS,Sul,2022-08-05T15:00:00+00,true
CLI-00001476,Cliente Sintético 1476,cliente1476@aurora.example,1988-01-19,São Paulo,SP,Sudeste,2022-08-06T15:00:00+00,false
CLI-00001477,Cliente Sintético 1477,cliente1477@aurora.example,1989-02-20,Rio Branco,AC,Norte,2022-08-07T15:00:00+00,true
CLI-00001478,Cliente Sintético 1478,cliente1478@aurora.example,1990-03-21,Maceió,AL,Nordeste,2022-08-08T15:00:00+00,false
CLI-00001479,Cliente Sintético 1479,cliente1479@aurora.example,1991-04-22,Salvador,BA,Nordeste,2022-08-09T15:00:00+00,true
CLI-00001480,Cliente Sintético 1480,cliente1480@aurora.example,1992-05-23,Brasília,DF,Centro-Oeste,2022-08-10T15:00:00+00,false
CLI-00001481,Cliente Sintético 1481,cliente1481@aurora.example,1993-06-24,Belo Horizonte,MG,Sudeste,2022-08-11T15:00:00+00,true
CLI-00001482,Cliente Sintético 1482,cliente1482@aurora.example,1994-07-25,Curitiba,PR,Sul,2022-08-12T15:00:00+00,false
CLI-00001483,Cliente Sintético 1483,cliente1483@aurora.example,1995-08-26,Rio de Janeiro,RJ,Sudeste,2022-08-13T15:00:00+00,true
CLI-00001484,Cliente Sintético 1484,cliente1484@aurora.example,1996-09-27,Porto Alegre,RS,Sul,2022-08-14T15:00:00+00,false
CLI-00001485,Cliente Sintético 1485,cliente1485@aurora.example,1997-10-01,São Paulo,SP,Sudeste,2022-08-15T15:00:00+00,true
CLI-00001486,Cliente Sintético 1486,cliente1486@aurora.example,1998-11-02,Rio Branco,AC,Norte,2022-08-16T15:00:00+00,false
CLI-00001487,Cliente Sintético 1487,cliente1487@aurora.example,1999-12-03,Maceió,AL,Nordeste,2022-08-17T15:00:00+00,true
CLI-00001488,Cliente Sintético 1488,cliente1488@aurora.example,2000-01-04,Salvador,BA,Nordeste,2022-08-18T15:00:00+00,false
CLI-00001489,Cliente Sintético 1489,cliente1489@aurora.example,2001-02-05,Brasília,DF,Centro-Oeste,2022-08-19T15:00:00+00,true
CLI-00001490,Cliente Sintético 1490,cliente1490@aurora.example,2002-03-06,Belo Horizonte,MG,Sudeste,2022-08-20T15:00:00+00,false
CLI-00001491,Cliente Sintético 1491,cliente1491@aurora.example,2003-04-07,Curitiba,PR,Sul,2022-08-21T15:00:00+00,true
CLI-00001492,Cliente Sintético 1492,cliente1492@aurora.example,2004-05-08,Rio de Janeiro,RJ,Sudeste,2022-08-22T15:00:00+00,false
CLI-00001493,Cliente Sintético 1493,cliente1493@aurora.example,2005-06-09,Porto Alegre,RS,Sul,2022-08-23T15:00:00+00,true
CLI-00001494,Cliente Sintético 1494,cliente1494@aurora.example,2006-07-10,São Paulo,SP,Sudeste,2022-08-24T15:00:00+00,false
CLI-00001495,Cliente Sintético 1495,cliente1495@aurora.example,2007-08-11,Rio Branco,AC,Norte,2022-08-25T15:00:00+00,true
CLI-00001496,Cliente Sintético 1496,cliente1496@aurora.example,1940-09-12,Maceió,AL,Nordeste,2022-08-26T15:00:00+00,false
CLI-00001497,Cliente Sintético 1497,cliente1497@aurora.example,1941-10-13,Salvador,BA,Nordeste,2022-08-27T15:00:00+00,true
CLI-00001498,Cliente Sintético 1498,cliente1498@aurora.example,1942-11-14,Brasília,DF,Centro-Oeste,2022-08-28T15:00:00+00,false
CLI-00001499,Cliente Sintético 1499,cliente1499@aurora.example,1943-12-15,Belo Horizonte,MG,Sudeste,2022-08-29T15:00:00+00,true
CLI-00001500,Cliente Sintético 1500,cliente1500@aurora.example,1944-01-16,Curitiba,PR,Sul,2022-08-30T15:00:00+00,false
CLI-00001501,Cliente Sintético 1501,cliente1501@aurora.example,1945-02-17,Rio de Janeiro,RJ,Sudeste,2022-08-31T15:00:00+00,true
CLI-00001502,Cliente Sintético 1502,cliente1502@aurora.example,1946-03-18,Porto Alegre,RS,Sul,2022-09-01T15:00:00+00,false
CLI-00001503,Cliente Sintético 1503,cliente1503@aurora.example,1947-04-19,São Paulo,SP,Sudeste,2022-09-02T15:00:00+00,true
CLI-00001504,Cliente Sintético 1504,cliente1504@aurora.example,1948-05-20,Rio Branco,AC,Norte,2022-09-03T15:00:00+00,false
CLI-00001505,Cliente Sintético 1505,cliente1505@aurora.example,1949-06-21,Maceió,AL,Nordeste,2022-09-04T15:00:00+00,true
CLI-00001506,Cliente Sintético 1506,cliente1506@aurora.example,1950-07-22,Salvador,BA,Nordeste,2022-09-05T15:00:00+00,false
CLI-00001507,Cliente Sintético 1507,cliente1507@aurora.example,1951-08-23,Brasília,DF,Centro-Oeste,2022-09-06T15:00:00+00,true
CLI-00001508,Cliente Sintético 1508,cliente1508@aurora.example,1952-09-24,Belo Horizonte,MG,Sudeste,2022-09-07T15:00:00+00,false
CLI-00001509,Cliente Sintético 1509,cliente1509@aurora.example,1953-10-25,Curitiba,PR,Sul,2022-09-08T15:00:00+00,true
CLI-00001510,Cliente Sintético 1510,cliente1510@aurora.example,1954-11-26,Rio de Janeiro,RJ,Sudeste,2022-09-09T15:00:00+00,false
CLI-00001511,Cliente Sintético 1511,cliente1511@aurora.example,1955-12-27,Porto Alegre,RS,Sul,2022-09-10T15:00:00+00,true
CLI-00001512,Cliente Sintético 1512,cliente1512@aurora.example,1956-01-01,São Paulo,SP,Sudeste,2022-09-11T15:00:00+00,false
CLI-00001513,Cliente Sintético 1513,cliente1513@aurora.example,1957-02-02,Rio Branco,AC,Norte,2022-09-12T15:00:00+00,true
CLI-00001514,Cliente Sintético 1514,cliente1514@aurora.example,1958-03-03,Maceió,AL,Nordeste,2022-09-13T15:00:00+00,false
CLI-00001515,Cliente Sintético 1515,cliente1515@aurora.example,1959-04-04,Salvador,BA,Nordeste,2022-09-14T15:00:00+00,true
CLI-00001516,Cliente Sintético 1516,cliente1516@aurora.example,1960-05-05,Brasília,DF,Centro-Oeste,2022-09-15T15:00:00+00,false
CLI-00001517,Cliente Sintético 1517,cliente1517@aurora.example,1961-06-06,Belo Horizonte,MG,Sudeste,2022-09-16T15:00:00+00,true
CLI-00001518,Cliente Sintético 1518,cliente1518@aurora.example,1962-07-07,Curitiba,PR,Sul,2022-09-17T15:00:00+00,false
CLI-00001519,Cliente Sintético 1519,cliente1519@aurora.example,1963-08-08,Rio de Janeiro,RJ,Sudeste,2022-09-18T15:00:00+00,true
CLI-00001520,Cliente Sintético 1520,cliente1520@aurora.example,1964-09-09,Porto Alegre,RS,Sul,2022-09-19T15:00:00+00,false
CLI-00001521,Cliente Sintético 1521,cliente1521@aurora.example,1965-10-10,São Paulo,SP,Sudeste,2022-09-20T15:00:00+00,true
CLI-00001522,Cliente Sintético 1522,cliente1522@aurora.example,1966-11-11,Rio Branco,AC,Norte,2022-09-21T15:00:00+00,false
CLI-00001523,Cliente Sintético 1523,cliente1523@aurora.example,1967-12-12,Maceió,AL,Nordeste,2022-09-22T15:00:00+00,true
CLI-00001524,Cliente Sintético 1524,cliente1524@aurora.example,1968-01-13,Salvador,BA,Nordeste,2022-09-23T15:00:00+00,false
CLI-00001525,Cliente Sintético 1525,cliente1525@aurora.example,1969-02-14,Brasília,DF,Centro-Oeste,2022-09-24T15:00:00+00,true
CLI-00001526,Cliente Sintético 1526,cliente1526@aurora.example,1970-03-15,Belo Horizonte,MG,Sudeste,2022-09-25T15:00:00+00,false
CLI-00001527,Cliente Sintético 1527,cliente1527@aurora.example,1971-04-16,Curitiba,PR,Sul,2022-09-26T15:00:00+00,true
CLI-00001528,Cliente Sintético 1528,cliente1528@aurora.example,1972-05-17,Rio de Janeiro,RJ,Sudeste,2022-09-27T15:00:00+00,false
CLI-00001529,Cliente Sintético 1529,cliente1529@aurora.example,1973-06-18,Porto Alegre,RS,Sul,2022-09-28T15:00:00+00,true
CLI-00001530,Cliente Sintético 1530,cliente1530@aurora.example,1974-07-19,São Paulo,SP,Sudeste,2022-09-29T15:00:00+00,false
CLI-00001531,Cliente Sintético 1531,cliente1531@aurora.example,1975-08-20,Rio Branco,AC,Norte,2022-09-30T15:00:00+00,true
CLI-00001532,Cliente Sintético 1532,cliente1532@aurora.example,1976-09-21,Maceió,AL,Nordeste,2022-10-01T15:00:00+00,false
CLI-00001533,Cliente Sintético 1533,cliente1533@aurora.example,1977-10-22,Salvador,BA,Nordeste,2022-10-02T15:00:00+00,true
CLI-00001534,Cliente Sintético 1534,cliente1534@aurora.example,1978-11-23,Brasília,DF,Centro-Oeste,2022-10-03T15:00:00+00,false
CLI-00001535,Cliente Sintético 1535,cliente1535@aurora.example,1979-12-24,Belo Horizonte,MG,Sudeste,2022-10-04T15:00:00+00,true
CLI-00001536,Cliente Sintético 1536,cliente1536@aurora.example,1980-01-25,Curitiba,PR,Sul,2022-10-05T15:00:00+00,false
CLI-00001537,Cliente Sintético 1537,cliente1537@aurora.example,1981-02-26,Rio de Janeiro,RJ,Sudeste,2022-10-06T15:00:00+00,true
CLI-00001538,Cliente Sintético 1538,cliente1538@aurora.example,1982-03-27,Porto Alegre,RS,Sul,2022-10-07T15:00:00+00,false
CLI-00001539,Cliente Sintético 1539,cliente1539@aurora.example,1983-04-01,São Paulo,SP,Sudeste,2022-10-08T15:00:00+00,true
CLI-00001540,Cliente Sintético 1540,cliente1540@aurora.example,1984-05-02,Rio Branco,AC,Norte,2022-10-09T15:00:00+00,false
CLI-00001541,Cliente Sintético 1541,cliente1541@aurora.example,1985-06-03,Maceió,AL,Nordeste,2022-10-10T15:00:00+00,true
CLI-00001542,Cliente Sintético 1542,cliente1542@aurora.example,1986-07-04,Salvador,BA,Nordeste,2022-10-11T15:00:00+00,false
CLI-00001543,Cliente Sintético 1543,cliente1543@aurora.example,1987-08-05,Brasília,DF,Centro-Oeste,2022-10-12T15:00:00+00,true
CLI-00001544,Cliente Sintético 1544,cliente1544@aurora.example,1988-09-06,Belo Horizonte,MG,Sudeste,2022-10-13T15:00:00+00,false
CLI-00001545,Cliente Sintético 1545,cliente1545@aurora.example,1989-10-07,Curitiba,PR,Sul,2022-10-14T15:00:00+00,true
CLI-00001546,Cliente Sintético 1546,cliente1546@aurora.example,1990-11-08,Rio de Janeiro,RJ,Sudeste,2022-10-15T15:00:00+00,false
CLI-00001547,Cliente Sintético 1547,cliente1547@aurora.example,1991-12-09,Porto Alegre,RS,Sul,2022-10-16T15:00:00+00,true
CLI-00001548,Cliente Sintético 1548,cliente1548@aurora.example,1992-01-10,São Paulo,SP,Sudeste,2022-10-17T15:00:00+00,false
CLI-00001549,Cliente Sintético 1549,cliente1549@aurora.example,1993-02-11,Rio Branco,AC,Norte,2022-10-18T15:00:00+00,true
CLI-00001550,Cliente Sintético 1550,cliente1550@aurora.example,1994-03-12,Maceió,AL,Nordeste,2022-10-19T15:00:00+00,false
CLI-00001551,Cliente Sintético 1551,cliente1551@aurora.example,1995-04-13,Salvador,BA,Nordeste,2022-10-20T15:00:00+00,true
CLI-00001552,Cliente Sintético 1552,cliente1552@aurora.example,1996-05-14,Brasília,DF,Centro-Oeste,2022-10-21T15:00:00+00,false
CLI-00001553,Cliente Sintético 1553,cliente1553@aurora.example,1997-06-15,Belo Horizonte,MG,Sudeste,2022-10-22T15:00:00+00,true
CLI-00001554,Cliente Sintético 1554,cliente1554@aurora.example,1998-07-16,Curitiba,PR,Sul,2022-10-23T15:00:00+00,false
CLI-00001555,Cliente Sintético 1555,cliente1555@aurora.example,1999-08-17,Rio de Janeiro,RJ,Sudeste,2022-10-24T15:00:00+00,true
CLI-00001556,Cliente Sintético 1556,cliente1556@aurora.example,2000-09-18,Porto Alegre,RS,Sul,2022-10-25T15:00:00+00,false
CLI-00001557,Cliente Sintético 1557,cliente1557@aurora.example,2001-10-19,São Paulo,SP,Sudeste,2022-10-26T15:00:00+00,true
CLI-00001558,Cliente Sintético 1558,cliente1558@aurora.example,2002-11-20,Rio Branco,AC,Norte,2022-10-27T15:00:00+00,false
CLI-00001559,Cliente Sintético 1559,cliente1559@aurora.example,2003-12-21,Maceió,AL,Nordeste,2022-10-28T15:00:00+00,true
CLI-00001560,Cliente Sintético 1560,cliente1560@aurora.example,2004-01-22,Salvador,BA,Nordeste,2022-10-29T15:00:00+00,false
CLI-00001561,Cliente Sintético 1561,cliente1561@aurora.example,2005-02-23,Brasília,DF,Centro-Oeste,2022-10-30T15:00:00+00,true
CLI-00001562,Cliente Sintético 1562,cliente1562@aurora.example,2006-03-24,Belo Horizonte,MG,Sudeste,2022-10-31T15:00:00+00,false
CLI-00001563,Cliente Sintético 1563,cliente1563@aurora.example,2007-04-25,Curitiba,PR,Sul,2022-11-01T15:00:00+00,true
CLI-00001564,Cliente Sintético 1564,cliente1564@aurora.example,1940-05-26,Rio de Janeiro,RJ,Sudeste,2022-11-02T15:00:00+00,false
CLI-00001565,Cliente Sintético 1565,cliente1565@aurora.example,1941-06-27,Porto Alegre,RS,Sul,2022-11-03T15:00:00+00,true
CLI-00001566,Cliente Sintético 1566,cliente1566@aurora.example,1942-07-01,São Paulo,SP,Sudeste,2022-11-04T15:00:00+00,false
CLI-00001567,Cliente Sintético 1567,cliente1567@aurora.example,1943-08-02,Rio Branco,AC,Norte,2022-11-05T15:00:00+00,true
CLI-00001568,Cliente Sintético 1568,cliente1568@aurora.example,1944-09-03,Maceió,AL,Nordeste,2022-11-06T15:00:00+00,false
CLI-00001569,Cliente Sintético 1569,cliente1569@aurora.example,1945-10-04,Salvador,BA,Nordeste,2022-11-07T15:00:00+00,true
CLI-00001570,Cliente Sintético 1570,cliente1570@aurora.example,1946-11-05,Brasília,DF,Centro-Oeste,2022-11-08T15:00:00+00,false
CLI-00001571,Cliente Sintético 1571,cliente1571@aurora.example,1947-12-06,Belo Horizonte,MG,Sudeste,2022-11-09T15:00:00+00,true
CLI-00001572,Cliente Sintético 1572,cliente1572@aurora.example,1948-01-07,Curitiba,PR,Sul,2022-11-10T15:00:00+00,false
CLI-00001573,Cliente Sintético 1573,cliente1573@aurora.example,1949-02-08,Rio de Janeiro,RJ,Sudeste,2022-11-11T15:00:00+00,true
CLI-00001574,Cliente Sintético 1574,cliente1574@aurora.example,1950-03-09,Porto Alegre,RS,Sul,2022-11-12T15:00:00+00,false
CLI-00001575,Cliente Sintético 1575,cliente1575@aurora.example,1951-04-10,São Paulo,SP,Sudeste,2022-11-13T15:00:00+00,true
CLI-00001576,Cliente Sintético 1576,cliente1576@aurora.example,1952-05-11,Rio Branco,AC,Norte,2022-11-14T15:00:00+00,false
CLI-00001577,Cliente Sintético 1577,cliente1577@aurora.example,1953-06-12,Maceió,AL,Nordeste,2022-11-15T15:00:00+00,true
CLI-00001578,Cliente Sintético 1578,cliente1578@aurora.example,1954-07-13,Salvador,BA,Nordeste,2022-11-16T15:00:00+00,false
CLI-00001579,Cliente Sintético 1579,cliente1579@aurora.example,1955-08-14,Brasília,DF,Centro-Oeste,2022-11-17T15:00:00+00,true
CLI-00001580,Cliente Sintético 1580,cliente1580@aurora.example,1956-09-15,Belo Horizonte,MG,Sudeste,2022-11-18T15:00:00+00,false
CLI-00001581,Cliente Sintético 1581,cliente1581@aurora.example,1957-10-16,Curitiba,PR,Sul,2022-11-19T15:00:00+00,true
CLI-00001582,Cliente Sintético 1582,cliente1582@aurora.example,1958-11-17,Rio de Janeiro,RJ,Sudeste,2022-11-20T15:00:00+00,false
CLI-00001583,Cliente Sintético 1583,cliente1583@aurora.example,1959-12-18,Porto Alegre,RS,Sul,2022-11-21T15:00:00+00,true
CLI-00001584,Cliente Sintético 1584,cliente1584@aurora.example,1960-01-19,São Paulo,SP,Sudeste,2022-11-22T15:00:00+00,false
CLI-00001585,Cliente Sintético 1585,cliente1585@aurora.example,1961-02-20,Rio Branco,AC,Norte,2022-11-23T15:00:00+00,true
CLI-00001586,Cliente Sintético 1586,cliente1586@aurora.example,1962-03-21,Maceió,AL,Nordeste,2022-11-24T15:00:00+00,false
CLI-00001587,Cliente Sintético 1587,cliente1587@aurora.example,1963-04-22,Salvador,BA,Nordeste,2022-11-25T15:00:00+00,true
CLI-00001588,Cliente Sintético 1588,cliente1588@aurora.example,1964-05-23,Brasília,DF,Centro-Oeste,2022-11-26T15:00:00+00,false
CLI-00001589,Cliente Sintético 1589,cliente1589@aurora.example,1965-06-24,Belo Horizonte,MG,Sudeste,2022-11-27T15:00:00+00,true
CLI-00001590,Cliente Sintético 1590,cliente1590@aurora.example,1966-07-25,Curitiba,PR,Sul,2022-11-28T15:00:00+00,false
CLI-00001591,Cliente Sintético 1591,cliente1591@aurora.example,1967-08-26,Rio de Janeiro,RJ,Sudeste,2022-11-29T15:00:00+00,true
CLI-00001592,Cliente Sintético 1592,cliente1592@aurora.example,1968-09-27,Porto Alegre,RS,Sul,2022-11-30T15:00:00+00,false
CLI-00001593,Cliente Sintético 1593,cliente1593@aurora.example,1969-10-01,São Paulo,SP,Sudeste,2022-12-01T15:00:00+00,true
CLI-00001594,Cliente Sintético 1594,cliente1594@aurora.example,1970-11-02,Rio Branco,AC,Norte,2022-12-02T15:00:00+00,false
CLI-00001595,Cliente Sintético 1595,cliente1595@aurora.example,1971-12-03,Maceió,AL,Nordeste,2022-12-03T15:00:00+00,true
CLI-00001596,Cliente Sintético 1596,cliente1596@aurora.example,1972-01-04,Salvador,BA,Nordeste,2022-12-04T15:00:00+00,false
CLI-00001597,Cliente Sintético 1597,cliente1597@aurora.example,1973-02-05,Brasília,DF,Centro-Oeste,2022-12-05T15:00:00+00,true
CLI-00001598,Cliente Sintético 1598,cliente1598@aurora.example,1974-03-06,Belo Horizonte,MG,Sudeste,2022-12-06T15:00:00+00,false
CLI-00001599,Cliente Sintético 1599,cliente1599@aurora.example,1975-04-07,Curitiba,PR,Sul,2022-12-07T15:00:00+00,true
CLI-00001600,Cliente Sintético 1600,cliente1600@aurora.example,1976-05-08,Rio de Janeiro,RJ,Sudeste,2022-12-08T15:00:00+00,false
CLI-00001601,Cliente Sintético 1601,cliente1601@aurora.example,1977-06-09,Porto Alegre,RS,Sul,2022-12-09T15:00:00+00,true
CLI-00001602,Cliente Sintético 1602,cliente1602@aurora.example,1978-07-10,São Paulo,SP,Sudeste,2022-12-10T15:00:00+00,false
CLI-00001603,Cliente Sintético 1603,cliente1603@aurora.example,1979-08-11,Rio Branco,AC,Norte,2022-12-11T15:00:00+00,true
CLI-00001604,Cliente Sintético 1604,cliente1604@aurora.example,1980-09-12,Maceió,AL,Nordeste,2022-12-12T15:00:00+00,false
CLI-00001605,Cliente Sintético 1605,cliente1605@aurora.example,1981-10-13,Salvador,BA,Nordeste,2022-12-13T15:00:00+00,true
CLI-00001606,Cliente Sintético 1606,cliente1606@aurora.example,1982-11-14,Brasília,DF,Centro-Oeste,2022-12-14T15:00:00+00,false
CLI-00001607,Cliente Sintético 1607,cliente1607@aurora.example,1983-12-15,Belo Horizonte,MG,Sudeste,2022-12-15T15:00:00+00,true
CLI-00001608,Cliente Sintético 1608,cliente1608@aurora.example,1984-01-16,Curitiba,PR,Sul,2022-12-16T15:00:00+00,false
CLI-00001609,Cliente Sintético 1609,cliente1609@aurora.example,1985-02-17,Rio de Janeiro,RJ,Sudeste,2022-12-17T15:00:00+00,true
CLI-00001610,Cliente Sintético 1610,cliente1610@aurora.example,1986-03-18,Porto Alegre,RS,Sul,2022-12-18T15:00:00+00,false
CLI-00001611,Cliente Sintético 1611,cliente1611@aurora.example,1987-04-19,São Paulo,SP,Sudeste,2022-12-19T15:00:00+00,true
CLI-00001612,Cliente Sintético 1612,cliente1612@aurora.example,1988-05-20,Rio Branco,AC,Norte,2022-12-20T15:00:00+00,false
CLI-00001613,Cliente Sintético 1613,cliente1613@aurora.example,1989-06-21,Maceió,AL,Nordeste,2022-12-21T15:00:00+00,true
CLI-00001614,Cliente Sintético 1614,cliente1614@aurora.example,1990-07-22,Salvador,BA,Nordeste,2022-12-22T15:00:00+00,false
CLI-00001615,Cliente Sintético 1615,cliente1615@aurora.example,1991-08-23,Brasília,DF,Centro-Oeste,2022-12-23T15:00:00+00,true
CLI-00001616,Cliente Sintético 1616,cliente1616@aurora.example,1992-09-24,Belo Horizonte,MG,Sudeste,2022-12-24T15:00:00+00,false
CLI-00001617,Cliente Sintético 1617,cliente1617@aurora.example,1993-10-25,Curitiba,PR,Sul,2022-12-25T15:00:00+00,true
CLI-00001618,Cliente Sintético 1618,cliente1618@aurora.example,1994-11-26,Rio de Janeiro,RJ,Sudeste,2022-12-26T15:00:00+00,false
CLI-00001619,Cliente Sintético 1619,cliente1619@aurora.example,1995-12-27,Porto Alegre,RS,Sul,2022-12-27T15:00:00+00,true
CLI-00001620,Cliente Sintético 1620,cliente1620@aurora.example,1996-01-01,São Paulo,SP,Sudeste,2022-07-01T15:00:00+00,false
CLI-00001621,Cliente Sintético 1621,cliente1621@aurora.example,1997-02-02,Rio Branco,AC,Norte,2022-07-02T15:00:00+00,true
CLI-00001622,Cliente Sintético 1622,cliente1622@aurora.example,1998-03-03,Maceió,AL,Nordeste,2022-07-03T15:00:00+00,false
CLI-00001623,Cliente Sintético 1623,cliente1623@aurora.example,1999-04-04,Salvador,BA,Nordeste,2022-07-04T15:00:00+00,true
CLI-00001624,Cliente Sintético 1624,cliente1624@aurora.example,2000-05-05,Brasília,DF,Centro-Oeste,2022-07-05T15:00:00+00,false
CLI-00001625,Cliente Sintético 1625,cliente1625@aurora.example,2001-06-06,Belo Horizonte,MG,Sudeste,2022-07-06T15:00:00+00,true
CLI-00001626,Cliente Sintético 1626,cliente1626@aurora.example,2002-07-07,Curitiba,PR,Sul,2022-07-07T15:00:00+00,false
CLI-00001627,Cliente Sintético 1627,cliente1627@aurora.example,2003-08-08,Rio de Janeiro,RJ,Sudeste,2022-07-08T15:00:00+00,true
CLI-00001628,Cliente Sintético 1628,cliente1628@aurora.example,2004-09-09,Porto Alegre,RS,Sul,2022-07-09T15:00:00+00,false
CLI-00001629,Cliente Sintético 1629,cliente1629@aurora.example,2005-10-10,São Paulo,SP,Sudeste,2022-07-10T15:00:00+00,true
CLI-00001630,Cliente Sintético 1630,cliente1630@aurora.example,2006-11-11,Rio Branco,AC,Norte,2022-07-11T15:00:00+00,false
CLI-00001631,Cliente Sintético 1631,cliente1631@aurora.example,2007-12-12,Maceió,AL,Nordeste,2022-07-12T15:00:00+00,true
CLI-00001632,Cliente Sintético 1632,cliente1632@aurora.example,1940-01-13,Salvador,BA,Nordeste,2022-07-13T15:00:00+00,false
CLI-00001633,Cliente Sintético 1633,cliente1633@aurora.example,1941-02-14,Brasília,DF,Centro-Oeste,2022-07-14T15:00:00+00,true
CLI-00001634,Cliente Sintético 1634,cliente1634@aurora.example,1942-03-15,Belo Horizonte,MG,Sudeste,2022-07-15T15:00:00+00,false
CLI-00001635,Cliente Sintético 1635,cliente1635@aurora.example,1943-04-16,Curitiba,PR,Sul,2022-07-16T15:00:00+00,true
CLI-00001636,Cliente Sintético 1636,cliente1636@aurora.example,1944-05-17,Rio de Janeiro,RJ,Sudeste,2022-07-17T15:00:00+00,false
CLI-00001637,Cliente Sintético 1637,cliente1637@aurora.example,1945-06-18,Porto Alegre,RS,Sul,2022-07-18T15:00:00+00,true
CLI-00001638,Cliente Sintético 1638,cliente1638@aurora.example,1946-07-19,São Paulo,SP,Sudeste,2022-07-19T15:00:00+00,false
CLI-00001639,Cliente Sintético 1639,cliente1639@aurora.example,1947-08-20,Rio Branco,AC,Norte,2022-07-20T15:00:00+00,true
CLI-00001640,Cliente Sintético 1640,cliente1640@aurora.example,1948-09-21,Maceió,AL,Nordeste,2022-07-21T15:00:00+00,false
CLI-00001641,Cliente Sintético 1641,cliente1641@aurora.example,1949-10-22,Salvador,BA,Nordeste,2022-07-22T15:00:00+00,true
CLI-00001642,Cliente Sintético 1642,cliente1642@aurora.example,1950-11-23,Brasília,DF,Centro-Oeste,2022-07-23T15:00:00+00,false
CLI-00001643,Cliente Sintético 1643,cliente1643@aurora.example,1951-12-24,Belo Horizonte,MG,Sudeste,2022-07-24T15:00:00+00,true
CLI-00001644,Cliente Sintético 1644,cliente1644@aurora.example,1952-01-25,Curitiba,PR,Sul,2022-07-25T15:00:00+00,false
CLI-00001645,Cliente Sintético 1645,cliente1645@aurora.example,1953-02-26,Rio de Janeiro,RJ,Sudeste,2022-07-26T15:00:00+00,true
CLI-00001646,Cliente Sintético 1646,cliente1646@aurora.example,1954-03-27,Porto Alegre,RS,Sul,2022-07-27T15:00:00+00,false
CLI-00001647,Cliente Sintético 1647,cliente1647@aurora.example,1955-04-01,São Paulo,SP,Sudeste,2022-07-28T15:00:00+00,true
CLI-00001648,Cliente Sintético 1648,cliente1648@aurora.example,1956-05-02,Rio Branco,AC,Norte,2022-07-29T15:00:00+00,false
CLI-00001649,Cliente Sintético 1649,cliente1649@aurora.example,1957-06-03,Maceió,AL,Nordeste,2022-07-30T15:00:00+00,true
CLI-00001650,Cliente Sintético 1650,cliente1650@aurora.example,1958-07-04,Salvador,BA,Nordeste,2022-07-31T15:00:00+00,false
CLI-00001651,Cliente Sintético 1651,cliente1651@aurora.example,1959-08-05,Brasília,DF,Centro-Oeste,2022-08-01T15:00:00+00,true
CLI-00001652,Cliente Sintético 1652,cliente1652@aurora.example,1960-09-06,Belo Horizonte,MG,Sudeste,2022-08-02T15:00:00+00,false
CLI-00001653,Cliente Sintético 1653,cliente1653@aurora.example,1961-10-07,Curitiba,PR,Sul,2022-08-03T15:00:00+00,true
CLI-00001654,Cliente Sintético 1654,cliente1654@aurora.example,1962-11-08,Rio de Janeiro,RJ,Sudeste,2022-08-04T15:00:00+00,false
CLI-00001655,Cliente Sintético 1655,cliente1655@aurora.example,1963-12-09,Porto Alegre,RS,Sul,2022-08-05T15:00:00+00,true
CLI-00001656,Cliente Sintético 1656,cliente1656@aurora.example,1964-01-10,São Paulo,SP,Sudeste,2022-08-06T15:00:00+00,false
CLI-00001657,Cliente Sintético 1657,cliente1657@aurora.example,1965-02-11,Rio Branco,AC,Norte,2022-08-07T15:00:00+00,true
CLI-00001658,Cliente Sintético 1658,cliente1658@aurora.example,1966-03-12,Maceió,AL,Nordeste,2022-08-08T15:00:00+00,false
CLI-00001659,Cliente Sintético 1659,cliente1659@aurora.example,1967-04-13,Salvador,BA,Nordeste,2022-08-09T15:00:00+00,true
CLI-00001660,Cliente Sintético 1660,cliente1660@aurora.example,1968-05-14,Brasília,DF,Centro-Oeste,2022-08-10T15:00:00+00,false
CLI-00001661,Cliente Sintético 1661,cliente1661@aurora.example,1969-06-15,Belo Horizonte,MG,Sudeste,2022-08-11T15:00:00+00,true
CLI-00001662,Cliente Sintético 1662,cliente1662@aurora.example,1970-07-16,Curitiba,PR,Sul,2022-08-12T15:00:00+00,false
CLI-00001663,Cliente Sintético 1663,cliente1663@aurora.example,1971-08-17,Rio de Janeiro,RJ,Sudeste,2022-08-13T15:00:00+00,true
CLI-00001664,Cliente Sintético 1664,cliente1664@aurora.example,1972-09-18,Porto Alegre,RS,Sul,2022-08-14T15:00:00+00,false
CLI-00001665,Cliente Sintético 1665,cliente1665@aurora.example,1973-10-19,São Paulo,SP,Sudeste,2022-08-15T15:00:00+00,true
CLI-00001666,Cliente Sintético 1666,cliente1666@aurora.example,1974-11-20,Rio Branco,AC,Norte,2022-08-16T15:00:00+00,false
CLI-00001667,Cliente Sintético 1667,cliente1667@aurora.example,1975-12-21,Maceió,AL,Nordeste,2022-08-17T15:00:00+00,true
CLI-00001668,Cliente Sintético 1668,cliente1668@aurora.example,1976-01-22,Salvador,BA,Nordeste,2022-08-18T15:00:00+00,false
CLI-00001669,Cliente Sintético 1669,cliente1669@aurora.example,1977-02-23,Brasília,DF,Centro-Oeste,2022-08-19T15:00:00+00,true
CLI-00001670,Cliente Sintético 1670,cliente1670@aurora.example,1978-03-24,Belo Horizonte,MG,Sudeste,2022-08-20T15:00:00+00,false
CLI-00001671,Cliente Sintético 1671,cliente1671@aurora.example,1979-04-25,Curitiba,PR,Sul,2022-08-21T15:00:00+00,true
CLI-00001672,Cliente Sintético 1672,cliente1672@aurora.example,1980-05-26,Rio de Janeiro,RJ,Sudeste,2022-08-22T15:00:00+00,false
CLI-00001673,Cliente Sintético 1673,cliente1673@aurora.example,1981-06-27,Porto Alegre,RS,Sul,2022-08-23T15:00:00+00,true
CLI-00001674,Cliente Sintético 1674,cliente1674@aurora.example,1982-07-01,São Paulo,SP,Sudeste,2022-08-24T15:00:00+00,false
CLI-00001675,Cliente Sintético 1675,cliente1675@aurora.example,1983-08-02,Rio Branco,AC,Norte,2022-08-25T15:00:00+00,true
CLI-00001676,Cliente Sintético 1676,cliente1676@aurora.example,1984-09-03,Maceió,AL,Nordeste,2022-08-26T15:00:00+00,false
CLI-00001677,Cliente Sintético 1677,cliente1677@aurora.example,1985-10-04,Salvador,BA,Nordeste,2022-08-27T15:00:00+00,true
CLI-00001678,Cliente Sintético 1678,cliente1678@aurora.example,1986-11-05,Brasília,DF,Centro-Oeste,2022-08-28T15:00:00+00,false
CLI-00001679,Cliente Sintético 1679,cliente1679@aurora.example,1987-12-06,Belo Horizonte,MG,Sudeste,2022-08-29T15:00:00+00,true
CLI-00001680,Cliente Sintético 1680,cliente1680@aurora.example,1988-01-07,Curitiba,PR,Sul,2022-08-30T15:00:00+00,false
CLI-00001681,Cliente Sintético 1681,cliente1681@aurora.example,1989-02-08,Rio de Janeiro,RJ,Sudeste,2022-08-31T15:00:00+00,true
CLI-00001682,Cliente Sintético 1682,cliente1682@aurora.example,1990-03-09,Porto Alegre,RS,Sul,2022-09-01T15:00:00+00,false
CLI-00001683,Cliente Sintético 1683,cliente1683@aurora.example,1991-04-10,São Paulo,SP,Sudeste,2022-09-02T15:00:00+00,true
CLI-00001684,Cliente Sintético 1684,cliente1684@aurora.example,1992-05-11,Rio Branco,AC,Norte,2022-09-03T15:00:00+00,false
CLI-00001685,Cliente Sintético 1685,cliente1685@aurora.example,1993-06-12,Maceió,AL,Nordeste,2022-09-04T15:00:00+00,true
CLI-00001686,Cliente Sintético 1686,cliente1686@aurora.example,1994-07-13,Salvador,BA,Nordeste,2022-09-05T15:00:00+00,false
CLI-00001687,Cliente Sintético 1687,cliente1687@aurora.example,1995-08-14,Brasília,DF,Centro-Oeste,2022-09-06T15:00:00+00,true
CLI-00001688,Cliente Sintético 1688,cliente1688@aurora.example,1996-09-15,Belo Horizonte,MG,Sudeste,2022-09-07T15:00:00+00,false
CLI-00001689,Cliente Sintético 1689,cliente1689@aurora.example,1997-10-16,Curitiba,PR,Sul,2022-09-08T15:00:00+00,true
CLI-00001690,Cliente Sintético 1690,cliente1690@aurora.example,1998-11-17,Rio de Janeiro,RJ,Sudeste,2022-09-09T15:00:00+00,false
CLI-00001691,Cliente Sintético 1691,cliente1691@aurora.example,1999-12-18,Porto Alegre,RS,Sul,2022-09-10T15:00:00+00,true
CLI-00001692,Cliente Sintético 1692,cliente1692@aurora.example,2000-01-19,São Paulo,SP,Sudeste,2022-09-11T15:00:00+00,false
CLI-00001693,Cliente Sintético 1693,cliente1693@aurora.example,2001-02-20,Rio Branco,AC,Norte,2022-09-12T15:00:00+00,true
CLI-00001694,Cliente Sintético 1694,cliente1694@aurora.example,2002-03-21,Maceió,AL,Nordeste,2022-09-13T15:00:00+00,false
CLI-00001695,Cliente Sintético 1695,cliente1695@aurora.example,2003-04-22,Salvador,BA,Nordeste,2022-09-14T15:00:00+00,true
CLI-00001696,Cliente Sintético 1696,cliente1696@aurora.example,2004-05-23,Brasília,DF,Centro-Oeste,2022-09-15T15:00:00+00,false
CLI-00001697,Cliente Sintético 1697,cliente1697@aurora.example,2005-06-24,Belo Horizonte,MG,Sudeste,2022-09-16T15:00:00+00,true
CLI-00001698,Cliente Sintético 1698,cliente1698@aurora.example,2006-07-25,Curitiba,PR,Sul,2022-09-17T15:00:00+00,false
CLI-00001699,Cliente Sintético 1699,cliente1699@aurora.example,2007-08-26,Rio de Janeiro,RJ,Sudeste,2022-09-18T15:00:00+00,true
CLI-00001700,Cliente Sintético 1700,cliente1700@aurora.example,1940-09-27,Porto Alegre,RS,Sul,2022-09-19T15:00:00+00,false
CLI-00001701,Cliente Sintético 1701,cliente1701@aurora.example,1941-10-01,São Paulo,SP,Sudeste,2022-09-20T15:00:00+00,true
CLI-00001702,Cliente Sintético 1702,cliente1702@aurora.example,1942-11-02,Rio Branco,AC,Norte,2022-09-21T15:00:00+00,false
CLI-00001703,Cliente Sintético 1703,cliente1703@aurora.example,1943-12-03,Maceió,AL,Nordeste,2022-09-22T15:00:00+00,true
CLI-00001704,Cliente Sintético 1704,cliente1704@aurora.example,1944-01-04,Salvador,BA,Nordeste,2022-09-23T15:00:00+00,false
CLI-00001705,Cliente Sintético 1705,cliente1705@aurora.example,1945-02-05,Brasília,DF,Centro-Oeste,2022-09-24T15:00:00+00,true
CLI-00001706,Cliente Sintético 1706,cliente1706@aurora.example,1946-03-06,Belo Horizonte,MG,Sudeste,2022-09-25T15:00:00+00,false
CLI-00001707,Cliente Sintético 1707,cliente1707@aurora.example,1947-04-07,Curitiba,PR,Sul,2022-09-26T15:00:00+00,true
CLI-00001708,Cliente Sintético 1708,cliente1708@aurora.example,1948-05-08,Rio de Janeiro,RJ,Sudeste,2022-09-27T15:00:00+00,false
CLI-00001709,Cliente Sintético 1709,cliente1709@aurora.example,1949-06-09,Porto Alegre,RS,Sul,2022-09-28T15:00:00+00,true
CLI-00001710,Cliente Sintético 1710,cliente1710@aurora.example,1950-07-10,São Paulo,SP,Sudeste,2022-09-29T15:00:00+00,false
CLI-00001711,Cliente Sintético 1711,cliente1711@aurora.example,1951-08-11,Rio Branco,AC,Norte,2022-09-30T15:00:00+00,true
CLI-00001712,Cliente Sintético 1712,cliente1712@aurora.example,1952-09-12,Maceió,AL,Nordeste,2022-10-01T15:00:00+00,false
CLI-00001713,Cliente Sintético 1713,cliente1713@aurora.example,1953-10-13,Salvador,BA,Nordeste,2022-10-02T15:00:00+00,true
CLI-00001714,Cliente Sintético 1714,cliente1714@aurora.example,1954-11-14,Brasília,DF,Centro-Oeste,2022-10-03T15:00:00+00,false
CLI-00001715,Cliente Sintético 1715,cliente1715@aurora.example,1955-12-15,Belo Horizonte,MG,Sudeste,2022-10-04T15:00:00+00,true
CLI-00001716,Cliente Sintético 1716,cliente1716@aurora.example,1956-01-16,Curitiba,PR,Sul,2022-10-05T15:00:00+00,false
CLI-00001717,Cliente Sintético 1717,cliente1717@aurora.example,1957-02-17,Rio de Janeiro,RJ,Sudeste,2022-10-06T15:00:00+00,true
CLI-00001718,Cliente Sintético 1718,cliente1718@aurora.example,1958-03-18,Porto Alegre,RS,Sul,2022-10-07T15:00:00+00,false
CLI-00001719,Cliente Sintético 1719,cliente1719@aurora.example,1959-04-19,São Paulo,SP,Sudeste,2022-10-08T15:00:00+00,true
CLI-00001720,Cliente Sintético 1720,cliente1720@aurora.example,1960-05-20,Rio Branco,AC,Norte,2022-10-09T15:00:00+00,false
CLI-00001721,Cliente Sintético 1721,cliente1721@aurora.example,1961-06-21,Maceió,AL,Nordeste,2022-10-10T15:00:00+00,true
CLI-00001722,Cliente Sintético 1722,cliente1722@aurora.example,1962-07-22,Salvador,BA,Nordeste,2022-10-11T15:00:00+00,false
CLI-00001723,Cliente Sintético 1723,cliente1723@aurora.example,1963-08-23,Brasília,DF,Centro-Oeste,2022-10-12T15:00:00+00,true
CLI-00001724,Cliente Sintético 1724,cliente1724@aurora.example,1964-09-24,Belo Horizonte,MG,Sudeste,2022-10-13T15:00:00+00,false
CLI-00001725,Cliente Sintético 1725,cliente1725@aurora.example,1965-10-25,Curitiba,PR,Sul,2022-10-14T15:00:00+00,true
CLI-00001726,Cliente Sintético 1726,cliente1726@aurora.example,1966-11-26,Rio de Janeiro,RJ,Sudeste,2022-10-15T15:00:00+00,false
CLI-00001727,Cliente Sintético 1727,cliente1727@aurora.example,1967-12-27,Porto Alegre,RS,Sul,2022-10-16T15:00:00+00,true
CLI-00001728,Cliente Sintético 1728,cliente1728@aurora.example,1968-01-01,São Paulo,SP,Sudeste,2022-10-17T15:00:00+00,false
CLI-00001729,Cliente Sintético 1729,cliente1729@aurora.example,1969-02-02,Rio Branco,AC,Norte,2022-10-18T15:00:00+00,true
CLI-00001730,Cliente Sintético 1730,cliente1730@aurora.example,1970-03-03,Maceió,AL,Nordeste,2022-10-19T15:00:00+00,false
CLI-00001731,Cliente Sintético 1731,cliente1731@aurora.example,1971-04-04,Salvador,BA,Nordeste,2022-10-20T15:00:00+00,true
CLI-00001732,Cliente Sintético 1732,cliente1732@aurora.example,1972-05-05,Brasília,DF,Centro-Oeste,2022-10-21T15:00:00+00,false
CLI-00001733,Cliente Sintético 1733,cliente1733@aurora.example,1973-06-06,Belo Horizonte,MG,Sudeste,2022-10-22T15:00:00+00,true
CLI-00001734,Cliente Sintético 1734,cliente1734@aurora.example,1974-07-07,Curitiba,PR,Sul,2022-10-23T15:00:00+00,false
CLI-00001735,Cliente Sintético 1735,cliente1735@aurora.example,1975-08-08,Rio de Janeiro,RJ,Sudeste,2022-10-24T15:00:00+00,true
CLI-00001736,Cliente Sintético 1736,cliente1736@aurora.example,1976-09-09,Porto Alegre,RS,Sul,2022-10-25T15:00:00+00,false
CLI-00001737,Cliente Sintético 1737,cliente1737@aurora.example,1977-10-10,São Paulo,SP,Sudeste,2022-10-26T15:00:00+00,true
CLI-00001738,Cliente Sintético 1738,cliente1738@aurora.example,1978-11-11,Rio Branco,AC,Norte,2022-10-27T15:00:00+00,false
CLI-00001739,Cliente Sintético 1739,cliente1739@aurora.example,1979-12-12,Maceió,AL,Nordeste,2022-10-28T15:00:00+00,true
CLI-00001740,Cliente Sintético 1740,cliente1740@aurora.example,1980-01-13,Salvador,BA,Nordeste,2022-10-29T15:00:00+00,false
CLI-00001741,Cliente Sintético 1741,cliente1741@aurora.example,1981-02-14,Brasília,DF,Centro-Oeste,2022-10-30T15:00:00+00,true
CLI-00001742,Cliente Sintético 1742,cliente1742@aurora.example,1982-03-15,Belo Horizonte,MG,Sudeste,2022-10-31T15:00:00+00,false
CLI-00001743,Cliente Sintético 1743,cliente1743@aurora.example,1983-04-16,Curitiba,PR,Sul,2022-11-01T15:00:00+00,true
CLI-00001744,Cliente Sintético 1744,cliente1744@aurora.example,1984-05-17,Rio de Janeiro,RJ,Sudeste,2022-11-02T15:00:00+00,false
CLI-00001745,Cliente Sintético 1745,cliente1745@aurora.example,1985-06-18,Porto Alegre,RS,Sul,2022-11-03T15:00:00+00,true
CLI-00001746,Cliente Sintético 1746,cliente1746@aurora.example,1986-07-19,São Paulo,SP,Sudeste,2022-11-04T15:00:00+00,false
CLI-00001747,Cliente Sintético 1747,cliente1747@aurora.example,1987-08-20,Rio Branco,AC,Norte,2022-11-05T15:00:00+00,true
CLI-00001748,Cliente Sintético 1748,cliente1748@aurora.example,1988-09-21,Maceió,AL,Nordeste,2022-11-06T15:00:00+00,false
CLI-00001749,Cliente Sintético 1749,cliente1749@aurora.example,1989-10-22,Salvador,BA,Nordeste,2022-11-07T15:00:00+00,true
CLI-00001750,Cliente Sintético 1750,cliente1750@aurora.example,1990-11-23,Brasília,DF,Centro-Oeste,2022-11-08T15:00:00+00,false
CLI-00001751,Cliente Sintético 1751,cliente1751@aurora.example,1991-12-24,Belo Horizonte,MG,Sudeste,2022-11-09T15:00:00+00,true
CLI-00001752,Cliente Sintético 1752,cliente1752@aurora.example,1992-01-25,Curitiba,PR,Sul,2022-11-10T15:00:00+00,false
CLI-00001753,Cliente Sintético 1753,cliente1753@aurora.example,1993-02-26,Rio de Janeiro,RJ,Sudeste,2022-11-11T15:00:00+00,true
CLI-00001754,Cliente Sintético 1754,cliente1754@aurora.example,1994-03-27,Porto Alegre,RS,Sul,2022-11-12T15:00:00+00,false
CLI-00001755,Cliente Sintético 1755,cliente1755@aurora.example,1995-04-01,São Paulo,SP,Sudeste,2022-11-13T15:00:00+00,true
CLI-00001756,Cliente Sintético 1756,cliente1756@aurora.example,1996-05-02,Rio Branco,AC,Norte,2022-11-14T15:00:00+00,false
CLI-00001757,Cliente Sintético 1757,cliente1757@aurora.example,1997-06-03,Maceió,AL,Nordeste,2022-11-15T15:00:00+00,true
CLI-00001758,Cliente Sintético 1758,cliente1758@aurora.example,1998-07-04,Salvador,BA,Nordeste,2022-11-16T15:00:00+00,false
CLI-00001759,Cliente Sintético 1759,cliente1759@aurora.example,1999-08-05,Brasília,DF,Centro-Oeste,2022-11-17T15:00:00+00,true
CLI-00001760,Cliente Sintético 1760,cliente1760@aurora.example,2000-09-06,Belo Horizonte,MG,Sudeste,2022-11-18T15:00:00+00,false
CLI-00001761,Cliente Sintético 1761,cliente1761@aurora.example,2001-10-07,Curitiba,PR,Sul,2022-11-19T15:00:00+00,true
CLI-00001762,Cliente Sintético 1762,cliente1762@aurora.example,2002-11-08,Rio de Janeiro,RJ,Sudeste,2022-11-20T15:00:00+00,false
CLI-00001763,Cliente Sintético 1763,cliente1763@aurora.example,2003-12-09,Porto Alegre,RS,Sul,2022-11-21T15:00:00+00,true
CLI-00001764,Cliente Sintético 1764,cliente1764@aurora.example,2004-01-10,São Paulo,SP,Sudeste,2022-11-22T15:00:00+00,false
CLI-00001765,Cliente Sintético 1765,cliente1765@aurora.example,2005-02-11,Rio Branco,AC,Norte,2022-11-23T15:00:00+00,true
CLI-00001766,Cliente Sintético 1766,cliente1766@aurora.example,2006-03-12,Maceió,AL,Nordeste,2022-11-24T15:00:00+00,false
CLI-00001767,Cliente Sintético 1767,cliente1767@aurora.example,2007-04-13,Salvador,BA,Nordeste,2022-11-25T15:00:00+00,true
CLI-00001768,Cliente Sintético 1768,cliente1768@aurora.example,1940-05-14,Brasília,DF,Centro-Oeste,2022-11-26T15:00:00+00,false
CLI-00001769,Cliente Sintético 1769,cliente1769@aurora.example,1941-06-15,Belo Horizonte,MG,Sudeste,2022-11-27T15:00:00+00,true
CLI-00001770,Cliente Sintético 1770,cliente1770@aurora.example,1942-07-16,Curitiba,PR,Sul,2022-11-28T15:00:00+00,false
CLI-00001771,Cliente Sintético 1771,cliente1771@aurora.example,1943-08-17,Rio de Janeiro,RJ,Sudeste,2022-11-29T15:00:00+00,true
CLI-00001772,Cliente Sintético 1772,cliente1772@aurora.example,1944-09-18,Porto Alegre,RS,Sul,2022-11-30T15:00:00+00,false
CLI-00001773,Cliente Sintético 1773,cliente1773@aurora.example,1945-10-19,São Paulo,SP,Sudeste,2022-12-01T15:00:00+00,true
CLI-00001774,Cliente Sintético 1774,cliente1774@aurora.example,1946-11-20,Rio Branco,AC,Norte,2022-12-02T15:00:00+00,false
CLI-00001775,Cliente Sintético 1775,cliente1775@aurora.example,1947-12-21,Maceió,AL,Nordeste,2022-12-03T15:00:00+00,true
CLI-00001776,Cliente Sintético 1776,cliente1776@aurora.example,1948-01-22,Salvador,BA,Nordeste,2022-12-04T15:00:00+00,false
CLI-00001777,Cliente Sintético 1777,cliente1777@aurora.example,1949-02-23,Brasília,DF,Centro-Oeste,2022-12-05T15:00:00+00,true
CLI-00001778,Cliente Sintético 1778,cliente1778@aurora.example,1950-03-24,Belo Horizonte,MG,Sudeste,2022-12-06T15:00:00+00,false
CLI-00001779,Cliente Sintético 1779,cliente1779@aurora.example,1951-04-25,Curitiba,PR,Sul,2022-12-07T15:00:00+00,true
CLI-00001780,Cliente Sintético 1780,cliente1780@aurora.example,1952-05-26,Rio de Janeiro,RJ,Sudeste,2022-12-08T15:00:00+00,false
CLI-00001781,Cliente Sintético 1781,cliente1781@aurora.example,1953-06-27,Porto Alegre,RS,Sul,2022-12-09T15:00:00+00,true
CLI-00001782,Cliente Sintético 1782,cliente1782@aurora.example,1954-07-01,São Paulo,SP,Sudeste,2022-12-10T15:00:00+00,false
CLI-00001783,Cliente Sintético 1783,cliente1783@aurora.example,1955-08-02,Rio Branco,AC,Norte,2022-12-11T15:00:00+00,true
CLI-00001784,Cliente Sintético 1784,cliente1784@aurora.example,1956-09-03,Maceió,AL,Nordeste,2022-12-12T15:00:00+00,false
CLI-00001785,Cliente Sintético 1785,cliente1785@aurora.example,1957-10-04,Salvador,BA,Nordeste,2022-12-13T15:00:00+00,true
CLI-00001786,Cliente Sintético 1786,cliente1786@aurora.example,1958-11-05,Brasília,DF,Centro-Oeste,2022-12-14T15:00:00+00,false
CLI-00001787,Cliente Sintético 1787,cliente1787@aurora.example,1959-12-06,Belo Horizonte,MG,Sudeste,2022-12-15T15:00:00+00,true
CLI-00001788,Cliente Sintético 1788,cliente1788@aurora.example,1960-01-07,Curitiba,PR,Sul,2022-12-16T15:00:00+00,false
CLI-00001789,Cliente Sintético 1789,cliente1789@aurora.example,1961-02-08,Rio de Janeiro,RJ,Sudeste,2022-12-17T15:00:00+00,true
CLI-00001790,Cliente Sintético 1790,cliente1790@aurora.example,1962-03-09,Porto Alegre,RS,Sul,2022-12-18T15:00:00+00,false
CLI-00001791,Cliente Sintético 1791,cliente1791@aurora.example,1963-04-10,São Paulo,SP,Sudeste,2022-12-19T15:00:00+00,true
CLI-00001792,Cliente Sintético 1792,cliente1792@aurora.example,1964-05-11,Rio Branco,AC,Norte,2022-12-20T15:00:00+00,false
CLI-00001793,Cliente Sintético 1793,cliente1793@aurora.example,1965-06-12,Maceió,AL,Nordeste,2022-12-21T15:00:00+00,true
CLI-00001794,Cliente Sintético 1794,cliente1794@aurora.example,1966-07-13,Salvador,BA,Nordeste,2022-12-22T15:00:00+00,false
CLI-00001795,Cliente Sintético 1795,cliente1795@aurora.example,1967-08-14,Brasília,DF,Centro-Oeste,2022-12-23T15:00:00+00,true
CLI-00001796,Cliente Sintético 1796,cliente1796@aurora.example,1968-09-15,Belo Horizonte,MG,Sudeste,2022-12-24T15:00:00+00,false
CLI-00001797,Cliente Sintético 1797,cliente1797@aurora.example,1969-10-16,Curitiba,PR,Sul,2022-12-25T15:00:00+00,true
CLI-00001798,Cliente Sintético 1798,cliente1798@aurora.example,1970-11-17,Rio de Janeiro,RJ,Sudeste,2022-12-26T15:00:00+00,false
CLI-00001799,Cliente Sintético 1799,cliente1799@aurora.example,1971-12-18,Porto Alegre,RS,Sul,2022-12-27T15:00:00+00,true
CLI-00001800,Cliente Sintético 1800,cliente1800@aurora.example,1972-01-19,São Paulo,SP,Sudeste,2022-07-01T15:00:00+00,false
CLI-00001801,Cliente Sintético 1801,cliente1801@aurora.example,1973-02-20,Rio Branco,AC,Norte,2022-07-02T15:00:00+00,true
CLI-00001802,Cliente Sintético 1802,cliente1802@aurora.example,1974-03-21,Maceió,AL,Nordeste,2022-07-03T15:00:00+00,false
CLI-00001803,Cliente Sintético 1803,cliente1803@aurora.example,1975-04-22,Salvador,BA,Nordeste,2022-07-04T15:00:00+00,true
CLI-00001804,Cliente Sintético 1804,cliente1804@aurora.example,1976-05-23,Brasília,DF,Centro-Oeste,2022-07-05T15:00:00+00,false
CLI-00001805,Cliente Sintético 1805,cliente1805@aurora.example,1977-06-24,Belo Horizonte,MG,Sudeste,2022-07-06T15:00:00+00,true
CLI-00001806,Cliente Sintético 1806,cliente1806@aurora.example,1978-07-25,Curitiba,PR,Sul,2022-07-07T15:00:00+00,false
CLI-00001807,Cliente Sintético 1807,cliente1807@aurora.example,1979-08-26,Rio de Janeiro,RJ,Sudeste,2022-07-08T15:00:00+00,true
CLI-00001808,Cliente Sintético 1808,cliente1808@aurora.example,1980-09-27,Porto Alegre,RS,Sul,2022-07-09T15:00:00+00,false
CLI-00001809,Cliente Sintético 1809,cliente1809@aurora.example,1981-10-01,São Paulo,SP,Sudeste,2022-07-10T15:00:00+00,true
CLI-00001810,Cliente Sintético 1810,cliente1810@aurora.example,1982-11-02,Rio Branco,AC,Norte,2022-07-11T15:00:00+00,false
CLI-00001811,Cliente Sintético 1811,cliente1811@aurora.example,1983-12-03,Maceió,AL,Nordeste,2022-07-12T15:00:00+00,true
CLI-00001812,Cliente Sintético 1812,cliente1812@aurora.example,1984-01-04,Salvador,BA,Nordeste,2022-07-13T15:00:00+00,false
CLI-00001813,Cliente Sintético 1813,cliente1813@aurora.example,1985-02-05,Brasília,DF,Centro-Oeste,2022-07-14T15:00:00+00,true
CLI-00001814,Cliente Sintético 1814,cliente1814@aurora.example,1986-03-06,Belo Horizonte,MG,Sudeste,2022-07-15T15:00:00+00,false
CLI-00001815,Cliente Sintético 1815,cliente1815@aurora.example,1987-04-07,Curitiba,PR,Sul,2022-07-16T15:00:00+00,true
CLI-00001816,Cliente Sintético 1816,cliente1816@aurora.example,1988-05-08,Rio de Janeiro,RJ,Sudeste,2022-07-17T15:00:00+00,false
CLI-00001817,Cliente Sintético 1817,cliente1817@aurora.example,1989-06-09,Porto Alegre,RS,Sul,2022-07-18T15:00:00+00,true
CLI-00001818,Cliente Sintético 1818,cliente1818@aurora.example,1990-07-10,São Paulo,SP,Sudeste,2022-07-19T15:00:00+00,false
CLI-00001819,Cliente Sintético 1819,cliente1819@aurora.example,1991-08-11,Rio Branco,AC,Norte,2022-07-20T15:00:00+00,true
CLI-00001820,Cliente Sintético 1820,cliente1820@aurora.example,1992-09-12,Maceió,AL,Nordeste,2022-07-21T15:00:00+00,false
CLI-00001821,Cliente Sintético 1821,cliente1821@aurora.example,1993-10-13,Salvador,BA,Nordeste,2022-07-22T15:00:00+00,true
CLI-00001822,Cliente Sintético 1822,cliente1822@aurora.example,1994-11-14,Brasília,DF,Centro-Oeste,2022-07-23T15:00:00+00,false
CLI-00001823,Cliente Sintético 1823,cliente1823@aurora.example,1995-12-15,Belo Horizonte,MG,Sudeste,2022-07-24T15:00:00+00,true
CLI-00001824,Cliente Sintético 1824,cliente1824@aurora.example,1996-01-16,Curitiba,PR,Sul,2022-07-25T15:00:00+00,false
CLI-00001825,Cliente Sintético 1825,cliente1825@aurora.example,1997-02-17,Rio de Janeiro,RJ,Sudeste,2022-07-26T15:00:00+00,true
CLI-00001826,Cliente Sintético 1826,cliente1826@aurora.example,1998-03-18,Porto Alegre,RS,Sul,2022-07-27T15:00:00+00,false
CLI-00001827,Cliente Sintético 1827,cliente1827@aurora.example,1999-04-19,São Paulo,SP,Sudeste,2022-07-28T15:00:00+00,true
CLI-00001828,Cliente Sintético 1828,cliente1828@aurora.example,2000-05-20,Rio Branco,AC,Norte,2022-07-29T15:00:00+00,false
CLI-00001829,Cliente Sintético 1829,cliente1829@aurora.example,2001-06-21,Maceió,AL,Nordeste,2022-07-30T15:00:00+00,true
CLI-00001830,Cliente Sintético 1830,cliente1830@aurora.example,2002-07-22,Salvador,BA,Nordeste,2022-07-31T15:00:00+00,false
CLI-00001831,Cliente Sintético 1831,cliente1831@aurora.example,2003-08-23,Brasília,DF,Centro-Oeste,2022-08-01T15:00:00+00,true
CLI-00001832,Cliente Sintético 1832,cliente1832@aurora.example,2004-09-24,Belo Horizonte,MG,Sudeste,2022-08-02T15:00:00+00,false
CLI-00001833,Cliente Sintético 1833,cliente1833@aurora.example,2005-10-25,Curitiba,PR,Sul,2022-08-03T15:00:00+00,true
CLI-00001834,Cliente Sintético 1834,cliente1834@aurora.example,2006-11-26,Rio de Janeiro,RJ,Sudeste,2022-08-04T15:00:00+00,false
CLI-00001835,Cliente Sintético 1835,cliente1835@aurora.example,2007-12-27,Porto Alegre,RS,Sul,2022-08-05T15:00:00+00,true
CLI-00001836,Cliente Sintético 1836,cliente1836@aurora.example,1940-01-01,São Paulo,SP,Sudeste,2022-08-06T15:00:00+00,false
CLI-00001837,Cliente Sintético 1837,cliente1837@aurora.example,1941-02-02,Rio Branco,AC,Norte,2022-08-07T15:00:00+00,true
CLI-00001838,Cliente Sintético 1838,cliente1838@aurora.example,1942-03-03,Maceió,AL,Nordeste,2022-08-08T15:00:00+00,false
CLI-00001839,Cliente Sintético 1839,cliente1839@aurora.example,1943-04-04,Salvador,BA,Nordeste,2022-08-09T15:00:00+00,true
CLI-00001840,Cliente Sintético 1840,cliente1840@aurora.example,1944-05-05,Brasília,DF,Centro-Oeste,2022-08-10T15:00:00+00,false
CLI-00001841,Cliente Sintético 1841,cliente1841@aurora.example,1945-06-06,Belo Horizonte,MG,Sudeste,2022-08-11T15:00:00+00,true
CLI-00001842,Cliente Sintético 1842,cliente1842@aurora.example,1946-07-07,Curitiba,PR,Sul,2022-08-12T15:00:00+00,false
CLI-00001843,Cliente Sintético 1843,cliente1843@aurora.example,1947-08-08,Rio de Janeiro,RJ,Sudeste,2022-08-13T15:00:00+00,true
CLI-00001844,Cliente Sintético 1844,cliente1844@aurora.example,1948-09-09,Porto Alegre,RS,Sul,2022-08-14T15:00:00+00,false
CLI-00001845,Cliente Sintético 1845,cliente1845@aurora.example,1949-10-10,São Paulo,SP,Sudeste,2022-08-15T15:00:00+00,true
CLI-00001846,Cliente Sintético 1846,cliente1846@aurora.example,1950-11-11,Rio Branco,AC,Norte,2022-08-16T15:00:00+00,false
CLI-00001847,Cliente Sintético 1847,cliente1847@aurora.example,1951-12-12,Maceió,AL,Nordeste,2022-08-17T15:00:00+00,true
CLI-00001848,Cliente Sintético 1848,cliente1848@aurora.example,1952-01-13,Salvador,BA,Nordeste,2022-08-18T15:00:00+00,false
CLI-00001849,Cliente Sintético 1849,cliente1849@aurora.example,1953-02-14,Brasília,DF,Centro-Oeste,2022-08-19T15:00:00+00,true
CLI-00001850,Cliente Sintético 1850,cliente1850@aurora.example,1954-03-15,Belo Horizonte,MG,Sudeste,2022-08-20T15:00:00+00,false
CLI-00001851,Cliente Sintético 1851,cliente1851@aurora.example,1955-04-16,Curitiba,PR,Sul,2022-08-21T15:00:00+00,true
CLI-00001852,Cliente Sintético 1852,cliente1852@aurora.example,1956-05-17,Rio de Janeiro,RJ,Sudeste,2022-08-22T15:00:00+00,false
CLI-00001853,Cliente Sintético 1853,cliente1853@aurora.example,1957-06-18,Porto Alegre,RS,Sul,2022-08-23T15:00:00+00,true
CLI-00001854,Cliente Sintético 1854,cliente1854@aurora.example,1958-07-19,São Paulo,SP,Sudeste,2022-08-24T15:00:00+00,false
CLI-00001855,Cliente Sintético 1855,cliente1855@aurora.example,1959-08-20,Rio Branco,AC,Norte,2022-08-25T15:00:00+00,true
CLI-00001856,Cliente Sintético 1856,cliente1856@aurora.example,1960-09-21,Maceió,AL,Nordeste,2022-08-26T15:00:00+00,false
CLI-00001857,Cliente Sintético 1857,cliente1857@aurora.example,1961-10-22,Salvador,BA,Nordeste,2022-08-27T15:00:00+00,true
CLI-00001858,Cliente Sintético 1858,cliente1858@aurora.example,1962-11-23,Brasília,DF,Centro-Oeste,2022-08-28T15:00:00+00,false
CLI-00001859,Cliente Sintético 1859,cliente1859@aurora.example,1963-12-24,Belo Horizonte,MG,Sudeste,2022-08-29T15:00:00+00,true
CLI-00001860,Cliente Sintético 1860,cliente1860@aurora.example,1964-01-25,Curitiba,PR,Sul,2022-08-30T15:00:00+00,false
CLI-00001861,Cliente Sintético 1861,cliente1861@aurora.example,1965-02-26,Rio de Janeiro,RJ,Sudeste,2022-08-31T15:00:00+00,true
CLI-00001862,Cliente Sintético 1862,cliente1862@aurora.example,1966-03-27,Porto Alegre,RS,Sul,2022-09-01T15:00:00+00,false
CLI-00001863,Cliente Sintético 1863,cliente1863@aurora.example,1967-04-01,São Paulo,SP,Sudeste,2022-09-02T15:00:00+00,true
CLI-00001864,Cliente Sintético 1864,cliente1864@aurora.example,1968-05-02,Rio Branco,AC,Norte,2022-09-03T15:00:00+00,false
CLI-00001865,Cliente Sintético 1865,cliente1865@aurora.example,1969-06-03,Maceió,AL,Nordeste,2022-09-04T15:00:00+00,true
CLI-00001866,Cliente Sintético 1866,cliente1866@aurora.example,1970-07-04,Salvador,BA,Nordeste,2022-09-05T15:00:00+00,false
CLI-00001867,Cliente Sintético 1867,cliente1867@aurora.example,1971-08-05,Brasília,DF,Centro-Oeste,2022-09-06T15:00:00+00,true
CLI-00001868,Cliente Sintético 1868,cliente1868@aurora.example,1972-09-06,Belo Horizonte,MG,Sudeste,2022-09-07T15:00:00+00,false
CLI-00001869,Cliente Sintético 1869,cliente1869@aurora.example,1973-10-07,Curitiba,PR,Sul,2022-09-08T15:00:00+00,true
CLI-00001870,Cliente Sintético 1870,cliente1870@aurora.example,1974-11-08,Rio de Janeiro,RJ,Sudeste,2022-09-09T15:00:00+00,false
CLI-00001871,Cliente Sintético 1871,cliente1871@aurora.example,1975-12-09,Porto Alegre,RS,Sul,2022-09-10T15:00:00+00,true
CLI-00001872,Cliente Sintético 1872,cliente1872@aurora.example,1976-01-10,São Paulo,SP,Sudeste,2022-09-11T15:00:00+00,false
CLI-00001873,Cliente Sintético 1873,cliente1873@aurora.example,1977-02-11,Rio Branco,AC,Norte,2022-09-12T15:00:00+00,true
CLI-00001874,Cliente Sintético 1874,cliente1874@aurora.example,1978-03-12,Maceió,AL,Nordeste,2022-09-13T15:00:00+00,false
CLI-00001875,Cliente Sintético 1875,cliente1875@aurora.example,1979-04-13,Salvador,BA,Nordeste,2022-09-14T15:00:00+00,true
CLI-00001876,Cliente Sintético 1876,cliente1876@aurora.example,1980-05-14,Brasília,DF,Centro-Oeste,2022-09-15T15:00:00+00,false
CLI-00001877,Cliente Sintético 1877,cliente1877@aurora.example,1981-06-15,Belo Horizonte,MG,Sudeste,2022-09-16T15:00:00+00,true
CLI-00001878,Cliente Sintético 1878,cliente1878@aurora.example,1982-07-16,Curitiba,PR,Sul,2022-09-17T15:00:00+00,false
CLI-00001879,Cliente Sintético 1879,cliente1879@aurora.example,1983-08-17,Rio de Janeiro,RJ,Sudeste,2022-09-18T15:00:00+00,true
CLI-00001880,Cliente Sintético 1880,cliente1880@aurora.example,1984-09-18,Porto Alegre,RS,Sul,2022-09-19T15:00:00+00,false
CLI-00001881,Cliente Sintético 1881,cliente1881@aurora.example,1985-10-19,São Paulo,SP,Sudeste,2022-09-20T15:00:00+00,true
CLI-00001882,Cliente Sintético 1882,cliente1882@aurora.example,1986-11-20,Rio Branco,AC,Norte,2022-09-21T15:00:00+00,false
CLI-00001883,Cliente Sintético 1883,cliente1883@aurora.example,1987-12-21,Maceió,AL,Nordeste,2022-09-22T15:00:00+00,true
CLI-00001884,Cliente Sintético 1884,cliente1884@aurora.example,1988-01-22,Salvador,BA,Nordeste,2022-09-23T15:00:00+00,false
CLI-00001885,Cliente Sintético 1885,cliente1885@aurora.example,1989-02-23,Brasília,DF,Centro-Oeste,2022-09-24T15:00:00+00,true
CLI-00001886,Cliente Sintético 1886,cliente1886@aurora.example,1990-03-24,Belo Horizonte,MG,Sudeste,2022-09-25T15:00:00+00,false
CLI-00001887,Cliente Sintético 1887,cliente1887@aurora.example,1991-04-25,Curitiba,PR,Sul,2022-09-26T15:00:00+00,true
CLI-00001888,Cliente Sintético 1888,cliente1888@aurora.example,1992-05-26,Rio de Janeiro,RJ,Sudeste,2022-09-27T15:00:00+00,false
CLI-00001889,Cliente Sintético 1889,cliente1889@aurora.example,1993-06-27,Porto Alegre,RS,Sul,2022-09-28T15:00:00+00,true
CLI-00001890,Cliente Sintético 1890,cliente1890@aurora.example,1994-07-01,São Paulo,SP,Sudeste,2022-09-29T15:00:00+00,false
CLI-00001891,Cliente Sintético 1891,cliente1891@aurora.example,1995-08-02,Rio Branco,AC,Norte,2022-09-30T15:00:00+00,true
CLI-00001892,Cliente Sintético 1892,cliente1892@aurora.example,1996-09-03,Maceió,AL,Nordeste,2022-10-01T15:00:00+00,false
CLI-00001893,Cliente Sintético 1893,cliente1893@aurora.example,1997-10-04,Salvador,BA,Nordeste,2022-10-02T15:00:00+00,true
CLI-00001894,Cliente Sintético 1894,cliente1894@aurora.example,1998-11-05,Brasília,DF,Centro-Oeste,2022-10-03T15:00:00+00,false
CLI-00001895,Cliente Sintético 1895,cliente1895@aurora.example,1999-12-06,Belo Horizonte,MG,Sudeste,2022-10-04T15:00:00+00,true
CLI-00001896,Cliente Sintético 1896,cliente1896@aurora.example,2000-01-07,Curitiba,PR,Sul,2022-10-05T15:00:00+00,false
CLI-00001897,Cliente Sintético 1897,cliente1897@aurora.example,2001-02-08,Rio de Janeiro,RJ,Sudeste,2022-10-06T15:00:00+00,true
CLI-00001898,Cliente Sintético 1898,cliente1898@aurora.example,2002-03-09,Porto Alegre,RS,Sul,2022-10-07T15:00:00+00,false
CLI-00001899,Cliente Sintético 1899,cliente1899@aurora.example,2003-04-10,São Paulo,SP,Sudeste,2022-10-08T15:00:00+00,true
CLI-00001900,Cliente Sintético 1900,cliente1900@aurora.example,2004-05-11,Rio Branco,AC,Norte,2022-10-09T15:00:00+00,false
CLI-00001901,Cliente Sintético 1901,cliente1901@aurora.example,2005-06-12,Maceió,AL,Nordeste,2022-10-10T15:00:00+00,true
CLI-00001902,Cliente Sintético 1902,cliente1902@aurora.example,2006-07-13,Salvador,BA,Nordeste,2022-10-11T15:00:00+00,false
CLI-00001903,Cliente Sintético 1903,cliente1903@aurora.example,2007-08-14,Brasília,DF,Centro-Oeste,2022-10-12T15:00:00+00,true
CLI-00001904,Cliente Sintético 1904,cliente1904@aurora.example,1940-09-15,Belo Horizonte,MG,Sudeste,2022-10-13T15:00:00+00,false
CLI-00001905,Cliente Sintético 1905,cliente1905@aurora.example,1941-10-16,Curitiba,PR,Sul,2022-10-14T15:00:00+00,true
CLI-00001906,Cliente Sintético 1906,cliente1906@aurora.example,1942-11-17,Rio de Janeiro,RJ,Sudeste,2022-10-15T15:00:00+00,false
CLI-00001907,Cliente Sintético 1907,cliente1907@aurora.example,1943-12-18,Porto Alegre,RS,Sul,2022-10-16T15:00:00+00,true
CLI-00001908,Cliente Sintético 1908,cliente1908@aurora.example,1944-01-19,São Paulo,SP,Sudeste,2022-10-17T15:00:00+00,false
CLI-00001909,Cliente Sintético 1909,cliente1909@aurora.example,1945-02-20,Rio Branco,AC,Norte,2022-10-18T15:00:00+00,true
CLI-00001910,Cliente Sintético 1910,cliente1910@aurora.example,1946-03-21,Maceió,AL,Nordeste,2022-10-19T15:00:00+00,false
CLI-00001911,Cliente Sintético 1911,cliente1911@aurora.example,1947-04-22,Salvador,BA,Nordeste,2022-10-20T15:00:00+00,true
CLI-00001912,Cliente Sintético 1912,cliente1912@aurora.example,1948-05-23,Brasília,DF,Centro-Oeste,2022-10-21T15:00:00+00,false
CLI-00001913,Cliente Sintético 1913,cliente1913@aurora.example,1949-06-24,Belo Horizonte,MG,Sudeste,2022-10-22T15:00:00+00,true
CLI-00001914,Cliente Sintético 1914,cliente1914@aurora.example,1950-07-25,Curitiba,PR,Sul,2022-10-23T15:00:00+00,false
CLI-00001915,Cliente Sintético 1915,cliente1915@aurora.example,1951-08-26,Rio de Janeiro,RJ,Sudeste,2022-10-24T15:00:00+00,true
CLI-00001916,Cliente Sintético 1916,cliente1916@aurora.example,1952-09-27,Porto Alegre,RS,Sul,2022-10-25T15:00:00+00,false
CLI-00001917,Cliente Sintético 1917,cliente1917@aurora.example,1953-10-01,São Paulo,SP,Sudeste,2022-10-26T15:00:00+00,true
CLI-00001918,Cliente Sintético 1918,cliente1918@aurora.example,1954-11-02,Rio Branco,AC,Norte,2022-10-27T15:00:00+00,false
CLI-00001919,Cliente Sintético 1919,cliente1919@aurora.example,1955-12-03,Maceió,AL,Nordeste,2022-10-28T15:00:00+00,true
CLI-00001920,Cliente Sintético 1920,cliente1920@aurora.example,1956-01-04,Salvador,BA,Nordeste,2022-10-29T15:00:00+00,false
CLI-00001921,Cliente Sintético 1921,cliente1921@aurora.example,1957-02-05,Brasília,DF,Centro-Oeste,2022-10-30T15:00:00+00,true
CLI-00001922,Cliente Sintético 1922,cliente1922@aurora.example,1958-03-06,Belo Horizonte,MG,Sudeste,2022-10-31T15:00:00+00,false
CLI-00001923,Cliente Sintético 1923,cliente1923@aurora.example,1959-04-07,Curitiba,PR,Sul,2022-11-01T15:00:00+00,true
CLI-00001924,Cliente Sintético 1924,cliente1924@aurora.example,1960-05-08,Rio de Janeiro,RJ,Sudeste,2022-11-02T15:00:00+00,false
CLI-00001925,Cliente Sintético 1925,cliente1925@aurora.example,1961-06-09,Porto Alegre,RS,Sul,2022-11-03T15:00:00+00,true
CLI-00001926,Cliente Sintético 1926,cliente1926@aurora.example,1962-07-10,São Paulo,SP,Sudeste,2022-11-04T15:00:00+00,false
CLI-00001927,Cliente Sintético 1927,cliente1927@aurora.example,1963-08-11,Rio Branco,AC,Norte,2022-11-05T15:00:00+00,true
CLI-00001928,Cliente Sintético 1928,cliente1928@aurora.example,1964-09-12,Maceió,AL,Nordeste,2022-11-06T15:00:00+00,false
CLI-00001929,Cliente Sintético 1929,cliente1929@aurora.example,1965-10-13,Salvador,BA,Nordeste,2022-11-07T15:00:00+00,true
CLI-00001930,Cliente Sintético 1930,cliente1930@aurora.example,1966-11-14,Brasília,DF,Centro-Oeste,2022-11-08T15:00:00+00,false
CLI-00001931,Cliente Sintético 1931,cliente1931@aurora.example,1967-12-15,Belo Horizonte,MG,Sudeste,2022-11-09T15:00:00+00,true
CLI-00001932,Cliente Sintético 1932,cliente1932@aurora.example,1968-01-16,Curitiba,PR,Sul,2022-11-10T15:00:00+00,false
CLI-00001933,Cliente Sintético 1933,cliente1933@aurora.example,1969-02-17,Rio de Janeiro,RJ,Sudeste,2022-11-11T15:00:00+00,true
CLI-00001934,Cliente Sintético 1934,cliente1934@aurora.example,1970-03-18,Porto Alegre,RS,Sul,2022-11-12T15:00:00+00,false
CLI-00001935,Cliente Sintético 1935,cliente1935@aurora.example,1971-04-19,São Paulo,SP,Sudeste,2022-11-13T15:00:00+00,true
CLI-00001936,Cliente Sintético 1936,cliente1936@aurora.example,1972-05-20,Rio Branco,AC,Norte,2022-11-14T15:00:00+00,false
CLI-00001937,Cliente Sintético 1937,cliente1937@aurora.example,1973-06-21,Maceió,AL,Nordeste,2022-11-15T15:00:00+00,true
CLI-00001938,Cliente Sintético 1938,cliente1938@aurora.example,1974-07-22,Salvador,BA,Nordeste,2022-11-16T15:00:00+00,false
CLI-00001939,Cliente Sintético 1939,cliente1939@aurora.example,1975-08-23,Brasília,DF,Centro-Oeste,2022-11-17T15:00:00+00,true
CLI-00001940,Cliente Sintético 1940,cliente1940@aurora.example,1976-09-24,Belo Horizonte,MG,Sudeste,2022-11-18T15:00:00+00,false
CLI-00001941,Cliente Sintético 1941,cliente1941@aurora.example,1977-10-25,Curitiba,PR,Sul,2022-11-19T15:00:00+00,true
CLI-00001942,Cliente Sintético 1942,cliente1942@aurora.example,1978-11-26,Rio de Janeiro,RJ,Sudeste,2022-11-20T15:00:00+00,false
CLI-00001943,Cliente Sintético 1943,cliente1943@aurora.example,1979-12-27,Porto Alegre,RS,Sul,2022-11-21T15:00:00+00,true
CLI-00001944,Cliente Sintético 1944,cliente1944@aurora.example,1980-01-01,São Paulo,SP,Sudeste,2022-11-22T15:00:00+00,false
CLI-00001945,Cliente Sintético 1945,cliente1945@aurora.example,1981-02-02,Rio Branco,AC,Norte,2022-11-23T15:00:00+00,true
CLI-00001946,Cliente Sintético 1946,cliente1946@aurora.example,1982-03-03,Maceió,AL,Nordeste,2022-11-24T15:00:00+00,false
CLI-00001947,Cliente Sintético 1947,cliente1947@aurora.example,1983-04-04,Salvador,BA,Nordeste,2022-11-25T15:00:00+00,true
CLI-00001948,Cliente Sintético 1948,cliente1948@aurora.example,1984-05-05,Brasília,DF,Centro-Oeste,2022-11-26T15:00:00+00,false
CLI-00001949,Cliente Sintético 1949,cliente1949@aurora.example,1985-06-06,Belo Horizonte,MG,Sudeste,2022-11-27T15:00:00+00,true
CLI-00001950,Cliente Sintético 1950,cliente1950@aurora.example,1986-07-07,Curitiba,PR,Sul,2022-11-28T15:00:00+00,false
CLI-00001951,Cliente Sintético 1951,cliente1951@aurora.example,1987-08-08,Rio de Janeiro,RJ,Sudeste,2022-11-29T15:00:00+00,true
CLI-00001952,Cliente Sintético 1952,cliente1952@aurora.example,1988-09-09,Porto Alegre,RS,Sul,2022-11-30T15:00:00+00,false
CLI-00001953,Cliente Sintético 1953,cliente1953@aurora.example,1989-10-10,São Paulo,SP,Sudeste,2022-12-01T15:00:00+00,true
CLI-00001954,Cliente Sintético 1954,cliente1954@aurora.example,1990-11-11,Rio Branco,AC,Norte,2022-12-02T15:00:00+00,false
CLI-00001955,Cliente Sintético 1955,cliente1955@aurora.example,1991-12-12,Maceió,AL,Nordeste,2022-12-03T15:00:00+00,true
CLI-00001956,Cliente Sintético 1956,cliente1956@aurora.example,1992-01-13,Salvador,BA,Nordeste,2022-12-04T15:00:00+00,false
CLI-00001957,Cliente Sintético 1957,cliente1957@aurora.example,1993-02-14,Brasília,DF,Centro-Oeste,2022-12-05T15:00:00+00,true
CLI-00001958,Cliente Sintético 1958,cliente1958@aurora.example,1994-03-15,Belo Horizonte,MG,Sudeste,2022-12-06T15:00:00+00,false
CLI-00001959,Cliente Sintético 1959,cliente1959@aurora.example,1995-04-16,Curitiba,PR,Sul,2022-12-07T15:00:00+00,true
CLI-00001960,Cliente Sintético 1960,cliente1960@aurora.example,1996-05-17,Rio de Janeiro,RJ,Sudeste,2022-12-08T15:00:00+00,false
CLI-00001961,Cliente Sintético 1961,cliente1961@aurora.example,1997-06-18,Porto Alegre,RS,Sul,2022-12-09T15:00:00+00,true
CLI-00001962,Cliente Sintético 1962,cliente1962@aurora.example,1998-07-19,São Paulo,SP,Sudeste,2022-12-10T15:00:00+00,false
CLI-00001963,Cliente Sintético 1963,cliente1963@aurora.example,1999-08-20,Rio Branco,AC,Norte,2022-12-11T15:00:00+00,true
CLI-00001964,Cliente Sintético 1964,cliente1964@aurora.example,2000-09-21,Maceió,AL,Nordeste,2022-12-12T15:00:00+00,false
CLI-00001965,Cliente Sintético 1965,cliente1965@aurora.example,2001-10-22,Salvador,BA,Nordeste,2022-12-13T15:00:00+00,true
CLI-00001966,Cliente Sintético 1966,cliente1966@aurora.example,2002-11-23,Brasília,DF,Centro-Oeste,2022-12-14T15:00:00+00,false
CLI-00001967,Cliente Sintético 1967,cliente1967@aurora.example,2003-12-24,Belo Horizonte,MG,Sudeste,2022-12-15T15:00:00+00,true
CLI-00001968,Cliente Sintético 1968,cliente1968@aurora.example,2004-01-25,Curitiba,PR,Sul,2022-12-16T15:00:00+00,false
CLI-00001969,Cliente Sintético 1969,cliente1969@aurora.example,2005-02-26,Rio de Janeiro,RJ,Sudeste,2022-12-17T15:00:00+00,true
CLI-00001970,Cliente Sintético 1970,cliente1970@aurora.example,2006-03-27,Porto Alegre,RS,Sul,2022-12-18T15:00:00+00,false
CLI-00001971,Cliente Sintético 1971,cliente1971@aurora.example,2007-04-01,São Paulo,SP,Sudeste,2022-12-19T15:00:00+00,true
CLI-00001972,Cliente Sintético 1972,cliente1972@aurora.example,1940-05-02,Rio Branco,AC,Norte,2022-12-20T15:00:00+00,false
CLI-00001973,Cliente Sintético 1973,cliente1973@aurora.example,1941-06-03,Maceió,AL,Nordeste,2022-12-21T15:00:00+00,true
CLI-00001974,Cliente Sintético 1974,cliente1974@aurora.example,1942-07-04,Salvador,BA,Nordeste,2022-12-22T15:00:00+00,false
CLI-00001975,Cliente Sintético 1975,cliente1975@aurora.example,1943-08-05,Brasília,DF,Centro-Oeste,2022-12-23T15:00:00+00,true
CLI-00001976,Cliente Sintético 1976,cliente1976@aurora.example,1944-09-06,Belo Horizonte,MG,Sudeste,2022-12-24T15:00:00+00,false
CLI-00001977,Cliente Sintético 1977,cliente1977@aurora.example,1945-10-07,Curitiba,PR,Sul,2022-12-25T15:00:00+00,true
CLI-00001978,Cliente Sintético 1978,cliente1978@aurora.example,1946-11-08,Rio de Janeiro,RJ,Sudeste,2022-12-26T15:00:00+00,false
CLI-00001979,Cliente Sintético 1979,cliente1979@aurora.example,1947-12-09,Porto Alegre,RS,Sul,2022-12-27T15:00:00+00,true
CLI-00001980,Cliente Sintético 1980,cliente1980@aurora.example,1948-01-10,São Paulo,SP,Sudeste,2022-07-01T15:00:00+00,false
CLI-00001981,Cliente Sintético 1981,cliente1981@aurora.example,1949-02-11,Rio Branco,AC,Norte,2022-07-02T15:00:00+00,true
CLI-00001982,Cliente Sintético 1982,cliente1982@aurora.example,1950-03-12,Maceió,AL,Nordeste,2022-07-03T15:00:00+00,false
CLI-00001983,Cliente Sintético 1983,cliente1983@aurora.example,1951-04-13,Salvador,BA,Nordeste,2022-07-04T15:00:00+00,true
CLI-00001984,Cliente Sintético 1984,cliente1984@aurora.example,1952-05-14,Brasília,DF,Centro-Oeste,2022-07-05T15:00:00+00,false
CLI-00001985,Cliente Sintético 1985,cliente1985@aurora.example,1953-06-15,Belo Horizonte,MG,Sudeste,2022-07-06T15:00:00+00,true
CLI-00001986,Cliente Sintético 1986,cliente1986@aurora.example,1954-07-16,Curitiba,PR,Sul,2022-07-07T15:00:00+00,false
CLI-00001987,Cliente Sintético 1987,cliente1987@aurora.example,1955-08-17,Rio de Janeiro,RJ,Sudeste,2022-07-08T15:00:00+00,true
CLI-00001988,Cliente Sintético 1988,cliente1988@aurora.example,1956-09-18,Porto Alegre,RS,Sul,2022-07-09T15:00:00+00,false
CLI-00001989,Cliente Sintético 1989,cliente1989@aurora.example,1957-10-19,São Paulo,SP,Sudeste,2022-07-10T15:00:00+00,true
CLI-00001990,Cliente Sintético 1990,cliente1990@aurora.example,1958-11-20,Rio Branco,AC,Norte,2022-07-11T15:00:00+00,false
CLI-00001991,Cliente Sintético 1991,cliente1991@aurora.example,1959-12-21,Maceió,AL,Nordeste,2022-07-12T15:00:00+00,true
CLI-00001992,Cliente Sintético 1992,cliente1992@aurora.example,1960-01-22,Salvador,BA,Nordeste,2022-07-13T15:00:00+00,false
CLI-00001993,Cliente Sintético 1993,cliente1993@aurora.example,1961-02-23,Brasília,DF,Centro-Oeste,2022-07-14T15:00:00+00,true
CLI-00001994,Cliente Sintético 1994,cliente1994@aurora.example,1962-03-24,Belo Horizonte,MG,Sudeste,2022-07-15T15:00:00+00,false
CLI-00001995,Cliente Sintético 1995,cliente1995@aurora.example,1963-04-25,Curitiba,PR,Sul,2022-07-16T15:00:00+00,true
CLI-00001996,Cliente Sintético 1996,cliente1996@aurora.example,1964-05-26,Rio de Janeiro,RJ,Sudeste,2022-07-17T15:00:00+00,false
CLI-00001997,Cliente Sintético 1997,cliente1997@aurora.example,1965-06-27,Porto Alegre,RS,Sul,2022-07-18T15:00:00+00,true
CLI-00001998,Cliente Sintético 1998,cliente1998@aurora.example,1966-07-01,São Paulo,SP,Sudeste,2022-07-19T15:00:00+00,false
CLI-00001999,Cliente Sintético 1999,cliente1999@aurora.example,1967-08-02,Rio Branco,AC,Norte,2022-07-20T15:00:00+00,true
CLI-00002000,Cliente Sintético 2000,cliente2000@aurora.example,1968-09-03,Maceió,AL,Nordeste,2022-07-21T15:00:00+00,false
CLI-00002001,Cliente Sintético 2001,cliente2001@aurora.example,1969-10-04,Salvador,BA,Nordeste,2022-07-22T15:00:00+00,true
CLI-00002002,Cliente Sintético 2002,cliente2002@aurora.example,1970-11-05,Brasília,DF,Centro-Oeste,2022-07-23T15:00:00+00,false
CLI-00002003,Cliente Sintético 2003,cliente2003@aurora.example,1971-12-06,Belo Horizonte,MG,Sudeste,2022-07-24T15:00:00+00,true
CLI-00002004,Cliente Sintético 2004,cliente2004@aurora.example,1972-01-07,Curitiba,PR,Sul,2022-07-25T15:00:00+00,false
CLI-00002005,Cliente Sintético 2005,cliente2005@aurora.example,1973-02-08,Rio de Janeiro,RJ,Sudeste,2022-07-26T15:00:00+00,true
CLI-00002006,Cliente Sintético 2006,cliente2006@aurora.example,1974-03-09,Porto Alegre,RS,Sul,2022-07-27T15:00:00+00,false
CLI-00002007,Cliente Sintético 2007,cliente2007@aurora.example,1975-04-10,São Paulo,SP,Sudeste,2022-07-28T15:00:00+00,true
CLI-00002008,Cliente Sintético 2008,cliente2008@aurora.example,1976-05-11,Rio Branco,AC,Norte,2022-07-29T15:00:00+00,false
CLI-00002009,Cliente Sintético 2009,cliente2009@aurora.example,1977-06-12,Maceió,AL,Nordeste,2022-07-30T15:00:00+00,true
CLI-00002010,Cliente Sintético 2010,cliente2010@aurora.example,1978-07-13,Salvador,BA,Nordeste,2022-07-31T15:00:00+00,false
CLI-00002011,Cliente Sintético 2011,cliente2011@aurora.example,1979-08-14,Brasília,DF,Centro-Oeste,2022-08-01T15:00:00+00,true
CLI-00002012,Cliente Sintético 2012,cliente2012@aurora.example,1980-09-15,Belo Horizonte,MG,Sudeste,2022-08-02T15:00:00+00,false
CLI-00002013,Cliente Sintético 2013,cliente2013@aurora.example,1981-10-16,Curitiba,PR,Sul,2022-08-03T15:00:00+00,true
CLI-00002014,Cliente Sintético 2014,cliente2014@aurora.example,1982-11-17,Rio de Janeiro,RJ,Sudeste,2022-08-04T15:00:00+00,false
CLI-00002015,Cliente Sintético 2015,cliente2015@aurora.example,1983-12-18,Porto Alegre,RS,Sul,2022-08-05T15:00:00+00,true
CLI-00002016,Cliente Sintético 2016,cliente2016@aurora.example,1984-01-19,São Paulo,SP,Sudeste,2022-08-06T15:00:00+00,false
CLI-00002017,Cliente Sintético 2017,cliente2017@aurora.example,1985-02-20,Rio Branco,AC,Norte,2022-08-07T15:00:00+00,true
CLI-00002018,Cliente Sintético 2018,cliente2018@aurora.example,1986-03-21,Maceió,AL,Nordeste,2022-08-08T15:00:00+00,false
CLI-00002019,Cliente Sintético 2019,cliente2019@aurora.example,1987-04-22,Salvador,BA,Nordeste,2022-08-09T15:00:00+00,true
CLI-00002020,Cliente Sintético 2020,cliente2020@aurora.example,1988-05-23,Brasília,DF,Centro-Oeste,2022-08-10T15:00:00+00,false
CLI-00002021,Cliente Sintético 2021,cliente2021@aurora.example,1989-06-24,Belo Horizonte,MG,Sudeste,2022-08-11T15:00:00+00,true
CLI-00002022,Cliente Sintético 2022,cliente2022@aurora.example,1990-07-25,Curitiba,PR,Sul,2022-08-12T15:00:00+00,false
CLI-00002023,Cliente Sintético 2023,cliente2023@aurora.example,1991-08-26,Rio de Janeiro,RJ,Sudeste,2022-08-13T15:00:00+00,true
CLI-00002024,Cliente Sintético 2024,cliente2024@aurora.example,1992-09-27,Porto Alegre,RS,Sul,2022-08-14T15:00:00+00,false
CLI-00002025,Cliente Sintético 2025,cliente2025@aurora.example,1993-10-01,São Paulo,SP,Sudeste,2022-08-15T15:00:00+00,true
CLI-00002026,Cliente Sintético 2026,cliente2026@aurora.example,1994-11-02,Rio Branco,AC,Norte,2022-08-16T15:00:00+00,false
CLI-00002027,Cliente Sintético 2027,cliente2027@aurora.example,1995-12-03,Maceió,AL,Nordeste,2022-08-17T15:00:00+00,true
CLI-00002028,Cliente Sintético 2028,cliente2028@aurora.example,1996-01-04,Salvador,BA,Nordeste,2022-08-18T15:00:00+00,false
CLI-00002029,Cliente Sintético 2029,cliente2029@aurora.example,1997-02-05,Brasília,DF,Centro-Oeste,2022-08-19T15:00:00+00,true
CLI-00002030,Cliente Sintético 2030,cliente2030@aurora.example,1998-03-06,Belo Horizonte,MG,Sudeste,2022-08-20T15:00:00+00,false
CLI-00002031,Cliente Sintético 2031,cliente2031@aurora.example,1999-04-07,Curitiba,PR,Sul,2022-08-21T15:00:00+00,true
CLI-00002032,Cliente Sintético 2032,cliente2032@aurora.example,2000-05-08,Rio de Janeiro,RJ,Sudeste,2022-08-22T15:00:00+00,false
CLI-00002033,Cliente Sintético 2033,cliente2033@aurora.example,2001-06-09,Porto Alegre,RS,Sul,2022-08-23T15:00:00+00,true
CLI-00002034,Cliente Sintético 2034,cliente2034@aurora.example,2002-07-10,São Paulo,SP,Sudeste,2022-08-24T15:00:00+00,false
CLI-00002035,Cliente Sintético 2035,cliente2035@aurora.example,2003-08-11,Rio Branco,AC,Norte,2022-08-25T15:00:00+00,true
CLI-00002036,Cliente Sintético 2036,cliente2036@aurora.example,2004-09-12,Maceió,AL,Nordeste,2022-08-26T15:00:00+00,false
CLI-00002037,Cliente Sintético 2037,cliente2037@aurora.example,2005-10-13,Salvador,BA,Nordeste,2022-08-27T15:00:00+00,true
CLI-00002038,Cliente Sintético 2038,cliente2038@aurora.example,2006-11-14,Brasília,DF,Centro-Oeste,2022-08-28T15:00:00+00,false
CLI-00002039,Cliente Sintético 2039,cliente2039@aurora.example,2007-12-15,Belo Horizonte,MG,Sudeste,2022-08-29T15:00:00+00,true
CLI-00002040,Cliente Sintético 2040,cliente2040@aurora.example,1940-01-16,Curitiba,PR,Sul,2022-08-30T15:00:00+00,false
CLI-00002041,Cliente Sintético 2041,cliente2041@aurora.example,1941-02-17,Rio de Janeiro,RJ,Sudeste,2022-08-31T15:00:00+00,true
CLI-00002042,Cliente Sintético 2042,cliente2042@aurora.example,1942-03-18,Porto Alegre,RS,Sul,2022-09-01T15:00:00+00,false
CLI-00002043,Cliente Sintético 2043,cliente2043@aurora.example,1943-04-19,São Paulo,SP,Sudeste,2022-09-02T15:00:00+00,true
CLI-00002044,Cliente Sintético 2044,cliente2044@aurora.example,1944-05-20,Rio Branco,AC,Norte,2022-09-03T15:00:00+00,false
CLI-00002045,Cliente Sintético 2045,cliente2045@aurora.example,1945-06-21,Maceió,AL,Nordeste,2022-09-04T15:00:00+00,true
CLI-00002046,Cliente Sintético 2046,cliente2046@aurora.example,1946-07-22,Salvador,BA,Nordeste,2022-09-05T15:00:00+00,false
CLI-00002047,Cliente Sintético 2047,cliente2047@aurora.example,1947-08-23,Brasília,DF,Centro-Oeste,2022-09-06T15:00:00+00,true
CLI-00002048,Cliente Sintético 2048,cliente2048@aurora.example,1948-09-24,Belo Horizonte,MG,Sudeste,2022-09-07T15:00:00+00,false
CLI-00002049,Cliente Sintético 2049,cliente2049@aurora.example,1949-10-25,Curitiba,PR,Sul,2022-09-08T15:00:00+00,true
CLI-00002050,Cliente Sintético 2050,cliente2050@aurora.example,1950-11-26,Rio de Janeiro,RJ,Sudeste,2022-09-09T15:00:00+00,false
CLI-00002051,Cliente Sintético 2051,cliente2051@aurora.example,1951-12-27,Porto Alegre,RS,Sul,2022-09-10T15:00:00+00,true
CLI-00002052,Cliente Sintético 2052,cliente2052@aurora.example,1952-01-01,São Paulo,SP,Sudeste,2022-09-11T15:00:00+00,false
CLI-00002053,Cliente Sintético 2053,cliente2053@aurora.example,1953-02-02,Rio Branco,AC,Norte,2022-09-12T15:00:00+00,true
CLI-00002054,Cliente Sintético 2054,cliente2054@aurora.example,1954-03-03,Maceió,AL,Nordeste,2022-09-13T15:00:00+00,false
CLI-00002055,Cliente Sintético 2055,cliente2055@aurora.example,1955-04-04,Salvador,BA,Nordeste,2022-09-14T15:00:00+00,true
CLI-00002056,Cliente Sintético 2056,cliente2056@aurora.example,1956-05-05,Brasília,DF,Centro-Oeste,2022-09-15T15:00:00+00,false
CLI-00002057,Cliente Sintético 2057,cliente2057@aurora.example,1957-06-06,Belo Horizonte,MG,Sudeste,2022-09-16T15:00:00+00,true
CLI-00002058,Cliente Sintético 2058,cliente2058@aurora.example,1958-07-07,Curitiba,PR,Sul,2022-09-17T15:00:00+00,false
CLI-00002059,Cliente Sintético 2059,cliente2059@aurora.example,1959-08-08,Rio de Janeiro,RJ,Sudeste,2022-09-18T15:00:00+00,true
CLI-00002060,Cliente Sintético 2060,cliente2060@aurora.example,1960-09-09,Porto Alegre,RS,Sul,2022-09-19T15:00:00+00,false
CLI-00002061,Cliente Sintético 2061,cliente2061@aurora.example,1961-10-10,São Paulo,SP,Sudeste,2022-09-20T15:00:00+00,true
CLI-00002062,Cliente Sintético 2062,cliente2062@aurora.example,1962-11-11,Rio Branco,AC,Norte,2022-09-21T15:00:00+00,false
CLI-00002063,Cliente Sintético 2063,cliente2063@aurora.example,1963-12-12,Maceió,AL,Nordeste,2022-09-22T15:00:00+00,true
CLI-00002064,Cliente Sintético 2064,cliente2064@aurora.example,1964-01-13,Salvador,BA,Nordeste,2022-09-23T15:00:00+00,false
CLI-00002065,Cliente Sintético 2065,cliente2065@aurora.example,1965-02-14,Brasília,DF,Centro-Oeste,2022-09-24T15:00:00+00,true
CLI-00002066,Cliente Sintético 2066,cliente2066@aurora.example,1966-03-15,Belo Horizonte,MG,Sudeste,2022-09-25T15:00:00+00,false
CLI-00002067,Cliente Sintético 2067,cliente2067@aurora.example,1967-04-16,Curitiba,PR,Sul,2022-09-26T15:00:00+00,true
CLI-00002068,Cliente Sintético 2068,cliente2068@aurora.example,1968-05-17,Rio de Janeiro,RJ,Sudeste,2022-09-27T15:00:00+00,false
CLI-00002069,Cliente Sintético 2069,cliente2069@aurora.example,1969-06-18,Porto Alegre,RS,Sul,2022-09-28T15:00:00+00,true
CLI-00002070,Cliente Sintético 2070,cliente2070@aurora.example,1970-07-19,São Paulo,SP,Sudeste,2022-09-29T15:00:00+00,false
CLI-00002071,Cliente Sintético 2071,cliente2071@aurora.example,1971-08-20,Rio Branco,AC,Norte,2022-09-30T15:00:00+00,true
CLI-00002072,Cliente Sintético 2072,cliente2072@aurora.example,1972-09-21,Maceió,AL,Nordeste,2022-10-01T15:00:00+00,false
CLI-00002073,Cliente Sintético 2073,cliente2073@aurora.example,1973-10-22,Salvador,BA,Nordeste,2022-10-02T15:00:00+00,true
CLI-00002074,Cliente Sintético 2074,cliente2074@aurora.example,1974-11-23,Brasília,DF,Centro-Oeste,2022-10-03T15:00:00+00,false
CLI-00002075,Cliente Sintético 2075,cliente2075@aurora.example,1975-12-24,Belo Horizonte,MG,Sudeste,2022-10-04T15:00:00+00,true
CLI-00002076,Cliente Sintético 2076,cliente2076@aurora.example,1976-01-25,Curitiba,PR,Sul,2022-10-05T15:00:00+00,false
CLI-00002077,Cliente Sintético 2077,cliente2077@aurora.example,1977-02-26,Rio de Janeiro,RJ,Sudeste,2022-10-06T15:00:00+00,true
CLI-00002078,Cliente Sintético 2078,cliente2078@aurora.example,1978-03-27,Porto Alegre,RS,Sul,2022-10-07T15:00:00+00,false
CLI-00002079,Cliente Sintético 2079,cliente2079@aurora.example,1979-04-01,São Paulo,SP,Sudeste,2022-10-08T15:00:00+00,true
CLI-00002080,Cliente Sintético 2080,cliente2080@aurora.example,1980-05-02,Rio Branco,AC,Norte,2022-10-09T15:00:00+00,false
CLI-00002081,Cliente Sintético 2081,cliente2081@aurora.example,1981-06-03,Maceió,AL,Nordeste,2022-10-10T15:00:00+00,true
CLI-00002082,Cliente Sintético 2082,cliente2082@aurora.example,1982-07-04,Salvador,BA,Nordeste,2022-10-11T15:00:00+00,false
CLI-00002083,Cliente Sintético 2083,cliente2083@aurora.example,1983-08-05,Brasília,DF,Centro-Oeste,2022-10-12T15:00:00+00,true
CLI-00002084,Cliente Sintético 2084,cliente2084@aurora.example,1984-09-06,Belo Horizonte,MG,Sudeste,2022-10-13T15:00:00+00,false
CLI-00002085,Cliente Sintético 2085,cliente2085@aurora.example,1985-10-07,Curitiba,PR,Sul,2022-10-14T15:00:00+00,true
CLI-00002086,Cliente Sintético 2086,cliente2086@aurora.example,1986-11-08,Rio de Janeiro,RJ,Sudeste,2022-10-15T15:00:00+00,false
CLI-00002087,Cliente Sintético 2087,cliente2087@aurora.example,1987-12-09,Porto Alegre,RS,Sul,2022-10-16T15:00:00+00,true
CLI-00002088,Cliente Sintético 2088,cliente2088@aurora.example,1988-01-10,São Paulo,SP,Sudeste,2022-10-17T15:00:00+00,false
CLI-00002089,Cliente Sintético 2089,cliente2089@aurora.example,1989-02-11,Rio Branco,AC,Norte,2022-10-18T15:00:00+00,true
CLI-00002090,Cliente Sintético 2090,cliente2090@aurora.example,1990-03-12,Maceió,AL,Nordeste,2022-10-19T15:00:00+00,false
CLI-00002091,Cliente Sintético 2091,cliente2091@aurora.example,1991-04-13,Salvador,BA,Nordeste,2022-10-20T15:00:00+00,true
CLI-00002092,Cliente Sintético 2092,cliente2092@aurora.example,1992-05-14,Brasília,DF,Centro-Oeste,2022-10-21T15:00:00+00,false
CLI-00002093,Cliente Sintético 2093,cliente2093@aurora.example,1993-06-15,Belo Horizonte,MG,Sudeste,2022-10-22T15:00:00+00,true
CLI-00002094,Cliente Sintético 2094,cliente2094@aurora.example,1994-07-16,Curitiba,PR,Sul,2022-10-23T15:00:00+00,false
CLI-00002095,Cliente Sintético 2095,cliente2095@aurora.example,1995-08-17,Rio de Janeiro,RJ,Sudeste,2022-10-24T15:00:00+00,true
CLI-00002096,Cliente Sintético 2096,cliente2096@aurora.example,1996-09-18,Porto Alegre,RS,Sul,2022-10-25T15:00:00+00,false
CLI-00002097,Cliente Sintético 2097,cliente2097@aurora.example,1997-10-19,São Paulo,SP,Sudeste,2022-10-26T15:00:00+00,true
CLI-00002098,Cliente Sintético 2098,cliente2098@aurora.example,1998-11-20,Rio Branco,AC,Norte,2022-10-27T15:00:00+00,false
CLI-00002099,Cliente Sintético 2099,cliente2099@aurora.example,1999-12-21,Maceió,AL,Nordeste,2022-10-28T15:00:00+00,true
CLI-00002100,Cliente Sintético 2100,cliente2100@aurora.example,2000-01-22,Salvador,BA,Nordeste,2022-10-29T15:00:00+00,false
CLI-00002101,Cliente Sintético 2101,cliente2101@aurora.example,2001-02-23,Brasília,DF,Centro-Oeste,2022-10-30T15:00:00+00,true
CLI-00002102,Cliente Sintético 2102,cliente2102@aurora.example,2002-03-24,Belo Horizonte,MG,Sudeste,2022-10-31T15:00:00+00,false
CLI-00002103,Cliente Sintético 2103,cliente2103@aurora.example,2003-04-25,Curitiba,PR,Sul,2022-11-01T15:00:00+00,true
CLI-00002104,Cliente Sintético 2104,cliente2104@aurora.example,2004-05-26,Rio de Janeiro,RJ,Sudeste,2022-11-02T15:00:00+00,false
CLI-00002105,Cliente Sintético 2105,cliente2105@aurora.example,2005-06-27,Porto Alegre,RS,Sul,2022-11-03T15:00:00+00,true
CLI-00002106,Cliente Sintético 2106,cliente2106@aurora.example,2006-07-01,São Paulo,SP,Sudeste,2022-11-04T15:00:00+00,false
CLI-00002107,Cliente Sintético 2107,cliente2107@aurora.example,2007-08-02,Rio Branco,AC,Norte,2022-11-05T15:00:00+00,true
CLI-00002108,Cliente Sintético 2108,cliente2108@aurora.example,1940-09-03,Maceió,AL,Nordeste,2022-11-06T15:00:00+00,false
CLI-00002109,Cliente Sintético 2109,cliente2109@aurora.example,1941-10-04,Salvador,BA,Nordeste,2022-11-07T15:00:00+00,true
CLI-00002110,Cliente Sintético 2110,cliente2110@aurora.example,1942-11-05,Brasília,DF,Centro-Oeste,2022-11-08T15:00:00+00,false
CLI-00002111,Cliente Sintético 2111,cliente2111@aurora.example,1943-12-06,Belo Horizonte,MG,Sudeste,2022-11-09T15:00:00+00,true
CLI-00002112,Cliente Sintético 2112,cliente2112@aurora.example,1944-01-07,Curitiba,PR,Sul,2022-11-10T15:00:00+00,false
CLI-00002113,Cliente Sintético 2113,cliente2113@aurora.example,1945-02-08,Rio de Janeiro,RJ,Sudeste,2022-11-11T15:00:00+00,true
CLI-00002114,Cliente Sintético 2114,cliente2114@aurora.example,1946-03-09,Porto Alegre,RS,Sul,2022-11-12T15:00:00+00,false
CLI-00002115,Cliente Sintético 2115,cliente2115@aurora.example,1947-04-10,São Paulo,SP,Sudeste,2022-11-13T15:00:00+00,true
CLI-00002116,Cliente Sintético 2116,cliente2116@aurora.example,1948-05-11,Rio Branco,AC,Norte,2022-11-14T15:00:00+00,false
CLI-00002117,Cliente Sintético 2117,cliente2117@aurora.example,1949-06-12,Maceió,AL,Nordeste,2022-11-15T15:00:00+00,true
CLI-00002118,Cliente Sintético 2118,cliente2118@aurora.example,1950-07-13,Salvador,BA,Nordeste,2022-11-16T15:00:00+00,false
CLI-00002119,Cliente Sintético 2119,cliente2119@aurora.example,1951-08-14,Brasília,DF,Centro-Oeste,2022-11-17T15:00:00+00,true
CLI-00002120,Cliente Sintético 2120,cliente2120@aurora.example,1952-09-15,Belo Horizonte,MG,Sudeste,2022-11-18T15:00:00+00,false
CLI-00002121,Cliente Sintético 2121,cliente2121@aurora.example,1953-10-16,Curitiba,PR,Sul,2022-11-19T15:00:00+00,true
CLI-00002122,Cliente Sintético 2122,cliente2122@aurora.example,1954-11-17,Rio de Janeiro,RJ,Sudeste,2022-11-20T15:00:00+00,false
CLI-00002123,Cliente Sintético 2123,cliente2123@aurora.example,1955-12-18,Porto Alegre,RS,Sul,2022-11-21T15:00:00+00,true
CLI-00002124,Cliente Sintético 2124,cliente2124@aurora.example,1956-01-19,São Paulo,SP,Sudeste,2022-11-22T15:00:00+00,false
CLI-00002125,Cliente Sintético 2125,cliente2125@aurora.example,1957-02-20,Rio Branco,AC,Norte,2022-11-23T15:00:00+00,true
CLI-00002126,Cliente Sintético 2126,cliente2126@aurora.example,1958-03-21,Maceió,AL,Nordeste,2022-11-24T15:00:00+00,false
CLI-00002127,Cliente Sintético 2127,cliente2127@aurora.example,1959-04-22,Salvador,BA,Nordeste,2022-11-25T15:00:00+00,true
CLI-00002128,Cliente Sintético 2128,cliente2128@aurora.example,1960-05-23,Brasília,DF,Centro-Oeste,2022-11-26T15:00:00+00,false
CLI-00002129,Cliente Sintético 2129,cliente2129@aurora.example,1961-06-24,Belo Horizonte,MG,Sudeste,2022-11-27T15:00:00+00,true
CLI-00002130,Cliente Sintético 2130,cliente2130@aurora.example,1962-07-25,Curitiba,PR,Sul,2022-11-28T15:00:00+00,false
CLI-00002131,Cliente Sintético 2131,cliente2131@aurora.example,1963-08-26,Rio de Janeiro,RJ,Sudeste,2022-11-29T15:00:00+00,true
CLI-00002132,Cliente Sintético 2132,cliente2132@aurora.example,1964-09-27,Porto Alegre,RS,Sul,2022-11-30T15:00:00+00,false
CLI-00002133,Cliente Sintético 2133,cliente2133@aurora.example,1965-10-01,São Paulo,SP,Sudeste,2022-12-01T15:00:00+00,true
CLI-00002134,Cliente Sintético 2134,cliente2134@aurora.example,1966-11-02,Rio Branco,AC,Norte,2022-12-02T15:00:00+00,false
CLI-00002135,Cliente Sintético 2135,cliente2135@aurora.example,1967-12-03,Maceió,AL,Nordeste,2022-12-03T15:00:00+00,true
CLI-00002136,Cliente Sintético 2136,cliente2136@aurora.example,1968-01-04,Salvador,BA,Nordeste,2022-12-04T15:00:00+00,false
CLI-00002137,Cliente Sintético 2137,cliente2137@aurora.example,1969-02-05,Brasília,DF,Centro-Oeste,2022-12-05T15:00:00+00,true
CLI-00002138,Cliente Sintético 2138,cliente2138@aurora.example,1970-03-06,Belo Horizonte,MG,Sudeste,2022-12-06T15:00:00+00,false
CLI-00002139,Cliente Sintético 2139,cliente2139@aurora.example,1971-04-07,Curitiba,PR,Sul,2022-12-07T15:00:00+00,true
CLI-00002140,Cliente Sintético 2140,cliente2140@aurora.example,1972-05-08,Rio de Janeiro,RJ,Sudeste,2022-12-08T15:00:00+00,false
CLI-00002141,Cliente Sintético 2141,cliente2141@aurora.example,1973-06-09,Porto Alegre,RS,Sul,2022-12-09T15:00:00+00,true
CLI-00002142,Cliente Sintético 2142,cliente2142@aurora.example,1974-07-10,São Paulo,SP,Sudeste,2022-12-10T15:00:00+00,false
CLI-00002143,Cliente Sintético 2143,cliente2143@aurora.example,1975-08-11,Rio Branco,AC,Norte,2022-12-11T15:00:00+00,true
CLI-00002144,Cliente Sintético 2144,cliente2144@aurora.example,1976-09-12,Maceió,AL,Nordeste,2022-12-12T15:00:00+00,false
CLI-00002145,Cliente Sintético 2145,cliente2145@aurora.example,1977-10-13,Salvador,BA,Nordeste,2022-12-13T15:00:00+00,true
CLI-00002146,Cliente Sintético 2146,cliente2146@aurora.example,1978-11-14,Brasília,DF,Centro-Oeste,2022-12-14T15:00:00+00,false
CLI-00002147,Cliente Sintético 2147,cliente2147@aurora.example,1979-12-15,Belo Horizonte,MG,Sudeste,2022-12-15T15:00:00+00,true
CLI-00002148,Cliente Sintético 2148,cliente2148@aurora.example,1980-01-16,Curitiba,PR,Sul,2022-12-16T15:00:00+00,false
CLI-00002149,Cliente Sintético 2149,cliente2149@aurora.example,1981-02-17,Rio de Janeiro,RJ,Sudeste,2022-12-17T15:00:00+00,true
CLI-00002150,Cliente Sintético 2150,cliente2150@aurora.example,1982-03-18,Porto Alegre,RS,Sul,2022-12-18T15:00:00+00,false
CLI-00002151,Cliente Sintético 2151,cliente2151@aurora.example,1983-04-19,São Paulo,SP,Sudeste,2022-12-19T15:00:00+00,true
CLI-00002152,Cliente Sintético 2152,cliente2152@aurora.example,1984-05-20,Rio Branco,AC,Norte,2022-12-20T15:00:00+00,false
CLI-00002153,Cliente Sintético 2153,cliente2153@aurora.example,1985-06-21,Maceió,AL,Nordeste,2022-12-21T15:00:00+00,true
CLI-00002154,Cliente Sintético 2154,cliente2154@aurora.example,1986-07-22,Salvador,BA,Nordeste,2022-12-22T15:00:00+00,false
CLI-00002155,Cliente Sintético 2155,cliente2155@aurora.example,1987-08-23,Brasília,DF,Centro-Oeste,2022-12-23T15:00:00+00,true
CLI-00002156,Cliente Sintético 2156,cliente2156@aurora.example,1988-09-24,Belo Horizonte,MG,Sudeste,2022-12-24T15:00:00+00,false
CLI-00002157,Cliente Sintético 2157,cliente2157@aurora.example,1989-10-25,Curitiba,PR,Sul,2022-12-25T15:00:00+00,true
CLI-00002158,Cliente Sintético 2158,cliente2158@aurora.example,1990-11-26,Rio de Janeiro,RJ,Sudeste,2022-12-26T15:00:00+00,false
CLI-00002159,Cliente Sintético 2159,cliente2159@aurora.example,1991-12-27,Porto Alegre,RS,Sul,2022-12-27T15:00:00+00,true
CLI-00002160,Cliente Sintético 2160,cliente2160@aurora.example,1992-01-01,São Paulo,SP,Sudeste,2022-07-01T15:00:00+00,false
CLI-00002161,Cliente Sintético 2161,cliente2161@aurora.example,1993-02-02,Rio Branco,AC,Norte,2022-07-02T15:00:00+00,true
CLI-00002162,Cliente Sintético 2162,cliente2162@aurora.example,1994-03-03,Maceió,AL,Nordeste,2022-07-03T15:00:00+00,false
CLI-00002163,Cliente Sintético 2163,cliente2163@aurora.example,1995-04-04,Salvador,BA,Nordeste,2022-07-04T15:00:00+00,true
CLI-00002164,Cliente Sintético 2164,cliente2164@aurora.example,1996-05-05,Brasília,DF,Centro-Oeste,2022-07-05T15:00:00+00,false
CLI-00002165,Cliente Sintético 2165,cliente2165@aurora.example,1997-06-06,Belo Horizonte,MG,Sudeste,2022-07-06T15:00:00+00,true
CLI-00002166,Cliente Sintético 2166,cliente2166@aurora.example,1998-07-07,Curitiba,PR,Sul,2022-07-07T15:00:00+00,false
CLI-00002167,Cliente Sintético 2167,cliente2167@aurora.example,1999-08-08,Rio de Janeiro,RJ,Sudeste,2022-07-08T15:00:00+00,true
CLI-00002168,Cliente Sintético 2168,cliente2168@aurora.example,2000-09-09,Porto Alegre,RS,Sul,2022-07-09T15:00:00+00,false
CLI-00002169,Cliente Sintético 2169,cliente2169@aurora.example,2001-10-10,São Paulo,SP,Sudeste,2022-07-10T15:00:00+00,true
CLI-00002170,Cliente Sintético 2170,cliente2170@aurora.example,2002-11-11,Rio Branco,AC,Norte,2022-07-11T15:00:00+00,false
CLI-00002171,Cliente Sintético 2171,cliente2171@aurora.example,2003-12-12,Maceió,AL,Nordeste,2022-07-12T15:00:00+00,true
CLI-00002172,Cliente Sintético 2172,cliente2172@aurora.example,2004-01-13,Salvador,BA,Nordeste,2022-07-13T15:00:00+00,false
CLI-00002173,Cliente Sintético 2173,cliente2173@aurora.example,2005-02-14,Brasília,DF,Centro-Oeste,2022-07-14T15:00:00+00,true
CLI-00002174,Cliente Sintético 2174,cliente2174@aurora.example,2006-03-15,Belo Horizonte,MG,Sudeste,2022-07-15T15:00:00+00,false
CLI-00002175,Cliente Sintético 2175,cliente2175@aurora.example,2007-04-16,Curitiba,PR,Sul,2022-07-16T15:00:00+00,true
CLI-00002176,Cliente Sintético 2176,cliente2176@aurora.example,1940-05-17,Rio de Janeiro,RJ,Sudeste,2022-07-17T15:00:00+00,false
CLI-00002177,Cliente Sintético 2177,cliente2177@aurora.example,1941-06-18,Porto Alegre,RS,Sul,2022-07-18T15:00:00+00,true
CLI-00002178,Cliente Sintético 2178,cliente2178@aurora.example,1942-07-19,São Paulo,SP,Sudeste,2022-07-19T15:00:00+00,false
CLI-00002179,Cliente Sintético 2179,cliente2179@aurora.example,1943-08-20,Rio Branco,AC,Norte,2022-07-20T15:00:00+00,true
CLI-00002180,Cliente Sintético 2180,cliente2180@aurora.example,1944-09-21,Maceió,AL,Nordeste,2022-07-21T15:00:00+00,false
CLI-00002181,Cliente Sintético 2181,cliente2181@aurora.example,1945-10-22,Salvador,BA,Nordeste,2022-07-22T15:00:00+00,true
CLI-00002182,Cliente Sintético 2182,cliente2182@aurora.example,1946-11-23,Brasília,DF,Centro-Oeste,2022-07-23T15:00:00+00,false
CLI-00002183,Cliente Sintético 2183,cliente2183@aurora.example,1947-12-24,Belo Horizonte,MG,Sudeste,2022-07-24T15:00:00+00,true
CLI-00002184,Cliente Sintético 2184,cliente2184@aurora.example,1948-01-25,Curitiba,PR,Sul,2022-07-25T15:00:00+00,false
CLI-00002185,Cliente Sintético 2185,cliente2185@aurora.example,1949-02-26,Rio de Janeiro,RJ,Sudeste,2022-07-26T15:00:00+00,true
CLI-00002186,Cliente Sintético 2186,cliente2186@aurora.example,1950-03-27,Porto Alegre,RS,Sul,2022-07-27T15:00:00+00,false
CLI-00002187,Cliente Sintético 2187,cliente2187@aurora.example,1951-04-01,São Paulo,SP,Sudeste,2022-07-28T15:00:00+00,true
CLI-00002188,Cliente Sintético 2188,cliente2188@aurora.example,1952-05-02,Rio Branco,AC,Norte,2022-07-29T15:00:00+00,false
CLI-00002189,Cliente Sintético 2189,cliente2189@aurora.example,1953-06-03,Maceió,AL,Nordeste,2022-07-30T15:00:00+00,true
CLI-00002190,Cliente Sintético 2190,cliente2190@aurora.example,1954-07-04,Salvador,BA,Nordeste,2022-07-31T15:00:00+00,false
CLI-00002191,Cliente Sintético 2191,cliente2191@aurora.example,1955-08-05,Brasília,DF,Centro-Oeste,2022-08-01T15:00:00+00,true
CLI-00002192,Cliente Sintético 2192,cliente2192@aurora.example,1956-09-06,Belo Horizonte,MG,Sudeste,2022-08-02T15:00:00+00,false
CLI-00002193,Cliente Sintético 2193,cliente2193@aurora.example,1957-10-07,Curitiba,PR,Sul,2022-08-03T15:00:00+00,true
CLI-00002194,Cliente Sintético 2194,cliente2194@aurora.example,1958-11-08,Rio de Janeiro,RJ,Sudeste,2022-08-04T15:00:00+00,false
CLI-00002195,Cliente Sintético 2195,cliente2195@aurora.example,1959-12-09,Porto Alegre,RS,Sul,2022-08-05T15:00:00+00,true
CLI-00002196,Cliente Sintético 2196,cliente2196@aurora.example,1960-01-10,São Paulo,SP,Sudeste,2022-08-06T15:00:00+00,false
CLI-00002197,Cliente Sintético 2197,cliente2197@aurora.example,1961-02-11,Rio Branco,AC,Norte,2022-08-07T15:00:00+00,true
CLI-00002198,Cliente Sintético 2198,cliente2198@aurora.example,1962-03-12,Maceió,AL,Nordeste,2022-08-08T15:00:00+00,false
CLI-00002199,Cliente Sintético 2199,cliente2199@aurora.example,1963-04-13,Salvador,BA,Nordeste,2022-08-09T15:00:00+00,true
CLI-00002200,Cliente Sintético 2200,cliente2200@aurora.example,1964-05-14,Brasília,DF,Centro-Oeste,2022-08-10T15:00:00+00,false
CLI-00002201,Cliente Sintético 2201,cliente2201@aurora.example,1965-06-15,Belo Horizonte,MG,Sudeste,2022-08-11T15:00:00+00,true
CLI-00002202,Cliente Sintético 2202,cliente2202@aurora.example,1966-07-16,Curitiba,PR,Sul,2022-08-12T15:00:00+00,false
CLI-00002203,Cliente Sintético 2203,cliente2203@aurora.example,1967-08-17,Rio de Janeiro,RJ,Sudeste,2022-08-13T15:00:00+00,true
CLI-00002204,Cliente Sintético 2204,cliente2204@aurora.example,1968-09-18,Porto Alegre,RS,Sul,2022-08-14T15:00:00+00,false
CLI-00002205,Cliente Sintético 2205,cliente2205@aurora.example,1969-10-19,São Paulo,SP,Sudeste,2022-08-15T15:00:00+00,true
CLI-00002206,Cliente Sintético 2206,cliente2206@aurora.example,1970-11-20,Rio Branco,AC,Norte,2022-08-16T15:00:00+00,false
CLI-00002207,Cliente Sintético 2207,cliente2207@aurora.example,1971-12-21,Maceió,AL,Nordeste,2022-08-17T15:00:00+00,true
CLI-00002208,Cliente Sintético 2208,cliente2208@aurora.example,1972-01-22,Salvador,BA,Nordeste,2022-08-18T15:00:00+00,false
CLI-00002209,Cliente Sintético 2209,cliente2209@aurora.example,1973-02-23,Brasília,DF,Centro-Oeste,2022-08-19T15:00:00+00,true
CLI-00002210,Cliente Sintético 2210,cliente2210@aurora.example,1974-03-24,Belo Horizonte,MG,Sudeste,2022-08-20T15:00:00+00,false
CLI-00002211,Cliente Sintético 2211,cliente2211@aurora.example,1975-04-25,Curitiba,PR,Sul,2022-08-21T15:00:00+00,true
CLI-00002212,Cliente Sintético 2212,cliente2212@aurora.example,1976-05-26,Rio de Janeiro,RJ,Sudeste,2022-08-22T15:00:00+00,false
CLI-00002213,Cliente Sintético 2213,cliente2213@aurora.example,1977-06-27,Porto Alegre,RS,Sul,2022-08-23T15:00:00+00,true
CLI-00002214,Cliente Sintético 2214,cliente2214@aurora.example,1978-07-01,São Paulo,SP,Sudeste,2022-08-24T15:00:00+00,false
CLI-00002215,Cliente Sintético 2215,cliente2215@aurora.example,1979-08-02,Rio Branco,AC,Norte,2022-08-25T15:00:00+00,true
CLI-00002216,Cliente Sintético 2216,cliente2216@aurora.example,1980-09-03,Maceió,AL,Nordeste,2022-08-26T15:00:00+00,false
CLI-00002217,Cliente Sintético 2217,cliente2217@aurora.example,1981-10-04,Salvador,BA,Nordeste,2022-08-27T15:00:00+00,true
CLI-00002218,Cliente Sintético 2218,cliente2218@aurora.example,1982-11-05,Brasília,DF,Centro-Oeste,2022-08-28T15:00:00+00,false
CLI-00002219,Cliente Sintético 2219,cliente2219@aurora.example,1983-12-06,Belo Horizonte,MG,Sudeste,2022-08-29T15:00:00+00,true
CLI-00002220,Cliente Sintético 2220,cliente2220@aurora.example,1984-01-07,Curitiba,PR,Sul,2022-08-30T15:00:00+00,false
CLI-00002221,Cliente Sintético 2221,cliente2221@aurora.example,1985-02-08,Rio de Janeiro,RJ,Sudeste,2022-08-31T15:00:00+00,true
CLI-00002222,Cliente Sintético 2222,cliente2222@aurora.example,1986-03-09,Porto Alegre,RS,Sul,2022-09-01T15:00:00+00,false
CLI-00002223,Cliente Sintético 2223,cliente2223@aurora.example,1987-04-10,São Paulo,SP,Sudeste,2022-09-02T15:00:00+00,true
CLI-00002224,Cliente Sintético 2224,cliente2224@aurora.example,1988-05-11,Rio Branco,AC,Norte,2022-09-03T15:00:00+00,false
CLI-00002225,Cliente Sintético 2225,cliente2225@aurora.example,1989-06-12,Maceió,AL,Nordeste,2022-09-04T15:00:00+00,true
CLI-00002226,Cliente Sintético 2226,cliente2226@aurora.example,1990-07-13,Salvador,BA,Nordeste,2022-09-05T15:00:00+00,false
CLI-00002227,Cliente Sintético 2227,cliente2227@aurora.example,1991-08-14,Brasília,DF,Centro-Oeste,2022-09-06T15:00:00+00,true
CLI-00002228,Cliente Sintético 2228,cliente2228@aurora.example,1992-09-15,Belo Horizonte,MG,Sudeste,2022-09-07T15:00:00+00,false
CLI-00002229,Cliente Sintético 2229,cliente2229@aurora.example,1993-10-16,Curitiba,PR,Sul,2022-09-08T15:00:00+00,true
CLI-00002230,Cliente Sintético 2230,cliente2230@aurora.example,1994-11-17,Rio de Janeiro,RJ,Sudeste,2022-09-09T15:00:00+00,false
CLI-00002231,Cliente Sintético 2231,cliente2231@aurora.example,1995-12-18,Porto Alegre,RS,Sul,2022-09-10T15:00:00+00,true
CLI-00002232,Cliente Sintético 2232,cliente2232@aurora.example,1996-01-19,São Paulo,SP,Sudeste,2022-09-11T15:00:00+00,false
CLI-00002233,Cliente Sintético 2233,cliente2233@aurora.example,1997-02-20,Rio Branco,AC,Norte,2022-09-12T15:00:00+00,true
CLI-00002234,Cliente Sintético 2234,cliente2234@aurora.example,1998-03-21,Maceió,AL,Nordeste,2022-09-13T15:00:00+00,false
CLI-00002235,Cliente Sintético 2235,cliente2235@aurora.example,1999-04-22,Salvador,BA,Nordeste,2022-09-14T15:00:00+00,true
CLI-00002236,Cliente Sintético 2236,cliente2236@aurora.example,2000-05-23,Brasília,DF,Centro-Oeste,2022-09-15T15:00:00+00,false
CLI-00002237,Cliente Sintético 2237,cliente2237@aurora.example,2001-06-24,Belo Horizonte,MG,Sudeste,2022-09-16T15:00:00+00,true
CLI-00002238,Cliente Sintético 2238,cliente2238@aurora.example,2002-07-25,Curitiba,PR,Sul,2022-09-17T15:00:00+00,false
CLI-00002239,Cliente Sintético 2239,cliente2239@aurora.example,2003-08-26,Rio de Janeiro,RJ,Sudeste,2022-09-18T15:00:00+00,true
CLI-00002240,Cliente Sintético 2240,cliente2240@aurora.example,2004-09-27,Porto Alegre,RS,Sul,2022-09-19T15:00:00+00,false
CLI-00002241,Cliente Sintético 2241,cliente2241@aurora.example,2005-10-01,São Paulo,SP,Sudeste,2022-09-20T15:00:00+00,true
CLI-00002242,Cliente Sintético 2242,cliente2242@aurora.example,2006-11-02,Rio Branco,AC,Norte,2022-09-21T15:00:00+00,false
CLI-00002243,Cliente Sintético 2243,cliente2243@aurora.example,2007-12-03,Maceió,AL,Nordeste,2022-09-22T15:00:00+00,true
CLI-00002244,Cliente Sintético 2244,cliente2244@aurora.example,1940-01-04,Salvador,BA,Nordeste,2022-09-23T15:00:00+00,false
CLI-00002245,Cliente Sintético 2245,cliente2245@aurora.example,1941-02-05,Brasília,DF,Centro-Oeste,2022-09-24T15:00:00+00,true
CLI-00002246,Cliente Sintético 2246,cliente2246@aurora.example,1942-03-06,Belo Horizonte,MG,Sudeste,2022-09-25T15:00:00+00,false
CLI-00002247,Cliente Sintético 2247,cliente2247@aurora.example,1943-04-07,Curitiba,PR,Sul,2022-09-26T15:00:00+00,true
CLI-00002248,Cliente Sintético 2248,cliente2248@aurora.example,1944-05-08,Rio de Janeiro,RJ,Sudeste,2022-09-27T15:00:00+00,false
CLI-00002249,Cliente Sintético 2249,cliente2249@aurora.example,1945-06-09,Porto Alegre,RS,Sul,2022-09-28T15:00:00+00,true
CLI-00002250,Cliente Sintético 2250,cliente2250@aurora.example,1946-07-10,São Paulo,SP,Sudeste,2022-09-29T15:00:00+00,false
CLI-00002251,Cliente Sintético 2251,cliente2251@aurora.example,1947-08-11,Rio Branco,AC,Norte,2022-09-30T15:00:00+00,true
CLI-00002252,Cliente Sintético 2252,cliente2252@aurora.example,1948-09-12,Maceió,AL,Nordeste,2022-10-01T15:00:00+00,false
CLI-00002253,Cliente Sintético 2253,cliente2253@aurora.example,1949-10-13,Salvador,BA,Nordeste,2022-10-02T15:00:00+00,true
CLI-00002254,Cliente Sintético 2254,cliente2254@aurora.example,1950-11-14,Brasília,DF,Centro-Oeste,2022-10-03T15:00:00+00,false
CLI-00002255,Cliente Sintético 2255,cliente2255@aurora.example,1951-12-15,Belo Horizonte,MG,Sudeste,2022-10-04T15:00:00+00,true
CLI-00002256,Cliente Sintético 2256,cliente2256@aurora.example,1952-01-16,Curitiba,PR,Sul,2022-10-05T15:00:00+00,false
CLI-00002257,Cliente Sintético 2257,cliente2257@aurora.example,1953-02-17,Rio de Janeiro,RJ,Sudeste,2022-10-06T15:00:00+00,true
CLI-00002258,Cliente Sintético 2258,cliente2258@aurora.example,1954-03-18,Porto Alegre,RS,Sul,2022-10-07T15:00:00+00,false
CLI-00002259,Cliente Sintético 2259,cliente2259@aurora.example,1955-04-19,São Paulo,SP,Sudeste,2022-10-08T15:00:00+00,true
CLI-00002260,Cliente Sintético 2260,cliente2260@aurora.example,1956-05-20,Rio Branco,AC,Norte,2022-10-09T15:00:00+00,false
CLI-00002261,Cliente Sintético 2261,cliente2261@aurora.example,1957-06-21,Maceió,AL,Nordeste,2022-10-10T15:00:00+00,true
CLI-00002262,Cliente Sintético 2262,cliente2262@aurora.example,1958-07-22,Salvador,BA,Nordeste,2022-10-11T15:00:00+00,false
CLI-00002263,Cliente Sintético 2263,cliente2263@aurora.example,1959-08-23,Brasília,DF,Centro-Oeste,2022-10-12T15:00:00+00,true
CLI-00002264,Cliente Sintético 2264,cliente2264@aurora.example,1960-09-24,Belo Horizonte,MG,Sudeste,2022-10-13T15:00:00+00,false
CLI-00002265,Cliente Sintético 2265,cliente2265@aurora.example,1961-10-25,Curitiba,PR,Sul,2022-10-14T15:00:00+00,true
CLI-00002266,Cliente Sintético 2266,cliente2266@aurora.example,1962-11-26,Rio de Janeiro,RJ,Sudeste,2022-10-15T15:00:00+00,false
CLI-00002267,Cliente Sintético 2267,cliente2267@aurora.example,1963-12-27,Porto Alegre,RS,Sul,2022-10-16T15:00:00+00,true
CLI-00002268,Cliente Sintético 2268,cliente2268@aurora.example,1964-01-01,São Paulo,SP,Sudeste,2022-10-17T15:00:00+00,false
CLI-00002269,Cliente Sintético 2269,cliente2269@aurora.example,1965-02-02,Rio Branco,AC,Norte,2022-10-18T15:00:00+00,true
CLI-00002270,Cliente Sintético 2270,cliente2270@aurora.example,1966-03-03,Maceió,AL,Nordeste,2022-10-19T15:00:00+00,false
CLI-00002271,Cliente Sintético 2271,cliente2271@aurora.example,1967-04-04,Salvador,BA,Nordeste,2022-10-20T15:00:00+00,true
CLI-00002272,Cliente Sintético 2272,cliente2272@aurora.example,1968-05-05,Brasília,DF,Centro-Oeste,2022-10-21T15:00:00+00,false
CLI-00002273,Cliente Sintético 2273,cliente2273@aurora.example,1969-06-06,Belo Horizonte,MG,Sudeste,2022-10-22T15:00:00+00,true
CLI-00002274,Cliente Sintético 2274,cliente2274@aurora.example,1970-07-07,Curitiba,PR,Sul,2022-10-23T15:00:00+00,false
CLI-00002275,Cliente Sintético 2275,cliente2275@aurora.example,1971-08-08,Rio de Janeiro,RJ,Sudeste,2022-10-24T15:00:00+00,true
CLI-00002276,Cliente Sintético 2276,cliente2276@aurora.example,1972-09-09,Porto Alegre,RS,Sul,2022-10-25T15:00:00+00,false
CLI-00002277,Cliente Sintético 2277,cliente2277@aurora.example,1973-10-10,São Paulo,SP,Sudeste,2022-10-26T15:00:00+00,true
CLI-00002278,Cliente Sintético 2278,cliente2278@aurora.example,1974-11-11,Rio Branco,AC,Norte,2022-10-27T15:00:00+00,false
CLI-00002279,Cliente Sintético 2279,cliente2279@aurora.example,1975-12-12,Maceió,AL,Nordeste,2022-10-28T15:00:00+00,true
CLI-00002280,Cliente Sintético 2280,cliente2280@aurora.example,1976-01-13,Salvador,BA,Nordeste,2022-10-29T15:00:00+00,false
CLI-00002281,Cliente Sintético 2281,cliente2281@aurora.example,1977-02-14,Brasília,DF,Centro-Oeste,2022-10-30T15:00:00+00,true
CLI-00002282,Cliente Sintético 2282,cliente2282@aurora.example,1978-03-15,Belo Horizonte,MG,Sudeste,2022-10-31T15:00:00+00,false
CLI-00002283,Cliente Sintético 2283,cliente2283@aurora.example,1979-04-16,Curitiba,PR,Sul,2022-11-01T15:00:00+00,true
CLI-00002284,Cliente Sintético 2284,cliente2284@aurora.example,1980-05-17,Rio de Janeiro,RJ,Sudeste,2022-11-02T15:00:00+00,false
CLI-00002285,Cliente Sintético 2285,cliente2285@aurora.example,1981-06-18,Porto Alegre,RS,Sul,2022-11-03T15:00:00+00,true
CLI-00002286,Cliente Sintético 2286,cliente2286@aurora.example,1982-07-19,São Paulo,SP,Sudeste,2022-11-04T15:00:00+00,false
CLI-00002287,Cliente Sintético 2287,cliente2287@aurora.example,1983-08-20,Rio Branco,AC,Norte,2022-11-05T15:00:00+00,true
CLI-00002288,Cliente Sintético 2288,cliente2288@aurora.example,1984-09-21,Maceió,AL,Nordeste,2022-11-06T15:00:00+00,false
CLI-00002289,Cliente Sintético 2289,cliente2289@aurora.example,1985-10-22,Salvador,BA,Nordeste,2022-11-07T15:00:00+00,true
CLI-00002290,Cliente Sintético 2290,cliente2290@aurora.example,1986-11-23,Brasília,DF,Centro-Oeste,2022-11-08T15:00:00+00,false
CLI-00002291,Cliente Sintético 2291,cliente2291@aurora.example,1987-12-24,Belo Horizonte,MG,Sudeste,2022-11-09T15:00:00+00,true
CLI-00002292,Cliente Sintético 2292,cliente2292@aurora.example,1988-01-25,Curitiba,PR,Sul,2022-11-10T15:00:00+00,false
CLI-00002293,Cliente Sintético 2293,cliente2293@aurora.example,1989-02-26,Rio de Janeiro,RJ,Sudeste,2022-11-11T15:00:00+00,true
CLI-00002294,Cliente Sintético 2294,cliente2294@aurora.example,1990-03-27,Porto Alegre,RS,Sul,2022-11-12T15:00:00+00,false
CLI-00002295,Cliente Sintético 2295,cliente2295@aurora.example,1991-04-01,São Paulo,SP,Sudeste,2022-11-13T15:00:00+00,true
CLI-00002296,Cliente Sintético 2296,cliente2296@aurora.example,1992-05-02,Rio Branco,AC,Norte,2022-11-14T15:00:00+00,false
CLI-00002297,Cliente Sintético 2297,cliente2297@aurora.example,1993-06-03,Maceió,AL,Nordeste,2022-11-15T15:00:00+00,true
CLI-00002298,Cliente Sintético 2298,cliente2298@aurora.example,1994-07-04,Salvador,BA,Nordeste,2022-11-16T15:00:00+00,false
CLI-00002299,Cliente Sintético 2299,cliente2299@aurora.example,1995-08-05,Brasília,DF,Centro-Oeste,2022-11-17T15:00:00+00,true
CLI-00002300,Cliente Sintético 2300,cliente2300@aurora.example,1996-09-06,Belo Horizonte,MG,Sudeste,2022-11-18T15:00:00+00,false
CLI-00002301,Cliente Sintético 2301,cliente2301@aurora.example,1997-10-07,Curitiba,PR,Sul,2022-11-19T15:00:00+00,true
CLI-00002302,Cliente Sintético 2302,cliente2302@aurora.example,1998-11-08,Rio de Janeiro,RJ,Sudeste,2022-11-20T15:00:00+00,false
CLI-00002303,Cliente Sintético 2303,cliente2303@aurora.example,1999-12-09,Porto Alegre,RS,Sul,2022-11-21T15:00:00+00,true
CLI-00002304,Cliente Sintético 2304,cliente2304@aurora.example,2000-01-10,São Paulo,SP,Sudeste,2022-11-22T15:00:00+00,false
CLI-00002305,Cliente Sintético 2305,cliente2305@aurora.example,2001-02-11,Rio Branco,AC,Norte,2022-11-23T15:00:00+00,true
CLI-00002306,Cliente Sintético 2306,cliente2306@aurora.example,2002-03-12,Maceió,AL,Nordeste,2022-11-24T15:00:00+00,false
CLI-00002307,Cliente Sintético 2307,cliente2307@aurora.example,2003-04-13,Salvador,BA,Nordeste,2022-11-25T15:00:00+00,true
CLI-00002308,Cliente Sintético 2308,cliente2308@aurora.example,2004-05-14,Brasília,DF,Centro-Oeste,2022-11-26T15:00:00+00,false
CLI-00002309,Cliente Sintético 2309,cliente2309@aurora.example,2005-06-15,Belo Horizonte,MG,Sudeste,2022-11-27T15:00:00+00,true
CLI-00002310,Cliente Sintético 2310,cliente2310@aurora.example,2006-07-16,Curitiba,PR,Sul,2022-11-28T15:00:00+00,false
CLI-00002311,Cliente Sintético 2311,cliente2311@aurora.example,2007-08-17,Rio de Janeiro,RJ,Sudeste,2022-11-29T15:00:00+00,true
CLI-00002312,Cliente Sintético 2312,cliente2312@aurora.example,1940-09-18,Porto Alegre,RS,Sul,2022-11-30T15:00:00+00,false
CLI-00002313,Cliente Sintético 2313,cliente2313@aurora.example,1941-10-19,São Paulo,SP,Sudeste,2022-12-01T15:00:00+00,true
CLI-00002314,Cliente Sintético 2314,cliente2314@aurora.example,1942-11-20,Rio Branco,AC,Norte,2022-12-02T15:00:00+00,false
CLI-00002315,Cliente Sintético 2315,cliente2315@aurora.example,1943-12-21,Maceió,AL,Nordeste,2022-12-03T15:00:00+00,true
CLI-00002316,Cliente Sintético 2316,cliente2316@aurora.example,1944-01-22,Salvador,BA,Nordeste,2022-12-04T15:00:00+00,false
CLI-00002317,Cliente Sintético 2317,cliente2317@aurora.example,1945-02-23,Brasília,DF,Centro-Oeste,2022-12-05T15:00:00+00,true
CLI-00002318,Cliente Sintético 2318,cliente2318@aurora.example,1946-03-24,Belo Horizonte,MG,Sudeste,2022-12-06T15:00:00+00,false
CLI-00002319,Cliente Sintético 2319,cliente2319@aurora.example,1947-04-25,Curitiba,PR,Sul,2022-12-07T15:00:00+00,true
CLI-00002320,Cliente Sintético 2320,cliente2320@aurora.example,1948-05-26,Rio de Janeiro,RJ,Sudeste,2022-12-08T15:00:00+00,false
CLI-00002321,Cliente Sintético 2321,cliente2321@aurora.example,1949-06-27,Porto Alegre,RS,Sul,2022-12-09T15:00:00+00,true
CLI-00002322,Cliente Sintético 2322,cliente2322@aurora.example,1950-07-01,São Paulo,SP,Sudeste,2022-12-10T15:00:00+00,false
CLI-00002323,Cliente Sintético 2323,cliente2323@aurora.example,1951-08-02,Rio Branco,AC,Norte,2022-12-11T15:00:00+00,true
CLI-00002324,Cliente Sintético 2324,cliente2324@aurora.example,1952-09-03,Maceió,AL,Nordeste,2022-12-12T15:00:00+00,false
CLI-00002325,Cliente Sintético 2325,cliente2325@aurora.example,1953-10-04,Salvador,BA,Nordeste,2022-12-13T15:00:00+00,true
CLI-00002326,Cliente Sintético 2326,cliente2326@aurora.example,1954-11-05,Brasília,DF,Centro-Oeste,2022-12-14T15:00:00+00,false
CLI-00002327,Cliente Sintético 2327,cliente2327@aurora.example,1955-12-06,Belo Horizonte,MG,Sudeste,2022-12-15T15:00:00+00,true
CLI-00002328,Cliente Sintético 2328,cliente2328@aurora.example,1956-01-07,Curitiba,PR,Sul,2022-12-16T15:00:00+00,false
CLI-00002329,Cliente Sintético 2329,cliente2329@aurora.example,1957-02-08,Rio de Janeiro,RJ,Sudeste,2022-12-17T15:00:00+00,true
CLI-00002330,Cliente Sintético 2330,cliente2330@aurora.example,1958-03-09,Porto Alegre,RS,Sul,2022-12-18T15:00:00+00,false
CLI-00002331,Cliente Sintético 2331,cliente2331@aurora.example,1959-04-10,São Paulo,SP,Sudeste,2022-12-19T15:00:00+00,true
CLI-00002332,Cliente Sintético 2332,cliente2332@aurora.example,1960-05-11,Rio Branco,AC,Norte,2022-12-20T15:00:00+00,false
CLI-00002333,Cliente Sintético 2333,cliente2333@aurora.example,1961-06-12,Maceió,AL,Nordeste,2022-12-21T15:00:00+00,true
CLI-00002334,Cliente Sintético 2334,cliente2334@aurora.example,1962-07-13,Salvador,BA,Nordeste,2022-12-22T15:00:00+00,false
CLI-00002335,Cliente Sintético 2335,cliente2335@aurora.example,1963-08-14,Brasília,DF,Centro-Oeste,2022-12-23T15:00:00+00,true
CLI-00002336,Cliente Sintético 2336,cliente2336@aurora.example,1964-09-15,Belo Horizonte,MG,Sudeste,2022-12-24T15:00:00+00,false
CLI-00002337,Cliente Sintético 2337,cliente2337@aurora.example,1965-10-16,Curitiba,PR,Sul,2022-12-25T15:00:00+00,true
CLI-00002338,Cliente Sintético 2338,cliente2338@aurora.example,1966-11-17,Rio de Janeiro,RJ,Sudeste,2022-12-26T15:00:00+00,false
CLI-00002339,Cliente Sintético 2339,cliente2339@aurora.example,1967-12-18,Porto Alegre,RS,Sul,2022-12-27T15:00:00+00,true
CLI-00002340,Cliente Sintético 2340,cliente2340@aurora.example,1968-01-19,São Paulo,SP,Sudeste,2022-07-01T15:00:00+00,false
CLI-00002341,Cliente Sintético 2341,cliente2341@aurora.example,1969-02-20,Rio Branco,AC,Norte,2022-07-02T15:00:00+00,true
CLI-00002342,Cliente Sintético 2342,cliente2342@aurora.example,1970-03-21,Maceió,AL,Nordeste,2022-07-03T15:00:00+00,false
CLI-00002343,Cliente Sintético 2343,cliente2343@aurora.example,1971-04-22,Salvador,BA,Nordeste,2022-07-04T15:00:00+00,true
CLI-00002344,Cliente Sintético 2344,cliente2344@aurora.example,1972-05-23,Brasília,DF,Centro-Oeste,2022-07-05T15:00:00+00,false
CLI-00002345,Cliente Sintético 2345,cliente2345@aurora.example,1973-06-24,Belo Horizonte,MG,Sudeste,2022-07-06T15:00:00+00,true
CLI-00002346,Cliente Sintético 2346,cliente2346@aurora.example,1974-07-25,Curitiba,PR,Sul,2022-07-07T15:00:00+00,false
CLI-00002347,Cliente Sintético 2347,cliente2347@aurora.example,1975-08-26,Rio de Janeiro,RJ,Sudeste,2022-07-08T15:00:00+00,true
CLI-00002348,Cliente Sintético 2348,cliente2348@aurora.example,1976-09-27,Porto Alegre,RS,Sul,2022-07-09T15:00:00+00,false
CLI-00002349,Cliente Sintético 2349,cliente2349@aurora.example,1977-10-01,São Paulo,SP,Sudeste,2022-07-10T15:00:00+00,true
CLI-00002350,Cliente Sintético 2350,cliente2350@aurora.example,1978-11-02,Rio Branco,AC,Norte,2022-07-11T15:00:00+00,false
CLI-00002351,Cliente Sintético 2351,cliente2351@aurora.example,1979-12-03,Maceió,AL,Nordeste,2022-07-12T15:00:00+00,true
CLI-00002352,Cliente Sintético 2352,cliente2352@aurora.example,1980-01-04,Salvador,BA,Nordeste,2022-07-13T15:00:00+00,false
CLI-00002353,Cliente Sintético 2353,cliente2353@aurora.example,1981-02-05,Brasília,DF,Centro-Oeste,2022-07-14T15:00:00+00,true
CLI-00002354,Cliente Sintético 2354,cliente2354@aurora.example,1982-03-06,Belo Horizonte,MG,Sudeste,2022-07-15T15:00:00+00,false
CLI-00002355,Cliente Sintético 2355,cliente2355@aurora.example,1983-04-07,Curitiba,PR,Sul,2022-07-16T15:00:00+00,true
CLI-00002356,Cliente Sintético 2356,cliente2356@aurora.example,1984-05-08,Rio de Janeiro,RJ,Sudeste,2022-07-17T15:00:00+00,false
CLI-00002357,Cliente Sintético 2357,cliente2357@aurora.example,1985-06-09,Porto Alegre,RS,Sul,2022-07-18T15:00:00+00,true
CLI-00002358,Cliente Sintético 2358,cliente2358@aurora.example,1986-07-10,São Paulo,SP,Sudeste,2022-07-19T15:00:00+00,false
CLI-00002359,Cliente Sintético 2359,cliente2359@aurora.example,1987-08-11,Rio Branco,AC,Norte,2022-07-20T15:00:00+00,true
CLI-00002360,Cliente Sintético 2360,cliente2360@aurora.example,1988-09-12,Maceió,AL,Nordeste,2022-07-21T15:00:00+00,false
CLI-00002361,Cliente Sintético 2361,cliente2361@aurora.example,1989-10-13,Salvador,BA,Nordeste,2022-07-22T15:00:00+00,true
CLI-00002362,Cliente Sintético 2362,cliente2362@aurora.example,1990-11-14,Brasília,DF,Centro-Oeste,2022-07-23T15:00:00+00,false
CLI-00002363,Cliente Sintético 2363,cliente2363@aurora.example,1991-12-15,Belo Horizonte,MG,Sudeste,2022-07-24T15:00:00+00,true
CLI-00002364,Cliente Sintético 2364,cliente2364@aurora.example,1992-01-16,Curitiba,PR,Sul,2022-07-25T15:00:00+00,false
CLI-00002365,Cliente Sintético 2365,cliente2365@aurora.example,1993-02-17,Rio de Janeiro,RJ,Sudeste,2022-07-26T15:00:00+00,true
CLI-00002366,Cliente Sintético 2366,cliente2366@aurora.example,1994-03-18,Porto Alegre,RS,Sul,2022-07-27T15:00:00+00,false
CLI-00002367,Cliente Sintético 2367,cliente2367@aurora.example,1995-04-19,São Paulo,SP,Sudeste,2022-07-28T15:00:00+00,true
CLI-00002368,Cliente Sintético 2368,cliente2368@aurora.example,1996-05-20,Rio Branco,AC,Norte,2022-07-29T15:00:00+00,false
CLI-00002369,Cliente Sintético 2369,cliente2369@aurora.example,1997-06-21,Maceió,AL,Nordeste,2022-07-30T15:00:00+00,true
CLI-00002370,Cliente Sintético 2370,cliente2370@aurora.example,1998-07-22,Salvador,BA,Nordeste,2022-07-31T15:00:00+00,false
CLI-00002371,Cliente Sintético 2371,cliente2371@aurora.example,1999-08-23,Brasília,DF,Centro-Oeste,2022-08-01T15:00:00+00,true
CLI-00002372,Cliente Sintético 2372,cliente2372@aurora.example,2000-09-24,Belo Horizonte,MG,Sudeste,2022-08-02T15:00:00+00,false
CLI-00002373,Cliente Sintético 2373,cliente2373@aurora.example,2001-10-25,Curitiba,PR,Sul,2022-08-03T15:00:00+00,true
CLI-00002374,Cliente Sintético 2374,cliente2374@aurora.example,2002-11-26,Rio de Janeiro,RJ,Sudeste,2022-08-04T15:00:00+00,false
CLI-00002375,Cliente Sintético 2375,cliente2375@aurora.example,2003-12-27,Porto Alegre,RS,Sul,2022-08-05T15:00:00+00,true
CLI-00002376,Cliente Sintético 2376,cliente2376@aurora.example,2004-01-01,São Paulo,SP,Sudeste,2022-08-06T15:00:00+00,false
CLI-00002377,Cliente Sintético 2377,cliente2377@aurora.example,2005-02-02,Rio Branco,AC,Norte,2022-08-07T15:00:00+00,true
CLI-00002378,Cliente Sintético 2378,cliente2378@aurora.example,2006-03-03,Maceió,AL,Nordeste,2022-08-08T15:00:00+00,false
CLI-00002379,Cliente Sintético 2379,cliente2379@aurora.example,2007-04-04,Salvador,BA,Nordeste,2022-08-09T15:00:00+00,true
CLI-00002380,Cliente Sintético 2380,cliente2380@aurora.example,1940-05-05,Brasília,DF,Centro-Oeste,2022-08-10T15:00:00+00,false
CLI-00002381,Cliente Sintético 2381,cliente2381@aurora.example,1941-06-06,Belo Horizonte,MG,Sudeste,2022-08-11T15:00:00+00,true
CLI-00002382,Cliente Sintético 2382,cliente2382@aurora.example,1942-07-07,Curitiba,PR,Sul,2022-08-12T15:00:00+00,false
CLI-00002383,Cliente Sintético 2383,cliente2383@aurora.example,1943-08-08,Rio de Janeiro,RJ,Sudeste,2022-08-13T15:00:00+00,true
CLI-00002384,Cliente Sintético 2384,cliente2384@aurora.example,1944-09-09,Porto Alegre,RS,Sul,2022-08-14T15:00:00+00,false
CLI-00002385,Cliente Sintético 2385,cliente2385@aurora.example,1945-10-10,São Paulo,SP,Sudeste,2022-08-15T15:00:00+00,true
CLI-00002386,Cliente Sintético 2386,cliente2386@aurora.example,1946-11-11,Rio Branco,AC,Norte,2022-08-16T15:00:00+00,false
CLI-00002387,Cliente Sintético 2387,cliente2387@aurora.example,1947-12-12,Maceió,AL,Nordeste,2022-08-17T15:00:00+00,true
CLI-00002388,Cliente Sintético 2388,cliente2388@aurora.example,1948-01-13,Salvador,BA,Nordeste,2022-08-18T15:00:00+00,false
CLI-00002389,Cliente Sintético 2389,cliente2389@aurora.example,1949-02-14,Brasília,DF,Centro-Oeste,2022-08-19T15:00:00+00,true
CLI-00002390,Cliente Sintético 2390,cliente2390@aurora.example,1950-03-15,Belo Horizonte,MG,Sudeste,2022-08-20T15:00:00+00,false
CLI-00002391,Cliente Sintético 2391,cliente2391@aurora.example,1951-04-16,Curitiba,PR,Sul,2022-08-21T15:00:00+00,true
CLI-00002392,Cliente Sintético 2392,cliente2392@aurora.example,1952-05-17,Rio de Janeiro,RJ,Sudeste,2022-08-22T15:00:00+00,false
CLI-00002393,Cliente Sintético 2393,cliente2393@aurora.example,1953-06-18,Porto Alegre,RS,Sul,2022-08-23T15:00:00+00,true
CLI-00002394,Cliente Sintético 2394,cliente2394@aurora.example,1954-07-19,São Paulo,SP,Sudeste,2022-08-24T15:00:00+00,false
CLI-00002395,Cliente Sintético 2395,cliente2395@aurora.example,1955-08-20,Rio Branco,AC,Norte,2022-08-25T15:00:00+00,true
CLI-00002396,Cliente Sintético 2396,cliente2396@aurora.example,1956-09-21,Maceió,AL,Nordeste,2022-08-26T15:00:00+00,false
CLI-00002397,Cliente Sintético 2397,cliente2397@aurora.example,1957-10-22,Salvador,BA,Nordeste,2022-08-27T15:00:00+00,true
CLI-00002398,Cliente Sintético 2398,cliente2398@aurora.example,1958-11-23,Brasília,DF,Centro-Oeste,2022-08-28T15:00:00+00,false
CLI-00002399,Cliente Sintético 2399,cliente2399@aurora.example,1959-12-24,Belo Horizonte,MG,Sudeste,2022-08-29T15:00:00+00,true
CLI-00002400,Cliente Sintético 2400,cliente2400@aurora.example,1960-01-25,Curitiba,PR,Sul,2022-08-30T15:00:00+00,false
CLI-00002401,Cliente Sintético 2401,cliente2401@aurora.example,1961-02-26,Rio de Janeiro,RJ,Sudeste,2022-08-31T15:00:00+00,true
CLI-00002402,Cliente Sintético 2402,cliente2402@aurora.example,1962-03-27,Porto Alegre,RS,Sul,2022-09-01T15:00:00+00,false
CLI-00002403,Cliente Sintético 2403,cliente2403@aurora.example,1963-04-01,São Paulo,SP,Sudeste,2022-09-02T15:00:00+00,true
CLI-00002404,Cliente Sintético 2404,cliente2404@aurora.example,1964-05-02,Rio Branco,AC,Norte,2022-09-03T15:00:00+00,false
CLI-00002405,Cliente Sintético 2405,cliente2405@aurora.example,1965-06-03,Maceió,AL,Nordeste,2022-09-04T15:00:00+00,true
CLI-00002406,Cliente Sintético 2406,cliente2406@aurora.example,1966-07-04,Salvador,BA,Nordeste,2022-09-05T15:00:00+00,false
CLI-00002407,Cliente Sintético 2407,cliente2407@aurora.example,1967-08-05,Brasília,DF,Centro-Oeste,2022-09-06T15:00:00+00,true
CLI-00002408,Cliente Sintético 2408,cliente2408@aurora.example,1968-09-06,Belo Horizonte,MG,Sudeste,2022-09-07T15:00:00+00,false
CLI-00002409,Cliente Sintético 2409,cliente2409@aurora.example,1969-10-07,Curitiba,PR,Sul,2022-09-08T15:00:00+00,true
CLI-00002410,Cliente Sintético 2410,cliente2410@aurora.example,1970-11-08,Rio de Janeiro,RJ,Sudeste,2022-09-09T15:00:00+00,false
CLI-00002411,Cliente Sintético 2411,cliente2411@aurora.example,1971-12-09,Porto Alegre,RS,Sul,2022-09-10T15:00:00+00,true
CLI-00002412,Cliente Sintético 2412,cliente2412@aurora.example,1972-01-10,São Paulo,SP,Sudeste,2022-09-11T15:00:00+00,false
CLI-00002413,Cliente Sintético 2413,cliente2413@aurora.example,1973-02-11,Rio Branco,AC,Norte,2022-09-12T15:00:00+00,true
CLI-00002414,Cliente Sintético 2414,cliente2414@aurora.example,1974-03-12,Maceió,AL,Nordeste,2022-09-13T15:00:00+00,false
CLI-00002415,Cliente Sintético 2415,cliente2415@aurora.example,1975-04-13,Salvador,BA,Nordeste,2022-09-14T15:00:00+00,true
CLI-00002416,Cliente Sintético 2416,cliente2416@aurora.example,1976-05-14,Brasília,DF,Centro-Oeste,2022-09-15T15:00:00+00,false
CLI-00002417,Cliente Sintético 2417,cliente2417@aurora.example,1977-06-15,Belo Horizonte,MG,Sudeste,2022-09-16T15:00:00+00,true
CLI-00002418,Cliente Sintético 2418,cliente2418@aurora.example,1978-07-16,Curitiba,PR,Sul,2022-09-17T15:00:00+00,false
CLI-00002419,Cliente Sintético 2419,cliente2419@aurora.example,1979-08-17,Rio de Janeiro,RJ,Sudeste,2022-09-18T15:00:00+00,true
CLI-00002420,Cliente Sintético 2420,cliente2420@aurora.example,1980-09-18,Porto Alegre,RS,Sul,2022-09-19T15:00:00+00,false
CLI-00002421,Cliente Sintético 2421,cliente2421@aurora.example,1981-10-19,São Paulo,SP,Sudeste,2022-09-20T15:00:00+00,true
CLI-00002422,Cliente Sintético 2422,cliente2422@aurora.example,1982-11-20,Rio Branco,AC,Norte,2022-09-21T15:00:00+00,false
CLI-00002423,Cliente Sintético 2423,cliente2423@aurora.example,1983-12-21,Maceió,AL,Nordeste,2022-09-22T15:00:00+00,true
CLI-00002424,Cliente Sintético 2424,cliente2424@aurora.example,1984-01-22,Salvador,BA,Nordeste,2022-09-23T15:00:00+00,false
CLI-00002425,Cliente Sintético 2425,cliente2425@aurora.example,1985-02-23,Brasília,DF,Centro-Oeste,2022-09-24T15:00:00+00,true
CLI-00002426,Cliente Sintético 2426,cliente2426@aurora.example,1986-03-24,Belo Horizonte,MG,Sudeste,2022-09-25T15:00:00+00,false
CLI-00002427,Cliente Sintético 2427,cliente2427@aurora.example,1987-04-25,Curitiba,PR,Sul,2022-09-26T15:00:00+00,true
CLI-00002428,Cliente Sintético 2428,cliente2428@aurora.example,1988-05-26,Rio de Janeiro,RJ,Sudeste,2022-09-27T15:00:00+00,false
CLI-00002429,Cliente Sintético 2429,cliente2429@aurora.example,1989-06-27,Porto Alegre,RS,Sul,2022-09-28T15:00:00+00,true
CLI-00002430,Cliente Sintético 2430,cliente2430@aurora.example,1990-07-01,São Paulo,SP,Sudeste,2022-09-29T15:00:00+00,false
CLI-00002431,Cliente Sintético 2431,cliente2431@aurora.example,1991-08-02,Rio Branco,AC,Norte,2022-09-30T15:00:00+00,true
CLI-00002432,Cliente Sintético 2432,cliente2432@aurora.example,1992-09-03,Maceió,AL,Nordeste,2022-10-01T15:00:00+00,false
CLI-00002433,Cliente Sintético 2433,cliente2433@aurora.example,1993-10-04,Salvador,BA,Nordeste,2022-10-02T15:00:00+00,true
CLI-00002434,Cliente Sintético 2434,cliente2434@aurora.example,1994-11-05,Brasília,DF,Centro-Oeste,2022-10-03T15:00:00+00,false
CLI-00002435,Cliente Sintético 2435,cliente2435@aurora.example,1995-12-06,Belo Horizonte,MG,Sudeste,2022-10-04T15:00:00+00,true
CLI-00002436,Cliente Sintético 2436,cliente2436@aurora.example,1996-01-07,Curitiba,PR,Sul,2022-10-05T15:00:00+00,false
CLI-00002437,Cliente Sintético 2437,cliente2437@aurora.example,1997-02-08,Rio de Janeiro,RJ,Sudeste,2022-10-06T15:00:00+00,true
CLI-00002438,Cliente Sintético 2438,cliente2438@aurora.example,1998-03-09,Porto Alegre,RS,Sul,2022-10-07T15:00:00+00,false
CLI-00002439,Cliente Sintético 2439,cliente2439@aurora.example,1999-04-10,São Paulo,SP,Sudeste,2022-10-08T15:00:00+00,true
CLI-00002440,Cliente Sintético 2440,cliente2440@aurora.example,2000-05-11,Rio Branco,AC,Norte,2022-10-09T15:00:00+00,false
CLI-00002441,Cliente Sintético 2441,cliente2441@aurora.example,2001-06-12,Maceió,AL,Nordeste,2022-10-10T15:00:00+00,true
CLI-00002442,Cliente Sintético 2442,cliente2442@aurora.example,2002-07-13,Salvador,BA,Nordeste,2022-10-11T15:00:00+00,false
CLI-00002443,Cliente Sintético 2443,cliente2443@aurora.example,2003-08-14,Brasília,DF,Centro-Oeste,2022-10-12T15:00:00+00,true
CLI-00002444,Cliente Sintético 2444,cliente2444@aurora.example,2004-09-15,Belo Horizonte,MG,Sudeste,2022-10-13T15:00:00+00,false
CLI-00002445,Cliente Sintético 2445,cliente2445@aurora.example,2005-10-16,Curitiba,PR,Sul,2022-10-14T15:00:00+00,true
CLI-00002446,Cliente Sintético 2446,cliente2446@aurora.example,2006-11-17,Rio de Janeiro,RJ,Sudeste,2022-10-15T15:00:00+00,false
CLI-00002447,Cliente Sintético 2447,cliente2447@aurora.example,2007-12-18,Porto Alegre,RS,Sul,2022-10-16T15:00:00+00,true
CLI-00002448,Cliente Sintético 2448,cliente2448@aurora.example,1940-01-19,São Paulo,SP,Sudeste,2022-10-17T15:00:00+00,false
CLI-00002449,Cliente Sintético 2449,cliente2449@aurora.example,1941-02-20,Rio Branco,AC,Norte,2022-10-18T15:00:00+00,true
CLI-00002450,Cliente Sintético 2450,cliente2450@aurora.example,1942-03-21,Maceió,AL,Nordeste,2022-10-19T15:00:00+00,false
CLI-00002451,Cliente Sintético 2451,cliente2451@aurora.example,1943-04-22,Salvador,BA,Nordeste,2022-10-20T15:00:00+00,true
CLI-00002452,Cliente Sintético 2452,cliente2452@aurora.example,1944-05-23,Brasília,DF,Centro-Oeste,2022-10-21T15:00:00+00,false
CLI-00002453,Cliente Sintético 2453,cliente2453@aurora.example,1945-06-24,Belo Horizonte,MG,Sudeste,2022-10-22T15:00:00+00,true
CLI-00002454,Cliente Sintético 2454,cliente2454@aurora.example,1946-07-25,Curitiba,PR,Sul,2022-10-23T15:00:00+00,false
CLI-00002455,Cliente Sintético 2455,cliente2455@aurora.example,1947-08-26,Rio de Janeiro,RJ,Sudeste,2022-10-24T15:00:00+00,true
CLI-00002456,Cliente Sintético 2456,cliente2456@aurora.example,1948-09-27,Porto Alegre,RS,Sul,2022-10-25T15:00:00+00,false
CLI-00002457,Cliente Sintético 2457,cliente2457@aurora.example,1949-10-01,São Paulo,SP,Sudeste,2022-10-26T15:00:00+00,true
CLI-00002458,Cliente Sintético 2458,cliente2458@aurora.example,1950-11-02,Rio Branco,AC,Norte,2022-10-27T15:00:00+00,false
CLI-00002459,Cliente Sintético 2459,cliente2459@aurora.example,1951-12-03,Maceió,AL,Nordeste,2022-10-28T15:00:00+00,true
CLI-00002460,Cliente Sintético 2460,cliente2460@aurora.example,1952-01-04,Salvador,BA,Nordeste,2022-10-29T15:00:00+00,false
CLI-00002461,Cliente Sintético 2461,cliente2461@aurora.example,1953-02-05,Brasília,DF,Centro-Oeste,2022-10-30T15:00:00+00,true
CLI-00002462,Cliente Sintético 2462,cliente2462@aurora.example,1954-03-06,Belo Horizonte,MG,Sudeste,2022-10-31T15:00:00+00,false
CLI-00002463,Cliente Sintético 2463,cliente2463@aurora.example,1955-04-07,Curitiba,PR,Sul,2022-11-01T15:00:00+00,true
CLI-00002464,Cliente Sintético 2464,cliente2464@aurora.example,1956-05-08,Rio de Janeiro,RJ,Sudeste,2022-11-02T15:00:00+00,false
CLI-00002465,Cliente Sintético 2465,cliente2465@aurora.example,1957-06-09,Porto Alegre,RS,Sul,2022-11-03T15:00:00+00,true
CLI-00002466,Cliente Sintético 2466,cliente2466@aurora.example,1958-07-10,São Paulo,SP,Sudeste,2022-11-04T15:00:00+00,false
CLI-00002467,Cliente Sintético 2467,cliente2467@aurora.example,1959-08-11,Rio Branco,AC,Norte,2022-11-05T15:00:00+00,true
CLI-00002468,Cliente Sintético 2468,cliente2468@aurora.example,1960-09-12,Maceió,AL,Nordeste,2022-11-06T15:00:00+00,false
CLI-00002469,Cliente Sintético 2469,cliente2469@aurora.example,1961-10-13,Salvador,BA,Nordeste,2022-11-07T15:00:00+00,true
CLI-00002470,Cliente Sintético 2470,cliente2470@aurora.example,1962-11-14,Brasília,DF,Centro-Oeste,2022-11-08T15:00:00+00,false
CLI-00002471,Cliente Sintético 2471,cliente2471@aurora.example,1963-12-15,Belo Horizonte,MG,Sudeste,2022-11-09T15:00:00+00,true
CLI-00002472,Cliente Sintético 2472,cliente2472@aurora.example,1964-01-16,Curitiba,PR,Sul,2022-11-10T15:00:00+00,false
CLI-00002473,Cliente Sintético 2473,cliente2473@aurora.example,1965-02-17,Rio de Janeiro,RJ,Sudeste,2022-11-11T15:00:00+00,true
CLI-00002474,Cliente Sintético 2474,cliente2474@aurora.example,1966-03-18,Porto Alegre,RS,Sul,2022-11-12T15:00:00+00,false
CLI-00002475,Cliente Sintético 2475,cliente2475@aurora.example,1967-04-19,São Paulo,SP,Sudeste,2022-11-13T15:00:00+00,true
CLI-00002476,Cliente Sintético 2476,cliente2476@aurora.example,1968-05-20,Rio Branco,AC,Norte,2022-11-14T15:00:00+00,false
CLI-00002477,Cliente Sintético 2477,cliente2477@aurora.example,1969-06-21,Maceió,AL,Nordeste,2022-11-15T15:00:00+00,true
CLI-00002478,Cliente Sintético 2478,cliente2478@aurora.example,1970-07-22,Salvador,BA,Nordeste,2022-11-16T15:00:00+00,false
CLI-00002479,Cliente Sintético 2479,cliente2479@aurora.example,1971-08-23,Brasília,DF,Centro-Oeste,2022-11-17T15:00:00+00,true
CLI-00002480,Cliente Sintético 2480,cliente2480@aurora.example,1972-09-24,Belo Horizonte,MG,Sudeste,2022-11-18T15:00:00+00,false
CLI-00002481,Cliente Sintético 2481,cliente2481@aurora.example,1973-10-25,Curitiba,PR,Sul,2022-11-19T15:00:00+00,true
CLI-00002482,Cliente Sintético 2482,cliente2482@aurora.example,1974-11-26,Rio de Janeiro,RJ,Sudeste,2022-11-20T15:00:00+00,false
CLI-00002483,Cliente Sintético 2483,cliente2483@aurora.example,1975-12-27,Porto Alegre,RS,Sul,2022-11-21T15:00:00+00,true
CLI-00002484,Cliente Sintético 2484,cliente2484@aurora.example,1976-01-01,São Paulo,SP,Sudeste,2022-11-22T15:00:00+00,false
CLI-00002485,Cliente Sintético 2485,cliente2485@aurora.example,1977-02-02,Rio Branco,AC,Norte,2022-11-23T15:00:00+00,true
CLI-00002486,Cliente Sintético 2486,cliente2486@aurora.example,1978-03-03,Maceió,AL,Nordeste,2022-11-24T15:00:00+00,false
CLI-00002487,Cliente Sintético 2487,cliente2487@aurora.example,1979-04-04,Salvador,BA,Nordeste,2022-11-25T15:00:00+00,true
CLI-00002488,Cliente Sintético 2488,cliente2488@aurora.example,1980-05-05,Brasília,DF,Centro-Oeste,2022-11-26T15:00:00+00,false
CLI-00002489,Cliente Sintético 2489,cliente2489@aurora.example,1981-06-06,Belo Horizonte,MG,Sudeste,2022-11-27T15:00:00+00,true
CLI-00002490,Cliente Sintético 2490,cliente2490@aurora.example,1982-07-07,Curitiba,PR,Sul,2022-11-28T15:00:00+00,false
CLI-00002491,Cliente Sintético 2491,cliente2491@aurora.example,1983-08-08,Rio de Janeiro,RJ,Sudeste,2022-11-29T15:00:00+00,true
CLI-00002492,Cliente Sintético 2492,cliente2492@aurora.example,1984-09-09,Porto Alegre,RS,Sul,2022-11-30T15:00:00+00,false
CLI-00002493,Cliente Sintético 2493,cliente2493@aurora.example,1985-10-10,São Paulo,SP,Sudeste,2022-12-01T15:00:00+00,true
CLI-00002494,Cliente Sintético 2494,cliente2494@aurora.example,1986-11-11,Rio Branco,AC,Norte,2022-12-02T15:00:00+00,false
CLI-00002495,Cliente Sintético 2495,cliente2495@aurora.example,1987-12-12,Maceió,AL,Nordeste,2022-12-03T15:00:00+00,true
CLI-00002496,Cliente Sintético 2496,cliente2496@aurora.example,1988-01-13,Salvador,BA,Nordeste,2022-12-04T15:00:00+00,false
CLI-00002497,Cliente Sintético 2497,cliente2497@aurora.example,1989-02-14,Brasília,DF,Centro-Oeste,2022-12-05T15:00:00+00,true
CLI-00002498,Cliente Sintético 2498,cliente2498@aurora.example,1990-03-15,Belo Horizonte,MG,Sudeste,2022-12-06T15:00:00+00,false
CLI-00002499,Cliente Sintético 2499,cliente2499@aurora.example,1991-04-16,Curitiba,PR,Sul,2022-12-07T15:00:00+00,true
CLI-00002500,Cliente Sintético 2500,cliente2500@aurora.example,1992-05-17,Rio de Janeiro,RJ,Sudeste,2022-12-08T15:00:00+00,false
CLI-00002501,Cliente Sintético 2501,cliente2501@aurora.example,1993-06-18,Porto Alegre,RS,Sul,2022-12-09T15:00:00+00,true
CLI-00002502,Cliente Sintético 2502,cliente2502@aurora.example,1994-07-19,São Paulo,SP,Sudeste,2022-12-10T15:00:00+00,false
CLI-00002503,Cliente Sintético 2503,cliente2503@aurora.example,1995-08-20,Rio Branco,AC,Norte,2022-12-11T15:00:00+00,true
CLI-00002504,Cliente Sintético 2504,cliente2504@aurora.example,1996-09-21,Maceió,AL,Nordeste,2022-12-12T15:00:00+00,false
CLI-00002505,Cliente Sintético 2505,cliente2505@aurora.example,1997-10-22,Salvador,BA,Nordeste,2022-12-13T15:00:00+00,true
CLI-00002506,Cliente Sintético 2506,cliente2506@aurora.example,1998-11-23,Brasília,DF,Centro-Oeste,2022-12-14T15:00:00+00,false
CLI-00002507,Cliente Sintético 2507,cliente2507@aurora.example,1999-12-24,Belo Horizonte,MG,Sudeste,2022-12-15T15:00:00+00,true
CLI-00002508,Cliente Sintético 2508,cliente2508@aurora.example,2000-01-25,Curitiba,PR,Sul,2022-12-16T15:00:00+00,false
CLI-00002509,Cliente Sintético 2509,cliente2509@aurora.example,2001-02-26,Rio de Janeiro,RJ,Sudeste,2022-12-17T15:00:00+00,true
CLI-00002510,Cliente Sintético 2510,cliente2510@aurora.example,2002-03-27,Porto Alegre,RS,Sul,2022-12-18T15:00:00+00,false
CLI-00002511,Cliente Sintético 2511,cliente2511@aurora.example,2003-04-01,São Paulo,SP,Sudeste,2022-12-19T15:00:00+00,true
CLI-00002512,Cliente Sintético 2512,cliente2512@aurora.example,2004-05-02,Rio Branco,AC,Norte,2022-12-20T15:00:00+00,false
CLI-00002513,Cliente Sintético 2513,cliente2513@aurora.example,2005-06-03,Maceió,AL,Nordeste,2022-12-21T15:00:00+00,true
CLI-00002514,Cliente Sintético 2514,cliente2514@aurora.example,2006-07-04,Salvador,BA,Nordeste,2022-12-22T15:00:00+00,false
CLI-00002515,Cliente Sintético 2515,cliente2515@aurora.example,2007-08-05,Brasília,DF,Centro-Oeste,2022-12-23T15:00:00+00,true
CLI-00002516,Cliente Sintético 2516,cliente2516@aurora.example,1940-09-06,Belo Horizonte,MG,Sudeste,2022-12-24T15:00:00+00,false
CLI-00002517,Cliente Sintético 2517,cliente2517@aurora.example,1941-10-07,Curitiba,PR,Sul,2022-12-25T15:00:00+00,true
CLI-00002518,Cliente Sintético 2518,cliente2518@aurora.example,1942-11-08,Rio de Janeiro,RJ,Sudeste,2022-12-26T15:00:00+00,false
CLI-00002519,Cliente Sintético 2519,cliente2519@aurora.example,1943-12-09,Porto Alegre,RS,Sul,2022-12-27T15:00:00+00,true
CLI-00002520,Cliente Sintético 2520,cliente2520@aurora.example,1944-01-10,São Paulo,SP,Sudeste,2022-07-01T15:00:00+00,false
CLI-00002521,Cliente Sintético 2521,cliente2521@aurora.example,1945-02-11,Rio Branco,AC,Norte,2022-07-02T15:00:00+00,true
CLI-00002522,Cliente Sintético 2522,cliente2522@aurora.example,1946-03-12,Maceió,AL,Nordeste,2022-07-03T15:00:00+00,false
CLI-00002523,Cliente Sintético 2523,cliente2523@aurora.example,1947-04-13,Salvador,BA,Nordeste,2022-07-04T15:00:00+00,true
CLI-00002524,Cliente Sintético 2524,cliente2524@aurora.example,1948-05-14,Brasília,DF,Centro-Oeste,2022-07-05T15:00:00+00,false
CLI-00002525,Cliente Sintético 2525,cliente2525@aurora.example,1949-06-15,Belo Horizonte,MG,Sudeste,2022-07-06T15:00:00+00,true
CLI-00002526,Cliente Sintético 2526,cliente2526@aurora.example,1950-07-16,Curitiba,PR,Sul,2022-07-07T15:00:00+00,false
CLI-00002527,Cliente Sintético 2527,cliente2527@aurora.example,1951-08-17,Rio de Janeiro,RJ,Sudeste,2022-07-08T15:00:00+00,true
CLI-00002528,Cliente Sintético 2528,cliente2528@aurora.example,1952-09-18,Porto Alegre,RS,Sul,2022-07-09T15:00:00+00,false
CLI-00002529,Cliente Sintético 2529,cliente2529@aurora.example,1953-10-19,São Paulo,SP,Sudeste,2022-07-10T15:00:00+00,true
CLI-00002530,Cliente Sintético 2530,cliente2530@aurora.example,1954-11-20,Rio Branco,AC,Norte,2022-07-11T15:00:00+00,false
CLI-00002531,Cliente Sintético 2531,cliente2531@aurora.example,1955-12-21,Maceió,AL,Nordeste,2022-07-12T15:00:00+00,true
CLI-00002532,Cliente Sintético 2532,cliente2532@aurora.example,1956-01-22,Salvador,BA,Nordeste,2022-07-13T15:00:00+00,false
CLI-00002533,Cliente Sintético 2533,cliente2533@aurora.example,1957-02-23,Brasília,DF,Centro-Oeste,2022-07-14T15:00:00+00,true
CLI-00002534,Cliente Sintético 2534,cliente2534@aurora.example,1958-03-24,Belo Horizonte,MG,Sudeste,2022-07-15T15:00:00+00,false
CLI-00002535,Cliente Sintético 2535,cliente2535@aurora.example,1959-04-25,Curitiba,PR,Sul,2022-07-16T15:00:00+00,true
CLI-00002536,Cliente Sintético 2536,cliente2536@aurora.example,1960-05-26,Rio de Janeiro,RJ,Sudeste,2022-07-17T15:00:00+00,false
CLI-00002537,Cliente Sintético 2537,cliente2537@aurora.example,1961-06-27,Porto Alegre,RS,Sul,2022-07-18T15:00:00+00,true
CLI-00002538,Cliente Sintético 2538,cliente2538@aurora.example,1962-07-01,São Paulo,SP,Sudeste,2022-07-19T15:00:00+00,false
CLI-00002539,Cliente Sintético 2539,cliente2539@aurora.example,1963-08-02,Rio Branco,AC,Norte,2022-07-20T15:00:00+00,true
CLI-00002540,Cliente Sintético 2540,cliente2540@aurora.example,1964-09-03,Maceió,AL,Nordeste,2022-07-21T15:00:00+00,false
CLI-00002541,Cliente Sintético 2541,cliente2541@aurora.example,1965-10-04,Salvador,BA,Nordeste,2022-07-22T15:00:00+00,true
CLI-00002542,Cliente Sintético 2542,cliente2542@aurora.example,1966-11-05,Brasília,DF,Centro-Oeste,2022-07-23T15:00:00+00,false
CLI-00002543,Cliente Sintético 2543,cliente2543@aurora.example,1967-12-06,Belo Horizonte,MG,Sudeste,2022-07-24T15:00:00+00,true
CLI-00002544,Cliente Sintético 2544,cliente2544@aurora.example,1968-01-07,Curitiba,PR,Sul,2022-07-25T15:00:00+00,false
CLI-00002545,Cliente Sintético 2545,cliente2545@aurora.example,1969-02-08,Rio de Janeiro,RJ,Sudeste,2022-07-26T15:00:00+00,true
CLI-00002546,Cliente Sintético 2546,cliente2546@aurora.example,1970-03-09,Porto Alegre,RS,Sul,2022-07-27T15:00:00+00,false
CLI-00002547,Cliente Sintético 2547,cliente2547@aurora.example,1971-04-10,São Paulo,SP,Sudeste,2022-07-28T15:00:00+00,true
CLI-00002548,Cliente Sintético 2548,cliente2548@aurora.example,1972-05-11,Rio Branco,AC,Norte,2022-07-29T15:00:00+00,false
CLI-00002549,Cliente Sintético 2549,cliente2549@aurora.example,1973-06-12,Maceió,AL,Nordeste,2022-07-30T15:00:00+00,true
CLI-00002550,Cliente Sintético 2550,cliente2550@aurora.example,1974-07-13,Salvador,BA,Nordeste,2022-07-31T15:00:00+00,false
CLI-00002551,Cliente Sintético 2551,cliente2551@aurora.example,1975-08-14,Brasília,DF,Centro-Oeste,2022-08-01T15:00:00+00,true
CLI-00002552,Cliente Sintético 2552,cliente2552@aurora.example,1976-09-15,Belo Horizonte,MG,Sudeste,2022-08-02T15:00:00+00,false
CLI-00002553,Cliente Sintético 2553,cliente2553@aurora.example,1977-10-16,Curitiba,PR,Sul,2022-08-03T15:00:00+00,true
CLI-00002554,Cliente Sintético 2554,cliente2554@aurora.example,1978-11-17,Rio de Janeiro,RJ,Sudeste,2022-08-04T15:00:00+00,false
CLI-00002555,Cliente Sintético 2555,cliente2555@aurora.example,1979-12-18,Porto Alegre,RS,Sul,2022-08-05T15:00:00+00,true
CLI-00002556,Cliente Sintético 2556,cliente2556@aurora.example,1980-01-19,São Paulo,SP,Sudeste,2022-08-06T15:00:00+00,false
CLI-00002557,Cliente Sintético 2557,cliente2557@aurora.example,1981-02-20,Rio Branco,AC,Norte,2022-08-07T15:00:00+00,true
CLI-00002558,Cliente Sintético 2558,cliente2558@aurora.example,1982-03-21,Maceió,AL,Nordeste,2022-08-08T15:00:00+00,false
CLI-00002559,Cliente Sintético 2559,cliente2559@aurora.example,1983-04-22,Salvador,BA,Nordeste,2022-08-09T15:00:00+00,true
CLI-00002560,Cliente Sintético 2560,cliente2560@aurora.example,1984-05-23,Brasília,DF,Centro-Oeste,2022-08-10T15:00:00+00,false
CLI-00002561,Cliente Sintético 2561,cliente2561@aurora.example,1985-06-24,Belo Horizonte,MG,Sudeste,2022-08-11T15:00:00+00,true
CLI-00002562,Cliente Sintético 2562,cliente2562@aurora.example,1986-07-25,Curitiba,PR,Sul,2022-08-12T15:00:00+00,false
CLI-00002563,Cliente Sintético 2563,cliente2563@aurora.example,1987-08-26,Rio de Janeiro,RJ,Sudeste,2022-08-13T15:00:00+00,true
CLI-00002564,Cliente Sintético 2564,cliente2564@aurora.example,1988-09-27,Porto Alegre,RS,Sul,2022-08-14T15:00:00+00,false
CLI-00002565,Cliente Sintético 2565,cliente2565@aurora.example,1989-10-01,São Paulo,SP,Sudeste,2022-08-15T15:00:00+00,true
CLI-00002566,Cliente Sintético 2566,cliente2566@aurora.example,1990-11-02,Rio Branco,AC,Norte,2022-08-16T15:00:00+00,false
CLI-00002567,Cliente Sintético 2567,cliente2567@aurora.example,1991-12-03,Maceió,AL,Nordeste,2022-08-17T15:00:00+00,true
CLI-00002568,Cliente Sintético 2568,cliente2568@aurora.example,1992-01-04,Salvador,BA,Nordeste,2022-08-18T15:00:00+00,false
CLI-00002569,Cliente Sintético 2569,cliente2569@aurora.example,1993-02-05,Brasília,DF,Centro-Oeste,2022-08-19T15:00:00+00,true
CLI-00002570,Cliente Sintético 2570,cliente2570@aurora.example,1994-03-06,Belo Horizonte,MG,Sudeste,2022-08-20T15:00:00+00,false
CLI-00002571,Cliente Sintético 2571,cliente2571@aurora.example,1995-04-07,Curitiba,PR,Sul,2022-08-21T15:00:00+00,true
CLI-00002572,Cliente Sintético 2572,cliente2572@aurora.example,1996-05-08,Rio de Janeiro,RJ,Sudeste,2022-08-22T15:00:00+00,false
CLI-00002573,Cliente Sintético 2573,cliente2573@aurora.example,1997-06-09,Porto Alegre,RS,Sul,2022-08-23T15:00:00+00,true
CLI-00002574,Cliente Sintético 2574,cliente2574@aurora.example,1998-07-10,São Paulo,SP,Sudeste,2022-08-24T15:00:00+00,false
CLI-00002575,Cliente Sintético 2575,cliente2575@aurora.example,1999-08-11,Rio Branco,AC,Norte,2022-08-25T15:00:00+00,true
CLI-00002576,Cliente Sintético 2576,cliente2576@aurora.example,2000-09-12,Maceió,AL,Nordeste,2022-08-26T15:00:00+00,false
CLI-00002577,Cliente Sintético 2577,cliente2577@aurora.example,2001-10-13,Salvador,BA,Nordeste,2022-08-27T15:00:00+00,true
CLI-00002578,Cliente Sintético 2578,cliente2578@aurora.example,2002-11-14,Brasília,DF,Centro-Oeste,2022-08-28T15:00:00+00,false
CLI-00002579,Cliente Sintético 2579,cliente2579@aurora.example,2003-12-15,Belo Horizonte,MG,Sudeste,2022-08-29T15:00:00+00,true
CLI-00002580,Cliente Sintético 2580,cliente2580@aurora.example,2004-01-16,Curitiba,PR,Sul,2022-08-30T15:00:00+00,false
CLI-00002581,Cliente Sintético 2581,cliente2581@aurora.example,2005-02-17,Rio de Janeiro,RJ,Sudeste,2022-08-31T15:00:00+00,true
CLI-00002582,Cliente Sintético 2582,cliente2582@aurora.example,2006-03-18,Porto Alegre,RS,Sul,2022-09-01T15:00:00+00,false
CLI-00002583,Cliente Sintético 2583,cliente2583@aurora.example,2007-04-19,São Paulo,SP,Sudeste,2022-09-02T15:00:00+00,true
CLI-00002584,Cliente Sintético 2584,cliente2584@aurora.example,1940-05-20,Rio Branco,AC,Norte,2022-09-03T15:00:00+00,false
CLI-00002585,Cliente Sintético 2585,cliente2585@aurora.example,1941-06-21,Maceió,AL,Nordeste,2022-09-04T15:00:00+00,true
CLI-00002586,Cliente Sintético 2586,cliente2586@aurora.example,1942-07-22,Salvador,BA,Nordeste,2022-09-05T15:00:00+00,false
CLI-00002587,Cliente Sintético 2587,cliente2587@aurora.example,1943-08-23,Brasília,DF,Centro-Oeste,2022-09-06T15:00:00+00,true
CLI-00002588,Cliente Sintético 2588,cliente2588@aurora.example,1944-09-24,Belo Horizonte,MG,Sudeste,2022-09-07T15:00:00+00,false
CLI-00002589,Cliente Sintético 2589,cliente2589@aurora.example,1945-10-25,Curitiba,PR,Sul,2022-09-08T15:00:00+00,true
CLI-00002590,Cliente Sintético 2590,cliente2590@aurora.example,1946-11-26,Rio de Janeiro,RJ,Sudeste,2022-09-09T15:00:00+00,false
CLI-00002591,Cliente Sintético 2591,cliente2591@aurora.example,1947-12-27,Porto Alegre,RS,Sul,2022-09-10T15:00:00+00,true
CLI-00002592,Cliente Sintético 2592,cliente2592@aurora.example,1948-01-01,São Paulo,SP,Sudeste,2022-09-11T15:00:00+00,false
CLI-00002593,Cliente Sintético 2593,cliente2593@aurora.example,1949-02-02,Rio Branco,AC,Norte,2022-09-12T15:00:00+00,true
CLI-00002594,Cliente Sintético 2594,cliente2594@aurora.example,1950-03-03,Maceió,AL,Nordeste,2022-09-13T15:00:00+00,false
CLI-00002595,Cliente Sintético 2595,cliente2595@aurora.example,1951-04-04,Salvador,BA,Nordeste,2022-09-14T15:00:00+00,true
CLI-00002596,Cliente Sintético 2596,cliente2596@aurora.example,1952-05-05,Brasília,DF,Centro-Oeste,2022-09-15T15:00:00+00,false
CLI-00002597,Cliente Sintético 2597,cliente2597@aurora.example,1953-06-06,Belo Horizonte,MG,Sudeste,2022-09-16T15:00:00+00,true
CLI-00002598,Cliente Sintético 2598,cliente2598@aurora.example,1954-07-07,Curitiba,PR,Sul,2022-09-17T15:00:00+00,false
CLI-00002599,Cliente Sintético 2599,cliente2599@aurora.example,1955-08-08,Rio de Janeiro,RJ,Sudeste,2022-09-18T15:00:00+00,true
CLI-00002600,Cliente Sintético 2600,cliente2600@aurora.example,1956-09-09,Porto Alegre,RS,Sul,2022-09-19T15:00:00+00,false
CLI-00002601,Cliente Sintético 2601,cliente2601@aurora.example,1957-10-10,São Paulo,SP,Sudeste,2022-09-20T15:00:00+00,true
CLI-00002602,Cliente Sintético 2602,cliente2602@aurora.example,1958-11-11,Rio Branco,AC,Norte,2022-09-21T15:00:00+00,false
CLI-00002603,Cliente Sintético 2603,cliente2603@aurora.example,1959-12-12,Maceió,AL,Nordeste,2022-09-22T15:00:00+00,true
CLI-00002604,Cliente Sintético 2604,cliente2604@aurora.example,1960-01-13,Salvador,BA,Nordeste,2022-09-23T15:00:00+00,false
CLI-00002605,Cliente Sintético 2605,cliente2605@aurora.example,1961-02-14,Brasília,DF,Centro-Oeste,2022-09-24T15:00:00+00,true
CLI-00002606,Cliente Sintético 2606,cliente2606@aurora.example,1962-03-15,Belo Horizonte,MG,Sudeste,2022-09-25T15:00:00+00,false
CLI-00002607,Cliente Sintético 2607,cliente2607@aurora.example,1963-04-16,Curitiba,PR,Sul,2022-09-26T15:00:00+00,true
CLI-00002608,Cliente Sintético 2608,cliente2608@aurora.example,1964-05-17,Rio de Janeiro,RJ,Sudeste,2022-09-27T15:00:00+00,false
CLI-00002609,Cliente Sintético 2609,cliente2609@aurora.example,1965-06-18,Porto Alegre,RS,Sul,2022-09-28T15:00:00+00,true
CLI-00002610,Cliente Sintético 2610,cliente2610@aurora.example,1966-07-19,São Paulo,SP,Sudeste,2022-09-29T15:00:00+00,false
CLI-00002611,Cliente Sintético 2611,cliente2611@aurora.example,1967-08-20,Rio Branco,AC,Norte,2022-09-30T15:00:00+00,true
CLI-00002612,Cliente Sintético 2612,cliente2612@aurora.example,1968-09-21,Maceió,AL,Nordeste,2022-10-01T15:00:00+00,false
CLI-00002613,Cliente Sintético 2613,cliente2613@aurora.example,1969-10-22,Salvador,BA,Nordeste,2022-10-02T15:00:00+00,true
CLI-00002614,Cliente Sintético 2614,cliente2614@aurora.example,1970-11-23,Brasília,DF,Centro-Oeste,2022-10-03T15:00:00+00,false
CLI-00002615,Cliente Sintético 2615,cliente2615@aurora.example,1971-12-24,Belo Horizonte,MG,Sudeste,2022-10-04T15:00:00+00,true
CLI-00002616,Cliente Sintético 2616,cliente2616@aurora.example,1972-01-25,Curitiba,PR,Sul,2022-10-05T15:00:00+00,false
CLI-00002617,Cliente Sintético 2617,cliente2617@aurora.example,1973-02-26,Rio de Janeiro,RJ,Sudeste,2022-10-06T15:00:00+00,true
CLI-00002618,Cliente Sintético 2618,cliente2618@aurora.example,1974-03-27,Porto Alegre,RS,Sul,2022-10-07T15:00:00+00,false
CLI-00002619,Cliente Sintético 2619,cliente2619@aurora.example,1975-04-01,São Paulo,SP,Sudeste,2022-10-08T15:00:00+00,true
CLI-00002620,Cliente Sintético 2620,cliente2620@aurora.example,1976-05-02,Rio Branco,AC,Norte,2022-10-09T15:00:00+00,false
CLI-00002621,Cliente Sintético 2621,cliente2621@aurora.example,1977-06-03,Maceió,AL,Nordeste,2022-10-10T15:00:00+00,true
CLI-00002622,Cliente Sintético 2622,cliente2622@aurora.example,1978-07-04,Salvador,BA,Nordeste,2022-10-11T15:00:00+00,false
CLI-00002623,Cliente Sintético 2623,cliente2623@aurora.example,1979-08-05,Brasília,DF,Centro-Oeste,2022-10-12T15:00:00+00,true
CLI-00002624,Cliente Sintético 2624,cliente2624@aurora.example,1980-09-06,Belo Horizonte,MG,Sudeste,2022-10-13T15:00:00+00,false
CLI-00002625,Cliente Sintético 2625,cliente2625@aurora.example,1981-10-07,Curitiba,PR,Sul,2022-10-14T15:00:00+00,true
CLI-00002626,Cliente Sintético 2626,cliente2626@aurora.example,1982-11-08,Rio de Janeiro,RJ,Sudeste,2022-10-15T15:00:00+00,false
CLI-00002627,Cliente Sintético 2627,cliente2627@aurora.example,1983-12-09,Porto Alegre,RS,Sul,2022-10-16T15:00:00+00,true
CLI-00002628,Cliente Sintético 2628,cliente2628@aurora.example,1984-01-10,São Paulo,SP,Sudeste,2022-10-17T15:00:00+00,false
CLI-00002629,Cliente Sintético 2629,cliente2629@aurora.example,1985-02-11,Rio Branco,AC,Norte,2022-10-18T15:00:00+00,true
CLI-00002630,Cliente Sintético 2630,cliente2630@aurora.example,1986-03-12,Maceió,AL,Nordeste,2022-10-19T15:00:00+00,false
CLI-00002631,Cliente Sintético 2631,cliente2631@aurora.example,1987-04-13,Salvador,BA,Nordeste,2022-10-20T15:00:00+00,true
CLI-00002632,Cliente Sintético 2632,cliente2632@aurora.example,1988-05-14,Brasília,DF,Centro-Oeste,2022-10-21T15:00:00+00,false
CLI-00002633,Cliente Sintético 2633,cliente2633@aurora.example,1989-06-15,Belo Horizonte,MG,Sudeste,2022-10-22T15:00:00+00,true
CLI-00002634,Cliente Sintético 2634,cliente2634@aurora.example,1990-07-16,Curitiba,PR,Sul,2022-10-23T15:00:00+00,false
CLI-00002635,Cliente Sintético 2635,cliente2635@aurora.example,1991-08-17,Rio de Janeiro,RJ,Sudeste,2022-10-24T15:00:00+00,true
CLI-00002636,Cliente Sintético 2636,cliente2636@aurora.example,1992-09-18,Porto Alegre,RS,Sul,2022-10-25T15:00:00+00,false
CLI-00002637,Cliente Sintético 2637,cliente2637@aurora.example,1993-10-19,São Paulo,SP,Sudeste,2022-10-26T15:00:00+00,true
CLI-00002638,Cliente Sintético 2638,cliente2638@aurora.example,1994-11-20,Rio Branco,AC,Norte,2022-10-27T15:00:00+00,false
CLI-00002639,Cliente Sintético 2639,cliente2639@aurora.example,1995-12-21,Maceió,AL,Nordeste,2022-10-28T15:00:00+00,true
CLI-00002640,Cliente Sintético 2640,cliente2640@aurora.example,1996-01-22,Salvador,BA,Nordeste,2022-10-29T15:00:00+00,false
CLI-00002641,Cliente Sintético 2641,cliente2641@aurora.example,1997-02-23,Brasília,DF,Centro-Oeste,2022-10-30T15:00:00+00,true
CLI-00002642,Cliente Sintético 2642,cliente2642@aurora.example,1998-03-24,Belo Horizonte,MG,Sudeste,2022-10-31T15:00:00+00,false
CLI-00002643,Cliente Sintético 2643,cliente2643@aurora.example,1999-04-25,Curitiba,PR,Sul,2022-11-01T15:00:00+00,true
CLI-00002644,Cliente Sintético 2644,cliente2644@aurora.example,2000-05-26,Rio de Janeiro,RJ,Sudeste,2022-11-02T15:00:00+00,false
CLI-00002645,Cliente Sintético 2645,cliente2645@aurora.example,2001-06-27,Porto Alegre,RS,Sul,2022-11-03T15:00:00+00,true
CLI-00002646,Cliente Sintético 2646,cliente2646@aurora.example,2002-07-01,São Paulo,SP,Sudeste,2022-11-04T15:00:00+00,false
CLI-00002647,Cliente Sintético 2647,cliente2647@aurora.example,2003-08-02,Rio Branco,AC,Norte,2022-11-05T15:00:00+00,true
CLI-00002648,Cliente Sintético 2648,cliente2648@aurora.example,2004-09-03,Maceió,AL,Nordeste,2022-11-06T15:00:00+00,false
CLI-00002649,Cliente Sintético 2649,cliente2649@aurora.example,2005-10-04,Salvador,BA,Nordeste,2022-11-07T15:00:00+00,true
CLI-00002650,Cliente Sintético 2650,cliente2650@aurora.example,2006-11-05,Brasília,DF,Centro-Oeste,2022-11-08T15:00:00+00,false
CLI-00002651,Cliente Sintético 2651,cliente2651@aurora.example,2007-12-06,Belo Horizonte,MG,Sudeste,2022-11-09T15:00:00+00,true
CLI-00002652,Cliente Sintético 2652,cliente2652@aurora.example,1940-01-07,Curitiba,PR,Sul,2022-11-10T15:00:00+00,false
CLI-00002653,Cliente Sintético 2653,cliente2653@aurora.example,1941-02-08,Rio de Janeiro,RJ,Sudeste,2022-11-11T15:00:00+00,true
CLI-00002654,Cliente Sintético 2654,cliente2654@aurora.example,1942-03-09,Porto Alegre,RS,Sul,2022-11-12T15:00:00+00,false
CLI-00002655,Cliente Sintético 2655,cliente2655@aurora.example,1943-04-10,São Paulo,SP,Sudeste,2022-11-13T15:00:00+00,true
CLI-00002656,Cliente Sintético 2656,cliente2656@aurora.example,1944-05-11,Rio Branco,AC,Norte,2022-11-14T15:00:00+00,false
CLI-00002657,Cliente Sintético 2657,cliente2657@aurora.example,1945-06-12,Maceió,AL,Nordeste,2022-11-15T15:00:00+00,true
CLI-00002658,Cliente Sintético 2658,cliente2658@aurora.example,1946-07-13,Salvador,BA,Nordeste,2022-11-16T15:00:00+00,false
CLI-00002659,Cliente Sintético 2659,cliente2659@aurora.example,1947-08-14,Brasília,DF,Centro-Oeste,2022-11-17T15:00:00+00,true
CLI-00002660,Cliente Sintético 2660,cliente2660@aurora.example,1948-09-15,Belo Horizonte,MG,Sudeste,2022-11-18T15:00:00+00,false
CLI-00002661,Cliente Sintético 2661,cliente2661@aurora.example,1949-10-16,Curitiba,PR,Sul,2022-11-19T15:00:00+00,true
CLI-00002662,Cliente Sintético 2662,cliente2662@aurora.example,1950-11-17,Rio de Janeiro,RJ,Sudeste,2022-11-20T15:00:00+00,false
CLI-00002663,Cliente Sintético 2663,cliente2663@aurora.example,1951-12-18,Porto Alegre,RS,Sul,2022-11-21T15:00:00+00,true
CLI-00002664,Cliente Sintético 2664,cliente2664@aurora.example,1952-01-19,São Paulo,SP,Sudeste,2022-11-22T15:00:00+00,false
CLI-00002665,Cliente Sintético 2665,cliente2665@aurora.example,1953-02-20,Rio Branco,AC,Norte,2022-11-23T15:00:00+00,true
CLI-00002666,Cliente Sintético 2666,cliente2666@aurora.example,1954-03-21,Maceió,AL,Nordeste,2022-11-24T15:00:00+00,false
CLI-00002667,Cliente Sintético 2667,cliente2667@aurora.example,1955-04-22,Salvador,BA,Nordeste,2022-11-25T15:00:00+00,true
CLI-00002668,Cliente Sintético 2668,cliente2668@aurora.example,1956-05-23,Brasília,DF,Centro-Oeste,2022-11-26T15:00:00+00,false
CLI-00002669,Cliente Sintético 2669,cliente2669@aurora.example,1957-06-24,Belo Horizonte,MG,Sudeste,2022-11-27T15:00:00+00,true
CLI-00002670,Cliente Sintético 2670,cliente2670@aurora.example,1958-07-25,Curitiba,PR,Sul,2022-11-28T15:00:00+00,false
CLI-00002671,Cliente Sintético 2671,cliente2671@aurora.example,1959-08-26,Rio de Janeiro,RJ,Sudeste,2022-11-29T15:00:00+00,true
CLI-00002672,Cliente Sintético 2672,cliente2672@aurora.example,1960-09-27,Porto Alegre,RS,Sul,2022-11-30T15:00:00+00,false
CLI-00002673,Cliente Sintético 2673,cliente2673@aurora.example,1961-10-01,São Paulo,SP,Sudeste,2022-12-01T15:00:00+00,true
CLI-00002674,Cliente Sintético 2674,cliente2674@aurora.example,1962-11-02,Rio Branco,AC,Norte,2022-12-02T15:00:00+00,false
CLI-00002675,Cliente Sintético 2675,cliente2675@aurora.example,1963-12-03,Maceió,AL,Nordeste,2022-12-03T15:00:00+00,true
CLI-00002676,Cliente Sintético 2676,cliente2676@aurora.example,1964-01-04,Salvador,BA,Nordeste,2022-12-04T15:00:00+00,false
CLI-00002677,Cliente Sintético 2677,cliente2677@aurora.example,1965-02-05,Brasília,DF,Centro-Oeste,2022-12-05T15:00:00+00,true
CLI-00002678,Cliente Sintético 2678,cliente2678@aurora.example,1966-03-06,Belo Horizonte,MG,Sudeste,2022-12-06T15:00:00+00,false
CLI-00002679,Cliente Sintético 2679,cliente2679@aurora.example,1967-04-07,Curitiba,PR,Sul,2022-12-07T15:00:00+00,true
CLI-00002680,Cliente Sintético 2680,cliente2680@aurora.example,1968-05-08,Rio de Janeiro,RJ,Sudeste,2022-12-08T15:00:00+00,false
CLI-00002681,Cliente Sintético 2681,cliente2681@aurora.example,1969-06-09,Porto Alegre,RS,Sul,2022-12-09T15:00:00+00,true
CLI-00002682,Cliente Sintético 2682,cliente2682@aurora.example,1970-07-10,São Paulo,SP,Sudeste,2022-12-10T15:00:00+00,false
CLI-00002683,Cliente Sintético 2683,cliente2683@aurora.example,1971-08-11,Rio Branco,AC,Norte,2022-12-11T15:00:00+00,true
CLI-00002684,Cliente Sintético 2684,cliente2684@aurora.example,1972-09-12,Maceió,AL,Nordeste,2022-12-12T15:00:00+00,false
CLI-00002685,Cliente Sintético 2685,cliente2685@aurora.example,1973-10-13,Salvador,BA,Nordeste,2022-12-13T15:00:00+00,true
CLI-00002686,Cliente Sintético 2686,cliente2686@aurora.example,1974-11-14,Brasília,DF,Centro-Oeste,2022-12-14T15:00:00+00,false
CLI-00002687,Cliente Sintético 2687,cliente2687@aurora.example,1975-12-15,Belo Horizonte,MG,Sudeste,2022-12-15T15:00:00+00,true
CLI-00002688,Cliente Sintético 2688,cliente2688@aurora.example,1976-01-16,Curitiba,PR,Sul,2022-12-16T15:00:00+00,false
CLI-00002689,Cliente Sintético 2689,cliente2689@aurora.example,1977-02-17,Rio de Janeiro,RJ,Sudeste,2022-12-17T15:00:00+00,true
CLI-00002690,Cliente Sintético 2690,cliente2690@aurora.example,1978-03-18,Porto Alegre,RS,Sul,2022-12-18T15:00:00+00,false
CLI-00002691,Cliente Sintético 2691,cliente2691@aurora.example,1979-04-19,São Paulo,SP,Sudeste,2022-12-19T15:00:00+00,true
CLI-00002692,Cliente Sintético 2692,cliente2692@aurora.example,1980-05-20,Rio Branco,AC,Norte,2022-12-20T15:00:00+00,false
CLI-00002693,Cliente Sintético 2693,cliente2693@aurora.example,1981-06-21,Maceió,AL,Nordeste,2022-12-21T15:00:00+00,true
CLI-00002694,Cliente Sintético 2694,cliente2694@aurora.example,1982-07-22,Salvador,BA,Nordeste,2022-12-22T15:00:00+00,false
CLI-00002695,Cliente Sintético 2695,cliente2695@aurora.example,1983-08-23,Brasília,DF,Centro-Oeste,2022-12-23T15:00:00+00,true
CLI-00002696,Cliente Sintético 2696,cliente2696@aurora.example,1984-09-24,Belo Horizonte,MG,Sudeste,2022-12-24T15:00:00+00,false
CLI-00002697,Cliente Sintético 2697,cliente2697@aurora.example,1985-10-25,Curitiba,PR,Sul,2022-12-25T15:00:00+00,true
CLI-00002698,Cliente Sintético 2698,cliente2698@aurora.example,1986-11-26,Rio de Janeiro,RJ,Sudeste,2022-12-26T15:00:00+00,false
CLI-00002699,Cliente Sintético 2699,cliente2699@aurora.example,1987-12-27,Porto Alegre,RS,Sul,2022-12-27T15:00:00+00,true
CLI-00002700,Cliente Sintético 2700,cliente2700@aurora.example,1988-01-01,São Paulo,SP,Sudeste,2022-07-01T15:00:00+00,false
CLI-00002701,Cliente Sintético 2701,cliente2701@aurora.example,1989-02-02,Rio Branco,AC,Norte,2022-07-02T15:00:00+00,true
CLI-00002702,Cliente Sintético 2702,cliente2702@aurora.example,1990-03-03,Maceió,AL,Nordeste,2022-07-03T15:00:00+00,false
CLI-00002703,Cliente Sintético 2703,cliente2703@aurora.example,1991-04-04,Salvador,BA,Nordeste,2022-07-04T15:00:00+00,true
CLI-00002704,Cliente Sintético 2704,cliente2704@aurora.example,1992-05-05,Brasília,DF,Centro-Oeste,2022-07-05T15:00:00+00,false
CLI-00002705,Cliente Sintético 2705,cliente2705@aurora.example,1993-06-06,Belo Horizonte,MG,Sudeste,2022-07-06T15:00:00+00,true
CLI-00002706,Cliente Sintético 2706,cliente2706@aurora.example,1994-07-07,Curitiba,PR,Sul,2022-07-07T15:00:00+00,false
CLI-00002707,Cliente Sintético 2707,cliente2707@aurora.example,1995-08-08,Rio de Janeiro,RJ,Sudeste,2022-07-08T15:00:00+00,true
CLI-00002708,Cliente Sintético 2708,cliente2708@aurora.example,1996-09-09,Porto Alegre,RS,Sul,2022-07-09T15:00:00+00,false
CLI-00002709,Cliente Sintético 2709,cliente2709@aurora.example,1997-10-10,São Paulo,SP,Sudeste,2022-07-10T15:00:00+00,true
CLI-00002710,Cliente Sintético 2710,cliente2710@aurora.example,1998-11-11,Rio Branco,AC,Norte,2022-07-11T15:00:00+00,false
CLI-00002711,Cliente Sintético 2711,cliente2711@aurora.example,1999-12-12,Maceió,AL,Nordeste,2022-07-12T15:00:00+00,true
CLI-00002712,Cliente Sintético 2712,cliente2712@aurora.example,2000-01-13,Salvador,BA,Nordeste,2022-07-13T15:00:00+00,false
CLI-00002713,Cliente Sintético 2713,cliente2713@aurora.example,2001-02-14,Brasília,DF,Centro-Oeste,2022-07-14T15:00:00+00,true
CLI-00002714,Cliente Sintético 2714,cliente2714@aurora.example,2002-03-15,Belo Horizonte,MG,Sudeste,2022-07-15T15:00:00+00,false
CLI-00002715,Cliente Sintético 2715,cliente2715@aurora.example,2003-04-16,Curitiba,PR,Sul,2022-07-16T15:00:00+00,true
CLI-00002716,Cliente Sintético 2716,cliente2716@aurora.example,2004-05-17,Rio de Janeiro,RJ,Sudeste,2022-07-17T15:00:00+00,false
CLI-00002717,Cliente Sintético 2717,cliente2717@aurora.example,2005-06-18,Porto Alegre,RS,Sul,2022-07-18T15:00:00+00,true
CLI-00002718,Cliente Sintético 2718,cliente2718@aurora.example,2006-07-19,São Paulo,SP,Sudeste,2022-07-19T15:00:00+00,false
CLI-00002719,Cliente Sintético 2719,cliente2719@aurora.example,2007-08-20,Rio Branco,AC,Norte,2022-07-20T15:00:00+00,true
CLI-00002720,Cliente Sintético 2720,cliente2720@aurora.example,1940-09-21,Maceió,AL,Nordeste,2022-07-21T15:00:00+00,false
CLI-00002721,Cliente Sintético 2721,cliente2721@aurora.example,1941-10-22,Salvador,BA,Nordeste,2022-07-22T15:00:00+00,true
CLI-00002722,Cliente Sintético 2722,cliente2722@aurora.example,1942-11-23,Brasília,DF,Centro-Oeste,2022-07-23T15:00:00+00,false
CLI-00002723,Cliente Sintético 2723,cliente2723@aurora.example,1943-12-24,Belo Horizonte,MG,Sudeste,2022-07-24T15:00:00+00,true
CLI-00002724,Cliente Sintético 2724,cliente2724@aurora.example,1944-01-25,Curitiba,PR,Sul,2022-07-25T15:00:00+00,false
CLI-00002725,Cliente Sintético 2725,cliente2725@aurora.example,1945-02-26,Rio de Janeiro,RJ,Sudeste,2022-07-26T15:00:00+00,true
CLI-00002726,Cliente Sintético 2726,cliente2726@aurora.example,1946-03-27,Porto Alegre,RS,Sul,2022-07-27T15:00:00+00,false
CLI-00002727,Cliente Sintético 2727,cliente2727@aurora.example,1947-04-01,São Paulo,SP,Sudeste,2022-07-28T15:00:00+00,true
CLI-00002728,Cliente Sintético 2728,cliente2728@aurora.example,1948-05-02,Rio Branco,AC,Norte,2022-07-29T15:00:00+00,false
CLI-00002729,Cliente Sintético 2729,cliente2729@aurora.example,1949-06-03,Maceió,AL,Nordeste,2022-07-30T15:00:00+00,true
CLI-00002730,Cliente Sintético 2730,cliente2730@aurora.example,1950-07-04,Salvador,BA,Nordeste,2022-07-31T15:00:00+00,false
CLI-00002731,Cliente Sintético 2731,cliente2731@aurora.example,1951-08-05,Brasília,DF,Centro-Oeste,2022-08-01T15:00:00+00,true
CLI-00002732,Cliente Sintético 2732,cliente2732@aurora.example,1952-09-06,Belo Horizonte,MG,Sudeste,2022-08-02T15:00:00+00,false
CLI-00002733,Cliente Sintético 2733,cliente2733@aurora.example,1953-10-07,Curitiba,PR,Sul,2022-08-03T15:00:00+00,true
CLI-00002734,Cliente Sintético 2734,cliente2734@aurora.example,1954-11-08,Rio de Janeiro,RJ,Sudeste,2022-08-04T15:00:00+00,false
CLI-00002735,Cliente Sintético 2735,cliente2735@aurora.example,1955-12-09,Porto Alegre,RS,Sul,2022-08-05T15:00:00+00,true
CLI-00002736,Cliente Sintético 2736,cliente2736@aurora.example,1956-01-10,São Paulo,SP,Sudeste,2022-08-06T15:00:00+00,false
CLI-00002737,Cliente Sintético 2737,cliente2737@aurora.example,1957-02-11,Rio Branco,AC,Norte,2022-08-07T15:00:00+00,true
CLI-00002738,Cliente Sintético 2738,cliente2738@aurora.example,1958-03-12,Maceió,AL,Nordeste,2022-08-08T15:00:00+00,false
CLI-00002739,Cliente Sintético 2739,cliente2739@aurora.example,1959-04-13,Salvador,BA,Nordeste,2022-08-09T15:00:00+00,true
CLI-00002740,Cliente Sintético 2740,cliente2740@aurora.example,1960-05-14,Brasília,DF,Centro-Oeste,2022-08-10T15:00:00+00,false
CLI-00002741,Cliente Sintético 2741,cliente2741@aurora.example,1961-06-15,Belo Horizonte,MG,Sudeste,2022-08-11T15:00:00+00,true
CLI-00002742,Cliente Sintético 2742,cliente2742@aurora.example,1962-07-16,Curitiba,PR,Sul,2022-08-12T15:00:00+00,false
CLI-00002743,Cliente Sintético 2743,cliente2743@aurora.example,1963-08-17,Rio de Janeiro,RJ,Sudeste,2022-08-13T15:00:00+00,true
CLI-00002744,Cliente Sintético 2744,cliente2744@aurora.example,1964-09-18,Porto Alegre,RS,Sul,2022-08-14T15:00:00+00,false
CLI-00002745,Cliente Sintético 2745,cliente2745@aurora.example,1965-10-19,São Paulo,SP,Sudeste,2022-08-15T15:00:00+00,true
CLI-00002746,Cliente Sintético 2746,cliente2746@aurora.example,1966-11-20,Rio Branco,AC,Norte,2022-08-16T15:00:00+00,false
CLI-00002747,Cliente Sintético 2747,cliente2747@aurora.example,1967-12-21,Maceió,AL,Nordeste,2022-08-17T15:00:00+00,true
CLI-00002748,Cliente Sintético 2748,cliente2748@aurora.example,1968-01-22,Salvador,BA,Nordeste,2022-08-18T15:00:00+00,false
CLI-00002749,Cliente Sintético 2749,cliente2749@aurora.example,1969-02-23,Brasília,DF,Centro-Oeste,2022-08-19T15:00:00+00,true
CLI-00002750,Cliente Sintético 2750,cliente2750@aurora.example,1970-03-24,Belo Horizonte,MG,Sudeste,2022-08-20T15:00:00+00,false
CLI-00002751,Cliente Sintético 2751,cliente2751@aurora.example,1971-04-25,Curitiba,PR,Sul,2022-08-21T15:00:00+00,true
CLI-00002752,Cliente Sintético 2752,cliente2752@aurora.example,1972-05-26,Rio de Janeiro,RJ,Sudeste,2022-08-22T15:00:00+00,false
CLI-00002753,Cliente Sintético 2753,cliente2753@aurora.example,1973-06-27,Porto Alegre,RS,Sul,2022-08-23T15:00:00+00,true
CLI-00002754,Cliente Sintético 2754,cliente2754@aurora.example,1974-07-01,São Paulo,SP,Sudeste,2022-08-24T15:00:00+00,false
CLI-00002755,Cliente Sintético 2755,cliente2755@aurora.example,1975-08-02,Rio Branco,AC,Norte,2022-08-25T15:00:00+00,true
CLI-00002756,Cliente Sintético 2756,cliente2756@aurora.example,1976-09-03,Maceió,AL,Nordeste,2022-08-26T15:00:00+00,false
CLI-00002757,Cliente Sintético 2757,cliente2757@aurora.example,1977-10-04,Salvador,BA,Nordeste,2022-08-27T15:00:00+00,true
CLI-00002758,Cliente Sintético 2758,cliente2758@aurora.example,1978-11-05,Brasília,DF,Centro-Oeste,2022-08-28T15:00:00+00,false
CLI-00002759,Cliente Sintético 2759,cliente2759@aurora.example,1979-12-06,Belo Horizonte,MG,Sudeste,2022-08-29T15:00:00+00,true
CLI-00002760,Cliente Sintético 2760,cliente2760@aurora.example,1980-01-07,Curitiba,PR,Sul,2022-08-30T15:00:00+00,false
CLI-00002761,Cliente Sintético 2761,cliente2761@aurora.example,1981-02-08,Rio de Janeiro,RJ,Sudeste,2022-08-31T15:00:00+00,true
CLI-00002762,Cliente Sintético 2762,cliente2762@aurora.example,1982-03-09,Porto Alegre,RS,Sul,2022-09-01T15:00:00+00,false
CLI-00002763,Cliente Sintético 2763,cliente2763@aurora.example,1983-04-10,São Paulo,SP,Sudeste,2022-09-02T15:00:00+00,true
CLI-00002764,Cliente Sintético 2764,cliente2764@aurora.example,1984-05-11,Rio Branco,AC,Norte,2022-09-03T15:00:00+00,false
CLI-00002765,Cliente Sintético 2765,cliente2765@aurora.example,1985-06-12,Maceió,AL,Nordeste,2022-09-04T15:00:00+00,true
CLI-00002766,Cliente Sintético 2766,cliente2766@aurora.example,1986-07-13,Salvador,BA,Nordeste,2022-09-05T15:00:00+00,false
CLI-00002767,Cliente Sintético 2767,cliente2767@aurora.example,1987-08-14,Brasília,DF,Centro-Oeste,2022-09-06T15:00:00+00,true
CLI-00002768,Cliente Sintético 2768,cliente2768@aurora.example,1988-09-15,Belo Horizonte,MG,Sudeste,2022-09-07T15:00:00+00,false
CLI-00002769,Cliente Sintético 2769,cliente2769@aurora.example,1989-10-16,Curitiba,PR,Sul,2022-09-08T15:00:00+00,true
CLI-00002770,Cliente Sintético 2770,cliente2770@aurora.example,1990-11-17,Rio de Janeiro,RJ,Sudeste,2022-09-09T15:00:00+00,false
CLI-00002771,Cliente Sintético 2771,cliente2771@aurora.example,1991-12-18,Porto Alegre,RS,Sul,2022-09-10T15:00:00+00,true
CLI-00002772,Cliente Sintético 2772,cliente2772@aurora.example,1992-01-19,São Paulo,SP,Sudeste,2022-09-11T15:00:00+00,false
CLI-00002773,Cliente Sintético 2773,cliente2773@aurora.example,1993-02-20,Rio Branco,AC,Norte,2022-09-12T15:00:00+00,true
CLI-00002774,Cliente Sintético 2774,cliente2774@aurora.example,1994-03-21,Maceió,AL,Nordeste,2022-09-13T15:00:00+00,false
CLI-00002775,Cliente Sintético 2775,cliente2775@aurora.example,1995-04-22,Salvador,BA,Nordeste,2022-09-14T15:00:00+00,true
CLI-00002776,Cliente Sintético 2776,cliente2776@aurora.example,1996-05-23,Brasília,DF,Centro-Oeste,2022-09-15T15:00:00+00,false
CLI-00002777,Cliente Sintético 2777,cliente2777@aurora.example,1997-06-24,Belo Horizonte,MG,Sudeste,2022-09-16T15:00:00+00,true
CLI-00002778,Cliente Sintético 2778,cliente2778@aurora.example,1998-07-25,Curitiba,PR,Sul,2022-09-17T15:00:00+00,false
CLI-00002779,Cliente Sintético 2779,cliente2779@aurora.example,1999-08-26,Rio de Janeiro,RJ,Sudeste,2022-09-18T15:00:00+00,true
CLI-00002780,Cliente Sintético 2780,cliente2780@aurora.example,2000-09-27,Porto Alegre,RS,Sul,2022-09-19T15:00:00+00,false
CLI-00002781,Cliente Sintético 2781,cliente2781@aurora.example,2001-10-01,São Paulo,SP,Sudeste,2022-09-20T15:00:00+00,true
CLI-00002782,Cliente Sintético 2782,cliente2782@aurora.example,2002-11-02,Rio Branco,AC,Norte,2022-09-21T15:00:00+00,false
CLI-00002783,Cliente Sintético 2783,cliente2783@aurora.example,2003-12-03,Maceió,AL,Nordeste,2022-09-22T15:00:00+00,true
CLI-00002784,Cliente Sintético 2784,cliente2784@aurora.example,2004-01-04,Salvador,BA,Nordeste,2022-09-23T15:00:00+00,false
CLI-00002785,Cliente Sintético 2785,cliente2785@aurora.example,2005-02-05,Brasília,DF,Centro-Oeste,2022-09-24T15:00:00+00,true
CLI-00002786,Cliente Sintético 2786,cliente2786@aurora.example,2006-03-06,Belo Horizonte,MG,Sudeste,2022-09-25T15:00:00+00,false
CLI-00002787,Cliente Sintético 2787,cliente2787@aurora.example,2007-04-07,Curitiba,PR,Sul,2022-09-26T15:00:00+00,true
CLI-00002788,Cliente Sintético 2788,cliente2788@aurora.example,1940-05-08,Rio de Janeiro,RJ,Sudeste,2022-09-27T15:00:00+00,false
CLI-00002789,Cliente Sintético 2789,cliente2789@aurora.example,1941-06-09,Porto Alegre,RS,Sul,2022-09-28T15:00:00+00,true
CLI-00002790,Cliente Sintético 2790,cliente2790@aurora.example,1942-07-10,São Paulo,SP,Sudeste,2022-09-29T15:00:00+00,false
CLI-00002791,Cliente Sintético 2791,cliente2791@aurora.example,1943-08-11,Rio Branco,AC,Norte,2022-09-30T15:00:00+00,true
CLI-00002792,Cliente Sintético 2792,cliente2792@aurora.example,1944-09-12,Maceió,AL,Nordeste,2022-10-01T15:00:00+00,false
CLI-00002793,Cliente Sintético 2793,cliente2793@aurora.example,1945-10-13,Salvador,BA,Nordeste,2022-10-02T15:00:00+00,true
CLI-00002794,Cliente Sintético 2794,cliente2794@aurora.example,1946-11-14,Brasília,DF,Centro-Oeste,2022-10-03T15:00:00+00,false
CLI-00002795,Cliente Sintético 2795,cliente2795@aurora.example,1947-12-15,Belo Horizonte,MG,Sudeste,2022-10-04T15:00:00+00,true
CLI-00002796,Cliente Sintético 2796,cliente2796@aurora.example,1948-01-16,Curitiba,PR,Sul,2022-10-05T15:00:00+00,false
CLI-00002797,Cliente Sintético 2797,cliente2797@aurora.example,1949-02-17,Rio de Janeiro,RJ,Sudeste,2022-10-06T15:00:00+00,true
CLI-00002798,Cliente Sintético 2798,cliente2798@aurora.example,1950-03-18,Porto Alegre,RS,Sul,2022-10-07T15:00:00+00,false
CLI-00002799,Cliente Sintético 2799,cliente2799@aurora.example,1951-04-19,São Paulo,SP,Sudeste,2022-10-08T15:00:00+00,true
CLI-00002800,Cliente Sintético 2800,cliente2800@aurora.example,1952-05-20,Rio Branco,AC,Norte,2022-10-09T15:00:00+00,false
CLI-00002801,Cliente Sintético 2801,cliente2801@aurora.example,1953-06-21,Maceió,AL,Nordeste,2022-10-10T15:00:00+00,true
CLI-00002802,Cliente Sintético 2802,cliente2802@aurora.example,1954-07-22,Salvador,BA,Nordeste,2022-10-11T15:00:00+00,false
CLI-00002803,Cliente Sintético 2803,cliente2803@aurora.example,1955-08-23,Brasília,DF,Centro-Oeste,2022-10-12T15:00:00+00,true
CLI-00002804,Cliente Sintético 2804,cliente2804@aurora.example,1956-09-24,Belo Horizonte,MG,Sudeste,2022-10-13T15:00:00+00,false
CLI-00002805,Cliente Sintético 2805,cliente2805@aurora.example,1957-10-25,Curitiba,PR,Sul,2022-10-14T15:00:00+00,true
CLI-00002806,Cliente Sintético 2806,cliente2806@aurora.example,1958-11-26,Rio de Janeiro,RJ,Sudeste,2022-10-15T15:00:00+00,false
CLI-00002807,Cliente Sintético 2807,cliente2807@aurora.example,1959-12-27,Porto Alegre,RS,Sul,2022-10-16T15:00:00+00,true
CLI-00002808,Cliente Sintético 2808,cliente2808@aurora.example,1960-01-01,São Paulo,SP,Sudeste,2022-10-17T15:00:00+00,false
CLI-00002809,Cliente Sintético 2809,cliente2809@aurora.example,1961-02-02,Rio Branco,AC,Norte,2022-10-18T15:00:00+00,true
CLI-00002810,Cliente Sintético 2810,cliente2810@aurora.example,1962-03-03,Maceió,AL,Nordeste,2022-10-19T15:00:00+00,false
CLI-00002811,Cliente Sintético 2811,cliente2811@aurora.example,1963-04-04,Salvador,BA,Nordeste,2022-10-20T15:00:00+00,true
CLI-00002812,Cliente Sintético 2812,cliente2812@aurora.example,1964-05-05,Brasília,DF,Centro-Oeste,2022-10-21T15:00:00+00,false
CLI-00002813,Cliente Sintético 2813,cliente2813@aurora.example,1965-06-06,Belo Horizonte,MG,Sudeste,2022-10-22T15:00:00+00,true
CLI-00002814,Cliente Sintético 2814,cliente2814@aurora.example,1966-07-07,Curitiba,PR,Sul,2022-10-23T15:00:00+00,false
CLI-00002815,Cliente Sintético 2815,cliente2815@aurora.example,1967-08-08,Rio de Janeiro,RJ,Sudeste,2022-10-24T15:00:00+00,true
CLI-00002816,Cliente Sintético 2816,cliente2816@aurora.example,1968-09-09,Porto Alegre,RS,Sul,2022-10-25T15:00:00+00,false
CLI-00002817,Cliente Sintético 2817,cliente2817@aurora.example,1969-10-10,São Paulo,SP,Sudeste,2022-10-26T15:00:00+00,true
CLI-00002818,Cliente Sintético 2818,cliente2818@aurora.example,1970-11-11,Rio Branco,AC,Norte,2022-10-27T15:00:00+00,false
CLI-00002819,Cliente Sintético 2819,cliente2819@aurora.example,1971-12-12,Maceió,AL,Nordeste,2022-10-28T15:00:00+00,true
CLI-00002820,Cliente Sintético 2820,cliente2820@aurora.example,1972-01-13,Salvador,BA,Nordeste,2022-10-29T15:00:00+00,false
CLI-00002821,Cliente Sintético 2821,cliente2821@aurora.example,1973-02-14,Brasília,DF,Centro-Oeste,2022-10-30T15:00:00+00,true
CLI-00002822,Cliente Sintético 2822,cliente2822@aurora.example,1974-03-15,Belo Horizonte,MG,Sudeste,2022-10-31T15:00:00+00,false
CLI-00002823,Cliente Sintético 2823,cliente2823@aurora.example,1975-04-16,Curitiba,PR,Sul,2022-11-01T15:00:00+00,true
CLI-00002824,Cliente Sintético 2824,cliente2824@aurora.example,1976-05-17,Rio de Janeiro,RJ,Sudeste,2022-11-02T15:00:00+00,false
CLI-00002825,Cliente Sintético 2825,cliente2825@aurora.example,1977-06-18,Porto Alegre,RS,Sul,2022-11-03T15:00:00+00,true
CLI-00002826,Cliente Sintético 2826,cliente2826@aurora.example,1978-07-19,São Paulo,SP,Sudeste,2022-11-04T15:00:00+00,false
CLI-00002827,Cliente Sintético 2827,cliente2827@aurora.example,1979-08-20,Rio Branco,AC,Norte,2022-11-05T15:00:00+00,true
CLI-00002828,Cliente Sintético 2828,cliente2828@aurora.example,1980-09-21,Maceió,AL,Nordeste,2022-11-06T15:00:00+00,false
CLI-00002829,Cliente Sintético 2829,cliente2829@aurora.example,1981-10-22,Salvador,BA,Nordeste,2022-11-07T15:00:00+00,true
CLI-00002830,Cliente Sintético 2830,cliente2830@aurora.example,1982-11-23,Brasília,DF,Centro-Oeste,2022-11-08T15:00:00+00,false
CLI-00002831,Cliente Sintético 2831,cliente2831@aurora.example,1983-12-24,Belo Horizonte,MG,Sudeste,2022-11-09T15:00:00+00,true
CLI-00002832,Cliente Sintético 2832,cliente2832@aurora.example,1984-01-25,Curitiba,PR,Sul,2022-11-10T15:00:00+00,false
CLI-00002833,Cliente Sintético 2833,cliente2833@aurora.example,1985-02-26,Rio de Janeiro,RJ,Sudeste,2022-11-11T15:00:00+00,true
CLI-00002834,Cliente Sintético 2834,cliente2834@aurora.example,1986-03-27,Porto Alegre,RS,Sul,2022-11-12T15:00:00+00,false
CLI-00002835,Cliente Sintético 2835,cliente2835@aurora.example,1987-04-01,São Paulo,SP,Sudeste,2022-11-13T15:00:00+00,true
CLI-00002836,Cliente Sintético 2836,cliente2836@aurora.example,1988-05-02,Rio Branco,AC,Norte,2022-11-14T15:00:00+00,false
CLI-00002837,Cliente Sintético 2837,cliente2837@aurora.example,1989-06-03,Maceió,AL,Nordeste,2022-11-15T15:00:00+00,true
CLI-00002838,Cliente Sintético 2838,cliente2838@aurora.example,1990-07-04,Salvador,BA,Nordeste,2022-11-16T15:00:00+00,false
CLI-00002839,Cliente Sintético 2839,cliente2839@aurora.example,1991-08-05,Brasília,DF,Centro-Oeste,2022-11-17T15:00:00+00,true
CLI-00002840,Cliente Sintético 2840,cliente2840@aurora.example,1992-09-06,Belo Horizonte,MG,Sudeste,2022-11-18T15:00:00+00,false
CLI-00002841,Cliente Sintético 2841,cliente2841@aurora.example,1993-10-07,Curitiba,PR,Sul,2022-11-19T15:00:00+00,true
CLI-00002842,Cliente Sintético 2842,cliente2842@aurora.example,1994-11-08,Rio de Janeiro,RJ,Sudeste,2022-11-20T15:00:00+00,false
CLI-00002843,Cliente Sintético 2843,cliente2843@aurora.example,1995-12-09,Porto Alegre,RS,Sul,2022-11-21T15:00:00+00,true
CLI-00002844,Cliente Sintético 2844,cliente2844@aurora.example,1996-01-10,São Paulo,SP,Sudeste,2022-11-22T15:00:00+00,false
CLI-00002845,Cliente Sintético 2845,cliente2845@aurora.example,1997-02-11,Rio Branco,AC,Norte,2022-11-23T15:00:00+00,true
CLI-00002846,Cliente Sintético 2846,cliente2846@aurora.example,1998-03-12,Maceió,AL,Nordeste,2022-11-24T15:00:00+00,false
CLI-00002847,Cliente Sintético 2847,cliente2847@aurora.example,1999-04-13,Salvador,BA,Nordeste,2022-11-25T15:00:00+00,true
CLI-00002848,Cliente Sintético 2848,cliente2848@aurora.example,2000-05-14,Brasília,DF,Centro-Oeste,2022-11-26T15:00:00+00,false
CLI-00002849,Cliente Sintético 2849,cliente2849@aurora.example,2001-06-15,Belo Horizonte,MG,Sudeste,2022-11-27T15:00:00+00,true
CLI-00002850,Cliente Sintético 2850,cliente2850@aurora.example,2002-07-16,Curitiba,PR,Sul,2022-11-28T15:00:00+00,false
CLI-00002851,Cliente Sintético 2851,cliente2851@aurora.example,2003-08-17,Rio de Janeiro,RJ,Sudeste,2022-11-29T15:00:00+00,true
CLI-00002852,Cliente Sintético 2852,cliente2852@aurora.example,2004-09-18,Porto Alegre,RS,Sul,2022-11-30T15:00:00+00,false
CLI-00002853,Cliente Sintético 2853,cliente2853@aurora.example,2005-10-19,São Paulo,SP,Sudeste,2022-12-01T15:00:00+00,true
CLI-00002854,Cliente Sintético 2854,cliente2854@aurora.example,2006-11-20,Rio Branco,AC,Norte,2022-12-02T15:00:00+00,false
CLI-00002855,Cliente Sintético 2855,cliente2855@aurora.example,2007-12-21,Maceió,AL,Nordeste,2022-12-03T15:00:00+00,true
CLI-00002856,Cliente Sintético 2856,cliente2856@aurora.example,1940-01-22,Salvador,BA,Nordeste,2022-12-04T15:00:00+00,false
CLI-00002857,Cliente Sintético 2857,cliente2857@aurora.example,1941-02-23,Brasília,DF,Centro-Oeste,2022-12-05T15:00:00+00,true
CLI-00002858,Cliente Sintético 2858,cliente2858@aurora.example,1942-03-24,Belo Horizonte,MG,Sudeste,2022-12-06T15:00:00+00,false
CLI-00002859,Cliente Sintético 2859,cliente2859@aurora.example,1943-04-25,Curitiba,PR,Sul,2022-12-07T15:00:00+00,true
CLI-00002860,Cliente Sintético 2860,cliente2860@aurora.example,1944-05-26,Rio de Janeiro,RJ,Sudeste,2022-12-08T15:00:00+00,false
CLI-00002861,Cliente Sintético 2861,cliente2861@aurora.example,1945-06-27,Porto Alegre,RS,Sul,2022-12-09T15:00:00+00,true
CLI-00002862,Cliente Sintético 2862,cliente2862@aurora.example,1946-07-01,São Paulo,SP,Sudeste,2022-12-10T15:00:00+00,false
CLI-00002863,Cliente Sintético 2863,cliente2863@aurora.example,1947-08-02,Rio Branco,AC,Norte,2022-12-11T15:00:00+00,true
CLI-00002864,Cliente Sintético 2864,cliente2864@aurora.example,1948-09-03,Maceió,AL,Nordeste,2022-12-12T15:00:00+00,false
CLI-00002865,Cliente Sintético 2865,cliente2865@aurora.example,1949-10-04,Salvador,BA,Nordeste,2022-12-13T15:00:00+00,true
CLI-00002866,Cliente Sintético 2866,cliente2866@aurora.example,1950-11-05,Brasília,DF,Centro-Oeste,2022-12-14T15:00:00+00,false
CLI-00002867,Cliente Sintético 2867,cliente2867@aurora.example,1951-12-06,Belo Horizonte,MG,Sudeste,2022-12-15T15:00:00+00,true
CLI-00002868,Cliente Sintético 2868,cliente2868@aurora.example,1952-01-07,Curitiba,PR,Sul,2022-12-16T15:00:00+00,false
CLI-00002869,Cliente Sintético 2869,cliente2869@aurora.example,1953-02-08,Rio de Janeiro,RJ,Sudeste,2022-12-17T15:00:00+00,true
CLI-00002870,Cliente Sintético 2870,cliente2870@aurora.example,1954-03-09,Porto Alegre,RS,Sul,2022-12-18T15:00:00+00,false
CLI-00002871,Cliente Sintético 2871,cliente2871@aurora.example,1955-04-10,São Paulo,SP,Sudeste,2022-12-19T15:00:00+00,true
CLI-00002872,Cliente Sintético 2872,cliente2872@aurora.example,1956-05-11,Rio Branco,AC,Norte,2022-12-20T15:00:00+00,false
CLI-00002873,Cliente Sintético 2873,cliente2873@aurora.example,1957-06-12,Maceió,AL,Nordeste,2022-12-21T15:00:00+00,true
CLI-00002874,Cliente Sintético 2874,cliente2874@aurora.example,1958-07-13,Salvador,BA,Nordeste,2022-12-22T15:00:00+00,false
CLI-00002875,Cliente Sintético 2875,cliente2875@aurora.example,1959-08-14,Brasília,DF,Centro-Oeste,2022-12-23T15:00:00+00,true
CLI-00002876,Cliente Sintético 2876,cliente2876@aurora.example,1960-09-15,Belo Horizonte,MG,Sudeste,2022-12-24T15:00:00+00,false
CLI-00002877,Cliente Sintético 2877,cliente2877@aurora.example,1961-10-16,Curitiba,PR,Sul,2022-12-25T15:00:00+00,true
CLI-00002878,Cliente Sintético 2878,cliente2878@aurora.example,1962-11-17,Rio de Janeiro,RJ,Sudeste,2022-12-26T15:00:00+00,false
CLI-00002879,Cliente Sintético 2879,cliente2879@aurora.example,1963-12-18,Porto Alegre,RS,Sul,2022-12-27T15:00:00+00,true
CLI-00002880,Cliente Sintético 2880,cliente2880@aurora.example,1964-01-19,São Paulo,SP,Sudeste,2022-07-01T15:00:00+00,false
CLI-00002881,Cliente Sintético 2881,cliente2881@aurora.example,1965-02-20,Rio Branco,AC,Norte,2022-07-02T15:00:00+00,true
CLI-00002882,Cliente Sintético 2882,cliente2882@aurora.example,1966-03-21,Maceió,AL,Nordeste,2022-07-03T15:00:00+00,false
CLI-00002883,Cliente Sintético 2883,cliente2883@aurora.example,1967-04-22,Salvador,BA,Nordeste,2022-07-04T15:00:00+00,true
CLI-00002884,Cliente Sintético 2884,cliente2884@aurora.example,1968-05-23,Brasília,DF,Centro-Oeste,2022-07-05T15:00:00+00,false
CLI-00002885,Cliente Sintético 2885,cliente2885@aurora.example,1969-06-24,Belo Horizonte,MG,Sudeste,2022-07-06T15:00:00+00,true
CLI-00002886,Cliente Sintético 2886,cliente2886@aurora.example,1970-07-25,Curitiba,PR,Sul,2022-07-07T15:00:00+00,false
CLI-00002887,Cliente Sintético 2887,cliente2887@aurora.example,1971-08-26,Rio de Janeiro,RJ,Sudeste,2022-07-08T15:00:00+00,true
CLI-00002888,Cliente Sintético 2888,cliente2888@aurora.example,1972-09-27,Porto Alegre,RS,Sul,2022-07-09T15:00:00+00,false
CLI-00002889,Cliente Sintético 2889,cliente2889@aurora.example,1973-10-01,São Paulo,SP,Sudeste,2022-07-10T15:00:00+00,true
CLI-00002890,Cliente Sintético 2890,cliente2890@aurora.example,1974-11-02,Rio Branco,AC,Norte,2022-07-11T15:00:00+00,false
CLI-00002891,Cliente Sintético 2891,cliente2891@aurora.example,1975-12-03,Maceió,AL,Nordeste,2022-07-12T15:00:00+00,true
CLI-00002892,Cliente Sintético 2892,cliente2892@aurora.example,1976-01-04,Salvador,BA,Nordeste,2022-07-13T15:00:00+00,false
CLI-00002893,Cliente Sintético 2893,cliente2893@aurora.example,1977-02-05,Brasília,DF,Centro-Oeste,2022-07-14T15:00:00+00,true
CLI-00002894,Cliente Sintético 2894,cliente2894@aurora.example,1978-03-06,Belo Horizonte,MG,Sudeste,2022-07-15T15:00:00+00,false
CLI-00002895,Cliente Sintético 2895,cliente2895@aurora.example,1979-04-07,Curitiba,PR,Sul,2022-07-16T15:00:00+00,true
CLI-00002896,Cliente Sintético 2896,cliente2896@aurora.example,1980-05-08,Rio de Janeiro,RJ,Sudeste,2022-07-17T15:00:00+00,false
CLI-00002897,Cliente Sintético 2897,cliente2897@aurora.example,1981-06-09,Porto Alegre,RS,Sul,2022-07-18T15:00:00+00,true
CLI-00002898,Cliente Sintético 2898,cliente2898@aurora.example,1982-07-10,São Paulo,SP,Sudeste,2022-07-19T15:00:00+00,false
CLI-00002899,Cliente Sintético 2899,cliente2899@aurora.example,1983-08-11,Rio Branco,AC,Norte,2022-07-20T15:00:00+00,true
CLI-00002900,Cliente Sintético 2900,cliente2900@aurora.example,1984-09-12,Maceió,AL,Nordeste,2022-07-21T15:00:00+00,false
CLI-00002901,Cliente Sintético 2901,cliente2901@aurora.example,1985-10-13,Salvador,BA,Nordeste,2022-07-22T15:00:00+00,true
CLI-00002902,Cliente Sintético 2902,cliente2902@aurora.example,1986-11-14,Brasília,DF,Centro-Oeste,2022-07-23T15:00:00+00,false
CLI-00002903,Cliente Sintético 2903,cliente2903@aurora.example,1987-12-15,Belo Horizonte,MG,Sudeste,2022-07-24T15:00:00+00,true
CLI-00002904,Cliente Sintético 2904,cliente2904@aurora.example,1988-01-16,Curitiba,PR,Sul,2022-07-25T15:00:00+00,false
CLI-00002905,Cliente Sintético 2905,cliente2905@aurora.example,1989-02-17,Rio de Janeiro,RJ,Sudeste,2022-07-26T15:00:00+00,true
CLI-00002906,Cliente Sintético 2906,cliente2906@aurora.example,1990-03-18,Porto Alegre,RS,Sul,2022-07-27T15:00:00+00,false
CLI-00002907,Cliente Sintético 2907,cliente2907@aurora.example,1991-04-19,São Paulo,SP,Sudeste,2022-07-28T15:00:00+00,true
CLI-00002908,Cliente Sintético 2908,cliente2908@aurora.example,1992-05-20,Rio Branco,AC,Norte,2022-07-29T15:00:00+00,false
CLI-00002909,Cliente Sintético 2909,cliente2909@aurora.example,1993-06-21,Maceió,AL,Nordeste,2022-07-30T15:00:00+00,true
CLI-00002910,Cliente Sintético 2910,cliente2910@aurora.example,1994-07-22,Salvador,BA,Nordeste,2022-07-31T15:00:00+00,false
CLI-00002911,Cliente Sintético 2911,cliente2911@aurora.example,1995-08-23,Brasília,DF,Centro-Oeste,2022-08-01T15:00:00+00,true
CLI-00002912,Cliente Sintético 2912,cliente2912@aurora.example,1996-09-24,Belo Horizonte,MG,Sudeste,2022-08-02T15:00:00+00,false
CLI-00002913,Cliente Sintético 2913,cliente2913@aurora.example,1997-10-25,Curitiba,PR,Sul,2022-08-03T15:00:00+00,true
CLI-00002914,Cliente Sintético 2914,cliente2914@aurora.example,1998-11-26,Rio de Janeiro,RJ,Sudeste,2022-08-04T15:00:00+00,false
CLI-00002915,Cliente Sintético 2915,cliente2915@aurora.example,1999-12-27,Porto Alegre,RS,Sul,2022-08-05T15:00:00+00,true
CLI-00002916,Cliente Sintético 2916,cliente2916@aurora.example,2000-01-01,São Paulo,SP,Sudeste,2022-08-06T15:00:00+00,false
CLI-00002917,Cliente Sintético 2917,cliente2917@aurora.example,2001-02-02,Rio Branco,AC,Norte,2022-08-07T15:00:00+00,true
CLI-00002918,Cliente Sintético 2918,cliente2918@aurora.example,2002-03-03,Maceió,AL,Nordeste,2022-08-08T15:00:00+00,false
CLI-00002919,Cliente Sintético 2919,cliente2919@aurora.example,2003-04-04,Salvador,BA,Nordeste,2022-08-09T15:00:00+00,true
CLI-00002920,Cliente Sintético 2920,cliente2920@aurora.example,2004-05-05,Brasília,DF,Centro-Oeste,2022-08-10T15:00:00+00,false
CLI-00002921,Cliente Sintético 2921,cliente2921@aurora.example,2005-06-06,Belo Horizonte,MG,Sudeste,2022-08-11T15:00:00+00,true
CLI-00002922,Cliente Sintético 2922,cliente2922@aurora.example,2006-07-07,Curitiba,PR,Sul,2022-08-12T15:00:00+00,false
CLI-00002923,Cliente Sintético 2923,cliente2923@aurora.example,2007-08-08,Rio de Janeiro,RJ,Sudeste,2022-08-13T15:00:00+00,true
CLI-00002924,Cliente Sintético 2924,cliente2924@aurora.example,1940-09-09,Porto Alegre,RS,Sul,2022-08-14T15:00:00+00,false
CLI-00002925,Cliente Sintético 2925,cliente2925@aurora.example,1941-10-10,São Paulo,SP,Sudeste,2022-08-15T15:00:00+00,true
CLI-00002926,Cliente Sintético 2926,cliente2926@aurora.example,1942-11-11,Rio Branco,AC,Norte,2022-08-16T15:00:00+00,false
CLI-00002927,Cliente Sintético 2927,cliente2927@aurora.example,1943-12-12,Maceió,AL,Nordeste,2022-08-17T15:00:00+00,true
CLI-00002928,Cliente Sintético 2928,cliente2928@aurora.example,1944-01-13,Salvador,BA,Nordeste,2022-08-18T15:00:00+00,false
CLI-00002929,Cliente Sintético 2929,cliente2929@aurora.example,1945-02-14,Brasília,DF,Centro-Oeste,2022-08-19T15:00:00+00,true
CLI-00002930,Cliente Sintético 2930,cliente2930@aurora.example,1946-03-15,Belo Horizonte,MG,Sudeste,2022-08-20T15:00:00+00,false
CLI-00002931,Cliente Sintético 2931,cliente2931@aurora.example,1947-04-16,Curitiba,PR,Sul,2022-08-21T15:00:00+00,true
CLI-00002932,Cliente Sintético 2932,cliente2932@aurora.example,1948-05-17,Rio de Janeiro,RJ,Sudeste,2022-08-22T15:00:00+00,false
CLI-00002933,Cliente Sintético 2933,cliente2933@aurora.example,1949-06-18,Porto Alegre,RS,Sul,2022-08-23T15:00:00+00,true
CLI-00002934,Cliente Sintético 2934,cliente2934@aurora.example,1950-07-19,São Paulo,SP,Sudeste,2022-08-24T15:00:00+00,false
CLI-00002935,Cliente Sintético 2935,cliente2935@aurora.example,1951-08-20,Rio Branco,AC,Norte,2022-08-25T15:00:00+00,true
CLI-00002936,Cliente Sintético 2936,cliente2936@aurora.example,1952-09-21,Maceió,AL,Nordeste,2022-08-26T15:00:00+00,false
CLI-00002937,Cliente Sintético 2937,cliente2937@aurora.example,1953-10-22,Salvador,BA,Nordeste,2022-08-27T15:00:00+00,true
CLI-00002938,Cliente Sintético 2938,cliente2938@aurora.example,1954-11-23,Brasília,DF,Centro-Oeste,2022-08-28T15:00:00+00,false
CLI-00002939,Cliente Sintético 2939,cliente2939@aurora.example,1955-12-24,Belo Horizonte,MG,Sudeste,2022-08-29T15:00:00+00,true
CLI-00002940,Cliente Sintético 2940,cliente2940@aurora.example,1956-01-25,Curitiba,PR,Sul,2022-08-30T15:00:00+00,false
CLI-00002941,Cliente Sintético 2941,cliente2941@aurora.example,1957-02-26,Rio de Janeiro,RJ,Sudeste,2022-08-31T15:00:00+00,true
CLI-00002942,Cliente Sintético 2942,cliente2942@aurora.example,1958-03-27,Porto Alegre,RS,Sul,2022-09-01T15:00:00+00,false
CLI-00002943,Cliente Sintético 2943,cliente2943@aurora.example,1959-04-01,São Paulo,SP,Sudeste,2022-09-02T15:00:00+00,true
CLI-00002944,Cliente Sintético 2944,cliente2944@aurora.example,1960-05-02,Rio Branco,AC,Norte,2022-09-03T15:00:00+00,false
CLI-00002945,Cliente Sintético 2945,cliente2945@aurora.example,1961-06-03,Maceió,AL,Nordeste,2022-09-04T15:00:00+00,true
CLI-00002946,Cliente Sintético 2946,cliente2946@aurora.example,1962-07-04,Salvador,BA,Nordeste,2022-09-05T15:00:00+00,false
CLI-00002947,Cliente Sintético 2947,cliente2947@aurora.example,1963-08-05,Brasília,DF,Centro-Oeste,2022-09-06T15:00:00+00,true
CLI-00002948,Cliente Sintético 2948,cliente2948@aurora.example,1964-09-06,Belo Horizonte,MG,Sudeste,2022-09-07T15:00:00+00,false
CLI-00002949,Cliente Sintético 2949,cliente2949@aurora.example,1965-10-07,Curitiba,PR,Sul,2022-09-08T15:00:00+00,true
CLI-00002950,Cliente Sintético 2950,cliente2950@aurora.example,1966-11-08,Rio de Janeiro,RJ,Sudeste,2022-09-09T15:00:00+00,false
CLI-00002951,Cliente Sintético 2951,cliente2951@aurora.example,1967-12-09,Porto Alegre,RS,Sul,2022-09-10T15:00:00+00,true
CLI-00002952,Cliente Sintético 2952,cliente2952@aurora.example,1968-01-10,São Paulo,SP,Sudeste,2022-09-11T15:00:00+00,false
CLI-00002953,Cliente Sintético 2953,cliente2953@aurora.example,1969-02-11,Rio Branco,AC,Norte,2022-09-12T15:00:00+00,true
CLI-00002954,Cliente Sintético 2954,cliente2954@aurora.example,1970-03-12,Maceió,AL,Nordeste,2022-09-13T15:00:00+00,false
CLI-00002955,Cliente Sintético 2955,cliente2955@aurora.example,1971-04-13,Salvador,BA,Nordeste,2022-09-14T15:00:00+00,true
CLI-00002956,Cliente Sintético 2956,cliente2956@aurora.example,1972-05-14,Brasília,DF,Centro-Oeste,2022-09-15T15:00:00+00,false
CLI-00002957,Cliente Sintético 2957,cliente2957@aurora.example,1973-06-15,Belo Horizonte,MG,Sudeste,2022-09-16T15:00:00+00,true
CLI-00002958,Cliente Sintético 2958,cliente2958@aurora.example,1974-07-16,Curitiba,PR,Sul,2022-09-17T15:00:00+00,false
CLI-00002959,Cliente Sintético 2959,cliente2959@aurora.example,1975-08-17,Rio de Janeiro,RJ,Sudeste,2022-09-18T15:00:00+00,true
CLI-00002960,Cliente Sintético 2960,cliente2960@aurora.example,1976-09-18,Porto Alegre,RS,Sul,2022-09-19T15:00:00+00,false
CLI-00002961,Cliente Sintético 2961,cliente2961@aurora.example,1977-10-19,São Paulo,SP,Sudeste,2022-09-20T15:00:00+00,true
CLI-00002962,Cliente Sintético 2962,cliente2962@aurora.example,1978-11-20,Rio Branco,AC,Norte,2022-09-21T15:00:00+00,false
CLI-00002963,Cliente Sintético 2963,cliente2963@aurora.example,1979-12-21,Maceió,AL,Nordeste,2022-09-22T15:00:00+00,true
CLI-00002964,Cliente Sintético 2964,cliente2964@aurora.example,1980-01-22,Salvador,BA,Nordeste,2022-09-23T15:00:00+00,false
CLI-00002965,Cliente Sintético 2965,cliente2965@aurora.example,1981-02-23,Brasília,DF,Centro-Oeste,2022-09-24T15:00:00+00,true
CLI-00002966,Cliente Sintético 2966,cliente2966@aurora.example,1982-03-24,Belo Horizonte,MG,Sudeste,2022-09-25T15:00:00+00,false
CLI-00002967,Cliente Sintético 2967,cliente2967@aurora.example,1983-04-25,Curitiba,PR,Sul,2022-09-26T15:00:00+00,true
CLI-00002968,Cliente Sintético 2968,cliente2968@aurora.example,1984-05-26,Rio de Janeiro,RJ,Sudeste,2022-09-27T15:00:00+00,false
CLI-00002969,Cliente Sintético 2969,cliente2969@aurora.example,1985-06-27,Porto Alegre,RS,Sul,2022-09-28T15:00:00+00,true
CLI-00002970,Cliente Sintético 2970,cliente2970@aurora.example,1986-07-01,São Paulo,SP,Sudeste,2022-09-29T15:00:00+00,false
CLI-00002971,Cliente Sintético 2971,cliente2971@aurora.example,1987-08-02,Rio Branco,AC,Norte,2022-09-30T15:00:00+00,true
CLI-00002972,Cliente Sintético 2972,cliente2972@aurora.example,1988-09-03,Maceió,AL,Nordeste,2022-10-01T15:00:00+00,false
CLI-00002973,Cliente Sintético 2973,cliente2973@aurora.example,1989-10-04,Salvador,BA,Nordeste,2022-10-02T15:00:00+00,true
CLI-00002974,Cliente Sintético 2974,cliente2974@aurora.example,1990-11-05,Brasília,DF,Centro-Oeste,2022-10-03T15:00:00+00,false
CLI-00002975,Cliente Sintético 2975,cliente2975@aurora.example,1991-12-06,Belo Horizonte,MG,Sudeste,2022-10-04T15:00:00+00,true
CLI-00002976,Cliente Sintético 2976,cliente2976@aurora.example,1992-01-07,Curitiba,PR,Sul,2022-10-05T15:00:00+00,false
CLI-00002977,Cliente Sintético 2977,cliente2977@aurora.example,1993-02-08,Rio de Janeiro,RJ,Sudeste,2022-10-06T15:00:00+00,true
CLI-00002978,Cliente Sintético 2978,cliente2978@aurora.example,1994-03-09,Porto Alegre,RS,Sul,2022-10-07T15:00:00+00,false
CLI-00002979,Cliente Sintético 2979,cliente2979@aurora.example,1995-04-10,São Paulo,SP,Sudeste,2022-10-08T15:00:00+00,true
CLI-00002980,Cliente Sintético 2980,cliente2980@aurora.example,1996-05-11,Rio Branco,AC,Norte,2022-10-09T15:00:00+00,false
CLI-00002981,Cliente Sintético 2981,cliente2981@aurora.example,1997-06-12,Maceió,AL,Nordeste,2022-10-10T15:00:00+00,true
CLI-00002982,Cliente Sintético 2982,cliente2982@aurora.example,1998-07-13,Salvador,BA,Nordeste,2022-10-11T15:00:00+00,false
CLI-00002983,Cliente Sintético 2983,cliente2983@aurora.example,1999-08-14,Brasília,DF,Centro-Oeste,2022-10-12T15:00:00+00,true
CLI-00002984,Cliente Sintético 2984,cliente2984@aurora.example,2000-09-15,Belo Horizonte,MG,Sudeste,2022-10-13T15:00:00+00,false
CLI-00002985,Cliente Sintético 2985,cliente2985@aurora.example,2001-10-16,Curitiba,PR,Sul,2022-10-14T15:00:00+00,true
CLI-00002986,Cliente Sintético 2986,cliente2986@aurora.example,2002-11-17,Rio de Janeiro,RJ,Sudeste,2022-10-15T15:00:00+00,false
CLI-00002987,Cliente Sintético 2987,cliente2987@aurora.example,2003-12-18,Porto Alegre,RS,Sul,2022-10-16T15:00:00+00,true
CLI-00002988,Cliente Sintético 2988,cliente2988@aurora.example,2004-01-19,São Paulo,SP,Sudeste,2022-10-17T15:00:00+00,false
CLI-00002989,Cliente Sintético 2989,cliente2989@aurora.example,2005-02-20,Rio Branco,AC,Norte,2022-10-18T15:00:00+00,true
CLI-00002990,Cliente Sintético 2990,cliente2990@aurora.example,2006-03-21,Maceió,AL,Nordeste,2022-10-19T15:00:00+00,false
CLI-00002991,Cliente Sintético 2991,cliente2991@aurora.example,2007-04-22,Salvador,BA,Nordeste,2022-10-20T15:00:00+00,true
CLI-00002992,Cliente Sintético 2992,cliente2992@aurora.example,1940-05-23,Brasília,DF,Centro-Oeste,2022-10-21T15:00:00+00,false
CLI-00002993,Cliente Sintético 2993,cliente2993@aurora.example,1941-06-24,Belo Horizonte,MG,Sudeste,2022-10-22T15:00:00+00,true
CLI-00002994,Cliente Sintético 2994,cliente2994@aurora.example,1942-07-25,Curitiba,PR,Sul,2022-10-23T15:00:00+00,false
CLI-00002995,Cliente Sintético 2995,cliente2995@aurora.example,1943-08-26,Rio de Janeiro,RJ,Sudeste,2022-10-24T15:00:00+00,true
CLI-00002996,Cliente Sintético 2996,cliente2996@aurora.example,1944-09-27,Porto Alegre,RS,Sul,2022-10-25T15:00:00+00,false
CLI-00002997,Cliente Sintético 2997,cliente2997@aurora.example,1945-10-01,São Paulo,SP,Sudeste,2022-10-26T15:00:00+00,true
CLI-00002998,Cliente Sintético 2998,cliente2998@aurora.example,1946-11-02,Rio Branco,AC,Norte,2022-10-27T15:00:00+00,false
CLI-00002999,Cliente Sintético 2999,cliente2999@aurora.example,1947-12-03,Maceió,AL,Nordeste,2022-10-28T15:00:00+00,true
CLI-00003000,Cliente Sintético 3000,cliente3000@aurora.example,1948-01-04,Salvador,BA,Nordeste,2022-10-29T15:00:00+00,false
CLI-00003001,Cliente Sintético 3001,cliente3001@aurora.example,1949-02-05,Brasília,DF,Centro-Oeste,2022-10-30T15:00:00+00,true
CLI-00003002,Cliente Sintético 3002,cliente3002@aurora.example,1950-03-06,Belo Horizonte,MG,Sudeste,2022-10-31T15:00:00+00,false
CLI-00003003,Cliente Sintético 3003,cliente3003@aurora.example,1951-04-07,Curitiba,PR,Sul,2022-11-01T15:00:00+00,true
CLI-00003004,Cliente Sintético 3004,cliente3004@aurora.example,1952-05-08,Rio de Janeiro,RJ,Sudeste,2022-11-02T15:00:00+00,false
CLI-00003005,Cliente Sintético 3005,cliente3005@aurora.example,1953-06-09,Porto Alegre,RS,Sul,2022-11-03T15:00:00+00,true
CLI-00003006,Cliente Sintético 3006,cliente3006@aurora.example,1954-07-10,São Paulo,SP,Sudeste,2022-11-04T15:00:00+00,false
CLI-00003007,Cliente Sintético 3007,cliente3007@aurora.example,1955-08-11,Rio Branco,AC,Norte,2022-11-05T15:00:00+00,true
CLI-00003008,Cliente Sintético 3008,cliente3008@aurora.example,1956-09-12,Maceió,AL,Nordeste,2022-11-06T15:00:00+00,false
CLI-00003009,Cliente Sintético 3009,cliente3009@aurora.example,1957-10-13,Salvador,BA,Nordeste,2022-11-07T15:00:00+00,true
CLI-00003010,Cliente Sintético 3010,cliente3010@aurora.example,1958-11-14,Brasília,DF,Centro-Oeste,2022-11-08T15:00:00+00,false
CLI-00003011,Cliente Sintético 3011,cliente3011@aurora.example,1959-12-15,Belo Horizonte,MG,Sudeste,2022-11-09T15:00:00+00,true
CLI-00003012,Cliente Sintético 3012,cliente3012@aurora.example,1960-01-16,Curitiba,PR,Sul,2022-11-10T15:00:00+00,false
CLI-00003013,Cliente Sintético 3013,cliente3013@aurora.example,1961-02-17,Rio de Janeiro,RJ,Sudeste,2022-11-11T15:00:00+00,true
CLI-00003014,Cliente Sintético 3014,cliente3014@aurora.example,1962-03-18,Porto Alegre,RS,Sul,2022-11-12T15:00:00+00,false
CLI-00003015,Cliente Sintético 3015,cliente3015@aurora.example,1963-04-19,São Paulo,SP,Sudeste,2022-11-13T15:00:00+00,true
CLI-00003016,Cliente Sintético 3016,cliente3016@aurora.example,1964-05-20,Rio Branco,AC,Norte,2022-11-14T15:00:00+00,false
CLI-00003017,Cliente Sintético 3017,cliente3017@aurora.example,1965-06-21,Maceió,AL,Nordeste,2022-11-15T15:00:00+00,true
CLI-00003018,Cliente Sintético 3018,cliente3018@aurora.example,1966-07-22,Salvador,BA,Nordeste,2022-11-16T15:00:00+00,false
CLI-00003019,Cliente Sintético 3019,cliente3019@aurora.example,1967-08-23,Brasília,DF,Centro-Oeste,2022-11-17T15:00:00+00,true
CLI-00003020,Cliente Sintético 3020,cliente3020@aurora.example,1968-09-24,Belo Horizonte,MG,Sudeste,2022-11-18T15:00:00+00,false
CLI-00003021,Cliente Sintético 3021,cliente3021@aurora.example,1969-10-25,Curitiba,PR,Sul,2022-11-19T15:00:00+00,true
CLI-00003022,Cliente Sintético 3022,cliente3022@aurora.example,1970-11-26,Rio de Janeiro,RJ,Sudeste,2022-11-20T15:00:00+00,false
CLI-00003023,Cliente Sintético 3023,cliente3023@aurora.example,1971-12-27,Porto Alegre,RS,Sul,2022-11-21T15:00:00+00,true
CLI-00003024,Cliente Sintético 3024,cliente3024@aurora.example,1972-01-01,São Paulo,SP,Sudeste,2022-11-22T15:00:00+00,false
CLI-00003025,Cliente Sintético 3025,cliente3025@aurora.example,1973-02-02,Rio Branco,AC,Norte,2022-11-23T15:00:00+00,true
CLI-00003026,Cliente Sintético 3026,cliente3026@aurora.example,1974-03-03,Maceió,AL,Nordeste,2022-11-24T15:00:00+00,false
CLI-00003027,Cliente Sintético 3027,cliente3027@aurora.example,1975-04-04,Salvador,BA,Nordeste,2022-11-25T15:00:00+00,true
CLI-00003028,Cliente Sintético 3028,cliente3028@aurora.example,1976-05-05,Brasília,DF,Centro-Oeste,2022-11-26T15:00:00+00,false
CLI-00003029,Cliente Sintético 3029,cliente3029@aurora.example,1977-06-06,Belo Horizonte,MG,Sudeste,2022-11-27T15:00:00+00,true
CLI-00003030,Cliente Sintético 3030,cliente3030@aurora.example,1978-07-07,Curitiba,PR,Sul,2022-11-28T15:00:00+00,false
CLI-00003031,Cliente Sintético 3031,cliente3031@aurora.example,1979-08-08,Rio de Janeiro,RJ,Sudeste,2022-11-29T15:00:00+00,true
CLI-00003032,Cliente Sintético 3032,cliente3032@aurora.example,1980-09-09,Porto Alegre,RS,Sul,2022-11-30T15:00:00+00,false
CLI-00003033,Cliente Sintético 3033,cliente3033@aurora.example,1981-10-10,São Paulo,SP,Sudeste,2022-12-01T15:00:00+00,true
CLI-00003034,Cliente Sintético 3034,cliente3034@aurora.example,1982-11-11,Rio Branco,AC,Norte,2022-12-02T15:00:00+00,false
CLI-00003035,Cliente Sintético 3035,cliente3035@aurora.example,1983-12-12,Maceió,AL,Nordeste,2022-12-03T15:00:00+00,true
CLI-00003036,Cliente Sintético 3036,cliente3036@aurora.example,1984-01-13,Salvador,BA,Nordeste,2022-12-04T15:00:00+00,false
CLI-00003037,Cliente Sintético 3037,cliente3037@aurora.example,1985-02-14,Brasília,DF,Centro-Oeste,2022-12-05T15:00:00+00,true
CLI-00003038,Cliente Sintético 3038,cliente3038@aurora.example,1986-03-15,Belo Horizonte,MG,Sudeste,2022-12-06T15:00:00+00,false
CLI-00003039,Cliente Sintético 3039,cliente3039@aurora.example,1987-04-16,Curitiba,PR,Sul,2022-12-07T15:00:00+00,true
CLI-00003040,Cliente Sintético 3040,cliente3040@aurora.example,1988-05-17,Rio de Janeiro,RJ,Sudeste,2022-12-08T15:00:00+00,false
CLI-00003041,Cliente Sintético 3041,cliente3041@aurora.example,1989-06-18,Porto Alegre,RS,Sul,2022-12-09T15:00:00+00,true
CLI-00003042,Cliente Sintético 3042,cliente3042@aurora.example,1990-07-19,São Paulo,SP,Sudeste,2022-12-10T15:00:00+00,false
CLI-00003043,Cliente Sintético 3043,cliente3043@aurora.example,1991-08-20,Rio Branco,AC,Norte,2022-12-11T15:00:00+00,true
CLI-00003044,Cliente Sintético 3044,cliente3044@aurora.example,1992-09-21,Maceió,AL,Nordeste,2022-12-12T15:00:00+00,false
CLI-00003045,Cliente Sintético 3045,cliente3045@aurora.example,1993-10-22,Salvador,BA,Nordeste,2022-12-13T15:00:00+00,true
CLI-00003046,Cliente Sintético 3046,cliente3046@aurora.example,1994-11-23,Brasília,DF,Centro-Oeste,2022-12-14T15:00:00+00,false
CLI-00003047,Cliente Sintético 3047,cliente3047@aurora.example,1995-12-24,Belo Horizonte,MG,Sudeste,2022-12-15T15:00:00+00,true
CLI-00003048,Cliente Sintético 3048,cliente3048@aurora.example,1996-01-25,Curitiba,PR,Sul,2022-12-16T15:00:00+00,false
CLI-00003049,Cliente Sintético 3049,cliente3049@aurora.example,1997-02-26,Rio de Janeiro,RJ,Sudeste,2022-12-17T15:00:00+00,true
CLI-00003050,Cliente Sintético 3050,cliente3050@aurora.example,1998-03-27,Porto Alegre,RS,Sul,2022-12-18T15:00:00+00,false
CLI-00003051,Cliente Sintético 3051,cliente3051@aurora.example,1999-04-01,São Paulo,SP,Sudeste,2022-12-19T15:00:00+00,true
CLI-00003052,Cliente Sintético 3052,cliente3052@aurora.example,2000-05-02,Rio Branco,AC,Norte,2022-12-20T15:00:00+00,false
CLI-00003053,Cliente Sintético 3053,cliente3053@aurora.example,2001-06-03,Maceió,AL,Nordeste,2022-12-21T15:00:00+00,true
CLI-00003054,Cliente Sintético 3054,cliente3054@aurora.example,2002-07-04,Salvador,BA,Nordeste,2022-12-22T15:00:00+00,false
CLI-00003055,Cliente Sintético 3055,cliente3055@aurora.example,2003-08-05,Brasília,DF,Centro-Oeste,2022-12-23T15:00:00+00,true
CLI-00003056,Cliente Sintético 3056,cliente3056@aurora.example,2004-09-06,Belo Horizonte,MG,Sudeste,2022-12-24T15:00:00+00,false
CLI-00003057,Cliente Sintético 3057,cliente3057@aurora.example,2005-10-07,Curitiba,PR,Sul,2022-12-25T15:00:00+00,true
CLI-00003058,Cliente Sintético 3058,cliente3058@aurora.example,2006-11-08,Rio de Janeiro,RJ,Sudeste,2022-12-26T15:00:00+00,false
CLI-00003059,Cliente Sintético 3059,cliente3059@aurora.example,2007-12-09,Porto Alegre,RS,Sul,2022-12-27T15:00:00+00,true
CLI-00003060,Cliente Sintético 3060,cliente3060@aurora.example,1940-01-10,São Paulo,SP,Sudeste,2022-07-01T15:00:00+00,false
CLI-00003061,Cliente Sintético 3061,cliente3061@aurora.example,1941-02-11,Rio Branco,AC,Norte,2022-07-02T15:00:00+00,true
CLI-00003062,Cliente Sintético 3062,cliente3062@aurora.example,1942-03-12,Maceió,AL,Nordeste,2022-07-03T15:00:00+00,false
CLI-00003063,Cliente Sintético 3063,cliente3063@aurora.example,1943-04-13,Salvador,BA,Nordeste,2022-07-04T15:00:00+00,true
CLI-00003064,Cliente Sintético 3064,cliente3064@aurora.example,1944-05-14,Brasília,DF,Centro-Oeste,2022-07-05T15:00:00+00,false
CLI-00003065,Cliente Sintético 3065,cliente3065@aurora.example,1945-06-15,Belo Horizonte,MG,Sudeste,2022-07-06T15:00:00+00,true
CLI-00003066,Cliente Sintético 3066,cliente3066@aurora.example,1946-07-16,Curitiba,PR,Sul,2022-07-07T15:00:00+00,false
CLI-00003067,Cliente Sintético 3067,cliente3067@aurora.example,1947-08-17,Rio de Janeiro,RJ,Sudeste,2022-07-08T15:00:00+00,true
CLI-00003068,Cliente Sintético 3068,cliente3068@aurora.example,1948-09-18,Porto Alegre,RS,Sul,2022-07-09T15:00:00+00,false
CLI-00003069,Cliente Sintético 3069,cliente3069@aurora.example,1949-10-19,São Paulo,SP,Sudeste,2022-07-10T15:00:00+00,true
CLI-00003070,Cliente Sintético 3070,cliente3070@aurora.example,1950-11-20,Rio Branco,AC,Norte,2022-07-11T15:00:00+00,false
CLI-00003071,Cliente Sintético 3071,cliente3071@aurora.example,1951-12-21,Maceió,AL,Nordeste,2022-07-12T15:00:00+00,true
CLI-00003072,Cliente Sintético 3072,cliente3072@aurora.example,1952-01-22,Salvador,BA,Nordeste,2022-07-13T15:00:00+00,false
CLI-00003073,Cliente Sintético 3073,cliente3073@aurora.example,1953-02-23,Brasília,DF,Centro-Oeste,2022-07-14T15:00:00+00,true
CLI-00003074,Cliente Sintético 3074,cliente3074@aurora.example,1954-03-24,Belo Horizonte,MG,Sudeste,2022-07-15T15:00:00+00,false
CLI-00003075,Cliente Sintético 3075,cliente3075@aurora.example,1955-04-25,Curitiba,PR,Sul,2022-07-16T15:00:00+00,true
CLI-00003076,Cliente Sintético 3076,cliente3076@aurora.example,1956-05-26,Rio de Janeiro,RJ,Sudeste,2022-07-17T15:00:00+00,false
CLI-00003077,Cliente Sintético 3077,cliente3077@aurora.example,1957-06-27,Porto Alegre,RS,Sul,2022-07-18T15:00:00+00,true
CLI-00003078,Cliente Sintético 3078,cliente3078@aurora.example,1958-07-01,São Paulo,SP,Sudeste,2022-07-19T15:00:00+00,false
CLI-00003079,Cliente Sintético 3079,cliente3079@aurora.example,1959-08-02,Rio Branco,AC,Norte,2022-07-20T15:00:00+00,true
CLI-00003080,Cliente Sintético 3080,cliente3080@aurora.example,1960-09-03,Maceió,AL,Nordeste,2022-07-21T15:00:00+00,false
CLI-00003081,Cliente Sintético 3081,cliente3081@aurora.example,1961-10-04,Salvador,BA,Nordeste,2022-07-22T15:00:00+00,true
CLI-00003082,Cliente Sintético 3082,cliente3082@aurora.example,1962-11-05,Brasília,DF,Centro-Oeste,2022-07-23T15:00:00+00,false
CLI-00003083,Cliente Sintético 3083,cliente3083@aurora.example,1963-12-06,Belo Horizonte,MG,Sudeste,2022-07-24T15:00:00+00,true
CLI-00003084,Cliente Sintético 3084,cliente3084@aurora.example,1964-01-07,Curitiba,PR,Sul,2022-07-25T15:00:00+00,false
CLI-00003085,Cliente Sintético 3085,cliente3085@aurora.example,1965-02-08,Rio de Janeiro,RJ,Sudeste,2022-07-26T15:00:00+00,true
CLI-00003086,Cliente Sintético 3086,cliente3086@aurora.example,1966-03-09,Porto Alegre,RS,Sul,2022-07-27T15:00:00+00,false
CLI-00003087,Cliente Sintético 3087,cliente3087@aurora.example,1967-04-10,São Paulo,SP,Sudeste,2022-07-28T15:00:00+00,true
CLI-00003088,Cliente Sintético 3088,cliente3088@aurora.example,1968-05-11,Rio Branco,AC,Norte,2022-07-29T15:00:00+00,false
CLI-00003089,Cliente Sintético 3089,cliente3089@aurora.example,1969-06-12,Maceió,AL,Nordeste,2022-07-30T15:00:00+00,true
CLI-00003090,Cliente Sintético 3090,cliente3090@aurora.example,1970-07-13,Salvador,BA,Nordeste,2022-07-31T15:00:00+00,false
CLI-00003091,Cliente Sintético 3091,cliente3091@aurora.example,1971-08-14,Brasília,DF,Centro-Oeste,2022-08-01T15:00:00+00,true
CLI-00003092,Cliente Sintético 3092,cliente3092@aurora.example,1972-09-15,Belo Horizonte,MG,Sudeste,2022-08-02T15:00:00+00,false
CLI-00003093,Cliente Sintético 3093,cliente3093@aurora.example,1973-10-16,Curitiba,PR,Sul,2022-08-03T15:00:00+00,true
CLI-00003094,Cliente Sintético 3094,cliente3094@aurora.example,1974-11-17,Rio de Janeiro,RJ,Sudeste,2022-08-04T15:00:00+00,false
CLI-00003095,Cliente Sintético 3095,cliente3095@aurora.example,1975-12-18,Porto Alegre,RS,Sul,2022-08-05T15:00:00+00,true
CLI-00003096,Cliente Sintético 3096,cliente3096@aurora.example,1976-01-19,São Paulo,SP,Sudeste,2022-08-06T15:00:00+00,false
CLI-00003097,Cliente Sintético 3097,cliente3097@aurora.example,1977-02-20,Rio Branco,AC,Norte,2022-08-07T15:00:00+00,true
CLI-00003098,Cliente Sintético 3098,cliente3098@aurora.example,1978-03-21,Maceió,AL,Nordeste,2022-08-08T15:00:00+00,false
CLI-00003099,Cliente Sintético 3099,cliente3099@aurora.example,1979-04-22,Salvador,BA,Nordeste,2022-08-09T15:00:00+00,true
CLI-00003100,Cliente Sintético 3100,cliente3100@aurora.example,1980-05-23,Brasília,DF,Centro-Oeste,2022-08-10T15:00:00+00,false
CLI-00003101,Cliente Sintético 3101,cliente3101@aurora.example,1981-06-24,Belo Horizonte,MG,Sudeste,2022-08-11T15:00:00+00,true
CLI-00003102,Cliente Sintético 3102,cliente3102@aurora.example,1982-07-25,Curitiba,PR,Sul,2022-08-12T15:00:00+00,false
CLI-00003103,Cliente Sintético 3103,cliente3103@aurora.example,1983-08-26,Rio de Janeiro,RJ,Sudeste,2022-08-13T15:00:00+00,true
CLI-00003104,Cliente Sintético 3104,cliente3104@aurora.example,1984-09-27,Porto Alegre,RS,Sul,2022-08-14T15:00:00+00,false
CLI-00003105,Cliente Sintético 3105,cliente3105@aurora.example,1985-10-01,São Paulo,SP,Sudeste,2022-08-15T15:00:00+00,true
CLI-00003106,Cliente Sintético 3106,cliente3106@aurora.example,1986-11-02,Rio Branco,AC,Norte,2022-08-16T15:00:00+00,false
CLI-00003107,Cliente Sintético 3107,cliente3107@aurora.example,1987-12-03,Maceió,AL,Nordeste,2022-08-17T15:00:00+00,true
CLI-00003108,Cliente Sintético 3108,cliente3108@aurora.example,1988-01-04,Salvador,BA,Nordeste,2022-08-18T15:00:00+00,false
CLI-00003109,Cliente Sintético 3109,cliente3109@aurora.example,1989-02-05,Brasília,DF,Centro-Oeste,2022-08-19T15:00:00+00,true
CLI-00003110,Cliente Sintético 3110,cliente3110@aurora.example,1990-03-06,Belo Horizonte,MG,Sudeste,2022-08-20T15:00:00+00,false
CLI-00003111,Cliente Sintético 3111,cliente3111@aurora.example,1991-04-07,Curitiba,PR,Sul,2022-08-21T15:00:00+00,true
CLI-00003112,Cliente Sintético 3112,cliente3112@aurora.example,1992-05-08,Rio de Janeiro,RJ,Sudeste,2022-08-22T15:00:00+00,false
CLI-00003113,Cliente Sintético 3113,cliente3113@aurora.example,1993-06-09,Porto Alegre,RS,Sul,2022-08-23T15:00:00+00,true
CLI-00003114,Cliente Sintético 3114,cliente3114@aurora.example,1994-07-10,São Paulo,SP,Sudeste,2022-08-24T15:00:00+00,false
CLI-00003115,Cliente Sintético 3115,cliente3115@aurora.example,1995-08-11,Rio Branco,AC,Norte,2022-08-25T15:00:00+00,true
CLI-00003116,Cliente Sintético 3116,cliente3116@aurora.example,1996-09-12,Maceió,AL,Nordeste,2022-08-26T15:00:00+00,false
CLI-00003117,Cliente Sintético 3117,cliente3117@aurora.example,1997-10-13,Salvador,BA,Nordeste,2022-08-27T15:00:00+00,true
CLI-00003118,Cliente Sintético 3118,cliente3118@aurora.example,1998-11-14,Brasília,DF,Centro-Oeste,2022-08-28T15:00:00+00,false
CLI-00003119,Cliente Sintético 3119,cliente3119@aurora.example,1999-12-15,Belo Horizonte,MG,Sudeste,2022-08-29T15:00:00+00,true
CLI-00003120,Cliente Sintético 3120,cliente3120@aurora.example,2000-01-16,Curitiba,PR,Sul,2022-08-30T15:00:00+00,false
CLI-00003121,Cliente Sintético 3121,cliente3121@aurora.example,2001-02-17,Rio de Janeiro,RJ,Sudeste,2022-08-31T15:00:00+00,true
CLI-00003122,Cliente Sintético 3122,cliente3122@aurora.example,2002-03-18,Porto Alegre,RS,Sul,2022-09-01T15:00:00+00,false
CLI-00003123,Cliente Sintético 3123,cliente3123@aurora.example,2003-04-19,São Paulo,SP,Sudeste,2022-09-02T15:00:00+00,true
CLI-00003124,Cliente Sintético 3124,cliente3124@aurora.example,2004-05-20,Rio Branco,AC,Norte,2022-09-03T15:00:00+00,false
CLI-00003125,Cliente Sintético 3125,cliente3125@aurora.example,2005-06-21,Maceió,AL,Nordeste,2022-09-04T15:00:00+00,true
CLI-00003126,Cliente Sintético 3126,cliente3126@aurora.example,2006-07-22,Salvador,BA,Nordeste,2022-09-05T15:00:00+00,false
CLI-00003127,Cliente Sintético 3127,cliente3127@aurora.example,2007-08-23,Brasília,DF,Centro-Oeste,2022-09-06T15:00:00+00,true
CLI-00003128,Cliente Sintético 3128,cliente3128@aurora.example,1940-09-24,Belo Horizonte,MG,Sudeste,2022-09-07T15:00:00+00,false
CLI-00003129,Cliente Sintético 3129,cliente3129@aurora.example,1941-10-25,Curitiba,PR,Sul,2022-09-08T15:00:00+00,true
CLI-00003130,Cliente Sintético 3130,cliente3130@aurora.example,1942-11-26,Rio de Janeiro,RJ,Sudeste,2022-09-09T15:00:00+00,false
CLI-00003131,Cliente Sintético 3131,cliente3131@aurora.example,1943-12-27,Porto Alegre,RS,Sul,2022-09-10T15:00:00+00,true
CLI-00003132,Cliente Sintético 3132,cliente3132@aurora.example,1944-01-01,São Paulo,SP,Sudeste,2022-09-11T15:00:00+00,false
CLI-00003133,Cliente Sintético 3133,cliente3133@aurora.example,1945-02-02,Rio Branco,AC,Norte,2022-09-12T15:00:00+00,true
CLI-00003134,Cliente Sintético 3134,cliente3134@aurora.example,1946-03-03,Maceió,AL,Nordeste,2022-09-13T15:00:00+00,false
CLI-00003135,Cliente Sintético 3135,cliente3135@aurora.example,1947-04-04,Salvador,BA,Nordeste,2022-09-14T15:00:00+00,true
CLI-00003136,Cliente Sintético 3136,cliente3136@aurora.example,1948-05-05,Brasília,DF,Centro-Oeste,2022-09-15T15:00:00+00,false
CLI-00003137,Cliente Sintético 3137,cliente3137@aurora.example,1949-06-06,Belo Horizonte,MG,Sudeste,2022-09-16T15:00:00+00,true
CLI-00003138,Cliente Sintético 3138,cliente3138@aurora.example,1950-07-07,Curitiba,PR,Sul,2022-09-17T15:00:00+00,false
CLI-00003139,Cliente Sintético 3139,cliente3139@aurora.example,1951-08-08,Rio de Janeiro,RJ,Sudeste,2022-09-18T15:00:00+00,true
CLI-00003140,Cliente Sintético 3140,cliente3140@aurora.example,1952-09-09,Porto Alegre,RS,Sul,2022-09-19T15:00:00+00,false
CLI-00003141,Cliente Sintético 3141,cliente3141@aurora.example,1953-10-10,São Paulo,SP,Sudeste,2022-09-20T15:00:00+00,true
CLI-00003142,Cliente Sintético 3142,cliente3142@aurora.example,1954-11-11,Rio Branco,AC,Norte,2022-09-21T15:00:00+00,false
CLI-00003143,Cliente Sintético 3143,cliente3143@aurora.example,1955-12-12,Maceió,AL,Nordeste,2022-09-22T15:00:00+00,true
CLI-00003144,Cliente Sintético 3144,cliente3144@aurora.example,1956-01-13,Salvador,BA,Nordeste,2022-09-23T15:00:00+00,false
CLI-00003145,Cliente Sintético 3145,cliente3145@aurora.example,1957-02-14,Brasília,DF,Centro-Oeste,2022-09-24T15:00:00+00,true
CLI-00003146,Cliente Sintético 3146,cliente3146@aurora.example,1958-03-15,Belo Horizonte,MG,Sudeste,2022-09-25T15:00:00+00,false
CLI-00003147,Cliente Sintético 3147,cliente3147@aurora.example,1959-04-16,Curitiba,PR,Sul,2022-09-26T15:00:00+00,true
CLI-00003148,Cliente Sintético 3148,cliente3148@aurora.example,1960-05-17,Rio de Janeiro,RJ,Sudeste,2022-09-27T15:00:00+00,false
CLI-00003149,Cliente Sintético 3149,cliente3149@aurora.example,1961-06-18,Porto Alegre,RS,Sul,2022-09-28T15:00:00+00,true
CLI-00003150,Cliente Sintético 3150,cliente3150@aurora.example,1962-07-19,São Paulo,SP,Sudeste,2022-09-29T15:00:00+00,false
CLI-00003151,Cliente Sintético 3151,cliente3151@aurora.example,1963-08-20,Rio Branco,AC,Norte,2022-09-30T15:00:00+00,true
CLI-00003152,Cliente Sintético 3152,cliente3152@aurora.example,1964-09-21,Maceió,AL,Nordeste,2022-10-01T15:00:00+00,false
CLI-00003153,Cliente Sintético 3153,cliente3153@aurora.example,1965-10-22,Salvador,BA,Nordeste,2022-10-02T15:00:00+00,true
CLI-00003154,Cliente Sintético 3154,cliente3154@aurora.example,1966-11-23,Brasília,DF,Centro-Oeste,2022-10-03T15:00:00+00,false
CLI-00003155,Cliente Sintético 3155,cliente3155@aurora.example,1967-12-24,Belo Horizonte,MG,Sudeste,2022-10-04T15:00:00+00,true
CLI-00003156,Cliente Sintético 3156,cliente3156@aurora.example,1968-01-25,Curitiba,PR,Sul,2022-10-05T15:00:00+00,false
CLI-00003157,Cliente Sintético 3157,cliente3157@aurora.example,1969-02-26,Rio de Janeiro,RJ,Sudeste,2022-10-06T15:00:00+00,true
CLI-00003158,Cliente Sintético 3158,cliente3158@aurora.example,1970-03-27,Porto Alegre,RS,Sul,2022-10-07T15:00:00+00,false
CLI-00003159,Cliente Sintético 3159,cliente3159@aurora.example,1971-04-01,São Paulo,SP,Sudeste,2022-10-08T15:00:00+00,true
CLI-00003160,Cliente Sintético 3160,cliente3160@aurora.example,1972-05-02,Rio Branco,AC,Norte,2022-10-09T15:00:00+00,false
CLI-00003161,Cliente Sintético 3161,cliente3161@aurora.example,1973-06-03,Maceió,AL,Nordeste,2022-10-10T15:00:00+00,true
CLI-00003162,Cliente Sintético 3162,cliente3162@aurora.example,1974-07-04,Salvador,BA,Nordeste,2022-10-11T15:00:00+00,false
CLI-00003163,Cliente Sintético 3163,cliente3163@aurora.example,1975-08-05,Brasília,DF,Centro-Oeste,2022-10-12T15:00:00+00,true
CLI-00003164,Cliente Sintético 3164,cliente3164@aurora.example,1976-09-06,Belo Horizonte,MG,Sudeste,2022-10-13T15:00:00+00,false
CLI-00003165,Cliente Sintético 3165,cliente3165@aurora.example,1977-10-07,Curitiba,PR,Sul,2022-10-14T15:00:00+00,true
CLI-00003166,Cliente Sintético 3166,cliente3166@aurora.example,1978-11-08,Rio de Janeiro,RJ,Sudeste,2022-10-15T15:00:00+00,false
CLI-00003167,Cliente Sintético 3167,cliente3167@aurora.example,1979-12-09,Porto Alegre,RS,Sul,2022-10-16T15:00:00+00,true
CLI-00003168,Cliente Sintético 3168,cliente3168@aurora.example,1980-01-10,São Paulo,SP,Sudeste,2022-10-17T15:00:00+00,false
CLI-00003169,Cliente Sintético 3169,cliente3169@aurora.example,1981-02-11,Rio Branco,AC,Norte,2022-10-18T15:00:00+00,true
CLI-00003170,Cliente Sintético 3170,cliente3170@aurora.example,1982-03-12,Maceió,AL,Nordeste,2022-10-19T15:00:00+00,false
CLI-00003171,Cliente Sintético 3171,cliente3171@aurora.example,1983-04-13,Salvador,BA,Nordeste,2022-10-20T15:00:00+00,true
CLI-00003172,Cliente Sintético 3172,cliente3172@aurora.example,1984-05-14,Brasília,DF,Centro-Oeste,2022-10-21T15:00:00+00,false
CLI-00003173,Cliente Sintético 3173,cliente3173@aurora.example,1985-06-15,Belo Horizonte,MG,Sudeste,2022-10-22T15:00:00+00,true
CLI-00003174,Cliente Sintético 3174,cliente3174@aurora.example,1986-07-16,Curitiba,PR,Sul,2022-10-23T15:00:00+00,false
CLI-00003175,Cliente Sintético 3175,cliente3175@aurora.example,1987-08-17,Rio de Janeiro,RJ,Sudeste,2022-10-24T15:00:00+00,true
CLI-00003176,Cliente Sintético 3176,cliente3176@aurora.example,1988-09-18,Porto Alegre,RS,Sul,2022-10-25T15:00:00+00,false
CLI-00003177,Cliente Sintético 3177,cliente3177@aurora.example,1989-10-19,São Paulo,SP,Sudeste,2022-10-26T15:00:00+00,true
CLI-00003178,Cliente Sintético 3178,cliente3178@aurora.example,1990-11-20,Rio Branco,AC,Norte,2022-10-27T15:00:00+00,false
CLI-00003179,Cliente Sintético 3179,cliente3179@aurora.example,1991-12-21,Maceió,AL,Nordeste,2022-10-28T15:00:00+00,true
CLI-00003180,Cliente Sintético 3180,cliente3180@aurora.example,1992-01-22,Salvador,BA,Nordeste,2022-10-29T15:00:00+00,false
CLI-00003181,Cliente Sintético 3181,cliente3181@aurora.example,1993-02-23,Brasília,DF,Centro-Oeste,2022-10-30T15:00:00+00,true
CLI-00003182,Cliente Sintético 3182,cliente3182@aurora.example,1994-03-24,Belo Horizonte,MG,Sudeste,2022-10-31T15:00:00+00,false
CLI-00003183,Cliente Sintético 3183,cliente3183@aurora.example,1995-04-25,Curitiba,PR,Sul,2022-11-01T15:00:00+00,true
CLI-00003184,Cliente Sintético 3184,cliente3184@aurora.example,1996-05-26,Rio de Janeiro,RJ,Sudeste,2022-11-02T15:00:00+00,false
CLI-00003185,Cliente Sintético 3185,cliente3185@aurora.example,1997-06-27,Porto Alegre,RS,Sul,2022-11-03T15:00:00+00,true
CLI-00003186,Cliente Sintético 3186,cliente3186@aurora.example,1998-07-01,São Paulo,SP,Sudeste,2022-11-04T15:00:00+00,false
CLI-00003187,Cliente Sintético 3187,cliente3187@aurora.example,1999-08-02,Rio Branco,AC,Norte,2022-11-05T15:00:00+00,true
CLI-00003188,Cliente Sintético 3188,cliente3188@aurora.example,2000-09-03,Maceió,AL,Nordeste,2022-11-06T15:00:00+00,false
CLI-00003189,Cliente Sintético 3189,cliente3189@aurora.example,2001-10-04,Salvador,BA,Nordeste,2022-11-07T15:00:00+00,true
CLI-00003190,Cliente Sintético 3190,cliente3190@aurora.example,2002-11-05,Brasília,DF,Centro-Oeste,2022-11-08T15:00:00+00,false
CLI-00003191,Cliente Sintético 3191,cliente3191@aurora.example,2003-12-06,Belo Horizonte,MG,Sudeste,2022-11-09T15:00:00+00,true
CLI-00003192,Cliente Sintético 3192,cliente3192@aurora.example,2004-01-07,Curitiba,PR,Sul,2022-11-10T15:00:00+00,false
CLI-00003193,Cliente Sintético 3193,cliente3193@aurora.example,2005-02-08,Rio de Janeiro,RJ,Sudeste,2022-11-11T15:00:00+00,true
CLI-00003194,Cliente Sintético 3194,cliente3194@aurora.example,2006-03-09,Porto Alegre,RS,Sul,2022-11-12T15:00:00+00,false
CLI-00003195,Cliente Sintético 3195,cliente3195@aurora.example,2007-04-10,São Paulo,SP,Sudeste,2022-11-13T15:00:00+00,true
CLI-00003196,Cliente Sintético 3196,cliente3196@aurora.example,1940-05-11,Rio Branco,AC,Norte,2022-11-14T15:00:00+00,false
CLI-00003197,Cliente Sintético 3197,cliente3197@aurora.example,1941-06-12,Maceió,AL,Nordeste,2022-11-15T15:00:00+00,true
CLI-00003198,Cliente Sintético 3198,cliente3198@aurora.example,1942-07-13,Salvador,BA,Nordeste,2022-11-16T15:00:00+00,false
CLI-00003199,Cliente Sintético 3199,cliente3199@aurora.example,1943-08-14,Brasília,DF,Centro-Oeste,2022-11-17T15:00:00+00,true
CLI-00003200,Cliente Sintético 3200,cliente3200@aurora.example,1944-09-15,Belo Horizonte,MG,Sudeste,2022-11-18T15:00:00+00,false
CLI-00003201,Cliente Sintético 3201,cliente3201@aurora.example,1945-10-16,Curitiba,PR,Sul,2022-11-19T15:00:00+00,true
CLI-00003202,Cliente Sintético 3202,cliente3202@aurora.example,1946-11-17,Rio de Janeiro,RJ,Sudeste,2022-11-20T15:00:00+00,false
CLI-00003203,Cliente Sintético 3203,cliente3203@aurora.example,1947-12-18,Porto Alegre,RS,Sul,2022-11-21T15:00:00+00,true
CLI-00003204,Cliente Sintético 3204,cliente3204@aurora.example,1948-01-19,São Paulo,SP,Sudeste,2022-11-22T15:00:00+00,false
CLI-00003205,Cliente Sintético 3205,cliente3205@aurora.example,1949-02-20,Rio Branco,AC,Norte,2022-11-23T15:00:00+00,true
CLI-00003206,Cliente Sintético 3206,cliente3206@aurora.example,1950-03-21,Maceió,AL,Nordeste,2022-11-24T15:00:00+00,false
CLI-00003207,Cliente Sintético 3207,cliente3207@aurora.example,1951-04-22,Salvador,BA,Nordeste,2022-11-25T15:00:00+00,true
CLI-00003208,Cliente Sintético 3208,cliente3208@aurora.example,1952-05-23,Brasília,DF,Centro-Oeste,2022-11-26T15:00:00+00,false
CLI-00003209,Cliente Sintético 3209,cliente3209@aurora.example,1953-06-24,Belo Horizonte,MG,Sudeste,2022-11-27T15:00:00+00,true
CLI-00003210,Cliente Sintético 3210,cliente3210@aurora.example,1954-07-25,Curitiba,PR,Sul,2022-11-28T15:00:00+00,false
CLI-00003211,Cliente Sintético 3211,cliente3211@aurora.example,1955-08-26,Rio de Janeiro,RJ,Sudeste,2022-11-29T15:00:00+00,true
CLI-00003212,Cliente Sintético 3212,cliente3212@aurora.example,1956-09-27,Porto Alegre,RS,Sul,2022-11-30T15:00:00+00,false
CLI-00003213,Cliente Sintético 3213,cliente3213@aurora.example,1957-10-01,São Paulo,SP,Sudeste,2022-12-01T15:00:00+00,true
CLI-00003214,Cliente Sintético 3214,cliente3214@aurora.example,1958-11-02,Rio Branco,AC,Norte,2022-12-02T15:00:00+00,false
CLI-00003215,Cliente Sintético 3215,cliente3215@aurora.example,1959-12-03,Maceió,AL,Nordeste,2022-12-03T15:00:00+00,true
CLI-00003216,Cliente Sintético 3216,cliente3216@aurora.example,1960-01-04,Salvador,BA,Nordeste,2022-12-04T15:00:00+00,false
CLI-00003217,Cliente Sintético 3217,cliente3217@aurora.example,1961-02-05,Brasília,DF,Centro-Oeste,2022-12-05T15:00:00+00,true
CLI-00003218,Cliente Sintético 3218,cliente3218@aurora.example,1962-03-06,Belo Horizonte,MG,Sudeste,2022-12-06T15:00:00+00,false
CLI-00003219,Cliente Sintético 3219,cliente3219@aurora.example,1963-04-07,Curitiba,PR,Sul,2022-12-07T15:00:00+00,true
CLI-00003220,Cliente Sintético 3220,cliente3220@aurora.example,1964-05-08,Rio de Janeiro,RJ,Sudeste,2022-12-08T15:00:00+00,false
CLI-00003221,Cliente Sintético 3221,cliente3221@aurora.example,1965-06-09,Porto Alegre,RS,Sul,2022-12-09T15:00:00+00,true
CLI-00003222,Cliente Sintético 3222,cliente3222@aurora.example,1966-07-10,São Paulo,SP,Sudeste,2022-12-10T15:00:00+00,false
CLI-00003223,Cliente Sintético 3223,cliente3223@aurora.example,1967-08-11,Rio Branco,AC,Norte,2022-12-11T15:00:00+00,true
CLI-00003224,Cliente Sintético 3224,cliente3224@aurora.example,1968-09-12,Maceió,AL,Nordeste,2022-12-12T15:00:00+00,false
CLI-00003225,Cliente Sintético 3225,cliente3225@aurora.example,1969-10-13,Salvador,BA,Nordeste,2022-12-13T15:00:00+00,true
CLI-00003226,Cliente Sintético 3226,cliente3226@aurora.example,1970-11-14,Brasília,DF,Centro-Oeste,2022-12-14T15:00:00+00,false
CLI-00003227,Cliente Sintético 3227,cliente3227@aurora.example,1971-12-15,Belo Horizonte,MG,Sudeste,2022-12-15T15:00:00+00,true
CLI-00003228,Cliente Sintético 3228,cliente3228@aurora.example,1972-01-16,Curitiba,PR,Sul,2022-12-16T15:00:00+00,false
CLI-00003229,Cliente Sintético 3229,cliente3229@aurora.example,1973-02-17,Rio de Janeiro,RJ,Sudeste,2022-12-17T15:00:00+00,true
CLI-00003230,Cliente Sintético 3230,cliente3230@aurora.example,1974-03-18,Porto Alegre,RS,Sul,2022-12-18T15:00:00+00,false
CLI-00003231,Cliente Sintético 3231,cliente3231@aurora.example,1975-04-19,São Paulo,SP,Sudeste,2022-12-19T15:00:00+00,true
CLI-00003232,Cliente Sintético 3232,cliente3232@aurora.example,1976-05-20,Rio Branco,AC,Norte,2022-12-20T15:00:00+00,false
CLI-00003233,Cliente Sintético 3233,cliente3233@aurora.example,1977-06-21,Maceió,AL,Nordeste,2022-12-21T15:00:00+00,true
CLI-00003234,Cliente Sintético 3234,cliente3234@aurora.example,1978-07-22,Salvador,BA,Nordeste,2022-12-22T15:00:00+00,false
CLI-00003235,Cliente Sintético 3235,cliente3235@aurora.example,1979-08-23,Brasília,DF,Centro-Oeste,2022-12-23T15:00:00+00,true
CLI-00003236,Cliente Sintético 3236,cliente3236@aurora.example,1980-09-24,Belo Horizonte,MG,Sudeste,2022-12-24T15:00:00+00,false
CLI-00003237,Cliente Sintético 3237,cliente3237@aurora.example,1981-10-25,Curitiba,PR,Sul,2022-12-25T15:00:00+00,true
CLI-00003238,Cliente Sintético 3238,cliente3238@aurora.example,1982-11-26,Rio de Janeiro,RJ,Sudeste,2022-12-26T15:00:00+00,false
CLI-00003239,Cliente Sintético 3239,cliente3239@aurora.example,1983-12-27,Porto Alegre,RS,Sul,2022-12-27T15:00:00+00,true
CLI-00003240,Cliente Sintético 3240,cliente3240@aurora.example,1984-01-01,São Paulo,SP,Sudeste,2022-07-01T15:00:00+00,false
CLI-00003241,Cliente Sintético 3241,cliente3241@aurora.example,1985-02-02,Rio Branco,AC,Norte,2022-07-02T15:00:00+00,true
CLI-00003242,Cliente Sintético 3242,cliente3242@aurora.example,1986-03-03,Maceió,AL,Nordeste,2022-07-03T15:00:00+00,false
CLI-00003243,Cliente Sintético 3243,cliente3243@aurora.example,1987-04-04,Salvador,BA,Nordeste,2022-07-04T15:00:00+00,true
CLI-00003244,Cliente Sintético 3244,cliente3244@aurora.example,1988-05-05,Brasília,DF,Centro-Oeste,2022-07-05T15:00:00+00,false
CLI-00003245,Cliente Sintético 3245,cliente3245@aurora.example,1989-06-06,Belo Horizonte,MG,Sudeste,2022-07-06T15:00:00+00,true
CLI-00003246,Cliente Sintético 3246,cliente3246@aurora.example,1990-07-07,Curitiba,PR,Sul,2022-07-07T15:00:00+00,false
CLI-00003247,Cliente Sintético 3247,cliente3247@aurora.example,1991-08-08,Rio de Janeiro,RJ,Sudeste,2022-07-08T15:00:00+00,true
CLI-00003248,Cliente Sintético 3248,cliente3248@aurora.example,1992-09-09,Porto Alegre,RS,Sul,2022-07-09T15:00:00+00,false
CLI-00003249,Cliente Sintético 3249,cliente3249@aurora.example,1993-10-10,São Paulo,SP,Sudeste,2022-07-10T15:00:00+00,true
CLI-00003250,Cliente Sintético 3250,cliente3250@aurora.example,1994-11-11,Rio Branco,AC,Norte,2022-07-11T15:00:00+00,false
CLI-00003251,Cliente Sintético 3251,cliente3251@aurora.example,1995-12-12,Maceió,AL,Nordeste,2022-07-12T15:00:00+00,true
CLI-00003252,Cliente Sintético 3252,cliente3252@aurora.example,1996-01-13,Salvador,BA,Nordeste,2022-07-13T15:00:00+00,false
CLI-00003253,Cliente Sintético 3253,cliente3253@aurora.example,1997-02-14,Brasília,DF,Centro-Oeste,2022-07-14T15:00:00+00,true
CLI-00003254,Cliente Sintético 3254,cliente3254@aurora.example,1998-03-15,Belo Horizonte,MG,Sudeste,2022-07-15T15:00:00+00,false
CLI-00003255,Cliente Sintético 3255,cliente3255@aurora.example,1999-04-16,Curitiba,PR,Sul,2022-07-16T15:00:00+00,true
CLI-00003256,Cliente Sintético 3256,cliente3256@aurora.example,2000-05-17,Rio de Janeiro,RJ,Sudeste,2022-07-17T15:00:00+00,false
CLI-00003257,Cliente Sintético 3257,cliente3257@aurora.example,2001-06-18,Porto Alegre,RS,Sul,2022-07-18T15:00:00+00,true
CLI-00003258,Cliente Sintético 3258,cliente3258@aurora.example,2002-07-19,São Paulo,SP,Sudeste,2022-07-19T15:00:00+00,false
CLI-00003259,Cliente Sintético 3259,cliente3259@aurora.example,2003-08-20,Rio Branco,AC,Norte,2022-07-20T15:00:00+00,true
CLI-00003260,Cliente Sintético 3260,cliente3260@aurora.example,2004-09-21,Maceió,AL,Nordeste,2022-07-21T15:00:00+00,false
CLI-00003261,Cliente Sintético 3261,cliente3261@aurora.example,2005-10-22,Salvador,BA,Nordeste,2022-07-22T15:00:00+00,true
CLI-00003262,Cliente Sintético 3262,cliente3262@aurora.example,2006-11-23,Brasília,DF,Centro-Oeste,2022-07-23T15:00:00+00,false
CLI-00003263,Cliente Sintético 3263,cliente3263@aurora.example,2007-12-24,Belo Horizonte,MG,Sudeste,2022-07-24T15:00:00+00,true
CLI-00003264,Cliente Sintético 3264,cliente3264@aurora.example,1940-01-25,Curitiba,PR,Sul,2022-07-25T15:00:00+00,false
CLI-00003265,Cliente Sintético 3265,cliente3265@aurora.example,1941-02-26,Rio de Janeiro,RJ,Sudeste,2022-07-26T15:00:00+00,true
CLI-00003266,Cliente Sintético 3266,cliente3266@aurora.example,1942-03-27,Porto Alegre,RS,Sul,2022-07-27T15:00:00+00,false
CLI-00003267,Cliente Sintético 3267,cliente3267@aurora.example,1943-04-01,São Paulo,SP,Sudeste,2022-07-28T15:00:00+00,true
CLI-00003268,Cliente Sintético 3268,cliente3268@aurora.example,1944-05-02,Rio Branco,AC,Norte,2022-07-29T15:00:00+00,false
CLI-00003269,Cliente Sintético 3269,cliente3269@aurora.example,1945-06-03,Maceió,AL,Nordeste,2022-07-30T15:00:00+00,true
CLI-00003270,Cliente Sintético 3270,cliente3270@aurora.example,1946-07-04,Salvador,BA,Nordeste,2022-07-31T15:00:00+00,false
CLI-00003271,Cliente Sintético 3271,cliente3271@aurora.example,1947-08-05,Brasília,DF,Centro-Oeste,2022-08-01T15:00:00+00,true
CLI-00003272,Cliente Sintético 3272,cliente3272@aurora.example,1948-09-06,Belo Horizonte,MG,Sudeste,2022-08-02T15:00:00+00,false
CLI-00003273,Cliente Sintético 3273,cliente3273@aurora.example,1949-10-07,Curitiba,PR,Sul,2022-08-03T15:00:00+00,true
CLI-00003274,Cliente Sintético 3274,cliente3274@aurora.example,1950-11-08,Rio de Janeiro,RJ,Sudeste,2022-08-04T15:00:00+00,false
CLI-00003275,Cliente Sintético 3275,cliente3275@aurora.example,1951-12-09,Porto Alegre,RS,Sul,2022-08-05T15:00:00+00,true
CLI-00003276,Cliente Sintético 3276,cliente3276@aurora.example,1952-01-10,São Paulo,SP,Sudeste,2022-08-06T15:00:00+00,false
CLI-00003277,Cliente Sintético 3277,cliente3277@aurora.example,1953-02-11,Rio Branco,AC,Norte,2022-08-07T15:00:00+00,true
CLI-00003278,Cliente Sintético 3278,cliente3278@aurora.example,1954-03-12,Maceió,AL,Nordeste,2022-08-08T15:00:00+00,false
CLI-00003279,Cliente Sintético 3279,cliente3279@aurora.example,1955-04-13,Salvador,BA,Nordeste,2022-08-09T15:00:00+00,true
CLI-00003280,Cliente Sintético 3280,cliente3280@aurora.example,1956-05-14,Brasília,DF,Centro-Oeste,2022-08-10T15:00:00+00,false
CLI-00003281,Cliente Sintético 3281,cliente3281@aurora.example,1957-06-15,Belo Horizonte,MG,Sudeste,2022-08-11T15:00:00+00,true
CLI-00003282,Cliente Sintético 3282,cliente3282@aurora.example,1958-07-16,Curitiba,PR,Sul,2022-08-12T15:00:00+00,false
CLI-00003283,Cliente Sintético 3283,cliente3283@aurora.example,1959-08-17,Rio de Janeiro,RJ,Sudeste,2022-08-13T15:00:00+00,true
CLI-00003284,Cliente Sintético 3284,cliente3284@aurora.example,1960-09-18,Porto Alegre,RS,Sul,2022-08-14T15:00:00+00,false
CLI-00003285,Cliente Sintético 3285,cliente3285@aurora.example,1961-10-19,São Paulo,SP,Sudeste,2022-08-15T15:00:00+00,true
CLI-00003286,Cliente Sintético 3286,cliente3286@aurora.example,1962-11-20,Rio Branco,AC,Norte,2022-08-16T15:00:00+00,false
CLI-00003287,Cliente Sintético 3287,cliente3287@aurora.example,1963-12-21,Maceió,AL,Nordeste,2022-08-17T15:00:00+00,true
CLI-00003288,Cliente Sintético 3288,cliente3288@aurora.example,1964-01-22,Salvador,BA,Nordeste,2022-08-18T15:00:00+00,false
CLI-00003289,Cliente Sintético 3289,cliente3289@aurora.example,1965-02-23,Brasília,DF,Centro-Oeste,2022-08-19T15:00:00+00,true
CLI-00003290,Cliente Sintético 3290,cliente3290@aurora.example,1966-03-24,Belo Horizonte,MG,Sudeste,2022-08-20T15:00:00+00,false
CLI-00003291,Cliente Sintético 3291,cliente3291@aurora.example,1967-04-25,Curitiba,PR,Sul,2022-08-21T15:00:00+00,true
CLI-00003292,Cliente Sintético 3292,cliente3292@aurora.example,1968-05-26,Rio de Janeiro,RJ,Sudeste,2022-08-22T15:00:00+00,false
CLI-00003293,Cliente Sintético 3293,cliente3293@aurora.example,1969-06-27,Porto Alegre,RS,Sul,2022-08-23T15:00:00+00,true
CLI-00003294,Cliente Sintético 3294,cliente3294@aurora.example,1970-07-01,São Paulo,SP,Sudeste,2022-08-24T15:00:00+00,false
CLI-00003295,Cliente Sintético 3295,cliente3295@aurora.example,1971-08-02,Rio Branco,AC,Norte,2022-08-25T15:00:00+00,true
CLI-00003296,Cliente Sintético 3296,cliente3296@aurora.example,1972-09-03,Maceió,AL,Nordeste,2022-08-26T15:00:00+00,false
CLI-00003297,Cliente Sintético 3297,cliente3297@aurora.example,1973-10-04,Salvador,BA,Nordeste,2022-08-27T15:00:00+00,true
CLI-00003298,Cliente Sintético 3298,cliente3298@aurora.example,1974-11-05,Brasília,DF,Centro-Oeste,2022-08-28T15:00:00+00,false
CLI-00003299,Cliente Sintético 3299,cliente3299@aurora.example,1975-12-06,Belo Horizonte,MG,Sudeste,2022-08-29T15:00:00+00,true
CLI-00003300,Cliente Sintético 3300,cliente3300@aurora.example,1976-01-07,Curitiba,PR,Sul,2022-08-30T15:00:00+00,false
CLI-00003301,Cliente Sintético 3301,cliente3301@aurora.example,1977-02-08,Rio de Janeiro,RJ,Sudeste,2022-08-31T15:00:00+00,true
CLI-00003302,Cliente Sintético 3302,cliente3302@aurora.example,1978-03-09,Porto Alegre,RS,Sul,2022-09-01T15:00:00+00,false
CLI-00003303,Cliente Sintético 3303,cliente3303@aurora.example,1979-04-10,São Paulo,SP,Sudeste,2022-09-02T15:00:00+00,true
CLI-00003304,Cliente Sintético 3304,cliente3304@aurora.example,1980-05-11,Rio Branco,AC,Norte,2022-09-03T15:00:00+00,false
CLI-00003305,Cliente Sintético 3305,cliente3305@aurora.example,1981-06-12,Maceió,AL,Nordeste,2022-09-04T15:00:00+00,true
CLI-00003306,Cliente Sintético 3306,cliente3306@aurora.example,1982-07-13,Salvador,BA,Nordeste,2022-09-05T15:00:00+00,false
CLI-00003307,Cliente Sintético 3307,cliente3307@aurora.example,1983-08-14,Brasília,DF,Centro-Oeste,2022-09-06T15:00:00+00,true
CLI-00003308,Cliente Sintético 3308,cliente3308@aurora.example,1984-09-15,Belo Horizonte,MG,Sudeste,2022-09-07T15:00:00+00,false
CLI-00003309,Cliente Sintético 3309,cliente3309@aurora.example,1985-10-16,Curitiba,PR,Sul,2022-09-08T15:00:00+00,true
CLI-00003310,Cliente Sintético 3310,cliente3310@aurora.example,1986-11-17,Rio de Janeiro,RJ,Sudeste,2022-09-09T15:00:00+00,false
CLI-00003311,Cliente Sintético 3311,cliente3311@aurora.example,1987-12-18,Porto Alegre,RS,Sul,2022-09-10T15:00:00+00,true
CLI-00003312,Cliente Sintético 3312,cliente3312@aurora.example,1988-01-19,São Paulo,SP,Sudeste,2022-09-11T15:00:00+00,false
CLI-00003313,Cliente Sintético 3313,cliente3313@aurora.example,1989-02-20,Rio Branco,AC,Norte,2022-09-12T15:00:00+00,true
CLI-00003314,Cliente Sintético 3314,cliente3314@aurora.example,1990-03-21,Maceió,AL,Nordeste,2022-09-13T15:00:00+00,false
CLI-00003315,Cliente Sintético 3315,cliente3315@aurora.example,1991-04-22,Salvador,BA,Nordeste,2022-09-14T15:00:00+00,true
CLI-00003316,Cliente Sintético 3316,cliente3316@aurora.example,1992-05-23,Brasília,DF,Centro-Oeste,2022-09-15T15:00:00+00,false
CLI-00003317,Cliente Sintético 3317,cliente3317@aurora.example,1993-06-24,Belo Horizonte,MG,Sudeste,2022-09-16T15:00:00+00,true
CLI-00003318,Cliente Sintético 3318,cliente3318@aurora.example,1994-07-25,Curitiba,PR,Sul,2022-09-17T15:00:00+00,false
CLI-00003319,Cliente Sintético 3319,cliente3319@aurora.example,1995-08-26,Rio de Janeiro,RJ,Sudeste,2022-09-18T15:00:00+00,true
CLI-00003320,Cliente Sintético 3320,cliente3320@aurora.example,1996-09-27,Porto Alegre,RS,Sul,2022-09-19T15:00:00+00,false
CLI-00003321,Cliente Sintético 3321,cliente3321@aurora.example,1997-10-01,São Paulo,SP,Sudeste,2022-09-20T15:00:00+00,true
CLI-00003322,Cliente Sintético 3322,cliente3322@aurora.example,1998-11-02,Rio Branco,AC,Norte,2022-09-21T15:00:00+00,false
CLI-00003323,Cliente Sintético 3323,cliente3323@aurora.example,1999-12-03,Maceió,AL,Nordeste,2022-09-22T15:00:00+00,true
CLI-00003324,Cliente Sintético 3324,cliente3324@aurora.example,2000-01-04,Salvador,BA,Nordeste,2022-09-23T15:00:00+00,false
CLI-00003325,Cliente Sintético 3325,cliente3325@aurora.example,2001-02-05,Brasília,DF,Centro-Oeste,2022-09-24T15:00:00+00,true
CLI-00003326,Cliente Sintético 3326,cliente3326@aurora.example,2002-03-06,Belo Horizonte,MG,Sudeste,2022-09-25T15:00:00+00,false
CLI-00003327,Cliente Sintético 3327,cliente3327@aurora.example,2003-04-07,Curitiba,PR,Sul,2022-09-26T15:00:00+00,true
CLI-00003328,Cliente Sintético 3328,cliente3328@aurora.example,2004-05-08,Rio de Janeiro,RJ,Sudeste,2022-09-27T15:00:00+00,false
CLI-00003329,Cliente Sintético 3329,cliente3329@aurora.example,2005-06-09,Porto Alegre,RS,Sul,2022-09-28T15:00:00+00,true
CLI-00003330,Cliente Sintético 3330,cliente3330@aurora.example,2006-07-10,São Paulo,SP,Sudeste,2022-09-29T15:00:00+00,false
CLI-00003331,Cliente Sintético 3331,cliente3331@aurora.example,2007-08-11,Rio Branco,AC,Norte,2022-09-30T15:00:00+00,true
CLI-00003332,Cliente Sintético 3332,cliente3332@aurora.example,1940-09-12,Maceió,AL,Nordeste,2022-10-01T15:00:00+00,false
CLI-00003333,Cliente Sintético 3333,cliente3333@aurora.example,1941-10-13,Salvador,BA,Nordeste,2022-10-02T15:00:00+00,true
CLI-00003334,Cliente Sintético 3334,cliente3334@aurora.example,1942-11-14,Brasília,DF,Centro-Oeste,2022-10-03T15:00:00+00,false
CLI-00003335,Cliente Sintético 3335,cliente3335@aurora.example,1943-12-15,Belo Horizonte,MG,Sudeste,2022-10-04T15:00:00+00,true
CLI-00003336,Cliente Sintético 3336,cliente3336@aurora.example,1944-01-16,Curitiba,PR,Sul,2022-10-05T15:00:00+00,false
CLI-00003337,Cliente Sintético 3337,cliente3337@aurora.example,1945-02-17,Rio de Janeiro,RJ,Sudeste,2022-10-06T15:00:00+00,true
CLI-00003338,Cliente Sintético 3338,cliente3338@aurora.example,1946-03-18,Porto Alegre,RS,Sul,2022-10-07T15:00:00+00,false
CLI-00003339,Cliente Sintético 3339,cliente3339@aurora.example,1947-04-19,São Paulo,SP,Sudeste,2022-10-08T15:00:00+00,true
CLI-00003340,Cliente Sintético 3340,cliente3340@aurora.example,1948-05-20,Rio Branco,AC,Norte,2022-10-09T15:00:00+00,false
CLI-00003341,Cliente Sintético 3341,cliente3341@aurora.example,1949-06-21,Maceió,AL,Nordeste,2022-10-10T15:00:00+00,true
CLI-00003342,Cliente Sintético 3342,cliente3342@aurora.example,1950-07-22,Salvador,BA,Nordeste,2022-10-11T15:00:00+00,false
CLI-00003343,Cliente Sintético 3343,cliente3343@aurora.example,1951-08-23,Brasília,DF,Centro-Oeste,2022-10-12T15:00:00+00,true
CLI-00003344,Cliente Sintético 3344,cliente3344@aurora.example,1952-09-24,Belo Horizonte,MG,Sudeste,2022-10-13T15:00:00+00,false
CLI-00003345,Cliente Sintético 3345,cliente3345@aurora.example,1953-10-25,Curitiba,PR,Sul,2022-10-14T15:00:00+00,true
CLI-00003346,Cliente Sintético 3346,cliente3346@aurora.example,1954-11-26,Rio de Janeiro,RJ,Sudeste,2022-10-15T15:00:00+00,false
CLI-00003347,Cliente Sintético 3347,cliente3347@aurora.example,1955-12-27,Porto Alegre,RS,Sul,2022-10-16T15:00:00+00,true
CLI-00003348,Cliente Sintético 3348,cliente3348@aurora.example,1956-01-01,São Paulo,SP,Sudeste,2022-10-17T15:00:00+00,false
CLI-00003349,Cliente Sintético 3349,cliente3349@aurora.example,1957-02-02,Rio Branco,AC,Norte,2022-10-18T15:00:00+00,true
CLI-00003350,Cliente Sintético 3350,cliente3350@aurora.example,1958-03-03,Maceió,AL,Nordeste,2022-10-19T15:00:00+00,false
CLI-00003351,Cliente Sintético 3351,cliente3351@aurora.example,1959-04-04,Salvador,BA,Nordeste,2022-10-20T15:00:00+00,true
CLI-00003352,Cliente Sintético 3352,cliente3352@aurora.example,1960-05-05,Brasília,DF,Centro-Oeste,2022-10-21T15:00:00+00,false
CLI-00003353,Cliente Sintético 3353,cliente3353@aurora.example,1961-06-06,Belo Horizonte,MG,Sudeste,2022-10-22T15:00:00+00,true
CLI-00003354,Cliente Sintético 3354,cliente3354@aurora.example,1962-07-07,Curitiba,PR,Sul,2022-10-23T15:00:00+00,false
CLI-00003355,Cliente Sintético 3355,cliente3355@aurora.example,1963-08-08,Rio de Janeiro,RJ,Sudeste,2022-10-24T15:00:00+00,true
CLI-00003356,Cliente Sintético 3356,cliente3356@aurora.example,1964-09-09,Porto Alegre,RS,Sul,2022-10-25T15:00:00+00,false
CLI-00003357,Cliente Sintético 3357,cliente3357@aurora.example,1965-10-10,São Paulo,SP,Sudeste,2022-10-26T15:00:00+00,true
CLI-00003358,Cliente Sintético 3358,cliente3358@aurora.example,1966-11-11,Rio Branco,AC,Norte,2022-10-27T15:00:00+00,false
CLI-00003359,Cliente Sintético 3359,cliente3359@aurora.example,1967-12-12,Maceió,AL,Nordeste,2022-10-28T15:00:00+00,true
CLI-00003360,Cliente Sintético 3360,cliente3360@aurora.example,1968-01-13,Salvador,BA,Nordeste,2022-10-29T15:00:00+00,false
CLI-00003361,Cliente Sintético 3361,cliente3361@aurora.example,1969-02-14,Brasília,DF,Centro-Oeste,2022-10-30T15:00:00+00,true
CLI-00003362,Cliente Sintético 3362,cliente3362@aurora.example,1970-03-15,Belo Horizonte,MG,Sudeste,2022-10-31T15:00:00+00,false
CLI-00003363,Cliente Sintético 3363,cliente3363@aurora.example,1971-04-16,Curitiba,PR,Sul,2022-11-01T15:00:00+00,true
CLI-00003364,Cliente Sintético 3364,cliente3364@aurora.example,1972-05-17,Rio de Janeiro,RJ,Sudeste,2022-11-02T15:00:00+00,false
CLI-00003365,Cliente Sintético 3365,cliente3365@aurora.example,1973-06-18,Porto Alegre,RS,Sul,2022-11-03T15:00:00+00,true
CLI-00003366,Cliente Sintético 3366,cliente3366@aurora.example,1974-07-19,São Paulo,SP,Sudeste,2022-11-04T15:00:00+00,false
CLI-00003367,Cliente Sintético 3367,cliente3367@aurora.example,1975-08-20,Rio Branco,AC,Norte,2022-11-05T15:00:00+00,true
CLI-00003368,Cliente Sintético 3368,cliente3368@aurora.example,1976-09-21,Maceió,AL,Nordeste,2022-11-06T15:00:00+00,false
CLI-00003369,Cliente Sintético 3369,cliente3369@aurora.example,1977-10-22,Salvador,BA,Nordeste,2022-11-07T15:00:00+00,true
CLI-00003370,Cliente Sintético 3370,cliente3370@aurora.example,1978-11-23,Brasília,DF,Centro-Oeste,2022-11-08T15:00:00+00,false
CLI-00003371,Cliente Sintético 3371,cliente3371@aurora.example,1979-12-24,Belo Horizonte,MG,Sudeste,2022-11-09T15:00:00+00,true
CLI-00003372,Cliente Sintético 3372,cliente3372@aurora.example,1980-01-25,Curitiba,PR,Sul,2022-11-10T15:00:00+00,false
CLI-00003373,Cliente Sintético 3373,cliente3373@aurora.example,1981-02-26,Rio de Janeiro,RJ,Sudeste,2022-11-11T15:00:00+00,true
CLI-00003374,Cliente Sintético 3374,cliente3374@aurora.example,1982-03-27,Porto Alegre,RS,Sul,2022-11-12T15:00:00+00,false
CLI-00003375,Cliente Sintético 3375,cliente3375@aurora.example,1983-04-01,São Paulo,SP,Sudeste,2022-11-13T15:00:00+00,true
CLI-00003376,Cliente Sintético 3376,cliente3376@aurora.example,1984-05-02,Rio Branco,AC,Norte,2022-11-14T15:00:00+00,false
CLI-00003377,Cliente Sintético 3377,cliente3377@aurora.example,1985-06-03,Maceió,AL,Nordeste,2022-11-15T15:00:00+00,true
CLI-00003378,Cliente Sintético 3378,cliente3378@aurora.example,1986-07-04,Salvador,BA,Nordeste,2022-11-16T15:00:00+00,false
CLI-00003379,Cliente Sintético 3379,cliente3379@aurora.example,1987-08-05,Brasília,DF,Centro-Oeste,2022-11-17T15:00:00+00,true
CLI-00003380,Cliente Sintético 3380,cliente3380@aurora.example,1988-09-06,Belo Horizonte,MG,Sudeste,2022-11-18T15:00:00+00,false
CLI-00003381,Cliente Sintético 3381,cliente3381@aurora.example,1989-10-07,Curitiba,PR,Sul,2022-11-19T15:00:00+00,true
CLI-00003382,Cliente Sintético 3382,cliente3382@aurora.example,1990-11-08,Rio de Janeiro,RJ,Sudeste,2022-11-20T15:00:00+00,false
CLI-00003383,Cliente Sintético 3383,cliente3383@aurora.example,1991-12-09,Porto Alegre,RS,Sul,2022-11-21T15:00:00+00,true
CLI-00003384,Cliente Sintético 3384,cliente3384@aurora.example,1992-01-10,São Paulo,SP,Sudeste,2022-11-22T15:00:00+00,false
CLI-00003385,Cliente Sintético 3385,cliente3385@aurora.example,1993-02-11,Rio Branco,AC,Norte,2022-11-23T15:00:00+00,true
CLI-00003386,Cliente Sintético 3386,cliente3386@aurora.example,1994-03-12,Maceió,AL,Nordeste,2022-11-24T15:00:00+00,false
CLI-00003387,Cliente Sintético 3387,cliente3387@aurora.example,1995-04-13,Salvador,BA,Nordeste,2022-11-25T15:00:00+00,true
CLI-00003388,Cliente Sintético 3388,cliente3388@aurora.example,1996-05-14,Brasília,DF,Centro-Oeste,2022-11-26T15:00:00+00,false
CLI-00003389,Cliente Sintético 3389,cliente3389@aurora.example,1997-06-15,Belo Horizonte,MG,Sudeste,2022-11-27T15:00:00+00,true
CLI-00003390,Cliente Sintético 3390,cliente3390@aurora.example,1998-07-16,Curitiba,PR,Sul,2022-11-28T15:00:00+00,false
CLI-00003391,Cliente Sintético 3391,cliente3391@aurora.example,1999-08-17,Rio de Janeiro,RJ,Sudeste,2022-11-29T15:00:00+00,true
CLI-00003392,Cliente Sintético 3392,cliente3392@aurora.example,2000-09-18,Porto Alegre,RS,Sul,2022-11-30T15:00:00+00,false
CLI-00003393,Cliente Sintético 3393,cliente3393@aurora.example,2001-10-19,São Paulo,SP,Sudeste,2022-12-01T15:00:00+00,true
CLI-00003394,Cliente Sintético 3394,cliente3394@aurora.example,2002-11-20,Rio Branco,AC,Norte,2022-12-02T15:00:00+00,false
CLI-00003395,Cliente Sintético 3395,cliente3395@aurora.example,2003-12-21,Maceió,AL,Nordeste,2022-12-03T15:00:00+00,true
CLI-00003396,Cliente Sintético 3396,cliente3396@aurora.example,2004-01-22,Salvador,BA,Nordeste,2022-12-04T15:00:00+00,false
CLI-00003397,Cliente Sintético 3397,cliente3397@aurora.example,2005-02-23,Brasília,DF,Centro-Oeste,2022-12-05T15:00:00+00,true
CLI-00003398,Cliente Sintético 3398,cliente3398@aurora.example,2006-03-24,Belo Horizonte,MG,Sudeste,2022-12-06T15:00:00+00,false
CLI-00003399,Cliente Sintético 3399,cliente3399@aurora.example,2007-04-25,Curitiba,PR,Sul,2022-12-07T15:00:00+00,true
CLI-00003400,Cliente Sintético 3400,cliente3400@aurora.example,1940-05-26,Rio de Janeiro,RJ,Sudeste,2022-12-08T15:00:00+00,false
CLI-00003401,Cliente Sintético 3401,cliente3401@aurora.example,1941-06-27,Porto Alegre,RS,Sul,2022-12-09T15:00:00+00,true
CLI-00003402,Cliente Sintético 3402,cliente3402@aurora.example,1942-07-01,São Paulo,SP,Sudeste,2022-12-10T15:00:00+00,false
CLI-00003403,Cliente Sintético 3403,cliente3403@aurora.example,1943-08-02,Rio Branco,AC,Norte,2022-12-11T15:00:00+00,true
CLI-00003404,Cliente Sintético 3404,cliente3404@aurora.example,1944-09-03,Maceió,AL,Nordeste,2022-12-12T15:00:00+00,false
CLI-00003405,Cliente Sintético 3405,cliente3405@aurora.example,1945-10-04,Salvador,BA,Nordeste,2022-12-13T15:00:00+00,true
CLI-00003406,Cliente Sintético 3406,cliente3406@aurora.example,1946-11-05,Brasília,DF,Centro-Oeste,2022-12-14T15:00:00+00,false
CLI-00003407,Cliente Sintético 3407,cliente3407@aurora.example,1947-12-06,Belo Horizonte,MG,Sudeste,2022-12-15T15:00:00+00,true
CLI-00003408,Cliente Sintético 3408,cliente3408@aurora.example,1948-01-07,Curitiba,PR,Sul,2022-12-16T15:00:00+00,false
CLI-00003409,Cliente Sintético 3409,cliente3409@aurora.example,1949-02-08,Rio de Janeiro,RJ,Sudeste,2022-12-17T15:00:00+00,true
CLI-00003410,Cliente Sintético 3410,cliente3410@aurora.example,1950-03-09,Porto Alegre,RS,Sul,2022-12-18T15:00:00+00,false
CLI-00003411,Cliente Sintético 3411,cliente3411@aurora.example,1951-04-10,São Paulo,SP,Sudeste,2022-12-19T15:00:00+00,true
CLI-00003412,Cliente Sintético 3412,cliente3412@aurora.example,1952-05-11,Rio Branco,AC,Norte,2022-12-20T15:00:00+00,false
CLI-00003413,Cliente Sintético 3413,cliente3413@aurora.example,1953-06-12,Maceió,AL,Nordeste,2022-12-21T15:00:00+00,true
CLI-00003414,Cliente Sintético 3414,cliente3414@aurora.example,1954-07-13,Salvador,BA,Nordeste,2022-12-22T15:00:00+00,false
CLI-00003415,Cliente Sintético 3415,cliente3415@aurora.example,1955-08-14,Brasília,DF,Centro-Oeste,2022-12-23T15:00:00+00,true
CLI-00003416,Cliente Sintético 3416,cliente3416@aurora.example,1956-09-15,Belo Horizonte,MG,Sudeste,2022-12-24T15:00:00+00,false
CLI-00003417,Cliente Sintético 3417,cliente3417@aurora.example,1957-10-16,Curitiba,PR,Sul,2022-12-25T15:00:00+00,true
CLI-00003418,Cliente Sintético 3418,cliente3418@aurora.example,1958-11-17,Rio de Janeiro,RJ,Sudeste,2022-12-26T15:00:00+00,false
CLI-00003419,Cliente Sintético 3419,cliente3419@aurora.example,1959-12-18,Porto Alegre,RS,Sul,2022-12-27T15:00:00+00,true
CLI-00003420,Cliente Sintético 3420,cliente3420@aurora.example,1960-01-19,São Paulo,SP,Sudeste,2022-07-01T15:00:00+00,false
CLI-00003421,Cliente Sintético 3421,cliente3421@aurora.example,1961-02-20,Rio Branco,AC,Norte,2022-07-02T15:00:00+00,true
CLI-00003422,Cliente Sintético 3422,cliente3422@aurora.example,1962-03-21,Maceió,AL,Nordeste,2022-07-03T15:00:00+00,false
CLI-00003423,Cliente Sintético 3423,cliente3423@aurora.example,1963-04-22,Salvador,BA,Nordeste,2022-07-04T15:00:00+00,true
CLI-00003424,Cliente Sintético 3424,cliente3424@aurora.example,1964-05-23,Brasília,DF,Centro-Oeste,2022-07-05T15:00:00+00,false
CLI-00003425,Cliente Sintético 3425,cliente3425@aurora.example,1965-06-24,Belo Horizonte,MG,Sudeste,2022-07-06T15:00:00+00,true
CLI-00003426,Cliente Sintético 3426,cliente3426@aurora.example,1966-07-25,Curitiba,PR,Sul,2022-07-07T15:00:00+00,false
CLI-00003427,Cliente Sintético 3427,cliente3427@aurora.example,1967-08-26,Rio de Janeiro,RJ,Sudeste,2022-07-08T15:00:00+00,true
CLI-00003428,Cliente Sintético 3428,cliente3428@aurora.example,1968-09-27,Porto Alegre,RS,Sul,2022-07-09T15:00:00+00,false
CLI-00003429,Cliente Sintético 3429,cliente3429@aurora.example,1969-10-01,São Paulo,SP,Sudeste,2022-07-10T15:00:00+00,true
CLI-00003430,Cliente Sintético 3430,cliente3430@aurora.example,1970-11-02,Rio Branco,AC,Norte,2022-07-11T15:00:00+00,false
CLI-00003431,Cliente Sintético 3431,cliente3431@aurora.example,1971-12-03,Maceió,AL,Nordeste,2022-07-12T15:00:00+00,true
CLI-00003432,Cliente Sintético 3432,cliente3432@aurora.example,1972-01-04,Salvador,BA,Nordeste,2022-07-13T15:00:00+00,false
CLI-00003433,Cliente Sintético 3433,cliente3433@aurora.example,1973-02-05,Brasília,DF,Centro-Oeste,2022-07-14T15:00:00+00,true
CLI-00003434,Cliente Sintético 3434,cliente3434@aurora.example,1974-03-06,Belo Horizonte,MG,Sudeste,2022-07-15T15:00:00+00,false
CLI-00003435,Cliente Sintético 3435,cliente3435@aurora.example,1975-04-07,Curitiba,PR,Sul,2022-07-16T15:00:00+00,true
CLI-00003436,Cliente Sintético 3436,cliente3436@aurora.example,1976-05-08,Rio de Janeiro,RJ,Sudeste,2022-07-17T15:00:00+00,false
CLI-00003437,Cliente Sintético 3437,cliente3437@aurora.example,1977-06-09,Porto Alegre,RS,Sul,2022-07-18T15:00:00+00,true
CLI-00003438,Cliente Sintético 3438,cliente3438@aurora.example,1978-07-10,São Paulo,SP,Sudeste,2022-07-19T15:00:00+00,false
CLI-00003439,Cliente Sintético 3439,cliente3439@aurora.example,1979-08-11,Rio Branco,AC,Norte,2022-07-20T15:00:00+00,true
CLI-00003440,Cliente Sintético 3440,cliente3440@aurora.example,1980-09-12,Maceió,AL,Nordeste,2022-07-21T15:00:00+00,false
CLI-00003441,Cliente Sintético 3441,cliente3441@aurora.example,1981-10-13,Salvador,BA,Nordeste,2022-07-22T15:00:00+00,true
CLI-00003442,Cliente Sintético 3442,cliente3442@aurora.example,1982-11-14,Brasília,DF,Centro-Oeste,2022-07-23T15:00:00+00,false
CLI-00003443,Cliente Sintético 3443,cliente3443@aurora.example,1983-12-15,Belo Horizonte,MG,Sudeste,2022-07-24T15:00:00+00,true
CLI-00003444,Cliente Sintético 3444,cliente3444@aurora.example,1984-01-16,Curitiba,PR,Sul,2022-07-25T15:00:00+00,false
CLI-00003445,Cliente Sintético 3445,cliente3445@aurora.example,1985-02-17,Rio de Janeiro,RJ,Sudeste,2022-07-26T15:00:00+00,true
CLI-00003446,Cliente Sintético 3446,cliente3446@aurora.example,1986-03-18,Porto Alegre,RS,Sul,2022-07-27T15:00:00+00,false
CLI-00003447,Cliente Sintético 3447,cliente3447@aurora.example,1987-04-19,São Paulo,SP,Sudeste,2022-07-28T15:00:00+00,true
CLI-00003448,Cliente Sintético 3448,cliente3448@aurora.example,1988-05-20,Rio Branco,AC,Norte,2022-07-29T15:00:00+00,false
CLI-00003449,Cliente Sintético 3449,cliente3449@aurora.example,1989-06-21,Maceió,AL,Nordeste,2022-07-30T15:00:00+00,true
CLI-00003450,Cliente Sintético 3450,cliente3450@aurora.example,1990-07-22,Salvador,BA,Nordeste,2022-07-31T15:00:00+00,false
CLI-00003451,Cliente Sintético 3451,cliente3451@aurora.example,1991-08-23,Brasília,DF,Centro-Oeste,2022-08-01T15:00:00+00,true
CLI-00003452,Cliente Sintético 3452,cliente3452@aurora.example,1992-09-24,Belo Horizonte,MG,Sudeste,2022-08-02T15:00:00+00,false
CLI-00003453,Cliente Sintético 3453,cliente3453@aurora.example,1993-10-25,Curitiba,PR,Sul,2022-08-03T15:00:00+00,true
CLI-00003454,Cliente Sintético 3454,cliente3454@aurora.example,1994-11-26,Rio de Janeiro,RJ,Sudeste,2022-08-04T15:00:00+00,false
CLI-00003455,Cliente Sintético 3455,cliente3455@aurora.example,1995-12-27,Porto Alegre,RS,Sul,2022-08-05T15:00:00+00,true
CLI-00003456,Cliente Sintético 3456,cliente3456@aurora.example,1996-01-01,São Paulo,SP,Sudeste,2022-08-06T15:00:00+00,false
CLI-00003457,Cliente Sintético 3457,cliente3457@aurora.example,1997-02-02,Rio Branco,AC,Norte,2022-08-07T15:00:00+00,true
CLI-00003458,Cliente Sintético 3458,cliente3458@aurora.example,1998-03-03,Maceió,AL,Nordeste,2022-08-08T15:00:00+00,false
CLI-00003459,Cliente Sintético 3459,cliente3459@aurora.example,1999-04-04,Salvador,BA,Nordeste,2022-08-09T15:00:00+00,true
CLI-00003460,Cliente Sintético 3460,cliente3460@aurora.example,2000-05-05,Brasília,DF,Centro-Oeste,2022-08-10T15:00:00+00,false
CLI-00003461,Cliente Sintético 3461,cliente3461@aurora.example,2001-06-06,Belo Horizonte,MG,Sudeste,2022-08-11T15:00:00+00,true
CLI-00003462,Cliente Sintético 3462,cliente3462@aurora.example,2002-07-07,Curitiba,PR,Sul,2022-08-12T15:00:00+00,false
CLI-00003463,Cliente Sintético 3463,cliente3463@aurora.example,2003-08-08,Rio de Janeiro,RJ,Sudeste,2022-08-13T15:00:00+00,true
CLI-00003464,Cliente Sintético 3464,cliente3464@aurora.example,2004-09-09,Porto Alegre,RS,Sul,2022-08-14T15:00:00+00,false
CLI-00003465,Cliente Sintético 3465,cliente3465@aurora.example,2005-10-10,São Paulo,SP,Sudeste,2022-08-15T15:00:00+00,true
CLI-00003466,Cliente Sintético 3466,cliente3466@aurora.example,2006-11-11,Rio Branco,AC,Norte,2022-08-16T15:00:00+00,false
CLI-00003467,Cliente Sintético 3467,cliente3467@aurora.example,2007-12-12,Maceió,AL,Nordeste,2022-08-17T15:00:00+00,true
CLI-00003468,Cliente Sintético 3468,cliente3468@aurora.example,1940-01-13,Salvador,BA,Nordeste,2022-08-18T15:00:00+00,false
CLI-00003469,Cliente Sintético 3469,cliente3469@aurora.example,1941-02-14,Brasília,DF,Centro-Oeste,2022-08-19T15:00:00+00,true
CLI-00003470,Cliente Sintético 3470,cliente3470@aurora.example,1942-03-15,Belo Horizonte,MG,Sudeste,2022-08-20T15:00:00+00,false
CLI-00003471,Cliente Sintético 3471,cliente3471@aurora.example,1943-04-16,Curitiba,PR,Sul,2022-08-21T15:00:00+00,true
CLI-00003472,Cliente Sintético 3472,cliente3472@aurora.example,1944-05-17,Rio de Janeiro,RJ,Sudeste,2022-08-22T15:00:00+00,false
CLI-00003473,Cliente Sintético 3473,cliente3473@aurora.example,1945-06-18,Porto Alegre,RS,Sul,2022-08-23T15:00:00+00,true
CLI-00003474,Cliente Sintético 3474,cliente3474@aurora.example,1946-07-19,São Paulo,SP,Sudeste,2022-08-24T15:00:00+00,false
CLI-00003475,Cliente Sintético 3475,cliente3475@aurora.example,1947-08-20,Rio Branco,AC,Norte,2022-08-25T15:00:00+00,true
CLI-00003476,Cliente Sintético 3476,cliente3476@aurora.example,1948-09-21,Maceió,AL,Nordeste,2022-08-26T15:00:00+00,false
CLI-00003477,Cliente Sintético 3477,cliente3477@aurora.example,1949-10-22,Salvador,BA,Nordeste,2022-08-27T15:00:00+00,true
CLI-00003478,Cliente Sintético 3478,cliente3478@aurora.example,1950-11-23,Brasília,DF,Centro-Oeste,2022-08-28T15:00:00+00,false
CLI-00003479,Cliente Sintético 3479,cliente3479@aurora.example,1951-12-24,Belo Horizonte,MG,Sudeste,2022-08-29T15:00:00+00,true
CLI-00003480,Cliente Sintético 3480,cliente3480@aurora.example,1952-01-25,Curitiba,PR,Sul,2022-08-30T15:00:00+00,false
CLI-00003481,Cliente Sintético 3481,cliente3481@aurora.example,1953-02-26,Rio de Janeiro,RJ,Sudeste,2022-08-31T15:00:00+00,true
CLI-00003482,Cliente Sintético 3482,cliente3482@aurora.example,1954-03-27,Porto Alegre,RS,Sul,2022-09-01T15:00:00+00,false
CLI-00003483,Cliente Sintético 3483,cliente3483@aurora.example,1955-04-01,São Paulo,SP,Sudeste,2022-09-02T15:00:00+00,true
CLI-00003484,Cliente Sintético 3484,cliente3484@aurora.example,1956-05-02,Rio Branco,AC,Norte,2022-09-03T15:00:00+00,false
CLI-00003485,Cliente Sintético 3485,cliente3485@aurora.example,1957-06-03,Maceió,AL,Nordeste,2022-09-04T15:00:00+00,true
CLI-00003486,Cliente Sintético 3486,cliente3486@aurora.example,1958-07-04,Salvador,BA,Nordeste,2022-09-05T15:00:00+00,false
CLI-00003487,Cliente Sintético 3487,cliente3487@aurora.example,1959-08-05,Brasília,DF,Centro-Oeste,2022-09-06T15:00:00+00,true
CLI-00003488,Cliente Sintético 3488,cliente3488@aurora.example,1960-09-06,Belo Horizonte,MG,Sudeste,2022-09-07T15:00:00+00,false
CLI-00003489,Cliente Sintético 3489,cliente3489@aurora.example,1961-10-07,Curitiba,PR,Sul,2022-09-08T15:00:00+00,true
CLI-00003490,Cliente Sintético 3490,cliente3490@aurora.example,1962-11-08,Rio de Janeiro,RJ,Sudeste,2022-09-09T15:00:00+00,false
CLI-00003491,Cliente Sintético 3491,cliente3491@aurora.example,1963-12-09,Porto Alegre,RS,Sul,2022-09-10T15:00:00+00,true
CLI-00003492,Cliente Sintético 3492,cliente3492@aurora.example,1964-01-10,São Paulo,SP,Sudeste,2022-09-11T15:00:00+00,false
CLI-00003493,Cliente Sintético 3493,cliente3493@aurora.example,1965-02-11,Rio Branco,AC,Norte,2022-09-12T15:00:00+00,true
CLI-00003494,Cliente Sintético 3494,cliente3494@aurora.example,1966-03-12,Maceió,AL,Nordeste,2022-09-13T15:00:00+00,false
CLI-00003495,Cliente Sintético 3495,cliente3495@aurora.example,1967-04-13,Salvador,BA,Nordeste,2022-09-14T15:00:00+00,true
CLI-00003496,Cliente Sintético 3496,cliente3496@aurora.example,1968-05-14,Brasília,DF,Centro-Oeste,2022-09-15T15:00:00+00,false
CLI-00003497,Cliente Sintético 3497,cliente3497@aurora.example,1969-06-15,Belo Horizonte,MG,Sudeste,2022-09-16T15:00:00+00,true
CLI-00003498,Cliente Sintético 3498,cliente3498@aurora.example,1970-07-16,Curitiba,PR,Sul,2022-09-17T15:00:00+00,false
CLI-00003499,Cliente Sintético 3499,cliente3499@aurora.example,1971-08-17,Rio de Janeiro,RJ,Sudeste,2022-09-18T15:00:00+00,true
CLI-00003500,Cliente Sintético 3500,cliente3500@aurora.example,1972-09-18,Porto Alegre,RS,Sul,2022-09-19T15:00:00+00,false
CLI-00003501,Cliente Sintético 3501,cliente3501@aurora.example,1973-10-19,São Paulo,SP,Sudeste,2022-09-20T15:00:00+00,true
CLI-00003502,Cliente Sintético 3502,cliente3502@aurora.example,1974-11-20,Rio Branco,AC,Norte,2022-09-21T15:00:00+00,false
CLI-00003503,Cliente Sintético 3503,cliente3503@aurora.example,1975-12-21,Maceió,AL,Nordeste,2022-09-22T15:00:00+00,true
CLI-00003504,Cliente Sintético 3504,cliente3504@aurora.example,1976-01-22,Salvador,BA,Nordeste,2022-09-23T15:00:00+00,false
CLI-00003505,Cliente Sintético 3505,cliente3505@aurora.example,1977-02-23,Brasília,DF,Centro-Oeste,2022-09-24T15:00:00+00,true
CLI-00003506,Cliente Sintético 3506,cliente3506@aurora.example,1978-03-24,Belo Horizonte,MG,Sudeste,2022-09-25T15:00:00+00,false
CLI-00003507,Cliente Sintético 3507,cliente3507@aurora.example,1979-04-25,Curitiba,PR,Sul,2022-09-26T15:00:00+00,true
CLI-00003508,Cliente Sintético 3508,cliente3508@aurora.example,1980-05-26,Rio de Janeiro,RJ,Sudeste,2022-09-27T15:00:00+00,false
CLI-00003509,Cliente Sintético 3509,cliente3509@aurora.example,1981-06-27,Porto Alegre,RS,Sul,2022-09-28T15:00:00+00,true
CLI-00003510,Cliente Sintético 3510,cliente3510@aurora.example,1982-07-01,São Paulo,SP,Sudeste,2022-09-29T15:00:00+00,false
CLI-00003511,Cliente Sintético 3511,cliente3511@aurora.example,1983-08-02,Rio Branco,AC,Norte,2022-09-30T15:00:00+00,true
CLI-00003512,Cliente Sintético 3512,cliente3512@aurora.example,1984-09-03,Maceió,AL,Nordeste,2022-10-01T15:00:00+00,false
CLI-00003513,Cliente Sintético 3513,cliente3513@aurora.example,1985-10-04,Salvador,BA,Nordeste,2022-10-02T15:00:00+00,true
CLI-00003514,Cliente Sintético 3514,cliente3514@aurora.example,1986-11-05,Brasília,DF,Centro-Oeste,2022-10-03T15:00:00+00,false
CLI-00003515,Cliente Sintético 3515,cliente3515@aurora.example,1987-12-06,Belo Horizonte,MG,Sudeste,2022-10-04T15:00:00+00,true
CLI-00003516,Cliente Sintético 3516,cliente3516@aurora.example,1988-01-07,Curitiba,PR,Sul,2022-10-05T15:00:00+00,false
CLI-00003517,Cliente Sintético 3517,cliente3517@aurora.example,1989-02-08,Rio de Janeiro,RJ,Sudeste,2022-10-06T15:00:00+00,true
CLI-00003518,Cliente Sintético 3518,cliente3518@aurora.example,1990-03-09,Porto Alegre,RS,Sul,2022-10-07T15:00:00+00,false
CLI-00003519,Cliente Sintético 3519,cliente3519@aurora.example,1991-04-10,São Paulo,SP,Sudeste,2022-10-08T15:00:00+00,true
CLI-00003520,Cliente Sintético 3520,cliente3520@aurora.example,1992-05-11,Rio Branco,AC,Norte,2022-10-09T15:00:00+00,false
CLI-00003521,Cliente Sintético 3521,cliente3521@aurora.example,1993-06-12,Maceió,AL,Nordeste,2022-10-10T15:00:00+00,true
CLI-00003522,Cliente Sintético 3522,cliente3522@aurora.example,1994-07-13,Salvador,BA,Nordeste,2022-10-11T15:00:00+00,false
CLI-00003523,Cliente Sintético 3523,cliente3523@aurora.example,1995-08-14,Brasília,DF,Centro-Oeste,2022-10-12T15:00:00+00,true
CLI-00003524,Cliente Sintético 3524,cliente3524@aurora.example,1996-09-15,Belo Horizonte,MG,Sudeste,2022-10-13T15:00:00+00,false
CLI-00003525,Cliente Sintético 3525,cliente3525@aurora.example,1997-10-16,Curitiba,PR,Sul,2022-10-14T15:00:00+00,true
CLI-00003526,Cliente Sintético 3526,cliente3526@aurora.example,1998-11-17,Rio de Janeiro,RJ,Sudeste,2022-10-15T15:00:00+00,false
CLI-00003527,Cliente Sintético 3527,cliente3527@aurora.example,1999-12-18,Porto Alegre,RS,Sul,2022-10-16T15:00:00+00,true
CLI-00003528,Cliente Sintético 3528,cliente3528@aurora.example,2000-01-19,São Paulo,SP,Sudeste,2022-10-17T15:00:00+00,false
CLI-00003529,Cliente Sintético 3529,cliente3529@aurora.example,2001-02-20,Rio Branco,AC,Norte,2022-10-18T15:00:00+00,true
CLI-00003530,Cliente Sintético 3530,cliente3530@aurora.example,2002-03-21,Maceió,AL,Nordeste,2022-10-19T15:00:00+00,false
CLI-00003531,Cliente Sintético 3531,cliente3531@aurora.example,2003-04-22,Salvador,BA,Nordeste,2022-10-20T15:00:00+00,true
CLI-00003532,Cliente Sintético 3532,cliente3532@aurora.example,2004-05-23,Brasília,DF,Centro-Oeste,2022-10-21T15:00:00+00,false
CLI-00003533,Cliente Sintético 3533,cliente3533@aurora.example,2005-06-24,Belo Horizonte,MG,Sudeste,2022-10-22T15:00:00+00,true
CLI-00003534,Cliente Sintético 3534,cliente3534@aurora.example,2006-07-25,Curitiba,PR,Sul,2022-10-23T15:00:00+00,false
CLI-00003535,Cliente Sintético 3535,cliente3535@aurora.example,2007-08-26,Rio de Janeiro,RJ,Sudeste,2022-10-24T15:00:00+00,true
CLI-00003536,Cliente Sintético 3536,cliente3536@aurora.example,1940-09-27,Porto Alegre,RS,Sul,2022-10-25T15:00:00+00,false
CLI-00003537,Cliente Sintético 3537,cliente3537@aurora.example,1941-10-01,São Paulo,SP,Sudeste,2022-10-26T15:00:00+00,true
CLI-00003538,Cliente Sintético 3538,cliente3538@aurora.example,1942-11-02,Rio Branco,AC,Norte,2022-10-27T15:00:00+00,false
CLI-00003539,Cliente Sintético 3539,cliente3539@aurora.example,1943-12-03,Maceió,AL,Nordeste,2022-10-28T15:00:00+00,true
CLI-00003540,Cliente Sintético 3540,cliente3540@aurora.example,1944-01-04,Salvador,BA,Nordeste,2022-10-29T15:00:00+00,false
CLI-00003541,Cliente Sintético 3541,cliente3541@aurora.example,1945-02-05,Brasília,DF,Centro-Oeste,2022-10-30T15:00:00+00,true
CLI-00003542,Cliente Sintético 3542,cliente3542@aurora.example,1946-03-06,Belo Horizonte,MG,Sudeste,2022-10-31T15:00:00+00,false
CLI-00003543,Cliente Sintético 3543,cliente3543@aurora.example,1947-04-07,Curitiba,PR,Sul,2022-11-01T15:00:00+00,true
CLI-00003544,Cliente Sintético 3544,cliente3544@aurora.example,1948-05-08,Rio de Janeiro,RJ,Sudeste,2022-11-02T15:00:00+00,false
CLI-00003545,Cliente Sintético 3545,cliente3545@aurora.example,1949-06-09,Porto Alegre,RS,Sul,2022-11-03T15:00:00+00,true
CLI-00003546,Cliente Sintético 3546,cliente3546@aurora.example,1950-07-10,São Paulo,SP,Sudeste,2022-11-04T15:00:00+00,false
CLI-00003547,Cliente Sintético 3547,cliente3547@aurora.example,1951-08-11,Rio Branco,AC,Norte,2022-11-05T15:00:00+00,true
CLI-00003548,Cliente Sintético 3548,cliente3548@aurora.example,1952-09-12,Maceió,AL,Nordeste,2022-11-06T15:00:00+00,false
CLI-00003549,Cliente Sintético 3549,cliente3549@aurora.example,1953-10-13,Salvador,BA,Nordeste,2022-11-07T15:00:00+00,true
CLI-00003550,Cliente Sintético 3550,cliente3550@aurora.example,1954-11-14,Brasília,DF,Centro-Oeste,2022-11-08T15:00:00+00,false
CLI-00003551,Cliente Sintético 3551,cliente3551@aurora.example,1955-12-15,Belo Horizonte,MG,Sudeste,2022-11-09T15:00:00+00,true
CLI-00003552,Cliente Sintético 3552,cliente3552@aurora.example,1956-01-16,Curitiba,PR,Sul,2022-11-10T15:00:00+00,false
CLI-00003553,Cliente Sintético 3553,cliente3553@aurora.example,1957-02-17,Rio de Janeiro,RJ,Sudeste,2022-11-11T15:00:00+00,true
CLI-00003554,Cliente Sintético 3554,cliente3554@aurora.example,1958-03-18,Porto Alegre,RS,Sul,2022-11-12T15:00:00+00,false
CLI-00003555,Cliente Sintético 3555,cliente3555@aurora.example,1959-04-19,São Paulo,SP,Sudeste,2022-11-13T15:00:00+00,true
CLI-00003556,Cliente Sintético 3556,cliente3556@aurora.example,1960-05-20,Rio Branco,AC,Norte,2022-11-14T15:00:00+00,false
CLI-00003557,Cliente Sintético 3557,cliente3557@aurora.example,1961-06-21,Maceió,AL,Nordeste,2022-11-15T15:00:00+00,true
CLI-00003558,Cliente Sintético 3558,cliente3558@aurora.example,1962-07-22,Salvador,BA,Nordeste,2022-11-16T15:00:00+00,false
CLI-00003559,Cliente Sintético 3559,cliente3559@aurora.example,1963-08-23,Brasília,DF,Centro-Oeste,2022-11-17T15:00:00+00,true
CLI-00003560,Cliente Sintético 3560,cliente3560@aurora.example,1964-09-24,Belo Horizonte,MG,Sudeste,2022-11-18T15:00:00+00,false
CLI-00003561,Cliente Sintético 3561,cliente3561@aurora.example,1965-10-25,Curitiba,PR,Sul,2022-11-19T15:00:00+00,true
CLI-00003562,Cliente Sintético 3562,cliente3562@aurora.example,1966-11-26,Rio de Janeiro,RJ,Sudeste,2022-11-20T15:00:00+00,false
CLI-00003563,Cliente Sintético 3563,cliente3563@aurora.example,1967-12-27,Porto Alegre,RS,Sul,2022-11-21T15:00:00+00,true
CLI-00003564,Cliente Sintético 3564,cliente3564@aurora.example,1968-01-01,São Paulo,SP,Sudeste,2022-11-22T15:00:00+00,false
CLI-00003565,Cliente Sintético 3565,cliente3565@aurora.example,1969-02-02,Rio Branco,AC,Norte,2022-11-23T15:00:00+00,true
CLI-00003566,Cliente Sintético 3566,cliente3566@aurora.example,1970-03-03,Maceió,AL,Nordeste,2022-11-24T15:00:00+00,false
CLI-00003567,Cliente Sintético 3567,cliente3567@aurora.example,1971-04-04,Salvador,BA,Nordeste,2022-11-25T15:00:00+00,true
CLI-00003568,Cliente Sintético 3568,cliente3568@aurora.example,1972-05-05,Brasília,DF,Centro-Oeste,2022-11-26T15:00:00+00,false
CLI-00003569,Cliente Sintético 3569,cliente3569@aurora.example,1973-06-06,Belo Horizonte,MG,Sudeste,2022-11-27T15:00:00+00,true
CLI-00003570,Cliente Sintético 3570,cliente3570@aurora.example,1974-07-07,Curitiba,PR,Sul,2022-11-28T15:00:00+00,false
CLI-00003571,Cliente Sintético 3571,cliente3571@aurora.example,1975-08-08,Rio de Janeiro,RJ,Sudeste,2022-11-29T15:00:00+00,true
CLI-00003572,Cliente Sintético 3572,cliente3572@aurora.example,1976-09-09,Porto Alegre,RS,Sul,2022-11-30T15:00:00+00,false
CLI-00003573,Cliente Sintético 3573,cliente3573@aurora.example,1977-10-10,São Paulo,SP,Sudeste,2022-12-01T15:00:00+00,true
CLI-00003574,Cliente Sintético 3574,cliente3574@aurora.example,1978-11-11,Rio Branco,AC,Norte,2022-12-02T15:00:00+00,false
CLI-00003575,Cliente Sintético 3575,cliente3575@aurora.example,1979-12-12,Maceió,AL,Nordeste,2022-12-03T15:00:00+00,true
CLI-00003576,Cliente Sintético 3576,cliente3576@aurora.example,1980-01-13,Salvador,BA,Nordeste,2022-12-04T15:00:00+00,false
CLI-00003577,Cliente Sintético 3577,cliente3577@aurora.example,1981-02-14,Brasília,DF,Centro-Oeste,2022-12-05T15:00:00+00,true
CLI-00003578,Cliente Sintético 3578,cliente3578@aurora.example,1982-03-15,Belo Horizonte,MG,Sudeste,2022-12-06T15:00:00+00,false
CLI-00003579,Cliente Sintético 3579,cliente3579@aurora.example,1983-04-16,Curitiba,PR,Sul,2022-12-07T15:00:00+00,true
CLI-00003580,Cliente Sintético 3580,cliente3580@aurora.example,1984-05-17,Rio de Janeiro,RJ,Sudeste,2022-12-08T15:00:00+00,false
CLI-00003581,Cliente Sintético 3581,cliente3581@aurora.example,1985-06-18,Porto Alegre,RS,Sul,2022-12-09T15:00:00+00,true
CLI-00003582,Cliente Sintético 3582,cliente3582@aurora.example,1986-07-19,São Paulo,SP,Sudeste,2022-12-10T15:00:00+00,false
CLI-00003583,Cliente Sintético 3583,cliente3583@aurora.example,1987-08-20,Rio Branco,AC,Norte,2022-12-11T15:00:00+00,true
CLI-00003584,Cliente Sintético 3584,cliente3584@aurora.example,1988-09-21,Maceió,AL,Nordeste,2022-12-12T15:00:00+00,false
CLI-00003585,Cliente Sintético 3585,cliente3585@aurora.example,1989-10-22,Salvador,BA,Nordeste,2022-12-13T15:00:00+00,true
CLI-00003586,Cliente Sintético 3586,cliente3586@aurora.example,1990-11-23,Brasília,DF,Centro-Oeste,2022-12-14T15:00:00+00,false
CLI-00003587,Cliente Sintético 3587,cliente3587@aurora.example,1991-12-24,Belo Horizonte,MG,Sudeste,2022-12-15T15:00:00+00,true
CLI-00003588,Cliente Sintético 3588,cliente3588@aurora.example,1992-01-25,Curitiba,PR,Sul,2022-12-16T15:00:00+00,false
CLI-00003589,Cliente Sintético 3589,cliente3589@aurora.example,1993-02-26,Rio de Janeiro,RJ,Sudeste,2022-12-17T15:00:00+00,true
CLI-00003590,Cliente Sintético 3590,cliente3590@aurora.example,1994-03-27,Porto Alegre,RS,Sul,2022-12-18T15:00:00+00,false
CLI-00003591,Cliente Sintético 3591,cliente3591@aurora.example,1995-04-01,São Paulo,SP,Sudeste,2022-12-19T15:00:00+00,true
CLI-00003592,Cliente Sintético 3592,cliente3592@aurora.example,1996-05-02,Rio Branco,AC,Norte,2022-12-20T15:00:00+00,false
CLI-00003593,Cliente Sintético 3593,cliente3593@aurora.example,1997-06-03,Maceió,AL,Nordeste,2022-12-21T15:00:00+00,true
CLI-00003594,Cliente Sintético 3594,cliente3594@aurora.example,1998-07-04,Salvador,BA,Nordeste,2022-12-22T15:00:00+00,false
CLI-00003595,Cliente Sintético 3595,cliente3595@aurora.example,1999-08-05,Brasília,DF,Centro-Oeste,2022-12-23T15:00:00+00,true
CLI-00003596,Cliente Sintético 3596,cliente3596@aurora.example,2000-09-06,Belo Horizonte,MG,Sudeste,2022-12-24T15:00:00+00,false
CLI-00003597,Cliente Sintético 3597,cliente3597@aurora.example,2001-10-07,Curitiba,PR,Sul,2022-12-25T15:00:00+00,true
CLI-00003598,Cliente Sintético 3598,cliente3598@aurora.example,2002-11-08,Rio de Janeiro,RJ,Sudeste,2022-12-26T15:00:00+00,false
CLI-00003599,Cliente Sintético 3599,cliente3599@aurora.example,2003-12-09,Porto Alegre,RS,Sul,2022-12-27T15:00:00+00,true
CLI-00003600,Cliente Sintético 3600,cliente3600@aurora.example,2004-01-10,São Paulo,SP,Sudeste,2022-07-01T15:00:00+00,false
CLI-00003601,Cliente Sintético 3601,cliente3601@aurora.example,2005-02-11,Rio Branco,AC,Norte,2022-07-02T15:00:00+00,true
CLI-00003602,Cliente Sintético 3602,cliente3602@aurora.example,2006-03-12,Maceió,AL,Nordeste,2022-07-03T15:00:00+00,false
CLI-00003603,Cliente Sintético 3603,cliente3603@aurora.example,2007-04-13,Salvador,BA,Nordeste,2022-07-04T15:00:00+00,true
CLI-00003604,Cliente Sintético 3604,cliente3604@aurora.example,1940-05-14,Brasília,DF,Centro-Oeste,2022-07-05T15:00:00+00,false
CLI-00003605,Cliente Sintético 3605,cliente3605@aurora.example,1941-06-15,Belo Horizonte,MG,Sudeste,2022-07-06T15:00:00+00,true
CLI-00003606,Cliente Sintético 3606,cliente3606@aurora.example,1942-07-16,Curitiba,PR,Sul,2022-07-07T15:00:00+00,false
CLI-00003607,Cliente Sintético 3607,cliente3607@aurora.example,1943-08-17,Rio de Janeiro,RJ,Sudeste,2022-07-08T15:00:00+00,true
CLI-00003608,Cliente Sintético 3608,cliente3608@aurora.example,1944-09-18,Porto Alegre,RS,Sul,2022-07-09T15:00:00+00,false
CLI-00003609,Cliente Sintético 3609,cliente3609@aurora.example,1945-10-19,São Paulo,SP,Sudeste,2022-07-10T15:00:00+00,true
CLI-00003610,Cliente Sintético 3610,cliente3610@aurora.example,1946-11-20,Rio Branco,AC,Norte,2022-07-11T15:00:00+00,false
CLI-00003611,Cliente Sintético 3611,cliente3611@aurora.example,1947-12-21,Maceió,AL,Nordeste,2022-07-12T15:00:00+00,true
CLI-00003612,Cliente Sintético 3612,cliente3612@aurora.example,1948-01-22,Salvador,BA,Nordeste,2022-07-13T15:00:00+00,false
CLI-00003613,Cliente Sintético 3613,cliente3613@aurora.example,1949-02-23,Brasília,DF,Centro-Oeste,2022-07-14T15:00:00+00,true
CLI-00003614,Cliente Sintético 3614,cliente3614@aurora.example,1950-03-24,Belo Horizonte,MG,Sudeste,2022-07-15T15:00:00+00,false
CLI-00003615,Cliente Sintético 3615,cliente3615@aurora.example,1951-04-25,Curitiba,PR,Sul,2022-07-16T15:00:00+00,true
CLI-00003616,Cliente Sintético 3616,cliente3616@aurora.example,1952-05-26,Rio de Janeiro,RJ,Sudeste,2022-07-17T15:00:00+00,false
CLI-00003617,Cliente Sintético 3617,cliente3617@aurora.example,1953-06-27,Porto Alegre,RS,Sul,2022-07-18T15:00:00+00,true
CLI-00003618,Cliente Sintético 3618,cliente3618@aurora.example,1954-07-01,São Paulo,SP,Sudeste,2022-07-19T15:00:00+00,false
CLI-00003619,Cliente Sintético 3619,cliente3619@aurora.example,1955-08-02,Rio Branco,AC,Norte,2022-07-20T15:00:00+00,true
CLI-00003620,Cliente Sintético 3620,cliente3620@aurora.example,1956-09-03,Maceió,AL,Nordeste,2022-07-21T15:00:00+00,false
CLI-00003621,Cliente Sintético 3621,cliente3621@aurora.example,1957-10-04,Salvador,BA,Nordeste,2022-07-22T15:00:00+00,true
CLI-00003622,Cliente Sintético 3622,cliente3622@aurora.example,1958-11-05,Brasília,DF,Centro-Oeste,2022-07-23T15:00:00+00,false
CLI-00003623,Cliente Sintético 3623,cliente3623@aurora.example,1959-12-06,Belo Horizonte,MG,Sudeste,2022-07-24T15:00:00+00,true
CLI-00003624,Cliente Sintético 3624,cliente3624@aurora.example,1960-01-07,Curitiba,PR,Sul,2022-07-25T15:00:00+00,false
CLI-00003625,Cliente Sintético 3625,cliente3625@aurora.example,1961-02-08,Rio de Janeiro,RJ,Sudeste,2022-07-26T15:00:00+00,true
CLI-00003626,Cliente Sintético 3626,cliente3626@aurora.example,1962-03-09,Porto Alegre,RS,Sul,2022-07-27T15:00:00+00,false
CLI-00003627,Cliente Sintético 3627,cliente3627@aurora.example,1963-04-10,São Paulo,SP,Sudeste,2022-07-28T15:00:00+00,true
CLI-00003628,Cliente Sintético 3628,cliente3628@aurora.example,1964-05-11,Rio Branco,AC,Norte,2022-07-29T15:00:00+00,false
CLI-00003629,Cliente Sintético 3629,cliente3629@aurora.example,1965-06-12,Maceió,AL,Nordeste,2022-07-30T15:00:00+00,true
CLI-00003630,Cliente Sintético 3630,cliente3630@aurora.example,1966-07-13,Salvador,BA,Nordeste,2022-07-31T15:00:00+00,false
CLI-00003631,Cliente Sintético 3631,cliente3631@aurora.example,1967-08-14,Brasília,DF,Centro-Oeste,2022-08-01T15:00:00+00,true
CLI-00003632,Cliente Sintético 3632,cliente3632@aurora.example,1968-09-15,Belo Horizonte,MG,Sudeste,2022-08-02T15:00:00+00,false
CLI-00003633,Cliente Sintético 3633,cliente3633@aurora.example,1969-10-16,Curitiba,PR,Sul,2022-08-03T15:00:00+00,true
CLI-00003634,Cliente Sintético 3634,cliente3634@aurora.example,1970-11-17,Rio de Janeiro,RJ,Sudeste,2022-08-04T15:00:00+00,false
CLI-00003635,Cliente Sintético 3635,cliente3635@aurora.example,1971-12-18,Porto Alegre,RS,Sul,2022-08-05T15:00:00+00,true
CLI-00003636,Cliente Sintético 3636,cliente3636@aurora.example,1972-01-19,São Paulo,SP,Sudeste,2022-08-06T15:00:00+00,false
CLI-00003637,Cliente Sintético 3637,cliente3637@aurora.example,1973-02-20,Rio Branco,AC,Norte,2022-08-07T15:00:00+00,true
CLI-00003638,Cliente Sintético 3638,cliente3638@aurora.example,1974-03-21,Maceió,AL,Nordeste,2022-08-08T15:00:00+00,false
CLI-00003639,Cliente Sintético 3639,cliente3639@aurora.example,1975-04-22,Salvador,BA,Nordeste,2022-08-09T15:00:00+00,true
CLI-00003640,Cliente Sintético 3640,cliente3640@aurora.example,1976-05-23,Brasília,DF,Centro-Oeste,2022-08-10T15:00:00+00,false
CLI-00003641,Cliente Sintético 3641,cliente3641@aurora.example,1977-06-24,Belo Horizonte,MG,Sudeste,2022-08-11T15:00:00+00,true
CLI-00003642,Cliente Sintético 3642,cliente3642@aurora.example,1978-07-25,Curitiba,PR,Sul,2022-08-12T15:00:00+00,false
CLI-00003643,Cliente Sintético 3643,cliente3643@aurora.example,1979-08-26,Rio de Janeiro,RJ,Sudeste,2022-08-13T15:00:00+00,true
CLI-00003644,Cliente Sintético 3644,cliente3644@aurora.example,1980-09-27,Porto Alegre,RS,Sul,2022-08-14T15:00:00+00,false
CLI-00003645,Cliente Sintético 3645,cliente3645@aurora.example,1981-10-01,São Paulo,SP,Sudeste,2022-08-15T15:00:00+00,true
CLI-00003646,Cliente Sintético 3646,cliente3646@aurora.example,1982-11-02,Rio Branco,AC,Norte,2022-08-16T15:00:00+00,false
CLI-00003647,Cliente Sintético 3647,cliente3647@aurora.example,1983-12-03,Maceió,AL,Nordeste,2022-08-17T15:00:00+00,true
CLI-00003648,Cliente Sintético 3648,cliente3648@aurora.example,1984-01-04,Salvador,BA,Nordeste,2022-08-18T15:00:00+00,false
CLI-00003649,Cliente Sintético 3649,cliente3649@aurora.example,1985-02-05,Brasília,DF,Centro-Oeste,2022-08-19T15:00:00+00,true
CLI-00003650,Cliente Sintético 3650,cliente3650@aurora.example,1986-03-06,Belo Horizonte,MG,Sudeste,2022-08-20T15:00:00+00,false
CLI-00003651,Cliente Sintético 3651,cliente3651@aurora.example,1987-04-07,Curitiba,PR,Sul,2022-08-21T15:00:00+00,true
CLI-00003652,Cliente Sintético 3652,cliente3652@aurora.example,1988-05-08,Rio de Janeiro,RJ,Sudeste,2022-08-22T15:00:00+00,false
CLI-00003653,Cliente Sintético 3653,cliente3653@aurora.example,1989-06-09,Porto Alegre,RS,Sul,2022-08-23T15:00:00+00,true
CLI-00003654,Cliente Sintético 3654,cliente3654@aurora.example,1990-07-10,São Paulo,SP,Sudeste,2022-08-24T15:00:00+00,false
CLI-00003655,Cliente Sintético 3655,cliente3655@aurora.example,1991-08-11,Rio Branco,AC,Norte,2022-08-25T15:00:00+00,true
CLI-00003656,Cliente Sintético 3656,cliente3656@aurora.example,1992-09-12,Maceió,AL,Nordeste,2022-08-26T15:00:00+00,false
CLI-00003657,Cliente Sintético 3657,cliente3657@aurora.example,1993-10-13,Salvador,BA,Nordeste,2022-08-27T15:00:00+00,true
CLI-00003658,Cliente Sintético 3658,cliente3658@aurora.example,1994-11-14,Brasília,DF,Centro-Oeste,2022-08-28T15:00:00+00,false
CLI-00003659,Cliente Sintético 3659,cliente3659@aurora.example,1995-12-15,Belo Horizonte,MG,Sudeste,2022-08-29T15:00:00+00,true
CLI-00003660,Cliente Sintético 3660,cliente3660@aurora.example,1996-01-16,Curitiba,PR,Sul,2022-08-30T15:00:00+00,false
CLI-00003661,Cliente Sintético 3661,cliente3661@aurora.example,1997-02-17,Rio de Janeiro,RJ,Sudeste,2022-08-31T15:00:00+00,true
CLI-00003662,Cliente Sintético 3662,cliente3662@aurora.example,1998-03-18,Porto Alegre,RS,Sul,2022-09-01T15:00:00+00,false
CLI-00003663,Cliente Sintético 3663,cliente3663@aurora.example,1999-04-19,São Paulo,SP,Sudeste,2022-09-02T15:00:00+00,true
CLI-00003664,Cliente Sintético 3664,cliente3664@aurora.example,2000-05-20,Rio Branco,AC,Norte,2022-09-03T15:00:00+00,false
CLI-00003665,Cliente Sintético 3665,cliente3665@aurora.example,2001-06-21,Maceió,AL,Nordeste,2022-09-04T15:00:00+00,true
CLI-00003666,Cliente Sintético 3666,cliente3666@aurora.example,2002-07-22,Salvador,BA,Nordeste,2022-09-05T15:00:00+00,false
CLI-00003667,Cliente Sintético 3667,cliente3667@aurora.example,2003-08-23,Brasília,DF,Centro-Oeste,2022-09-06T15:00:00+00,true
CLI-00003668,Cliente Sintético 3668,cliente3668@aurora.example,2004-09-24,Belo Horizonte,MG,Sudeste,2022-09-07T15:00:00+00,false
CLI-00003669,Cliente Sintético 3669,cliente3669@aurora.example,2005-10-25,Curitiba,PR,Sul,2022-09-08T15:00:00+00,true
CLI-00003670,Cliente Sintético 3670,cliente3670@aurora.example,2006-11-26,Rio de Janeiro,RJ,Sudeste,2022-09-09T15:00:00+00,false
CLI-00003671,Cliente Sintético 3671,cliente3671@aurora.example,2007-12-27,Porto Alegre,RS,Sul,2022-09-10T15:00:00+00,true
CLI-00003672,Cliente Sintético 3672,cliente3672@aurora.example,1940-01-01,São Paulo,SP,Sudeste,2022-09-11T15:00:00+00,false
CLI-00003673,Cliente Sintético 3673,cliente3673@aurora.example,1941-02-02,Rio Branco,AC,Norte,2022-09-12T15:00:00+00,true
CLI-00003674,Cliente Sintético 3674,cliente3674@aurora.example,1942-03-03,Maceió,AL,Nordeste,2022-09-13T15:00:00+00,false
CLI-00003675,Cliente Sintético 3675,cliente3675@aurora.example,1943-04-04,Salvador,BA,Nordeste,2022-09-14T15:00:00+00,true
CLI-00003676,Cliente Sintético 3676,cliente3676@aurora.example,1944-05-05,Brasília,DF,Centro-Oeste,2022-09-15T15:00:00+00,false
CLI-00003677,Cliente Sintético 3677,cliente3677@aurora.example,1945-06-06,Belo Horizonte,MG,Sudeste,2022-09-16T15:00:00+00,true
CLI-00003678,Cliente Sintético 3678,cliente3678@aurora.example,1946-07-07,Curitiba,PR,Sul,2022-09-17T15:00:00+00,false
CLI-00003679,Cliente Sintético 3679,cliente3679@aurora.example,1947-08-08,Rio de Janeiro,RJ,Sudeste,2022-09-18T15:00:00+00,true
CLI-00003680,Cliente Sintético 3680,cliente3680@aurora.example,1948-09-09,Porto Alegre,RS,Sul,2022-09-19T15:00:00+00,false
CLI-00003681,Cliente Sintético 3681,cliente3681@aurora.example,1949-10-10,São Paulo,SP,Sudeste,2022-09-20T15:00:00+00,true
CLI-00003682,Cliente Sintético 3682,cliente3682@aurora.example,1950-11-11,Rio Branco,AC,Norte,2022-09-21T15:00:00+00,false
CLI-00003683,Cliente Sintético 3683,cliente3683@aurora.example,1951-12-12,Maceió,AL,Nordeste,2022-09-22T15:00:00+00,true
CLI-00003684,Cliente Sintético 3684,cliente3684@aurora.example,1952-01-13,Salvador,BA,Nordeste,2022-09-23T15:00:00+00,false
CLI-00003685,Cliente Sintético 3685,cliente3685@aurora.example,1953-02-14,Brasília,DF,Centro-Oeste,2022-09-24T15:00:00+00,true
CLI-00003686,Cliente Sintético 3686,cliente3686@aurora.example,1954-03-15,Belo Horizonte,MG,Sudeste,2022-09-25T15:00:00+00,false
CLI-00003687,Cliente Sintético 3687,cliente3687@aurora.example,1955-04-16,Curitiba,PR,Sul,2022-09-26T15:00:00+00,true
CLI-00003688,Cliente Sintético 3688,cliente3688@aurora.example,1956-05-17,Rio de Janeiro,RJ,Sudeste,2022-09-27T15:00:00+00,false
CLI-00003689,Cliente Sintético 3689,cliente3689@aurora.example,1957-06-18,Porto Alegre,RS,Sul,2022-09-28T15:00:00+00,true
CLI-00003690,Cliente Sintético 3690,cliente3690@aurora.example,1958-07-19,São Paulo,SP,Sudeste,2022-09-29T15:00:00+00,false
CLI-00003691,Cliente Sintético 3691,cliente3691@aurora.example,1959-08-20,Rio Branco,AC,Norte,2022-09-30T15:00:00+00,true
CLI-00003692,Cliente Sintético 3692,cliente3692@aurora.example,1960-09-21,Maceió,AL,Nordeste,2022-10-01T15:00:00+00,false
CLI-00003693,Cliente Sintético 3693,cliente3693@aurora.example,1961-10-22,Salvador,BA,Nordeste,2022-10-02T15:00:00+00,true
CLI-00003694,Cliente Sintético 3694,cliente3694@aurora.example,1962-11-23,Brasília,DF,Centro-Oeste,2022-10-03T15:00:00+00,false
CLI-00003695,Cliente Sintético 3695,cliente3695@aurora.example,1963-12-24,Belo Horizonte,MG,Sudeste,2022-10-04T15:00:00+00,true
CLI-00003696,Cliente Sintético 3696,cliente3696@aurora.example,1964-01-25,Curitiba,PR,Sul,2022-10-05T15:00:00+00,false
CLI-00003697,Cliente Sintético 3697,cliente3697@aurora.example,1965-02-26,Rio de Janeiro,RJ,Sudeste,2022-10-06T15:00:00+00,true
CLI-00003698,Cliente Sintético 3698,cliente3698@aurora.example,1966-03-27,Porto Alegre,RS,Sul,2022-10-07T15:00:00+00,false
CLI-00003699,Cliente Sintético 3699,cliente3699@aurora.example,1967-04-01,São Paulo,SP,Sudeste,2022-10-08T15:00:00+00,true
CLI-00003700,Cliente Sintético 3700,cliente3700@aurora.example,1968-05-02,Rio Branco,AC,Norte,2022-10-09T15:00:00+00,false
CLI-00003701,Cliente Sintético 3701,cliente3701@aurora.example,1969-06-03,Maceió,AL,Nordeste,2022-10-10T15:00:00+00,true
CLI-00003702,Cliente Sintético 3702,cliente3702@aurora.example,1970-07-04,Salvador,BA,Nordeste,2022-10-11T15:00:00+00,false
CLI-00003703,Cliente Sintético 3703,cliente3703@aurora.example,1971-08-05,Brasília,DF,Centro-Oeste,2022-10-12T15:00:00+00,true
CLI-00003704,Cliente Sintético 3704,cliente3704@aurora.example,1972-09-06,Belo Horizonte,MG,Sudeste,2022-10-13T15:00:00+00,false
CLI-00003705,Cliente Sintético 3705,cliente3705@aurora.example,1973-10-07,Curitiba,PR,Sul,2022-10-14T15:00:00+00,true
CLI-00003706,Cliente Sintético 3706,cliente3706@aurora.example,1974-11-08,Rio de Janeiro,RJ,Sudeste,2022-10-15T15:00:00+00,false
CLI-00003707,Cliente Sintético 3707,cliente3707@aurora.example,1975-12-09,Porto Alegre,RS,Sul,2022-10-16T15:00:00+00,true
CLI-00003708,Cliente Sintético 3708,cliente3708@aurora.example,1976-01-10,São Paulo,SP,Sudeste,2022-10-17T15:00:00+00,false
CLI-00003709,Cliente Sintético 3709,cliente3709@aurora.example,1977-02-11,Rio Branco,AC,Norte,2022-10-18T15:00:00+00,true
CLI-00003710,Cliente Sintético 3710,cliente3710@aurora.example,1978-03-12,Maceió,AL,Nordeste,2022-10-19T15:00:00+00,false
CLI-00003711,Cliente Sintético 3711,cliente3711@aurora.example,1979-04-13,Salvador,BA,Nordeste,2022-10-20T15:00:00+00,true
CLI-00003712,Cliente Sintético 3712,cliente3712@aurora.example,1980-05-14,Brasília,DF,Centro-Oeste,2022-10-21T15:00:00+00,false
CLI-00003713,Cliente Sintético 3713,cliente3713@aurora.example,1981-06-15,Belo Horizonte,MG,Sudeste,2022-10-22T15:00:00+00,true
CLI-00003714,Cliente Sintético 3714,cliente3714@aurora.example,1982-07-16,Curitiba,PR,Sul,2022-10-23T15:00:00+00,false
CLI-00003715,Cliente Sintético 3715,cliente3715@aurora.example,1983-08-17,Rio de Janeiro,RJ,Sudeste,2022-10-24T15:00:00+00,true
CLI-00003716,Cliente Sintético 3716,cliente3716@aurora.example,1984-09-18,Porto Alegre,RS,Sul,2022-10-25T15:00:00+00,false
CLI-00003717,Cliente Sintético 3717,cliente3717@aurora.example,1985-10-19,São Paulo,SP,Sudeste,2022-10-26T15:00:00+00,true
CLI-00003718,Cliente Sintético 3718,cliente3718@aurora.example,1986-11-20,Rio Branco,AC,Norte,2022-10-27T15:00:00+00,false
CLI-00003719,Cliente Sintético 3719,cliente3719@aurora.example,1987-12-21,Maceió,AL,Nordeste,2022-10-28T15:00:00+00,true
CLI-00003720,Cliente Sintético 3720,cliente3720@aurora.example,1988-01-22,Salvador,BA,Nordeste,2022-10-29T15:00:00+00,false
CLI-00003721,Cliente Sintético 3721,cliente3721@aurora.example,1989-02-23,Brasília,DF,Centro-Oeste,2022-10-30T15:00:00+00,true
CLI-00003722,Cliente Sintético 3722,cliente3722@aurora.example,1990-03-24,Belo Horizonte,MG,Sudeste,2022-10-31T15:00:00+00,false
CLI-00003723,Cliente Sintético 3723,cliente3723@aurora.example,1991-04-25,Curitiba,PR,Sul,2022-11-01T15:00:00+00,true
CLI-00003724,Cliente Sintético 3724,cliente3724@aurora.example,1992-05-26,Rio de Janeiro,RJ,Sudeste,2022-11-02T15:00:00+00,false
CLI-00003725,Cliente Sintético 3725,cliente3725@aurora.example,1993-06-27,Porto Alegre,RS,Sul,2022-11-03T15:00:00+00,true
CLI-00003726,Cliente Sintético 3726,cliente3726@aurora.example,1994-07-01,São Paulo,SP,Sudeste,2022-11-04T15:00:00+00,false
CLI-00003727,Cliente Sintético 3727,cliente3727@aurora.example,1995-08-02,Rio Branco,AC,Norte,2022-11-05T15:00:00+00,true
CLI-00003728,Cliente Sintético 3728,cliente3728@aurora.example,1996-09-03,Maceió,AL,Nordeste,2022-11-06T15:00:00+00,false
CLI-00003729,Cliente Sintético 3729,cliente3729@aurora.example,1997-10-04,Salvador,BA,Nordeste,2022-11-07T15:00:00+00,true
CLI-00003730,Cliente Sintético 3730,cliente3730@aurora.example,1998-11-05,Brasília,DF,Centro-Oeste,2022-11-08T15:00:00+00,false
CLI-00003731,Cliente Sintético 3731,cliente3731@aurora.example,1999-12-06,Belo Horizonte,MG,Sudeste,2022-11-09T15:00:00+00,true
CLI-00003732,Cliente Sintético 3732,cliente3732@aurora.example,2000-01-07,Curitiba,PR,Sul,2022-11-10T15:00:00+00,false
CLI-00003733,Cliente Sintético 3733,cliente3733@aurora.example,2001-02-08,Rio de Janeiro,RJ,Sudeste,2022-11-11T15:00:00+00,true
CLI-00003734,Cliente Sintético 3734,cliente3734@aurora.example,2002-03-09,Porto Alegre,RS,Sul,2022-11-12T15:00:00+00,false
CLI-00003735,Cliente Sintético 3735,cliente3735@aurora.example,2003-04-10,São Paulo,SP,Sudeste,2022-11-13T15:00:00+00,true
CLI-00003736,Cliente Sintético 3736,cliente3736@aurora.example,2004-05-11,Rio Branco,AC,Norte,2022-11-14T15:00:00+00,false
CLI-00003737,Cliente Sintético 3737,cliente3737@aurora.example,2005-06-12,Maceió,AL,Nordeste,2022-11-15T15:00:00+00,true
CLI-00003738,Cliente Sintético 3738,cliente3738@aurora.example,2006-07-13,Salvador,BA,Nordeste,2022-11-16T15:00:00+00,false
CLI-00003739,Cliente Sintético 3739,cliente3739@aurora.example,2007-08-14,Brasília,DF,Centro-Oeste,2022-11-17T15:00:00+00,true
CLI-00003740,Cliente Sintético 3740,cliente3740@aurora.example,1940-09-15,Belo Horizonte,MG,Sudeste,2022-11-18T15:00:00+00,false
CLI-00003741,Cliente Sintético 3741,cliente3741@aurora.example,1941-10-16,Curitiba,PR,Sul,2022-11-19T15:00:00+00,true
CLI-00003742,Cliente Sintético 3742,cliente3742@aurora.example,1942-11-17,Rio de Janeiro,RJ,Sudeste,2022-11-20T15:00:00+00,false
CLI-00003743,Cliente Sintético 3743,cliente3743@aurora.example,1943-12-18,Porto Alegre,RS,Sul,2022-11-21T15:00:00+00,true
CLI-00003744,Cliente Sintético 3744,cliente3744@aurora.example,1944-01-19,São Paulo,SP,Sudeste,2022-11-22T15:00:00+00,false
CLI-00003745,Cliente Sintético 3745,cliente3745@aurora.example,1945-02-20,Rio Branco,AC,Norte,2022-11-23T15:00:00+00,true
CLI-00003746,Cliente Sintético 3746,cliente3746@aurora.example,1946-03-21,Maceió,AL,Nordeste,2022-11-24T15:00:00+00,false
CLI-00003747,Cliente Sintético 3747,cliente3747@aurora.example,1947-04-22,Salvador,BA,Nordeste,2022-11-25T15:00:00+00,true
CLI-00003748,Cliente Sintético 3748,cliente3748@aurora.example,1948-05-23,Brasília,DF,Centro-Oeste,2022-11-26T15:00:00+00,false
CLI-00003749,Cliente Sintético 3749,cliente3749@aurora.example,1949-06-24,Belo Horizonte,MG,Sudeste,2022-11-27T15:00:00+00,true
CLI-00003750,Cliente Sintético 3750,cliente3750@aurora.example,1950-07-25,Curitiba,PR,Sul,2022-11-28T15:00:00+00,false
CLI-00003751,Cliente Sintético 3751,cliente3751@aurora.example,1951-08-26,Rio de Janeiro,RJ,Sudeste,2022-11-29T15:00:00+00,true
CLI-00003752,Cliente Sintético 3752,cliente3752@aurora.example,1952-09-27,Porto Alegre,RS,Sul,2022-11-30T15:00:00+00,false
CLI-00003753,Cliente Sintético 3753,cliente3753@aurora.example,1953-10-01,São Paulo,SP,Sudeste,2022-12-01T15:00:00+00,true
CLI-00003754,Cliente Sintético 3754,cliente3754@aurora.example,1954-11-02,Rio Branco,AC,Norte,2022-12-02T15:00:00+00,false
CLI-00003755,Cliente Sintético 3755,cliente3755@aurora.example,1955-12-03,Maceió,AL,Nordeste,2022-12-03T15:00:00+00,true
CLI-00003756,Cliente Sintético 3756,cliente3756@aurora.example,1956-01-04,Salvador,BA,Nordeste,2022-12-04T15:00:00+00,false
CLI-00003757,Cliente Sintético 3757,cliente3757@aurora.example,1957-02-05,Brasília,DF,Centro-Oeste,2022-12-05T15:00:00+00,true
CLI-00003758,Cliente Sintético 3758,cliente3758@aurora.example,1958-03-06,Belo Horizonte,MG,Sudeste,2022-12-06T15:00:00+00,false
CLI-00003759,Cliente Sintético 3759,cliente3759@aurora.example,1959-04-07,Curitiba,PR,Sul,2022-12-07T15:00:00+00,true
CLI-00003760,Cliente Sintético 3760,cliente3760@aurora.example,1960-05-08,Rio de Janeiro,RJ,Sudeste,2022-12-08T15:00:00+00,false
CLI-00003761,Cliente Sintético 3761,cliente3761@aurora.example,1961-06-09,Porto Alegre,RS,Sul,2022-12-09T15:00:00+00,true
CLI-00003762,Cliente Sintético 3762,cliente3762@aurora.example,1962-07-10,São Paulo,SP,Sudeste,2022-12-10T15:00:00+00,false
CLI-00003763,Cliente Sintético 3763,cliente3763@aurora.example,1963-08-11,Rio Branco,AC,Norte,2022-12-11T15:00:00+00,true
CLI-00003764,Cliente Sintético 3764,cliente3764@aurora.example,1964-09-12,Maceió,AL,Nordeste,2022-12-12T15:00:00+00,false
CLI-00003765,Cliente Sintético 3765,cliente3765@aurora.example,1965-10-13,Salvador,BA,Nordeste,2022-12-13T15:00:00+00,true
CLI-00003766,Cliente Sintético 3766,cliente3766@aurora.example,1966-11-14,Brasília,DF,Centro-Oeste,2022-12-14T15:00:00+00,false
CLI-00003767,Cliente Sintético 3767,cliente3767@aurora.example,1967-12-15,Belo Horizonte,MG,Sudeste,2022-12-15T15:00:00+00,true
CLI-00003768,Cliente Sintético 3768,cliente3768@aurora.example,1968-01-16,Curitiba,PR,Sul,2022-12-16T15:00:00+00,false
CLI-00003769,Cliente Sintético 3769,cliente3769@aurora.example,1969-02-17,Rio de Janeiro,RJ,Sudeste,2022-12-17T15:00:00+00,true
CLI-00003770,Cliente Sintético 3770,cliente3770@aurora.example,1970-03-18,Porto Alegre,RS,Sul,2022-12-18T15:00:00+00,false
CLI-00003771,Cliente Sintético 3771,cliente3771@aurora.example,1971-04-19,São Paulo,SP,Sudeste,2022-12-19T15:00:00+00,true
CLI-00003772,Cliente Sintético 3772,cliente3772@aurora.example,1972-05-20,Rio Branco,AC,Norte,2022-12-20T15:00:00+00,false
CLI-00003773,Cliente Sintético 3773,cliente3773@aurora.example,1973-06-21,Maceió,AL,Nordeste,2022-12-21T15:00:00+00,true
CLI-00003774,Cliente Sintético 3774,cliente3774@aurora.example,1974-07-22,Salvador,BA,Nordeste,2022-12-22T15:00:00+00,false
CLI-00003775,Cliente Sintético 3775,cliente3775@aurora.example,1975-08-23,Brasília,DF,Centro-Oeste,2022-12-23T15:00:00+00,true
CLI-00003776,Cliente Sintético 3776,cliente3776@aurora.example,1976-09-24,Belo Horizonte,MG,Sudeste,2022-12-24T15:00:00+00,false
CLI-00003777,Cliente Sintético 3777,cliente3777@aurora.example,1977-10-25,Curitiba,PR,Sul,2022-12-25T15:00:00+00,true
CLI-00003778,Cliente Sintético 3778,cliente3778@aurora.example,1978-11-26,Rio de Janeiro,RJ,Sudeste,2022-12-26T15:00:00+00,false
CLI-00003779,Cliente Sintético 3779,cliente3779@aurora.example,1979-12-27,Porto Alegre,RS,Sul,2022-12-27T15:00:00+00,true
CLI-00003780,Cliente Sintético 3780,cliente3780@aurora.example,1980-01-01,São Paulo,SP,Sudeste,2022-07-01T15:00:00+00,false
CLI-00003781,Cliente Sintético 3781,cliente3781@aurora.example,1981-02-02,Rio Branco,AC,Norte,2022-07-02T15:00:00+00,true
CLI-00003782,Cliente Sintético 3782,cliente3782@aurora.example,1982-03-03,Maceió,AL,Nordeste,2022-07-03T15:00:00+00,false
CLI-00003783,Cliente Sintético 3783,cliente3783@aurora.example,1983-04-04,Salvador,BA,Nordeste,2022-07-04T15:00:00+00,true
CLI-00003784,Cliente Sintético 3784,cliente3784@aurora.example,1984-05-05,Brasília,DF,Centro-Oeste,2022-07-05T15:00:00+00,false
CLI-00003785,Cliente Sintético 3785,cliente3785@aurora.example,1985-06-06,Belo Horizonte,MG,Sudeste,2022-07-06T15:00:00+00,true
CLI-00003786,Cliente Sintético 3786,cliente3786@aurora.example,1986-07-07,Curitiba,PR,Sul,2022-07-07T15:00:00+00,false
CLI-00003787,Cliente Sintético 3787,cliente3787@aurora.example,1987-08-08,Rio de Janeiro,RJ,Sudeste,2022-07-08T15:00:00+00,true
CLI-00003788,Cliente Sintético 3788,cliente3788@aurora.example,1988-09-09,Porto Alegre,RS,Sul,2022-07-09T15:00:00+00,false
CLI-00003789,Cliente Sintético 3789,cliente3789@aurora.example,1989-10-10,São Paulo,SP,Sudeste,2022-07-10T15:00:00+00,true
CLI-00003790,Cliente Sintético 3790,cliente3790@aurora.example,1990-11-11,Rio Branco,AC,Norte,2022-07-11T15:00:00+00,false
CLI-00003791,Cliente Sintético 3791,cliente3791@aurora.example,1991-12-12,Maceió,AL,Nordeste,2022-07-12T15:00:00+00,true
CLI-00003792,Cliente Sintético 3792,cliente3792@aurora.example,1992-01-13,Salvador,BA,Nordeste,2022-07-13T15:00:00+00,false
CLI-00003793,Cliente Sintético 3793,cliente3793@aurora.example,1993-02-14,Brasília,DF,Centro-Oeste,2022-07-14T15:00:00+00,true
CLI-00003794,Cliente Sintético 3794,cliente3794@aurora.example,1994-03-15,Belo Horizonte,MG,Sudeste,2022-07-15T15:00:00+00,false
CLI-00003795,Cliente Sintético 3795,cliente3795@aurora.example,1995-04-16,Curitiba,PR,Sul,2022-07-16T15:00:00+00,true
CLI-00003796,Cliente Sintético 3796,cliente3796@aurora.example,1996-05-17,Rio de Janeiro,RJ,Sudeste,2022-07-17T15:00:00+00,false
CLI-00003797,Cliente Sintético 3797,cliente3797@aurora.example,1997-06-18,Porto Alegre,RS,Sul,2022-07-18T15:00:00+00,true
CLI-00003798,Cliente Sintético 3798,cliente3798@aurora.example,1998-07-19,São Paulo,SP,Sudeste,2022-07-19T15:00:00+00,false
CLI-00003799,Cliente Sintético 3799,cliente3799@aurora.example,1999-08-20,Rio Branco,AC,Norte,2022-07-20T15:00:00+00,true
CLI-00003800,Cliente Sintético 3800,cliente3800@aurora.example,2000-09-21,Maceió,AL,Nordeste,2022-07-21T15:00:00+00,false
CLI-00003801,Cliente Sintético 3801,cliente3801@aurora.example,2001-10-22,Salvador,BA,Nordeste,2022-07-22T15:00:00+00,true
CLI-00003802,Cliente Sintético 3802,cliente3802@aurora.example,2002-11-23,Brasília,DF,Centro-Oeste,2022-07-23T15:00:00+00,false
CLI-00003803,Cliente Sintético 3803,cliente3803@aurora.example,2003-12-24,Belo Horizonte,MG,Sudeste,2022-07-24T15:00:00+00,true
CLI-00003804,Cliente Sintético 3804,cliente3804@aurora.example,2004-01-25,Curitiba,PR,Sul,2022-07-25T15:00:00+00,false
CLI-00003805,Cliente Sintético 3805,cliente3805@aurora.example,2005-02-26,Rio de Janeiro,RJ,Sudeste,2022-07-26T15:00:00+00,true
CLI-00003806,Cliente Sintético 3806,cliente3806@aurora.example,2006-03-27,Porto Alegre,RS,Sul,2022-07-27T15:00:00+00,false
CLI-00003807,Cliente Sintético 3807,cliente3807@aurora.example,2007-04-01,São Paulo,SP,Sudeste,2022-07-28T15:00:00+00,true
CLI-00003808,Cliente Sintético 3808,cliente3808@aurora.example,1940-05-02,Rio Branco,AC,Norte,2022-07-29T15:00:00+00,false
CLI-00003809,Cliente Sintético 3809,cliente3809@aurora.example,1941-06-03,Maceió,AL,Nordeste,2022-07-30T15:00:00+00,true
CLI-00003810,Cliente Sintético 3810,cliente3810@aurora.example,1942-07-04,Salvador,BA,Nordeste,2022-07-31T15:00:00+00,false
CLI-00003811,Cliente Sintético 3811,cliente3811@aurora.example,1943-08-05,Brasília,DF,Centro-Oeste,2022-08-01T15:00:00+00,true
CLI-00003812,Cliente Sintético 3812,cliente3812@aurora.example,1944-09-06,Belo Horizonte,MG,Sudeste,2022-08-02T15:00:00+00,false
CLI-00003813,Cliente Sintético 3813,cliente3813@aurora.example,1945-10-07,Curitiba,PR,Sul,2022-08-03T15:00:00+00,true
CLI-00003814,Cliente Sintético 3814,cliente3814@aurora.example,1946-11-08,Rio de Janeiro,RJ,Sudeste,2022-08-04T15:00:00+00,false
CLI-00003815,Cliente Sintético 3815,cliente3815@aurora.example,1947-12-09,Porto Alegre,RS,Sul,2022-08-05T15:00:00+00,true
CLI-00003816,Cliente Sintético 3816,cliente3816@aurora.example,1948-01-10,São Paulo,SP,Sudeste,2022-08-06T15:00:00+00,false
CLI-00003817,Cliente Sintético 3817,cliente3817@aurora.example,1949-02-11,Rio Branco,AC,Norte,2022-08-07T15:00:00+00,true
CLI-00003818,Cliente Sintético 3818,cliente3818@aurora.example,1950-03-12,Maceió,AL,Nordeste,2022-08-08T15:00:00+00,false
CLI-00003819,Cliente Sintético 3819,cliente3819@aurora.example,1951-04-13,Salvador,BA,Nordeste,2022-08-09T15:00:00+00,true
CLI-00003820,Cliente Sintético 3820,cliente3820@aurora.example,1952-05-14,Brasília,DF,Centro-Oeste,2022-08-10T15:00:00+00,false
CLI-00003821,Cliente Sintético 3821,cliente3821@aurora.example,1953-06-15,Belo Horizonte,MG,Sudeste,2022-08-11T15:00:00+00,true
CLI-00003822,Cliente Sintético 3822,cliente3822@aurora.example,1954-07-16,Curitiba,PR,Sul,2022-08-12T15:00:00+00,false
CLI-00003823,Cliente Sintético 3823,cliente3823@aurora.example,1955-08-17,Rio de Janeiro,RJ,Sudeste,2022-08-13T15:00:00+00,true
CLI-00003824,Cliente Sintético 3824,cliente3824@aurora.example,1956-09-18,Porto Alegre,RS,Sul,2022-08-14T15:00:00+00,false
CLI-00003825,Cliente Sintético 3825,cliente3825@aurora.example,1957-10-19,São Paulo,SP,Sudeste,2022-08-15T15:00:00+00,true
CLI-00003826,Cliente Sintético 3826,cliente3826@aurora.example,1958-11-20,Rio Branco,AC,Norte,2022-08-16T15:00:00+00,false
CLI-00003827,Cliente Sintético 3827,cliente3827@aurora.example,1959-12-21,Maceió,AL,Nordeste,2022-08-17T15:00:00+00,true
CLI-00003828,Cliente Sintético 3828,cliente3828@aurora.example,1960-01-22,Salvador,BA,Nordeste,2022-08-18T15:00:00+00,false
CLI-00003829,Cliente Sintético 3829,cliente3829@aurora.example,1961-02-23,Brasília,DF,Centro-Oeste,2022-08-19T15:00:00+00,true
CLI-00003830,Cliente Sintético 3830,cliente3830@aurora.example,1962-03-24,Belo Horizonte,MG,Sudeste,2022-08-20T15:00:00+00,false
CLI-00003831,Cliente Sintético 3831,cliente3831@aurora.example,1963-04-25,Curitiba,PR,Sul,2022-08-21T15:00:00+00,true
CLI-00003832,Cliente Sintético 3832,cliente3832@aurora.example,1964-05-26,Rio de Janeiro,RJ,Sudeste,2022-08-22T15:00:00+00,false
CLI-00003833,Cliente Sintético 3833,cliente3833@aurora.example,1965-06-27,Porto Alegre,RS,Sul,2022-08-23T15:00:00+00,true
CLI-00003834,Cliente Sintético 3834,cliente3834@aurora.example,1966-07-01,São Paulo,SP,Sudeste,2022-08-24T15:00:00+00,false
CLI-00003835,Cliente Sintético 3835,cliente3835@aurora.example,1967-08-02,Rio Branco,AC,Norte,2022-08-25T15:00:00+00,true
CLI-00003836,Cliente Sintético 3836,cliente3836@aurora.example,1968-09-03,Maceió,AL,Nordeste,2022-08-26T15:00:00+00,false
CLI-00003837,Cliente Sintético 3837,cliente3837@aurora.example,1969-10-04,Salvador,BA,Nordeste,2022-08-27T15:00:00+00,true
CLI-00003838,Cliente Sintético 3838,cliente3838@aurora.example,1970-11-05,Brasília,DF,Centro-Oeste,2022-08-28T15:00:00+00,false
CLI-00003839,Cliente Sintético 3839,cliente3839@aurora.example,1971-12-06,Belo Horizonte,MG,Sudeste,2022-08-29T15:00:00+00,true
CLI-00003840,Cliente Sintético 3840,cliente3840@aurora.example,1972-01-07,Curitiba,PR,Sul,2022-08-30T15:00:00+00,false
CLI-00003841,Cliente Sintético 3841,cliente3841@aurora.example,1973-02-08,Rio de Janeiro,RJ,Sudeste,2022-08-31T15:00:00+00,true
CLI-00003842,Cliente Sintético 3842,cliente3842@aurora.example,1974-03-09,Porto Alegre,RS,Sul,2022-09-01T15:00:00+00,false
CLI-00003843,Cliente Sintético 3843,cliente3843@aurora.example,1975-04-10,São Paulo,SP,Sudeste,2022-09-02T15:00:00+00,true
CLI-00003844,Cliente Sintético 3844,cliente3844@aurora.example,1976-05-11,Rio Branco,AC,Norte,2022-09-03T15:00:00+00,false
CLI-00003845,Cliente Sintético 3845,cliente3845@aurora.example,1977-06-12,Maceió,AL,Nordeste,2022-09-04T15:00:00+00,true
CLI-00003846,Cliente Sintético 3846,cliente3846@aurora.example,1978-07-13,Salvador,BA,Nordeste,2022-09-05T15:00:00+00,false
CLI-00003847,Cliente Sintético 3847,cliente3847@aurora.example,1979-08-14,Brasília,DF,Centro-Oeste,2022-09-06T15:00:00+00,true
CLI-00003848,Cliente Sintético 3848,cliente3848@aurora.example,1980-09-15,Belo Horizonte,MG,Sudeste,2022-09-07T15:00:00+00,false
CLI-00003849,Cliente Sintético 3849,cliente3849@aurora.example,1981-10-16,Curitiba,PR,Sul,2022-09-08T15:00:00+00,true
CLI-00003850,Cliente Sintético 3850,cliente3850@aurora.example,1982-11-17,Rio de Janeiro,RJ,Sudeste,2022-09-09T15:00:00+00,false
CLI-00003851,Cliente Sintético 3851,cliente3851@aurora.example,1983-12-18,Porto Alegre,RS,Sul,2022-09-10T15:00:00+00,true
CLI-00003852,Cliente Sintético 3852,cliente3852@aurora.example,1984-01-19,São Paulo,SP,Sudeste,2022-09-11T15:00:00+00,false
CLI-00003853,Cliente Sintético 3853,cliente3853@aurora.example,1985-02-20,Rio Branco,AC,Norte,2022-09-12T15:00:00+00,true
CLI-00003854,Cliente Sintético 3854,cliente3854@aurora.example,1986-03-21,Maceió,AL,Nordeste,2022-09-13T15:00:00+00,false
CLI-00003855,Cliente Sintético 3855,cliente3855@aurora.example,1987-04-22,Salvador,BA,Nordeste,2022-09-14T15:00:00+00,true
CLI-00003856,Cliente Sintético 3856,cliente3856@aurora.example,1988-05-23,Brasília,DF,Centro-Oeste,2022-09-15T15:00:00+00,false
CLI-00003857,Cliente Sintético 3857,cliente3857@aurora.example,1989-06-24,Belo Horizonte,MG,Sudeste,2022-09-16T15:00:00+00,true
CLI-00003858,Cliente Sintético 3858,cliente3858@aurora.example,1990-07-25,Curitiba,PR,Sul,2022-09-17T15:00:00+00,false
CLI-00003859,Cliente Sintético 3859,cliente3859@aurora.example,1991-08-26,Rio de Janeiro,RJ,Sudeste,2022-09-18T15:00:00+00,true
CLI-00003860,Cliente Sintético 3860,cliente3860@aurora.example,1992-09-27,Porto Alegre,RS,Sul,2022-09-19T15:00:00+00,false
CLI-00003861,Cliente Sintético 3861,cliente3861@aurora.example,1993-10-01,São Paulo,SP,Sudeste,2022-09-20T15:00:00+00,true
CLI-00003862,Cliente Sintético 3862,cliente3862@aurora.example,1994-11-02,Rio Branco,AC,Norte,2022-09-21T15:00:00+00,false
CLI-00003863,Cliente Sintético 3863,cliente3863@aurora.example,1995-12-03,Maceió,AL,Nordeste,2022-09-22T15:00:00+00,true
CLI-00003864,Cliente Sintético 3864,cliente3864@aurora.example,1996-01-04,Salvador,BA,Nordeste,2022-09-23T15:00:00+00,false
CLI-00003865,Cliente Sintético 3865,cliente3865@aurora.example,1997-02-05,Brasília,DF,Centro-Oeste,2022-09-24T15:00:00+00,true
CLI-00003866,Cliente Sintético 3866,cliente3866@aurora.example,1998-03-06,Belo Horizonte,MG,Sudeste,2022-09-25T15:00:00+00,false
CLI-00003867,Cliente Sintético 3867,cliente3867@aurora.example,1999-04-07,Curitiba,PR,Sul,2022-09-26T15:00:00+00,true
CLI-00003868,Cliente Sintético 3868,cliente3868@aurora.example,2000-05-08,Rio de Janeiro,RJ,Sudeste,2022-09-27T15:00:00+00,false
CLI-00003869,Cliente Sintético 3869,cliente3869@aurora.example,2001-06-09,Porto Alegre,RS,Sul,2022-09-28T15:00:00+00,true
CLI-00003870,Cliente Sintético 3870,cliente3870@aurora.example,2002-07-10,São Paulo,SP,Sudeste,2022-09-29T15:00:00+00,false
CLI-00003871,Cliente Sintético 3871,cliente3871@aurora.example,2003-08-11,Rio Branco,AC,Norte,2022-09-30T15:00:00+00,true
CLI-00003872,Cliente Sintético 3872,cliente3872@aurora.example,2004-09-12,Maceió,AL,Nordeste,2022-10-01T15:00:00+00,false
CLI-00003873,Cliente Sintético 3873,cliente3873@aurora.example,2005-10-13,Salvador,BA,Nordeste,2022-10-02T15:00:00+00,true
CLI-00003874,Cliente Sintético 3874,cliente3874@aurora.example,2006-11-14,Brasília,DF,Centro-Oeste,2022-10-03T15:00:00+00,false
CLI-00003875,Cliente Sintético 3875,cliente3875@aurora.example,2007-12-15,Belo Horizonte,MG,Sudeste,2022-10-04T15:00:00+00,true
CLI-00003876,Cliente Sintético 3876,cliente3876@aurora.example,1940-01-16,Curitiba,PR,Sul,2022-10-05T15:00:00+00,false
CLI-00003877,Cliente Sintético 3877,cliente3877@aurora.example,1941-02-17,Rio de Janeiro,RJ,Sudeste,2022-10-06T15:00:00+00,true
CLI-00003878,Cliente Sintético 3878,cliente3878@aurora.example,1942-03-18,Porto Alegre,RS,Sul,2022-10-07T15:00:00+00,false
CLI-00003879,Cliente Sintético 3879,cliente3879@aurora.example,1943-04-19,São Paulo,SP,Sudeste,2022-10-08T15:00:00+00,true
CLI-00003880,Cliente Sintético 3880,cliente3880@aurora.example,1944-05-20,Rio Branco,AC,Norte,2022-10-09T15:00:00+00,false
CLI-00003881,Cliente Sintético 3881,cliente3881@aurora.example,1945-06-21,Maceió,AL,Nordeste,2022-10-10T15:00:00+00,true
CLI-00003882,Cliente Sintético 3882,cliente3882@aurora.example,1946-07-22,Salvador,BA,Nordeste,2022-10-11T15:00:00+00,false
CLI-00003883,Cliente Sintético 3883,cliente3883@aurora.example,1947-08-23,Brasília,DF,Centro-Oeste,2022-10-12T15:00:00+00,true
CLI-00003884,Cliente Sintético 3884,cliente3884@aurora.example,1948-09-24,Belo Horizonte,MG,Sudeste,2022-10-13T15:00:00+00,false
CLI-00003885,Cliente Sintético 3885,cliente3885@aurora.example,1949-10-25,Curitiba,PR,Sul,2022-10-14T15:00:00+00,true
CLI-00003886,Cliente Sintético 3886,cliente3886@aurora.example,1950-11-26,Rio de Janeiro,RJ,Sudeste,2022-10-15T15:00:00+00,false
CLI-00003887,Cliente Sintético 3887,cliente3887@aurora.example,1951-12-27,Porto Alegre,RS,Sul,2022-10-16T15:00:00+00,true
CLI-00003888,Cliente Sintético 3888,cliente3888@aurora.example,1952-01-01,São Paulo,SP,Sudeste,2022-10-17T15:00:00+00,false
CLI-00003889,Cliente Sintético 3889,cliente3889@aurora.example,1953-02-02,Rio Branco,AC,Norte,2022-10-18T15:00:00+00,true
CLI-00003890,Cliente Sintético 3890,cliente3890@aurora.example,1954-03-03,Maceió,AL,Nordeste,2022-10-19T15:00:00+00,false
CLI-00003891,Cliente Sintético 3891,cliente3891@aurora.example,1955-04-04,Salvador,BA,Nordeste,2022-10-20T15:00:00+00,true
CLI-00003892,Cliente Sintético 3892,cliente3892@aurora.example,1956-05-05,Brasília,DF,Centro-Oeste,2022-10-21T15:00:00+00,false
CLI-00003893,Cliente Sintético 3893,cliente3893@aurora.example,1957-06-06,Belo Horizonte,MG,Sudeste,2022-10-22T15:00:00+00,true
CLI-00003894,Cliente Sintético 3894,cliente3894@aurora.example,1958-07-07,Curitiba,PR,Sul,2022-10-23T15:00:00+00,false
CLI-00003895,Cliente Sintético 3895,cliente3895@aurora.example,1959-08-08,Rio de Janeiro,RJ,Sudeste,2022-10-24T15:00:00+00,true
CLI-00003896,Cliente Sintético 3896,cliente3896@aurora.example,1960-09-09,Porto Alegre,RS,Sul,2022-10-25T15:00:00+00,false
CLI-00003897,Cliente Sintético 3897,cliente3897@aurora.example,1961-10-10,São Paulo,SP,Sudeste,2022-10-26T15:00:00+00,true
CLI-00003898,Cliente Sintético 3898,cliente3898@aurora.example,1962-11-11,Rio Branco,AC,Norte,2022-10-27T15:00:00+00,false
CLI-00003899,Cliente Sintético 3899,cliente3899@aurora.example,1963-12-12,Maceió,AL,Nordeste,2022-10-28T15:00:00+00,true
CLI-00003900,Cliente Sintético 3900,cliente3900@aurora.example,1964-01-13,Salvador,BA,Nordeste,2022-10-29T15:00:00+00,false
CLI-00003901,Cliente Sintético 3901,cliente3901@aurora.example,1965-02-14,Brasília,DF,Centro-Oeste,2022-10-30T15:00:00+00,true
CLI-00003902,Cliente Sintético 3902,cliente3902@aurora.example,1966-03-15,Belo Horizonte,MG,Sudeste,2022-10-31T15:00:00+00,false
CLI-00003903,Cliente Sintético 3903,cliente3903@aurora.example,1967-04-16,Curitiba,PR,Sul,2022-11-01T15:00:00+00,true
CLI-00003904,Cliente Sintético 3904,cliente3904@aurora.example,1968-05-17,Rio de Janeiro,RJ,Sudeste,2022-11-02T15:00:00+00,false
CLI-00003905,Cliente Sintético 3905,cliente3905@aurora.example,1969-06-18,Porto Alegre,RS,Sul,2022-11-03T15:00:00+00,true
CLI-00003906,Cliente Sintético 3906,cliente3906@aurora.example,1970-07-19,São Paulo,SP,Sudeste,2022-11-04T15:00:00+00,false
CLI-00003907,Cliente Sintético 3907,cliente3907@aurora.example,1971-08-20,Rio Branco,AC,Norte,2022-11-05T15:00:00+00,true
CLI-00003908,Cliente Sintético 3908,cliente3908@aurora.example,1972-09-21,Maceió,AL,Nordeste,2022-11-06T15:00:00+00,false
CLI-00003909,Cliente Sintético 3909,cliente3909@aurora.example,1973-10-22,Salvador,BA,Nordeste,2022-11-07T15:00:00+00,true
CLI-00003910,Cliente Sintético 3910,cliente3910@aurora.example,1974-11-23,Brasília,DF,Centro-Oeste,2022-11-08T15:00:00+00,false
CLI-00003911,Cliente Sintético 3911,cliente3911@aurora.example,1975-12-24,Belo Horizonte,MG,Sudeste,2022-11-09T15:00:00+00,true
CLI-00003912,Cliente Sintético 3912,cliente3912@aurora.example,1976-01-25,Curitiba,PR,Sul,2022-11-10T15:00:00+00,false
CLI-00003913,Cliente Sintético 3913,cliente3913@aurora.example,1977-02-26,Rio de Janeiro,RJ,Sudeste,2022-11-11T15:00:00+00,true
CLI-00003914,Cliente Sintético 3914,cliente3914@aurora.example,1978-03-27,Porto Alegre,RS,Sul,2022-11-12T15:00:00+00,false
CLI-00003915,Cliente Sintético 3915,cliente3915@aurora.example,1979-04-01,São Paulo,SP,Sudeste,2022-11-13T15:00:00+00,true
CLI-00003916,Cliente Sintético 3916,cliente3916@aurora.example,1980-05-02,Rio Branco,AC,Norte,2022-11-14T15:00:00+00,false
CLI-00003917,Cliente Sintético 3917,cliente3917@aurora.example,1981-06-03,Maceió,AL,Nordeste,2022-11-15T15:00:00+00,true
CLI-00003918,Cliente Sintético 3918,cliente3918@aurora.example,1982-07-04,Salvador,BA,Nordeste,2022-11-16T15:00:00+00,false
CLI-00003919,Cliente Sintético 3919,cliente3919@aurora.example,1983-08-05,Brasília,DF,Centro-Oeste,2022-11-17T15:00:00+00,true
CLI-00003920,Cliente Sintético 3920,cliente3920@aurora.example,1984-09-06,Belo Horizonte,MG,Sudeste,2022-11-18T15:00:00+00,false
CLI-00003921,Cliente Sintético 3921,cliente3921@aurora.example,1985-10-07,Curitiba,PR,Sul,2022-11-19T15:00:00+00,true
CLI-00003922,Cliente Sintético 3922,cliente3922@aurora.example,1986-11-08,Rio de Janeiro,RJ,Sudeste,2022-11-20T15:00:00+00,false
CLI-00003923,Cliente Sintético 3923,cliente3923@aurora.example,1987-12-09,Porto Alegre,RS,Sul,2022-11-21T15:00:00+00,true
CLI-00003924,Cliente Sintético 3924,cliente3924@aurora.example,1988-01-10,São Paulo,SP,Sudeste,2022-11-22T15:00:00+00,false
CLI-00003925,Cliente Sintético 3925,cliente3925@aurora.example,1989-02-11,Rio Branco,AC,Norte,2022-11-23T15:00:00+00,true
CLI-00003926,Cliente Sintético 3926,cliente3926@aurora.example,1990-03-12,Maceió,AL,Nordeste,2022-11-24T15:00:00+00,false
CLI-00003927,Cliente Sintético 3927,cliente3927@aurora.example,1991-04-13,Salvador,BA,Nordeste,2022-11-25T15:00:00+00,true
CLI-00003928,Cliente Sintético 3928,cliente3928@aurora.example,1992-05-14,Brasília,DF,Centro-Oeste,2022-11-26T15:00:00+00,false
CLI-00003929,Cliente Sintético 3929,cliente3929@aurora.example,1993-06-15,Belo Horizonte,MG,Sudeste,2022-11-27T15:00:00+00,true
CLI-00003930,Cliente Sintético 3930,cliente3930@aurora.example,1994-07-16,Curitiba,PR,Sul,2022-11-28T15:00:00+00,false
CLI-00003931,Cliente Sintético 3931,cliente3931@aurora.example,1995-08-17,Rio de Janeiro,RJ,Sudeste,2022-11-29T15:00:00+00,true
CLI-00003932,Cliente Sintético 3932,cliente3932@aurora.example,1996-09-18,Porto Alegre,RS,Sul,2022-11-30T15:00:00+00,false
CLI-00003933,Cliente Sintético 3933,cliente3933@aurora.example,1997-10-19,São Paulo,SP,Sudeste,2022-12-01T15:00:00+00,true
CLI-00003934,Cliente Sintético 3934,cliente3934@aurora.example,1998-11-20,Rio Branco,AC,Norte,2022-12-02T15:00:00+00,false
CLI-00003935,Cliente Sintético 3935,cliente3935@aurora.example,1999-12-21,Maceió,AL,Nordeste,2022-12-03T15:00:00+00,true
CLI-00003936,Cliente Sintético 3936,cliente3936@aurora.example,2000-01-22,Salvador,BA,Nordeste,2022-12-04T15:00:00+00,false
CLI-00003937,Cliente Sintético 3937,cliente3937@aurora.example,2001-02-23,Brasília,DF,Centro-Oeste,2022-12-05T15:00:00+00,true
CLI-00003938,Cliente Sintético 3938,cliente3938@aurora.example,2002-03-24,Belo Horizonte,MG,Sudeste,2022-12-06T15:00:00+00,false
CLI-00003939,Cliente Sintético 3939,cliente3939@aurora.example,2003-04-25,Curitiba,PR,Sul,2022-12-07T15:00:00+00,true
CLI-00003940,Cliente Sintético 3940,cliente3940@aurora.example,2004-05-26,Rio de Janeiro,RJ,Sudeste,2022-12-08T15:00:00+00,false
CLI-00003941,Cliente Sintético 3941,cliente3941@aurora.example,2005-06-27,Porto Alegre,RS,Sul,2022-12-09T15:00:00+00,true
CLI-00003942,Cliente Sintético 3942,cliente3942@aurora.example,2006-07-01,São Paulo,SP,Sudeste,2022-12-10T15:00:00+00,false
CLI-00003943,Cliente Sintético 3943,cliente3943@aurora.example,2007-08-02,Rio Branco,AC,Norte,2022-12-11T15:00:00+00,true
CLI-00003944,Cliente Sintético 3944,cliente3944@aurora.example,1940-09-03,Maceió,AL,Nordeste,2022-12-12T15:00:00+00,false
CLI-00003945,Cliente Sintético 3945,cliente3945@aurora.example,1941-10-04,Salvador,BA,Nordeste,2022-12-13T15:00:00+00,true
CLI-00003946,Cliente Sintético 3946,cliente3946@aurora.example,1942-11-05,Brasília,DF,Centro-Oeste,2022-12-14T15:00:00+00,false
CLI-00003947,Cliente Sintético 3947,cliente3947@aurora.example,1943-12-06,Belo Horizonte,MG,Sudeste,2022-12-15T15:00:00+00,true
CLI-00003948,Cliente Sintético 3948,cliente3948@aurora.example,1944-01-07,Curitiba,PR,Sul,2022-12-16T15:00:00+00,false
CLI-00003949,Cliente Sintético 3949,cliente3949@aurora.example,1945-02-08,Rio de Janeiro,RJ,Sudeste,2022-12-17T15:00:00+00,true
CLI-00003950,Cliente Sintético 3950,cliente3950@aurora.example,1946-03-09,Porto Alegre,RS,Sul,2022-12-18T15:00:00+00,false
CLI-00003951,Cliente Sintético 3951,cliente3951@aurora.example,1947-04-10,São Paulo,SP,Sudeste,2022-12-19T15:00:00+00,true
CLI-00003952,Cliente Sintético 3952,cliente3952@aurora.example,1948-05-11,Rio Branco,AC,Norte,2022-12-20T15:00:00+00,false
CLI-00003953,Cliente Sintético 3953,cliente3953@aurora.example,1949-06-12,Maceió,AL,Nordeste,2022-12-21T15:00:00+00,true
CLI-00003954,Cliente Sintético 3954,cliente3954@aurora.example,1950-07-13,Salvador,BA,Nordeste,2022-12-22T15:00:00+00,false
CLI-00003955,Cliente Sintético 3955,cliente3955@aurora.example,1951-08-14,Brasília,DF,Centro-Oeste,2022-12-23T15:00:00+00,true
CLI-00003956,Cliente Sintético 3956,cliente3956@aurora.example,1952-09-15,Belo Horizonte,MG,Sudeste,2022-12-24T15:00:00+00,false
CLI-00003957,Cliente Sintético 3957,cliente3957@aurora.example,1953-10-16,Curitiba,PR,Sul,2022-12-25T15:00:00+00,true
CLI-00003958,Cliente Sintético 3958,cliente3958@aurora.example,1954-11-17,Rio de Janeiro,RJ,Sudeste,2022-12-26T15:00:00+00,false
CLI-00003959,Cliente Sintético 3959,cliente3959@aurora.example,1955-12-18,Porto Alegre,RS,Sul,2022-12-27T15:00:00+00,true
CLI-00003960,Cliente Sintético 3960,cliente3960@aurora.example,1956-01-19,São Paulo,SP,Sudeste,2022-07-01T15:00:00+00,false
CLI-00003961,Cliente Sintético 3961,cliente3961@aurora.example,1957-02-20,Rio Branco,AC,Norte,2022-07-02T15:00:00+00,true
CLI-00003962,Cliente Sintético 3962,cliente3962@aurora.example,1958-03-21,Maceió,AL,Nordeste,2022-07-03T15:00:00+00,false
CLI-00003963,Cliente Sintético 3963,cliente3963@aurora.example,1959-04-22,Salvador,BA,Nordeste,2022-07-04T15:00:00+00,true
CLI-00003964,Cliente Sintético 3964,cliente3964@aurora.example,1960-05-23,Brasília,DF,Centro-Oeste,2022-07-05T15:00:00+00,false
CLI-00003965,Cliente Sintético 3965,cliente3965@aurora.example,1961-06-24,Belo Horizonte,MG,Sudeste,2022-07-06T15:00:00+00,true
CLI-00003966,Cliente Sintético 3966,cliente3966@aurora.example,1962-07-25,Curitiba,PR,Sul,2022-07-07T15:00:00+00,false
CLI-00003967,Cliente Sintético 3967,cliente3967@aurora.example,1963-08-26,Rio de Janeiro,RJ,Sudeste,2022-07-08T15:00:00+00,true
CLI-00003968,Cliente Sintético 3968,cliente3968@aurora.example,1964-09-27,Porto Alegre,RS,Sul,2022-07-09T15:00:00+00,false
CLI-00003969,Cliente Sintético 3969,cliente3969@aurora.example,1965-10-01,São Paulo,SP,Sudeste,2022-07-10T15:00:00+00,true
CLI-00003970,Cliente Sintético 3970,cliente3970@aurora.example,1966-11-02,Rio Branco,AC,Norte,2022-07-11T15:00:00+00,false
CLI-00003971,Cliente Sintético 3971,cliente3971@aurora.example,1967-12-03,Maceió,AL,Nordeste,2022-07-12T15:00:00+00,true
CLI-00003972,Cliente Sintético 3972,cliente3972@aurora.example,1968-01-04,Salvador,BA,Nordeste,2022-07-13T15:00:00+00,false
CLI-00003973,Cliente Sintético 3973,cliente3973@aurora.example,1969-02-05,Brasília,DF,Centro-Oeste,2022-07-14T15:00:00+00,true
CLI-00003974,Cliente Sintético 3974,cliente3974@aurora.example,1970-03-06,Belo Horizonte,MG,Sudeste,2022-07-15T15:00:00+00,false
CLI-00003975,Cliente Sintético 3975,cliente3975@aurora.example,1971-04-07,Curitiba,PR,Sul,2022-07-16T15:00:00+00,true
CLI-00003976,Cliente Sintético 3976,cliente3976@aurora.example,1972-05-08,Rio de Janeiro,RJ,Sudeste,2022-07-17T15:00:00+00,false
CLI-00003977,Cliente Sintético 3977,cliente3977@aurora.example,1973-06-09,Porto Alegre,RS,Sul,2022-07-18T15:00:00+00,true
CLI-00003978,Cliente Sintético 3978,cliente3978@aurora.example,1974-07-10,São Paulo,SP,Sudeste,2022-07-19T15:00:00+00,false
CLI-00003979,Cliente Sintético 3979,cliente3979@aurora.example,1975-08-11,Rio Branco,AC,Norte,2022-07-20T15:00:00+00,true
CLI-00003980,Cliente Sintético 3980,cliente3980@aurora.example,1976-09-12,Maceió,AL,Nordeste,2022-07-21T15:00:00+00,false
CLI-00003981,Cliente Sintético 3981,cliente3981@aurora.example,1977-10-13,Salvador,BA,Nordeste,2022-07-22T15:00:00+00,true
CLI-00003982,Cliente Sintético 3982,cliente3982@aurora.example,1978-11-14,Brasília,DF,Centro-Oeste,2022-07-23T15:00:00+00,false
CLI-00003983,Cliente Sintético 3983,cliente3983@aurora.example,1979-12-15,Belo Horizonte,MG,Sudeste,2022-07-24T15:00:00+00,true
CLI-00003984,Cliente Sintético 3984,cliente3984@aurora.example,1980-01-16,Curitiba,PR,Sul,2022-07-25T15:00:00+00,false
CLI-00003985,Cliente Sintético 3985,cliente3985@aurora.example,1981-02-17,Rio de Janeiro,RJ,Sudeste,2022-07-26T15:00:00+00,true
CLI-00003986,Cliente Sintético 3986,cliente3986@aurora.example,1982-03-18,Porto Alegre,RS,Sul,2022-07-27T15:00:00+00,false
CLI-00003987,Cliente Sintético 3987,cliente3987@aurora.example,1983-04-19,São Paulo,SP,Sudeste,2022-07-28T15:00:00+00,true
CLI-00003988,Cliente Sintético 3988,cliente3988@aurora.example,1984-05-20,Rio Branco,AC,Norte,2022-07-29T15:00:00+00,false
CLI-00003989,Cliente Sintético 3989,cliente3989@aurora.example,1985-06-21,Maceió,AL,Nordeste,2022-07-30T15:00:00+00,true
CLI-00003990,Cliente Sintético 3990,cliente3990@aurora.example,1986-07-22,Salvador,BA,Nordeste,2022-07-31T15:00:00+00,false
CLI-00003991,Cliente Sintético 3991,cliente3991@aurora.example,1987-08-23,Brasília,DF,Centro-Oeste,2022-08-01T15:00:00+00,true
CLI-00003992,Cliente Sintético 3992,cliente3992@aurora.example,1988-09-24,Belo Horizonte,MG,Sudeste,2022-08-02T15:00:00+00,false
CLI-00003993,Cliente Sintético 3993,cliente3993@aurora.example,1989-10-25,Curitiba,PR,Sul,2022-08-03T15:00:00+00,true
CLI-00003994,Cliente Sintético 3994,cliente3994@aurora.example,1990-11-26,Rio de Janeiro,RJ,Sudeste,2022-08-04T15:00:00+00,false
CLI-00003995,Cliente Sintético 3995,cliente3995@aurora.example,1991-12-27,Porto Alegre,RS,Sul,2022-08-05T15:00:00+00,true
CLI-00003996,Cliente Sintético 3996,cliente3996@aurora.example,1992-01-01,São Paulo,SP,Sudeste,2022-08-06T15:00:00+00,false
CLI-00003997,Cliente Sintético 3997,cliente3997@aurora.example,1993-02-02,Rio Branco,AC,Norte,2022-08-07T15:00:00+00,true
CLI-00003998,Cliente Sintético 3998,cliente3998@aurora.example,1994-03-03,Maceió,AL,Nordeste,2022-08-08T15:00:00+00,false
CLI-00003999,Cliente Sintético 3999,cliente3999@aurora.example,1995-04-04,Salvador,BA,Nordeste,2022-08-09T15:00:00+00,true
CLI-00004000,Cliente Sintético 4000,cliente4000@aurora.example,1996-05-05,Brasília,DF,Centro-Oeste,2022-08-10T15:00:00+00,false
