pedido_id,numero_item,produto_id,quantidade,preco_unitario,desconto_unitario,custo_unitario
1,1,21,2,58.77,0.00,59.77
1,2,38,3,82.06,0.00,83.06
1,3,55,4,105.35,0.00,106.35
2,1,24,5,62.88,0.00,63.88
2,2,41,6,86.17,0.00,87.17
2,3,58,7,109.46,0.00,110.46
3,1,27,8,66.99,0.00,67.99
3,2,44,1,90.28,0.00,91.28
3,3,61,2,113.57,0.00,114.57
4,1,30,3,71.10,0.00,72.10
4,2,47,4,94.39,0.00,95.39
4,3,64,5,117.68,0.00,118.68
5,1,33,6,75.21,0.00,76.21
5,2,50,7,98.50,0.00,99.50
5,3,67,8,121.79,0.00,122.79
6,1,36,1,79.32,0.00,80.32
6,2,53,2,102.61,0.00,103.61
6,3,70,3,125.90,0.00,126.90
7,1,39,4,83.43,0.00,84.43
7,2,56,5,106.72,0.00,107.72
7,3,73,6,130.01,0.00,131.01
8,1,42,7,87.54,0.00,88.54
8,2,59,8,110.83,0.00,111.83
8,3,76,1,134.12,0.00,135.12
9,1,45,2,91.65,0.00,92.65
9,2,62,3,114.94,0.00,115.94
9,3,79,4,138.23,0.00,139.23
10,1,48,5,95.76,0.00,96.76
10,2,65,6,119.05,0.00,120.05
10,3,82,7,142.34,0.00,143.34
11,1,51,8,99.87,0.00,100.87
11,2,68,1,123.16,0.00,124.16
11,3,85,2,146.45,0.00,147.45
12,1,54,3,103.98,0.00,104.98
12,2,71,4,127.27,0.00,128.27
12,3,88,5,150.56,0.00,151.56
13,1,57,6,108.09,0.00,109.09
13,2,74,7,131.38,0.00,132.38
13,3,91,8,154.67,0.00,155.67
14,1,60,1,112.20,0.00,113.20
14,2,77,2,135.49,0.00,136.49
14,3,94,3,158.78,0.00,159.78
15,1,63,4,116.31,0.00,117.31
15,2,80,5,139.60,0.00,140.60
15,3,97,6,162.89,0.00,163.89
16,1,66,7,120.42,0.00,121.42
16,2,83,8,143.71,0.00,144.71
16,3,100,1,167.00,0.00,168.00
17,1,69,2,124.53,0.00,125.53
17,2,86,3,147.82,0.00,148.82
17,3,103,4,171.11,0.00,172.11
18,1,72,5,128.64,0.00,129.64
18,2,89,6,151.93,0.00,152.93
18,3,106,7,175.22,0.00,176.22
19,1,75,8,132.75,0.00,133.75
19,2,92,1,156.04,0.00,157.04
19,3,109,2,179.33,0.00,180.33
20,1,78,3,136.86,0.00,137.86
20,2,95,4,160.15,0.00,161.15
20,3,112,5,183.44,0.00,184.44
21,1,81,6,140.97,0.00,93.04
21,2,98,7,164.26,24.63,113.33
21,3,3,8,34.11,6.82,24.55
22,1,84,1,145.08,36.27,53.67
22,2,101,2,168.37,8.41,67.34
22,3,6,3,38.22,3.82,16.43
23,1,87,4,149.19,22.37,68.62
23,2,104,5,172.48,34.49,84.51
23,3,9,6,42.33,10.58,22.01
24,1,90,7,153.30,7.66,84.31
24,2,107,8,176.59,17.65,102.42
24,3,12,1,46.44,6.96,28.32
25,1,93,2,157.41,31.48,100.74
25,2,110,3,180.70,45.17,121.06
25,3,15,4,50.55,2.52,35.38
26,1,96,5,161.52,16.15,56.53
26,2,1,6,31.37,4.70,11.92
26,3,18,7,54.66,10.93,22.41
27,1,99,8,165.63,41.40,72.87
27,2,4,1,35.48,1.77,16.67
27,3,21,2,58.77,5.87,29.38
28,1,102,3,169.74,25.46,89.96
28,2,7,4,39.59,7.91,22.17
28,3,24,5,62.88,15.72,37.09
29,1,105,6,173.85,8.69,107.78
29,2,10,7,43.70,4.37,28.40
29,3,27,8,66.99,10.04,45.55
30,1,108,1,177.96,35.59,126.35
30,2,13,2,47.81,11.95,17.21
30,3,30,3,71.10,3.55,27.72
31,1,111,4,182.07,18.20,76.46
31,2,16,5,51.92,7.78,23.36
31,3,33,6,75.21,15.04,36.10
32,1,2,7,32.74,8.18,16.69
32,2,19,8,56.03,2.80,30.25
32,3,36,1,79.32,7.93,45.21
33,1,5,2,36.85,5.52,22.11
33,2,22,3,60.14,12.02,37.88
33,3,39,4,83.43,20.85,55.06
34,1,8,5,40.96,0.00,28.26
34,2,25,6,64.25,0.00,46.26
34,3,42,7,87.54,0.00,32.38
35,1,11,8,45.07,0.00,18.02
35,2,28,1,68.36,0.00,29.39
35,3,45,2,91.65,0.00,42.15
36,1,14,3,49.18,0.00,24.09
36,2,31,4,72.47,0.00,37.68
36,3,48,5,95.76,0.00,52.66
37,1,17,6,53.29,0.00,30.90
37,2,34,7,76.58,0.00,46.71
37,3,51,8,99.87,0.00,63.91
38,1,20,1,57.40,0.00,38.45
38,2,37,2,80.69,0.00,56.48
38,3,54,3,103.98,0.00,36.39
39,1,23,4,61.51,0.00,23.37
39,2,40,5,84.80,0.00,34.76
39,3,57,6,108.09,0.00,47.55
40,1,26,7,65.62,0.00,30.84
40,2,43,8,88.91,0.00,44.45
40,3,60,1,112.20,0.00,59.46
41,1,29,2,69.73,0.00,39.04
41,2,46,3,93.02,0.00,54.88
41,3,63,4,116.31,0.00,72.11
42,1,32,5,73.84,0.00,47.99
42,2,49,6,97.13,0.00,66.04
42,3,66,7,120.42,0.00,85.49
43,1,35,8,77.95,0.00,28.06
43,2,52,1,101.24,0.00,39.48
43,3,69,2,124.53,0.00,52.30
44,1,38,3,82.06,0.00,36.92
44,2,55,4,105.35,0.00,50.56
44,3,72,5,128.64,0.00,65.60
45,1,41,6,86.17,0.00,46.53
45,2,58,7,109.46,0.00,62.39
45,3,75,8,132.75,0.00,79.65
46,1,44,1,90.28,0.00,56.87
46,2,61,2,113.57,0.00,74.95
46,3,78,3,136.86,0.00,94.43
47,1,47,4,94.39,0.00,67.96
47,2,64,5,117.68,0.00,43.54
47,3,81,6,140.97,0.00,56.38
48,1,50,7,98.50,0.00,42.35
48,2,67,8,121.79,0.00,56.02
48,3,84,1,145.08,0.00,71.08
49,1,53,2,102.61,0.00,53.35
49,2,70,3,125.90,0.00,69.24
49,3,87,4,149.19,0.00,86.53
50,1,56,5,106.72,0.00,65.09
50,2,73,6,130.01,0.00,83.20
50,3,90,7,153.30,0.00,102.71
51,1,59,8,110.83,0.00,77.58
51,2,76,1,134.12,0.00,46.94
51,3,93,2,157.41,0.00,59.81
52,1,62,3,114.94,0.00,47.12
52,2,79,4,138.23,0.00,60.82
52,3,96,5,161.52,0.00,75.91
53,1,65,6,119.05,0.00,59.52
53,2,82,7,142.34,0.00,75.44
53,3,99,8,165.63,0.00,92.75
54,1,68,1,123.16,0.00,72.66
54,2,85,2,146.45,0.00,90.79
54,3,102,3,169.74,25.46,110.33
55,1,71,4,127.27,25.45,86.54
55,2,88,5,150.56,37.64,106.89
55,3,105,6,173.85,8.69,62.58
56,1,74,7,131.38,13.13,51.23
56,2,91,8,154.67,23.20,64.96
56,3,108,1,177.96,35.59,80.08
57,1,77,2,135.49,33.87,65.03
57,2,94,3,158.78,7.93,80.97
57,3,111,4,182.07,18.20,98.31
58,1,80,5,139.60,20.94,79.57
58,2,97,6,162.89,32.57,97.73
58,3,2,7,32.74,8.18,20.62
59,1,83,8,143.71,7.18,94.84
59,2,100,1,167.00,16.70,115.23
59,3,5,2,36.85,5.52,26.53
60,1,86,3,147.82,29.56,54.69
60,2,103,4,171.11,42.77,68.44
60,3,8,5,40.96,2.04,17.61
61,1,89,6,151.93,15.19,69.88
61,2,106,7,175.22,26.28,85.85
61,3,11,8,45.07,9.01,23.43
62,1,92,1,156.04,39.01,85.82
62,2,109,2,179.33,8.96,104.01
62,3,14,3,49.18,4.91,29.99
63,1,95,4,160.15,24.02,102.49
63,2,112,5,183.44,36.68,122.90
63,3,17,6,53.29,13.32,37.30
64,1,98,7,164.26,8.21,57.49
64,2,3,8,34.11,3.41,12.96
64,3,20,1,57.40,8.61,23.53
65,1,101,2,168.37,33.67,74.08
65,2,6,3,38.22,9.55,17.96
65,3,23,4,61.51,3.07,30.75
66,1,104,5,172.48,17.24,91.41
66,2,9,6,42.33,6.34,23.70
66,3,26,7,65.62,13.12,38.71
67,1,107,8,176.59,44.14,109.48
67,2,12,1,46.44,0.00,30.18
67,3,29,2,69.73,0.00,47.41
68,1,110,3,180.70,0.00,128.29
68,2,15,4,50.55,0.00,18.19
68,3,32,5,73.84,0.00,28.79
69,1,1,6,31.37,0.00,13.17
69,2,18,7,54.66,0.00,24.59
69,3,35,8,77.95,0.00,37.41
70,1,4,1,35.48,0.00,18.09
70,2,21,2,58.77,0.00,31.73
70,3,38,3,82.06,0.00,46.77
71,1,7,4,39.59,0.00,23.75
71,2,24,5,62.88,0.00,39.61
71,3,41,6,86.17,0.00,56.87
72,1,10,7,43.70,0.00,30.15
72,2,27,8,66.99,0.00,48.23
72,3,44,1,90.28,0.00,33.40
73,1,13,2,47.81,0.00,19.12
73,2,30,3,71.10,0.00,30.57
73,3,47,4,94.39,0.00,43.41
74,1,16,5,51.92,0.00,25.44
74,2,33,6,75.21,0.00,39.10
74,3,50,7,98.50,0.00,54.17
75,1,19,8,56.03,0.00,32.49
75,2,36,1,79.32,0.00,48.38
75,3,53,2,102.61,0.00,65.67
76,1,22,3,60.14,0.00,40.29
76,2,39,4,83.43,0.00,58.40
76,3,56,5,106.72,0.00,37.35
77,1,25,6,64.25,0.00,24.41
77,2,42,7,87.54,0.00,35.89
77,3,59,8,110.83,0.00,48.76
78,1,28,1,68.36,0.00,32.12
78,2,45,2,91.65,0.00,45.82
78,3,62,3,114.94,0.00,60.91
79,1,31,4,72.47,0.00,40.58
79,2,48,5,95.76,0.00,56.49
79,3,65,6,119.05,0.00,73.81
80,1,34,7,76.58,0.00,49.77
80,2,51,8,99.87,0.00,67.91
80,3,68,1,123.16,0.00,87.44
81,1,37,2,80.69,0.00,29.04
81,2,54,3,103.98,0.00,40.55
81,3,71,4,127.27,0.00,53.45
82,1,40,5,84.80,0.00,38.16
82,2,57,6,108.09,0.00,51.88
82,3,74,7,131.38,0.00,67.00
83,1,43,8,88.91,0.00,48.01
83,2,60,1,112.20,0.00,63.95
83,3,77,2,135.49,0.00,81.29
84,1,46,3,93.02,0.00,58.60
84,2,63,4,116.31,0.00,76.76
84,3,80,5,139.60,0.00,96.32
85,1,49,6,97.13,0.00,69.93
85,2,66,7,120.42,0.00,44.55
85,3,83,8,143.71,0.00,57.48
86,1,52,1,101.24,0.00,43.53
86,2,69,2,124.53,0.00,57.28
86,3,86,3,147.82,0.00,72.43
87,1,55,4,105.35,0.00,54.78
87,2,72,5,128.64,0.00,70.75
87,3,89,6,151.93,0.00,88.11
88,1,58,7,109.46,16.41,66.77
88,2,75,8,132.75,26.55,84.96
88,3,92,1,156.04,39.01,104.54
89,1,61,2,113.57,5.67,79.49
89,2,78,3,136.86,13.68,47.90
89,3,95,4,160.15,24.02,60.85
90,1,64,5,117.68,23.53,48.24
90,2,81,6,140.97,35.24,62.02
90,3,98,7,164.26,8.21,77.20
91,1,67,8,121.79,12.17,60.89
91,2,84,1,145.08,21.76,76.89
91,3,101,2,168.37,33.67,94.28
92,1,70,3,125.90,31.47,74.28
92,2,87,4,149.19,7.45,92.49
92,3,104,5,172.48,17.24,112.11
93,1,73,6,130.01,19.50,88.40
93,2,90,7,153.30,30.66,108.84
93,3,107,8,176.59,44.14,63.57
94,1,76,1,134.12,6.70,52.30
94,2,93,2,157.41,15.74,66.11
94,3,110,3,180.70,27.10,81.31
95,1,79,4,138.23,27.64,66.35
95,2,96,5,161.52,40.38,82.37
95,3,1,6,31.37,1.56,16.93
96,1,82,7,142.34,14.23,81.13
96,2,99,8,165.63,24.84,99.37
96,3,4,1,35.48,7.09,22.35
97,1,85,2,146.45,36.61,96.65
97,2,102,3,169.74,8.48,117.12
97,3,7,4,39.59,3.95,28.50
98,1,88,5,150.56,22.58,55.70
98,2,105,6,173.85,34.77,69.54
98,3,10,7,43.70,10.92,18.79
99,1,91,8,154.67,7.73,71.14
99,2,108,1,177.96,17.79,87.20
99,3,13,2,47.81,7.17,24.86
100,1,94,3,158.78,31.75,87.32
100,2,111,4,182.07,45.51,105.60
100,3,16,5,51.92,0.00,31.67
101,1,97,6,162.89,0.00,104.24
101,2,2,7,32.74,0.00,21.93
101,3,19,8,56.03,0.00,39.22
102,1,100,1,167.00,0.00,58.45
102,2,5,2,36.85,0.00,14.00
102,3,22,3,60.14,0.00,24.65
103,1,103,4,171.11,0.00,75.28
103,2,8,5,40.96,0.00,19.25
103,3,25,6,64.25,0.00,32.12
104,1,106,7,175.22,0.00,92.86
104,2,11,8,45.07,0.00,25.23
104,3,28,1,68.36,0.00,40.33
105,1,109,2,179.33,0.00,111.18
105,2,14,3,49.18,0.00,31.96
105,3,31,4,72.47,0.00,49.27
106,1,112,5,183.44,0.00,130.24
106,2,17,6,53.29,0.00,19.18
106,3,34,7,76.58,0.00,29.86
107,1,3,8,34.11,0.00,14.32
107,2,20,1,57.40,0.00,25.83
107,3,37,2,80.69,0.00,38.73
108,1,6,3,38.22,0.00,19.49
108,2,23,4,61.51,0.00,33.21
108,3,40,5,84.80,0.00,48.33
109,1,9,6,42.33,0.00,25.39
109,2,26,7,65.62,0.00,41.34
109,3,43,8,88.91,0.00,58.68
110,1,12,1,46.44,0.00,32.04
110,2,29,2,69.73,0.00,50.20
110,3,46,3,93.02,0.00,34.41
111,1,15,4,50.55,0.00,20.22
111,2,32,5,73.84,0.00,31.75
111,3,49,6,97.13,0.00,44.67
112,1,18,7,54.66,0.00,26.78
112,2,35,8,77.95,0.00,40.53
112,3,52,1,101.24,0.00,55.68
113,1,21,2,58.77,0.00,34.08
113,2,38,3,82.06,0.00,50.05
113,3,55,4,105.35,0.00,67.42
114,1,24,5,62.88,0.00,42.12
114,2,41,6,86.17,0.00,60.31
114,3,58,7,109.46,0.00,38.31
115,1,27,8,66.99,0.00,25.45
115,2,44,1,90.28,0.00,37.01
115,3,61,2,113.57,0.00,49.97
116,1,30,3,71.10,0.00,33.41
116,2,47,4,94.39,0.00,47.19
116,3,64,5,117.68,0.00,62.37
117,1,33,6,75.21,0.00,42.11
117,2,50,7,98.50,0.00,58.11
117,3,67,8,121.79,0.00,75.50
118,1,36,1,79.32,0.00,51.55
118,2,53,2,102.61,0.00,69.77
118,3,70,3,125.90,0.00,89.38
119,1,39,4,83.43,0.00,30.03
119,2,56,5,106.72,0.00,41.62
119,3,73,6,130.01,0.00,54.60
120,1,42,7,87.54,0.00,39.39
120,2,59,8,110.83,0.00,53.19
120,3,76,1,134.12,0.00,68.40
121,1,45,2,91.65,0.00,49.49
121,2,62,3,114.94,17.24,65.51
121,3,79,4,138.23,27.64,82.93
122,1,48,5,95.76,23.94,60.32
122,2,65,6,119.05,5.95,78.57
122,3,82,7,142.34,14.23,98.21
123,1,51,8,99.87,14.98,71.90
123,2,68,1,123.16,24.63,45.56
123,3,85,2,146.45,36.61,58.58
124,1,54,3,103.98,5.19,44.71
124,2,71,4,127.27,12.72,58.54
124,3,88,5,150.56,22.58,73.77
125,1,57,6,108.09,21.61,56.20
125,2,74,7,131.38,32.84,72.25
125,3,91,8,154.67,7.73,89.70
126,1,60,1,112.20,11.22,68.44
126,2,77,2,135.49,20.32,86.71
126,3,94,3,158.78,31.75,106.38
127,1,63,4,116.31,29.07,81.41
127,2,80,5,139.60,6.98,48.86
127,3,97,6,162.89,16.28,61.89
128,1,66,7,120.42,18.06,49.37
128,2,83,8,143.71,28.74,63.23
128,3,100,1,167.00,41.75,78.49
129,1,69,2,124.53,6.22,62.26
129,2,86,3,147.82,14.78,78.34
129,3,103,4,171.11,25.66,95.82
130,1,72,5,128.64,25.72,75.89
130,2,89,6,151.93,37.98,94.19
130,3,106,7,175.22,8.76,113.89
131,1,75,8,132.75,13.27,90.27
131,2,92,1,156.04,23.40,110.78
131,3,109,2,179.33,35.86,64.55
132,1,78,3,136.86,34.21,53.37
132,2,95,4,160.15,8.00,67.26
132,3,112,5,183.44,18.34,82.54
133,1,81,6,140.97,21.14,67.66
133,2,98,7,164.26,32.85,83.77
133,3,3,8,34.11,8.52,18.41
134,1,84,1,145.08,0.00,82.69
134,2,101,2,168.37,0.00,101.02
134,3,6,3,38.22,0.00,24.07
135,1,87,4,149.19,0.00,98.46
135,2,104,5,172.48,0.00,119.01
135,3,9,6,42.33,0.00,30.47
136,1,90,7,153.30,0.00,56.72
136,2,107,8,176.59,0.00,70.63
136,3,12,1,46.44,0.00,19.96
137,1,93,2,157.41,0.00,72.40
137,2,110,3,180.70,0.00,88.54
137,3,15,4,50.55,0.00,26.28
138,1,96,5,161.52,0.00,88.83
138,2,1,6,31.37,0.00,18.19
138,3,18,7,54.66,0.00,33.34
139,1,99,8,165.63,0.00,106.00
139,2,4,1,35.48,0.00,23.77
139,3,21,2,58.77,0.00,41.13
140,1,102,3,169.74,0.00,59.40
140,2,7,4,39.59,0.00,15.04
140,3,24,5,62.88,0.00,25.78
141,1,105,6,173.85,0.00,76.49
141,2,10,7,43.70,0.00,20.53
141,3,27,8,66.99,0.00,33.49
142,1,108,1,177.96,0.00,94.31
142,2,13,2,47.81,0.00,26.77
142,3,30,3,71.10,0.00,41.94
143,1,111,4,182.07,0.00,112.88
143,2,16,5,51.92,0.00,33.74
143,3,33,6,75.21,0.00,51.14
144,1,2,7,32.74,0.00,23.24
144,2,19,8,56.03,0.00,20.17
144,3,36,1,79.32,0.00,30.93
145,1,5,2,36.85,0.00,15.47
145,2,22,3,60.14,0.00,27.06
145,3,39,4,83.43,0.00,40.04
146,1,8,5,40.96,0.00,20.88
146,2,25,6,64.25,0.00,34.69
146,3,42,7,87.54,0.00,49.89
147,1,11,8,45.07,0.00,27.04
147,2,28,1,68.36,0.00,43.06
147,3,45,2,91.65,0.00,60.48
148,1,14,3,49.18,0.00,33.93
148,2,31,4,72.47,0.00,52.17
148,3,48,5,95.76,0.00,35.43
149,1,17,6,53.29,0.00,21.31
149,2,34,7,76.58,0.00,32.92
149,3,51,8,99.87,0.00,45.94
150,1,20,1,57.40,0.00,28.12
150,2,37,2,80.69,0.00,41.95
150,3,54,3,103.98,0.00,57.18
151,1,23,4,61.51,0.00,35.67
151,2,40,5,84.80,0.00,51.72
151,3,57,6,108.09,0.00,69.17
152,1,26,7,65.62,0.00,43.96
152,2,43,8,88.91,0.00,62.23
152,3,60,1,112.20,0.00,39.27
153,1,29,2,69.73,0.00,26.49
153,2,46,3,93.02,0.00,38.13
153,3,63,4,116.31,0.00,51.17
154,1,32,5,73.84,0.00,34.70
154,2,49,6,97.13,0.00,48.56
154,3,66,7,120.42,18.06,63.82
155,1,35,8,77.95,15.59,43.65
155,2,52,1,101.24,25.31,59.73
155,3,69,2,124.53,6.22,77.20
156,1,38,3,82.06,8.20,53.33
156,2,55,4,105.35,15.80,71.63
156,3,72,5,128.64,25.72,91.33
157,1,41,6,86.17,21.54,31.02
157,2,58,7,109.46,5.47,42.68
157,3,75,8,132.75,13.27,55.75
158,1,44,1,90.28,13.54,40.62
158,2,61,2,113.57,22.71,54.51
158,3,78,3,136.86,34.21,69.79
159,1,47,4,94.39,4.71,50.97
159,2,64,5,117.68,11.76,67.07
159,3,81,6,140.97,21.14,84.58
160,1,50,7,98.50,19.70,62.05
160,2,67,8,121.79,30.44,80.38
160,3,84,1,145.08,7.25,100.10
161,1,53,2,102.61,10.26,73.87
161,2,70,3,125.90,18.88,46.58
161,3,87,4,149.19,29.83,59.67
162,1,56,5,106.72,26.68,45.88
162,2,73,6,130.01,6.50,59.80
162,3,90,7,153.30,15.33,75.11
163,1,59,8,110.83,16.62,57.63
163,2,76,1,134.12,26.82,73.76
163,3,93,2,157.41,39.35,91.29
164,1,62,3,114.94,5.74,70.11
164,2,79,4,138.23,13.82,88.46
164,3,96,5,161.52,24.22,108.21
165,1,65,6,119.05,23.81,83.33
165,2,82,7,142.34,35.58,49.81
165,3,99,8,165.63,8.28,62.93
166,1,68,1,123.16,12.31,50.49
166,2,85,2,146.45,21.96,64.43
166,3,102,3,169.74,33.94,79.77
167,1,71,4,127.27,31.81,63.63
167,2,88,5,150.56,0.00,79.79
167,3,105,6,173.85,0.00,97.35
168,1,74,7,131.38,0.00,77.51
168,2,91,8,154.67,0.00,95.89
168,3,108,1,177.96,0.00,115.67
169,1,77,2,135.49,0.00,92.13
169,2,94,3,158.78,0.00,112.73
169,3,111,4,182.07,0.00,65.54
170,1,80,5,139.60,0.00,54.44
170,2,97,6,162.89,0.00,68.41
170,3,2,7,32.74,0.00,14.73
171,1,83,8,143.71,0.00,68.98
171,2,100,1,167.00,0.00,85.17
171,3,5,2,36.85,0.00,19.89
172,1,86,3,147.82,0.00,84.25
172,2,103,4,171.11,0.00,102.66
172,3,8,5,40.96,0.00,25.80
173,1,89,6,151.93,0.00,100.27
173,2,106,7,175.22,0.00,120.90
173,3,11,8,45.07,0.00,32.45
174,1,92,1,156.04,0.00,57.73
174,2,109,2,179.33,0.00,71.73
174,3,14,3,49.18,0.00,21.14
175,1,95,4,160.15,0.00,73.66
175,2,112,5,183.44,0.00,89.88
175,3,17,6,53.29,0.00,27.71
176,1,98,7,164.26,0.00,90.34
176,2,3,8,34.11,0.00,19.78
176,3,20,1,57.40,0.00,35.01
177,1,101,2,168.37,0.00,107.75
177,2,6,3,38.22,0.00,25.60
177,3,23,4,61.51,0.00,43.05
178,1,104,5,172.48,0.00,60.36
178,2,9,6,42.33,0.00,16.08
178,3,26,7,65.62,0.00,26.90
179,1,107,8,176.59,0.00,77.69
179,2,12,1,46.44,0.00,21.82
179,3,29,2,69.73,0.00,34.86
180,1,110,3,180.70,0.00,95.77
180,2,15,4,50.55,0.00,28.30
180,3,32,5,73.84,0.00,43.56
181,1,1,6,31.37,0.00,19.44
181,2,18,7,54.66,0.00,35.52
181,3,35,8,77.95,0.00,53.00
182,1,4,1,35.48,0.00,25.19
182,2,21,2,58.77,0.00,21.15
182,3,38,3,82.06,0.00,32.00
183,1,7,4,39.59,0.00,16.62
183,2,24,5,62.88,0.00,28.29
183,3,41,6,86.17,0.00,41.36
184,1,10,7,43.70,0.00,22.28
184,2,27,8,66.99,0.00,36.17
184,3,44,1,90.28,0.00,51.45
185,1,13,2,47.81,0.00,28.68
185,2,30,3,71.10,0.00,44.79
185,3,47,4,94.39,0.00,62.29
186,1,16,5,51.92,0.00,35.82
186,2,33,6,75.21,0.00,54.15
186,3,50,7,98.50,0.00,36.44
187,1,19,8,56.03,0.00,22.41
187,2,36,1,79.32,0.00,34.10
187,3,53,2,102.61,0.00,47.20
188,1,22,3,60.14,9.02,29.46
188,2,39,4,83.43,16.68,43.38
188,3,56,5,106.72,26.68,58.69
189,1,25,6,64.25,3.21,37.26
189,2,42,7,87.54,8.75,53.39
189,3,59,8,110.83,16.62,70.93
190,1,28,1,68.36,13.67,45.80
190,2,45,2,91.65,22.91,64.15
190,3,62,3,114.94,5.74,40.22
191,1,31,4,72.47,7.24,27.53
191,2,48,5,95.76,14.36,39.26
191,3,65,6,119.05,23.81,52.38
192,1,34,7,76.58,19.14,35.99
192,2,51,8,99.87,4.99,49.93
192,3,68,1,123.16,12.31,65.27
193,1,37,2,80.69,12.10,45.18
193,2,54,3,103.98,20.79,61.34
193,3,71,4,127.27,31.81,78.90
194,1,40,5,84.80,4.24,55.12
194,2,57,6,108.09,10.80,73.50
194,3,74,7,131.38,19.70,93.27
195,1,43,8,88.91,17.78,32.00
195,2,60,1,112.20,28.05,43.75
195,3,77,2,135.49,6.77,56.90
196,1,46,3,93.02,9.30,41.85
196,2,63,4,116.31,17.44,55.82
196,3,80,5,139.60,27.92,71.19
197,1,49,6,97.13,24.28,52.45
197,2,66,7,120.42,6.02,68.63
197,3,83,8,143.71,14.37,86.22
198,1,52,1,101.24,15.18,63.78
198,2,69,2,124.53,24.90,82.18
198,3,86,3,147.82,36.95,101.99
199,1,55,4,105.35,5.26,75.85
199,2,72,5,128.64,12.86,47.59
199,3,89,6,151.93,22.78,60.77
200,1,58,7,109.46,21.89,47.06
200,2,75,8,132.75,33.18,61.06
200,3,92,1,156.04,0.00,76.45
201,1,61,2,113.57,0.00,59.05
201,2,78,3,136.86,0.00,75.27
201,3,95,4,160.15,0.00,92.88
202,1,64,5,117.68,0.00,71.78
202,2,81,6,140.97,0.00,90.22
202,3,98,7,164.26,0.00,110.05
203,1,67,8,121.79,0.00,85.25
203,2,84,1,145.08,0.00,50.77
203,3,101,2,168.37,0.00,63.98
204,1,70,3,125.90,0.00,51.61
204,2,87,4,149.19,0.00,65.64
204,3,104,5,172.48,0.00,81.06
205,1,73,6,130.01,0.00,65.00
205,2,90,7,153.30,0.00,81.24
205,3,107,8,176.59,0.00,98.89
206,1,76,1,134.12,0.00,79.13
206,2,93,2,157.41,0.00,97.59
206,3,110,3,180.70,0.00,117.45
207,1,79,4,138.23,0.00,93.99
207,2,96,5,161.52,0.00,114.67
207,3,1,6,31.37,0.00,11.29
208,1,82,7,142.34,0.00,55.51
208,2,99,8,165.63,0.00,69.56
208,3,4,1,35.48,0.00,15.96
209,1,85,2,146.45,0.00,70.29
209,2,102,3,169.74,0.00,86.56
209,3,7,4,39.59,0.00,21.37
210,1,88,5,150.56,0.00,85.81
210,2,105,6,173.85,0.00,104.31
210,3,10,7,43.70,0.00,27.53
211,1,91,8,154.67,0.00,102.08
211,2,108,1,177.96,0.00,122.79
211,3,13,2,47.81,0.00,34.42
212,1,94,3,158.78,0.00,58.74
212,2,111,4,182.07,0.00,72.82
212,3,16,5,51.92,0.00,22.32
213,1,97,6,162.89,0.00,74.92
213,2,2,7,32.74,0.00,16.04
213,3,19,8,56.03,0.00,29.13
214,1,100,1,167.00,0.00,91.85
214,2,5,2,36.85,0.00,21.37
214,3,22,3,60.14,0.00,36.68
215,1,103,4,171.11,0.00,109.51
215,2,8,5,40.96,0.00,27.44
215,3,25,6,64.25,0.00,44.97
216,1,106,7,175.22,0.00,61.32
216,2,11,8,45.07,0.00,17.12
216,3,28,1,68.36,0.00,28.02
217,1,109,2,179.33,0.00,78.90
217,2,14,3,49.18,0.00,23.11
217,3,31,4,72.47,0.00,36.23
218,1,112,5,183.44,0.00,97.22
218,2,17,6,53.29,0.00,29.84
218,3,34,7,76.58,0.00,45.18
219,1,3,8,34.11,0.00,21.14
219,2,20,1,57.40,0.00,37.31
219,3,37,2,80.69,0.00,54.86
220,1,6,3,38.22,0.00,27.13
220,2,23,4,61.51,0.00,22.14
220,3,40,5,84.80,0.00,33.07
221,1,9,6,42.33,0.00,17.77
221,2,26,7,65.62,9.84,29.52
221,3,43,8,88.91,17.78,42.67
222,1,12,1,46.44,11.61,23.68
222,2,29,2,69.73,3.48,37.65
222,3,46,3,93.02,9.30,53.02
223,1,15,4,50.55,7.58,30.33
223,2,32,5,73.84,14.76,46.51
223,3,49,6,97.13,24.28,64.10
224,1,18,7,54.66,2.73,37.71
224,2,35,8,77.95,7.79,56.12
224,3,52,1,101.24,15.18,37.45
225,1,21,2,58.77,11.75,23.50
225,2,38,3,82.06,20.51,35.28
225,3,55,4,105.35,5.26,48.46
226,1,24,5,62.88,6.28,30.81
226,2,41,6,86.17,12.92,44.80
226,3,58,7,109.46,21.89,60.20
227,1,27,8,66.99,16.74,38.85
227,2,44,1,90.28,4.51,55.07
227,3,61,2,113.57,11.35,72.68
228,1,30,3,71.10,10.66,47.63
228,2,47,4,94.39,18.87,66.07
228,3,64,5,117.68,29.42,41.18
229,1,33,6,75.21,3.76,28.57
229,2,50,7,98.50,9.85,40.38
229,3,67,8,121.79,18.26,53.58
230,1,36,1,79.32,15.86,37.28
230,2,53,2,102.61,25.65,51.30
230,3,70,3,125.90,6.29,66.72
231,1,39,4,83.43,8.34,46.72
231,2,56,5,106.72,16.00,62.96
231,3,73,6,130.01,26.00,80.60
232,1,42,7,87.54,21.88,56.90
232,2,59,8,110.83,5.54,75.36
232,3,76,1,134.12,13.41,95.22
233,1,45,2,91.65,13.74,32.99
233,2,62,3,114.94,22.98,44.82
233,3,79,4,138.23,34.55,58.05
234,1,48,5,95.76,0.00,43.09
234,2,65,6,119.05,0.00,57.14
234,3,82,7,142.34,0.00,72.59
235,1,51,8,99.87,0.00,53.92
235,2,68,1,123.16,0.00,70.20
235,3,85,2,146.45,0.00,87.87
236,1,54,3,103.98,0.00,65.50
236,2,71,4,127.27,0.00,83.99
236,3,88,5,150.56,0.00,103.88
237,1,57,6,108.09,0.00,77.82
237,2,74,7,131.38,0.00,48.61
237,3,91,8,154.67,0.00,61.86
238,1,60,1,112.20,0.00,48.24
238,2,77,2,135.49,0.00,62.32
238,3,94,3,158.78,0.00,77.80
239,1,63,4,116.31,0.00,60.48
239,2,80,5,139.60,0.00,76.78
239,3,97,6,162.89,0.00,94.47
240,1,66,7,120.42,0.00,73.45
240,2,83,8,143.71,0.00,91.97
240,3,100,1,167.00,0.00,111.89
241,1,69,2,124.53,0.00,87.17
241,2,86,3,147.82,0.00,51.73
241,3,103,4,171.11,0.00,65.02
242,1,72,5,128.64,0.00,52.74
242,2,89,6,151.93,0.00,66.84
242,3,106,7,175.22,0.00,82.35
243,1,75,8,132.75,0.00,66.37
243,2,92,1,156.04,0.00,82.70
243,3,109,2,179.33,0.00,100.42
244,1,78,3,136.86,0.00,80.74
244,2,95,4,160.15,0.00,99.29
244,3,112,5,183.44,0.00,119.23
245,1,81,6,140.97,0.00,95.85
245,2,98,7,164.26,0.00,116.62
245,3,3,8,34.11,0.00,12.27
246,1,84,1,145.08,0.00,56.58
246,2,101,2,168.37,0.00,70.71
246,3,6,3,38.22,0.00,17.19
247,1,87,4,149.19,0.00,71.61
247,2,104,5,172.48,0.00,87.96
247,3,9,6,42.33,0.00,22.85
248,1,90,7,153.30,0.00,87.38
248,2,107,8,176.59,0.00,105.95
248,3,12,1,46.44,0.00,29.25
249,1,93,2,157.41,0.00,103.89
249,2,110,3,180.70,0.00,124.68
249,3,15,4,50.55,0.00,36.39
250,1,96,5,161.52,0.00,59.76
250,2,1,6,31.37,0.00,12.54
250,3,18,7,54.66,0.00,23.50
251,1,99,8,165.63,0.00,76.18
251,2,4,1,35.48,0.00,17.38
251,3,21,2,58.77,0.00,30.56
252,1,102,3,169.74,0.00,93.35
252,2,7,4,39.59,0.00,22.96
252,3,24,5,62.88,0.00,38.35
253,1,105,6,173.85,0.00,111.26
253,2,10,7,43.70,0.00,29.27
253,3,27,8,66.99,0.00,46.89
254,1,108,1,177.96,0.00,62.28
254,2,13,2,47.81,0.00,18.16
254,3,30,3,71.10,10.66,29.15
255,1,111,4,182.07,36.41,80.11
255,2,16,5,51.92,12.98,24.40
255,3,33,6,75.21,3.76,37.60
256,1,2,7,32.74,3.27,17.35
256,2,19,8,56.03,8.40,31.37
256,3,36,1,79.32,15.86,46.79
257,1,5,2,36.85,9.21,22.84
257,2,22,3,60.14,3.00,39.09
257,3,39,4,83.43,8.34,56.73
258,1,8,5,40.96,6.14,29.08
258,2,25,6,64.25,12.85,23.13
258,3,42,7,87.54,21.88,34.14
259,1,11,8,45.07,2.25,18.92
259,2,28,1,68.36,6.83,30.76
259,3,45,2,91.65,13.74,43.99
260,1,14,3,49.18,9.83,25.08
260,2,31,4,72.47,18.11,39.13
260,3,48,5,95.76,4.78,54.58
261,1,17,6,53.29,5.32,31.97
261,2,34,7,76.58,11.48,48.24
261,3,51,8,99.87,19.97,65.91
262,1,20,1,57.40,14.35,39.60
262,2,37,2,80.69,4.03,58.09
262,3,54,3,103.98,10.39,38.47
263,1,23,4,61.51,9.22,24.60
263,2,40,5,84.80,16.96,36.46
263,3,57,6,108.09,27.02,49.72
264,1,26,7,65.62,3.28,32.15
264,2,43,8,88.91,8.89,46.23
264,3,60,1,112.20,16.83,61.71
265,1,29,2,69.73,13.94,40.44
265,2,46,3,93.02,23.25,56.74
265,3,63,4,116.31,5.81,74.43
266,1,32,5,73.84,7.38,49.47
266,2,49,6,97.13,14.56,67.99
266,3,66,7,120.42,24.08,42.14
267,1,35,8,77.95,19.48,29.62
267,2,52,1,101.24,0.00,41.50
267,3,69,2,124.53,0.00,54.79
268,1,38,3,82.06,0.00,38.56
268,2,55,4,105.35,0.00,52.67
268,3,72,5,128.64,0.00,68.17
269,1,41,6,86.17,0.00,48.25
269,2,58,7,109.46,0.00,64.58
269,3,75,8,132.75,0.00,82.30
270,1,44,1,90.28,0.00,58.68
270,2,61,2,113.57,0.00,77.22
270,3,78,3,136.86,0.00,97.17
271,1,47,4,94.39,0.00,33.98
271,2,64,5,117.68,0.00,45.89
271,3,81,6,140.97,0.00,59.20
272,1,50,7,98.50,0.00,44.32
272,2,67,8,121.79,0.00,58.45
272,3,84,1,145.08,0.00,73.99
273,1,53,2,102.61,0.00,55.40
273,2,70,3,125.90,0.00,71.76
273,3,87,4,149.19,0.00,89.51
274,1,56,5,106.72,0.00,67.23
274,2,73,6,130.01,0.00,85.80
274,3,90,7,153.30,0.00,105.77
275,1,59,8,110.83,0.00,79.79
275,2,76,1,134.12,0.00,49.62
275,3,93,2,157.41,0.00,62.96
276,1,62,3,114.94,0.00,49.42
276,2,79,4,138.23,0.00,63.58
276,3,96,5,161.52,0.00,79.14
277,1,65,6,119.05,0.00,61.90
277,2,82,7,142.34,0.00,78.28
277,3,99,8,165.63,0.00,96.06
278,1,68,1,123.16,0.00,75.12
278,2,85,2,146.45,0.00,93.72
278,3,102,3,169.74,0.00,113.72
279,1,71,4,127.27,0.00,89.08
279,2,88,5,150.56,0.00,52.69
279,3,105,6,173.85,0.00,66.06
280,1,74,7,131.38,0.00,53.86
280,2,91,8,154.67,0.00,68.05
280,3,108,1,177.96,0.00,83.64
281,1,77,2,135.49,0.00,67.74
281,2,94,3,158.78,0.00,84.15
281,3,111,4,182.07,0.00,101.95
282,1,80,5,139.60,0.00,82.36
282,2,97,6,162.89,0.00,100.99
282,3,2,7,32.74,0.00,21.28
283,1,83,8,143.71,0.00,97.72
283,2,100,1,167.00,0.00,118.57
283,3,5,2,36.85,0.00,13.26
284,1,86,3,147.82,0.00,57.64
284,2,103,4,171.11,0.00,71.86
284,3,8,5,40.96,0.00,18.43
285,1,89,6,151.93,0.00,72.92
285,2,106,7,175.22,0.00,89.36
285,3,11,8,45.07,0.00,24.33
286,1,92,1,156.04,0.00,88.94
286,2,109,2,179.33,0.00,107.59
286,3,14,3,49.18,0.00,30.98
287,1,95,4,160.15,0.00,105.69
287,2,112,5,183.44,0.00,126.57
287,3,17,6,53.29,0.00,38.36
288,1,98,7,164.26,24.63,60.77
288,2,3,8,34.11,6.82,13.64
288,3,20,1,57.40,14.35,24.68
289,1,101,2,168.37,8.41,77.45
289,2,6,3,38.22,3.82,18.72
289,3,23,4,61.51,9.22,31.98
290,1,104,5,172.48,34.49,94.86
290,2,9,6,42.33,10.58,24.55
290,3,26,7,65.62,3.28,40.02
291,1,107,8,176.59,17.65,113.01
291,2,12,1,46.44,6.96,31.11
291,3,29,2,69.73,13.94,48.81
292,1,110,3,180.70,45.17,63.24
292,2,15,4,50.55,2.52,19.20
292,3,32,5,73.84,7.38,30.27
293,1,1,6,31.37,4.70,13.80
293,2,18,7,54.66,10.93,25.69
293,3,35,8,77.95,19.48,38.97
294,1,4,1,35.48,1.77,18.80
294,2,21,2,58.77,5.87,32.91
294,3,38,3,82.06,12.30,48.41
295,1,7,4,39.59,7.91,24.54
295,2,24,5,62.88,15.72,40.87
295,3,41,6,86.17,4.30,58.59
296,1,10,7,43.70,4.37,31.02
296,2,27,8,66.99,10.04,24.11
296,3,44,1,90.28,18.05,35.20
297,1,13,2,47.81,11.95,20.08
297,2,30,3,71.10,3.55,31.99
297,3,47,4,94.39,9.43,45.30
298,1,16,5,51.92,7.78,26.47
298,2,33,6,75.21,15.04,40.61
298,3,50,7,98.50,24.62,56.14
299,1,19,8,56.03,2.80,33.61
299,2,36,1,79.32,7.93,49.97
299,3,53,2,102.61,15.39,67.72
300,1,22,3,60.14,12.02,41.49
300,2,39,4,83.43,20.85,60.06
300,3,56,5,106.72,0.00,39.48
301,1,25,6,64.25,0.00,25.70
301,2,42,7,87.54,0.00,37.64
301,3,59,8,110.83,0.00,50.98
302,1,28,1,68.36,0.00,33.49
302,2,45,2,91.65,0.00,47.65
302,3,62,3,114.94,0.00,63.21
303,1,31,4,72.47,0.00,42.03
303,2,48,5,95.76,0.00,58.41
303,3,65,6,119.05,0.00,76.19
304,1,34,7,76.58,0.00,51.30
304,2,51,8,99.87,0.00,69.90
304,3,68,1,123.16,0.00,43.10
305,1,37,2,80.69,0.00,30.66
305,2,54,3,103.98,0.00,42.63
305,3,71,4,127.27,0.00,55.99
306,1,40,5,84.80,0.00,39.85
306,2,57,6,108.09,0.00,54.04
306,3,74,7,131.38,0.00,69.63
307,1,43,8,88.91,0.00,49.78
307,2,60,1,112.20,0.00,66.19
307,3,77,2,135.49,0.00,84.00
308,1,46,3,93.02,0.00,60.46
308,2,63,4,116.31,0.00,79.09
308,3,80,5,139.60,0.00,99.11
309,1,49,6,97.13,0.00,34.96
309,2,66,7,120.42,0.00,46.96
309,3,83,8,143.71,0.00,60.35
310,1,52,1,101.24,0.00,45.55
310,2,69,2,124.53,0.00,59.77
310,3,86,3,147.82,0.00,75.38
311,1,55,4,105.35,0.00,56.88
311,2,72,5,128.64,0.00,73.32
311,3,89,6,151.93,0.00,91.15
312,1,58,7,109.46,0.00,68.95
312,2,75,8,132.75,0.00,87.61
312,3,92,1,156.04,0.00,107.66
313,1,61,2,113.57,0.00,81.77
313,2,78,3,136.86,0.00,50.63
313,3,95,4,160.15,0.00,64.06
314,1,64,5,117.68,0.00,50.60
314,2,81,6,140.97,0.00,64.84
314,3,98,7,164.26,0.00,80.48
315,1,67,8,121.79,0.00,63.33
315,2,84,1,145.08,0.00,79.79
315,3,101,2,168.37,0.00,97.65
316,1,70,3,125.90,0.00,76.79
316,2,87,4,149.19,0.00,95.48
316,3,104,5,172.48,0.00,115.56
317,1,73,6,130.01,0.00,91.00
317,2,90,7,153.30,0.00,53.65
317,3,107,8,176.59,0.00,67.10
318,1,76,1,134.12,0.00,54.98
318,2,93,2,157.41,0.00,69.26
318,3,110,3,180.70,0.00,84.92
319,1,79,4,138.23,0.00,69.11
319,2,96,5,161.52,0.00,85.60
319,3,1,6,31.37,0.00,17.56
320,1,82,7,142.34,0.00,83.98
320,2,99,8,165.63,0.00,102.69
320,3,4,1,35.48,0.00,23.06
321,1,85,2,146.45,0.00,99.58
321,2,102,3,169.74,25.46,120.51
321,3,7,4,39.59,7.91,14.25
322,1,88,5,150.56,37.64,58.71
322,2,105,6,173.85,8.69,73.01
322,3,10,7,43.70,4.37,19.66
323,1,91,8,154.67,23.20,74.24
323,2,108,1,177.96,35.59,90.75
323,3,13,2,47.81,11.95,25.81
324,1,94,3,158.78,7.93,90.50
324,2,111,4,182.07,18.20,109.24
324,3,16,5,51.92,7.78,32.70
325,1,97,6,162.89,32.57,107.50
325,2,2,7,32.74,8.18,22.59
325,3,19,8,56.03,2.80,40.34
326,1,100,1,167.00,16.70,61.79
326,2,5,2,36.85,5.52,14.74
326,3,22,3,60.14,12.02,25.86
327,1,103,4,171.11,42.77,78.71
327,2,8,5,40.96,2.04,20.07
327,3,25,6,64.25,6.42,33.41
328,1,106,7,175.22,26.28,96.37
328,2,11,8,45.07,9.01,26.14
328,3,28,1,68.36,17.09,41.69
329,1,109,2,179.33,8.96,114.77
329,2,14,3,49.18,4.91,32.95
329,3,31,4,72.47,10.87,50.72
330,1,112,5,183.44,36.68,64.20
330,2,17,6,53.29,13.32,20.25
330,3,34,7,76.58,3.82,31.39
331,1,3,8,34.11,3.41,15.00
331,2,20,1,57.40,8.61,26.97
331,3,37,2,80.69,16.13,40.34
332,1,6,3,38.22,9.55,20.25
332,2,23,4,61.51,3.07,34.44
332,3,40,5,84.80,8.48,50.03
333,1,9,6,42.33,6.34,26.24
333,2,26,7,65.62,13.12,42.65
333,3,43,8,88.91,22.22,60.45
334,1,12,1,46.44,0.00,32.97
334,2,29,2,69.73,0.00,25.10
334,3,46,3,93.02,0.00,36.27
335,1,15,4,50.55,0.00,21.23
335,2,32,5,73.84,0.00,33.22
335,3,49,6,97.13,0.00,46.62
336,1,18,7,54.66,0.00,27.87
336,2,35,8,77.95,0.00,42.09
336,3,52,1,101.24,0.00,57.70
337,1,21,2,58.77,0.00,35.26
337,2,38,3,82.06,0.00,51.69
337,3,55,4,105.35,0.00,69.53
338,1,24,5,62.88,0.00,43.38
338,2,41,6,86.17,0.00,62.04
338,3,58,7,109.46,0.00,40.50
339,1,27,8,66.99,0.00,26.79
339,2,44,1,90.28,0.00,38.82
339,3,61,2,113.57,0.00,52.24
340,1,30,3,71.10,0.00,34.83
340,2,47,4,94.39,0.00,49.08
340,3,64,5,117.68,0.00,64.72
341,1,33,6,75.21,0.00,43.62
341,2,50,7,98.50,0.00,60.08
341,3,67,8,121.79,0.00,77.94
342,1,36,1,79.32,0.00,53.14
342,2,53,2,102.61,0.00,71.82
342,3,70,3,125.90,0.00,44.06
343,1,39,4,83.43,0.00,31.70
343,2,56,5,106.72,0.00,43.75
343,3,73,6,130.01,0.00,57.20
344,1,42,7,87.54,0.00,41.14
344,2,59,8,110.83,0.00,55.41
344,3,76,1,134.12,0.00,71.08
345,1,45,2,91.65,0.00,51.32
345,2,62,3,114.94,0.00,67.81
345,3,79,4,138.23,0.00,85.70
346,1,48,5,95.76,0.00,62.24
346,2,65,6,119.05,0.00,80.95
346,3,82,7,142.34,0.00,101.06
347,1,51,8,99.87,0.00,35.95
347,2,68,1,123.16,0.00,48.03
347,3,85,2,146.45,0.00,61.50
348,1,54,3,103.98,0.00,46.79
348,2,71,4,127.27,0.00,61.08
348,3,88,5,150.56,0.00,76.78
349,1,57,6,108.09,0.00,58.36
349,2,74,7,131.38,0.00,74.88
349,3,91,8,154.67,0.00,92.80
350,1,60,1,112.20,0.00,70.68
350,2,77,2,135.49,0.00,89.42
350,3,94,3,158.78,0.00,109.55
351,1,63,4,116.31,0.00,83.74
351,2,80,5,139.60,0.00,51.65
351,3,97,6,162.89,0.00,65.15
352,1,66,7,120.42,0.00,51.78
352,2,83,8,143.71,0.00,66.10
352,3,100,1,167.00,0.00,81.83
353,1,69,2,124.53,0.00,64.75
353,2,86,3,147.82,0.00,81.30
353,3,103,4,171.11,0.00,99.24
354,1,72,5,128.64,0.00,78.47
354,2,89,6,151.93,0.00,97.23
354,3,106,7,175.22,26.28,117.39
355,1,75,8,132.75,26.55,92.92
355,2,92,1,156.04,39.01,54.61
355,3,109,2,179.33,8.96,68.14
356,1,78,3,136.86,13.68,56.11
356,2,95,4,160.15,24.02,70.46
356,3,112,5,183.44,36.68,86.21
357,1,81,6,140.97,35.24,70.48
357,2,98,7,164.26,8.21,87.05
357,3,3,8,34.11,3.41,19.10
358,1,84,1,145.08,21.76,85.59
358,2,101,2,168.37,33.67,104.38
358,3,6,3,38.22,9.55,24.84
359,1,87,4,149.19,7.45,101.44
359,2,104,5,172.48,17.24,122.46
359,3,9,6,42.33,6.34,15.23
360,1,90,7,153.30,30.66,59.78
360,2,107,8,176.59,44.14,74.16
360,3,12,1,46.44,2.32,20.89
361,1,93,2,157.41,15.74,75.55
361,2,110,3,180.70,27.10,92.15
361,3,15,4,50.55,10.11,27.29
362,1,96,5,161.52,40.38,92.06
362,2,1,6,31.37,1.56,18.82
362,3,18,7,54.66,5.46,34.43
363,1,99,8,165.63,24.84,109.31
363,2,4,1,35.48,7.09,24.48
363,3,21,2,58.77,14.69,42.31
364,1,102,3,169.74,8.48,62.80
364,2,7,4,39.59,3.95,15.83
364,3,24,5,62.88,9.43,27.03
365,1,105,6,173.85,34.77,79.97
365,2,10,7,43.70,10.92,21.41
365,3,27,8,66.99,3.34,34.83
366,1,108,1,177.96,17.79,97.87
366,2,13,2,47.81,7.17,27.72
366,3,30,3,71.10,14.22,43.37
367,1,111,4,182.07,45.51,116.52
367,2,16,5,51.92,0.00,34.78
367,3,33,6,75.21,0.00,52.64
368,1,2,7,32.74,0.00,11.45
368,2,19,8,56.03,0.00,21.29
368,3,36,1,79.32,0.00,32.52
369,1,5,2,36.85,0.00,16.21
369,2,22,3,60.14,0.00,28.26
369,3,39,4,83.43,0.00,41.71
370,1,8,5,40.96,0.00,21.70
370,2,25,6,64.25,0.00,35.98
370,3,42,7,87.54,0.00,51.64
371,1,11,8,45.07,0.00,27.94
371,2,28,1,68.36,0.00,44.43
371,3,45,2,91.65,0.00,62.32
372,1,14,3,49.18,0.00,34.91
372,2,31,4,72.47,0.00,26.08
372,3,48,5,95.76,0.00,37.34
373,1,17,6,53.29,0.00,22.38
373,2,34,7,76.58,0.00,34.46
373,3,51,8,99.87,0.00,47.93
374,1,20,1,57.40,0.00,29.27
374,2,37,2,80.69,0.00,43.57
374,3,54,3,103.98,0.00,59.26
375,1,23,4,61.51,0.00,36.90
375,2,40,5,84.80,0.00,53.42
375,3,57,6,108.09,0.00,71.33
376,1,26,7,65.62,0.00,45.27
376,2,43,8,88.91,0.00,64.01
376,3,60,1,112.20,0.00,41.51
377,1,29,2,69.73,0.00,27.89
377,2,46,3,93.02,0.00,39.99
377,3,63,4,116.31,0.00,53.50
378,1,32,5,73.84,0.00,36.18
378,2,49,6,97.13,0.00,50.50
378,3,66,7,120.42,0.00,66.23
379,1,35,8,77.95,0.00,45.21
379,2,52,1,101.24,0.00,61.75
379,3,69,2,124.53,0.00,79.69
380,1,38,3,82.06,0.00,54.98
380,2,55,4,105.35,0.00,73.74
380,3,72,5,128.64,0.00,45.02
381,1,41,6,86.17,0.00,32.74
381,2,58,7,109.46,0.00,44.87
381,3,75,8,132.75,0.00,58.41
382,1,44,1,90.28,0.00,42.43
382,2,61,2,113.57,0.00,56.78
382,3,78,3,136.86,0.00,72.53
383,1,47,4,94.39,0.00,52.85
383,2,64,5,117.68,0.00,69.43
383,3,81,6,140.97,0.00,87.40
384,1,50,7,98.50,0.00,64.02
384,2,67,8,121.79,0.00,82.81
384,3,84,1,145.08,0.00,103.00
385,1,53,2,102.61,0.00,36.93
385,2,70,3,125.90,0.00,49.10
385,3,87,4,149.19,0.00,62.65
386,1,56,5,106.72,0.00,48.02
386,2,73,6,130.01,0.00,62.40
386,3,90,7,153.30,0.00,78.18
387,1,59,8,110.83,0.00,59.84
387,2,76,1,134.12,0.00,76.44
387,3,93,2,157.41,0.00,94.44
388,1,62,3,114.94,17.24,72.41
388,2,79,4,138.23,27.64,91.23
388,3,96,5,161.52,40.38,111.44
389,1,65,6,119.05,5.95,85.71
389,2,82,7,142.34,14.23,52.66
389,3,99,8,165.63,24.84,66.25
390,1,68,1,123.16,24.63,52.95
390,2,85,2,146.45,36.61,67.36
390,3,102,3,169.74,8.48,83.17
391,1,71,4,127.27,12.72,66.18
391,2,88,5,150.56,22.58,82.80
391,3,105,6,173.85,34.77,100.83
392,1,74,7,131.38,32.84,80.14
392,2,91,8,154.67,7.73,98.98
392,3,108,1,177.96,17.79,119.23
393,1,77,2,135.49,20.32,94.84
393,2,94,3,158.78,31.75,55.57
393,3,111,4,182.07,45.51,69.18
394,1,80,5,139.60,6.98,57.23
394,2,97,6,162.89,16.28,71.67
394,3,2,7,32.74,4.91,15.38
395,1,83,8,143.71,28.74,71.85
395,2,100,1,167.00,41.75,88.51
395,3,5,2,36.85,1.84,20.63
396,1,86,3,147.82,14.78,87.21
396,2,103,4,171.11,25.66,106.08
396,3,8,5,40.96,8.19,26.62
397,1,89,6,151.93,37.98,103.31
397,2,106,7,175.22,8.76,124.40
397,3,11,8,45.07,4.50,16.22
398,1,92,1,156.04,23.40,60.85
398,2,109,2,179.33,35.86,75.31
398,3,14,3,49.18,12.29,22.13
399,1,95,4,160.15,8.00,76.87
399,2,112,5,183.44,18.34,93.55
399,3,17,6,53.29,7.99,28.77
400,1,98,7,164.26,32.85,93.62
400,2,3,8,34.11,8.52,20.46
400,3,20,1,57.40,0.00,36.16
401,1,101,2,168.37,0.00,111.12
401,2,6,3,38.22,0.00,26.37
401,3,23,4,61.51,0.00,44.28
402,1,104,5,172.48,0.00,63.81
402,2,9,6,42.33,0.00,16.93
402,3,26,7,65.62,0.00,28.21
403,1,107,8,176.59,0.00,81.23
403,2,12,1,46.44,0.00,22.75
403,3,29,2,69.73,0.00,36.25
404,1,110,3,180.70,0.00,99.38
404,2,15,4,50.55,0.00,29.31
404,3,32,5,73.84,0.00,45.04
405,1,1,6,31.37,0.00,20.07
405,2,18,7,54.66,0.00,36.62
405,3,35,8,77.95,0.00,54.56
406,1,4,1,35.48,0.00,12.41
406,2,21,2,58.77,0.00,22.33
406,3,38,3,82.06,0.00,33.64
407,1,7,4,39.59,0.00,17.41
407,2,24,5,62.88,0.00,29.55
407,3,41,6,86.17,0.00,43.08
408,1,10,7,43.70,0.00,23.16
408,2,27,8,66.99,0.00,37.51
408,3,44,1,90.28,0.00,53.26
409,1,13,2,47.81,0.00,29.64
409,2,30,3,71.10,0.00,46.21
409,3,47,4,94.39,0.00,64.18
410,1,16,5,51.92,0.00,36.86
410,2,33,6,75.21,0.00,27.07
410,3,50,7,98.50,0.00,38.41
411,1,19,8,56.03,0.00,23.53
411,2,36,1,79.32,0.00,35.69
411,3,53,2,102.61,0.00,49.25
412,1,22,3,60.14,0.00,30.67
412,2,39,4,83.43,0.00,45.05
412,3,56,5,106.72,0.00,60.83
413,1,25,6,64.25,0.00,38.55
413,2,42,7,87.54,0.00,55.15
413,3,59,8,110.83,0.00,73.14
414,1,28,1,68.36,0.00,47.16
414,2,45,2,91.65,0.00,65.98
414,3,62,3,114.94,0.00,42.52
415,1,31,4,72.47,0.00,28.98
415,2,48,5,95.76,0.00,41.17
415,3,65,6,119.05,0.00,54.76
416,1,34,7,76.58,0.00,37.52
416,2,51,8,99.87,0.00,51.93
416,3,68,1,123.16,0.00,67.73
417,1,37,2,80.69,0.00,46.80
417,2,54,3,103.98,0.00,63.42
417,3,71,4,127.27,0.00,81.45
418,1,40,5,84.80,0.00,56.81
418,2,57,6,108.09,0.00,75.66
418,3,74,7,131.38,0.00,45.98
419,1,43,8,88.91,0.00,33.78
419,2,60,1,112.20,0.00,46.00
419,3,77,2,135.49,0.00,59.61
420,1,46,3,93.02,0.00,43.71
420,2,63,4,116.31,0.00,58.15
420,3,80,5,139.60,0.00,73.98
421,1,49,6,97.13,0.00,54.39
421,2,66,7,120.42,18.06,71.04
421,3,83,8,143.71,28.74,89.10
422,1,52,1,101.24,25.31,65.80
422,2,69,2,124.53,6.22,84.68
422,3,86,3,147.82,14.78,104.95
423,1,55,4,105.35,15.80,37.92
423,2,72,5,128.64,25.72,50.16
423,3,89,6,151.93,37.98,63.81
424,1,58,7,109.46,5.47,49.25
424,2,75,8,132.75,13.27,63.72
424,3,92,1,156.04,23.40,79.58
425,1,61,2,113.57,22.71,61.32
425,2,78,3,136.86,34.21,78.01
425,3,95,4,160.15,8.00,96.09
426,1,64,5,117.68,11.76,74.13
426,2,81,6,140.97,21.14,93.04
426,3,98,7,164.26,32.85,113.33
427,1,67,8,121.79,30.44,87.68
427,2,84,1,145.08,7.25,53.67
427,3,101,2,168.37,16.83,67.34
428,1,70,3,125.90,18.88,54.13
428,2,87,4,149.19,29.83,68.62
428,3,104,5,172.48,43.12,84.51
429,1,73,6,130.01,6.50,67.60
429,2,90,7,153.30,15.33,84.31
429,3,107,8,176.59,26.48,102.42
430,1,76,1,134.12,26.82,81.81
430,2,93,2,157.41,39.35,100.74
430,3,110,3,180.70,9.03,121.06
431,1,79,4,138.23,13.82,96.76
431,2,96,5,161.52,24.22,56.53
431,3,1,6,31.37,6.27,11.92
432,1,82,7,142.34,35.58,58.35
432,2,99,8,165.63,8.28,72.87
432,3,4,1,35.48,3.54,16.67
433,1,85,2,146.45,21.96,73.22
433,2,102,3,169.74,33.94,89.96
433,3,7,4,39.59,9.89,22.17
434,1,88,5,150.56,0.00,88.83
434,2,105,6,173.85,0.00,107.78
434,3,10,7,43.70,0.00,28.40
435,1,91,8,154.67,0.00,105.17
435,2,108,1,177.96,0.00,126.35
435,3,13,2,47.81,0.00,17.21
436,1,94,3,158.78,0.00,61.92
436,2,111,4,182.07,0.00,76.46
436,3,16,5,51.92,0.00,23.36
437,1,97,6,162.89,0.00,78.18
437,2,2,7,32.74,0.00,16.69
437,3,19,8,56.03,0.00,30.25
438,1,100,1,167.00,0.00,95.19
438,2,5,2,36.85,0.00,22.11
438,3,22,3,60.14,0.00,37.88
439,1,103,4,171.11,0.00,112.93
439,2,8,5,40.96,0.00,28.26
439,3,25,6,64.25,0.00,46.26
440,1,106,7,175.22,0.00,64.83
440,2,11,8,45.07,0.00,18.02
440,3,28,1,68.36,0.00,29.39
441,1,109,2,179.33,0.00,82.49
441,2,14,3,49.18,0.00,24.09
441,3,31,4,72.47,0.00,37.68
442,1,112,5,183.44,0.00,100.89
442,2,17,6,53.29,0.00,30.90
442,3,34,7,76.58,0.00,46.71
443,1,3,8,34.11,0.00,21.83
443,2,20,1,57.40,0.00,38.45
443,3,37,2,80.69,0.00,56.48
444,1,6,3,38.22,0.00,13.37
444,2,23,4,61.51,0.00,23.37
444,3,40,5,84.80,0.00,34.76
445,1,9,6,42.33,0.00,18.62
445,2,26,7,65.62,0.00,30.84
445,3,43,8,88.91,0.00,44.45
446,1,12,1,46.44,0.00,24.61
446,2,29,2,69.73,0.00,39.04
446,3,46,3,93.02,0.00,54.88
447,1,15,4,50.55,0.00,31.34
447,2,32,5,73.84,0.00,47.99
447,3,49,6,97.13,0.00,66.04
448,1,18,7,54.66,0.00,38.80
448,2,35,8,77.95,0.00,28.06
448,3,52,1,101.24,0.00,39.48
449,1,21,2,58.77,0.00,24.68
449,2,38,3,82.06,0.00,36.92
449,3,55,4,105.35,0.00,50.56
450,1,24,5,62.88,0.00,32.06
450,2,41,6,86.17,0.00,46.53
450,3,58,7,109.46,0.00,62.39
451,1,27,8,66.99,0.00,40.19
451,2,44,1,90.28,0.00,56.87
451,3,61,2,113.57,0.00,74.95
452,1,30,3,71.10,0.00,49.05
452,2,47,4,94.39,0.00,67.96
452,3,64,5,117.68,0.00,43.54
453,1,33,6,75.21,0.00,30.08
453,2,50,7,98.50,0.00,42.35
453,3,67,8,121.79,0.00,56.02
454,1,36,1,79.32,0.00,38.86
454,2,53,2,102.61,0.00,53.35
454,3,70,3,125.90,18.88,69.24
455,1,39,4,83.43,16.68,48.38
455,2,56,5,106.72,26.68,65.09
455,3,73,6,130.01,6.50,83.20
456,1,42,7,87.54,8.75,58.65
456,2,59,8,110.83,16.62,77.58
456,3,76,1,134.12,26.82,46.94
457,1,45,2,91.65,22.91,34.82
457,2,62,3,114.94,5.74,47.12
457,3,79,4,138.23,13.82,60.82
458,1,48,5,95.76,14.36,45.00
458,2,65,6,119.05,23.81,59.52
458,3,82,7,142.34,35.58,75.44
459,1,51,8,99.87,4.99,55.92
459,2,68,1,123.16,12.31,72.66
459,3,85,2,146.45,21.96,90.79
460,1,54,3,103.98,20.79,67.58
460,2,71,4,127.27,31.81,86.54
460,3,88,5,150.56,7.52,106.89
461,1,57,6,108.09,10.80,38.91
461,2,74,7,131.38,19.70,51.23
461,3,91,8,154.67,30.93,64.96
462,1,60,1,112.20,28.05,50.49
462,2,77,2,135.49,6.77,65.03
462,3,94,3,158.78,15.87,80.97
463,1,63,4,116.31,17.44,62.80
463,2,80,5,139.60,27.92,79.57
463,3,97,6,162.89,40.72,97.73
464,1,66,7,120.42,6.02,75.86
464,2,83,8,143.71,14.37,94.84
464,3,100,1,167.00,25.05,115.23
465,1,69,2,124.53,24.90,89.66
465,2,86,3,147.82,36.95,54.69
465,3,103,4,171.11,8.55,68.44
466,1,72,5,128.64,12.86,55.31
466,2,89,6,151.93,22.78,69.88
466,3,106,7,175.22,35.04,85.85
467,1,75,8,132.75,33.18,69.03
467,2,92,1,156.04,0.00,85.82
467,3,109,2,179.33,0.00,104.01
468,1,78,3,136.86,0.00,83.48
468,2,95,4,160.15,0.00,102.49
468,3,112,5,183.44,0.00,122.90
469,1,81,6,140.97,0.00,98.67
469,2,98,7,164.26,0.00,57.49
469,3,3,8,34.11,0.00,12.96
470,1,84,1,145.08,0.00,59.48
470,2,101,2,168.37,0.00,74.08
470,3,6,3,38.22,0.00,17.96
471,1,87,4,149.19,0.00,74.59
471,2,104,5,172.48,0.00,91.41
471,3,9,6,42.33,0.00,23.70
472,1,90,7,153.30,0.00,90.44
472,2,107,8,176.59,0.00,109.48
472,3,12,1,46.44,0.00,30.18
473,1,93,2,157.41,0.00,107.03
473,2,110,3,180.70,0.00,128.29
473,3,15,4,50.55,0.00,18.19
474,1,96,5,161.52,0.00,62.99
474,2,1,6,31.37,0.00,13.17
474,3,18,7,54.66,0.00,24.59
475,1,99,8,165.63,0.00,79.50
475,2,4,1,35.48,0.00,18.09
475,3,21,2,58.77,0.00,31.73
476,1,102,3,169.74,0.00,96.75
476,2,7,4,39.59,0.00,23.75
476,3,24,5,62.88,0.00,39.61
477,1,105,6,173.85,0.00,114.74
477,2,10,7,43.70,0.00,30.15
477,3,27,8,66.99,0.00,48.23
478,1,108,1,177.96,0.00,65.84
478,2,13,2,47.81,0.00,19.12
478,3,30,3,71.10,0.00,30.57
479,1,111,4,182.07,0.00,83.75
479,2,16,5,51.92,0.00,25.44
479,3,33,6,75.21,0.00,39.10
480,1,2,7,32.74,0.00,18.00
480,2,19,8,56.03,0.00,32.49
480,3,36,1,79.32,0.00,48.38
481,1,5,2,36.85,0.00,23.58
481,2,22,3,60.14,0.00,40.29
481,3,39,4,83.43,0.00,58.40
482,1,8,5,40.96,0.00,14.33
482,2,25,6,64.25,0.00,24.41
482,3,42,7,87.54,0.00,35.89
483,1,11,8,45.07,0.00,19.83
483,2,28,1,68.36,0.00,32.12
483,3,45,2,91.65,0.00,45.82
484,1,14,3,49.18,0.00,26.06
484,2,31,4,72.47,0.00,40.58
484,3,48,5,95.76,0.00,56.49
485,1,17,6,53.29,0.00,33.03
485,2,34,7,76.58,0.00,49.77
485,3,51,8,99.87,0.00,67.91
486,1,20,1,57.40,0.00,40.75
486,2,37,2,80.69,0.00,29.04
486,3,54,3,103.98,0.00,40.55
487,1,23,4,61.51,0.00,25.83
487,2,40,5,84.80,0.00,38.16
487,3,57,6,108.09,0.00,51.88
488,1,26,7,65.62,9.84,33.46
488,2,43,8,88.91,17.78,48.01
488,3,60,1,112.20,28.05,63.95
489,1,29,2,69.73,3.48,41.83
489,2,46,3,93.02,9.30,58.60
489,3,63,4,116.31,17.44,76.76
490,1,32,5,73.84,14.76,50.94
490,2,49,6,97.13,24.28,69.93
490,3,66,7,120.42,6.02,44.55
491,1,35,8,77.95,7.79,31.18
491,2,52,1,101.24,15.18,43.53
491,3,69,2,124.53,24.90,57.28
492,1,38,3,82.06,20.51,40.20
492,2,55,4,105.35,5.26,54.78
492,3,72,5,128.64,12.86,70.75
493,1,41,6,86.17,12.92,49.97
493,2,58,7,109.46,21.89,66.77
493,3,75,8,132.75,33.18,84.96
494,1,44,1,90.28,4.51,60.48
494,2,61,2,113.57,11.35,79.49
494,3,78,3,136.86,20.52,47.90
495,1,47,4,94.39,18.87,35.86
495,2,64,5,117.68,29.42,48.24
495,3,81,6,140.97,7.04,62.02
496,1,50,7,98.50,9.85,46.29
496,2,67,8,121.79,18.26,60.89
496,3,84,1,145.08,29.01,76.89
497,1,53,2,102.61,25.65,57.46
497,2,70,3,125.90,6.29,74.28
497,3,87,4,149.19,14.91,92.49
498,1,56,5,106.72,16.00,69.36
498,2,73,6,130.01,26.00,88.40
498,3,90,7,153.30,38.32,108.84
499,1,59,8,110.83,5.54,39.89
499,2,76,1,134.12,13.41,52.30
499,3,93,2,157.41,23.61,66.11
500,1,62,3,114.94,22.98,51.72
500,2,79,4,138.23,34.55,66.35
500,3,96,5,161.52,0.00,82.37
501,1,65,6,119.05,0.00,64.28
501,2,82,7,142.34,0.00,81.13
501,3,99,8,165.63,0.00,99.37
502,1,68,1,123.16,0.00,77.59
502,2,85,2,146.45,0.00,96.65
502,3,102,3,169.74,0.00,117.12
503,1,71,4,127.27,0.00,91.63
503,2,88,5,150.56,0.00,55.70
503,3,105,6,173.85,0.00,69.54
504,1,74,7,131.38,0.00,56.49
504,2,91,8,154.67,0.00,71.14
504,3,108,1,177.96,0.00,87.20
505,1,77,2,135.49,0.00,70.45
505,2,94,3,158.78,0.00,87.32
505,3,111,4,182.07,0.00,105.60
506,1,80,5,139.60,0.00,85.15
506,2,97,6,162.89,0.00,104.24
506,3,2,7,32.74,0.00,21.93
507,1,83,8,143.71,0.00,100.59
507,2,100,1,167.00,0.00,58.45
507,3,5,2,36.85,0.00,14.00
508,1,86,3,147.82,0.00,60.60
508,2,103,4,171.11,0.00,75.28
508,3,8,5,40.96,0.00,19.25
509,1,89,6,151.93,0.00,75.96
509,2,106,7,175.22,0.00,92.86
509,3,11,8,45.07,0.00,25.23
510,1,92,1,156.04,0.00,92.06
510,2,109,2,179.33,0.00,111.18
510,3,14,3,49.18,0.00,31.96
511,1,95,4,160.15,0.00,108.90
511,2,112,5,183.44,0.00,130.24
511,3,17,6,53.29,0.00,19.18
512,1,98,7,164.26,0.00,64.06
512,2,3,8,34.11,0.00,14.32
512,3,20,1,57.40,0.00,25.83
513,1,101,2,168.37,0.00,80.81
513,2,6,3,38.22,0.00,19.49
513,3,23,4,61.51,0.00,33.21
514,1,104,5,172.48,0.00,98.31
514,2,9,6,42.33,0.00,25.39
514,3,26,7,65.62,0.00,41.34
515,1,107,8,176.59,0.00,116.54
515,2,12,1,46.44,0.00,32.04
515,3,29,2,69.73,0.00,50.20
516,1,110,3,180.70,0.00,66.85
516,2,15,4,50.55,0.00,20.22
516,3,32,5,73.84,0.00,31.75
517,1,1,6,31.37,0.00,14.43
517,2,18,7,54.66,0.00,26.78
517,3,35,8,77.95,0.00,40.53
518,1,4,1,35.48,0.00,19.51
518,2,21,2,58.77,0.00,34.08
518,3,38,3,82.06,0.00,50.05
519,1,7,4,39.59,0.00,25.33
519,2,24,5,62.88,0.00,42.12
519,3,41,6,86.17,0.00,60.31
520,1,10,7,43.70,0.00,15.29
520,2,27,8,66.99,0.00,25.45
520,3,44,1,90.28,0.00,37.01
521,1,13,2,47.81,0.00,21.03
521,2,30,3,71.10,10.66,33.41
521,3,47,4,94.39,18.87,47.19
522,1,16,5,51.92,12.98,27.51
522,2,33,6,75.21,3.76,42.11
522,3,50,7,98.50,9.85,58.11
523,1,19,8,56.03,8.40,34.73
523,2,36,1,79.32,15.86,51.55
523,3,53,2,102.61,25.65,69.77
524,1,22,3,60.14,3.00,42.69
524,2,39,4,83.43,8.34,30.03
524,3,56,5,106.72,16.00,41.62
525,1,25,6,64.25,12.85,26.98
525,2,42,7,87.54,21.88,39.39
525,3,59,8,110.83,5.54,53.19
526,1,28,1,68.36,6.83,34.86
526,2,45,2,91.65,13.74,49.49
526,3,62,3,114.94,22.98,65.51
527,1,31,4,72.47,18.11,43.48
527,2,48,5,95.76,4.78,60.32
527,3,65,6,119.05,11.90,78.57
528,1,34,7,76.58,11.48,52.84
528,2,51,8,99.87,19.97,71.90
528,3,68,1,123.16,30.79,45.56
529,1,37,2,80.69,4.03,32.27
529,2,54,3,103.98,10.39,44.71
529,3,71,4,127.27,19.09,58.54
530,1,40,5,84.80,16.96,41.55
530,2,57,6,108.09,27.02,56.20
530,3,74,7,131.38,6.56,72.25
531,1,43,8,88.91,8.89,51.56
531,2,60,1,112.20,16.83,68.44
531,3,77,2,135.49,27.09,86.71
532,1,46,3,93.02,23.25,62.32
532,2,63,4,116.31,5.81,81.41
532,3,80,5,139.60,13.96,48.86
533,1,49,6,97.13,14.56,36.90
533,2,66,7,120.42,24.08,49.37
533,3,83,8,143.71,35.92,63.23
534,1,52,1,101.24,0.00,47.58
534,2,69,2,124.53,0.00,62.26
534,3,86,3,147.82,0.00,78.34
535,1,55,4,105.35,0.00,58.99
535,2,72,5,128.64,0.00,75.89
535,3,89,6,151.93,0.00,94.19
536,1,58,7,109.46,0.00,71.14
536,2,75,8,132.75,0.00,90.27
536,3,92,1,156.04,0.00,110.78
537,1,61,2,113.57,0.00,40.88
537,2,78,3,136.86,0.00,53.37
537,3,95,4,160.15,0.00,67.26
538,1,64,5,117.68,0.00,52.95
538,2,81,6,140.97,0.00,67.66
538,3,98,7,164.26,0.00,83.77
539,1,67,8,121.79,0.00,65.76
539,2,84,1,145.08,0.00,82.69
539,3,101,2,168.37,0.00,101.02
540,1,70,3,125.90,0.00,79.31
540,2,87,4,149.19,0.00,98.46
540,3,104,5,172.48,0.00,119.01
541,1,73,6,130.01,0.00,93.60
541,2,90,7,153.30,0.00,56.72
541,3,107,8,176.59,0.00,70.63
542,1,76,1,134.12,0.00,57.67
542,2,93,2,157.41,0.00,72.40
542,3,110,3,180.70,0.00,88.54
543,1,79,4,138.23,0.00,71.87
543,2,96,5,161.52,0.00,88.83
543,3,1,6,31.37,0.00,18.19
544,1,82,7,142.34,0.00,86.82
544,2,99,8,165.63,0.00,106.00
544,3,4,1,35.48,0.00,23.77
545,1,85,2,146.45,0.00,102.51
545,2,102,3,169.74,0.00,59.40
545,3,7,4,39.59,0.00,15.04
546,1,88,5,150.56,0.00,61.72
546,2,105,6,173.85,0.00,76.49
546,3,10,7,43.70,0.00,20.53
547,1,91,8,154.67,0.00,77.33
547,2,108,1,177.96,0.00,94.31
547,3,13,2,47.81,0.00,26.77
548,1,94,3,158.78,0.00,93.68
548,2,111,4,182.07,0.00,112.88
548,3,16,5,51.92,0.00,33.74
549,1,97,6,162.89,0.00,110.76
549,2,2,7,32.74,0.00,23.24
549,3,19,8,56.03,0.00,20.17
550,1,100,1,167.00,0.00,65.13
550,2,5,2,36.85,0.00,15.47
550,3,22,3,60.14,0.00,27.06
551,1,103,4,171.11,0.00,82.13
551,2,8,5,40.96,0.00,20.88
551,3,25,6,64.25,0.00,34.69
552,1,106,7,175.22,0.00,99.87
552,2,11,8,45.07,0.00,27.04
552,3,28,1,68.36,0.00,43.06
553,1,109,2,179.33,0.00,118.35
553,2,14,3,49.18,0.00,33.93
553,3,31,4,72.47,0.00,52.17
554,1,112,5,183.44,0.00,67.87
554,2,17,6,53.29,0.00,21.31
554,3,34,7,76.58,11.48,32.92
555,1,3,8,34.11,6.82,15.69
555,2,20,1,57.40,14.35,28.12
555,3,37,2,80.69,4.03,41.95
556,1,6,3,38.22,3.82,21.02
556,2,23,4,61.51,9.22,35.67
556,3,40,5,84.80,16.96,51.72
557,1,9,6,42.33,10.58,27.09
557,2,26,7,65.62,3.28,43.96
557,3,43,8,88.91,8.89,62.23
558,1,12,1,46.44,6.96,16.25
558,2,29,2,69.73,13.94,26.49
558,3,46,3,93.02,23.25,38.13
559,1,15,4,50.55,2.52,22.24
559,2,32,5,73.84,7.38,34.70
559,3,49,6,97.13,14.56,48.56
560,1,18,7,54.66,10.93,28.96
560,2,35,8,77.95,19.48,43.65
560,3,52,1,101.24,5.06,59.73
561,1,21,2,58.77,5.87,36.43
561,2,38,3,82.06,12.30,53.33
561,3,55,4,105.35,21.07,71.63
562,1,24,5,62.88,15.72,44.64
562,2,41,6,86.17,4.30,31.02
562,3,58,7,109.46,10.94,42.68
563,1,27,8,66.99,10.04,28.13
563,2,44,1,90.28,18.05,40.62
563,3,61,2,113.57,28.39,54.51
564,1,30,3,71.10,3.55,36.26
564,2,47,4,94.39,9.43,50.97
564,3,64,5,117.68,17.65,67.07
565,1,33,6,75.21,15.04,45.12
565,2,50,7,98.50,24.62,62.05
565,3,67,8,121.79,6.08,80.38
566,1,36,1,79.32,7.93,54.73
566,2,53,2,102.61,15.39,73.87
566,3,70,3,125.90,25.18,46.58
567,1,39,4,83.43,20.85,33.37
567,2,56,5,106.72,0.00,45.88
567,3,73,6,130.01,0.00,59.80
568,1,42,7,87.54,0.00,42.89
568,2,59,8,110.83,0.00,57.63
568,3,76,1,134.12,0.00,73.76
569,1,45,2,91.65,0.00,53.15
569,2,62,3,114.94,0.00,70.11
569,3,79,4,138.23,0.00,88.46
570,1,48,5,95.76,0.00,64.15
570,2,65,6,119.05,0.00,83.33
570,3,82,7,142.34,0.00,49.81
571,1,51,8,99.87,0.00,37.95
571,2,68,1,123.16,0.00,50.49
571,3,85,2,146.45,0.00,64.43
572,1,54,3,103.98,0.00,48.87
572,2,71,4,127.27,0.00,63.63
572,3,88,5,150.56,0.00,79.79
573,1,57,6,108.09,0.00,60.53
573,2,74,7,131.38,0.00,77.51
573,3,91,8,154.67,0.00,95.89
574,1,60,1,112.20,0.00,72.93
574,2,77,2,135.49,0.00,92.13
574,3,94,3,158.78,0.00,112.73
575,1,63,4,116.31,0.00,41.87
575,2,80,5,139.60,0.00,54.44
575,3,97,6,162.89,0.00,68.41
576,1,66,7,120.42,0.00,54.18
576,2,83,8,143.71,0.00,68.98
576,3,100,1,167.00,0.00,85.17
577,1,69,2,124.53,0.00,67.24
577,2,86,3,147.82,0.00,84.25
577,3,103,4,171.11,0.00,102.66
578,1,72,5,128.64,0.00,81.04
578,2,89,6,151.93,0.00,100.27
578,3,106,7,175.22,0.00,120.90
579,1,75,8,132.75,0.00,95.58
579,2,92,1,156.04,0.00,57.73
579,3,109,2,179.33,0.00,71.73
580,1,78,3,136.86,0.00,58.84
580,2,95,4,160.15,0.00,73.66
580,3,112,5,183.44,0.00,89.88
581,1,81,6,140.97,0.00,73.30
581,2,98,7,164.26,0.00,90.34
581,3,3,8,34.11,0.00,19.78
582,1,84,1,145.08,0.00,88.49
582,2,101,2,168.37,0.00,107.75
582,3,6,3,38.22,0.00,25.60
583,1,87,4,149.19,0.00,104.43
583,2,104,5,172.48,0.00,60.36
583,3,9,6,42.33,0.00,16.08
584,1,90,7,153.30,0.00,62.85
584,2,107,8,176.59,0.00,77.69
584,3,12,1,46.44,0.00,21.82
585,1,93,2,157.41,0.00,78.70
585,2,110,3,180.70,0.00,95.77
585,3,15,4,50.55,0.00,28.30
586,1,96,5,161.52,0.00,95.29
586,2,1,6,31.37,0.00,19.44
586,3,18,7,54.66,0.00,35.52
587,1,99,8,165.63,0.00,112.62
587,2,4,1,35.48,0.00,25.19
587,3,21,2,58.77,0.00,21.15
588,1,102,3,169.74,25.46,66.19
588,2,7,4,39.59,7.91,16.62
588,3,24,5,62.88,15.72,28.29
589,1,105,6,173.85,8.69,83.44
589,2,10,7,43.70,4.37,22.28
589,3,27,8,66.99,10.04,36.17
590,1,108,1,177.96,35.59,101.43
590,2,13,2,47.81,11.95,28.68
590,3,30,3,71.10,3.55,44.79
591,1,111,4,182.07,18.20,120.16
591,2,16,5,51.92,7.78,35.82
591,3,33,6,75.21,15.04,54.15
592,1,2,7,32.74,8.18,12.11
592,2,19,8,56.03,2.80,22.41
592,3,36,1,79.32,7.93,34.10
593,1,5,2,36.85,5.52,16.95
593,2,22,3,60.14,12.02,29.46
593,3,39,4,83.43,20.85,43.38
594,1,8,5,40.96,2.04,22.52
594,2,25,6,64.25,6.42,37.26
594,3,42,7,87.54,13.13,53.39
595,1,11,8,45.07,9.01,28.84
595,2,28,1,68.36,17.09,45.80
595,3,45,2,91.65,4.58,64.15
596,1,14,3,49.18,4.91,17.21
596,2,31,4,72.47,10.87,27.53
596,3,48,5,95.76,19.15,39.26
597,1,17,6,53.29,13.32,23.44
597,2,34,7,76.58,3.82,35.99
597,3,51,8,99.87,9.98,49.93
598,1,20,1,57.40,8.61,30.42
598,2,37,2,80.69,16.13,45.18
598,3,54,3,103.98,25.99,61.34
599,1,23,4,61.51,3.07,38.13
599,2,40,5,84.80,8.48,55.12
599,3,57,6,108.09,16.21,73.50
600,1,26,7,65.62,13.12,46.59
600,2,43,8,88.91,22.22,32.00
600,3,60,1,112.20,0.00,43.75
601,1,29,2,69.73,0.00,29.28
601,2,46,3,93.02,0.00,41.85
601,3,63,4,116.31,0.00,55.82
602,1,32,5,73.84,0.00,37.65
602,2,49,6,97.13,0.00,52.45
602,3,66,7,120.42,0.00,68.63
603,1,35,8,77.95,0.00,46.77
603,2,52,1,101.24,0.00,63.78
603,3,69,2,124.53,0.00,82.18
604,1,38,3,82.06,0.00,56.62
604,2,55,4,105.35,0.00,75.85
604,3,72,5,128.64,0.00,47.59
605,1,41,6,86.17,0.00,34.46
605,2,58,7,109.46,0.00,47.06
605,3,75,8,132.75,0.00,61.06
606,1,44,1,90.28,0.00,44.23
606,2,61,2,113.57,0.00,59.05
606,3,78,3,136.86,0.00,75.27
607,1,47,4,94.39,0.00,54.74
607,2,64,5,117.68,0.00,71.78
607,3,81,6,140.97,0.00,90.22
608,1,50,7,98.50,0.00,65.99
608,2,67,8,121.79,0.00,85.25
608,3,84,1,145.08,0.00,50.77
609,1,53,2,102.61,0.00,38.99
609,2,70,3,125.90,0.00,51.61
609,3,87,4,149.19,0.00,65.64
610,1,56,5,106.72,0.00,50.15
610,2,73,6,130.01,0.00,65.00
610,3,90,7,153.30,0.00,81.24
611,1,59,8,110.83,0.00,62.06
611,2,76,1,134.12,0.00,79.13
611,3,93,2,157.41,0.00,97.59
612,1,62,3,114.94,0.00,74.71
612,2,79,4,138.23,0.00,93.99
612,3,96,5,161.52,0.00,114.67
613,1,65,6,119.05,0.00,42.85
613,2,82,7,142.34,0.00,55.51
613,3,99,8,165.63,0.00,69.56
614,1,68,1,123.16,0.00,55.42
614,2,85,2,146.45,0.00,70.29
614,3,102,3,169.74,0.00,86.56
615,1,71,4,127.27,0.00,68.72
615,2,88,5,150.56,0.00,85.81
615,3,105,6,173.85,0.00,104.31
616,1,74,7,131.38,0.00,82.76
616,2,91,8,154.67,0.00,102.08
616,3,108,1,177.96,0.00,122.79
617,1,77,2,135.49,0.00,97.55
617,2,94,3,158.78,0.00,58.74
617,3,111,4,182.07,0.00,72.82
618,1,80,5,139.60,0.00,60.02
618,2,97,6,162.89,0.00,74.92
618,3,2,7,32.74,0.00,16.04
619,1,83,8,143.71,0.00,74.72
619,2,100,1,167.00,0.00,91.85
619,3,5,2,36.85,0.00,21.37
620,1,86,3,147.82,0.00,90.17
620,2,103,4,171.11,0.00,109.51
620,3,8,5,40.96,0.00,27.44
621,1,89,6,151.93,0.00,106.35
621,2,106,7,175.22,26.28,61.32
621,3,11,8,45.07,9.01,17.12
622,1,92,1,156.04,39.01,63.97
622,2,109,2,179.33,8.96,78.90
622,3,14,3,49.18,4.91,23.11
623,1,95,4,160.15,24.02,80.07
623,2,112,5,183.44,36.68,97.22
623,3,17,6,53.29,13.32,29.84
624,1,98,7,164.26,8.21,96.91
624,2,3,8,34.11,3.41,21.14
624,3,20,1,57.40,8.61,37.31
625,1,101,2,168.37,33.67,114.49
625,2,6,3,38.22,9.55,27.13
625,3,23,4,61.51,3.07,22.14
626,1,104,5,172.48,17.24,67.26
626,2,9,6,42.33,6.34,17.77
626,3,26,7,65.62,13.12,29.52
627,1,107,8,176.59,44.14,84.76
627,2,12,1,46.44,2.32,23.68
627,3,29,2,69.73,6.97,37.65
628,1,110,3,180.70,27.10,102.99
628,2,15,4,50.55,10.11,30.33
628,3,32,5,73.84,18.46,46.51
629,1,1,6,31.37,1.56,20.70
629,2,18,7,54.66,5.46,37.71
629,3,35,8,77.95,11.69,56.12
630,1,4,1,35.48,7.09,13.12
630,2,21,2,58.77,14.69,23.50
630,3,38,3,82.06,4.10,35.28
631,1,7,4,39.59,3.95,18.21
631,2,24,5,62.88,9.43,30.81
631,3,41,6,86.17,17.23,44.80
632,1,10,7,43.70,10.92,24.03
632,2,27,8,66.99,3.34,38.85
632,3,44,1,90.28,9.02,55.07
633,1,13,2,47.81,7.17,30.59
633,2,30,3,71.10,14.22,47.63
633,3,47,4,94.39,23.59,66.07
634,1,16,5,51.92,0.00,18.17
634,2,33,6,75.21,0.00,28.57
634,3,50,7,98.50,0.00,40.38
635,1,19,8,56.03,0.00,24.65
635,2,36,1,79.32,0.00,37.28
635,3,53,2,102.61,0.00,51.30
636,1,22,3,60.14,0.00,31.87
636,2,39,4,83.43,0.00,46.72
636,3,56,5,106.72,0.00,62.96
637,1,25,6,64.25,0.00,39.83
637,2,42,7,87.54,0.00,56.90
637,3,59,8,110.83,0.00,75.36
638,1,28,1,68.36,0.00,48.53
638,2,45,2,91.65,0.00,32.99
638,3,62,3,114.94,0.00,44.82
639,1,31,4,72.47,0.00,30.43
639,2,48,5,95.76,0.00,43.09
639,3,65,6,119.05,0.00,57.14
640,1,34,7,76.58,0.00,39.05
640,2,51,8,99.87,0.00,53.92
640,3,68,1,123.16,0.00,70.20
641,1,37,2,80.69,0.00,48.41
641,2,54,3,103.98,0.00,65.50
641,3,71,4,127.27,0.00,83.99
642,1,40,5,84.80,0.00,58.51
642,2,57,6,108.09,0.00,77.82
642,3,74,7,131.38,0.00,48.61
643,1,43,8,88.91,0.00,35.56
643,2,60,1,112.20,0.00,48.24
643,3,77,2,135.49,0.00,62.32
644,1,46,3,93.02,0.00,45.57
644,2,63,4,116.31,0.00,60.48
644,3,80,5,139.60,0.00,76.78
645,1,49,6,97.13,0.00,56.33
645,2,66,7,120.42,0.00,73.45
645,3,83,8,143.71,0.00,91.97
646,1,52,1,101.24,0.00,67.83
646,2,69,2,124.53,0.00,87.17
646,3,86,3,147.82,0.00,51.73
647,1,55,4,105.35,0.00,40.03
647,2,72,5,128.64,0.00,52.74
647,3,89,6,151.93,0.00,66.84
648,1,58,7,109.46,0.00,51.44
648,2,75,8,132.75,0.00,66.37
648,3,92,1,156.04,0.00,82.70
649,1,61,2,113.57,0.00,63.59
649,2,78,3,136.86,0.00,80.74
649,3,95,4,160.15,0.00,99.29
650,1,64,5,117.68,0.00,76.49
650,2,81,6,140.97,0.00,95.85
650,3,98,7,164.26,0.00,116.62
651,1,67,8,121.79,0.00,43.84
651,2,84,1,145.08,0.00,56.58
651,3,101,2,168.37,0.00,70.71
652,1,70,3,125.90,0.00,56.65
652,2,87,4,149.19,0.00,71.61
652,3,104,5,172.48,0.00,87.96
653,1,73,6,130.01,0.00,70.20
653,2,90,7,153.30,0.00,87.38
653,3,107,8,176.59,0.00,105.95
654,1,76,1,134.12,0.00,84.49
654,2,93,2,157.41,0.00,103.89
654,3,110,3,180.70,27.10,124.68
655,1,79,4,138.23,27.64,99.52
655,2,96,5,161.52,40.38,59.76
655,3,1,6,31.37,1.56,12.54
656,1,82,7,142.34,14.23,61.20
656,2,99,8,165.63,24.84,76.18
656,3,4,1,35.48,7.09,17.38
657,1,85,2,146.45,36.61,76.15
657,2,102,3,169.74,8.48,93.35
657,3,7,4,39.59,3.95,22.96
658,1,88,5,150.56,22.58,91.84
658,2,105,6,173.85,34.77,111.26
658,3,10,7,43.70,10.92,29.27
659,1,91,8,154.67,7.73,108.26
659,2,108,1,177.96,17.79,62.28
659,3,13,2,47.81,7.17,18.16
660,1,94,3,158.78,31.75,65.09
660,2,111,4,182.07,45.51,80.11
660,3,16,5,51.92,2.59,24.40
661,1,97,6,162.89,16.28,81.44
661,2,2,7,32.74,4.91,17.35
661,3,19,8,56.03,11.20,31.37
662,1,100,1,167.00,41.75,98.53
662,2,5,2,36.85,1.84,22.84
662,3,22,3,60.14,6.01,39.09
663,1,103,4,171.11,25.66,116.35
663,2,8,5,40.96,8.19,29.08
663,3,25,6,64.25,16.06,23.13
664,1,106,7,175.22,8.76,68.33
664,2,11,8,45.07,4.50,18.92
664,3,28,1,68.36,10.25,30.76
665,1,109,2,179.33,35.86,86.07
665,2,14,3,49.18,12.29,25.08
665,3,31,4,72.47,3.62,39.13
666,1,112,5,183.44,18.34,104.56
666,2,17,6,53.29,7.99,31.97
666,3,34,7,76.58,15.31,48.24
667,1,3,8,34.11,8.52,22.51
667,2,20,1,57.40,0.00,39.60
667,3,37,2,80.69,0.00,58.09
668,1,6,3,38.22,0.00,14.14
668,2,23,4,61.51,0.00,24.60
668,3,40,5,84.80,0.00,36.46
669,1,9,6,42.33,0.00,19.47
669,2,26,7,65.62,0.00,32.15
669,3,43,8,88.91,0.00,46.23
670,1,12,1,46.44,0.00,25.54
670,2,29,2,69.73,0.00,40.44
670,3,46,3,93.02,0.00,56.74
671,1,15,4,50.55,0.00,32.35
671,2,32,5,73.84,0.00,49.47
671,3,49,6,97.13,0.00,67.99
672,1,18,7,54.66,0.00,19.13
672,2,35,8,77.95,0.00,29.62
672,3,52,1,101.24,0.00,41.50
673,1,21,2,58.77,0.00,25.85
673,2,38,3,82.06,0.00,38.56
673,3,55,4,105.35,0.00,52.67
674,1,24,5,62.88,0.00,33.32
674,2,41,6,86.17,0.00,48.25
674,3,58,7,109.46,0.00,64.58
675,1,27,8,66.99,0.00,41.53
675,2,44,1,90.28,0.00,58.68
675,3,61,2,113.57,0.00,77.22
676,1,30,3,71.10,0.00,50.48
676,2,47,4,94.39,0.00,33.98
676,3,64,5,117.68,0.00,45.89
677,1,33,6,75.21,0.00,31.58
677,2,50,7,98.50,0.00,44.32
677,3,67,8,121.79,0.00,58.45
678,1,36,1,79.32,0.00,40.45
678,2,53,2,102.61,0.00,55.40
678,3,70,3,125.90,0.00,71.76
679,1,39,4,83.43,0.00,50.05
679,2,56,5,106.72,0.00,67.23
679,3,73,6,130.01,0.00,85.80
680,1,42,7,87.54,0.00,60.40
680,2,59,8,110.83,0.00,79.79
680,3,76,1,134.12,0.00,49.62
681,1,45,2,91.65,0.00,36.66
681,2,62,3,114.94,0.00,49.42
681,3,79,4,138.23,0.00,63.58
682,1,48,5,95.76,0.00,46.92
682,2,65,6,119.05,0.00,61.90
682,3,82,7,142.34,0.00,78.28
683,1,51,8,99.87,0.00,57.92
683,2,68,1,123.16,0.00,75.12
683,3,85,2,146.45,0.00,93.72
684,1,54,3,103.98,0.00,69.66
684,2,71,4,127.27,0.00,89.08
684,3,88,5,150.56,0.00,52.69
685,1,57,6,108.09,0.00,41.07
685,2,74,7,131.38,0.00,53.86
685,3,91,8,154.67,0.00,68.05
686,1,60,1,112.20,0.00,52.73
686,2,77,2,135.49,0.00,67.74
686,3,94,3,158.78,0.00,84.15
687,1,63,4,116.31,0.00,65.13
687,2,80,5,139.60,0.00,82.36
687,3,97,6,162.89,0.00,100.99
688,1,66,7,120.42,18.06,78.27
688,2,83,8,143.71,28.74,97.72
688,3,100,1,167.00,41.75,118.57
689,1,69,2,124.53,6.22,44.83
689,2,86,3,147.82,14.78,57.64
689,3,103,4,171.11,25.66,71.86
690,1,72,5,128.64,25.72,57.88
690,2,89,6,151.93,37.98,72.92
690,3,106,7,175.22,8.76,89.36
691,1,75,8,132.75,13.27,71.68
691,2,92,1,156.04,23.40,88.94
691,3,109,2,179.33,35.86,107.59
692,1,78,3,136.86,34.21,86.22
692,2,95,4,160.15,8.00,105.69
692,3,112,5,183.44,18.34,126.57
693,1,81,6,140.97,21.14,101.49
693,2,98,7,164.26,32.85,60.77
693,3,3,8,34.11,8.52,13.64
694,1,84,1,145.08,7.25,62.38
694,2,101,2,168.37,16.83,77.45
694,3,6,3,38.22,5.73,18.72
695,1,87,4,149.19,29.83,77.57
695,2,104,5,172.48,43.12,94.86
695,3,9,6,42.33,2.11,24.55
696,1,90,7,153.30,15.33,93.51
696,2,107,8,176.59,26.48,113.01
696,3,12,1,46.44,9.28,31.11
697,1,93,2,157.41,39.35,110.18
697,2,110,3,180.70,9.03,63.24
697,3,15,4,50.55,5.05,19.20
698,1,96,5,161.52,24.22,66.22
698,2,1,6,31.37,6.27,13.80
698,3,18,7,54.66,13.66,25.69
699,1,99,8,165.63,8.28,82.81
699,2,4,1,35.48,3.54,18.80
699,3,21,2,58.77,8.81,32.91
700,1,102,3,169.74,33.94,100.14
700,2,7,4,39.59,9.89,24.54
700,3,24,5,62.88,0.00,40.87
701,1,105,6,173.85,0.00,118.21
701,2,10,7,43.70,0.00,31.02
701,3,27,8,66.99,0.00,24.11
702,1,108,1,177.96,0.00,69.40
702,2,13,2,47.81,0.00,20.08
702,3,30,3,71.10,0.00,31.99
703,1,111,4,182.07,0.00,87.39
703,2,16,5,51.92,0.00,26.47
703,3,33,6,75.21,0.00,40.61
704,1,2,7,32.74,0.00,18.66
704,2,19,8,56.03,0.00,33.61
704,3,36,1,79.32,0.00,49.97
705,1,5,2,36.85,0.00,24.32
705,2,22,3,60.14,0.00,41.49
705,3,39,4,83.43,0.00,60.06
706,1,8,5,40.96,0.00,15.15
706,2,25,6,64.25,0.00,25.70
706,3,42,7,87.54,0.00,37.64
707,1,11,8,45.07,0.00,20.73
707,2,28,1,68.36,0.00,33.49
707,3,45,2,91.65,0.00,47.65
708,1,14,3,49.18,0.00,27.04
708,2,31,4,72.47,0.00,42.03
708,3,48,5,95.76,0.00,58.41
709,1,17,6,53.29,0.00,34.10
709,2,34,7,76.58,0.00,51.30
709,3,51,8,99.87,0.00,69.90
710,1,20,1,57.40,0.00,20.09
710,2,37,2,80.69,0.00,30.66
710,3,54,3,103.98,0.00,42.63
711,1,23,4,61.51,0.00,27.06
711,2,40,5,84.80,0.00,39.85
711,3,57,6,108.09,0.00,54.04
712,1,26,7,65.62,0.00,34.77
712,2,43,8,88.91,0.00,49.78
712,3,60,1,112.20,0.00,66.19
713,1,29,2,69.73,0.00,43.23
713,2,46,3,93.02,0.00,60.46
713,3,63,4,116.31,0.00,79.09
714,1,32,5,73.84,0.00,52.42
714,2,49,6,97.13,0.00,34.96
714,3,66,7,120.42,0.00,46.96
715,1,35,8,77.95,0.00,32.73
715,2,52,1,101.24,0.00,45.55
715,3,69,2,124.53,0.00,59.77
716,1,38,3,82.06,0.00,41.85
716,2,55,4,105.35,0.00,56.88
716,3,72,5,128.64,0.00,73.32
717,1,41,6,86.17,0.00,51.70
717,2,58,7,109.46,0.00,68.95
717,3,75,8,132.75,0.00,87.61
718,1,44,1,90.28,0.00,62.29
718,2,61,2,113.57,0.00,81.77
718,3,78,3,136.86,0.00,50.63
719,1,47,4,94.39,0.00,37.75
719,2,64,5,117.68,0.00,50.60
719,3,81,6,140.97,0.00,64.84
720,1,50,7,98.50,0.00,48.26
720,2,67,8,121.79,0.00,63.33
720,3,84,1,145.08,0.00,79.79
721,1,53,2,102.61,0.00,59.51
721,2,70,3,125.90,18.88,76.79
721,3,87,4,149.19,29.83,95.48
722,1,56,5,106.72,26.68,71.50
722,2,73,6,130.01,6.50,91.00
722,3,90,7,153.30,15.33,53.65
723,1,59,8,110.83,16.62,42.11
723,2,76,1,134.12,26.82,54.98
723,3,93,2,157.41,39.35,69.26
724,1,62,3,114.94,5.74,54.02
724,2,79,4,138.23,13.82,69.11
724,3,96,5,161.52,24.22,85.60
725,1,65,6,119.05,23.81,66.66
725,2,82,7,142.34,35.58,83.98
725,3,99,8,165.63,8.28,102.69
726,1,68,1,123.16,12.31,80.05
726,2,85,2,146.45,21.96,99.58
726,3,102,3,169.74,33.94,120.51
727,1,71,4,127.27,31.81,45.81
727,2,88,5,150.56,7.52,58.71
727,3,105,6,173.85,17.38,73.01
728,1,74,7,131.38,19.70,59.12
728,2,91,8,154.67,30.93,74.24
728,3,108,1,177.96,44.49,90.75
729,1,77,2,135.49,6.77,73.16
729,2,94,3,158.78,15.87,90.50
729,3,111,4,182.07,27.31,109.24
730,1,80,5,139.60,27.92,87.94
730,2,97,6,162.89,40.72,107.50
730,3,2,7,32.74,1.63,22.59
731,1,83,8,143.71,14.37,103.47
731,2,100,1,167.00,25.05,61.79
731,3,5,2,36.85,7.37,14.74
732,1,86,3,147.82,36.95,63.56
732,2,103,4,171.11,8.55,78.71
732,3,8,5,40.96,4.09,20.07
733,1,89,6,151.93,22.78,79.00
733,2,106,7,175.22,35.04,96.37
733,3,11,8,45.07,11.26,26.14
734,1,92,1,156.04,0.00,95.18
734,2,109,2,179.33,0.00,114.77
734,3,14,3,49.18,0.00,32.95
735,1,95,4,160.15,0.00,112.10
735,2,112,5,183.44,0.00,64.20
735,3,17,6,53.29,0.00,20.25
736,1,98,7,164.26,0.00,67.34
736,2,3,8,34.11,0.00,15.00
736,3,20,1,57.40,0.00,26.97
737,1,101,2,168.37,0.00,84.18
737,2,6,3,38.22,0.00,20.25
737,3,23,4,61.51,0.00,34.44
738,1,104,5,172.48,0.00,101.76
738,2,9,6,42.33,0.00,26.24
738,3,26,7,65.62,0.00,42.65
739,1,107,8,176.59,0.00,120.08
739,2,12,1,46.44,0.00,32.97
739,3,29,2,69.73,0.00,25.10
740,1,110,3,180.70,0.00,70.47
740,2,15,4,50.55,0.00,21.23
740,3,32,5,73.84,0.00,33.22
741,1,1,6,31.37,0.00,15.05
741,2,18,7,54.66,0.00,27.87
741,3,35,8,77.95,0.00,42.09
742,1,4,1,35.48,0.00,20.22
742,2,21,2,58.77,0.00,35.26
742,3,38,3,82.06,0.00,51.69
743,1,7,4,39.59,0.00,26.12
743,2,24,5,62.88,0.00,43.38
743,3,41,6,86.17,0.00,62.04
744,1,10,7,43.70,0.00,16.16
744,2,27,8,66.99,0.00,26.79
744,3,44,1,90.28,0.00,38.82
745,1,13,2,47.81,0.00,21.99
745,2,30,3,71.10,0.00,34.83
745,3,47,4,94.39,0.00,49.08
746,1,16,5,51.92,0.00,28.55
746,2,33,6,75.21,0.00,43.62
746,3,50,7,98.50,0.00,60.08
747,1,19,8,56.03,0.00,35.85
747,2,36,1,79.32,0.00,53.14
747,3,53,2,102.61,0.00,71.82
748,1,22,3,60.14,0.00,21.04
748,2,39,4,83.43,0.00,31.70
748,3,56,5,106.72,0.00,43.75
749,1,25,6,64.25,0.00,28.27
749,2,42,7,87.54,0.00,41.14
749,3,59,8,110.83,0.00,55.41
750,1,28,1,68.36,0.00,36.23
750,2,45,2,91.65,0.00,51.32
750,3,62,3,114.94,0.00,67.81
751,1,31,4,72.47,0.00,44.93
751,2,48,5,95.76,0.00,62.24
751,3,65,6,119.05,0.00,80.95
752,1,34,7,76.58,0.00,54.37
752,2,51,8,99.87,0.00,35.95
752,3,68,1,123.16,0.00,48.03
753,1,37,2,80.69,0.00,33.88
753,2,54,3,103.98,0.00,46.79
753,3,71,4,127.27,0.00,61.08
754,1,40,5,84.80,0.00,43.24
754,2,57,6,108.09,0.00,58.36
754,3,74,7,131.38,19.70,74.88
755,1,43,8,88.91,17.78,53.34
755,2,60,1,112.20,28.05,70.68
755,3,77,2,135.49,6.77,89.42
756,1,46,3,93.02,9.30,64.18
756,2,63,4,116.31,17.44,83.74
756,3,80,5,139.60,27.92,51.65
757,1,49,6,97.13,24.28,38.85
757,2,66,7,120.42,6.02,51.78
757,3,83,8,143.71,14.37,66.10
758,1,52,1,101.24,15.18,49.60
758,2,69,2,124.53,24.90,64.75
758,3,86,3,147.82,36.95,81.30
759,1,55,4,105.35,5.26,61.10
759,2,72,5,128.64,12.86,78.47
759,3,89,6,151.93,22.78,97.23
760,1,58,7,109.46,21.89,73.33
760,2,75,8,132.75,33.18,92.92
760,3,92,1,156.04,7.80,54.61
761,1,61,2,113.57,11.35,43.15
761,2,78,3,136.86,20.52,56.11
761,3,95,4,160.15,32.03,70.46
762,1,64,5,117.68,29.42,55.30
762,2,81,6,140.97,7.04,70.48
762,3,98,7,164.26,16.42,87.05
763,1,67,8,121.79,18.26,68.20
763,2,84,1,145.08,29.01,85.59
763,3,101,2,168.37,42.09,104.38
764,1,70,3,125.90,6.29,81.83
764,2,87,4,149.19,14.91,101.44
764,3,104,5,172.48,25.87,122.46
765,1,73,6,130.01,26.00,46.80
765,2,90,7,153.30,38.32,59.78
765,3,107,8,176.59,8.82,74.16
766,1,76,1,134.12,13.41,60.35
766,2,93,2,157.41,23.61,75.55
766,3,110,3,180.70,36.14,92.15
767,1,79,4,138.23,34.55,74.64
767,2,96,5,161.52,0.00,92.06
767,3,1,6,31.37,0.00,18.82
768,1,82,7,142.34,0.00,89.67
768,2,99,8,165.63,0.00,109.31
768,3,4,1,35.48,0.00,24.48
769,1,85,2,146.45,0.00,105.44
769,2,102,3,169.74,0.00,62.80
769,3,7,4,39.59,0.00,15.83
770,1,88,5,150.56,0.00,64.74
770,2,105,6,173.85,0.00,79.97
770,3,10,7,43.70,0.00,21.41
771,1,91,8,154.67,0.00,80.42
771,2,108,1,177.96,0.00,97.87
771,3,13,2,47.81,0.00,27.72
772,1,94,3,158.78,0.00,96.85
772,2,111,4,182.07,0.00,116.52
772,3,16,5,51.92,0.00,34.78
773,1,97,6,162.89,0.00,114.02
773,2,2,7,32.74,0.00,11.45
773,3,19,8,56.03,0.00,21.29
774,1,100,1,167.00,0.00,68.47
774,2,5,2,36.85,0.00,16.21
774,3,22,3,60.14,0.00,28.26
775,1,103,4,171.11,0.00,85.55
775,2,8,5,40.96,0.00,21.70
775,3,25,6,64.25,0.00,35.98
776,1,106,7,175.22,0.00,103.37
776,2,11,8,45.07,0.00,27.94
776,3,28,1,68.36,0.00,44.43
777,1,109,2,179.33,0.00,121.94
777,2,14,3,49.18,0.00,34.91
777,3,31,4,72.47,0.00,26.08
778,1,112,5,183.44,0.00,71.54
778,2,17,6,53.29,0.00,22.38
778,3,34,7,76.58,0.00,34.46
779,1,3,8,34.11,0.00,16.37
779,2,20,1,57.40,0.00,29.27
779,3,37,2,80.69,0.00,43.57
780,1,6,3,38.22,0.00,21.78
780,2,23,4,61.51,0.00,36.90
780,3,40,5,84.80,0.00,53.42
781,1,9,6,42.33,0.00,27.93
781,2,26,7,65.62,0.00,45.27
781,3,43,8,88.91,0.00,64.01
782,1,12,1,46.44,0.00,17.18
782,2,29,2,69.73,0.00,27.89
782,3,46,3,93.02,0.00,39.99
783,1,15,4,50.55,0.00,23.25
783,2,32,5,73.84,0.00,36.18
783,3,49,6,97.13,0.00,50.50
784,1,18,7,54.66,0.00,30.06
784,2,35,8,77.95,0.00,45.21
784,3,52,1,101.24,0.00,61.75
785,1,21,2,58.77,0.00,37.61
785,2,38,3,82.06,0.00,54.98
785,3,55,4,105.35,0.00,73.74
786,1,24,5,62.88,0.00,22.00
786,2,41,6,86.17,0.00,32.74
786,3,58,7,109.46,0.00,44.87
787,1,27,8,66.99,0.00,29.47
787,2,44,1,90.28,0.00,42.43
787,3,61,2,113.57,0.00,56.78
788,1,30,3,71.10,10.66,37.68
788,2,47,4,94.39,18.87,52.85
788,3,64,5,117.68,29.42,69.43
789,1,33,6,75.21,3.76,46.63
789,2,50,7,98.50,9.85,64.02
789,3,67,8,121.79,18.26,82.81
790,1,36,1,79.32,15.86,56.31
790,2,53,2,102.61,25.65,36.93
790,3,70,3,125.90,6.29,49.10
791,1,39,4,83.43,8.34,35.04
791,2,56,5,106.72,16.00,48.02
791,3,73,6,130.01,26.00,62.40
792,1,42,7,87.54,21.88,44.64
792,2,59,8,110.83,5.54,59.84
792,3,76,1,134.12,13.41,76.44
793,1,45,2,91.65,13.74,54.99
793,2,62,3,114.94,22.98,72.41
793,3,79,4,138.23,34.55,91.23
794,1,48,5,95.76,4.78,66.07
794,2,65,6,119.05,11.90,85.71
794,3,82,7,142.34,21.35,52.66
795,1,51,8,99.87,19.97,39.94
795,2,68,1,123.16,30.79,52.95
795,3,85,2,146.45,7.32,67.36
796,1,54,3,103.98,10.39,50.95
796,2,71,4,127.27,19.09,66.18
796,3,88,5,150.56,30.11,82.80
797,1,57,6,108.09,27.02,62.69
797,2,74,7,131.38,6.56,80.14
797,3,91,8,154.67,15.46,98.98
798,1,60,1,112.20,16.83,75.17
798,2,77,2,135.49,27.09,94.84
798,3,94,3,158.78,39.69,55.57
799,1,63,4,116.31,5.81,44.19
799,2,80,5,139.60,13.96,57.23
799,3,97,6,162.89,24.43,71.67
800,1,66,7,120.42,24.08,56.59
800,2,83,8,143.71,35.92,71.85
800,3,100,1,167.00,0.00,88.51
801,1,69,2,124.53,0.00,69.73
801,2,86,3,147.82,0.00,87.21
801,3,103,4,171.11,0.00,106.08
802,1,72,5,128.64,0.00,83.61
802,2,89,6,151.93,0.00,103.31
802,3,106,7,175.22,0.00,124.40
803,1,75,8,132.75,0.00,47.79
803,2,92,1,156.04,0.00,60.85
803,3,109,2,179.33,0.00,75.31
804,1,78,3,136.86,0.00,61.58
804,2,95,4,160.15,0.00,76.87
804,3,112,5,183.44,0.00,93.55
805,1,81,6,140.97,0.00,76.12
805,2,98,7,164.26,0.00,93.62
805,3,3,8,34.11,0.00,20.46
806,1,84,1,145.08,0.00,91.40
806,2,101,2,168.37,0.00,111.12
806,3,6,3,38.22,0.00,26.37
807,1,87,4,149.19,0.00,107.41
807,2,104,5,172.48,0.00,63.81
807,3,9,6,42.33,0.00,16.93
808,1,90,7,153.30,0.00,65.91
808,2,107,8,176.59,0.00,81.23
808,3,12,1,46.44,0.00,22.75
809,1,93,2,157.41,0.00,81.85
809,2,110,3,180.70,0.00,99.38
809,3,15,4,50.55,0.00,29.31
810,1,96,5,161.52,0.00,98.52
810,2,1,6,31.37,0.00,20.07
810,3,18,7,54.66,0.00,36.62
811,1,99,8,165.63,0.00,115.94
811,2,4,1,35.48,0.00,12.41
811,3,21,2,58.77,0.00,22.33
812,1,102,3,169.74,0.00,69.59
812,2,7,4,39.59,0.00,17.41
812,3,24,5,62.88,0.00,29.55
813,1,105,6,173.85,0.00,86.92
813,2,10,7,43.70,0.00,23.16
813,3,27,8,66.99,0.00,37.51
814,1,108,1,177.96,0.00,104.99
814,2,13,2,47.81,0.00,29.64
814,3,30,3,71.10,0.00,46.21
815,1,111,4,182.07,0.00,123.80
815,2,16,5,51.92,0.00,36.86
815,3,33,6,75.21,0.00,27.07
816,1,2,7,32.74,0.00,12.76
816,2,19,8,56.03,0.00,23.53
816,3,36,1,79.32,0.00,35.69
817,1,5,2,36.85,0.00,17.68
817,2,22,3,60.14,0.00,30.67
817,3,39,4,83.43,0.00,45.05
818,1,8,5,40.96,0.00,23.34
818,2,25,6,64.25,0.00,38.55
818,3,42,7,87.54,0.00,55.15
819,1,11,8,45.07,0.00,29.74
819,2,28,1,68.36,0.00,47.16
819,3,45,2,91.65,0.00,65.98
820,1,14,3,49.18,0.00,18.19
820,2,31,4,72.47,0.00,28.98
820,3,48,5,95.76,0.00,41.17
821,1,17,6,53.29,0.00,24.51
821,2,34,7,76.58,11.48,37.52
821,3,51,8,99.87,19.97,51.93
822,1,20,1,57.40,14.35,31.57
822,2,37,2,80.69,4.03,46.80
822,3,54,3,103.98,10.39,63.42
823,1,23,4,61.51,9.22,39.36
823,2,40,5,84.80,16.96,56.81
823,3,57,6,108.09,27.02,75.66
824,1,26,7,65.62,3.28,22.96
824,2,43,8,88.91,8.89,33.78
824,3,60,1,112.20,16.83,46.00
825,1,29,2,69.73,13.94,30.68
825,2,46,3,93.02,23.25,43.71
825,3,63,4,116.31,5.81,58.15
826,1,32,5,73.84,7.38,39.13
826,2,49,6,97.13,14.56,54.39
826,3,66,7,120.42,24.08,71.04
827,1,35,8,77.95,19.48,48.32
827,2,52,1,101.24,5.06,65.80
827,3,69,2,124.53,12.45,84.68
828,1,38,3,82.06,12.30,58.26
828,2,55,4,105.35,21.07,37.92
828,3,72,5,128.64,32.16,50.16
829,1,41,6,86.17,4.30,36.19
829,2,58,7,109.46,10.94,49.25
829,3,75,8,132.75,19.91,63.72
830,1,44,1,90.28,18.05,46.04
830,2,61,2,113.57,28.39,61.32
830,3,78,3,136.86,6.84,78.01
831,1,47,4,94.39,9.43,56.63
831,2,64,5,117.68,17.65,74.13
831,3,81,6,140.97,28.19,93.04
832,1,50,7,98.50,24.62,67.96
832,2,67,8,121.79,6.08,87.68
832,3,84,1,145.08,14.50,53.67
833,1,53,2,102.61,15.39,41.04
833,2,70,3,125.90,25.18,54.13
833,3,87,4,149.19,37.29,68.62
834,1,56,5,106.72,0.00,52.29
834,2,73,6,130.01,0.00,67.60
834,3,90,7,153.30,0.00,84.31
835,1,59,8,110.83,0.00,64.28
835,2,76,1,134.12,0.00,81.81
835,3,93,2,157.41,0.00,100.74
836,1,62,3,114.94,0.00,77.00
836,2,79,4,138.23,0.00,96.76
836,3,96,5,161.52,0.00,56.53
837,1,65,6,119.05,0.00,45.23
837,2,82,7,142.34,0.00,58.35
837,3,99,8,165.63,0.00,72.87
838,1,68,1,123.16,0.00,57.88
838,2,85,2,146.45,0.00,73.22
838,3,102,3,169.74,0.00,89.96
839,1,71,4,127.27,0.00,71.27
839,2,88,5,150.56,0.00,88.83
839,3,105,6,173.85,0.00,107.78
840,1,74,7,131.38,0.00,85.39
840,2,91,8,154.67,0.00,105.17
840,3,108,1,177.96,0.00,126.35
841,1,77,2,135.49,0.00,48.77
841,2,94,3,158.78,0.00,61.92
841,3,111,4,182.07,0.00,76.46
842,1,80,5,139.60,0.00,62.82
842,2,97,6,162.89,0.00,78.18
842,3,2,7,32.74,0.00,16.69
843,1,83,8,143.71,0.00,77.60
843,2,100,1,167.00,0.00,95.19
843,3,5,2,36.85,0.00,22.11
844,1,86,3,147.82,0.00,93.12
844,2,103,4,171.11,0.00,112.93
844,3,8,5,40.96,0.00,28.26
845,1,89,6,151.93,0.00,109.38
845,2,106,7,175.22,0.00,64.83
845,3,11,8,45.07,0.00,18.02
846,1,92,1,156.04,0.00,67.09
846,2,109,2,179.33,0.00,82.49
846,3,14,3,49.18,0.00,24.09
847,1,95,4,160.15,0.00,83.27
847,2,112,5,183.44,0.00,100.89
847,3,17,6,53.29,0.00,30.90
848,1,98,7,164.26,0.00,100.19
848,2,3,8,34.11,0.00,21.83
848,3,20,1,57.40,0.00,38.45
849,1,101,2,168.37,0.00,117.85
849,2,6,3,38.22,0.00,13.37
849,3,23,4,61.51,0.00,23.37
850,1,104,5,172.48,0.00,70.71
850,2,9,6,42.33,0.00,18.62
850,3,26,7,65.62,0.00,30.84
851,1,107,8,176.59,0.00,88.29
851,2,12,1,46.44,0.00,24.61
851,3,29,2,69.73,0.00,39.04
852,1,110,3,180.70,0.00,106.61
852,2,15,4,50.55,0.00,31.34
852,3,32,5,73.84,0.00,47.99
853,1,1,6,31.37,0.00,21.33
853,2,18,7,54.66,0.00,38.80
853,3,35,8,77.95,0.00,28.06
854,1,4,1,35.48,0.00,13.83
854,2,21,2,58.77,0.00,24.68
854,3,38,3,82.06,12.30,36.92
855,1,7,4,39.59,7.91,19.00
855,2,24,5,62.88,15.72,32.06
855,3,41,6,86.17,4.30,46.53
856,1,10,7,43.70,4.37,24.90
856,2,27,8,66.99,10.04,40.19
856,3,44,1,90.28,18.05,56.87
857,1,13,2,47.81,11.95,31.55
857,2,30,3,71.10,3.55,49.05
857,3,47,4,94.39,9.43,67.96
858,1,16,5,51.92,7.78,19.21
858,2,33,6,75.21,15.04,30.08
858,3,50,7,98.50,24.62,42.35
859,1,19,8,56.03,2.80,25.77
859,2,36,1,79.32,7.93,38.86
859,3,53,2,102.61,15.39,53.35
860,1,22,3,60.14,12.02,33.07
860,2,39,4,83.43,20.85,48.38
860,3,56,5,106.72,5.33,65.09
861,1,25,6,64.25,6.42,41.12
861,2,42,7,87.54,13.13,58.65
861,3,59,8,110.83,22.16,77.58
862,1,28,1,68.36,17.09,23.92
862,2,45,2,91.65,4.58,34.82
862,3,62,3,114.94,11.49,47.12
863,1,31,4,72.47,10.87,31.88
863,2,48,5,95.76,19.15,45.00
863,3,65,6,119.05,29.76,59.52
864,1,34,7,76.58,3.82,40.58
864,2,51,8,99.87,9.98,55.92
864,3,68,1,123.16,18.47,72.66
865,1,37,2,80.69,16.13,50.02
865,2,54,3,103.98,25.99,67.58
865,3,71,4,127.27,6.36,86.54
866,1,40,5,84.80,8.48,60.20
866,2,57,6,108.09,16.21,38.91
866,3,74,7,131.38,26.27,51.23
867,1,43,8,88.91,22.22,37.34
867,2,60,1,112.20,0.00,50.49
867,3,77,2,135.49,0.00,65.03
868,1,46,3,93.02,0.00,47.44
868,2,63,4,116.31,0.00,62.80
868,3,80,5,139.60,0.00,79.57
869,1,49,6,97.13,0.00,58.27
869,2,66,7,120.42,0.00,75.86
869,3,83,8,143.71,0.00,94.84
870,1,52,1,101.24,0.00,69.85
870,2,69,2,124.53,0.00,89.66
870,3,86,3,147.82,0.00,54.69
871,1,55,4,105.35,0.00,42.14
871,2,72,5,128.64,0.00,55.31
871,3,89,6,151.93,0.00,69.88
872,1,58,7,109.46,0.00,53.63
872,2,75,8,132.75,0.00,69.03
872,3,92,1,156.04,0.00,85.82
873,1,61,2,113.57,0.00,65.87
873,2,78,3,136.86,0.00,83.48
873,3,95,4,160.15,0.00,102.49
874,1,64,5,117.68,0.00,78.84
874,2,81,6,140.97,0.00,98.67
874,3,98,7,164.26,0.00,57.49
875,1,67,8,121.79,0.00,46.28
875,2,84,1,145.08,0.00,59.48
875,3,101,2,168.37,0.00,74.08
876,1,70,3,125.90,0.00,59.17
876,2,87,4,149.19,0.00,74.59
876,3,104,5,172.48,0.00,91.41
877,1,73,6,130.01,0.00,72.80
877,2,90,7,153.30,0.00,90.44
877,3,107,8,176.59,0.00,109.48
878,1,76,1,134.12,0.00,87.17
878,2,93,2,157.41,0.00,107.03
878,3,110,3,180.70,0.00,128.29
879,1,79,4,138.23,0.00,49.76
879,2,96,5,161.52,0.00,62.99
879,3,1,6,31.37,0.00,13.17
880,1,82,7,142.34,0.00,64.05
880,2,99,8,165.63,0.00,79.50
880,3,4,1,35.48,0.00,18.09
881,1,85,2,146.45,0.00,79.08
881,2,102,3,169.74,0.00,96.75
881,3,7,4,39.59,0.00,23.75
882,1,88,5,150.56,0.00,94.85
882,2,105,6,173.85,0.00,114.74
882,3,10,7,43.70,0.00,30.15
883,1,91,8,154.67,0.00,111.36
883,2,108,1,177.96,0.00,65.84
883,3,13,2,47.81,0.00,19.12
884,1,94,3,158.78,0.00,68.27
884,2,111,4,182.07,0.00,83.75
884,3,16,5,51.92,0.00,25.44
885,1,97,6,162.89,0.00,84.70
885,2,2,7,32.74,0.00,18.00
885,3,19,8,56.03,0.00,32.49
886,1,100,1,167.00,0.00,101.87
886,2,5,2,36.85,0.00,23.58
886,3,22,3,60.14,0.00,40.29
887,1,103,4,171.11,0.00,119.77
887,2,8,5,40.96,0.00,14.33
887,3,25,6,64.25,0.00,24.41
888,1,106,7,175.22,26.28,71.84
888,2,11,8,45.07,9.01,19.83
888,3,28,1,68.36,17.09,32.12
889,1,109,2,179.33,8.96,89.66
889,2,14,3,49.18,4.91,26.06
889,3,31,4,72.47,10.87,40.58
890,1,112,5,183.44,36.68,108.22
890,2,17,6,53.29,13.32,33.03
890,3,34,7,76.58,3.82,49.77
891,1,3,8,34.11,3.41,23.19
891,2,20,1,57.40,8.61,40.75
891,3,37,2,80.69,16.13,29.04
892,1,6,3,38.22,9.55,14.90
892,2,23,4,61.51,3.07,25.83
892,3,40,5,84.80,8.48,38.16
893,1,9,6,42.33,6.34,20.31
893,2,26,7,65.62,13.12,33.46
893,3,43,8,88.91,22.22,48.01
894,1,12,1,46.44,2.32,26.47
894,2,29,2,69.73,6.97,41.83
894,3,46,3,93.02,13.95,58.60
895,1,15,4,50.55,10.11,33.36
895,2,32,5,73.84,18.46,50.94
895,3,49,6,97.13,4.85,69.93
896,1,18,7,54.66,5.46,20.22
896,2,35,8,77.95,11.69,31.18
896,3,52,1,101.24,20.24,43.53
897,1,21,2,58.77,14.69,27.03
897,2,38,3,82.06,4.10,40.20
897,3,55,4,105.35,10.53,54.78
898,1,24,5,62.88,9.43,34.58
898,2,41,6,86.17,17.23,49.97
898,3,58,7,109.46,27.36,66.77
899,1,27,8,66.99,3.34,42.87
899,2,44,1,90.28,9.02,60.48
899,3,61,2,113.57,17.03,79.49
900,1,30,3,71.10,14.22,24.88
900,2,47,4,94.39,23.59,35.86
900,3,64,5,117.68,0.00,48.24
901,1,33,6,75.21,0.00,33.09
901,2,50,7,98.50,0.00,46.29
901,3,67,8,121.79,0.00,60.89
902,1,36,1,79.32,0.00,42.03
902,2,53,2,102.61,0.00,57.46
902,3,70,3,125.90,0.00,74.28
903,1,39,4,83.43,0.00,51.72
903,2,56,5,106.72,0.00,69.36
903,3,73,6,130.01,0.00,88.40
904,1,42,7,87.54,0.00,62.15
904,2,59,8,110.83,0.00,39.89
904,3,76,1,134.12,0.00,52.30
905,1,45,2,91.65,0.00,38.49
905,2,62,3,114.94,0.00,51.72
905,3,79,4,138.23,0.00,66.35
906,1,48,5,95.76,0.00,48.83
906,2,65,6,119.05,0.00,64.28
906,3,82,7,142.34,0.00,81.13
907,1,51,8,99.87,0.00,59.92
907,2,68,1,123.16,0.00,77.59
907,3,85,2,146.45,0.00,96.65
908,1,54,3,103.98,0.00,71.74
908,2,71,4,127.27,0.00,91.63
908,3,88,5,150.56,0.00,55.70
909,1,57,6,108.09,0.00,43.23
909,2,74,7,131.38,0.00,56.49
909,3,91,8,154.67,0.00,71.14
910,1,60,1,112.20,0.00,54.97
910,2,77,2,135.49,0.00,70.45
910,3,94,3,158.78,0.00,87.32
911,1,63,4,116.31,0.00,67.45
911,2,80,5,139.60,0.00,85.15
911,3,97,6,162.89,0.00,104.24
912,1,66,7,120.42,0.00,80.68
912,2,83,8,143.71,0.00,100.59
912,3,100,1,167.00,0.00,58.45
913,1,69,2,124.53,0.00,47.32
913,2,86,3,147.82,0.00,60.60
913,3,103,4,171.11,0.00,75.28
914,1,72,5,128.64,0.00,60.46
914,2,89,6,151.93,0.00,75.96
914,3,106,7,175.22,0.00,92.86
915,1,75,8,132.75,0.00,74.34
915,2,92,1,156.04,0.00,92.06
915,3,109,2,179.33,0.00,111.18
916,1,78,3,136.86,0.00,88.95
916,2,95,4,160.15,0.00,108.90
916,3,112,5,183.44,0.00,130.24
917,1,81,6,140.97,0.00,50.74
917,2,98,7,164.26,0.00,64.06
917,3,3,8,34.11,0.00,14.32
918,1,84,1,145.08,0.00,65.28
918,2,101,2,168.37,0.00,80.81
918,3,6,3,38.22,0.00,19.49
919,1,87,4,149.19,0.00,80.56
919,2,104,5,172.48,0.00,98.31
919,3,9,6,42.33,0.00,25.39
920,1,90,7,153.30,0.00,96.57
920,2,107,8,176.59,0.00,116.54
920,3,12,1,46.44,0.00,32.04
921,1,93,2,157.41,0.00,113.33
921,2,110,3,180.70,27.10,66.85
921,3,15,4,50.55,10.11,20.22
922,1,96,5,161.52,40.38,69.45
922,2,1,6,31.37,1.56,14.43
922,3,18,7,54.66,5.46,26.78
923,1,99,8,165.63,24.84,86.12
923,2,4,1,35.48,7.09,19.51
923,3,21,2,58.77,14.69,34.08
924,1,102,3,169.74,8.48,103.54
924,2,7,4,39.59,3.95,25.33
924,3,24,5,62.88,9.43,42.12
925,1,105,6,173.85,34.77,121.69
925,2,10,7,43.70,10.92,15.29
925,3,27,8,66.99,3.34,25.45
926,1,108,1,177.96,17.79,72.96
926,2,13,2,47.81,7.17,21.03
926,3,30,3,71.10,14.22,33.41
927,1,111,4,182.07,45.51,91.03
927,2,16,5,51.92,2.59,27.51
927,3,33,6,75.21,7.52,42.11
928,1,2,7,32.74,4.91,19.31
928,2,19,8,56.03,11.20,34.73
928,3,36,1,79.32,19.83,51.55
929,1,5,2,36.85,1.84,25.05
929,2,22,3,60.14,6.01,42.69
929,3,39,4,83.43,12.51,30.03
930,1,8,5,40.96,8.19,15.97
930,2,25,6,64.25,16.06,26.98
930,3,42,7,87.54,4.37,39.39
931,1,11,8,45.07,4.50,21.63
931,2,28,1,68.36,10.25,34.86
931,3,45,2,91.65,18.33,49.49
932,1,14,3,49.18,12.29,28.03
932,2,31,4,72.47,3.62,43.48
932,3,48,5,95.76,9.57,60.32
933,1,17,6,53.29,7.99,35.17
933,2,34,7,76.58,15.31,52.84
933,3,51,8,99.87,24.96,71.90
934,1,20,1,57.40,0.00,21.23
934,2,37,2,80.69,0.00,32.27
934,3,54,3,103.98,0.00,44.71
935,1,23,4,61.51,0.00,28.29
935,2,40,5,84.80,0.00,41.55
935,3,57,6,108.09,0.00,56.20
936,1,26,7,65.62,0.00,36.09
936,2,43,8,88.91,0.00,51.56
936,3,60,1,112.20,0.00,68.44
937,1,29,2,69.73,0.00,44.62
937,2,46,3,93.02,0.00,62.32
937,3,63,4,116.31,0.00,81.41
938,1,32,5,73.84,0.00,25.84
938,2,49,6,97.13,0.00,36.90
938,3,66,7,120.42,0.00,49.37
939,1,35,8,77.95,0.00,34.29
939,2,52,1,101.24,0.00,47.58
939,3,69,2,124.53,0.00,62.26
940,1,38,3,82.06,0.00,43.49
940,2,55,4,105.35,0.00,58.99
940,3,72,5,128.64,0.00,75.89
941,1,41,6,86.17,0.00,53.42
941,2,58,7,109.46,0.00,71.14
941,3,75,8,132.75,0.00,90.27
942,1,44,1,90.28,0.00,64.09
942,2,61,2,113.57,0.00,40.88
942,3,78,3,136.86,0.00,53.37
943,1,47,4,94.39,0.00,39.64
943,2,64,5,117.68,0.00,52.95
943,3,81,6,140.97,0.00,67.66
944,1,50,7,98.50,0.00,50.23
944,2,67,8,121.79,0.00,65.76
944,3,84,1,145.08,0.00,82.69
945,1,53,2,102.61,0.00,61.56
945,2,70,3,125.90,0.00,79.31
945,3,87,4,149.19,0.00,98.46
946,1,56,5,106.72,0.00,73.63
946,2,73,6,130.01,0.00,93.60
946,3,90,7,153.30,0.00,56.72
947,1,59,8,110.83,0.00,44.33
947,2,76,1,134.12,0.00,57.67
947,3,93,2,157.41,0.00,72.40
948,1,62,3,114.94,0.00,56.32
948,2,79,4,138.23,0.00,71.87
948,3,96,5,161.52,0.00,88.83
949,1,65,6,119.05,0.00,69.04
949,2,82,7,142.34,0.00,86.82
949,3,99,8,165.63,0.00,106.00
950,1,68,1,123.16,0.00,82.51
950,2,85,2,146.45,0.00,102.51
950,3,102,3,169.74,0.00,59.40
951,1,71,4,127.27,0.00,48.36
951,2,88,5,150.56,0.00,61.72
951,3,105,6,173.85,0.00,76.49
952,1,74,7,131.38,0.00,61.74
952,2,91,8,154.67,0.00,77.33
952,3,108,1,177.96,0.00,94.31
953,1,77,2,135.49,0.00,75.87
953,2,94,3,158.78,0.00,93.68
953,3,111,4,182.07,0.00,112.88
954,1,80,5,139.60,0.00,90.74
954,2,97,6,162.89,0.00,110.76
954,3,2,7,32.74,4.91,23.24
955,1,83,8,143.71,28.74,51.73
955,2,100,1,167.00,41.75,65.13
955,3,5,2,36.85,1.84,15.47
956,1,86,3,147.82,14.78,66.51
956,2,103,4,171.11,25.66,82.13
956,3,8,5,40.96,8.19,20.88
957,1,89,6,151.93,37.98,82.04
957,2,106,7,175.22,8.76,99.87
957,3,11,8,45.07,4.50,27.04
958,1,92,1,156.04,23.40,98.30
958,2,109,2,179.33,35.86,118.35
958,3,14,3,49.18,12.29,33.93
959,1,95,4,160.15,8.00,115.30
959,2,112,5,183.44,18.34,67.87
959,3,17,6,53.29,7.99,21.31
960,1,98,7,164.26,32.85,70.63
960,2,3,8,34.11,8.52,15.69
960,3,20,1,57.40,2.87,28.12
961,1,101,2,168.37,16.83,87.55
961,2,6,3,38.22,5.73,21.02
961,3,23,4,61.51,12.30,35.67
962,1,104,5,172.48,43.12,105.21
962,2,9,6,42.33,2.11,27.09
962,3,26,7,65.62,6.56,43.96
963,1,107,8,176.59,26.48,123.61
963,2,12,1,46.44,9.28,16.25
963,3,29,2,69.73,17.43,26.49
964,1,110,3,180.70,9.03,74.08
964,2,15,4,50.55,5.05,22.24
964,3,32,5,73.84,11.07,34.70
965,1,1,6,31.37,6.27,15.68
965,2,18,7,54.66,13.66,28.96
965,3,35,8,77.95,3.89,43.65
966,1,4,1,35.48,3.54,20.93
966,2,21,2,58.77,8.81,36.43
966,3,38,3,82.06,16.41,53.33
967,1,7,4,39.59,9.89,26.92
967,2,24,5,62.88,0.00,44.64
967,3,41,6,86.17,0.00,31.02
968,1,10,7,43.70,0.00,17.04
968,2,27,8,66.99,0.00,28.13
968,3,44,1,90.28,0.00,40.62
969,1,13,2,47.81,0.00,22.94
969,2,30,3,71.10,0.00,36.26
969,3,47,4,94.39,0.00,50.97
970,1,16,5,51.92,0.00,29.59
970,2,33,6,75.21,0.00,45.12
970,3,50,7,98.50,0.00,62.05
971,1,19,8,56.03,0.00,36.97
971,2,36,1,79.32,0.00,54.73
971,3,53,2,102.61,0.00,73.87
972,1,22,3,60.14,0.00,22.25
972,2,39,4,83.43,0.00,33.37
972,3,56,5,106.72,0.00,45.88
973,1,25,6,64.25,0.00,29.55
973,2,42,7,87.54,0.00,42.89
973,3,59,8,110.83,0.00,57.63
974,1,28,1,68.36,0.00,37.59
974,2,45,2,91.65,0.00,53.15
974,3,62,3,114.94,0.00,70.11
975,1,31,4,72.47,0.00,46.38
975,2,48,5,95.76,0.00,64.15
975,3,65,6,119.05,0.00,83.33
976,1,34,7,76.58,0.00,26.80
976,2,51,8,99.87,0.00,37.95
976,3,68,1,123.16,0.00,50.49
977,1,37,2,80.69,0.00,35.50
977,2,54,3,103.98,0.00,48.87
977,3,71,4,127.27,0.00,63.63
978,1,40,5,84.80,0.00,44.94
978,2,57,6,108.09,0.00,60.53
978,3,74,7,131.38,0.00,77.51
979,1,43,8,88.91,0.00,55.12
979,2,60,1,112.20,0.00,72.93
979,3,77,2,135.49,0.00,92.13
980,1,46,3,93.02,0.00,66.04
980,2,63,4,116.31,0.00,41.87
980,3,80,5,139.60,0.00,54.44
981,1,49,6,97.13,0.00,40.79
981,2,66,7,120.42,0.00,54.18
981,3,83,8,143.71,0.00,68.98
982,1,52,1,101.24,0.00,51.63
982,2,69,2,124.53,0.00,67.24
982,3,86,3,147.82,0.00,84.25
983,1,55,4,105.35,0.00,63.21
983,2,72,5,128.64,0.00,81.04
983,3,89,6,151.93,0.00,100.27
984,1,58,7,109.46,0.00,75.52
984,2,75,8,132.75,0.00,95.58
984,3,92,1,156.04,0.00,57.73
985,1,61,2,113.57,0.00,45.42
985,2,78,3,136.86,0.00,58.84
985,3,95,4,160.15,0.00,73.66
986,1,64,5,117.68,0.00,57.66
986,2,81,6,140.97,0.00,73.30
986,3,98,7,164.26,0.00,90.34
987,1,67,8,121.79,0.00,70.63
987,2,84,1,145.08,0.00,88.49
987,3,101,2,168.37,0.00,107.75
988,1,70,3,125.90,18.88,84.35
988,2,87,4,149.19,29.83,104.43
988,3,104,5,172.48,43.12,60.36
989,1,73,6,130.01,6.50,49.40
989,2,90,7,153.30,15.33,62.85
989,3,107,8,176.59,26.48,77.69
990,1,76,1,134.12,26.82,63.03
990,2,93,2,157.41,39.35,78.70
990,3,110,3,180.70,9.03,95.77
991,1,79,4,138.23,13.82,77.40
991,2,96,5,161.52,24.22,95.29
991,3,1,6,31.37,6.27,19.44
992,1,82,7,142.34,35.58,92.52
992,2,99,8,165.63,8.28,112.62
992,3,4,1,35.48,3.54,25.19
993,1,85,2,146.45,21.96,52.72
993,2,102,3,169.74,33.94,66.19
993,3,7,4,39.59,9.89,16.62
994,1,88,5,150.56,7.52,67.75
994,2,105,6,173.85,17.38,83.44
994,3,10,7,43.70,6.55,22.28
995,1,91,8,154.67,30.93,83.52
995,2,108,1,177.96,44.49,101.43
995,3,13,2,47.81,2.39,28.68
996,1,94,3,158.78,15.87,100.03
996,2,111,4,182.07,27.31,120.16
996,3,16,5,51.92,10.38,35.82
997,1,97,6,162.89,40.72,117.28
997,2,2,7,32.74,1.63,12.11
997,3,19,8,56.03,5.60,22.41
998,1,100,1,167.00,25.05,71.81
998,2,5,2,36.85,7.37,16.95
998,3,22,3,60.14,15.03,29.46
999,1,103,4,171.11,8.55,88.97
999,2,8,5,40.96,4.09,22.52
999,3,25,6,64.25,9.63,37.26
1000,1,106,7,175.22,35.04,106.88
1000,2,11,8,45.07,11.26,28.84
1000,3,28,1,68.36,0.00,45.80
1001,1,109,2,179.33,0.00,125.53
1001,2,14,3,49.18,0.00,17.21
1001,3,31,4,72.47,0.00,27.53
1002,1,112,5,183.44,0.00,75.21
1002,2,17,6,53.29,0.00,23.44
1002,3,34,7,76.58,0.00,35.99
1003,1,3,8,34.11,0.00,17.05
1003,2,20,1,57.40,0.00,30.42
1003,3,37,2,80.69,0.00,45.18
1004,1,6,3,38.22,0.00,22.54
1004,2,23,4,61.51,0.00,38.13
1004,3,40,5,84.80,0.00,55.12
1005,1,9,6,42.33,0.00,28.78
1005,2,26,7,65.62,0.00,46.59
1005,3,43,8,88.91,0.00,32.00
1006,1,12,1,46.44,0.00,18.11
1006,2,29,2,69.73,0.00,29.28
1006,3,46,3,93.02,0.00,41.85
1007,1,15,4,50.55,0.00,24.26
1007,2,32,5,73.84,0.00,37.65
1007,3,49,6,97.13,0.00,52.45
1008,1,18,7,54.66,0.00,31.15
1008,2,35,8,77.95,0.00,46.77
1008,3,52,1,101.24,0.00,63.78
1009,1,21,2,58.77,0.00,38.78
1009,2,38,3,82.06,0.00,56.62
1009,3,55,4,105.35,0.00,75.85
1010,1,24,5,62.88,0.00,23.26
1010,2,41,6,86.17,0.00,34.46
1010,3,58,7,109.46,0.00,47.06
1011,1,27,8,66.99,0.00,30.81
1011,2,44,1,90.28,0.00,44.23
1011,3,61,2,113.57,0.00,59.05
1012,1,30,3,71.10,0.00,39.10
1012,2,47,4,94.39,0.00,54.74
1012,3,64,5,117.68,0.00,71.78
1013,1,33,6,75.21,0.00,48.13
1013,2,50,7,98.50,0.00,65.99
1013,3,67,8,121.79,0.00,85.25
1014,1,36,1,79.32,0.00,27.76
1014,2,53,2,102.61,0.00,38.99
1014,3,70,3,125.90,0.00,51.61
1015,1,39,4,83.43,0.00,36.70
1015,2,56,5,106.72,0.00,50.15
1015,3,73,6,130.01,0.00,65.00
1016,1,42,7,87.54,0.00,46.39
1016,2,59,8,110.83,0.00,62.06
1016,3,76,1,134.12,0.00,79.13
1017,1,45,2,91.65,0.00,56.82
1017,2,62,3,114.94,0.00,74.71
1017,3,79,4,138.23,0.00,93.99
1018,1,48,5,95.76,0.00,67.98
1018,2,65,6,119.05,0.00,42.85
1018,3,82,7,142.34,0.00,55.51
1019,1,51,8,99.87,0.00,41.94
1019,2,68,1,123.16,0.00,55.42
1019,3,85,2,146.45,0.00,70.29
1020,1,54,3,103.98,0.00,53.02
1020,2,71,4,127.27,0.00,68.72
1020,3,88,5,150.56,0.00,85.81
1021,1,57,6,108.09,0.00,64.85
1021,2,74,7,131.38,19.70,82.76
1021,3,91,8,154.67,30.93,102.08
1022,1,60,1,112.20,28.05,77.41
1022,2,77,2,135.49,6.77,97.55
1022,3,94,3,158.78,15.87,58.74
1023,1,63,4,116.31,17.44,46.52
1023,2,80,5,139.60,27.92,60.02
1023,3,97,6,162.89,40.72,74.92
1024,1,66,7,120.42,6.02,59.00
1024,2,83,8,143.71,14.37,74.72
1024,3,100,1,167.00,25.05,91.85
1025,1,69,2,124.53,24.90,72.22
1025,2,86,3,147.82,36.95,90.17
1025,3,103,4,171.11,8.55,109.51
1026,1,72,5,128.64,12.86,86.18
1026,2,89,6,151.93,22.78,106.35
1026,3,106,7,175.22,35.04,61.32
1027,1,75,8,132.75,33.18,50.44
1027,2,92,1,156.04,7.80,63.97
1027,3,109,2,179.33,17.93,78.90
1028,1,78,3,136.86,20.52,64.32
1028,2,95,4,160.15,32.03,80.07
1028,3,112,5,183.44,45.86,97.22
1029,1,81,6,140.97,7.04,78.94
1029,2,98,7,164.26,16.42,96.91
1029,3,3,8,34.11,5.11,21.14
1030,1,84,1,145.08,29.01,94.30
1030,2,101,2,168.37,42.09,114.49
1030,3,6,3,38.22,1.91,27.13
1031,1,87,4,149.19,14.91,53.70
1031,2,104,5,172.48,25.87,67.26
1031,3,9,6,42.33,8.46,17.77
1032,1,90,7,153.30,38.32,68.98
1032,2,107,8,176.59,8.82,84.76
1032,3,12,1,46.44,4.64,23.68
1033,1,93,2,157.41,23.61,85.00
1033,2,110,3,180.70,36.14,102.99
1033,3,15,4,50.55,12.63,30.33
1034,1,96,5,161.52,0.00,101.75
1034,2,1,6,31.37,0.00,20.70
1034,3,18,7,54.66,0.00,37.71
1035,1,99,8,165.63,0.00,119.25
1035,2,4,1,35.48,0.00,13.12
1035,3,21,2,58.77,0.00,23.50
1036,1,102,3,169.74,0.00,72.98
1036,2,7,4,39.59,0.00,18.21
1036,3,24,5,62.88,0.00,30.81
1037,1,105,6,173.85,0.00,90.40
1037,2,10,7,43.70,0.00,24.03
1037,3,27,8,66.99,0.00,38.85
1038,1,108,1,177.96,0.00,108.55
1038,2,13,2,47.81,0.00,30.59
1038,3,30,3,71.10,0.00,47.63
1039,1,111,4,182.07,0.00,127.44
1039,2,16,5,51.92,0.00,18.17
1039,3,33,6,75.21,0.00,28.57
1040,1,2,7,32.74,0.00,13.42
1040,2,19,8,56.03,0.00,24.65
1040,3,36,1,79.32,0.00,37.28
1041,1,5,2,36.85,0.00,18.42
1041,2,22,3,60.14,0.00,31.87
1041,3,39,4,83.43,0.00,46.72
1042,1,8,5,40.96,0.00,24.16
1042,2,25,6,64.25,0.00,39.83
1042,3,42,7,87.54,0.00,56.90
1043,1,11,8,45.07,0.00,30.64
1043,2,28,1,68.36,0.00,48.53
1043,3,45,2,91.65,0.00,32.99
1044,1,14,3,49.18,0.00,19.18
1044,2,31,4,72.47,0.00,30.43
1044,3,48,5,95.76,0.00,43.09
1045,1,17,6,53.29,0.00,25.57
1045,2,34,7,76.58,0.00,39.05
1045,3,51,8,99.87,0.00,53.92
1046,1,20,1,57.40,0.00,32.71
1046,2,37,2,80.69,0.00,48.41
1046,3,54,3,103.98,0.00,65.50
1047,1,23,4,61.51,0.00,40.59
1047,2,40,5,84.80,0.00,58.51
1047,3,57,6,108.09,0.00,77.82
1048,1,26,7,65.62,0.00,24.27
1048,2,43,8,88.91,0.00,35.56
1048,3,60,1,112.20,0.00,48.24
1049,1,29,2,69.73,0.00,32.07
1049,2,46,3,93.02,0.00,45.57
1049,3,63,4,116.31,0.00,60.48
1050,1,32,5,73.84,0.00,40.61
1050,2,49,6,97.13,0.00,56.33
1050,3,66,7,120.42,0.00,73.45
1051,1,35,8,77.95,0.00,49.88
1051,2,52,1,101.24,0.00,67.83
1051,3,69,2,124.53,0.00,87.17
1052,1,38,3,82.06,0.00,28.72
1052,2,55,4,105.35,0.00,40.03
1052,3,72,5,128.64,0.00,52.74
1053,1,41,6,86.17,0.00,37.91
1053,2,58,7,109.46,0.00,51.44
1053,3,75,8,132.75,0.00,66.37
1054,1,44,1,90.28,0.00,47.84
1054,2,61,2,113.57,0.00,63.59
1054,3,78,3,136.86,20.52,80.74
1055,1,47,4,94.39,18.87,58.52
1055,2,64,5,117.68,29.42,76.49
1055,3,81,6,140.97,7.04,95.85
1056,1,50,7,98.50,9.85,69.93
1056,2,67,8,121.79,18.26,43.84
1056,3,84,1,145.08,29.01,56.58
1057,1,53,2,102.61,25.65,43.09
1057,2,70,3,125.90,6.29,56.65
1057,3,87,4,149.19,14.91,71.61
1058,1,56,5,106.72,16.00,54.42
1058,2,73,6,130.01,26.00,70.20
1058,3,90,7,153.30,38.32,87.38
1059,1,59,8,110.83,5.54,66.49
1059,2,76,1,134.12,13.41,84.49
1059,3,93,2,157.41,23.61,103.89
1060,1,62,3,114.94,22.98,79.30
1060,2,79,4,138.23,34.55,99.52
1060,3,96,5,161.52,8.07,59.76
1061,1,65,6,119.05,11.90,47.62
1061,2,82,7,142.34,21.35,61.20
1061,3,99,8,165.63,33.12,76.18
1062,1,68,1,123.16,30.79,60.34
1062,2,85,2,146.45,7.32,76.15
1062,3,102,3,169.74,16.97,93.35
1063,1,71,4,127.27,19.09,73.81
1063,2,88,5,150.56,30.11,91.84
1063,3,105,6,173.85,43.46,111.26
1064,1,74,7,131.38,6.56,88.02
1064,2,91,8,154.67,15.46,108.26
1064,3,108,1,177.96,26.69,62.28
1065,1,77,2,135.49,27.09,51.48
1065,2,94,3,158.78,39.69,65.09
1065,3,111,4,182.07,9.10,80.11
1066,1,80,5,139.60,13.96,65.61
1066,2,97,6,162.89,24.43,81.44
1066,3,2,7,32.74,6.54,17.35
1067,1,83,8,143.71,35.92,80.47
1067,2,100,1,167.00,0.00,98.53
1067,3,5,2,36.85,0.00,22.84
1068,1,86,3,147.82,0.00,96.08
1068,2,103,4,171.11,0.00,116.35
1068,3,8,5,40.96,0.00,29.08
1069,1,89,6,151.93,0.00,54.69
1069,2,106,7,175.22,0.00,68.33
1069,3,11,8,45.07,0.00,18.92
1070,1,92,1,156.04,0.00,70.21
1070,2,109,2,179.33,0.00,86.07
1070,3,14,3,49.18,0.00,25.08
1071,1,95,4,160.15,0.00,86.48
1071,2,112,5,183.44,0.00,104.56
1071,3,17,6,53.29,0.00,31.97
1072,1,98,7,164.26,0.00,103.48
1072,2,3,8,34.11,0.00,22.51
1072,3,20,1,57.40,0.00,39.60
1073,1,101,2,168.37,0.00,121.22
1073,2,6,3,38.22,0.00,14.14
1073,3,23,4,61.51,0.00,24.60
1074,1,104,5,172.48,0.00,74.16
1074,2,9,6,42.33,0.00,19.47
1074,3,26,7,65.62,0.00,32.15
1075,1,107,8,176.59,0.00,91.82
1075,2,12,1,46.44,0.00,25.54
1075,3,29,2,69.73,0.00,40.44
1076,1,110,3,180.70,0.00,110.22
1076,2,15,4,50.55,0.00,32.35
1076,3,32,5,73.84,0.00,49.47
1077,1,1,6,31.37,0.00,21.95
1077,2,18,7,54.66,0.00,19.13
1077,3,35,8,77.95,0.00,29.62
1078,1,4,1,35.48,0.00,14.54
1078,2,21,2,58.77,0.00,25.85
1078,3,38,3,82.06,0.00,38.56
1079,1,7,4,39.59,0.00,19.79
1079,2,24,5,62.88,0.00,33.32
1079,3,41,6,86.17,0.00,48.25
1080,1,10,7,43.70,0.00,25.78
1080,2,27,8,66.99,0.00,41.53
1080,3,44,1,90.28,0.00,58.68
1081,1,13,2,47.81,0.00,32.51
1081,2,30,3,71.10,0.00,50.48
1081,3,47,4,94.39,0.00,33.98
1082,1,16,5,51.92,0.00,20.24
1082,2,33,6,75.21,0.00,31.58
1082,3,50,7,98.50,0.00,44.32
1083,1,19,8,56.03,0.00,26.89
1083,2,36,1,79.32,0.00,40.45
1083,3,53,2,102.61,0.00,55.40
1084,1,22,3,60.14,0.00,34.27
1084,2,39,4,83.43,0.00,50.05
1084,3,56,5,106.72,0.00,67.23
1085,1,25,6,64.25,0.00,42.40
1085,2,42,7,87.54,0.00,60.40
1085,3,59,8,110.83,0.00,79.79
1086,1,28,1,68.36,0.00,25.29
1086,2,45,2,91.65,0.00,36.66
1086,3,62,3,114.94,0.00,49.42
1087,1,31,4,72.47,0.00,33.33
1087,2,48,5,95.76,0.00,46.92
1087,3,65,6,119.05,0.00,61.90
1088,1,34,7,76.58,11.48,42.11
1088,2,51,8,99.87,19.97,57.92
1088,3,68,1,123.16,30.79,75.12
1089,1,37,2,80.69,4.03,51.64
1089,2,54,3,103.98,10.39,69.66
1089,3,71,4,127.27,19.09,89.08
1090,1,40,5,84.80,16.96,29.68
1090,2,57,6,108.09,27.02,41.07
1090,3,74,7,131.38,6.56,53.86
1091,1,43,8,88.91,8.89,39.12
1091,2,60,1,112.20,16.83,52.73
1091,3,77,2,135.49,27.09,67.74
1092,1,46,3,93.02,23.25,49.30
1092,2,63,4,116.31,5.81,65.13
1092,3,80,5,139.60,13.96,82.36
1093,1,49,6,97.13,14.56,60.22
1093,2,66,7,120.42,24.08,78.27
1093,3,83,8,143.71,35.92,97.72
1094,1,52,1,101.24,5.06,71.88
1094,2,69,2,124.53,12.45,44.83
1094,3,86,3,147.82,22.17,57.64
1095,1,55,4,105.35,21.07,44.24
1095,2,72,5,128.64,32.16,57.88
1095,3,89,6,151.93,7.59,72.92
1096,1,58,7,109.46,10.94,55.82
1096,2,75,8,132.75,19.91,71.68
1096,3,92,1,156.04,31.20,88.94
1097,1,61,2,113.57,28.39,68.14
1097,2,78,3,136.86,6.84,86.22
1097,3,95,4,160.15,16.01,105.69
1098,1,64,5,117.68,17.65,81.19
1098,2,81,6,140.97,28.19,101.49
1098,3,98,7,164.26,41.06,60.77
1099,1,67,8,121.79,6.08,48.71
1099,2,84,1,145.08,14.50,62.38
1099,3,101,2,168.37,25.25,77.45
1100,1,70,3,125.90,25.18,61.69
1100,2,87,4,149.19,37.29,77.57
1100,3,104,5,172.48,0.00,94.86
1101,1,73,6,130.01,0.00,75.40
1101,2,90,7,153.30,0.00,93.51
1101,3,107,8,176.59,0.00,113.01
1102,1,76,1,134.12,0.00,89.86
1102,2,93,2,157.41,0.00,110.18
1102,3,110,3,180.70,0.00,63.24
1103,1,79,4,138.23,0.00,52.52
1103,2,96,5,161.52,0.00,66.22
1103,3,1,6,31.37,0.00,13.80
1104,1,82,7,142.34,0.00,66.89
1104,2,99,8,165.63,0.00,82.81
1104,3,4,1,35.48,0.00,18.80
1105,1,85,2,146.45,0.00,82.01
1105,2,102,3,169.74,0.00,100.14
1105,3,7,4,39.59,0.00,24.54
1106,1,88,5,150.56,0.00,97.86
1106,2,105,6,173.85,0.00,118.21
1106,3,10,7,43.70,0.00,31.02
1107,1,91,8,154.67,0.00,55.68
1107,2,108,1,177.96,0.00,69.40
1107,3,13,2,47.81,0.00,20.08
1108,1,94,3,158.78,0.00,71.45
1108,2,111,4,182.07,0.00,87.39
1108,3,16,5,51.92,0.00,26.47
1109,1,97,6,162.89,0.00,87.96
1109,2,2,7,32.74,0.00,18.66
1109,3,19,8,56.03,0.00,33.61
1110,1,100,1,167.00,0.00,105.21
1110,2,5,2,36.85,0.00,24.32
1110,3,22,3,60.14,0.00,41.49
1111,1,103,4,171.11,0.00,123.19
1111,2,8,5,40.96,0.00,15.15
1111,3,25,6,64.25,0.00,25.70
1112,1,106,7,175.22,0.00,75.34
1112,2,11,8,45.07,0.00,20.73
1112,3,28,1,68.36,0.00,33.49
1113,1,109,2,179.33,0.00,93.25
1113,2,14,3,49.18,0.00,27.04
1113,3,31,4,72.47,0.00,42.03
1114,1,112,5,183.44,0.00,111.89
1114,2,17,6,53.29,0.00,34.10
1114,3,34,7,76.58,0.00,51.30
1115,1,3,8,34.11,0.00,23.87
1115,2,20,1,57.40,0.00,20.09
1115,3,37,2,80.69,0.00,30.66
1116,1,6,3,38.22,0.00,15.67
1116,2,23,4,61.51,0.00,27.06
1116,3,40,5,84.80,0.00,39.85
1117,1,9,6,42.33,0.00,21.16
1117,2,26,7,65.62,0.00,34.77
1117,3,43,8,88.91,0.00,49.78
1118,1,12,1,46.44,0.00,27.39
1118,2,29,2,69.73,0.00,43.23
1118,3,46,3,93.02,0.00,60.46
1119,1,15,4,50.55,0.00,34.37
1119,2,32,5,73.84,0.00,52.42
1119,3,49,6,97.13,0.00,34.96
1120,1,18,7,54.66,0.00,21.31
1120,2,35,8,77.95,0.00,32.73
1120,3,52,1,101.24,0.00,45.55
1121,1,21,2,58.77,0.00,28.20
1121,2,38,3,82.06,12.30,41.85
1121,3,55,4,105.35,21.07,56.88
1122,1,24,5,62.88,15.72,35.84
1122,2,41,6,86.17,4.30,51.70
1122,3,58,7,109.46,10.94,68.95
1123,1,27,8,66.99,10.04,44.21
1123,2,44,1,90.28,18.05,62.29
1123,3,61,2,113.57,28.39,81.77
1124,1,30,3,71.10,3.55,26.30
1124,2,47,4,94.39,9.43,37.75
1124,3,64,5,117.68,17.65,50.60
1125,1,33,6,75.21,15.04,34.59
1125,2,50,7,98.50,24.62,48.26
1125,3,67,8,121.79,6.08,63.33
1126,1,36,1,79.32,7.93,43.62
1126,2,53,2,102.61,15.39,59.51
1126,3,70,3,125.90,25.18,76.79
1127,1,39,4,83.43,20.85,53.39
1127,2,56,5,106.72,5.33,71.50
1127,3,73,6,130.01,13.00,91.00
1128,1,42,7,87.54,13.13,30.63
1128,2,59,8,110.83,22.16,42.11
1128,3,76,1,134.12,33.53,54.98
1129,1,45,2,91.65,4.58,40.32
1129,2,62,3,114.94,11.49,54.02
1129,3,79,4,138.23,20.73,69.11
1130,1,48,5,95.76,19.15,50.75
1130,2,65,6,119.05,29.76,66.66
1130,3,82,7,142.34,7.11,83.98
1131,1,51,8,99.87,9.98,61.91
1131,2,68,1,123.16,18.47,80.05
1131,3,85,2,146.45,29.29,99.58
1132,1,54,3,103.98,25.99,73.82
1132,2,71,4,127.27,6.36,45.81
1132,3,88,5,150.56,15.05,58.71
1133,1,57,6,108.09,16.21,45.39
1133,2,74,7,131.38,26.27,59.12
1133,3,91,8,154.67,38.66,74.24
1134,1,60,1,112.20,0.00,57.22
1134,2,77,2,135.49,0.00,73.16
1134,3,94,3,158.78,0.00,90.50
1135,1,63,4,116.31,0.00,69.78
1135,2,80,5,139.60,0.00,87.94
1135,3,97,6,162.89,0.00,107.50
1136,1,66,7,120.42,0.00,83.08
1136,2,83,8,143.71,0.00,103.47
1136,3,100,1,167.00,0.00,61.79
1137,1,69,2,124.53,0.00,49.81
1137,2,86,3,147.82,0.00,63.56
1137,3,103,4,171.11,0.00,78.71
1138,1,72,5,128.64,0.00,63.03
1138,2,89,6,151.93,0.00,79.00
1138,3,106,7,175.22,0.00,96.37
1139,1,75,8,132.75,0.00,76.99
1139,2,92,1,156.04,0.00,95.18
1139,3,109,2,179.33,0.00,114.77
1140,1,78,3,136.86,0.00,91.69
1140,2,95,4,160.15,0.00,112.10
1140,3,112,5,183.44,0.00,64.20
1141,1,81,6,140.97,0.00,53.56
1141,2,98,7,164.26,0.00,67.34
1141,3,3,8,34.11,0.00,15.00
1142,1,84,1,145.08,0.00,68.18
1142,2,101,2,168.37,0.00,84.18
1142,3,6,3,38.22,0.00,20.25
1143,1,87,4,149.19,0.00,83.54
1143,2,104,5,172.48,0.00,101.76
1143,3,9,6,42.33,0.00,26.24
1144,1,90,7,153.30,0.00,99.64
1144,2,107,8,176.59,0.00,120.08
1144,3,12,1,46.44,0.00,32.97
1145,1,93,2,157.41,0.00,56.66
1145,2,110,3,180.70,0.00,70.47
1145,3,15,4,50.55,0.00,21.23
1146,1,96,5,161.52,0.00,72.68
1146,2,1,6,31.37,0.00,15.05
1146,3,18,7,54.66,0.00,27.87
1147,1,99,8,165.63,0.00,89.44
1147,2,4,1,35.48,0.00,20.22
1147,3,21,2,58.77,0.00,35.26
1148,1,102,3,169.74,0.00,106.93
1148,2,7,4,39.59,0.00,26.12
1148,3,24,5,62.88,0.00,43.38
1149,1,105,6,173.85,0.00,125.17
1149,2,10,7,43.70,0.00,16.16
1149,3,27,8,66.99,0.00,26.79
1150,1,108,1,177.96,0.00,76.52
1150,2,13,2,47.81,0.00,21.99
1150,3,30,3,71.10,0.00,34.83
1151,1,111,4,182.07,0.00,94.67
1151,2,16,5,51.92,0.00,28.55
1151,3,33,6,75.21,0.00,43.62
1152,1,2,7,32.74,0.00,19.97
1152,2,19,8,56.03,0.00,35.85
1152,3,36,1,79.32,0.00,53.14
1153,1,5,2,36.85,0.00,25.79
1153,2,22,3,60.14,0.00,21.04
1153,3,39,4,83.43,0.00,31.70
1154,1,8,5,40.96,0.00,16.79
1154,2,25,6,64.25,0.00,28.27
1154,3,42,7,87.54,13.13,41.14
1155,1,11,8,45.07,9.01,22.53
1155,2,28,1,68.36,17.09,36.23
1155,3,45,2,91.65,4.58,51.32
1156,1,14,3,49.18,4.91,29.01
1156,2,31,4,72.47,10.87,44.93
1156,3,48,5,95.76,19.15,62.24
1157,1,17,6,53.29,13.32,36.23
1157,2,34,7,76.58,3.82,54.37
1157,3,51,8,99.87,9.98,35.95
1158,1,20,1,57.40,8.61,22.38
1158,2,37,2,80.69,16.13,33.88
1158,3,54,3,103.98,25.99,46.79
1159,1,23,4,61.51,3.07,29.52
1159,2,40,5,84.80,8.48,43.24
1159,3,57,6,108.09,16.21,58.36
1160,1,26,7,65.62,13.12,37.40
1160,2,43,8,88.91,22.22,53.34
1160,3,60,1,112.20,5.61,70.68
1161,1,29,2,69.73,6.97,46.02
1161,2,46,3,93.02,13.95,64.18
1161,3,63,4,116.31,23.26,83.74
1162,1,32,5,73.84,18.46,27.32
1162,2,49,6,97.13,4.85,38.85
1162,3,66,7,120.42,12.04,51.78
1163,1,35,8,77.95,11.69,35.85
1163,2,52,1,101.24,20.24,49.60
1163,3,69,2,124.53,31.13,64.75
1164,1,38,3,82.06,4.10,45.13
1164,2,55,4,105.35,10.53,61.10
1164,3,72,5,128.64,19.29,78.47
1165,1,41,6,86.17,17.23,55.14
1165,2,58,7,109.46,27.36,73.33
1165,3,75,8,132.75,6.63,92.92
1166,1,44,1,90.28,9.02,31.59
1166,2,61,2,113.57,17.03,43.15
1166,3,78,3,136.86,27.37,56.11
1167,1,47,4,94.39,23.59,41.53
1167,2,64,5,117.68,0.00,55.30
1167,3,81,6,140.97,0.00,70.48
1168,1,50,7,98.50,0.00,52.20
1168,2,67,8,121.79,0.00,68.20
1168,3,84,1,145.08,0.00,85.59
1169,1,53,2,102.61,0.00,63.61
1169,2,70,3,125.90,0.00,81.83
1169,3,87,4,149.19,0.00,101.44
1170,1,56,5,106.72,0.00,75.77
1170,2,73,6,130.01,0.00,46.80
1170,3,90,7,153.30,0.00,59.78
1171,1,59,8,110.83,0.00,46.54
1171,2,76,1,134.12,0.00,60.35
1171,3,93,2,157.41,0.00,75.55
1172,1,62,3,114.94,0.00,58.61
1172,2,79,4,138.23,0.00,74.64
1172,3,96,5,161.52,0.00,92.06
1173,1,65,6,119.05,0.00,71.43
1173,2,82,7,142.34,0.00,89.67
1173,3,99,8,165.63,0.00,109.31
1174,1,68,1,123.16,0.00,84.98
1174,2,85,2,146.45,0.00,105.44
1174,3,102,3,169.74,0.00,62.80
1175,1,71,4,127.27,0.00,50.90
1175,2,88,5,150.56,0.00,64.74
1175,3,105,6,173.85,0.00,79.97
1176,1,74,7,131.38,0.00,64.37
1176,2,91,8,154.67,0.00,80.42
1176,3,108,1,177.96,0.00,97.87
1177,1,77,2,135.49,0.00,78.58
1177,2,94,3,158.78,0.00,96.85
1177,3,111,4,182.07,0.00,116.52
1178,1,80,5,139.60,0.00,93.53
1178,2,97,6,162.89,0.00,114.02
1178,3,2,7,32.74,0.00,11.45
1179,1,83,8,143.71,0.00,54.60
1179,2,100,1,167.00,0.00,68.47
1179,3,5,2,36.85,0.00,16.21
1180,1,86,3,147.82,0.00,69.47
1180,2,103,4,171.11,0.00,85.55
1180,3,8,5,40.96,0.00,21.70
1181,1,89,6,151.93,0.00,85.08
1181,2,106,7,175.22,0.00,103.37
1181,3,11,8,45.07,0.00,27.94
1182,1,92,1,156.04,0.00,101.42
1182,2,109,2,179.33,0.00,121.94
1182,3,14,3,49.18,0.00,34.91
1183,1,95,4,160.15,0.00,57.65
1183,2,112,5,183.44,0.00,71.54
1183,3,17,6,53.29,0.00,22.38
1184,1,98,7,164.26,0.00,73.91
1184,2,3,8,34.11,0.00,16.37
1184,3,20,1,57.40,0.00,29.27
1185,1,101,2,168.37,0.00,90.91
1185,2,6,3,38.22,0.00,21.78
1185,3,23,4,61.51,0.00,36.90
1186,1,104,5,172.48,0.00,108.66
1186,2,9,6,42.33,0.00,27.93
1186,3,26,7,65.62,0.00,45.27
1187,1,107,8,176.59,0.00,127.14
1187,2,12,1,46.44,0.00,17.18
1187,3,29,2,69.73,0.00,27.89
1188,1,110,3,180.70,27.10,77.70
1188,2,15,4,50.55,10.11,23.25
1188,3,32,5,73.84,18.46,36.18
1189,1,1,6,31.37,1.56,16.31
1189,2,18,7,54.66,5.46,30.06
1189,3,35,8,77.95,11.69,45.21
1190,1,4,1,35.48,7.09,21.64
1190,2,21,2,58.77,14.69,37.61
1190,3,38,3,82.06,4.10,54.98
1191,1,7,4,39.59,3.95,27.71
1191,2,24,5,62.88,9.43,22.00
1191,3,41,6,86.17,17.23,32.74
1192,1,10,7,43.70,10.92,17.91
1192,2,27,8,66.99,3.34,29.47
1192,3,44,1,90.28,9.02,42.43
1193,1,13,2,47.81,7.17,23.90
1193,2,30,3,71.10,14.22,37.68
1193,3,47,4,94.39,23.59,52.85
1194,1,16,5,51.92,2.59,30.63
1194,2,33,6,75.21,7.52,46.63
1194,3,50,7,98.50,14.77,64.02
1195,1,19,8,56.03,11.20,38.10
1195,2,36,1,79.32,19.83,56.31
1195,3,53,2,102.61,5.13,36.93
1196,1,22,3,60.14,6.01,23.45
1196,2,39,4,83.43,12.51,35.04
1196,3,56,5,106.72,21.34,48.02
1197,1,25,6,64.25,16.06,30.84
1197,2,42,7,87.54,4.37,44.64
1197,3,59,8,110.83,11.08,59.84
1198,1,28,1,68.36,10.25,38.96
1198,2,45,2,91.65,18.33,54.99
1198,3,62,3,114.94,28.73,72.41
1199,1,31,4,72.47,3.62,47.83
1199,2,48,5,95.76,9.57,66.07
1199,3,65,6,119.05,17.85,85.71
1200,1,34,7,76.58,15.31,28.33
1200,2,51,8,99.87,24.96,39.94
1200,3,68,1,123.16,0.00,52.95
1201,1,37,2,80.69,0.00,37.11
1201,2,54,3,103.98,0.00,50.95
1201,3,71,4,127.27,0.00,66.18
1202,1,40,5,84.80,0.00,46.64
1202,2,57,6,108.09,0.00,62.69
1202,3,74,7,131.38,0.00,80.14
1203,1,43,8,88.91,0.00,56.90
1203,2,60,1,112.20,0.00,75.17
1203,3,77,2,135.49,0.00,94.84
1204,1,46,3,93.02,0.00,32.55
1204,2,63,4,116.31,0.00,44.19
1204,3,80,5,139.60,0.00,57.23
1205,1,49,6,97.13,0.00,42.73
1205,2,66,7,120.42,0.00,56.59
1205,3,83,8,143.71,0.00,71.85
1206,1,52,1,101.24,0.00,53.65
1206,2,69,2,124.53,0.00,69.73
1206,3,86,3,147.82,0.00,87.21
1207,1,55,4,105.35,0.00,65.31
1207,2,72,5,128.64,0.00,83.61
1207,3,89,6,151.93,0.00,103.31
1208,1,58,7,109.46,0.00,77.71
1208,2,75,8,132.75,0.00,47.79
1208,3,92,1,156.04,0.00,60.85
1209,1,61,2,113.57,0.00,47.69
1209,2,78,3,136.86,0.00,61.58
1209,3,95,4,160.15,0.00,76.87
1210,1,64,5,117.68,0.00,60.01
1210,2,81,6,140.97,0.00,76.12
1210,3,98,7,164.26,0.00,93.62
1211,1,67,8,121.79,0.00,73.07
1211,2,84,1,145.08,0.00,91.40
1211,3,101,2,168.37,0.00,111.12
1212,1,70,3,125.90,0.00,86.87
1212,2,87,4,149.19,0.00,107.41
1212,3,104,5,172.48,0.00,63.81
1213,1,73,6,130.01,0.00,52.00
1213,2,90,7,153.30,0.00,65.91
1213,3,107,8,176.59,0.00,81.23
1214,1,76,1,134.12,0.00,65.71
1214,2,93,2,157.41,0.00,81.85
1214,3,110,3,180.70,0.00,99.38
1215,1,79,4,138.23,0.00,80.17
1215,2,96,5,161.52,0.00,98.52
1215,3,1,6,31.37,0.00,20.07
1216,1,82,7,142.34,0.00,95.36
1216,2,99,8,165.63,0.00,115.94
1216,3,4,1,35.48,0.00,12.41
1217,1,85,2,146.45,0.00,55.65
1217,2,102,3,169.74,0.00,69.59
1217,3,7,4,39.59,0.00,17.41
1218,1,88,5,150.56,0.00,70.76
1218,2,105,6,173.85,0.00,86.92
1218,3,10,7,43.70,0.00,23.16
1219,1,91,8,154.67,0.00,86.61
1219,2,108,1,177.96,0.00,104.99
1219,3,13,2,47.81,0.00,29.64
1220,1,94,3,158.78,0.00,103.20
1220,2,111,4,182.07,0.00,123.80
1220,3,16,5,51.92,0.00,36.86
1221,1,97,6,162.89,0.00,58.64
1221,2,2,7,32.74,4.91,12.76
1221,3,19,8,56.03,11.20,23.53
1222,1,100,1,167.00,41.75,75.15
1222,2,5,2,36.85,1.84,17.68
1222,3,22,3,60.14,6.01,30.67
1223,1,103,4,171.11,25.66,92.39
1223,2,8,5,40.96,8.19,23.34
1223,3,25,6,64.25,16.06,38.55
1224,1,106,7,175.22,8.76,110.38
1224,2,11,8,45.07,4.50,29.74
1224,3,28,1,68.36,10.25,47.16
1225,1,109,2,179.33,35.86,129.11
1225,2,14,3,49.18,12.29,18.19
1225,3,31,4,72.47,3.62,28.98
1226,1,112,5,183.44,18.34,78.87
1226,2,17,6,53.29,7.99,24.51
1226,3,34,7,76.58,15.31,37.52
1227,1,3,8,34.11,8.52,17.73
1227,2,20,1,57.40,2.87,31.57
1227,3,37,2,80.69,8.06,46.80
1228,1,6,3,38.22,5.73,23.31
1228,2,23,4,61.51,12.30,39.36
1228,3,40,5,84.80,21.20,56.81
1229,1,9,6,42.33,2.11,29.63
1229,2,26,7,65.62,6.56,22.96
1229,3,43,8,88.91,13.33,33.78
1230,1,12,1,46.44,9.28,19.04
1230,2,29,2,69.73,17.43,30.68
1230,3,46,3,93.02,4.65,43.71
1231,1,15,4,50.55,5.05,25.27
1231,2,32,5,73.84,11.07,39.13
1231,3,49,6,97.13,19.42,54.39
1232,1,18,7,54.66,13.66,32.24
1232,2,35,8,77.95,3.89,48.32
1232,3,52,1,101.24,10.12,65.80
1233,1,21,2,58.77,8.81,39.96
1233,2,38,3,82.06,16.41,58.26
1233,3,55,4,105.35,26.33,37.92
1234,1,24,5,62.88,0.00,24.52
1234,2,41,6,86.17,0.00,36.19
1234,3,58,7,109.46,0.00,49.25
1235,1,27,8,66.99,0.00,32.15
1235,2,44,1,90.28,0.00,46.04
1235,3,61,2,113.57,0.00,61.32
1236,1,30,3,71.10,0.00,40.52
1236,2,47,4,94.39,0.00,56.63
1236,3,64,5,117.68,0.00,74.13
1237,1,33,6,75.21,0.00,49.63
1237,2,50,7,98.50,0.00,67.96
1237,3,67,8,121.79,0.00,87.68
1238,1,36,1,79.32,0.00,29.34
1238,2,53,2,102.61,0.00,41.04
1238,3,70,3,125.90,0.00,54.13
1239,1,39,4,83.43,0.00,38.37
1239,2,56,5,106.72,0.00,52.29
1239,3,73,6,130.01,0.00,67.60
1240,1,42,7,87.54,0.00,48.14
1240,2,59,8,110.83,0.00,64.28
1240,3,76,1,134.12,0.00,81.81
1241,1,45,2,91.65,0.00,58.65
1241,2,62,3,114.94,0.00,77.00
1241,3,79,4,138.23,0.00,96.76
1242,1,48,5,95.76,0.00,33.51
1242,2,65,6,119.05,0.00,45.23
1242,3,82,7,142.34,0.00,58.35
1243,1,51,8,99.87,0.00,43.94
1243,2,68,1,123.16,0.00,57.88
1243,3,85,2,146.45,0.00,73.22
1244,1,54,3,103.98,0.00,55.10
1244,2,71,4,127.27,0.00,71.27
1244,3,88,5,150.56,0.00,88.83
1245,1,57,6,108.09,0.00,67.01
1245,2,74,7,131.38,0.00,85.39
1245,3,91,8,154.67,0.00,105.17
1246,1,60,1,112.20,0.00,79.66
1246,2,77,2,135.49,0.00,48.77
1246,3,94,3,158.78,0.00,61.92
1247,1,63,4,116.31,0.00,48.85
1247,2,80,5,139.60,0.00,62.82
1247,3,97,6,162.89,0.00,78.18
1248,1,66,7,120.42,0.00,61.41
1248,2,83,8,143.71,0.00,77.60
1248,3,100,1,167.00,0.00,95.19
1249,1,69,2,124.53,0.00,74.71
1249,2,86,3,147.82,0.00,93.12
1249,3,103,4,171.11,0.00,112.93
1250,1,72,5,128.64,0.00,88.76
1250,2,89,6,151.93,0.00,109.38
1250,3,106,7,175.22,0.00,64.83
1251,1,75,8,132.75,0.00,53.10
1251,2,92,1,156.04,0.00,67.09
1251,3,109,2,179.33,0.00,82.49
1252,1,78,3,136.86,0.00,67.06
1252,2,95,4,160.15,0.00,83.27
1252,3,112,5,183.44,0.00,100.89
1253,1,81,6,140.97,0.00,81.76
1253,2,98,7,164.26,0.00,100.19
1253,3,3,8,34.11,0.00,21.83
1254,1,84,1,145.08,0.00,97.20
1254,2,101,2,168.37,0.00,117.85
1254,3,6,3,38.22,5.73,13.37
1255,1,87,4,149.19,29.83,56.69
1255,2,104,5,172.48,43.12,70.71
1255,3,9,6,42.33,2.11,18.62
1256,1,90,7,153.30,15.33,72.05
1256,2,107,8,176.59,26.48,88.29
1256,3,12,1,46.44,9.28,24.61
1257,1,93,2,157.41,39.35,88.14
1257,2,110,3,180.70,9.03,106.61
1257,3,15,4,50.55,5.05,31.34
1258,1,96,5,161.52,24.22,104.98
1258,2,1,6,31.37,6.27,21.33
1258,3,18,7,54.66,13.66,38.80
1259,1,99,8,165.63,8.28,59.62
1259,2,4,1,35.48,3.54,13.83
1259,3,21,2,58.77,8.81,24.68
1260,1,102,3,169.74,33.94,76.38
1260,2,7,4,39.59,9.89,19.00
1260,3,24,5,62.88,3.14,32.06
1261,1,105,6,173.85,17.38,93.87
1261,2,10,7,43.70,6.55,24.90
1261,3,27,8,66.99,13.39,40.19
1262,1,108,1,177.96,44.49,112.11
1262,2,13,2,47.81,2.39,31.55
1262,3,30,3,71.10,7.11,49.05
1263,1,111,4,182.07,27.31,131.09
1263,2,16,5,51.92,10.38,19.21
1263,3,33,6,75.21,18.80,30.08
1264,1,2,7,32.74,1.63,14.07
1264,2,19,8,56.03,5.60,25.77
1264,3,36,1,79.32,11.89,38.86
1265,1,5,2,36.85,7.37,19.16
1265,2,22,3,60.14,15.03,33.07
1265,3,39,4,83.43,4.17,48.38
1266,1,8,5,40.96,4.09,24.98
1266,2,25,6,64.25,9.63,41.12
1266,3,42,7,87.54,17.50,58.65
1267,1,11,8,45.07,11.26,31.54
1267,2,28,1,68.36,0.00,23.92
1267,3,45,2,91.65,0.00,34.82
1268,1,14,3,49.18,0.00,20.16
1268,2,31,4,72.47,0.00,31.88
1268,3,48,5,95.76,0.00,45.00
1269,1,17,6,53.29,0.00,26.64
1269,2,34,7,76.58,0.00,40.58
1269,3,51,8,99.87,0.00,55.92
1270,1,20,1,57.40,0.00,33.86
1270,2,37,2,80.69,0.00,50.02
1270,3,54,3,103.98,0.00,67.58
1271,1,23,4,61.51,0.00,41.82
1271,2,40,5,84.80,0.00,60.20
1271,3,57,6,108.09,0.00,38.91
1272,1,26,7,65.62,0.00,25.59
1272,2,43,8,88.91,0.00,37.34
1272,3,60,1,112.20,0.00,50.49
1273,1,29,2,69.73,0.00,33.47
1273,2,46,3,93.02,0.00,47.44
1273,3,63,4,116.31,0.00,62.80
1274,1,32,5,73.84,0.00,42.08
1274,2,49,6,97.13,0.00,58.27
1274,3,66,7,120.42,0.00,75.86
1275,1,35,8,77.95,0.00,51.44
1275,2,52,1,101.24,0.00,69.85
1275,3,69,2,124.53,0.00,89.66
1276,1,38,3,82.06,0.00,30.36
1276,2,55,4,105.35,0.00,42.14
1276,3,72,5,128.64,0.00,55.31
1277,1,41,6,86.17,0.00,39.63
1277,2,58,7,109.46,0.00,53.63
1277,3,75,8,132.75,0.00,69.03
1278,1,44,1,90.28,0.00,49.65
1278,2,61,2,113.57,0.00,65.87
1278,3,78,3,136.86,0.00,83.48
1279,1,47,4,94.39,0.00,60.40
1279,2,64,5,117.68,0.00,78.84
1279,3,81,6,140.97,0.00,98.67
1280,1,50,7,98.50,0.00,34.47
1280,2,67,8,121.79,0.00,46.28
1280,3,84,1,145.08,0.00,59.48
1281,1,53,2,102.61,0.00,45.14
1281,2,70,3,125.90,0.00,59.17
1281,3,87,4,149.19,0.00,74.59
1282,1,56,5,106.72,0.00,56.56
1282,2,73,6,130.01,0.00,72.80
1282,3,90,7,153.30,0.00,90.44
1283,1,59,8,110.83,0.00,68.71
1283,2,76,1,134.12,0.00,87.17
1283,3,93,2,157.41,0.00,107.03
1284,1,62,3,114.94,0.00,81.60
1284,2,79,4,138.23,0.00,49.76
1284,3,96,5,161.52,0.00,62.99
1285,1,65,6,119.05,0.00,50.00
1285,2,82,7,142.34,0.00,64.05
1285,3,99,8,165.63,0.00,79.50
1286,1,68,1,123.16,0.00,62.81
1286,2,85,2,146.45,0.00,79.08
1286,3,102,3,169.74,0.00,96.75
1287,1,71,4,127.27,0.00,76.36
1287,2,88,5,150.56,0.00,94.85
1287,3,105,6,173.85,0.00,114.74
1288,1,74,7,131.38,19.70,90.65
1288,2,91,8,154.67,30.93,111.36
1288,3,108,1,177.96,44.49,65.84
1289,1,77,2,135.49,6.77,54.19
1289,2,94,3,158.78,15.87,68.27
1289,3,111,4,182.07,27.31,83.75
1290,1,80,5,139.60,27.92,68.40
1290,2,97,6,162.89,40.72,84.70
1290,3,2,7,32.74,1.63,18.00
1291,1,83,8,143.71,14.37,83.35
1291,2,100,1,167.00,25.05,101.87
1291,3,5,2,36.85,7.37,23.58
1292,1,86,3,147.82,36.95,99.03
1292,2,103,4,171.11,8.55,119.77
1292,3,8,5,40.96,4.09,14.33
1293,1,89,6,151.93,22.78,57.73
1293,2,106,7,175.22,35.04,71.84
1293,3,11,8,45.07,11.26,19.83
1294,1,92,1,156.04,7.80,73.33
1294,2,109,2,179.33,17.93,89.66
1294,3,14,3,49.18,7.37,26.06
1295,1,95,4,160.15,32.03,89.68
1295,2,112,5,183.44,45.86,108.22
1295,3,17,6,53.29,2.66,33.03
1296,1,98,7,164.26,16.42,106.76
1296,2,3,8,34.11,5.11,23.19
1296,3,20,1,57.40,11.48,40.75
1297,1,101,2,168.37,42.09,60.61
1297,2,6,3,38.22,1.91,14.90
1297,3,23,4,61.51,6.15,25.83
1298,1,104,5,172.48,25.87,77.61
1298,2,9,6,42.33,8.46,20.31
1298,3,26,7,65.62,16.40,33.46
1299,1,107,8,176.59,8.82,95.35
1299,2,12,1,46.44,4.64,26.47
1299,3,29,2,69.73,10.45,41.83
1300,1,110,3,180.70,36.14,113.84
1300,2,15,4,50.55,12.63,33.36
1300,3,32,5,73.84,0.00,50.94
1301,1,1,6,31.37,0.00,22.58
1301,2,18,7,54.66,0.00,20.22
1301,3,35,8,77.95,0.00,31.18
1302,1,4,1,35.48,0.00,15.25
1302,2,21,2,58.77,0.00,27.03
1302,3,38,3,82.06,0.00,40.20
1303,1,7,4,39.59,0.00,20.58
1303,2,24,5,62.88,0.00,34.58
1303,3,41,6,86.17,0.00,49.97
1304,1,10,7,43.70,0.00,26.65
1304,2,27,8,66.99,0.00,42.87
1304,3,44,1,90.28,0.00,60.48
1305,1,13,2,47.81,0.00,33.46
1305,2,30,3,71.10,0.00,24.88
1305,3,47,4,94.39,0.00,35.86
1306,1,16,5,51.92,0.00,21.28
1306,2,33,6,75.21,0.00,33.09
1306,3,50,7,98.50,0.00,46.29
1307,1,19,8,56.03,0.00,28.01
1307,2,36,1,79.32,0.00,42.03
1307,3,53,2,102.61,0.00,57.46
1308,1,22,3,60.14,0.00,35.48
1308,2,39,4,83.43,0.00,51.72
1308,3,56,5,106.72,0.00,69.36
1309,1,25,6,64.25,0.00,43.69
1309,2,42,7,87.54,0.00,62.15
1309,3,59,8,110.83,0.00,39.89
1310,1,28,1,68.36,0.00,26.66
1310,2,45,2,91.65,0.00,38.49
1310,3,62,3,114.94,0.00,51.72
1311,1,31,4,72.47,0.00,34.78
1311,2,48,5,95.76,0.00,48.83
1311,3,65,6,119.05,0.00,64.28
1312,1,34,7,76.58,0.00,43.65
1312,2,51,8,99.87,0.00,59.92
1312,3,68,1,123.16,0.00,77.59
1313,1,37,2,80.69,0.00,53.25
1313,2,54,3,103.98,0.00,71.74
1313,3,71,4,127.27,0.00,91.63
1314,1,40,5,84.80,0.00,31.37
1314,2,57,6,108.09,0.00,43.23
1314,3,74,7,131.38,0.00,56.49
1315,1,43,8,88.91,0.00,40.89
1315,2,60,1,112.20,0.00,54.97
1315,3,77,2,135.49,0.00,70.45
1316,1,46,3,93.02,0.00,51.16
1316,2,63,4,116.31,0.00,67.45
1316,3,80,5,139.60,0.00,85.15
1317,1,49,6,97.13,0.00,62.16
1317,2,66,7,120.42,0.00,80.68
1317,3,83,8,143.71,0.00,100.59
1318,1,52,1,101.24,0.00,35.43
1318,2,69,2,124.53,0.00,47.32
1318,3,86,3,147.82,0.00,60.60
1319,1,55,4,105.35,0.00,46.35
1319,2,72,5,128.64,0.00,60.46
1319,3,89,6,151.93,0.00,75.96
1320,1,58,7,109.46,0.00,58.01
1320,2,75,8,132.75,0.00,74.34
1320,3,92,1,156.04,0.00,92.06
1321,1,61,2,113.57,0.00,70.41
1321,2,78,3,136.86,20.52,88.95
1321,3,95,4,160.15,32.03,108.90
1322,1,64,5,117.68,29.42,83.55
1322,2,81,6,140.97,7.04,50.74
1322,3,98,7,164.26,16.42,64.06
1323,1,67,8,121.79,18.26,51.15
1323,2,84,1,145.08,29.01,65.28
1323,3,101,2,168.37,42.09,80.81
1324,1,70,3,125.90,6.29,64.20
1324,2,87,4,149.19,14.91,80.56
1324,3,104,5,172.48,25.87,98.31
1325,1,73,6,130.01,26.00,78.00
1325,2,90,7,153.30,38.32,96.57
1325,3,107,8,176.59,8.82,116.54
1326,1,76,1,134.12,13.41,92.54
1326,2,93,2,157.41,23.61,113.33
1326,3,110,3,180.70,36.14,66.85
1327,1,79,4,138.23,34.55,55.29
1327,2,96,5,161.52,8.07,69.45
1327,3,1,6,31.37,3.13,14.43
1328,1,82,7,142.34,21.35,69.74
1328,2,99,8,165.63,33.12,86.12
1328,3,4,1,35.48,8.87,19.51
1329,1,85,2,146.45,7.32,84.94
1329,2,102,3,169.74,16.97,103.54
1329,3,7,4,39.59,5.93,25.33
1330,1,88,5,150.56,30.11,100.87
1330,2,105,6,173.85,43.46,121.69
1330,3,10,7,43.70,2.18,15.29
1331,1,91,8,154.67,15.46,58.77
1331,2,108,1,177.96,26.69,72.96
1331,3,13,2,47.81,9.56,21.03
1332,1,94,3,158.78,39.69,74.62
1332,2,111,4,182.07,9.10,91.03
1332,3,16,5,51.92,5.19,27.51
1333,1,97,6,162.89,24.43,91.21
1333,2,2,7,32.74,6.54,19.31
1333,3,19,8,56.03,14.00,34.73
1334,1,100,1,167.00,0.00,108.55
1334,2,5,2,36.85,0.00,25.05
1334,3,22,3,60.14,0.00,42.69
1335,1,103,4,171.11,0.00,61.59
1335,2,8,5,40.96,0.00,15.97
1335,3,25,6,64.25,0.00,26.98
1336,1,106,7,175.22,0.00,78.84
1336,2,11,8,45.07,0.00,21.63
1336,3,28,1,68.36,0.00,34.86
1337,1,109,2,179.33,0.00,96.83
1337,2,14,3,49.18,0.00,28.03
1337,3,31,4,72.47,0.00,43.48
1338,1,112,5,183.44,0.00,115.56
1338,2,17,6,53.29,0.00,35.17
1338,3,34,7,76.58,0.00,52.84
1339,1,3,8,34.11,0.00,24.55
1339,2,20,1,57.40,0.00,21.23
1339,3,37,2,80.69,0.00,32.27
1340,1,6,3,38.22,0.00,16.43
1340,2,23,4,61.51,0.00,28.29
1340,3,40,5,84.80,0.00,41.55
1341,1,9,6,42.33,0.00,22.01
1341,2,26,7,65.62,0.00,36.09
1341,3,43,8,88.91,0.00,51.56
1342,1,12,1,46.44,0.00,28.32
1342,2,29,2,69.73,0.00,44.62
1342,3,46,3,93.02,0.00,62.32
1343,1,15,4,50.55,0.00,35.38
1343,2,32,5,73.84,0.00,25.84
1343,3,49,6,97.13,0.00,36.90
1344,1,18,7,54.66,0.00,22.41
1344,2,35,8,77.95,0.00,34.29
1344,3,52,1,101.24,0.00,47.58
1345,1,21,2,58.77,0.00,29.38
1345,2,38,3,82.06,0.00,43.49
1345,3,55,4,105.35,0.00,58.99
1346,1,24,5,62.88,0.00,37.09
1346,2,41,6,86.17,0.00,53.42
1346,3,58,7,109.46,0.00,71.14
1347,1,27,8,66.99,0.00,45.55
1347,2,44,1,90.28,0.00,64.09
1347,3,61,2,113.57,0.00,40.88
1348,1,30,3,71.10,0.00,27.72
1348,2,47,4,94.39,0.00,39.64
1348,3,64,5,117.68,0.00,52.95
1349,1,33,6,75.21,0.00,36.10
1349,2,50,7,98.50,0.00,50.23
1349,3,67,8,121.79,0.00,65.76
1350,1,36,1,79.32,0.00,45.21
1350,2,53,2,102.61,0.00,61.56
1350,3,70,3,125.90,0.00,79.31
1351,1,39,4,83.43,0.00,55.06
1351,2,56,5,106.72,0.00,73.63
1351,3,73,6,130.01,0.00,93.60
1352,1,42,7,87.54,0.00,32.38
1352,2,59,8,110.83,0.00,44.33
1352,3,76,1,134.12,0.00,57.67
1353,1,45,2,91.65,0.00,42.15
1353,2,62,3,114.94,0.00,56.32
1353,3,79,4,138.23,0.00,71.87
1354,1,48,5,95.76,0.00,52.66
1354,2,65,6,119.05,0.00,69.04
1354,3,82,7,142.34,21.35,86.82
1355,1,51,8,99.87,19.97,63.91
1355,2,68,1,123.16,30.79,82.51
1355,3,85,2,146.45,7.32,102.51
1356,1,54,3,103.98,10.39,36.39
1356,2,71,4,127.27,19.09,48.36
1356,3,88,5,150.56,30.11,61.72
1357,1,57,6,108.09,27.02,47.55
1357,2,74,7,131.38,6.56,61.74
1357,3,91,8,154.67,15.46,77.33
1358,1,60,1,112.20,16.83,59.46
1358,2,77,2,135.49,27.09,75.87
1358,3,94,3,158.78,39.69,93.68
1359,1,63,4,116.31,5.81,72.11
1359,2,80,5,139.60,13.96,90.74
1359,3,97,6,162.89,24.43,110.76
1360,1,66,7,120.42,24.08,85.49
1360,2,83,8,143.71,35.92,51.73
1360,3,100,1,167.00,8.35,65.13
1361,1,69,2,124.53,12.45,52.30
1361,2,86,3,147.82,22.17,66.51
1361,3,103,4,171.11,34.22,82.13
1362,1,72,5,128.64,32.16,65.60
1362,2,89,6,151.93,7.59,82.04
1362,3,106,7,175.22,17.52,99.87
1363,1,75,8,132.75,19.91,79.65
1363,2,92,1,156.04,31.20,98.30
1363,3,109,2,179.33,44.83,118.35
1364,1,78,3,136.86,6.84,94.43
1364,2,95,4,160.15,16.01,115.30
1364,3,112,5,183.44,27.51,67.87
1365,1,81,6,140.97,28.19,56.38
1365,2,98,7,164.26,41.06,70.63
1365,3,3,8,34.11,1.70,15.69
1366,1,84,1,145.08,14.50,71.08
1366,2,101,2,168.37,25.25,87.55
1366,3,6,3,38.22,7.64,21.02
1367,1,87,4,149.19,37.29,86.53
1367,2,104,5,172.48,0.00,105.21
1367,3,9,6,42.33,0.00,27.09
1368,1,90,7,153.30,0.00,102.71
1368,2,107,8,176.59,0.00,123.61
1368,3,12,1,46.44,0.00,16.25
1369,1,93,2,157.41,0.00,59.81
1369,2,110,3,180.70,0.00,74.08
1369,3,15,4,50.55,0.00,22.24
1370,1,96,5,161.52,0.00,75.91
1370,2,1,6,31.37,0.00,15.68
1370,3,18,7,54.66,0.00,28.96
1371,1,99,8,165.63,0.00,92.75
1371,2,4,1,35.48,0.00,20.93
1371,3,21,2,58.77,0.00,36.43
1372,1,102,3,169.74,0.00,110.33
1372,2,7,4,39.59,0.00,26.92
1372,3,24,5,62.88,0.00,44.64
1373,1,105,6,173.85,0.00,62.58
1373,2,10,7,43.70,0.00,17.04
1373,3,27,8,66.99,0.00,28.13
1374,1,108,1,177.96,0.00,80.08
1374,2,13,2,47.81,0.00,22.94
1374,3,30,3,71.10,0.00,36.26
1375,1,111,4,182.07,0.00,98.31
1375,2,16,5,51.92,0.00,29.59
1375,3,33,6,75.21,0.00,45.12
1376,1,2,7,32.74,0.00,20.62
1376,2,19,8,56.03,0.00,36.97
1376,3,36,1,79.32,0.00,54.73
1377,1,5,2,36.85,0.00,26.53
1377,2,22,3,60.14,0.00,22.25
1377,3,39,4,83.43,0.00,33.37
1378,1,8,5,40.96,0.00,17.61
1378,2,25,6,64.25,0.00,29.55
1378,3,42,7,87.54,0.00,42.89
1379,1,11,8,45.07,0.00,23.43
1379,2,28,1,68.36,0.00,37.59
1379,3,45,2,91.65,0.00,53.15
1380,1,14,3,49.18,0.00,29.99
1380,2,31,4,72.47,0.00,46.38
1380,3,48,5,95.76,0.00,64.15
1381,1,17,6,53.29,0.00,37.30
1381,2,34,7,76.58,0.00,26.80
1381,3,51,8,99.87,0.00,37.95
1382,1,20,1,57.40,0.00,23.53
1382,2,37,2,80.69,0.00,35.50
1382,3,54,3,103.98,0.00,48.87
1383,1,23,4,61.51,0.00,30.75
1383,2,40,5,84.80,0.00,44.94
1383,3,57,6,108.09,0.00,60.53
1384,1,26,7,65.62,0.00,38.71
1384,2,43,8,88.91,0.00,55.12
1384,3,60,1,112.20,0.00,72.93
1385,1,29,2,69.73,0.00,47.41
1385,2,46,3,93.02,0.00,66.04
1385,3,63,4,116.31,0.00,41.87
1386,1,32,5,73.84,0.00,28.79
1386,2,49,6,97.13,0.00,40.79
1386,3,66,7,120.42,0.00,54.18
1387,1,35,8,77.95,0.00,37.41
1387,2,52,1,101.24,0.00,51.63
1387,3,69,2,124.53,0.00,67.24
1388,1,38,3,82.06,12.30,46.77
1388,2,55,4,105.35,21.07,63.21
1388,3,72,5,128.64,32.16,81.04
1389,1,41,6,86.17,4.30,56.87
1389,2,58,7,109.46,10.94,75.52
1389,3,75,8,132.75,19.91,95.58
1390,1,44,1,90.28,18.05,33.40
1390,2,61,2,113.57,28.39,45.42
1390,3,78,3,136.86,6.84,58.84
1391,1,47,4,94.39,9.43,43.41
1391,2,64,5,117.68,17.65,57.66
1391,3,81,6,140.97,28.19,73.30
1392,1,50,7,98.50,24.62,54.17
1392,2,67,8,121.79,6.08,70.63
1392,3,84,1,145.08,14.50,88.49
1393,1,53,2,102.61,15.39,65.67
1393,2,70,3,125.90,25.18,84.35
1393,3,87,4,149.19,37.29,104.43
1394,1,56,5,106.72,5.33,37.35
1394,2,73,6,130.01,13.00,49.40
1394,3,90,7,153.30,22.99,62.85
1395,1,59,8,110.83,22.16,48.76
1395,2,76,1,134.12,33.53,63.03
1395,3,93,2,157.41,7.87,78.70
1396,1,62,3,114.94,11.49,60.91
1396,2,79,4,138.23,20.73,77.40
1396,3,96,5,161.52,32.30,95.29
1397,1,65,6,119.05,29.76,73.81
1397,2,82,7,142.34,7.11,92.52
1397,3,99,8,165.63,16.56,112.62
1398,1,68,1,123.16,18.47,87.44
1398,2,85,2,146.45,29.29,52.72
1398,3,102,3,169.74,42.43,66.19
1399,1,71,4,127.27,6.36,53.45
1399,2,88,5,150.56,15.05,67.75
1399,3,105,6,173.85,26.07,83.44
1400,1,74,7,131.38,26.27,67.00
1400,2,91,8,154.67,38.66,83.52
1400,3,108,1,177.96,0.00,101.43
1401,1,77,2,135.49,0.00,81.29
1401,2,94,3,158.78,0.00,100.03
1401,3,111,4,182.07,0.00,120.16
1402,1,80,5,139.60,0.00,96.32
1402,2,97,6,162.89,0.00,117.28
1402,3,2,7,32.74,0.00,12.11
1403,1,83,8,143.71,0.00,57.48
1403,2,100,1,167.00,0.00,71.81
1403,3,5,2,36.85,0.00,16.95
1404,1,86,3,147.82,0.00,72.43
1404,2,103,4,171.11,0.00,88.97
1404,3,8,5,40.96,0.00,22.52
1405,1,89,6,151.93,0.00,88.11
1405,2,106,7,175.22,0.00,106.88
1405,3,11,8,45.07,0.00,28.84
1406,1,92,1,156.04,0.00,104.54
1406,2,109,2,179.33,0.00,125.53
1406,3,14,3,49.18,0.00,17.21
1407,1,95,4,160.15,0.00,60.85
1407,2,112,5,183.44,0.00,75.21
1407,3,17,6,53.29,0.00,23.44
1408,1,98,7,164.26,0.00,77.20
1408,2,3,8,34.11,0.00,17.05
1408,3,20,1,57.40,0.00,30.42
1409,1,101,2,168.37,0.00,94.28
1409,2,6,3,38.22,0.00,22.54
1409,3,23,4,61.51,0.00,38.13
1410,1,104,5,172.48,0.00,112.11
1410,2,9,6,42.33,0.00,28.78
1410,3,26,7,65.62,0.00,46.59
1411,1,107,8,176.59,0.00,63.57
1411,2,12,1,46.44,0.00,18.11
1411,3,29,2,69.73,0.00,29.28
1412,1,110,3,180.70,0.00,81.31
1412,2,15,4,50.55,0.00,24.26
1412,3,32,5,73.84,0.00,37.65
1413,1,1,6,31.37,0.00,16.93
1413,2,18,7,54.66,0.00,31.15
1413,3,35,8,77.95,0.00,46.77
1414,1,4,1,35.48,0.00,22.35
1414,2,21,2,58.77,0.00,38.78
1414,3,38,3,82.06,0.00,56.62
1415,1,7,4,39.59,0.00,28.50
1415,2,24,5,62.88,0.00,23.26
1415,3,41,6,86.17,0.00,34.46
1416,1,10,7,43.70,0.00,18.79
1416,2,27,8,66.99,0.00,30.81
1416,3,44,1,90.28,0.00,44.23
1417,1,13,2,47.81,0.00,24.86
1417,2,30,3,71.10,0.00,39.10
1417,3,47,4,94.39,0.00,54.74
1418,1,16,5,51.92,0.00,31.67
1418,2,33,6,75.21,0.00,48.13
1418,3,50,7,98.50,0.00,65.99
1419,1,19,8,56.03,0.00,39.22
1419,2,36,1,79.32,0.00,27.76
1419,3,53,2,102.61,0.00,38.99
1420,1,22,3,60.14,0.00,24.65
1420,2,39,4,83.43,0.00,36.70
1420,3,56,5,106.72,0.00,50.15
1421,1,25,6,64.25,0.00,32.12
1421,2,42,7,87.54,13.13,46.39
1421,3,59,8,110.83,22.16,62.06
1422,1,28,1,68.36,17.09,40.33
1422,2,45,2,91.65,4.58,56.82
1422,3,62,3,114.94,11.49,74.71
1423,1,31,4,72.47,10.87,49.27
1423,2,48,5,95.76,19.15,67.98
1423,3,65,6,119.05,29.76,42.85
1424,1,34,7,76.58,3.82,29.86
1424,2,51,8,99.87,9.98,41.94
1424,3,68,1,123.16,18.47,55.42
1425,1,37,2,80.69,16.13,38.73
1425,2,54,3,103.98,25.99,53.02
1425,3,71,4,127.27,6.36,68.72
1426,1,40,5,84.80,8.48,48.33
1426,2,57,6,108.09,16.21,64.85
1426,3,74,7,131.38,26.27,82.76
1427,1,43,8,88.91,22.22,58.68
1427,2,60,1,112.20,5.61,77.41
1427,3,77,2,135.49,13.54,97.55
1428,1,46,3,93.02,13.95,34.41
1428,2,63,4,116.31,23.26,46.52
1428,3,80,5,139.60,34.90,60.02
1429,1,49,6,97.13,4.85,44.67
1429,2,66,7,120.42,12.04,59.00
1429,3,83,8,143.71,21.55,74.72
1430,1,52,1,101.24,20.24,55.68
1430,2,69,2,124.53,31.13,72.22
1430,3,86,3,147.82,7.39,90.17
1431,1,55,4,105.35,10.53,67.42
1431,2,72,5,128.64,19.29,86.18
1431,3,89,6,151.93,30.38,106.35
1432,1,58,7,109.46,27.36,38.31
1432,2,75,8,132.75,6.63,50.44
1432,3,92,1,156.04,15.60,63.97
1433,1,61,2,113.57,17.03,49.97
1433,2,78,3,136.86,27.37,64.32
1433,3,95,4,160.15,40.03,80.07
1434,1,64,5,117.68,0.00,62.37
1434,2,81,6,140.97,0.00,78.94
1434,3,98,7,164.26,0.00,96.91
1435,1,67,8,121.79,0.00,75.50
1435,2,84,1,145.08,0.00,94.30
1435,3,101,2,168.37,0.00,114.49
1436,1,70,3,125.90,0.00,89.38
1436,2,87,4,149.19,0.00,53.70
1436,3,104,5,172.48,0.00,67.26
1437,1,73,6,130.01,0.00,54.60
1437,2,90,7,153.30,0.00,68.98
1437,3,107,8,176.59,0.00,84.76
1438,1,76,1,134.12,0.00,68.40
1438,2,93,2,157.41,0.00,85.00
1438,3,110,3,180.70,0.00,102.99
1439,1,79,4,138.23,0.00,82.93
1439,2,96,5,161.52,0.00,101.75
1439,3,1,6,31.37,0.00,20.70
1440,1,82,7,142.34,0.00,98.21
1440,2,99,8,165.63,0.00,119.25
1440,3,4,1,35.48,0.00,13.12
1441,1,85,2,146.45,0.00,58.58
1441,2,102,3,169.74,0.00,72.98
1441,3,7,4,39.59,0.00,18.21
1442,1,88,5,150.56,0.00,73.77
1442,2,105,6,173.85,0.00,90.40
1442,3,10,7,43.70,0.00,24.03
1443,1,91,8,154.67,0.00,89.70
1443,2,108,1,177.96,0.00,108.55
1443,3,13,2,47.81,0.00,30.59
1444,1,94,3,158.78,0.00,106.38
1444,2,111,4,182.07,0.00,127.44
1444,3,16,5,51.92,0.00,18.17
1445,1,97,6,162.89,0.00,61.89
1445,2,2,7,32.74,0.00,13.42
1445,3,19,8,56.03,0.00,24.65
1446,1,100,1,167.00,0.00,78.49
1446,2,5,2,36.85,0.00,18.42
1446,3,22,3,60.14,0.00,31.87
1447,1,103,4,171.11,0.00,95.82
1447,2,8,5,40.96,0.00,24.16
1447,3,25,6,64.25,0.00,39.83
1448,1,106,7,175.22,0.00,113.89
1448,2,11,8,45.07,0.00,30.64
1448,3,28,1,68.36,0.00,48.53
1449,1,109,2,179.33,0.00,64.55
1449,2,14,3,49.18,0.00,19.18
1449,3,31,4,72.47,0.00,30.43
1450,1,112,5,183.44,0.00,82.54
1450,2,17,6,53.29,0.00,25.57
1450,3,34,7,76.58,0.00,39.05
1451,1,3,8,34.11,0.00,18.41
1451,2,20,1,57.40,0.00,32.71
1451,3,37,2,80.69,0.00,48.41
1452,1,6,3,38.22,0.00,24.07
1452,2,23,4,61.51,0.00,40.59
1452,3,40,5,84.80,0.00,58.51
1453,1,9,6,42.33,0.00,30.47
1453,2,26,7,65.62,0.00,24.27
1453,3,43,8,88.91,0.00,35.56
1454,1,12,1,46.44,0.00,19.96
1454,2,29,2,69.73,0.00,32.07
1454,3,46,3,93.02,13.95,45.57
1455,1,15,4,50.55,10.11,26.28
1455,2,32,5,73.84,18.46,40.61
1455,3,49,6,97.13,4.85,56.33
1456,1,18,7,54.66,5.46,33.34
1456,2,35,8,77.95,11.69,49.88
1456,3,52,1,101.24,20.24,67.83
1457,1,21,2,58.77,14.69,41.13
1457,2,38,3,82.06,4.10,28.72
1457,3,55,4,105.35,10.53,40.03
1458,1,24,5,62.88,9.43,25.78
1458,2,41,6,86.17,17.23,37.91
1458,3,58,7,109.46,27.36,51.44
1459,1,27,8,66.99,3.34,33.49
1459,2,44,1,90.28,9.02,47.84
1459,3,61,2,113.57,17.03,63.59
1460,1,30,3,71.10,14.22,41.94
1460,2,47,4,94.39,23.59,58.52
1460,3,64,5,117.68,5.88,76.49
1461,1,33,6,75.21,7.52,51.14
1461,2,50,7,98.50,14.77,69.93
1461,3,67,8,121.79,24.35,43.84
1462,1,36,1,79.32,19.83,30.93
1462,2,53,2,102.61,5.13,43.09
1462,3,70,3,125.90,12.59,56.65
1463,1,39,4,83.43,12.51,40.04
1463,2,56,5,106.72,21.34,54.42
1463,3,73,6,130.01,32.50,70.20
1464,1,42,7,87.54,4.37,49.89
1464,2,59,8,110.83,11.08,66.49
1464,3,76,1,134.12,20.11,84.49
1465,1,45,2,91.65,18.33,60.48
1465,2,62,3,114.94,28.73,79.30
1465,3,79,4,138.23,6.91,99.52
1466,1,48,5,95.76,9.57,35.43
1466,2,65,6,119.05,17.85,47.62
1466,3,82,7,142.34,28.46,61.20
1467,1,51,8,99.87,24.96,45.94
1467,2,68,1,123.16,0.00,60.34
1467,3,85,2,146.45,0.00,76.15
1468,1,54,3,103.98,0.00,57.18
1468,2,71,4,127.27,0.00,73.81
1468,3,88,5,150.56,0.00,91.84
1469,1,57,6,108.09,0.00,69.17
1469,2,74,7,131.38,0.00,88.02
1469,3,91,8,154.67,0.00,108.26
1470,1,60,1,112.20,0.00,39.27
1470,2,77,2,135.49,0.00,51.48
1470,3,94,3,158.78,0.00,65.09
1471,1,63,4,116.31,0.00,51.17
1471,2,80,5,139.60,0.00,65.61
1471,3,97,6,162.89,0.00,81.44
1472,1,66,7,120.42,0.00,63.82
1472,2,83,8,143.71,0.00,80.47
1472,3,100,1,167.00,0.00,98.53
1473,1,69,2,124.53,0.00,77.20
1473,2,86,3,147.82,0.00,96.08
1473,3,103,4,171.11,0.00,116.35
1474,1,72,5,128.64,0.00,91.33
1474,2,89,6,151.93,0.00,54.69
1474,3,106,7,175.22,0.00,68.33
1475,1,75,8,132.75,0.00,55.75
1475,2,92,1,156.04,0.00,70.21
1475,3,109,2,179.33,0.00,86.07
1476,1,78,3,136.86,0.00,69.79
1476,2,95,4,160.15,0.00,86.48
1476,3,112,5,183.44,0.00,104.56
1477,1,81,6,140.97,0.00,84.58
1477,2,98,7,164.26,0.00,103.48
1477,3,3,8,34.11,0.00,22.51
1478,1,84,1,145.08,0.00,100.10
1478,2,101,2,168.37,0.00,121.22
1478,3,6,3,38.22,0.00,14.14
1479,1,87,4,149.19,0.00,59.67
1479,2,104,5,172.48,0.00,74.16
1479,3,9,6,42.33,0.00,19.47
1480,1,90,7,153.30,0.00,75.11
1480,2,107,8,176.59,0.00,91.82
1480,3,12,1,46.44,0.00,25.54
1481,1,93,2,157.41,0.00,91.29
1481,2,110,3,180.70,0.00,110.22
1481,3,15,4,50.55,0.00,32.35
1482,1,96,5,161.52,0.00,108.21
1482,2,1,6,31.37,0.00,21.95
1482,3,18,7,54.66,0.00,19.13
1483,1,99,8,165.63,0.00,62.93
1483,2,4,1,35.48,0.00,14.54
1483,3,21,2,58.77,0.00,25.85
1484,1,102,3,169.74,0.00,79.77
1484,2,7,4,39.59,0.00,19.79
1484,3,24,5,62.88,0.00,33.32
1485,1,105,6,173.85,0.00,97.35
1485,2,10,7,43.70,0.00,25.78
1485,3,27,8,66.99,0.00,41.53
1486,1,108,1,177.96,0.00,115.67
1486,2,13,2,47.81,0.00,32.51
1486,3,30,3,71.10,0.00,50.48
1487,1,111,4,182.07,0.00,65.54
1487,2,16,5,51.92,0.00,20.24
1487,3,33,6,75.21,0.00,31.58
1488,1,2,7,32.74,4.91,14.73
1488,2,19,8,56.03,11.20,26.89
1488,3,36,1,79.32,19.83,40.45
1489,1,5,2,36.85,1.84,19.89
1489,2,22,3,60.14,6.01,34.27
1489,3,39,4,83.43,12.51,50.05
1490,1,8,5,40.96,8.19,25.80
1490,2,25,6,64.25,16.06,42.40
1490,3,42,7,87.54,4.37,60.40
1491,1,11,8,45.07,4.50,32.45
1491,2,28,1,68.36,10.25,25.29
1491,3,45,2,91.65,18.33,36.66
1492,1,14,3,49.18,12.29,21.14
1492,2,31,4,72.47,3.62,33.33
1492,3,48,5,95.76,9.57,46.92
1493,1,17,6,53.29,7.99,27.71
1493,2,34,7,76.58,15.31,42.11
1493,3,51,8,99.87,24.96,57.92
1494,1,20,1,57.40,2.87,35.01
1494,2,37,2,80.69,8.06,51.64
1494,3,54,3,103.98,15.59,69.66
1495,1,23,4,61.51,12.30,43.05
1495,2,40,5,84.80,21.20,29.68
1495,3,57,6,108.09,5.40,41.07
1496,1,26,7,65.62,6.56,26.90
1496,2,43,8,88.91,13.33,39.12
1496,3,60,1,112.20,22.44,52.73
1497,1,29,2,69.73,17.43,34.86
1497,2,46,3,93.02,4.65,49.30
1497,3,63,4,116.31,11.63,65.13
1498,1,32,5,73.84,11.07,43.56
1498,2,49,6,97.13,19.42,60.22
1498,3,66,7,120.42,30.10,78.27
1499,1,35,8,77.95,3.89,53.00
1499,2,52,1,101.24,10.12,71.88
1499,3,69,2,124.53,18.67,44.83
1500,1,38,3,82.06,16.41,32.00
1500,2,55,4,105.35,26.33,44.24
1500,3,72,5,128.64,0.00,57.88
1501,1,41,6,86.17,0.00,41.36
1501,2,58,7,109.46,0.00,55.82
1501,3,75,8,132.75,0.00,71.68
1502,1,44,1,90.28,0.00,51.45
1502,2,61,2,113.57,0.00,68.14
1502,3,78,3,136.86,0.00,86.22
1503,1,47,4,94.39,0.00,62.29
1503,2,64,5,117.68,0.00,81.19
1503,3,81,6,140.97,0.00,101.49
1504,1,50,7,98.50,0.00,36.44
1504,2,67,8,121.79,0.00,48.71
1504,3,84,1,145.08,0.00,62.38
1505,1,53,2,102.61,0.00,47.20
1505,2,70,3,125.90,0.00,61.69
1505,3,87,4,149.19,0.00,77.57
1506,1,56,5,106.72,0.00,58.69
1506,2,73,6,130.01,0.00,75.40
1506,3,90,7,153.30,0.00,93.51
1507,1,59,8,110.83,0.00,70.93
1507,2,76,1,134.12,0.00,89.86
1507,3,93,2,157.41,0.00,110.18
1508,1,62,3,114.94,0.00,40.22
1508,2,79,4,138.23,0.00,52.52
1508,3,96,5,161.52,0.00,66.22
1509,1,65,6,119.05,0.00,52.38
1509,2,82,7,142.34,0.00,66.89
1509,3,99,8,165.63,0.00,82.81
1510,1,68,1,123.16,0.00,65.27
1510,2,85,2,146.45,0.00,82.01
1510,3,102,3,169.74,0.00,100.14
1511,1,71,4,127.27,0.00,78.90
1511,2,88,5,150.56,0.00,97.86
1511,3,105,6,173.85,0.00,118.21
1512,1,74,7,131.38,0.00,93.27
1512,2,91,8,154.67,0.00,55.68
1512,3,108,1,177.96,0.00,69.40
1513,1,77,2,135.49,0.00,56.90
1513,2,94,3,158.78,0.00,71.45
1513,3,111,4,182.07,0.00,87.39
1514,1,80,5,139.60,0.00,71.19
1514,2,97,6,162.89,0.00,87.96
1514,3,2,7,32.74,0.00,18.66
1515,1,83,8,143.71,0.00,86.22
1515,2,100,1,167.00,0.00,105.21
1515,3,5,2,36.85,0.00,24.32
1516,1,86,3,147.82,0.00,101.99
1516,2,103,4,171.11,0.00,123.19
1516,3,8,5,40.96,0.00,15.15
1517,1,89,6,151.93,0.00,60.77
1517,2,106,7,175.22,0.00,75.34
1517,3,11,8,45.07,0.00,20.73
1518,1,92,1,156.04,0.00,76.45
1518,2,109,2,179.33,0.00,93.25
1518,3,14,3,49.18,0.00,27.04
1519,1,95,4,160.15,0.00,92.88
1519,2,112,5,183.44,0.00,111.89
1519,3,17,6,53.29,0.00,34.10
1520,1,98,7,164.26,0.00,110.05
1520,2,3,8,34.11,0.00,23.87
1520,3,20,1,57.40,0.00,20.09
1521,1,101,2,168.37,0.00,63.98
1521,2,6,3,38.22,5.73,15.67
1521,3,23,4,61.51,12.30,27.06
1522,1,104,5,172.48,43.12,81.06
1522,2,9,6,42.33,2.11,21.16
1522,3,26,7,65.62,6.56,34.77
1523,1,107,8,176.59,26.48,98.89
1523,2,12,1,46.44,9.28,27.39
1523,3,29,2,69.73,17.43,43.23
1524,1,110,3,180.70,9.03,117.45
1524,2,15,4,50.55,5.05,34.37
1524,3,32,5,73.84,11.07,52.42
1525,1,1,6,31.37,6.27,11.29
1525,2,18,7,54.66,13.66,21.31
1525,3,35,8,77.95,3.89,32.73
1526,1,4,1,35.48,3.54,15.96
1526,2,21,2,58.77,8.81,28.20
1526,3,38,3,82.06,16.41,41.85
1527,1,7,4,39.59,9.89,21.37
1527,2,24,5,62.88,3.14,35.84
1527,3,41,6,86.17,8.61,51.70
1528,1,10,7,43.70,6.55,27.53
1528,2,27,8,66.99,13.39,44.21
1528,3,44,1,90.28,22.57,62.29
1529,1,13,2,47.81,2.39,34.42
1529,2,30,3,71.10,7.11,26.30
1529,3,47,4,94.39,14.15,37.75
1530,1,16,5,51.92,10.38,22.32
1530,2,33,6,75.21,18.80,34.59
1530,3,50,7,98.50,4.92,48.26
1531,1,19,8,56.03,5.60,29.13
1531,2,36,1,79.32,11.89,43.62
1531,3,53,2,102.61,20.52,59.51
1532,1,22,3,60.14,15.03,36.68
1532,2,39,4,83.43,4.17,53.39
1532,3,56,5,106.72,10.67,71.50
1533,1,25,6,64.25,9.63,44.97
1533,2,42,7,87.54,17.50,30.63
1533,3,59,8,110.83,27.70,42.11
1534,1,28,1,68.36,0.00,28.02
1534,2,45,2,91.65,0.00,40.32
1534,3,62,3,114.94,0.00,54.02
1535,1,31,4,72.47,0.00,36.23
1535,2,48,5,95.76,0.00,50.75
1535,3,65,6,119.05,0.00,66.66
1536,1,34,7,76.58,0.00,45.18
1536,2,51,8,99.87,0.00,61.91
1536,3,68,1,123.16,0.00,80.05
1537,1,37,2,80.69,0.00,54.86
1537,2,54,3,103.98,0.00,73.82
1537,3,71,4,127.27,0.00,45.81
1538,1,40,5,84.80,0.00,33.07
1538,2,57,6,108.09,0.00,45.39
1538,3,74,7,131.38,0.00,59.12
1539,1,43,8,88.91,0.00,42.67
1539,2,60,1,112.20,0.00,57.22
1539,3,77,2,135.49,0.00,73.16
1540,1,46,3,93.02,0.00,53.02
1540,2,63,4,116.31,0.00,69.78
1540,3,80,5,139.60,0.00,87.94
1541,1,49,6,97.13,0.00,64.10
1541,2,66,7,120.42,0.00,83.08
1541,3,83,8,143.71,0.00,103.47
1542,1,52,1,101.24,0.00,37.45
1542,2,69,2,124.53,0.00,49.81
1542,3,86,3,147.82,0.00,63.56
1543,1,55,4,105.35,0.00,48.46
1543,2,72,5,128.64,0.00,63.03
1543,3,89,6,151.93,0.00,79.00
1544,1,58,7,109.46,0.00,60.20
1544,2,75,8,132.75,0.00,76.99
1544,3,92,1,156.04,0.00,95.18
1545,1,61,2,113.57,0.00,72.68
1545,2,78,3,136.86,0.00,91.69
1545,3,95,4,160.15,0.00,112.10
1546,1,64,5,117.68,0.00,41.18
1546,2,81,6,140.97,0.00,53.56
1546,3,98,7,164.26,0.00,67.34
1547,1,67,8,121.79,0.00,53.58
1547,2,84,1,145.08,0.00,68.18
1547,3,101,2,168.37,0.00,84.18
1548,1,70,3,125.90,0.00,66.72
1548,2,87,4,149.19,0.00,83.54
1548,3,104,5,172.48,0.00,101.76
1549,1,73,6,130.01,0.00,80.60
1549,2,90,7,153.30,0.00,99.64
1549,3,107,8,176.59,0.00,120.08
1550,1,76,1,134.12,0.00,95.22
1550,2,93,2,157.41,0.00,56.66
1550,3,110,3,180.70,0.00,70.47
1551,1,79,4,138.23,0.00,58.05
1551,2,96,5,161.52,0.00,72.68
1551,3,1,6,31.37,0.00,15.05
1552,1,82,7,142.34,0.00,72.59
1552,2,99,8,165.63,0.00,89.44
1552,3,4,1,35.48,0.00,20.22
1553,1,85,2,146.45,0.00,87.87
1553,2,102,3,169.74,0.00,106.93
1553,3,7,4,39.59,0.00,26.12
1554,1,88,5,150.56,0.00,103.88
1554,2,105,6,173.85,0.00,125.17
1554,3,10,7,43.70,6.55,16.16
1555,1,91,8,154.67,30.93,61.86
1555,2,108,1,177.96,44.49,76.52
1555,3,13,2,47.81,2.39,21.99
1556,1,94,3,158.78,15.87,77.80
1556,2,111,4,182.07,27.31,94.67
1556,3,16,5,51.92,10.38,28.55
1557,1,97,6,162.89,40.72,94.47
1557,2,2,7,32.74,1.63,19.97
1557,3,19,8,56.03,5.60,35.85
1558,1,100,1,167.00,25.05,111.89
1558,2,5,2,36.85,7.37,25.79
1558,3,22,3,60.14,15.03,21.04
1559,1,103,4,171.11,8.55,65.02
1559,2,8,5,40.96,4.09,16.79
1559,3,25,6,64.25,9.63,28.27
1560,1,106,7,175.22,35.04,82.35
1560,2,11,8,45.07,11.26,22.53
1560,3,28,1,68.36,3.41,36.23
1561,1,109,2,179.33,17.93,100.42
1561,2,14,3,49.18,7.37,29.01
1561,3,31,4,72.47,14.49,44.93
1562,1,112,5,183.44,45.86,119.23
1562,2,17,6,53.29,2.66,36.23
1562,3,34,7,76.58,7.65,54.37
1563,1,3,8,34.11,5.11,12.27
1563,2,20,1,57.40,11.48,22.38
1563,3,37,2,80.69,20.17,33.88
1564,1,6,3,38.22,1.91,17.19
1564,2,23,4,61.51,6.15,29.52
1564,3,40,5,84.80,12.72,43.24
1565,1,9,6,42.33,8.46,22.85
1565,2,26,7,65.62,16.40,37.40
1565,3,43,8,88.91,4.44,53.34
1566,1,12,1,46.44,4.64,29.25
1566,2,29,2,69.73,10.45,46.02
1566,3,46,3,93.02,18.60,64.18
1567,1,15,4,50.55,12.63,36.39
1567,2,32,5,73.84,0.00,27.32
1567,3,49,6,97.13,0.00,38.85
1568,1,18,7,54.66,0.00,23.50
1568,2,35,8,77.95,0.00,35.85
1568,3,52,1,101.24,0.00,49.60
1569,1,21,2,58.77,0.00,30.56
1569,2,38,3,82.06,0.00,45.13
1569,3,55,4,105.35,0.00,61.10
1570,1,24,5,62.88,0.00,38.35
1570,2,41,6,86.17,0.00,55.14
1570,3,58,7,109.46,0.00,73.33
1571,1,27,8,66.99,0.00,46.89
1571,2,44,1,90.28,0.00,31.59
1571,3,61,2,113.57,0.00,43.15
1572,1,30,3,71.10,0.00,29.15
1572,2,47,4,94.39,0.00,41.53
1572,3,64,5,117.68,0.00,55.30
1573,1,33,6,75.21,0.00,37.60
1573,2,50,7,98.50,0.00,52.20
1573,3,67,8,121.79,0.00,68.20
1574,1,36,1,79.32,0.00,46.79
1574,2,53,2,102.61,0.00,63.61
1574,3,70,3,125.90,0.00,81.83
1575,1,39,4,83.43,0.00,56.73
1575,2,56,5,106.72,0.00,75.77
1575,3,73,6,130.01,0.00,46.80
1576,1,42,7,87.54,0.00,34.14
1576,2,59,8,110.83,0.00,46.54
1576,3,76,1,134.12,0.00,60.35
1577,1,45,2,91.65,0.00,43.99
1577,2,62,3,114.94,0.00,58.61
1577,3,79,4,138.23,0.00,74.64
1578,1,48,5,95.76,0.00,54.58
1578,2,65,6,119.05,0.00,71.43
1578,3,82,7,142.34,0.00,89.67
1579,1,51,8,99.87,0.00,65.91
1579,2,68,1,123.16,0.00,84.98
1579,3,85,2,146.45,0.00,105.44
1580,1,54,3,103.98,0.00,38.47
1580,2,71,4,127.27,0.00,50.90
1580,3,88,5,150.56,0.00,64.74
1581,1,57,6,108.09,0.00,49.72
1581,2,74,7,131.38,0.00,64.37
1581,3,91,8,154.67,0.00,80.42
1582,1,60,1,112.20,0.00,61.71
1582,2,77,2,135.49,0.00,78.58
1582,3,94,3,158.78,0.00,96.85
1583,1,63,4,116.31,0.00,74.43
1583,2,80,5,139.60,0.00,93.53
1583,3,97,6,162.89,0.00,114.02
1584,1,66,7,120.42,0.00,42.14
1584,2,83,8,143.71,0.00,54.60
1584,3,100,1,167.00,0.00,68.47
1585,1,69,2,124.53,0.00,54.79
1585,2,86,3,147.82,0.00,69.47
1585,3,103,4,171.11,0.00,85.55
1586,1,72,5,128.64,0.00,68.17
1586,2,89,6,151.93,0.00,85.08
1586,3,106,7,175.22,0.00,103.37
1587,1,75,8,132.75,0.00,82.30
1587,2,92,1,156.04,0.00,101.42
1587,3,109,2,179.33,0.00,121.94
1588,1,78,3,136.86,20.52,97.17
1588,2,95,4,160.15,32.03,57.65
1588,3,112,5,183.44,45.86,71.54
1589,1,81,6,140.97,7.04,59.20
1589,2,98,7,164.26,16.42,73.91
1589,3,3,8,34.11,5.11,16.37
1590,1,84,1,145.08,29.01,73.99
1590,2,101,2,168.37,42.09,90.91
1590,3,6,3,38.22,1.91,21.78
1591,1,87,4,149.19,14.91,89.51
1591,2,104,5,172.48,25.87,108.66
1591,3,9,6,42.33,8.46,27.93
1592,1,90,7,153.30,38.32,105.77
1592,2,107,8,176.59,8.82,127.14
1592,3,12,1,46.44,4.64,17.18
1593,1,93,2,157.41,23.61,62.96
1593,2,110,3,180.70,36.14,77.70
1593,3,15,4,50.55,12.63,23.25
1594,1,96,5,161.52,8.07,79.14
1594,2,1,6,31.37,3.13,16.31
1594,3,18,7,54.66,8.19,30.06
1595,1,99,8,165.63,33.12,96.06
1595,2,4,1,35.48,8.87,21.64
1595,3,21,2,58.77,2.93,37.61
1596,1,102,3,169.74,16.97,113.72
1596,2,7,4,39.59,5.93,27.71
1596,3,24,5,62.88,12.57,22.00
1597,1,105,6,173.85,43.46,66.06
1597,2,10,7,43.70,2.18,17.91
1597,3,27,8,66.99,6.69,29.47
1598,1,108,1,177.96,26.69,83.64
1598,2,13,2,47.81,9.56,23.90
1598,3,30,3,71.10,17.77,37.68
1599,1,111,4,182.07,9.10,101.95
1599,2,16,5,51.92,5.19,30.63
1599,3,33,6,75.21,11.28,46.63
1600,1,2,7,32.74,6.54,21.28
1600,2,19,8,56.03,14.00,38.10
1600,3,36,1,79.32,0.00,56.31
1601,1,5,2,36.85,0.00,13.26
1601,2,22,3,60.14,0.00,23.45
1601,3,39,4,83.43,0.00,35.04
1602,1,8,5,40.96,0.00,18.43
1602,2,25,6,64.25,0.00,30.84
1602,3,42,7,87.54,0.00,44.64
1603,1,11,8,45.07,0.00,24.33
1603,2,28,1,68.36,0.00,38.96
1603,3,45,2,91.65,0.00,54.99
1604,1,14,3,49.18,0.00,30.98
1604,2,31,4,72.47,0.00,47.83
1604,3,48,5,95.76,0.00,66.07
1605,1,17,6,53.29,0.00,38.36
1605,2,34,7,76.58,0.00,28.33
1605,3,51,8,99.87,0.00,39.94
1606,1,20,1,57.40,0.00,24.68
1606,2,37,2,80.69,0.00,37.11
1606,3,54,3,103.98,0.00,50.95
1607,1,23,4,61.51,0.00,31.98
1607,2,40,5,84.80,0.00,46.64
1607,3,57,6,108.09,0.00,62.69
1608,1,26,7,65.62,0.00,40.02
1608,2,43,8,88.91,0.00,56.90
1608,3,60,1,112.20,0.00,75.17
1609,1,29,2,69.73,0.00,48.81
1609,2,46,3,93.02,0.00,32.55
1609,3,63,4,116.31,0.00,44.19
1610,1,32,5,73.84,0.00,30.27
1610,2,49,6,97.13,0.00,42.73
1610,3,66,7,120.42,0.00,56.59
1611,1,35,8,77.95,0.00,38.97
1611,2,52,1,101.24,0.00,53.65
1611,3,69,2,124.53,0.00,69.73
1612,1,38,3,82.06,0.00,48.41
1612,2,55,4,105.35,0.00,65.31
1612,3,72,5,128.64,0.00,83.61
1613,1,41,6,86.17,0.00,58.59
1613,2,58,7,109.46,0.00,77.71
1613,3,75,8,132.75,0.00,47.79
1614,1,44,1,90.28,0.00,35.20
1614,2,61,2,113.57,0.00,47.69
1614,3,78,3,136.86,0.00,61.58
1615,1,47,4,94.39,0.00,45.30
1615,2,64,5,117.68,0.00,60.01
1615,3,81,6,140.97,0.00,76.12
1616,1,50,7,98.50,0.00,56.14
1616,2,67,8,121.79,0.00,73.07
1616,3,84,1,145.08,0.00,91.40
1617,1,53,2,102.61,0.00,67.72
1617,2,70,3,125.90,0.00,86.87
1617,3,87,4,149.19,0.00,107.41
1618,1,56,5,106.72,0.00,39.48
1618,2,73,6,130.01,0.00,52.00
1618,3,90,7,153.30,0.00,65.91
1619,1,59,8,110.83,0.00,50.98
1619,2,76,1,134.12,0.00,65.71
1619,3,93,2,157.41,0.00,81.85
1620,1,62,3,114.94,0.00,63.21
1620,2,79,4,138.23,0.00,80.17
1620,3,96,5,161.52,0.00,98.52
1621,1,65,6,119.05,0.00,76.19
1621,2,82,7,142.34,21.35,95.36
1621,3,99,8,165.63,33.12,115.94
1622,1,68,1,123.16,30.79,43.10
1622,2,85,2,146.45,7.32,55.65
1622,3,102,3,169.74,16.97,69.59
1623,1,71,4,127.27,19.09,55.99
1623,2,88,5,150.56,30.11,70.76
1623,3,105,6,173.85,43.46,86.92
1624,1,74,7,131.38,6.56,69.63
1624,2,91,8,154.67,15.46,86.61
1624,3,108,1,177.96,26.69,104.99
1625,1,77,2,135.49,27.09,84.00
1625,2,94,3,158.78,39.69,103.20
1625,3,111,4,182.07,9.10,123.80
1626,1,80,5,139.60,13.96,99.11
1626,2,97,6,162.89,24.43,58.64
1626,3,2,7,32.74,6.54,12.76
1627,1,83,8,143.71,35.92,60.35
1627,2,100,1,167.00,8.35,75.15
1627,3,5,2,36.85,3.68,17.68
1628,1,86,3,147.82,22.17,75.38
1628,2,103,4,171.11,34.22,92.39
1628,3,8,5,40.96,10.24,23.34
1629,1,89,6,151.93,7.59,91.15
1629,2,106,7,175.22,17.52,110.38
1629,3,11,8,45.07,6.76,29.74
1630,1,92,1,156.04,31.20,107.66
1630,2,109,2,179.33,44.83,129.11
1630,3,14,3,49.18,2.45,18.19
1631,1,95,4,160.15,16.01,64.06
1631,2,112,5,183.44,27.51,78.87
1631,3,17,6,53.29,10.65,24.51
1632,1,98,7,164.26,41.06,80.48
1632,2,3,8,34.11,1.70,17.73
1632,3,20,1,57.40,5.74,31.57
1633,1,101,2,168.37,25.25,97.65
1633,2,6,3,38.22,7.64,23.31
1633,3,23,4,61.51,15.37,39.36
1634,1,104,5,172.48,0.00,115.56
1634,2,9,6,42.33,0.00,29.63
1634,3,26,7,65.62,0.00,22.96
1635,1,107,8,176.59,0.00,67.10
1635,2,12,1,46.44,0.00,19.04
1635,3,29,2,69.73,0.00,30.68
1636,1,110,3,180.70,0.00,84.92
1636,2,15,4,50.55,0.00,25.27
1636,3,32,5,73.84,0.00,39.13
1637,1,1,6,31.37,0.00,17.56
1637,2,18,7,54.66,0.00,32.24
1637,3,35,8,77.95,0.00,48.32
1638,1,4,1,35.48,0.00,23.06
1638,2,21,2,58.77,0.00,39.96
1638,3,38,3,82.06,0.00,58.26
1639,1,7,4,39.59,0.00,14.25
1639,2,24,5,62.88,0.00,24.52
1639,3,41,6,86.17,0.00,36.19
1640,1,10,7,43.70,0.00,19.66
1640,2,27,8,66.99,0.00,32.15
1640,3,44,1,90.28,0.00,46.04
1641,1,13,2,47.81,0.00,25.81
1641,2,30,3,71.10,0.00,40.52
1641,3,47,4,94.39,0.00,56.63
1642,1,16,5,51.92,0.00,32.70
1642,2,33,6,75.21,0.00,49.63
1642,3,50,7,98.50,0.00,67.96
1643,1,19,8,56.03,0.00,40.34
1643,2,36,1,79.32,0.00,29.34
1643,3,53,2,102.61,0.00,41.04
1644,1,22,3,60.14,0.00,25.86
1644,2,39,4,83.43,0.00,38.37
1644,3,56,5,106.72,0.00,52.29
1645,1,25,6,64.25,0.00,33.41
1645,2,42,7,87.54,0.00,48.14
1645,3,59,8,110.83,0.00,64.28
1646,1,28,1,68.36,0.00,41.69
1646,2,45,2,91.65,0.00,58.65
1646,3,62,3,114.94,0.00,77.00
1647,1,31,4,72.47,0.00,50.72
1647,2,48,5,95.76,0.00,33.51
1647,3,65,6,119.05,0.00,45.23
1648,1,34,7,76.58,0.00,31.39
1648,2,51,8,99.87,0.00,43.94
1648,3,68,1,123.16,0.00,57.88
1649,1,37,2,80.69,0.00,40.34
1649,2,54,3,103.98,0.00,55.10
1649,3,71,4,127.27,0.00,71.27
1650,1,40,5,84.80,0.00,50.03
1650,2,57,6,108.09,0.00,67.01
1650,3,74,7,131.38,0.00,85.39
1651,1,43,8,88.91,0.00,60.45
1651,2,60,1,112.20,0.00,79.66
1651,3,77,2,135.49,0.00,48.77
1652,1,46,3,93.02,0.00,36.27
1652,2,63,4,116.31,0.00,48.85
1652,3,80,5,139.60,0.00,62.82
1653,1,49,6,97.13,0.00,46.62
1653,2,66,7,120.42,0.00,61.41
1653,3,83,8,143.71,0.00,77.60
1654,1,52,1,101.24,0.00,57.70
1654,2,69,2,124.53,0.00,74.71
1654,3,86,3,147.82,22.17,93.12
1655,1,55,4,105.35,21.07,69.53
1655,2,72,5,128.64,32.16,88.76
1655,3,89,6,151.93,7.59,109.38
1656,1,58,7,109.46,10.94,40.50
1656,2,75,8,132.75,19.91,53.10
1656,3,92,1,156.04,31.20,67.09
1657,1,61,2,113.57,28.39,52.24
1657,2,78,3,136.86,6.84,67.06
1657,3,95,4,160.15,16.01,83.27
1658,1,64,5,117.68,17.65,64.72
1658,2,81,6,140.97,28.19,81.76
1658,3,98,7,164.26,41.06,100.19
1659,1,67,8,121.79,6.08,77.94
1659,2,84,1,145.08,14.50,97.20
1659,3,101,2,168.37,25.25,117.85
1660,1,70,3,125.90,25.18,44.06
1660,2,87,4,149.19,37.29,56.69
1660,3,104,5,172.48,8.62,70.71
1661,1,73,6,130.01,13.00,57.20
1661,2,90,7,153.30,22.99,72.05
1661,3,107,8,176.59,35.31,88.29
1662,1,76,1,134.12,33.53,71.08
1662,2,93,2,157.41,7.87,88.14
1662,3,110,3,180.70,18.07,106.61
1663,1,79,4,138.23,20.73,85.70
1663,2,96,5,161.52,32.30,104.98
1663,3,1,6,31.37,7.84,21.33
1664,1,82,7,142.34,7.11,101.06
1664,2,99,8,165.63,16.56,59.62
1664,3,4,1,35.48,5.32,13.83
1665,1,85,2,146.45,29.29,61.50
1665,2,102,3,169.74,42.43,76.38
1665,3,7,4,39.59,1.97,19.00
1666,1,88,5,150.56,15.05,76.78
1666,2,105,6,173.85,26.07,93.87
1666,3,10,7,43.70,8.74,24.90
1667,1,91,8,154.67,38.66,92.80
1667,2,108,1,177.96,0.00,112.11
1667,3,13,2,47.81,0.00,31.55
1668,1,94,3,158.78,0.00,109.55
1668,2,111,4,182.07,0.00,131.09
1668,3,16,5,51.92,0.00,19.21
1669,1,97,6,162.89,0.00,65.15
1669,2,2,7,32.74,0.00,14.07
1669,3,19,8,56.03,0.00,25.77
1670,1,100,1,167.00,0.00,81.83
1670,2,5,2,36.85,0.00,19.16
1670,3,22,3,60.14,0.00,33.07
1671,1,103,4,171.11,0.00,99.24
1671,2,8,5,40.96,0.00,24.98
1671,3,25,6,64.25,0.00,41.12
1672,1,106,7,175.22,0.00,117.39
1672,2,11,8,45.07,0.00,31.54
1672,3,28,1,68.36,0.00,23.92
1673,1,109,2,179.33,0.00,68.14
1673,2,14,3,49.18,0.00,20.16
1673,3,31,4,72.47,0.00,31.88
1674,1,112,5,183.44,0.00,86.21
1674,2,17,6,53.29,0.00,26.64
1674,3,34,7,76.58,0.00,40.58
1675,1,3,8,34.11,0.00,19.10
1675,2,20,1,57.40,0.00,33.86
1675,3,37,2,80.69,0.00,50.02
1676,1,6,3,38.22,0.00,24.84
1676,2,23,4,61.51,0.00,41.82
1676,3,40,5,84.80,0.00,60.20
1677,1,9,6,42.33,0.00,15.23
1677,2,26,7,65.62,0.00,25.59
1677,3,43,8,88.91,0.00,37.34
1678,1,12,1,46.44,0.00,20.89
1678,2,29,2,69.73,0.00,33.47
1678,3,46,3,93.02,0.00,47.44
1679,1,15,4,50.55,0.00,27.29
1679,2,32,5,73.84,0.00,42.08
1679,3,49,6,97.13,0.00,58.27
1680,1,18,7,54.66,0.00,34.43
1680,2,35,8,77.95,0.00,51.44
1680,3,52,1,101.24,0.00,69.85
1681,1,21,2,58.77,0.00,42.31
1681,2,38,3,82.06,0.00,30.36
1681,3,55,4,105.35,0.00,42.14
1682,1,24,5,62.88,0.00,27.03
1682,2,41,6,86.17,0.00,39.63
1682,3,58,7,109.46,0.00,53.63
1683,1,27,8,66.99,0.00,34.83
1683,2,44,1,90.28,0.00,49.65
1683,3,61,2,113.57,0.00,65.87
1684,1,30,3,71.10,0.00,43.37
1684,2,47,4,94.39,0.00,60.40
1684,3,64,5,117.68,0.00,78.84
1685,1,33,6,75.21,0.00,52.64
1685,2,50,7,98.50,0.00,34.47
1685,3,67,8,121.79,0.00,46.28
1686,1,36,1,79.32,0.00,32.52
1686,2,53,2,102.61,0.00,45.14
1686,3,70,3,125.90,0.00,59.17
1687,1,39,4,83.43,0.00,41.71
1687,2,56,5,106.72,0.00,56.56
1687,3,73,6,130.01,0.00,72.80
1688,1,42,7,87.54,13.13,51.64
1688,2,59,8,110.83,22.16,68.71
1688,3,76,1,134.12,33.53,87.17
1689,1,45,2,91.65,4.58,62.32
1689,2,62,3,114.94,11.49,81.60
1689,3,79,4,138.23,20.73,49.76
1690,1,48,5,95.76,19.15,37.34
1690,2,65,6,119.05,29.76,50.00
1690,3,82,7,142.34,7.11,64.05
1691,1,51,8,99.87,9.98,47.93
1691,2,68,1,123.16,18.47,62.81
1691,3,85,2,146.45,29.29,79.08
1692,1,54,3,103.98,25.99,59.26
1692,2,71,4,127.27,6.36,76.36
1692,3,88,5,150.56,15.05,94.85
1693,1,57,6,108.09,16.21,71.33
1693,2,74,7,131.38,26.27,90.65
1693,3,91,8,154.67,38.66,111.36
1694,1,60,1,112.20,5.61,41.51
1694,2,77,2,135.49,13.54,54.19
1694,3,94,3,158.78,23.81,68.27
1695,1,63,4,116.31,23.26,53.50
1695,2,80,5,139.60,34.90,68.40
1695,3,97,6,162.89,8.14,84.70
1696,1,66,7,120.42,12.04,66.23
1696,2,83,8,143.71,21.55,83.35
1696,3,100,1,167.00,33.40,101.87
1697,1,69,2,124.53,31.13,79.69
1697,2,86,3,147.82,7.39,99.03
1697,3,103,4,171.11,17.11,119.77
1698,1,72,5,128.64,19.29,45.02
1698,2,89,6,151.93,30.38,57.73
1698,3,106,7,175.22,43.80,71.84
1699,1,75,8,132.75,6.63,58.41
1699,2,92,1,156.04,15.60,73.33
1699,3,109,2,179.33,26.89,89.66
1700,1,78,3,136.86,27.37,72.53
1700,2,95,4,160.15,40.03,89.68
1700,3,112,5,183.44,0.00,108.22
1701,1,81,6,140.97,0.00,87.40
1701,2,98,7,164.26,0.00,106.76
1701,3,3,8,34.11,0.00,23.19
1702,1,84,1,145.08,0.00,103.00
1702,2,101,2,168.37,0.00,60.61
1702,3,6,3,38.22,0.00,14.90
1703,1,87,4,149.19,0.00,62.65
1703,2,104,5,172.48,0.00,77.61
1703,3,9,6,42.33,0.00,20.31
1704,1,90,7,153.30,0.00,78.18
1704,2,107,8,176.59,0.00,95.35
1704,3,12,1,46.44,0.00,26.47
1705,1,93,2,157.41,0.00,94.44
1705,2,110,3,180.70,0.00,113.84
1705,3,15,4,50.55,0.00,33.36
1706,1,96,5,161.52,0.00,111.44
1706,2,1,6,31.37,0.00,22.58
1706,3,18,7,54.66,0.00,20.22
1707,1,99,8,165.63,0.00,66.25
1707,2,4,1,35.48,0.00,15.25
1707,3,21,2,58.77,0.00,27.03
1708,1,102,3,169.74,0.00,83.17
1708,2,7,4,39.59,0.00,20.58
1708,3,24,5,62.88,0.00,34.58
1709,1,105,6,173.85,0.00,100.83
1709,2,10,7,43.70,0.00,26.65
1709,3,27,8,66.99,0.00,42.87
1710,1,108,1,177.96,0.00,119.23
1710,2,13,2,47.81,0.00,33.46
1710,3,30,3,71.10,0.00,24.88
1711,1,111,4,182.07,0.00,69.18
1711,2,16,5,51.92,0.00,21.28
1711,3,33,6,75.21,0.00,33.09
1712,1,2,7,32.74,0.00,15.38
1712,2,19,8,56.03,0.00,28.01
1712,3,36,1,79.32,0.00,42.03
1713,1,5,2,36.85,0.00,20.63
1713,2,22,3,60.14,0.00,35.48
1713,3,39,4,83.43,0.00,51.72
1714,1,8,5,40.96,0.00,26.62
1714,2,25,6,64.25,0.00,43.69
1714,3,42,7,87.54,0.00,62.15
1715,1,11,8,45.07,0.00,16.22
1715,2,28,1,68.36,0.00,26.66
1715,3,45,2,91.65,0.00,38.49
1716,1,14,3,49.18,0.00,22.13
1716,2,31,4,72.47,0.00,34.78
1716,3,48,5,95.76,0.00,48.83
1717,1,17,6,53.29,0.00,28.77
1717,2,34,7,76.58,0.00,43.65
1717,3,51,8,99.87,0.00,59.92
1718,1,20,1,57.40,0.00,36.16
1718,2,37,2,80.69,0.00,53.25
1718,3,54,3,103.98,0.00,71.74
1719,1,23,4,61.51,0.00,44.28
1719,2,40,5,84.80,0.00,31.37
1719,3,57,6,108.09,0.00,43.23
1720,1,26,7,65.62,0.00,28.21
1720,2,43,8,88.91,0.00,40.89
1720,3,60,1,112.20,0.00,54.97
1721,1,29,2,69.73,0.00,36.25
1721,2,46,3,93.02,13.95,51.16
1721,3,63,4,116.31,23.26,67.45
1722,1,32,5,73.84,18.46,45.04
1722,2,49,6,97.13,4.85,62.16
1722,3,66,7,120.42,12.04,80.68
1723,1,35,8,77.95,11.69,54.56
1723,2,52,1,101.24,20.24,35.43
1723,3,69,2,124.53,31.13,47.32
1724,1,38,3,82.06,4.10,33.64
1724,2,55,4,105.35,10.53,46.35
1724,3,72,5,128.64,19.29,60.46
1725,1,41,6,86.17,17.23,43.08
1725,2,58,7,109.46,27.36,58.01
1725,3,75,8,132.75,6.63,74.34
1726,1,44,1,90.28,9.02,53.26
1726,2,61,2,113.57,17.03,70.41
1726,3,78,3,136.86,27.37,88.95
1727,1,47,4,94.39,23.59,64.18
1727,2,64,5,117.68,5.88,83.55
1727,3,81,6,140.97,14.09,50.74
1728,1,50,7,98.50,14.77,38.41
1728,2,67,8,121.79,24.35,51.15
1728,3,84,1,145.08,36.27,65.28
1729,1,53,2,102.61,5.13,49.25
1729,2,70,3,125.90,12.59,64.20
1729,3,87,4,149.19,22.37,80.56
1730,1,56,5,106.72,21.34,60.83
1730,2,73,6,130.01,32.50,78.00
1730,3,90,7,153.30,7.66,96.57
1731,1,59,8,110.83,11.08,73.14
1731,2,76,1,134.12,20.11,92.54
1731,3,93,2,157.41,31.48,113.33
1732,1,62,3,114.94,28.73,42.52
1732,2,79,4,138.23,6.91,55.29
1732,3,96,5,161.52,16.15,69.45
1733,1,65,6,119.05,17.85,54.76
1733,2,82,7,142.34,28.46,69.74
1733,3,99,8,165.63,41.40,86.12
1734,1,68,1,123.16,0.00,67.73
1734,2,85,2,146.45,0.00,84.94
1734,3,102,3,169.74,0.00,103.54
1735,1,71,4,127.27,0.00,81.45
1735,2,88,5,150.56,0.00,100.87
1735,3,105,6,173.85,0.00,121.69
1736,1,74,7,131.38,0.00,45.98
1736,2,91,8,154.67,0.00,58.77
1736,3,108,1,177.96,0.00,72.96
1737,1,77,2,135.49,0.00,59.61
1737,2,94,3,158.78,0.00,74.62
1737,3,111,4,182.07,0.00,91.03
1738,1,80,5,139.60,0.00,73.98
1738,2,97,6,162.89,0.00,91.21
1738,3,2,7,32.74,0.00,19.31
1739,1,83,8,143.71,0.00,89.10
1739,2,100,1,167.00,0.00,108.55
1739,3,5,2,36.85,0.00,25.05
1740,1,86,3,147.82,0.00,104.95
1740,2,103,4,171.11,0.00,61.59
1740,3,8,5,40.96,0.00,15.97
1741,1,89,6,151.93,0.00,63.81
1741,2,106,7,175.22,0.00,78.84
1741,3,11,8,45.07,0.00,21.63
1742,1,92,1,156.04,0.00,79.58
1742,2,109,2,179.33,0.00,96.83
1742,3,14,3,49.18,0.00,28.03
1743,1,95,4,160.15,0.00,96.09
1743,2,112,5,183.44,0.00,115.56
1743,3,17,6,53.29,0.00,35.17
1744,1,98,7,164.26,0.00,113.33
1744,2,3,8,34.11,0.00,24.55
1744,3,20,1,57.40,0.00,21.23
1745,1,101,2,168.37,0.00,67.34
1745,2,6,3,38.22,0.00,16.43
1745,3,23,4,61.51,0.00,28.29
1746,1,104,5,172.48,0.00,84.51
1746,2,9,6,42.33,0.00,22.01
1746,3,26,7,65.62,0.00,36.09
1747,1,107,8,176.59,0.00,102.42
1747,2,12,1,46.44,0.00,28.32
1747,3,29,2,69.73,0.00,44.62
1748,1,110,3,180.70,0.00,121.06
1748,2,15,4,50.55,0.00,35.38
1748,3,32,5,73.84,0.00,25.84
1749,1,1,6,31.37,0.00,11.92
1749,2,18,7,54.66,0.00,22.41
1749,3,35,8,77.95,0.00,34.29
1750,1,4,1,35.48,0.00,16.67
1750,2,21,2,58.77,0.00,29.38
1750,3,38,3,82.06,0.00,43.49
1751,1,7,4,39.59,0.00,22.17
1751,2,24,5,62.88,0.00,37.09
1751,3,41,6,86.17,0.00,53.42
1752,1,10,7,43.70,0.00,28.40
1752,2,27,8,66.99,0.00,45.55
1752,3,44,1,90.28,0.00,64.09
1753,1,13,2,47.81,0.00,17.21
1753,2,30,3,71.10,0.00,27.72
1753,3,47,4,94.39,0.00,39.64
1754,1,16,5,51.92,0.00,23.36
1754,2,33,6,75.21,0.00,36.10
1754,3,50,7,98.50,14.77,50.23
1755,1,19,8,56.03,11.20,30.25
1755,2,36,1,79.32,19.83,45.21
1755,3,53,2,102.61,5.13,61.56
1756,1,22,3,60.14,6.01,37.88
1756,2,39,4,83.43,12.51,55.06
1756,3,56,5,106.72,21.34,73.63
1757,1,25,6,64.25,16.06,46.26
1757,2,42,7,87.54,4.37,32.38
1757,3,59,8,110.83,11.08,44.33
1758,1,28,1,68.36,10.25,29.39
1758,2,45,2,91.65,18.33,42.15
1758,3,62,3,114.94,28.73,56.32
1759,1,31,4,72.47,3.62,37.68
1759,2,48,5,95.76,9.57,52.66
1759,3,65,6,119.05,17.85,69.04
1760,1,34,7,76.58,15.31,46.71
1760,2,51,8,99.87,24.96,63.91
1760,3,68,1,123.16,6.15,82.51
1761,1,37,2,80.69,8.06,56.48
1761,2,54,3,103.98,15.59,36.39
1761,3,71,4,127.27,25.45,48.36
1762,1,40,5,84.80,21.20,34.76
1762,2,57,6,108.09,5.40,47.55
1762,3,74,7,131.38,13.13,61.74
1763,1,43,8,88.91,13.33,44.45
1763,2,60,1,112.20,22.44,59.46
1763,3,77,2,135.49,33.87,75.87
1764,1,46,3,93.02,4.65,54.88
1764,2,63,4,116.31,11.63,72.11
1764,3,80,5,139.60,20.94,90.74
1765,1,49,6,97.13,19.42,66.04
1765,2,66,7,120.42,30.10,85.49
1765,3,83,8,143.71,7.18,51.73
1766,1,52,1,101.24,10.12,39.48
1766,2,69,2,124.53,18.67,52.30
1766,3,86,3,147.82,29.56,66.51
1767,1,55,4,105.35,26.33,50.56
1767,2,72,5,128.64,0.00,65.60
1767,3,89,6,151.93,0.00,82.04
1768,1,58,7,109.46,0.00,62.39
1768,2,75,8,132.75,0.00,79.65
1768,3,92,1,156.04,0.00,98.30
1769,1,61,2,113.57,0.00,74.95
1769,2,78,3,136.86,0.00,94.43
1769,3,95,4,160.15,0.00,115.30
1770,1,64,5,117.68,0.00,43.54
1770,2,81,6,140.97,0.00,56.38
1770,3,98,7,164.26,0.00,70.63
1771,1,67,8,121.79,0.00,56.02
1771,2,84,1,145.08,0.00,71.08
1771,3,101,2,168.37,0.00,87.55
1772,1,70,3,125.90,0.00,69.24
1772,2,87,4,149.19,0.00,86.53
1772,3,104,5,172.48,0.00,105.21
1773,1,73,6,130.01,0.00,83.20
1773,2,90,7,153.30,0.00,102.71
1773,3,107,8,176.59,0.00,123.61
1774,1,76,1,134.12,0.00,46.94
1774,2,93,2,157.41,0.00,59.81
1774,3,110,3,180.70,0.00,74.08
1775,1,79,4,138.23,0.00,60.82
1775,2,96,5,161.52,0.00,75.91
1775,3,1,6,31.37,0.00,15.68
1776,1,82,7,142.34,0.00,75.44
1776,2,99,8,165.63,0.00,92.75
1776,3,4,1,35.48,0.00,20.93
1777,1,85,2,146.45,0.00,90.79
1777,2,102,3,169.74,0.00,110.33
1777,3,7,4,39.59,0.00,26.92
1778,1,88,5,150.56,0.00,106.89
1778,2,105,6,173.85,0.00,62.58
1778,3,10,7,43.70,0.00,17.04
1779,1,91,8,154.67,0.00,64.96
1779,2,108,1,177.96,0.00,80.08
1779,3,13,2,47.81,0.00,22.94
1780,1,94,3,158.78,0.00,80.97
1780,2,111,4,182.07,0.00,98.31
1780,3,16,5,51.92,0.00,29.59
1781,1,97,6,162.89,0.00,97.73
1781,2,2,7,32.74,0.00,20.62
1781,3,19,8,56.03,0.00,36.97
1782,1,100,1,167.00,0.00,115.23
1782,2,5,2,36.85,0.00,26.53
1782,3,22,3,60.14,0.00,22.25
1783,1,103,4,171.11,0.00,68.44
1783,2,8,5,40.96,0.00,17.61
1783,3,25,6,64.25,0.00,29.55
1784,1,106,7,175.22,0.00,85.85
1784,2,11,8,45.07,0.00,23.43
1784,3,28,1,68.36,0.00,37.59
1785,1,109,2,179.33,0.00,104.01
1785,2,14,3,49.18,0.00,29.99
1785,3,31,4,72.47,0.00,46.38
1786,1,112,5,183.44,0.00,122.90
1786,2,17,6,53.29,0.00,37.30
1786,3,34,7,76.58,0.00,26.80
1787,1,3,8,34.11,0.00,12.96
1787,2,20,1,57.40,0.00,23.53
1787,3,37,2,80.69,0.00,35.50
1788,1,6,3,38.22,5.73,17.96
1788,2,23,4,61.51,12.30,30.75
1788,3,40,5,84.80,21.20,44.94
1789,1,9,6,42.33,2.11,23.70
1789,2,26,7,65.62,6.56,38.71
1789,3,43,8,88.91,13.33,55.12
1790,1,12,1,46.44,9.28,30.18
1790,2,29,2,69.73,17.43,47.41
1790,3,46,3,93.02,4.65,66.04
1791,1,15,4,50.55,5.05,18.19
1791,2,32,5,73.84,11.07,28.79
1791,3,49,6,97.13,19.42,40.79
1792,1,18,7,54.66,13.66,24.59
1792,2,35,8,77.95,3.89,37.41
1792,3,52,1,101.24,10.12,51.63
1793,1,21,2,58.77,8.81,31.73
1793,2,38,3,82.06,16.41,46.77
1793,3,55,4,105.35,26.33,63.21
1794,1,24,5,62.88,3.14,39.61
1794,2,41,6,86.17,8.61,56.87
1794,3,58,7,109.46,16.41,75.52
1795,1,27,8,66.99,13.39,48.23
1795,2,44,1,90.28,22.57,33.40
1795,3,61,2,113.57,5.67,45.42
1796,1,30,3,71.10,7.11,30.57
1796,2,47,4,94.39,14.15,43.41
1796,3,64,5,117.68,23.53,57.66
1797,1,33,6,75.21,18.80,39.10
1797,2,50,7,98.50,4.92,54.17
1797,3,67,8,121.79,12.17,70.63
1798,1,36,1,79.32,11.89,48.38
1798,2,53,2,102.61,20.52,65.67
1798,3,70,3,125.90,31.47,84.35
1799,1,39,4,83.43,4.17,58.40
1799,2,56,5,106.72,10.67,37.35
1799,3,73,6,130.01,19.50,49.40
1800,1,42,7,87.54,17.50,35.89
1800,2,59,8,110.83,27.70,48.76
1800,3,76,1,134.12,0.00,63.03
1801,1,45,2,91.65,0.00,45.82
1801,2,62,3,114.94,0.00,60.91
1801,3,79,4,138.23,0.00,77.40
1802,1,48,5,95.76,0.00,56.49
1802,2,65,6,119.05,0.00,73.81
1802,3,82,7,142.34,0.00,92.52
1803,1,51,8,99.87,0.00,67.91
1803,2,68,1,123.16,0.00,87.44
1803,3,85,2,146.45,0.00,52.72
1804,1,54,3,103.98,0.00,40.55
1804,2,71,4,127.27,0.00,53.45
1804,3,88,5,150.56,0.00,67.75
1805,1,57,6,108.09,0.00,51.88
1805,2,74,7,131.38,0.00,67.00
1805,3,91,8,154.67,0.00,83.52
1806,1,60,1,112.20,0.00,63.95
1806,2,77,2,135.49,0.00,81.29
1806,3,94,3,158.78,0.00,100.03
1807,1,63,4,116.31,0.00,76.76
1807,2,80,5,139.60,0.00,96.32
1807,3,97,6,162.89,0.00,117.28
1808,1,66,7,120.42,0.00,44.55
1808,2,83,8,143.71,0.00,57.48
1808,3,100,1,167.00,0.00,71.81
1809,1,69,2,124.53,0.00,57.28
1809,2,86,3,147.82,0.00,72.43
1809,3,103,4,171.11,0.00,88.97
1810,1,72,5,128.64,0.00,70.75
1810,2,89,6,151.93,0.00,88.11
1810,3,106,7,175.22,0.00,106.88
1811,1,75,8,132.75,0.00,84.96
1811,2,92,1,156.04,0.00,104.54
1811,3,109,2,179.33,0.00,125.53
1812,1,78,3,136.86,0.00,47.90
1812,2,95,4,160.15,0.00,60.85
1812,3,112,5,183.44,0.00,75.21
1813,1,81,6,140.97,0.00,62.02
1813,2,98,7,164.26,0.00,77.20
1813,3,3,8,34.11,0.00,17.05
1814,1,84,1,145.08,0.00,76.89
1814,2,101,2,168.37,0.00,94.28
1814,3,6,3,38.22,0.00,22.54
1815,1,87,4,149.19,0.00,92.49
1815,2,104,5,172.48,0.00,112.11
1815,3,9,6,42.33,0.00,28.78
1816,1,90,7,153.30,0.00,108.84
1816,2,107,8,176.59,0.00,63.57
1816,3,12,1,46.44,0.00,18.11
1817,1,93,2,157.41,0.00,66.11
1817,2,110,3,180.70,0.00,81.31
1817,3,15,4,50.55,0.00,24.26
1818,1,96,5,161.52,0.00,82.37
1818,2,1,6,31.37,0.00,16.93
1818,3,18,7,54.66,0.00,31.15
1819,1,99,8,165.63,0.00,99.37
1819,2,4,1,35.48,0.00,22.35
1819,3,21,2,58.77,0.00,38.78
1820,1,102,3,169.74,0.00,117.12
1820,2,7,4,39.59,0.00,28.50
1820,3,24,5,62.88,0.00,23.26
1821,1,105,6,173.85,0.00,69.54
1821,2,10,7,43.70,6.55,18.79
1821,3,27,8,66.99,13.39,30.81
1822,1,108,1,177.96,44.49,87.20
1822,2,13,2,47.81,2.39,24.86
1822,3,30,3,71.10,7.11,39.10
1823,1,111,4,182.07,27.31,105.60
1823,2,16,5,51.92,10.38,31.67
1823,3,33,6,75.21,18.80,48.13
1824,1,2,7,32.74,1.63,21.93
1824,2,19,8,56.03,5.60,39.22
1824,3,36,1,79.32,11.89,27.76
1825,1,5,2,36.85,7.37,14.00
1825,2,22,3,60.14,15.03,24.65
1825,3,39,4,83.43,4.17,36.70
1826,1,8,5,40.96,4.09,19.25
1826,2,25,6,64.25,9.63,32.12
1826,3,42,7,87.54,17.50,46.39
1827,1,11,8,45.07,11.26,25.23
1827,2,28,1,68.36,3.41,40.33
1827,3,45,2,91.65,9.16,56.82
1828,1,14,3,49.18,7.37,31.96
1828,2,31,4,72.47,14.49,49.27
1828,3,48,5,95.76,23.94,67.98
1829,1,17,6,53.29,2.66,19.18
1829,2,34,7,76.58,7.65,29.86
1829,3,51,8,99.87,14.98,41.94
1830,1,20,1,57.40,11.48,25.83
1830,2,37,2,80.69,20.17,38.73
1830,3,54,3,103.98,5.19,53.02
1831,1,23,4,61.51,6.15,33.21
1831,2,40,5,84.80,12.72,48.33
1831,3,57,6,108.09,21.61,64.85
1832,1,26,7,65.62,16.40,41.34
1832,2,43,8,88.91,4.44,58.68
1832,3,60,1,112.20,11.22,77.41
1833,1,29,2,69.73,10.45,50.20
1833,2,46,3,93.02,18.60,34.41
1833,3,63,4,116.31,29.07,46.52
1834,1,32,5,73.84,0.00,31.75
1834,2,49,6,97.13,0.00,44.67
1834,3,66,7,120.42,0.00,59.00
1835,1,35,8,77.95,0.00,40.53
1835,2,52,1,101.24,0.00,55.68
1835,3,69,2,124.53,0.00,72.22
1836,1,38,3,82.06,0.00,50.05
1836,2,55,4,105.35,0.00,67.42
1836,3,72,5,128.64,0.00,86.18
1837,1,41,6,86.17,0.00,60.31
1837,2,58,7,109.46,0.00,38.31
1837,3,75,8,132.75,0.00,50.44
1838,1,44,1,90.28,0.00,37.01
1838,2,61,2,113.57,0.00,49.97
1838,3,78,3,136.86,0.00,64.32
1839,1,47,4,94.39,0.00,47.19
1839,2,64,5,117.68,0.00,62.37
1839,3,81,6,140.97,0.00,78.94
1840,1,50,7,98.50,0.00,58.11
1840,2,67,8,121.79,0.00,75.50
1840,3,84,1,145.08,0.00,94.30
1841,1,53,2,102.61,0.00,69.77
1841,2,70,3,125.90,0.00,89.38
1841,3,87,4,149.19,0.00,53.70
1842,1,56,5,106.72,0.00,41.62
1842,2,73,6,130.01,0.00,54.60
1842,3,90,7,153.30,0.00,68.98
1843,1,59,8,110.83,0.00,53.19
1843,2,76,1,134.12,0.00,68.40
1843,3,93,2,157.41,0.00,85.00
1844,1,62,3,114.94,0.00,65.51
1844,2,79,4,138.23,0.00,82.93
1844,3,96,5,161.52,0.00,101.75
1845,1,65,6,119.05,0.00,78.57
1845,2,82,7,142.34,0.00,98.21
1845,3,99,8,165.63,0.00,119.25
1846,1,68,1,123.16,0.00,45.56
1846,2,85,2,146.45,0.00,58.58
1846,3,102,3,169.74,0.00,72.98
1847,1,71,4,127.27,0.00,58.54
1847,2,88,5,150.56,0.00,73.77
1847,3,105,6,173.85,0.00,90.40
1848,1,74,7,131.38,0.00,72.25
1848,2,91,8,154.67,0.00,89.70
1848,3,108,1,177.96,0.00,108.55
1849,1,77,2,135.49,0.00,86.71
1849,2,94,3,158.78,0.00,106.38
1849,3,111,4,182.07,0.00,127.44
1850,1,80,5,139.60,0.00,48.86
1850,2,97,6,162.89,0.00,61.89
1850,3,2,7,32.74,0.00,13.42
1851,1,83,8,143.71,0.00,63.23
1851,2,100,1,167.00,0.00,78.49
1851,3,5,2,36.85,0.00,18.42
1852,1,86,3,147.82,0.00,78.34
1852,2,103,4,171.11,0.00,95.82
1852,3,8,5,40.96,0.00,24.16
1853,1,89,6,151.93,0.00,94.19
1853,2,106,7,175.22,0.00,113.89
1853,3,11,8,45.07,0.00,30.64
1854,1,92,1,156.04,0.00,110.78
1854,2,109,2,179.33,0.00,64.55
1854,3,14,3,49.18,7.37,19.18
1855,1,95,4,160.15,32.03,67.26
1855,2,112,5,183.44,45.86,82.54
1855,3,17,6,53.29,2.66,25.57
1856,1,98,7,164.26,16.42,83.77
1856,2,3,8,34.11,5.11,18.41
1856,3,20,1,57.40,11.48,32.71
1857,1,101,2,168.37,42.09,101.02
1857,2,6,3,38.22,1.91,24.07
1857,3,23,4,61.51,6.15,40.59
1858,1,104,5,172.48,25.87,119.01
1858,2,9,6,42.33,8.46,30.47
1858,3,26,7,65.62,16.40,24.27
1859,1,107,8,176.59,8.82,70.63
1859,2,12,1,46.44,4.64,19.96
1859,3,29,2,69.73,10.45,32.07
1860,1,110,3,180.70,36.14,88.54
1860,2,15,4,50.55,12.63,26.28
1860,3,32,5,73.84,3.69,40.61
1861,1,1,6,31.37,3.13,18.19
1861,2,18,7,54.66,8.19,33.34
1861,3,35,8,77.95,15.59,49.88
1862,1,4,1,35.48,8.87,23.77
1862,2,21,2,58.77,2.93,41.13
1862,3,38,3,82.06,8.20,28.72
1863,1,7,4,39.59,5.93,15.04
1863,2,24,5,62.88,12.57,25.78
1863,3,41,6,86.17,21.54,37.91
1864,1,10,7,43.70,2.18,20.53
1864,2,27,8,66.99,6.69,33.49
1864,3,44,1,90.28,13.54,47.84
1865,1,13,2,47.81,9.56,26.77
1865,2,30,3,71.10,17.77,41.94
1865,3,47,4,94.39,4.71,58.52
1866,1,16,5,51.92,5.19,33.74
1866,2,33,6,75.21,11.28,51.14
1866,3,50,7,98.50,19.70,69.93
1867,1,19,8,56.03,14.00,20.17
1867,2,36,1,79.32,0.00,30.93
1867,3,53,2,102.61,0.00,43.09
1868,1,22,3,60.14,0.00,27.06
1868,2,39,4,83.43,0.00,40.04
1868,3,56,5,106.72,0.00,54.42
1869,1,25,6,64.25,0.00,34.69
1869,2,42,7,87.54,0.00,49.89
1869,3,59,8,110.83,0.00,66.49
1870,1,28,1,68.36,0.00,43.06
1870,2,45,2,91.65,0.00,60.48
1870,3,62,3,114.94,0.00,79.30
1871,1,31,4,72.47,0.00,52.17
1871,2,48,5,95.76,0.00,35.43
1871,3,65,6,119.05,0.00,47.62
1872,1,34,7,76.58,0.00,32.92
1872,2,51,8,99.87,0.00,45.94
1872,3,68,1,123.16,0.00,60.34
1873,1,37,2,80.69,0.00,41.95
1873,2,54,3,103.98,0.00,57.18
1873,3,71,4,127.27,0.00,73.81
1874,1,40,5,84.80,0.00,51.72
1874,2,57,6,108.09,0.00,69.17
1874,3,74,7,131.38,0.00,88.02
1875,1,43,8,88.91,0.00,62.23
1875,2,60,1,112.20,0.00,39.27
1875,3,77,2,135.49,0.00,51.48
1876,1,46,3,93.02,0.00,38.13
1876,2,63,4,116.31,0.00,51.17
1876,3,80,5,139.60,0.00,65.61
1877,1,49,6,97.13,0.00,48.56
1877,2,66,7,120.42,0.00,63.82
1877,3,83,8,143.71,0.00,80.47
1878,1,52,1,101.24,0.00,59.73
1878,2,69,2,124.53,0.00,77.20
1878,3,86,3,147.82,0.00,96.08
1879,1,55,4,105.35,0.00,71.63
1879,2,72,5,128.64,0.00,91.33
1879,3,89,6,151.93,0.00,54.69
1880,1,58,7,109.46,0.00,42.68
1880,2,75,8,132.75,0.00,55.75
1880,3,92,1,156.04,0.00,70.21
1881,1,61,2,113.57,0.00,54.51
1881,2,78,3,136.86,0.00,69.79
1881,3,95,4,160.15,0.00,86.48
1882,1,64,5,117.68,0.00,67.07
1882,2,81,6,140.97,0.00,84.58
1882,3,98,7,164.26,0.00,103.48
1883,1,67,8,121.79,0.00,80.38
1883,2,84,1,145.08,0.00,100.10
1883,3,101,2,168.37,0.00,121.22
1884,1,70,3,125.90,0.00,46.58
1884,2,87,4,149.19,0.00,59.67
1884,3,104,5,172.48,0.00,74.16
1885,1,73,6,130.01,0.00,59.80
1885,2,90,7,153.30,0.00,75.11
1885,3,107,8,176.59,0.00,91.82
1886,1,76,1,134.12,0.00,73.76
1886,2,93,2,157.41,0.00,91.29
1886,3,110,3,180.70,0.00,110.22
1887,1,79,4,138.23,0.00,88.46
1887,2,96,5,161.52,0.00,108.21
1887,3,1,6,31.37,0.00,21.95
1888,1,82,7,142.34,21.35,49.81
1888,2,99,8,165.63,33.12,62.93
1888,3,4,1,35.48,8.87,14.54
1889,1,85,2,146.45,7.32,64.43
1889,2,102,3,169.74,16.97,79.77
1889,3,7,4,39.59,5.93,19.79
1890,1,88,5,150.56,30.11,79.79
1890,2,105,6,173.85,43.46,97.35
1890,3,10,7,43.70,2.18,25.78
1891,1,91,8,154.67,15.46,95.89
1891,2,108,1,177.96,26.69,115.67
1891,3,13,2,47.81,9.56,32.51
1892,1,94,3,158.78,39.69,112.73
1892,2,111,4,182.07,9.10,65.54
1892,3,16,5,51.92,5.19,20.24
1893,1,97,6,162.89,24.43,68.41
1893,2,2,7,32.74,6.54,14.73
1893,3,19,8,56.03,14.00,26.89
1894,1,100,1,167.00,8.35,85.17
1894,2,5,2,36.85,3.68,19.89
1894,3,22,3,60.14,9.02,34.27
1895,1,103,4,171.11,34.22,102.66
1895,2,8,5,40.96,10.24,25.80
1895,3,25,6,64.25,3.21,42.40
1896,1,106,7,175.22,17.52,120.90
1896,2,11,8,45.07,6.76,32.45
1896,3,28,1,68.36,13.67,25.29
1897,1,109,2,179.33,44.83,71.73
1897,2,14,3,49.18,2.45,21.14
1897,3,31,4,72.47,7.24,33.33
1898,1,112,5,183.44,27.51,89.88
1898,2,17,6,53.29,10.65,27.71
1898,3,34,7,76.58,19.14,42.11
1899,1,3,8,34.11,1.70,19.78
1899,2,20,1,57.40,5.74,35.01
1899,3,37,2,80.69,12.10,51.64
1900,1,6,3,38.22,7.64,25.60
1900,2,23,4,61.51,15.37,43.05
1900,3,40,5,84.80,0.00,29.68
1901,1,9,6,42.33,0.00,16.08
1901,2,26,7,65.62,0.00,26.90
1901,3,43,8,88.91,0.00,39.12
1902,1,12,1,46.44,0.00,21.82
1902,2,29,2,69.73,0.00,34.86
1902,3,46,3,93.02,0.00,49.30
1903,1,15,4,50.55,0.00,28.30
1903,2,32,5,73.84,0.00,43.56
1903,3,49,6,97.13,0.00,60.22
1904,1,18,7,54.66,0.00,35.52
1904,2,35,8,77.95,0.00,53.00
1904,3,52,1,101.24,0.00,71.88
1905,1,21,2,58.77,0.00,21.15
1905,2,38,3,82.06,0.00,32.00
1905,3,55,4,105.35,0.00,44.24
1906,1,24,5,62.88,0.00,28.29
1906,2,41,6,86.17,0.00,41.36
1906,3,58,7,109.46,0.00,55.82
1907,1,27,8,66.99,0.00,36.17
1907,2,44,1,90.28,0.00,51.45
1907,3,61,2,113.57,0.00,68.14
1908,1,30,3,71.10,0.00,44.79
1908,2,47,4,94.39,0.00,62.29
1908,3,64,5,117.68,0.00,81.19
1909,1,33,6,75.21,0.00,54.15
1909,2,50,7,98.50,0.00,36.44
1909,3,67,8,121.79,0.00,48.71
1910,1,36,1,79.32,0.00,34.10
1910,2,53,2,102.61,0.00,47.20
1910,3,70,3,125.90,0.00,61.69
1911,1,39,4,83.43,0.00,43.38
1911,2,56,5,106.72,0.00,58.69
1911,3,73,6,130.01,0.00,75.40
1912,1,42,7,87.54,0.00,53.39
1912,2,59,8,110.83,0.00,70.93
1912,3,76,1,134.12,0.00,89.86
1913,1,45,2,91.65,0.00,64.15
1913,2,62,3,114.94,0.00,40.22
1913,3,79,4,138.23,0.00,52.52
1914,1,48,5,95.76,0.00,39.26
1914,2,65,6,119.05,0.00,52.38
1914,3,82,7,142.34,0.00,66.89
1915,1,51,8,99.87,0.00,49.93
1915,2,68,1,123.16,0.00,65.27
1915,3,85,2,146.45,0.00,82.01
1916,1,54,3,103.98,0.00,61.34
1916,2,71,4,127.27,0.00,78.90
1916,3,88,5,150.56,0.00,97.86
1917,1,57,6,108.09,0.00,73.50
1917,2,74,7,131.38,0.00,93.27
1917,3,91,8,154.67,0.00,55.68
1918,1,60,1,112.20,0.00,43.75
1918,2,77,2,135.49,0.00,56.90
1918,3,94,3,158.78,0.00,71.45
1919,1,63,4,116.31,0.00,55.82
1919,2,80,5,139.60,0.00,71.19
1919,3,97,6,162.89,0.00,87.96
1920,1,66,7,120.42,0.00,68.63
1920,2,83,8,143.71,0.00,86.22
1920,3,100,1,167.00,0.00,105.21
1921,1,69,2,124.53,0.00,82.18
1921,2,86,3,147.82,22.17,101.99
1921,3,103,4,171.11,34.22,123.19
1922,1,72,5,128.64,32.16,47.59
1922,2,89,6,151.93,7.59,60.77
1922,3,106,7,175.22,17.52,75.34
1923,1,75,8,132.75,19.91,61.06
1923,2,92,1,156.04,31.20,76.45
1923,3,109,2,179.33,44.83,93.25
1924,1,78,3,136.86,6.84,75.27
1924,2,95,4,160.15,16.01,92.88
1924,3,112,5,183.44,27.51,111.89
1925,1,81,6,140.97,28.19,90.22
1925,2,98,7,164.26,41.06,110.05
1925,3,3,8,34.11,1.70,23.87
1926,1,84,1,145.08,14.50,50.77
1926,2,101,2,168.37,25.25,63.98
1926,3,6,3,38.22,7.64,15.67
1927,1,87,4,149.19,37.29,65.64
1927,2,104,5,172.48,8.62,81.06
1927,3,9,6,42.33,4.23,21.16
1928,1,90,7,153.30,22.99,81.24
1928,2,107,8,176.59,35.31,98.89
1928,3,12,1,46.44,11.61,27.39
1929,1,93,2,157.41,7.87,97.59
1929,2,110,3,180.70,18.07,117.45
1929,3,15,4,50.55,7.58,34.37
1930,1,96,5,161.52,32.30,114.67
1930,2,1,6,31.37,7.84,11.29
1930,3,18,7,54.66,2.73,21.31
1931,1,99,8,165.63,16.56,69.56
1931,2,4,1,35.48,5.32,15.96
1931,3,21,2,58.77,11.75,28.20
1932,1,102,3,169.74,42.43,86.56
1932,2,7,4,39.59,1.97,21.37
1932,3,24,5,62.88,6.28,35.84
1933,1,105,6,173.85,26.07,104.31
1933,2,10,7,43.70,8.74,27.53
1933,3,27,8,66.99,16.74,44.21
1934,1,108,1,177.96,0.00,122.79
1934,2,13,2,47.81,0.00,34.42
1934,3,30,3,71.10,0.00,26.30
1935,1,111,4,182.07,0.00,72.82
1935,2,16,5,51.92,0.00,22.32
1935,3,33,6,75.21,0.00,34.59
1936,1,2,7,32.74,0.00,16.04
1936,2,19,8,56.03,0.00,29.13
1936,3,36,1,79.32,0.00,43.62
1937,1,5,2,36.85,0.00,21.37
1937,2,22,3,60.14,0.00,36.68
1937,3,39,4,83.43,0.00,53.39
1938,1,8,5,40.96,0.00,27.44
1938,2,25,6,64.25,0.00,44.97
1938,3,42,7,87.54,0.00,30.63
1939,1,11,8,45.07,0.00,17.12
1939,2,28,1,68.36,0.00,28.02
1939,3,45,2,91.65,0.00,40.32
1940,1,14,3,49.18,0.00,23.11
1940,2,31,4,72.47,0.00,36.23
1940,3,48,5,95.76,0.00,50.75
1941,1,17,6,53.29,0.00,29.84
1941,2,34,7,76.58,0.00,45.18
1941,3,51,8,99.87,0.00,61.91
1942,1,20,1,57.40,0.00,37.31
1942,2,37,2,80.69,0.00,54.86
1942,3,54,3,103.98,0.00,73.82
1943,1,23,4,61.51,0.00,22.14
1943,2,40,5,84.80,0.00,33.07
1943,3,57,6,108.09,0.00,45.39
1944,1,26,7,65.62,0.00,29.52
1944,2,43,8,88.91,0.00,42.67
1944,3,60,1,112.20,0.00,57.22
1945,1,29,2,69.73,0.00,37.65
1945,2,46,3,93.02,0.00,53.02
1945,3,63,4,116.31,0.00,69.78
1946,1,32,5,73.84,0.00,46.51
1946,2,49,6,97.13,0.00,64.10
1946,3,66,7,120.42,0.00,83.08
1947,1,35,8,77.95,0.00,56.12
1947,2,52,1,101.24,0.00,37.45
1947,3,69,2,124.53,0.00,49.81
1948,1,38,3,82.06,0.00,35.28
1948,2,55,4,105.35,0.00,48.46
1948,3,72,5,128.64,0.00,63.03
1949,1,41,6,86.17,0.00,44.80
1949,2,58,7,109.46,0.00,60.20
1949,3,75,8,132.75,0.00,76.99
1950,1,44,1,90.28,0.00,55.07
1950,2,61,2,113.57,0.00,72.68
1950,3,78,3,136.86,0.00,91.69
1951,1,47,4,94.39,0.00,66.07
1951,2,64,5,117.68,0.00,41.18
1951,3,81,6,140.97,0.00,53.56
1952,1,50,7,98.50,0.00,40.38
1952,2,67,8,121.79,0.00,53.58
1952,3,84,1,145.08,0.00,68.18
1953,1,53,2,102.61,0.00,51.30
1953,2,70,3,125.90,0.00,66.72
1953,3,87,4,149.19,0.00,83.54
1954,1,56,5,106.72,0.00,62.96
1954,2,73,6,130.01,0.00,80.60
1954,3,90,7,153.30,22.99,99.64
1955,1,59,8,110.83,22.16,75.36
1955,2,76,1,134.12,33.53,95.22
1955,3,93,2,157.41,7.87,56.66
1956,1,62,3,114.94,11.49,44.82
1956,2,79,4,138.23,20.73,58.05
1956,3,96,5,161.52,32.30,72.68
1957,1,65,6,119.05,29.76,57.14
1957,2,82,7,142.34,7.11,72.59
1957,3,99,8,165.63,16.56,89.44
1958,1,68,1,123.16,18.47,70.20
1958,2,85,2,146.45,29.29,87.87
1958,3,102,3,169.74,42.43,106.93
1959,1,71,4,127.27,6.36,83.99
1959,2,88,5,150.56,15.05,103.88
1959,3,105,6,173.85,26.07,125.17
1960,1,74,7,131.38,26.27,48.61
1960,2,91,8,154.67,38.66,61.86
1960,3,108,1,177.96,8.89,76.52
1961,1,77,2,135.49,13.54,62.32
1961,2,94,3,158.78,23.81,77.80
1961,3,111,4,182.07,36.41,94.67
1962,1,80,5,139.60,34.90,76.78
1962,2,97,6,162.89,8.14,94.47
1962,3,2,7,32.74,3.27,19.97
1963,1,83,8,143.71,21.55,91.97
1963,2,100,1,167.00,33.40,111.89
1963,3,5,2,36.85,9.21,25.79
1964,1,86,3,147.82,7.39,51.73
1964,2,103,4,171.11,17.11,65.02
1964,3,8,5,40.96,6.14,16.79
1965,1,89,6,151.93,30.38,66.84
1965,2,106,7,175.22,43.80,82.35
1965,3,11,8,45.07,2.25,22.53
1966,1,92,1,156.04,15.60,82.70
1966,2,109,2,179.33,26.89,100.42
1966,3,14,3,49.18,9.83,29.01
1967,1,95,4,160.15,40.03,99.29
1967,2,112,5,183.44,0.00,119.23
1967,3,17,6,53.29,0.00,36.23
1968,1,98,7,164.26,0.00,116.62
1968,2,3,8,34.11,0.00,12.27
1968,3,20,1,57.40,0.00,22.38
1969,1,101,2,168.37,0.00,70.71
1969,2,6,3,38.22,0.00,17.19
1969,3,23,4,61.51,0.00,29.52
1970,1,104,5,172.48,0.00,87.96
1970,2,9,6,42.33,0.00,22.85
1970,3,26,7,65.62,0.00,37.40
1971,1,107,8,176.59,0.00,105.95
1971,2,12,1,46.44,0.00,29.25
1971,3,29,2,69.73,0.00,46.02
1972,1,110,3,180.70,0.00,124.68
1972,2,15,4,50.55,0.00,36.39
1972,3,32,5,73.84,0.00,27.32
1973,1,1,6,31.37,0.00,12.54
1973,2,18,7,54.66,0.00,23.50
1973,3,35,8,77.95,0.00,35.85
1974,1,4,1,35.48,0.00,17.38
1974,2,21,2,58.77,0.00,30.56
1974,3,38,3,82.06,0.00,45.13
1975,1,7,4,39.59,0.00,22.96
1975,2,24,5,62.88,0.00,38.35
1975,3,41,6,86.17,0.00,55.14
1976,1,10,7,43.70,0.00,29.27
1976,2,27,8,66.99,0.00,46.89
1976,3,44,1,90.28,0.00,31.59
1977,1,13,2,47.81,0.00,18.16
1977,2,30,3,71.10,0.00,29.15
1977,3,47,4,94.39,0.00,41.53
1978,1,16,5,51.92,0.00,24.40
1978,2,33,6,75.21,0.00,37.60
1978,3,50,7,98.50,0.00,52.20
1979,1,19,8,56.03,0.00,31.37
1979,2,36,1,79.32,0.00,46.79
1979,3,53,2,102.61,0.00,63.61
1980,1,22,3,60.14,0.00,39.09
1980,2,39,4,83.43,0.00,56.73
1980,3,56,5,106.72,0.00,75.77
1981,1,25,6,64.25,0.00,23.13
1981,2,42,7,87.54,0.00,34.14
1981,3,59,8,110.83,0.00,46.54
1982,1,28,1,68.36,0.00,30.76
1982,2,45,2,91.65,0.00,43.99
1982,3,62,3,114.94,0.00,58.61
1983,1,31,4,72.47,0.00,39.13
1983,2,48,5,95.76,0.00,54.58
1983,3,65,6,119.05,0.00,71.43
1984,1,34,7,76.58,0.00,48.24
1984,2,51,8,99.87,0.00,65.91
1984,3,68,1,123.16,0.00,84.98
1985,1,37,2,80.69,0.00,58.09
1985,2,54,3,103.98,0.00,38.47
1985,3,71,4,127.27,0.00,50.90
1986,1,40,5,84.80,0.00,36.46
1986,2,57,6,108.09,0.00,49.72
1986,3,74,7,131.38,0.00,64.37
1987,1,43,8,88.91,0.00,46.23
1987,2,60,1,112.20,0.00,61.71
1987,3,77,2,135.49,0.00,78.58
1988,1,46,3,93.02,13.95,56.74
1988,2,63,4,116.31,23.26,74.43
1988,3,80,5,139.60,34.90,93.53
1989,1,49,6,97.13,4.85,67.99
1989,2,66,7,120.42,12.04,42.14
1989,3,83,8,143.71,21.55,54.60
1990,1,52,1,101.24,20.24,41.50
1990,2,69,2,124.53,31.13,54.79
1990,3,86,3,147.82,7.39,69.47
1991,1,55,4,105.35,10.53,52.67
1991,2,72,5,128.64,19.29,68.17
1991,3,89,6,151.93,30.38,85.08
1992,1,58,7,109.46,27.36,64.58
1992,2,75,8,132.75,6.63,82.30
1992,3,92,1,156.04,15.60,101.42
1993,1,61,2,113.57,17.03,77.22
1993,2,78,3,136.86,27.37,97.17
1993,3,95,4,160.15,40.03,57.65
1994,1,64,5,117.68,5.88,45.89
1994,2,81,6,140.97,14.09,59.20
1994,3,98,7,164.26,24.63,73.91
1995,1,67,8,121.79,24.35,58.45
1995,2,84,1,145.08,36.27,73.99
1995,3,101,2,168.37,8.41,90.91
1996,1,70,3,125.90,12.59,71.76
1996,2,87,4,149.19,22.37,89.51
1996,3,104,5,172.48,34.49,108.66
1997,1,73,6,130.01,32.50,85.80
1997,2,90,7,153.30,7.66,105.77
1997,3,107,8,176.59,17.65,127.14
1998,1,76,1,134.12,20.11,49.62
1998,2,93,2,157.41,31.48,62.96
1998,3,110,3,180.70,45.17,77.70
1999,1,79,4,138.23,6.91,63.58
1999,2,96,5,161.52,16.15,79.14
1999,3,1,6,31.37,4.70,16.31
2000,1,82,7,142.34,28.46,78.28
2000,2,99,8,165.63,41.40,96.06
2000,3,4,1,35.48,0.00,21.64
2001,1,85,2,146.45,0.00,93.72
2001,2,102,3,169.74,0.00,113.72
2001,3,7,4,39.59,0.00,27.71
2002,1,88,5,150.56,0.00,52.69
2002,2,105,6,173.85,0.00,66.06
2002,3,10,7,43.70,0.00,17.91
2003,1,91,8,154.67,0.00,68.05
2003,2,108,1,177.96,0.00,83.64
2003,3,13,2,47.81,0.00,23.90
2004,1,94,3,158.78,0.00,84.15
2004,2,111,4,182.07,0.00,101.95
2004,3,16,5,51.92,0.00,30.63
2005,1,97,6,162.89,0.00,100.99
2005,2,2,7,32.74,0.00,21.28
2005,3,19,8,56.03,0.00,38.10
2006,1,100,1,167.00,0.00,118.57
2006,2,5,2,36.85,0.00,13.26
2006,3,22,3,60.14,0.00,23.45
2007,1,103,4,171.11,0.00,71.86
2007,2,8,5,40.96,0.00,18.43
2007,3,25,6,64.25,0.00,30.84
2008,1,106,7,175.22,0.00,89.36
2008,2,11,8,45.07,0.00,24.33
2008,3,28,1,68.36,0.00,38.96
2009,1,109,2,179.33,0.00,107.59
2009,2,14,3,49.18,0.00,30.98
2009,3,31,4,72.47,0.00,47.83
2010,1,112,5,183.44,0.00,126.57
2010,2,17,6,53.29,0.00,38.36
2010,3,34,7,76.58,0.00,28.33
2011,1,3,8,34.11,0.00,13.64
2011,2,20,1,57.40,0.00,24.68
2011,3,37,2,80.69,0.00,37.11
2012,1,6,3,38.22,0.00,18.72
2012,2,23,4,61.51,0.00,31.98
2012,3,40,5,84.80,0.00,46.64
2013,1,9,6,42.33,0.00,24.55
2013,2,26,7,65.62,0.00,40.02
2013,3,43,8,88.91,0.00,56.90
2014,1,12,1,46.44,0.00,31.11
2014,2,29,2,69.73,0.00,48.81
2014,3,46,3,93.02,0.00,32.55
2015,1,15,4,50.55,0.00,19.20
2015,2,32,5,73.84,0.00,30.27
2015,3,49,6,97.13,0.00,42.73
2016,1,18,7,54.66,0.00,25.69
2016,2,35,8,77.95,0.00,38.97
2016,3,52,1,101.24,0.00,53.65
2017,1,21,2,58.77,0.00,32.91
2017,2,38,3,82.06,0.00,48.41
2017,3,55,4,105.35,0.00,65.31
2018,1,24,5,62.88,0.00,40.87
2018,2,41,6,86.17,0.00,58.59
2018,3,58,7,109.46,0.00,77.71
2019,1,27,8,66.99,0.00,24.11
2019,2,44,1,90.28,0.00,35.20
2019,3,61,2,113.57,0.00,47.69
2020,1,30,3,71.10,0.00,31.99
2020,2,47,4,94.39,0.00,45.30
2020,3,64,5,117.68,0.00,60.01
2021,1,33,6,75.21,0.00,40.61
2021,2,50,7,98.50,14.77,56.14
2021,3,67,8,121.79,24.35,73.07
2022,1,36,1,79.32,19.83,49.97
2022,2,53,2,102.61,5.13,67.72
2022,3,70,3,125.90,12.59,86.87
2023,1,39,4,83.43,12.51,60.06
2023,2,56,5,106.72,21.34,39.48
2023,3,73,6,130.01,32.50,52.00
2024,1,42,7,87.54,4.37,37.64
2024,2,59,8,110.83,11.08,50.98
2024,3,76,1,134.12,20.11,65.71
2025,1,45,2,91.65,18.33,47.65
2025,2,62,3,114.94,28.73,63.21
2025,3,79,4,138.23,6.91,80.17
2026,1,48,5,95.76,9.57,58.41
2026,2,65,6,119.05,17.85,76.19
2026,3,82,7,142.34,28.46,95.36
2027,1,51,8,99.87,24.96,69.90
2027,2,68,1,123.16,6.15,43.10
2027,3,85,2,146.45,14.64,55.65
2028,1,54,3,103.98,15.59,42.63
2028,2,71,4,127.27,25.45,55.99
2028,3,88,5,150.56,37.64,70.76
2029,1,57,6,108.09,5.40,54.04
2029,2,74,7,131.38,13.13,69.63
2029,3,91,8,154.67,23.20,86.61
2030,1,60,1,112.20,22.44,66.19
2030,2,77,2,135.49,33.87,84.00
2030,3,94,3,158.78,7.93,103.20
2031,1,63,4,116.31,11.63,79.09
2031,2,80,5,139.60,20.94,99.11
2031,3,97,6,162.89,32.57,58.64
2032,1,66,7,120.42,30.10,46.96
2032,2,83,8,143.71,7.18,60.35
2032,3,100,1,167.00,16.70,75.15
2033,1,69,2,124.53,18.67,59.77
2033,2,86,3,147.82,29.56,75.38
2033,3,103,4,171.11,42.77,92.39
2034,1,72,5,128.64,0.00,73.32
2034,2,89,6,151.93,0.00,91.15
2034,3,106,7,175.22,0.00,110.38
2035,1,75,8,132.75,0.00,87.61
2035,2,92,1,156.04,0.00,107.66
2035,3,109,2,179.33,0.00,129.11
2036,1,78,3,136.86,0.00,50.63
2036,2,95,4,160.15,0.00,64.06
2036,3,112,5,183.44,0.00,78.87
2037,1,81,6,140.97,0.00,64.84
2037,2,98,7,164.26,0.00,80.48
2037,3,3,8,34.11,0.00,17.73
2038,1,84,1,145.08,0.00,79.79
2038,2,101,2,168.37,0.00,97.65
2038,3,6,3,38.22,0.00,23.31
2039,1,87,4,149.19,0.00,95.48
2039,2,104,5,172.48,0.00,115.56
2039,3,9,6,42.33,0.00,29.63
2040,1,90,7,153.30,0.00,53.65
2040,2,107,8,176.59,0.00,67.10
2040,3,12,1,46.44,0.00,19.04
2041,1,93,2,157.41,0.00,69.26
2041,2,110,3,180.70,0.00,84.92
2041,3,15,4,50.55,0.00,25.27
2042,1,96,5,161.52,0.00,85.60
2042,2,1,6,31.37,0.00,17.56
2042,3,18,7,54.66,0.00,32.24
2043,1,99,8,165.63,0.00,102.69
2043,2,4,1,35.48,0.00,23.06
2043,3,21,2,58.77,0.00,39.96
2044,1,102,3,169.74,0.00,120.51
2044,2,7,4,39.59,0.00,14.25
2044,3,24,5,62.88,0.00,24.52
2045,1,105,6,173.85,0.00,73.01
2045,2,10,7,43.70,0.00,19.66
2045,3,27,8,66.99,0.00,32.15
2046,1,108,1,177.96,0.00,90.75
2046,2,13,2,47.81,0.00,25.81
2046,3,30,3,71.10,0.00,40.52
2047,1,111,4,182.07,0.00,109.24
2047,2,16,5,51.92,0.00,32.70
2047,3,33,6,75.21,0.00,49.63
2048,1,2,7,32.74,0.00,22.59
2048,2,19,8,56.03,0.00,40.34
2048,3,36,1,79.32,0.00,29.34
2049,1,5,2,36.85,0.00,14.74
2049,2,22,3,60.14,0.00,25.86
2049,3,39,4,83.43,0.00,38.37
2050,1,8,5,40.96,0.00,20.07
2050,2,25,6,64.25,0.00,33.41
2050,3,42,7,87.54,0.00,48.14
2051,1,11,8,45.07,0.00,26.14
2051,2,28,1,68.36,0.00,41.69
2051,3,45,2,91.65,0.00,58.65
2052,1,14,3,49.18,0.00,32.95
2052,2,31,4,72.47,0.00,50.72
2052,3,48,5,95.76,0.00,33.51
2053,1,17,6,53.29,0.00,20.25
2053,2,34,7,76.58,0.00,31.39
2053,3,51,8,99.87,0.00,43.94
2054,1,20,1,57.40,0.00,26.97
2054,2,37,2,80.69,0.00,40.34
2054,3,54,3,103.98,15.59,55.10
2055,1,23,4,61.51,12.30,34.44
2055,2,40,5,84.80,21.20,50.03
2055,3,57,6,108.09,5.40,67.01
2056,1,26,7,65.62,6.56,42.65
2056,2,43,8,88.91,13.33,60.45
2056,3,60,1,112.20,22.44,79.66
2057,1,29,2,69.73,17.43,25.10
2057,2,46,3,93.02,4.65,36.27
2057,3,63,4,116.31,11.63,48.85
2058,1,32,5,73.84,11.07,33.22
2058,2,49,6,97.13,19.42,46.62
2058,3,66,7,120.42,30.10,61.41
2059,1,35,8,77.95,3.89,42.09
2059,2,52,1,101.24,10.12,57.70
2059,3,69,2,124.53,18.67,74.71
2060,1,38,3,82.06,16.41,51.69
2060,2,55,4,105.35,26.33,69.53
2060,3,72,5,128.64,6.43,88.76
2061,1,41,6,86.17,8.61,62.04
2061,2,58,7,109.46,16.41,40.50
2061,3,75,8,132.75,26.55,53.10
2062,1,44,1,90.28,22.57,38.82
2062,2,61,2,113.57,5.67,52.24
2062,3,78,3,136.86,13.68,67.06
2063,1,47,4,94.39,14.15,49.08
2063,2,64,5,117.68,23.53,64.72
2063,3,81,6,140.97,35.24,81.76
2064,1,50,7,98.50,4.92,60.08
2064,2,67,8,121.79,12.17,77.94
2064,3,84,1,145.08,21.76,97.20
2065,1,53,2,102.61,20.52,71.82
2065,2,70,3,125.90,31.47,44.06
2065,3,87,4,149.19,7.45,56.69
2066,1,56,5,106.72,10.67,43.75
2066,2,73,6,130.01,19.50,57.20
2066,3,90,7,153.30,30.66,72.05
2067,1,59,8,110.83,27.70,55.41
2067,2,76,1,134.12,0.00,71.08
2067,3,93,2,157.41,0.00,88.14
2068,1,62,3,114.94,0.00,67.81
2068,2,79,4,138.23,0.00,85.70
2068,3,96,5,161.52,0.00,104.98
2069,1,65,6,119.05,0.00,80.95
2069,2,82,7,142.34,0.00,101.06
2069,3,99,8,165.63,0.00,59.62
2070,1,68,1,123.16,0.00,48.03
2070,2,85,2,146.45,0.00,61.50
2070,3,102,3,169.74,0.00,76.38
2071,1,71,4,127.27,0.00,61.08
2071,2,88,5,150.56,0.00,76.78
2071,3,105,6,173.85,0.00,93.87
2072,1,74,7,131.38,0.00,74.88
2072,2,91,8,154.67,0.00,92.80
2072,3,108,1,177.96,0.00,112.11
2073,1,77,2,135.49,0.00,89.42
2073,2,94,3,158.78,0.00,109.55
2073,3,111,4,182.07,0.00,131.09
2074,1,80,5,139.60,0.00,51.65
2074,2,97,6,162.89,0.00,65.15
2074,3,2,7,32.74,0.00,14.07
2075,1,83,8,143.71,0.00,66.10
2075,2,100,1,167.00,0.00,81.83
2075,3,5,2,36.85,0.00,19.16
2076,1,86,3,147.82,0.00,81.30
2076,2,103,4,171.11,0.00,99.24
2076,3,8,5,40.96,0.00,24.98
2077,1,89,6,151.93,0.00,97.23
2077,2,106,7,175.22,0.00,117.39
2077,3,11,8,45.07,0.00,31.54
2078,1,92,1,156.04,0.00,54.61
2078,2,109,2,179.33,0.00,68.14
2078,3,14,3,49.18,0.00,20.16
2079,1,95,4,160.15,0.00,70.46
2079,2,112,5,183.44,0.00,86.21
2079,3,17,6,53.29,0.00,26.64
2080,1,98,7,164.26,0.00,87.05
2080,2,3,8,34.11,0.00,19.10
2080,3,20,1,57.40,0.00,33.86
2081,1,101,2,168.37,0.00,104.38
2081,2,6,3,38.22,0.00,24.84
2081,3,23,4,61.51,0.00,41.82
2082,1,104,5,172.48,0.00,122.46
2082,2,9,6,42.33,0.00,15.23
2082,3,26,7,65.62,0.00,25.59
2083,1,107,8,176.59,0.00,74.16
2083,2,12,1,46.44,0.00,20.89
2083,3,29,2,69.73,0.00,33.47
2084,1,110,3,180.70,0.00,92.15
2084,2,15,4,50.55,0.00,27.29
2084,3,32,5,73.84,0.00,42.08
2085,1,1,6,31.37,0.00,18.82
2085,2,18,7,54.66,0.00,34.43
2085,3,35,8,77.95,0.00,51.44
2086,1,4,1,35.48,0.00,24.48
2086,2,21,2,58.77,0.00,42.31
2086,3,38,3,82.06,0.00,30.36
2087,1,7,4,39.59,0.00,15.83
2087,2,24,5,62.88,0.00,27.03
2087,3,41,6,86.17,0.00,39.63
2088,1,10,7,43.70,6.55,21.41
2088,2,27,8,66.99,13.39,34.83
2088,3,44,1,90.28,22.57,49.65
2089,1,13,2,47.81,2.39,27.72
2089,2,30,3,71.10,7.11,43.37
2089,3,47,4,94.39,14.15,60.40
2090,1,16,5,51.92,10.38,34.78
2090,2,33,6,75.21,18.80,52.64
2090,3,50,7,98.50,4.92,34.47
2091,1,19,8,56.03,5.60,21.29
2091,2,36,1,79.32,11.89,32.52
2091,3,53,2,102.61,20.52,45.14
2092,1,22,3,60.14,15.03,28.26
2092,2,39,4,83.43,4.17,41.71
2092,3,56,5,106.72,10.67,56.56
2093,1,25,6,64.25,9.63,35.98
2093,2,42,7,87.54,17.50,51.64
2093,3,59,8,110.83,27.70,68.71
2094,1,28,1,68.36,3.41,44.43
2094,2,45,2,91.65,9.16,62.32
2094,3,62,3,114.94,17.24,81.60
2095,1,31,4,72.47,14.49,26.08
2095,2,48,5,95.76,23.94,37.34
2095,3,65,6,119.05,5.95,50.00
2096,1,34,7,76.58,7.65,34.46
2096,2,51,8,99.87,14.98,47.93
2096,3,68,1,123.16,24.63,62.81
2097,1,37,2,80.69,20.17,43.57
2097,2,54,3,103.98,5.19,59.26
2097,3,71,4,127.27,12.72,76.36
2098,1,40,5,84.80,12.72,53.42
2098,2,57,6,108.09,21.61,71.33
2098,3,74,7,131.38,32.84,90.65
2099,1,43,8,88.91,4.44,64.01
2099,2,60,1,112.20,11.22,41.51
2099,3,77,2,135.49,20.32,54.19
2100,1,46,3,93.02,18.60,39.99
2100,2,63,4,116.31,29.07,53.50
2100,3,80,5,139.60,0.00,68.40
2101,1,49,6,97.13,0.00,50.50
2101,2,66,7,120.42,0.00,66.23
2101,3,83,8,143.71,0.00,83.35
2102,1,52,1,101.24,0.00,61.75
2102,2,69,2,124.53,0.00,79.69
2102,3,86,3,147.82,0.00,99.03
2103,1,55,4,105.35,0.00,73.74
2103,2,72,5,128.64,0.00,45.02
2103,3,89,6,151.93,0.00,57.73
2104,1,58,7,109.46,0.00,44.87
2104,2,75,8,132.75,0.00,58.41
2104,3,92,1,156.04,0.00,73.33
2105,1,61,2,113.57,0.00,56.78
2105,2,78,3,136.86,0.00,72.53
2105,3,95,4,160.15,0.00,89.68
2106,1,64,5,117.68,0.00,69.43
2106,2,81,6,140.97,0.00,87.40
2106,3,98,7,164.26,0.00,106.76
2107,1,67,8,121.79,0.00,82.81
2107,2,84,1,145.08,0.00,103.00
2107,3,101,2,168.37,0.00,60.61
2108,1,70,3,125.90,0.00,49.10
2108,2,87,4,149.19,0.00,62.65
2108,3,104,5,172.48,0.00,77.61
2109,1,73,6,130.01,0.00,62.40
2109,2,90,7,153.30,0.00,78.18
2109,3,107,8,176.59,0.00,95.35
2110,1,76,1,134.12,0.00,76.44
2110,2,93,2,157.41,0.00,94.44
2110,3,110,3,180.70,0.00,113.84
2111,1,79,4,138.23,0.00,91.23
2111,2,96,5,161.52,0.00,111.44
2111,3,1,6,31.37,0.00,22.58
2112,1,82,7,142.34,0.00,52.66
2112,2,99,8,165.63,0.00,66.25
2112,3,4,1,35.48,0.00,15.25
2113,1,85,2,146.45,0.00,67.36
2113,2,102,3,169.74,0.00,83.17
2113,3,7,4,39.59,0.00,20.58
2114,1,88,5,150.56,0.00,82.80
2114,2,105,6,173.85,0.00,100.83
2114,3,10,7,43.70,0.00,26.65
2115,1,91,8,154.67,0.00,98.98
2115,2,108,1,177.96,0.00,119.23
2115,3,13,2,47.81,0.00,33.46
2116,1,94,3,158.78,0.00,55.57
2116,2,111,4,182.07,0.00,69.18
2116,3,16,5,51.92,0.00,21.28
2117,1,97,6,162.89,0.00,71.67
2117,2,2,7,32.74,0.00,15.38
2117,3,19,8,56.03,0.00,28.01
2118,1,100,1,167.00,0.00,88.51
2118,2,5,2,36.85,0.00,20.63
2118,3,22,3,60.14,0.00,35.48
2119,1,103,4,171.11,0.00,106.08
2119,2,8,5,40.96,0.00,26.62
2119,3,25,6,64.25,0.00,43.69
2120,1,106,7,175.22,0.00,124.40
2120,2,11,8,45.07,0.00,16.22
2120,3,28,1,68.36,0.00,26.66
2121,1,109,2,179.33,0.00,75.31
2121,2,14,3,49.18,7.37,22.13
2121,3,31,4,72.47,14.49,34.78
2122,1,112,5,183.44,45.86,93.55
2122,2,17,6,53.29,2.66,28.77
2122,3,34,7,76.58,7.65,43.65
2123,1,3,8,34.11,5.11,20.46
2123,2,20,1,57.40,11.48,36.16
2123,3,37,2,80.69,20.17,53.25
2124,1,6,3,38.22,1.91,26.37
2124,2,23,4,61.51,6.15,44.28
2124,3,40,5,84.80,12.72,31.37
2125,1,9,6,42.33,8.46,16.93
2125,2,26,7,65.62,16.40,28.21
2125,3,43,8,88.91,4.44,40.89
2126,1,12,1,46.44,4.64,22.75
2126,2,29,2,69.73,10.45,36.25
2126,3,46,3,93.02,18.60,51.16
2127,1,15,4,50.55,12.63,29.31
2127,2,32,5,73.84,3.69,45.04
2127,3,49,6,97.13,9.71,62.16
2128,1,18,7,54.66,8.19,36.62
2128,2,35,8,77.95,15.59,54.56
2128,3,52,1,101.24,25.31,35.43
2129,1,21,2,58.77,2.93,22.33
2129,2,38,3,82.06,8.20,33.64
2129,3,55,4,105.35,15.80,46.35
2130,1,24,5,62.88,12.57,29.55
2130,2,41,6,86.17,21.54,43.08
2130,3,58,7,109.46,5.47,58.01
2131,1,27,8,66.99,6.69,37.51
2131,2,44,1,90.28,13.54,53.26
2131,3,61,2,113.57,22.71,70.41
2132,1,30,3,71.10,17.77,46.21
2132,2,47,4,94.39,4.71,64.18
2132,3,64,5,117.68,11.76,83.55
2133,1,33,6,75.21,11.28,27.07
2133,2,50,7,98.50,19.70,38.41
2133,3,67,8,121.79,30.44,51.15
2134,1,36,1,79.32,0.00,35.69
2134,2,53,2,102.61,0.00,49.25
2134,3,70,3,125.90,0.00,64.20
2135,1,39,4,83.43,0.00,45.05
2135,2,56,5,106.72,0.00,60.83
2135,3,73,6,130.01,0.00,78.00
2136,1,42,7,87.54,0.00,55.15
2136,2,59,8,110.83,0.00,73.14
2136,3,76,1,134.12,0.00,92.54
2137,1,45,2,91.65,0.00,65.98
2137,2,62,3,114.94,0.00,42.52
2137,3,79,4,138.23,0.00,55.29
2138,1,48,5,95.76,0.00,41.17
2138,2,65,6,119.05,0.00,54.76
2138,3,82,7,142.34,0.00,69.74
2139,1,51,8,99.87,0.00,51.93
2139,2,68,1,123.16,0.00,67.73
2139,3,85,2,146.45,0.00,84.94
2140,1,54,3,103.98,0.00,63.42
2140,2,71,4,127.27,0.00,81.45
2140,3,88,5,150.56,0.00,100.87
2141,1,57,6,108.09,0.00,75.66
2141,2,74,7,131.38,0.00,45.98
2141,3,91,8,154.67,0.00,58.77
2142,1,60,1,112.20,0.00,46.00
2142,2,77,2,135.49,0.00,59.61
2142,3,94,3,158.78,0.00,74.62
2143,1,63,4,116.31,0.00,58.15
2143,2,80,5,139.60,0.00,73.98
2143,3,97,6,162.89,0.00,91.21
2144,1,66,7,120.42,0.00,71.04
2144,2,83,8,143.71,0.00,89.10
2144,3,100,1,167.00,0.00,108.55
2145,1,69,2,124.53,0.00,84.68
2145,2,86,3,147.82,0.00,104.95
2145,3,103,4,171.11,0.00,61.59
2146,1,72,5,128.64,0.00,50.16
2146,2,89,6,151.93,0.00,63.81
2146,3,106,7,175.22,0.00,78.84
2147,1,75,8,132.75,0.00,63.72
2147,2,92,1,156.04,0.00,79.58
2147,3,109,2,179.33,0.00,96.83
2148,1,78,3,136.86,0.00,78.01
2148,2,95,4,160.15,0.00,96.09
2148,3,112,5,183.44,0.00,115.56
2149,1,81,6,140.97,0.00,93.04
2149,2,98,7,164.26,0.00,113.33
2149,3,3,8,34.11,0.00,24.55
2150,1,84,1,145.08,0.00,53.67
2150,2,101,2,168.37,0.00,67.34
2150,3,6,3,38.22,0.00,16.43
2151,1,87,4,149.19,0.00,68.62
2151,2,104,5,172.48,0.00,84.51
2151,3,9,6,42.33,0.00,22.01
2152,1,90,7,153.30,0.00,84.31
2152,2,107,8,176.59,0.00,102.42
2152,3,12,1,46.44,0.00,28.32
2153,1,93,2,157.41,0.00,100.74
2153,2,110,3,180.70,0.00,121.06
2153,3,15,4,50.55,0.00,35.38
2154,1,96,5,161.52,0.00,56.53
2154,2,1,6,31.37,0.00,11.92
2154,3,18,7,54.66,8.19,22.41
2155,1,99,8,165.63,33.12,72.87
2155,2,4,1,35.48,8.87,16.67
2155,3,21,2,58.77,2.93,29.38
2156,1,102,3,169.74,16.97,89.96
2156,2,7,4,39.59,5.93,22.17
2156,3,24,5,62.88,12.57,37.09
2157,1,105,6,173.85,43.46,107.78
2157,2,10,7,43.70,2.18,28.40
2157,3,27,8,66.99,6.69,45.55
2158,1,108,1,177.96,26.69,126.35
2158,2,13,2,47.81,9.56,17.21
2158,3,30,3,71.10,17.77,27.72
2159,1,111,4,182.07,9.10,76.46
2159,2,16,5,51.92,5.19,23.36
2159,3,33,6,75.21,11.28,36.10
2160,1,2,7,32.74,6.54,16.69
2160,2,19,8,56.03,14.00,30.25
2160,3,36,1,79.32,3.96,45.21
2161,1,5,2,36.85,3.68,22.11
2161,2,22,3,60.14,9.02,37.88
2161,3,39,4,83.43,16.68,55.06
2162,1,8,5,40.96,10.24,28.26
2162,2,25,6,64.25,3.21,46.26
2162,3,42,7,87.54,8.75,32.38
2163,1,11,8,45.07,6.76,18.02
2163,2,28,1,68.36,13.67,29.39
2163,3,45,2,91.65,22.91,42.15
2164,1,14,3,49.18,2.45,24.09
2164,2,31,4,72.47,7.24,37.68
2164,3,48,5,95.76,14.36,52.66
2165,1,17,6,53.29,10.65,30.90
2165,2,34,7,76.58,19.14,46.71
2165,3,51,8,99.87,4.99,63.91
2166,1,20,1,57.40,5.74,38.45
2166,2,37,2,80.69,12.10,56.48
2166,3,54,3,103.98,20.79,36.39
2167,1,23,4,61.51,15.37,23.37
2167,2,40,5,84.80,0.00,34.76
2167,3,57,6,108.09,0.00,47.55
2168,1,26,7,65.62,0.00,30.84
2168,2,43,8,88.91,0.00,44.45
2168,3,60,1,112.20,0.00,59.46
2169,1,29,2,69.73,0.00,39.04
2169,2,46,3,93.02,0.00,54.88
2169,3,63,4,116.31,0.00,72.11
2170,1,32,5,73.84,0.00,47.99
2170,2,49,6,97.13,0.00,66.04
2170,3,66,7,120.42,0.00,85.49
2171,1,35,8,77.95,0.00,28.06
2171,2,52,1,101.24,0.00,39.48
2171,3,69,2,124.53,0.00,52.30
2172,1,38,3,82.06,0.00,36.92
2172,2,55,4,105.35,0.00,50.56
2172,3,72,5,128.64,0.00,65.60
2173,1,41,6,86.17,0.00,46.53
2173,2,58,7,109.46,0.00,62.39
2173,3,75,8,132.75,0.00,79.65
2174,1,44,1,90.28,0.00,56.87
2174,2,61,2,113.57,0.00,74.95
2174,3,78,3,136.86,0.00,94.43
2175,1,47,4,94.39,0.00,67.96
2175,2,64,5,117.68,0.00,43.54
2175,3,81,6,140.97,0.00,56.38
2176,1,50,7,98.50,0.00,42.35
2176,2,67,8,121.79,0.00,56.02
2176,3,84,1,145.08,0.00,71.08
2177,1,53,2,102.61,0.00,53.35
2177,2,70,3,125.90,0.00,69.24
2177,3,87,4,149.19,0.00,86.53
2178,1,56,5,106.72,0.00,65.09
2178,2,73,6,130.01,0.00,83.20
2178,3,90,7,153.30,0.00,102.71
2179,1,59,8,110.83,0.00,77.58
2179,2,76,1,134.12,0.00,46.94
2179,3,93,2,157.41,0.00,59.81
2180,1,62,3,114.94,0.00,47.12
2180,2,79,4,138.23,0.00,60.82
2180,3,96,5,161.52,0.00,75.91
2181,1,65,6,119.05,0.00,59.52
2181,2,82,7,142.34,0.00,75.44
2181,3,99,8,165.63,0.00,92.75
2182,1,68,1,123.16,0.00,72.66
2182,2,85,2,146.45,0.00,90.79
2182,3,102,3,169.74,0.00,110.33
2183,1,71,4,127.27,0.00,86.54
2183,2,88,5,150.56,0.00,106.89
2183,3,105,6,173.85,0.00,62.58
2184,1,74,7,131.38,0.00,51.23
2184,2,91,8,154.67,0.00,64.96
2184,3,108,1,177.96,0.00,80.08
2185,1,77,2,135.49,0.00,65.03
2185,2,94,3,158.78,0.00,80.97
2185,3,111,4,182.07,0.00,98.31
2186,1,80,5,139.60,0.00,79.57
2186,2,97,6,162.89,0.00,97.73
2186,3,2,7,32.74,0.00,20.62
2187,1,83,8,143.71,0.00,94.84
2187,2,100,1,167.00,0.00,115.23
2187,3,5,2,36.85,0.00,26.53
2188,1,86,3,147.82,22.17,54.69
2188,2,103,4,171.11,34.22,68.44
2188,3,8,5,40.96,10.24,17.61
2189,1,89,6,151.93,7.59,69.88
2189,2,106,7,175.22,17.52,85.85
2189,3,11,8,45.07,6.76,23.43
2190,1,92,1,156.04,31.20,85.82
2190,2,109,2,179.33,44.83,104.01
2190,3,14,3,49.18,2.45,29.99
2191,1,95,4,160.15,16.01,102.49
2191,2,112,5,183.44,27.51,122.90
2191,3,17,6,53.29,10.65,37.30
2192,1,98,7,164.26,41.06,57.49
2192,2,3,8,34.11,1.70,12.96
2192,3,20,1,57.40,5.74,23.53
2193,1,101,2,168.37,25.25,74.08
2193,2,6,3,38.22,7.64,17.96
2193,3,23,4,61.51,15.37,30.75
2194,1,104,5,172.48,8.62,91.41
2194,2,9,6,42.33,4.23,23.70
2194,3,26,7,65.62,9.84,38.71
2195,1,107,8,176.59,35.31,109.48
2195,2,12,1,46.44,11.61,30.18
2195,3,29,2,69.73,3.48,47.41
2196,1,110,3,180.70,18.07,128.29
2196,2,15,4,50.55,7.58,18.19
2196,3,32,5,73.84,14.76,28.79
2197,1,1,6,31.37,7.84,13.17
2197,2,18,7,54.66,2.73,24.59
2197,3,35,8,77.95,7.79,37.41
2198,1,4,1,35.48,5.32,18.09
2198,2,21,2,58.77,11.75,31.73
2198,3,38,3,82.06,20.51,46.77
2199,1,7,4,39.59,1.97,23.75
2199,2,24,5,62.88,6.28,39.61
2199,3,41,6,86.17,12.92,56.87
2200,1,10,7,43.70,8.74,30.15
2200,2,27,8,66.99,16.74,48.23
2200,3,44,1,90.28,0.00,33.40
2201,1,13,2,47.81,0.00,19.12
2201,2,30,3,71.10,0.00,30.57
2201,3,47,4,94.39,0.00,43.41
2202,1,16,5,51.92,0.00,25.44
2202,2,33,6,75.21,0.00,39.10
2202,3,50,7,98.50,0.00,54.17
2203,1,19,8,56.03,0.00,32.49
2203,2,36,1,79.32,0.00,48.38
2203,3,53,2,102.61,0.00,65.67
2204,1,22,3,60.14,0.00,40.29
2204,2,39,4,83.43,0.00,58.40
2204,3,56,5,106.72,0.00,37.35
2205,1,25,6,64.25,0.00,24.41
2205,2,42,7,87.54,0.00,35.89
2205,3,59,8,110.83,0.00,48.76
2206,1,28,1,68.36,0.00,32.12
2206,2,45,2,91.65,0.00,45.82
2206,3,62,3,114.94,0.00,60.91
2207,1,31,4,72.47,0.00,40.58
2207,2,48,5,95.76,0.00,56.49
2207,3,65,6,119.05,0.00,73.81
2208,1,34,7,76.58,0.00,49.77
2208,2,51,8,99.87,0.00,67.91
2208,3,68,1,123.16,0.00,87.44
2209,1,37,2,80.69,0.00,29.04
2209,2,54,3,103.98,0.00,40.55
2209,3,71,4,127.27,0.00,53.45
2210,1,40,5,84.80,0.00,38.16
2210,2,57,6,108.09,0.00,51.88
2210,3,74,7,131.38,0.00,67.00
2211,1,43,8,88.91,0.00,48.01
2211,2,60,1,112.20,0.00,63.95
2211,3,77,2,135.49,0.00,81.29
2212,1,46,3,93.02,0.00,58.60
2212,2,63,4,116.31,0.00,76.76
2212,3,80,5,139.60,0.00,96.32
2213,1,49,6,97.13,0.00,69.93
2213,2,66,7,120.42,0.00,44.55
2213,3,83,8,143.71,0.00,57.48
2214,1,52,1,101.24,0.00,43.53
2214,2,69,2,124.53,0.00,57.28
2214,3,86,3,147.82,0.00,72.43
2215,1,55,4,105.35,0.00,54.78
2215,2,72,5,128.64,0.00,70.75
2215,3,89,6,151.93,0.00,88.11
2216,1,58,7,109.46,0.00,66.77
2216,2,75,8,132.75,0.00,84.96
2216,3,92,1,156.04,0.00,104.54
2217,1,61,2,113.57,0.00,79.49
2217,2,78,3,136.86,0.00,47.90
2217,3,95,4,160.15,0.00,60.85
2218,1,64,5,117.68,0.00,48.24
2218,2,81,6,140.97,0.00,62.02
2218,3,98,7,164.26,0.00,77.20
2219,1,67,8,121.79,0.00,60.89
2219,2,84,1,145.08,0.00,76.89
2219,3,101,2,168.37,0.00,94.28
2220,1,70,3,125.90,0.00,74.28
2220,2,87,4,149.19,0.00,92.49
2220,3,104,5,172.48,0.00,112.11
2221,1,73,6,130.01,0.00,88.40
2221,2,90,7,153.30,22.99,108.84
2221,3,107,8,176.59,35.31,63.57
2222,1,76,1,134.12,33.53,52.30
2222,2,93,2,157.41,7.87,66.11
2222,3,110,3,180.70,18.07,81.31
2223,1,79,4,138.23,20.73,66.35
2223,2,96,5,161.52,32.30,82.37
2223,3,1,6,31.37,7.84,16.93
2224,1,82,7,142.34,7.11,81.13
2224,2,99,8,165.63,16.56,99.37
2224,3,4,1,35.48,5.32,22.35
2225,1,85,2,146.45,29.29,96.65
2225,2,102,3,169.74,42.43,117.12
2225,3,7,4,39.59,1.97,28.50
2226,1,88,5,150.56,15.05,55.70
2226,2,105,6,173.85,26.07,69.54
2226,3,10,7,43.70,8.74,18.79
2227,1,91,8,154.67,38.66,71.14
2227,2,108,1,177.96,8.89,87.20
2227,3,13,2,47.81,4.78,24.86
2228,1,94,3,158.78,23.81,87.32
2228,2,111,4,182.07,36.41,105.60
2228,3,16,5,51.92,12.98,31.67
2229,1,97,6,162.89,8.14,104.24
2229,2,2,7,32.74,3.27,21.93
2229,3,19,8,56.03,8.40,39.22
2230,1,100,1,167.00,33.40,58.45
2230,2,5,2,36.85,9.21,14.00
2230,3,22,3,60.14,3.00,24.65
2231,1,103,4,171.11,17.11,75.28
2231,2,8,5,40.96,6.14,19.25
2231,3,25,6,64.25,12.85,32.12
2232,1,106,7,175.22,43.80,92.86
2232,2,11,8,45.07,2.25,25.23
2232,3,28,1,68.36,6.83,40.33
2233,1,109,2,179.33,26.89,111.18
2233,2,14,3,49.18,9.83,31.96
2233,3,31,4,72.47,18.11,49.27
2234,1,112,5,183.44,0.00,130.24
2234,2,17,6,53.29,0.00,19.18
2234,3,34,7,76.58,0.00,29.86
2235,1,3,8,34.11,0.00,14.32
2235,2,20,1,57.40,0.00,25.83
2235,3,37,2,80.69,0.00,38.73
2236,1,6,3,38.22,0.00,19.49
2236,2,23,4,61.51,0.00,33.21
2236,3,40,5,84.80,0.00,48.33
2237,1,9,6,42.33,0.00,25.39
2237,2,26,7,65.62,0.00,41.34
2237,3,43,8,88.91,0.00,58.68
2238,1,12,1,46.44,0.00,32.04
2238,2,29,2,69.73,0.00,50.20
2238,3,46,3,93.02,0.00,34.41
2239,1,15,4,50.55,0.00,20.22
2239,2,32,5,73.84,0.00,31.75
2239,3,49,6,97.13,0.00,44.67
2240,1,18,7,54.66,0.00,26.78
2240,2,35,8,77.95,0.00,40.53
2240,3,52,1,101.24,0.00,55.68
2241,1,21,2,58.77,0.00,34.08
2241,2,38,3,82.06,0.00,50.05
2241,3,55,4,105.35,0.00,67.42
2242,1,24,5,62.88,0.00,42.12
2242,2,41,6,86.17,0.00,60.31
2242,3,58,7,109.46,0.00,38.31
2243,1,27,8,66.99,0.00,25.45
2243,2,44,1,90.28,0.00,37.01
2243,3,61,2,113.57,0.00,49.97
2244,1,30,3,71.10,0.00,33.41
2244,2,47,4,94.39,0.00,47.19
2244,3,64,5,117.68,0.00,62.37
2245,1,33,6,75.21,0.00,42.11
2245,2,50,7,98.50,0.00,58.11
2245,3,67,8,121.79,0.00,75.50
2246,1,36,1,79.32,0.00,51.55
2246,2,53,2,102.61,0.00,69.77
2246,3,70,3,125.90,0.00,89.38
2247,1,39,4,83.43,0.00,30.03
2247,2,56,5,106.72,0.00,41.62
2247,3,73,6,130.01,0.00,54.60
2248,1,42,7,87.54,0.00,39.39
2248,2,59,8,110.83,0.00,53.19
2248,3,76,1,134.12,0.00,68.40
2249,1,45,2,91.65,0.00,49.49
2249,2,62,3,114.94,0.00,65.51
2249,3,79,4,138.23,0.00,82.93
2250,1,48,5,95.76,0.00,60.32
2250,2,65,6,119.05,0.00,78.57
2250,3,82,7,142.34,0.00,98.21
2251,1,51,8,99.87,0.00,71.90
2251,2,68,1,123.16,0.00,45.56
2251,3,85,2,146.45,0.00,58.58
2252,1,54,3,103.98,0.00,44.71
2252,2,71,4,127.27,0.00,58.54
2252,3,88,5,150.56,0.00,73.77
2253,1,57,6,108.09,0.00,56.20
2253,2,74,7,131.38,0.00,72.25
2253,3,91,8,154.67,0.00,89.70
2254,1,60,1,112.20,0.00,68.44
2254,2,77,2,135.49,0.00,86.71
2254,3,94,3,158.78,23.81,106.38
2255,1,63,4,116.31,23.26,81.41
2255,2,80,5,139.60,34.90,48.86
2255,3,97,6,162.89,8.14,61.89
2256,1,66,7,120.42,12.04,49.37
2256,2,83,8,143.71,21.55,63.23
2256,3,100,1,167.00,33.40,78.49
2257,1,69,2,124.53,31.13,62.26
2257,2,86,3,147.82,7.39,78.34
2257,3,103,4,171.11,17.11,95.82
2258,1,72,5,128.64,19.29,75.89
2258,2,89,6,151.93,30.38,94.19
2258,3,106,7,175.22,43.80,113.89
2259,1,75,8,132.75,6.63,90.27
2259,2,92,1,156.04,15.60,110.78
2259,3,109,2,179.33,26.89,64.55
2260,1,78,3,136.86,27.37,53.37
2260,2,95,4,160.15,40.03,67.26
2260,3,112,5,183.44,9.17,82.54
2261,1,81,6,140.97,14.09,67.66
2261,2,98,7,164.26,24.63,83.77
2261,3,3,8,34.11,6.82,18.41
2262,1,84,1,145.08,36.27,82.69
2262,2,101,2,168.37,8.41,101.02
2262,3,6,3,38.22,3.82,24.07
2263,1,87,4,149.19,22.37,98.46
2263,2,104,5,172.48,34.49,119.01
2263,3,9,6,42.33,10.58,30.47
2264,1,90,7,153.30,7.66,56.72
2264,2,107,8,176.59,17.65,70.63
2264,3,12,1,46.44,6.96,19.96
2265,1,93,2,157.41,31.48,72.40
2265,2,110,3,180.70,45.17,88.54
2265,3,15,4,50.55,2.52,26.28
2266,1,96,5,161.52,16.15,88.83
2266,2,1,6,31.37,4.70,18.19
2266,3,18,7,54.66,10.93,33.34
2267,1,99,8,165.63,41.40,106.00
2267,2,4,1,35.48,0.00,23.77
2267,3,21,2,58.77,0.00,41.13
2268,1,102,3,169.74,0.00,59.40
2268,2,7,4,39.59,0.00,15.04
2268,3,24,5,62.88,0.00,25.78
2269,1,105,6,173.85,0.00,76.49
2269,2,10,7,43.70,0.00,20.53
2269,3,27,8,66.99,0.00,33.49
2270,1,108,1,177.96,0.00,94.31
2270,2,13,2,47.81,0.00,26.77
2270,3,30,3,71.10,0.00,41.94
2271,1,111,4,182.07,0.00,112.88
2271,2,16,5,51.92,0.00,33.74
2271,3,33,6,75.21,0.00,51.14
2272,1,2,7,32.74,0.00,23.24
2272,2,19,8,56.03,0.00,20.17
2272,3,36,1,79.32,0.00,30.93
2273,1,5,2,36.85,0.00,15.47
2273,2,22,3,60.14,0.00,27.06
2273,3,39,4,83.43,0.00,40.04
2274,1,8,5,40.96,0.00,20.88
2274,2,25,6,64.25,0.00,34.69
2274,3,42,7,87.54,0.00,49.89
2275,1,11,8,45.07,0.00,27.04
2275,2,28,1,68.36,0.00,43.06
2275,3,45,2,91.65,0.00,60.48
2276,1,14,3,49.18,0.00,33.93
2276,2,31,4,72.47,0.00,52.17
2276,3,48,5,95.76,0.00,35.43
2277,1,17,6,53.29,0.00,21.31
2277,2,34,7,76.58,0.00,32.92
2277,3,51,8,99.87,0.00,45.94
2278,1,20,1,57.40,0.00,28.12
2278,2,37,2,80.69,0.00,41.95
2278,3,54,3,103.98,0.00,57.18
2279,1,23,4,61.51,0.00,35.67
2279,2,40,5,84.80,0.00,51.72
2279,3,57,6,108.09,0.00,69.17
2280,1,26,7,65.62,0.00,43.96
2280,2,43,8,88.91,0.00,62.23
2280,3,60,1,112.20,0.00,39.27
2281,1,29,2,69.73,0.00,26.49
2281,2,46,3,93.02,0.00,38.13
2281,3,63,4,116.31,0.00,51.17
2282,1,32,5,73.84,0.00,34.70
2282,2,49,6,97.13,0.00,48.56
2282,3,66,7,120.42,0.00,63.82
2283,1,35,8,77.95,0.00,43.65
2283,2,52,1,101.24,0.00,59.73
2283,3,69,2,124.53,0.00,77.20
2284,1,38,3,82.06,0.00,53.33
2284,2,55,4,105.35,0.00,71.63
2284,3,72,5,128.64,0.00,91.33
2285,1,41,6,86.17,0.00,31.02
2285,2,58,7,109.46,0.00,42.68
2285,3,75,8,132.75,0.00,55.75
2286,1,44,1,90.28,0.00,40.62
2286,2,61,2,113.57,0.00,54.51
2286,3,78,3,136.86,0.00,69.79
2287,1,47,4,94.39,0.00,50.97
2287,2,64,5,117.68,0.00,67.07
2287,3,81,6,140.97,0.00,84.58
2288,1,50,7,98.50,14.77,62.05
2288,2,67,8,121.79,24.35,80.38
2288,3,84,1,145.08,36.27,100.10
2289,1,53,2,102.61,5.13,73.87
2289,2,70,3,125.90,12.59,46.58
2289,3,87,4,149.19,22.37,59.67
2290,1,56,5,106.72,21.34,45.88
2290,2,73,6,130.01,32.50,59.80
2290,3,90,7,153.30,7.66,75.11
2291,1,59,8,110.83,11.08,57.63
2291,2,76,1,134.12,20.11,73.76
2291,3,93,2,157.41,31.48,91.29
2292,1,62,3,114.94,28.73,70.11
2292,2,79,4,138.23,6.91,88.46
2292,3,96,5,161.52,16.15,108.21
2293,1,65,6,119.05,17.85,83.33
2293,2,82,7,142.34,28.46,49.81
2293,3,99,8,165.63,41.40,62.93
2294,1,68,1,123.16,6.15,50.49
2294,2,85,2,146.45,14.64,64.43
2294,3,102,3,169.74,25.46,79.77
2295,1,71,4,127.27,25.45,63.63
2295,2,88,5,150.56,37.64,79.79
2295,3,105,6,173.85,8.69,97.35
2296,1,74,7,131.38,13.13,77.51
2296,2,91,8,154.67,23.20,95.89
2296,3,108,1,177.96,35.59,115.67
2297,1,77,2,135.49,33.87,92.13
2297,2,94,3,158.78,7.93,112.73
2297,3,111,4,182.07,18.20,65.54
2298,1,80,5,139.60,20.94,54.44
2298,2,97,6,162.89,32.57,68.41
2298,3,2,7,32.74,8.18,14.73
2299,1,83,8,143.71,7.18,68.98
2299,2,100,1,167.00,16.70,85.17
2299,3,5,2,36.85,5.52,19.89
2300,1,86,3,147.82,29.56,84.25
2300,2,103,4,171.11,42.77,102.66
2300,3,8,5,40.96,0.00,25.80
2301,1,89,6,151.93,0.00,100.27
2301,2,106,7,175.22,0.00,120.90
2301,3,11,8,45.07,0.00,32.45
2302,1,92,1,156.04,0.00,57.73
2302,2,109,2,179.33,0.00,71.73
2302,3,14,3,49.18,0.00,21.14
2303,1,95,4,160.15,0.00,73.66
2303,2,112,5,183.44,0.00,89.88
2303,3,17,6,53.29,0.00,27.71
2304,1,98,7,164.26,0.00,90.34
2304,2,3,8,34.11,0.00,19.78
2304,3,20,1,57.40,0.00,35.01
2305,1,101,2,168.37,0.00,107.75
2305,2,6,3,38.22,0.00,25.60
2305,3,23,4,61.51,0.00,43.05
2306,1,104,5,172.48,0.00,60.36
2306,2,9,6,42.33,0.00,16.08
2306,3,26,7,65.62,0.00,26.90
2307,1,107,8,176.59,0.00,77.69
2307,2,12,1,46.44,0.00,21.82
2307,3,29,2,69.73,0.00,34.86
2308,1,110,3,180.70,0.00,95.77
2308,2,15,4,50.55,0.00,28.30
2308,3,32,5,73.84,0.00,43.56
2309,1,1,6,31.37,0.00,19.44
2309,2,18,7,54.66,0.00,35.52
2309,3,35,8,77.95,0.00,53.00
2310,1,4,1,35.48,0.00,25.19
2310,2,21,2,58.77,0.00,21.15
2310,3,38,3,82.06,0.00,32.00
2311,1,7,4,39.59,0.00,16.62
2311,2,24,5,62.88,0.00,28.29
2311,3,41,6,86.17,0.00,41.36
2312,1,10,7,43.70,0.00,22.28
2312,2,27,8,66.99,0.00,36.17
2312,3,44,1,90.28,0.00,51.45
2313,1,13,2,47.81,0.00,28.68
2313,2,30,3,71.10,0.00,44.79
2313,3,47,4,94.39,0.00,62.29
2314,1,16,5,51.92,0.00,35.82
2314,2,33,6,75.21,0.00,54.15
2314,3,50,7,98.50,0.00,36.44
2315,1,19,8,56.03,0.00,22.41
2315,2,36,1,79.32,0.00,34.10
2315,3,53,2,102.61,0.00,47.20
2316,1,22,3,60.14,0.00,29.46
2316,2,39,4,83.43,0.00,43.38
2316,3,56,5,106.72,0.00,58.69
2317,1,25,6,64.25,0.00,37.26
2317,2,42,7,87.54,0.00,53.39
2317,3,59,8,110.83,0.00,70.93
2318,1,28,1,68.36,0.00,45.80
2318,2,45,2,91.65,0.00,64.15
2318,3,62,3,114.94,0.00,40.22
2319,1,31,4,72.47,0.00,27.53
2319,2,48,5,95.76,0.00,39.26
2319,3,65,6,119.05,0.00,52.38
2320,1,34,7,76.58,0.00,35.99
2320,2,51,8,99.87,0.00,49.93
2320,3,68,1,123.16,0.00,65.27
2321,1,37,2,80.69,0.00,45.18
2321,2,54,3,103.98,15.59,61.34
2321,3,71,4,127.27,25.45,78.90
2322,1,40,5,84.80,21.20,55.12
2322,2,57,6,108.09,5.40,73.50
2322,3,74,7,131.38,13.13,93.27
2323,1,43,8,88.91,13.33,32.00
2323,2,60,1,112.20,22.44,43.75
2323,3,77,2,135.49,33.87,56.90
2324,1,46,3,93.02,4.65,41.85
2324,2,63,4,116.31,11.63,55.82
2324,3,80,5,139.60,20.94,71.19
2325,1,49,6,97.13,19.42,52.45
2325,2,66,7,120.42,30.10,68.63
2325,3,83,8,143.71,7.18,86.22
2326,1,52,1,101.24,10.12,63.78
2326,2,69,2,124.53,18.67,82.18
2326,3,86,3,147.82,29.56,101.99
2327,1,55,4,105.35,26.33,75.85
2327,2,72,5,128.64,6.43,47.59
2327,3,89,6,151.93,15.19,60.77
2328,1,58,7,109.46,16.41,47.06
2328,2,75,8,132.75,26.55,61.06
2328,3,92,1,156.04,39.01,76.45
2329,1,61,2,113.57,5.67,59.05
2329,2,78,3,136.86,13.68,75.27
2329,3,95,4,160.15,24.02,92.88
2330,1,64,5,117.68,23.53,71.78
2330,2,81,6,140.97,35.24,90.22
2330,3,98,7,164.26,8.21,110.05
2331,1,67,8,121.79,12.17,85.25
2331,2,84,1,145.08,21.76,50.77
2331,3,101,2,168.37,33.67,63.98
2332,1,70,3,125.90,31.47,51.61
2332,2,87,4,149.19,7.45,65.64
2332,3,104,5,172.48,17.24,81.06
2333,1,73,6,130.01,19.50,65.00
2333,2,90,7,153.30,30.66,81.24
2333,3,107,8,176.59,44.14,98.89
2334,1,76,1,134.12,0.00,79.13
2334,2,93,2,157.41,0.00,97.59
2334,3,110,3,180.70,0.00,117.45
2335,1,79,4,138.23,0.00,93.99
2335,2,96,5,161.52,0.00,114.67
2335,3,1,6,31.37,0.00,11.29
2336,1,82,7,142.34,0.00,55.51
2336,2,99,8,165.63,0.00,69.56
2336,3,4,1,35.48,0.00,15.96
2337,1,85,2,146.45,0.00,70.29
2337,2,102,3,169.74,0.00,86.56
2337,3,7,4,39.59,0.00,21.37
2338,1,88,5,150.56,0.00,85.81
2338,2,105,6,173.85,0.00,104.31
2338,3,10,7,43.70,0.00,27.53
2339,1,91,8,154.67,0.00,102.08
2339,2,108,1,177.96,0.00,122.79
2339,3,13,2,47.81,0.00,34.42
2340,1,94,3,158.78,0.00,58.74
2340,2,111,4,182.07,0.00,72.82
2340,3,16,5,51.92,0.00,22.32
2341,1,97,6,162.89,0.00,74.92
2341,2,2,7,32.74,0.00,16.04
2341,3,19,8,56.03,0.00,29.13
2342,1,100,1,167.00,0.00,91.85
2342,2,5,2,36.85,0.00,21.37
2342,3,22,3,60.14,0.00,36.68
2343,1,103,4,171.11,0.00,109.51
2343,2,8,5,40.96,0.00,27.44
2343,3,25,6,64.25,0.00,44.97
2344,1,106,7,175.22,0.00,61.32
2344,2,11,8,45.07,0.00,17.12
2344,3,28,1,68.36,0.00,28.02
2345,1,109,2,179.33,0.00,78.90
2345,2,14,3,49.18,0.00,23.11
2345,3,31,4,72.47,0.00,36.23
2346,1,112,5,183.44,0.00,97.22
2346,2,17,6,53.29,0.00,29.84
2346,3,34,7,76.58,0.00,45.18
2347,1,3,8,34.11,0.00,21.14
2347,2,20,1,57.40,0.00,37.31
2347,3,37,2,80.69,0.00,54.86
2348,1,6,3,38.22,0.00,27.13
2348,2,23,4,61.51,0.00,22.14
2348,3,40,5,84.80,0.00,33.07
2349,1,9,6,42.33,0.00,17.77
2349,2,26,7,65.62,0.00,29.52
2349,3,43,8,88.91,0.00,42.67
2350,1,12,1,46.44,0.00,23.68
2350,2,29,2,69.73,0.00,37.65
2350,3,46,3,93.02,0.00,53.02
2351,1,15,4,50.55,0.00,30.33
2351,2,32,5,73.84,0.00,46.51
2351,3,49,6,97.13,0.00,64.10
2352,1,18,7,54.66,0.00,37.71
2352,2,35,8,77.95,0.00,56.12
2352,3,52,1,101.24,0.00,37.45
2353,1,21,2,58.77,0.00,23.50
2353,2,38,3,82.06,0.00,35.28
2353,3,55,4,105.35,0.00,48.46
2354,1,24,5,62.88,0.00,30.81
2354,2,41,6,86.17,0.00,44.80
2354,3,58,7,109.46,16.41,60.20
2355,1,27,8,66.99,13.39,38.85
2355,2,44,1,90.28,22.57,55.07
2355,3,61,2,113.57,5.67,72.68
2356,1,30,3,71.10,7.11,47.63
2356,2,47,4,94.39,14.15,66.07
2356,3,64,5,117.68,23.53,41.18
2357,1,33,6,75.21,18.80,28.57
2357,2,50,7,98.50,4.92,40.38
2357,3,67,8,121.79,12.17,53.58
2358,1,36,1,79.32,11.89,37.28
2358,2,53,2,102.61,20.52,51.30
2358,3,70,3,125.90,31.47,66.72
2359,1,39,4,83.43,4.17,46.72
2359,2,56,5,106.72,10.67,62.96
2359,3,73,6,130.01,19.50,80.60
2360,1,42,7,87.54,17.50,56.90
2360,2,59,8,110.83,27.70,75.36
2360,3,76,1,134.12,6.70,95.22
2361,1,45,2,91.65,9.16,32.99
2361,2,62,3,114.94,17.24,44.82
2361,3,79,4,138.23,27.64,58.05
2362,1,48,5,95.76,23.94,43.09
2362,2,65,6,119.05,5.95,57.14
2362,3,82,7,142.34,14.23,72.59
2363,1,51,8,99.87,14.98,53.92
2363,2,68,1,123.16,24.63,70.20
2363,3,85,2,146.45,36.61,87.87
2364,1,54,3,103.98,5.19,65.50
2364,2,71,4,127.27,12.72,83.99
2364,3,88,5,150.56,22.58,103.88
2365,1,57,6,108.09,21.61,77.82
2365,2,74,7,131.38,32.84,48.61
2365,3,91,8,154.67,7.73,61.86
2366,1,60,1,112.20,11.22,48.24
2366,2,77,2,135.49,20.32,62.32
2366,3,94,3,158.78,31.75,77.80
2367,1,63,4,116.31,29.07,60.48
2367,2,80,5,139.60,0.00,76.78
2367,3,97,6,162.89,0.00,94.47
2368,1,66,7,120.42,0.00,73.45
2368,2,83,8,143.71,0.00,91.97
2368,3,100,1,167.00,0.00,111.89
2369,1,69,2,124.53,0.00,87.17
2369,2,86,3,147.82,0.00,51.73
2369,3,103,4,171.11,0.00,65.02
2370,1,72,5,128.64,0.00,52.74
2370,2,89,6,151.93,0.00,66.84
2370,3,106,7,175.22,0.00,82.35
2371,1,75,8,132.75,0.00,66.37
2371,2,92,1,156.04,0.00,82.70
2371,3,109,2,179.33,0.00,100.42
2372,1,78,3,136.86,0.00,80.74
2372,2,95,4,160.15,0.00,99.29
2372,3,112,5,183.44,0.00,119.23
2373,1,81,6,140.97,0.00,95.85
2373,2,98,7,164.26,0.00,116.62
2373,3,3,8,34.11,0.00,12.27
2374,1,84,1,145.08,0.00,56.58
2374,2,101,2,168.37,0.00,70.71
2374,3,6,3,38.22,0.00,17.19
2375,1,87,4,149.19,0.00,71.61
2375,2,104,5,172.48,0.00,87.96
2375,3,9,6,42.33,0.00,22.85
2376,1,90,7,153.30,0.00,87.38
2376,2,107,8,176.59,0.00,105.95
2376,3,12,1,46.44,0.00,29.25
2377,1,93,2,157.41,0.00,103.89
2377,2,110,3,180.70,0.00,124.68
2377,3,15,4,50.55,0.00,36.39
2378,1,96,5,161.52,0.00,59.76
2378,2,1,6,31.37,0.00,12.54
2378,3,18,7,54.66,0.00,23.50
2379,1,99,8,165.63,0.00,76.18
2379,2,4,1,35.48,0.00,17.38
2379,3,21,2,58.77,0.00,30.56
2380,1,102,3,169.74,0.00,93.35
2380,2,7,4,39.59,0.00,22.96
2380,3,24,5,62.88,0.00,38.35
2381,1,105,6,173.85,0.00,111.26
2381,2,10,7,43.70,0.00,29.27
2381,3,27,8,66.99,0.00,46.89
2382,1,108,1,177.96,0.00,62.28
2382,2,13,2,47.81,0.00,18.16
2382,3,30,3,71.10,0.00,29.15
2383,1,111,4,182.07,0.00,80.11
2383,2,16,5,51.92,0.00,24.40
2383,3,33,6,75.21,0.00,37.60
2384,1,2,7,32.74,0.00,17.35
2384,2,19,8,56.03,0.00,31.37
2384,3,36,1,79.32,0.00,46.79
2385,1,5,2,36.85,0.00,22.84
2385,2,22,3,60.14,0.00,39.09
2385,3,39,4,83.43,0.00,56.73
2386,1,8,5,40.96,0.00,29.08
2386,2,25,6,64.25,0.00,23.13
2386,3,42,7,87.54,0.00,34.14
2387,1,11,8,45.07,0.00,18.92
2387,2,28,1,68.36,0.00,30.76
2387,3,45,2,91.65,0.00,43.99
2388,1,14,3,49.18,7.37,25.08
2388,2,31,4,72.47,14.49,39.13
2388,3,48,5,95.76,23.94,54.58
2389,1,17,6,53.29,2.66,31.97
2389,2,34,7,76.58,7.65,48.24
2389,3,51,8,99.87,14.98,65.91
2390,1,20,1,57.40,11.48,39.60
2390,2,37,2,80.69,20.17,58.09
2390,3,54,3,103.98,5.19,38.47
2391,1,23,4,61.51,6.15,24.60
2391,2,40,5,84.80,12.72,36.46
2391,3,57,6,108.09,21.61,49.72
2392,1,26,7,65.62,16.40,32.15
2392,2,43,8,88.91,4.44,46.23
2392,3,60,1,112.20,11.22,61.71
2393,1,29,2,69.73,10.45,40.44
2393,2,46,3,93.02,18.60,56.74
2393,3,63,4,116.31,29.07,74.43
2394,1,32,5,73.84,3.69,49.47
2394,2,49,6,97.13,9.71,67.99
2394,3,66,7,120.42,18.06,42.14
2395,1,35,8,77.95,15.59,29.62
2395,2,52,1,101.24,25.31,41.50
2395,3,69,2,124.53,6.22,54.79
2396,1,38,3,82.06,8.20,38.56
2396,2,55,4,105.35,15.80,52.67
2396,3,72,5,128.64,25.72,68.17
2397,1,41,6,86.17,21.54,48.25
2397,2,58,7,109.46,5.47,64.58
2397,3,75,8,132.75,13.27,82.30
2398,1,44,1,90.28,13.54,58.68
2398,2,61,2,113.57,22.71,77.22
2398,3,78,3,136.86,34.21,97.17
2399,1,47,4,94.39,4.71,33.98
2399,2,64,5,117.68,11.76,45.89
2399,3,81,6,140.97,21.14,59.20
2400,1,50,7,98.50,19.70,44.32
2400,2,67,8,121.79,30.44,58.45
2400,3,84,1,145.08,0.00,73.99
2401,1,53,2,102.61,0.00,55.40
2401,2,70,3,125.90,0.00,71.76
2401,3,87,4,149.19,0.00,89.51
2402,1,56,5,106.72,0.00,67.23
2402,2,73,6,130.01,0.00,85.80
2402,3,90,7,153.30,0.00,105.77
2403,1,59,8,110.83,0.00,79.79
2403,2,76,1,134.12,0.00,49.62
2403,3,93,2,157.41,0.00,62.96
2404,1,62,3,114.94,0.00,49.42
2404,2,79,4,138.23,0.00,63.58
2404,3,96,5,161.52,0.00,79.14
2405,1,65,6,119.05,0.00,61.90
2405,2,82,7,142.34,0.00,78.28
2405,3,99,8,165.63,0.00,96.06
2406,1,68,1,123.16,0.00,75.12
2406,2,85,2,146.45,0.00,93.72
2406,3,102,3,169.74,0.00,113.72
2407,1,71,4,127.27,0.00,89.08
2407,2,88,5,150.56,0.00,52.69
2407,3,105,6,173.85,0.00,66.06
2408,1,74,7,131.38,0.00,53.86
2408,2,91,8,154.67,0.00,68.05
2408,3,108,1,177.96,0.00,83.64
2409,1,77,2,135.49,0.00,67.74
2409,2,94,3,158.78,0.00,84.15
2409,3,111,4,182.07,0.00,101.95
2410,1,80,5,139.60,0.00,82.36
2410,2,97,6,162.89,0.00,100.99
2410,3,2,7,32.74,0.00,21.28
2411,1,83,8,143.71,0.00,97.72
2411,2,100,1,167.00,0.00,118.57
2411,3,5,2,36.85,0.00,13.26
2412,1,86,3,147.82,0.00,57.64
2412,2,103,4,171.11,0.00,71.86
2412,3,8,5,40.96,0.00,18.43
2413,1,89,6,151.93,0.00,72.92
2413,2,106,7,175.22,0.00,89.36
2413,3,11,8,45.07,0.00,24.33
2414,1,92,1,156.04,0.00,88.94
2414,2,109,2,179.33,0.00,107.59
2414,3,14,3,49.18,0.00,30.98
2415,1,95,4,160.15,0.00,105.69
2415,2,112,5,183.44,0.00,126.57
2415,3,17,6,53.29,0.00,38.36
2416,1,98,7,164.26,0.00,60.77
2416,2,3,8,34.11,0.00,13.64
2416,3,20,1,57.40,0.00,24.68
2417,1,101,2,168.37,0.00,77.45
2417,2,6,3,38.22,0.00,18.72
2417,3,23,4,61.51,0.00,31.98
2418,1,104,5,172.48,0.00,94.86
2418,2,9,6,42.33,0.00,24.55
2418,3,26,7,65.62,0.00,40.02
2419,1,107,8,176.59,0.00,113.01
2419,2,12,1,46.44,0.00,31.11
2419,3,29,2,69.73,0.00,48.81
2420,1,110,3,180.70,0.00,63.24
2420,2,15,4,50.55,0.00,19.20
2420,3,32,5,73.84,0.00,30.27
2421,1,1,6,31.37,0.00,13.80
2421,2,18,7,54.66,8.19,25.69
2421,3,35,8,77.95,15.59,38.97
2422,1,4,1,35.48,8.87,18.80
2422,2,21,2,58.77,2.93,32.91
2422,3,38,3,82.06,8.20,48.41
2423,1,7,4,39.59,5.93,24.54
2423,2,24,5,62.88,12.57,40.87
2423,3,41,6,86.17,21.54,58.59
2424,1,10,7,43.70,2.18,31.02
2424,2,27,8,66.99,6.69,24.11
2424,3,44,1,90.28,13.54,35.20
2425,1,13,2,47.81,9.56,20.08
2425,2,30,3,71.10,17.77,31.99
2425,3,47,4,94.39,4.71,45.30
2426,1,16,5,51.92,5.19,26.47
2426,2,33,6,75.21,11.28,40.61
2426,3,50,7,98.50,19.70,56.14
2427,1,19,8,56.03,14.00,33.61
2427,2,36,1,79.32,3.96,49.97
2427,3,53,2,102.61,10.26,67.72
2428,1,22,3,60.14,9.02,41.49
2428,2,39,4,83.43,16.68,60.06
2428,3,56,5,106.72,26.68,39.48
2429,1,25,6,64.25,3.21,25.70
2429,2,42,7,87.54,8.75,37.64
2429,3,59,8,110.83,16.62,50.98
2430,1,28,1,68.36,13.67,33.49
2430,2,45,2,91.65,22.91,47.65
2430,3,62,3,114.94,5.74,63.21
2431,1,31,4,72.47,7.24,42.03
2431,2,48,5,95.76,14.36,58.41
2431,3,65,6,119.05,23.81,76.19
2432,1,34,7,76.58,19.14,51.30
2432,2,51,8,99.87,4.99,69.90
2432,3,68,1,123.16,12.31,43.10
2433,1,37,2,80.69,12.10,30.66
2433,2,54,3,103.98,20.79,42.63
2433,3,71,4,127.27,31.81,55.99
2434,1,40,5,84.80,0.00,39.85
2434,2,57,6,108.09,0.00,54.04
2434,3,74,7,131.38,0.00,69.63
2435,1,43,8,88.91,0.00,49.78
2435,2,60,1,112.20,0.00,66.19
2435,3,77,2,135.49,0.00,84.00
2436,1,46,3,93.02,0.00,60.46
2436,2,63,4,116.31,0.00,79.09
2436,3,80,5,139.60,0.00,99.11
2437,1,49,6,97.13,0.00,34.96
2437,2,66,7,120.42,0.00,46.96
2437,3,83,8,143.71,0.00,60.35
2438,1,52,1,101.24,0.00,45.55
2438,2,69,2,124.53,0.00,59.77
2438,3,86,3,147.82,0.00,75.38
2439,1,55,4,105.35,0.00,56.88
2439,2,72,5,128.64,0.00,73.32
2439,3,89,6,151.93,0.00,91.15
2440,1,58,7,109.46,0.00,68.95
2440,2,75,8,132.75,0.00,87.61
2440,3,92,1,156.04,0.00,107.66
2441,1,61,2,113.57,0.00,81.77
2441,2,78,3,136.86,0.00,50.63
2441,3,95,4,160.15,0.00,64.06
2442,1,64,5,117.68,0.00,50.60
2442,2,81,6,140.97,0.00,64.84
2442,3,98,7,164.26,0.00,80.48
2443,1,67,8,121.79,0.00,63.33
2443,2,84,1,145.08,0.00,79.79
2443,3,101,2,168.37,0.00,97.65
2444,1,70,3,125.90,0.00,76.79
2444,2,87,4,149.19,0.00,95.48
2444,3,104,5,172.48,0.00,115.56
2445,1,73,6,130.01,0.00,91.00
2445,2,90,7,153.30,0.00,53.65
2445,3,107,8,176.59,0.00,67.10
2446,1,76,1,134.12,0.00,54.98
2446,2,93,2,157.41,0.00,69.26
2446,3,110,3,180.70,0.00,84.92
2447,1,79,4,138.23,0.00,69.11
2447,2,96,5,161.52,0.00,85.60
2447,3,1,6,31.37,0.00,17.56
2448,1,82,7,142.34,0.00,83.98
2448,2,99,8,165.63,0.00,102.69
2448,3,4,1,35.48,0.00,23.06
2449,1,85,2,146.45,0.00,99.58
2449,2,102,3,169.74,0.00,120.51
2449,3,7,4,39.59,0.00,14.25
2450,1,88,5,150.56,0.00,58.71
2450,2,105,6,173.85,0.00,73.01
2450,3,10,7,43.70,0.00,19.66
2451,1,91,8,154.67,0.00,74.24
2451,2,108,1,177.96,0.00,90.75
2451,3,13,2,47.81,0.00,25.81
2452,1,94,3,158.78,0.00,90.50
2452,2,111,4,182.07,0.00,109.24
2452,3,16,5,51.92,0.00,32.70
2453,1,97,6,162.89,0.00,107.50
2453,2,2,7,32.74,0.00,22.59
2453,3,19,8,56.03,0.00,40.34
2454,1,100,1,167.00,0.00,61.79
2454,2,5,2,36.85,0.00,14.74
2454,3,22,3,60.14,9.02,25.86
2455,1,103,4,171.11,34.22,78.71
2455,2,8,5,40.96,10.24,20.07
2455,3,25,6,64.25,3.21,33.41
2456,1,106,7,175.22,17.52,96.37
2456,2,11,8,45.07,6.76,26.14
2456,3,28,1,68.36,13.67,41.69
2457,1,109,2,179.33,44.83,114.77
2457,2,14,3,49.18,2.45,32.95
2457,3,31,4,72.47,7.24,50.72
2458,1,112,5,183.44,27.51,64.20
2458,2,17,6,53.29,10.65,20.25
2458,3,34,7,76.58,19.14,31.39
2459,1,3,8,34.11,1.70,15.00
2459,2,20,1,57.40,5.74,26.97
2459,3,37,2,80.69,12.10,40.34
2460,1,6,3,38.22,7.64,20.25
2460,2,23,4,61.51,15.37,34.44
2460,3,40,5,84.80,4.24,50.03
2461,1,9,6,42.33,4.23,26.24
2461,2,26,7,65.62,9.84,42.65
2461,3,43,8,88.91,17.78,60.45
2462,1,12,1,46.44,11.61,32.97
2462,2,29,2,69.73,3.48,25.10
2462,3,46,3,93.02,9.30,36.27
2463,1,15,4,50.55,7.58,21.23
2463,2,32,5,73.84,14.76,33.22
2463,3,49,6,97.13,24.28,46.62
2464,1,18,7,54.66,2.73,27.87
2464,2,35,8,77.95,7.79,42.09
2464,3,52,1,101.24,15.18,57.70
2465,1,21,2,58.77,11.75,35.26
2465,2,38,3,82.06,20.51,51.69
2465,3,55,4,105.35,5.26,69.53
2466,1,24,5,62.88,6.28,43.38
2466,2,41,6,86.17,12.92,62.04
2466,3,58,7,109.46,21.89,40.50
2467,1,27,8,66.99,16.74,26.79
2467,2,44,1,90.28,0.00,38.82
2467,3,61,2,113.57,0.00,52.24
2468,1,30,3,71.10,0.00,34.83
2468,2,47,4,94.39,0.00,49.08
2468,3,64,5,117.68,0.00,64.72
2469,1,33,6,75.21,0.00,43.62
2469,2,50,7,98.50,0.00,60.08
2469,3,67,8,121.79,0.00,77.94
2470,1,36,1,79.32,0.00,53.14
2470,2,53,2,102.61,0.00,71.82
2470,3,70,3,125.90,0.00,44.06
2471,1,39,4,83.43,0.00,31.70
2471,2,56,5,106.72,0.00,43.75
2471,3,73,6,130.01,0.00,57.20
2472,1,42,7,87.54,0.00,41.14
2472,2,59,8,110.83,0.00,55.41
2472,3,76,1,134.12,0.00,71.08
2473,1,45,2,91.65,0.00,51.32
2473,2,62,3,114.94,0.00,67.81
2473,3,79,4,138.23,0.00,85.70
2474,1,48,5,95.76,0.00,62.24
2474,2,65,6,119.05,0.00,80.95
2474,3,82,7,142.34,0.00,101.06
2475,1,51,8,99.87,0.00,35.95
2475,2,68,1,123.16,0.00,48.03
2475,3,85,2,146.45,0.00,61.50
2476,1,54,3,103.98,0.00,46.79
2476,2,71,4,127.27,0.00,61.08
2476,3,88,5,150.56,0.00,76.78
2477,1,57,6,108.09,0.00,58.36
2477,2,74,7,131.38,0.00,74.88
2477,3,91,8,154.67,0.00,92.80
2478,1,60,1,112.20,0.00,70.68
2478,2,77,2,135.49,0.00,89.42
2478,3,94,3,158.78,0.00,109.55
2479,1,63,4,116.31,0.00,83.74
2479,2,80,5,139.60,0.00,51.65
2479,3,97,6,162.89,0.00,65.15
2480,1,66,7,120.42,0.00,51.78
2480,2,83,8,143.71,0.00,66.10
2480,3,100,1,167.00,0.00,81.83
2481,1,69,2,124.53,0.00,64.75
2481,2,86,3,147.82,0.00,81.30
2481,3,103,4,171.11,0.00,99.24
2482,1,72,5,128.64,0.00,78.47
2482,2,89,6,151.93,0.00,97.23
2482,3,106,7,175.22,0.00,117.39
2483,1,75,8,132.75,0.00,92.92
2483,2,92,1,156.04,0.00,54.61
2483,3,109,2,179.33,0.00,68.14
2484,1,78,3,136.86,0.00,56.11
2484,2,95,4,160.15,0.00,70.46
2484,3,112,5,183.44,0.00,86.21
2485,1,81,6,140.97,0.00,70.48
2485,2,98,7,164.26,0.00,87.05
2485,3,3,8,34.11,0.00,19.10
2486,1,84,1,145.08,0.00,85.59
2486,2,101,2,168.37,0.00,104.38
2486,3,6,3,38.22,0.00,24.84
2487,1,87,4,149.19,0.00,101.44
2487,2,104,5,172.48,0.00,122.46
2487,3,9,6,42.33,0.00,15.23
2488,1,90,7,153.30,22.99,59.78
2488,2,107,8,176.59,35.31,74.16
2488,3,12,1,46.44,11.61,20.89
2489,1,93,2,157.41,7.87,75.55
2489,2,110,3,180.70,18.07,92.15
2489,3,15,4,50.55,7.58,27.29
2490,1,96,5,161.52,32.30,92.06
2490,2,1,6,31.37,7.84,18.82
2490,3,18,7,54.66,2.73,34.43
2491,1,99,8,165.63,16.56,109.31
2491,2,4,1,35.48,5.32,24.48
2491,3,21,2,58.77,11.75,42.31
2492,1,102,3,169.74,42.43,62.80
2492,2,7,4,39.59,1.97,15.83
2492,3,24,5,62.88,6.28,27.03
2493,1,105,6,173.85,26.07,79.97
2493,2,10,7,43.70,8.74,21.41
2493,3,27,8,66.99,16.74,34.83
2494,1,108,1,177.96,8.89,97.87
2494,2,13,2,47.81,4.78,27.72
2494,3,30,3,71.10,10.66,43.37
2495,1,111,4,182.07,36.41,116.52
2495,2,16,5,51.92,12.98,34.78
2495,3,33,6,75.21,3.76,52.64
2496,1,2,7,32.74,3.27,11.45
2496,2,19,8,56.03,8.40,21.29
2496,3,36,1,79.32,15.86,32.52
2497,1,5,2,36.85,9.21,16.21
2497,2,22,3,60.14,3.00,28.26
2497,3,39,4,83.43,8.34,41.71
2498,1,8,5,40.96,6.14,21.70
2498,2,25,6,64.25,12.85,35.98
2498,3,42,7,87.54,21.88,51.64
2499,1,11,8,45.07,2.25,27.94
2499,2,28,1,68.36,6.83,44.43
2499,3,45,2,91.65,13.74,62.32
2500,1,14,3,49.18,9.83,34.91
2500,2,31,4,72.47,18.11,26.08
2500,3,48,5,95.76,0.00,37.34
2501,1,17,6,53.29,0.00,22.38
2501,2,34,7,76.58,0.00,34.46
2501,3,51,8,99.87,0.00,47.93
2502,1,20,1,57.40,0.00,29.27
2502,2,37,2,80.69,0.00,43.57
2502,3,54,3,103.98,0.00,59.26
2503,1,23,4,61.51,0.00,36.90
2503,2,40,5,84.80,0.00,53.42
2503,3,57,6,108.09,0.00,71.33
2504,1,26,7,65.62,0.00,45.27
2504,2,43,8,88.91,0.00,64.01
2504,3,60,1,112.20,0.00,41.51
2505,1,29,2,69.73,0.00,27.89
2505,2,46,3,93.02,0.00,39.99
2505,3,63,4,116.31,0.00,53.50
2506,1,32,5,73.84,0.00,36.18
2506,2,49,6,97.13,0.00,50.50
2506,3,66,7,120.42,0.00,66.23
2507,1,35,8,77.95,0.00,45.21
2507,2,52,1,101.24,0.00,61.75
2507,3,69,2,124.53,0.00,79.69
2508,1,38,3,82.06,0.00,54.98
2508,2,55,4,105.35,0.00,73.74
2508,3,72,5,128.64,0.00,45.02
2509,1,41,6,86.17,0.00,32.74
2509,2,58,7,109.46,0.00,44.87
2509,3,75,8,132.75,0.00,58.41
2510,1,44,1,90.28,0.00,42.43
2510,2,61,2,113.57,0.00,56.78
2510,3,78,3,136.86,0.00,72.53
2511,1,47,4,94.39,0.00,52.85
2511,2,64,5,117.68,0.00,69.43
2511,3,81,6,140.97,0.00,87.40
2512,1,50,7,98.50,0.00,64.02
2512,2,67,8,121.79,0.00,82.81
2512,3,84,1,145.08,0.00,103.00
2513,1,53,2,102.61,0.00,36.93
2513,2,70,3,125.90,0.00,49.10
2513,3,87,4,149.19,0.00,62.65
2514,1,56,5,106.72,0.00,48.02
2514,2,73,6,130.01,0.00,62.40
2514,3,90,7,153.30,0.00,78.18
2515,1,59,8,110.83,0.00,59.84
2515,2,76,1,134.12,0.00,76.44
2515,3,93,2,157.41,0.00,94.44
2516,1,62,3,114.94,0.00,72.41
2516,2,79,4,138.23,0.00,91.23
2516,3,96,5,161.52,0.00,111.44
2517,1,65,6,119.05,0.00,85.71
2517,2,82,7,142.34,0.00,52.66
2517,3,99,8,165.63,0.00,66.25
2518,1,68,1,123.16,0.00,52.95
2518,2,85,2,146.45,0.00,67.36
2518,3,102,3,169.74,0.00,83.17
2519,1,71,4,127.27,0.00,66.18
2519,2,88,5,150.56,0.00,82.80
2519,3,105,6,173.85,0.00,100.83
2520,1,74,7,131.38,0.00,80.14
2520,2,91,8,154.67,0.00,98.98
2520,3,108,1,177.96,0.00,119.23
2521,1,77,2,135.49,0.00,94.84
2521,2,94,3,158.78,23.81,55.57
2521,3,111,4,182.07,36.41,69.18
2522,1,80,5,139.60,34.90,57.23
2522,2,97,6,162.89,8.14,71.67
2522,3,2,7,32.74,3.27,15.38
2523,1,83,8,143.71,21.55,71.85
2523,2,100,1,167.00,33.40,88.51
2523,3,5,2,36.85,9.21,20.63
2524,1,86,3,147.82,7.39,87.21
2524,2,103,4,171.11,17.11,106.08
2524,3,8,5,40.96,6.14,26.62
2525,1,89,6,151.93,30.38,103.31
2525,2,106,7,175.22,43.80,124.40
2525,3,11,8,45.07,2.25,16.22
2526,1,92,1,156.04,15.60,60.85
2526,2,109,2,179.33,26.89,75.31
2526,3,14,3,49.18,9.83,22.13
2527,1,95,4,160.15,40.03,76.87
2527,2,112,5,183.44,9.17,93.55
2527,3,17,6,53.29,5.32,28.77
2528,1,98,7,164.26,24.63,93.62
2528,2,3,8,34.11,6.82,20.46
2528,3,20,1,57.40,14.35,36.16
2529,1,101,2,168.37,8.41,111.12
2529,2,6,3,38.22,3.82,26.37
2529,3,23,4,61.51,9.22,44.28
2530,1,104,5,172.48,34.49,63.81
2530,2,9,6,42.33,10.58,16.93
2530,3,26,7,65.62,3.28,28.21
2531,1,107,8,176.59,17.65,81.23
2531,2,12,1,46.44,6.96,22.75
2531,3,29,2,69.73,13.94,36.25
2532,1,110,3,180.70,45.17,99.38
2532,2,15,4,50.55,2.52,29.31
2532,3,32,5,73.84,7.38,45.04
2533,1,1,6,31.37,4.70,20.07
2533,2,18,7,54.66,10.93,36.62
2533,3,35,8,77.95,19.48,54.56
2534,1,4,1,35.48,0.00,12.41
2534,2,21,2,58.77,0.00,22.33
2534,3,38,3,82.06,0.00,33.64
2535,1,7,4,39.59,0.00,17.41
2535,2,24,5,62.88,0.00,29.55
2535,3,41,6,86.17,0.00,43.08
2536,1,10,7,43.70,0.00,23.16
2536,2,27,8,66.99,0.00,37.51
2536,3,44,1,90.28,0.00,53.26
2537,1,13,2,47.81,0.00,29.64
2537,2,30,3,71.10,0.00,46.21
2537,3,47,4,94.39,0.00,64.18
2538,1,16,5,51.92,0.00,36.86
2538,2,33,6,75.21,0.00,27.07
2538,3,50,7,98.50,0.00,38.41
2539,1,19,8,56.03,0.00,23.53
2539,2,36,1,79.32,0.00,35.69
2539,3,53,2,102.61,0.00,49.25
2540,1,22,3,60.14,0.00,30.67
2540,2,39,4,83.43,0.00,45.05
2540,3,56,5,106.72,0.00,60.83
2541,1,25,6,64.25,0.00,38.55
2541,2,42,7,87.54,0.00,55.15
2541,3,59,8,110.83,0.00,73.14
2542,1,28,1,68.36,0.00,47.16
2542,2,45,2,91.65,0.00,65.98
2542,3,62,3,114.94,0.00,42.52
2543,1,31,4,72.47,0.00,28.98
2543,2,48,5,95.76,0.00,41.17
2543,3,65,6,119.05,0.00,54.76
2544,1,34,7,76.58,0.00,37.52
2544,2,51,8,99.87,0.00,51.93
2544,3,68,1,123.16,0.00,67.73
2545,1,37,2,80.69,0.00,46.80
2545,2,54,3,103.98,0.00,63.42
2545,3,71,4,127.27,0.00,81.45
2546,1,40,5,84.80,0.00,56.81
2546,2,57,6,108.09,0.00,75.66
2546,3,74,7,131.38,0.00,45.98
2547,1,43,8,88.91,0.00,33.78
2547,2,60,1,112.20,0.00,46.00
2547,3,77,2,135.49,0.00,59.61
2548,1,46,3,93.02,0.00,43.71
2548,2,63,4,116.31,0.00,58.15
2548,3,80,5,139.60,0.00,73.98
2549,1,49,6,97.13,0.00,54.39
2549,2,66,7,120.42,0.00,71.04
2549,3,83,8,143.71,0.00,89.10
2550,1,52,1,101.24,0.00,65.80
2550,2,69,2,124.53,0.00,84.68
2550,3,86,3,147.82,0.00,104.95
2551,1,55,4,105.35,0.00,37.92
2551,2,72,5,128.64,0.00,50.16
2551,3,89,6,151.93,0.00,63.81
2552,1,58,7,109.46,0.00,49.25
2552,2,75,8,132.75,0.00,63.72
2552,3,92,1,156.04,0.00,79.58
2553,1,61,2,113.57,0.00,61.32
2553,2,78,3,136.86,0.00,78.01
2553,3,95,4,160.15,0.00,96.09
2554,1,64,5,117.68,0.00,74.13
2554,2,81,6,140.97,0.00,93.04
2554,3,98,7,164.26,24.63,113.33
2555,1,67,8,121.79,24.35,87.68
2555,2,84,1,145.08,36.27,53.67
2555,3,101,2,168.37,8.41,67.34
2556,1,70,3,125.90,12.59,54.13
2556,2,87,4,149.19,22.37,68.62
2556,3,104,5,172.48,34.49,84.51
2557,1,73,6,130.01,32.50,67.60
2557,2,90,7,153.30,7.66,84.31
2557,3,107,8,176.59,17.65,102.42
2558,1,76,1,134.12,20.11,81.81
2558,2,93,2,157.41,31.48,100.74
2558,3,110,3,180.70,45.17,121.06
2559,1,79,4,138.23,6.91,96.76
2559,2,96,5,161.52,16.15,56.53
2559,3,1,6,31.37,4.70,11.92
2560,1,82,7,142.34,28.46,58.35
2560,2,99,8,165.63,41.40,72.87
2560,3,4,1,35.48,1.77,16.67
2561,1,85,2,146.45,14.64,73.22
2561,2,102,3,169.74,25.46,89.96
2561,3,7,4,39.59,7.91,22.17
2562,1,88,5,150.56,37.64,88.83
2562,2,105,6,173.85,8.69,107.78
2562,3,10,7,43.70,4.37,28.40
2563,1,91,8,154.67,23.20,105.17
2563,2,108,1,177.96,35.59,126.35
2563,3,13,2,47.81,11.95,17.21
2564,1,94,3,158.78,7.93,61.92
2564,2,111,4,182.07,18.20,76.46
2564,3,16,5,51.92,7.78,23.36
2565,1,97,6,162.89,32.57,78.18
2565,2,2,7,32.74,8.18,16.69
2565,3,19,8,56.03,2.80,30.25
2566,1,100,1,167.00,16.70,95.19
2566,2,5,2,36.85,5.52,22.11
2566,3,22,3,60.14,12.02,37.88
2567,1,103,4,171.11,42.77,112.93
2567,2,8,5,40.96,0.00,28.26
2567,3,25,6,64.25,0.00,46.26
2568,1,106,7,175.22,0.00,64.83
2568,2,11,8,45.07,0.00,18.02
2568,3,28,1,68.36,0.00,29.39
2569,1,109,2,179.33,0.00,82.49
2569,2,14,3,49.18,0.00,24.09
2569,3,31,4,72.47,0.00,37.68
2570,1,112,5,183.44,0.00,100.89
2570,2,17,6,53.29,0.00,30.90
2570,3,34,7,76.58,0.00,46.71
2571,1,3,8,34.11,0.00,21.83
2571,2,20,1,57.40,0.00,38.45
2571,3,37,2,80.69,0.00,56.48
2572,1,6,3,38.22,0.00,13.37
2572,2,23,4,61.51,0.00,23.37
2572,3,40,5,84.80,0.00,34.76
2573,1,9,6,42.33,0.00,18.62
2573,2,26,7,65.62,0.00,30.84
2573,3,43,8,88.91,0.00,44.45
2574,1,12,1,46.44,0.00,24.61
2574,2,29,2,69.73,0.00,39.04
2574,3,46,3,93.02,0.00,54.88
2575,1,15,4,50.55,0.00,31.34
2575,2,32,5,73.84,0.00,47.99
2575,3,49,6,97.13,0.00,66.04
2576,1,18,7,54.66,0.00,38.80
2576,2,35,8,77.95,0.00,28.06
2576,3,52,1,101.24,0.00,39.48
2577,1,21,2,58.77,0.00,24.68
2577,2,38,3,82.06,0.00,36.92
2577,3,55,4,105.35,0.00,50.56
2578,1,24,5,62.88,0.00,32.06
2578,2,41,6,86.17,0.00,46.53
2578,3,58,7,109.46,0.00,62.39
2579,1,27,8,66.99,0.00,40.19
2579,2,44,1,90.28,0.00,56.87
2579,3,61,2,113.57,0.00,74.95
2580,1,30,3,71.10,0.00,49.05
2580,2,47,4,94.39,0.00,67.96
2580,3,64,5,117.68,0.00,43.54
2581,1,33,6,75.21,0.00,30.08
2581,2,50,7,98.50,0.00,42.35
2581,3,67,8,121.79,0.00,56.02
2582,1,36,1,79.32,0.00,38.86
2582,2,53,2,102.61,0.00,53.35
2582,3,70,3,125.90,0.00,69.24
2583,1,39,4,83.43,0.00,48.38
2583,2,56,5,106.72,0.00,65.09
2583,3,73,6,130.01,0.00,83.20
2584,1,42,7,87.54,0.00,58.65
2584,2,59,8,110.83,0.00,77.58
2584,3,76,1,134.12,0.00,46.94
2585,1,45,2,91.65,0.00,34.82
2585,2,62,3,114.94,0.00,47.12
2585,3,79,4,138.23,0.00,60.82
2586,1,48,5,95.76,0.00,45.00
2586,2,65,6,119.05,0.00,59.52
2586,3,82,7,142.34,0.00,75.44
2587,1,51,8,99.87,0.00,55.92
2587,2,68,1,123.16,0.00,72.66
2587,3,85,2,146.45,0.00,90.79
2588,1,54,3,103.98,15.59,67.58
2588,2,71,4,127.27,25.45,86.54
2588,3,88,5,150.56,37.64,106.89
2589,1,57,6,108.09,5.40,38.91
2589,2,74,7,131.38,13.13,51.23
2589,3,91,8,154.67,23.20,64.96
2590,1,60,1,112.20,22.44,50.49
2590,2,77,2,135.49,33.87,65.03
2590,3,94,3,158.78,7.93,80.97
2591,1,63,4,116.31,11.63,62.80
2591,2,80,5,139.60,20.94,79.57
2591,3,97,6,162.89,32.57,97.73
2592,1,66,7,120.42,30.10,75.86
2592,2,83,8,143.71,7.18,94.84
2592,3,100,1,167.00,16.70,115.23
2593,1,69,2,124.53,18.67,89.66
2593,2,86,3,147.82,29.56,54.69
2593,3,103,4,171.11,42.77,68.44
2594,1,72,5,128.64,6.43,55.31
2594,2,89,6,151.93,15.19,69.88
2594,3,106,7,175.22,26.28,85.85
2595,1,75,8,132.75,26.55,69.03
2595,2,92,1,156.04,39.01,85.82
2595,3,109,2,179.33,8.96,104.01
2596,1,78,3,136.86,13.68,83.48
2596,2,95,4,160.15,24.02,102.49
2596,3,112,5,183.44,36.68,122.90
2597,1,81,6,140.97,35.24,98.67
2597,2,98,7,164.26,8.21,57.49
2597,3,3,8,34.11,3.41,12.96
2598,1,84,1,145.08,21.76,59.48
2598,2,101,2,168.37,33.67,74.08
2598,3,6,3,38.22,9.55,17.96
2599,1,87,4,149.19,7.45,74.59
2599,2,104,5,172.48,17.24,91.41
2599,3,9,6,42.33,6.34,23.70
2600,1,90,7,153.30,30.66,90.44
2600,2,107,8,176.59,44.14,109.48
2600,3,12,1,46.44,0.00,30.18
2601,1,93,2,157.41,0.00,107.03
2601,2,110,3,180.70,0.00,128.29
2601,3,15,4,50.55,0.00,18.19
2602,1,96,5,161.52,0.00,62.99
2602,2,1,6,31.37,0.00,13.17
2602,3,18,7,54.66,0.00,24.59
2603,1,99,8,165.63,0.00,79.50
2603,2,4,1,35.48,0.00,18.09
2603,3,21,2,58.77,0.00,31.73
2604,1,102,3,169.74,0.00,96.75
2604,2,7,4,39.59,0.00,23.75
2604,3,24,5,62.88,0.00,39.61
2605,1,105,6,173.85,0.00,114.74
2605,2,10,7,43.70,0.00,30.15
2605,3,27,8,66.99,0.00,48.23
2606,1,108,1,177.96,0.00,65.84
2606,2,13,2,47.81,0.00,19.12
2606,3,30,3,71.10,0.00,30.57
2607,1,111,4,182.07,0.00,83.75
2607,2,16,5,51.92,0.00,25.44
2607,3,33,6,75.21,0.00,39.10
2608,1,2,7,32.74,0.00,18.00
2608,2,19,8,56.03,0.00,32.49
2608,3,36,1,79.32,0.00,48.38
2609,1,5,2,36.85,0.00,23.58
2609,2,22,3,60.14,0.00,40.29
2609,3,39,4,83.43,0.00,58.40
2610,1,8,5,40.96,0.00,14.33
2610,2,25,6,64.25,0.00,24.41
2610,3,42,7,87.54,0.00,35.89
2611,1,11,8,45.07,0.00,19.83
2611,2,28,1,68.36,0.00,32.12
2611,3,45,2,91.65,0.00,45.82
2612,1,14,3,49.18,0.00,26.06
2612,2,31,4,72.47,0.00,40.58
2612,3,48,5,95.76,0.00,56.49
2613,1,17,6,53.29,0.00,33.03
2613,2,34,7,76.58,0.00,49.77
2613,3,51,8,99.87,0.00,67.91
2614,1,20,1,57.40,0.00,40.75
2614,2,37,2,80.69,0.00,29.04
2614,3,54,3,103.98,0.00,40.55
2615,1,23,4,61.51,0.00,25.83
2615,2,40,5,84.80,0.00,38.16
2615,3,57,6,108.09,0.00,51.88
2616,1,26,7,65.62,0.00,33.46
2616,2,43,8,88.91,0.00,48.01
2616,3,60,1,112.20,0.00,63.95
2617,1,29,2,69.73,0.00,41.83
2617,2,46,3,93.02,0.00,58.60
2617,3,63,4,116.31,0.00,76.76
2618,1,32,5,73.84,0.00,50.94
2618,2,49,6,97.13,0.00,69.93
2618,3,66,7,120.42,0.00,44.55
2619,1,35,8,77.95,0.00,31.18
2619,2,52,1,101.24,0.00,43.53
2619,3,69,2,124.53,0.00,57.28
2620,1,38,3,82.06,0.00,40.20
2620,2,55,4,105.35,0.00,54.78
2620,3,72,5,128.64,0.00,70.75
2621,1,41,6,86.17,0.00,49.97
2621,2,58,7,109.46,16.41,66.77
2621,3,75,8,132.75,26.55,84.96
2622,1,44,1,90.28,22.57,60.48
2622,2,61,2,113.57,5.67,79.49
2622,3,78,3,136.86,13.68,47.90
2623,1,47,4,94.39,14.15,35.86
2623,2,64,5,117.68,23.53,48.24
2623,3,81,6,140.97,35.24,62.02
2624,1,50,7,98.50,4.92,46.29
2624,2,67,8,121.79,12.17,60.89
2624,3,84,1,145.08,21.76,76.89
2625,1,53,2,102.61,20.52,57.46
2625,2,70,3,125.90,31.47,74.28
2625,3,87,4,149.19,7.45,92.49
2626,1,56,5,106.72,10.67,69.36
2626,2,73,6,130.01,19.50,88.40
2626,3,90,7,153.30,30.66,108.84
2627,1,59,8,110.83,27.70,39.89
2627,2,76,1,134.12,6.70,52.30
2627,3,93,2,157.41,15.74,66.11
2628,1,62,3,114.94,17.24,51.72
2628,2,79,4,138.23,27.64,66.35
2628,3,96,5,161.52,40.38,82.37
2629,1,65,6,119.05,5.95,64.28
2629,2,82,7,142.34,14.23,81.13
2629,3,99,8,165.63,24.84,99.37
2630,1,68,1,123.16,24.63,77.59
2630,2,85,2,146.45,36.61,96.65
2630,3,102,3,169.74,8.48,117.12
2631,1,71,4,127.27,12.72,91.63
2631,2,88,5,150.56,22.58,55.70
2631,3,105,6,173.85,34.77,69.54
2632,1,74,7,131.38,32.84,56.49
2632,2,91,8,154.67,7.73,71.14
2632,3,108,1,177.96,17.79,87.20
2633,1,77,2,135.49,20.32,70.45
2633,2,94,3,158.78,31.75,87.32
2633,3,111,4,182.07,45.51,105.60
2634,1,80,5,139.60,0.00,85.15
2634,2,97,6,162.89,0.00,104.24
2634,3,2,7,32.74,0.00,21.93
2635,1,83,8,143.71,0.00,100.59
2635,2,100,1,167.00,0.00,58.45
2635,3,5,2,36.85,0.00,14.00
2636,1,86,3,147.82,0.00,60.60
2636,2,103,4,171.11,0.00,75.28
2636,3,8,5,40.96,0.00,19.25
2637,1,89,6,151.93,0.00,75.96
2637,2,106,7,175.22,0.00,92.86
2637,3,11,8,45.07,0.00,25.23
2638,1,92,1,156.04,0.00,92.06
2638,2,109,2,179.33,0.00,111.18
2638,3,14,3,49.18,0.00,31.96
2639,1,95,4,160.15,0.00,108.90
2639,2,112,5,183.44,0.00,130.24
2639,3,17,6,53.29,0.00,19.18
2640,1,98,7,164.26,0.00,64.06
2640,2,3,8,34.11,0.00,14.32
2640,3,20,1,57.40,0.00,25.83
2641,1,101,2,168.37,0.00,80.81
2641,2,6,3,38.22,0.00,19.49
2641,3,23,4,61.51,0.00,33.21
2642,1,104,5,172.48,0.00,98.31
2642,2,9,6,42.33,0.00,25.39
2642,3,26,7,65.62,0.00,41.34
2643,1,107,8,176.59,0.00,116.54
2643,2,12,1,46.44,0.00,32.04
2643,3,29,2,69.73,0.00,50.20
2644,1,110,3,180.70,0.00,66.85
2644,2,15,4,50.55,0.00,20.22
2644,3,32,5,73.84,0.00,31.75
2645,1,1,6,31.37,0.00,14.43
2645,2,18,7,54.66,0.00,26.78
2645,3,35,8,77.95,0.00,40.53
2646,1,4,1,35.48,0.00,19.51
2646,2,21,2,58.77,0.00,34.08
2646,3,38,3,82.06,0.00,50.05
2647,1,7,4,39.59,0.00,25.33
2647,2,24,5,62.88,0.00,42.12
2647,3,41,6,86.17,0.00,60.31
2648,1,10,7,43.70,0.00,15.29
2648,2,27,8,66.99,0.00,25.45
2648,3,44,1,90.28,0.00,37.01
2649,1,13,2,47.81,0.00,21.03
2649,2,30,3,71.10,0.00,33.41
2649,3,47,4,94.39,0.00,47.19
2650,1,16,5,51.92,0.00,27.51
2650,2,33,6,75.21,0.00,42.11
2650,3,50,7,98.50,0.00,58.11
2651,1,19,8,56.03,0.00,34.73
2651,2,36,1,79.32,0.00,51.55
2651,3,53,2,102.61,0.00,69.77
2652,1,22,3,60.14,0.00,42.69
2652,2,39,4,83.43,0.00,30.03
2652,3,56,5,106.72,0.00,41.62
2653,1,25,6,64.25,0.00,26.98
2653,2,42,7,87.54,0.00,39.39
2653,3,59,8,110.83,0.00,53.19
2654,1,28,1,68.36,0.00,34.86
2654,2,45,2,91.65,0.00,49.49
2654,3,62,3,114.94,17.24,65.51
2655,1,31,4,72.47,14.49,43.48
2655,2,48,5,95.76,23.94,60.32
2655,3,65,6,119.05,5.95,78.57
2656,1,34,7,76.58,7.65,52.84
2656,2,51,8,99.87,14.98,71.90
2656,3,68,1,123.16,24.63,45.56
2657,1,37,2,80.69,20.17,32.27
2657,2,54,3,103.98,5.19,44.71
2657,3,71,4,127.27,12.72,58.54
2658,1,40,5,84.80,12.72,41.55
2658,2,57,6,108.09,21.61,56.20
2658,3,74,7,131.38,32.84,72.25
2659,1,43,8,88.91,4.44,51.56
2659,2,60,1,112.20,11.22,68.44
2659,3,77,2,135.49,20.32,86.71
2660,1,46,3,93.02,18.60,62.32
2660,2,63,4,116.31,29.07,81.41
2660,3,80,5,139.60,6.98,48.86
2661,1,49,6,97.13,9.71,36.90
2661,2,66,7,120.42,18.06,49.37
2661,3,83,8,143.71,28.74,63.23
2662,1,52,1,101.24,25.31,47.58
2662,2,69,2,124.53,6.22,62.26
2662,3,86,3,147.82,14.78,78.34
2663,1,55,4,105.35,15.80,58.99
2663,2,72,5,128.64,25.72,75.89
2663,3,89,6,151.93,37.98,94.19
2664,1,58,7,109.46,5.47,71.14
2664,2,75,8,132.75,13.27,90.27
2664,3,92,1,156.04,23.40,110.78
2665,1,61,2,113.57,22.71,40.88
2665,2,78,3,136.86,34.21,53.37
2665,3,95,4,160.15,8.00,67.26
2666,1,64,5,117.68,11.76,52.95
2666,2,81,6,140.97,21.14,67.66
2666,3,98,7,164.26,32.85,83.77
2667,1,67,8,121.79,30.44,65.76
2667,2,84,1,145.08,0.00,82.69
2667,3,101,2,168.37,0.00,101.02
2668,1,70,3,125.90,0.00,79.31
2668,2,87,4,149.19,0.00,98.46
2668,3,104,5,172.48,0.00,119.01
2669,1,73,6,130.01,0.00,93.60
2669,2,90,7,153.30,0.00,56.72
2669,3,107,8,176.59,0.00,70.63
2670,1,76,1,134.12,0.00,57.67
2670,2,93,2,157.41,0.00,72.40
2670,3,110,3,180.70,0.00,88.54
2671,1,79,4,138.23,0.00,71.87
2671,2,96,5,161.52,0.00,88.83
2671,3,1,6,31.37,0.00,18.19
2672,1,82,7,142.34,0.00,86.82
2672,2,99,8,165.63,0.00,106.00
2672,3,4,1,35.48,0.00,23.77
2673,1,85,2,146.45,0.00,102.51
2673,2,102,3,169.74,0.00,59.40
2673,3,7,4,39.59,0.00,15.04
2674,1,88,5,150.56,0.00,61.72
2674,2,105,6,173.85,0.00,76.49
2674,3,10,7,43.70,0.00,20.53
2675,1,91,8,154.67,0.00,77.33
2675,2,108,1,177.96,0.00,94.31
2675,3,13,2,47.81,0.00,26.77
2676,1,94,3,158.78,0.00,93.68
2676,2,111,4,182.07,0.00,112.88
2676,3,16,5,51.92,0.00,33.74
2677,1,97,6,162.89,0.00,110.76
2677,2,2,7,32.74,0.00,23.24
2677,3,19,8,56.03,0.00,20.17
2678,1,100,1,167.00,0.00,65.13
2678,2,5,2,36.85,0.00,15.47
2678,3,22,3,60.14,0.00,27.06
2679,1,103,4,171.11,0.00,82.13
2679,2,8,5,40.96,0.00,20.88
2679,3,25,6,64.25,0.00,34.69
2680,1,106,7,175.22,0.00,99.87
2680,2,11,8,45.07,0.00,27.04
2680,3,28,1,68.36,0.00,43.06
2681,1,109,2,179.33,0.00,118.35
2681,2,14,3,49.18,0.00,33.93
2681,3,31,4,72.47,0.00,52.17
2682,1,112,5,183.44,0.00,67.87
2682,2,17,6,53.29,0.00,21.31
2682,3,34,7,76.58,0.00,32.92
2683,1,3,8,34.11,0.00,15.69
2683,2,20,1,57.40,0.00,28.12
2683,3,37,2,80.69,0.00,41.95
2684,1,6,3,38.22,0.00,21.02
2684,2,23,4,61.51,0.00,35.67
2684,3,40,5,84.80,0.00,51.72
2685,1,9,6,42.33,0.00,27.09
2685,2,26,7,65.62,0.00,43.96
2685,3,43,8,88.91,0.00,62.23
2686,1,12,1,46.44,0.00,16.25
2686,2,29,2,69.73,0.00,26.49
2686,3,46,3,93.02,0.00,38.13
2687,1,15,4,50.55,0.00,22.24
2687,2,32,5,73.84,0.00,34.70
2687,3,49,6,97.13,0.00,48.56
2688,1,18,7,54.66,8.19,28.96
2688,2,35,8,77.95,15.59,43.65
2688,3,52,1,101.24,25.31,59.73
2689,1,21,2,58.77,2.93,36.43
2689,2,38,3,82.06,8.20,53.33
2689,3,55,4,105.35,15.80,71.63
2690,1,24,5,62.88,12.57,44.64
2690,2,41,6,86.17,21.54,31.02
2690,3,58,7,109.46,5.47,42.68
2691,1,27,8,66.99,6.69,28.13
2691,2,44,1,90.28,13.54,40.62
2691,3,61,2,113.57,22.71,54.51
2692,1,30,3,71.10,17.77,36.26
2692,2,47,4,94.39,4.71,50.97
2692,3,64,5,117.68,11.76,67.07
2693,1,33,6,75.21,11.28,45.12
2693,2,50,7,98.50,19.70,62.05
2693,3,67,8,121.79,30.44,80.38
2694,1,36,1,79.32,3.96,54.73
2694,2,53,2,102.61,10.26,73.87
2694,3,70,3,125.90,18.88,46.58
2695,1,39,4,83.43,16.68,33.37
2695,2,56,5,106.72,26.68,45.88
2695,3,73,6,130.01,6.50,59.80
2696,1,42,7,87.54,8.75,42.89
2696,2,59,8,110.83,16.62,57.63
2696,3,76,1,134.12,26.82,73.76
2697,1,45,2,91.65,22.91,53.15
2697,2,62,3,114.94,5.74,70.11
2697,3,79,4,138.23,13.82,88.46
2698,1,48,5,95.76,14.36,64.15
2698,2,65,6,119.05,23.81,83.33
2698,3,82,7,142.34,35.58,49.81
2699,1,51,8,99.87,4.99,37.95
2699,2,68,1,123.16,12.31,50.49
2699,3,85,2,146.45,21.96,64.43
2700,1,54,3,103.98,20.79,48.87
2700,2,71,4,127.27,31.81,63.63
2700,3,88,5,150.56,0.00,79.79
2701,1,57,6,108.09,0.00,60.53
2701,2,74,7,131.38,0.00,77.51
2701,3,91,8,154.67,0.00,95.89
2702,1,60,1,112.20,0.00,72.93
2702,2,77,2,135.49,0.00,92.13
2702,3,94,3,158.78,0.00,112.73
2703,1,63,4,116.31,0.00,41.87
2703,2,80,5,139.60,0.00,54.44
2703,3,97,6,162.89,0.00,68.41
2704,1,66,7,120.42,0.00,54.18
2704,2,83,8,143.71,0.00,68.98
2704,3,100,1,167.00,0.00,85.17
2705,1,69,2,124.53,0.00,67.24
2705,2,86,3,147.82,0.00,84.25
2705,3,103,4,171.11,0.00,102.66
2706,1,72,5,128.64,0.00,81.04
2706,2,89,6,151.93,0.00,100.27
2706,3,106,7,175.22,0.00,120.90
2707,1,75,8,132.75,0.00,95.58
2707,2,92,1,156.04,0.00,57.73
2707,3,109,2,179.33,0.00,71.73
2708,1,78,3,136.86,0.00,58.84
2708,2,95,4,160.15,0.00,73.66
2708,3,112,5,183.44,0.00,89.88
2709,1,81,6,140.97,0.00,73.30
2709,2,98,7,164.26,0.00,90.34
2709,3,3,8,34.11,0.00,19.78
2710,1,84,1,145.08,0.00,88.49
2710,2,101,2,168.37,0.00,107.75
2710,3,6,3,38.22,0.00,25.60
2711,1,87,4,149.19,0.00,104.43
2711,2,104,5,172.48,0.00,60.36
2711,3,9,6,42.33,0.00,16.08
2712,1,90,7,153.30,0.00,62.85
2712,2,107,8,176.59,0.00,77.69
2712,3,12,1,46.44,0.00,21.82
2713,1,93,2,157.41,0.00,78.70
2713,2,110,3,180.70,0.00,95.77
2713,3,15,4,50.55,0.00,28.30
2714,1,96,5,161.52,0.00,95.29
2714,2,1,6,31.37,0.00,19.44
2714,3,18,7,54.66,0.00,35.52
2715,1,99,8,165.63,0.00,112.62
2715,2,4,1,35.48,0.00,25.19
2715,3,21,2,58.77,0.00,21.15
2716,1,102,3,169.74,0.00,66.19
2716,2,7,4,39.59,0.00,16.62
2716,3,24,5,62.88,0.00,28.29
2717,1,105,6,173.85,0.00,83.44
2717,2,10,7,43.70,0.00,22.28
2717,3,27,8,66.99,0.00,36.17
2718,1,108,1,177.96,0.00,101.43
2718,2,13,2,47.81,0.00,28.68
2718,3,30,3,71.10,0.00,44.79
2719,1,111,4,182.07,0.00,120.16
2719,2,16,5,51.92,0.00,35.82
2719,3,33,6,75.21,0.00,54.15
2720,1,2,7,32.74,0.00,12.11
2720,2,19,8,56.03,0.00,22.41
2720,3,36,1,79.32,0.00,34.10
2721,1,5,2,36.85,0.00,16.95
2721,2,22,3,60.14,9.02,29.46
2721,3,39,4,83.43,16.68,43.38
2722,1,8,5,40.96,10.24,22.52
2722,2,25,6,64.25,3.21,37.26
2722,3,42,7,87.54,8.75,53.39
2723,1,11,8,45.07,6.76,28.84
2723,2,28,1,68.36,13.67,45.80
2723,3,45,2,91.65,22.91,64.15
2724,1,14,3,49.18,2.45,17.21
2724,2,31,4,72.47,7.24,27.53
2724,3,48,5,95.76,14.36,39.26
2725,1,17,6,53.29,10.65,23.44
2725,2,34,7,76.58,19.14,35.99
2725,3,51,8,99.87,4.99,49.93
2726,1,20,1,57.40,5.74,30.42
2726,2,37,2,80.69,12.10,45.18
2726,3,54,3,103.98,20.79,61.34
2727,1,23,4,61.51,15.37,38.13
2727,2,40,5,84.80,4.24,55.12
2727,3,57,6,108.09,10.80,73.50
2728,1,26,7,65.62,9.84,46.59
2728,2,43,8,88.91,17.78,32.00
2728,3,60,1,112.20,28.05,43.75
2729,1,29,2,69.73,3.48,29.28
2729,2,46,3,93.02,9.30,41.85
2729,3,63,4,116.31,17.44,55.82
2730,1,32,5,73.84,14.76,37.65
2730,2,49,6,97.13,24.28,52.45
2730,3,66,7,120.42,6.02,68.63
2731,1,35,8,77.95,7.79,46.77
2731,2,52,1,101.24,15.18,63.78
2731,3,69,2,124.53,24.90,82.18
2732,1,38,3,82.06,20.51,56.62
2732,2,55,4,105.35,5.26,75.85
2732,3,72,5,128.64,12.86,47.59
2733,1,41,6,86.17,12.92,34.46
2733,2,58,7,109.46,21.89,47.06
2733,3,75,8,132.75,33.18,61.06
2734,1,44,1,90.28,0.00,44.23
2734,2,61,2,113.57,0.00,59.05
2734,3,78,3,136.86,0.00,75.27
2735,1,47,4,94.39,0.00,54.74
2735,2,64,5,117.68,0.00,71.78
2735,3,81,6,140.97,0.00,90.22
2736,1,50,7,98.50,0.00,65.99
2736,2,67,8,121.79,0.00,85.25
2736,3,84,1,145.08,0.00,50.77
2737,1,53,2,102.61,0.00,38.99
2737,2,70,3,125.90,0.00,51.61
2737,3,87,4,149.19,0.00,65.64
2738,1,56,5,106.72,0.00,50.15
2738,2,73,6,130.01,0.00,65.00
2738,3,90,7,153.30,0.00,81.24
2739,1,59,8,110.83,0.00,62.06
2739,2,76,1,134.12,0.00,79.13
2739,3,93,2,157.41,0.00,97.59
2740,1,62,3,114.94,0.00,74.71
2740,2,79,4,138.23,0.00,93.99
2740,3,96,5,161.52,0.00,114.67
2741,1,65,6,119.05,0.00,42.85
2741,2,82,7,142.34,0.00,55.51
2741,3,99,8,165.63,0.00,69.56
2742,1,68,1,123.16,0.00,55.42
2742,2,85,2,146.45,0.00,70.29
2742,3,102,3,169.74,0.00,86.56
2743,1,71,4,127.27,0.00,68.72
2743,2,88,5,150.56,0.00,85.81
2743,3,105,6,173.85,0.00,104.31
2744,1,74,7,131.38,0.00,82.76
2744,2,91,8,154.67,0.00,102.08
2744,3,108,1,177.96,0.00,122.79
2745,1,77,2,135.49,0.00,97.55
2745,2,94,3,158.78,0.00,58.74
2745,3,111,4,182.07,0.00,72.82
2746,1,80,5,139.60,0.00,60.02
2746,2,97,6,162.89,0.00,74.92
2746,3,2,7,32.74,0.00,16.04
2747,1,83,8,143.71,0.00,74.72
2747,2,100,1,167.00,0.00,91.85
2747,3,5,2,36.85,0.00,21.37
2748,1,86,3,147.82,0.00,90.17
2748,2,103,4,171.11,0.00,109.51
2748,3,8,5,40.96,0.00,27.44
2749,1,89,6,151.93,0.00,106.35
2749,2,106,7,175.22,0.00,61.32
2749,3,11,8,45.07,0.00,17.12
2750,1,92,1,156.04,0.00,63.97
2750,2,109,2,179.33,0.00,78.90
2750,3,14,3,49.18,0.00,23.11
2751,1,95,4,160.15,0.00,80.07
2751,2,112,5,183.44,0.00,97.22
2751,3,17,6,53.29,0.00,29.84
2752,1,98,7,164.26,0.00,96.91
2752,2,3,8,34.11,0.00,21.14
2752,3,20,1,57.40,0.00,37.31
2753,1,101,2,168.37,0.00,114.49
2753,2,6,3,38.22,0.00,27.13
2753,3,23,4,61.51,0.00,22.14
2754,1,104,5,172.48,0.00,67.26
2754,2,9,6,42.33,0.00,17.77
2754,3,26,7,65.62,9.84,29.52
2755,1,107,8,176.59,35.31,84.76
2755,2,12,1,46.44,11.61,23.68
2755,3,29,2,69.73,3.48,37.65
2756,1,110,3,180.70,18.07,102.99
2756,2,15,4,50.55,7.58,30.33
2756,3,32,5,73.84,14.76,46.51
2757,1,1,6,31.37,7.84,20.70
2757,2,18,7,54.66,2.73,37.71
2757,3,35,8,77.95,7.79,56.12
2758,1,4,1,35.48,5.32,13.12
2758,2,21,2,58.77,11.75,23.50
2758,3,38,3,82.06,20.51,35.28
2759,1,7,4,39.59,1.97,18.21
2759,2,24,5,62.88,6.28,30.81
2759,3,41,6,86.17,12.92,44.80
2760,1,10,7,43.70,8.74,24.03
2760,2,27,8,66.99,16.74,38.85
2760,3,44,1,90.28,4.51,55.07
2761,1,13,2,47.81,4.78,30.59
2761,2,30,3,71.10,10.66,47.63
2761,3,47,4,94.39,18.87,66.07
2762,1,16,5,51.92,12.98,18.17
2762,2,33,6,75.21,3.76,28.57
2762,3,50,7,98.50,9.85,40.38
2763,1,19,8,56.03,8.40,24.65
2763,2,36,1,79.32,15.86,37.28
2763,3,53,2,102.61,25.65,51.30
2764,1,22,3,60.14,3.00,31.87
2764,2,39,4,83.43,8.34,46.72
2764,3,56,5,106.72,16.00,62.96
2765,1,25,6,64.25,12.85,39.83
2765,2,42,7,87.54,21.88,56.90
2765,3,59,8,110.83,5.54,75.36
2766,1,28,1,68.36,6.83,48.53
2766,2,45,2,91.65,13.74,32.99
2766,3,62,3,114.94,22.98,44.82
2767,1,31,4,72.47,18.11,30.43
2767,2,48,5,95.76,0.00,43.09
2767,3,65,6,119.05,0.00,57.14
2768,1,34,7,76.58,0.00,39.05
2768,2,51,8,99.87,0.00,53.92
2768,3,68,1,123.16,0.00,70.20
2769,1,37,2,80.69,0.00,48.41
2769,2,54,3,103.98,0.00,65.50
2769,3,71,4,127.27,0.00,83.99
2770,1,40,5,84.80,0.00,58.51
2770,2,57,6,108.09,0.00,77.82
2770,3,74,7,131.38,0.00,48.61
2771,1,43,8,88.91,0.00,35.56
2771,2,60,1,112.20,0.00,48.24
2771,3,77,2,135.49,0.00,62.32
2772,1,46,3,93.02,0.00,45.57
2772,2,63,4,116.31,0.00,60.48
2772,3,80,5,139.60,0.00,76.78
2773,1,49,6,97.13,0.00,56.33
2773,2,66,7,120.42,0.00,73.45
2773,3,83,8,143.71,0.00,91.97
2774,1,52,1,101.24,0.00,67.83
2774,2,69,2,124.53,0.00,87.17
2774,3,86,3,147.82,0.00,51.73
2775,1,55,4,105.35,0.00,40.03
2775,2,72,5,128.64,0.00,52.74
2775,3,89,6,151.93,0.00,66.84
2776,1,58,7,109.46,0.00,51.44
2776,2,75,8,132.75,0.00,66.37
2776,3,92,1,156.04,0.00,82.70
2777,1,61,2,113.57,0.00,63.59
2777,2,78,3,136.86,0.00,80.74
2777,3,95,4,160.15,0.00,99.29
2778,1,64,5,117.68,0.00,76.49
2778,2,81,6,140.97,0.00,95.85
2778,3,98,7,164.26,0.00,116.62
2779,1,67,8,121.79,0.00,43.84
2779,2,84,1,145.08,0.00,56.58
2779,3,101,2,168.37,0.00,70.71
2780,1,70,3,125.90,0.00,56.65
2780,2,87,4,149.19,0.00,71.61
2780,3,104,5,172.48,0.00,87.96
2781,1,73,6,130.01,0.00,70.20
2781,2,90,7,153.30,0.00,87.38
2781,3,107,8,176.59,0.00,105.95
2782,1,76,1,134.12,0.00,84.49
2782,2,93,2,157.41,0.00,103.89
2782,3,110,3,180.70,0.00,124.68
2783,1,79,4,138.23,0.00,99.52
2783,2,96,5,161.52,0.00,59.76
2783,3,1,6,31.37,0.00,12.54
2784,1,82,7,142.34,0.00,61.20
2784,2,99,8,165.63,0.00,76.18
2784,3,4,1,35.48,0.00,17.38
2785,1,85,2,146.45,0.00,76.15
2785,2,102,3,169.74,0.00,93.35
2785,3,7,4,39.59,0.00,22.96
2786,1,88,5,150.56,0.00,91.84
2786,2,105,6,173.85,0.00,111.26
2786,3,10,7,43.70,0.00,29.27
2787,1,91,8,154.67,0.00,108.26
2787,2,108,1,177.96,0.00,62.28
2787,3,13,2,47.81,0.00,18.16
2788,1,94,3,158.78,23.81,65.09
2788,2,111,4,182.07,36.41,80.11
2788,3,16,5,51.92,12.98,24.40
2789,1,97,6,162.89,8.14,81.44
2789,2,2,7,32.74,3.27,17.35
2789,3,19,8,56.03,8.40,31.37
2790,1,100,1,167.00,33.40,98.53
2790,2,5,2,36.85,9.21,22.84
2790,3,22,3,60.14,3.00,39.09
2791,1,103,4,171.11,17.11,116.35
2791,2,8,5,40.96,6.14,29.08
2791,3,25,6,64.25,12.85,23.13
2792,1,106,7,175.22,43.80,68.33
2792,2,11,8,45.07,2.25,18.92
2792,3,28,1,68.36,6.83,30.76
2793,1,109,2,179.33,26.89,86.07
2793,2,14,3,49.18,9.83,25.08
2793,3,31,4,72.47,18.11,39.13
2794,1,112,5,183.44,9.17,104.56
2794,2,17,6,53.29,5.32,31.97
2794,3,34,7,76.58,11.48,48.24
2795,1,3,8,34.11,6.82,22.51
2795,2,20,1,57.40,14.35,39.60
2795,3,37,2,80.69,4.03,58.09
2796,1,6,3,38.22,3.82,14.14
2796,2,23,4,61.51,9.22,24.60
2796,3,40,5,84.80,16.96,36.46
2797,1,9,6,42.33,10.58,19.47
2797,2,26,7,65.62,3.28,32.15
2797,3,43,8,88.91,8.89,46.23
2798,1,12,1,46.44,6.96,25.54
2798,2,29,2,69.73,13.94,40.44
2798,3,46,3,93.02,23.25,56.74
2799,1,15,4,50.55,2.52,32.35
2799,2,32,5,73.84,7.38,49.47
2799,3,49,6,97.13,14.56,67.99
2800,1,18,7,54.66,10.93,19.13
2800,2,35,8,77.95,19.48,29.62
2800,3,52,1,101.24,0.00,41.50
2801,1,21,2,58.77,0.00,25.85
2801,2,38,3,82.06,0.00,38.56
2801,3,55,4,105.35,0.00,52.67
2802,1,24,5,62.88,0.00,33.32
2802,2,41,6,86.17,0.00,48.25
2802,3,58,7,109.46,0.00,64.58
2803,1,27,8,66.99,0.00,41.53
2803,2,44,1,90.28,0.00,58.68
2803,3,61,2,113.57,0.00,77.22
2804,1,30,3,71.10,0.00,50.48
2804,2,47,4,94.39,0.00,33.98
2804,3,64,5,117.68,0.00,45.89
2805,1,33,6,75.21,0.00,31.58
2805,2,50,7,98.50,0.00,44.32
2805,3,67,8,121.79,0.00,58.45
2806,1,36,1,79.32,0.00,40.45
2806,2,53,2,102.61,0.00,55.40
2806,3,70,3,125.90,0.00,71.76
2807,1,39,4,83.43,0.00,50.05
2807,2,56,5,106.72,0.00,67.23
2807,3,73,6,130.01,0.00,85.80
2808,1,42,7,87.54,0.00,60.40
2808,2,59,8,110.83,0.00,79.79
2808,3,76,1,134.12,0.00,49.62
2809,1,45,2,91.65,0.00,36.66
2809,2,62,3,114.94,0.00,49.42
2809,3,79,4,138.23,0.00,63.58
2810,1,48,5,95.76,0.00,46.92
2810,2,65,6,119.05,0.00,61.90
2810,3,82,7,142.34,0.00,78.28
2811,1,51,8,99.87,0.00,57.92
2811,2,68,1,123.16,0.00,75.12
2811,3,85,2,146.45,0.00,93.72
2812,1,54,3,103.98,0.00,69.66
2812,2,71,4,127.27,0.00,89.08
2812,3,88,5,150.56,0.00,52.69
2813,1,57,6,108.09,0.00,41.07
2813,2,74,7,131.38,0.00,53.86
2813,3,91,8,154.67,0.00,68.05
2814,1,60,1,112.20,0.00,52.73
2814,2,77,2,135.49,0.00,67.74
2814,3,94,3,158.78,0.00,84.15
2815,1,63,4,116.31,0.00,65.13
2815,2,80,5,139.60,0.00,82.36
2815,3,97,6,162.89,0.00,100.99
2816,1,66,7,120.42,0.00,78.27
2816,2,83,8,143.71,0.00,97.72
2816,3,100,1,167.00,0.00,118.57
2817,1,69,2,124.53,0.00,44.83
2817,2,86,3,147.82,0.00,57.64
2817,3,103,4,171.11,0.00,71.86
2818,1,72,5,128.64,0.00,57.88
2818,2,89,6,151.93,0.00,72.92
2818,3,106,7,175.22,0.00,89.36
2819,1,75,8,132.75,0.00,71.68
2819,2,92,1,156.04,0.00,88.94
2819,3,109,2,179.33,0.00,107.59
2820,1,78,3,136.86,0.00,86.22
2820,2,95,4,160.15,0.00,105.69
2820,3,112,5,183.44,0.00,126.57
2821,1,81,6,140.97,0.00,101.49
2821,2,98,7,164.26,24.63,60.77
2821,3,3,8,34.11,6.82,13.64
2822,1,84,1,145.08,36.27,62.38
2822,2,101,2,168.37,8.41,77.45
2822,3,6,3,38.22,3.82,18.72
2823,1,87,4,149.19,22.37,77.57
2823,2,104,5,172.48,34.49,94.86
2823,3,9,6,42.33,10.58,24.55
2824,1,90,7,153.30,7.66,93.51
2824,2,107,8,176.59,17.65,113.01
2824,3,12,1,46.44,6.96,31.11
2825,1,93,2,157.41,31.48,110.18
2825,2,110,3,180.70,45.17,63.24
2825,3,15,4,50.55,2.52,19.20
2826,1,96,5,161.52,16.15,66.22
2826,2,1,6,31.37,4.70,13.80
2826,3,18,7,54.66,10.93,25.69
2827,1,99,8,165.63,41.40,82.81
2827,2,4,1,35.48,1.77,18.80
2827,3,21,2,58.77,5.87,32.91
2828,1,102,3,169.74,25.46,100.14
2828,2,7,4,39.59,7.91,24.54
2828,3,24,5,62.88,15.72,40.87
2829,1,105,6,173.85,8.69,118.21
2829,2,10,7,43.70,4.37,31.02
2829,3,27,8,66.99,10.04,24.11
2830,1,108,1,177.96,35.59,69.40
2830,2,13,2,47.81,11.95,20.08
2830,3,30,3,71.10,3.55,31.99
2831,1,111,4,182.07,18.20,87.39
2831,2,16,5,51.92,7.78,26.47
2831,3,33,6,75.21,15.04,40.61
2832,1,2,7,32.74,8.18,18.66
2832,2,19,8,56.03,2.80,33.61
2832,3,36,1,79.32,7.93,49.97
2833,1,5,2,36.85,5.52,24.32
2833,2,22,3,60.14,12.02,41.49
2833,3,39,4,83.43,20.85,60.06
2834,1,8,5,40.96,0.00,15.15
2834,2,25,6,64.25,0.00,25.70
2834,3,42,7,87.54,0.00,37.64
2835,1,11,8,45.07,0.00,20.73
2835,2,28,1,68.36,0.00,33.49
2835,3,45,2,91.65,0.00,47.65
2836,1,14,3,49.18,0.00,27.04
2836,2,31,4,72.47,0.00,42.03
2836,3,48,5,95.76,0.00,58.41
2837,1,17,6,53.29,0.00,34.10
2837,2,34,7,76.58,0.00,51.30
2837,3,51,8,99.87,0.00,69.90
2838,1,20,1,57.40,0.00,20.09
2838,2,37,2,80.69,0.00,30.66
2838,3,54,3,103.98,0.00,42.63
2839,1,23,4,61.51,0.00,27.06
2839,2,40,5,84.80,0.00,39.85
2839,3,57,6,108.09,0.00,54.04
2840,1,26,7,65.62,0.00,34.77
2840,2,43,8,88.91,0.00,49.78
2840,3,60,1,112.20,0.00,66.19
2841,1,29,2,69.73,0.00,43.23
2841,2,46,3,93.02,0.00,60.46
2841,3,63,4,116.31,0.00,79.09
2842,1,32,5,73.84,0.00,52.42
2842,2,49,6,97.13,0.00,34.96
2842,3,66,7,120.42,0.00,46.96
2843,1,35,8,77.95,0.00,32.73
2843,2,52,1,101.24,0.00,45.55
2843,3,69,2,124.53,0.00,59.77
2844,1,38,3,82.06,0.00,41.85
2844,2,55,4,105.35,0.00,56.88
2844,3,72,5,128.64,0.00,73.32
2845,1,41,6,86.17,0.00,51.70
2845,2,58,7,109.46,0.00,68.95
2845,3,75,8,132.75,0.00,87.61
2846,1,44,1,90.28,0.00,62.29
2846,2,61,2,113.57,0.00,81.77
2846,3,78,3,136.86,0.00,50.63
2847,1,47,4,94.39,0.00,37.75
2847,2,64,5,117.68,0.00,50.60
2847,3,81,6,140.97,0.00,64.84
2848,1,50,7,98.50,0.00,48.26
2848,2,67,8,121.79,0.00,63.33
2848,3,84,1,145.08,0.00,79.79
2849,1,53,2,102.61,0.00,59.51
2849,2,70,3,125.90,0.00,76.79
2849,3,87,4,149.19,0.00,95.48
2850,1,56,5,106.72,0.00,71.50
2850,2,73,6,130.01,0.00,91.00
2850,3,90,7,153.30,0.00,53.65
2851,1,59,8,110.83,0.00,42.11
2851,2,76,1,134.12,0.00,54.98
2851,3,93,2,157.41,0.00,69.26
2852,1,62,3,114.94,0.00,54.02
2852,2,79,4,138.23,0.00,69.11
2852,3,96,5,161.52,0.00,85.60
2853,1,65,6,119.05,0.00,66.66
2853,2,82,7,142.34,0.00,83.98
2853,3,99,8,165.63,0.00,102.69
2854,1,68,1,123.16,0.00,80.05
2854,2,85,2,146.45,0.00,99.58
2854,3,102,3,169.74,25.46,120.51
2855,1,71,4,127.27,25.45,45.81
2855,2,88,5,150.56,37.64,58.71
2855,3,105,6,173.85,8.69,73.01
2856,1,74,7,131.38,13.13,59.12
2856,2,91,8,154.67,23.20,74.24
2856,3,108,1,177.96,35.59,90.75
2857,1,77,2,135.49,33.87,73.16
2857,2,94,3,158.78,7.93,90.50
2857,3,111,4,182.07,18.20,109.24
2858,1,80,5,139.60,20.94,87.94
2858,2,97,6,162.89,32.57,107.50
2858,3,2,7,32.74,8.18,22.59
2859,1,83,8,143.71,7.18,103.47
2859,2,100,1,167.00,16.70,61.79
2859,3,5,2,36.85,5.52,14.74
2860,1,86,3,147.82,29.56,63.56
2860,2,103,4,171.11,42.77,78.71
2860,3,8,5,40.96,2.04,20.07
2861,1,89,6,151.93,15.19,79.00
2861,2,106,7,175.22,26.28,96.37
2861,3,11,8,45.07,9.01,26.14
2862,1,92,1,156.04,39.01,95.18
2862,2,109,2,179.33,8.96,114.77
2862,3,14,3,49.18,4.91,32.95
2863,1,95,4,160.15,24.02,112.10
2863,2,112,5,183.44,36.68,64.20
2863,3,17,6,53.29,13.32,20.25
2864,1,98,7,164.26,8.21,67.34
2864,2,3,8,34.11,3.41,15.00
2864,3,20,1,57.40,8.61,26.97
2865,1,101,2,168.37,33.67,84.18
2865,2,6,3,38.22,9.55,20.25
2865,3,23,4,61.51,3.07,34.44
2866,1,104,5,172.48,17.24,101.76
2866,2,9,6,42.33,6.34,26.24
2866,3,26,7,65.62,13.12,42.65
2867,1,107,8,176.59,44.14,120.08
2867,2,12,1,46.44,0.00,32.97
2867,3,29,2,69.73,0.00,25.10
2868,1,110,3,180.70,0.00,70.47
2868,2,15,4,50.55,0.00,21.23
2868,3,32,5,73.84,0.00,33.22
2869,1,1,6,31.37,0.00,15.05
2869,2,18,7,54.66,0.00,27.87
2869,3,35,8,77.95,0.00,42.09
2870,1,4,1,35.48,0.00,20.22
2870,2,21,2,58.77,0.00,35.26
2870,3,38,3,82.06,0.00,51.69
2871,1,7,4,39.59,0.00,26.12
2871,2,24,5,62.88,0.00,43.38
2871,3,41,6,86.17,0.00,62.04
2872,1,10,7,43.70,0.00,16.16
2872,2,27,8,66.99,0.00,26.79
2872,3,44,1,90.28,0.00,38.82
2873,1,13,2,47.81,0.00,21.99
2873,2,30,3,71.10,0.00,34.83
2873,3,47,4,94.39,0.00,49.08
2874,1,16,5,51.92,0.00,28.55
2874,2,33,6,75.21,0.00,43.62
2874,3,50,7,98.50,0.00,60.08
2875,1,19,8,56.03,0.00,35.85
2875,2,36,1,79.32,0.00,53.14
2875,3,53,2,102.61,0.00,71.82
2876,1,22,3,60.14,0.00,21.04
2876,2,39,4,83.43,0.00,31.70
2876,3,56,5,106.72,0.00,43.75
2877,1,25,6,64.25,0.00,28.27
2877,2,42,7,87.54,0.00,41.14
2877,3,59,8,110.83,0.00,55.41
2878,1,28,1,68.36,0.00,36.23
2878,2,45,2,91.65,0.00,51.32
2878,3,62,3,114.94,0.00,67.81
2879,1,31,4,72.47,0.00,44.93
2879,2,48,5,95.76,0.00,62.24
2879,3,65,6,119.05,0.00,80.95
2880,1,34,7,76.58,0.00,54.37
2880,2,51,8,99.87,0.00,35.95
2880,3,68,1,123.16,0.00,48.03
2881,1,37,2,80.69,0.00,33.88
2881,2,54,3,103.98,0.00,46.79
2881,3,71,4,127.27,0.00,61.08
2882,1,40,5,84.80,0.00,43.24
2882,2,57,6,108.09,0.00,58.36
2882,3,74,7,131.38,0.00,74.88
2883,1,43,8,88.91,0.00,53.34
2883,2,60,1,112.20,0.00,70.68
2883,3,77,2,135.49,0.00,89.42
2884,1,46,3,93.02,0.00,64.18
2884,2,63,4,116.31,0.00,83.74
2884,3,80,5,139.60,0.00,51.65
2885,1,49,6,97.13,0.00,38.85
2885,2,66,7,120.42,0.00,51.78
2885,3,83,8,143.71,0.00,66.10
2886,1,52,1,101.24,0.00,49.60
2886,2,69,2,124.53,0.00,64.75
2886,3,86,3,147.82,0.00,81.30
2887,1,55,4,105.35,0.00,61.10
2887,2,72,5,128.64,0.00,78.47
2887,3,89,6,151.93,0.00,97.23
2888,1,58,7,109.46,16.41,73.33
2888,2,75,8,132.75,26.55,92.92
2888,3,92,1,156.04,39.01,54.61
2889,1,61,2,113.57,5.67,43.15
2889,2,78,3,136.86,13.68,56.11
2889,3,95,4,160.15,24.02,70.46
2890,1,64,5,117.68,23.53,55.30
2890,2,81,6,140.97,35.24,70.48
2890,3,98,7,164.26,8.21,87.05
2891,1,67,8,121.79,12.17,68.20
2891,2,84,1,145.08,21.76,85.59
2891,3,101,2,168.37,33.67,104.38
2892,1,70,3,125.90,31.47,81.83
2892,2,87,4,149.19,7.45,101.44
2892,3,104,5,172.48,17.24,122.46
2893,1,73,6,130.01,19.50,46.80
2893,2,90,7,153.30,30.66,59.78
2893,3,107,8,176.59,44.14,74.16
2894,1,76,1,134.12,6.70,60.35
2894,2,93,2,157.41,15.74,75.55
2894,3,110,3,180.70,27.10,92.15
2895,1,79,4,138.23,27.64,74.64
2895,2,96,5,161.52,40.38,92.06
2895,3,1,6,31.37,1.56,18.82
2896,1,82,7,142.34,14.23,89.67
2896,2,99,8,165.63,24.84,109.31
2896,3,4,1,35.48,7.09,24.48
2897,1,85,2,146.45,36.61,105.44
2897,2,102,3,169.74,8.48,62.80
2897,3,7,4,39.59,3.95,15.83
2898,1,88,5,150.56,22.58,64.74
2898,2,105,6,173.85,34.77,79.97
2898,3,10,7,43.70,10.92,21.41
2899,1,91,8,154.67,7.73,80.42
2899,2,108,1,177.96,17.79,97.87
2899,3,13,2,47.81,7.17,27.72
2900,1,94,3,158.78,31.75,96.85
2900,2,111,4,182.07,45.51,116.52
2900,3,16,5,51.92,0.00,34.78
2901,1,97,6,162.89,0.00,114.02
2901,2,2,7,32.74,0.00,11.45
2901,3,19,8,56.03,0.00,21.29
2902,1,100,1,167.00,0.00,68.47
2902,2,5,2,36.85,0.00,16.21
2902,3,22,3,60.14,0.00,28.26
2903,1,103,4,171.11,0.00,85.55
2903,2,8,5,40.96,0.00,21.70
2903,3,25,6,64.25,0.00,35.98
2904,1,106,7,175.22,0.00,103.37
2904,2,11,8,45.07,0.00,27.94
2904,3,28,1,68.36,0.00,44.43
2905,1,109,2,179.33,0.00,121.94
2905,2,14,3,49.18,0.00,34.91
2905,3,31,4,72.47,0.00,26.08
2906,1,112,5,183.44,0.00,71.54
2906,2,17,6,53.29,0.00,22.38
2906,3,34,7,76.58,0.00,34.46
2907,1,3,8,34.11,0.00,16.37
2907,2,20,1,57.40,0.00,29.27
2907,3,37,2,80.69,0.00,43.57
2908,1,6,3,38.22,0.00,21.78
2908,2,23,4,61.51,0.00,36.90
2908,3,40,5,84.80,0.00,53.42
2909,1,9,6,42.33,0.00,27.93
2909,2,26,7,65.62,0.00,45.27
2909,3,43,8,88.91,0.00,64.01
2910,1,12,1,46.44,0.00,17.18
2910,2,29,2,69.73,0.00,27.89
2910,3,46,3,93.02,0.00,39.99
2911,1,15,4,50.55,0.00,23.25
2911,2,32,5,73.84,0.00,36.18
2911,3,49,6,97.13,0.00,50.50
2912,1,18,7,54.66,0.00,30.06
2912,2,35,8,77.95,0.00,45.21
2912,3,52,1,101.24,0.00,61.75
2913,1,21,2,58.77,0.00,37.61
2913,2,38,3,82.06,0.00,54.98
2913,3,55,4,105.35,0.00,73.74
2914,1,24,5,62.88,0.00,22.00
2914,2,41,6,86.17,0.00,32.74
2914,3,58,7,109.46,0.00,44.87
2915,1,27,8,66.99,0.00,29.47
2915,2,44,1,90.28,0.00,42.43
2915,3,61,2,113.57,0.00,56.78
2916,1,30,3,71.10,0.00,37.68
2916,2,47,4,94.39,0.00,52.85
2916,3,64,5,117.68,0.00,69.43
2917,1,33,6,75.21,0.00,46.63
2917,2,50,7,98.50,0.00,64.02
2917,3,67,8,121.79,0.00,82.81
2918,1,36,1,79.32,0.00,56.31
2918,2,53,2,102.61,0.00,36.93
2918,3,70,3,125.90,0.00,49.10
2919,1,39,4,83.43,0.00,35.04
2919,2,56,5,106.72,0.00,48.02
2919,3,73,6,130.01,0.00,62.40
2920,1,42,7,87.54,0.00,44.64
2920,2,59,8,110.83,0.00,59.84
2920,3,76,1,134.12,0.00,76.44
2921,1,45,2,91.65,0.00,54.99
2921,2,62,3,114.94,17.24,72.41
2921,3,79,4,138.23,27.64,91.23
2922,1,48,5,95.76,23.94,66.07
2922,2,65,6,119.05,5.95,85.71
2922,3,82,7,142.34,14.23,52.66
2923,1,51,8,99.87,14.98,39.94
2923,2,68,1,123.16,24.63,52.95
2923,3,85,2,146.45,36.61,67.36
2924,1,54,3,103.98,5.19,50.95
2924,2,71,4,127.27,12.72,66.18
2924,3,88,5,150.56,22.58,82.80
2925,1,57,6,108.09,21.61,62.69
2925,2,74,7,131.38,32.84,80.14
2925,3,91,8,154.67,7.73,98.98
2926,1,60,1,112.20,11.22,75.17
2926,2,77,2,135.49,20.32,94.84
2926,3,94,3,158.78,31.75,55.57
2927,1,63,4,116.31,29.07,44.19
2927,2,80,5,139.60,6.98,57.23
2927,3,97,6,162.89,16.28,71.67
2928,1,66,7,120.42,18.06,56.59
2928,2,83,8,143.71,28.74,71.85
2928,3,100,1,167.00,41.75,88.51
2929,1,69,2,124.53,6.22,69.73
2929,2,86,3,147.82,14.78,87.21
2929,3,103,4,171.11,25.66,106.08
2930,1,72,5,128.64,25.72,83.61
2930,2,89,6,151.93,37.98,103.31
2930,3,106,7,175.22,8.76,124.40
2931,1,75,8,132.75,13.27,47.79
2931,2,92,1,156.04,23.40,60.85
2931,3,109,2,179.33,35.86,75.31
2932,1,78,3,136.86,34.21,61.58
2932,2,95,4,160.15,8.00,76.87
2932,3,112,5,183.44,18.34,93.55
2933,1,81,6,140.97,21.14,76.12
2933,2,98,7,164.26,32.85,93.62
2933,3,3,8,34.11,8.52,20.46
2934,1,84,1,145.08,0.00,91.40
2934,2,101,2,168.37,0.00,111.12
2934,3,6,3,38.22,0.00,26.37
2935,1,87,4,149.19,0.00,107.41
2935,2,104,5,172.48,0.00,63.81
2935,3,9,6,42.33,0.00,16.93
2936,1,90,7,153.30,0.00,65.91
2936,2,107,8,176.59,0.00,81.23
2936,3,12,1,46.44,0.00,22.75
2937,1,93,2,157.41,0.00,81.85
2937,2,110,3,180.70,0.00,99.38
2937,3,15,4,50.55,0.00,29.31
2938,1,96,5,161.52,0.00,98.52
2938,2,1,6,31.37,0.00,20.07
2938,3,18,7,54.66,0.00,36.62
2939,1,99,8,165.63,0.00,115.94
2939,2,4,1,35.48,0.00,12.41
2939,3,21,2,58.77,0.00,22.33
2940,1,102,3,169.74,0.00,69.59
2940,2,7,4,39.59,0.00,17.41
2940,3,24,5,62.88,0.00,29.55
2941,1,105,6,173.85,0.00,86.92
2941,2,10,7,43.70,0.00,23.16
2941,3,27,8,66.99,0.00,37.51
2942,1,108,1,177.96,0.00,104.99
2942,2,13,2,47.81,0.00,29.64
2942,3,30,3,71.10,0.00,46.21
2943,1,111,4,182.07,0.00,123.80
2943,2,16,5,51.92,0.00,36.86
2943,3,33,6,75.21,0.00,27.07
2944,1,2,7,32.74,0.00,12.76
2944,2,19,8,56.03,0.00,23.53
2944,3,36,1,79.32,0.00,35.69
2945,1,5,2,36.85,0.00,17.68
2945,2,22,3,60.14,0.00,30.67
2945,3,39,4,83.43,0.00,45.05
2946,1,8,5,40.96,0.00,23.34
2946,2,25,6,64.25,0.00,38.55
2946,3,42,7,87.54,0.00,55.15
2947,1,11,8,45.07,0.00,29.74
2947,2,28,1,68.36,0.00,47.16
2947,3,45,2,91.65,0.00,65.98
2948,1,14,3,49.18,0.00,18.19
2948,2,31,4,72.47,0.00,28.98
2948,3,48,5,95.76,0.00,41.17
2949,1,17,6,53.29,0.00,24.51
2949,2,34,7,76.58,0.00,37.52
2949,3,51,8,99.87,0.00,51.93
2950,1,20,1,57.40,0.00,31.57
2950,2,37,2,80.69,0.00,46.80
2950,3,54,3,103.98,0.00,63.42
2951,1,23,4,61.51,0.00,39.36
2951,2,40,5,84.80,0.00,56.81
2951,3,57,6,108.09,0.00,75.66
2952,1,26,7,65.62,0.00,22.96
2952,2,43,8,88.91,0.00,33.78
2952,3,60,1,112.20,0.00,46.00
2953,1,29,2,69.73,0.00,30.68
2953,2,46,3,93.02,0.00,43.71
2953,3,63,4,116.31,0.00,58.15
2954,1,32,5,73.84,0.00,39.13
2954,2,49,6,97.13,0.00,54.39
2954,3,66,7,120.42,18.06,71.04
2955,1,35,8,77.95,15.59,48.32
2955,2,52,1,101.24,25.31,65.80
2955,3,69,2,124.53,6.22,84.68
2956,1,38,3,82.06,8.20,58.26
2956,2,55,4,105.35,15.80,37.92
2956,3,72,5,128.64,25.72,50.16
2957,1,41,6,86.17,21.54,36.19
2957,2,58,7,109.46,5.47,49.25
2957,3,75,8,132.75,13.27,63.72
2958,1,44,1,90.28,13.54,46.04
2958,2,61,2,113.57,22.71,61.32
2958,3,78,3,136.86,34.21,78.01
2959,1,47,4,94.39,4.71,56.63
2959,2,64,5,117.68,11.76,74.13
2959,3,81,6,140.97,21.14,93.04
2960,1,50,7,98.50,19.70,67.96
2960,2,67,8,121.79,30.44,87.68
2960,3,84,1,145.08,7.25,53.67
2961,1,53,2,102.61,10.26,41.04
2961,2,70,3,125.90,18.88,54.13
2961,3,87,4,149.19,29.83,68.62
2962,1,56,5,106.72,26.68,52.29
2962,2,73,6,130.01,6.50,67.60
2962,3,90,7,153.30,15.33,84.31
2963,1,59,8,110.83,16.62,64.28
2963,2,76,1,134.12,26.82,81.81
2963,3,93,2,157.41,39.35,100.74
2964,1,62,3,114.94,5.74,77.00
2964,2,79,4,138.23,13.82,96.76
2964,3,96,5,161.52,24.22,56.53
2965,1,65,6,119.05,23.81,45.23
2965,2,82,7,142.34,35.58,58.35
2965,3,99,8,165.63,8.28,72.87
2966,1,68,1,123.16,12.31,57.88
2966,2,85,2,146.45,21.96,73.22
2966,3,102,3,169.74,33.94,89.96
2967,1,71,4,127.27,31.81,71.27
2967,2,88,5,150.56,0.00,88.83
2967,3,105,6,173.85,0.00,107.78
2968,1,74,7,131.38,0.00,85.39
2968,2,91,8,154.67,0.00,105.17
2968,3,108,1,177.96,0.00,126.35
2969,1,77,2,135.49,0.00,48.77
2969,2,94,3,158.78,0.00,61.92
2969,3,111,4,182.07,0.00,76.46
2970,1,80,5,139.60,0.00,62.82
2970,2,97,6,162.89,0.00,78.18
2970,3,2,7,32.74,0.00,16.69
2971,1,83,8,143.71,0.00,77.60
2971,2,100,1,167.00,0.00,95.19
2971,3,5,2,36.85,0.00,22.11
2972,1,86,3,147.82,0.00,93.12
2972,2,103,4,171.11,0.00,112.93
2972,3,8,5,40.96,0.00,28.26
2973,1,89,6,151.93,0.00,109.38
2973,2,106,7,175.22,0.00,64.83
2973,3,11,8,45.07,0.00,18.02
2974,1,92,1,156.04,0.00,67.09
2974,2,109,2,179.33,0.00,82.49
2974,3,14,3,49.18,0.00,24.09
2975,1,95,4,160.15,0.00,83.27
2975,2,112,5,183.44,0.00,100.89
2975,3,17,6,53.29,0.00,30.90
2976,1,98,7,164.26,0.00,100.19
2976,2,3,8,34.11,0.00,21.83
2976,3,20,1,57.40,0.00,38.45
2977,1,101,2,168.37,0.00,117.85
2977,2,6,3,38.22,0.00,13.37
2977,3,23,4,61.51,0.00,23.37
2978,1,104,5,172.48,0.00,70.71
2978,2,9,6,42.33,0.00,18.62
2978,3,26,7,65.62,0.00,30.84
2979,1,107,8,176.59,0.00,88.29
2979,2,12,1,46.44,0.00,24.61
2979,3,29,2,69.73,0.00,39.04
2980,1,110,3,180.70,0.00,106.61
2980,2,15,4,50.55,0.00,31.34
2980,3,32,5,73.84,0.00,47.99
2981,1,1,6,31.37,0.00,21.33
2981,2,18,7,54.66,0.00,38.80
2981,3,35,8,77.95,0.00,28.06
2982,1,4,1,35.48,0.00,13.83
2982,2,21,2,58.77,0.00,24.68
2982,3,38,3,82.06,0.00,36.92
2983,1,7,4,39.59,0.00,19.00
2983,2,24,5,62.88,0.00,32.06
2983,3,41,6,86.17,0.00,46.53
2984,1,10,7,43.70,0.00,24.90
2984,2,27,8,66.99,0.00,40.19
2984,3,44,1,90.28,0.00,56.87
2985,1,13,2,47.81,0.00,31.55
2985,2,30,3,71.10,0.00,49.05
2985,3,47,4,94.39,0.00,67.96
2986,1,16,5,51.92,0.00,19.21
2986,2,33,6,75.21,0.00,30.08
2986,3,50,7,98.50,0.00,42.35
2987,1,19,8,56.03,0.00,25.77
2987,2,36,1,79.32,0.00,38.86
2987,3,53,2,102.61,0.00,53.35
2988,1,22,3,60.14,9.02,33.07
2988,2,39,4,83.43,16.68,48.38
2988,3,56,5,106.72,26.68,65.09
2989,1,25,6,64.25,3.21,41.12
2989,2,42,7,87.54,8.75,58.65
2989,3,59,8,110.83,16.62,77.58
2990,1,28,1,68.36,13.67,23.92
2990,2,45,2,91.65,22.91,34.82
2990,3,62,3,114.94,5.74,47.12
2991,1,31,4,72.47,7.24,31.88
2991,2,48,5,95.76,14.36,45.00
2991,3,65,6,119.05,23.81,59.52
2992,1,34,7,76.58,19.14,40.58
2992,2,51,8,99.87,4.99,55.92
2992,3,68,1,123.16,12.31,72.66
2993,1,37,2,80.69,12.10,50.02
2993,2,54,3,103.98,20.79,67.58
2993,3,71,4,127.27,31.81,86.54
2994,1,40,5,84.80,4.24,60.20
2994,2,57,6,108.09,10.80,38.91
2994,3,74,7,131.38,19.70,51.23
2995,1,43,8,88.91,17.78,37.34
2995,2,60,1,112.20,28.05,50.49
2995,3,77,2,135.49,6.77,65.03
2996,1,46,3,93.02,9.30,47.44
2996,2,63,4,116.31,17.44,62.80
2996,3,80,5,139.60,27.92,79.57
2997,1,49,6,97.13,24.28,58.27
2997,2,66,7,120.42,6.02,75.86
2997,3,83,8,143.71,14.37,94.84
2998,1,52,1,101.24,15.18,69.85
2998,2,69,2,124.53,24.90,89.66
2998,3,86,3,147.82,36.95,54.69
2999,1,55,4,105.35,5.26,42.14
2999,2,72,5,128.64,12.86,55.31
2999,3,89,6,151.93,22.78,69.88
3000,1,58,7,109.46,21.89,53.63
3000,2,75,8,132.75,33.18,69.03
3000,3,92,1,156.04,0.00,85.82
3001,1,61,2,113.57,0.00,65.87
3001,2,78,3,136.86,0.00,83.48
3001,3,95,4,160.15,0.00,102.49
3002,1,64,5,117.68,0.00,78.84
3002,2,81,6,140.97,0.00,98.67
3002,3,98,7,164.26,0.00,57.49
3003,1,67,8,121.79,0.00,46.28
3003,2,84,1,145.08,0.00,59.48
3003,3,101,2,168.37,0.00,74.08
3004,1,70,3,125.90,0.00,59.17
3004,2,87,4,149.19,0.00,74.59
3004,3,104,5,172.48,0.00,91.41
3005,1,73,6,130.01,0.00,72.80
3005,2,90,7,153.30,0.00,90.44
3005,3,107,8,176.59,0.00,109.48
3006,1,76,1,134.12,0.00,87.17
3006,2,93,2,157.41,0.00,107.03
3006,3,110,3,180.70,0.00,128.29
3007,1,79,4,138.23,0.00,49.76
3007,2,96,5,161.52,0.00,62.99
3007,3,1,6,31.37,0.00,13.17
3008,1,82,7,142.34,0.00,64.05
3008,2,99,8,165.63,0.00,79.50
3008,3,4,1,35.48,0.00,18.09
3009,1,85,2,146.45,0.00,79.08
3009,2,102,3,169.74,0.00,96.75
3009,3,7,4,39.59,0.00,23.75
3010,1,88,5,150.56,0.00,94.85
3010,2,105,6,173.85,0.00,114.74
3010,3,10,7,43.70,0.00,30.15
3011,1,91,8,154.67,0.00,111.36
3011,2,108,1,177.96,0.00,65.84
3011,3,13,2,47.81,0.00,19.12
3012,1,94,3,158.78,0.00,68.27
3012,2,111,4,182.07,0.00,83.75
3012,3,16,5,51.92,0.00,25.44
3013,1,97,6,162.89,0.00,84.70
3013,2,2,7,32.74,0.00,18.00
3013,3,19,8,56.03,0.00,32.49
3014,1,100,1,167.00,0.00,101.87
3014,2,5,2,36.85,0.00,23.58
3014,3,22,3,60.14,0.00,40.29
3015,1,103,4,171.11,0.00,119.77
3015,2,8,5,40.96,0.00,14.33
3015,3,25,6,64.25,0.00,24.41
3016,1,106,7,175.22,0.00,71.84
3016,2,11,8,45.07,0.00,19.83
3016,3,28,1,68.36,0.00,32.12
3017,1,109,2,179.33,0.00,89.66
3017,2,14,3,49.18,0.00,26.06
3017,3,31,4,72.47,0.00,40.58
3018,1,112,5,183.44,0.00,108.22
3018,2,17,6,53.29,0.00,33.03
3018,3,34,7,76.58,0.00,49.77
3019,1,3,8,34.11,0.00,23.19
3019,2,20,1,57.40,0.00,40.75
3019,3,37,2,80.69,0.00,29.04
3020,1,6,3,38.22,0.00,14.90
3020,2,23,4,61.51,0.00,25.83
3020,3,40,5,84.80,0.00,38.16
3021,1,9,6,42.33,0.00,20.31
3021,2,26,7,65.62,9.84,33.46
3021,3,43,8,88.91,17.78,48.01
3022,1,12,1,46.44,11.61,26.47
3022,2,29,2,69.73,3.48,41.83
3022,3,46,3,93.02,9.30,58.60
3023,1,15,4,50.55,7.58,33.36
3023,2,32,5,73.84,14.76,50.94
3023,3,49,6,97.13,24.28,69.93
3024,1,18,7,54.66,2.73,20.22
3024,2,35,8,77.95,7.79,31.18
3024,3,52,1,101.24,15.18,43.53
3025,1,21,2,58.77,11.75,27.03
3025,2,38,3,82.06,20.51,40.20
3025,3,55,4,105.35,5.26,54.78
3026,1,24,5,62.88,6.28,34.58
3026,2,41,6,86.17,12.92,49.97
3026,3,58,7,109.46,21.89,66.77
3027,1,27,8,66.99,16.74,42.87
3027,2,44,1,90.28,4.51,60.48
3027,3,61,2,113.57,11.35,79.49
3028,1,30,3,71.10,10.66,24.88
3028,2,47,4,94.39,18.87,35.86
3028,3,64,5,117.68,29.42,48.24
3029,1,33,6,75.21,3.76,33.09
3029,2,50,7,98.50,9.85,46.29
3029,3,67,8,121.79,18.26,60.89
3030,1,36,1,79.32,15.86,42.03
3030,2,53,2,102.61,25.65,57.46
3030,3,70,3,125.90,6.29,74.28
3031,1,39,4,83.43,8.34,51.72
3031,2,56,5,106.72,16.00,69.36
3031,3,73,6,130.01,26.00,88.40
3032,1,42,7,87.54,21.88,62.15
3032,2,59,8,110.83,5.54,39.89
3032,3,76,1,134.12,13.41,52.30
3033,1,45,2,91.65,13.74,38.49
3033,2,62,3,114.94,22.98,51.72
3033,3,79,4,138.23,34.55,66.35
3034,1,48,5,95.76,0.00,48.83
3034,2,65,6,119.05,0.00,64.28
3034,3,82,7,142.34,0.00,81.13
3035,1,51,8,99.87,0.00,59.92
3035,2,68,1,123.16,0.00,77.59
3035,3,85,2,146.45,0.00,96.65
3036,1,54,3,103.98,0.00,71.74
3036,2,71,4,127.27,0.00,91.63
3036,3,88,5,150.56,0.00,55.70
3037,1,57,6,108.09,0.00,43.23
3037,2,74,7,131.38,0.00,56.49
3037,3,91,8,154.67,0.00,71.14
3038,1,60,1,112.20,0.00,54.97
3038,2,77,2,135.49,0.00,70.45
3038,3,94,3,158.78,0.00,87.32
3039,1,63,4,116.31,0.00,67.45
3039,2,80,5,139.60,0.00,85.15
3039,3,97,6,162.89,0.00,104.24
3040,1,66,7,120.42,0.00,80.68
3040,2,83,8,143.71,0.00,100.59
3040,3,100,1,167.00,0.00,58.45
3041,1,69,2,124.53,0.00,47.32
3041,2,86,3,147.82,0.00,60.60
3041,3,103,4,171.11,0.00,75.28
3042,1,72,5,128.64,0.00,60.46
3042,2,89,6,151.93,0.00,75.96
3042,3,106,7,175.22,0.00,92.86
3043,1,75,8,132.75,0.00,74.34
3043,2,92,1,156.04,0.00,92.06
3043,3,109,2,179.33,0.00,111.18
3044,1,78,3,136.86,0.00,88.95
3044,2,95,4,160.15,0.00,108.90
3044,3,112,5,183.44,0.00,130.24
3045,1,81,6,140.97,0.00,50.74
3045,2,98,7,164.26,0.00,64.06
3045,3,3,8,34.11,0.00,14.32
3046,1,84,1,145.08,0.00,65.28
3046,2,101,2,168.37,0.00,80.81
3046,3,6,3,38.22,0.00,19.49
3047,1,87,4,149.19,0.00,80.56
3047,2,104,5,172.48,0.00,98.31
3047,3,9,6,42.33,0.00,25.39
3048,1,90,7,153.30,0.00,96.57
3048,2,107,8,176.59,0.00,116.54
3048,3,12,1,46.44,0.00,32.04
3049,1,93,2,157.41,0.00,113.33
3049,2,110,3,180.70,0.00,66.85
3049,3,15,4,50.55,0.00,20.22
3050,1,96,5,161.52,0.00,69.45
3050,2,1,6,31.37,0.00,14.43
3050,3,18,7,54.66,0.00,26.78
3051,1,99,8,165.63,0.00,86.12
3051,2,4,1,35.48,0.00,19.51
3051,3,21,2,58.77,0.00,34.08
3052,1,102,3,169.74,0.00,103.54
3052,2,7,4,39.59,0.00,25.33
3052,3,24,5,62.88,0.00,42.12
3053,1,105,6,173.85,0.00,121.69
3053,2,10,7,43.70,0.00,15.29
3053,3,27,8,66.99,0.00,25.45
3054,1,108,1,177.96,0.00,72.96
3054,2,13,2,47.81,0.00,21.03
3054,3,30,3,71.10,10.66,33.41
3055,1,111,4,182.07,36.41,91.03
3055,2,16,5,51.92,12.98,27.51
3055,3,33,6,75.21,3.76,42.11
3056,1,2,7,32.74,3.27,19.31
3056,2,19,8,56.03,8.40,34.73
3056,3,36,1,79.32,15.86,51.55
3057,1,5,2,36.85,9.21,25.05
3057,2,22,3,60.14,3.00,42.69
3057,3,39,4,83.43,8.34,30.03
3058,1,8,5,40.96,6.14,15.97
3058,2,25,6,64.25,12.85,26.98
3058,3,42,7,87.54,21.88,39.39
3059,1,11,8,45.07,2.25,21.63
3059,2,28,1,68.36,6.83,34.86
3059,3,45,2,91.65,13.74,49.49
3060,1,14,3,49.18,9.83,28.03
3060,2,31,4,72.47,18.11,43.48
3060,3,48,5,95.76,4.78,60.32
3061,1,17,6,53.29,5.32,35.17
3061,2,34,7,76.58,11.48,52.84
3061,3,51,8,99.87,19.97,71.90
3062,1,20,1,57.40,14.35,21.23
3062,2,37,2,80.69,4.03,32.27
3062,3,54,3,103.98,10.39,44.71
3063,1,23,4,61.51,9.22,28.29
3063,2,40,5,84.80,16.96,41.55
3063,3,57,6,108.09,27.02,56.20
3064,1,26,7,65.62,3.28,36.09
3064,2,43,8,88.91,8.89,51.56
3064,3,60,1,112.20,16.83,68.44
3065,1,29,2,69.73,13.94,44.62
3065,2,46,3,93.02,23.25,62.32
3065,3,63,4,116.31,5.81,81.41
3066,1,32,5,73.84,7.38,25.84
3066,2,49,6,97.13,14.56,36.90
3066,3,66,7,120.42,24.08,49.37
3067,1,35,8,77.95,19.48,34.29
3067,2,52,1,101.24,0.00,47.58
3067,3,69,2,124.53,0.00,62.26
3068,1,38,3,82.06,0.00,43.49
3068,2,55,4,105.35,0.00,58.99
3068,3,72,5,128.64,0.00,75.89
3069,1,41,6,86.17,0.00,53.42
3069,2,58,7,109.46,0.00,71.14
3069,3,75,8,132.75,0.00,90.27
3070,1,44,1,90.28,0.00,64.09
3070,2,61,2,113.57,0.00,40.88
3070,3,78,3,136.86,0.00,53.37
3071,1,47,4,94.39,0.00,39.64
3071,2,64,5,117.68,0.00,52.95
3071,3,81,6,140.97,0.00,67.66
3072,1,50,7,98.50,0.00,50.23
3072,2,67,8,121.79,0.00,65.76
3072,3,84,1,145.08,0.00,82.69
3073,1,53,2,102.61,0.00,61.56
3073,2,70,3,125.90,0.00,79.31
3073,3,87,4,149.19,0.00,98.46
3074,1,56,5,106.72,0.00,73.63
3074,2,73,6,130.01,0.00,93.60
3074,3,90,7,153.30,0.00,56.72
3075,1,59,8,110.83,0.00,44.33
3075,2,76,1,134.12,0.00,57.67
3075,3,93,2,157.41,0.00,72.40
3076,1,62,3,114.94,0.00,56.32
3076,2,79,4,138.23,0.00,71.87
3076,3,96,5,161.52,0.00,88.83
3077,1,65,6,119.05,0.00,69.04
3077,2,82,7,142.34,0.00,86.82
3077,3,99,8,165.63,0.00,106.00
3078,1,68,1,123.16,0.00,82.51
3078,2,85,2,146.45,0.00,102.51
3078,3,102,3,169.74,0.00,59.40
3079,1,71,4,127.27,0.00,48.36
3079,2,88,5,150.56,0.00,61.72
3079,3,105,6,173.85,0.00,76.49
3080,1,74,7,131.38,0.00,61.74
3080,2,91,8,154.67,0.00,77.33
3080,3,108,1,177.96,0.00,94.31
3081,1,77,2,135.49,0.00,75.87
3081,2,94,3,158.78,0.00,93.68
3081,3,111,4,182.07,0.00,112.88
3082,1,80,5,139.60,0.00,90.74
3082,2,97,6,162.89,0.00,110.76
3082,3,2,7,32.74,0.00,23.24
3083,1,83,8,143.71,0.00,51.73
3083,2,100,1,167.00,0.00,65.13
3083,3,5,2,36.85,0.00,15.47
3084,1,86,3,147.82,0.00,66.51
3084,2,103,4,171.11,0.00,82.13
3084,3,8,5,40.96,0.00,20.88
3085,1,89,6,151.93,0.00,82.04
3085,2,106,7,175.22,0.00,99.87
3085,3,11,8,45.07,0.00,27.04
3086,1,92,1,156.04,0.00,98.30
3086,2,109,2,179.33,0.00,118.35
3086,3,14,3,49.18,0.00,33.93
3087,1,95,4,160.15,0.00,115.30
3087,2,112,5,183.44,0.00,67.87
3087,3,17,6,53.29,0.00,21.31
3088,1,98,7,164.26,24.63,70.63
3088,2,3,8,34.11,6.82,15.69
3088,3,20,1,57.40,14.35,28.12
3089,1,101,2,168.37,8.41,87.55
3089,2,6,3,38.22,3.82,21.02
3089,3,23,4,61.51,9.22,35.67
3090,1,104,5,172.48,34.49,105.21
3090,2,9,6,42.33,10.58,27.09
3090,3,26,7,65.62,3.28,43.96
3091,1,107,8,176.59,17.65,123.61
3091,2,12,1,46.44,6.96,16.25
3091,3,29,2,69.73,13.94,26.49
3092,1,110,3,180.70,45.17,74.08
3092,2,15,4,50.55,2.52,22.24
3092,3,32,5,73.84,7.38,34.70
3093,1,1,6,31.37,4.70,15.68
3093,2,18,7,54.66,10.93,28.96
3093,3,35,8,77.95,19.48,43.65
3094,1,4,1,35.48,1.77,20.93
3094,2,21,2,58.77,5.87,36.43
3094,3,38,3,82.06,12.30,53.33
3095,1,7,4,39.59,7.91,26.92
3095,2,24,5,62.88,15.72,44.64
3095,3,41,6,86.17,4.30,31.02
3096,1,10,7,43.70,4.37,17.04
3096,2,27,8,66.99,10.04,28.13
3096,3,44,1,90.28,18.05,40.62
3097,1,13,2,47.81,11.95,22.94
3097,2,30,3,71.10,3.55,36.26
3097,3,47,4,94.39,9.43,50.97
3098,1,16,5,51.92,7.78,29.59
3098,2,33,6,75.21,15.04,45.12
3098,3,50,7,98.50,24.62,62.05
3099,1,19,8,56.03,2.80,36.97
3099,2,36,1,79.32,7.93,54.73
3099,3,53,2,102.61,15.39,73.87
3100,1,22,3,60.14,12.02,22.25
3100,2,39,4,83.43,20.85,33.37
3100,3,56,5,106.72,0.00,45.88
3101,1,25,6,64.25,0.00,29.55
3101,2,42,7,87.54,0.00,42.89
3101,3,59,8,110.83,0.00,57.63
3102,1,28,1,68.36,0.00,37.59
3102,2,45,2,91.65,0.00,53.15
3102,3,62,3,114.94,0.00,70.11
3103,1,31,4,72.47,0.00,46.38
3103,2,48,5,95.76,0.00,64.15
3103,3,65,6,119.05,0.00,83.33
3104,1,34,7,76.58,0.00,26.80
3104,2,51,8,99.87,0.00,37.95
3104,3,68,1,123.16,0.00,50.49
3105,1,37,2,80.69,0.00,35.50
3105,2,54,3,103.98,0.00,48.87
3105,3,71,4,127.27,0.00,63.63
3106,1,40,5,84.80,0.00,44.94
3106,2,57,6,108.09,0.00,60.53
3106,3,74,7,131.38,0.00,77.51
3107,1,43,8,88.91,0.00,55.12
3107,2,60,1,112.20,0.00,72.93
3107,3,77,2,135.49,0.00,92.13
3108,1,46,3,93.02,0.00,66.04
3108,2,63,4,116.31,0.00,41.87
3108,3,80,5,139.60,0.00,54.44
3109,1,49,6,97.13,0.00,40.79
3109,2,66,7,120.42,0.00,54.18
3109,3,83,8,143.71,0.00,68.98
3110,1,52,1,101.24,0.00,51.63
3110,2,69,2,124.53,0.00,67.24
3110,3,86,3,147.82,0.00,84.25
3111,1,55,4,105.35,0.00,63.21
3111,2,72,5,128.64,0.00,81.04
3111,3,89,6,151.93,0.00,100.27
3112,1,58,7,109.46,0.00,75.52
3112,2,75,8,132.75,0.00,95.58
3112,3,92,1,156.04,0.00,57.73
3113,1,61,2,113.57,0.00,45.42
3113,2,78,3,136.86,0.00,58.84
3113,3,95,4,160.15,0.00,73.66
3114,1,64,5,117.68,0.00,57.66
3114,2,81,6,140.97,0.00,73.30
3114,3,98,7,164.26,0.00,90.34
3115,1,67,8,121.79,0.00,70.63
3115,2,84,1,145.08,0.00,88.49
3115,3,101,2,168.37,0.00,107.75
3116,1,70,3,125.90,0.00,84.35
3116,2,87,4,149.19,0.00,104.43
3116,3,104,5,172.48,0.00,60.36
3117,1,73,6,130.01,0.00,49.40
3117,2,90,7,153.30,0.00,62.85
3117,3,107,8,176.59,0.00,77.69
3118,1,76,1,134.12,0.00,63.03
3118,2,93,2,157.41,0.00,78.70
3118,3,110,3,180.70,0.00,95.77
3119,1,79,4,138.23,0.00,77.40
3119,2,96,5,161.52,0.00,95.29
3119,3,1,6,31.37,0.00,19.44
3120,1,82,7,142.34,0.00,92.52
3120,2,99,8,165.63,0.00,112.62
3120,3,4,1,35.48,0.00,25.19
3121,1,85,2,146.45,0.00,52.72
3121,2,102,3,169.74,25.46,66.19
3121,3,7,4,39.59,7.91,16.62
3122,1,88,5,150.56,37.64,67.75
3122,2,105,6,173.85,8.69,83.44
3122,3,10,7,43.70,4.37,22.28
3123,1,91,8,154.67,23.20,83.52
3123,2,108,1,177.96,35.59,101.43
3123,3,13,2,47.81,11.95,28.68
3124,1,94,3,158.78,7.93,100.03
3124,2,111,4,182.07,18.20,120.16
3124,3,16,5,51.92,7.78,35.82
3125,1,97,6,162.89,32.57,117.28
3125,2,2,7,32.74,8.18,12.11
3125,3,19,8,56.03,2.80,22.41
3126,1,100,1,167.00,16.70,71.81
3126,2,5,2,36.85,5.52,16.95
3126,3,22,3,60.14,12.02,29.46
3127,1,103,4,171.11,42.77,88.97
3127,2,8,5,40.96,2.04,22.52
3127,3,25,6,64.25,6.42,37.26
3128,1,106,7,175.22,26.28,106.88
3128,2,11,8,45.07,9.01,28.84
3128,3,28,1,68.36,17.09,45.80
3129,1,109,2,179.33,8.96,125.53
3129,2,14,3,49.18,4.91,17.21
3129,3,31,4,72.47,10.87,27.53
3130,1,112,5,183.44,36.68,75.21
3130,2,17,6,53.29,13.32,23.44
3130,3,34,7,76.58,3.82,35.99
3131,1,3,8,34.11,3.41,17.05
3131,2,20,1,57.40,8.61,30.42
3131,3,37,2,80.69,16.13,45.18
3132,1,6,3,38.22,9.55,22.54
3132,2,23,4,61.51,3.07,38.13
3132,3,40,5,84.80,8.48,55.12
3133,1,9,6,42.33,6.34,28.78
3133,2,26,7,65.62,13.12,46.59
3133,3,43,8,88.91,22.22,32.00
3134,1,12,1,46.44,0.00,18.11
3134,2,29,2,69.73,0.00,29.28
3134,3,46,3,93.02,0.00,41.85
3135,1,15,4,50.55,0.00,24.26
3135,2,32,5,73.84,0.00,37.65
3135,3,49,6,97.13,0.00,52.45
3136,1,18,7,54.66,0.00,31.15
3136,2,35,8,77.95,0.00,46.77
3136,3,52,1,101.24,0.00,63.78
3137,1,21,2,58.77,0.00,38.78
3137,2,38,3,82.06,0.00,56.62
3137,3,55,4,105.35,0.00,75.85
3138,1,24,5,62.88,0.00,23.26
3138,2,41,6,86.17,0.00,34.46
3138,3,58,7,109.46,0.00,47.06
3139,1,27,8,66.99,0.00,30.81
3139,2,44,1,90.28,0.00,44.23
3139,3,61,2,113.57,0.00,59.05
3140,1,30,3,71.10,0.00,39.10
3140,2,47,4,94.39,0.00,54.74
3140,3,64,5,117.68,0.00,71.78
3141,1,33,6,75.21,0.00,48.13
3141,2,50,7,98.50,0.00,65.99
3141,3,67,8,121.79,0.00,85.25
3142,1,36,1,79.32,0.00,27.76
3142,2,53,2,102.61,0.00,38.99
3142,3,70,3,125.90,0.00,51.61
3143,1,39,4,83.43,0.00,36.70
3143,2,56,5,106.72,0.00,50.15
3143,3,73,6,130.01,0.00,65.00
3144,1,42,7,87.54,0.00,46.39
3144,2,59,8,110.83,0.00,62.06
3144,3,76,1,134.12,0.00,79.13
3145,1,45,2,91.65,0.00,56.82
3145,2,62,3,114.94,0.00,74.71
3145,3,79,4,138.23,0.00,93.99
3146,1,48,5,95.76,0.00,67.98
3146,2,65,6,119.05,0.00,42.85
3146,3,82,7,142.34,0.00,55.51
3147,1,51,8,99.87,0.00,41.94
3147,2,68,1,123.16,0.00,55.42
3147,3,85,2,146.45,0.00,70.29
3148,1,54,3,103.98,0.00,53.02
3148,2,71,4,127.27,0.00,68.72
3148,3,88,5,150.56,0.00,85.81
3149,1,57,6,108.09,0.00,64.85
3149,2,74,7,131.38,0.00,82.76
3149,3,91,8,154.67,0.00,102.08
3150,1,60,1,112.20,0.00,77.41
3150,2,77,2,135.49,0.00,97.55
3150,3,94,3,158.78,0.00,58.74
3151,1,63,4,116.31,0.00,46.52
3151,2,80,5,139.60,0.00,60.02
3151,3,97,6,162.89,0.00,74.92
3152,1,66,7,120.42,0.00,59.00
3152,2,83,8,143.71,0.00,74.72
3152,3,100,1,167.00,0.00,91.85
3153,1,69,2,124.53,0.00,72.22
3153,2,86,3,147.82,0.00,90.17
3153,3,103,4,171.11,0.00,109.51
3154,1,72,5,128.64,0.00,86.18
3154,2,89,6,151.93,0.00,106.35
3154,3,106,7,175.22,26.28,61.32
3155,1,75,8,132.75,26.55,50.44
3155,2,92,1,156.04,39.01,63.97
3155,3,109,2,179.33,8.96,78.90
3156,1,78,3,136.86,13.68,64.32
3156,2,95,4,160.15,24.02,80.07
3156,3,112,5,183.44,36.68,97.22
3157,1,81,6,140.97,35.24,78.94
3157,2,98,7,164.26,8.21,96.91
3157,3,3,8,34.11,3.41,21.14
3158,1,84,1,145.08,21.76,94.30
3158,2,101,2,168.37,33.67,114.49
3158,3,6,3,38.22,9.55,27.13
3159,1,87,4,149.19,7.45,53.70
3159,2,104,5,172.48,17.24,67.26
3159,3,9,6,42.33,6.34,17.77
3160,1,90,7,153.30,30.66,68.98
3160,2,107,8,176.59,44.14,84.76
3160,3,12,1,46.44,2.32,23.68
3161,1,93,2,157.41,15.74,85.00
3161,2,110,3,180.70,27.10,102.99
3161,3,15,4,50.55,10.11,30.33
3162,1,96,5,161.52,40.38,101.75
3162,2,1,6,31.37,1.56,20.70
3162,3,18,7,54.66,5.46,37.71
3163,1,99,8,165.63,24.84,119.25
3163,2,4,1,35.48,7.09,13.12
3163,3,21,2,58.77,14.69,23.50
3164,1,102,3,169.74,8.48,72.98
3164,2,7,4,39.59,3.95,18.21
3164,3,24,5,62.88,9.43,30.81
3165,1,105,6,173.85,34.77,90.40
3165,2,10,7,43.70,10.92,24.03
3165,3,27,8,66.99,3.34,38.85
3166,1,108,1,177.96,17.79,108.55
3166,2,13,2,47.81,7.17,30.59
3166,3,30,3,71.10,14.22,47.63
3167,1,111,4,182.07,45.51,127.44
3167,2,16,5,51.92,0.00,18.17
3167,3,33,6,75.21,0.00,28.57
3168,1,2,7,32.74,0.00,13.42
3168,2,19,8,56.03,0.00,24.65
3168,3,36,1,79.32,0.00,37.28
3169,1,5,2,36.85,0.00,18.42
3169,2,22,3,60.14,0.00,31.87
3169,3,39,4,83.43,0.00,46.72
3170,1,8,5,40.96,0.00,24.16
3170,2,25,6,64.25,0.00,39.83
3170,3,42,7,87.54,0.00,56.90
3171,1,11,8,45.07,0.00,30.64
3171,2,28,1,68.36,0.00,48.53
3171,3,45,2,91.65,0.00,32.99
3172,1,14,3,49.18,0.00,19.18
3172,2,31,4,72.47,0.00,30.43
3172,3,48,5,95.76,0.00,43.09
3173,1,17,6,53.29,0.00,25.57
3173,2,34,7,76.58,0.00,39.05
3173,3,51,8,99.87,0.00,53.92
3174,1,20,1,57.40,0.00,32.71
3174,2,37,2,80.69,0.00,48.41
3174,3,54,3,103.98,0.00,65.50
3175,1,23,4,61.51,0.00,40.59
3175,2,40,5,84.80,0.00,58.51
3175,3,57,6,108.09,0.00,77.82
3176,1,26,7,65.62,0.00,24.27
3176,2,43,8,88.91,0.00,35.56
3176,3,60,1,112.20,0.00,48.24
3177,1,29,2,69.73,0.00,32.07
3177,2,46,3,93.02,0.00,45.57
3177,3,63,4,116.31,0.00,60.48
3178,1,32,5,73.84,0.00,40.61
3178,2,49,6,97.13,0.00,56.33
3178,3,66,7,120.42,0.00,73.45
3179,1,35,8,77.95,0.00,49.88
3179,2,52,1,101.24,0.00,67.83
3179,3,69,2,124.53,0.00,87.17
3180,1,38,3,82.06,0.00,28.72
3180,2,55,4,105.35,0.00,40.03
3180,3,72,5,128.64,0.00,52.74
3181,1,41,6,86.17,0.00,37.91
3181,2,58,7,109.46,0.00,51.44
3181,3,75,8,132.75,0.00,66.37
3182,1,44,1,90.28,0.00,47.84
3182,2,61,2,113.57,0.00,63.59
3182,3,78,3,136.86,0.00,80.74
3183,1,47,4,94.39,0.00,58.52
3183,2,64,5,117.68,0.00,76.49
3183,3,81,6,140.97,0.00,95.85
3184,1,50,7,98.50,0.00,69.93
3184,2,67,8,121.79,0.00,43.84
3184,3,84,1,145.08,0.00,56.58
3185,1,53,2,102.61,0.00,43.09
3185,2,70,3,125.90,0.00,56.65
3185,3,87,4,149.19,0.00,71.61
3186,1,56,5,106.72,0.00,54.42
3186,2,73,6,130.01,0.00,70.20
3186,3,90,7,153.30,0.00,87.38
3187,1,59,8,110.83,0.00,66.49
3187,2,76,1,134.12,0.00,84.49
3187,3,93,2,157.41,0.00,103.89
3188,1,62,3,114.94,17.24,79.30
3188,2,79,4,138.23,27.64,99.52
3188,3,96,5,161.52,40.38,59.76
3189,1,65,6,119.05,5.95,47.62
3189,2,82,7,142.34,14.23,61.20
3189,3,99,8,165.63,24.84,76.18
3190,1,68,1,123.16,24.63,60.34
3190,2,85,2,146.45,36.61,76.15
3190,3,102,3,169.74,8.48,93.35
3191,1,71,4,127.27,12.72,73.81
3191,2,88,5,150.56,22.58,91.84
3191,3,105,6,173.85,34.77,111.26
3192,1,74,7,131.38,32.84,88.02
3192,2,91,8,154.67,7.73,108.26
3192,3,108,1,177.96,17.79,62.28
3193,1,77,2,135.49,20.32,51.48
3193,2,94,3,158.78,31.75,65.09
3193,3,111,4,182.07,45.51,80.11
3194,1,80,5,139.60,6.98,65.61
3194,2,97,6,162.89,16.28,81.44
3194,3,2,7,32.74,4.91,17.35
3195,1,83,8,143.71,28.74,80.47
3195,2,100,1,167.00,41.75,98.53
3195,3,5,2,36.85,1.84,22.84
3196,1,86,3,147.82,14.78,96.08
3196,2,103,4,171.11,25.66,116.35
3196,3,8,5,40.96,8.19,29.08
3197,1,89,6,151.93,37.98,54.69
3197,2,106,7,175.22,8.76,68.33
3197,3,11,8,45.07,4.50,18.92
3198,1,92,1,156.04,23.40,70.21
3198,2,109,2,179.33,35.86,86.07
3198,3,14,3,49.18,12.29,25.08
3199,1,95,4,160.15,8.00,86.48
3199,2,112,5,183.44,18.34,104.56
3199,3,17,6,53.29,7.99,31.97
3200,1,98,7,164.26,32.85,103.48
3200,2,3,8,34.11,8.52,22.51
3200,3,20,1,57.40,0.00,39.60
3201,1,101,2,168.37,0.00,121.22
3201,2,6,3,38.22,0.00,14.14
3201,3,23,4,61.51,0.00,24.60
3202,1,104,5,172.48,0.00,74.16
3202,2,9,6,42.33,0.00,19.47
3202,3,26,7,65.62,0.00,32.15
3203,1,107,8,176.59,0.00,91.82
3203,2,12,1,46.44,0.00,25.54
3203,3,29,2,69.73,0.00,40.44
3204,1,110,3,180.70,0.00,110.22
3204,2,15,4,50.55,0.00,32.35
3204,3,32,5,73.84,0.00,49.47
3205,1,1,6,31.37,0.00,21.95
3205,2,18,7,54.66,0.00,19.13
3205,3,35,8,77.95,0.00,29.62
3206,1,4,1,35.48,0.00,14.54
3206,2,21,2,58.77,0.00,25.85
3206,3,38,3,82.06,0.00,38.56
3207,1,7,4,39.59,0.00,19.79
3207,2,24,5,62.88,0.00,33.32
3207,3,41,6,86.17,0.00,48.25
3208,1,10,7,43.70,0.00,25.78
3208,2,27,8,66.99,0.00,41.53
3208,3,44,1,90.28,0.00,58.68
3209,1,13,2,47.81,0.00,32.51
3209,2,30,3,71.10,0.00,50.48
3209,3,47,4,94.39,0.00,33.98
3210,1,16,5,51.92,0.00,20.24
3210,2,33,6,75.21,0.00,31.58
3210,3,50,7,98.50,0.00,44.32
3211,1,19,8,56.03,0.00,26.89
3211,2,36,1,79.32,0.00,40.45
3211,3,53,2,102.61,0.00,55.40
3212,1,22,3,60.14,0.00,34.27
3212,2,39,4,83.43,0.00,50.05
3212,3,56,5,106.72,0.00,67.23
3213,1,25,6,64.25,0.00,42.40
3213,2,42,7,87.54,0.00,60.40
3213,3,59,8,110.83,0.00,79.79
3214,1,28,1,68.36,0.00,25.29
3214,2,45,2,91.65,0.00,36.66
3214,3,62,3,114.94,0.00,49.42
3215,1,31,4,72.47,0.00,33.33
3215,2,48,5,95.76,0.00,46.92
3215,3,65,6,119.05,0.00,61.90
3216,1,34,7,76.58,0.00,42.11
3216,2,51,8,99.87,0.00,57.92
3216,3,68,1,123.16,0.00,75.12
3217,1,37,2,80.69,0.00,51.64
3217,2,54,3,103.98,0.00,69.66
3217,3,71,4,127.27,0.00,89.08
3218,1,40,5,84.80,0.00,29.68
3218,2,57,6,108.09,0.00,41.07
3218,3,74,7,131.38,0.00,53.86
3219,1,43,8,88.91,0.00,39.12
3219,2,60,1,112.20,0.00,52.73
3219,3,77,2,135.49,0.00,67.74
3220,1,46,3,93.02,0.00,49.30
3220,2,63,4,116.31,0.00,65.13
3220,3,80,5,139.60,0.00,82.36
3221,1,49,6,97.13,0.00,60.22
3221,2,66,7,120.42,18.06,78.27
3221,3,83,8,143.71,28.74,97.72
3222,1,52,1,101.24,25.31,71.88
3222,2,69,2,124.53,6.22,44.83
3222,3,86,3,147.82,14.78,57.64
3223,1,55,4,105.35,15.80,44.24
3223,2,72,5,128.64,25.72,57.88
3223,3,89,6,151.93,37.98,72.92
3224,1,58,7,109.46,5.47,55.82
3224,2,75,8,132.75,13.27,71.68
3224,3,92,1,156.04,23.40,88.94
3225,1,61,2,113.57,22.71,68.14
3225,2,78,3,136.86,34.21,86.22
3225,3,95,4,160.15,8.00,105.69
3226,1,64,5,117.68,11.76,81.19
3226,2,81,6,140.97,21.14,101.49
3226,3,98,7,164.26,32.85,60.77
3227,1,67,8,121.79,30.44,48.71
3227,2,84,1,145.08,7.25,62.38
3227,3,101,2,168.37,16.83,77.45
3228,1,70,3,125.90,18.88,61.69
3228,2,87,4,149.19,29.83,77.57
3228,3,104,5,172.48,43.12,94.86
3229,1,73,6,130.01,6.50,75.40
3229,2,90,7,153.30,15.33,93.51
3229,3,107,8,176.59,26.48,113.01
3230,1,76,1,134.12,26.82,89.86
3230,2,93,2,157.41,39.35,110.18
3230,3,110,3,180.70,9.03,63.24
3231,1,79,4,138.23,13.82,52.52
3231,2,96,5,161.52,24.22,66.22
3231,3,1,6,31.37,6.27,13.80
3232,1,82,7,142.34,35.58,66.89
3232,2,99,8,165.63,8.28,82.81
3232,3,4,1,35.48,3.54,18.80
3233,1,85,2,146.45,21.96,82.01
3233,2,102,3,169.74,33.94,100.14
3233,3,7,4,39.59,9.89,24.54
3234,1,88,5,150.56,0.00,97.86
3234,2,105,6,173.85,0.00,118.21
3234,3,10,7,43.70,0.00,31.02
3235,1,91,8,154.67,0.00,55.68
3235,2,108,1,177.96,0.00,69.40
3235,3,13,2,47.81,0.00,20.08
3236,1,94,3,158.78,0.00,71.45
3236,2,111,4,182.07,0.00,87.39
3236,3,16,5,51.92,0.00,26.47
3237,1,97,6,162.89,0.00,87.96
3237,2,2,7,32.74,0.00,18.66
3237,3,19,8,56.03,0.00,33.61
3238,1,100,1,167.00,0.00,105.21
3238,2,5,2,36.85,0.00,24.32
3238,3,22,3,60.14,0.00,41.49
3239,1,103,4,171.11,0.00,123.19
3239,2,8,5,40.96,0.00,15.15
3239,3,25,6,64.25,0.00,25.70
3240,1,106,7,175.22,0.00,75.34
3240,2,11,8,45.07,0.00,20.73
3240,3,28,1,68.36,0.00,33.49
3241,1,109,2,179.33,0.00,93.25
3241,2,14,3,49.18,0.00,27.04
3241,3,31,4,72.47,0.00,42.03
3242,1,112,5,183.44,0.00,111.89
3242,2,17,6,53.29,0.00,34.10
3242,3,34,7,76.58,0.00,51.30
3243,1,3,8,34.11,0.00,23.87
3243,2,20,1,57.40,0.00,20.09
3243,3,37,2,80.69,0.00,30.66
3244,1,6,3,38.22,0.00,15.67
3244,2,23,4,61.51,0.00,27.06
3244,3,40,5,84.80,0.00,39.85
3245,1,9,6,42.33,0.00,21.16
3245,2,26,7,65.62,0.00,34.77
3245,3,43,8,88.91,0.00,49.78
3246,1,12,1,46.44,0.00,27.39
3246,2,29,2,69.73,0.00,43.23
3246,3,46,3,93.02,0.00,60.46
3247,1,15,4,50.55,0.00,34.37
3247,2,32,5,73.84,0.00,52.42
3247,3,49,6,97.13,0.00,34.96
3248,1,18,7,54.66,0.00,21.31
3248,2,35,8,77.95,0.00,32.73
3248,3,52,1,101.24,0.00,45.55
3249,1,21,2,58.77,0.00,28.20
3249,2,38,3,82.06,0.00,41.85
3249,3,55,4,105.35,0.00,56.88
3250,1,24,5,62.88,0.00,35.84
3250,2,41,6,86.17,0.00,51.70
3250,3,58,7,109.46,0.00,68.95
3251,1,27,8,66.99,0.00,44.21
3251,2,44,1,90.28,0.00,62.29
3251,3,61,2,113.57,0.00,81.77
3252,1,30,3,71.10,0.00,26.30
3252,2,47,4,94.39,0.00,37.75
3252,3,64,5,117.68,0.00,50.60
3253,1,33,6,75.21,0.00,34.59
3253,2,50,7,98.50,0.00,48.26
3253,3,67,8,121.79,0.00,63.33
3254,1,36,1,79.32,0.00,43.62
3254,2,53,2,102.61,0.00,59.51
3254,3,70,3,125.90,18.88,76.79
3255,1,39,4,83.43,16.68,53.39
3255,2,56,5,106.72,26.68,71.50
3255,3,73,6,130.01,6.50,91.00
3256,1,42,7,87.54,8.75,30.63
3256,2,59,8,110.83,16.62,42.11
3256,3,76,1,134.12,26.82,54.98
3257,1,45,2,91.65,22.91,40.32
3257,2,62,3,114.94,5.74,54.02
3257,3,79,4,138.23,13.82,69.11
3258,1,48,5,95.76,14.36,50.75
3258,2,65,6,119.05,23.81,66.66
3258,3,82,7,142.34,35.58,83.98
3259,1,51,8,99.87,4.99,61.91
3259,2,68,1,123.16,12.31,80.05
3259,3,85,2,146.45,21.96,99.58
3260,1,54,3,103.98,20.79,73.82
3260,2,71,4,127.27,31.81,45.81
3260,3,88,5,150.56,7.52,58.71
3261,1,57,6,108.09,10.80,45.39
3261,2,74,7,131.38,19.70,59.12
3261,3,91,8,154.67,30.93,74.24
3262,1,60,1,112.20,28.05,57.22
3262,2,77,2,135.49,6.77,73.16
3262,3,94,3,158.78,15.87,90.50
3263,1,63,4,116.31,17.44,69.78
3263,2,80,5,139.60,27.92,87.94
3263,3,97,6,162.89,40.72,107.50
3264,1,66,7,120.42,6.02,83.08
3264,2,83,8,143.71,14.37,103.47
3264,3,100,1,167.00,25.05,61.79
3265,1,69,2,124.53,24.90,49.81
3265,2,86,3,147.82,36.95,63.56
3265,3,103,4,171.11,8.55,78.71
3266,1,72,5,128.64,12.86,63.03
3266,2,89,6,151.93,22.78,79.00
3266,3,106,7,175.22,35.04,96.37
3267,1,75,8,132.75,33.18,76.99
3267,2,92,1,156.04,0.00,95.18
3267,3,109,2,179.33,0.00,114.77
3268,1,78,3,136.86,0.00,91.69
3268,2,95,4,160.15,0.00,112.10
3268,3,112,5,183.44,0.00,64.20
3269,1,81,6,140.97,0.00,53.56
3269,2,98,7,164.26,0.00,67.34
3269,3,3,8,34.11,0.00,15.00
3270,1,84,1,145.08,0.00,68.18
3270,2,101,2,168.37,0.00,84.18
3270,3,6,3,38.22,0.00,20.25
3271,1,87,4,149.19,0.00,83.54
3271,2,104,5,172.48,0.00,101.76
3271,3,9,6,42.33,0.00,26.24
3272,1,90,7,153.30,0.00,99.64
3272,2,107,8,176.59,0.00,120.08
3272,3,12,1,46.44,0.00,32.97
3273,1,93,2,157.41,0.00,56.66
3273,2,110,3,180.70,0.00,70.47
3273,3,15,4,50.55,0.00,21.23
3274,1,96,5,161.52,0.00,72.68
3274,2,1,6,31.37,0.00,15.05
3274,3,18,7,54.66,0.00,27.87
3275,1,99,8,165.63,0.00,89.44
3275,2,4,1,35.48,0.00,20.22
3275,3,21,2,58.77,0.00,35.26
3276,1,102,3,169.74,0.00,106.93
3276,2,7,4,39.59,0.00,26.12
3276,3,24,5,62.88,0.00,43.38
3277,1,105,6,173.85,0.00,125.17
3277,2,10,7,43.70,0.00,16.16
3277,3,27,8,66.99,0.00,26.79
3278,1,108,1,177.96,0.00,76.52
3278,2,13,2,47.81,0.00,21.99
3278,3,30,3,71.10,0.00,34.83
3279,1,111,4,182.07,0.00,94.67
3279,2,16,5,51.92,0.00,28.55
3279,3,33,6,75.21,0.00,43.62
3280,1,2,7,32.74,0.00,19.97
3280,2,19,8,56.03,0.00,35.85
3280,3,36,1,79.32,0.00,53.14
3281,1,5,2,36.85,0.00,25.79
3281,2,22,3,60.14,0.00,21.04
3281,3,39,4,83.43,0.00,31.70
3282,1,8,5,40.96,0.00,16.79
3282,2,25,6,64.25,0.00,28.27
3282,3,42,7,87.54,0.00,41.14
3283,1,11,8,45.07,0.00,22.53
3283,2,28,1,68.36,0.00,36.23
3283,3,45,2,91.65,0.00,51.32
3284,1,14,3,49.18,0.00,29.01
3284,2,31,4,72.47,0.00,44.93
3284,3,48,5,95.76,0.00,62.24
3285,1,17,6,53.29,0.00,36.23
3285,2,34,7,76.58,0.00,54.37
3285,3,51,8,99.87,0.00,35.95
3286,1,20,1,57.40,0.00,22.38
3286,2,37,2,80.69,0.00,33.88
3286,3,54,3,103.98,0.00,46.79
3287,1,23,4,61.51,0.00,29.52
3287,2,40,5,84.80,0.00,43.24
3287,3,57,6,108.09,0.00,58.36
3288,1,26,7,65.62,9.84,37.40
3288,2,43,8,88.91,17.78,53.34
3288,3,60,1,112.20,28.05,70.68
3289,1,29,2,69.73,3.48,46.02
3289,2,46,3,93.02,9.30,64.18
3289,3,63,4,116.31,17.44,83.74
3290,1,32,5,73.84,14.76,27.32
3290,2,49,6,97.13,24.28,38.85
3290,3,66,7,120.42,6.02,51.78
3291,1,35,8,77.95,7.79,35.85
3291,2,52,1,101.24,15.18,49.60
3291,3,69,2,124.53,24.90,64.75
3292,1,38,3,82.06,20.51,45.13
3292,2,55,4,105.35,5.26,61.10
3292,3,72,5,128.64,12.86,78.47
3293,1,41,6,86.17,12.92,55.14
3293,2,58,7,109.46,21.89,73.33
3293,3,75,8,132.75,33.18,92.92
3294,1,44,1,90.28,4.51,31.59
3294,2,61,2,113.57,11.35,43.15
3294,3,78,3,136.86,20.52,56.11
3295,1,47,4,94.39,18.87,41.53
3295,2,64,5,117.68,29.42,55.30
3295,3,81,6,140.97,7.04,70.48
3296,1,50,7,98.50,9.85,52.20
3296,2,67,8,121.79,18.26,68.20
3296,3,84,1,145.08,29.01,85.59
3297,1,53,2,102.61,25.65,63.61
3297,2,70,3,125.90,6.29,81.83
3297,3,87,4,149.19,14.91,101.44
3298,1,56,5,106.72,16.00,75.77
3298,2,73,6,130.01,26.00,46.80
3298,3,90,7,153.30,38.32,59.78
3299,1,59,8,110.83,5.54,46.54
3299,2,76,1,134.12,13.41,60.35
3299,3,93,2,157.41,23.61,75.55
3300,1,62,3,114.94,22.98,58.61
3300,2,79,4,138.23,34.55,74.64
3300,3,96,5,161.52,0.00,92.06
3301,1,65,6,119.05,0.00,71.43
3301,2,82,7,142.34,0.00,89.67
3301,3,99,8,165.63,0.00,109.31
3302,1,68,1,123.16,0.00,84.98
3302,2,85,2,146.45,0.00,105.44
3302,3,102,3,169.74,0.00,62.80
3303,1,71,4,127.27,0.00,50.90
3303,2,88,5,150.56,0.00,64.74
3303,3,105,6,173.85,0.00,79.97
3304,1,74,7,131.38,0.00,64.37
3304,2,91,8,154.67,0.00,80.42
3304,3,108,1,177.96,0.00,97.87
3305,1,77,2,135.49,0.00,78.58
3305,2,94,3,158.78,0.00,96.85
3305,3,111,4,182.07,0.00,116.52
3306,1,80,5,139.60,0.00,93.53
3306,2,97,6,162.89,0.00,114.02
3306,3,2,7,32.74,0.00,11.45
3307,1,83,8,143.71,0.00,54.60
3307,2,100,1,167.00,0.00,68.47
3307,3,5,2,36.85,0.00,16.21
3308,1,86,3,147.82,0.00,69.47
3308,2,103,4,171.11,0.00,85.55
3308,3,8,5,40.96,0.00,21.70
3309,1,89,6,151.93,0.00,85.08
3309,2,106,7,175.22,0.00,103.37
3309,3,11,8,45.07,0.00,27.94
3310,1,92,1,156.04,0.00,101.42
3310,2,109,2,179.33,0.00,121.94
3310,3,14,3,49.18,0.00,34.91
3311,1,95,4,160.15,0.00,57.65
3311,2,112,5,183.44,0.00,71.54
3311,3,17,6,53.29,0.00,22.38
3312,1,98,7,164.26,0.00,73.91
3312,2,3,8,34.11,0.00,16.37
3312,3,20,1,57.40,0.00,29.27
3313,1,101,2,168.37,0.00,90.91
3313,2,6,3,38.22,0.00,21.78
3313,3,23,4,61.51,0.00,36.90
3314,1,104,5,172.48,0.00,108.66
3314,2,9,6,42.33,0.00,27.93
3314,3,26,7,65.62,0.00,45.27
3315,1,107,8,176.59,0.00,127.14
3315,2,12,1,46.44,0.00,17.18
3315,3,29,2,69.73,0.00,27.89
3316,1,110,3,180.70,0.00,77.70
3316,2,15,4,50.55,0.00,23.25
3316,3,32,5,73.84,0.00,36.18
3317,1,1,6,31.37,0.00,16.31
3317,2,18,7,54.66,0.00,30.06
3317,3,35,8,77.95,0.00,45.21
3318,1,4,1,35.48,0.00,21.64
3318,2,21,2,58.77,0.00,37.61
3318,3,38,3,82.06,0.00,54.98
3319,1,7,4,39.59,0.00,27.71
3319,2,24,5,62.88,0.00,22.00
3319,3,41,6,86.17,0.00,32.74
3320,1,10,7,43.70,0.00,17.91
3320,2,27,8,66.99,0.00,29.47
3320,3,44,1,90.28,0.00,42.43
3321,1,13,2,47.81,0.00,23.90
3321,2,30,3,71.10,10.66,37.68
3321,3,47,4,94.39,18.87,52.85
3322,1,16,5,51.92,12.98,30.63
3322,2,33,6,75.21,3.76,46.63
3322,3,50,7,98.50,9.85,64.02
3323,1,19,8,56.03,8.40,38.10
3323,2,36,1,79.32,15.86,56.31
3323,3,53,2,102.61,25.65,36.93
3324,1,22,3,60.14,3.00,23.45
3324,2,39,4,83.43,8.34,35.04
3324,3,56,5,106.72,16.00,48.02
3325,1,25,6,64.25,12.85,30.84
3325,2,42,7,87.54,21.88,44.64
3325,3,59,8,110.83,5.54,59.84
3326,1,28,1,68.36,6.83,38.96
3326,2,45,2,91.65,13.74,54.99
3326,3,62,3,114.94,22.98,72.41
3327,1,31,4,72.47,18.11,47.83
3327,2,48,5,95.76,4.78,66.07
3327,3,65,6,119.05,11.90,85.71
3328,1,34,7,76.58,11.48,28.33
3328,2,51,8,99.87,19.97,39.94
3328,3,68,1,123.16,30.79,52.95
3329,1,37,2,80.69,4.03,37.11
3329,2,54,3,103.98,10.39,50.95
3329,3,71,4,127.27,19.09,66.18
3330,1,40,5,84.80,16.96,46.64
3330,2,57,6,108.09,27.02,62.69
3330,3,74,7,131.38,6.56,80.14
3331,1,43,8,88.91,8.89,56.90
3331,2,60,1,112.20,16.83,75.17
3331,3,77,2,135.49,27.09,94.84
3332,1,46,3,93.02,23.25,32.55
3332,2,63,4,116.31,5.81,44.19
3332,3,80,5,139.60,13.96,57.23
3333,1,49,6,97.13,14.56,42.73
3333,2,66,7,120.42,24.08,56.59
3333,3,83,8,143.71,35.92,71.85
3334,1,52,1,101.24,0.00,53.65
3334,2,69,2,124.53,0.00,69.73
3334,3,86,3,147.82,0.00,87.21
3335,1,55,4,105.35,0.00,65.31
3335,2,72,5,128.64,0.00,83.61
3335,3,89,6,151.93,0.00,103.31
3336,1,58,7,109.46,0.00,77.71
3336,2,75,8,132.75,0.00,47.79
3336,3,92,1,156.04,0.00,60.85
3337,1,61,2,113.57,0.00,47.69
3337,2,78,3,136.86,0.00,61.58
3337,3,95,4,160.15,0.00,76.87
3338,1,64,5,117.68,0.00,60.01
3338,2,81,6,140.97,0.00,76.12
3338,3,98,7,164.26,0.00,93.62
3339,1,67,8,121.79,0.00,73.07
3339,2,84,1,145.08,0.00,91.40
3339,3,101,2,168.37,0.00,111.12
3340,1,70,3,125.90,0.00,86.87
3340,2,87,4,149.19,0.00,107.41
3340,3,104,5,172.48,0.00,63.81
3341,1,73,6,130.01,0.00,52.00
3341,2,90,7,153.30,0.00,65.91
3341,3,107,8,176.59,0.00,81.23
3342,1,76,1,134.12,0.00,65.71
3342,2,93,2,157.41,0.00,81.85
3342,3,110,3,180.70,0.00,99.38
3343,1,79,4,138.23,0.00,80.17
3343,2,96,5,161.52,0.00,98.52
3343,3,1,6,31.37,0.00,20.07
3344,1,82,7,142.34,0.00,95.36
3344,2,99,8,165.63,0.00,115.94
3344,3,4,1,35.48,0.00,12.41
3345,1,85,2,146.45,0.00,55.65
3345,2,102,3,169.74,0.00,69.59
3345,3,7,4,39.59,0.00,17.41
3346,1,88,5,150.56,0.00,70.76
3346,2,105,6,173.85,0.00,86.92
3346,3,10,7,43.70,0.00,23.16
3347,1,91,8,154.67,0.00,86.61
3347,2,108,1,177.96,0.00,104.99
3347,3,13,2,47.81,0.00,29.64
3348,1,94,3,158.78,0.00,103.20
3348,2,111,4,182.07,0.00,123.80
3348,3,16,5,51.92,0.00,36.86
3349,1,97,6,162.89,0.00,58.64
3349,2,2,7,32.74,0.00,12.76
3349,3,19,8,56.03,0.00,23.53
3350,1,100,1,167.00,0.00,75.15
3350,2,5,2,36.85,0.00,17.68
3350,3,22,3,60.14,0.00,30.67
3351,1,103,4,171.11,0.00,92.39
3351,2,8,5,40.96,0.00,23.34
3351,3,25,6,64.25,0.00,38.55
3352,1,106,7,175.22,0.00,110.38
3352,2,11,8,45.07,0.00,29.74
3352,3,28,1,68.36,0.00,47.16
3353,1,109,2,179.33,0.00,129.11
3353,2,14,3,49.18,0.00,18.19
3353,3,31,4,72.47,0.00,28.98
3354,1,112,5,183.44,0.00,78.87
3354,2,17,6,53.29,0.00,24.51
3354,3,34,7,76.58,11.48,37.52
3355,1,3,8,34.11,6.82,17.73
3355,2,20,1,57.40,14.35,31.57
3355,3,37,2,80.69,4.03,46.80
3356,1,6,3,38.22,3.82,23.31
3356,2,23,4,61.51,9.22,39.36
3356,3,40,5,84.80,16.96,56.81
3357,1,9,6,42.33,10.58,29.63
3357,2,26,7,65.62,3.28,22.96
3357,3,43,8,88.91,8.89,33.78
3358,1,12,1,46.44,6.96,19.04
3358,2,29,2,69.73,13.94,30.68
3358,3,46,3,93.02,23.25,43.71
3359,1,15,4,50.55,2.52,25.27
3359,2,32,5,73.84,7.38,39.13
3359,3,49,6,97.13,14.56,54.39
3360,1,18,7,54.66,10.93,32.24
3360,2,35,8,77.95,19.48,48.32
3360,3,52,1,101.24,5.06,65.80
3361,1,21,2,58.77,5.87,39.96
3361,2,38,3,82.06,12.30,58.26
3361,3,55,4,105.35,21.07,37.92
3362,1,24,5,62.88,15.72,24.52
3362,2,41,6,86.17,4.30,36.19
3362,3,58,7,109.46,10.94,49.25
3363,1,27,8,66.99,10.04,32.15
3363,2,44,1,90.28,18.05,46.04
3363,3,61,2,113.57,28.39,61.32
3364,1,30,3,71.10,3.55,40.52
3364,2,47,4,94.39,9.43,56.63
3364,3,64,5,117.68,17.65,74.13
3365,1,33,6,75.21,15.04,49.63
3365,2,50,7,98.50,24.62,67.96
3365,3,67,8,121.79,6.08,87.68
3366,1,36,1,79.32,7.93,29.34
3366,2,53,2,102.61,15.39,41.04
3366,3,70,3,125.90,25.18,54.13
3367,1,39,4,83.43,20.85,38.37
3367,2,56,5,106.72,0.00,52.29
3367,3,73,6,130.01,0.00,67.60
3368,1,42,7,87.54,0.00,48.14
3368,2,59,8,110.83,0.00,64.28
3368,3,76,1,134.12,0.00,81.81
3369,1,45,2,91.65,0.00,58.65
3369,2,62,3,114.94,0.00,77.00
3369,3,79,4,138.23,0.00,96.76
3370,1,48,5,95.76,0.00,33.51
3370,2,65,6,119.05,0.00,45.23
3370,3,82,7,142.34,0.00,58.35
3371,1,51,8,99.87,0.00,43.94
3371,2,68,1,123.16,0.00,57.88
3371,3,85,2,146.45,0.00,73.22
3372,1,54,3,103.98,0.00,55.10
3372,2,71,4,127.27,0.00,71.27
3372,3,88,5,150.56,0.00,88.83
3373,1,57,6,108.09,0.00,67.01
3373,2,74,7,131.38,0.00,85.39
3373,3,91,8,154.67,0.00,105.17
3374,1,60,1,112.20,0.00,79.66
3374,2,77,2,135.49,0.00,48.77
3374,3,94,3,158.78,0.00,61.92
3375,1,63,4,116.31,0.00,48.85
3375,2,80,5,139.60,0.00,62.82
3375,3,97,6,162.89,0.00,78.18
3376,1,66,7,120.42,0.00,61.41
3376,2,83,8,143.71,0.00,77.60
3376,3,100,1,167.00,0.00,95.19
3377,1,69,2,124.53,0.00,74.71
3377,2,86,3,147.82,0.00,93.12
3377,3,103,4,171.11,0.00,112.93
3378,1,72,5,128.64,0.00,88.76
3378,2,89,6,151.93,0.00,109.38
3378,3,106,7,175.22,0.00,64.83
3379,1,75,8,132.75,0.00,53.10
3379,2,92,1,156.04,0.00,67.09
3379,3,109,2,179.33,0.00,82.49
3380,1,78,3,136.86,0.00,67.06
3380,2,95,4,160.15,0.00,83.27
3380,3,112,5,183.44,0.00,100.89
3381,1,81,6,140.97,0.00,81.76
3381,2,98,7,164.26,0.00,100.19
3381,3,3,8,34.11,0.00,21.83
3382,1,84,1,145.08,0.00,97.20
3382,2,101,2,168.37,0.00,117.85
3382,3,6,3,38.22,0.00,13.37
3383,1,87,4,149.19,0.00,56.69
3383,2,104,5,172.48,0.00,70.71
3383,3,9,6,42.33,0.00,18.62
3384,1,90,7,153.30,0.00,72.05
3384,2,107,8,176.59,0.00,88.29
3384,3,12,1,46.44,0.00,24.61
3385,1,93,2,157.41,0.00,88.14
3385,2,110,3,180.70,0.00,106.61
3385,3,15,4,50.55,0.00,31.34
3386,1,96,5,161.52,0.00,104.98
3386,2,1,6,31.37,0.00,21.33
3386,3,18,7,54.66,0.00,38.80
3387,1,99,8,165.63,0.00,59.62
3387,2,4,1,35.48,0.00,13.83
3387,3,21,2,58.77,0.00,24.68
3388,1,102,3,169.74,25.46,76.38
3388,2,7,4,39.59,7.91,19.00
3388,3,24,5,62.88,15.72,32.06
3389,1,105,6,173.85,8.69,93.87
3389,2,10,7,43.70,4.37,24.90
3389,3,27,8,66.99,10.04,40.19
3390,1,108,1,177.96,35.59,112.11
3390,2,13,2,47.81,11.95,31.55
3390,3,30,3,71.10,3.55,49.05
3391,1,111,4,182.07,18.20,131.09
3391,2,16,5,51.92,7.78,19.21
3391,3,33,6,75.21,15.04,30.08
3392,1,2,7,32.74,8.18,14.07
3392,2,19,8,56.03,2.80,25.77
3392,3,36,1,79.32,7.93,38.86
3393,1,5,2,36.85,5.52,19.16
3393,2,22,3,60.14,12.02,33.07
3393,3,39,4,83.43,20.85,48.38
3394,1,8,5,40.96,2.04,24.98
3394,2,25,6,64.25,6.42,41.12
3394,3,42,7,87.54,13.13,58.65
3395,1,11,8,45.07,9.01,31.54
3395,2,28,1,68.36,17.09,23.92
3395,3,45,2,91.65,4.58,34.82
3396,1,14,3,49.18,4.91,20.16
3396,2,31,4,72.47,10.87,31.88
3396,3,48,5,95.76,19.15,45.00
3397,1,17,6,53.29,13.32,26.64
3397,2,34,7,76.58,3.82,40.58
3397,3,51,8,99.87,9.98,55.92
3398,1,20,1,57.40,8.61,33.86
3398,2,37,2,80.69,16.13,50.02
3398,3,54,3,103.98,25.99,67.58
3399,1,23,4,61.51,3.07,41.82
3399,2,40,5,84.80,8.48,60.20
3399,3,57,6,108.09,16.21,38.91
3400,1,26,7,65.62,13.12,25.59
3400,2,43,8,88.91,22.22,37.34
3400,3,60,1,112.20,0.00,50.49
3401,1,29,2,69.73,0.00,33.47
3401,2,46,3,93.02,0.00,47.44
3401,3,63,4,116.31,0.00,62.80
3402,1,32,5,73.84,0.00,42.08
3402,2,49,6,97.13,0.00,58.27
3402,3,66,7,120.42,0.00,75.86
3403,1,35,8,77.95,0.00,51.44
3403,2,52,1,101.24,0.00,69.85
3403,3,69,2,124.53,0.00,89.66
3404,1,38,3,82.06,0.00,30.36
3404,2,55,4,105.35,0.00,42.14
3404,3,72,5,128.64,0.00,55.31
3405,1,41,6,86.17,0.00,39.63
3405,2,58,7,109.46,0.00,53.63
3405,3,75,8,132.75,0.00,69.03
3406,1,44,1,90.28,0.00,49.65
3406,2,61,2,113.57,0.00,65.87
3406,3,78,3,136.86,0.00,83.48
3407,1,47,4,94.39,0.00,60.40
3407,2,64,5,117.68,0.00,78.84
3407,3,81,6,140.97,0.00,98.67
3408,1,50,7,98.50,0.00,34.47
3408,2,67,8,121.79,0.00,46.28
3408,3,84,1,145.08,0.00,59.48
3409,1,53,2,102.61,0.00,45.14
3409,2,70,3,125.90,0.00,59.17
3409,3,87,4,149.19,0.00,74.59
3410,1,56,5,106.72,0.00,56.56
3410,2,73,6,130.01,0.00,72.80
3410,3,90,7,153.30,0.00,90.44
3411,1,59,8,110.83,0.00,68.71
3411,2,76,1,134.12,0.00,87.17
3411,3,93,2,157.41,0.00,107.03
3412,1,62,3,114.94,0.00,81.60
3412,2,79,4,138.23,0.00,49.76
3412,3,96,5,161.52,0.00,62.99
3413,1,65,6,119.05,0.00,50.00
3413,2,82,7,142.34,0.00,64.05
3413,3,99,8,165.63,0.00,79.50
3414,1,68,1,123.16,0.00,62.81
3414,2,85,2,146.45,0.00,79.08
3414,3,102,3,169.74,0.00,96.75
3415,1,71,4,127.27,0.00,76.36
3415,2,88,5,150.56,0.00,94.85
3415,3,105,6,173.85,0.00,114.74
3416,1,74,7,131.38,0.00,90.65
3416,2,91,8,154.67,0.00,111.36
3416,3,108,1,177.96,0.00,65.84
3417,1,77,2,135.49,0.00,54.19
3417,2,94,3,158.78,0.00,68.27
3417,3,111,4,182.07,0.00,83.75
3418,1,80,5,139.60,0.00,68.40
3418,2,97,6,162.89,0.00,84.70
3418,3,2,7,32.74,0.00,18.00
3419,1,83,8,143.71,0.00,83.35
3419,2,100,1,167.00,0.00,101.87
3419,3,5,2,36.85,0.00,23.58
3420,1,86,3,147.82,0.00,99.03
3420,2,103,4,171.11,0.00,119.77
3420,3,8,5,40.96,0.00,14.33
3421,1,89,6,151.93,0.00,57.73
3421,2,106,7,175.22,26.28,71.84
3421,3,11,8,45.07,9.01,19.83
3422,1,92,1,156.04,39.01,73.33
3422,2,109,2,179.33,8.96,89.66
3422,3,14,3,49.18,4.91,26.06
3423,1,95,4,160.15,24.02,89.68
3423,2,112,5,183.44,36.68,108.22
3423,3,17,6,53.29,13.32,33.03
3424,1,98,7,164.26,8.21,106.76
3424,2,3,8,34.11,3.41,23.19
3424,3,20,1,57.40,8.61,40.75
3425,1,101,2,168.37,33.67,60.61
3425,2,6,3,38.22,9.55,14.90
3425,3,23,4,61.51,3.07,25.83
3426,1,104,5,172.48,17.24,77.61
3426,2,9,6,42.33,6.34,20.31
3426,3,26,7,65.62,13.12,33.46
3427,1,107,8,176.59,44.14,95.35
3427,2,12,1,46.44,2.32,26.47
3427,3,29,2,69.73,6.97,41.83
3428,1,110,3,180.70,27.10,113.84
3428,2,15,4,50.55,10.11,33.36
3428,3,32,5,73.84,18.46,50.94
3429,1,1,6,31.37,1.56,22.58
3429,2,18,7,54.66,5.46,20.22
3429,3,35,8,77.95,11.69,31.18
3430,1,4,1,35.48,7.09,15.25
3430,2,21,2,58.77,14.69,27.03
3430,3,38,3,82.06,4.10,40.20
3431,1,7,4,39.59,3.95,20.58
3431,2,24,5,62.88,9.43,34.58
3431,3,41,6,86.17,17.23,49.97
3432,1,10,7,43.70,10.92,26.65
3432,2,27,8,66.99,3.34,42.87
3432,3,44,1,90.28,9.02,60.48
3433,1,13,2,47.81,7.17,33.46
3433,2,30,3,71.10,14.22,24.88
3433,3,47,4,94.39,23.59,35.86
3434,1,16,5,51.92,0.00,21.28
3434,2,33,6,75.21,0.00,33.09
3434,3,50,7,98.50,0.00,46.29
3435,1,19,8,56.03,0.00,28.01
3435,2,36,1,79.32,0.00,42.03
3435,3,53,2,102.61,0.00,57.46
3436,1,22,3,60.14,0.00,35.48
3436,2,39,4,83.43,0.00,51.72
3436,3,56,5,106.72,0.00,69.36
3437,1,25,6,64.25,0.00,43.69
3437,2,42,7,87.54,0.00,62.15
3437,3,59,8,110.83,0.00,39.89
3438,1,28,1,68.36,0.00,26.66
3438,2,45,2,91.65,0.00,38.49
3438,3,62,3,114.94,0.00,51.72
3439,1,31,4,72.47,0.00,34.78
3439,2,48,5,95.76,0.00,48.83
3439,3,65,6,119.05,0.00,64.28
3440,1,34,7,76.58,0.00,43.65
3440,2,51,8,99.87,0.00,59.92
3440,3,68,1,123.16,0.00,77.59
3441,1,37,2,80.69,0.00,53.25
3441,2,54,3,103.98,0.00,71.74
3441,3,71,4,127.27,0.00,91.63
3442,1,40,5,84.80,0.00,31.37
3442,2,57,6,108.09,0.00,43.23
3442,3,74,7,131.38,0.00,56.49
3443,1,43,8,88.91,0.00,40.89
3443,2,60,1,112.20,0.00,54.97
3443,3,77,2,135.49,0.00,70.45
3444,1,46,3,93.02,0.00,51.16
3444,2,63,4,116.31,0.00,67.45
3444,3,80,5,139.60,0.00,85.15
3445,1,49,6,97.13,0.00,62.16
3445,2,66,7,120.42,0.00,80.68
3445,3,83,8,143.71,0.00,100.59
3446,1,52,1,101.24,0.00,35.43
3446,2,69,2,124.53,0.00,47.32
3446,3,86,3,147.82,0.00,60.60
3447,1,55,4,105.35,0.00,46.35
3447,2,72,5,128.64,0.00,60.46
3447,3,89,6,151.93,0.00,75.96
3448,1,58,7,109.46,0.00,58.01
3448,2,75,8,132.75,0.00,74.34
3448,3,92,1,156.04,0.00,92.06
3449,1,61,2,113.57,0.00,70.41
3449,2,78,3,136.86,0.00,88.95
3449,3,95,4,160.15,0.00,108.90
3450,1,64,5,117.68,0.00,83.55
3450,2,81,6,140.97,0.00,50.74
3450,3,98,7,164.26,0.00,64.06
3451,1,67,8,121.79,0.00,51.15
3451,2,84,1,145.08,0.00,65.28
3451,3,101,2,168.37,0.00,80.81
3452,1,70,3,125.90,0.00,64.20
3452,2,87,4,149.19,0.00,80.56
3452,3,104,5,172.48,0.00,98.31
3453,1,73,6,130.01,0.00,78.00
3453,2,90,7,153.30,0.00,96.57
3453,3,107,8,176.59,0.00,116.54
3454,1,76,1,134.12,0.00,92.54
3454,2,93,2,157.41,0.00,113.33
3454,3,110,3,180.70,27.10,66.85
3455,1,79,4,138.23,27.64,55.29
3455,2,96,5,161.52,40.38,69.45
3455,3,1,6,31.37,1.56,14.43
3456,1,82,7,142.34,14.23,69.74
3456,2,99,8,165.63,24.84,86.12
3456,3,4,1,35.48,7.09,19.51
3457,1,85,2,146.45,36.61,84.94
3457,2,102,3,169.74,8.48,103.54
3457,3,7,4,39.59,3.95,25.33
3458,1,88,5,150.56,22.58,100.87
3458,2,105,6,173.85,34.77,121.69
3458,3,10,7,43.70,10.92,15.29
3459,1,91,8,154.67,7.73,58.77
3459,2,108,1,177.96,17.79,72.96
3459,3,13,2,47.81,7.17,21.03
3460,1,94,3,158.78,31.75,74.62
3460,2,111,4,182.07,45.51,91.03
3460,3,16,5,51.92,2.59,27.51
3461,1,97,6,162.89,16.28,91.21
3461,2,2,7,32.74,4.91,19.31
3461,3,19,8,56.03,11.20,34.73
3462,1,100,1,167.00,41.75,108.55
3462,2,5,2,36.85,1.84,25.05
3462,3,22,3,60.14,6.01,42.69
3463,1,103,4,171.11,25.66,61.59
3463,2,8,5,40.96,8.19,15.97
3463,3,25,6,64.25,16.06,26.98
3464,1,106,7,175.22,8.76,78.84
3464,2,11,8,45.07,4.50,21.63
3464,3,28,1,68.36,10.25,34.86
3465,1,109,2,179.33,35.86,96.83
3465,2,14,3,49.18,12.29,28.03
3465,3,31,4,72.47,3.62,43.48
3466,1,112,5,183.44,18.34,115.56
3466,2,17,6,53.29,7.99,35.17
3466,3,34,7,76.58,15.31,52.84
3467,1,3,8,34.11,8.52,24.55
3467,2,20,1,57.40,0.00,21.23
3467,3,37,2,80.69,0.00,32.27
3468,1,6,3,38.22,0.00,16.43
3468,2,23,4,61.51,0.00,28.29
3468,3,40,5,84.80,0.00,41.55
3469,1,9,6,42.33,0.00,22.01
3469,2,26,7,65.62,0.00,36.09
3469,3,43,8,88.91,0.00,51.56
3470,1,12,1,46.44,0.00,28.32
3470,2,29,2,69.73,0.00,44.62
3470,3,46,3,93.02,0.00,62.32
3471,1,15,4,50.55,0.00,35.38
3471,2,32,5,73.84,0.00,25.84
3471,3,49,6,97.13,0.00,36.90
3472,1,18,7,54.66,0.00,22.41
3472,2,35,8,77.95,0.00,34.29
3472,3,52,1,101.24,0.00,47.58
3473,1,21,2,58.77,0.00,29.38
3473,2,38,3,82.06,0.00,43.49
3473,3,55,4,105.35,0.00,58.99
3474,1,24,5,62.88,0.00,37.09
3474,2,41,6,86.17,0.00,53.42
3474,3,58,7,109.46,0.00,71.14
3475,1,27,8,66.99,0.00,45.55
3475,2,44,1,90.28,0.00,64.09
3475,3,61,2,113.57,0.00,40.88
3476,1,30,3,71.10,0.00,27.72
3476,2,47,4,94.39,0.00,39.64
3476,3,64,5,117.68,0.00,52.95
3477,1,33,6,75.21,0.00,36.10
3477,2,50,7,98.50,0.00,50.23
3477,3,67,8,121.79,0.00,65.76
3478,1,36,1,79.32,0.00,45.21
3478,2,53,2,102.61,0.00,61.56
3478,3,70,3,125.90,0.00,79.31
3479,1,39,4,83.43,0.00,55.06
3479,2,56,5,106.72,0.00,73.63
3479,3,73,6,130.01,0.00,93.60
3480,1,42,7,87.54,0.00,32.38
3480,2,59,8,110.83,0.00,44.33
3480,3,76,1,134.12,0.00,57.67
3481,1,45,2,91.65,0.00,42.15
3481,2,62,3,114.94,0.00,56.32
3481,3,79,4,138.23,0.00,71.87
3482,1,48,5,95.76,0.00,52.66
3482,2,65,6,119.05,0.00,69.04
3482,3,82,7,142.34,0.00,86.82
3483,1,51,8,99.87,0.00,63.91
3483,2,68,1,123.16,0.00,82.51
3483,3,85,2,146.45,0.00,102.51
3484,1,54,3,103.98,0.00,36.39
3484,2,71,4,127.27,0.00,48.36
3484,3,88,5,150.56,0.00,61.72
3485,1,57,6,108.09,0.00,47.55
3485,2,74,7,131.38,0.00,61.74
3485,3,91,8,154.67,0.00,77.33
3486,1,60,1,112.20,0.00,59.46
3486,2,77,2,135.49,0.00,75.87
3486,3,94,3,158.78,0.00,93.68
3487,1,63,4,116.31,0.00,72.11
3487,2,80,5,139.60,0.00,90.74
3487,3,97,6,162.89,0.00,110.76
3488,1,66,7,120.42,18.06,85.49
3488,2,83,8,143.71,28.74,51.73
3488,3,100,1,167.00,41.75,65.13
3489,1,69,2,124.53,6.22,52.30
3489,2,86,3,147.82,14.78,66.51
3489,3,103,4,171.11,25.66,82.13
3490,1,72,5,128.64,25.72,65.60
3490,2,89,6,151.93,37.98,82.04
3490,3,106,7,175.22,8.76,99.87
3491,1,75,8,132.75,13.27,79.65
3491,2,92,1,156.04,23.40,98.30
3491,3,109,2,179.33,35.86,118.35
3492,1,78,3,136.86,34.21,94.43
3492,2,95,4,160.15,8.00,115.30
3492,3,112,5,183.44,18.34,67.87
3493,1,81,6,140.97,21.14,56.38
3493,2,98,7,164.26,32.85,70.63
3493,3,3,8,34.11,8.52,15.69
3494,1,84,1,145.08,7.25,71.08
3494,2,101,2,168.37,16.83,87.55
3494,3,6,3,38.22,5.73,21.02
3495,1,87,4,149.19,29.83,86.53
3495,2,104,5,172.48,43.12,105.21
3495,3,9,6,42.33,2.11,27.09
3496,1,90,7,153.30,15.33,102.71
3496,2,107,8,176.59,26.48,123.61
3496,3,12,1,46.44,9.28,16.25
3497,1,93,2,157.41,39.35,59.81
3497,2,110,3,180.70,9.03,74.08
3497,3,15,4,50.55,5.05,22.24
3498,1,96,5,161.52,24.22,75.91
3498,2,1,6,31.37,6.27,15.68
3498,3,18,7,54.66,13.66,28.96
3499,1,99,8,165.63,8.28,92.75
3499,2,4,1,35.48,3.54,20.93
3499,3,21,2,58.77,8.81,36.43
3500,1,102,3,169.74,33.94,110.33
3500,2,7,4,39.59,9.89,26.92
3500,3,24,5,62.88,0.00,44.64
3501,1,105,6,173.85,0.00,62.58
3501,2,10,7,43.70,0.00,17.04
3501,3,27,8,66.99,0.00,28.13
3502,1,108,1,177.96,0.00,80.08
3502,2,13,2,47.81,0.00,22.94
3502,3,30,3,71.10,0.00,36.26
3503,1,111,4,182.07,0.00,98.31
3503,2,16,5,51.92,0.00,29.59
3503,3,33,6,75.21,0.00,45.12
3504,1,2,7,32.74,0.00,20.62
3504,2,19,8,56.03,0.00,36.97
3504,3,36,1,79.32,0.00,54.73
3505,1,5,2,36.85,0.00,26.53
3505,2,22,3,60.14,0.00,22.25
3505,3,39,4,83.43,0.00,33.37
3506,1,8,5,40.96,0.00,17.61
3506,2,25,6,64.25,0.00,29.55
3506,3,42,7,87.54,0.00,42.89
3507,1,11,8,45.07,0.00,23.43
3507,2,28,1,68.36,0.00,37.59
3507,3,45,2,91.65,0.00,53.15
3508,1,14,3,49.18,0.00,29.99
3508,2,31,4,72.47,0.00,46.38
3508,3,48,5,95.76,0.00,64.15
3509,1,17,6,53.29,0.00,37.30
3509,2,34,7,76.58,0.00,26.80
3509,3,51,8,99.87,0.00,37.95
3510,1,20,1,57.40,0.00,23.53
3510,2,37,2,80.69,0.00,35.50
3510,3,54,3,103.98,0.00,48.87
3511,1,23,4,61.51,0.00,30.75
3511,2,40,5,84.80,0.00,44.94
3511,3,57,6,108.09,0.00,60.53
3512,1,26,7,65.62,0.00,38.71
3512,2,43,8,88.91,0.00,55.12
3512,3,60,1,112.20,0.00,72.93
3513,1,29,2,69.73,0.00,47.41
3513,2,46,3,93.02,0.00,66.04
3513,3,63,4,116.31,0.00,41.87
3514,1,32,5,73.84,0.00,28.79
3514,2,49,6,97.13,0.00,40.79
3514,3,66,7,120.42,0.00,54.18
3515,1,35,8,77.95,0.00,37.41
3515,2,52,1,101.24,0.00,51.63
3515,3,69,2,124.53,0.00,67.24
3516,1,38,3,82.06,0.00,46.77
3516,2,55,4,105.35,0.00,63.21
3516,3,72,5,128.64,0.00,81.04
3517,1,41,6,86.17,0.00,56.87
3517,2,58,7,109.46,0.00,75.52
3517,3,75,8,132.75,0.00,95.58
3518,1,44,1,90.28,0.00,33.40
3518,2,61,2,113.57,0.00,45.42
3518,3,78,3,136.86,0.00,58.84
3519,1,47,4,94.39,0.00,43.41
3519,2,64,5,117.68,0.00,57.66
3519,3,81,6,140.97,0.00,73.30
3520,1,50,7,98.50,0.00,54.17
3520,2,67,8,121.79,0.00,70.63
3520,3,84,1,145.08,0.00,88.49
3521,1,53,2,102.61,0.00,65.67
3521,2,70,3,125.90,18.88,84.35
3521,3,87,4,149.19,29.83,104.43
3522,1,56,5,106.72,26.68,37.35
3522,2,73,6,130.01,6.50,49.40
3522,3,90,7,153.30,15.33,62.85
3523,1,59,8,110.83,16.62,48.76
3523,2,76,1,134.12,26.82,63.03
3523,3,93,2,157.41,39.35,78.70
3524,1,62,3,114.94,5.74,60.91
3524,2,79,4,138.23,13.82,77.40
3524,3,96,5,161.52,24.22,95.29
3525,1,65,6,119.05,23.81,73.81
3525,2,82,7,142.34,35.58,92.52
3525,3,99,8,165.63,8.28,112.62
3526,1,68,1,123.16,12.31,87.44
3526,2,85,2,146.45,21.96,52.72
3526,3,102,3,169.74,33.94,66.19
3527,1,71,4,127.27,31.81,53.45
3527,2,88,5,150.56,7.52,67.75
3527,3,105,6,173.85,17.38,83.44
3528,1,74,7,131.38,19.70,67.00
3528,2,91,8,154.67,30.93,83.52
3528,3,108,1,177.96,44.49,101.43
3529,1,77,2,135.49,6.77,81.29
3529,2,94,3,158.78,15.87,100.03
3529,3,111,4,182.07,27.31,120.16
3530,1,80,5,139.60,27.92,96.32
3530,2,97,6,162.89,40.72,117.28
3530,3,2,7,32.74,1.63,12.11
3531,1,83,8,143.71,14.37,57.48
3531,2,100,1,167.00,25.05,71.81
3531,3,5,2,36.85,7.37,16.95
3532,1,86,3,147.82,36.95,72.43
3532,2,103,4,171.11,8.55,88.97
3532,3,8,5,40.96,4.09,22.52
3533,1,89,6,151.93,22.78,88.11
3533,2,106,7,175.22,35.04,106.88
3533,3,11,8,45.07,11.26,28.84
3534,1,92,1,156.04,0.00,104.54
3534,2,109,2,179.33,0.00,125.53
3534,3,14,3,49.18,0.00,17.21
3535,1,95,4,160.15,0.00,60.85
3535,2,112,5,183.44,0.00,75.21
3535,3,17,6,53.29,0.00,23.44
3536,1,98,7,164.26,0.00,77.20
3536,2,3,8,34.11,0.00,17.05
3536,3,20,1,57.40,0.00,30.42
3537,1,101,2,168.37,0.00,94.28
3537,2,6,3,38.22,0.00,22.54
3537,3,23,4,61.51,0.00,38.13
3538,1,104,5,172.48,0.00,112.11
3538,2,9,6,42.33,0.00,28.78
3538,3,26,7,65.62,0.00,46.59
3539,1,107,8,176.59,0.00,63.57
3539,2,12,1,46.44,0.00,18.11
3539,3,29,2,69.73,0.00,29.28
3540,1,110,3,180.70,0.00,81.31
3540,2,15,4,50.55,0.00,24.26
3540,3,32,5,73.84,0.00,37.65
3541,1,1,6,31.37,0.00,16.93
3541,2,18,7,54.66,0.00,31.15
3541,3,35,8,77.95,0.00,46.77
3542,1,4,1,35.48,0.00,22.35
3542,2,21,2,58.77,0.00,38.78
3542,3,38,3,82.06,0.00,56.62
3543,1,7,4,39.59,0.00,28.50
3543,2,24,5,62.88,0.00,23.26
3543,3,41,6,86.17,0.00,34.46
3544,1,10,7,43.70,0.00,18.79
3544,2,27,8,66.99,0.00,30.81
3544,3,44,1,90.28,0.00,44.23
3545,1,13,2,47.81,0.00,24.86
3545,2,30,3,71.10,0.00,39.10
3545,3,47,4,94.39,0.00,54.74
3546,1,16,5,51.92,0.00,31.67
3546,2,33,6,75.21,0.00,48.13
3546,3,50,7,98.50,0.00,65.99
3547,1,19,8,56.03,0.00,39.22
3547,2,36,1,79.32,0.00,27.76
3547,3,53,2,102.61,0.00,38.99
3548,1,22,3,60.14,0.00,24.65
3548,2,39,4,83.43,0.00,36.70
3548,3,56,5,106.72,0.00,50.15
3549,1,25,6,64.25,0.00,32.12
3549,2,42,7,87.54,0.00,46.39
3549,3,59,8,110.83,0.00,62.06
3550,1,28,1,68.36,0.00,40.33
3550,2,45,2,91.65,0.00,56.82
3550,3,62,3,114.94,0.00,74.71
3551,1,31,4,72.47,0.00,49.27
3551,2,48,5,95.76,0.00,67.98
3551,3,65,6,119.05,0.00,42.85
3552,1,34,7,76.58,0.00,29.86
3552,2,51,8,99.87,0.00,41.94
3552,3,68,1,123.16,0.00,55.42
3553,1,37,2,80.69,0.00,38.73
3553,2,54,3,103.98,0.00,53.02
3553,3,71,4,127.27,0.00,68.72
3554,1,40,5,84.80,0.00,48.33
3554,2,57,6,108.09,0.00,64.85
3554,3,74,7,131.38,19.70,82.76
3555,1,43,8,88.91,17.78,58.68
3555,2,60,1,112.20,28.05,77.41
3555,3,77,2,135.49,6.77,97.55
3556,1,46,3,93.02,9.30,34.41
3556,2,63,4,116.31,17.44,46.52
3556,3,80,5,139.60,27.92,60.02
3557,1,49,6,97.13,24.28,44.67
3557,2,66,7,120.42,6.02,59.00
3557,3,83,8,143.71,14.37,74.72
3558,1,52,1,101.24,15.18,55.68
3558,2,69,2,124.53,24.90,72.22
3558,3,86,3,147.82,36.95,90.17
3559,1,55,4,105.35,5.26,67.42
3559,2,72,5,128.64,12.86,86.18
3559,3,89,6,151.93,22.78,106.35
3560,1,58,7,109.46,21.89,38.31
3560,2,75,8,132.75,33.18,50.44
3560,3,92,1,156.04,7.80,63.97
3561,1,61,2,113.57,11.35,49.97
3561,2,78,3,136.86,20.52,64.32
3561,3,95,4,160.15,32.03,80.07
3562,1,64,5,117.68,29.42,62.37
3562,2,81,6,140.97,7.04,78.94
3562,3,98,7,164.26,16.42,96.91
3563,1,67,8,121.79,18.26,75.50
3563,2,84,1,145.08,29.01,94.30
3563,3,101,2,168.37,42.09,114.49
3564,1,70,3,125.90,6.29,89.38
3564,2,87,4,149.19,14.91,53.70
3564,3,104,5,172.48,25.87,67.26
3565,1,73,6,130.01,26.00,54.60
3565,2,90,7,153.30,38.32,68.98
3565,3,107,8,176.59,8.82,84.76
3566,1,76,1,134.12,13.41,68.40
3566,2,93,2,157.41,23.61,85.00
3566,3,110,3,180.70,36.14,102.99
3567,1,79,4,138.23,34.55,82.93
3567,2,96,5,161.52,0.00,101.75
3567,3,1,6,31.37,0.00,20.70
3568,1,82,7,142.34,0.00,98.21
3568,2,99,8,165.63,0.00,119.25
3568,3,4,1,35.48,0.00,13.12
3569,1,85,2,146.45,0.00,58.58
3569,2,102,3,169.74,0.00,72.98
3569,3,7,4,39.59,0.00,18.21
3570,1,88,5,150.56,0.00,73.77
3570,2,105,6,173.85,0.00,90.40
3570,3,10,7,43.70,0.00,24.03
3571,1,91,8,154.67,0.00,89.70
3571,2,108,1,177.96,0.00,108.55
3571,3,13,2,47.81,0.00,30.59
3572,1,94,3,158.78,0.00,106.38
3572,2,111,4,182.07,0.00,127.44
3572,3,16,5,51.92,0.00,18.17
3573,1,97,6,162.89,0.00,61.89
3573,2,2,7,32.74,0.00,13.42
3573,3,19,8,56.03,0.00,24.65
3574,1,100,1,167.00,0.00,78.49
3574,2,5,2,36.85,0.00,18.42
3574,3,22,3,60.14,0.00,31.87
3575,1,103,4,171.11,0.00,95.82
3575,2,8,5,40.96,0.00,24.16
3575,3,25,6,64.25,0.00,39.83
3576,1,106,7,175.22,0.00,113.89
3576,2,11,8,45.07,0.00,30.64
3576,3,28,1,68.36,0.00,48.53
3577,1,109,2,179.33,0.00,64.55
3577,2,14,3,49.18,0.00,19.18
3577,3,31,4,72.47,0.00,30.43
3578,1,112,5,183.44,0.00,82.54
3578,2,17,6,53.29,0.00,25.57
3578,3,34,7,76.58,0.00,39.05
3579,1,3,8,34.11,0.00,18.41
3579,2,20,1,57.40,0.00,32.71
3579,3,37,2,80.69,0.00,48.41
3580,1,6,3,38.22,0.00,24.07
3580,2,23,4,61.51,0.00,40.59
3580,3,40,5,84.80,0.00,58.51
3581,1,9,6,42.33,0.00,30.47
3581,2,26,7,65.62,0.00,24.27
3581,3,43,8,88.91,0.00,35.56
3582,1,12,1,46.44,0.00,19.96
3582,2,29,2,69.73,0.00,32.07
3582,3,46,3,93.02,0.00,45.57
3583,1,15,4,50.55,0.00,26.28
3583,2,32,5,73.84,0.00,40.61
3583,3,49,6,97.13,0.00,56.33
3584,1,18,7,54.66,0.00,33.34
3584,2,35,8,77.95,0.00,49.88
3584,3,52,1,101.24,0.00,67.83
3585,1,21,2,58.77,0.00,41.13
3585,2,38,3,82.06,0.00,28.72
3585,3,55,4,105.35,0.00,40.03
3586,1,24,5,62.88,0.00,25.78
3586,2,41,6,86.17,0.00,37.91
3586,3,58,7,109.46,0.00,51.44
3587,1,27,8,66.99,0.00,33.49
3587,2,44,1,90.28,0.00,47.84
3587,3,61,2,113.57,0.00,63.59
3588,1,30,3,71.10,10.66,41.94
3588,2,47,4,94.39,18.87,58.52
3588,3,64,5,117.68,29.42,76.49
3589,1,33,6,75.21,3.76,51.14
3589,2,50,7,98.50,9.85,69.93
3589,3,67,8,121.79,18.26,43.84
3590,1,36,1,79.32,15.86,30.93
3590,2,53,2,102.61,25.65,43.09
3590,3,70,3,125.90,6.29,56.65
3591,1,39,4,83.43,8.34,40.04
3591,2,56,5,106.72,16.00,54.42
3591,3,73,6,130.01,26.00,70.20
3592,1,42,7,87.54,21.88,49.89
3592,2,59,8,110.83,5.54,66.49
3592,3,76,1,134.12,13.41,84.49
3593,1,45,2,91.65,13.74,60.48
3593,2,62,3,114.94,22.98,79.30
3593,3,79,4,138.23,34.55,99.52
3594,1,48,5,95.76,4.78,35.43
3594,2,65,6,119.05,11.90,47.62
3594,3,82,7,142.34,21.35,61.20
3595,1,51,8,99.87,19.97,45.94
3595,2,68,1,123.16,30.79,60.34
3595,3,85,2,146.45,7.32,76.15
3596,1,54,3,103.98,10.39,57.18
3596,2,71,4,127.27,19.09,73.81
3596,3,88,5,150.56,30.11,91.84
3597,1,57,6,108.09,27.02,69.17
3597,2,74,7,131.38,6.56,88.02
3597,3,91,8,154.67,15.46,108.26
3598,1,60,1,112.20,16.83,39.27
3598,2,77,2,135.49,27.09,51.48
3598,3,94,3,158.78,39.69,65.09
3599,1,63,4,116.31,5.81,51.17
3599,2,80,5,139.60,13.96,65.61
3599,3,97,6,162.89,24.43,81.44
3600,1,66,7,120.42,24.08,63.82
3600,2,83,8,143.71,35.92,80.47
3600,3,100,1,167.00,0.00,98.53
3601,1,69,2,124.53,0.00,77.20
3601,2,86,3,147.82,0.00,96.08
3602,1,72,4,128.64,0.00,87.47
3602,2,89,5,151.93,0.00,107.87
3603,1,75,6,132.75,0.00,47.79
3603,2,92,7,156.04,0.00,60.85
3604,1,78,8,136.86,0.00,57.48
3604,2,95,1,160.15,0.00,72.06
3605,1,81,2,140.97,0.00,67.66
3605,2,98,3,164.26,0.00,83.77
3606,1,84,4,145.08,0.00,78.34
3606,2,101,5,168.37,0.00,95.97
3607,1,87,6,149.19,0.00,89.51
3607,2,104,7,172.48,0.00,108.66
3608,1,90,8,153.30,0.00,101.17
3608,2,107,1,176.59,0.00,121.84
3609,1,93,2,157.41,0.00,113.33
3609,2,110,3,180.70,0.00,66.85
3610,1,96,4,161.52,0.00,64.60
3610,2,1,5,31.37,0.00,13.48
3611,1,99,6,165.63,0.00,76.18
3611,2,4,7,35.48,0.00,17.38
3612,1,102,8,169.74,0.00,88.26
3612,2,7,1,39.59,0.00,21.77
3613,1,105,2,173.85,0.00,100.83
3613,2,10,3,43.70,0.00,26.65
3614,1,108,4,177.96,0.00,113.89
3614,2,13,5,47.81,0.00,32.03
3615,1,111,6,182.07,0.00,127.44
3615,2,16,7,51.92,0.00,18.17
3616,1,2,8,32.74,0.00,12.44
3616,2,19,1,56.03,0.00,22.97
3617,1,5,2,36.85,0.00,16.21
3617,2,22,3,60.14,0.00,28.26
3618,1,8,4,40.96,0.00,20.48
3618,2,25,5,64.25,0.00,34.05
3619,1,11,6,45.07,0.00,25.23
3619,2,28,7,68.36,0.00,40.33
3620,1,14,8,49.18,0.00,30.49
3620,2,31,1,72.47,0.00,47.10
3621,1,17,2,53.29,0.00,36.23
3621,2,34,3,76.58,0.00,54.37
3622,1,20,4,57.40,0.00,20.66
3622,2,37,5,80.69,0.00,31.46
3623,1,23,6,61.51,0.00,25.83
3623,2,40,7,84.80,0.00,38.16
3624,1,26,8,65.62,0.00,31.49
3624,2,43,1,88.91,0.00,45.34
3625,1,29,2,69.73,0.00,37.65
3625,2,46,3,93.02,0.00,53.02
3626,1,32,4,73.84,0.00,44.30
3626,2,49,5,97.13,0.00,61.19
3627,1,35,6,77.95,0.00,51.44
3627,2,52,7,101.24,0.00,69.85
3628,1,38,8,82.06,0.00,59.08
3628,2,55,1,105.35,0.00,38.97
3629,1,41,2,86.17,0.00,34.46
3629,2,58,3,109.46,0.00,47.06
3630,1,44,4,90.28,0.00,41.52
3630,2,61,5,113.57,0.00,55.64
3631,1,47,6,94.39,0.00,49.08
3631,2,64,7,117.68,17.65,64.72
3632,1,50,8,98.50,19.70,57.13
3632,2,67,1,121.79,30.44,74.29
3633,1,53,2,102.61,5.13,65.67
3633,2,70,3,125.90,12.59,84.35
3634,1,56,4,106.72,16.00,74.70
3634,2,73,5,130.01,26.00,45.50
3635,1,59,6,110.83,27.70,42.11
3635,2,76,7,134.12,6.70,54.98
3636,1,62,8,114.94,11.49,50.57
3636,2,79,1,138.23,20.73,64.96
3637,1,65,2,119.05,23.81,59.52
3637,2,82,3,142.34,35.58,75.44
3638,1,68,4,123.16,6.15,68.96
3638,2,85,5,146.45,14.64,86.40
3639,1,71,6,127.27,19.09,78.90
3639,2,88,7,150.56,30.11,97.86
3640,1,74,8,131.38,32.84,89.33
3640,2,91,1,154.67,7.73,109.81
3641,1,77,2,135.49,13.54,48.77
3641,2,94,3,158.78,23.81,61.92
3642,1,80,4,139.60,27.92,58.63
3642,2,97,5,162.89,40.72,73.30
3643,1,83,6,143.71,7.18,68.98
3643,2,100,7,167.00,16.70,85.17
3644,1,86,8,147.82,22.17,79.82
3644,2,103,1,171.11,34.22,97.53
3645,1,89,2,151.93,37.98,91.15
3645,2,106,3,175.22,8.76,110.38
3646,1,92,4,156.04,15.60,102.98
3646,2,109,5,179.33,26.89,123.73
3647,1,95,6,160.15,32.03,115.30
3647,2,112,7,183.44,45.86,67.87
3648,1,98,8,164.26,8.21,65.70
3648,2,3,1,34.11,3.41,14.66
3649,1,101,2,168.37,25.25,77.45
3649,2,6,3,38.22,7.64,18.72
3650,1,104,4,172.48,43.12,89.68
3650,2,9,5,42.33,0.00,23.28
3651,1,107,6,176.59,0.00,102.42
3651,2,12,7,46.44,0.00,28.32
3652,1,110,8,180.70,0.00,115.64
3652,2,15,1,50.55,0.00,33.86
3653,1,1,2,31.37,0.00,21.95
3653,2,18,3,54.66,0.00,19.13
3654,1,4,4,35.48,0.00,13.48
3654,2,21,5,58.77,0.00,24.09
3655,1,7,6,39.59,0.00,17.41
3655,2,24,7,62.88,0.00,29.55
3656,1,10,8,43.70,0.00,21.85
3656,2,27,1,66.99,0.00,35.50
3657,1,13,2,47.81,0.00,26.77
3657,2,30,3,71.10,0.00,41.94
3658,1,16,4,51.92,0.00,32.19
3658,2,33,5,75.21,0.00,48.88
3659,1,19,6,56.03,0.00,38.10
3659,2,36,7,79.32,0.00,56.31
3660,1,22,8,60.14,0.00,21.65
3660,2,39,1,83.43,0.00,32.53
3661,1,25,2,64.25,0.00,26.98
3661,2,42,3,87.54,0.00,39.39
3662,1,28,4,68.36,0.00,32.81
3662,2,45,5,91.65,0.00,46.74
3663,1,31,6,72.47,0.00,39.13
3663,2,48,7,95.76,0.00,54.58
3664,1,34,8,76.58,0.00,45.94
3664,2,51,1,99.87,0.00,62.91
3665,1,37,2,80.69,0.00,53.25
3665,2,54,3,103.98,0.00,71.74
3666,1,40,4,84.80,0.00,61.05
3666,2,57,5,108.09,0.00,39.99
3667,1,43,6,88.91,0.00,35.56
3667,2,60,7,112.20,0.00,48.24
3668,1,46,8,93.02,0.00,42.78
3668,2,63,1,116.31,0.00,56.99
3669,1,49,2,97.13,0.00,50.50
3669,2,66,3,120.42,0.00,66.23
3670,1,52,4,101.24,0.00,58.71
3670,2,69,5,124.53,0.00,75.96
3671,1,55,6,105.35,0.00,67.42
3671,2,72,7,128.64,0.00,86.18
3672,1,58,8,109.46,0.00,76.62
3672,2,75,1,132.75,0.00,46.46
3673,1,61,2,113.57,0.00,43.15
3673,2,78,3,136.86,0.00,56.11
3674,1,64,4,117.68,0.00,51.77
3674,2,81,5,140.97,0.00,66.25
3675,1,67,6,121.79,0.00,60.89
3675,2,84,7,145.08,0.00,76.89
3676,1,70,8,125.90,0.00,70.50
3676,2,87,1,149.19,0.00,88.02
3677,1,73,2,130.01,0.00,80.60
3677,2,90,3,153.30,0.00,99.64
3678,1,76,4,134.12,0.00,91.20
3678,2,93,5,157.41,0.00,111.76
3679,1,79,6,138.23,0.00,49.76
3679,2,96,7,161.52,0.00,62.99
3680,1,82,8,142.34,0.00,59.78
3680,2,99,1,165.63,0.00,74.53
3681,1,85,2,146.45,0.00,70.29
3681,2,102,3,169.74,25.46,86.56
3682,1,88,4,150.56,30.11,81.30
3682,2,105,5,173.85,43.46,99.09
3683,1,91,6,154.67,7.73,92.80
3683,2,108,7,177.96,17.79,112.11
3684,1,94,8,158.78,23.81,104.79
3684,2,111,1,182.07,36.41,125.62
3685,1,97,2,162.89,40.72,117.28
3685,2,2,3,32.74,1.63,12.11
3686,1,100,4,167.00,16.70,66.80
3686,2,5,5,36.85,5.52,15.84
3687,1,103,6,171.11,34.22,78.71
3687,2,8,7,40.96,10.24,20.07
3688,1,106,8,175.22,8.76,91.11
3688,2,11,1,45.07,4.50,24.78
3689,1,109,2,179.33,26.89,104.01
3689,2,14,3,49.18,9.83,29.99
3690,1,112,4,183.44,45.86,117.40
3690,2,17,5,53.29,2.66,35.70
3691,1,3,6,34.11,3.41,23.87
3691,2,20,7,57.40,8.61,20.09
3692,1,6,8,38.22,7.64,14.52
3692,2,23,1,61.51,15.37,25.21
3693,1,9,2,42.33,2.11,18.62
3693,2,26,3,65.62,6.56,30.84
3694,1,12,4,46.44,6.96,23.22
3694,2,29,5,69.73,13.94,36.95
3695,1,15,6,50.55,12.63,28.30
3695,2,32,7,73.84,3.69,43.56
3696,1,18,8,54.66,5.46,33.88
3696,2,35,1,77.95,11.69,50.66
3697,1,21,2,58.77,11.75,39.96
3697,2,38,3,82.06,20.51,58.26
3698,1,24,4,62.88,3.14,22.63
3698,2,41,5,86.17,8.61,33.60
3699,1,27,6,66.99,10.04,28.13
3699,2,44,7,90.28,18.05,40.62
3700,1,30,8,71.10,17.77,34.12
3700,2,47,1,94.39,0.00,48.13
3701,1,33,2,75.21,0.00,40.61
3701,2,50,3,98.50,0.00,56.14
3702,1,36,4,79.32,0.00,47.59
3702,2,53,5,102.61,0.00,64.64
3703,1,39,6,83.43,0.00,55.06
3703,2,56,7,106.72,0.00,73.63
3704,1,42,8,87.54,0.00,63.02
3704,2,59,1,110.83,0.00,41.00
3705,1,45,2,91.65,0.00,36.66
3705,2,62,3,114.94,0.00,49.42
3706,1,48,4,95.76,0.00,44.04
3706,2,65,5,119.05,0.00,58.33
3707,1,51,6,99.87,0.00,51.93
3707,2,68,7,123.16,0.00,67.73
3708,1,54,8,103.98,0.00,60.30
3708,2,71,1,127.27,0.00,77.63
3709,1,57,2,108.09,0.00,69.17
3709,2,74,3,131.38,0.00,88.02
3710,1,60,4,112.20,0.00,78.54
3710,2,77,5,135.49,0.00,47.42
3711,1,63,6,116.31,0.00,44.19
3711,2,80,7,139.60,0.00,57.23
3712,1,66,8,120.42,0.00,52.98
3712,2,83,1,143.71,0.00,67.54
3713,1,69,2,124.53,0.00,62.26
3713,2,86,3,147.82,0.00,78.34
3714,1,72,4,128.64,0.00,72.03
3714,2,89,5,151.93,0.00,89.63
3715,1,75,6,132.75,0.00,82.30
3715,2,92,7,156.04,0.00,101.42
3716,1,78,8,136.86,0.00,93.06
3716,2,95,1,160.15,0.00,113.70
3717,1,81,2,140.97,0.00,50.74
3717,2,98,3,164.26,0.00,64.06
3718,1,84,4,145.08,0.00,60.93
3718,2,101,5,168.37,0.00,75.76
3719,1,87,6,149.19,0.00,71.61
3719,2,104,7,172.48,0.00,87.96
3720,1,90,8,153.30,0.00,82.78
3720,2,107,1,176.59,0.00,100.65
3721,1,93,2,157.41,0.00,94.44
3721,2,110,3,180.70,0.00,113.84
3722,1,96,4,161.52,0.00,106.60
3722,2,1,5,31.37,0.00,21.64
3723,1,99,6,165.63,0.00,119.25
3723,2,4,7,35.48,0.00,13.12
3724,1,102,8,169.74,0.00,67.89
3724,2,7,1,39.59,0.00,17.02
3725,1,105,2,173.85,0.00,79.97
3725,2,10,3,43.70,0.00,21.41
3726,1,108,4,177.96,0.00,92.53
3726,2,13,5,47.81,0.00,26.29
3727,1,111,6,182.07,0.00,105.60
3727,2,16,7,51.92,0.00,31.67
3728,1,2,8,32.74,0.00,20.95
3728,2,19,1,56.03,0.00,37.54
3729,1,5,2,36.85,0.00,25.79
3729,2,22,3,60.14,0.00,21.04
3730,1,8,4,40.96,0.00,15.56
3730,2,25,5,64.25,0.00,26.34
3731,1,11,6,45.07,0.00,19.83
3731,2,28,7,68.36,10.25,32.12
3732,1,14,8,49.18,9.83,24.59
3732,2,31,1,72.47,18.11,38.40
3733,1,17,2,53.29,2.66,29.84
3733,2,34,3,76.58,7.65,45.18
3734,1,20,4,57.40,8.61,35.58
3734,2,37,5,80.69,16.13,52.44
3735,1,23,6,61.51,15.37,41.82
3735,2,40,7,84.80,4.24,60.20
3736,1,26,8,65.62,6.56,23.62
3736,2,43,1,88.91,13.33,34.67
3737,1,29,2,69.73,13.94,29.28
3737,2,46,3,93.02,23.25,41.85
3738,1,32,4,73.84,3.69,35.44
3738,2,49,5,97.13,9.71,49.53
3739,1,35,6,77.95,11.69,42.09
3739,2,52,7,101.24,20.24,57.70
3740,1,38,8,82.06,20.51,49.23
3740,2,55,1,105.35,5.26,66.37
3741,1,41,2,86.17,8.61,56.87
3741,2,58,3,109.46,16.41,75.52
3742,1,44,4,90.28,18.05,65.00
3742,2,61,5,113.57,28.39,42.02
3743,1,47,6,94.39,4.71,37.75
3743,2,64,7,117.68,11.76,50.60
3744,1,50,8,98.50,14.77,45.31
3744,2,67,1,121.79,24.35,59.67
3745,1,53,2,102.61,25.65,53.35
3745,2,70,3,125.90,6.29,69.24
3746,1,56,4,106.72,10.67,61.89
3746,2,73,5,130.01,19.50,79.30
3747,1,59,6,110.83,22.16,70.93
3747,2,76,7,134.12,33.53,89.86
3748,1,62,8,114.94,5.74,80.45
3748,2,79,1,138.23,13.82,48.38
3749,1,65,2,119.05,17.85,45.23
3749,2,82,3,142.34,28.46,58.35
3750,1,68,4,123.16,30.79,54.19
3750,2,85,5,146.45,0.00,68.83
3751,1,71,6,127.27,0.00,63.63
3751,2,88,7,150.56,0.00,79.79
3752,1,74,8,131.38,0.00,73.57
3752,2,91,1,154.67,0.00,91.25
3753,1,77,2,135.49,0.00,84.00
3753,2,94,3,158.78,0.00,103.20
3754,1,80,4,139.60,0.00,94.92
3754,2,97,5,162.89,0.00,115.65
3755,1,83,6,143.71,0.00,51.73
3755,2,100,7,167.00,0.00,65.13
3756,1,86,8,147.82,0.00,62.08
3756,2,103,1,171.11,0.00,76.99
3757,1,89,2,151.93,0.00,72.92
3757,2,106,3,175.22,0.00,89.36
3758,1,92,4,156.04,0.00,84.26
3758,2,109,5,179.33,0.00,102.21
3759,1,95,6,160.15,0.00,96.09
3759,2,112,7,183.44,0.00,115.56
3760,1,98,8,164.26,0.00,108.41
3760,2,3,1,34.11,0.00,23.53
3761,1,101,2,168.37,0.00,121.22
3761,2,6,3,38.22,0.00,14.14
3762,1,104,4,172.48,0.00,68.99
3762,2,9,5,42.33,0.00,18.20
3763,1,107,6,176.59,0.00,81.23
3763,2,12,7,46.44,0.00,22.75
3764,1,110,8,180.70,0.00,93.96
3764,2,15,1,50.55,0.00,27.80
3765,1,1,2,31.37,0.00,18.19
3765,2,18,3,54.66,0.00,33.34
3766,1,4,4,35.48,0.00,22.70
3766,2,21,5,58.77,0.00,39.37
3767,1,7,6,39.59,0.00,27.71
3767,2,24,7,62.88,0.00,22.00
3768,1,10,8,43.70,0.00,16.60
3768,2,27,1,66.99,0.00,27.46
3769,1,13,2,47.81,0.00,21.03
3769,2,30,3,71.10,0.00,33.41
3770,1,16,4,51.92,0.00,25.96
3770,2,33,5,75.21,0.00,39.86
3771,1,19,6,56.03,0.00,31.37
3771,2,36,7,79.32,0.00,46.79
3772,1,22,8,60.14,0.00,37.28
3772,2,39,1,83.43,0.00,54.22
3773,1,25,2,64.25,0.00,43.69
3773,2,42,3,87.54,0.00,62.15
3774,1,28,4,68.36,0.00,24.60
3774,2,45,5,91.65,0.00,35.74
3775,1,31,6,72.47,0.00,30.43
3775,2,48,7,95.76,0.00,43.09
3776,1,34,8,76.58,0.00,36.75
3776,2,51,1,99.87,0.00,50.93
3777,1,37,2,80.69,0.00,43.57
3777,2,54,3,103.98,0.00,59.26
3778,1,40,4,84.80,0.00,50.88
3778,2,57,5,108.09,0.00,68.09
3779,1,43,6,88.91,0.00,58.68
3779,2,60,7,112.20,0.00,77.41
3780,1,46,8,93.02,0.00,66.97
3780,2,63,1,116.31,0.00,43.03
3781,1,49,2,97.13,0.00,38.85
3781,2,66,3,120.42,18.06,51.78
3782,1,52,4,101.24,20.24,46.57
3782,2,69,5,124.53,31.13,61.01
3783,1,55,6,105.35,5.26,54.78
3783,2,72,7,128.64,12.86,70.75
3784,1,58,8,109.46,16.41,63.48
3784,2,75,1,132.75,26.55,80.97
3785,1,61,2,113.57,28.39,72.68
3785,2,78,3,136.86,6.84,91.69
3786,1,64,4,117.68,11.76,82.37
3786,2,81,5,140.97,21.14,49.33
3787,1,67,6,121.79,24.35,46.28
3787,2,84,7,145.08,36.27,59.48
3788,1,70,8,125.90,6.29,55.39
3788,2,87,1,149.19,14.91,70.11
3789,1,73,2,130.01,19.50,65.00
3789,2,90,3,153.30,30.66,81.24
3790,1,76,4,134.12,33.53,75.10
3790,2,93,5,157.41,7.87,92.87
3791,1,79,6,138.23,13.82,85.70
3791,2,96,7,161.52,24.22,104.98
3792,1,82,8,142.34,28.46,96.79
3792,2,99,1,165.63,41.40,117.59
3793,1,85,2,146.45,7.32,52.72
3793,2,102,3,169.74,16.97,66.19
3794,1,88,4,150.56,22.58,63.23
3794,2,105,5,173.85,34.77,78.23
3795,1,91,6,154.67,38.66,74.24
3795,2,108,7,177.96,8.89,90.75
3796,1,94,8,158.78,15.87,85.74
3796,2,111,1,182.07,27.31,103.77
3797,1,97,2,162.89,32.57,97.73
3797,2,2,3,32.74,8.18,20.62
3798,1,100,4,167.00,8.35,110.22
3798,2,5,5,36.85,3.68,25.42
3799,1,103,6,171.11,25.66,123.19
3799,2,8,7,40.96,8.19,15.15
3800,1,106,8,175.22,43.80,70.08
3800,2,11,1,45.07,0.00,19.38
3801,1,109,2,179.33,0.00,82.49
3801,2,14,3,49.18,0.00,24.09
3802,1,112,4,183.44,0.00,95.38
3802,2,17,5,53.29,0.00,29.30
3803,1,3,6,34.11,0.00,19.78
3803,2,20,7,57.40,0.00,35.01
3804,1,6,8,38.22,0.00,24.46
3804,2,23,1,61.51,0.00,41.21
3805,1,9,2,42.33,0.00,29.63
3805,2,26,3,65.62,0.00,22.96
3806,1,12,4,46.44,0.00,17.64
3806,2,29,5,69.73,0.00,28.58
3807,1,15,6,50.55,0.00,22.24
3807,2,32,7,73.84,0.00,34.70
3808,1,18,8,54.66,0.00,27.33
3808,2,35,1,77.95,0.00,41.31
3809,1,21,2,58.77,0.00,32.91
3809,2,38,3,82.06,0.00,48.41
3810,1,24,4,62.88,0.00,38.98
3810,2,41,5,86.17,0.00,56.01
3811,1,27,6,66.99,0.00,45.55
3811,2,44,7,90.28,0.00,64.09
3812,1,30,8,71.10,0.00,25.59
3812,2,47,1,94.39,0.00,36.81
3813,1,33,2,75.21,0.00,31.58
3813,2,50,3,98.50,0.00,44.32
3814,1,36,4,79.32,0.00,38.07
3814,2,53,5,102.61,0.00,52.33
3815,1,39,6,83.43,0.00,45.05
3815,2,56,7,106.72,0.00,60.83
3816,1,42,8,87.54,0.00,52.52
3816,2,59,1,110.83,0.00,69.82
3817,1,45,2,91.65,0.00,60.48
3817,2,62,3,114.94,0.00,79.30
3818,1,48,4,95.76,0.00,68.94
3818,2,65,5,119.05,0.00,44.04
3819,1,51,6,99.87,0.00,39.94
3819,2,68,7,123.16,0.00,52.95
3820,1,54,8,103.98,0.00,47.83
3820,2,71,1,127.27,0.00,62.36
3821,1,57,2,108.09,0.00,56.20
3821,2,74,3,131.38,0.00,72.25
3822,1,60,4,112.20,0.00,65.07
3822,2,77,5,135.49,0.00,82.64
3823,1,63,6,116.31,0.00,74.43
3823,2,80,7,139.60,0.00,93.53
3824,1,66,8,120.42,0.00,84.29
3824,2,83,1,143.71,0.00,50.29
3825,1,69,2,124.53,0.00,47.32
3825,2,86,3,147.82,0.00,60.60
3826,1,72,4,128.64,0.00,56.60
3826,2,89,5,151.93,0.00,71.40
3827,1,75,6,132.75,0.00,66.37
3827,2,92,7,156.04,0.00,82.70
3828,1,78,8,136.86,0.00,76.64
3828,2,95,1,160.15,0.00,94.48
3829,1,81,2,140.97,0.00,87.40
3829,2,98,3,164.26,0.00,106.76
3830,1,84,4,145.08,0.00,98.65
3830,2,101,5,168.37,0.00,119.54
3831,1,87,6,149.19,0.00,53.70
3831,2,104,7,172.48,25.87,67.26
3832,1,90,8,153.30,30.66,64.38
3832,2,107,1,176.59,44.14,79.46
3833,1,93,2,157.41,7.87,75.55
3833,2,110,3,180.70,18.07,92.15
3834,1,96,4,161.52,24.22,87.22
3834,2,1,5,31.37,6.27,17.88
3835,1,99,6,165.63,41.40,99.37
3835,2,4,7,35.48,1.77,22.35
3836,1,102,8,169.74,16.97,112.02
3836,2,7,1,39.59,5.93,27.31
3837,1,105,2,173.85,34.77,125.17
3837,2,10,3,43.70,10.92,16.16
3838,1,108,4,177.96,8.89,71.18
3838,2,13,5,47.81,4.78,20.55
3839,1,111,6,182.07,27.31,83.75
3839,2,16,7,51.92,10.38,25.44
3840,1,2,8,32.74,8.18,17.02
3840,2,19,1,56.03,2.80,30.81
3841,1,5,2,36.85,3.68,21.37
3841,2,22,3,60.14,9.02,36.68
3842,1,8,4,40.96,8.19,26.21
3842,2,25,5,64.25,16.06,43.04
3843,1,11,6,45.07,2.25,31.54
3843,2,28,7,68.36,6.83,23.92
3844,1,14,8,49.18,7.37,18.68
3844,2,31,1,72.47,14.49,29.71
3845,1,17,2,53.29,13.32,23.44
3845,2,34,3,76.58,3.82,35.99
3846,1,20,4,57.40,5.74,28.70
3846,2,37,5,80.69,12.10,42.76
3847,1,23,6,61.51,12.30,34.44
3847,2,40,7,84.80,21.20,50.03
3848,1,26,8,65.62,3.28,40.68
3848,2,43,1,88.91,8.89,57.79
3849,1,29,2,69.73,10.45,47.41
3849,2,46,3,93.02,18.60,66.04
3850,1,32,4,73.84,18.46,26.58
3850,2,49,5,97.13,0.00,37.88
3851,1,35,6,77.95,0.00,32.73
3851,2,52,7,101.24,0.00,45.55
3852,1,38,8,82.06,0.00,39.38
3852,2,55,1,105.35,0.00,53.72
3853,1,41,2,86.17,0.00,46.53
3853,2,58,3,109.46,0.00,62.39
3854,1,44,4,90.28,0.00,54.16
3854,2,61,5,113.57,0.00,71.54
3855,1,47,6,94.39,0.00,62.29
3855,2,64,7,117.68,0.00,81.19
3856,1,50,8,98.50,0.00,70.92
3856,2,67,1,121.79,0.00,45.06
3857,1,53,2,102.61,0.00,41.04
3857,2,70,3,125.90,0.00,54.13
3858,1,56,4,106.72,0.00,49.09
3858,2,73,5,130.01,0.00,63.70
3859,1,59,6,110.83,0.00,57.63
3859,2,76,7,134.12,0.00,73.76
3860,1,62,8,114.94,0.00,66.66
3860,2,79,1,138.23,0.00,84.32
3861,1,65,2,119.05,0.00,76.19
3861,2,82,3,142.34,0.00,95.36
3862,1,68,4,123.16,0.00,86.21
3862,2,85,5,146.45,0.00,51.25
3863,1,71,6,127.27,0.00,48.36
3863,2,88,7,150.56,0.00,61.72
3864,1,74,8,131.38,0.00,57.80
3864,2,91,1,154.67,0.00,72.69
3865,1,77,2,135.49,0.00,67.74
3865,2,94,3,158.78,0.00,84.15
3866,1,80,4,139.60,0.00,78.17
3866,2,97,5,162.89,0.00,96.10
3867,1,83,6,143.71,0.00,89.10
3867,2,100,7,167.00,0.00,108.55
3868,1,86,8,147.82,0.00,100.51
3868,2,103,1,171.11,0.00,121.48
3869,1,89,2,151.93,0.00,54.69
3869,2,106,3,175.22,0.00,68.33
3870,1,92,4,156.04,0.00,65.53
3870,2,109,5,179.33,0.00,80.69
3871,1,95,6,160.15,0.00,76.87
3871,2,112,7,183.44,0.00,93.55
3872,1,98,8,164.26,0.00,88.70
3872,2,3,1,34.11,0.00,19.44
3873,1,101,2,168.37,0.00,101.02
3873,2,6,3,38.22,0.00,24.07
3874,1,104,4,172.48,0.00,113.83
3874,2,9,5,42.33,0.00,29.20
3875,1,107,6,176.59,0.00,127.14
3875,2,12,7,46.44,0.00,17.18
3876,1,110,8,180.70,0.00,72.28
3876,2,15,1,50.55,0.00,21.73
3877,1,1,2,31.37,0.00,14.43
3877,2,18,3,54.66,0.00,26.78
3878,1,4,4,35.48,0.00,18.44
3878,2,21,5,58.77,0.00,32.32
3879,1,7,6,39.59,0.00,22.96
3879,2,24,7,62.88,0.00,38.35
3880,1,10,8,43.70,0.00,27.96
3880,2,27,1,66.99,0.00,44.88
3881,1,13,2,47.81,0.00,33.46
3881,2,30,3,71.10,10.66,24.88
3882,1,16,4,51.92,10.38,19.72
3882,2,33,5,75.21,18.80,30.83
3883,1,19,6,56.03,2.80,24.65
3883,2,36,7,79.32,7.93,37.28
3884,1,22,8,60.14,9.02,30.07
3884,2,39,1,83.43,16.68,44.21
3885,1,25,2,64.25,16.06,35.98
3885,2,42,3,87.54,4.37,51.64
3886,1,28,4,68.36,6.83,42.38
3886,2,45,5,91.65,13.74,59.57
3887,1,31,6,72.47,14.49,49.27
3887,2,48,7,95.76,23.94,67.98
3888,1,34,8,76.58,3.82,27.56
3888,2,51,1,99.87,9.98,38.94
3889,1,37,2,80.69,12.10,33.88
3889,2,54,3,103.98,20.79,46.79
3890,1,40,4,84.80,21.20,40.70
3890,2,57,5,108.09,5.40,55.12
3891,1,43,6,88.91,8.89,48.01
3891,2,60,7,112.20,16.83,63.95
3892,1,46,8,93.02,18.60,55.81
3892,2,63,1,116.31,29.07,73.27
3893,1,49,2,97.13,4.85,64.10
3893,2,66,3,120.42,12.04,83.08
3894,1,52,4,101.24,15.18,72.89
3894,2,69,5,124.53,24.90,46.07
3895,1,55,6,105.35,26.33,42.14
3895,2,72,7,128.64,6.43,55.31
3896,1,58,8,109.46,10.94,50.35
3896,2,75,1,132.75,19.91,65.04
3897,1,61,2,113.57,22.71,59.05
3897,2,78,3,136.86,34.21,75.27
3898,1,64,4,117.68,5.88,68.25
3898,2,81,5,140.97,14.09,85.99
3899,1,67,6,121.79,18.26,77.94
3899,2,84,7,145.08,29.01,97.20
3900,1,70,8,125.90,31.47,88.13
3900,2,87,1,149.19,0.00,52.21
3901,1,73,2,130.01,0.00,49.40
3901,2,90,3,153.30,0.00,62.85
3902,1,76,4,134.12,0.00,59.01
3902,2,93,5,157.41,0.00,73.98
3903,1,79,6,138.23,0.00,69.11
3903,2,96,7,161.52,0.00,85.60
3904,1,82,8,142.34,0.00,79.71
3904,2,99,1,165.63,0.00,97.72
3905,1,85,2,146.45,0.00,90.79
3905,2,102,3,169.74,0.00,110.33
3906,1,88,4,150.56,0.00,102.38
3906,2,105,5,173.85,0.00,123.43
3907,1,91,6,154.67,0.00,55.68
3907,2,108,7,177.96,0.00,69.40
3908,1,94,8,158.78,0.00,66.68
3908,2,111,1,182.07,0.00,81.93
3909,1,97,2,162.89,0.00,78.18
3909,2,2,3,32.74,0.00,16.69
3910,1,100,4,167.00,0.00,90.18
3910,2,5,5,36.85,0.00,21.00
3911,1,103,6,171.11,0.00,102.66
3911,2,8,7,40.96,0.00,25.80
3912,1,106,8,175.22,0.00,115.64
3912,2,11,1,45.07,0.00,31.09
3913,1,109,2,179.33,0.00,129.11
3913,2,14,3,49.18,0.00,18.19
3914,1,112,4,183.44,0.00,73.37
3914,2,17,5,53.29,0.00,22.91
3915,1,3,6,34.11,0.00,15.69
3915,2,20,7,57.40,0.00,28.12
3916,1,6,8,38.22,0.00,19.87
3916,2,23,1,61.51,0.00,33.83
3917,1,9,2,42.33,0.00,24.55
3917,2,26,3,65.62,0.00,40.02
3918,1,12,4,46.44,0.00,29.72
3918,2,29,5,69.73,0.00,46.71
3919,1,15,6,50.55,0.00,35.38
3919,2,32,7,73.84,0.00,25.84
3920,1,18,8,54.66,0.00,20.77
3920,2,35,1,77.95,0.00,31.95
3921,1,21,2,58.77,0.00,25.85
3921,2,38,3,82.06,0.00,38.56
3922,1,24,4,62.88,0.00,31.44
3922,2,41,5,86.17,0.00,45.67
3923,1,27,6,66.99,0.00,37.51
3923,2,44,7,90.28,0.00,53.26
3924,1,30,8,71.10,0.00,44.08
3924,2,47,1,94.39,0.00,61.35
3925,1,33,2,75.21,0.00,51.14
3925,2,50,3,98.50,0.00,69.93
3926,1,36,4,79.32,0.00,28.55
3926,2,53,5,102.61,0.00,40.01
3927,1,39,6,83.43,0.00,35.04
3927,2,56,7,106.72,0.00,48.02
3928,1,42,8,87.54,0.00,42.01
3928,2,59,1,110.83,0.00,56.52
3929,1,45,2,91.65,0.00,49.49
3929,2,62,3,114.94,0.00,65.51
3930,1,48,4,95.76,0.00,57.45
3930,2,65,5,119.05,0.00,75.00
3931,1,51,6,99.87,0.00,65.91
3931,2,68,7,123.16,18.47,84.98
3932,1,54,8,103.98,20.79,74.86
3932,2,71,1,127.27,31.81,47.08
3933,1,57,2,108.09,5.40,43.23
3933,2,74,3,131.38,13.13,56.49
3934,1,60,4,112.20,16.83,51.61
3934,2,77,5,135.49,27.09,66.39
3935,1,63,6,116.31,29.07,60.48
3935,2,80,7,139.60,6.98,76.78
3936,1,66,8,120.42,12.04,69.84
3936,2,83,1,143.71,21.55,87.66
3937,1,69,2,124.53,24.90,79.69
3937,2,86,3,147.82,36.95,99.03
3938,1,72,4,128.64,6.43,90.04
3938,2,89,5,151.93,15.19,53.17
3939,1,75,6,132.75,19.91,50.44
3939,2,92,7,156.04,31.20,63.97
3940,1,78,8,136.86,34.21,60.21
3940,2,95,1,160.15,8.00,75.27
3941,1,81,2,140.97,14.09,70.48
3941,2,98,3,164.26,24.63,87.05
3942,1,84,4,145.08,29.01,81.24
3942,2,101,5,168.37,42.09,99.33
3943,1,87,6,149.19,7.45,92.49
3943,2,104,7,172.48,17.24,112.11
3944,1,90,8,153.30,22.99,104.24
3944,2,107,1,176.59,35.31,125.37
3945,1,93,2,157.41,39.35,56.66
3945,2,110,3,180.70,9.03,70.47
3946,1,96,4,161.52,16.15,67.83
3946,2,1,5,31.37,4.70,14.11
3947,1,99,6,165.63,33.12,79.50
3947,2,4,7,35.48,8.87,18.09
3948,1,102,8,169.74,8.48,91.65
3948,2,7,1,39.59,3.95,22.56
3949,1,105,2,173.85,26.07,104.31
3949,2,10,3,43.70,8.74,27.53
3950,1,108,4,177.96,44.49,117.45
3950,2,13,5,47.81,0.00,32.98
3951,1,111,6,182.07,0.00,131.09
3951,2,16,7,51.92,0.00,19.21
3952,1,2,8,32.74,0.00,13.09
3952,2,19,1,56.03,0.00,24.09
3953,1,5,2,36.85,0.00,16.95
3953,2,22,3,60.14,0.00,29.46
3954,1,8,4,40.96,0.00,21.29
3954,2,25,5,64.25,0.00,35.33
3955,1,11,6,45.07,0.00,26.14
3955,2,28,7,68.36,0.00,41.69
3956,1,14,8,49.18,0.00,31.47
3956,2,31,1,72.47,0.00,48.55
3957,1,17,2,53.29,0.00,37.30
3957,2,34,3,76.58,0.00,26.80
3958,1,20,4,57.40,0.00,21.81
3958,2,37,5,80.69,0.00,33.08
3959,1,23,6,61.51,0.00,27.06
3959,2,40,7,84.80,0.00,39.85
3960,1,26,8,65.62,0.00,32.81
3960,2,43,1,88.91,0.00,47.12
3961,1,29,2,69.73,0.00,39.04
3961,2,46,3,93.02,0.00,54.88
3962,1,32,4,73.84,0.00,45.78
3962,2,49,5,97.13,0.00,63.13
3963,1,35,6,77.95,0.00,53.00
3963,2,52,7,101.24,0.00,71.88
3964,1,38,8,82.06,0.00,29.54
3964,2,55,1,105.35,0.00,41.08
3965,1,41,2,86.17,0.00,36.19
3965,2,58,3,109.46,0.00,49.25
3966,1,44,4,90.28,0.00,43.33
3966,2,61,5,113.57,0.00,57.92
3967,1,47,6,94.39,0.00,50.97
3967,2,64,7,117.68,0.00,67.07
3968,1,50,8,98.50,0.00,59.10
3968,2,67,1,121.79,0.00,76.72
3969,1,53,2,102.61,0.00,67.72
3969,2,70,3,125.90,0.00,86.87
3970,1,56,4,106.72,0.00,76.83
3970,2,73,5,130.01,0.00,48.10
3971,1,59,6,110.83,0.00,44.33
3971,2,76,7,134.12,0.00,57.67
3972,1,62,8,114.94,0.00,52.87
3972,2,79,1,138.23,0.00,67.73
3973,1,65,2,119.05,0.00,61.90
3973,2,82,3,142.34,0.00,78.28
3974,1,68,4,123.16,0.00,71.43
3974,2,85,5,146.45,0.00,89.33
3975,1,71,6,127.27,0.00,81.45
3975,2,88,7,150.56,0.00,100.87
3976,1,74,8,131.38,0.00,91.96
3976,2,91,1,154.67,0.00,54.13
3977,1,77,2,135.49,0.00,51.48
3977,2,94,3,158.78,0.00,65.09
3978,1,80,4,139.60,0.00,61.42
3978,2,97,5,162.89,0.00,76.55
3979,1,83,6,143.71,0.00,71.85
3979,2,100,7,167.00,0.00,88.51
3980,1,86,8,147.82,0.00,82.77
3980,2,103,1,171.11,0.00,100.95
3981,1,89,2,151.93,0.00,94.19
3981,2,106,3,175.22,26.28,113.89
3982,1,92,4,156.04,31.20,106.10
3982,2,109,5,179.33,44.83,127.32
3983,1,95,6,160.15,8.00,57.65
3983,2,112,7,183.44,18.34,71.54
3984,1,98,8,164.26,24.63,68.98
3984,2,3,1,34.11,6.82,15.34
3985,1,101,2,168.37,42.09,80.81
3985,2,6,3,38.22,1.91,19.49
3986,1,104,4,172.48,17.24,93.13
3986,2,9,5,42.33,6.34,24.12
3987,1,107,6,176.59,35.31,105.95
3987,2,12,7,46.44,11.61,29.25
3988,1,110,8,180.70,9.03,119.26
3988,2,15,1,50.55,5.05,34.87
3989,1,1,2,31.37,4.70,22.58
3989,2,18,3,54.66,10.93,20.22
3990,1,4,4,35.48,8.87,14.19
3990,2,21,5,58.77,2.93,25.27
3991,1,7,6,39.59,3.95,18.21
3991,2,24,7,62.88,9.43,30.81
3992,1,10,8,43.70,8.74,22.72
3992,2,27,1,66.99,16.74,36.84
3993,1,13,2,47.81,2.39,27.72
3993,2,30,3,71.10,7.11,43.37
3994,1,16,4,51.92,7.78,33.22
3994,2,33,5,75.21,15.04,50.39
3995,1,19,6,56.03,14.00,39.22
3995,2,36,7,79.32,3.96,27.76
3996,1,22,8,60.14,6.01,22.85
3996,2,39,1,83.43,12.51,34.20
3997,1,25,2,64.25,12.85,28.27
3997,2,42,3,87.54,21.88,41.14
3998,1,28,4,68.36,3.41,34.18
3998,2,45,5,91.65,9.16,48.57
3999,1,31,6,72.47,10.87,40.58
3999,2,48,7,95.76,19.15,56.49
4000,1,34,8,76.58,19.14,47.47
4000,2,51,1,99.87,0.00,64.91
4001,1,37,2,80.69,0.00,54.86
4001,2,54,3,103.98,0.00,73.82
4002,1,40,4,84.80,0.00,30.52
4002,2,57,5,108.09,0.00,42.15
4003,1,43,6,88.91,0.00,37.34
4003,2,60,7,112.20,0.00,50.49
4004,1,46,8,93.02,0.00,44.64
4004,2,63,1,116.31,0.00,59.31
4005,1,49,2,97.13,0.00,52.45
4005,2,66,3,120.42,0.00,68.63
4006,1,52,4,101.24,0.00,60.74
4006,2,69,5,124.53,0.00,78.45
4007,1,55,6,105.35,0.00,69.53
4007,2,72,7,128.64,0.00,88.76
4008,1,58,8,109.46,0.00,78.81
4008,2,75,1,132.75,0.00,49.11
4009,1,61,2,113.57,0.00,45.42
4009,2,78,3,136.86,0.00,58.84
4010,1,64,4,117.68,0.00,54.13
4010,2,81,5,140.97,0.00,69.07
4011,1,67,6,121.79,0.00,63.33
4011,2,84,7,145.08,0.00,79.79
4012,1,70,8,125.90,0.00,73.02
4012,2,87,1,149.19,0.00,91.00
4013,1,73,2,130.01,0.00,83.20
4013,2,90,3,153.30,0.00,102.71
4014,1,76,4,134.12,0.00,93.88
4014,2,93,5,157.41,0.00,55.09
4015,1,79,6,138.23,0.00,52.52
4015,2,96,7,161.52,0.00,66.22
4016,1,82,8,142.34,0.00,62.62
4016,2,99,1,165.63,0.00,77.84
4017,1,85,2,146.45,0.00,73.22
4017,2,102,3,169.74,0.00,89.96
4018,1,88,4,150.56,0.00,84.31
4018,2,105,5,173.85,0.00,102.57
4019,1,91,6,154.67,0.00,95.89
4019,2,108,7,177.96,0.00,115.67
4020,1,94,8,158.78,0.00,107.97
4020,2,111,1,182.07,0.00,129.26
4021,1,97,2,162.89,0.00,58.64
4021,2,2,3,32.74,0.00,12.76
4022,1,100,4,167.00,0.00,70.14
4022,2,5,5,36.85,0.00,16.58
4023,1,103,6,171.11,0.00,82.13
4023,2,8,7,40.96,0.00,20.88
4024,1,106,8,175.22,0.00,94.61
4024,2,11,1,45.07,0.00,25.68
4025,1,109,2,179.33,0.00,107.59
4025,2,14,3,49.18,0.00,30.98
4026,1,112,4,183.44,0.00,121.07
4026,2,17,5,53.29,0.00,36.77
4027,1,3,6,34.11,0.00,24.55
4027,2,20,7,57.40,0.00,21.23
4028,1,6,8,38.22,0.00,15.28
4028,2,23,1,61.51,0.00,26.44
4029,1,9,2,42.33,0.00,19.47
4029,2,26,3,65.62,0.00,32.15
4030,1,12,4,46.44,0.00,24.14
4030,2,29,5,69.73,0.00,38.35
4031,1,15,6,50.55,0.00,29.31
4031,2,32,7,73.84,11.07,45.04
4032,1,18,8,54.66,10.93,34.98
4032,2,35,1,77.95,19.48,52.22
4033,1,21,2,58.77,2.93,41.13
4033,2,38,3,82.06,8.20,28.72
4034,1,24,4,62.88,9.43,23.89
4034,2,41,5,86.17,17.23,35.32
4035,1,27,6,66.99,16.74,29.47
4035,2,44,7,90.28,4.51,42.43
4036,1,30,8,71.10,7.11,35.55
4036,2,47,1,94.39,14.15,50.02
4037,1,33,2,75.21,15.04,42.11
4037,2,50,3,98.50,24.62,58.11
4038,1,36,4,79.32,3.96,49.17
4038,2,53,5,102.61,10.26,66.69
4039,1,39,6,83.43,12.51,56.73
4039,2,56,7,106.72,21.34,75.77
4040,1,42,8,87.54,21.88,31.51
4040,2,59,1,110.83,5.54,43.22
4041,1,45,2,91.65,9.16,38.49
4041,2,62,3,114.94,17.24,51.72
4042,1,48,4,95.76,19.15,45.96
4042,2,65,5,119.05,29.76,60.71
4043,1,51,6,99.87,4.99,53.92
4043,2,68,7,123.16,12.31,70.20
4044,1,54,8,103.98,15.59,62.38
4044,2,71,1,127.27,25.45,80.18
4045,1,57,2,108.09,27.02,71.33
4045,2,74,3,131.38,6.56,90.65
4046,1,60,4,112.20,11.22,80.78
4046,2,77,5,135.49,20.32,50.13
4047,1,63,6,116.31,23.26,46.52
4047,2,80,7,139.60,34.90,60.02
4048,1,66,8,120.42,6.02,55.39
4048,2,83,1,143.71,14.37,70.41
4049,1,69,2,124.53,18.67,64.75
4049,2,86,3,147.82,29.56,81.30
4050,1,72,4,128.64,32.16,74.61
4050,2,89,5,151.93,0.00,92.67
4051,1,75,6,132.75,0.00,84.96
4051,2,92,7,156.04,0.00,104.54
4052,1,78,8,136.86,0.00,95.80
4052,2,95,1,160.15,0.00,56.05
4053,1,81,2,140.97,0.00,53.56
4053,2,98,3,164.26,0.00,67.34
4054,1,84,4,145.08,0.00,63.83
4054,2,101,5,168.37,0.00,79.13
4055,1,87,6,149.19,0.00,74.59
4055,2,104,7,172.48,0.00,91.41
4056,1,90,8,153.30,0.00,85.84
4056,2,107,1,176.59,0.00,104.18
4057,1,93,2,157.41,0.00,97.59
4057,2,110,3,180.70,0.00,117.45
4058,1,96,4,161.52,0.00,109.83
4058,2,1,5,31.37,0.00,22.27
4059,1,99,6,165.63,0.00,59.62
4059,2,4,7,35.48,0.00,13.83
4060,1,102,8,169.74,0.00,71.29
4060,2,7,1,39.59,0.00,17.81
4061,1,105,2,173.85,0.00,83.44
4061,2,10,3,43.70,0.00,22.28
4062,1,108,4,177.96,0.00,96.09
4062,2,13,5,47.81,0.00,27.25
4063,1,111,6,182.07,0.00,109.24
4063,2,16,7,51.92,0.00,32.70
4064,1,2,8,32.74,0.00,21.60
4064,2,19,1,56.03,0.00,38.66
4065,1,5,2,36.85,0.00,26.53
4065,2,22,3,60.14,0.00,22.25
4066,1,8,4,40.96,0.00,16.38
4066,2,25,5,64.25,0.00,27.62
4067,1,11,6,45.07,0.00,20.73
4067,2,28,7,68.36,0.00,33.49
4068,1,14,8,49.18,0.00,25.57
4068,2,31,1,72.47,0.00,39.85
4069,1,17,2,53.29,0.00,30.90
4069,2,34,3,76.58,0.00,46.71
4070,1,20,4,57.40,0.00,36.73
4070,2,37,5,80.69,0.00,54.06
4071,1,23,6,61.51,0.00,43.05
4071,2,40,7,84.80,0.00,29.68
4072,1,26,8,65.62,0.00,24.93
4072,2,43,1,88.91,0.00,36.45
4073,1,29,2,69.73,0.00,30.68
4073,2,46,3,93.02,0.00,43.71
4074,1,32,4,73.84,0.00,36.92
4074,2,49,5,97.13,0.00,51.47
4075,1,35,6,77.95,0.00,43.65
4075,2,52,7,101.24,0.00,59.73
4076,1,38,8,82.06,0.00,50.87
4076,2,55,1,105.35,0.00,68.47
4077,1,41,2,86.17,0.00,58.59
4077,2,58,3,109.46,0.00,77.71
4078,1,44,4,90.28,0.00,32.50
4078,2,61,5,113.57,0.00,44.29
4079,1,47,6,94.39,0.00,39.64
4079,2,64,7,117.68,0.00,52.95
4080,1,50,8,98.50,0.00,47.28
4080,2,67,1,121.79,0.00,62.11
4081,1,53,2,102.61,0.00,55.40
4081,2,70,3,125.90,18.88,71.76
4082,1,56,4,106.72,21.34,64.03
4082,2,73,5,130.01,32.50,81.90
4083,1,59,6,110.83,5.54,73.14
4083,2,76,7,134.12,13.41,92.54
4084,1,62,8,114.94,17.24,82.75
4084,2,79,1,138.23,27.64,51.14
4085,1,65,2,119.05,29.76,47.62
4085,2,82,3,142.34,7.11,61.20
4086,1,68,4,123.16,12.31,56.65
4086,2,85,5,146.45,21.96,71.76
4087,1,71,6,127.27,25.45,66.18
4087,2,88,7,150.56,37.64,82.80
4088,1,74,8,131.38,6.56,76.20
4088,2,91,1,154.67,15.46,94.34
4089,1,77,2,135.49,20.32,86.71
4089,2,94,3,158.78,31.75,106.38
4090,1,80,4,139.60,34.90,97.72
4090,2,97,5,162.89,8.14,57.01
4091,1,83,6,143.71,14.37,54.60
4091,2,100,7,167.00,25.05,68.47
4092,1,86,8,147.82,29.56,65.04
4092,2,103,1,171.11,42.77,80.42
4093,1,89,2,151.93,7.59,75.96
4093,2,106,3,175.22,17.52,92.86
4094,1,92,4,156.04,23.40,87.38
4094,2,109,5,179.33,35.86,105.80
4095,1,95,6,160.15,40.03,99.29
4095,2,112,7,183.44,9.17,119.23
4096,1,98,8,164.26,16.42,111.69
4096,2,3,1,34.11,5.11,24.21
4097,1,101,2,168.37,33.67,60.61
4097,2,6,3,38.22,9.55,14.90
4098,1,104,4,172.48,8.62,72.44
4098,2,9,5,42.33,4.23,19.04
4099,1,107,6,176.59,26.48,84.76
4099,2,12,7,46.44,9.28,23.68
4100,1,110,8,180.70,45.17,97.57
4100,2,15,1,50.55,0.00,28.81
4101,1,1,2,31.37,0.00,18.82
4101,2,18,3,54.66,0.00,34.43
4102,1,4,4,35.48,0.00,23.41
4102,2,21,5,58.77,0.00,40.55
4103,1,7,6,39.59,0.00,28.50
4103,2,24,7,62.88,0.00,23.26
4104,1,10,8,43.70,0.00,17.48
4104,2,27,1,66.99,0.00,28.80
4105,1,13,2,47.81,0.00,21.99
4105,2,30,3,71.10,0.00,34.83
4106,1,16,4,51.92,0.00,26.99
4106,2,33,5,75.21,0.00,41.36
4107,1,19,6,56.03,0.00,32.49
4107,2,36,7,79.32,0.00,48.38
4108,1,22,8,60.14,0.00,38.48
4108,2,39,1,83.43,0.00,55.89
4109,1,25,2,64.25,0.00,44.97
4109,2,42,3,87.54,0.00,30.63
4110,1,28,4,68.36,0.00,25.97
4110,2,45,5,91.65,0.00,37.57
4111,1,31,6,72.47,0.00,31.88
4111,2,48,7,95.76,0.00,45.00
4112,1,34,8,76.58,0.00,38.29
4112,2,51,1,99.87,0.00,52.93
4113,1,37,2,80.69,0.00,45.18
4113,2,54,3,103.98,0.00,61.34
4114,1,40,4,84.80,0.00,52.57
4114,2,57,5,108.09,0.00,70.25
4115,1,43,6,88.91,0.00,60.45
4115,2,60,7,112.20,0.00,79.66
4116,1,46,8,93.02,0.00,33.48
4116,2,63,1,116.31,0.00,45.36
4117,1,49,2,97.13,0.00,40.79
4117,2,66,3,120.42,0.00,54.18
4118,1,52,4,101.24,0.00,48.59
4118,2,69,5,124.53,0.00,63.51
4119,1,55,6,105.35,0.00,56.88
4119,2,72,7,128.64,0.00,73.32
4120,1,58,8,109.46,0.00,65.67
4120,2,75,1,132.75,0.00,83.63
4121,1,61,2,113.57,0.00,74.95
4121,2,78,3,136.86,0.00,94.43
4122,1,64,4,117.68,0.00,84.72
4122,2,81,5,140.97,0.00,52.15
4123,1,67,6,121.79,0.00,48.71
4123,2,84,7,145.08,0.00,62.38
4124,1,70,8,125.90,0.00,57.91
4124,2,87,1,149.19,0.00,73.10
4125,1,73,2,130.01,0.00,67.60
4125,2,90,3,153.30,0.00,84.31
4126,1,76,4,134.12,0.00,77.78
4126,2,93,5,157.41,0.00,96.02
4127,1,79,6,138.23,0.00,88.46
4127,2,96,7,161.52,0.00,108.21
4128,1,82,8,142.34,0.00,99.63
4128,2,99,1,165.63,0.00,57.97
4129,1,85,2,146.45,0.00,55.65
4129,2,102,3,169.74,0.00,69.59
4130,1,88,4,150.56,0.00,66.24
4130,2,105,5,173.85,0.00,81.70
4131,1,91,6,154.67,0.00,77.33
4131,2,108,7,177.96,26.69,94.31
4132,1,94,8,158.78,31.75,88.91
4132,2,111,1,182.07,45.51,107.42
4133,1,97,2,162.89,8.14,100.99
4133,2,2,3,32.74,3.27,21.28
4134,1,100,4,167.00,25.05,113.56
4134,2,5,5,36.85,7.37,26.16
4135,1,103,6,171.11,42.77,61.59
4135,2,8,7,40.96,2.04,15.97
4136,1,106,8,175.22,17.52,73.59
4136,2,11,1,45.07,6.76,20.28
4137,1,109,2,179.33,35.86,86.07
4137,2,14,3,49.18,12.29,25.08
4138,1,112,4,183.44,9.17,99.05
4138,2,17,5,53.29,5.32,30.37
4139,1,3,6,34.11,5.11,20.46
4139,2,20,7,57.40,11.48,36.16
4140,1,6,8,38.22,9.55,25.22
4140,2,23,1,61.51,3.07,42.44
4141,1,9,2,42.33,4.23,30.47
4141,2,26,3,65.62,9.84,24.27
4142,1,12,4,46.44,9.28,18.57
4142,2,29,5,69.73,17.43,29.98
4143,1,15,6,50.55,2.52,23.25
4143,2,32,7,73.84,7.38,36.18
4144,1,18,8,54.66,8.19,28.42
4144,2,35,1,77.95,15.59,42.87
4145,1,21,2,58.77,14.69,34.08
4145,2,38,3,82.06,4.10,50.05
4146,1,24,4,62.88,6.28,40.24
4146,2,41,5,86.17,12.92,57.73
4147,1,27,6,66.99,13.39,46.89
4147,2,44,7,90.28,22.57,31.59
4148,1,30,8,71.10,3.55,27.01
4148,2,47,1,94.39,9.43,38.69
4149,1,33,2,75.21,11.28,33.09
4149,2,50,3,98.50,19.70,46.29
4150,1,36,4,79.32,19.83,39.66
4150,2,53,5,102.61,0.00,54.38
4151,1,39,6,83.43,0.00,46.72
4151,2,56,7,106.72,0.00,62.96
4152,1,42,8,87.54,0.00,54.27
4152,2,59,1,110.83,0.00,72.03
4153,1,45,2,91.65,0.00,62.32
4153,2,62,3,114.94,0.00,81.60
4154,1,48,4,95.76,0.00,34.47
4154,2,65,5,119.05,0.00,46.42
4155,1,51,6,99.87,0.00,41.94
4155,2,68,7,123.16,0.00,55.42
4156,1,54,8,103.98,0.00,49.91
4156,2,71,1,127.27,0.00,64.90
4157,1,57,2,108.09,0.00,58.36
4157,2,74,3,131.38,0.00,74.88
4158,1,60,4,112.20,0.00,67.32
4158,2,77,5,135.49,0.00,85.35
4159,1,63,6,116.31,0.00,76.76
4159,2,80,7,139.60,0.00,96.32
4160,1,66,8,120.42,0.00,86.70
4160,2,83,1,143.71,0.00,53.17
4161,1,69,2,124.53,0.00,49.81
4161,2,86,3,147.82,0.00,63.56
4162,1,72,4,128.64,0.00,59.17
4162,2,89,5,151.93,0.00,74.44
4163,1,75,6,132.75,0.00,69.03
4163,2,92,7,156.04,0.00,85.82
4164,1,78,8,136.86,0.00,79.37
4164,2,95,1,160.15,0.00,97.69
4165,1,81,2,140.97,0.00,90.22
4165,2,98,3,164.26,0.00,110.05
4166,1,84,4,145.08,0.00,101.55
4166,2,101,5,168.37,0.00,58.92
4167,1,87,6,149.19,0.00,56.69
4167,2,104,7,172.48,0.00,70.71
4168,1,90,8,153.30,0.00,67.45
4168,2,107,1,176.59,0.00,82.99
4169,1,93,2,157.41,0.00,78.70
4169,2,110,3,180.70,0.00,95.77
4170,1,96,4,161.52,0.00,90.45
4170,2,1,5,31.37,0.00,18.50
4171,1,99,6,165.63,0.00,102.69
4171,2,4,7,35.48,0.00,23.06
4172,1,102,8,169.74,0.00,115.42
4172,2,7,1,39.59,0.00,28.10
4173,1,105,2,173.85,0.00,62.58
4173,2,10,3,43.70,0.00,17.04
4174,1,108,4,177.96,0.00,74.74
4174,2,13,5,47.81,0.00,21.51
4175,1,111,6,182.07,0.00,87.39
4175,2,16,7,51.92,0.00,26.47
4176,1,2,8,32.74,0.00,17.67
4176,2,19,1,56.03,0.00,31.93
4177,1,5,2,36.85,0.00,22.11
4177,2,22,3,60.14,0.00,37.88
4178,1,8,4,40.96,0.00,27.03
4178,2,25,5,64.25,0.00,44.33
4179,1,11,6,45.07,0.00,32.45
4179,2,28,7,68.36,0.00,25.29
4180,1,14,8,49.18,0.00,19.67
4180,2,31,1,72.47,0.00,31.16
4181,1,17,2,53.29,0.00,24.51
4181,2,34,3,76.58,11.48,37.52
4182,1,20,4,57.40,11.48,29.84
4182,2,37,5,80.69,20.17,44.37
4183,1,23,6,61.51,3.07,35.67
4183,2,40,7,84.80,8.48,51.72
4184,1,26,8,65.62,9.84,41.99
4184,2,43,1,88.91,17.78,59.56
4185,1,29,2,69.73,17.43,48.81
4185,2,46,3,93.02,4.65,32.55
4186,1,32,4,73.84,7.38,28.05
4186,2,49,5,97.13,14.56,39.82
4187,1,35,6,77.95,15.59,34.29
4187,2,52,7,101.24,25.31,47.58
4188,1,38,8,82.06,4.10,41.03
4188,2,55,1,105.35,10.53,55.83
4189,1,41,2,86.17,12.92,48.25
4189,2,58,3,109.46,21.89,64.58
4190,1,44,4,90.28,22.57,55.97
4190,2,61,5,113.57,5.67,73.82
4191,1,47,6,94.39,9.43,64.18
4191,2,64,7,117.68,17.65,83.55
4192,1,50,8,98.50,19.70,35.46
4192,2,67,1,121.79,30.44,47.49
4193,1,53,2,102.61,5.13,43.09
4193,2,70,3,125.90,12.59,56.65
4194,1,56,4,106.72,16.00,51.22
4194,2,73,5,130.01,26.00,66.30
4195,1,59,6,110.83,27.70,59.84
4195,2,76,7,134.12,6.70,76.44
4196,1,62,8,114.94,11.49,68.96
4196,2,79,1,138.23,20.73,87.08
4197,1,65,2,119.05,23.81,78.57
4197,2,82,3,142.34,35.58,98.21
4198,1,68,4,123.16,6.15,88.67
4198,2,85,5,146.45,14.64,54.18
4199,1,71,6,127.27,19.09,50.90
4199,2,88,7,150.56,30.11,64.74
4200,1,74,8,131.38,32.84,60.43
4200,2,91,1,154.67,0.00,75.78
4201,1,77,2,135.49,0.00,70.45
4201,2,94,3,158.78,0.00,87.32
4202,1,80,4,139.60,0.00,80.96
4202,2,97,5,162.89,0.00,99.36
4203,1,83,6,143.71,0.00,91.97
4203,2,100,7,167.00,0.00,111.89
4204,1,86,8,147.82,0.00,103.47
4204,2,103,1,171.11,0.00,59.88
4205,1,89,2,151.93,0.00,57.73
4205,2,106,3,175.22,0.00,71.84
4206,1,92,4,156.04,0.00,68.65
4206,2,109,5,179.33,0.00,84.28
4207,1,95,6,160.15,0.00,80.07
4207,2,112,7,183.44,0.00,97.22
4208,1,98,8,164.26,0.00,91.98
4208,2,3,1,34.11,0.00,20.12
4209,1,101,2,168.37,0.00,104.38
4209,2,6,3,38.22,0.00,24.84
4210,1,104,4,172.48,0.00,117.28
4210,2,9,5,42.33,0.00,30.05
4211,1,107,6,176.59,0.00,63.57
4211,2,12,7,46.44,0.00,18.11
4212,1,110,8,180.70,0.00,75.89
4212,2,15,1,50.55,0.00,22.74
4213,1,1,2,31.37,0.00,15.05
4213,2,18,3,54.66,0.00,27.87
4214,1,4,4,35.48,0.00,19.15
4214,2,21,5,58.77,0.00,33.49
4215,1,7,6,39.59,0.00,23.75
4215,2,24,7,62.88,0.00,39.61
4216,1,10,8,43.70,0.00,28.84
4216,2,27,1,66.99,0.00,46.22
4217,1,13,2,47.81,0.00,34.42
4217,2,30,3,71.10,0.00,26.30
4218,1,16,4,51.92,0.00,20.76
4218,2,33,5,75.21,0.00,32.34
4219,1,19,6,56.03,0.00,25.77
4219,2,36,7,79.32,0.00,38.86
4220,1,22,8,60.14,0.00,31.27
4220,2,39,1,83.43,0.00,45.88
4221,1,25,2,64.25,0.00,37.26
4221,2,42,3,87.54,0.00,53.39
4222,1,28,4,68.36,0.00,43.75
4222,2,45,5,91.65,0.00,61.40
4223,1,31,6,72.47,0.00,50.72
4223,2,48,7,95.76,0.00,33.51
4224,1,34,8,76.58,0.00,29.10
4224,2,51,1,99.87,0.00,40.94
4225,1,37,2,80.69,0.00,35.50
4225,2,54,3,103.98,0.00,48.87
4226,1,40,4,84.80,0.00,42.40
4226,2,57,5,108.09,0.00,57.28
4227,1,43,6,88.91,0.00,49.78
4227,2,60,7,112.20,0.00,66.19
4228,1,46,8,93.02,0.00,57.67
4228,2,63,1,116.31,0.00,75.60
4229,1,49,2,97.13,0.00,66.04
4229,2,66,3,120.42,0.00,85.49
4230,1,52,4,101.24,0.00,36.44
4230,2,69,5,124.53,0.00,48.56
4231,1,55,6,105.35,0.00,44.24
4231,2,72,7,128.64,19.29,57.88
4232,1,58,8,109.46,21.89,52.54
4232,2,75,1,132.75,33.18,67.70
4233,1,61,2,113.57,5.67,61.32
4233,2,78,3,136.86,13.68,78.01
4234,1,64,4,117.68,17.65,70.60
4234,2,81,5,140.97,28.19,88.81
4235,1,67,6,121.79,30.44,80.38
4235,2,84,7,145.08,7.25,100.10
4236,1,70,8,125.90,12.59,90.64
4236,2,87,1,149.19,22.37,55.20
4237,1,73,2,130.01,26.00,52.00
4237,2,90,3,153.30,38.32,65.91
4238,1,76,4,134.12,6.70,61.69
4238,2,93,5,157.41,15.74,77.13
4239,1,79,6,138.23,20.73,71.87
4239,2,96,7,161.52,32.30,88.83
4240,1,82,8,142.34,35.58,82.55
4240,2,99,1,165.63,8.28,101.03
4241,1,85,2,146.45,14.64,93.72
4241,2,102,3,169.74,25.46,113.72
4242,1,88,4,150.56,30.11,105.39
4242,2,105,5,173.85,43.46,60.84
4243,1,91,6,154.67,7.73,58.77
4243,2,108,7,177.96,17.79,72.96
4244,1,94,8,158.78,23.81,69.86
4244,2,111,1,182.07,36.41,85.57
4245,1,97,2,162.89,40.72,81.44
4245,2,2,3,32.74,1.63,17.35
4246,1,100,4,167.00,16.70,93.52
4246,2,5,5,36.85,5.52,21.74
4247,1,103,6,171.11,34.22,106.08
4247,2,8,7,40.96,10.24,26.62
4248,1,106,8,175.22,8.76,119.14
4248,2,11,1,45.07,4.50,31.99
4249,1,109,2,179.33,26.89,64.55
4249,2,14,3,49.18,9.83,19.18
4250,1,112,4,183.44,45.86,77.04
4250,2,17,5,53.29,0.00,23.98
4251,1,3,6,34.11,0.00,16.37
4251,2,20,7,57.40,0.00,29.27
4252,1,6,8,38.22,0.00,20.63
4252,2,23,1,61.51,0.00,35.06
4253,1,9,2,42.33,0.00,25.39
4253,2,26,3,65.62,0.00,41.34
4254,1,12,4,46.44,0.00,30.65
4254,2,29,5,69.73,0.00,48.11
4255,1,15,6,50.55,0.00,36.39
4255,2,32,7,73.84,0.00,27.32
4256,1,18,8,54.66,0.00,21.86
4256,2,35,1,77.95,0.00,33.51
4257,1,21,2,58.77,0.00,27.03
4257,2,38,3,82.06,0.00,40.20
4258,1,24,4,62.88,0.00,32.69
4258,2,41,5,86.17,0.00,47.39
4259,1,27,6,66.99,0.00,38.85
4259,2,44,7,90.28,0.00,55.07
4260,1,30,8,71.10,0.00,45.50
4260,2,47,1,94.39,0.00,63.24
4261,1,33,2,75.21,0.00,52.64
4261,2,50,3,98.50,0.00,34.47
4262,1,36,4,79.32,0.00,30.14
4262,2,53,5,102.61,0.00,42.07
4263,1,39,6,83.43,0.00,36.70
4263,2,56,7,106.72,0.00,50.15
4264,1,42,8,87.54,0.00,43.77
4264,2,59,1,110.83,0.00,58.73
4265,1,45,2,91.65,0.00,51.32
4265,2,62,3,114.94,0.00,67.81
4266,1,48,4,95.76,0.00,59.37
4266,2,65,5,119.05,0.00,77.38
4267,1,51,6,99.87,0.00,67.91
4267,2,68,7,123.16,0.00,87.44
4268,1,54,8,103.98,0.00,37.43
4268,2,71,1,127.27,0.00,49.63
4269,1,57,2,108.09,0.00,45.39
4269,2,74,3,131.38,0.00,59.12
4270,1,60,4,112.20,0.00,53.85
4270,2,77,5,135.49,0.00,69.09
4271,1,63,6,116.31,0.00,62.80
4271,2,80,7,139.60,0.00,79.57
4272,1,66,8,120.42,0.00,72.25
4272,2,83,1,143.71,0.00,90.53
4273,1,69,2,124.53,0.00,82.18
4273,2,86,3,147.82,0.00,101.99
4274,1,72,4,128.64,0.00,92.62
4274,2,89,5,151.93,0.00,56.21
4275,1,75,6,132.75,0.00,53.10
4275,2,92,7,156.04,0.00,67.09
4276,1,78,8,136.86,0.00,62.95
4276,2,95,1,160.15,0.00,78.47
4277,1,81,2,140.97,0.00,73.30
4277,2,98,3,164.26,0.00,90.34
4278,1,84,4,145.08,0.00,84.14
4278,2,101,5,168.37,0.00,102.70
4279,1,87,6,149.19,0.00,95.48
4279,2,104,7,172.48,0.00,115.56
4280,1,90,8,153.30,0.00,107.31
4280,2,107,1,176.59,0.00,61.80
4281,1,93,2,157.41,0.00,59.81
4281,2,110,3,180.70,27.10,74.08
4282,1,96,4,161.52,32.30,71.06
4282,2,1,5,31.37,7.84,14.74
4283,1,99,6,165.63,8.28,82.81
4283,2,4,7,35.48,3.54,18.80
4284,1,102,8,169.74,25.46,95.05
4284,2,7,1,39.59,7.91,23.35
4285,1,105,2,173.85,43.46,107.78
4285,2,10,3,43.70,2.18,28.40
4286,1,108,4,177.96,17.79,121.01
4286,2,13,5,47.81,7.17,33.94
4287,1,111,6,182.07,36.41,65.54
4287,2,16,7,51.92,12.98,20.24
4288,1,2,8,32.74,1.63,13.75
4288,2,19,1,56.03,5.60,25.21
4289,1,5,2,36.85,5.52,17.68
4289,2,22,3,60.14,12.02,30.67
4290,1,8,4,40.96,10.24,22.11
4290,2,25,5,64.25,3.21,36.62
4291,1,11,6,45.07,4.50,27.04
4291,2,28,7,68.36,10.25,43.06
4292,1,14,8,49.18,9.83,32.45
4292,2,31,1,72.47,18.11,50.00
4293,1,17,2,53.29,2.66,38.36
4293,2,34,3,76.58,7.65,28.33
4294,1,20,4,57.40,8.61,22.96
4294,2,37,5,80.69,16.13,34.69
4295,1,23,6,61.51,15.37,28.29
4295,2,40,7,84.80,4.24,41.55
4296,1,26,8,65.62,6.56,34.12
4296,2,43,1,88.91,13.33,48.90
4297,1,29,2,69.73,13.94,40.44
4297,2,46,3,93.02,23.25,56.74
4298,1,32,4,73.84,3.69,47.25
4298,2,49,5,97.13,9.71,65.07
4299,1,35,6,77.95,11.69,54.56
4299,2,52,7,101.24,20.24,35.43
4300,1,38,8,82.06,20.51,31.18
4300,2,55,1,105.35,0.00,43.19
4301,1,41,2,86.17,0.00,37.91
4301,2,58,3,109.46,0.00,51.44
4302,1,44,4,90.28,0.00,45.14
4302,2,61,5,113.57,0.00,60.19
4303,1,47,6,94.39,0.00,52.85
4303,2,64,7,117.68,0.00,69.43
4304,1,50,8,98.50,0.00,61.07
4304,2,67,1,121.79,0.00,79.16
4305,1,53,2,102.61,0.00,69.77
4305,2,70,3,125.90,0.00,89.38
4306,1,56,4,106.72,0.00,38.41
4306,2,73,5,130.01,0.00,50.70
4307,1,59,6,110.83,0.00,46.54
4307,2,76,7,134.12,0.00,60.35
4308,1,62,8,114.94,0.00,55.17
4308,2,79,1,138.23,0.00,70.49
4309,1,65,2,119.05,0.00,64.28
4309,2,82,3,142.34,0.00,81.13
4310,1,68,4,123.16,0.00,73.89
4310,2,85,5,146.45,0.00,92.26
4311,1,71,6,127.27,0.00,83.99
4311,2,88,7,150.56,0.00,103.88
4312,1,74,8,131.38,0.00,94.59
4312,2,91,1,154.67,0.00,57.22
4313,1,77,2,135.49,0.00,54.19
4313,2,94,3,158.78,0.00,68.27
4314,1,80,4,139.60,0.00,64.21
4314,2,97,5,162.89,0.00,79.81
4315,1,83,6,143.71,0.00,74.72
4315,2,100,7,167.00,0.00,91.85
4316,1,86,8,147.82,0.00,85.73
4316,2,103,1,171.11,0.00,104.37
4317,1,89,2,151.93,0.00,97.23
4317,2,106,3,175.22,0.00,117.39
4318,1,92,4,156.04,0.00,109.22
4318,2,109,5,179.33,0.00,62.76
4319,1,95,6,160.15,0.00,60.85
4319,2,112,7,183.44,0.00,75.21
4320,1,98,8,164.26,0.00,72.27
4320,2,3,1,34.11,0.00,16.03
4321,1,101,2,168.37,0.00,84.18
4321,2,6,3,38.22,0.00,20.25
4322,1,104,4,172.48,0.00,96.58
4322,2,9,5,42.33,0.00,24.97
4323,1,107,6,176.59,0.00,109.48
4323,2,12,7,46.44,0.00,30.18
4324,1,110,8,180.70,0.00,122.87
4324,2,15,1,50.55,0.00,35.89
4325,1,1,2,31.37,0.00,11.29
4325,2,18,3,54.66,0.00,21.31
4326,1,4,4,35.48,0.00,14.90
4326,2,21,5,58.77,0.00,26.44
4327,1,7,6,39.59,0.00,19.00
4327,2,24,7,62.88,0.00,32.06
4328,1,10,8,43.70,0.00,23.59
4328,2,27,1,66.99,0.00,38.18
4329,1,13,2,47.81,0.00,28.68
4329,2,30,3,71.10,0.00,44.79
4330,1,16,4,51.92,0.00,34.26
4330,2,33,5,75.21,0.00,51.89
4331,1,19,6,56.03,0.00,40.34
4331,2,36,7,79.32,11.89,29.34
4332,1,22,8,60.14,12.02,24.05
4332,2,39,1,83.43,20.85,35.87
4333,1,25,2,64.25,3.21,29.55
4333,2,42,3,87.54,8.75,42.89
4334,1,28,4,68.36,10.25,35.54
4334,2,45,5,91.65,18.33,50.40
4335,1,31,6,72.47,18.11,42.03
4335,2,48,7,95.76,4.78,58.41
4336,1,34,8,76.58,7.65,49.01
4336,2,51,1,99.87,14.98,66.91
4337,1,37,2,80.69,16.13,56.48
4337,2,54,3,103.98,25.99,36.39
4338,1,40,4,84.80,4.24,32.22
4338,2,57,5,108.09,10.80,44.31
4339,1,43,6,88.91,13.33,39.12
4339,2,60,7,112.20,22.44,52.73
4340,1,46,8,93.02,23.25,46.51
4340,2,63,1,116.31,5.81,61.64
4341,1,49,2,97.13,9.71,54.39
4341,2,66,3,120.42,18.06,71.04
4342,1,52,4,101.24,20.24,62.76
4342,2,69,5,124.53,31.13,80.94
4343,1,55,6,105.35,5.26,71.63
4343,2,72,7,128.64,12.86,91.33
4344,1,58,8,109.46,16.41,39.40
4344,2,75,1,132.75,26.55,51.77
4345,1,61,2,113.57,28.39,47.69
4345,2,78,3,136.86,6.84,61.58
4346,1,64,4,117.68,11.76,56.48
4346,2,81,5,140.97,21.14,71.89
4347,1,67,6,121.79,24.35,65.76
4347,2,84,7,145.08,36.27,82.69
4348,1,70,8,125.90,6.29,75.54
4348,2,87,1,149.19,14.91,93.98
4349,1,73,2,130.01,19.50,85.80
4349,2,90,3,153.30,30.66,105.77
4350,1,76,4,134.12,33.53,96.56
4350,2,93,5,157.41,0.00,58.24
4351,1,79,6,138.23,0.00,55.29
4351,2,96,7,161.52,0.00,69.45
4352,1,82,8,142.34,0.00,65.47
4352,2,99,1,165.63,0.00,81.15
4353,1,85,2,146.45,0.00,76.15
4353,2,102,3,169.74,0.00,93.35
4354,1,88,4,150.56,0.00,87.32
4354,2,105,5,173.85,0.00,106.04
4355,1,91,6,154.67,0.00,98.98
4355,2,108,7,177.96,0.00,119.23
4356,1,94,8,158.78,0.00,111.14
4356,2,111,1,182.07,0.00,63.72
4357,1,97,2,162.89,0.00,61.89
4357,2,2,3,32.74,0.00,13.42
4358,1,100,4,167.00,0.00,73.48
4358,2,5,5,36.85,0.00,17.31
4359,1,103,6,171.11,0.00,85.55
4359,2,8,7,40.96,0.00,21.70
4360,1,106,8,175.22,0.00,98.12
4360,2,11,1,45.07,0.00,26.59
4361,1,109,2,179.33,0.00,111.18
4361,2,14,3,49.18,0.00,31.96
4362,1,112,4,183.44,0.00,124.73
4362,2,17,5,53.29,0.00,37.83
4363,1,3,6,34.11,0.00,12.27
4363,2,20,7,57.40,0.00,22.38
4364,1,6,8,38.22,0.00,16.05
4364,2,23,1,61.51,0.00,27.67
4365,1,9,2,42.33,0.00,20.31
4365,2,26,3,65.62,0.00,33.46
4366,1,12,4,46.44,0.00,25.07
4366,2,29,5,69.73,0.00,39.74
4367,1,15,6,50.55,0.00,30.33
4367,2,32,7,73.84,0.00,46.51
4368,1,18,8,54.66,0.00,36.07
4368,2,35,1,77.95,0.00,53.78
4369,1,21,2,58.77,0.00,42.31
4369,2,38,3,82.06,0.00,30.36
4370,1,24,4,62.88,0.00,25.15
4370,2,41,5,86.17,0.00,37.05
4371,1,27,6,66.99,0.00,30.81
4371,2,44,7,90.28,0.00,44.23
4372,1,30,8,71.10,0.00,36.97
4372,2,47,1,94.39,0.00,51.91
4373,1,33,2,75.21,0.00,43.62
4373,2,50,3,98.50,0.00,60.08
4374,1,36,4,79.32,0.00,50.76
4374,2,53,5,102.61,0.00,68.74
4375,1,39,6,83.43,0.00,58.40
4375,2,56,7,106.72,0.00,37.35
4376,1,42,8,87.54,0.00,33.26
4376,2,59,1,110.83,0.00,45.44
4377,1,45,2,91.65,0.00,40.32
4377,2,62,3,114.94,0.00,54.02
4378,1,48,4,95.76,0.00,47.88
4378,2,65,5,119.05,0.00,63.09
4379,1,51,6,99.87,0.00,55.92
4379,2,68,7,123.16,0.00,72.66
4380,1,54,8,103.98,0.00,64.46
4380,2,71,1,127.27,0.00,82.72
4381,1,57,2,108.09,0.00,73.50
4381,2,74,3,131.38,19.70,93.27
4382,1,60,4,112.20,22.44,40.39
4382,2,77,5,135.49,33.87,52.84
4383,1,63,6,116.31,5.81,48.85
4383,2,80,7,139.60,13.96,62.82
4384,1,66,8,120.42,18.06,57.80
4384,2,83,1,143.71,28.74,73.29
4385,1,69,2,124.53,31.13,67.24
4385,2,86,3,147.82,7.39,84.25
4386,1,72,4,128.64,12.86,77.18
4386,2,89,5,151.93,22.78,95.71
4387,1,75,6,132.75,26.55,87.61
4387,2,92,7,156.04,39.01,107.66
4388,1,78,8,136.86,6.84,98.53
4388,2,95,1,160.15,16.01,59.25
4389,1,81,2,140.97,21.14,56.38
4389,2,98,3,164.26,32.85,70.63
4390,1,84,4,145.08,36.27,66.73
4390,2,101,5,168.37,8.41,82.50
4391,1,87,6,149.19,14.91,77.57
4391,2,104,7,172.48,25.87,94.86
4392,1,90,8,153.30,30.66,88.91
4392,2,107,1,176.59,44.14,107.71
4393,1,93,2,157.41,7.87,100.74
4393,2,110,3,180.70,18.07,121.06
4394,1,96,4,161.52,24.22,113.06
4394,2,1,5,31.37,6.27,10.97
4395,1,99,6,165.63,41.40,62.93
4395,2,4,7,35.48,1.77,14.54
4396,1,102,8,169.74,16.97,74.68
4396,2,7,1,39.59,5.93,18.60
4397,1,105,2,173.85,34.77,86.92
4397,2,10,3,43.70,10.92,23.16
4398,1,108,4,177.96,8.89,99.65
4398,2,13,5,47.81,4.78,28.20
4399,1,111,6,182.07,27.31,112.88
4399,2,16,7,51.92,10.38,33.74
4400,1,2,8,32.74,8.18,22.26
4400,2,19,1,56.03,0.00,39.78
4401,1,5,2,36.85,0.00,13.26
4401,2,22,3,60.14,0.00,23.45
4402,1,8,4,40.96,0.00,17.20
4402,2,25,5,64.25,0.00,28.91
4403,1,11,6,45.07,0.00,21.63
4403,2,28,7,68.36,0.00,34.86
4404,1,14,8,49.18,0.00,26.55
4404,2,31,1,72.47,0.00,41.30
4405,1,17,2,53.29,0.00,31.97
4405,2,34,3,76.58,0.00,48.24
4406,1,20,4,57.40,0.00,37.88
4406,2,37,5,80.69,0.00,55.67
4407,1,23,6,61.51,0.00,44.28
4407,2,40,7,84.80,0.00,31.37
4408,1,26,8,65.62,0.00,26.24
4408,2,43,1,88.91,0.00,38.23
4409,1,29,2,69.73,0.00,32.07
4409,2,46,3,93.02,0.00,45.57
4410,1,32,4,73.84,0.00,38.39
4410,2,49,5,97.13,0.00,53.42
4411,1,35,6,77.95,0.00,45.21
4411,2,52,7,101.24,0.00,61.75
4412,1,38,8,82.06,0.00,52.51
4412,2,55,1,105.35,0.00,70.58
4413,1,41,2,86.17,0.00,60.31
4413,2,58,3,109.46,0.00,38.31
4414,1,44,4,90.28,0.00,34.30
4414,2,61,5,113.57,0.00,46.56
4415,1,47,6,94.39,0.00,41.53
4415,2,64,7,117.68,0.00,55.30
4416,1,50,8,98.50,0.00,49.25
4416,2,67,1,121.79,0.00,64.54
4417,1,53,2,102.61,0.00,57.46
4417,2,70,3,125.90,0.00,74.28
4418,1,56,4,106.72,0.00,66.16
4418,2,73,5,130.01,0.00,84.50
4419,1,59,6,110.83,0.00,75.36
4419,2,76,7,134.12,0.00,95.22
4420,1,62,8,114.94,0.00,41.37
4420,2,79,1,138.23,0.00,53.90
4421,1,65,2,119.05,0.00,50.00
4421,2,82,3,142.34,0.00,64.05
4422,1,68,4,123.16,0.00,59.11
4422,2,85,5,146.45,0.00,74.68
4423,1,71,6,127.27,0.00,68.72
4423,2,88,7,150.56,0.00,85.81
4424,1,74,8,131.38,0.00,78.82
4424,2,91,1,154.67,0.00,97.44
4425,1,77,2,135.49,0.00,89.42
4425,2,94,3,158.78,0.00,109.55
4426,1,80,4,139.60,0.00,100.51
4426,2,97,5,162.89,0.00,60.26
4427,1,83,6,143.71,0.00,57.48
4427,2,100,7,167.00,0.00,71.81
4428,1,86,8,147.82,0.00,67.99
4428,2,103,1,171.11,0.00,83.84
4429,1,89,2,151.93,0.00,79.00
4429,2,106,3,175.22,0.00,96.37
4430,1,92,4,156.04,0.00,90.50
4430,2,109,5,179.33,0.00,109.39
4431,1,95,6,160.15,0.00,102.49
4431,2,112,7,183.44,27.51,122.90
4432,1,98,8,164.26,32.85,114.98
4432,2,3,1,34.11,8.52,11.93
4433,1,101,2,168.37,8.41,63.98
4433,2,6,3,38.22,3.82,15.67
4434,1,104,4,172.48,25.87,75.89
4434,2,9,5,42.33,8.46,19.89
4435,1,107,6,176.59,44.14,88.29
4435,2,12,7,46.44,2.32,24.61
4436,1,110,8,180.70,18.07,101.19
4436,2,15,1,50.55,7.58,29.82
4437,1,1,2,31.37,6.27,19.44
4437,2,18,3,54.66,13.66,35.52
4438,1,4,4,35.48,1.77,24.12
4438,2,21,5,58.77,5.87,41.72
4439,1,7,6,39.59,5.93,14.25
4439,2,24,7,62.88,12.57,24.52
4440,1,10,8,43.70,10.92,18.35
4440,2,27,1,66.99,3.34,30.14
4441,1,13,2,47.81,4.78,22.94
4441,2,30,3,71.10,10.66,36.26
4442,1,16,4,51.92,10.38,28.03
4442,2,33,5,75.21,18.80,42.86
4443,1,19,6,56.03,2.80,33.61
4443,2,36,7,79.32,7.93,49.97
4444,1,22,8,60.14,9.02,39.69
4444,2,39,1,83.43,16.68,57.56
4445,1,25,2,64.25,16.06,46.26
4445,2,42,3,87.54,4.37,32.38
4446,1,28,4,68.36,6.83,27.34
4446,2,45,5,91.65,13.74,39.40
4447,1,31,6,72.47,14.49,33.33
4447,2,48,7,95.76,23.94,46.92
4448,1,34,8,76.58,3.82,39.82
4448,2,51,1,99.87,9.98,54.92
4449,1,37,2,80.69,12.10,46.80
4449,2,54,3,103.98,20.79,63.42
4450,1,40,4,84.80,21.20,54.27
4450,2,57,5,108.09,0.00,72.42
4451,1,43,6,88.91,0.00,62.23
4451,2,60,7,112.20,0.00,39.27
4452,1,46,8,93.02,0.00,35.34
4452,2,63,1,116.31,0.00,47.68
4453,1,49,2,97.13,0.00,42.73
4453,2,66,3,120.42,0.00,56.59
4454,1,52,4,101.24,0.00,50.62
4454,2,69,5,124.53,0.00,66.00
4455,1,55,6,105.35,0.00,58.99
4455,2,72,7,128.64,0.00,75.89
4456,1,58,8,109.46,0.00,67.86
4456,2,75,1,132.75,0.00,86.28
4457,1,61,2,113.57,0.00,77.22
4457,2,78,3,136.86,0.00,97.17
4458,1,64,4,117.68,0.00,42.36
4458,2,81,5,140.97,0.00,54.97
4459,1,67,6,121.79,0.00,51.15
4459,2,84,7,145.08,0.00,65.28
4460,1,70,8,125.90,0.00,60.43
4460,2,87,1,149.19,0.00,76.08
4461,1,73,2,130.01,0.00,70.20
4461,2,90,3,153.30,0.00,87.38
4462,1,76,4,134.12,0.00,80.47
4462,2,93,5,157.41,0.00,99.16
4463,1,79,6,138.23,0.00,91.23
4463,2,96,7,161.52,0.00,111.44
4464,1,82,8,142.34,0.00,102.48
4464,2,99,1,165.63,0.00,61.28
4465,1,85,2,146.45,0.00,58.58
4465,2,102,3,169.74,0.00,72.98
4466,1,88,4,150.56,0.00,69.25
4466,2,105,5,173.85,0.00,85.18
4467,1,91,6,154.67,0.00,80.42
4467,2,108,7,177.96,0.00,97.87
4468,1,94,8,158.78,0.00,92.09
4468,2,111,1,182.07,0.00,111.06
4469,1,97,2,162.89,0.00,104.24
4469,2,2,3,32.74,0.00,21.93
4470,1,100,4,167.00,0.00,116.90
4470,2,5,5,36.85,0.00,12.89
4471,1,103,6,171.11,0.00,65.02
4471,2,8,7,40.96,0.00,16.79
4472,1,106,8,175.22,0.00,77.09
4472,2,11,1,45.07,0.00,21.18
4473,1,109,2,179.33,0.00,89.66
4473,2,14,3,49.18,0.00,26.06
4474,1,112,4,183.44,0.00,102.72
4474,2,17,5,53.29,0.00,31.44
4475,1,3,6,34.11,0.00,21.14
4475,2,20,7,57.40,0.00,37.31
4476,1,6,8,38.22,0.00,25.98
4476,2,23,1,61.51,0.00,43.67
4477,1,9,2,42.33,0.00,15.23
4477,2,26,3,65.62,0.00,25.59
4478,1,12,4,46.44,0.00,19.50
4478,2,29,5,69.73,0.00,31.37
4479,1,15,6,50.55,0.00,24.26
4479,2,32,7,73.84,0.00,37.65
4480,1,18,8,54.66,0.00,29.51
4480,2,35,1,77.95,0.00,44.43
4481,1,21,2,58.77,0.00,35.26
4481,2,38,3,82.06,12.30,51.69
4482,1,24,4,62.88,12.57,41.50
4482,2,41,5,86.17,21.54,59.45
4483,1,27,6,66.99,3.34,48.23
4483,2,44,7,90.28,9.02,33.40
4484,1,30,8,71.10,10.66,28.44
4484,2,47,1,94.39,18.87,40.58
4485,1,33,2,75.21,18.80,34.59
4485,2,50,3,98.50,4.92,48.26
4486,1,36,4,79.32,7.93,41.24
4486,2,53,5,102.61,15.39,56.43
4487,1,39,6,83.43,16.68,48.38
4487,2,56,7,106.72,26.68,65.09
4488,1,42,8,87.54,4.37,56.02
4488,2,59,1,110.83,11.08,74.25
4489,1,45,2,91.65,13.74,64.15
4489,2,62,3,114.94,22.98,40.22
4490,1,48,4,95.76,23.94,36.38
4490,2,65,5,119.05,5.95,48.81
4491,1,51,6,99.87,9.98,43.94
4491,2,68,7,123.16,18.47,57.88
4492,1,54,8,103.98,20.79,51.99
4492,2,71,1,127.27,31.81,67.45
4493,1,57,2,108.09,5.40,60.53
4493,2,74,3,131.38,13.13,77.51
4494,1,60,4,112.20,16.83,69.56
4494,2,77,5,135.49,27.09,88.06
4495,1,63,6,116.31,29.07,79.09
4495,2,80,7,139.60,6.98,99.11
4496,1,66,8,120.42,12.04,43.35
4496,2,83,1,143.71,21.55,56.04
4497,1,69,2,124.53,24.90,52.30
4497,2,86,3,147.82,36.95,66.51
4498,1,72,4,128.64,6.43,61.74
4498,2,89,5,151.93,15.19,77.48
4499,1,75,6,132.75,19.91,71.68
4499,2,92,7,156.04,31.20,88.94
4500,1,78,8,136.86,34.21,82.11
4500,2,95,1,160.15,0.00,100.89
4501,1,81,2,140.97,0.00,93.04
4501,2,98,3,164.26,0.00,113.33
4502,1,84,4,145.08,0.00,104.45
4502,2,101,5,168.37,0.00,62.29
4503,1,87,6,149.19,0.00,59.67
4503,2,104,7,172.48,0.00,74.16
4504,1,90,8,153.30,0.00,70.51
4504,2,107,1,176.59,0.00,86.52
4505,1,93,2,157.41,0.00,81.85
4505,2,110,3,180.70,0.00,99.38
4506,1,96,4,161.52,0.00,93.68
4506,2,1,5,31.37,0.00,19.13
4507,1,99,6,165.63,0.00,106.00
4507,2,4,7,35.48,0.00,23.77
4508,1,102,8,169.74,0.00,118.81
4508,2,7,1,39.59,0.00,13.85
4509,1,105,2,173.85,0.00,66.06
4509,2,10,3,43.70,0.00,17.91
4510,1,108,4,177.96,0.00,78.30
4510,2,13,5,47.81,0.00,22.47
4511,1,111,6,182.07,0.00,91.03
4511,2,16,7,51.92,0.00,27.51
4512,1,2,8,32.74,0.00,18.33
4512,2,19,1,56.03,0.00,33.05
4513,1,5,2,36.85,0.00,22.84
4513,2,22,3,60.14,0.00,39.09
4514,1,8,4,40.96,0.00,27.85
4514,2,25,5,64.25,0.00,45.61
4515,1,11,6,45.07,0.00,16.22
4515,2,28,7,68.36,0.00,26.66
4516,1,14,8,49.18,0.00,20.65
4516,2,31,1,72.47,0.00,32.61
4517,1,17,2,53.29,0.00,25.57
4517,2,34,3,76.58,0.00,39.05
4518,1,20,4,57.40,0.00,30.99
4518,2,37,5,80.69,0.00,45.99
4519,1,23,6,61.51,0.00,36.90
4519,2,40,7,84.80,0.00,53.42
4520,1,26,8,65.62,0.00,43.30
4520,2,43,1,88.91,0.00,61.34
4521,1,29,2,69.73,0.00,50.20
4521,2,46,3,93.02,0.00,34.41
4522,1,32,4,73.84,0.00,29.53
4522,2,49,5,97.13,0.00,41.76
4523,1,35,6,77.95,0.00,35.85
4523,2,52,7,101.24,0.00,49.60
4524,1,38,8,82.06,0.00,42.67
4524,2,55,1,105.35,0.00,57.94
4525,1,41,2,86.17,0.00,49.97
4525,2,58,3,109.46,0.00,66.77
4526,1,44,4,90.28,0.00,57.77
4526,2,61,5,113.57,0.00,76.09
4527,1,47,6,94.39,0.00,66.07
4527,2,64,7,117.68,0.00,41.18
4528,1,50,8,98.50,0.00,37.43
4528,2,67,1,121.79,0.00,49.93
4529,1,53,2,102.61,0.00,45.14
4529,2,70,3,125.90,0.00,59.17
4530,1,56,4,106.72,0.00,53.36
4530,2,73,5,130.01,0.00,68.90
4531,1,59,6,110.83,0.00,62.06
4531,2,76,7,134.12,20.11,79.13
4532,1,62,8,114.94,22.98,71.26
4532,2,79,1,138.23,34.55,89.84
4533,1,65,2,119.05,5.95,80.95
4533,2,82,3,142.34,14.23,101.06
4534,1,68,4,123.16,18.47,44.33
4534,2,85,5,146.45,29.29,57.11
4535,1,71,6,127.27,31.81,53.45
4535,2,88,7,150.56,7.52,67.75
4536,1,74,8,131.38,13.13,63.06
4536,2,91,1,154.67,23.20,78.88
4537,1,77,2,135.49,27.09,73.16
4537,2,94,3,158.78,39.69,90.50
4538,1,80,4,139.60,6.98,83.76
4538,2,97,5,162.89,16.28,102.62
4539,1,83,6,143.71,21.55,94.84
4539,2,100,7,167.00,33.40,115.23
4540,1,86,8,147.82,36.95,106.43
4540,2,103,1,171.11,8.55,63.31
4541,1,89,2,151.93,15.19,60.77
4541,2,106,3,175.22,26.28,75.34
4542,1,92,4,156.04,31.20,71.77
4542,2,109,5,179.33,44.83,87.87
4543,1,95,6,160.15,8.00,83.27
4543,2,112,7,183.44,18.34,100.89
4544,1,98,8,164.26,24.63,95.27
4544,2,3,1,34.11,6.82,20.80
4545,1,101,2,168.37,42.09,107.75
4545,2,6,3,38.22,1.91,25.60
4546,1,104,4,172.48,17.24,120.73
4546,2,9,5,42.33,6.34,14.81
4547,1,107,6,176.59,35.31,67.10
4547,2,12,7,46.44,11.61,19.04
4548,1,110,8,180.70,9.03,79.50
4548,2,15,1,50.55,5.05,23.75
4549,1,1,2,31.37,4.70,15.68
4549,2,18,3,54.66,10.93,28.96
4550,1,4,4,35.48,8.87,19.86
4550,2,21,5,58.77,0.00,34.67
4551,1,7,6,39.59,0.00,24.54
4551,2,24,7,62.88,0.00,40.87
4552,1,10,8,43.70,0.00,29.71
4552,2,27,1,66.99,0.00,47.56
4553,1,13,2,47.81,0.00,17.21
4553,2,30,3,71.10,0.00,27.72
4554,1,16,4,51.92,0.00,21.80
4554,2,33,5,75.21,0.00,33.84
4555,1,19,6,56.03,0.00,26.89
4555,2,36,7,79.32,0.00,40.45
4556,1,22,8,60.14,0.00,32.47
4556,2,39,1,83.43,0.00,47.55
4557,1,25,2,64.25,0.00,38.55
4557,2,42,3,87.54,0.00,55.15
4558,1,28,4,68.36,0.00,45.11
4558,2,45,5,91.65,0.00,63.23
4559,1,31,6,72.47,0.00,52.17
4559,2,48,7,95.76,0.00,35.43
4560,1,34,8,76.58,0.00,30.63
4560,2,51,1,99.87,0.00,42.94
4561,1,37,2,80.69,0.00,37.11
4561,2,54,3,103.98,0.00,50.95
4562,1,40,4,84.80,0.00,44.09
4562,2,57,5,108.09,0.00,59.44
4563,1,43,6,88.91,0.00,51.56
4563,2,60,7,112.20,0.00,68.44
4564,1,46,8,93.02,0.00,59.53
4564,2,63,1,116.31,0.00,77.92
4565,1,49,2,97.13,0.00,67.99
4565,2,66,3,120.42,0.00,42.14
4566,1,52,4,101.24,0.00,38.47
4566,2,69,5,124.53,0.00,51.05
4567,1,55,6,105.35,0.00,46.35
4567,2,72,7,128.64,0.00,60.46
4568,1,58,8,109.46,0.00,54.73
4568,2,75,1,132.75,0.00,70.35
4569,1,61,2,113.57,0.00,63.59
4569,2,78,3,136.86,0.00,80.74
4570,1,64,4,117.68,0.00,72.96
4570,2,81,5,140.97,0.00,91.63
4571,1,67,6,121.79,0.00,82.81
4571,2,84,7,145.08,0.00,103.00
4572,1,70,8,125.90,0.00,45.32
4572,2,87,1,149.19,0.00,58.18
4573,1,73,2,130.01,0.00,54.60
4573,2,90,3,153.30,0.00,68.98
4574,1,76,4,134.12,0.00,64.37
4574,2,93,5,157.41,0.00,80.27
4575,1,79,6,138.23,0.00,74.64
4575,2,96,7,161.52,0.00,92.06
4576,1,82,8,142.34,0.00,85.40
4576,2,99,1,165.63,0.00,104.34
4577,1,85,2,146.45,0.00,96.65
4577,2,102,3,169.74,0.00,117.12
4578,1,88,4,150.56,0.00,108.40
4578,2,105,5,173.85,0.00,64.32
4579,1,91,6,154.67,0.00,61.86
4579,2,108,7,177.96,0.00,76.52
4580,1,94,8,158.78,0.00,73.03
4580,2,111,1,182.07,0.00,89.21
4581,1,97,2,162.89,0.00,84.70
4581,2,2,3,32.74,4.91,18.00
4582,1,100,4,167.00,33.40,96.86
4582,2,5,5,36.85,9.21,22.47
4583,1,103,6,171.11,8.55,109.51
4583,2,8,7,40.96,4.09,27.44
4584,1,106,8,175.22,26.28,122.65
4584,2,11,1,45.07,9.01,15.77
4585,1,109,2,179.33,44.83,68.14
4585,2,14,3,49.18,2.45,20.16
4586,1,112,4,183.44,18.34,80.71
4586,2,17,5,53.29,7.99,25.04
4587,1,3,6,34.11,6.82,17.05
4587,2,20,7,57.40,14.35,30.42
4588,1,6,8,38.22,1.91,21.40
4588,2,23,1,61.51,6.15,36.29
4589,1,9,2,42.33,6.34,26.24
4589,2,26,3,65.62,13.12,42.65
4590,1,12,4,46.44,11.61,31.57
4590,2,29,5,69.73,3.48,49.50
4591,1,15,6,50.55,5.05,18.19
4591,2,32,7,73.84,11.07,28.79
4592,1,18,8,54.66,10.93,22.95
4592,2,35,1,77.95,19.48,35.07
4593,1,21,2,58.77,2.93,28.20
4593,2,38,3,82.06,8.20,41.85
4594,1,24,4,62.88,9.43,33.95
4594,2,41,5,86.17,17.23,49.11
4595,1,27,6,66.99,16.74,40.19
4595,2,44,7,90.28,4.51,56.87
4596,1,30,8,71.10,7.11,46.92
4596,2,47,1,94.39,14.15,65.12
4597,1,33,2,75.21,15.04,54.15
4597,2,50,3,98.50,24.62,36.44
4598,1,36,4,79.32,3.96,31.72
4598,2,53,5,102.61,10.26,44.12
4599,1,39,6,83.43,12.51,38.37
4599,2,56,7,106.72,21.34,52.29
4600,1,42,8,87.54,21.88,45.52
4600,2,59,1,110.83,0.00,60.95
4601,1,45,2,91.65,0.00,53.15
4601,2,62,3,114.94,0.00,70.11
4602,1,48,4,95.76,0.00,61.28
4602,2,65,5,119.05,0.00,79.76
4603,1,51,6,99.87,0.00,69.90
4603,2,68,7,123.16,0.00,43.10
4604,1,54,8,103.98,0.00,39.51
4604,2,71,1,127.27,0.00,52.18
4605,1,57,2,108.09,0.00,47.55
4605,2,74,3,131.38,0.00,61.74
4606,1,60,4,112.20,0.00,56.10
4606,2,77,5,135.49,0.00,71.80
4607,1,63,6,116.31,0.00,65.13
4607,2,80,7,139.60,0.00,82.36
4608,1,66,8,120.42,0.00,74.66
4608,2,83,1,143.71,0.00,93.41
4609,1,69,2,124.53,0.00,84.68
4609,2,86,3,147.82,0.00,104.95
4610,1,72,4,128.64,0.00,46.31
4610,2,89,5,151.93,0.00,59.25
4611,1,75,6,132.75,0.00,55.75
4611,2,92,7,156.04,0.00,70.21
4612,1,78,8,136.86,0.00,65.69
4612,2,95,1,160.15,0.00,81.67
4613,1,81,2,140.97,0.00,76.12
4613,2,98,3,164.26,0.00,93.62
4614,1,84,4,145.08,0.00,87.04
4614,2,101,5,168.37,0.00,106.07
4615,1,87,6,149.19,0.00,98.46
4615,2,104,7,172.48,0.00,119.01
4616,1,90,8,153.30,0.00,110.37
4616,2,107,1,176.59,0.00,65.33
4617,1,93,2,157.41,0.00,62.96
4617,2,110,3,180.70,0.00,77.70
4618,1,96,4,161.52,0.00,74.29
4618,2,1,5,31.37,0.00,15.37
4619,1,99,6,165.63,0.00,86.12
4619,2,4,7,35.48,0.00,19.51
4620,1,102,8,169.74,0.00,98.44
4620,2,7,1,39.59,0.00,24.14
4621,1,105,2,173.85,0.00,111.26
4621,2,10,3,43.70,0.00,29.27
4622,1,108,4,177.96,0.00,124.57
4622,2,13,5,47.81,0.00,16.73
4623,1,111,6,182.07,0.00,69.18
4623,2,16,7,51.92,0.00,21.28
4624,1,2,8,32.74,0.00,14.40
4624,2,19,1,56.03,0.00,26.33
4625,1,5,2,36.85,0.00,18.42
4625,2,22,3,60.14,0.00,31.87
4626,1,8,4,40.96,0.00,22.93
4626,2,25,5,64.25,0.00,37.90
4627,1,11,6,45.07,0.00,27.94
4627,2,28,7,68.36,0.00,44.43
4628,1,14,8,49.18,0.00,33.44
4628,2,31,1,72.47,0.00,51.45
4629,1,17,2,53.29,0.00,19.18
4629,2,34,3,76.58,0.00,29.86
4630,1,20,4,57.40,0.00,24.10
4630,2,37,5,80.69,0.00,36.31
4631,1,23,6,61.51,0.00,29.52
4631,2,40,7,84.80,12.72,43.24
4632,1,26,8,65.62,13.12,35.43
4632,2,43,1,88.91,22.22,50.67
4633,1,29,2,69.73,3.48,41.83
4633,2,46,3,93.02,9.30,58.60
4634,1,32,4,73.84,11.07,48.73
4634,2,49,5,97.13,19.42,67.01
4635,1,35,6,77.95,19.48,56.12
4635,2,52,7,101.24,5.06,37.45
4636,1,38,8,82.06,8.20,32.82
4636,2,55,1,105.35,15.80,45.30
4637,1,41,2,86.17,17.23,39.63
4637,2,58,3,109.46,27.36,53.63
4638,1,44,4,90.28,4.51,46.94
4638,2,61,5,113.57,11.35,62.46
4639,1,47,6,94.39,14.15,54.74
4639,2,64,7,117.68,23.53,71.78
4640,1,50,8,98.50,24.62,63.04
4640,2,67,1,121.79,6.08,81.59
4641,1,53,2,102.61,10.26,71.82
4641,2,70,3,125.90,18.88,44.06
4642,1,56,4,106.72,21.34,40.55
4642,2,73,5,130.01,32.50,53.30
4643,1,59,6,110.83,5.54,48.76
4643,2,76,7,134.12,13.41,63.03
4644,1,62,8,114.94,17.24,57.47
4644,2,79,1,138.23,27.64,73.26
4645,1,65,2,119.05,29.76,66.66
4645,2,82,3,142.34,7.11,83.98
4646,1,68,4,123.16,12.31,76.35
4646,2,85,5,146.45,21.96,95.19
4647,1,71,6,127.27,25.45,86.54
4647,2,88,7,150.56,37.64,106.89
4648,1,74,8,131.38,6.56,47.29
4648,2,91,1,154.67,15.46,60.32
4649,1,77,2,135.49,20.32,56.90
4649,2,94,3,158.78,31.75,71.45
4650,1,80,4,139.60,34.90,67.00
4650,2,97,5,162.89,0.00,83.07
4651,1,83,6,143.71,0.00,77.60
4651,2,100,7,167.00,0.00,95.19
4652,1,86,8,147.82,0.00,88.69
4652,2,103,1,171.11,0.00,107.79
4653,1,89,2,151.93,0.00,100.27
4653,2,106,3,175.22,0.00,120.90
4654,1,92,4,156.04,0.00,112.34
4654,2,109,5,179.33,0.00,66.35
4655,1,95,6,160.15,0.00,64.06
4655,2,112,7,183.44,0.00,78.87
4656,1,98,8,164.26,0.00,75.55
4656,2,3,1,34.11,0.00,16.71
4657,1,101,2,168.37,0.00,87.55
4657,2,6,3,38.22,0.00,21.02
4658,1,104,4,172.48,0.00,100.03
4658,2,9,5,42.33,0.00,25.82
4659,1,107,6,176.59,0.00,113.01
4659,2,12,7,46.44,0.00,31.11
4660,1,110,8,180.70,0.00,126.49
4660,2,15,1,50.55,0.00,17.69
4661,1,1,2,31.37,0.00,11.92
4661,2,18,3,54.66,0.00,22.41
4662,1,4,4,35.48,0.00,15.61
4662,2,21,5,58.77,0.00,27.62
4663,1,7,6,39.59,0.00,19.79
4663,2,24,7,62.88,0.00,33.32
4664,1,10,8,43.70,0.00,24.47
4664,2,27,1,66.99,0.00,39.52
4665,1,13,2,47.81,0.00,29.64
4665,2,30,3,71.10,0.00,46.21
4666,1,16,4,51.92,0.00,35.30
4666,2,33,5,75.21,0.00,53.39
4667,1,19,6,56.03,0.00,20.17
4667,2,36,7,79.32,0.00,30.93
4668,1,22,8,60.14,0.00,25.25
4668,2,39,1,83.43,0.00,37.54
4669,1,25,2,64.25,0.00,30.84
4669,2,42,3,87.54,0.00,44.64
4670,1,28,4,68.36,0.00,36.91
4670,2,45,5,91.65,0.00,52.24
4671,1,31,6,72.47,0.00,43.48
4671,2,48,7,95.76,0.00,60.32
4672,1,34,8,76.58,0.00,50.54
4672,2,51,1,99.87,0.00,68.91
4673,1,37,2,80.69,0.00,58.09
4673,2,54,3,103.98,0.00,38.47
4674,1,40,4,84.80,0.00,33.92
4674,2,57,5,108.09,0.00,46.47
4675,1,43,6,88.91,0.00,40.89
4675,2,60,7,112.20,0.00,54.97
4676,1,46,8,93.02,0.00,48.37
4676,2,63,1,116.31,0.00,63.97
4677,1,49,2,97.13,0.00,56.33
4677,2,66,3,120.42,0.00,73.45
4678,1,52,4,101.24,0.00,64.79
4678,2,69,5,124.53,0.00,83.43
4679,1,55,6,105.35,0.00,73.74
4679,2,72,7,128.64,0.00,45.02
4680,1,58,8,109.46,0.00,41.59
4680,2,75,1,132.75,0.00,54.42
4681,1,61,2,113.57,0.00,49.97
4681,2,78,3,136.86,20.52,64.32
4682,1,64,4,117.68,23.53,58.84
4682,2,81,5,140.97,35.24,74.71
4683,1,67,6,121.79,6.08,68.20
4683,2,84,7,145.08,14.50,85.59
4684,1,70,8,125.90,18.88,78.05
4684,2,87,1,149.19,29.83,96.97
4685,1,73,2,130.01,32.50,88.40
4685,2,90,3,153.30,7.66,108.84
4686,1,76,4,134.12,13.41,48.28
4686,2,93,5,157.41,23.61,61.38
4687,1,79,6,138.23,27.64,58.05
4687,2,96,7,161.52,40.38,72.68
4688,1,82,8,142.34,7.11,68.32
4688,2,99,1,165.63,16.56,84.47
4689,1,85,2,146.45,21.96,79.08
4689,2,102,3,169.74,33.94,96.75
4690,1,88,4,150.56,37.64,90.33
4690,2,105,5,173.85,8.69,109.52
4691,1,91,6,154.67,15.46,102.08
4691,2,108,7,177.96,26.69,122.79
4692,1,94,8,158.78,31.75,114.32
4692,2,111,1,182.07,45.51,67.36
4693,1,97,2,162.89,8.14,65.15
4693,2,2,3,32.74,3.27,14.07
4694,1,100,4,167.00,25.05,76.82
4694,2,5,5,36.85,7.37,18.05
4695,1,103,6,171.11,42.77,88.97
4695,2,8,7,40.96,2.04,22.52
4696,1,106,8,175.22,17.52,101.62
4696,2,11,1,45.07,6.76,27.49
4697,1,109,2,179.33,35.86,114.77
4697,2,14,3,49.18,12.29,32.95
4698,1,112,4,183.44,9.17,128.40
4698,2,17,5,53.29,5.32,18.65
4699,1,3,6,34.11,5.11,12.96
4699,2,20,7,57.40,11.48,23.53
4700,1,6,8,38.22,9.55,16.81
4700,2,23,1,61.51,0.00,28.90
4701,1,9,2,42.33,0.00,21.16
4701,2,26,3,65.62,0.00,34.77
4702,1,12,4,46.44,0.00,26.00
4702,2,29,5,69.73,0.00,41.14
4703,1,15,6,50.55,0.00,31.34
4703,2,32,7,73.84,0.00,47.99
4704,1,18,8,54.66,0.00,37.16
4704,2,35,1,77.95,0.00,55.34
4705,1,21,2,58.77,0.00,21.15
4705,2,38,3,82.06,0.00,32.00
4706,1,24,4,62.88,0.00,26.40
4706,2,41,5,86.17,0.00,38.77
4707,1,27,6,66.99,0.00,32.15
4707,2,44,7,90.28,0.00,46.04
4708,1,30,8,71.10,0.00,38.39
4708,2,47,1,94.39,0.00,53.80
4709,1,33,2,75.21,0.00,45.12
4709,2,50,3,98.50,0.00,62.05
4710,1,36,4,79.32,0.00,52.35
4710,2,53,5,102.61,0.00,70.80
4711,1,39,6,83.43,0.00,60.06
4711,2,56,7,106.72,0.00,39.48
4712,1,42,8,87.54,0.00,35.01
4712,2,59,1,110.83,0.00,47.65
4713,1,45,2,91.65,0.00,42.15
4713,2,62,3,114.94,0.00,56.32
4714,1,48,4,95.76,0.00,49.79
4714,2,65,5,119.05,0.00,65.47
4715,1,51,6,99.87,0.00,57.92
4715,2,68,7,123.16,0.00,75.12
4716,1,54,8,103.98,0.00,66.54
4716,2,71,1,127.27,0.00,85.27
4717,1,57,2,108.09,0.00,75.66
4717,2,74,3,131.38,0.00,45.98
4718,1,60,4,112.20,0.00,42.63
4718,2,77,5,135.49,0.00,55.55
4719,1,63,6,116.31,0.00,51.17
4719,2,80,7,139.60,0.00,65.61
4720,1,66,8,120.42,0.00,60.21
4720,2,83,1,143.71,0.00,76.16
4721,1,69,2,124.53,0.00,69.73
4721,2,86,3,147.82,0.00,87.21
4722,1,72,4,128.64,0.00,79.75
4722,2,89,5,151.93,0.00,98.75
4723,1,75,6,132.75,0.00,90.27
4723,2,92,7,156.04,0.00,110.78
4724,1,78,8,136.86,0.00,49.26
4724,2,95,1,160.15,0.00,62.45
4725,1,81,2,140.97,0.00,59.20
4725,2,98,3,164.26,0.00,73.91
4726,1,84,4,145.08,0.00,69.63
4726,2,101,5,168.37,0.00,85.86
4727,1,87,6,149.19,0.00,80.56
4727,2,104,7,172.48,0.00,98.31
4728,1,90,8,153.30,0.00,91.98
4728,2,107,1,176.59,0.00,111.25
4729,1,93,2,157.41,0.00,103.89
4729,2,110,3,180.70,0.00,124.68
4730,1,96,4,161.52,0.00,116.29
4730,2,1,5,31.37,0.00,11.60
4731,1,99,6,165.63,0.00,66.25
4731,2,4,7,35.48,5.32,15.25
4732,1,102,8,169.74,33.94,78.08
4732,2,7,1,39.59,9.89,19.39
4733,1,105,2,173.85,8.69,90.40
4733,2,10,3,43.70,4.37,24.03
4734,1,108,4,177.96,26.69,103.21
4734,2,13,5,47.81,9.56,29.16
4735,1,111,6,182.07,45.51,116.52
4735,2,16,7,51.92,2.59,34.78
4736,1,2,8,32.74,3.27,22.91
4736,2,19,1,56.03,8.40,19.61
4737,1,5,2,36.85,7.37,14.00
4737,2,22,3,60.14,15.03,24.65
4738,1,8,4,40.96,2.04,18.02
4738,2,25,5,64.25,6.42,30.19
4739,1,11,6,45.07,6.76,22.53
4739,2,28,7,68.36,13.67,36.23
4740,1,14,8,49.18,12.29,27.54
4740,2,31,1,72.47,3.62,42.75
4741,1,17,2,53.29,5.32,33.03
4741,2,34,3,76.58,11.48,49.77
4742,1,20,4,57.40,11.48,39.03
4742,2,37,5,80.69,20.17,57.28
4743,1,23,6,61.51,3.07,22.14
4743,2,40,7,84.80,8.48,33.07
4744,1,26,8,65.62,9.84,27.56
4744,2,43,1,88.91,17.78,40.00
4745,1,29,2,69.73,17.43,33.47
4745,2,46,3,93.02,4.65,47.44
4746,1,32,4,73.84,7.38,39.87
4746,2,49,5,97.13,14.56,55.36
4747,1,35,6,77.95,15.59,46.77
4747,2,52,7,101.24,25.31,63.78
4748,1,38,8,82.06,4.10,54.15
4748,2,55,1,105.35,10.53,72.69
4749,1,41,2,86.17,12.92,62.04
4749,2,58,3,109.46,21.89,40.50
4750,1,44,4,90.28,22.57,36.11
4750,2,61,5,113.57,0.00,48.83
4751,1,47,6,94.39,0.00,43.41
4751,2,64,7,117.68,0.00,57.66
4752,1,50,8,98.50,0.00,51.22
4752,2,67,1,121.79,0.00,66.98
4753,1,53,2,102.61,0.00,59.51
4753,2,70,3,125.90,0.00,76.79
4754,1,56,4,106.72,0.00,68.30
4754,2,73,5,130.01,0.00,87.10
4755,1,59,6,110.83,0.00,77.58
4755,2,76,7,134.12,0.00,46.94
4756,1,62,8,114.94,0.00,43.67
4756,2,79,1,138.23,0.00,56.67
4757,1,65,2,119.05,0.00,52.38
4757,2,82,3,142.34,0.00,66.89
4758,1,68,4,123.16,0.00,61.58
4758,2,85,5,146.45,0.00,77.61
4759,1,71,6,127.27,0.00,71.27
4759,2,88,7,150.56,0.00,88.83
4760,1,74,8,131.38,0.00,81.45
4760,2,91,1,154.67,0.00,100.53
4761,1,77,2,135.49,0.00,92.13
4761,2,94,3,158.78,0.00,112.73
4762,1,80,4,139.60,0.00,50.25
4762,2,97,5,162.89,0.00,63.52
4763,1,83,6,143.71,0.00,60.35
4763,2,100,7,167.00,0.00,75.15
4764,1,86,8,147.82,0.00,70.95
4764,2,103,1,171.11,0.00,87.26
4765,1,89,2,151.93,0.00,82.04
4765,2,106,3,175.22,0.00,99.87
4766,1,92,4,156.04,0.00,93.62
4766,2,109,5,179.33,0.00,112.97
4767,1,95,6,160.15,0.00,105.69
4767,2,112,7,183.44,0.00,126.57
4768,1,98,8,164.26,0.00,118.26
4768,2,3,1,34.11,0.00,12.62
4769,1,101,2,168.37,0.00,67.34
4769,2,6,3,38.22,0.00,16.43
4770,1,104,4,172.48,0.00,79.34
4770,2,9,5,42.33,0.00,20.74
4771,1,107,6,176.59,0.00,91.82
4771,2,12,7,46.44,0.00,25.54
4772,1,110,8,180.70,0.00,104.80
4772,2,15,1,50.55,0.00,30.83
4773,1,1,2,31.37,0.00,20.07
4773,2,18,3,54.66,0.00,36.62
4774,1,4,4,35.48,0.00,24.83
4774,2,21,5,58.77,0.00,20.56
4775,1,7,6,39.59,0.00,15.04
4775,2,24,7,62.88,0.00,25.78
4776,1,10,8,43.70,0.00,19.22
4776,2,27,1,66.99,0.00,31.48
4777,1,13,2,47.81,0.00,23.90
4777,2,30,3,71.10,0.00,37.68
4778,1,16,4,51.92,0.00,29.07
4778,2,33,5,75.21,0.00,44.37
4779,1,19,6,56.03,0.00,34.73
4779,2,36,7,79.32,0.00,51.55
4780,1,22,8,60.14,0.00,40.89
4780,2,39,1,83.43,0.00,59.23
4781,1,25,2,64.25,0.00,23.13
4781,2,42,3,87.54,13.13,34.14
4782,1,28,4,68.36,13.67,28.71
4782,2,45,5,91.65,22.91,41.24
4783,1,31,6,72.47,3.62,34.78
4783,2,48,7,95.76,9.57,48.83
4784,1,34,8,76.58,11.48,41.35
4784,2,51,1,99.87,19.97,56.92
4785,1,37,2,80.69,20.17,48.41
4785,2,54,3,103.98,5.19,65.50
4786,1,40,4,84.80,8.48,55.96
4786,2,57,5,108.09,16.21,74.58
4787,1,43,6,88.91,17.78,64.01
4787,2,60,7,112.20,28.05,41.51
4788,1,46,8,93.02,4.65,37.20
4788,2,63,1,116.31,11.63,50.01
4789,1,49,2,97.13,14.56,44.67
4789,2,66,3,120.42,24.08,59.00
4790,1,52,4,101.24,25.31,52.64
4790,2,69,5,124.53,6.22,68.49
4791,1,55,6,105.35,10.53,61.10
4791,2,72,7,128.64,19.29,78.47
4792,1,58,8,109.46,21.89,70.05
4792,2,75,1,132.75,33.18,88.94
4793,1,61,2,113.57,5.67,79.49
4793,2,78,3,136.86,13.68,47.90
4794,1,64,4,117.68,17.65,44.71
4794,2,81,5,140.97,28.19,57.79
4795,1,67,6,121.79,30.44,53.58
4795,2,84,7,145.08,7.25,68.18
4796,1,70,8,125.90,12.59,62.95
4796,2,87,1,149.19,22.37,79.07
4797,1,73,2,130.01,26.00,72.80
4797,2,90,3,153.30,38.32,90.44
4798,1,76,4,134.12,6.70,83.15
4798,2,93,5,157.41,15.74,102.31
4799,1,79,6,138.23,20.73,93.99
4799,2,96,7,161.52,32.30,114.67
4800,1,82,8,142.34,35.58,51.24
4800,2,99,1,165.63,0.00,64.59
4801,1,85,2,146.45,0.00,61.50
4801,2,102,3,169.74,0.00,76.38
4802,1,88,4,150.56,0.00,72.26
4802,2,105,5,173.85,0.00,88.66
4803,1,91,6,154.67,0.00,83.52
4803,2,108,7,177.96,0.00,101.43
4804,1,94,8,158.78,0.00,95.26
4804,2,111,1,182.07,0.00,114.70
4805,1,97,2,162.89,0.00,107.50
4805,2,2,3,32.74,0.00,22.59
4806,1,100,4,167.00,0.00,120.24
4806,2,5,5,36.85,0.00,13.63
4807,1,103,6,171.11,0.00,68.44
4807,2,8,7,40.96,0.00,17.61
4808,1,106,8,175.22,0.00,80.60
4808,2,11,1,45.07,0.00,22.08
4809,1,109,2,179.33,0.00,93.25
4809,2,14,3,49.18,0.00,27.04
4810,1,112,4,183.44,0.00,106.39
4810,2,17,5,53.29,0.00,32.50
4811,1,3,6,34.11,0.00,21.83
4811,2,20,7,57.40,0.00,38.45
4812,1,6,8,38.22,0.00,26.75
4812,2,23,1,61.51,0.00,21.52
4813,1,9,2,42.33,0.00,16.08
4813,2,26,3,65.62,0.00,26.90
4814,1,12,4,46.44,0.00,20.43
4814,2,29,5,69.73,0.00,32.77
4815,1,15,6,50.55,0.00,25.27
4815,2,32,7,73.84,0.00,39.13
4816,1,18,8,54.66,0.00,30.60
4816,2,35,1,77.95,0.00,45.99
4817,1,21,2,58.77,0.00,36.43
4817,2,38,3,82.06,0.00,53.33
4818,1,24,4,62.88,0.00,42.75
4818,2,41,5,86.17,0.00,61.18
4819,1,27,6,66.99,0.00,24.11
4819,2,44,7,90.28,0.00,35.20
4820,1,30,8,71.10,0.00,29.86
4820,2,47,1,94.39,0.00,42.47
4821,1,33,2,75.21,0.00,36.10
4821,2,50,3,98.50,0.00,50.23
4822,1,36,4,79.32,0.00,42.83
4822,2,53,5,102.61,0.00,58.48
4823,1,39,6,83.43,0.00,50.05
4823,2,56,7,106.72,0.00,67.23
4824,1,42,8,87.54,0.00,57.77
4824,2,59,1,110.83,0.00,76.47
4825,1,45,2,91.65,0.00,65.98
4825,2,62,3,114.94,0.00,42.52
4826,1,48,4,95.76,0.00,38.30
4826,2,65,5,119.05,0.00,51.19
4827,1,51,6,99.87,0.00,45.94
4827,2,68,7,123.16,0.00,60.34
4828,1,54,8,103.98,0.00,54.06
4828,2,71,1,127.27,0.00,69.99
4829,1,57,2,108.09,0.00,62.69
4829,2,74,3,131.38,0.00,80.14
4830,1,60,4,112.20,0.00,71.80
4830,2,77,5,135.49,0.00,90.77
4831,1,63,6,116.31,0.00,81.41
4831,2,80,7,139.60,20.94,48.86
4832,1,66,8,120.42,24.08,45.75
4832,2,83,1,143.71,35.92,58.92
4833,1,69,2,124.53,6.22,54.79
4833,2,86,3,147.82,14.78,69.47
4834,1,72,4,128.64,19.29,64.32
4834,2,89,5,151.93,30.38,80.52
4835,1,75,6,132.75,33.18,74.34
4835,2,92,7,156.04,7.80,92.06
4836,1,78,8,136.86,13.68,84.85
4836,2,95,1,160.15,24.02,104.09
4837,1,81,2,140.97,28.19,95.85
4837,2,98,3,164.26,41.06,116.62
4838,1,84,4,145.08,7.25,52.22
4838,2,101,5,168.37,16.83,65.66
4839,1,87,6,149.19,22.37,62.65
4839,2,104,7,172.48,34.49,77.61
4840,1,90,8,153.30,38.32,73.58
4840,2,107,1,176.59,8.82,90.06
4841,1,93,2,157.41,15.74,85.00
4841,2,110,3,180.70,27.10,102.99
4842,1,96,4,161.52,32.30,96.91
4842,2,1,5,31.37,7.84,19.76
4843,1,99,6,165.63,8.28,109.31
4843,2,4,7,35.48,3.54,24.48
4844,1,102,8,169.74,25.46,122.21
4844,2,7,1,39.59,7.91,14.64
4845,1,105,2,173.85,43.46,69.54
4845,2,10,3,43.70,2.18,18.79
4846,1,108,4,177.96,17.79,81.86
4846,2,13,5,47.81,7.17,23.42
4847,1,111,6,182.07,36.41,94.67
4847,2,16,7,51.92,12.98,28.55
4848,1,2,8,32.74,1.63,18.98
4848,2,19,1,56.03,5.60,34.17
4849,1,5,2,36.85,5.52,23.58
4849,2,22,3,60.14,12.02,40.29
4850,1,8,4,40.96,10.24,28.67
4850,2,25,5,64.25,0.00,22.48
4851,1,11,6,45.07,0.00,17.12
4851,2,28,7,68.36,0.00,28.02
4852,1,14,8,49.18,0.00,21.63
4852,2,31,1,72.47,0.00,34.06
4853,1,17,2,53.29,0.00,26.64
4853,2,34,3,76.58,0.00,40.58
4854,1,20,4,57.40,0.00,32.14
4854,2,37,5,80.69,0.00,47.60
4855,1,23,6,61.51,0.00,38.13
4855,2,40,7,84.80,0.00,55.12
4856,1,26,8,65.62,0.00,44.62
4856,2,43,1,88.91,0.00,63.12
4857,1,29,2,69.73,0.00,25.10
4857,2,46,3,93.02,0.00,36.27
4858,1,32,4,73.84,0.00,31.01
4858,2,49,5,97.13,0.00,43.70
4859,1,35,6,77.95,0.00,37.41
4859,2,52,7,101.24,0.00,51.63
4860,1,38,8,82.06,0.00,44.31
4860,2,55,1,105.35,0.00,60.04
4861,1,41,2,86.17,0.00,51.70
4861,2,58,3,109.46,0.00,68.95
4862,1,44,4,90.28,0.00,59.58
4862,2,61,5,113.57,0.00,78.36
4863,1,47,6,94.39,0.00,67.96
4863,2,64,7,117.68,0.00,43.54
4864,1,50,8,98.50,0.00,39.40
4864,2,67,1,121.79,0.00,52.36
4865,1,53,2,102.61,0.00,47.20
4865,2,70,3,125.90,0.00,61.69
4866,1,56,4,106.72,0.00,55.49
4866,2,73,5,130.01,0.00,71.50
4867,1,59,6,110.83,0.00,64.28
4867,2,76,7,134.12,0.00,81.81
4868,1,62,8,114.94,0.00,73.56
4868,2,79,1,138.23,0.00,92.61
4869,1,65,2,119.05,0.00,83.33
4869,2,82,3,142.34,0.00,49.81
4870,1,68,4,123.16,0.00,46.80
4870,2,85,5,146.45,0.00,60.04
4871,1,71,6,127.27,0.00,55.99
4871,2,88,7,150.56,0.00,70.76
4872,1,74,8,131.38,0.00,65.69
4872,2,91,1,154.67,0.00,81.97
4873,1,77,2,135.49,0.00,75.87
4873,2,94,3,158.78,0.00,93.68
4874,1,80,4,139.60,0.00,86.55
4874,2,97,5,162.89,0.00,105.87
4875,1,83,6,143.71,0.00,97.72
4875,2,100,7,167.00,0.00,118.57
4876,1,86,8,147.82,0.00,53.21
4876,2,103,1,171.11,0.00,66.73
4877,1,89,2,151.93,0.00,63.81
4877,2,106,3,175.22,0.00,78.84
4878,1,92,4,156.04,0.00,74.89
4878,2,109,5,179.33,0.00,91.45
4879,1,95,6,160.15,0.00,86.48
4879,2,112,7,183.44,0.00,104.56
4880,1,98,8,164.26,0.00,98.55
4880,2,3,1,34.11,0.00,21.48
4881,1,101,2,168.37,0.00,111.12
4881,2,6,3,38.22,5.73,26.37
4882,1,104,4,172.48,34.49,124.18
4882,2,9,5,42.33,10.58,15.66
4883,1,107,6,176.59,8.82,70.63
4883,2,12,7,46.44,4.64,19.96
4884,1,110,8,180.70,27.10,83.12
4884,2,15,1,50.55,10.11,24.76
4885,1,1,2,31.37,7.84,16.31
4885,2,18,3,54.66,2.73,30.06
4886,1,4,4,35.48,3.54,20.57
4886,2,21,5,58.77,8.81,35.84
4887,1,7,6,39.59,7.91,25.33
4887,2,24,7,62.88,15.72,42.12
4888,1,10,8,43.70,2.18,30.59
4888,2,27,1,66.99,6.69,23.44
4889,1,13,2,47.81,7.17,18.16
4889,2,30,3,71.10,14.22,29.15
4890,1,16,4,51.92,12.98,22.84
4890,2,33,5,75.21,3.76,35.34
4891,1,19,6,56.03,5.60,28.01
4891,2,36,7,79.32,11.89,42.03
4892,1,22,8,60.14,12.02,33.67
4892,2,39,1,83.43,20.85,49.22
4893,1,25,2,64.25,3.21,39.83
4893,2,42,3,87.54,8.75,56.90
4894,1,28,4,68.36,10.25,46.48
4894,2,45,5,91.65,18.33,65.07
4895,1,31,6,72.47,18.11,26.08
4895,2,48,7,95.76,4.78,37.34
4896,1,34,8,76.58,7.65,32.16
4896,2,51,1,99.87,14.98,44.94
4897,1,37,2,80.69,16.13,38.73
4897,2,54,3,103.98,25.99,53.02
4898,1,40,4,84.80,4.24,45.79
4898,2,57,5,108.09,10.80,61.61
4899,1,43,6,88.91,13.33,53.34
4899,2,60,7,112.20,22.44,70.68
4900,1,46,8,93.02,23.25,61.39
4900,2,63,1,116.31,0.00,80.25
4901,1,49,2,97.13,0.00,69.93
4901,2,66,3,120.42,0.00,44.55
4902,1,52,4,101.24,0.00,40.49
4902,2,69,5,124.53,0.00,53.54
4903,1,55,6,105.35,0.00,48.46
4903,2,72,7,128.64,0.00,63.03
4904,1,58,8,109.46,0.00,56.91
4904,2,75,1,132.75,0.00,73.01
4905,1,61,2,113.57,0.00,65.87
4905,2,78,3,136.86,0.00,83.48
4906,1,64,4,117.68,0.00,75.31
4906,2,81,5,140.97,0.00,94.44
4907,1,67,6,121.79,0.00,85.25
4907,2,84,7,145.08,0.00,50.77
4908,1,70,8,125.90,0.00,47.84
4908,2,87,1,149.19,0.00,61.16
4909,1,73,2,130.01,0.00,57.20
4909,2,90,3,153.30,0.00,72.05
4910,1,76,4,134.12,0.00,67.06
4910,2,93,5,157.41,0.00,83.42
4911,1,79,6,138.23,0.00,77.40
4911,2,96,7,161.52,0.00,95.29
4912,1,82,8,142.34,0.00,88.25
4912,2,99,1,165.63,0.00,107.65
4913,1,85,2,146.45,0.00,99.58
4913,2,102,3,169.74,0.00,120.51
4914,1,88,4,150.56,0.00,54.20
4914,2,105,5,173.85,0.00,67.80
4915,1,91,6,154.67,0.00,64.96
4915,2,108,7,177.96,0.00,80.08
4916,1,94,8,158.78,0.00,76.21
4916,2,111,1,182.07,0.00,92.85
4917,1,97,2,162.89,0.00,87.96
4917,2,2,3,32.74,0.00,18.66
4918,1,100,4,167.00,0.00,100.20
4918,2,5,5,36.85,0.00,23.21
4919,1,103,6,171.11,0.00,112.93
4919,2,8,7,40.96,0.00,28.26
4920,1,106,8,175.22,0.00,126.15
4920,2,11,1,45.07,0.00,16.67
4921,1,109,2,179.33,0.00,71.73
4921,2,14,3,49.18,0.00,21.14
4922,1,112,4,183.44,0.00,84.38
4922,2,17,5,53.29,0.00,26.11
4923,1,3,6,34.11,0.00,17.73
4923,2,20,7,57.40,0.00,31.57
4924,1,6,8,38.22,0.00,22.16
4924,2,23,1,61.51,0.00,37.52
4925,1,9,2,42.33,0.00,27.09
4925,2,26,3,65.62,0.00,43.96
4926,1,12,4,46.44,0.00,32.50
4926,2,29,5,69.73,0.00,24.40
4927,1,15,6,50.55,0.00,19.20
4927,2,32,7,73.84,0.00,30.27
4928,1,18,8,54.66,0.00,24.05
4928,2,35,1,77.95,0.00,36.63
4929,1,21,2,58.77,0.00,29.38
4929,2,38,3,82.06,0.00,43.49
4930,1,24,4,62.88,0.00,35.21
4930,2,41,5,86.17,0.00,50.84
4931,1,27,6,66.99,0.00,41.53
4931,2,44,7,90.28,13.54,58.68
4932,1,30,8,71.10,14.22,48.34
4932,2,47,1,94.39,23.59,67.01
4933,1,33,2,75.21,3.76,27.07
4933,2,50,3,98.50,9.85,38.41
4934,1,36,4,79.32,11.89,33.31
4934,2,53,5,102.61,20.52,46.17
4935,1,39,6,83.43,20.85,40.04
4935,2,56,7,106.72,5.33,54.42
4936,1,42,8,87.54,8.75,47.27
4936,2,59,1,110.83,16.62,63.17
4937,1,45,2,91.65,18.33,54.99
4937,2,62,3,114.94,28.73,72.41
4938,1,48,4,95.76,4.78,63.20
4938,2,65,5,119.05,11.90,82.14
4939,1,51,6,99.87,14.98,71.90
4939,2,68,7,123.16,24.63,45.56
4940,1,54,8,103.98,25.99,41.59
4940,2,71,1,127.27,6.36,54.72
4941,1,57,2,108.09,10.80,49.72
4941,2,74,3,131.38,19.70,64.37
4942,1,60,4,112.20,22.44,58.34
4942,2,77,5,135.49,33.87,74.51
4943,1,63,6,116.31,5.81,67.45
4943,2,80,7,139.60,13.96,85.15
4944,1,66,8,120.42,18.06,77.06
4944,2,83,1,143.71,28.74,96.28
4945,1,69,2,124.53,31.13,87.17
4945,2,86,3,147.82,7.39,51.73
4946,1,72,4,128.64,12.86,48.88
4946,2,89,5,151.93,22.78,62.29
4947,1,75,6,132.75,26.55,58.41
4947,2,92,7,156.04,39.01,73.33
4948,1,78,8,136.86,6.84,68.43
4948,2,95,1,160.15,16.01,84.87
4949,1,81,2,140.97,21.14,78.94
4949,2,98,3,164.26,32.85,96.91
4950,1,84,4,145.08,36.27,89.94
4950,2,101,5,168.37,0.00,109.44
4951,1,87,6,149.19,0.00,101.44
4951,2,104,7,172.48,0.00,122.46
4952,1,90,8,153.30,0.00,55.18
4952,2,107,1,176.59,0.00,68.87
4953,1,93,2,157.41,0.00,66.11
4953,2,110,3,180.70,0.00,81.31
4954,1,96,4,161.52,0.00,77.52
4954,2,1,5,31.37,0.00,15.99
4955,1,99,6,165.63,0.00,89.44
4955,2,4,7,35.48,0.00,20.22
4956,1,102,8,169.74,0.00,101.84
4956,2,7,1,39.59,0.00,24.94
4957,1,105,2,173.85,0.00,114.74
4957,2,10,3,43.70,0.00,30.15
4958,1,108,4,177.96,0.00,128.13
4958,2,13,5,47.81,0.00,17.68
4959,1,111,6,182.07,0.00,72.82
4959,2,16,7,51.92,0.00,22.32
4960,1,2,8,32.74,0.00,15.06
4960,2,19,1,56.03,0.00,27.45
4961,1,5,2,36.85,0.00,19.16
4961,2,22,3,60.14,0.00,33.07
4962,1,8,4,40.96,0.00,23.75
4962,2,25,5,64.25,0.00,39.19
4963,1,11,6,45.07,0.00,28.84
4963,2,28,7,68.36,0.00,45.80
4964,1,14,8,49.18,0.00,34.42
4964,2,31,1,72.47,0.00,25.36
4965,1,17,2,53.29,0.00,20.25
4965,2,34,3,76.58,0.00,31.39
4966,1,20,4,57.40,0.00,25.25
4966,2,37,5,80.69,0.00,37.92
4967,1,23,6,61.51,0.00,30.75
4967,2,40,7,84.80,0.00,44.94
4968,1,26,8,65.62,0.00,36.74
4968,2,43,1,88.91,0.00,52.45
4969,1,29,2,69.73,0.00,43.23
4969,2,46,3,93.02,0.00,60.46
4970,1,32,4,73.84,0.00,50.21
4970,2,49,5,97.13,0.00,68.96
4971,1,35,6,77.95,0.00,28.06
4971,2,52,7,101.24,0.00,39.48
4972,1,38,8,82.06,0.00,34.46
4972,2,55,1,105.35,0.00,47.40
4973,1,41,2,86.17,0.00,41.36
4973,2,58,3,109.46,0.00,55.82
4974,1,44,4,90.28,0.00,48.75
4974,2,61,5,113.57,0.00,64.73
4975,1,47,6,94.39,0.00,56.63
4975,2,64,7,117.68,0.00,74.13
4976,1,50,8,98.50,0.00,65.01
4976,2,67,1,121.79,0.00,84.03
4977,1,53,2,102.61,0.00,73.87
4977,2,70,3,125.90,0.00,46.58
4978,1,56,4,106.72,0.00,42.68
4978,2,73,5,130.01,0.00,55.90
4979,1,59,6,110.83,0.00,50.98
4979,2,76,7,134.12,0.00,65.71
4980,1,62,8,114.94,0.00,59.76
4980,2,79,1,138.23,0.00,76.02
4981,1,65,2,119.05,0.00,69.04
4981,2,82,3,142.34,21.35,86.82
4982,1,68,4,123.16,24.63,78.82
4982,2,85,5,146.45,36.61,98.12
4983,1,71,6,127.27,6.36,89.08
4983,2,88,7,150.56,15.05,52.69
4984,1,74,8,131.38,19.70,49.92
4984,2,91,1,154.67,30.93,63.41
4985,1,77,2,135.49,33.87,59.61
4985,2,94,3,158.78,7.93,74.62
4986,1,80,4,139.60,13.96,69.80
4986,2,97,5,162.89,24.43,86.33
4987,1,83,6,143.71,28.74,80.47
4987,2,100,7,167.00,41.75,98.53
4988,1,86,8,147.82,7.39,91.64
4988,2,103,1,171.11,17.11,111.22
4989,1,89,2,151.93,22.78,103.31
4989,2,106,3,175.22,35.04,124.40
4990,1,92,4,156.04,39.01,56.17
4990,2,109,5,179.33,8.96,69.93
4991,1,95,6,160.15,16.01,67.26
4991,2,112,7,183.44,27.51,82.54
4992,1,98,8,164.26,32.85,78.84
4992,2,3,1,34.11,8.52,17.39
4993,1,101,2,168.37,8.41,90.91
4993,2,6,3,38.22,3.82,21.78
4994,1,104,4,172.48,25.87,103.48
4994,2,9,5,42.33,8.46,26.66
4995,1,107,6,176.59,44.14,116.54
4995,2,12,7,46.44,2.32,32.04
4996,1,110,8,180.70,18.07,130.10
4996,2,15,1,50.55,7.58,18.70
4997,1,1,2,31.37,6.27,12.54
4997,2,18,3,54.66,13.66,23.50
4998,1,4,4,35.48,1.77,16.32
4998,2,21,5,58.77,5.87,28.79
4999,1,7,6,39.59,5.93,20.58
4999,2,24,7,62.88,12.57,34.58
5000,1,10,8,43.70,10.92,25.34
5000,2,27,1,66.99,0.00,40.86
5001,1,13,2,47.81,0.00,30.59
5001,2,30,3,71.10,0.00,47.63
5002,1,16,4,51.92,0.00,36.34
5002,2,33,5,75.21,0.00,26.32
5003,1,19,6,56.03,0.00,21.29
5003,2,36,7,79.32,0.00,32.52
5004,1,22,8,60.14,0.00,26.46
5004,2,39,1,83.43,0.00,39.21
5005,1,25,2,64.25,0.00,32.12
5005,2,42,3,87.54,0.00,46.39
5006,1,28,4,68.36,0.00,38.28
5006,2,45,5,91.65,0.00,54.07
5007,1,31,6,72.47,0.00,44.93
5007,2,48,7,95.76,0.00,62.24
5008,1,34,8,76.58,0.00,52.07
5008,2,51,1,99.87,0.00,70.90
5009,1,37,2,80.69,0.00,29.04
5009,2,54,3,103.98,0.00,40.55
5010,1,40,4,84.80,0.00,35.61
5010,2,57,5,108.09,0.00,48.64
5011,1,43,6,88.91,0.00,42.67
5011,2,60,7,112.20,0.00,57.22
5012,1,46,8,93.02,0.00,50.23
5012,2,63,1,116.31,0.00,66.29
5013,1,49,2,97.13,0.00,58.27
5013,2,66,3,120.42,0.00,75.86
5014,1,52,4,101.24,0.00,66.81
5014,2,69,5,124.53,0.00,85.92
5015,1,55,6,105.35,0.00,75.85
5015,2,72,7,128.64,0.00,47.59
5016,1,58,8,109.46,0.00,43.78
5016,2,75,1,132.75,0.00,57.08
5017,1,61,2,113.57,0.00,52.24
5017,2,78,3,136.86,0.00,67.06
5018,1,64,4,117.68,0.00,61.19
5018,2,81,5,140.97,0.00,77.53
5019,1,67,6,121.79,0.00,70.63
5019,2,84,7,145.08,0.00,88.49
5020,1,70,8,125.90,0.00,80.57
5020,2,87,1,149.19,0.00,99.95
5021,1,73,2,130.01,0.00,91.00
5021,2,90,3,153.30,0.00,53.65
5022,1,76,4,134.12,0.00,50.96
5022,2,93,5,157.41,0.00,64.53
5023,1,79,6,138.23,0.00,60.82
5023,2,96,7,161.52,0.00,75.91
5024,1,82,8,142.34,0.00,71.17
5024,2,99,1,165.63,0.00,87.78
5025,1,85,2,146.45,0.00,82.01
5025,2,102,3,169.74,0.00,100.14
5026,1,88,4,150.56,0.00,93.34
5026,2,105,5,173.85,0.00,113.00
5027,1,91,6,154.67,0.00,105.17
5027,2,108,7,177.96,0.00,126.35
5028,1,94,8,158.78,0.00,57.16
5028,2,111,1,182.07,0.00,71.00
5029,1,97,2,162.89,0.00,68.41
5029,2,2,3,32.74,0.00,14.73
5030,1,100,4,167.00,0.00,80.16
5030,2,5,5,36.85,0.00,18.79
5031,1,103,6,171.11,0.00,92.39
5031,2,8,7,40.96,6.14,23.34
5032,1,106,8,175.22,35.04,105.13
5032,2,11,1,45.07,11.26,28.39
5033,1,109,2,179.33,8.96,118.35
5033,2,14,3,49.18,4.91,33.93
5034,1,112,4,183.44,27.51,132.07
5034,2,17,5,53.29,10.65,19.71
5035,1,3,6,34.11,8.52,13.64
5035,2,20,7,57.40,2.87,24.68
5036,1,6,8,38.22,3.82,17.58
5036,2,23,1,61.51,9.22,30.13
5037,1,9,2,42.33,8.46,22.01
5037,2,26,3,65.62,16.40,36.09
5038,1,12,4,46.44,2.32,26.93
5038,2,29,5,69.73,6.97,42.53
5039,1,15,6,50.55,7.58,32.35
5039,2,32,7,73.84,14.76,49.47
5040,1,18,8,54.66,13.66,38.26
5040,2,35,1,77.95,3.89,27.28
5041,1,21,2,58.77,5.87,22.33
5041,2,38,3,82.06,12.30,33.64
5042,1,24,4,62.88,12.57,27.66
5042,2,41,5,86.17,21.54,40.49
5043,1,27,6,66.99,3.34,33.49
5043,2,44,7,90.28,9.02,47.84
5044,1,30,8,71.10,10.66,39.81
5044,2,47,1,94.39,18.87,55.69
5045,1,33,2,75.21,18.80,46.63
5045,2,50,3,98.50,4.92,64.02
5046,1,36,4,79.32,7.93,53.93
5046,2,53,5,102.61,15.39,72.85
5047,1,39,6,83.43,16.68,30.03
5047,2,56,7,106.72,26.68,41.62
5048,1,42,8,87.54,4.37,36.76
5048,2,59,1,110.83,11.08,49.87
5049,1,45,2,91.65,13.74,43.99
5049,2,62,3,114.94,22.98,58.61
5050,1,48,4,95.76,23.94,51.71
5050,2,65,5,119.05,0.00,67.85
5051,1,51,6,99.87,0.00,59.92
5051,2,68,7,123.16,0.00,77.59
5052,1,54,8,103.98,0.00,68.62
5052,2,71,1,127.27,0.00,87.81
5053,1,57,2,108.09,0.00,77.82
5053,2,74,3,131.38,0.00,48.61
5054,1,60,4,112.20,0.00,44.88
5054,2,77,5,135.49,0.00,58.26
5055,1,63,6,116.31,0.00,53.50
5055,2,80,7,139.60,0.00,68.40
5056,1,66,8,120.42,0.00,62.61
5056,2,83,1,143.71,0.00,79.04
5057,1,69,2,124.53,0.00,72.22
5057,2,86,3,147.82,0.00,90.17
5058,1,72,4,128.64,0.00,82.32
5058,2,89,5,151.93,0.00,101.79
5059,1,75,6,132.75,0.00,92.92
5059,2,92,7,156.04,0.00,54.61
5060,1,78,8,136.86,0.00,52.00
5060,2,95,1,160.15,0.00,65.66
5061,1,81,2,140.97,0.00,62.02
5061,2,98,3,164.26,0.00,77.20
5062,1,84,4,145.08,0.00,72.54
5062,2,101,5,168.37,0.00,89.23
5063,1,87,6,149.19,0.00,83.54
5063,2,104,7,172.48,0.00,101.76
5064,1,90,8,153.30,0.00,95.04
5064,2,107,1,176.59,0.00,114.78
5065,1,93,2,157.41,0.00,107.03
5065,2,110,3,180.70,0.00,128.29
5066,1,96,4,161.52,0.00,58.14
5066,2,1,5,31.37,0.00,12.23
5067,1,99,6,165.63,0.00,69.56
5067,2,4,7,35.48,0.00,15.96
5068,1,102,8,169.74,0.00,81.47
5068,2,7,1,39.59,0.00,20.19
5069,1,105,2,173.85,0.00,93.87
5069,2,10,3,43.70,0.00,24.90
5070,1,108,4,177.96,0.00,106.77
5070,2,13,5,47.81,0.00,30.12
5071,1,111,6,182.07,0.00,120.16
5071,2,16,7,51.92,0.00,35.82
5072,1,2,8,32.74,0.00,23.57
5072,2,19,1,56.03,0.00,20.73
5073,1,5,2,36.85,0.00,14.74
5073,2,22,3,60.14,0.00,25.86
5074,1,8,4,40.96,0.00,18.84
5074,2,25,5,64.25,0.00,31.48
5075,1,11,6,45.07,0.00,23.43
5075,2,28,7,68.36,0.00,37.59
5076,1,14,8,49.18,0.00,28.52
5076,2,31,1,72.47,0.00,44.20
5077,1,17,2,53.29,0.00,34.10
5077,2,34,3,76.58,0.00,51.30
5078,1,20,4,57.40,0.00,40.18
5078,2,37,5,80.69,0.00,28.24
5079,1,23,6,61.51,0.00,23.37
5079,2,40,7,84.80,0.00,34.76
5080,1,26,8,65.62,0.00,28.87
5080,2,43,1,88.91,0.00,41.78
5081,1,29,2,69.73,0.00,34.86
5081,2,46,3,93.02,13.95,49.30
5082,1,32,4,73.84,14.76,41.35
5082,2,49,5,97.13,24.28,57.30
5083,1,35,6,77.95,3.89,48.32
5083,2,52,7,101.24,10.12,65.80
5084,1,38,8,82.06,12.30,55.80
5084,2,55,1,105.35,21.07,74.79
5085,1,41,2,86.17,21.54,31.02
5085,2,58,3,109.46,5.47,42.68
5086,1,44,4,90.28,9.02,37.91
5086,2,61,5,113.57,17.03,51.10
5087,1,47,6,94.39,18.87,45.30
5087,2,64,7,117.68,29.42,60.01
5088,1,50,8,98.50,4.92,53.19
5088,2,67,1,121.79,12.17,69.42
5089,1,53,2,102.61,15.39,61.56
5089,2,70,3,125.90,25.18,79.31
5090,1,56,4,106.72,26.68,70.43
5090,2,73,5,130.01,6.50,89.70
5091,1,59,6,110.83,11.08,79.79
5091,2,76,7,134.12,20.11,49.62
5092,1,62,8,114.94,22.98,45.97
5092,2,79,1,138.23,34.55,59.43
5093,1,65,2,119.05,5.95,54.76
5093,2,82,3,142.34,14.23,69.74
5094,1,68,4,123.16,18.47,64.04
5094,2,85,5,146.45,29.29,80.54
5095,1,71,6,127.27,31.81,73.81
5095,2,88,7,150.56,7.52,91.84
5096,1,74,8,131.38,13.13,84.08
5096,2,91,1,154.67,23.20,103.62
5097,1,77,2,135.49,27.09,94.84
5097,2,94,3,158.78,39.69,55.57
5098,1,80,4,139.60,6.98,53.04
5098,2,97,5,162.89,16.28,66.78
5099,1,83,6,143.71,21.55,63.23
5099,2,100,7,167.00,33.40,78.49
5100,1,86,8,147.82,36.95,73.91
5100,2,103,1,171.11,0.00,90.68
5101,1,89,2,151.93,0.00,85.08
5101,2,106,3,175.22,0.00,103.37
5102,1,92,4,156.04,0.00,96.74
5102,2,109,5,179.33,0.00,116.56
5103,1,95,6,160.15,0.00,108.90
5103,2,112,7,183.44,0.00,130.24
5104,1,98,8,164.26,0.00,59.13
5104,2,3,1,34.11,0.00,13.30
5105,1,101,2,168.37,0.00,70.71
5105,2,6,3,38.22,0.00,17.19
5106,1,104,4,172.48,0.00,82.79
5106,2,9,5,42.33,0.00,21.58
5107,1,107,6,176.59,0.00,95.35
5107,2,12,7,46.44,0.00,26.47
5108,1,110,8,180.70,0.00,108.42
5108,2,15,1,50.55,0.00,31.84
5109,1,1,2,31.37,0.00,20.70
5109,2,18,3,54.66,0.00,37.71
5110,1,4,4,35.48,0.00,25.54
5110,2,21,5,58.77,0.00,21.74
5111,1,7,6,39.59,0.00,15.83
5111,2,24,7,62.88,0.00,27.03
5112,1,10,8,43.70,0.00,20.10
5112,2,27,1,66.99,0.00,32.82
5113,1,13,2,47.81,0.00,24.86
5113,2,30,3,71.10,0.00,39.10
5114,1,16,4,51.92,0.00,30.11
5114,2,33,5,75.21,0.00,45.87
5115,1,19,6,56.03,0.00,35.85
5115,2,36,7,79.32,0.00,53.14
5116,1,22,8,60.14,0.00,42.09
5116,2,39,1,83.43,0.00,29.20
5117,1,25,2,64.25,0.00,24.41
5117,2,42,3,87.54,0.00,35.89
5118,1,28,4,68.36,0.00,30.07
5118,2,45,5,91.65,0.00,43.07
5119,1,31,6,72.47,0.00,36.23
5119,2,48,7,95.76,0.00,50.75
5120,1,34,8,76.58,0.00,42.88
5120,2,51,1,99.87,0.00,58.92
5121,1,37,2,80.69,0.00,50.02
5121,2,54,3,103.98,0.00,67.58
5122,1,40,4,84.80,0.00,57.66
5122,2,57,5,108.09,0.00,76.74
5123,1,43,6,88.91,0.00,32.00
5123,2,60,7,112.20,0.00,43.75
5124,1,46,8,93.02,0.00,39.06
5124,2,63,1,116.31,0.00,52.33
5125,1,49,2,97.13,0.00,46.62
5125,2,66,3,120.42,0.00,61.41
5126,1,52,4,101.24,0.00,54.66
5126,2,69,5,124.53,0.00,70.98
5127,1,55,6,105.35,0.00,63.21
5127,2,72,7,128.64,0.00,81.04
5128,1,58,8,109.46,0.00,72.24
5128,2,75,1,132.75,0.00,91.59
5129,1,61,2,113.57,0.00,81.77
5129,2,78,3,136.86,0.00,50.63
5130,1,64,4,117.68,0.00,47.07
5130,2,81,5,140.97,0.00,60.61
5131,1,67,6,121.79,0.00,56.02
5131,2,84,7,145.08,21.76,71.08
5132,1,70,8,125.90,25.18,65.46
5132,2,87,1,149.19,37.29,82.05
5133,1,73,2,130.01,6.50,75.40
5133,2,90,3,153.30,15.33,93.51
5134,1,76,4,134.12,20.11,85.83
5134,2,93,5,157.41,31.48,105.46
5135,1,79,6,138.23,34.55,96.76
5135,2,96,7,161.52,8.07,56.53
5136,1,82,8,142.34,14.23,54.08
5136,2,99,1,165.63,24.84,67.90
5137,1,85,2,146.45,29.29,64.43
5137,2,102,3,169.74,42.43,79.77
5138,1,88,4,150.56,7.52,75.28
5138,2,105,5,173.85,17.38,92.14
5139,1,91,6,154.67,23.20,86.61
5139,2,108,7,177.96,35.59,104.99
5140,1,94,8,158.78,39.69,98.44
5140,2,111,1,182.07,9.10,118.34
5141,1,97,2,162.89,16.28,110.76
5141,2,2,3,32.74,4.91,23.24
5142,1,100,4,167.00,33.40,60.12
5142,2,5,5,36.85,9.21,14.37
5143,1,103,6,171.11,8.55,71.86
5143,2,8,7,40.96,4.09,18.43
5144,1,106,8,175.22,26.28,84.10
5144,2,11,1,45.07,9.01,22.98
5145,1,109,2,179.33,44.83,96.83
5145,2,14,3,49.18,2.45,28.03
5146,1,112,4,183.44,18.34,110.06
5146,2,17,5,53.29,7.99,33.57
5147,1,3,6,34.11,6.82,22.51
5147,2,20,7,57.40,14.35,39.60
5148,1,6,8,38.22,1.91,27.51
5148,2,23,1,61.51,6.15,22.75
5149,1,9,2,42.33,6.34,16.93
5149,2,26,3,65.62,13.12,28.21
5150,1,12,4,46.44,11.61,21.36
5150,2,29,5,69.73,0.00,34.16
5151,1,15,6,50.55,0.00,26.28
5151,2,32,7,73.84,0.00,40.61
5152,1,18,8,54.66,0.00,31.70
5152,2,35,1,77.95,0.00,47.54
5153,1,21,2,58.77,0.00,37.61
5153,2,38,3,82.06,0.00,54.98
5154,1,24,4,62.88,0.00,44.01
5154,2,41,5,86.17,0.00,30.15
5155,1,27,6,66.99,0.00,25.45
5155,2,44,7,90.28,0.00,37.01
5156,1,30,8,71.10,0.00,31.28
5156,2,47,1,94.39,0.00,44.36
5157,1,33,2,75.21,0.00,37.60
5157,2,50,3,98.50,0.00,52.20
5158,1,36,4,79.32,0.00,44.41
5158,2,53,5,102.61,0.00,60.53
5159,1,39,6,83.43,0.00,51.72
5159,2,56,7,106.72,0.00,69.36
5160,1,42,8,87.54,0.00,59.52
5160,2,59,1,110.83,0.00,78.68
5161,1,45,2,91.65,0.00,32.99
5161,2,62,3,114.94,0.00,44.82
5162,1,48,4,95.76,0.00,40.21
5162,2,65,5,119.05,0.00,53.57
5163,1,51,6,99.87,0.00,47.93
5163,2,68,7,123.16,0.00,62.81
5164,1,54,8,103.98,0.00,56.14
5164,2,71,1,127.27,0.00,72.54
5165,1,57,2,108.09,0.00,64.85
5165,2,74,3,131.38,0.00,82.76
5166,1,60,4,112.20,0.00,74.05
5166,2,77,5,135.49,0.00,93.48
5167,1,63,6,116.31,0.00,83.74
5167,2,80,7,139.60,0.00,51.65
5168,1,66,8,120.42,0.00,48.16
5168,2,83,1,143.71,0.00,61.79
5169,1,69,2,124.53,0.00,57.28
5169,2,86,3,147.82,0.00,72.43
5170,1,72,4,128.64,0.00,66.89
5170,2,89,5,151.93,0.00,83.56
5171,1,75,6,132.75,0.00,76.99
5171,2,92,7,156.04,0.00,95.18
5172,1,78,8,136.86,0.00,87.59
5172,2,95,1,160.15,0.00,107.30
5173,1,81,2,140.97,0.00,98.67
5173,2,98,3,164.26,0.00,57.49
5174,1,84,4,145.08,0.00,55.13
5174,2,101,5,168.37,0.00,69.03
5175,1,87,6,149.19,0.00,65.64
5175,2,104,7,172.48,0.00,81.06
5176,1,90,8,153.30,0.00,76.65
5176,2,107,1,176.59,0.00,93.59
5177,1,93,2,157.41,0.00,88.14
5177,2,110,3,180.70,0.00,106.61
5178,1,96,4,161.52,0.00,100.14
5178,2,1,5,31.37,0.00,20.39
5179,1,99,6,165.63,0.00,112.62
5179,2,4,7,35.48,0.00,25.19
5180,1,102,8,169.74,0.00,61.10
5180,2,7,1,39.59,0.00,15.44
5181,1,105,2,173.85,0.00,73.01
5181,2,10,3,43.70,6.55,19.66
5182,1,108,4,177.96,35.59,85.42
5182,2,13,5,47.81,11.95,24.38
5183,1,111,6,182.07,9.10,98.31
5183,2,16,7,51.92,5.19,29.59
5184,1,2,8,32.74,4.91,19.64
5184,2,19,1,56.03,11.20,35.29
5185,1,5,2,36.85,9.21,24.32
5185,2,22,3,60.14,3.00,41.49
5186,1,8,4,40.96,4.09,29.49
5186,2,25,5,64.25,9.63,23.77
5187,1,11,6,45.07,9.01,18.02
5187,2,28,7,68.36,17.09,29.39
5188,1,14,8,49.18,2.45,22.62
5188,2,31,1,72.47,7.24,35.51
5189,1,17,2,53.29,7.99,27.71
5189,2,34,3,76.58,15.31,42.11
5190,1,20,4,57.40,14.35,33.29
5190,2,37,5,80.69,4.03,49.22
5191,1,23,6,61.51,6.15,39.36
5191,2,40,7,84.80,12.72,56.81
5192,1,26,8,65.62,13.12,45.93
5192,2,43,1,88.91,22.22,31.11
5193,1,29,2,69.73,3.48,26.49
5193,2,46,3,93.02,9.30,38.13
5194,1,32,4,73.84,11.07,32.48
5194,2,49,5,97.13,19.42,45.65
5195,1,35,6,77.95,19.48,38.97
5195,2,52,7,101.24,5.06,53.65
5196,1,38,8,82.06,8.20,45.95
5196,2,55,1,105.35,15.80,62.15
5197,1,41,2,86.17,17.23,53.42
5197,2,58,3,109.46,27.36,71.14
5198,1,44,4,90.28,4.51,61.39
5198,2,61,5,113.57,11.35,80.63
5199,1,47,6,94.39,14.15,33.98
5199,2,64,7,117.68,23.53,45.89
5200,1,50,8,98.50,24.62,41.37
5200,2,67,1,121.79,0.00,54.80
5201,1,53,2,102.61,0.00,49.25
5201,2,70,3,125.90,0.00,64.20
5202,1,56,4,106.72,0.00,57.62
5202,2,73,5,130.01,0.00,74.10
5203,1,59,6,110.83,0.00,66.49
5203,2,76,7,134.12,0.00,84.49
5204,1,62,8,114.94,0.00,75.86
5204,2,79,1,138.23,0.00,95.37
5205,1,65,2,119.05,0.00,85.71
5205,2,82,3,142.34,0.00,52.66
5206,1,68,4,123.16,0.00,49.26
5206,2,85,5,146.45,0.00,62.97
5207,1,71,6,127.27,0.00,58.54
5207,2,88,7,150.56,0.00,73.77
5208,1,74,8,131.38,0.00,68.31
5208,2,91,1,154.67,0.00,85.06
5209,1,77,2,135.49,0.00,78.58
5209,2,94,3,158.78,0.00,96.85
5210,1,80,4,139.60,0.00,89.34
5210,2,97,5,162.89,0.00,109.13
5211,1,83,6,143.71,0.00,100.59
5211,2,100,7,167.00,0.00,58.45
5212,1,86,8,147.82,0.00,56.17
5212,2,103,1,171.11,0.00,70.15
5213,1,89,2,151.93,0.00,66.84
5213,2,106,3,175.22,0.00,82.35
5214,1,92,4,156.04,0.00,78.02
5214,2,109,5,179.33,0.00,95.04
5215,1,95,6,160.15,0.00,89.68
5215,2,112,7,183.44,0.00,108.22
5216,1,98,8,164.26,0.00,101.84
5216,2,3,1,34.11,0.00,22.17
5217,1,101,2,168.37,0.00,114.49
5217,2,6,3,38.22,0.00,27.13
5218,1,104,4,172.48,0.00,62.09
5218,2,9,5,42.33,0.00,16.50
5219,1,107,6,176.59,0.00,74.16
5219,2,12,7,46.44,0.00,20.89
5220,1,110,8,180.70,0.00,86.73
5220,2,15,1,50.55,0.00,25.78
5221,1,1,2,31.37,0.00,16.93
5221,2,18,3,54.66,0.00,31.15
5222,1,4,4,35.48,0.00,21.28
5222,2,21,5,58.77,0.00,37.02
5223,1,7,6,39.59,0.00,26.12
5223,2,24,7,62.88,0.00,43.38
5224,1,10,8,43.70,0.00,31.46
5224,2,27,1,66.99,0.00,24.78
5225,1,13,2,47.81,0.00,19.12
5225,2,30,3,71.10,0.00,30.57
5226,1,16,4,51.92,0.00,23.88
5226,2,33,5,75.21,0.00,36.85
5227,1,19,6,56.03,0.00,29.13
5227,2,36,7,79.32,0.00,43.62
5228,1,22,8,60.14,0.00,34.88
5228,2,39,1,83.43,0.00,50.89
5229,1,25,2,64.25,0.00,41.12
5229,2,42,3,87.54,0.00,58.65
5230,1,28,4,68.36,0.00,47.85
5230,2,45,5,91.65,0.00,32.07
5231,1,31,6,72.47,0.00,27.53
5231,2,48,7,95.76,14.36,39.26
5232,1,34,8,76.58,15.31,33.69
5232,2,51,1,99.87,24.96,46.93
5233,1,37,2,80.69,4.03,40.34
5233,2,54,3,103.98,10.39,55.10
5234,1,40,4,84.80,12.72,47.48
5234,2,57,5,108.09,21.61,63.77
5235,1,43,6,88.91,22.22,55.12
5235,2,60,7,112.20,5.61,72.93
5236,1,46,8,93.02,9.30,63.25
5236,2,63,1,116.31,17.44,82.58
5237,1,49,2,97.13,19.42,34.96
5237,2,66,3,120.42,30.10,46.96
5238,1,52,4,101.24,5.06,42.52
5238,2,69,5,124.53,12.45,56.03
5239,1,55,6,105.35,15.80,50.56
5239,2,72,7,128.64,25.72,65.60
5240,1,58,8,109.46,27.36,59.10
5240,2,75,1,132.75,6.63,75.66
5241,1,61,2,113.57,11.35,68.14
5241,2,78,3,136.86,20.52,86.22
5242,1,64,4,117.68,23.53,77.66
5242,2,81,5,140.97,35.24,97.26
5243,1,67,6,121.79,6.08,87.68
5243,2,84,7,145.08,14.50,53.67
5244,1,70,8,125.90,18.88,50.36
5244,2,87,1,149.19,29.83,64.15
5245,1,73,2,130.01,32.50,59.80
5245,2,90,3,153.30,7.66,75.11
5246,1,76,4,134.12,13.41,69.74
5246,2,93,5,157.41,23.61,86.57
5247,1,79,6,138.23,27.64,80.17
5247,2,96,7,161.52,40.38,98.52
5248,1,82,8,142.34,7.11,91.09
5248,2,99,1,165.63,16.56,110.97
5249,1,85,2,146.45,21.96,102.51
5249,2,102,3,169.74,33.94,59.40
5250,1,88,4,150.56,37.64,57.21
5250,2,105,5,173.85,0.00,71.27
5251,1,91,6,154.67,0.00,68.05
5251,2,108,7,177.96,0.00,83.64
5252,1,94,8,158.78,0.00,79.39
5252,2,111,1,182.07,0.00,96.49
5253,1,97,2,162.89,0.00,91.21
5253,2,2,3,32.74,0.00,19.31
5254,1,100,4,167.00,0.00,103.54
5254,2,5,5,36.85,0.00,23.95
5255,1,103,6,171.11,0.00,116.35
5255,2,8,7,40.96,0.00,29.08
5256,1,106,8,175.22,0.00,63.07
5256,2,11,1,45.07,0.00,17.57
5257,1,109,2,179.33,0.00,75.31
5257,2,14,3,49.18,0.00,22.13
5258,1,112,4,183.44,0.00,88.05
5258,2,17,5,53.29,0.00,27.17
5259,1,3,6,34.11,0.00,18.41
5259,2,20,7,57.40,0.00,32.71
5260,1,6,8,38.22,0.00,22.93
5260,2,23,1,61.51,0.00,38.75
5261,1,9,2,42.33,0.00,27.93
5261,2,26,3,65.62,0.00,45.27
5262,1,12,4,46.44,0.00,33.43
5262,2,29,5,69.73,0.00,25.80
5263,1,15,6,50.55,0.00,20.22
5263,2,32,7,73.84,0.00,31.75
5264,1,18,8,54.66,0.00,25.14
5264,2,35,1,77.95,0.00,38.19
5265,1,21,2,58.77,0.00,30.56
5265,2,38,3,82.06,0.00,45.13
5266,1,24,4,62.88,0.00,36.47
5266,2,41,5,86.17,0.00,52.56
5267,1,27,6,66.99,0.00,42.87
5267,2,44,7,90.28,0.00,60.48
5268,1,30,8,71.10,0.00,49.77
5268,2,47,1,94.39,0.00,33.03
5269,1,33,2,75.21,0.00,28.57
5269,2,50,3,98.50,0.00,40.38
5270,1,36,4,79.32,0.00,34.90
5270,2,53,5,102.61,0.00,48.22
5271,1,39,6,83.43,0.00,41.71
5271,2,56,7,106.72,0.00,56.56
5272,1,42,8,87.54,0.00,49.02
5272,2,59,1,110.83,0.00,65.38
5273,1,45,2,91.65,0.00,56.82
5273,2,62,3,114.94,0.00,74.71
5274,1,48,4,95.76,0.00,65.11
5274,2,65,5,119.05,0.00,84.52
5275,1,51,6,99.87,0.00,35.95
5275,2,68,7,123.16,0.00,48.03
5276,1,54,8,103.98,0.00,43.67
5276,2,71,1,127.27,0.00,57.27
5277,1,57,2,108.09,0.00,51.88
5277,2,74,3,131.38,0.00,67.00
5278,1,60,4,112.20,0.00,60.58
5278,2,77,5,135.49,0.00,77.22
5279,1,63,6,116.31,0.00,69.78
5279,2,80,7,139.60,0.00,87.94
5280,1,66,8,120.42,0.00,79.47
5280,2,83,1,143.71,0.00,99.15
5281,1,69,2,124.53,0.00,89.66
5281,2,86,3,147.82,22.17,54.69
5282,1,72,4,128.64,25.72,51.45
5282,2,89,5,151.93,37.98,65.32
5283,1,75,6,132.75,6.63,61.06
5283,2,92,7,156.04,15.60,76.45
5284,1,78,8,136.86,20.52,71.16
5284,2,95,1,160.15,32.03,88.08
5285,1,81,2,140.97,35.24,81.76
5285,2,98,3,164.26,8.21,100.19
5286,1,84,4,145.08,14.50,92.85
5286,2,101,5,168.37,25.25,112.80
5287,1,87,6,149.19,29.83,104.43
5287,2,104,7,172.48,43.12,60.36
5288,1,90,8,153.30,7.66,58.25
5288,2,107,1,176.59,17.65,72.40
5289,1,93,2,157.41,23.61,69.26
5289,2,110,3,180.70,36.14,84.92
5290,1,96,4,161.52,40.38,80.76
5290,2,1,5,31.37,1.56,16.62
5291,1,99,6,165.63,16.56,92.75
5291,2,4,7,35.48,5.32,20.93
5292,1,102,8,169.74,33.94,105.23
5292,2,7,1,39.59,9.89,25.73
5293,1,105,2,173.85,8.69,118.21
5293,2,10,3,43.70,4.37,31.02
5294,1,108,4,177.96,26.69,64.06
5294,2,13,5,47.81,9.56,18.64
5295,1,111,6,182.07,45.51,76.46
5295,2,16,7,51.92,2.59,23.36
5296,1,2,8,32.74,3.27,15.71
5296,2,19,1,56.03,8.40,28.57
5297,1,5,2,36.85,7.37,19.89
5297,2,22,3,60.14,15.03,34.27
5298,1,8,4,40.96,2.04,24.57
5298,2,25,5,64.25,6.42,40.47
5299,1,11,6,45.07,6.76,29.74
5299,2,28,7,68.36,13.67,47.16
5300,1,14,8,49.18,12.29,35.40
5300,2,31,1,72.47,0.00,26.81
5301,1,17,2,53.29,0.00,21.31
5301,2,34,3,76.58,0.00,32.92
5302,1,20,4,57.40,0.00,26.40
5302,2,37,5,80.69,0.00,39.53
5303,1,23,6,61.51,0.00,31.98
5303,2,40,7,84.80,0.00,46.64
5304,1,26,8,65.62,0.00,38.05
5304,2,43,1,88.91,0.00,54.23
5305,1,29,2,69.73,0.00,44.62
5305,2,46,3,93.02,0.00,62.32
5306,1,32,4,73.84,0.00,51.68
5306,2,49,5,97.13,0.00,33.99
5307,1,35,6,77.95,0.00,29.62
5307,2,52,7,101.24,0.00,41.50
5308,1,38,8,82.06,0.00,36.10
5308,2,55,1,105.35,0.00,49.51
5309,1,41,2,86.17,0.00,43.08
5309,2,58,3,109.46,0.00,58.01
5310,1,44,4,90.28,0.00,50.55
5310,2,61,5,113.57,0.00,67.00
5311,1,47,6,94.39,0.00,58.52
5311,2,64,7,117.68,0.00,76.49
5312,1,50,8,98.50,0.00,66.98
5312,2,67,1,121.79,0.00,86.47
5313,1,53,2,102.61,0.00,36.93
5313,2,70,3,125.90,0.00,49.10
5314,1,56,4,106.72,0.00,44.82
5314,2,73,5,130.01,0.00,58.50
5315,1,59,6,110.83,0.00,53.19
5315,2,76,7,134.12,0.00,68.40
5316,1,62,8,114.94,0.00,62.06
5316,2,79,1,138.23,0.00,78.79
5317,1,65,2,119.05,0.00,71.43
5317,2,82,3,142.34,0.00,89.67
5318,1,68,4,123.16,0.00,81.28
5318,2,85,5,146.45,0.00,101.05
5319,1,71,6,127.27,0.00,91.63
5319,2,88,7,150.56,0.00,55.70
5320,1,74,8,131.38,0.00,52.55
5320,2,91,1,154.67,0.00,66.50
5321,1,77,2,135.49,0.00,62.32
5321,2,94,3,158.78,0.00,77.80
5322,1,80,4,139.60,0.00,72.59
5322,2,97,5,162.89,0.00,89.58
5323,1,83,6,143.71,0.00,83.35
5323,2,100,7,167.00,0.00,101.87
5324,1,86,8,147.82,0.00,94.60
5324,2,103,1,171.11,0.00,114.64
5325,1,89,2,151.93,0.00,106.35
5325,2,106,3,175.22,0.00,61.32
5326,1,92,4,156.04,0.00,59.29
5326,2,109,5,179.33,0.00,73.52
5327,1,95,6,160.15,0.00,70.46
5327,2,112,7,183.44,0.00,86.21
5328,1,98,8,164.26,0.00,82.13
5328,2,3,1,34.11,0.00,18.07
5329,1,101,2,168.37,0.00,94.28
5329,2,6,3,38.22,0.00,22.54
5330,1,104,4,172.48,0.00,106.93
5330,2,9,5,42.33,0.00,27.51
5331,1,107,6,176.59,0.00,120.08
5331,2,12,7,46.44,6.96,32.97
5332,1,110,8,180.70,36.14,65.05
5332,2,15,1,50.55,12.63,19.71
5333,1,1,2,31.37,1.56,13.17
5333,2,18,3,54.66,5.46,24.59
5334,1,4,4,35.48,5.32,17.03
5334,2,21,5,58.77,11.75,29.97
5335,1,7,6,39.59,9.89,21.37
5335,2,24,7,62.88,3.14,35.84
5336,1,10,8,43.70,4.37,26.22
5336,2,27,1,66.99,10.04,42.20
5337,1,13,2,47.81,9.56,31.55
5337,2,30,3,71.10,17.77,49.05
5338,1,16,4,51.92,2.59,37.38
5338,2,33,5,75.21,7.52,27.82
5339,1,19,6,56.03,8.40,22.41
5339,2,36,7,79.32,15.86,34.10
5340,1,22,8,60.14,15.03,27.66
5340,2,39,1,83.43,4.17,40.88
5341,1,25,2,64.25,6.42,33.41
5341,2,42,3,87.54,13.13,48.14
5342,1,28,4,68.36,13.67,39.64
5342,2,45,5,91.65,22.91,55.90
5343,1,31,6,72.47,3.62,46.38
5343,2,48,7,95.76,9.57,64.15
5344,1,34,8,76.58,11.48,53.60
5344,2,51,1,99.87,19.97,34.95
5345,1,37,2,80.69,20.17,30.66
5345,2,54,3,103.98,5.19,42.63
5346,1,40,4,84.80,8.48,37.31
5346,2,57,5,108.09,16.21,50.80
5347,1,43,6,88.91,17.78,44.45
5347,2,60,7,112.20,28.05,59.46
5348,1,46,8,93.02,4.65,52.09
5348,2,63,1,116.31,11.63,68.62
5349,1,49,2,97.13,14.56,60.22
5349,2,66,3,120.42,24.08,78.27
5350,1,52,4,101.24,25.31,68.84
5350,2,69,5,124.53,0.00,88.41
5351,1,55,6,105.35,0.00,37.92
5351,2,72,7,128.64,0.00,50.16
5352,1,58,8,109.46,0.00,45.97
5352,2,75,1,132.75,0.00,59.73
5353,1,61,2,113.57,0.00,54.51
5353,2,78,3,136.86,0.00,69.79
5354,1,64,4,117.68,0.00,63.54
5354,2,81,5,140.97,0.00,80.35
5355,1,67,6,121.79,0.00,73.07
5355,2,84,7,145.08,0.00,91.40
5356,1,70,8,125.90,0.00,83.09
5356,2,87,1,149.19,0.00,102.94
5357,1,73,2,130.01,0.00,93.60
5357,2,90,3,153.30,0.00,56.72
5358,1,76,4,134.12,0.00,53.64
5358,2,93,5,157.41,0.00,67.68
5359,1,79,6,138.23,0.00,63.58
5359,2,96,7,161.52,0.00,79.14
5360,1,82,8,142.34,0.00,74.01
5360,2,99,1,165.63,0.00,91.09
5361,1,85,2,146.45,0.00,84.94
5361,2,102,3,169.74,0.00,103.54
5362,1,88,4,150.56,0.00,96.35
5362,2,105,5,173.85,0.00,116.47
5363,1,91,6,154.67,0.00,108.26
5363,2,108,7,177.96,0.00,62.28
5364,1,94,8,158.78,0.00,60.33
5364,2,111,1,182.07,0.00,74.64
5365,1,97,2,162.89,0.00,71.67
5365,2,2,3,32.74,0.00,15.38
5366,1,100,4,167.00,0.00,83.50
5366,2,5,5,36.85,0.00,19.53
5367,1,103,6,171.11,0.00,95.82
5367,2,8,7,40.96,0.00,24.16
5368,1,106,8,175.22,0.00,108.63
5368,2,11,1,45.07,0.00,29.29
5369,1,109,2,179.33,0.00,121.94
5369,2,14,3,49.18,0.00,34.91
5370,1,112,4,183.44,0.00,66.03
5370,2,17,5,53.29,0.00,20.78
5371,1,3,6,34.11,0.00,14.32
5371,2,20,7,57.40,0.00,25.83
5372,1,6,8,38.22,0.00,18.34
5372,2,23,1,61.51,0.00,31.37
5373,1,9,2,42.33,0.00,22.85
5373,2,26,3,65.62,0.00,37.40
5374,1,12,4,46.44,0.00,27.86
5374,2,29,5,69.73,0.00,43.92
5375,1,15,6,50.55,0.00,33.36
5375,2,32,7,73.84,0.00,50.94
5376,1,18,8,54.66,0.00,39.35
5376,2,35,1,77.95,0.00,28.84
5377,1,21,2,58.77,0.00,23.50
5377,2,38,3,82.06,0.00,35.28
5378,1,24,4,62.88,0.00,28.92
5378,2,41,5,86.17,0.00,42.22
5379,1,27,6,66.99,0.00,34.83
5379,2,44,7,90.28,0.00,49.65
5380,1,30,8,71.10,0.00,41.23
5380,2,47,1,94.39,0.00,57.57
5381,1,33,2,75.21,0.00,48.13
5381,2,50,3,98.50,14.77,65.99
5382,1,36,4,79.32,15.86,55.52
5382,2,53,5,102.61,25.65,35.91
5383,1,39,6,83.43,4.17,31.70
5383,2,56,7,106.72,10.67,43.75
5384,1,42,8,87.54,13.13,38.51
5384,2,59,1,110.83,22.16,52.09
5385,1,45,2,91.65,22.91,45.82
5385,2,62,3,114.94,5.74,60.91
5386,1,48,4,95.76,9.57,53.62
5386,2,65,5,119.05,17.85,70.23
5387,1,51,6,99.87,19.97,61.91
5387,2,68,7,123.16,30.79,80.05
5388,1,54,8,103.98,5.19,70.70
5388,2,71,1,127.27,12.72,90.36
5389,1,57,2,108.09,16.21,38.91
5389,2,74,3,131.38,26.27,51.23
5390,1,60,4,112.20,28.05,47.12
5390,2,77,5,135.49,6.77,60.97
5391,1,63,6,116.31,11.63,55.82
5391,2,80,7,139.60,20.94,71.19
5392,1,66,8,120.42,24.08,65.02
5392,2,83,1,143.71,35.92,81.91
5393,1,69,2,124.53,6.22,74.71
5393,2,86,3,147.82,14.78,93.12
5394,1,72,4,128.64,19.29,84.90
5394,2,89,5,151.93,30.38,104.83
5395,1,75,6,132.75,33.18,95.58
5395,2,92,7,156.04,7.80,57.73
5396,1,78,8,136.86,13.68,54.74
5396,2,95,1,160.15,24.02,68.86
5397,1,81,2,140.97,28.19,64.84
5397,2,98,3,164.26,41.06,80.48
5398,1,84,4,145.08,7.25,75.44
5398,2,101,5,168.37,16.83,92.60
5399,1,87,6,149.19,22.37,86.53
5399,2,104,7,172.48,34.49,105.21
5400,1,90,8,153.30,38.32,98.11
5400,2,107,1,176.59,0.00,118.31
5401,1,93,2,157.41,0.00,110.18
5401,2,110,3,180.70,0.00,63.24
5402,1,96,4,161.52,0.00,61.37
5402,2,1,5,31.37,0.00,12.86
5403,1,99,6,165.63,0.00,72.87
5403,2,4,7,35.48,0.00,16.67
5404,1,102,8,169.74,0.00,84.87
5404,2,7,1,39.59,0.00,20.98
5405,1,105,2,173.85,0.00,97.35
5405,2,10,3,43.70,0.00,25.78
5406,1,108,4,177.96,0.00,110.33
5406,2,13,5,47.81,0.00,31.07
5407,1,111,6,182.07,0.00,123.80
5407,2,16,7,51.92,0.00,36.86
5408,1,2,8,32.74,0.00,11.78
5408,2,19,1,56.03,0.00,21.85
5409,1,5,2,36.85,0.00,15.47
5409,2,22,3,60.14,0.00,27.06
5410,1,8,4,40.96,0.00,19.66
5410,2,25,5,64.25,0.00,32.76
5411,1,11,6,45.07,0.00,24.33
5411,2,28,7,68.36,0.00,38.96
5412,1,14,8,49.18,0.00,29.50
5412,2,31,1,72.47,0.00,45.65
5413,1,17,2,53.29,0.00,35.17
5413,2,34,3,76.58,0.00,52.84
5414,1,20,4,57.40,0.00,41.32
5414,2,37,5,80.69,0.00,29.85
5415,1,23,6,61.51,0.00,24.60
5415,2,40,7,84.80,0.00,36.46
5416,1,26,8,65.62,0.00,30.18
5416,2,43,1,88.91,0.00,43.56
5417,1,29,2,69.73,0.00,36.25
5417,2,46,3,93.02,0.00,51.16
5418,1,32,4,73.84,0.00,42.82
5418,2,49,5,97.13,0.00,59.24
5419,1,35,6,77.95,0.00,49.88
5419,2,52,7,101.24,0.00,67.83
5420,1,38,8,82.06,0.00,57.44
5420,2,55,1,105.35,0.00,36.87
5421,1,41,2,86.17,0.00,32.74
5421,2,58,3,109.46,0.00,44.87
5422,1,44,4,90.28,0.00,39.72
5422,2,61,5,113.57,0.00,53.37
5423,1,47,6,94.39,0.00,47.19
5423,2,64,7,117.68,0.00,62.37
5424,1,50,8,98.50,0.00,55.16
5424,2,67,1,121.79,0.00,71.85
5425,1,53,2,102.61,0.00,63.61
5425,2,70,3,125.90,0.00,81.83
5426,1,56,4,106.72,0.00,72.56
5426,2,73,5,130.01,0.00,92.30
5427,1,59,6,110.83,0.00,39.89
5427,2,76,7,134.12,0.00,52.30
5428,1,62,8,114.94,0.00,48.27
5428,2,79,1,138.23,0.00,62.20
5429,1,65,2,119.05,0.00,57.14
5429,2,82,3,142.34,0.00,72.59
5430,1,68,4,123.16,0.00,66.50
5430,2,85,5,146.45,0.00,83.47
5431,1,71,6,127.27,0.00,76.36
5431,2,88,7,150.56,22.58,94.85
5432,1,74,8,131.38,26.27,86.71
5432,2,91,1,154.67,38.66,106.72
5433,1,77,2,135.49,6.77,97.55
5433,2,94,3,158.78,15.87,58.74
5434,1,80,4,139.60,20.94,55.84
5434,2,97,5,162.89,32.57,70.04
5435,1,83,6,143.71,35.92,66.10
5435,2,100,7,167.00,8.35,81.83
5436,1,86,8,147.82,14.78,76.86
5436,2,103,1,171.11,25.66,94.11
5437,1,89,2,151.93,30.38,88.11
5437,2,106,3,175.22,43.80,106.88
5438,1,92,4,156.04,7.80,99.86
5438,2,109,5,179.33,17.93,120.15
5439,1,95,6,160.15,24.02,112.10
5439,2,112,7,183.44,36.68,64.20
5440,1,98,8,164.26,41.06,62.41
5440,2,3,1,34.11,1.70,13.98
5441,1,101,2,168.37,16.83,74.08
5441,2,6,3,38.22,5.73,17.96
5442,1,104,4,172.48,34.49,86.24
5442,2,9,5,42.33,10.58,22.43
5443,1,107,6,176.59,8.82,98.89
5443,2,12,7,46.44,4.64,27.39
5444,1,110,8,180.70,27.10,112.03
5444,2,15,1,50.55,10.11,32.85
5445,1,1,2,31.37,7.84,21.33
5445,2,18,3,54.66,2.73,38.80
5446,1,4,4,35.48,3.54,12.77
5446,2,21,5,58.77,8.81,22.92
5447,1,7,6,39.59,7.91,16.62
5447,2,24,7,62.88,15.72,28.29
5448,1,10,8,43.70,2.18,20.97
5448,2,27,1,66.99,6.69,34.16
5449,1,13,2,47.81,7.17,25.81
5449,2,30,3,71.10,14.22,40.52
5450,1,16,4,51.92,12.98,31.15
5450,2,33,5,75.21,0.00,47.38
5451,1,19,6,56.03,0.00,36.97
5451,2,36,7,79.32,0.00,54.73
5452,1,22,8,60.14,0.00,43.30
5452,2,39,1,83.43,0.00,30.86
5453,1,25,2,64.25,0.00,25.70
5453,2,42,3,87.54,0.00,37.64
5454,1,28,4,68.36,0.00,31.44
5454,2,45,5,91.65,0.00,44.90
5455,1,31,6,72.47,0.00,37.68
5455,2,48,7,95.76,0.00,52.66
5456,1,34,8,76.58,0.00,44.41
5456,2,51,1,99.87,0.00,60.92
5457,1,37,2,80.69,0.00,51.64
5457,2,54,3,103.98,0.00,69.66
5458,1,40,4,84.80,0.00,59.36
5458,2,57,5,108.09,0.00,37.83
5459,1,43,6,88.91,0.00,33.78
5459,2,60,7,112.20,0.00,46.00
5460,1,46,8,93.02,0.00,40.92
5460,2,63,1,116.31,0.00,54.66
5461,1,49,2,97.13,0.00,48.56
5461,2,66,3,120.42,0.00,63.82
5462,1,52,4,101.24,0.00,56.69
5462,2,69,5,124.53,0.00,73.47
5463,1,55,6,105.35,0.00,65.31
5463,2,72,7,128.64,0.00,83.61
5464,1,58,8,109.46,0.00,74.43
5464,2,75,1,132.75,0.00,94.25
5465,1,61,2,113.57,0.00,40.88
5465,2,78,3,136.86,0.00,53.37
5466,1,64,4,117.68,0.00,49.42
5466,2,81,5,140.97,0.00,63.43
5467,1,67,6,121.79,0.00,58.45
5467,2,84,7,145.08,0.00,73.99
5468,1,70,8,125.90,0.00,67.98
5468,2,87,1,149.19,0.00,85.03
5469,1,73,2,130.01,0.00,78.00
5469,2,90,3,153.30,0.00,96.57
5470,1,76,4,134.12,0.00,88.51
5470,2,93,5,157.41,0.00,108.61
5471,1,79,6,138.23,0.00,99.52
5471,2,96,7,161.52,0.00,59.76
5472,1,82,8,142.34,0.00,56.93
5472,2,99,1,165.63,0.00,71.22
5473,1,85,2,146.45,0.00,67.36
5473,2,102,3,169.74,0.00,83.17
5474,1,88,4,150.56,0.00,78.29
5474,2,105,5,173.85,0.00,95.61
5475,1,91,6,154.67,0.00,89.70
5475,2,108,7,177.96,0.00,108.55
5476,1,94,8,158.78,0.00,101.61
5476,2,111,1,182.07,0.00,121.98
5477,1,97,2,162.89,0.00,114.02
5477,2,2,3,32.74,0.00,11.45
5478,1,100,4,167.00,0.00,63.46
5478,2,5,5,36.85,0.00,15.10
5479,1,103,6,171.11,0.00,75.28
5479,2,8,7,40.96,0.00,19.25
5480,1,106,8,175.22,0.00,87.61
5480,2,11,1,45.07,0.00,23.88
5481,1,109,2,179.33,0.00,100.42
5481,2,14,3,49.18,7.37,29.01
5482,1,112,4,183.44,36.68,113.73
5482,2,17,5,53.29,13.32,34.63
5483,1,3,6,34.11,1.70,23.19
5483,2,20,7,57.40,5.74,40.75
5484,1,6,8,38.22,5.73,13.75
5484,2,23,1,61.51,12.30,23.98
5485,1,9,2,42.33,10.58,17.77
5485,2,26,3,65.62,3.28,29.52
5486,1,12,4,46.44,4.64,22.29
5486,2,29,5,69.73,10.45,35.56
5487,1,15,6,50.55,10.11,27.29
5487,2,32,7,73.84,18.46,42.08
5488,1,18,8,54.66,2.73,32.79
5488,2,35,1,77.95,7.79,49.10
5489,1,21,2,58.77,8.81,38.78
5489,2,38,3,82.06,16.41,56.62
5490,1,24,4,62.88,15.72,45.27
5490,2,41,5,86.17,4.30,31.88
5491,1,27,6,66.99,6.69,26.79
5491,2,44,7,90.28,13.54,38.82
5492,1,30,8,71.10,14.22,32.70
5492,2,47,1,94.39,23.59,46.25
5493,1,33,2,75.21,3.76,39.10
5493,2,50,3,98.50,9.85,54.17
5494,1,36,4,79.32,11.89,46.00
5494,2,53,5,102.61,20.52,62.59
5495,1,39,6,83.43,20.85,53.39
5495,2,56,7,106.72,5.33,71.50
5496,1,42,8,87.54,8.75,61.27
5496,2,59,1,110.83,16.62,38.79
5497,1,45,2,91.65,18.33,34.82
5497,2,62,3,114.94,28.73,47.12
5498,1,48,4,95.76,4.78,42.13
5498,2,65,5,119.05,11.90,55.95
5499,1,51,6,99.87,14.98,49.93
5499,2,68,7,123.16,24.63,65.27
5500,1,54,8,103.98,25.99,58.22
5500,2,71,1,127.27,0.00,75.08
5501,1,57,2,108.09,0.00,67.01
5501,2,74,3,131.38,0.00,85.39
5502,1,60,4,112.20,0.00,76.29
5502,2,77,5,135.49,0.00,96.19
5503,1,63,6,116.31,0.00,41.87
5503,2,80,7,139.60,0.00,54.44
5504,1,66,8,120.42,0.00,50.57
5504,2,83,1,143.71,0.00,64.66
5505,1,69,2,124.53,0.00,59.77
5505,2,86,3,147.82,0.00,75.38
5506,1,72,4,128.64,0.00,69.46
5506,2,89,5,151.93,0.00,86.60
5507,1,75,6,132.75,0.00,79.65
5507,2,92,7,156.04,0.00,98.30
5508,1,78,8,136.86,0.00,90.32
5508,2,95,1,160.15,0.00,110.50
5509,1,81,2,140.97,0.00,101.49
5509,2,98,3,164.26,0.00,60.77
5510,1,84,4,145.08,0.00,58.03
5510,2,101,5,168.37,0.00,72.39
5511,1,87,6,149.19,0.00,68.62
5511,2,104,7,172.48,0.00,84.51
5512,1,90,8,153.30,0.00,79.71
5512,2,107,1,176.59,0.00,97.12
5513,1,93,2,157.41,0.00,91.29
5513,2,110,3,180.70,0.00,110.22
5514,1,96,4,161.52,0.00,103.37
5514,2,1,5,31.37,0.00,21.01
5515,1,99,6,165.63,0.00,115.94
5515,2,4,7,35.48,0.00,12.41
5516,1,102,8,169.74,0.00,64.50
5516,2,7,1,39.59,0.00,16.23
5517,1,105,2,173.85,0.00,76.49
5517,2,10,3,43.70,0.00,20.53
5518,1,108,4,177.96,0.00,88.98
5518,2,13,5,47.81,0.00,25.33
5519,1,111,6,182.07,0.00,101.95
5519,2,16,7,51.92,0.00,30.63
5520,1,2,8,32.74,0.00,20.29
5520,2,19,1,56.03,0.00,36.41
5521,1,5,2,36.85,0.00,25.05
5521,2,22,3,60.14,0.00,42.69
5522,1,8,4,40.96,0.00,14.74
5522,2,25,5,64.25,0.00,25.05
5523,1,11,6,45.07,0.00,18.92
5523,2,28,7,68.36,0.00,30.76
5524,1,14,8,49.18,0.00,23.60
5524,2,31,1,72.47,0.00,36.95
5525,1,17,2,53.29,0.00,28.77
5525,2,34,3,76.58,0.00,43.65
5526,1,20,4,57.40,0.00,34.44
5526,2,37,5,80.69,0.00,50.83
5527,1,23,6,61.51,0.00,40.59
5527,2,40,7,84.80,0.00,58.51
5528,1,26,8,65.62,0.00,47.24
5528,2,43,1,88.91,0.00,32.89
5529,1,29,2,69.73,0.00,27.89
5529,2,46,3,93.02,0.00,39.99
5530,1,32,4,73.84,0.00,33.96
5530,2,49,5,97.13,0.00,47.59
5531,1,35,6,77.95,0.00,40.53
5531,2,52,7,101.24,15.18,55.68
5532,1,38,8,82.06,16.41,47.59
5532,2,55,1,105.35,26.33,64.26
5533,1,41,2,86.17,4.30,55.14
5533,2,58,3,109.46,10.94,73.33
5534,1,44,4,90.28,13.54,63.19
5534,2,61,5,113.57,22.71,39.74
5535,1,47,6,94.39,23.59,35.86
5535,2,64,7,117.68,5.88,48.24
5536,1,50,8,98.50,9.85,43.34
5536,2,67,1,121.79,18.26,57.24
5537,1,53,2,102.61,20.52,51.30
5537,2,70,3,125.90,31.47,66.72
5538,1,56,4,106.72,5.33,59.76
5538,2,73,5,130.01,13.00,76.70
5539,1,59,6,110.83,16.62,68.71
5539,2,76,7,134.12,26.82,87.17
5540,1,62,8,114.94,28.73,78.15
5540,2,79,1,138.23,6.91,98.14
5541,1,65,2,119.05,11.90,42.85
5541,2,82,3,142.34,21.35,55.51
5542,1,68,4,123.16,24.63,51.72
5542,2,85,5,146.45,36.61,65.90
5543,1,71,6,127.27,6.36,61.08
5543,2,88,7,150.56,15.05,76.78
5544,1,74,8,131.38,19.70,70.94
5544,2,91,1,154.67,30.93,88.16
5545,1,77,2,135.49,33.87,81.29
5545,2,94,3,158.78,7.93,100.03
5546,1,80,4,139.60,13.96,92.13
5546,2,97,5,162.89,24.43,112.39
5547,1,83,6,143.71,28.74,103.47
5547,2,100,7,167.00,41.75,61.79
5548,1,86,8,147.82,7.39,59.12
5548,2,103,1,171.11,17.11,73.57
5549,1,89,2,151.93,22.78,69.88
5549,2,106,3,175.22,35.04,85.85
5550,1,92,4,156.04,39.01,81.14
5550,2,109,5,179.33,0.00,98.63
5551,1,95,6,160.15,0.00,92.88
5551,2,112,7,183.44,0.00,111.89
5552,1,98,8,164.26,0.00,105.12
5552,2,3,1,34.11,0.00,22.85
5553,1,101,2,168.37,0.00,117.85
5553,2,6,3,38.22,0.00,13.37
5554,1,104,4,172.48,0.00,65.54
5554,2,9,5,42.33,0.00,17.35
5555,1,107,6,176.59,0.00,77.69
5555,2,12,7,46.44,0.00,21.82
5556,1,110,8,180.70,0.00,90.35
5556,2,15,1,50.55,0.00,26.79
5557,1,1,2,31.37,0.00,17.56
5557,2,18,3,54.66,0.00,32.24
5558,1,4,4,35.48,0.00,21.99
5558,2,21,5,58.77,0.00,38.20
5559,1,7,6,39.59,0.00,26.92
5559,2,24,7,62.88,0.00,44.64
5560,1,10,8,43.70,0.00,15.73
5560,2,27,1,66.99,0.00,26.12
5561,1,13,2,47.81,0.00,20.08
5561,2,30,3,71.10,0.00,31.99
5562,1,16,4,51.92,0.00,24.92
5562,2,33,5,75.21,0.00,38.35
5563,1,19,6,56.03,0.00,30.25
5563,2,36,7,79.32,0.00,45.21
5564,1,22,8,60.14,0.00,36.08
5564,2,39,1,83.43,0.00,52.56
5565,1,25,2,64.25,0.00,42.40
5565,2,42,3,87.54,0.00,60.40
5566,1,28,4,68.36,0.00,49.21
5566,2,45,5,91.65,0.00,33.91
5567,1,31,6,72.47,0.00,28.98
5567,2,48,7,95.76,0.00,41.17
5568,1,34,8,76.58,0.00,35.22
5568,2,51,1,99.87,0.00,48.93
5569,1,37,2,80.69,0.00,41.95
5569,2,54,3,103.98,0.00,57.18
5570,1,40,4,84.80,0.00,49.18
5570,2,57,5,108.09,0.00,65.93
5571,1,43,6,88.91,0.00,56.90
5571,2,60,7,112.20,0.00,75.17
5572,1,46,8,93.02,0.00,65.11
5572,2,63,1,116.31,0.00,40.70
5573,1,49,2,97.13,0.00,36.90
5573,2,66,3,120.42,0.00,49.37
5574,1,52,4,101.24,0.00,44.54
5574,2,69,5,124.53,0.00,58.52
5575,1,55,6,105.35,0.00,52.67
5575,2,72,7,128.64,0.00,68.17
5576,1,58,8,109.46,0.00,61.29
5576,2,75,1,132.75,0.00,78.32
5577,1,61,2,113.57,0.00,70.41
5577,2,78,3,136.86,0.00,88.95
5578,1,64,4,117.68,0.00,80.02
5578,2,81,5,140.97,0.00,100.08
5579,1,67,6,121.79,0.00,43.84
5579,2,84,7,145.08,0.00,56.58
5580,1,70,8,125.90,0.00,52.87
5580,2,87,1,149.19,0.00,67.13
5581,1,73,2,130.01,0.00,62.40
5581,2,90,3,153.30,22.99,78.18
5582,1,76,4,134.12,26.82,72.42
5582,2,93,5,157.41,39.35,89.72
5583,1,79,6,138.23,6.91,82.93
5583,2,96,7,161.52,16.15,101.75
5584,1,82,8,142.34,21.35,93.94
5584,2,99,1,165.63,33.12,114.28
5585,1,85,2,146.45,36.61,105.44
5585,2,102,3,169.74,8.48,62.80
5586,1,88,4,150.56,15.05,60.22
5586,2,105,5,173.85,26.07,74.75
5587,1,91,6,154.67,30.93,71.14
5587,2,108,7,177.96,44.49,87.20
5588,1,94,8,158.78,7.93,82.56
5588,2,111,1,182.07,18.20,100.13
5589,1,97,2,162.89,24.43,94.47
5589,2,2,3,32.74,6.54,19.97
5590,1,100,4,167.00,41.75,106.88
5590,2,5,5,36.85,1.84,24.68
5591,1,103,6,171.11,17.11,119.77
5591,2,8,7,40.96,6.14,14.33
5592,1,106,8,175.22,35.04,66.58
5592,2,11,1,45.07,11.26,18.47
5593,1,109,2,179.33,8.96,78.90
5593,2,14,3,49.18,4.91,23.11
5594,1,112,4,183.44,27.51,91.72
5594,2,17,5,53.29,10.65,28.24
5595,1,3,6,34.11,8.52,19.10
5595,2,20,7,57.40,2.87,33.86
5596,1,6,8,38.22,3.82,23.69
5596,2,23,1,61.51,9.22,39.98
5597,1,9,2,42.33,8.46,28.78
5597,2,26,3,65.62,16.40,46.59
5598,1,12,4,46.44,2.32,16.71
5598,2,29,5,69.73,6.97,27.19
5599,1,15,6,50.55,7.58,21.23
5599,2,32,7,73.84,14.76,33.22
5600,1,18,8,54.66,13.66,26.23
5600,2,35,1,77.95,0.00,39.75
5601,1,21,2,58.77,0.00,31.73
5601,2,38,3,82.06,0.00,46.77
5602,1,24,4,62.88,0.00,37.72
5602,2,41,5,86.17,0.00,54.28
5603,1,27,6,66.99,0.00,44.21
5603,2,44,7,90.28,0.00,62.29
5604,1,30,8,71.10,0.00,51.19
5604,2,47,1,94.39,0.00,34.92
5605,1,33,2,75.21,0.00,30.08
5605,2,50,3,98.50,0.00,42.35
5606,1,36,4,79.32,0.00,36.48
5606,2,53,5,102.61,0.00,50.27
5607,1,39,6,83.43,0.00,43.38
5607,2,56,7,106.72,0.00,58.69
5608,1,42,8,87.54,0.00,50.77
5608,2,59,1,110.83,0.00,67.60
5609,1,45,2,91.65,0.00,58.65
5609,2,62,3,114.94,0.00,77.00
5610,1,48,4,95.76,0.00,67.03
5610,2,65,5,119.05,0.00,41.66
5611,1,51,6,99.87,0.00,37.95
5611,2,68,7,123.16,0.00,50.49
5612,1,54,8,103.98,0.00,45.75
5612,2,71,1,127.27,0.00,59.81
5613,1,57,2,108.09,0.00,54.04
5613,2,74,3,131.38,0.00,69.63
5614,1,60,4,112.20,0.00,62.83
5614,2,77,5,135.49,0.00,79.93
5615,1,63,6,116.31,0.00,72.11
5615,2,80,7,139.60,0.00,90.74
5616,1,66,8,120.42,0.00,81.88
5616,2,83,1,143.71,0.00,102.03
5617,1,69,2,124.53,0.00,44.83
5617,2,86,3,147.82,0.00,57.64
5618,1,72,4,128.64,0.00,54.02
5618,2,89,5,151.93,0.00,68.36
5619,1,75,6,132.75,0.00,63.72
5619,2,92,7,156.04,0.00,79.58
5620,1,78,8,136.86,0.00,73.90
5620,2,95,1,160.15,0.00,91.28
5621,1,81,2,140.97,0.00,84.58
5621,2,98,3,164.26,0.00,103.48
5622,1,84,4,145.08,0.00,95.75
5622,2,101,5,168.37,0.00,116.17
5623,1,87,6,149.19,0.00,107.41
5623,2,104,7,172.48,0.00,63.81
5624,1,90,8,153.30,0.00,61.32
5624,2,107,1,176.59,0.00,75.93
5625,1,93,2,157.41,0.00,72.40
5625,2,110,3,180.70,0.00,88.54
5626,1,96,4,161.52,0.00,83.99
5626,2,1,5,31.37,0.00,17.25
5627,1,99,6,165.63,0.00,96.06
5627,2,4,7,35.48,0.00,21.64
5628,1,102,8,169.74,0.00,108.63
5628,2,7,1,39.59,0.00,26.52
5629,1,105,2,173.85,0.00,121.69
5629,2,10,3,43.70,0.00,15.29
5630,1,108,4,177.96,0.00,67.62
5630,2,13,5,47.81,0.00,19.60
5631,1,111,6,182.07,0.00,80.11
5631,2,16,7,51.92,7.78,24.40
5632,1,2,8,32.74,6.54,16.37
5632,2,19,1,56.03,14.00,29.69
5633,1,5,2,36.85,1.84,20.63
5633,2,22,3,60.14,6.01,35.48
5634,1,8,4,40.96,6.14,25.39
5634,2,25,5,64.25,12.85,41.76
5635,1,11,6,45.07,11.26,30.64
5635,2,28,7,68.36,3.41,48.53
5636,1,14,8,49.18,4.91,17.70
5636,2,31,1,72.47,10.87,28.26
5637,1,17,2,53.29,10.65,22.38
5637,2,34,3,76.58,19.14,34.46
5638,1,20,4,57.40,2.87,27.55
5638,2,37,5,80.69,8.06,41.15
5639,1,23,6,61.51,9.22,33.21
5639,2,40,7,84.80,16.96,48.33
5640,1,26,8,65.62,16.40,39.37
5640,2,43,1,88.91,4.44,56.01
5641,1,29,2,69.73,6.97,46.02
5641,2,46,3,93.02,13.95,64.18
5642,1,32,4,73.84,14.76,53.16
5642,2,49,5,97.13,24.28,35.93
5643,1,35,6,77.95,3.89,31.18
5643,2,52,7,101.24,10.12,43.53
5644,1,38,8,82.06,12.30,37.74
5644,2,55,1,105.35,21.07,51.62
5645,1,41,2,86.17,21.54,44.80
5645,2,58,3,109.46,5.47,60.20
5646,1,44,4,90.28,9.02,52.36
5646,2,61,5,113.57,17.03,69.27
5647,1,47,6,94.39,18.87,60.40
5647,2,64,7,117.68,29.42,78.84
5648,1,50,8,98.50,4.92,68.95
5648,2,67,1,121.79,12.17,42.62
5649,1,53,2,102.61,15.39,38.99
5649,2,70,3,125.90,25.18,51.61
5650,1,56,4,106.72,26.68,46.95
5650,2,73,5,130.01,0.00,61.10
5651,1,59,6,110.83,0.00,55.41
5651,2,76,7,134.12,0.00,71.08
5652,1,62,8,114.94,0.00,64.36
5652,2,79,1,138.23,0.00,81.55
5653,1,65,2,119.05,0.00,73.81
5653,2,82,3,142.34,0.00,92.52
5654,1,68,4,123.16,0.00,83.74
5654,2,85,5,146.45,0.00,103.97
5655,1,71,6,127.27,0.00,45.81
5655,2,88,7,150.56,0.00,58.71
5656,1,74,8,131.38,0.00,55.17
5656,2,91,1,154.67,0.00,69.60
5657,1,77,2,135.49,0.00,65.03
5657,2,94,3,158.78,0.00,80.97
5658,1,80,4,139.60,0.00,75.38
5658,2,97,5,162.89,0.00,92.84
5659,1,83,6,143.71,0.00,86.22
5659,2,100,7,167.00,0.00,105.21
5660,1,86,8,147.82,0.00,97.56
5660,2,103,1,171.11,0.00,118.06
5661,1,89,2,151.93,0.00,109.38
5661,2,106,3,175.22,0.00,64.83
5662,1,92,4,156.04,0.00,62.41
5662,2,109,5,179.33,0.00,77.11
5663,1,95,6,160.15,0.00,73.66
5663,2,112,7,183.44,0.00,89.88
5664,1,98,8,164.26,0.00,85.41
5664,2,3,1,34.11,0.00,18.76
5665,1,101,2,168.37,0.00,97.65
5665,2,6,3,38.22,0.00,23.31
5666,1,104,4,172.48,0.00,110.38
5666,2,9,5,42.33,0.00,28.36
5667,1,107,6,176.59,0.00,123.61
5667,2,12,7,46.44,0.00,16.25
5668,1,110,8,180.70,0.00,68.66
5668,2,15,1,50.55,0.00,20.72
5669,1,1,2,31.37,0.00,13.80
5669,2,18,3,54.66,0.00,25.69
5670,1,4,4,35.48,0.00,17.74
5670,2,21,5,58.77,0.00,31.14
5671,1,7,6,39.59,0.00,22.17
5671,2,24,7,62.88,0.00,37.09
5672,1,10,8,43.70,0.00,27.09
5672,2,27,1,66.99,0.00,43.54
5673,1,13,2,47.81,0.00,32.51
5673,2,30,3,71.10,0.00,50.48
5674,1,16,4,51.92,0.00,18.69
5674,2,33,5,75.21,0.00,29.33
5675,1,19,6,56.03,0.00,23.53
5675,2,36,7,79.32,0.00,35.69
5676,1,22,8,60.14,0.00,28.86
5676,2,39,1,83.43,0.00,42.54
5677,1,25,2,64.25,0.00,34.69
5677,2,42,3,87.54,0.00,49.89
5678,1,28,4,68.36,0.00,41.01
5678,2,45,5,91.65,0.00,57.73
5679,1,31,6,72.47,0.00,47.83
5679,2,48,7,95.76,0.00,66.07
5680,1,34,8,76.58,0.00,55.13
5680,2,51,1,99.87,0.00,36.95
5681,1,37,2,80.69,0.00,32.27
5681,2,54,3,103.98,15.59,44.71
5682,1,40,4,84.80,16.96,39.00
5682,2,57,5,108.09,27.02,52.96
5683,1,43,6,88.91,4.44,46.23
5683,2,60,7,112.20,11.22,61.71
5684,1,46,8,93.02,13.95,53.95
5684,2,63,1,116.31,23.26,70.94
5685,1,49,2,97.13,24.28,62.16
5685,2,66,3,120.42,6.02,80.68
5686,1,52,4,101.24,10.12,70.86
5686,2,69,5,124.53,18.67,43.58
5687,1,55,6,105.35,21.07,40.03
5687,2,72,7,128.64,32.16,52.74
5688,1,58,8,109.46,5.47,48.16
5688,2,75,1,132.75,13.27,62.39
5689,1,61,2,113.57,17.03,56.78
5689,2,78,3,136.86,27.37,72.53
5690,1,64,4,117.68,29.42,65.90
5690,2,81,5,140.97,7.04,83.17
5691,1,67,6,121.79,12.17,75.50
5691,2,84,7,145.08,21.76,94.30
5692,1,70,8,125.90,25.18,85.61
5692,2,87,1,149.19,37.29,105.92
5693,1,73,2,130.01,6.50,46.80
5693,2,90,3,153.30,15.33,59.78
5694,1,76,4,134.12,20.11,56.33
5694,2,93,5,157.41,31.48,70.83
5695,1,79,6,138.23,34.55,66.35
5695,2,96,7,161.52,8.07,82.37
5696,1,82,8,142.34,14.23,76.86
5696,2,99,1,165.63,24.84,94.40
5697,1,85,2,146.45,29.29,87.87
5697,2,102,3,169.74,42.43,106.93
5698,1,88,4,150.56,7.52,99.36
5698,2,105,5,173.85,17.38,119.95
5699,1,91,6,154.67,23.20,111.36
5699,2,108,7,177.96,35.59,65.84
5700,1,94,8,158.78,39.69,63.51
5700,2,111,1,182.07,0.00,78.29
5701,1,97,2,162.89,0.00,74.92
5701,2,2,3,32.74,0.00,16.04
5702,1,100,4,167.00,0.00,86.84
5702,2,5,5,36.85,0.00,20.26
5703,1,103,6,171.11,0.00,99.24
5703,2,8,7,40.96,0.00,24.98
5704,1,106,8,175.22,0.00,112.14
5704,2,11,1,45.07,0.00,30.19
5705,1,109,2,179.33,0.00,125.53
5705,2,14,3,49.18,0.00,17.21
5706,1,112,4,183.44,0.00,69.70
5706,2,17,5,53.29,0.00,21.84
5707,1,3,6,34.11,0.00,15.00
5707,2,20,7,57.40,0.00,26.97
5708,1,6,8,38.22,0.00,19.11
5708,2,23,1,61.51,0.00,32.60
5709,1,9,2,42.33,0.00,23.70
5709,2,26,3,65.62,0.00,38.71
5710,1,12,4,46.44,0.00,28.79
5710,2,29,5,69.73,0.00,45.32
5711,1,15,6,50.55,0.00,34.37
5711,2,32,7,73.84,0.00,52.42
5712,1,18,8,54.66,0.00,19.67
5712,2,35,1,77.95,0.00,30.40
5713,1,21,2,58.77,0.00,24.68
5713,2,38,3,82.06,0.00,36.92
5714,1,24,4,62.88,0.00,30.18
5714,2,41,5,86.17,0.00,43.94
5715,1,27,6,66.99,0.00,36.17
5715,2,44,7,90.28,0.00,51.45
5716,1,30,8,71.10,0.00,42.66
5716,2,47,1,94.39,0.00,59.46
5717,1,33,2,75.21,0.00,49.63
5717,2,50,3,98.50,0.00,67.96
5718,1,36,4,79.32,0.00,57.11
5718,2,53,5,102.61,0.00,37.96
5719,1,39,6,83.43,0.00,33.37
5719,2,56,7,106.72,0.00,45.88
5720,1,42,8,87.54,0.00,40.26
5720,2,59,1,110.83,0.00,54.30
5721,1,45,2,91.65,0.00,47.65
5721,2,62,3,114.94,0.00,63.21
5722,1,48,4,95.76,0.00,55.54
5722,2,65,5,119.05,0.00,72.62
5723,1,51,6,99.87,0.00,63.91
5723,2,68,7,123.16,0.00,82.51
5724,1,54,8,103.98,0.00,72.78
5724,2,71,1,127.27,0.00,44.54
5725,1,57,2,108.09,0.00,41.07
5725,2,74,3,131.38,0.00,53.86
5726,1,60,4,112.20,0.00,49.36
5726,2,77,5,135.49,0.00,63.68
5727,1,63,6,116.31,0.00,58.15
5727,2,80,7,139.60,0.00,73.98
5728,1,66,8,120.42,0.00,67.43
5728,2,83,1,143.71,0.00,84.78
5729,1,69,2,124.53,0.00,77.20
5729,2,86,3,147.82,0.00,96.08
5730,1,72,4,128.64,0.00,87.47
5730,2,89,5,151.93,0.00,107.87
5731,1,75,6,132.75,0.00,47.79
5731,2,92,7,156.04,23.40,60.85
5732,1,78,8,136.86,27.37,57.48
5732,2,95,1,160.15,40.03,72.06
5733,1,81,2,140.97,7.04,67.66
5733,2,98,3,164.26,16.42,83.77
5734,1,84,4,145.08,21.76,78.34
5734,2,101,5,168.37,33.67,95.97
5735,1,87,6,149.19,37.29,89.51
5735,2,104,7,172.48,8.62,108.66
5736,1,90,8,153.30,15.33,101.17
5736,2,107,1,176.59,26.48,121.84
5737,1,93,2,157.41,31.48,113.33
5737,2,110,3,180.70,45.17,66.85
5738,1,96,4,161.52,8.07,64.60
5738,2,1,5,31.37,3.13,13.48
5739,1,99,6,165.63,24.84,76.18
5739,2,4,7,35.48,7.09,17.38
5740,1,102,8,169.74,42.43,88.26
5740,2,7,1,39.59,1.97,21.77
5741,1,105,2,173.85,17.38,100.83
5741,2,10,3,43.70,6.55,26.65
5742,1,108,4,177.96,35.59,113.89
5742,2,13,5,47.81,11.95,32.03
5743,1,111,6,182.07,9.10,127.44
5743,2,16,7,51.92,5.19,18.17
5744,1,2,8,32.74,4.91,12.44
5744,2,19,1,56.03,11.20,22.97
5745,1,5,2,36.85,9.21,16.21
5745,2,22,3,60.14,3.00,28.26
5746,1,8,4,40.96,4.09,20.48
5746,2,25,5,64.25,9.63,34.05
5747,1,11,6,45.07,9.01,25.23
5747,2,28,7,68.36,17.09,40.33
5748,1,14,8,49.18,2.45,30.49
5748,2,31,1,72.47,7.24,47.10
5749,1,17,2,53.29,7.99,36.23
5749,2,34,3,76.58,15.31,54.37
5750,1,20,4,57.40,14.35,20.66
5750,2,37,5,80.69,0.00,31.46
5751,1,23,6,61.51,0.00,25.83
5751,2,40,7,84.80,0.00,38.16
5752,1,26,8,65.62,0.00,31.49
5752,2,43,1,88.91,0.00,45.34
5753,1,29,2,69.73,0.00,37.65
5753,2,46,3,93.02,0.00,53.02
5754,1,32,4,73.84,0.00,44.30
5754,2,49,5,97.13,0.00,61.19
5755,1,35,6,77.95,0.00,51.44
5755,2,52,7,101.24,0.00,69.85
5756,1,38,8,82.06,0.00,59.08
5756,2,55,1,105.35,0.00,38.97
5757,1,41,2,86.17,0.00,34.46
5757,2,58,3,109.46,0.00,47.06
5758,1,44,4,90.28,0.00,41.52
5758,2,61,5,113.57,0.00,55.64
5759,1,47,6,94.39,0.00,49.08
5759,2,64,7,117.68,0.00,64.72
5760,1,50,8,98.50,0.00,57.13
5760,2,67,1,121.79,0.00,74.29
5761,1,53,2,102.61,0.00,65.67
5761,2,70,3,125.90,0.00,84.35
5762,1,56,4,106.72,0.00,74.70
5762,2,73,5,130.01,0.00,45.50
5763,1,59,6,110.83,0.00,42.11
5763,2,76,7,134.12,0.00,54.98
5764,1,62,8,114.94,0.00,50.57
5764,2,79,1,138.23,0.00,64.96
5765,1,65,2,119.05,0.00,59.52
5765,2,82,3,142.34,0.00,75.44
5766,1,68,4,123.16,0.00,68.96
5766,2,85,5,146.45,0.00,86.40
5767,1,71,6,127.27,0.00,78.90
5767,2,88,7,150.56,0.00,97.86
5768,1,74,8,131.38,0.00,89.33
5768,2,91,1,154.67,0.00,109.81
5769,1,77,2,135.49,0.00,48.77
5769,2,94,3,158.78,0.00,61.92
5770,1,80,4,139.60,0.00,58.63
5770,2,97,5,162.89,0.00,73.30
5771,1,83,6,143.71,0.00,68.98
5771,2,100,7,167.00,0.00,85.17
5772,1,86,8,147.82,0.00,79.82
5772,2,103,1,171.11,0.00,97.53
5773,1,89,2,151.93,0.00,91.15
5773,2,106,3,175.22,0.00,110.38
5774,1,92,4,156.04,0.00,102.98
5774,2,109,5,179.33,0.00,123.73
5775,1,95,6,160.15,0.00,115.30
5775,2,112,7,183.44,0.00,67.87
5776,1,98,8,164.26,0.00,65.70
5776,2,3,1,34.11,0.00,14.66
5777,1,101,2,168.37,0.00,77.45
5777,2,6,3,38.22,0.00,18.72
5778,1,104,4,172.48,0.00,89.68
5778,2,9,5,42.33,0.00,23.28
5779,1,107,6,176.59,0.00,102.42
5779,2,12,7,46.44,0.00,28.32
5780,1,110,8,180.70,0.00,115.64
5780,2,15,1,50.55,0.00,33.86
5781,1,1,2,31.37,0.00,21.95
5781,2,18,3,54.66,8.19,19.13
5782,1,4,4,35.48,7.09,13.48
5782,2,21,5,58.77,14.69,24.09
5783,1,7,6,39.59,1.97,17.41
5783,2,24,7,62.88,6.28,29.55
5784,1,10,8,43.70,6.55,21.85
5784,2,27,1,66.99,13.39,35.50
5785,1,13,2,47.81,11.95,26.77
5785,2,30,3,71.10,3.55,41.94
5786,1,16,4,51.92,5.19,32.19
5786,2,33,5,75.21,11.28,48.88
5787,1,19,6,56.03,11.20,38.10
5787,2,36,7,79.32,19.83,56.31
5788,1,22,8,60.14,3.00,21.65
5788,2,39,1,83.43,8.34,32.53
5789,1,25,2,64.25,9.63,26.98
5789,2,42,3,87.54,17.50,39.39
5790,1,28,4,68.36,17.09,32.81
5790,2,45,5,91.65,4.58,46.74
5791,1,31,6,72.47,7.24,39.13
5791,2,48,7,95.76,14.36,54.58
5792,1,34,8,76.58,15.31,45.94
5792,2,51,1,99.87,24.96,62.91
5793,1,37,2,80.69,4.03,53.25
5793,2,54,3,103.98,10.39,71.74
5794,1,40,4,84.80,12.72,61.05
5794,2,57,5,108.09,21.61,39.99
5795,1,43,6,88.91,22.22,35.56
5795,2,60,7,112.20,5.61,48.24
5796,1,46,8,93.02,9.30,42.78
5796,2,63,1,116.31,17.44,56.99
5797,1,49,2,97.13,19.42,50.50
5797,2,66,3,120.42,30.10,66.23
5798,1,52,4,101.24,5.06,58.71
5798,2,69,5,124.53,12.45,75.96
5799,1,55,6,105.35,15.80,67.42
5799,2,72,7,128.64,25.72,86.18
5800,1,58,8,109.46,27.36,76.62
5800,2,75,1,132.75,0.00,46.46
5801,1,61,2,113.57,0.00,43.15
5801,2,78,3,136.86,0.00,56.11
5802,1,64,4,117.68,0.00,51.77
5802,2,81,5,140.97,0.00,66.25
5803,1,67,6,121.79,0.00,60.89
5803,2,84,7,145.08,0.00,76.89
5804,1,70,8,125.90,0.00,70.50
5804,2,87,1,149.19,0.00,88.02
5805,1,73,2,130.01,0.00,80.60
5805,2,90,3,153.30,0.00,99.64
5806,1,76,4,134.12,0.00,91.20
5806,2,93,5,157.41,0.00,111.76
5807,1,79,6,138.23,0.00,49.76
5807,2,96,7,161.52,0.00,62.99
5808,1,82,8,142.34,0.00,59.78
5808,2,99,1,165.63,0.00,74.53
5809,1,85,2,146.45,0.00,70.29
5809,2,102,3,169.74,0.00,86.56
5810,1,88,4,150.56,0.00,81.30
5810,2,105,5,173.85,0.00,99.09
5811,1,91,6,154.67,0.00,92.80
5811,2,108,7,177.96,0.00,112.11
5812,1,94,8,158.78,0.00,104.79
5812,2,111,1,182.07,0.00,125.62
5813,1,97,2,162.89,0.00,117.28
5813,2,2,3,32.74,0.00,12.11
5814,1,100,4,167.00,0.00,66.80
5814,2,5,5,36.85,0.00,15.84
5815,1,103,6,171.11,0.00,78.71
5815,2,8,7,40.96,0.00,20.07
5816,1,106,8,175.22,0.00,91.11
5816,2,11,1,45.07,0.00,24.78
5817,1,109,2,179.33,0.00,104.01
5817,2,14,3,49.18,0.00,29.99
5818,1,112,4,183.44,0.00,117.40
5818,2,17,5,53.29,0.00,35.70
5819,1,3,6,34.11,0.00,23.87
5819,2,20,7,57.40,0.00,20.09
5820,1,6,8,38.22,0.00,14.52
5820,2,23,1,61.51,0.00,25.21
5821,1,9,2,42.33,0.00,18.62
5821,2,26,3,65.62,0.00,30.84
5822,1,12,4,46.44,0.00,23.22
5822,2,29,5,69.73,0.00,36.95
5823,1,15,6,50.55,0.00,28.30
5823,2,32,7,73.84,0.00,43.56
5824,1,18,8,54.66,0.00,33.88
5824,2,35,1,77.95,0.00,50.66
5825,1,21,2,58.77,0.00,39.96
5825,2,38,3,82.06,0.00,58.26
5826,1,24,4,62.88,0.00,22.63
5826,2,41,5,86.17,0.00,33.60
5827,1,27,6,66.99,0.00,28.13
5827,2,44,7,90.28,0.00,40.62
5828,1,30,8,71.10,0.00,34.12
5828,2,47,1,94.39,0.00,48.13
5829,1,33,2,75.21,0.00,40.61
5829,2,50,3,98.50,0.00,56.14
5830,1,36,4,79.32,0.00,47.59
5830,2,53,5,102.61,0.00,64.64
5831,1,39,6,83.43,0.00,55.06
5831,2,56,7,106.72,16.00,73.63
5832,1,42,8,87.54,17.50,63.02
5832,2,59,1,110.83,27.70,41.00
5833,1,45,2,91.65,4.58,36.66
5833,2,62,3,114.94,11.49,49.42
5834,1,48,4,95.76,14.36,44.04
5834,2,65,5,119.05,23.81,58.33
5835,1,51,6,99.87,24.96,51.93
5835,2,68,7,123.16,6.15,67.73
5836,1,54,8,103.98,10.39,60.30
5836,2,71,1,127.27,19.09,77.63
5837,1,57,2,108.09,21.61,69.17
5837,2,74,3,131.38,32.84,88.02
5838,1,60,4,112.20,5.61,78.54
5838,2,77,5,135.49,13.54,47.42
5839,1,63,6,116.31,17.44,44.19
5839,2,80,7,139.60,27.92,57.23
5840,1,66,8,120.42,30.10,52.98
5840,2,83,1,143.71,7.18,67.54
5841,1,69,2,124.53,12.45,62.26
5841,2,86,3,147.82,22.17,78.34
5842,1,72,4,128.64,25.72,72.03
5842,2,89,5,151.93,37.98,89.63
5843,1,75,6,132.75,6.63,82.30
5843,2,92,7,156.04,15.60,101.42
5844,1,78,8,136.86,20.52,93.06
5844,2,95,1,160.15,32.03,113.70
5845,1,81,2,140.97,35.24,50.74
5845,2,98,3,164.26,8.21,64.06
5846,1,84,4,145.08,14.50,60.93
5846,2,101,5,168.37,25.25,75.76
5847,1,87,6,149.19,29.83,71.61
5847,2,104,7,172.48,43.12,87.96
5848,1,90,8,153.30,7.66,82.78
5848,2,107,1,176.59,17.65,100.65
5849,1,93,2,157.41,23.61,94.44
5849,2,110,3,180.70,36.14,113.84
5850,1,96,4,161.52,40.38,106.60
5850,2,1,5,31.37,0.00,21.64
5851,1,99,6,165.63,0.00,119.25
5851,2,4,7,35.48,0.00,13.12
5852,1,102,8,169.74,0.00,67.89
5852,2,7,1,39.59,0.00,17.02
5853,1,105,2,173.85,0.00,79.97
5853,2,10,3,43.70,0.00,21.41
5854,1,108,4,177.96,0.00,92.53
5854,2,13,5,47.81,0.00,26.29
5855,1,111,6,182.07,0.00,105.60
5855,2,16,7,51.92,0.00,31.67
5856,1,2,8,32.74,0.00,20.95
5856,2,19,1,56.03,0.00,37.54
5857,1,5,2,36.85,0.00,25.79
5857,2,22,3,60.14,0.00,21.04
5858,1,8,4,40.96,0.00,15.56
5858,2,25,5,64.25,0.00,26.34
5859,1,11,6,45.07,0.00,19.83
5859,2,28,7,68.36,0.00,32.12
5860,1,14,8,49.18,0.00,24.59
5860,2,31,1,72.47,0.00,38.40
5861,1,17,2,53.29,0.00,29.84
5861,2,34,3,76.58,0.00,45.18
5862,1,20,4,57.40,0.00,35.58
5862,2,37,5,80.69,0.00,52.44
5863,1,23,6,61.51,0.00,41.82
5863,2,40,7,84.80,0.00,60.20
5864,1,26,8,65.62,0.00,23.62
5864,2,43,1,88.91,0.00,34.67
5865,1,29,2,69.73,0.00,29.28
5865,2,46,3,93.02,0.00,41.85
5866,1,32,4,73.84,0.00,35.44
5866,2,49,5,97.13,0.00,49.53
5867,1,35,6,77.95,0.00,42.09
5867,2,52,7,101.24,0.00,57.70
5868,1,38,8,82.06,0.00,49.23
5868,2,55,1,105.35,0.00,66.37
5869,1,41,2,86.17,0.00,56.87
5869,2,58,3,109.46,0.00,75.52
5870,1,44,4,90.28,0.00,65.00
5870,2,61,5,113.57,0.00,42.02
5871,1,47,6,94.39,0.00,37.75
5871,2,64,7,117.68,0.00,50.60
5872,1,50,8,98.50,0.00,45.31
5872,2,67,1,121.79,0.00,59.67
5873,1,53,2,102.61,0.00,53.35
5873,2,70,3,125.90,0.00,69.24
5874,1,56,4,106.72,0.00,61.89
5874,2,73,5,130.01,0.00,79.30
5875,1,59,6,110.83,0.00,70.93
5875,2,76,7,134.12,0.00,89.86
5876,1,62,8,114.94,0.00,80.45
5876,2,79,1,138.23,0.00,48.38
5877,1,65,2,119.05,0.00,45.23
5877,2,82,3,142.34,0.00,58.35
5878,1,68,4,123.16,0.00,54.19
5878,2,85,5,146.45,0.00,68.83
5879,1,71,6,127.27,0.00,63.63
5879,2,88,7,150.56,0.00,79.79
5880,1,74,8,131.38,0.00,73.57
5880,2,91,1,154.67,0.00,91.25
5881,1,77,2,135.49,0.00,84.00
5881,2,94,3,158.78,23.81,103.20
5882,1,80,4,139.60,27.92,94.92
5882,2,97,5,162.89,40.72,115.65
5883,1,83,6,143.71,7.18,51.73
5883,2,100,7,167.00,16.70,65.13
5884,1,86,8,147.82,22.17,62.08
5884,2,103,1,171.11,34.22,76.99
5885,1,89,2,151.93,37.98,72.92
5885,2,106,3,175.22,8.76,89.36
5886,1,92,4,156.04,15.60,84.26
5886,2,109,5,179.33,26.89,102.21
5887,1,95,6,160.15,32.03,96.09
5887,2,112,7,183.44,45.86,115.56
5888,1,98,8,164.26,8.21,108.41
5888,2,3,1,34.11,3.41,23.53
5889,1,101,2,168.37,25.25,121.22
5889,2,6,3,38.22,7.64,14.14
5890,1,104,4,172.48,43.12,68.99
5890,2,9,5,42.33,2.11,18.20
5891,1,107,6,176.59,17.65,81.23
5891,2,12,7,46.44,6.96,22.75
5892,1,110,8,180.70,36.14,93.96
5892,2,15,1,50.55,12.63,27.80
5893,1,1,2,31.37,1.56,18.19
5893,2,18,3,54.66,5.46,33.34
5894,1,4,4,35.48,5.32,22.70
5894,2,21,5,58.77,11.75,39.37
5895,1,7,6,39.59,9.89,27.71
5895,2,24,7,62.88,3.14,22.00
5896,1,10,8,43.70,4.37,16.60
5896,2,27,1,66.99,10.04,27.46
5897,1,13,2,47.81,9.56,21.03
5897,2,30,3,71.10,17.77,33.41
5898,1,16,4,51.92,2.59,25.96
5898,2,33,5,75.21,7.52,39.86
5899,1,19,6,56.03,8.40,31.37
5899,2,36,7,79.32,15.86,46.79
5900,1,22,8,60.14,15.03,37.28
5900,2,39,1,83.43,0.00,54.22
5901,1,25,2,64.25,0.00,43.69
5901,2,42,3,87.54,0.00,62.15
5902,1,28,4,68.36,0.00,24.60
5902,2,45,5,91.65,0.00,35.74
5903,1,31,6,72.47,0.00,30.43
5903,2,48,7,95.76,0.00,43.09
5904,1,34,8,76.58,0.00,36.75
5904,2,51,1,99.87,0.00,50.93
5905,1,37,2,80.69,0.00,43.57
5905,2,54,3,103.98,0.00,59.26
5906,1,40,4,84.80,0.00,50.88
5906,2,57,5,108.09,0.00,68.09
5907,1,43,6,88.91,0.00,58.68
5907,2,60,7,112.20,0.00,77.41
5908,1,46,8,93.02,0.00,66.97
5908,2,63,1,116.31,0.00,43.03
5909,1,49,2,97.13,0.00,38.85
5909,2,66,3,120.42,0.00,51.78
5910,1,52,4,101.24,0.00,46.57
5910,2,69,5,124.53,0.00,61.01
5911,1,55,6,105.35,0.00,54.78
5911,2,72,7,128.64,0.00,70.75
5912,1,58,8,109.46,0.00,63.48
5912,2,75,1,132.75,0.00,80.97
5913,1,61,2,113.57,0.00,72.68
5913,2,78,3,136.86,0.00,91.69
5914,1,64,4,117.68,0.00,82.37
5914,2,81,5,140.97,0.00,49.33
5915,1,67,6,121.79,0.00,46.28
5915,2,84,7,145.08,0.00,59.48
5916,1,70,8,125.90,0.00,55.39
5916,2,87,1,149.19,0.00,70.11
5917,1,73,2,130.01,0.00,65.00
5917,2,90,3,153.30,0.00,81.24
5918,1,76,4,134.12,0.00,75.10
5918,2,93,5,157.41,0.00,92.87
5919,1,79,6,138.23,0.00,85.70
5919,2,96,7,161.52,0.00,104.98
5920,1,82,8,142.34,0.00,96.79
5920,2,99,1,165.63,0.00,117.59
5921,1,85,2,146.45,0.00,52.72
5921,2,102,3,169.74,0.00,66.19
5922,1,88,4,150.56,0.00,63.23
5922,2,105,5,173.85,0.00,78.23
5923,1,91,6,154.67,0.00,74.24
5923,2,108,7,177.96,0.00,90.75
5924,1,94,8,158.78,0.00,85.74
5924,2,111,1,182.07,0.00,103.77
5925,1,97,2,162.89,0.00,97.73
5925,2,2,3,32.74,0.00,20.62
5926,1,100,4,167.00,0.00,110.22
5926,2,5,5,36.85,0.00,25.42
5927,1,103,6,171.11,0.00,123.19
5927,2,8,7,40.96,0.00,15.15
5928,1,106,8,175.22,0.00,70.08
5928,2,11,1,45.07,0.00,19.38
5929,1,109,2,179.33,0.00,82.49
5929,2,14,3,49.18,0.00,24.09
5930,1,112,4,183.44,0.00,95.38
5930,2,17,5,53.29,0.00,29.30
5931,1,3,6,34.11,0.00,19.78
5931,2,20,7,57.40,8.61,35.01
5932,1,6,8,38.22,7.64,24.46
5932,2,23,1,61.51,15.37,41.21
5933,1,9,2,42.33,2.11,29.63
5933,2,26,3,65.62,6.56,22.96
5934,1,12,4,46.44,6.96,17.64
5934,2,29,5,69.73,13.94,28.58
5935,1,15,6,50.55,12.63,22.24
5935,2,32,7,73.84,3.69,34.70
5936,1,18,8,54.66,5.46,27.33
5936,2,35,1,77.95,11.69,41.31
5937,1,21,2,58.77,11.75,32.91
5937,2,38,3,82.06,20.51,48.41
5938,1,24,4,62.88,3.14,38.98
5938,2,41,5,86.17,8.61,56.01
5939,1,27,6,66.99,10.04,45.55
5939,2,44,7,90.28,18.05,64.09
5940,1,30,8,71.10,17.77,25.59
5940,2,47,1,94.39,4.71,36.81
5941,1,33,2,75.21,7.52,31.58
5941,2,50,3,98.50,14.77,44.32
5942,1,36,4,79.32,15.86,38.07
5942,2,53,5,102.61,25.65,52.33
5943,1,39,6,83.43,4.17,45.05
5943,2,56,7,106.72,10.67,60.83
5944,1,42,8,87.54,13.13,52.52
5944,2,59,1,110.83,22.16,69.82
5945,1,45,2,91.65,22.91,60.48
5945,2,62,3,114.94,5.74,79.30
5946,1,48,4,95.76,9.57,68.94
5946,2,65,5,119.05,17.85,44.04
5947,1,51,6,99.87,19.97,39.94
5947,2,68,7,123.16,30.79,52.95
5948,1,54,8,103.98,5.19,47.83
5948,2,71,1,127.27,12.72,62.36
5949,1,57,2,108.09,16.21,56.20
5949,2,74,3,131.38,26.27,72.25
5950,1,60,4,112.20,28.05,65.07
5950,2,77,5,135.49,0.00,82.64
5951,1,63,6,116.31,0.00,74.43
5951,2,80,7,139.60,0.00,93.53
5952,1,66,8,120.42,0.00,84.29
5952,2,83,1,143.71,0.00,50.29
5953,1,69,2,124.53,0.00,47.32
5953,2,86,3,147.82,0.00,60.60
5954,1,72,4,128.64,0.00,56.60
5954,2,89,5,151.93,0.00,71.40
5955,1,75,6,132.75,0.00,66.37
5955,2,92,7,156.04,0.00,82.70
5956,1,78,8,136.86,0.00,76.64
5956,2,95,1,160.15,0.00,94.48
5957,1,81,2,140.97,0.00,87.40
5957,2,98,3,164.26,0.00,106.76
5958,1,84,4,145.08,0.00,98.65
5958,2,101,5,168.37,0.00,119.54
5959,1,87,6,149.19,0.00,53.70
5959,2,104,7,172.48,0.00,67.26
5960,1,90,8,153.30,0.00,64.38
5960,2,107,1,176.59,0.00,79.46
5961,1,93,2,157.41,0.00,75.55
5961,2,110,3,180.70,0.00,92.15
5962,1,96,4,161.52,0.00,87.22
5962,2,1,5,31.37,0.00,17.88
5963,1,99,6,165.63,0.00,99.37
5963,2,4,7,35.48,0.00,22.35
5964,1,102,8,169.74,0.00,112.02
5964,2,7,1,39.59,0.00,27.31
5965,1,105,2,173.85,0.00,125.17
5965,2,10,3,43.70,0.00,16.16
5966,1,108,4,177.96,0.00,71.18
5966,2,13,5,47.81,0.00,20.55
5967,1,111,6,182.07,0.00,83.75
5967,2,16,7,51.92,0.00,25.44
5968,1,2,8,32.74,0.00,17.02
5968,2,19,1,56.03,0.00,30.81
5969,1,5,2,36.85,0.00,21.37
5969,2,22,3,60.14,0.00,36.68
5970,1,8,4,40.96,0.00,26.21
5970,2,25,5,64.25,0.00,43.04
5971,1,11,6,45.07,0.00,31.54
5971,2,28,7,68.36,0.00,23.92
5972,1,14,8,49.18,0.00,18.68
5972,2,31,1,72.47,0.00,29.71
5973,1,17,2,53.29,0.00,23.44
5973,2,34,3,76.58,0.00,35.99
5974,1,20,4,57.40,0.00,28.70
5974,2,37,5,80.69,0.00,42.76
5975,1,23,6,61.51,0.00,34.44
5975,2,40,7,84.80,0.00,50.03
5976,1,26,8,65.62,0.00,40.68
5976,2,43,1,88.91,0.00,57.79
5977,1,29,2,69.73,0.00,47.41
5977,2,46,3,93.02,0.00,66.04
5978,1,32,4,73.84,0.00,26.58
5978,2,49,5,97.13,0.00,37.88
5979,1,35,6,77.95,0.00,32.73
5979,2,52,7,101.24,0.00,45.55
5980,1,38,8,82.06,0.00,39.38
5980,2,55,1,105.35,0.00,53.72
5981,1,41,2,86.17,0.00,46.53
5981,2,58,3,109.46,16.41,62.39
5982,1,44,4,90.28,18.05,54.16
5982,2,61,5,113.57,28.39,71.54
5983,1,47,6,94.39,4.71,62.29
5983,2,64,7,117.68,11.76,81.19
5984,1,50,8,98.50,14.77,70.92
5984,2,67,1,121.79,24.35,45.06
5985,1,53,2,102.61,25.65,41.04
5985,2,70,3,125.90,6.29,54.13
5986,1,56,4,106.72,10.67,49.09
5986,2,73,5,130.01,19.50,63.70
5987,1,59,6,110.83,22.16,57.63
5987,2,76,7,134.12,33.53,73.76
5988,1,62,8,114.94,5.74,66.66
5988,2,79,1,138.23,13.82,84.32
5989,1,65,2,119.05,17.85,76.19
5989,2,82,3,142.34,28.46,95.36
5990,1,68,4,123.16,30.79,86.21
5990,2,85,5,146.45,7.32,51.25
5991,1,71,6,127.27,12.72,48.36
5991,2,88,7,150.56,22.58,61.72
5992,1,74,8,131.38,26.27,57.80
5992,2,91,1,154.67,38.66,72.69
5993,1,77,2,135.49,6.77,67.74
5993,2,94,3,158.78,15.87,84.15
5994,1,80,4,139.60,20.94,78.17
5994,2,97,5,162.89,32.57,96.10
5995,1,83,6,143.71,35.92,89.10
5995,2,100,7,167.00,8.35,108.55
5996,1,86,8,147.82,14.78,100.51
5996,2,103,1,171.11,25.66,121.48
5997,1,89,2,151.93,30.38,54.69
5997,2,106,3,175.22,43.80,68.33
5998,1,92,4,156.04,7.80,65.53
5998,2,109,5,179.33,17.93,80.69
5999,1,95,6,160.15,24.02,76.87
5999,2,112,7,183.44,36.68,93.55
6000,1,98,8,164.26,41.06,88.70
6000,2,3,1,34.11,0.00,19.44
6001,1,101,2,168.37,0.00,101.02
6001,2,6,3,38.22,0.00,24.07
6002,1,104,4,172.48,0.00,113.83
6002,2,9,5,42.33,0.00,29.20
6003,1,107,6,176.59,0.00,127.14
6003,2,12,7,46.44,0.00,17.18
6004,1,110,8,180.70,0.00,72.28
6004,2,15,1,50.55,0.00,21.73
6005,1,1,2,31.37,0.00,14.43
6005,2,18,3,54.66,0.00,26.78
6006,1,4,4,35.48,0.00,18.44
6006,2,21,5,58.77,0.00,32.32
6007,1,7,6,39.59,0.00,22.96
6007,2,24,7,62.88,0.00,38.35
6008,1,10,8,43.70,0.00,27.96
6008,2,27,1,66.99,0.00,44.88
6009,1,13,2,47.81,0.00,33.46
6009,2,30,3,71.10,0.00,24.88
6010,1,16,4,51.92,0.00,19.72
6010,2,33,5,75.21,0.00,30.83
6011,1,19,6,56.03,0.00,24.65
6011,2,36,7,79.32,0.00,37.28
6012,1,22,8,60.14,0.00,30.07
6012,2,39,1,83.43,0.00,44.21
6013,1,25,2,64.25,0.00,35.98
6013,2,42,3,87.54,0.00,51.64
6014,1,28,4,68.36,0.00,42.38
6014,2,45,5,91.65,0.00,59.57
6015,1,31,6,72.47,0.00,49.27
6015,2,48,7,95.76,0.00,67.98
6016,1,34,8,76.58,0.00,27.56
6016,2,51,1,99.87,0.00,38.94
6017,1,37,2,80.69,0.00,33.88
6017,2,54,3,103.98,0.00,46.79
6018,1,40,4,84.80,0.00,40.70
6018,2,57,5,108.09,0.00,55.12
6019,1,43,6,88.91,0.00,48.01
6019,2,60,7,112.20,0.00,63.95
6020,1,46,8,93.02,0.00,55.81
6020,2,63,1,116.31,0.00,73.27
6021,1,49,2,97.13,0.00,64.10
6021,2,66,3,120.42,0.00,83.08
6022,1,52,4,101.24,0.00,72.89
6022,2,69,5,124.53,0.00,46.07
6023,1,55,6,105.35,0.00,42.14
6023,2,72,7,128.64,0.00,55.31
6024,1,58,8,109.46,0.00,50.35
6024,2,75,1,132.75,0.00,65.04
6025,1,61,2,113.57,0.00,59.05
6025,2,78,3,136.86,0.00,75.27
6026,1,64,4,117.68,0.00,68.25
6026,2,81,5,140.97,0.00,85.99
6027,1,67,6,121.79,0.00,77.94
6027,2,84,7,145.08,0.00,97.20
6028,1,70,8,125.90,0.00,88.13
6028,2,87,1,149.19,0.00,52.21
6029,1,73,2,130.01,0.00,49.40
6029,2,90,3,153.30,0.00,62.85
6030,1,76,4,134.12,0.00,59.01
6030,2,93,5,157.41,0.00,73.98
6031,1,79,6,138.23,0.00,69.11
6031,2,96,7,161.52,24.22,85.60
6032,1,82,8,142.34,28.46,79.71
6032,2,99,1,165.63,41.40,97.72
6033,1,85,2,146.45,7.32,90.79
6033,2,102,3,169.74,16.97,110.33
6034,1,88,4,150.56,22.58,102.38
6034,2,105,5,173.85,34.77,123.43
6035,1,91,6,154.67,38.66,55.68
6035,2,108,7,177.96,8.89,69.40
6036,1,94,8,158.78,15.87,66.68
6036,2,111,1,182.07,27.31,81.93
6037,1,97,2,162.89,32.57,78.18
6037,2,2,3,32.74,8.18,16.69
6038,1,100,4,167.00,8.35,90.18
6038,2,5,5,36.85,3.68,21.00
6039,1,103,6,171.11,25.66,102.66
6039,2,8,7,40.96,8.19,25.80
6040,1,106,8,175.22,43.80,115.64
6040,2,11,1,45.07,2.25,31.09
6041,1,109,2,179.33,17.93,129.11
6041,2,14,3,49.18,7.37,18.19
6042,1,112,4,183.44,36.68,73.37
6042,2,17,5,53.29,13.32,22.91
6043,1,3,6,34.11,1.70,15.69
6043,2,20,7,57.40,5.74,28.12
6044,1,6,8,38.22,5.73,19.87
6044,2,23,1,61.51,12.30,33.83
6045,1,9,2,42.33,10.58,24.55
6045,2,26,3,65.62,3.28,40.02
6046,1,12,4,46.44,4.64,29.72
6046,2,29,5,69.73,10.45,46.71
6047,1,15,6,50.55,10.11,35.38
6047,2,32,7,73.84,18.46,25.84
6048,1,18,8,54.66,2.73,20.77
6048,2,35,1,77.95,7.79,31.95
6049,1,21,2,58.77,8.81,25.85
6049,2,38,3,82.06,16.41,38.56
6050,1,24,4,62.88,15.72,31.44
6050,2,41,5,86.17,0.00,45.67
6051,1,27,6,66.99,0.00,37.51
6051,2,44,7,90.28,0.00,53.26
6052,1,30,8,71.10,0.00,44.08
6052,2,47,1,94.39,0.00,61.35
6053,1,33,2,75.21,0.00,51.14
6053,2,50,3,98.50,0.00,69.93
6054,1,36,4,79.32,0.00,28.55
6054,2,53,5,102.61,0.00,40.01
6055,1,39,6,83.43,0.00,35.04
6055,2,56,7,106.72,0.00,48.02
6056,1,42,8,87.54,0.00,42.01
6056,2,59,1,110.83,0.00,56.52
6057,1,45,2,91.65,0.00,49.49
6057,2,62,3,114.94,0.00,65.51
6058,1,48,4,95.76,0.00,57.45
6058,2,65,5,119.05,0.00,75.00
6059,1,51,6,99.87,0.00,65.91
6059,2,68,7,123.16,0.00,84.98
6060,1,54,8,103.98,0.00,74.86
6060,2,71,1,127.27,0.00,47.08
6061,1,57,2,108.09,0.00,43.23
6061,2,74,3,131.38,0.00,56.49
6062,1,60,4,112.20,0.00,51.61
6062,2,77,5,135.49,0.00,66.39
6063,1,63,6,116.31,0.00,60.48
6063,2,80,7,139.60,0.00,76.78
6064,1,66,8,120.42,0.00,69.84
6064,2,83,1,143.71,0.00,87.66
6065,1,69,2,124.53,0.00,79.69
6065,2,86,3,147.82,0.00,99.03
6066,1,72,4,128.64,0.00,90.04
6066,2,89,5,151.93,0.00,53.17
6067,1,75,6,132.75,0.00,50.44
6067,2,92,7,156.04,0.00,63.97
6068,1,78,8,136.86,0.00,60.21
6068,2,95,1,160.15,0.00,75.27
6069,1,81,2,140.97,0.00,70.48
6069,2,98,3,164.26,0.00,87.05
6070,1,84,4,145.08,0.00,81.24
6070,2,101,5,168.37,0.00,99.33
6071,1,87,6,149.19,0.00,92.49
6071,2,104,7,172.48,0.00,112.11
6072,1,90,8,153.30,0.00,104.24
6072,2,107,1,176.59,0.00,125.37
6073,1,93,2,157.41,0.00,56.66
6073,2,110,3,180.70,0.00,70.47
6074,1,96,4,161.52,0.00,67.83
6074,2,1,5,31.37,0.00,14.11
6075,1,99,6,165.63,0.00,79.50
6075,2,4,7,35.48,0.00,18.09
6076,1,102,8,169.74,0.00,91.65
6076,2,7,1,39.59,0.00,22.56
6077,1,105,2,173.85,0.00,104.31
6077,2,10,3,43.70,0.00,27.53
6078,1,108,4,177.96,0.00,117.45
6078,2,13,5,47.81,0.00,32.98
6079,1,111,6,182.07,0.00,131.09
6079,2,16,7,51.92,0.00,19.21
6080,1,2,8,32.74,0.00,13.09
6080,2,19,1,56.03,0.00,24.09
6081,1,5,2,36.85,0.00,16.95
6081,2,22,3,60.14,9.02,29.46
6082,1,8,4,40.96,8.19,21.29
6082,2,25,5,64.25,16.06,35.33
6083,1,11,6,45.07,2.25,26.14
6083,2,28,7,68.36,6.83,41.69
6084,1,14,8,49.18,7.37,31.47
6084,2,31,1,72.47,14.49,48.55
6085,1,17,2,53.29,13.32,37.30
6085,2,34,3,76.58,3.82,26.80
6086,1,20,4,57.40,5.74,21.81
6086,2,37,5,80.69,12.10,33.08
6087,1,23,6,61.51,12.30,27.06
6087,2,40,7,84.80,21.20,39.85
6088,1,26,8,65.62,3.28,32.81
6088,2,43,1,88.91,8.89,47.12
6089,1,29,2,69.73,10.45,39.04
6089,2,46,3,93.02,18.60,54.88
6090,1,32,4,73.84,18.46,45.78
6090,2,49,5,97.13,4.85,63.13
6091,1,35,6,77.95,7.79,53.00
6091,2,52,7,101.24,15.18,71.88
6092,1,38,8,82.06,16.41,29.54
6092,2,55,1,105.35,26.33,41.08
6093,1,41,2,86.17,4.30,36.19
6093,2,58,3,109.46,10.94,49.25
6094,1,44,4,90.28,13.54,43.33
6094,2,61,5,113.57,22.71,57.92
6095,1,47,6,94.39,23.59,50.97
6095,2,64,7,117.68,5.88,67.07
6096,1,50,8,98.50,9.85,59.10
6096,2,67,1,121.79,18.26,76.72
6097,1,53,2,102.61,20.52,67.72
6097,2,70,3,125.90,31.47,86.87
6098,1,56,4,106.72,5.33,76.83
6098,2,73,5,130.01,13.00,48.10
6099,1,59,6,110.83,16.62,44.33
6099,2,76,7,134.12,26.82,57.67
6100,1,62,8,114.94,28.73,52.87
6100,2,79,1,138.23,0.00,67.73
6101,1,65,2,119.05,0.00,61.90
6101,2,82,3,142.34,0.00,78.28
6102,1,68,4,123.16,0.00,71.43
6102,2,85,5,146.45,0.00,89.33
6103,1,71,6,127.27,0.00,81.45
6103,2,88,7,150.56,0.00,100.87
6104,1,74,8,131.38,0.00,91.96
6104,2,91,1,154.67,0.00,54.13
6105,1,77,2,135.49,0.00,51.48
6105,2,94,3,158.78,0.00,65.09
6106,1,80,4,139.60,0.00,61.42
6106,2,97,5,162.89,0.00,76.55
6107,1,83,6,143.71,0.00,71.85
6107,2,100,7,167.00,0.00,88.51
6108,1,86,8,147.82,0.00,82.77
6108,2,103,1,171.11,0.00,100.95
6109,1,89,2,151.93,0.00,94.19
6109,2,106,3,175.22,0.00,113.89
6110,1,92,4,156.04,0.00,106.10
6110,2,109,5,179.33,0.00,127.32
6111,1,95,6,160.15,0.00,57.65
6111,2,112,7,183.44,0.00,71.54
6112,1,98,8,164.26,0.00,68.98
6112,2,3,1,34.11,0.00,15.34
6113,1,101,2,168.37,0.00,80.81
6113,2,6,3,38.22,0.00,19.49
6114,1,104,4,172.48,0.00,93.13
6114,2,9,5,42.33,0.00,24.12
6115,1,107,6,176.59,0.00,105.95
6115,2,12,7,46.44,0.00,29.25
6116,1,110,8,180.70,0.00,119.26
6116,2,15,1,50.55,0.00,34.87
6117,1,1,2,31.37,0.00,22.58
6117,2,18,3,54.66,0.00,20.22
6118,1,4,4,35.48,0.00,14.19
6118,2,21,5,58.77,0.00,25.27
6119,1,7,6,39.59,0.00,18.21
6119,2,24,7,62.88,0.00,30.81
6120,1,10,8,43.70,0.00,22.72
6120,2,27,1,66.99,0.00,36.84
6121,1,13,2,47.81,0.00,27.72
6121,2,30,3,71.10,0.00,43.37
6122,1,16,4,51.92,0.00,33.22
6122,2,33,5,75.21,0.00,50.39
6123,1,19,6,56.03,0.00,39.22
6123,2,36,7,79.32,0.00,27.76
6124,1,22,8,60.14,0.00,22.85
6124,2,39,1,83.43,0.00,34.20
6125,1,25,2,64.25,0.00,28.27
6125,2,42,3,87.54,0.00,41.14
6126,1,28,4,68.36,0.00,34.18
6126,2,45,5,91.65,0.00,48.57
6127,1,31,6,72.47,0.00,40.58
6127,2,48,7,95.76,0.00,56.49
6128,1,34,8,76.58,0.00,47.47
6128,2,51,1,99.87,0.00,64.91
6129,1,37,2,80.69,0.00,54.86
6129,2,54,3,103.98,0.00,73.82
6130,1,40,4,84.80,0.00,30.52
6130,2,57,5,108.09,0.00,42.15
6131,1,43,6,88.91,0.00,37.34
6131,2,60,7,112.20,16.83,50.49
6132,1,46,8,93.02,18.60,44.64
6132,2,63,1,116.31,29.07,59.31
6133,1,49,2,97.13,4.85,52.45
6133,2,66,3,120.42,12.04,68.63
6134,1,52,4,101.24,15.18,60.74
6134,2,69,5,124.53,24.90,78.45
6135,1,55,6,105.35,26.33,69.53
6135,2,72,7,128.64,6.43,88.76
6136,1,58,8,109.46,10.94,78.81
6136,2,75,1,132.75,19.91,49.11
6137,1,61,2,113.57,22.71,45.42
6137,2,78,3,136.86,34.21,58.84
6138,1,64,4,117.68,5.88,54.13
6138,2,81,5,140.97,14.09,69.07
6139,1,67,6,121.79,18.26,63.33
6139,2,84,7,145.08,29.01,79.79
6140,1,70,8,125.90,31.47,73.02
6140,2,87,1,149.19,7.45,91.00
6141,1,73,2,130.01,13.00,83.20
6141,2,90,3,153.30,22.99,102.71
6142,1,76,4,134.12,26.82,93.88
6142,2,93,5,157.41,39.35,55.09
6143,1,79,6,138.23,6.91,52.52
6143,2,96,7,161.52,16.15,66.22
6144,1,82,8,142.34,21.35,62.62
6144,2,99,1,165.63,33.12,77.84
6145,1,85,2,146.45,36.61,73.22
6145,2,102,3,169.74,8.48,89.96
6146,1,88,4,150.56,15.05,84.31
6146,2,105,5,173.85,26.07,102.57
6147,1,91,6,154.67,30.93,95.89
6147,2,108,7,177.96,44.49,115.67
6148,1,94,8,158.78,7.93,107.97
6148,2,111,1,182.07,18.20,129.26
6149,1,97,2,162.89,24.43,58.64
6149,2,2,3,32.74,6.54,12.76
6150,1,100,4,167.00,41.75,70.14
6150,2,5,5,36.85,0.00,16.58
6151,1,103,6,171.11,0.00,82.13
6151,2,8,7,40.96,0.00,20.88
6152,1,106,8,175.22,0.00,94.61
6152,2,11,1,45.07,0.00,25.68
6153,1,109,2,179.33,0.00,107.59
6153,2,14,3,49.18,0.00,30.98
6154,1,112,4,183.44,0.00,121.07
6154,2,17,5,53.29,0.00,36.77
6155,1,3,6,34.11,0.00,24.55
6155,2,20,7,57.40,0.00,21.23
6156,1,6,8,38.22,0.00,15.28
6156,2,23,1,61.51,0.00,26.44
6157,1,9,2,42.33,0.00,19.47
6157,2,26,3,65.62,0.00,32.15
6158,1,12,4,46.44,0.00,24.14
6158,2,29,5,69.73,0.00,38.35
6159,1,15,6,50.55,0.00,29.31
6159,2,32,7,73.84,0.00,45.04
6160,1,18,8,54.66,0.00,34.98
6160,2,35,1,77.95,0.00,52.22
6161,1,21,2,58.77,0.00,41.13
6161,2,38,3,82.06,0.00,28.72
6162,1,24,4,62.88,0.00,23.89
6162,2,41,5,86.17,0.00,35.32
6163,1,27,6,66.99,0.00,29.47
6163,2,44,7,90.28,0.00,42.43
6164,1,30,8,71.10,0.00,35.55
6164,2,47,1,94.39,0.00,50.02
6165,1,33,2,75.21,0.00,42.11
6165,2,50,3,98.50,0.00,58.11
6166,1,36,4,79.32,0.00,49.17
6166,2,53,5,102.61,0.00,66.69
6167,1,39,6,83.43,0.00,56.73
6167,2,56,7,106.72,0.00,75.77
6168,1,42,8,87.54,0.00,31.51
6168,2,59,1,110.83,0.00,43.22
6169,1,45,2,91.65,0.00,38.49
6169,2,62,3,114.94,0.00,51.72
6170,1,48,4,95.76,0.00,45.96
6170,2,65,5,119.05,0.00,60.71
6171,1,51,6,99.87,0.00,53.92
6171,2,68,7,123.16,0.00,70.20
6172,1,54,8,103.98,0.00,62.38
6172,2,71,1,127.27,0.00,80.18
6173,1,57,2,108.09,0.00,71.33
6173,2,74,3,131.38,0.00,90.65
6174,1,60,4,112.20,0.00,80.78
6174,2,77,5,135.49,0.00,50.13
6175,1,63,6,116.31,0.00,46.52
6175,2,80,7,139.60,0.00,60.02
6176,1,66,8,120.42,0.00,55.39
6176,2,83,1,143.71,0.00,70.41
6177,1,69,2,124.53,0.00,64.75
6177,2,86,3,147.82,0.00,81.30
6178,1,72,4,128.64,0.00,74.61
6178,2,89,5,151.93,0.00,92.67
6179,1,75,6,132.75,0.00,84.96
6179,2,92,7,156.04,0.00,104.54
6180,1,78,8,136.86,0.00,95.80
6180,2,95,1,160.15,0.00,56.05
6181,1,81,2,140.97,0.00,53.56
6181,2,98,3,164.26,24.63,67.34
6182,1,84,4,145.08,29.01,63.83
6182,2,101,5,168.37,42.09,79.13
6183,1,87,6,149.19,7.45,74.59
6183,2,104,7,172.48,17.24,91.41
6184,1,90,8,153.30,22.99,85.84
6184,2,107,1,176.59,35.31,104.18
6185,1,93,2,157.41,39.35,97.59
6185,2,110,3,180.70,9.03,117.45
6186,1,96,4,161.52,16.15,109.83
6186,2,1,5,31.37,4.70,22.27
6187,1,99,6,165.63,33.12,59.62
6187,2,4,7,35.48,8.87,13.83
6188,1,102,8,169.74,8.48,71.29
6188,2,7,1,39.59,3.95,17.81
6189,1,105,2,173.85,26.07,83.44
6189,2,10,3,43.70,8.74,22.28
6190,1,108,4,177.96,44.49,96.09
6190,2,13,5,47.81,2.39,27.25
6191,1,111,6,182.07,18.20,109.24
6191,2,16,7,51.92,7.78,32.70
6192,1,2,8,32.74,6.54,21.60
6192,2,19,1,56.03,14.00,38.66
6193,1,5,2,36.85,1.84,26.53
6193,2,22,3,60.14,6.01,22.25
6194,1,8,4,40.96,6.14,16.38
6194,2,25,5,64.25,12.85,27.62
6195,1,11,6,45.07,11.26,20.73
6195,2,28,7,68.36,3.41,33.49
6196,1,14,8,49.18,4.91,25.57
6196,2,31,1,72.47,10.87,39.85
6197,1,17,2,53.29,10.65,30.90
6197,2,34,3,76.58,19.14,46.71
6198,1,20,4,57.40,2.87,36.73
6198,2,37,5,80.69,8.06,54.06
6199,1,23,6,61.51,9.22,43.05
6199,2,40,7,84.80,16.96,29.68
6200,1,26,8,65.62,16.40,24.93
6200,2,43,1,88.91,0.00,36.45
6201,1,29,2,69.73,0.00,30.68
6201,2,46,3,93.02,0.00,43.71
6202,1,32,4,73.84,0.00,36.92
6202,2,49,5,97.13,0.00,51.47
6203,1,35,6,77.95,0.00,43.65
6203,2,52,7,101.24,0.00,59.73
6204,1,38,8,82.06,0.00,50.87
6204,2,55,1,105.35,0.00,68.47
6205,1,41,2,86.17,0.00,58.59
6205,2,58,3,109.46,0.00,77.71
6206,1,44,4,90.28,0.00,32.50
6206,2,61,5,113.57,0.00,44.29
6207,1,47,6,94.39,0.00,39.64
6207,2,64,7,117.68,0.00,52.95
6208,1,50,8,98.50,0.00,47.28
6208,2,67,1,121.79,0.00,62.11
6209,1,53,2,102.61,0.00,55.40
6209,2,70,3,125.90,0.00,71.76
6210,1,56,4,106.72,0.00,64.03
6210,2,73,5,130.01,0.00,81.90
6211,1,59,6,110.83,0.00,73.14
6211,2,76,7,134.12,0.00,92.54
6212,1,62,8,114.94,0.00,82.75
6212,2,79,1,138.23,0.00,51.14
6213,1,65,2,119.05,0.00,47.62
6213,2,82,3,142.34,0.00,61.20
6214,1,68,4,123.16,0.00,56.65
6214,2,85,5,146.45,0.00,71.76
6215,1,71,6,127.27,0.00,66.18
6215,2,88,7,150.56,0.00,82.80
6216,1,74,8,131.38,0.00,76.20
6216,2,91,1,154.67,0.00,94.34
6217,1,77,2,135.49,0.00,86.71
6217,2,94,3,158.78,0.00,106.38
6218,1,80,4,139.60,0.00,97.72
6218,2,97,5,162.89,0.00,57.01
6219,1,83,6,143.71,0.00,54.60
6219,2,100,7,167.00,0.00,68.47
6220,1,86,8,147.82,0.00,65.04
6220,2,103,1,171.11,0.00,80.42
6221,1,89,2,151.93,0.00,75.96
6221,2,106,3,175.22,0.00,92.86
6222,1,92,4,156.04,0.00,87.38
6222,2,109,5,179.33,0.00,105.80
6223,1,95,6,160.15,0.00,99.29
6223,2,112,7,183.44,0.00,119.23
6224,1,98,8,164.26,0.00,111.69
6224,2,3,1,34.11,0.00,24.21
6225,1,101,2,168.37,0.00,60.61
6225,2,6,3,38.22,0.00,14.90
6226,1,104,4,172.48,0.00,72.44
6226,2,9,5,42.33,0.00,19.04
6227,1,107,6,176.59,0.00,84.76
6227,2,12,7,46.44,0.00,23.68
6228,1,110,8,180.70,0.00,97.57
6228,2,15,1,50.55,0.00,28.81
6229,1,1,2,31.37,0.00,18.82
6229,2,18,3,54.66,0.00,34.43
6230,1,4,4,35.48,0.00,23.41
6230,2,21,5,58.77,0.00,40.55
6231,1,7,6,39.59,0.00,28.50
6231,2,24,7,62.88,9.43,23.26
6232,1,10,8,43.70,8.74,17.48
6232,2,27,1,66.99,16.74,28.80
6233,1,13,2,47.81,2.39,21.99
6233,2,30,3,71.10,7.11,34.83
6234,1,16,4,51.92,7.78,26.99
6234,2,33,5,75.21,15.04,41.36
6235,1,19,6,56.03,14.00,32.49
6235,2,36,7,79.32,3.96,48.38
6236,1,22,8,60.14,6.01,38.48
6236,2,39,1,83.43,12.51,55.89
6237,1,25,2,64.25,12.85,44.97
6237,2,42,3,87.54,21.88,30.63
6238,1,28,4,68.36,3.41,25.97
6238,2,45,5,91.65,9.16,37.57
6239,1,31,6,72.47,10.87,31.88
6239,2,48,7,95.76,19.15,45.00
6240,1,34,8,76.58,19.14,38.29
6240,2,51,1,99.87,4.99,52.93
6241,1,37,2,80.69,8.06,45.18
6241,2,54,3,103.98,15.59,61.34
6242,1,40,4,84.80,16.96,52.57
6242,2,57,5,108.09,27.02,70.25
6243,1,43,6,88.91,4.44,60.45
6243,2,60,7,112.20,11.22,79.66
6244,1,46,8,93.02,13.95,33.48
6244,2,63,1,116.31,23.26,45.36
6245,1,49,2,97.13,24.28,40.79
6245,2,66,3,120.42,6.02,54.18
6246,1,52,4,101.24,10.12,48.59
6246,2,69,5,124.53,18.67,63.51
6247,1,55,6,105.35,21.07,56.88
6247,2,72,7,128.64,32.16,73.32
6248,1,58,8,109.46,5.47,65.67
6248,2,75,1,132.75,13.27,83.63
6249,1,61,2,113.57,17.03,74.95
6249,2,78,3,136.86,27.37,94.43
6250,1,64,4,117.68,29.42,84.72
6250,2,81,5,140.97,0.00,52.15
6251,1,67,6,121.79,0.00,48.71
6251,2,84,7,145.08,0.00,62.38
6252,1,70,8,125.90,0.00,57.91
6252,2,87,1,149.19,0.00,73.10
6253,1,73,2,130.01,0.00,67.60
6253,2,90,3,153.30,0.00,84.31
6254,1,76,4,134.12,0.00,77.78
6254,2,93,5,157.41,0.00,96.02
6255,1,79,6,138.23,0.00,88.46
6255,2,96,7,161.52,0.00,108.21
6256,1,82,8,142.34,0.00,99.63
6256,2,99,1,165.63,0.00,57.97
6257,1,85,2,146.45,0.00,55.65
6257,2,102,3,169.74,0.00,69.59
6258,1,88,4,150.56,0.00,66.24
6258,2,105,5,173.85,0.00,81.70
6259,1,91,6,154.67,0.00,77.33
6259,2,108,7,177.96,0.00,94.31
6260,1,94,8,158.78,0.00,88.91
6260,2,111,1,182.07,0.00,107.42
6261,1,97,2,162.89,0.00,100.99
6261,2,2,3,32.74,0.00,21.28
6262,1,100,4,167.00,0.00,113.56
6262,2,5,5,36.85,0.00,26.16
6263,1,103,6,171.11,0.00,61.59
6263,2,8,7,40.96,0.00,15.97
6264,1,106,8,175.22,0.00,73.59
6264,2,11,1,45.07,0.00,20.28
6265,1,109,2,179.33,0.00,86.07
6265,2,14,3,49.18,0.00,25.08
6266,1,112,4,183.44,0.00,99.05
6266,2,17,5,53.29,0.00,30.37
6267,1,3,6,34.11,0.00,20.46
6267,2,20,7,57.40,0.00,36.16
6268,1,6,8,38.22,0.00,25.22
6268,2,23,1,61.51,0.00,42.44
6269,1,9,2,42.33,0.00,30.47
6269,2,26,3,65.62,0.00,24.27
6270,1,12,4,46.44,0.00,18.57
6270,2,29,5,69.73,0.00,29.98
6271,1,15,6,50.55,0.00,23.25
6271,2,32,7,73.84,0.00,36.18
6272,1,18,8,54.66,0.00,28.42
6272,2,35,1,77.95,0.00,42.87
6273,1,21,2,58.77,0.00,34.08
6273,2,38,3,82.06,0.00,50.05
6274,1,24,4,62.88,0.00,40.24
6274,2,41,5,86.17,0.00,57.73
6275,1,27,6,66.99,0.00,46.89
6275,2,44,7,90.28,0.00,31.59
6276,1,30,8,71.10,0.00,27.01
6276,2,47,1,94.39,0.00,38.69
6277,1,33,2,75.21,0.00,33.09
6277,2,50,3,98.50,0.00,46.29
6278,1,36,4,79.32,0.00,39.66
6278,2,53,5,102.61,0.00,54.38
6279,1,39,6,83.43,0.00,46.72
6279,2,56,7,106.72,0.00,62.96
6280,1,42,8,87.54,0.00,54.27
6280,2,59,1,110.83,0.00,72.03
6281,1,45,2,91.65,0.00,62.32
6281,2,62,3,114.94,17.24,81.60
6282,1,48,4,95.76,19.15,34.47
6282,2,65,5,119.05,29.76,46.42
6283,1,51,6,99.87,4.99,41.94
6283,2,68,7,123.16,12.31,55.42
6284,1,54,8,103.98,15.59,49.91
6284,2,71,1,127.27,25.45,64.90
6285,1,57,2,108.09,27.02,58.36
6285,2,74,3,131.38,6.56,74.88
6286,1,60,4,112.20,11.22,67.32
6286,2,77,5,135.49,20.32,85.35
6287,1,63,6,116.31,23.26,76.76
6287,2,80,7,139.60,34.90,96.32
6288,1,66,8,120.42,6.02,86.70
6288,2,83,1,143.71,14.37,53.17
6289,1,69,2,124.53,18.67,49.81
6289,2,86,3,147.82,29.56,63.56
6290,1,72,4,128.64,32.16,59.17
6290,2,89,5,151.93,7.59,74.44
6291,1,75,6,132.75,13.27,69.03
6291,2,92,7,156.04,23.40,85.82
6292,1,78,8,136.86,27.37,79.37
6292,2,95,1,160.15,40.03,97.69
6293,1,81,2,140.97,7.04,90.22
6293,2,98,3,164.26,16.42,110.05
6294,1,84,4,145.08,21.76,101.55
6294,2,101,5,168.37,33.67,58.92
6295,1,87,6,149.19,37.29,56.69
6295,2,104,7,172.48,8.62,70.71
6296,1,90,8,153.30,15.33,67.45
6296,2,107,1,176.59,26.48,82.99
6297,1,93,2,157.41,31.48,78.70
6297,2,110,3,180.70,45.17,95.77
6298,1,96,4,161.52,8.07,90.45
6298,2,1,5,31.37,3.13,18.50
6299,1,99,6,165.63,24.84,102.69
6299,2,4,7,35.48,7.09,23.06
6300,1,102,8,169.74,42.43,115.42
6300,2,7,1,39.59,0.00,28.10
6301,1,105,2,173.85,0.00,62.58
6301,2,10,3,43.70,0.00,17.04
6302,1,108,4,177.96,0.00,74.74
6302,2,13,5,47.81,0.00,21.51
6303,1,111,6,182.07,0.00,87.39
6303,2,16,7,51.92,0.00,26.47
6304,1,2,8,32.74,0.00,17.67
6304,2,19,1,56.03,0.00,31.93
6305,1,5,2,36.85,0.00,22.11
6305,2,22,3,60.14,0.00,37.88
6306,1,8,4,40.96,0.00,27.03
6306,2,25,5,64.25,0.00,44.33
6307,1,11,6,45.07,0.00,32.45
6307,2,28,7,68.36,0.00,25.29
6308,1,14,8,49.18,0.00,19.67
6308,2,31,1,72.47,0.00,31.16
6309,1,17,2,53.29,0.00,24.51
6309,2,34,3,76.58,0.00,37.52
6310,1,20,4,57.40,0.00,29.84
6310,2,37,5,80.69,0.00,44.37
6311,1,23,6,61.51,0.00,35.67
6311,2,40,7,84.80,0.00,51.72
6312,1,26,8,65.62,0.00,41.99
6312,2,43,1,88.91,0.00,59.56
6313,1,29,2,69.73,0.00,48.81
6313,2,46,3,93.02,0.00,32.55
6314,1,32,4,73.84,0.00,28.05
6314,2,49,5,97.13,0.00,39.82
6315,1,35,6,77.95,0.00,34.29
6315,2,52,7,101.24,0.00,47.58
6316,1,38,8,82.06,0.00,41.03
6316,2,55,1,105.35,0.00,55.83
6317,1,41,2,86.17,0.00,48.25
6317,2,58,3,109.46,0.00,64.58
6318,1,44,4,90.28,0.00,55.97
6318,2,61,5,113.57,0.00,73.82
6319,1,47,6,94.39,0.00,64.18
6319,2,64,7,117.68,0.00,83.55
6320,1,50,8,98.50,0.00,35.46
6320,2,67,1,121.79,0.00,47.49
6321,1,53,2,102.61,0.00,43.09
6321,2,70,3,125.90,0.00,56.65
6322,1,56,4,106.72,0.00,51.22
6322,2,73,5,130.01,0.00,66.30
6323,1,59,6,110.83,0.00,59.84
6323,2,76,7,134.12,0.00,76.44
6324,1,62,8,114.94,0.00,68.96
6324,2,79,1,138.23,0.00,87.08
6325,1,65,2,119.05,0.00,78.57
6325,2,82,3,142.34,0.00,98.21
6326,1,68,4,123.16,0.00,88.67
6326,2,85,5,146.45,0.00,54.18
6327,1,71,6,127.27,0.00,50.90
6327,2,88,7,150.56,0.00,64.74
6328,1,74,8,131.38,0.00,60.43
6328,2,91,1,154.67,0.00,75.78
6329,1,77,2,135.49,0.00,70.45
6329,2,94,3,158.78,0.00,87.32
6330,1,80,4,139.60,0.00,80.96
6330,2,97,5,162.89,0.00,99.36
6331,1,83,6,143.71,0.00,91.97
6331,2,100,7,167.00,25.05,111.89
6332,1,86,8,147.82,29.56,103.47
6332,2,103,1,171.11,42.77,59.88
6333,1,89,2,151.93,7.59,57.73
6333,2,106,3,175.22,17.52,71.84
6334,1,92,4,156.04,23.40,68.65
6334,2,109,5,179.33,35.86,84.28
6335,1,95,6,160.15,40.03,80.07
6335,2,112,7,183.44,9.17,97.22
6336,1,98,8,164.26,16.42,91.98
6336,2,3,1,34.11,5.11,20.12
6337,1,101,2,168.37,33.67,104.38
6337,2,6,3,38.22,9.55,24.84
6338,1,104,4,172.48,8.62,117.28
6338,2,9,5,42.33,4.23,30.05
6339,1,107,6,176.59,26.48,63.57
6339,2,12,7,46.44,9.28,18.11
6340,1,110,8,180.70,45.17,75.89
6340,2,15,1,50.55,2.52,22.74
6341,1,1,2,31.37,3.13,15.05
6341,2,18,3,54.66,8.19,27.87
6342,1,4,4,35.48,7.09,19.15
6342,2,21,5,58.77,14.69,33.49
6343,1,7,6,39.59,1.97,23.75
6343,2,24,7,62.88,6.28,39.61
6344,1,10,8,43.70,6.55,28.84
6344,2,27,1,66.99,13.39,46.22
6345,1,13,2,47.81,11.95,34.42
6345,2,30,3,71.10,3.55,26.30
6346,1,16,4,51.92,5.19,20.76
6346,2,33,5,75.21,11.28,32.34
6347,1,19,6,56.03,11.20,25.77
6347,2,36,7,79.32,19.83,38.86
6348,1,22,8,60.14,3.00,31.27
6348,2,39,1,83.43,8.34,45.88
6349,1,25,2,64.25,9.63,37.26
6349,2,42,3,87.54,17.50,53.39
6350,1,28,4,68.36,17.09,43.75
6350,2,45,5,91.65,0.00,61.40
6351,1,31,6,72.47,0.00,50.72
6351,2,48,7,95.76,0.00,33.51
6352,1,34,8,76.58,0.00,29.10
6352,2,51,1,99.87,0.00,40.94
6353,1,37,2,80.69,0.00,35.50
6353,2,54,3,103.98,0.00,48.87
6354,1,40,4,84.80,0.00,42.40
6354,2,57,5,108.09,0.00,57.28
6355,1,43,6,88.91,0.00,49.78
6355,2,60,7,112.20,0.00,66.19
6356,1,46,8,93.02,0.00,57.67
6356,2,63,1,116.31,0.00,75.60
6357,1,49,2,97.13,0.00,66.04
6357,2,66,3,120.42,0.00,85.49
6358,1,52,4,101.24,0.00,36.44
6358,2,69,5,124.53,0.00,48.56
6359,1,55,6,105.35,0.00,44.24
6359,2,72,7,128.64,0.00,57.88
6360,1,58,8,109.46,0.00,52.54
6360,2,75,1,132.75,0.00,67.70
6361,1,61,2,113.57,0.00,61.32
6361,2,78,3,136.86,0.00,78.01
6362,1,64,4,117.68,0.00,70.60
6362,2,81,5,140.97,0.00,88.81
6363,1,67,6,121.79,0.00,80.38
6363,2,84,7,145.08,0.00,100.10
6364,1,70,8,125.90,0.00,90.64
6364,2,87,1,149.19,0.00,55.20
6365,1,73,2,130.01,0.00,52.00
6365,2,90,3,153.30,0.00,65.91
6366,1,76,4,134.12,0.00,61.69
6366,2,93,5,157.41,0.00,77.13
6367,1,79,6,138.23,0.00,71.87
6367,2,96,7,161.52,0.00,88.83
6368,1,82,8,142.34,0.00,82.55
6368,2,99,1,165.63,0.00,101.03
6369,1,85,2,146.45,0.00,93.72
6369,2,102,3,169.74,0.00,113.72
6370,1,88,4,150.56,0.00,105.39
6370,2,105,5,173.85,0.00,60.84
6371,1,91,6,154.67,0.00,58.77
6371,2,108,7,177.96,0.00,72.96
6372,1,94,8,158.78,0.00,69.86
6372,2,111,1,182.07,0.00,85.57
6373,1,97,2,162.89,0.00,81.44
6373,2,2,3,32.74,0.00,17.35
6374,1,100,4,167.00,0.00,93.52
6374,2,5,5,36.85,0.00,21.74
6375,1,103,6,171.11,0.00,106.08
6375,2,8,7,40.96,0.00,26.62
6376,1,106,8,175.22,0.00,119.14
6376,2,11,1,45.07,0.00,31.99
6377,1,109,2,179.33,0.00,64.55
6377,2,14,3,49.18,0.00,19.18
6378,1,112,4,183.44,0.00,77.04
6378,2,17,5,53.29,0.00,23.98
6379,1,3,6,34.11,0.00,16.37
6379,2,20,7,57.40,0.00,29.27
6380,1,6,8,38.22,0.00,20.63
6380,2,23,1,61.51,0.00,35.06
6381,1,9,2,42.33,0.00,25.39
6381,2,26,3,65.62,9.84,41.34
6382,1,12,4,46.44,9.28,30.65
6382,2,29,5,69.73,17.43,48.11
6383,1,15,6,50.55,2.52,36.39
6383,2,32,7,73.84,7.38,27.32
6384,1,18,8,54.66,8.19,21.86
6384,2,35,1,77.95,15.59,33.51
6385,1,21,2,58.77,14.69,27.03
6385,2,38,3,82.06,4.10,40.20
6386,1,24,4,62.88,6.28,32.69
6386,2,41,5,86.17,12.92,47.39
6387,1,27,6,66.99,13.39,38.85
6387,2,44,7,90.28,22.57,55.07
6388,1,30,8,71.10,3.55,45.50
6388,2,47,1,94.39,9.43,63.24
6389,1,33,2,75.21,11.28,52.64
6389,2,50,3,98.50,19.70,34.47
6390,1,36,4,79.32,19.83,30.14
6390,2,53,5,102.61,5.13,42.07
6391,1,39,6,83.43,8.34,36.70
6391,2,56,7,106.72,16.00,50.15
6392,1,42,8,87.54,17.50,43.77
6392,2,59,1,110.83,27.70,58.73
6393,1,45,2,91.65,4.58,51.32
6393,2,62,3,114.94,11.49,67.81
6394,1,48,4,95.76,14.36,59.37
6394,2,65,5,119.05,23.81,77.38
6395,1,51,6,99.87,24.96,67.91
6395,2,68,7,123.16,6.15,87.44
6396,1,54,8,103.98,10.39,37.43
6396,2,71,1,127.27,19.09,49.63
6397,1,57,2,108.09,21.61,45.39
6397,2,74,3,131.38,32.84,59.12
6398,1,60,4,112.20,5.61,53.85
6398,2,77,5,135.49,13.54,69.09
6399,1,63,6,116.31,17.44,62.80
6399,2,80,7,139.60,27.92,79.57
6400,1,66,8,120.42,30.10,72.25
6400,2,83,1,143.71,0.00,90.53
6401,1,69,2,124.53,0.00,82.18
6401,2,86,3,147.82,0.00,101.99
6402,1,72,4,128.64,0.00,92.62
6402,2,89,5,151.93,0.00,56.21
6403,1,75,6,132.75,0.00,53.10
6403,2,92,7,156.04,0.00,67.09
6404,1,78,8,136.86,0.00,62.95
6404,2,95,1,160.15,0.00,78.47
6405,1,81,2,140.97,0.00,73.30
6405,2,98,3,164.26,0.00,90.34
6406,1,84,4,145.08,0.00,84.14
6406,2,101,5,168.37,0.00,102.70
6407,1,87,6,149.19,0.00,95.48
6407,2,104,7,172.48,0.00,115.56
6408,1,90,8,153.30,0.00,107.31
6408,2,107,1,176.59,0.00,61.80
6409,1,93,2,157.41,0.00,59.81
6409,2,110,3,180.70,0.00,74.08
6410,1,96,4,161.52,0.00,71.06
6410,2,1,5,31.37,0.00,14.74
6411,1,99,6,165.63,0.00,82.81
6411,2,4,7,35.48,0.00,18.80
6412,1,102,8,169.74,0.00,95.05
6412,2,7,1,39.59,0.00,23.35
6413,1,105,2,173.85,0.00,107.78
6413,2,10,3,43.70,0.00,28.40
6414,1,108,4,177.96,0.00,121.01
6414,2,13,5,47.81,0.00,33.94
6415,1,111,6,182.07,0.00,65.54
6415,2,16,7,51.92,0.00,20.24
6416,1,2,8,32.74,0.00,13.75
6416,2,19,1,56.03,0.00,25.21
6417,1,5,2,36.85,0.00,17.68
6417,2,22,3,60.14,0.00,30.67
6418,1,8,4,40.96,0.00,22.11
6418,2,25,5,64.25,0.00,36.62
6419,1,11,6,45.07,0.00,27.04
6419,2,28,7,68.36,0.00,43.06
6420,1,14,8,49.18,0.00,32.45
6420,2,31,1,72.47,0.00,50.00
6421,1,17,2,53.29,0.00,38.36
6421,2,34,3,76.58,0.00,28.33
6422,1,20,4,57.40,0.00,22.96
6422,2,37,5,80.69,0.00,34.69
6423,1,23,6,61.51,0.00,28.29
6423,2,40,7,84.80,0.00,41.55
6424,1,26,8,65.62,0.00,34.12
6424,2,43,1,88.91,0.00,48.90
6425,1,29,2,69.73,0.00,40.44
6425,2,46,3,93.02,0.00,56.74
6426,1,32,4,73.84,0.00,47.25
6426,2,49,5,97.13,0.00,65.07
6427,1,35,6,77.95,0.00,54.56
6427,2,52,7,101.24,0.00,35.43
6428,1,38,8,82.06,0.00,31.18
6428,2,55,1,105.35,0.00,43.19
6429,1,41,2,86.17,0.00,37.91
6429,2,58,3,109.46,0.00,51.44
6430,1,44,4,90.28,0.00,45.14
6430,2,61,5,113.57,0.00,60.19
6431,1,47,6,94.39,0.00,52.85
6431,2,64,7,117.68,17.65,69.43
6432,1,50,8,98.50,19.70,61.07
6432,2,67,1,121.79,30.44,79.16
6433,1,53,2,102.61,5.13,69.77
6433,2,70,3,125.90,12.59,89.38
6434,1,56,4,106.72,16.00,38.41
6434,2,73,5,130.01,26.00,50.70
6435,1,59,6,110.83,27.70,46.54
6435,2,76,7,134.12,6.70,60.35
6436,1,62,8,114.94,11.49,55.17
6436,2,79,1,138.23,20.73,70.49
6437,1,65,2,119.05,23.81,64.28
6437,2,82,3,142.34,35.58,81.13
6438,1,68,4,123.16,6.15,73.89
6438,2,85,5,146.45,14.64,92.26
6439,1,71,6,127.27,19.09,83.99
6439,2,88,7,150.56,30.11,103.88
6440,1,74,8,131.38,32.84,94.59
6440,2,91,1,154.67,7.73,57.22
6441,1,77,2,135.49,13.54,54.19
6441,2,94,3,158.78,23.81,68.27
6442,1,80,4,139.60,27.92,64.21
6442,2,97,5,162.89,40.72,79.81
6443,1,83,6,143.71,7.18,74.72
6443,2,100,7,167.00,16.70,91.85
6444,1,86,8,147.82,22.17,85.73
6444,2,103,1,171.11,34.22,104.37
6445,1,89,2,151.93,37.98,97.23
6445,2,106,3,175.22,8.76,117.39
6446,1,92,4,156.04,15.60,109.22
6446,2,109,5,179.33,26.89,62.76
6447,1,95,6,160.15,32.03,60.85
6447,2,112,7,183.44,45.86,75.21
6448,1,98,8,164.26,8.21,72.27
6448,2,3,1,34.11,3.41,16.03
6449,1,101,2,168.37,25.25,84.18
6449,2,6,3,38.22,7.64,20.25
6450,1,104,4,172.48,43.12,96.58
6450,2,9,5,42.33,0.00,24.97
6451,1,107,6,176.59,0.00,109.48
6451,2,12,7,46.44,0.00,30.18
6452,1,110,8,180.70,0.00,122.87
6452,2,15,1,50.55,0.00,35.89
6453,1,1,2,31.37,0.00,11.29
6453,2,18,3,54.66,0.00,21.31
6454,1,4,4,35.48,0.00,14.90
6454,2,21,5,58.77,0.00,26.44
6455,1,7,6,39.59,0.00,19.00
6455,2,24,7,62.88,0.00,32.06
6456,1,10,8,43.70,0.00,23.59
6456,2,27,1,66.99,0.00,38.18
6457,1,13,2,47.81,0.00,28.68
6457,2,30,3,71.10,0.00,44.79
6458,1,16,4,51.92,0.00,34.26
6458,2,33,5,75.21,0.00,51.89
6459,1,19,6,56.03,0.00,40.34
6459,2,36,7,79.32,0.00,29.34
6460,1,22,8,60.14,0.00,24.05
6460,2,39,1,83.43,0.00,35.87
6461,1,25,2,64.25,0.00,29.55
6461,2,42,3,87.54,0.00,42.89
6462,1,28,4,68.36,0.00,35.54
6462,2,45,5,91.65,0.00,50.40
6463,1,31,6,72.47,0.00,42.03
6463,2,48,7,95.76,0.00,58.41
6464,1,34,8,76.58,0.00,49.01
6464,2,51,1,99.87,0.00,66.91
6465,1,37,2,80.69,0.00,56.48
6465,2,54,3,103.98,0.00,36.39
6466,1,40,4,84.80,0.00,32.22
6466,2,57,5,108.09,0.00,44.31
6467,1,43,6,88.91,0.00,39.12
6467,2,60,7,112.20,0.00,52.73
6468,1,46,8,93.02,0.00,46.51
6468,2,63,1,116.31,0.00,61.64
6469,1,49,2,97.13,0.00,54.39
6469,2,66,3,120.42,0.00,71.04
6470,1,52,4,101.24,0.00,62.76
6470,2,69,5,124.53,0.00,80.94
6471,1,55,6,105.35,0.00,71.63
6471,2,72,7,128.64,0.00,91.33
6472,1,58,8,109.46,0.00,39.40
6472,2,75,1,132.75,0.00,51.77
6473,1,61,2,113.57,0.00,47.69
6473,2,78,3,136.86,0.00,61.58
6474,1,64,4,117.68,0.00,56.48
6474,2,81,5,140.97,0.00,71.89
6475,1,67,6,121.79,0.00,65.76
6475,2,84,7,145.08,0.00,82.69
6476,1,70,8,125.90,0.00,75.54
6476,2,87,1,149.19,0.00,93.98
6477,1,73,2,130.01,0.00,85.80
6477,2,90,3,153.30,0.00,105.77
6478,1,76,4,134.12,0.00,96.56
6478,2,93,5,157.41,0.00,58.24
6479,1,79,6,138.23,0.00,55.29
6479,2,96,7,161.52,0.00,69.45
6480,1,82,8,142.34,0.00,65.47
6480,2,99,1,165.63,0.00,81.15
6481,1,85,2,146.45,0.00,76.15
6481,2,102,3,169.74,25.46,93.35
6482,1,88,4,150.56,30.11,87.32
6482,2,105,5,173.85,43.46,106.04
6483,1,91,6,154.67,7.73,98.98
6483,2,108,7,177.96,17.79,119.23
6484,1,94,8,158.78,23.81,111.14
6484,2,111,1,182.07,36.41,63.72
6485,1,97,2,162.89,40.72,61.89
6485,2,2,3,32.74,1.63,13.42
6486,1,100,4,167.00,16.70,73.48
6486,2,5,5,36.85,5.52,17.31
6487,1,103,6,171.11,34.22,85.55
6487,2,8,7,40.96,10.24,21.70
6488,1,106,8,175.22,8.76,98.12
6488,2,11,1,45.07,4.50,26.59
6489,1,109,2,179.33,26.89,111.18
6489,2,14,3,49.18,9.83,31.96
6490,1,112,4,183.44,45.86,124.73
6490,2,17,5,53.29,2.66,37.83
6491,1,3,6,34.11,3.41,12.27
6491,2,20,7,57.40,8.61,22.38
6492,1,6,8,38.22,7.64,16.05
6492,2,23,1,61.51,15.37,27.67
6493,1,9,2,42.33,2.11,20.31
6493,2,26,3,65.62,6.56,33.46
6494,1,12,4,46.44,6.96,25.07
6494,2,29,5,69.73,13.94,39.74
6495,1,15,6,50.55,12.63,30.33
6495,2,32,7,73.84,3.69,46.51
6496,1,18,8,54.66,5.46,36.07
6496,2,35,1,77.95,11.69,53.78
6497,1,21,2,58.77,11.75,42.31
6497,2,38,3,82.06,20.51,30.36
6498,1,24,4,62.88,3.14,25.15
6498,2,41,5,86.17,8.61,37.05
6499,1,27,6,66.99,10.04,30.81
6499,2,44,7,90.28,18.05,44.23
6500,1,30,8,71.10,17.77,36.97
6500,2,47,1,94.39,0.00,51.91
6501,1,33,2,75.21,0.00,43.62
6501,2,50,3,98.50,0.00,60.08
6502,1,36,4,79.32,0.00,50.76
6502,2,53,5,102.61,0.00,68.74
6503,1,39,6,83.43,0.00,58.40
6503,2,56,7,106.72,0.00,37.35
6504,1,42,8,87.54,0.00,33.26
6504,2,59,1,110.83,0.00,45.44
6505,1,45,2,91.65,0.00,40.32
6505,2,62,3,114.94,0.00,54.02
6506,1,48,4,95.76,0.00,47.88
6506,2,65,5,119.05,0.00,63.09
6507,1,51,6,99.87,0.00,55.92
6507,2,68,7,123.16,0.00,72.66
6508,1,54,8,103.98,0.00,64.46
6508,2,71,1,127.27,0.00,82.72
6509,1,57,2,108.09,0.00,73.50
6509,2,74,3,131.38,0.00,93.27
6510,1,60,4,112.20,0.00,40.39
6510,2,77,5,135.49,0.00,52.84
6511,1,63,6,116.31,0.00,48.85
6511,2,80,7,139.60,0.00,62.82
6512,1,66,8,120.42,0.00,57.80
6512,2,83,1,143.71,0.00,73.29
6513,1,69,2,124.53,0.00,67.24
6513,2,86,3,147.82,0.00,84.25
6514,1,72,4,128.64,0.00,77.18
6514,2,89,5,151.93,0.00,95.71
6515,1,75,6,132.75,0.00,87.61
6515,2,92,7,156.04,0.00,107.66
6516,1,78,8,136.86,0.00,98.53
6516,2,95,1,160.15,0.00,59.25
6517,1,81,2,140.97,0.00,56.38
6517,2,98,3,164.26,0.00,70.63
6518,1,84,4,145.08,0.00,66.73
6518,2,101,5,168.37,0.00,82.50
6519,1,87,6,149.19,0.00,77.57
6519,2,104,7,172.48,0.00,94.86
6520,1,90,8,153.30,0.00,88.91
6520,2,107,1,176.59,0.00,107.71
6521,1,93,2,157.41,0.00,100.74
6521,2,110,3,180.70,0.00,121.06
6522,1,96,4,161.52,0.00,113.06
6522,2,1,5,31.37,0.00,10.97
6523,1,99,6,165.63,0.00,62.93
6523,2,4,7,35.48,0.00,14.54
6524,1,102,8,169.74,0.00,74.68
6524,2,7,1,39.59,0.00,18.60
6525,1,105,2,173.85,0.00,86.92
6525,2,10,3,43.70,0.00,23.16
6526,1,108,4,177.96,0.00,99.65
6526,2,13,5,47.81,0.00,28.20
6527,1,111,6,182.07,0.00,112.88
6527,2,16,7,51.92,0.00,33.74
6528,1,2,8,32.74,0.00,22.26
6528,2,19,1,56.03,0.00,39.78
6529,1,5,2,36.85,0.00,13.26
6529,2,22,3,60.14,0.00,23.45
6530,1,8,4,40.96,0.00,17.20
6530,2,25,5,64.25,0.00,28.91
6531,1,11,6,45.07,0.00,21.63
6531,2,28,7,68.36,10.25,34.86
6532,1,14,8,49.18,9.83,26.55
6532,2,31,1,72.47,18.11,41.30
6533,1,17,2,53.29,2.66,31.97
6533,2,34,3,76.58,7.65,48.24
6534,1,20,4,57.40,8.61,37.88
6534,2,37,5,80.69,16.13,55.67
6535,1,23,6,61.51,15.37,44.28
6535,2,40,7,84.80,4.24,31.37
6536,1,26,8,65.62,6.56,26.24
6536,2,43,1,88.91,13.33,38.23
6537,1,29,2,69.73,13.94,32.07
6537,2,46,3,93.02,23.25,45.57
6538,1,32,4,73.84,3.69,38.39
6538,2,49,5,97.13,9.71,53.42
6539,1,35,6,77.95,11.69,45.21
6539,2,52,7,101.24,20.24,61.75
6540,1,38,8,82.06,20.51,52.51
6540,2,55,1,105.35,5.26,70.58
6541,1,41,2,86.17,8.61,60.31
6541,2,58,3,109.46,16.41,38.31
6542,1,44,4,90.28,18.05,34.30
6542,2,61,5,113.57,28.39,46.56
6543,1,47,6,94.39,4.71,41.53
6543,2,64,7,117.68,11.76,55.30
6544,1,50,8,98.50,14.77,49.25
6544,2,67,1,121.79,24.35,64.54
6545,1,53,2,102.61,25.65,57.46
6545,2,70,3,125.90,6.29,74.28
6546,1,56,4,106.72,10.67,66.16
6546,2,73,5,130.01,19.50,84.50
6547,1,59,6,110.83,22.16,75.36
6547,2,76,7,134.12,33.53,95.22
6548,1,62,8,114.94,5.74,41.37
6548,2,79,1,138.23,13.82,53.90
6549,1,65,2,119.05,17.85,50.00
6549,2,82,3,142.34,28.46,64.05
6550,1,68,4,123.16,30.79,59.11
6550,2,85,5,146.45,0.00,74.68
6551,1,71,6,127.27,0.00,68.72
6551,2,88,7,150.56,0.00,85.81
6552,1,74,8,131.38,0.00,78.82
6552,2,91,1,154.67,0.00,97.44
6553,1,77,2,135.49,0.00,89.42
6553,2,94,3,158.78,0.00,109.55
6554,1,80,4,139.60,0.00,100.51
6554,2,97,5,162.89,0.00,60.26
6555,1,83,6,143.71,0.00,57.48
6555,2,100,7,167.00,0.00,71.81
6556,1,86,8,147.82,0.00,67.99
6556,2,103,1,171.11,0.00,83.84
6557,1,89,2,151.93,0.00,79.00
6557,2,106,3,175.22,0.00,96.37
6558,1,92,4,156.04,0.00,90.50
6558,2,109,5,179.33,0.00,109.39
6559,1,95,6,160.15,0.00,102.49
6559,2,112,7,183.44,0.00,122.90
6560,1,98,8,164.26,0.00,114.98
6560,2,3,1,34.11,0.00,11.93
6561,1,101,2,168.37,0.00,63.98
6561,2,6,3,38.22,0.00,15.67
6562,1,104,4,172.48,0.00,75.89
6562,2,9,5,42.33,0.00,19.89
6563,1,107,6,176.59,0.00,88.29
6563,2,12,7,46.44,0.00,24.61
6564,1,110,8,180.70,0.00,101.19
6564,2,15,1,50.55,0.00,29.82
6565,1,1,2,31.37,0.00,19.44
6565,2,18,3,54.66,0.00,35.52
6566,1,4,4,35.48,0.00,24.12
6566,2,21,5,58.77,0.00,41.72
6567,1,7,6,39.59,0.00,14.25
6567,2,24,7,62.88,0.00,24.52
6568,1,10,8,43.70,0.00,18.35
6568,2,27,1,66.99,0.00,30.14
6569,1,13,2,47.81,0.00,22.94
6569,2,30,3,71.10,0.00,36.26
6570,1,16,4,51.92,0.00,28.03
6570,2,33,5,75.21,0.00,42.86
6571,1,19,6,56.03,0.00,33.61
6571,2,36,7,79.32,0.00,49.97
6572,1,22,8,60.14,0.00,39.69
6572,2,39,1,83.43,0.00,57.56
6573,1,25,2,64.25,0.00,46.26
6573,2,42,3,87.54,0.00,32.38
6574,1,28,4,68.36,0.00,27.34
6574,2,45,5,91.65,0.00,39.40
6575,1,31,6,72.47,0.00,33.33
6575,2,48,7,95.76,0.00,46.92
6576,1,34,8,76.58,0.00,39.82
6576,2,51,1,99.87,0.00,54.92
6577,1,37,2,80.69,0.00,46.80
6577,2,54,3,103.98,0.00,63.42
6578,1,40,4,84.80,0.00,54.27
6578,2,57,5,108.09,0.00,72.42
6579,1,43,6,88.91,0.00,62.23
6579,2,60,7,112.20,0.00,39.27
6580,1,46,8,93.02,0.00,35.34
6580,2,63,1,116.31,0.00,47.68
6581,1,49,2,97.13,0.00,42.73
6581,2,66,3,120.42,18.06,56.59
6582,1,52,4,101.24,20.24,50.62
6582,2,69,5,124.53,31.13,66.00
6583,1,55,6,105.35,5.26,58.99
6583,2,72,7,128.64,12.86,75.89
6584,1,58,8,109.46,16.41,67.86
6584,2,75,1,132.75,26.55,86.28
6585,1,61,2,113.57,28.39,77.22
6585,2,78,3,136.86,6.84,97.17
6586,1,64,4,117.68,11.76,42.36
6586,2,81,5,140.97,21.14,54.97
6587,1,67,6,121.79,24.35,51.15
6587,2,84,7,145.08,36.27,65.28
6588,1,70,8,125.90,6.29,60.43
6588,2,87,1,149.19,14.91,76.08
6589,1,73,2,130.01,19.50,70.20
6589,2,90,3,153.30,30.66,87.38
6590,1,76,4,134.12,33.53,80.47
6590,2,93,5,157.41,7.87,99.16
6591,1,79,6,138.23,13.82,91.23
6591,2,96,7,161.52,24.22,111.44
6592,1,82,8,142.34,28.46,102.48
6592,2,99,1,165.63,41.40,61.28
6593,1,85,2,146.45,7.32,58.58
6593,2,102,3,169.74,16.97,72.98
6594,1,88,4,150.56,22.58,69.25
6594,2,105,5,173.85,34.77,85.18
6595,1,91,6,154.67,38.66,80.42
6595,2,108,7,177.96,8.89,97.87
6596,1,94,8,158.78,15.87,92.09
6596,2,111,1,182.07,27.31,111.06
6597,1,97,2,162.89,32.57,104.24
6597,2,2,3,32.74,8.18,21.93
6598,1,100,4,167.00,8.35,116.90
6598,2,5,5,36.85,3.68,12.89
6599,1,103,6,171.11,25.66,65.02
6599,2,8,7,40.96,8.19,16.79
6600,1,106,8,175.22,43.80,77.09
6600,2,11,1,45.07,0.00,21.18
6601,1,109,2,179.33,0.00,89.66
6601,2,14,3,49.18,0.00,26.06
6602,1,112,4,183.44,0.00,102.72
6602,2,17,5,53.29,0.00,31.44
6603,1,3,6,34.11,0.00,21.14
6603,2,20,7,57.40,0.00,37.31
6604,1,6,8,38.22,0.00,25.98
6604,2,23,1,61.51,0.00,43.67
6605,1,9,2,42.33,0.00,15.23
6605,2,26,3,65.62,0.00,25.59
6606,1,12,4,46.44,0.00,19.50
6606,2,29,5,69.73,0.00,31.37
6607,1,15,6,50.55,0.00,24.26
6607,2,32,7,73.84,0.00,37.65
6608,1,18,8,54.66,0.00,29.51
6608,2,35,1,77.95,0.00,44.43
6609,1,21,2,58.77,0.00,35.26
6609,2,38,3,82.06,0.00,51.69
6610,1,24,4,62.88,0.00,41.50
6610,2,41,5,86.17,0.00,59.45
6611,1,27,6,66.99,0.00,48.23
6611,2,44,7,90.28,0.00,33.40
6612,1,30,8,71.10,0.00,28.44
6612,2,47,1,94.39,0.00,40.58
6613,1,33,2,75.21,0.00,34.59
6613,2,50,3,98.50,0.00,48.26
6614,1,36,4,79.32,0.00,41.24
6614,2,53,5,102.61,0.00,56.43
6615,1,39,6,83.43,0.00,48.38
6615,2,56,7,106.72,0.00,65.09
6616,1,42,8,87.54,0.00,56.02
6616,2,59,1,110.83,0.00,74.25
6617,1,45,2,91.65,0.00,64.15
6617,2,62,3,114.94,0.00,40.22
6618,1,48,4,95.76,0.00,36.38
6618,2,65,5,119.05,0.00,48.81
6619,1,51,6,99.87,0.00,43.94
6619,2,68,7,123.16,0.00,57.88
6620,1,54,8,103.98,0.00,51.99
6620,2,71,1,127.27,0.00,67.45
6621,1,57,2,108.09,0.00,60.53
6621,2,74,3,131.38,0.00,77.51
6622,1,60,4,112.20,0.00,69.56
6622,2,77,5,135.49,0.00,88.06
6623,1,63,6,116.31,0.00,79.09
6623,2,80,7,139.60,0.00,99.11
6624,1,66,8,120.42,0.00,43.35
6624,2,83,1,143.71,0.00,56.04
6625,1,69,2,124.53,0.00,52.30
6625,2,86,3,147.82,0.00,66.51
6626,1,72,4,128.64,0.00,61.74
6626,2,89,5,151.93,0.00,77.48
6627,1,75,6,132.75,0.00,71.68
6627,2,92,7,156.04,0.00,88.94
6628,1,78,8,136.86,0.00,82.11
6628,2,95,1,160.15,0.00,100.89
6629,1,81,2,140.97,0.00,93.04
6629,2,98,3,164.26,0.00,113.33
6630,1,84,4,145.08,0.00,104.45
6630,2,101,5,168.37,0.00,62.29
6631,1,87,6,149.19,0.00,59.67
6631,2,104,7,172.48,25.87,74.16
6632,1,90,8,153.30,30.66,70.51
6632,2,107,1,176.59,44.14,86.52
6633,1,93,2,157.41,7.87,81.85
6633,2,110,3,180.70,18.07,99.38
6634,1,96,4,161.52,24.22,93.68
6634,2,1,5,31.37,6.27,19.13
6635,1,99,6,165.63,41.40,106.00
6635,2,4,7,35.48,1.77,23.77
6636,1,102,8,169.74,16.97,118.81
6636,2,7,1,39.59,5.93,13.85
6637,1,105,2,173.85,34.77,66.06
6637,2,10,3,43.70,10.92,17.91
6638,1,108,4,177.96,8.89,78.30
6638,2,13,5,47.81,4.78,22.47
6639,1,111,6,182.07,27.31,91.03
6639,2,16,7,51.92,10.38,27.51
6640,1,2,8,32.74,8.18,18.33
6640,2,19,1,56.03,2.80,33.05
6641,1,5,2,36.85,3.68,22.84
6641,2,22,3,60.14,9.02,39.09
6642,1,8,4,40.96,8.19,27.85
6642,2,25,5,64.25,16.06,45.61
6643,1,11,6,45.07,2.25,16.22
6643,2,28,7,68.36,6.83,26.66
6644,1,14,8,49.18,7.37,20.65
6644,2,31,1,72.47,14.49,32.61
6645,1,17,2,53.29,13.32,25.57
6645,2,34,3,76.58,3.82,39.05
6646,1,20,4,57.40,5.74,30.99
6646,2,37,5,80.69,12.10,45.99
6647,1,23,6,61.51,12.30,36.90
6647,2,40,7,84.80,21.20,53.42
6648,1,26,8,65.62,3.28,43.30
6648,2,43,1,88.91,8.89,61.34
6649,1,29,2,69.73,10.45,50.20
6649,2,46,3,93.02,18.60,34.41
6650,1,32,4,73.84,18.46,29.53
6650,2,49,5,97.13,0.00,41.76
6651,1,35,6,77.95,0.00,35.85
6651,2,52,7,101.24,0.00,49.60
6652,1,38,8,82.06,0.00,42.67
6652,2,55,1,105.35,0.00,57.94
6653,1,41,2,86.17,0.00,49.97
6653,2,58,3,109.46,0.00,66.77
6654,1,44,4,90.28,0.00,57.77
6654,2,61,5,113.57,0.00,76.09
6655,1,47,6,94.39,0.00,66.07
6655,2,64,7,117.68,0.00,41.18
6656,1,50,8,98.50,0.00,37.43
6656,2,67,1,121.79,0.00,49.93
6657,1,53,2,102.61,0.00,45.14
6657,2,70,3,125.90,0.00,59.17
6658,1,56,4,106.72,0.00,53.36
6658,2,73,5,130.01,0.00,68.90
6659,1,59,6,110.83,0.00,62.06
6659,2,76,7,134.12,0.00,79.13
6660,1,62,8,114.94,0.00,71.26
6660,2,79,1,138.23,0.00,89.84
6661,1,65,2,119.05,0.00,80.95
6661,2,82,3,142.34,0.00,101.06
6662,1,68,4,123.16,0.00,44.33
6662,2,85,5,146.45,0.00,57.11
6663,1,71,6,127.27,0.00,53.45
6663,2,88,7,150.56,0.00,67.75
6664,1,74,8,131.38,0.00,63.06
6664,2,91,1,154.67,0.00,78.88
6665,1,77,2,135.49,0.00,73.16
6665,2,94,3,158.78,0.00,90.50
6666,1,80,4,139.60,0.00,83.76
6666,2,97,5,162.89,0.00,102.62
6667,1,83,6,143.71,0.00,94.84
6667,2,100,7,167.00,0.00,115.23
6668,1,86,8,147.82,0.00,106.43
6668,2,103,1,171.11,0.00,63.31
6669,1,89,2,151.93,0.00,60.77
6669,2,106,3,175.22,0.00,75.34
6670,1,92,4,156.04,0.00,71.77
6670,2,109,5,179.33,0.00,87.87
6671,1,95,6,160.15,0.00,83.27
6671,2,112,7,183.44,0.00,100.89
6672,1,98,8,164.26,0.00,95.27
6672,2,3,1,34.11,0.00,20.80
6673,1,101,2,168.37,0.00,107.75
6673,2,6,3,38.22,0.00,25.60
6674,1,104,4,172.48,0.00,120.73
6674,2,9,5,42.33,0.00,14.81
6675,1,107,6,176.59,0.00,67.10
6675,2,12,7,46.44,0.00,19.04
6676,1,110,8,180.70,0.00,79.50
6676,2,15,1,50.55,0.00,23.75
6677,1,1,2,31.37,0.00,15.68
6677,2,18,3,54.66,0.00,28.96
6678,1,4,4,35.48,0.00,19.86
6678,2,21,5,58.77,0.00,34.67
6679,1,7,6,39.59,0.00,24.54
6679,2,24,7,62.88,0.00,40.87
6680,1,10,8,43.70,0.00,29.71
6680,2,27,1,66.99,0.00,47.56
6681,1,13,2,47.81,0.00,17.21
6681,2,30,3,71.10,10.66,27.72
6682,1,16,4,51.92,10.38,21.80
6682,2,33,5,75.21,18.80,33.84
6683,1,19,6,56.03,2.80,26.89
6683,2,36,7,79.32,7.93,40.45
6684,1,22,8,60.14,9.02,32.47
6684,2,39,1,83.43,16.68,47.55
6685,1,25,2,64.25,16.06,38.55
6685,2,42,3,87.54,4.37,55.15
6686,1,28,4,68.36,6.83,45.11
6686,2,45,5,91.65,13.74,63.23
6687,1,31,6,72.47,14.49,52.17
6687,2,48,7,95.76,23.94,35.43
6688,1,34,8,76.58,3.82,30.63
6688,2,51,1,99.87,9.98,42.94
6689,1,37,2,80.69,12.10,37.11
6689,2,54,3,103.98,20.79,50.95
6690,1,40,4,84.80,21.20,44.09
6690,2,57,5,108.09,5.40,59.44
6691,1,43,6,88.91,8.89,51.56
6691,2,60,7,112.20,16.83,68.44
6692,1,46,8,93.02,18.60,59.53
6692,2,63,1,116.31,29.07,77.92
6693,1,49,2,97.13,4.85,67.99
6693,2,66,3,120.42,12.04,42.14
6694,1,52,4,101.24,15.18,38.47
6694,2,69,5,124.53,24.90,51.05
6695,1,55,6,105.35,26.33,46.35
6695,2,72,7,128.64,6.43,60.46
6696,1,58,8,109.46,10.94,54.73
6696,2,75,1,132.75,19.91,70.35
6697,1,61,2,113.57,22.71,63.59
6697,2,78,3,136.86,34.21,80.74
6698,1,64,4,117.68,5.88,72.96
6698,2,81,5,140.97,14.09,91.63
6699,1,67,6,121.79,18.26,82.81
6699,2,84,7,145.08,29.01,103.00
6700,1,70,8,125.90,31.47,45.32
6700,2,87,1,149.19,0.00,58.18
6701,1,73,2,130.01,0.00,54.60
6701,2,90,3,153.30,0.00,68.98
6702,1,76,4,134.12,0.00,64.37
6702,2,93,5,157.41,0.00,80.27
6703,1,79,6,138.23,0.00,74.64
6703,2,96,7,161.52,0.00,92.06
6704,1,82,8,142.34,0.00,85.40
6704,2,99,1,165.63,0.00,104.34
6705,1,85,2,146.45,0.00,96.65
6705,2,102,3,169.74,0.00,117.12
6706,1,88,4,150.56,0.00,108.40
6706,2,105,5,173.85,0.00,64.32
6707,1,91,6,154.67,0.00,61.86
6707,2,108,7,177.96,0.00,76.52
6708,1,94,8,158.78,0.00,73.03
6708,2,111,1,182.07,0.00,89.21
6709,1,97,2,162.89,0.00,84.70
6709,2,2,3,32.74,0.00,18.00
6710,1,100,4,167.00,0.00,96.86
6710,2,5,5,36.85,0.00,22.47
6711,1,103,6,171.11,0.00,109.51
6711,2,8,7,40.96,0.00,27.44
6712,1,106,8,175.22,0.00,122.65
6712,2,11,1,45.07,0.00,15.77
6713,1,109,2,179.33,0.00,68.14
6713,2,14,3,49.18,0.00,20.16
6714,1,112,4,183.44,0.00,80.71
6714,2,17,5,53.29,0.00,25.04
6715,1,3,6,34.11,0.00,17.05
6715,2,20,7,57.40,0.00,30.42
6716,1,6,8,38.22,0.00,21.40
6716,2,23,1,61.51,0.00,36.29
6717,1,9,2,42.33,0.00,26.24
6717,2,26,3,65.62,0.00,42.65
6718,1,12,4,46.44,0.00,31.57
6718,2,29,5,69.73,0.00,49.50
6719,1,15,6,50.55,0.00,18.19
6719,2,32,7,73.84,0.00,28.79
6720,1,18,8,54.66,0.00,22.95
6720,2,35,1,77.95,0.00,35.07
6721,1,21,2,58.77,0.00,28.20
6721,2,38,3,82.06,0.00,41.85
6722,1,24,4,62.88,0.00,33.95
6722,2,41,5,86.17,0.00,49.11
6723,1,27,6,66.99,0.00,40.19
6723,2,44,7,90.28,0.00,56.87
6724,1,30,8,71.10,0.00,46.92
6724,2,47,1,94.39,0.00,65.12
6725,1,33,2,75.21,0.00,54.15
6725,2,50,3,98.50,0.00,36.44
6726,1,36,4,79.32,0.00,31.72
6726,2,53,5,102.61,0.00,44.12
6727,1,39,6,83.43,0.00,38.37
6727,2,56,7,106.72,0.00,52.29
6728,1,42,8,87.54,0.00,45.52
6728,2,59,1,110.83,0.00,60.95
6729,1,45,2,91.65,0.00,53.15
6729,2,62,3,114.94,0.00,70.11
6730,1,48,4,95.76,0.00,61.28
6730,2,65,5,119.05,0.00,79.76
6731,1,51,6,99.87,0.00,69.90
6731,2,68,7,123.16,18.47,43.10
6732,1,54,8,103.98,20.79,39.51
6732,2,71,1,127.27,31.81,52.18
6733,1,57,2,108.09,5.40,47.55
6733,2,74,3,131.38,13.13,61.74
6734,1,60,4,112.20,16.83,56.10
6734,2,77,5,135.49,27.09,71.80
6735,1,63,6,116.31,29.07,65.13
6735,2,80,7,139.60,6.98,82.36
6736,1,66,8,120.42,12.04,74.66
6736,2,83,1,143.71,21.55,93.41
6737,1,69,2,124.53,24.90,84.68
6737,2,86,3,147.82,36.95,104.95
6738,1,72,4,128.64,6.43,46.31
6738,2,89,5,151.93,15.19,59.25
6739,1,75,6,132.75,19.91,55.75
6739,2,92,7,156.04,31.20,70.21
6740,1,78,8,136.86,34.21,65.69
6740,2,95,1,160.15,8.00,81.67
6741,1,81,2,140.97,14.09,76.12
6741,2,98,3,164.26,24.63,93.62
6742,1,84,4,145.08,29.01,87.04
6742,2,101,5,168.37,42.09,106.07
6743,1,87,6,149.19,7.45,98.46
6743,2,104,7,172.48,17.24,119.01
6744,1,90,8,153.30,22.99,110.37
6744,2,107,1,176.59,35.31,65.33
6745,1,93,2,157.41,39.35,62.96
6745,2,110,3,180.70,9.03,77.70
6746,1,96,4,161.52,16.15,74.29
6746,2,1,5,31.37,4.70,15.37
6747,1,99,6,165.63,33.12,86.12
6747,2,4,7,35.48,8.87,19.51
6748,1,102,8,169.74,8.48,98.44
6748,2,7,1,39.59,3.95,24.14
6749,1,105,2,173.85,26.07,111.26
6749,2,10,3,43.70,8.74,29.27
6750,1,108,4,177.96,44.49,124.57
6750,2,13,5,47.81,0.00,16.73
6751,1,111,6,182.07,0.00,69.18
6751,2,16,7,51.92,0.00,21.28
6752,1,2,8,32.74,0.00,14.40
6752,2,19,1,56.03,0.00,26.33
6753,1,5,2,36.85,0.00,18.42
6753,2,22,3,60.14,0.00,31.87
6754,1,8,4,40.96,0.00,22.93
6754,2,25,5,64.25,0.00,37.90
6755,1,11,6,45.07,0.00,27.94
6755,2,28,7,68.36,0.00,44.43
6756,1,14,8,49.18,0.00,33.44
6756,2,31,1,72.47,0.00,51.45
6757,1,17,2,53.29,0.00,19.18
6757,2,34,3,76.58,0.00,29.86
6758,1,20,4,57.40,0.00,24.10
6758,2,37,5,80.69,0.00,36.31
6759,1,23,6,61.51,0.00,29.52
6759,2,40,7,84.80,0.00,43.24
6760,1,26,8,65.62,0.00,35.43
6760,2,43,1,88.91,0.00,50.67
6761,1,29,2,69.73,0.00,41.83
6761,2,46,3,93.02,0.00,58.60
6762,1,32,4,73.84,0.00,48.73
6762,2,49,5,97.13,0.00,67.01
6763,1,35,6,77.95,0.00,56.12
6763,2,52,7,101.24,0.00,37.45
6764,1,38,8,82.06,0.00,32.82
6764,2,55,1,105.35,0.00,45.30
6765,1,41,2,86.17,0.00,39.63
6765,2,58,3,109.46,0.00,53.63
6766,1,44,4,90.28,0.00,46.94
6766,2,61,5,113.57,0.00,62.46
6767,1,47,6,94.39,0.00,54.74
6767,2,64,7,117.68,0.00,71.78
6768,1,50,8,98.50,0.00,63.04
6768,2,67,1,121.79,0.00,81.59
6769,1,53,2,102.61,0.00,71.82
6769,2,70,3,125.90,0.00,44.06
6770,1,56,4,106.72,0.00,40.55
6770,2,73,5,130.01,0.00,53.30
6771,1,59,6,110.83,0.00,48.76
6771,2,76,7,134.12,0.00,63.03
6772,1,62,8,114.94,0.00,57.47
6772,2,79,1,138.23,0.00,73.26
6773,1,65,2,119.05,0.00,66.66
6773,2,82,3,142.34,0.00,83.98
6774,1,68,4,123.16,0.00,76.35
6774,2,85,5,146.45,0.00,95.19
6775,1,71,6,127.27,0.00,86.54
6775,2,88,7,150.56,0.00,106.89
6776,1,74,8,131.38,0.00,47.29
6776,2,91,1,154.67,0.00,60.32
6777,1,77,2,135.49,0.00,56.90
6777,2,94,3,158.78,0.00,71.45
6778,1,80,4,139.60,0.00,67.00
6778,2,97,5,162.89,0.00,83.07
6779,1,83,6,143.71,0.00,77.60
6779,2,100,7,167.00,0.00,95.19
6780,1,86,8,147.82,0.00,88.69
6780,2,103,1,171.11,0.00,107.79
6781,1,89,2,151.93,0.00,100.27
6781,2,106,3,175.22,26.28,120.90
6782,1,92,4,156.04,31.20,112.34
6782,2,109,5,179.33,44.83,66.35
6783,1,95,6,160.15,8.00,64.06
6783,2,112,7,183.44,18.34,78.87
6784,1,98,8,164.26,24.63,75.55
6784,2,3,1,34.11,6.82,16.71
6785,1,101,2,168.37,42.09,87.55
6785,2,6,3,38.22,1.91,21.02
6786,1,104,4,172.48,17.24,100.03
6786,2,9,5,42.33,6.34,25.82
6787,1,107,6,176.59,35.31,113.01
6787,2,12,7,46.44,11.61,31.11
6788,1,110,8,180.70,9.03,126.49
6788,2,15,1,50.55,5.05,17.69
6789,1,1,2,31.37,4.70,11.92
6789,2,18,3,54.66,10.93,22.41
6790,1,4,4,35.48,8.87,15.61
6790,2,21,5,58.77,2.93,27.62
6791,1,7,6,39.59,3.95,19.79
6791,2,24,7,62.88,9.43,33.32
6792,1,10,8,43.70,8.74,24.47
6792,2,27,1,66.99,16.74,39.52
6793,1,13,2,47.81,2.39,29.64
6793,2,30,3,71.10,7.11,46.21
6794,1,16,4,51.92,7.78,35.30
6794,2,33,5,75.21,15.04,53.39
6795,1,19,6,56.03,14.00,20.17
6795,2,36,7,79.32,3.96,30.93
6796,1,22,8,60.14,6.01,25.25
6796,2,39,1,83.43,12.51,37.54
6797,1,25,2,64.25,12.85,30.84
6797,2,42,3,87.54,21.88,44.64
6798,1,28,4,68.36,3.41,36.91
6798,2,45,5,91.65,9.16,52.24
6799,1,31,6,72.47,10.87,43.48
6799,2,48,7,95.76,19.15,60.32
6800,1,34,8,76.58,19.14,50.54
6800,2,51,1,99.87,0.00,68.91
6801,1,37,2,80.69,0.00,58.09
6801,2,54,3,103.98,0.00,38.47
6802,1,40,4,84.80,0.00,33.92
6802,2,57,5,108.09,0.00,46.47
6803,1,43,6,88.91,0.00,40.89
6803,2,60,7,112.20,0.00,54.97
6804,1,46,8,93.02,0.00,48.37
6804,2,63,1,116.31,0.00,63.97
6805,1,49,2,97.13,0.00,56.33
6805,2,66,3,120.42,0.00,73.45
6806,1,52,4,101.24,0.00,64.79
6806,2,69,5,124.53,0.00,83.43
6807,1,55,6,105.35,0.00,73.74
6807,2,72,7,128.64,0.00,45.02
6808,1,58,8,109.46,0.00,41.59
6808,2,75,1,132.75,0.00,54.42
6809,1,61,2,113.57,0.00,49.97
6809,2,78,3,136.86,0.00,64.32
6810,1,64,4,117.68,0.00,58.84
6810,2,81,5,140.97,0.00,74.71
6811,1,67,6,121.79,0.00,68.20
6811,2,84,7,145.08,0.00,85.59
6812,1,70,8,125.90,0.00,78.05
6812,2,87,1,149.19,0.00,96.97
6813,1,73,2,130.01,0.00,88.40
6813,2,90,3,153.30,0.00,108.84
6814,1,76,4,134.12,0.00,48.28
6814,2,93,5,157.41,0.00,61.38
6815,1,79,6,138.23,0.00,58.05
6815,2,96,7,161.52,0.00,72.68
6816,1,82,8,142.34,0.00,68.32
6816,2,99,1,165.63,0.00,84.47
6817,1,85,2,146.45,0.00,79.08
6817,2,102,3,169.74,0.00,96.75
6818,1,88,4,150.56,0.00,90.33
6818,2,105,5,173.85,0.00,109.52
6819,1,91,6,154.67,0.00,102.08
6819,2,108,7,177.96,0.00,122.79
6820,1,94,8,158.78,0.00,114.32
6820,2,111,1,182.07,0.00,67.36
6821,1,97,2,162.89,0.00,65.15
6821,2,2,3,32.74,0.00,14.07
6822,1,100,4,167.00,0.00,76.82
6822,2,5,5,36.85,0.00,18.05
6823,1,103,6,171.11,0.00,88.97
6823,2,8,7,40.96,0.00,22.52
6824,1,106,8,175.22,0.00,101.62
6824,2,11,1,45.07,0.00,27.49
6825,1,109,2,179.33,0.00,114.77
6825,2,14,3,49.18,0.00,32.95
6826,1,112,4,183.44,0.00,128.40
6826,2,17,5,53.29,0.00,18.65
6827,1,3,6,34.11,0.00,12.96
6827,2,20,7,57.40,0.00,23.53
6828,1,6,8,38.22,0.00,16.81
6828,2,23,1,61.51,0.00,28.90
6829,1,9,2,42.33,0.00,21.16
6829,2,26,3,65.62,0.00,34.77
6830,1,12,4,46.44,0.00,26.00
6830,2,29,5,69.73,0.00,41.14
6831,1,15,6,50.55,0.00,31.34
6831,2,32,7,73.84,11.07,47.99
6832,1,18,8,54.66,10.93,37.16
6832,2,35,1,77.95,19.48,55.34
6833,1,21,2,58.77,2.93,21.15
6833,2,38,3,82.06,8.20,32.00
6834,1,24,4,62.88,9.43,26.40
6834,2,41,5,86.17,17.23,38.77
6835,1,27,6,66.99,16.74,32.15
6835,2,44,7,90.28,4.51,46.04
6836,1,30,8,71.10,7.11,38.39
6836,2,47,1,94.39,14.15,53.80
6837,1,33,2,75.21,15.04,45.12
6837,2,50,3,98.50,24.62,62.05
6838,1,36,4,79.32,3.96,52.35
6838,2,53,5,102.61,10.26,70.80
6839,1,39,6,83.43,12.51,60.06
6839,2,56,7,106.72,21.34,39.48
6840,1,42,8,87.54,21.88,35.01
6840,2,59,1,110.83,5.54,47.65
6841,1,45,2,91.65,9.16,42.15
6841,2,62,3,114.94,17.24,56.32
6842,1,48,4,95.76,19.15,49.79
6842,2,65,5,119.05,29.76,65.47
6843,1,51,6,99.87,4.99,57.92
6843,2,68,7,123.16,12.31,75.12
6844,1,54,8,103.98,15.59,66.54
6844,2,71,1,127.27,25.45,85.27
6845,1,57,2,108.09,27.02,75.66
6845,2,74,3,131.38,6.56,45.98
6846,1,60,4,112.20,11.22,42.63
6846,2,77,5,135.49,20.32,55.55
6847,1,63,6,116.31,23.26,51.17
6847,2,80,7,139.60,34.90,65.61
6848,1,66,8,120.42,6.02,60.21
6848,2,83,1,143.71,14.37,76.16
6849,1,69,2,124.53,18.67,69.73
6849,2,86,3,147.82,29.56,87.21
6850,1,72,4,128.64,32.16,79.75
6850,2,89,5,151.93,0.00,98.75
6851,1,75,6,132.75,0.00,90.27
6851,2,92,7,156.04,0.00,110.78
6852,1,78,8,136.86,0.00,49.26
6852,2,95,1,160.15,0.00,62.45
6853,1,81,2,140.97,0.00,59.20
6853,2,98,3,164.26,0.00,73.91
6854,1,84,4,145.08,0.00,69.63
6854,2,101,5,168.37,0.00,85.86
6855,1,87,6,149.19,0.00,80.56
6855,2,104,7,172.48,0.00,98.31
6856,1,90,8,153.30,0.00,91.98
6856,2,107,1,176.59,0.00,111.25
6857,1,93,2,157.41,0.00,103.89
6857,2,110,3,180.70,0.00,124.68
6858,1,96,4,161.52,0.00,116.29
6858,2,1,5,31.37,0.00,11.60
6859,1,99,6,165.63,0.00,66.25
6859,2,4,7,35.48,0.00,15.25
6860,1,102,8,169.74,0.00,78.08
6860,2,7,1,39.59,0.00,19.39
6861,1,105,2,173.85,0.00,90.40
6861,2,10,3,43.70,0.00,24.03
6862,1,108,4,177.96,0.00,103.21
6862,2,13,5,47.81,0.00,29.16
6863,1,111,6,182.07,0.00,116.52
6863,2,16,7,51.92,0.00,34.78
6864,1,2,8,32.74,0.00,22.91
6864,2,19,1,56.03,0.00,19.61
6865,1,5,2,36.85,0.00,14.00
6865,2,22,3,60.14,0.00,24.65
6866,1,8,4,40.96,0.00,18.02
6866,2,25,5,64.25,0.00,30.19
6867,1,11,6,45.07,0.00,22.53
6867,2,28,7,68.36,0.00,36.23
6868,1,14,8,49.18,0.00,27.54
6868,2,31,1,72.47,0.00,42.75
6869,1,17,2,53.29,0.00,33.03
6869,2,34,3,76.58,0.00,49.77
6870,1,20,4,57.40,0.00,39.03
6870,2,37,5,80.69,0.00,57.28
6871,1,23,6,61.51,0.00,22.14
6871,2,40,7,84.80,0.00,33.07
6872,1,26,8,65.62,0.00,27.56
6872,2,43,1,88.91,0.00,40.00
6873,1,29,2,69.73,0.00,33.47
6873,2,46,3,93.02,0.00,47.44
6874,1,32,4,73.84,0.00,39.87
6874,2,49,5,97.13,0.00,55.36
6875,1,35,6,77.95,0.00,46.77
6875,2,52,7,101.24,0.00,63.78
6876,1,38,8,82.06,0.00,54.15
6876,2,55,1,105.35,0.00,72.69
6877,1,41,2,86.17,0.00,62.04
6877,2,58,3,109.46,0.00,40.50
6878,1,44,4,90.28,0.00,36.11
6878,2,61,5,113.57,0.00,48.83
6879,1,47,6,94.39,0.00,43.41
6879,2,64,7,117.68,0.00,57.66
6880,1,50,8,98.50,0.00,51.22
6880,2,67,1,121.79,0.00,66.98
6881,1,53,2,102.61,0.00,59.51
6881,2,70,3,125.90,18.88,76.79
6882,1,56,4,106.72,21.34,68.30
6882,2,73,5,130.01,32.50,87.10
6883,1,59,6,110.83,5.54,77.58
6883,2,76,7,134.12,13.41,46.94
6884,1,62,8,114.94,17.24,43.67
6884,2,79,1,138.23,27.64,56.67
6885,1,65,2,119.05,29.76,52.38
6885,2,82,3,142.34,7.11,66.89
6886,1,68,4,123.16,12.31,61.58
6886,2,85,5,146.45,21.96,77.61
6887,1,71,6,127.27,25.45,71.27
6887,2,88,7,150.56,37.64,88.83
6888,1,74,8,131.38,6.56,81.45
6888,2,91,1,154.67,15.46,100.53
6889,1,77,2,135.49,20.32,92.13
6889,2,94,3,158.78,31.75,112.73
6890,1,80,4,139.60,34.90,50.25
6890,2,97,5,162.89,8.14,63.52
6891,1,83,6,143.71,14.37,60.35
6891,2,100,7,167.00,25.05,75.15
6892,1,86,8,147.82,29.56,70.95
6892,2,103,1,171.11,42.77,87.26
6893,1,89,2,151.93,7.59,82.04
6893,2,106,3,175.22,17.52,99.87
6894,1,92,4,156.04,23.40,93.62
6894,2,109,5,179.33,35.86,112.97
6895,1,95,6,160.15,40.03,105.69
6895,2,112,7,183.44,9.17,126.57
6896,1,98,8,164.26,16.42,118.26
6896,2,3,1,34.11,5.11,12.62
6897,1,101,2,168.37,33.67,67.34
6897,2,6,3,38.22,9.55,16.43
6898,1,104,4,172.48,8.62,79.34
6898,2,9,5,42.33,4.23,20.74
6899,1,107,6,176.59,26.48,91.82
6899,2,12,7,46.44,9.28,25.54
6900,1,110,8,180.70,45.17,104.80
6900,2,15,1,50.55,0.00,30.83
6901,1,1,2,31.37,0.00,20.07
6901,2,18,3,54.66,0.00,36.62
6902,1,4,4,35.48,0.00,24.83
6902,2,21,5,58.77,0.00,20.56
6903,1,7,6,39.59,0.00,15.04
6903,2,24,7,62.88,0.00,25.78
6904,1,10,8,43.70,0.00,19.22
6904,2,27,1,66.99,0.00,31.48
6905,1,13,2,47.81,0.00,23.90
6905,2,30,3,71.10,0.00,37.68
6906,1,16,4,51.92,0.00,29.07
6906,2,33,5,75.21,0.00,44.37
6907,1,19,6,56.03,0.00,34.73
6907,2,36,7,79.32,0.00,51.55
6908,1,22,8,60.14,0.00,40.89
6908,2,39,1,83.43,0.00,59.23
6909,1,25,2,64.25,0.00,23.13
6909,2,42,3,87.54,0.00,34.14
6910,1,28,4,68.36,0.00,28.71
6910,2,45,5,91.65,0.00,41.24
6911,1,31,6,72.47,0.00,34.78
6911,2,48,7,95.76,0.00,48.83
6912,1,34,8,76.58,0.00,41.35
6912,2,51,1,99.87,0.00,56.92
6913,1,37,2,80.69,0.00,48.41
6913,2,54,3,103.98,0.00,65.50
6914,1,40,4,84.80,0.00,55.96
6914,2,57,5,108.09,0.00,74.58
6915,1,43,6,88.91,0.00,64.01
6915,2,60,7,112.20,0.00,41.51
6916,1,46,8,93.02,0.00,37.20
6916,2,63,1,116.31,0.00,50.01
6917,1,49,2,97.13,0.00,44.67
6917,2,66,3,120.42,0.00,59.00
6918,1,52,4,101.24,0.00,52.64
6918,2,69,5,124.53,0.00,68.49
6919,1,55,6,105.35,0.00,61.10
6919,2,72,7,128.64,0.00,78.47
6920,1,58,8,109.46,0.00,70.05
6920,2,75,1,132.75,0.00,88.94
6921,1,61,2,113.57,0.00,79.49
6921,2,78,3,136.86,0.00,47.90
6922,1,64,4,117.68,0.00,44.71
6922,2,81,5,140.97,0.00,57.79
6923,1,67,6,121.79,0.00,53.58
6923,2,84,7,145.08,0.00,68.18
6924,1,70,8,125.90,0.00,62.95
6924,2,87,1,149.19,0.00,79.07
6925,1,73,2,130.01,0.00,72.80
6925,2,90,3,153.30,0.00,90.44
6926,1,76,4,134.12,0.00,83.15
6926,2,93,5,157.41,0.00,102.31
6927,1,79,6,138.23,0.00,93.99
6927,2,96,7,161.52,0.00,114.67
6928,1,82,8,142.34,0.00,51.24
6928,2,99,1,165.63,0.00,64.59
6929,1,85,2,146.45,0.00,61.50
6929,2,102,3,169.74,0.00,76.38
6930,1,88,4,150.56,0.00,72.26
6930,2,105,5,173.85,0.00,88.66
6931,1,91,6,154.67,0.00,83.52
6931,2,108,7,177.96,26.69,101.43
6932,1,94,8,158.78,31.75,95.26
6932,2,111,1,182.07,45.51,114.70
6933,1,97,2,162.89,8.14,107.50
6933,2,2,3,32.74,3.27,22.59
6934,1,100,4,167.00,25.05,120.24
6934,2,5,5,36.85,7.37,13.63
6935,1,103,6,171.11,42.77,68.44
6935,2,8,7,40.96,2.04,17.61
6936,1,106,8,175.22,17.52,80.60
6936,2,11,1,45.07,6.76,22.08
6937,1,109,2,179.33,35.86,93.25
6937,2,14,3,49.18,12.29,27.04
6938,1,112,4,183.44,9.17,106.39
6938,2,17,5,53.29,5.32,32.50
6939,1,3,6,34.11,5.11,21.83
6939,2,20,7,57.40,11.48,38.45
6940,1,6,8,38.22,9.55,26.75
6940,2,23,1,61.51,3.07,21.52
6941,1,9,2,42.33,4.23,16.08
6941,2,26,3,65.62,9.84,26.90
6942,1,12,4,46.44,9.28,20.43
6942,2,29,5,69.73,17.43,32.77
6943,1,15,6,50.55,2.52,25.27
6943,2,32,7,73.84,7.38,39.13
6944,1,18,8,54.66,8.19,30.60
6944,2,35,1,77.95,15.59,45.99
6945,1,21,2,58.77,14.69,36.43
6945,2,38,3,82.06,4.10,53.33
6946,1,24,4,62.88,6.28,42.75
6946,2,41,5,86.17,12.92,61.18
6947,1,27,6,66.99,13.39,24.11
6947,2,44,7,90.28,22.57,35.20
6948,1,30,8,71.10,3.55,29.86
6948,2,47,1,94.39,9.43,42.47
6949,1,33,2,75.21,11.28,36.10
6949,2,50,3,98.50,19.70,50.23
6950,1,36,4,79.32,19.83,42.83
6950,2,53,5,102.61,0.00,58.48
6951,1,39,6,83.43,0.00,50.05
6951,2,56,7,106.72,0.00,67.23
6952,1,42,8,87.54,0.00,57.77
6952,2,59,1,110.83,0.00,76.47
6953,1,45,2,91.65,0.00,65.98
6953,2,62,3,114.94,0.00,42.52
6954,1,48,4,95.76,0.00,38.30
6954,2,65,5,119.05,0.00,51.19
6955,1,51,6,99.87,0.00,45.94
6955,2,68,7,123.16,0.00,60.34
6956,1,54,8,103.98,0.00,54.06
6956,2,71,1,127.27,0.00,69.99
6957,1,57,2,108.09,0.00,62.69
6957,2,74,3,131.38,0.00,80.14
6958,1,60,4,112.20,0.00,71.80
6958,2,77,5,135.49,0.00,90.77
6959,1,63,6,116.31,0.00,81.41
6959,2,80,7,139.60,0.00,48.86
6960,1,66,8,120.42,0.00,45.75
6960,2,83,1,143.71,0.00,58.92
6961,1,69,2,124.53,0.00,54.79
6961,2,86,3,147.82,0.00,69.47
6962,1,72,4,128.64,0.00,64.32
6962,2,89,5,151.93,0.00,80.52
6963,1,75,6,132.75,0.00,74.34
6963,2,92,7,156.04,0.00,92.06
6964,1,78,8,136.86,0.00,84.85
6964,2,95,1,160.15,0.00,104.09
6965,1,81,2,140.97,0.00,95.85
6965,2,98,3,164.26,0.00,116.62
6966,1,84,4,145.08,0.00,52.22
6966,2,101,5,168.37,0.00,65.66
6967,1,87,6,149.19,0.00,62.65
6967,2,104,7,172.48,0.00,77.61
6968,1,90,8,153.30,0.00,73.58
6968,2,107,1,176.59,0.00,90.06
6969,1,93,2,157.41,0.00,85.00
6969,2,110,3,180.70,0.00,102.99
6970,1,96,4,161.52,0.00,96.91
6970,2,1,5,31.37,0.00,19.76
6971,1,99,6,165.63,0.00,109.31
6971,2,4,7,35.48,0.00,24.48
6972,1,102,8,169.74,0.00,122.21
6972,2,7,1,39.59,0.00,14.64
6973,1,105,2,173.85,0.00,69.54
6973,2,10,3,43.70,0.00,18.79
6974,1,108,4,177.96,0.00,81.86
6974,2,13,5,47.81,0.00,23.42
6975,1,111,6,182.07,0.00,94.67
6975,2,16,7,51.92,0.00,28.55
6976,1,2,8,32.74,0.00,18.98
6976,2,19,1,56.03,0.00,34.17
6977,1,5,2,36.85,0.00,23.58
6977,2,22,3,60.14,0.00,40.29
6978,1,8,4,40.96,0.00,28.67
6978,2,25,5,64.25,0.00,22.48
6979,1,11,6,45.07,0.00,17.12
6979,2,28,7,68.36,0.00,28.02
6980,1,14,8,49.18,0.00,21.63
6980,2,31,1,72.47,0.00,34.06
6981,1,17,2,53.29,0.00,26.64
6981,2,34,3,76.58,11.48,40.58
6982,1,20,4,57.40,11.48,32.14
6982,2,37,5,80.69,20.17,47.60
6983,1,23,6,61.51,3.07,38.13
6983,2,40,7,84.80,8.48,55.12
6984,1,26,8,65.62,9.84,44.62
6984,2,43,1,88.91,17.78,63.12
6985,1,29,2,69.73,17.43,25.10
6985,2,46,3,93.02,4.65,36.27
6986,1,32,4,73.84,7.38,31.01
6986,2,49,5,97.13,14.56,43.70
6987,1,35,6,77.95,15.59,37.41
6987,2,52,7,101.24,25.31,51.63
6988,1,38,8,82.06,4.10,44.31
6988,2,55,1,105.35,10.53,60.04
6989,1,41,2,86.17,12.92,51.70
6989,2,58,3,109.46,21.89,68.95
6990,1,44,4,90.28,22.57,59.58
6990,2,61,5,113.57,5.67,78.36
6991,1,47,6,94.39,9.43,67.96
6991,2,64,7,117.68,17.65,43.54
6992,1,50,8,98.50,19.70,39.40
6992,2,67,1,121.79,30.44,52.36
6993,1,53,2,102.61,5.13,47.20
6993,2,70,3,125.90,12.59,61.69
6994,1,56,4,106.72,16.00,55.49
6994,2,73,5,130.01,26.00,71.50
6995,1,59,6,110.83,27.70,64.28
6995,2,76,7,134.12,6.70,81.81
6996,1,62,8,114.94,11.49,73.56
6996,2,79,1,138.23,20.73,92.61
6997,1,65,2,119.05,23.81,83.33
6997,2,82,3,142.34,35.58,49.81
6998,1,68,4,123.16,6.15,46.80
6998,2,85,5,146.45,14.64,60.04
6999,1,71,6,127.27,19.09,55.99
6999,2,88,7,150.56,30.11,70.76
7000,1,74,8,131.38,32.84,65.69
7000,2,91,1,154.67,0.00,81.97
7001,1,77,2,135.49,0.00,75.87
7001,2,94,3,158.78,0.00,93.68
7002,1,80,4,139.60,0.00,86.55
7002,2,97,5,162.89,0.00,105.87
7003,1,83,6,143.71,0.00,97.72
7003,2,100,7,167.00,0.00,118.57
7004,1,86,8,147.82,0.00,53.21
7004,2,103,1,171.11,0.00,66.73
7005,1,89,2,151.93,0.00,63.81
7005,2,106,3,175.22,0.00,78.84
7006,1,92,4,156.04,0.00,74.89
7006,2,109,5,179.33,0.00,91.45
7007,1,95,6,160.15,0.00,86.48
7007,2,112,7,183.44,0.00,104.56
7008,1,98,8,164.26,0.00,98.55
7008,2,3,1,34.11,0.00,21.48
7009,1,101,2,168.37,0.00,111.12
7009,2,6,3,38.22,0.00,26.37
7010,1,104,4,172.48,0.00,124.18
7010,2,9,5,42.33,0.00,15.66
7011,1,107,6,176.59,0.00,70.63
7011,2,12,7,46.44,0.00,19.96
7012,1,110,8,180.70,0.00,83.12
7012,2,15,1,50.55,0.00,24.76
7013,1,1,2,31.37,0.00,16.31
7013,2,18,3,54.66,0.00,30.06
7014,1,4,4,35.48,0.00,20.57
7014,2,21,5,58.77,0.00,35.84
7015,1,7,6,39.59,0.00,25.33
7015,2,24,7,62.88,0.00,42.12
7016,1,10,8,43.70,0.00,30.59
7016,2,27,1,66.99,0.00,23.44
7017,1,13,2,47.81,0.00,18.16
7017,2,30,3,71.10,0.00,29.15
7018,1,16,4,51.92,0.00,22.84
7018,2,33,5,75.21,0.00,35.34
7019,1,19,6,56.03,0.00,28.01
7019,2,36,7,79.32,0.00,42.03
7020,1,22,8,60.14,0.00,33.67
7020,2,39,1,83.43,0.00,49.22
7021,1,25,2,64.25,0.00,39.83
7021,2,42,3,87.54,0.00,56.90
7022,1,28,4,68.36,0.00,46.48
7022,2,45,5,91.65,0.00,65.07
7023,1,31,6,72.47,0.00,26.08
7023,2,48,7,95.76,0.00,37.34
7024,1,34,8,76.58,0.00,32.16
7024,2,51,1,99.87,0.00,44.94
7025,1,37,2,80.69,0.00,38.73
7025,2,54,3,103.98,0.00,53.02
7026,1,40,4,84.80,0.00,45.79
7026,2,57,5,108.09,0.00,61.61
7027,1,43,6,88.91,0.00,53.34
7027,2,60,7,112.20,0.00,70.68
7028,1,46,8,93.02,0.00,61.39
7028,2,63,1,116.31,0.00,80.25
7029,1,49,2,97.13,0.00,69.93
7029,2,66,3,120.42,0.00,44.55
7030,1,52,4,101.24,0.00,40.49
7030,2,69,5,124.53,0.00,53.54
7031,1,55,6,105.35,0.00,48.46
7031,2,72,7,128.64,19.29,63.03
7032,1,58,8,109.46,21.89,56.91
7032,2,75,1,132.75,33.18,73.01
7033,1,61,2,113.57,5.67,65.87
7033,2,78,3,136.86,13.68,83.48
7034,1,64,4,117.68,17.65,75.31
7034,2,81,5,140.97,28.19,94.44
7035,1,67,6,121.79,30.44,85.25
7035,2,84,7,145.08,7.25,50.77
7036,1,70,8,125.90,12.59,47.84
7036,2,87,1,149.19,22.37,61.16
7037,1,73,2,130.01,26.00,57.20
7037,2,90,3,153.30,38.32,72.05
7038,1,76,4,134.12,6.70,67.06
7038,2,93,5,157.41,15.74,83.42
7039,1,79,6,138.23,20.73,77.40
7039,2,96,7,161.52,32.30,95.29
7040,1,82,8,142.34,35.58,88.25
7040,2,99,1,165.63,8.28,107.65
7041,1,85,2,146.45,14.64,99.58
7041,2,102,3,169.74,25.46,120.51
7042,1,88,4,150.56,30.11,54.20
7042,2,105,5,173.85,43.46,67.80
7043,1,91,6,154.67,7.73,64.96
7043,2,108,7,177.96,17.79,80.08
7044,1,94,8,158.78,23.81,76.21
7044,2,111,1,182.07,36.41,92.85
7045,1,97,2,162.89,40.72,87.96
7045,2,2,3,32.74,1.63,18.66
7046,1,100,4,167.00,16.70,100.20
7046,2,5,5,36.85,5.52,23.21
7047,1,103,6,171.11,34.22,112.93
7047,2,8,7,40.96,10.24,28.26
7048,1,106,8,175.22,8.76,126.15
7048,2,11,1,45.07,4.50,16.67
7049,1,109,2,179.33,26.89,71.73
7049,2,14,3,49.18,9.83,21.14
7050,1,112,4,183.44,45.86,84.38
7050,2,17,5,53.29,0.00,26.11
7051,1,3,6,34.11,0.00,17.73
7051,2,20,7,57.40,0.00,31.57
7052,1,6,8,38.22,0.00,22.16
7052,2,23,1,61.51,0.00,37.52
7053,1,9,2,42.33,0.00,27.09
7053,2,26,3,65.62,0.00,43.96
7054,1,12,4,46.44,0.00,32.50
7054,2,29,5,69.73,0.00,24.40
7055,1,15,6,50.55,0.00,19.20
7055,2,32,7,73.84,0.00,30.27
7056,1,18,8,54.66,0.00,24.05
7056,2,35,1,77.95,0.00,36.63
7057,1,21,2,58.77,0.00,29.38
7057,2,38,3,82.06,0.00,43.49
7058,1,24,4,62.88,0.00,35.21
7058,2,41,5,86.17,0.00,50.84
7059,1,27,6,66.99,0.00,41.53
7059,2,44,7,90.28,0.00,58.68
7060,1,30,8,71.10,0.00,48.34
7060,2,47,1,94.39,0.00,67.01
7061,1,33,2,75.21,0.00,27.07
7061,2,50,3,98.50,0.00,38.41
7062,1,36,4,79.32,0.00,33.31
7062,2,53,5,102.61,0.00,46.17
7063,1,39,6,83.43,0.00,40.04
7063,2,56,7,106.72,0.00,54.42
7064,1,42,8,87.54,0.00,47.27
7064,2,59,1,110.83,0.00,63.17
7065,1,45,2,91.65,0.00,54.99
7065,2,62,3,114.94,0.00,72.41
7066,1,48,4,95.76,0.00,63.20
7066,2,65,5,119.05,0.00,82.14
7067,1,51,6,99.87,0.00,71.90
7067,2,68,7,123.16,0.00,45.56
7068,1,54,8,103.98,0.00,41.59
7068,2,71,1,127.27,0.00,54.72
7069,1,57,2,108.09,0.00,49.72
7069,2,74,3,131.38,0.00,64.37
7070,1,60,4,112.20,0.00,58.34
7070,2,77,5,135.49,0.00,74.51
7071,1,63,6,116.31,0.00,67.45
7071,2,80,7,139.60,0.00,85.15
7072,1,66,8,120.42,0.00,77.06
7072,2,83,1,143.71,0.00,96.28
7073,1,69,2,124.53,0.00,87.17
7073,2,86,3,147.82,0.00,51.73
7074,1,72,4,128.64,0.00,48.88
7074,2,89,5,151.93,0.00,62.29
7075,1,75,6,132.75,0.00,58.41
7075,2,92,7,156.04,0.00,73.33
7076,1,78,8,136.86,0.00,68.43
7076,2,95,1,160.15,0.00,84.87
7077,1,81,2,140.97,0.00,78.94
7077,2,98,3,164.26,0.00,96.91
7078,1,84,4,145.08,0.00,89.94
7078,2,101,5,168.37,0.00,109.44
7079,1,87,6,149.19,0.00,101.44
7079,2,104,7,172.48,0.00,122.46
7080,1,90,8,153.30,0.00,55.18
7080,2,107,1,176.59,0.00,68.87
7081,1,93,2,157.41,0.00,66.11
7081,2,110,3,180.70,27.10,81.31
7082,1,96,4,161.52,32.30,77.52
7082,2,1,5,31.37,7.84,15.99
7083,1,99,6,165.63,8.28,89.44
7083,2,4,7,35.48,3.54,20.22
7084,1,102,8,169.74,25.46,101.84
7084,2,7,1,39.59,7.91,24.94
7085,1,105,2,173.85,43.46,114.74
7085,2,10,3,43.70,2.18,30.15
7086,1,108,4,177.96,17.79,128.13
7086,2,13,5,47.81,7.17,17.68
7087,1,111,6,182.07,36.41,72.82
7087,2,16,7,51.92,12.98,22.32
7088,1,2,8,32.74,1.63,15.06
7088,2,19,1,56.03,5.60,27.45
7089,1,5,2,36.85,5.52,19.16
7089,2,22,3,60.14,12.02,33.07
7090,1,8,4,40.96,10.24,23.75
7090,2,25,5,64.25,3.21,39.19
7091,1,11,6,45.07,4.50,28.84
7091,2,28,7,68.36,10.25,45.80
7092,1,14,8,49.18,9.83,34.42
7092,2,31,1,72.47,18.11,25.36
7093,1,17,2,53.29,2.66,20.25
7093,2,34,3,76.58,7.65,31.39
7094,1,20,4,57.40,8.61,25.25
7094,2,37,5,80.69,16.13,37.92
7095,1,23,6,61.51,15.37,30.75
7095,2,40,7,84.80,4.24,44.94
7096,1,26,8,65.62,6.56,36.74
7096,2,43,1,88.91,13.33,52.45
7097,1,29,2,69.73,13.94,43.23
7097,2,46,3,93.02,23.25,60.46
7098,1,32,4,73.84,3.69,50.21
7098,2,49,5,97.13,9.71,68.96
7099,1,35,6,77.95,11.69,28.06
7099,2,52,7,101.24,20.24,39.48
7100,1,38,8,82.06,20.51,34.46
7100,2,55,1,105.35,0.00,47.40
7101,1,41,2,86.17,0.00,41.36
7101,2,58,3,109.46,0.00,55.82
7102,1,44,4,90.28,0.00,48.75
7102,2,61,5,113.57,0.00,64.73
7103,1,47,6,94.39,0.00,56.63
7103,2,64,7,117.68,0.00,74.13
7104,1,50,8,98.50,0.00,65.01
7104,2,67,1,121.79,0.00,84.03
7105,1,53,2,102.61,0.00,73.87
7105,2,70,3,125.90,0.00,46.58
7106,1,56,4,106.72,0.00,42.68
7106,2,73,5,130.01,0.00,55.90
7107,1,59,6,110.83,0.00,50.98
7107,2,76,7,134.12,0.00,65.71
7108,1,62,8,114.94,0.00,59.76
7108,2,79,1,138.23,0.00,76.02
7109,1,65,2,119.05,0.00,69.04
7109,2,82,3,142.34,0.00,86.82
7110,1,68,4,123.16,0.00,78.82
7110,2,85,5,146.45,0.00,98.12
7111,1,71,6,127.27,0.00,89.08
7111,2,88,7,150.56,0.00,52.69
7112,1,74,8,131.38,0.00,49.92
7112,2,91,1,154.67,0.00,63.41
7113,1,77,2,135.49,0.00,59.61
7113,2,94,3,158.78,0.00,74.62
7114,1,80,4,139.60,0.00,69.80
7114,2,97,5,162.89,0.00,86.33
7115,1,83,6,143.71,0.00,80.47
7115,2,100,7,167.00,0.00,98.53
7116,1,86,8,147.82,0.00,91.64
7116,2,103,1,171.11,0.00,111.22
7117,1,89,2,151.93,0.00,103.31
7117,2,106,3,175.22,0.00,124.40
7118,1,92,4,156.04,0.00,56.17
7118,2,109,5,179.33,0.00,69.93
7119,1,95,6,160.15,0.00,67.26
7119,2,112,7,183.44,0.00,82.54
7120,1,98,8,164.26,0.00,78.84
7120,2,3,1,34.11,0.00,17.39
7121,1,101,2,168.37,0.00,90.91
7121,2,6,3,38.22,0.00,21.78
7122,1,104,4,172.48,0.00,103.48
7122,2,9,5,42.33,0.00,26.66
7123,1,107,6,176.59,0.00,116.54
7123,2,12,7,46.44,0.00,32.04
7124,1,110,8,180.70,0.00,130.10
7124,2,15,1,50.55,0.00,18.70
7125,1,1,2,31.37,0.00,12.54
7125,2,18,3,54.66,0.00,23.50
7126,1,4,4,35.48,0.00,16.32
7126,2,21,5,58.77,0.00,28.79
7127,1,7,6,39.59,0.00,20.58
7127,2,24,7,62.88,0.00,34.58
7128,1,10,8,43.70,0.00,25.34
7128,2,27,1,66.99,0.00,40.86
7129,1,13,2,47.81,0.00,30.59
7129,2,30,3,71.10,0.00,47.63
7130,1,16,4,51.92,0.00,36.34
7130,2,33,5,75.21,0.00,26.32
7131,1,19,6,56.03,0.00,21.29
7131,2,36,7,79.32,11.89,32.52
7132,1,22,8,60.14,12.02,26.46
7132,2,39,1,83.43,20.85,39.21
7133,1,25,2,64.25,3.21,32.12
7133,2,42,3,87.54,8.75,46.39
7134,1,28,4,68.36,10.25,38.28
7134,2,45,5,91.65,18.33,54.07
7135,1,31,6,72.47,18.11,44.93
7135,2,48,7,95.76,4.78,62.24
7136,1,34,8,76.58,7.65,52.07
7136,2,51,1,99.87,14.98,70.90
7137,1,37,2,80.69,16.13,29.04
7137,2,54,3,103.98,25.99,40.55
7138,1,40,4,84.80,4.24,35.61
7138,2,57,5,108.09,10.80,48.64
7139,1,43,6,88.91,13.33,42.67
7139,2,60,7,112.20,22.44,57.22
7140,1,46,8,93.02,23.25,50.23
7140,2,63,1,116.31,5.81,66.29
7141,1,49,2,97.13,9.71,58.27
7141,2,66,3,120.42,18.06,75.86
7142,1,52,4,101.24,20.24,66.81
7142,2,69,5,124.53,31.13,85.92
7143,1,55,6,105.35,5.26,75.85
7143,2,72,7,128.64,12.86,47.59
7144,1,58,8,109.46,16.41,43.78
7144,2,75,1,132.75,26.55,57.08
7145,1,61,2,113.57,28.39,52.24
7145,2,78,3,136.86,6.84,67.06
7146,1,64,4,117.68,11.76,61.19
7146,2,81,5,140.97,21.14,77.53
7147,1,67,6,121.79,24.35,70.63
7147,2,84,7,145.08,36.27,88.49
7148,1,70,8,125.90,6.29,80.57
7148,2,87,1,149.19,14.91,99.95
7149,1,73,2,130.01,19.50,91.00
7149,2,90,3,153.30,30.66,53.65
7150,1,76,4,134.12,33.53,50.96
7150,2,93,5,157.41,0.00,64.53
7151,1,79,6,138.23,0.00,60.82
7151,2,96,7,161.52,0.00,75.91
7152,1,82,8,142.34,0.00,71.17
7152,2,99,1,165.63,0.00,87.78
7153,1,85,2,146.45,0.00,82.01
7153,2,102,3,169.74,0.00,100.14
7154,1,88,4,150.56,0.00,93.34
7154,2,105,5,173.85,0.00,113.00
7155,1,91,6,154.67,0.00,105.17
7155,2,108,7,177.96,0.00,126.35
7156,1,94,8,158.78,0.00,57.16
7156,2,111,1,182.07,0.00,71.00
7157,1,97,2,162.89,0.00,68.41
7157,2,2,3,32.74,0.00,14.73
7158,1,100,4,167.00,0.00,80.16
7158,2,5,5,36.85,0.00,18.79
7159,1,103,6,171.11,0.00,92.39
7159,2,8,7,40.96,0.00,23.34
7160,1,106,8,175.22,0.00,105.13
7160,2,11,1,45.07,0.00,28.39
7161,1,109,2,179.33,0.00,118.35
7161,2,14,3,49.18,0.00,33.93
7162,1,112,4,183.44,0.00,132.07
7162,2,17,5,53.29,0.00,19.71
7163,1,3,6,34.11,0.00,13.64
7163,2,20,7,57.40,0.00,24.68
7164,1,6,8,38.22,0.00,17.58
7164,2,23,1,61.51,0.00,30.13
7165,1,9,2,42.33,0.00,22.01
7165,2,26,3,65.62,0.00,36.09
7166,1,12,4,46.44,0.00,26.93
7166,2,29,5,69.73,0.00,42.53
7167,1,15,6,50.55,0.00,32.35
7167,2,32,7,73.84,0.00,49.47
7168,1,18,8,54.66,0.00,38.26
7168,2,35,1,77.95,0.00,27.28
7169,1,21,2,58.77,0.00,22.33
7169,2,38,3,82.06,0.00,33.64
7170,1,24,4,62.88,0.00,27.66
7170,2,41,5,86.17,0.00,40.49
7171,1,27,6,66.99,0.00,33.49
7171,2,44,7,90.28,0.00,47.84
7172,1,30,8,71.10,0.00,39.81
7172,2,47,1,94.39,0.00,55.69
7173,1,33,2,75.21,0.00,46.63
7173,2,50,3,98.50,0.00,64.02
7174,1,36,4,79.32,0.00,53.93
7174,2,53,5,102.61,0.00,72.85
7175,1,39,6,83.43,0.00,30.03
7175,2,56,7,106.72,0.00,41.62
7176,1,42,8,87.54,0.00,36.76
7176,2,59,1,110.83,0.00,49.87
7177,1,45,2,91.65,0.00,43.99
7177,2,62,3,114.94,0.00,58.61
7178,1,48,4,95.76,0.00,51.71
7178,2,65,5,119.05,0.00,67.85
7179,1,51,6,99.87,0.00,59.92
7179,2,68,7,123.16,0.00,77.59
7180,1,54,8,103.98,0.00,68.62
7180,2,71,1,127.27,0.00,87.81
7181,1,57,2,108.09,0.00,77.82
7181,2,74,3,131.38,19.70,48.61
7182,1,60,4,112.20,22.44,44.88
7182,2,77,5,135.49,33.87,58.26
7183,1,63,6,116.31,5.81,53.50
7183,2,80,7,139.60,13.96,68.40
7184,1,66,8,120.42,18.06,62.61
7184,2,83,1,143.71,28.74,79.04
7185,1,69,2,124.53,31.13,72.22
7185,2,86,3,147.82,7.39,90.17
7186,1,72,4,128.64,12.86,82.32
7186,2,89,5,151.93,22.78,101.79
7187,1,75,6,132.75,26.55,92.92
7187,2,92,7,156.04,39.01,54.61
7188,1,78,8,136.86,6.84,52.00
7188,2,95,1,160.15,16.01,65.66
7189,1,81,2,140.97,21.14,62.02
7189,2,98,3,164.26,32.85,77.20
7190,1,84,4,145.08,36.27,72.54
7190,2,101,5,168.37,8.41,89.23
7191,1,87,6,149.19,14.91,83.54
7191,2,104,7,172.48,25.87,101.76
7192,1,90,8,153.30,30.66,95.04
7192,2,107,1,176.59,44.14,114.78
7193,1,93,2,157.41,7.87,107.03
7193,2,110,3,180.70,18.07,128.29
7194,1,96,4,161.52,24.22,58.14
7194,2,1,5,31.37,6.27,12.23
7195,1,99,6,165.63,41.40,69.56
7195,2,4,7,35.48,1.77,15.96
7196,1,102,8,169.74,16.97,81.47
7196,2,7,1,39.59,5.93,20.19
7197,1,105,2,173.85,34.77,93.87
7197,2,10,3,43.70,10.92,24.90
7198,1,108,4,177.96,8.89,106.77
7198,2,13,5,47.81,4.78,30.12
7199,1,111,6,182.07,27.31,120.16
7199,2,16,7,51.92,10.38,35.82
7200,1,2,8,32.74,8.18,23.57
7200,2,19,1,56.03,0.00,20.73
7201,1,5,2,36.85,0.00,14.74
7201,2,22,3,60.14,0.00,25.86
7202,1,8,4,40.96,0.00,18.84
7202,2,25,5,64.25,0.00,31.48
7203,1,11,6,45.07,0.00,23.43
7203,2,28,7,68.36,0.00,37.59
7204,1,14,8,49.18,0.00,28.52
7204,2,31,1,72.47,0.00,44.20
7205,1,17,2,53.29,0.00,34.10
7205,2,34,3,76.58,0.00,51.30
7206,1,20,4,57.40,0.00,40.18
7206,2,37,5,80.69,0.00,28.24
7207,1,23,6,61.51,0.00,23.37
7207,2,40,7,84.80,0.00,34.76
7208,1,26,8,65.62,0.00,28.87
7208,2,43,1,88.91,0.00,41.78
7209,1,29,2,69.73,0.00,34.86
7209,2,46,3,93.02,0.00,49.30
7210,1,32,4,73.84,0.00,41.35
7210,2,49,5,97.13,0.00,57.30
7211,1,35,6,77.95,0.00,48.32
7211,2,52,7,101.24,0.00,65.80
7212,1,38,8,82.06,0.00,55.80
7212,2,55,1,105.35,0.00,74.79
7213,1,41,2,86.17,0.00,31.02
7213,2,58,3,109.46,0.00,42.68
7214,1,44,4,90.28,0.00,37.91
7214,2,61,5,113.57,0.00,51.10
7215,1,47,6,94.39,0.00,45.30
7215,2,64,7,117.68,0.00,60.01
7216,1,50,8,98.50,0.00,53.19
7216,2,67,1,121.79,0.00,69.42
7217,1,53,2,102.61,0.00,61.56
7217,2,70,3,125.90,0.00,79.31
7218,1,56,4,106.72,0.00,70.43
7218,2,73,5,130.01,0.00,89.70
7219,1,59,6,110.83,0.00,79.79
7219,2,76,7,134.12,0.00,49.62
7220,1,62,8,114.94,0.00,45.97
7220,2,79,1,138.23,0.00,59.43
7221,1,65,2,119.05,0.00,54.76
7221,2,82,3,142.34,0.00,69.74
7222,1,68,4,123.16,0.00,64.04
7222,2,85,5,146.45,0.00,80.54
7223,1,71,6,127.27,0.00,73.81
7223,2,88,7,150.56,0.00,91.84
7224,1,74,8,131.38,0.00,84.08
7224,2,91,1,154.67,0.00,103.62
7225,1,77,2,135.49,0.00,94.84
7225,2,94,3,158.78,0.00,55.57
7226,1,80,4,139.60,0.00,53.04
7226,2,97,5,162.89,0.00,66.78
7227,1,83,6,143.71,0.00,63.23
7227,2,100,7,167.00,0.00,78.49
7228,1,86,8,147.82,0.00,73.91
7228,2,103,1,171.11,0.00,90.68
7229,1,89,2,151.93,0.00,85.08
7229,2,106,3,175.22,0.00,103.37
7230,1,92,4,156.04,0.00,96.74
7230,2,109,5,179.33,0.00,116.56
7231,1,95,6,160.15,0.00,108.90
7231,2,112,7,183.44,27.51,130.24
7232,1,98,8,164.26,32.85,59.13
7232,2,3,1,34.11,8.52,13.30
7233,1,101,2,168.37,8.41,70.71
7233,2,6,3,38.22,3.82,17.19
7234,1,104,4,172.48,25.87,82.79
7234,2,9,5,42.33,8.46,21.58
7235,1,107,6,176.59,44.14,95.35
7235,2,12,7,46.44,2.32,26.47
7236,1,110,8,180.70,18.07,108.42
7236,2,15,1,50.55,7.58,31.84
7237,1,1,2,31.37,6.27,20.70
7237,2,18,3,54.66,13.66,37.71
7238,1,4,4,35.48,1.77,25.54
7238,2,21,5,58.77,5.87,21.74
7239,1,7,6,39.59,5.93,15.83
7239,2,24,7,62.88,12.57,27.03
7240,1,10,8,43.70,10.92,20.10
7240,2,27,1,66.99,3.34,32.82
7241,1,13,2,47.81,4.78,24.86
7241,2,30,3,71.10,10.66,39.10
7242,1,16,4,51.92,10.38,30.11
7242,2,33,5,75.21,18.80,45.87
7243,1,19,6,56.03,2.80,35.85
7243,2,36,7,79.32,7.93,53.14
7244,1,22,8,60.14,9.02,42.09
7244,2,39,1,83.43,16.68,29.20
7245,1,25,2,64.25,16.06,24.41
7245,2,42,3,87.54,4.37,35.89
7246,1,28,4,68.36,6.83,30.07
7246,2,45,5,91.65,13.74,43.07
7247,1,31,6,72.47,14.49,36.23
7247,2,48,7,95.76,23.94,50.75
7248,1,34,8,76.58,3.82,42.88
7248,2,51,1,99.87,9.98,58.92
7249,1,37,2,80.69,12.10,50.02
7249,2,54,3,103.98,20.79,67.58
7250,1,40,4,84.80,21.20,57.66
7250,2,57,5,108.09,0.00,76.74
7251,1,43,6,88.91,0.00,32.00
7251,2,60,7,112.20,0.00,43.75
7252,1,46,8,93.02,0.00,39.06
7252,2,63,1,116.31,0.00,52.33
7253,1,49,2,97.13,0.00,46.62
7253,2,66,3,120.42,0.00,61.41
7254,1,52,4,101.24,0.00,54.66
7254,2,69,5,124.53,0.00,70.98
7255,1,55,6,105.35,0.00,63.21
7255,2,72,7,128.64,0.00,81.04
7256,1,58,8,109.46,0.00,72.24
7256,2,75,1,132.75,0.00,91.59
7257,1,61,2,113.57,0.00,81.77
7257,2,78,3,136.86,0.00,50.63
7258,1,64,4,117.68,0.00,47.07
7258,2,81,5,140.97,0.00,60.61
7259,1,67,6,121.79,0.00,56.02
7259,2,84,7,145.08,0.00,71.08
7260,1,70,8,125.90,0.00,65.46
7260,2,87,1,149.19,0.00,82.05
7261,1,73,2,130.01,0.00,75.40
7261,2,90,3,153.30,0.00,93.51
7262,1,76,4,134.12,0.00,85.83
7262,2,93,5,157.41,0.00,105.46
7263,1,79,6,138.23,0.00,96.76
7263,2,96,7,161.52,0.00,56.53
7264,1,82,8,142.34,0.00,54.08
7264,2,99,1,165.63,0.00,67.90
7265,1,85,2,146.45,0.00,64.43
7265,2,102,3,169.74,0.00,79.77
7266,1,88,4,150.56,0.00,75.28
7266,2,105,5,173.85,0.00,92.14
7267,1,91,6,154.67,0.00,86.61
7267,2,108,7,177.96,0.00,104.99
7268,1,94,8,158.78,0.00,98.44
7268,2,111,1,182.07,0.00,118.34
7269,1,97,2,162.89,0.00,110.76
7269,2,2,3,32.74,0.00,23.24
7270,1,100,4,167.00,0.00,60.12
7270,2,5,5,36.85,0.00,14.37
7271,1,103,6,171.11,0.00,71.86
7271,2,8,7,40.96,0.00,18.43
7272,1,106,8,175.22,0.00,84.10
7272,2,11,1,45.07,0.00,22.98
7273,1,109,2,179.33,0.00,96.83
7273,2,14,3,49.18,0.00,28.03
7274,1,112,4,183.44,0.00,110.06
7274,2,17,5,53.29,0.00,33.57
7275,1,3,6,34.11,0.00,22.51
7275,2,20,7,57.40,0.00,39.60
7276,1,6,8,38.22,0.00,27.51
7276,2,23,1,61.51,0.00,22.75
7277,1,9,2,42.33,0.00,16.93
7277,2,26,3,65.62,0.00,28.21
7278,1,12,4,46.44,0.00,21.36
7278,2,29,5,69.73,0.00,34.16
7279,1,15,6,50.55,0.00,26.28
7279,2,32,7,73.84,0.00,40.61
7280,1,18,8,54.66,0.00,31.70
7280,2,35,1,77.95,0.00,47.54
7281,1,21,2,58.77,0.00,37.61
7281,2,38,3,82.06,12.30,54.98
7282,1,24,4,62.88,12.57,44.01
7282,2,41,5,86.17,21.54,30.15
7283,1,27,6,66.99,3.34,25.45
7283,2,44,7,90.28,9.02,37.01
7284,1,30,8,71.10,10.66,31.28
7284,2,47,1,94.39,18.87,44.36
7285,1,33,2,75.21,18.80,37.60
7285,2,50,3,98.50,4.92,52.20
7286,1,36,4,79.32,7.93,44.41
7286,2,53,5,102.61,15.39,60.53
7287,1,39,6,83.43,16.68,51.72
7287,2,56,7,106.72,26.68,69.36
7288,1,42,8,87.54,4.37,59.52
7288,2,59,1,110.83,11.08,78.68
7289,1,45,2,91.65,13.74,32.99
7289,2,62,3,114.94,22.98,44.82
7290,1,48,4,95.76,23.94,40.21
7290,2,65,5,119.05,5.95,53.57
7291,1,51,6,99.87,9.98,47.93
7291,2,68,7,123.16,18.47,62.81
7292,1,54,8,103.98,20.79,56.14
7292,2,71,1,127.27,31.81,72.54
7293,1,57,2,108.09,5.40,64.85
7293,2,74,3,131.38,13.13,82.76
7294,1,60,4,112.20,16.83,74.05
7294,2,77,5,135.49,27.09,93.48
7295,1,63,6,116.31,29.07,83.74
7295,2,80,7,139.60,6.98,51.65
7296,1,66,8,120.42,12.04,48.16
7296,2,83,1,143.71,21.55,61.79
7297,1,69,2,124.53,24.90,57.28
7297,2,86,3,147.82,36.95,72.43
7298,1,72,4,128.64,6.43,66.89
7298,2,89,5,151.93,15.19,83.56
7299,1,75,6,132.75,19.91,76.99
7299,2,92,7,156.04,31.20,95.18
7300,1,78,8,136.86,34.21,87.59
7300,2,95,1,160.15,0.00,107.30
7301,1,81,2,140.97,0.00,98.67
7301,2,98,3,164.26,0.00,57.49
7302,1,84,4,145.08,0.00,55.13
7302,2,101,5,168.37,0.00,69.03
7303,1,87,6,149.19,0.00,65.64
7303,2,104,7,172.48,0.00,81.06
7304,1,90,8,153.30,0.00,76.65
7304,2,107,1,176.59,0.00,93.59
7305,1,93,2,157.41,0.00,88.14
7305,2,110,3,180.70,0.00,106.61
7306,1,96,4,161.52,0.00,100.14
7306,2,1,5,31.37,0.00,20.39
7307,1,99,6,165.63,0.00,112.62
7307,2,4,7,35.48,0.00,25.19
7308,1,102,8,169.74,0.00,61.10
7308,2,7,1,39.59,0.00,15.44
7309,1,105,2,173.85,0.00,73.01
7309,2,10,3,43.70,0.00,19.66
7310,1,108,4,177.96,0.00,85.42
7310,2,13,5,47.81,0.00,24.38
7311,1,111,6,182.07,0.00,98.31
7311,2,16,7,51.92,0.00,29.59
7312,1,2,8,32.74,0.00,19.64
7312,2,19,1,56.03,0.00,35.29
7313,1,5,2,36.85,0.00,24.32
7313,2,22,3,60.14,0.00,41.49
7314,1,8,4,40.96,0.00,29.49
7314,2,25,5,64.25,0.00,23.77
7315,1,11,6,45.07,0.00,18.02
7315,2,28,7,68.36,0.00,29.39
7316,1,14,8,49.18,0.00,22.62
7316,2,31,1,72.47,0.00,35.51
7317,1,17,2,53.29,0.00,27.71
7317,2,34,3,76.58,0.00,42.11
7318,1,20,4,57.40,0.00,33.29
7318,2,37,5,80.69,0.00,49.22
7319,1,23,6,61.51,0.00,39.36
7319,2,40,7,84.80,0.00,56.81
7320,1,26,8,65.62,0.00,45.93
7320,2,43,1,88.91,0.00,31.11
7321,1,29,2,69.73,0.00,26.49
7321,2,46,3,93.02,0.00,38.13
7322,1,32,4,73.84,0.00,32.48
7322,2,49,5,97.13,0.00,45.65
7323,1,35,6,77.95,0.00,38.97
7323,2,52,7,101.24,0.00,53.65
7324,1,38,8,82.06,0.00,45.95
7324,2,55,1,105.35,0.00,62.15
7325,1,41,2,86.17,0.00,53.42
7325,2,58,3,109.46,0.00,71.14
7326,1,44,4,90.28,0.00,61.39
7326,2,61,5,113.57,0.00,80.63
7327,1,47,6,94.39,0.00,33.98
7327,2,64,7,117.68,0.00,45.89
7328,1,50,8,98.50,0.00,41.37
7328,2,67,1,121.79,0.00,54.80
7329,1,53,2,102.61,0.00,49.25
7329,2,70,3,125.90,0.00,64.20
7330,1,56,4,106.72,0.00,57.62
7330,2,73,5,130.01,0.00,74.10
7331,1,59,6,110.83,0.00,66.49
7331,2,76,7,134.12,20.11,84.49
7332,1,62,8,114.94,22.98,75.86
7332,2,79,1,138.23,34.55,95.37
7333,1,65,2,119.05,5.95,85.71
7333,2,82,3,142.34,14.23,52.66
7334,1,68,4,123.16,18.47,49.26
7334,2,85,5,146.45,29.29,62.97
7335,1,71,6,127.27,31.81,58.54
7335,2,88,7,150.56,7.52,73.77
7336,1,74,8,131.38,13.13,68.31
7336,2,91,1,154.67,23.20,85.06
7337,1,77,2,135.49,27.09,78.58
7337,2,94,3,158.78,39.69,96.85
7338,1,80,4,139.60,6.98,89.34
7338,2,97,5,162.89,16.28,109.13
7339,1,83,6,143.71,21.55,100.59
7339,2,100,7,167.00,33.40,58.45
7340,1,86,8,147.82,36.95,56.17
7340,2,103,1,171.11,8.55,70.15
7341,1,89,2,151.93,15.19,66.84
7341,2,106,3,175.22,26.28,82.35
7342,1,92,4,156.04,31.20,78.02
7342,2,109,5,179.33,44.83,95.04
7343,1,95,6,160.15,8.00,89.68
7343,2,112,7,183.44,18.34,108.22
7344,1,98,8,164.26,24.63,101.84
7344,2,3,1,34.11,6.82,22.17
7345,1,101,2,168.37,42.09,114.49
7345,2,6,3,38.22,1.91,27.13
7346,1,104,4,172.48,17.24,62.09
7346,2,9,5,42.33,6.34,16.50
7347,1,107,6,176.59,35.31,74.16
7347,2,12,7,46.44,11.61,20.89
7348,1,110,8,180.70,9.03,86.73
7348,2,15,1,50.55,5.05,25.78
7349,1,1,2,31.37,4.70,16.93
7349,2,18,3,54.66,10.93,31.15
7350,1,4,4,35.48,8.87,21.28
7350,2,21,5,58.77,0.00,37.02
7351,1,7,6,39.59,0.00,26.12
7351,2,24,7,62.88,0.00,43.38
7352,1,10,8,43.70,0.00,31.46
7352,2,27,1,66.99,0.00,24.78
7353,1,13,2,47.81,0.00,19.12
7353,2,30,3,71.10,0.00,30.57
7354,1,16,4,51.92,0.00,23.88
7354,2,33,5,75.21,0.00,36.85
7355,1,19,6,56.03,0.00,29.13
7355,2,36,7,79.32,0.00,43.62
7356,1,22,8,60.14,0.00,34.88
7356,2,39,1,83.43,0.00,50.89
7357,1,25,2,64.25,0.00,41.12
7357,2,42,3,87.54,0.00,58.65
7358,1,28,4,68.36,0.00,47.85
7358,2,45,5,91.65,0.00,32.07
7359,1,31,6,72.47,0.00,27.53
7359,2,48,7,95.76,0.00,39.26
7360,1,34,8,76.58,0.00,33.69
7360,2,51,1,99.87,0.00,46.93
7361,1,37,2,80.69,0.00,40.34
7361,2,54,3,103.98,0.00,55.10
7362,1,40,4,84.80,0.00,47.48
7362,2,57,5,108.09,0.00,63.77
7363,1,43,6,88.91,0.00,55.12
7363,2,60,7,112.20,0.00,72.93
7364,1,46,8,93.02,0.00,63.25
7364,2,63,1,116.31,0.00,82.58
7365,1,49,2,97.13,0.00,34.96
7365,2,66,3,120.42,0.00,46.96
7366,1,52,4,101.24,0.00,42.52
7366,2,69,5,124.53,0.00,56.03
7367,1,55,6,105.35,0.00,50.56
7367,2,72,7,128.64,0.00,65.60
7368,1,58,8,109.46,0.00,59.10
7368,2,75,1,132.75,0.00,75.66
7369,1,61,2,113.57,0.00,68.14
7369,2,78,3,136.86,0.00,86.22
7370,1,64,4,117.68,0.00,77.66
7370,2,81,5,140.97,0.00,97.26
7371,1,67,6,121.79,0.00,87.68
7371,2,84,7,145.08,0.00,53.67
7372,1,70,8,125.90,0.00,50.36
7372,2,87,1,149.19,0.00,64.15
7373,1,73,2,130.01,0.00,59.80
7373,2,90,3,153.30,0.00,75.11
7374,1,76,4,134.12,0.00,69.74
7374,2,93,5,157.41,0.00,86.57
7375,1,79,6,138.23,0.00,80.17
7375,2,96,7,161.52,0.00,98.52
7376,1,82,8,142.34,0.00,91.09
7376,2,99,1,165.63,0.00,110.97
7377,1,85,2,146.45,0.00,102.51
7377,2,102,3,169.74,0.00,59.40
7378,1,88,4,150.56,0.00,57.21
7378,2,105,5,173.85,0.00,71.27
7379,1,91,6,154.67,0.00,68.05
7379,2,108,7,177.96,0.00,83.64
7380,1,94,8,158.78,0.00,79.39
7380,2,111,1,182.07,0.00,96.49
7381,1,97,2,162.89,0.00,91.21
7381,2,2,3,32.74,4.91,19.31
7382,1,100,4,167.00,33.40,103.54
7382,2,5,5,36.85,9.21,23.95
7383,1,103,6,171.11,8.55,116.35
7383,2,8,7,40.96,4.09,29.08
7384,1,106,8,175.22,26.28,63.07
7384,2,11,1,45.07,9.01,17.57
7385,1,109,2,179.33,44.83,75.31
7385,2,14,3,49.18,2.45,22.13
7386,1,112,4,183.44,18.34,88.05
7386,2,17,5,53.29,7.99,27.17
7387,1,3,6,34.11,6.82,18.41
7387,2,20,7,57.40,14.35,32.71
7388,1,6,8,38.22,1.91,22.93
7388,2,23,1,61.51,6.15,38.75
7389,1,9,2,42.33,6.34,27.93
7389,2,26,3,65.62,13.12,45.27
7390,1,12,4,46.44,11.61,33.43
7390,2,29,5,69.73,3.48,25.80
7391,1,15,6,50.55,5.05,20.22
7391,2,32,7,73.84,11.07,31.75
7392,1,18,8,54.66,10.93,25.14
7392,2,35,1,77.95,19.48,38.19
7393,1,21,2,58.77,2.93,30.56
7393,2,38,3,82.06,8.20,45.13
7394,1,24,4,62.88,9.43,36.47
7394,2,41,5,86.17,17.23,52.56
7395,1,27,6,66.99,16.74,42.87
7395,2,44,7,90.28,4.51,60.48
7396,1,30,8,71.10,7.11,49.77
7396,2,47,1,94.39,14.15,33.03
7397,1,33,2,75.21,15.04,28.57
7397,2,50,3,98.50,24.62,40.38
7398,1,36,4,79.32,3.96,34.90
7398,2,53,5,102.61,10.26,48.22
7399,1,39,6,83.43,12.51,41.71
7399,2,56,7,106.72,21.34,56.56
7400,1,42,8,87.54,21.88,49.02
7400,2,59,1,110.83,0.00,65.38
7401,1,45,2,91.65,0.00,56.82
7401,2,62,3,114.94,0.00,74.71
7402,1,48,4,95.76,0.00,65.11
7402,2,65,5,119.05,0.00,84.52
7403,1,51,6,99.87,0.00,35.95
7403,2,68,7,123.16,0.00,48.03
7404,1,54,8,103.98,0.00,43.67
7404,2,71,1,127.27,0.00,57.27
7405,1,57,2,108.09,0.00,51.88
7405,2,74,3,131.38,0.00,67.00
7406,1,60,4,112.20,0.00,60.58
7406,2,77,5,135.49,0.00,77.22
7407,1,63,6,116.31,0.00,69.78
7407,2,80,7,139.60,0.00,87.94
7408,1,66,8,120.42,0.00,79.47
7408,2,83,1,143.71,0.00,99.15
7409,1,69,2,124.53,0.00,89.66
7409,2,86,3,147.82,0.00,54.69
7410,1,72,4,128.64,0.00,51.45
7410,2,89,5,151.93,0.00,65.32
7411,1,75,6,132.75,0.00,61.06
7411,2,92,7,156.04,0.00,76.45
7412,1,78,8,136.86,0.00,71.16
7412,2,95,1,160.15,0.00,88.08
7413,1,81,2,140.97,0.00,81.76
7413,2,98,3,164.26,0.00,100.19
7414,1,84,4,145.08,0.00,92.85
7414,2,101,5,168.37,0.00,112.80
7415,1,87,6,149.19,0.00,104.43
7415,2,104,7,172.48,0.00,60.36
7416,1,90,8,153.30,0.00,58.25
7416,2,107,1,176.59,0.00,72.40
7417,1,93,2,157.41,0.00,69.26
7417,2,110,3,180.70,0.00,84.92
7418,1,96,4,161.52,0.00,80.76
7418,2,1,5,31.37,0.00,16.62
7419,1,99,6,165.63,0.00,92.75
7419,2,4,7,35.48,0.00,20.93
7420,1,102,8,169.74,0.00,105.23
7420,2,7,1,39.59,0.00,25.73
7421,1,105,2,173.85,0.00,118.21
7421,2,10,3,43.70,0.00,31.02
7422,1,108,4,177.96,0.00,64.06
7422,2,13,5,47.81,0.00,18.64
7423,1,111,6,182.07,0.00,76.46
7423,2,16,7,51.92,0.00,23.36
7424,1,2,8,32.74,0.00,15.71
7424,2,19,1,56.03,0.00,28.57
7425,1,5,2,36.85,0.00,19.89
7425,2,22,3,60.14,0.00,34.27
7426,1,8,4,40.96,0.00,24.57
7426,2,25,5,64.25,0.00,40.47
7427,1,11,6,45.07,0.00,29.74
7427,2,28,7,68.36,0.00,47.16
7428,1,14,8,49.18,0.00,35.40
7428,2,31,1,72.47,0.00,26.81
7429,1,17,2,53.29,0.00,21.31
7429,2,34,3,76.58,0.00,32.92
7430,1,20,4,57.40,0.00,26.40
7430,2,37,5,80.69,0.00,39.53
7431,1,23,6,61.51,0.00,31.98
7431,2,40,7,84.80,12.72,46.64
7432,1,26,8,65.62,13.12,38.05
7432,2,43,1,88.91,22.22,54.23
7433,1,29,2,69.73,3.48,44.62
7433,2,46,3,93.02,9.30,62.32
7434,1,32,4,73.84,11.07,51.68
7434,2,49,5,97.13,19.42,33.99
7435,1,35,6,77.95,19.48,29.62
7435,2,52,7,101.24,5.06,41.50
7436,1,38,8,82.06,8.20,36.10
7436,2,55,1,105.35,15.80,49.51
7437,1,41,2,86.17,17.23,43.08
7437,2,58,3,109.46,27.36,58.01
7438,1,44,4,90.28,4.51,50.55
7438,2,61,5,113.57,11.35,67.00
7439,1,47,6,94.39,14.15,58.52
7439,2,64,7,117.68,23.53,76.49
7440,1,50,8,98.50,24.62,66.98
7440,2,67,1,121.79,6.08,86.47
7441,1,53,2,102.61,10.26,36.93
7441,2,70,3,125.90,18.88,49.10
7442,1,56,4,106.72,21.34,44.82
7442,2,73,5,130.01,32.50,58.50
7443,1,59,6,110.83,5.54,53.19
7443,2,76,7,134.12,13.41,68.40
7444,1,62,8,114.94,17.24,62.06
7444,2,79,1,138.23,27.64,78.79
7445,1,65,2,119.05,29.76,71.43
7445,2,82,3,142.34,7.11,89.67
7446,1,68,4,123.16,12.31,81.28
7446,2,85,5,146.45,21.96,101.05
7447,1,71,6,127.27,25.45,91.63
7447,2,88,7,150.56,37.64,55.70
7448,1,74,8,131.38,6.56,52.55
7448,2,91,1,154.67,15.46,66.50
7449,1,77,2,135.49,20.32,62.32
7449,2,94,3,158.78,31.75,77.80
7450,1,80,4,139.60,34.90,72.59
7450,2,97,5,162.89,0.00,89.58
7451,1,83,6,143.71,0.00,83.35
7451,2,100,7,167.00,0.00,101.87
7452,1,86,8,147.82,0.00,94.60
7452,2,103,1,171.11,0.00,114.64
7453,1,89,2,151.93,0.00,106.35
7453,2,106,3,175.22,0.00,61.32
7454,1,92,4,156.04,0.00,59.29
7454,2,109,5,179.33,0.00,73.52
7455,1,95,6,160.15,0.00,70.46
7455,2,112,7,183.44,0.00,86.21
7456,1,98,8,164.26,0.00,82.13
7456,2,3,1,34.11,0.00,18.07
7457,1,101,2,168.37,0.00,94.28
7457,2,6,3,38.22,0.00,22.54
7458,1,104,4,172.48,0.00,106.93
7458,2,9,5,42.33,0.00,27.51
7459,1,107,6,176.59,0.00,120.08
7459,2,12,7,46.44,0.00,32.97
7460,1,110,8,180.70,0.00,65.05
7460,2,15,1,50.55,0.00,19.71
7461,1,1,2,31.37,0.00,13.17
7461,2,18,3,54.66,0.00,24.59
7462,1,4,4,35.48,0.00,17.03
7462,2,21,5,58.77,0.00,29.97
7463,1,7,6,39.59,0.00,21.37
7463,2,24,7,62.88,0.00,35.84
7464,1,10,8,43.70,0.00,26.22
7464,2,27,1,66.99,0.00,42.20
7465,1,13,2,47.81,0.00,31.55
7465,2,30,3,71.10,0.00,49.05
7466,1,16,4,51.92,0.00,37.38
7466,2,33,5,75.21,0.00,27.82
7467,1,19,6,56.03,0.00,22.41
7467,2,36,7,79.32,0.00,34.10
7468,1,22,8,60.14,0.00,27.66
7468,2,39,1,83.43,0.00,40.88
7469,1,25,2,64.25,0.00,33.41
7469,2,42,3,87.54,0.00,48.14
7470,1,28,4,68.36,0.00,39.64
7470,2,45,5,91.65,0.00,55.90
7471,1,31,6,72.47,0.00,46.38
7471,2,48,7,95.76,0.00,64.15
7472,1,34,8,76.58,0.00,53.60
7472,2,51,1,99.87,0.00,34.95
7473,1,37,2,80.69,0.00,30.66
7473,2,54,3,103.98,0.00,42.63
7474,1,40,4,84.80,0.00,37.31
7474,2,57,5,108.09,0.00,50.80
7475,1,43,6,88.91,0.00,44.45
7475,2,60,7,112.20,0.00,59.46
7476,1,46,8,93.02,0.00,52.09
7476,2,63,1,116.31,0.00,68.62
7477,1,49,2,97.13,0.00,60.22
7477,2,66,3,120.42,0.00,78.27
7478,1,52,4,101.24,0.00,68.84
7478,2,69,5,124.53,0.00,88.41
7479,1,55,6,105.35,0.00,37.92
7479,2,72,7,128.64,0.00,50.16
7480,1,58,8,109.46,0.00,45.97
7480,2,75,1,132.75,0.00,59.73
7481,1,61,2,113.57,0.00,54.51
7481,2,78,3,136.86,20.52,69.79
7482,1,64,4,117.68,23.53,63.54
7482,2,81,5,140.97,35.24,80.35
7483,1,67,6,121.79,6.08,73.07
7483,2,84,7,145.08,14.50,91.40
7484,1,70,8,125.90,18.88,83.09
7484,2,87,1,149.19,29.83,102.94
7485,1,73,2,130.01,32.50,93.60
7485,2,90,3,153.30,7.66,56.72
7486,1,76,4,134.12,13.41,53.64
7486,2,93,5,157.41,23.61,67.68
7487,1,79,6,138.23,27.64,63.58
7487,2,96,7,161.52,40.38,79.14
7488,1,82,8,142.34,7.11,74.01
7488,2,99,1,165.63,16.56,91.09
7489,1,85,2,146.45,21.96,84.94
7489,2,102,3,169.74,33.94,103.54
7490,1,88,4,150.56,37.64,96.35
7490,2,105,5,173.85,8.69,116.47
7491,1,91,6,154.67,15.46,108.26
7491,2,108,7,177.96,26.69,62.28
7492,1,94,8,158.78,31.75,60.33
7492,2,111,1,182.07,45.51,74.64
7493,1,97,2,162.89,8.14,71.67
7493,2,2,3,32.74,3.27,15.38
7494,1,100,4,167.00,25.05,83.50
7494,2,5,5,36.85,7.37,19.53
7495,1,103,6,171.11,42.77,95.82
7495,2,8,7,40.96,2.04,24.16
7496,1,106,8,175.22,17.52,108.63
7496,2,11,1,45.07,6.76,29.29
7497,1,109,2,179.33,35.86,121.94
7497,2,14,3,49.18,12.29,34.91
7498,1,112,4,183.44,9.17,66.03
7498,2,17,5,53.29,5.32,20.78
7499,1,3,6,34.11,5.11,14.32
7499,2,20,7,57.40,11.48,25.83
7500,1,6,8,38.22,9.55,18.34
7500,2,23,1,61.51,0.00,31.37
7501,1,9,2,42.33,0.00,22.85
7501,2,26,3,65.62,0.00,37.40
7502,1,12,4,46.44,0.00,27.86
7502,2,29,5,69.73,0.00,43.92
7503,1,15,6,50.55,0.00,33.36
7503,2,32,7,73.84,0.00,50.94
7504,1,18,8,54.66,0.00,39.35
7504,2,35,1,77.95,0.00,28.84
7505,1,21,2,58.77,0.00,23.50
7505,2,38,3,82.06,0.00,35.28
7506,1,24,4,62.88,0.00,28.92
7506,2,41,5,86.17,0.00,42.22
7507,1,27,6,66.99,0.00,34.83
7507,2,44,7,90.28,0.00,49.65
7508,1,30,8,71.10,0.00,41.23
7508,2,47,1,94.39,0.00,57.57
7509,1,33,2,75.21,0.00,48.13
7509,2,50,3,98.50,0.00,65.99
7510,1,36,4,79.32,0.00,55.52
7510,2,53,5,102.61,0.00,35.91
7511,1,39,6,83.43,0.00,31.70
7511,2,56,7,106.72,0.00,43.75
7512,1,42,8,87.54,0.00,38.51
7512,2,59,1,110.83,0.00,52.09
7513,1,45,2,91.65,0.00,45.82
7513,2,62,3,114.94,0.00,60.91
7514,1,48,4,95.76,0.00,53.62
7514,2,65,5,119.05,0.00,70.23
7515,1,51,6,99.87,0.00,61.91
7515,2,68,7,123.16,0.00,80.05
7516,1,54,8,103.98,0.00,70.70
7516,2,71,1,127.27,0.00,90.36
7517,1,57,2,108.09,0.00,38.91
7517,2,74,3,131.38,0.00,51.23
7518,1,60,4,112.20,0.00,47.12
7518,2,77,5,135.49,0.00,60.97
7519,1,63,6,116.31,0.00,55.82
7519,2,80,7,139.60,0.00,71.19
7520,1,66,8,120.42,0.00,65.02
7520,2,83,1,143.71,0.00,81.91
7521,1,69,2,124.53,0.00,74.71
7521,2,86,3,147.82,0.00,93.12
7522,1,72,4,128.64,0.00,84.90
7522,2,89,5,151.93,0.00,104.83
7523,1,75,6,132.75,0.00,95.58
7523,2,92,7,156.04,0.00,57.73
7524,1,78,8,136.86,0.00,54.74
7524,2,95,1,160.15,0.00,68.86
7525,1,81,2,140.97,0.00,64.84
7525,2,98,3,164.26,0.00,80.48
7526,1,84,4,145.08,0.00,75.44
7526,2,101,5,168.37,0.00,92.60
7527,1,87,6,149.19,0.00,86.53
7527,2,104,7,172.48,0.00,105.21
7528,1,90,8,153.30,0.00,98.11
7528,2,107,1,176.59,0.00,118.31
7529,1,93,2,157.41,0.00,110.18
7529,2,110,3,180.70,0.00,63.24
7530,1,96,4,161.52,0.00,61.37
7530,2,1,5,31.37,0.00,12.86
7531,1,99,6,165.63,0.00,72.87
7531,2,4,7,35.48,5.32,16.67
7532,1,102,8,169.74,33.94,84.87
7532,2,7,1,39.59,9.89,20.98
7533,1,105,2,173.85,8.69,97.35
7533,2,10,3,43.70,4.37,25.78
7534,1,108,4,177.96,26.69,110.33
7534,2,13,5,47.81,9.56,31.07
7535,1,111,6,182.07,45.51,123.80
7535,2,16,7,51.92,2.59,36.86
7536,1,2,8,32.74,3.27,11.78
7536,2,19,1,56.03,8.40,21.85
7537,1,5,2,36.85,7.37,15.47
7537,2,22,3,60.14,15.03,27.06
7538,1,8,4,40.96,2.04,19.66
7538,2,25,5,64.25,6.42,32.76
7539,1,11,6,45.07,6.76,24.33
7539,2,28,7,68.36,13.67,38.96
7540,1,14,8,49.18,12.29,29.50
7540,2,31,1,72.47,3.62,45.65
7541,1,17,2,53.29,5.32,35.17
7541,2,34,3,76.58,11.48,52.84
7542,1,20,4,57.40,11.48,41.32
7542,2,37,5,80.69,20.17,29.85
7543,1,23,6,61.51,3.07,24.60
7543,2,40,7,84.80,8.48,36.46
7544,1,26,8,65.62,9.84,30.18
7544,2,43,1,88.91,17.78,43.56
7545,1,29,2,69.73,17.43,36.25
7545,2,46,3,93.02,4.65,51.16
7546,1,32,4,73.84,7.38,42.82
7546,2,49,5,97.13,14.56,59.24
7547,1,35,6,77.95,15.59,49.88
7547,2,52,7,101.24,25.31,67.83
7548,1,38,8,82.06,4.10,57.44
7548,2,55,1,105.35,10.53,36.87
7549,1,41,2,86.17,12.92,32.74
7549,2,58,3,109.46,21.89,44.87
7550,1,44,4,90.28,22.57,39.72
7550,2,61,5,113.57,0.00,53.37
7551,1,47,6,94.39,0.00,47.19
7551,2,64,7,117.68,0.00,62.37
7552,1,50,8,98.50,0.00,55.16
7552,2,67,1,121.79,0.00,71.85
7553,1,53,2,102.61,0.00,63.61
7553,2,70,3,125.90,0.00,81.83
7554,1,56,4,106.72,0.00,72.56
7554,2,73,5,130.01,0.00,92.30
7555,1,59,6,110.83,0.00,39.89
7555,2,76,7,134.12,0.00,52.30
7556,1,62,8,114.94,0.00,48.27
7556,2,79,1,138.23,0.00,62.20
7557,1,65,2,119.05,0.00,57.14
7557,2,82,3,142.34,0.00,72.59
7558,1,68,4,123.16,0.00,66.50
7558,2,85,5,146.45,0.00,83.47
7559,1,71,6,127.27,0.00,76.36
7559,2,88,7,150.56,0.00,94.85
7560,1,74,8,131.38,0.00,86.71
7560,2,91,1,154.67,0.00,106.72
7561,1,77,2,135.49,0.00,97.55
7561,2,94,3,158.78,0.00,58.74
7562,1,80,4,139.60,0.00,55.84
7562,2,97,5,162.89,0.00,70.04
7563,1,83,6,143.71,0.00,66.10
7563,2,100,7,167.00,0.00,81.83
7564,1,86,8,147.82,0.00,76.86
7564,2,103,1,171.11,0.00,94.11
7565,1,89,2,151.93,0.00,88.11
7565,2,106,3,175.22,0.00,106.88
7566,1,92,4,156.04,0.00,99.86
7566,2,109,5,179.33,0.00,120.15
7567,1,95,6,160.15,0.00,112.10
7567,2,112,7,183.44,0.00,64.20
7568,1,98,8,164.26,0.00,62.41
7568,2,3,1,34.11,0.00,13.98
7569,1,101,2,168.37,0.00,74.08
7569,2,6,3,38.22,0.00,17.96
7570,1,104,4,172.48,0.00,86.24
7570,2,9,5,42.33,0.00,22.43
7571,1,107,6,176.59,0.00,98.89
7571,2,12,7,46.44,0.00,27.39
7572,1,110,8,180.70,0.00,112.03
7572,2,15,1,50.55,0.00,32.85
7573,1,1,2,31.37,0.00,21.33
7573,2,18,3,54.66,0.00,38.80
7574,1,4,4,35.48,0.00,12.77
7574,2,21,5,58.77,0.00,22.92
7575,1,7,6,39.59,0.00,16.62
7575,2,24,7,62.88,0.00,28.29
7576,1,10,8,43.70,0.00,20.97
7576,2,27,1,66.99,0.00,34.16
7577,1,13,2,47.81,0.00,25.81
7577,2,30,3,71.10,0.00,40.52
7578,1,16,4,51.92,0.00,31.15
7578,2,33,5,75.21,0.00,47.38
7579,1,19,6,56.03,0.00,36.97
7579,2,36,7,79.32,0.00,54.73
7580,1,22,8,60.14,0.00,43.30
7580,2,39,1,83.43,0.00,30.86
7581,1,25,2,64.25,0.00,25.70
7581,2,42,3,87.54,13.13,37.64
7582,1,28,4,68.36,13.67,31.44
7582,2,45,5,91.65,22.91,44.90
7583,1,31,6,72.47,3.62,37.68
7583,2,48,7,95.76,9.57,52.66
7584,1,34,8,76.58,11.48,44.41
7584,2,51,1,99.87,19.97,60.92
7585,1,37,2,80.69,20.17,51.64
7585,2,54,3,103.98,5.19,69.66
7586,1,40,4,84.80,8.48,59.36
7586,2,57,5,108.09,16.21,37.83
7587,1,43,6,88.91,17.78,33.78
7587,2,60,7,112.20,28.05,46.00
7588,1,46,8,93.02,4.65,40.92
7588,2,63,1,116.31,11.63,54.66
7589,1,49,2,97.13,14.56,48.56
7589,2,66,3,120.42,24.08,63.82
7590,1,52,4,101.24,25.31,56.69
7590,2,69,5,124.53,6.22,73.47
7591,1,55,6,105.35,10.53,65.31
7591,2,72,7,128.64,19.29,83.61
7592,1,58,8,109.46,21.89,74.43
7592,2,75,1,132.75,33.18,94.25
7593,1,61,2,113.57,5.67,40.88
7593,2,78,3,136.86,13.68,53.37
7594,1,64,4,117.68,17.65,49.42
7594,2,81,5,140.97,28.19,63.43
7595,1,67,6,121.79,30.44,58.45
7595,2,84,7,145.08,7.25,73.99
7596,1,70,8,125.90,12.59,67.98
7596,2,87,1,149.19,22.37,85.03
7597,1,73,2,130.01,26.00,78.00
7597,2,90,3,153.30,38.32,96.57
7598,1,76,4,134.12,6.70,88.51
7598,2,93,5,157.41,15.74,108.61
7599,1,79,6,138.23,20.73,99.52
7599,2,96,7,161.52,32.30,59.76
7600,1,82,8,142.34,35.58,56.93
7600,2,99,1,165.63,0.00,71.22
7601,1,85,2,146.45,0.00,67.36
7601,2,102,3,169.74,0.00,83.17
7602,1,88,4,150.56,0.00,78.29
7602,2,105,5,173.85,0.00,95.61
7603,1,91,6,154.67,0.00,89.70
7603,2,108,7,177.96,0.00,108.55
7604,1,94,8,158.78,0.00,101.61
7604,2,111,1,182.07,0.00,121.98
7605,1,97,2,162.89,0.00,114.02
7605,2,2,3,32.74,0.00,11.45
7606,1,100,4,167.00,0.00,63.46
7606,2,5,5,36.85,0.00,15.10
7607,1,103,6,171.11,0.00,75.28
7607,2,8,7,40.96,0.00,19.25
7608,1,106,8,175.22,0.00,87.61
7608,2,11,1,45.07,0.00,23.88
7609,1,109,2,179.33,0.00,100.42
7609,2,14,3,49.18,0.00,29.01
7610,1,112,4,183.44,0.00,113.73
7610,2,17,5,53.29,0.00,34.63
7611,1,3,6,34.11,0.00,23.19
7611,2,20,7,57.40,0.00,40.75
7612,1,6,8,38.22,0.00,13.75
7612,2,23,1,61.51,0.00,23.98
7613,1,9,2,42.33,0.00,17.77
7613,2,26,3,65.62,0.00,29.52
7614,1,12,4,46.44,0.00,22.29
7614,2,29,5,69.73,0.00,35.56
7615,1,15,6,50.55,0.00,27.29
7615,2,32,7,73.84,0.00,42.08
7616,1,18,8,54.66,0.00,32.79
7616,2,35,1,77.95,0.00,49.10
7617,1,21,2,58.77,0.00,38.78
7617,2,38,3,82.06,0.00,56.62
7618,1,24,4,62.88,0.00,45.27
7618,2,41,5,86.17,0.00,31.88
7619,1,27,6,66.99,0.00,26.79
7619,2,44,7,90.28,0.00,38.82
7620,1,30,8,71.10,0.00,32.70
7620,2,47,1,94.39,0.00,46.25
7621,1,33,2,75.21,0.00,39.10
7621,2,50,3,98.50,0.00,54.17
7622,1,36,4,79.32,0.00,46.00
7622,2,53,5,102.61,0.00,62.59
7623,1,39,6,83.43,0.00,53.39
7623,2,56,7,106.72,0.00,71.50
7624,1,42,8,87.54,0.00,61.27
7624,2,59,1,110.83,0.00,38.79
7625,1,45,2,91.65,0.00,34.82
7625,2,62,3,114.94,0.00,47.12
7626,1,48,4,95.76,0.00,42.13
7626,2,65,5,119.05,0.00,55.95
7627,1,51,6,99.87,0.00,49.93
7627,2,68,7,123.16,0.00,65.27
7628,1,54,8,103.98,0.00,58.22
7628,2,71,1,127.27,0.00,75.08
7629,1,57,2,108.09,0.00,67.01
7629,2,74,3,131.38,0.00,85.39
7630,1,60,4,112.20,0.00,76.29
7630,2,77,5,135.49,0.00,96.19
7631,1,63,6,116.31,0.00,41.87
7631,2,80,7,139.60,20.94,54.44
7632,1,66,8,120.42,24.08,50.57
7632,2,83,1,143.71,35.92,64.66
7633,1,69,2,124.53,6.22,59.77
7633,2,86,3,147.82,14.78,75.38
7634,1,72,4,128.64,19.29,69.46
7634,2,89,5,151.93,30.38,86.60
7635,1,75,6,132.75,33.18,79.65
7635,2,92,7,156.04,7.80,98.30
7636,1,78,8,136.86,13.68,90.32
7636,2,95,1,160.15,24.02,110.50
7637,1,81,2,140.97,28.19,101.49
7637,2,98,3,164.26,41.06,60.77
7638,1,84,4,145.08,7.25,58.03
7638,2,101,5,168.37,16.83,72.39
7639,1,87,6,149.19,22.37,68.62
7639,2,104,7,172.48,34.49,84.51
7640,1,90,8,153.30,38.32,79.71
7640,2,107,1,176.59,8.82,97.12
7641,1,93,2,157.41,15.74,91.29
7641,2,110,3,180.70,27.10,110.22
7642,1,96,4,161.52,32.30,103.37
7642,2,1,5,31.37,7.84,21.01
7643,1,99,6,165.63,8.28,115.94
7643,2,4,7,35.48,3.54,12.41
7644,1,102,8,169.74,25.46,64.50
7644,2,7,1,39.59,7.91,16.23
7645,1,105,2,173.85,43.46,76.49
7645,2,10,3,43.70,2.18,20.53
7646,1,108,4,177.96,17.79,88.98
7646,2,13,5,47.81,7.17,25.33
7647,1,111,6,182.07,36.41,101.95
7647,2,16,7,51.92,12.98,30.63
7648,1,2,8,32.74,1.63,20.29
7648,2,19,1,56.03,5.60,36.41
7649,1,5,2,36.85,5.52,25.05
7649,2,22,3,60.14,12.02,42.69
7650,1,8,4,40.96,10.24,14.74
7650,2,25,5,64.25,0.00,25.05
7651,1,11,6,45.07,0.00,18.92
7651,2,28,7,68.36,0.00,30.76
7652,1,14,8,49.18,0.00,23.60
7652,2,31,1,72.47,0.00,36.95
7653,1,17,2,53.29,0.00,28.77
7653,2,34,3,76.58,0.00,43.65
7654,1,20,4,57.40,0.00,34.44
7654,2,37,5,80.69,0.00,50.83
7655,1,23,6,61.51,0.00,40.59
7655,2,40,7,84.80,0.00,58.51
7656,1,26,8,65.62,0.00,47.24
7656,2,43,1,88.91,0.00,32.89
7657,1,29,2,69.73,0.00,27.89
7657,2,46,3,93.02,0.00,39.99
7658,1,32,4,73.84,0.00,33.96
7658,2,49,5,97.13,0.00,47.59
7659,1,35,6,77.95,0.00,40.53
7659,2,52,7,101.24,0.00,55.68
7660,1,38,8,82.06,0.00,47.59
7660,2,55,1,105.35,0.00,64.26
7661,1,41,2,86.17,0.00,55.14
7661,2,58,3,109.46,0.00,73.33
7662,1,44,4,90.28,0.00,63.19
7662,2,61,5,113.57,0.00,39.74
7663,1,47,6,94.39,0.00,35.86
7663,2,64,7,117.68,0.00,48.24
7664,1,50,8,98.50,0.00,43.34
7664,2,67,1,121.79,0.00,57.24
7665,1,53,2,102.61,0.00,51.30
7665,2,70,3,125.90,0.00,66.72
7666,1,56,4,106.72,0.00,59.76
7666,2,73,5,130.01,0.00,76.70
7667,1,59,6,110.83,0.00,68.71
7667,2,76,7,134.12,0.00,87.17
7668,1,62,8,114.94,0.00,78.15
7668,2,79,1,138.23,0.00,98.14
7669,1,65,2,119.05,0.00,42.85
7669,2,82,3,142.34,0.00,55.51
7670,1,68,4,123.16,0.00,51.72
7670,2,85,5,146.45,0.00,65.90
7671,1,71,6,127.27,0.00,61.08
7671,2,88,7,150.56,0.00,76.78
7672,1,74,8,131.38,0.00,70.94
7672,2,91,1,154.67,0.00,88.16
7673,1,77,2,135.49,0.00,81.29
7673,2,94,3,158.78,0.00,100.03
7674,1,80,4,139.60,0.00,92.13
7674,2,97,5,162.89,0.00,112.39
7675,1,83,6,143.71,0.00,103.47
7675,2,100,7,167.00,0.00,61.79
7676,1,86,8,147.82,0.00,59.12
7676,2,103,1,171.11,0.00,73.57
7677,1,89,2,151.93,0.00,69.88
7677,2,106,3,175.22,0.00,85.85
7678,1,92,4,156.04,0.00,81.14
7678,2,109,5,179.33,0.00,98.63
7679,1,95,6,160.15,0.00,92.88
7679,2,112,7,183.44,0.00,111.89
7680,1,98,8,164.26,0.00,105.12
7680,2,3,1,34.11,0.00,22.85
7681,1,101,2,168.37,0.00,117.85
7681,2,6,3,38.22,5.73,13.37
7682,1,104,4,172.48,34.49,65.54
7682,2,9,5,42.33,10.58,17.35
7683,1,107,6,176.59,8.82,77.69
7683,2,12,7,46.44,4.64,21.82
7684,1,110,8,180.70,27.10,90.35
7684,2,15,1,50.55,10.11,26.79
7685,1,1,2,31.37,7.84,17.56
7685,2,18,3,54.66,2.73,32.24
7686,1,4,4,35.48,3.54,21.99
7686,2,21,5,58.77,8.81,38.20
7687,1,7,6,39.59,7.91,26.92
7687,2,24,7,62.88,15.72,44.64
7688,1,10,8,43.70,2.18,15.73
7688,2,27,1,66.99,6.69,26.12
7689,1,13,2,47.81,7.17,20.08
7689,2,30,3,71.10,14.22,31.99
7690,1,16,4,51.92,12.98,24.92
7690,2,33,5,75.21,3.76,38.35
7691,1,19,6,56.03,5.60,30.25
7691,2,36,7,79.32,11.89,45.21
7692,1,22,8,60.14,12.02,36.08
7692,2,39,1,83.43,20.85,52.56
7693,1,25,2,64.25,3.21,42.40
7693,2,42,3,87.54,8.75,60.40
7694,1,28,4,68.36,10.25,49.21
7694,2,45,5,91.65,18.33,33.91
7695,1,31,6,72.47,18.11,28.98
7695,2,48,7,95.76,4.78,41.17
7696,1,34,8,76.58,7.65,35.22
7696,2,51,1,99.87,14.98,48.93
7697,1,37,2,80.69,16.13,41.95
7697,2,54,3,103.98,25.99,57.18
7698,1,40,4,84.80,4.24,49.18
7698,2,57,5,108.09,10.80,65.93
7699,1,43,6,88.91,13.33,56.90
7699,2,60,7,112.20,22.44,75.17
7700,1,46,8,93.02,23.25,65.11
7700,2,63,1,116.31,0.00,40.70
7701,1,49,2,97.13,0.00,36.90
7701,2,66,3,120.42,0.00,49.37
7702,1,52,4,101.24,0.00,44.54
7702,2,69,5,124.53,0.00,58.52
7703,1,55,6,105.35,0.00,52.67
7703,2,72,7,128.64,0.00,68.17
7704,1,58,8,109.46,0.00,61.29
7704,2,75,1,132.75,0.00,78.32
7705,1,61,2,113.57,0.00,70.41
7705,2,78,3,136.86,0.00,88.95
7706,1,64,4,117.68,0.00,80.02
7706,2,81,5,140.97,0.00,100.08
7707,1,67,6,121.79,0.00,43.84
7707,2,84,7,145.08,0.00,56.58
7708,1,70,8,125.90,0.00,52.87
7708,2,87,1,149.19,0.00,67.13
7709,1,73,2,130.01,0.00,62.40
7709,2,90,3,153.30,0.00,78.18
7710,1,76,4,134.12,0.00,72.42
7710,2,93,5,157.41,0.00,89.72
7711,1,79,6,138.23,0.00,82.93
7711,2,96,7,161.52,0.00,101.75
7712,1,82,8,142.34,0.00,93.94
7712,2,99,1,165.63,0.00,114.28
7713,1,85,2,146.45,0.00,105.44
7713,2,102,3,169.74,0.00,62.80
7714,1,88,4,150.56,0.00,60.22
7714,2,105,5,173.85,0.00,74.75
7715,1,91,6,154.67,0.00,71.14
7715,2,108,7,177.96,0.00,87.20
7716,1,94,8,158.78,0.00,82.56
7716,2,111,1,182.07,0.00,100.13
7717,1,97,2,162.89,0.00,94.47
7717,2,2,3,32.74,0.00,19.97
7718,1,100,4,167.00,0.00,106.88
7718,2,5,5,36.85,0.00,24.68
7719,1,103,6,171.11,0.00,119.77
7719,2,8,7,40.96,0.00,14.33
7720,1,106,8,175.22,0.00,66.58
7720,2,11,1,45.07,0.00,18.47
7721,1,109,2,179.33,0.00,78.90
7721,2,14,3,49.18,0.00,23.11
7722,1,112,4,183.44,0.00,91.72
7722,2,17,5,53.29,0.00,28.24
7723,1,3,6,34.11,0.00,19.10
7723,2,20,7,57.40,0.00,33.86
7724,1,6,8,38.22,0.00,23.69
7724,2,23,1,61.51,0.00,39.98
7725,1,9,2,42.33,0.00,28.78
7725,2,26,3,65.62,0.00,46.59
7726,1,12,4,46.44,0.00,16.71
7726,2,29,5,69.73,0.00,27.19
7727,1,15,6,50.55,0.00,21.23
7727,2,32,7,73.84,0.00,33.22
7728,1,18,8,54.66,0.00,26.23
7728,2,35,1,77.95,0.00,39.75
7729,1,21,2,58.77,0.00,31.73
7729,2,38,3,82.06,0.00,46.77
7730,1,24,4,62.88,0.00,37.72
7730,2,41,5,86.17,0.00,54.28
7731,1,27,6,66.99,0.00,44.21
7731,2,44,7,90.28,13.54,62.29
7732,1,30,8,71.10,14.22,51.19
7732,2,47,1,94.39,23.59,34.92
7733,1,33,2,75.21,3.76,30.08
7733,2,50,3,98.50,9.85,42.35
7734,1,36,4,79.32,11.89,36.48
7734,2,53,5,102.61,20.52,50.27
7735,1,39,6,83.43,20.85,43.38
7735,2,56,7,106.72,5.33,58.69
7736,1,42,8,87.54,8.75,50.77
7736,2,59,1,110.83,16.62,67.60
7737,1,45,2,91.65,18.33,58.65
7737,2,62,3,114.94,28.73,77.00
7738,1,48,4,95.76,4.78,67.03
7738,2,65,5,119.05,11.90,41.66
7739,1,51,6,99.87,14.98,37.95
7739,2,68,7,123.16,24.63,50.49
7740,1,54,8,103.98,25.99,45.75
7740,2,71,1,127.27,6.36,59.81
7741,1,57,2,108.09,10.80,54.04
7741,2,74,3,131.38,19.70,69.63
7742,1,60,4,112.20,22.44,62.83
7742,2,77,5,135.49,33.87,79.93
7743,1,63,6,116.31,5.81,72.11
7743,2,80,7,139.60,13.96,90.74
7744,1,66,8,120.42,18.06,81.88
7744,2,83,1,143.71,28.74,102.03
7745,1,69,2,124.53,31.13,44.83
7745,2,86,3,147.82,7.39,57.64
7746,1,72,4,128.64,12.86,54.02
7746,2,89,5,151.93,22.78,68.36
7747,1,75,6,132.75,26.55,63.72
7747,2,92,7,156.04,39.01,79.58
7748,1,78,8,136.86,6.84,73.90
7748,2,95,1,160.15,16.01,91.28
7749,1,81,2,140.97,21.14,84.58
7749,2,98,3,164.26,32.85,103.48
7750,1,84,4,145.08,36.27,95.75
7750,2,101,5,168.37,0.00,116.17
7751,1,87,6,149.19,0.00,107.41
7751,2,104,7,172.48,0.00,63.81
7752,1,90,8,153.30,0.00,61.32
7752,2,107,1,176.59,0.00,75.93
7753,1,93,2,157.41,0.00,72.40
7753,2,110,3,180.70,0.00,88.54
7754,1,96,4,161.52,0.00,83.99
7754,2,1,5,31.37,0.00,17.25
7755,1,99,6,165.63,0.00,96.06
7755,2,4,7,35.48,0.00,21.64
7756,1,102,8,169.74,0.00,108.63
7756,2,7,1,39.59,0.00,26.52
7757,1,105,2,173.85,0.00,121.69
7757,2,10,3,43.70,0.00,15.29
7758,1,108,4,177.96,0.00,67.62
7758,2,13,5,47.81,0.00,19.60
7759,1,111,6,182.07,0.00,80.11
7759,2,16,7,51.92,0.00,24.40
7760,1,2,8,32.74,0.00,16.37
7760,2,19,1,56.03,0.00,29.69
7761,1,5,2,36.85,0.00,20.63
7761,2,22,3,60.14,0.00,35.48
7762,1,8,4,40.96,0.00,25.39
7762,2,25,5,64.25,0.00,41.76
7763,1,11,6,45.07,0.00,30.64
7763,2,28,7,68.36,0.00,48.53
7764,1,14,8,49.18,0.00,17.70
7764,2,31,1,72.47,0.00,28.26
7765,1,17,2,53.29,0.00,22.38
7765,2,34,3,76.58,0.00,34.46
7766,1,20,4,57.40,0.00,27.55
7766,2,37,5,80.69,0.00,41.15
7767,1,23,6,61.51,0.00,33.21
7767,2,40,7,84.80,0.00,48.33
7768,1,26,8,65.62,0.00,39.37
7768,2,43,1,88.91,0.00,56.01
7769,1,29,2,69.73,0.00,46.02
7769,2,46,3,93.02,0.00,64.18
7770,1,32,4,73.84,0.00,53.16
7770,2,49,5,97.13,0.00,35.93
7771,1,35,6,77.95,0.00,31.18
7771,2,52,7,101.24,0.00,43.53
7772,1,38,8,82.06,0.00,37.74
7772,2,55,1,105.35,0.00,51.62
7773,1,41,2,86.17,0.00,44.80
7773,2,58,3,109.46,0.00,60.20
7774,1,44,4,90.28,0.00,52.36
7774,2,61,5,113.57,0.00,69.27
7775,1,47,6,94.39,0.00,60.40
7775,2,64,7,117.68,0.00,78.84
7776,1,50,8,98.50,0.00,68.95
7776,2,67,1,121.79,0.00,42.62
7777,1,53,2,102.61,0.00,38.99
7777,2,70,3,125.90,0.00,51.61
7778,1,56,4,106.72,0.00,46.95
7778,2,73,5,130.01,0.00,61.10
7779,1,59,6,110.83,0.00,55.41
7779,2,76,7,134.12,0.00,71.08
7780,1,62,8,114.94,0.00,64.36
7780,2,79,1,138.23,0.00,81.55
7781,1,65,2,119.05,0.00,73.81
7781,2,82,3,142.34,21.35,92.52
7782,1,68,4,123.16,24.63,83.74
7782,2,85,5,146.45,36.61,103.97
7783,1,71,6,127.27,6.36,45.81
7783,2,88,7,150.56,15.05,58.71
7784,1,74,8,131.38,19.70,55.17
7784,2,91,1,154.67,30.93,69.60
7785,1,77,2,135.49,33.87,65.03
7785,2,94,3,158.78,7.93,80.97
7786,1,80,4,139.60,13.96,75.38
7786,2,97,5,162.89,24.43,92.84
7787,1,83,6,143.71,28.74,86.22
7787,2,100,7,167.00,41.75,105.21
7788,1,86,8,147.82,7.39,97.56
7788,2,103,1,171.11,17.11,118.06
7789,1,89,2,151.93,22.78,109.38
7789,2,106,3,175.22,35.04,64.83
7790,1,92,4,156.04,39.01,62.41
7790,2,109,5,179.33,8.96,77.11
7791,1,95,6,160.15,16.01,73.66
7791,2,112,7,183.44,27.51,89.88
7792,1,98,8,164.26,32.85,85.41
7792,2,3,1,34.11,8.52,18.76
7793,1,101,2,168.37,8.41,97.65
7793,2,6,3,38.22,3.82,23.31
7794,1,104,4,172.48,25.87,110.38
7794,2,9,5,42.33,8.46,28.36
7795,1,107,6,176.59,44.14,123.61
7795,2,12,7,46.44,2.32,16.25
7796,1,110,8,180.70,18.07,68.66
7796,2,15,1,50.55,7.58,20.72
7797,1,1,2,31.37,6.27,13.80
7797,2,18,3,54.66,13.66,25.69
7798,1,4,4,35.48,1.77,17.74
7798,2,21,5,58.77,5.87,31.14
7799,1,7,6,39.59,5.93,22.17
7799,2,24,7,62.88,12.57,37.09
7800,1,10,8,43.70,10.92,27.09
7800,2,27,1,66.99,0.00,43.54
7801,1,13,2,47.81,0.00,32.51
7801,2,30,3,71.10,0.00,50.48
7802,1,16,4,51.92,0.00,18.69
7802,2,33,5,75.21,0.00,29.33
7803,1,19,6,56.03,0.00,23.53
7803,2,36,7,79.32,0.00,35.69
7804,1,22,8,60.14,0.00,28.86
7804,2,39,1,83.43,0.00,42.54
7805,1,25,2,64.25,0.00,34.69
7805,2,42,3,87.54,0.00,49.89
7806,1,28,4,68.36,0.00,41.01
7806,2,45,5,91.65,0.00,57.73
7807,1,31,6,72.47,0.00,47.83
7807,2,48,7,95.76,0.00,66.07
7808,1,34,8,76.58,0.00,55.13
7808,2,51,1,99.87,0.00,36.95
7809,1,37,2,80.69,0.00,32.27
7809,2,54,3,103.98,0.00,44.71
7810,1,40,4,84.80,0.00,39.00
7810,2,57,5,108.09,0.00,52.96
7811,1,43,6,88.91,0.00,46.23
7811,2,60,7,112.20,0.00,61.71
7812,1,46,8,93.02,0.00,53.95
7812,2,63,1,116.31,0.00,70.94
7813,1,49,2,97.13,0.00,62.16
7813,2,66,3,120.42,0.00,80.68
7814,1,52,4,101.24,0.00,70.86
7814,2,69,5,124.53,0.00,43.58
7815,1,55,6,105.35,0.00,40.03
7815,2,72,7,128.64,0.00,52.74
7816,1,58,8,109.46,0.00,48.16
7816,2,75,1,132.75,0.00,62.39
7817,1,61,2,113.57,0.00,56.78
7817,2,78,3,136.86,0.00,72.53
7818,1,64,4,117.68,0.00,65.90
7818,2,81,5,140.97,0.00,83.17
7819,1,67,6,121.79,0.00,75.50
7819,2,84,7,145.08,0.00,94.30
7820,1,70,8,125.90,0.00,85.61
7820,2,87,1,149.19,0.00,105.92
7821,1,73,2,130.01,0.00,46.80
7821,2,90,3,153.30,0.00,59.78
7822,1,76,4,134.12,0.00,56.33
7822,2,93,5,157.41,0.00,70.83
7823,1,79,6,138.23,0.00,66.35
7823,2,96,7,161.52,0.00,82.37
7824,1,82,8,142.34,0.00,76.86
7824,2,99,1,165.63,0.00,94.40
7825,1,85,2,146.45,0.00,87.87
7825,2,102,3,169.74,0.00,106.93
7826,1,88,4,150.56,0.00,99.36
7826,2,105,5,173.85,0.00,119.95
7827,1,91,6,154.67,0.00,111.36
7827,2,108,7,177.96,0.00,65.84
7828,1,94,8,158.78,0.00,63.51
7828,2,111,1,182.07,0.00,78.29
7829,1,97,2,162.89,0.00,74.92
7829,2,2,3,32.74,0.00,16.04
7830,1,100,4,167.00,0.00,86.84
7830,2,5,5,36.85,0.00,20.26
7831,1,103,6,171.11,0.00,99.24
7831,2,8,7,40.96,6.14,24.98
7832,1,106,8,175.22,35.04,112.14
7832,2,11,1,45.07,11.26,30.19
7833,1,109,2,179.33,8.96,125.53
7833,2,14,3,49.18,4.91,17.21
7834,1,112,4,183.44,27.51,69.70
7834,2,17,5,53.29,10.65,21.84
7835,1,3,6,34.11,8.52,15.00
7835,2,20,7,57.40,2.87,26.97
7836,1,6,8,38.22,3.82,19.11
7836,2,23,1,61.51,9.22,32.60
7837,1,9,2,42.33,8.46,23.70
7837,2,26,3,65.62,16.40,38.71
7838,1,12,4,46.44,2.32,28.79
7838,2,29,5,69.73,6.97,45.32
7839,1,15,6,50.55,7.58,34.37
7839,2,32,7,73.84,14.76,52.42
7840,1,18,8,54.66,13.66,19.67
7840,2,35,1,77.95,3.89,30.40
7841,1,21,2,58.77,5.87,24.68
7841,2,38,3,82.06,12.30,36.92
7842,1,24,4,62.88,12.57,30.18
7842,2,41,5,86.17,21.54,43.94
7843,1,27,6,66.99,3.34,36.17
7843,2,44,7,90.28,9.02,51.45
7844,1,30,8,71.10,10.66,42.66
7844,2,47,1,94.39,18.87,59.46
7845,1,33,2,75.21,18.80,49.63
7845,2,50,3,98.50,4.92,67.96
7846,1,36,4,79.32,7.93,57.11
7846,2,53,5,102.61,15.39,37.96
7847,1,39,6,83.43,16.68,33.37
7847,2,56,7,106.72,26.68,45.88
7848,1,42,8,87.54,4.37,40.26
7848,2,59,1,110.83,11.08,54.30
7849,1,45,2,91.65,13.74,47.65
7849,2,62,3,114.94,22.98,63.21
7850,1,48,4,95.76,23.94,55.54
7850,2,65,5,119.05,0.00,72.62
7851,1,51,6,99.87,0.00,63.91
7851,2,68,7,123.16,0.00,82.51
7852,1,54,8,103.98,0.00,72.78
7852,2,71,1,127.27,0.00,44.54
7853,1,57,2,108.09,0.00,41.07
7853,2,74,3,131.38,0.00,53.86
7854,1,60,4,112.20,0.00,49.36
7854,2,77,5,135.49,0.00,63.68
7855,1,63,6,116.31,0.00,58.15
7855,2,80,7,139.60,0.00,73.98
7856,1,66,8,120.42,0.00,67.43
7856,2,83,1,143.71,0.00,84.78
7857,1,69,2,124.53,0.00,77.20
7857,2,86,3,147.82,0.00,96.08
7858,1,72,4,128.64,0.00,87.47
7858,2,89,5,151.93,0.00,107.87
7859,1,75,6,132.75,0.00,47.79
7859,2,92,7,156.04,0.00,60.85
7860,1,78,8,136.86,0.00,57.48
7860,2,95,1,160.15,0.00,72.06
7861,1,81,2,140.97,0.00,67.66
7861,2,98,3,164.26,0.00,83.77
7862,1,84,4,145.08,0.00,78.34
7862,2,101,5,168.37,0.00,95.97
7863,1,87,6,149.19,0.00,89.51
7863,2,104,7,172.48,0.00,108.66
7864,1,90,8,153.30,0.00,101.17
7864,2,107,1,176.59,0.00,121.84
7865,1,93,2,157.41,0.00,113.33
7865,2,110,3,180.70,0.00,66.85
7866,1,96,4,161.52,0.00,64.60
7866,2,1,5,31.37,0.00,13.48
7867,1,99,6,165.63,0.00,76.18
7867,2,4,7,35.48,0.00,17.38
7868,1,102,8,169.74,0.00,88.26
7868,2,7,1,39.59,0.00,21.77
7869,1,105,2,173.85,0.00,100.83
7869,2,10,3,43.70,0.00,26.65
7870,1,108,4,177.96,0.00,113.89
7870,2,13,5,47.81,0.00,32.03
7871,1,111,6,182.07,0.00,127.44
7871,2,16,7,51.92,0.00,18.17
7872,1,2,8,32.74,0.00,12.44
7872,2,19,1,56.03,0.00,22.97
7873,1,5,2,36.85,0.00,16.21
7873,2,22,3,60.14,0.00,28.26
7874,1,8,4,40.96,0.00,20.48
7874,2,25,5,64.25,0.00,34.05
7875,1,11,6,45.07,0.00,25.23
7875,2,28,7,68.36,0.00,40.33
7876,1,14,8,49.18,0.00,30.49
7876,2,31,1,72.47,0.00,47.10
7877,1,17,2,53.29,0.00,36.23
7877,2,34,3,76.58,0.00,54.37
7878,1,20,4,57.40,0.00,20.66
7878,2,37,5,80.69,0.00,31.46
7879,1,23,6,61.51,0.00,25.83
7879,2,40,7,84.80,0.00,38.16
7880,1,26,8,65.62,0.00,31.49
7880,2,43,1,88.91,0.00,45.34
7881,1,29,2,69.73,0.00,37.65
7881,2,46,3,93.02,13.95,53.02
7882,1,32,4,73.84,14.76,44.30
7882,2,49,5,97.13,24.28,61.19
7883,1,35,6,77.95,3.89,51.44
7883,2,52,7,101.24,10.12,69.85
7884,1,38,8,82.06,12.30,59.08
7884,2,55,1,105.35,21.07,38.97
7885,1,41,2,86.17,21.54,34.46
7885,2,58,3,109.46,5.47,47.06
7886,1,44,4,90.28,9.02,41.52
7886,2,61,5,113.57,17.03,55.64
7887,1,47,6,94.39,18.87,49.08
7887,2,64,7,117.68,29.42,64.72
7888,1,50,8,98.50,4.92,57.13
7888,2,67,1,121.79,12.17,74.29
7889,1,53,2,102.61,15.39,65.67
7889,2,70,3,125.90,25.18,84.35
7890,1,56,4,106.72,26.68,74.70
7890,2,73,5,130.01,6.50,45.50
7891,1,59,6,110.83,11.08,42.11
7891,2,76,7,134.12,20.11,54.98
7892,1,62,8,114.94,22.98,50.57
7892,2,79,1,138.23,34.55,64.96
7893,1,65,2,119.05,5.95,59.52
7893,2,82,3,142.34,14.23,75.44
7894,1,68,4,123.16,18.47,68.96
7894,2,85,5,146.45,29.29,86.40
7895,1,71,6,127.27,31.81,78.90
7895,2,88,7,150.56,7.52,97.86
7896,1,74,8,131.38,13.13,89.33
7896,2,91,1,154.67,23.20,109.81
7897,1,77,2,135.49,27.09,48.77
7897,2,94,3,158.78,39.69,61.92
7898,1,80,4,139.60,6.98,58.63
7898,2,97,5,162.89,16.28,73.30
7899,1,83,6,143.71,21.55,68.98
7899,2,100,7,167.00,33.40,85.17
7900,1,86,8,147.82,36.95,79.82
7900,2,103,1,171.11,0.00,97.53
7901,1,89,2,151.93,0.00,91.15
7901,2,106,3,175.22,0.00,110.38
7902,1,92,4,156.04,0.00,102.98
7902,2,109,5,179.33,0.00,123.73
7903,1,95,6,160.15,0.00,115.30
7903,2,112,7,183.44,0.00,67.87
7904,1,98,8,164.26,0.00,65.70
7904,2,3,1,34.11,0.00,14.66
7905,1,101,2,168.37,0.00,77.45
7905,2,6,3,38.22,0.00,18.72
7906,1,104,4,172.48,0.00,89.68
7906,2,9,5,42.33,0.00,23.28
7907,1,107,6,176.59,0.00,102.42
7907,2,12,7,46.44,0.00,28.32
7908,1,110,8,180.70,0.00,115.64
7908,2,15,1,50.55,0.00,33.86
7909,1,1,2,31.37,0.00,21.95
7909,2,18,3,54.66,0.00,19.13
7910,1,4,4,35.48,0.00,13.48
7910,2,21,5,58.77,0.00,24.09
7911,1,7,6,39.59,0.00,17.41
7911,2,24,7,62.88,0.00,29.55
7912,1,10,8,43.70,0.00,21.85
7912,2,27,1,66.99,0.00,35.50
7913,1,13,2,47.81,0.00,26.77
7913,2,30,3,71.10,0.00,41.94
7914,1,16,4,51.92,0.00,32.19
7914,2,33,5,75.21,0.00,48.88
7915,1,19,6,56.03,0.00,38.10
7915,2,36,7,79.32,0.00,56.31
7916,1,22,8,60.14,0.00,21.65
7916,2,39,1,83.43,0.00,32.53
7917,1,25,2,64.25,0.00,26.98
7917,2,42,3,87.54,0.00,39.39
7918,1,28,4,68.36,0.00,32.81
7918,2,45,5,91.65,0.00,46.74
7919,1,31,6,72.47,0.00,39.13
7919,2,48,7,95.76,0.00,54.58
7920,1,34,8,76.58,0.00,45.94
7920,2,51,1,99.87,0.00,62.91
7921,1,37,2,80.69,0.00,53.25
7921,2,54,3,103.98,0.00,71.74
7922,1,40,4,84.80,0.00,61.05
7922,2,57,5,108.09,0.00,39.99
7923,1,43,6,88.91,0.00,35.56
7923,2,60,7,112.20,0.00,48.24
7924,1,46,8,93.02,0.00,42.78
7924,2,63,1,116.31,0.00,56.99
7925,1,49,2,97.13,0.00,50.50
7925,2,66,3,120.42,0.00,66.23
7926,1,52,4,101.24,0.00,58.71
7926,2,69,5,124.53,0.00,75.96
7927,1,55,6,105.35,0.00,67.42
7927,2,72,7,128.64,0.00,86.18
7928,1,58,8,109.46,0.00,76.62
7928,2,75,1,132.75,0.00,46.46
7929,1,61,2,113.57,0.00,43.15
7929,2,78,3,136.86,0.00,56.11
7930,1,64,4,117.68,0.00,51.77
7930,2,81,5,140.97,0.00,66.25
7931,1,67,6,121.79,0.00,60.89
7931,2,84,7,145.08,21.76,76.89
7932,1,70,8,125.90,25.18,70.50
7932,2,87,1,149.19,37.29,88.02
7933,1,73,2,130.01,6.50,80.60
7933,2,90,3,153.30,15.33,99.64
7934,1,76,4,134.12,20.11,91.20
7934,2,93,5,157.41,31.48,111.76
7935,1,79,6,138.23,34.55,49.76
7935,2,96,7,161.52,8.07,62.99
7936,1,82,8,142.34,14.23,59.78
7936,2,99,1,165.63,24.84,74.53
7937,1,85,2,146.45,29.29,70.29
7937,2,102,3,169.74,42.43,86.56
7938,1,88,4,150.56,7.52,81.30
7938,2,105,5,173.85,17.38,99.09
7939,1,91,6,154.67,23.20,92.80
7939,2,108,7,177.96,35.59,112.11
7940,1,94,8,158.78,39.69,104.79
7940,2,111,1,182.07,9.10,125.62
7941,1,97,2,162.89,16.28,117.28
7941,2,2,3,32.74,4.91,12.11
7942,1,100,4,167.00,33.40,66.80
7942,2,5,5,36.85,9.21,15.84
7943,1,103,6,171.11,8.55,78.71
7943,2,8,7,40.96,4.09,20.07
7944,1,106,8,175.22,26.28,91.11
7944,2,11,1,45.07,9.01,24.78
7945,1,109,2,179.33,44.83,104.01
7945,2,14,3,49.18,2.45,29.99
7946,1,112,4,183.44,18.34,117.40
7946,2,17,5,53.29,7.99,35.70
7947,1,3,6,34.11,6.82,23.87
7947,2,20,7,57.40,14.35,20.09
7948,1,6,8,38.22,1.91,14.52
7948,2,23,1,61.51,6.15,25.21
7949,1,9,2,42.33,6.34,18.62
7949,2,26,3,65.62,13.12,30.84
7950,1,12,4,46.44,11.61,23.22
7950,2,29,5,69.73,0.00,36.95
7951,1,15,6,50.55,0.00,28.30
7951,2,32,7,73.84,0.00,43.56
7952,1,18,8,54.66,0.00,33.88
7952,2,35,1,77.95,0.00,50.66
7953,1,21,2,58.77,0.00,39.96
7953,2,38,3,82.06,0.00,58.26
7954,1,24,4,62.88,0.00,22.63
7954,2,41,5,86.17,0.00,33.60
7955,1,27,6,66.99,0.00,28.13
7955,2,44,7,90.28,0.00,40.62
7956,1,30,8,71.10,0.00,34.12
7956,2,47,1,94.39,0.00,48.13
7957,1,33,2,75.21,0.00,40.61
7957,2,50,3,98.50,0.00,56.14
7958,1,36,4,79.32,0.00,47.59
7958,2,53,5,102.61,0.00,64.64
7959,1,39,6,83.43,0.00,55.06
7959,2,56,7,106.72,0.00,73.63
7960,1,42,8,87.54,0.00,63.02
7960,2,59,1,110.83,0.00,41.00
7961,1,45,2,91.65,0.00,36.66
7961,2,62,3,114.94,0.00,49.42
7962,1,48,4,95.76,0.00,44.04
7962,2,65,5,119.05,0.00,58.33
7963,1,51,6,99.87,0.00,51.93
7963,2,68,7,123.16,0.00,67.73
7964,1,54,8,103.98,0.00,60.30
7964,2,71,1,127.27,0.00,77.63
7965,1,57,2,108.09,0.00,69.17
7965,2,74,3,131.38,0.00,88.02
7966,1,60,4,112.20,0.00,78.54
7966,2,77,5,135.49,0.00,47.42
7967,1,63,6,116.31,0.00,44.19
7967,2,80,7,139.60,0.00,57.23
7968,1,66,8,120.42,0.00,52.98
7968,2,83,1,143.71,0.00,67.54
7969,1,69,2,124.53,0.00,62.26
7969,2,86,3,147.82,0.00,78.34
7970,1,72,4,128.64,0.00,72.03
7970,2,89,5,151.93,0.00,89.63
7971,1,75,6,132.75,0.00,82.30
7971,2,92,7,156.04,0.00,101.42
7972,1,78,8,136.86,0.00,93.06
7972,2,95,1,160.15,0.00,113.70
7973,1,81,2,140.97,0.00,50.74
7973,2,98,3,164.26,0.00,64.06
7974,1,84,4,145.08,0.00,60.93
7974,2,101,5,168.37,0.00,75.76
7975,1,87,6,149.19,0.00,71.61
7975,2,104,7,172.48,0.00,87.96
7976,1,90,8,153.30,0.00,82.78
7976,2,107,1,176.59,0.00,100.65
7977,1,93,2,157.41,0.00,94.44
7977,2,110,3,180.70,0.00,113.84
7978,1,96,4,161.52,0.00,106.60
7978,2,1,5,31.37,0.00,21.64
7979,1,99,6,165.63,0.00,119.25
7979,2,4,7,35.48,0.00,13.12
7980,1,102,8,169.74,0.00,67.89
7980,2,7,1,39.59,0.00,17.02
7981,1,105,2,173.85,0.00,79.97
7981,2,10,3,43.70,6.55,21.41
7982,1,108,4,177.96,35.59,92.53
7982,2,13,5,47.81,11.95,26.29
7983,1,111,6,182.07,9.10,105.60
7983,2,16,7,51.92,5.19,31.67
7984,1,2,8,32.74,4.91,20.95
7984,2,19,1,56.03,11.20,37.54
7985,1,5,2,36.85,9.21,25.79
7985,2,22,3,60.14,3.00,21.04
7986,1,8,4,40.96,4.09,15.56
7986,2,25,5,64.25,9.63,26.34
7987,1,11,6,45.07,9.01,19.83
7987,2,28,7,68.36,17.09,32.12
7988,1,14,8,49.18,2.45,24.59
7988,2,31,1,72.47,7.24,38.40
7989,1,17,2,53.29,7.99,29.84
7989,2,34,3,76.58,15.31,45.18
7990,1,20,4,57.40,14.35,35.58
7990,2,37,5,80.69,4.03,52.44
7991,1,23,6,61.51,6.15,41.82
7991,2,40,7,84.80,12.72,60.20
7992,1,26,8,65.62,13.12,23.62
7992,2,43,1,88.91,22.22,34.67
7993,1,29,2,69.73,3.48,29.28
7993,2,46,3,93.02,9.30,41.85
7994,1,32,4,73.84,11.07,35.44
7994,2,49,5,97.13,19.42,49.53
7995,1,35,6,77.95,19.48,42.09
7995,2,52,7,101.24,5.06,57.70
7996,1,38,8,82.06,8.20,49.23
7996,2,55,1,105.35,15.80,66.37
7997,1,41,2,86.17,17.23,56.87
7997,2,58,3,109.46,27.36,75.52
7998,1,44,4,90.28,4.51,65.00
7998,2,61,5,113.57,11.35,42.02
7999,1,47,6,94.39,14.15,37.75
7999,2,64,7,117.68,23.53,50.60
8000,1,50,8,98.50,24.62,45.31
8000,2,67,1,121.79,0.00,59.67
8001,1,53,2,102.61,0.00,53.35
8001,2,70,3,125.90,0.00,69.24
8002,1,56,4,106.72,0.00,61.89
8002,2,73,5,130.01,0.00,79.30
8003,1,59,6,110.83,0.00,70.93
8003,2,76,7,134.12,0.00,89.86
8004,1,62,8,114.94,0.00,80.45
8004,2,79,1,138.23,0.00,48.38
8005,1,65,2,119.05,0.00,45.23
8005,2,82,3,142.34,0.00,58.35
8006,1,68,4,123.16,0.00,54.19
8006,2,85,5,146.45,0.00,68.83
8007,1,71,6,127.27,0.00,63.63
8007,2,88,7,150.56,0.00,79.79
8008,1,74,8,131.38,0.00,73.57
8008,2,91,1,154.67,0.00,91.25
8009,1,77,2,135.49,0.00,84.00
8009,2,94,3,158.78,0.00,103.20
8010,1,80,4,139.60,0.00,94.92
8010,2,97,5,162.89,0.00,115.65
8011,1,83,6,143.71,0.00,51.73
8011,2,100,7,167.00,0.00,65.13
8012,1,86,8,147.82,0.00,62.08
8012,2,103,1,171.11,0.00,76.99
8013,1,89,2,151.93,0.00,72.92
8013,2,106,3,175.22,0.00,89.36
8014,1,92,4,156.04,0.00,84.26
8014,2,109,5,179.33,0.00,102.21
8015,1,95,6,160.15,0.00,96.09
8015,2,112,7,183.44,0.00,115.56
8016,1,98,8,164.26,0.00,108.41
8016,2,3,1,34.11,0.00,23.53
8017,1,101,2,168.37,0.00,121.22
8017,2,6,3,38.22,0.00,14.14
8018,1,104,4,172.48,0.00,68.99
8018,2,9,5,42.33,0.00,18.20
8019,1,107,6,176.59,0.00,81.23
8019,2,12,7,46.44,0.00,22.75
8020,1,110,8,180.70,0.00,93.96
8020,2,15,1,50.55,0.00,27.80
8021,1,1,2,31.37,0.00,18.19
8021,2,18,3,54.66,0.00,33.34
8022,1,4,4,35.48,0.00,22.70
8022,2,21,5,58.77,0.00,39.37
8023,1,7,6,39.59,0.00,27.71
8023,2,24,7,62.88,0.00,22.00
8024,1,10,8,43.70,0.00,16.60
8024,2,27,1,66.99,0.00,27.46
8025,1,13,2,47.81,0.00,21.03
8025,2,30,3,71.10,0.00,33.41
8026,1,16,4,51.92,0.00,25.96
8026,2,33,5,75.21,0.00,39.86
8027,1,19,6,56.03,0.00,31.37
8027,2,36,7,79.32,0.00,46.79
8028,1,22,8,60.14,0.00,37.28
8028,2,39,1,83.43,0.00,54.22
8029,1,25,2,64.25,0.00,43.69
8029,2,42,3,87.54,0.00,62.15
8030,1,28,4,68.36,0.00,24.60
8030,2,45,5,91.65,0.00,35.74
8031,1,31,6,72.47,0.00,30.43
8031,2,48,7,95.76,14.36,43.09
8032,1,34,8,76.58,15.31,36.75
8032,2,51,1,99.87,24.96,50.93
8033,1,37,2,80.69,4.03,43.57
8033,2,54,3,103.98,10.39,59.26
8034,1,40,4,84.80,12.72,50.88
8034,2,57,5,108.09,21.61,68.09
8035,1,43,6,88.91,22.22,58.68
8035,2,60,7,112.20,5.61,77.41
8036,1,46,8,93.02,9.30,66.97
8036,2,63,1,116.31,17.44,43.03
8037,1,49,2,97.13,19.42,38.85
8037,2,66,3,120.42,30.10,51.78
8038,1,52,4,101.24,5.06,46.57
8038,2,69,5,124.53,12.45,61.01
8039,1,55,6,105.35,15.80,54.78
8039,2,72,7,128.64,25.72,70.75
8040,1,58,8,109.46,27.36,63.48
8040,2,75,1,132.75,6.63,80.97
8041,1,61,2,113.57,11.35,72.68
8041,2,78,3,136.86,20.52,91.69
8042,1,64,4,117.68,23.53,82.37
8042,2,81,5,140.97,35.24,49.33
8043,1,67,6,121.79,6.08,46.28
8043,2,84,7,145.08,14.50,59.48
8044,1,70,8,125.90,18.88,55.39
8044,2,87,1,149.19,29.83,70.11
8045,1,73,2,130.01,32.50,65.00
8045,2,90,3,153.30,7.66,81.24
8046,1,76,4,134.12,13.41,75.10
8046,2,93,5,157.41,23.61,92.87
8047,1,79,6,138.23,27.64,85.70
8047,2,96,7,161.52,40.38,104.98
8048,1,82,8,142.34,7.11,96.79
8048,2,99,1,165.63,16.56,117.59
8049,1,85,2,146.45,21.96,52.72
8049,2,102,3,169.74,33.94,66.19
8050,1,88,4,150.56,37.64,63.23
8050,2,105,5,173.85,0.00,78.23
8051,1,91,6,154.67,0.00,74.24
8051,2,108,7,177.96,0.00,90.75
8052,1,94,8,158.78,0.00,85.74
8052,2,111,1,182.07,0.00,103.77
8053,1,97,2,162.89,0.00,97.73
8053,2,2,3,32.74,0.00,20.62
8054,1,100,4,167.00,0.00,110.22
8054,2,5,5,36.85,0.00,25.42
8055,1,103,6,171.11,0.00,123.19
8055,2,8,7,40.96,0.00,15.15
8056,1,106,8,175.22,0.00,70.08
8056,2,11,1,45.07,0.00,19.38
8057,1,109,2,179.33,0.00,82.49
8057,2,14,3,49.18,0.00,24.09
8058,1,112,4,183.44,0.00,95.38
8058,2,17,5,53.29,0.00,29.30
8059,1,3,6,34.11,0.00,19.78
8059,2,20,7,57.40,0.00,35.01
8060,1,6,8,38.22,0.00,24.46
8060,2,23,1,61.51,0.00,41.21
8061,1,9,2,42.33,0.00,29.63
8061,2,26,3,65.62,0.00,22.96
8062,1,12,4,46.44,0.00,17.64
8062,2,29,5,69.73,0.00,28.58
8063,1,15,6,50.55,0.00,22.24
8063,2,32,7,73.84,0.00,34.70
8064,1,18,8,54.66,0.00,27.33
8064,2,35,1,77.95,0.00,41.31
8065,1,21,2,58.77,0.00,32.91
8065,2,38,3,82.06,0.00,48.41
8066,1,24,4,62.88,0.00,38.98
8066,2,41,5,86.17,0.00,56.01
8067,1,27,6,66.99,0.00,45.55
8067,2,44,7,90.28,0.00,64.09
8068,1,30,8,71.10,0.00,25.59
8068,2,47,1,94.39,0.00,36.81
8069,1,33,2,75.21,0.00,31.58
8069,2,50,3,98.50,0.00,44.32
8070,1,36,4,79.32,0.00,38.07
8070,2,53,5,102.61,0.00,52.33
8071,1,39,6,83.43,0.00,45.05
8071,2,56,7,106.72,0.00,60.83
8072,1,42,8,87.54,0.00,52.52
8072,2,59,1,110.83,0.00,69.82
8073,1,45,2,91.65,0.00,60.48
8073,2,62,3,114.94,0.00,79.30
8074,1,48,4,95.76,0.00,68.94
8074,2,65,5,119.05,0.00,44.04
8075,1,51,6,99.87,0.00,39.94
8075,2,68,7,123.16,0.00,52.95
8076,1,54,8,103.98,0.00,47.83
8076,2,71,1,127.27,0.00,62.36
8077,1,57,2,108.09,0.00,56.20
8077,2,74,3,131.38,0.00,72.25
8078,1,60,4,112.20,0.00,65.07
8078,2,77,5,135.49,0.00,82.64
8079,1,63,6,116.31,0.00,74.43
8079,2,80,7,139.60,0.00,93.53
8080,1,66,8,120.42,0.00,84.29
8080,2,83,1,143.71,0.00,50.29
8081,1,69,2,124.53,0.00,47.32
8081,2,86,3,147.82,22.17,60.60
8082,1,72,4,128.64,25.72,56.60
8082,2,89,5,151.93,37.98,71.40
8083,1,75,6,132.75,6.63,66.37
8083,2,92,7,156.04,15.60,82.70
8084,1,78,8,136.86,20.52,76.64
8084,2,95,1,160.15,32.03,94.48
8085,1,81,2,140.97,35.24,87.40
8085,2,98,3,164.26,8.21,106.76
8086,1,84,4,145.08,14.50,98.65
8086,2,101,5,168.37,25.25,119.54
8087,1,87,6,149.19,29.83,53.70
8087,2,104,7,172.48,43.12,67.26
8088,1,90,8,153.30,7.66,64.38
8088,2,107,1,176.59,17.65,79.46
8089,1,93,2,157.41,23.61,75.55
8089,2,110,3,180.70,36.14,92.15
8090,1,96,4,161.52,40.38,87.22
8090,2,1,5,31.37,1.56,17.88
8091,1,99,6,165.63,16.56,99.37
8091,2,4,7,35.48,5.32,22.35
8092,1,102,8,169.74,33.94,112.02
8092,2,7,1,39.59,9.89,27.31
8093,1,105,2,173.85,8.69,125.17
8093,2,10,3,43.70,4.37,16.16
8094,1,108,4,177.96,26.69,71.18
8094,2,13,5,47.81,9.56,20.55
8095,1,111,6,182.07,45.51,83.75
8095,2,16,7,51.92,2.59,25.44
8096,1,2,8,32.74,3.27,17.02
8096,2,19,1,56.03,8.40,30.81
8097,1,5,2,36.85,7.37,21.37
8097,2,22,3,60.14,15.03,36.68
8098,1,8,4,40.96,2.04,26.21
8098,2,25,5,64.25,6.42,43.04
8099,1,11,6,45.07,6.76,31.54
8099,2,28,7,68.36,13.67,23.92
8100,1,14,8,49.18,12.29,18.68
8100,2,31,1,72.47,0.00,29.71
8101,1,17,2,53.29,0.00,23.44
8101,2,34,3,76.58,0.00,35.99
8102,1,20,4,57.40,0.00,28.70
8102,2,37,5,80.69,0.00,42.76
8103,1,23,6,61.51,0.00,34.44
8103,2,40,7,84.80,0.00,50.03
8104,1,26,8,65.62,0.00,40.68
8104,2,43,1,88.91,0.00,57.79
8105,1,29,2,69.73,0.00,47.41
8105,2,46,3,93.02,0.00,66.04
8106,1,32,4,73.84,0.00,26.58
8106,2,49,5,97.13,0.00,37.88
8107,1,35,6,77.95,0.00,32.73
8107,2,52,7,101.24,0.00,45.55
8108,1,38,8,82.06,0.00,39.38
8108,2,55,1,105.35,0.00,53.72
8109,1,41,2,86.17,0.00,46.53
8109,2,58,3,109.46,0.00,62.39
8110,1,44,4,90.28,0.00,54.16
8110,2,61,5,113.57,0.00,71.54
8111,1,47,6,94.39,0.00,62.29
8111,2,64,7,117.68,0.00,81.19
8112,1,50,8,98.50,0.00,70.92
8112,2,67,1,121.79,0.00,45.06
8113,1,53,2,102.61,0.00,41.04
8113,2,70,3,125.90,0.00,54.13
8114,1,56,4,106.72,0.00,49.09
8114,2,73,5,130.01,0.00,63.70
8115,1,59,6,110.83,0.00,57.63
8115,2,76,7,134.12,0.00,73.76
8116,1,62,8,114.94,0.00,66.66
8116,2,79,1,138.23,0.00,84.32
8117,1,65,2,119.05,0.00,76.19
8117,2,82,3,142.34,0.00,95.36
8118,1,68,4,123.16,0.00,86.21
8118,2,85,5,146.45,0.00,51.25
8119,1,71,6,127.27,0.00,48.36
8119,2,88,7,150.56,0.00,61.72
8120,1,74,8,131.38,0.00,57.80
8120,2,91,1,154.67,0.00,72.69
8121,1,77,2,135.49,0.00,67.74
8121,2,94,3,158.78,0.00,84.15
8122,1,80,4,139.60,0.00,78.17
8122,2,97,5,162.89,0.00,96.10
8123,1,83,6,143.71,0.00,89.10
8123,2,100,7,167.00,0.00,108.55
8124,1,86,8,147.82,0.00,100.51
8124,2,103,1,171.11,0.00,121.48
8125,1,89,2,151.93,0.00,54.69
8125,2,106,3,175.22,0.00,68.33
8126,1,92,4,156.04,0.00,65.53
8126,2,109,5,179.33,0.00,80.69
8127,1,95,6,160.15,0.00,76.87
8127,2,112,7,183.44,0.00,93.55
8128,1,98,8,164.26,0.00,88.70
8128,2,3,1,34.11,0.00,19.44
8129,1,101,2,168.37,0.00,101.02
8129,2,6,3,38.22,0.00,24.07
8130,1,104,4,172.48,0.00,113.83
8130,2,9,5,42.33,0.00,29.20
8131,1,107,6,176.59,0.00,127.14
8131,2,12,7,46.44,6.96,17.18
8132,1,110,8,180.70,36.14,72.28
8132,2,15,1,50.55,12.63,21.73
8133,1,1,2,31.37,1.56,14.43
8133,2,18,3,54.66,5.46,26.78
8134,1,4,4,35.48,5.32,18.44
8134,2,21,5,58.77,11.75,32.32
8135,1,7,6,39.59,9.89,22.96
8135,2,24,7,62.88,3.14,38.35
8136,1,10,8,43.70,4.37,27.96
8136,2,27,1,66.99,10.04,44.88
8137,1,13,2,47.81,9.56,33.46
8137,2,30,3,71.10,17.77,24.88
8138,1,16,4,51.92,2.59,19.72
8138,2,33,5,75.21,7.52,30.83
8139,1,19,6,56.03,8.40,24.65
8139,2,36,7,79.32,15.86,37.28
8140,1,22,8,60.14,15.03,30.07
8140,2,39,1,83.43,4.17,44.21
8141,1,25,2,64.25,6.42,35.98
8141,2,42,3,87.54,13.13,51.64
8142,1,28,4,68.36,13.67,42.38
8142,2,45,5,91.65,22.91,59.57
8143,1,31,6,72.47,3.62,49.27
8143,2,48,7,95.76,9.57,67.98
8144,1,34,8,76.58,11.48,27.56
8144,2,51,1,99.87,19.97,38.94
8145,1,37,2,80.69,20.17,33.88
8145,2,54,3,103.98,5.19,46.79
8146,1,40,4,84.80,8.48,40.70
8146,2,57,5,108.09,16.21,55.12
8147,1,43,6,88.91,17.78,48.01
8147,2,60,7,112.20,28.05,63.95
8148,1,46,8,93.02,4.65,55.81
8148,2,63,1,116.31,11.63,73.27
8149,1,49,2,97.13,14.56,64.10
8149,2,66,3,120.42,24.08,83.08
8150,1,52,4,101.24,25.31,72.89
8150,2,69,5,124.53,0.00,46.07
8151,1,55,6,105.35,0.00,42.14
8151,2,72,7,128.64,0.00,55.31
8152,1,58,8,109.46,0.00,50.35
8152,2,75,1,132.75,0.00,65.04
8153,1,61,2,113.57,0.00,59.05
8153,2,78,3,136.86,0.00,75.27
8154,1,64,4,117.68,0.00,68.25
8154,2,81,5,140.97,0.00,85.99
8155,1,67,6,121.79,0.00,77.94
8155,2,84,7,145.08,0.00,97.20
8156,1,70,8,125.90,0.00,88.13
8156,2,87,1,149.19,0.00,52.21
8157,1,73,2,130.01,0.00,49.40
8157,2,90,3,153.30,0.00,62.85
8158,1,76,4,134.12,0.00,59.01
8158,2,93,5,157.41,0.00,73.98
8159,1,79,6,138.23,0.00,69.11
8159,2,96,7,161.52,0.00,85.60
8160,1,82,8,142.34,0.00,79.71
8160,2,99,1,165.63,0.00,97.72
8161,1,85,2,146.45,0.00,90.79
8161,2,102,3,169.74,0.00,110.33
8162,1,88,4,150.56,0.00,102.38
8162,2,105,5,173.85,0.00,123.43
8163,1,91,6,154.67,0.00,55.68
8163,2,108,7,177.96,0.00,69.40
8164,1,94,8,158.78,0.00,66.68
8164,2,111,1,182.07,0.00,81.93
8165,1,97,2,162.89,0.00,78.18
8165,2,2,3,32.74,0.00,16.69
8166,1,100,4,167.00,0.00,90.18
8166,2,5,5,36.85,0.00,21.00
8167,1,103,6,171.11,0.00,102.66
8167,2,8,7,40.96,0.00,25.80
8168,1,106,8,175.22,0.00,115.64
8168,2,11,1,45.07,0.00,31.09
8169,1,109,2,179.33,0.00,129.11
8169,2,14,3,49.18,0.00,18.19
8170,1,112,4,183.44,0.00,73.37
8170,2,17,5,53.29,0.00,22.91
8171,1,3,6,34.11,0.00,15.69
8171,2,20,7,57.40,0.00,28.12
8172,1,6,8,38.22,0.00,19.87
8172,2,23,1,61.51,0.00,33.83
8173,1,9,2,42.33,0.00,24.55
8173,2,26,3,65.62,0.00,40.02
8174,1,12,4,46.44,0.00,29.72
8174,2,29,5,69.73,0.00,46.71
8175,1,15,6,50.55,0.00,35.38
8175,2,32,7,73.84,0.00,25.84
8176,1,18,8,54.66,0.00,20.77
8176,2,35,1,77.95,0.00,31.95
8177,1,21,2,58.77,0.00,25.85
8177,2,38,3,82.06,0.00,38.56
8178,1,24,4,62.88,0.00,31.44
8178,2,41,5,86.17,0.00,45.67
8179,1,27,6,66.99,0.00,37.51
8179,2,44,7,90.28,0.00,53.26
8180,1,30,8,71.10,0.00,44.08
8180,2,47,1,94.39,0.00,61.35
8181,1,33,2,75.21,0.00,51.14
8181,2,50,3,98.50,14.77,69.93
8182,1,36,4,79.32,15.86,28.55
8182,2,53,5,102.61,25.65,40.01
8183,1,39,6,83.43,4.17,35.04
8183,2,56,7,106.72,10.67,48.02
8184,1,42,8,87.54,13.13,42.01
8184,2,59,1,110.83,22.16,56.52
8185,1,45,2,91.65,22.91,49.49
8185,2,62,3,114.94,5.74,65.51
8186,1,48,4,95.76,9.57,57.45
8186,2,65,5,119.05,17.85,75.00
8187,1,51,6,99.87,19.97,65.91
8187,2,68,7,123.16,30.79,84.98
8188,1,54,8,103.98,5.19,74.86
8188,2,71,1,127.27,12.72,47.08
8189,1,57,2,108.09,16.21,43.23
8189,2,74,3,131.38,26.27,56.49
8190,1,60,4,112.20,28.05,51.61
8190,2,77,5,135.49,6.77,66.39
8191,1,63,6,116.31,11.63,60.48
8191,2,80,7,139.60,20.94,76.78
8192,1,66,8,120.42,24.08,69.84
8192,2,83,1,143.71,35.92,87.66
8193,1,69,2,124.53,6.22,79.69
8193,2,86,3,147.82,14.78,99.03
8194,1,72,4,128.64,19.29,90.04
8194,2,89,5,151.93,30.38,53.17
8195,1,75,6,132.75,33.18,50.44
8195,2,92,7,156.04,7.80,63.97
8196,1,78,8,136.86,13.68,60.21
8196,2,95,1,160.15,24.02,75.27
8197,1,81,2,140.97,28.19,70.48
8197,2,98,3,164.26,41.06,87.05
8198,1,84,4,145.08,7.25,81.24
8198,2,101,5,168.37,16.83,99.33
8199,1,87,6,149.19,22.37,92.49
8199,2,104,7,172.48,34.49,112.11
8200,1,90,8,153.30,38.32,104.24
8200,2,107,1,176.59,0.00,125.37
8201,1,93,2,157.41,0.00,56.66
8201,2,110,3,180.70,0.00,70.47
8202,1,96,4,161.52,0.00,67.83
8202,2,1,5,31.37,0.00,14.11
8203,1,99,6,165.63,0.00,79.50
8203,2,4,7,35.48,0.00,18.09
8204,1,102,8,169.74,0.00,91.65
8204,2,7,1,39.59,0.00,22.56
8205,1,105,2,173.85,0.00,104.31
8205,2,10,3,43.70,0.00,27.53
8206,1,108,4,177.96,0.00,117.45
8206,2,13,5,47.81,0.00,32.98
8207,1,111,6,182.07,0.00,131.09
8207,2,16,7,51.92,0.00,19.21
8208,1,2,8,32.74,0.00,13.09
8208,2,19,1,56.03,0.00,24.09
8209,1,5,2,36.85,0.00,16.95
8209,2,22,3,60.14,0.00,29.46
8210,1,8,4,40.96,0.00,21.29
8210,2,25,5,64.25,0.00,35.33
8211,1,11,6,45.07,0.00,26.14
8211,2,28,7,68.36,0.00,41.69
8212,1,14,8,49.18,0.00,31.47
8212,2,31,1,72.47,0.00,48.55
8213,1,17,2,53.29,0.00,37.30
8213,2,34,3,76.58,0.00,26.80
8214,1,20,4,57.40,0.00,21.81
8214,2,37,5,80.69,0.00,33.08
8215,1,23,6,61.51,0.00,27.06
8215,2,40,7,84.80,0.00,39.85
8216,1,26,8,65.62,0.00,32.81
8216,2,43,1,88.91,0.00,47.12
8217,1,29,2,69.73,0.00,39.04
8217,2,46,3,93.02,0.00,54.88
8218,1,32,4,73.84,0.00,45.78
8218,2,49,5,97.13,0.00,63.13
8219,1,35,6,77.95,0.00,53.00
8219,2,52,7,101.24,0.00,71.88
8220,1,38,8,82.06,0.00,29.54
8220,2,55,1,105.35,0.00,41.08
8221,1,41,2,86.17,0.00,36.19
8221,2,58,3,109.46,0.00,49.25
8222,1,44,4,90.28,0.00,43.33
8222,2,61,5,113.57,0.00,57.92
8223,1,47,6,94.39,0.00,50.97
8223,2,64,7,117.68,0.00,67.07
8224,1,50,8,98.50,0.00,59.10
8224,2,67,1,121.79,0.00,76.72
8225,1,53,2,102.61,0.00,67.72
8225,2,70,3,125.90,0.00,86.87
8226,1,56,4,106.72,0.00,76.83
8226,2,73,5,130.01,0.00,48.10
8227,1,59,6,110.83,0.00,44.33
8227,2,76,7,134.12,0.00,57.67
8228,1,62,8,114.94,0.00,52.87
8228,2,79,1,138.23,0.00,67.73
8229,1,65,2,119.05,0.00,61.90
8229,2,82,3,142.34,0.00,78.28
8230,1,68,4,123.16,0.00,71.43
8230,2,85,5,146.45,0.00,89.33
8231,1,71,6,127.27,0.00,81.45
8231,2,88,7,150.56,22.58,100.87
8232,1,74,8,131.38,26.27,91.96
8232,2,91,1,154.67,38.66,54.13
8233,1,77,2,135.49,6.77,51.48
8233,2,94,3,158.78,15.87,65.09
8234,1,80,4,139.60,20.94,61.42
8234,2,97,5,162.89,32.57,76.55
8235,1,83,6,143.71,35.92,71.85
8235,2,100,7,167.00,8.35,88.51
8236,1,86,8,147.82,14.78,82.77
8236,2,103,1,171.11,25.66,100.95
8237,1,89,2,151.93,30.38,94.19
8237,2,106,3,175.22,43.80,113.89
8238,1,92,4,156.04,7.80,106.10
8238,2,109,5,179.33,17.93,127.32
8239,1,95,6,160.15,24.02,57.65
8239,2,112,7,183.44,36.68,71.54
8240,1,98,8,164.26,41.06,68.98
8240,2,3,1,34.11,1.70,15.34
8241,1,101,2,168.37,16.83,80.81
8241,2,6,3,38.22,5.73,19.49
8242,1,104,4,172.48,34.49,93.13
8242,2,9,5,42.33,10.58,24.12
8243,1,107,6,176.59,8.82,105.95
8243,2,12,7,46.44,4.64,29.25
8244,1,110,8,180.70,27.10,119.26
8244,2,15,1,50.55,10.11,34.87
8245,1,1,2,31.37,7.84,22.58
8245,2,18,3,54.66,2.73,20.22
8246,1,4,4,35.48,3.54,14.19
8246,2,21,5,58.77,8.81,25.27
8247,1,7,6,39.59,7.91,18.21
8247,2,24,7,62.88,15.72,30.81
8248,1,10,8,43.70,2.18,22.72
8248,2,27,1,66.99,6.69,36.84
8249,1,13,2,47.81,7.17,27.72
8249,2,30,3,71.10,14.22,43.37
8250,1,16,4,51.92,12.98,33.22
8250,2,33,5,75.21,0.00,50.39
8251,1,19,6,56.03,0.00,39.22
8251,2,36,7,79.32,0.00,27.76
8252,1,22,8,60.14,0.00,22.85
8252,2,39,1,83.43,0.00,34.20
8253,1,25,2,64.25,0.00,28.27
8253,2,42,3,87.54,0.00,41.14
8254,1,28,4,68.36,0.00,34.18
8254,2,45,5,91.65,0.00,48.57
8255,1,31,6,72.47,0.00,40.58
8255,2,48,7,95.76,0.00,56.49
8256,1,34,8,76.58,0.00,47.47
8256,2,51,1,99.87,0.00,64.91
8257,1,37,2,80.69,0.00,54.86
8257,2,54,3,103.98,0.00,73.82
8258,1,40,4,84.80,0.00,30.52
8258,2,57,5,108.09,0.00,42.15
8259,1,43,6,88.91,0.00,37.34
8259,2,60,7,112.20,0.00,50.49
8260,1,46,8,93.02,0.00,44.64
8260,2,63,1,116.31,0.00,59.31
8261,1,49,2,97.13,0.00,52.45
8261,2,66,3,120.42,0.00,68.63
8262,1,52,4,101.24,0.00,60.74
8262,2,69,5,124.53,0.00,78.45
8263,1,55,6,105.35,0.00,69.53
8263,2,72,7,128.64,0.00,88.76
8264,1,58,8,109.46,0.00,78.81
8264,2,75,1,132.75,0.00,49.11
8265,1,61,2,113.57,0.00,45.42
8265,2,78,3,136.86,0.00,58.84
8266,1,64,4,117.68,0.00,54.13
8266,2,81,5,140.97,0.00,69.07
8267,1,67,6,121.79,0.00,63.33
8267,2,84,7,145.08,0.00,79.79
8268,1,70,8,125.90,0.00,73.02
8268,2,87,1,149.19,0.00,91.00
8269,1,73,2,130.01,0.00,83.20
8269,2,90,3,153.30,0.00,102.71
8270,1,76,4,134.12,0.00,93.88
8270,2,93,5,157.41,0.00,55.09
8271,1,79,6,138.23,0.00,52.52
8271,2,96,7,161.52,0.00,66.22
8272,1,82,8,142.34,0.00,62.62
8272,2,99,1,165.63,0.00,77.84
8273,1,85,2,146.45,0.00,73.22
8273,2,102,3,169.74,0.00,89.96
8274,1,88,4,150.56,0.00,84.31
8274,2,105,5,173.85,0.00,102.57
8275,1,91,6,154.67,0.00,95.89
8275,2,108,7,177.96,0.00,115.67
8276,1,94,8,158.78,0.00,107.97
8276,2,111,1,182.07,0.00,129.26
8277,1,97,2,162.89,0.00,58.64
8277,2,2,3,32.74,0.00,12.76
8278,1,100,4,167.00,0.00,70.14
8278,2,5,5,36.85,0.00,16.58
8279,1,103,6,171.11,0.00,82.13
8279,2,8,7,40.96,0.00,20.88
8280,1,106,8,175.22,0.00,94.61
8280,2,11,1,45.07,0.00,25.68
8281,1,109,2,179.33,0.00,107.59
8281,2,14,3,49.18,7.37,30.98
8282,1,112,4,183.44,36.68,121.07
8282,2,17,5,53.29,13.32,36.77
8283,1,3,6,34.11,1.70,24.55
8283,2,20,7,57.40,5.74,21.23
8284,1,6,8,38.22,5.73,15.28
8284,2,23,1,61.51,12.30,26.44
8285,1,9,2,42.33,10.58,19.47
8285,2,26,3,65.62,3.28,32.15
8286,1,12,4,46.44,4.64,24.14
8286,2,29,5,69.73,10.45,38.35
8287,1,15,6,50.55,10.11,29.31
8287,2,32,7,73.84,18.46,45.04
8288,1,18,8,54.66,2.73,34.98
8288,2,35,1,77.95,7.79,52.22
8289,1,21,2,58.77,8.81,41.13
8289,2,38,3,82.06,16.41,28.72
8290,1,24,4,62.88,15.72,23.89
8290,2,41,5,86.17,4.30,35.32
8291,1,27,6,66.99,6.69,29.47
8291,2,44,7,90.28,13.54,42.43
8292,1,30,8,71.10,14.22,35.55
8292,2,47,1,94.39,23.59,50.02
8293,1,33,2,75.21,3.76,42.11
8293,2,50,3,98.50,9.85,58.11
8294,1,36,4,79.32,11.89,49.17
8294,2,53,5,102.61,20.52,66.69
8295,1,39,6,83.43,20.85,56.73
8295,2,56,7,106.72,5.33,75.77
8296,1,42,8,87.54,8.75,31.51
8296,2,59,1,110.83,16.62,43.22
8297,1,45,2,91.65,18.33,38.49
8297,2,62,3,114.94,28.73,51.72
8298,1,48,4,95.76,4.78,45.96
8298,2,65,5,119.05,11.90,60.71
8299,1,51,6,99.87,14.98,53.92
8299,2,68,7,123.16,24.63,70.20
8300,1,54,8,103.98,25.99,62.38
8300,2,71,1,127.27,0.00,80.18
8301,1,57,2,108.09,0.00,71.33
8301,2,74,3,131.38,0.00,90.65
8302,1,60,4,112.20,0.00,80.78
8302,2,77,5,135.49,0.00,50.13
8303,1,63,6,116.31,0.00,46.52
8303,2,80,7,139.60,0.00,60.02
8304,1,66,8,120.42,0.00,55.39
8304,2,83,1,143.71,0.00,70.41
8305,1,69,2,124.53,0.00,64.75
8305,2,86,3,147.82,0.00,81.30
8306,1,72,4,128.64,0.00,74.61
8306,2,89,5,151.93,0.00,92.67
8307,1,75,6,132.75,0.00,84.96
8307,2,92,7,156.04,0.00,104.54
8308,1,78,8,136.86,0.00,95.80
8308,2,95,1,160.15,0.00,56.05
8309,1,81,2,140.97,0.00,53.56
8309,2,98,3,164.26,0.00,67.34
8310,1,84,4,145.08,0.00,63.83
8310,2,101,5,168.37,0.00,79.13
8311,1,87,6,149.19,0.00,74.59
8311,2,104,7,172.48,0.00,91.41
8312,1,90,8,153.30,0.00,85.84
8312,2,107,1,176.59,0.00,104.18
8313,1,93,2,157.41,0.00,97.59
8313,2,110,3,180.70,0.00,117.45
8314,1,96,4,161.52,0.00,109.83
8314,2,1,5,31.37,0.00,22.27
8315,1,99,6,165.63,0.00,59.62
8315,2,4,7,35.48,0.00,13.83
8316,1,102,8,169.74,0.00,71.29
8316,2,7,1,39.59,0.00,17.81
8317,1,105,2,173.85,0.00,83.44
8317,2,10,3,43.70,0.00,22.28
8318,1,108,4,177.96,0.00,96.09
8318,2,13,5,47.81,0.00,27.25
8319,1,111,6,182.07,0.00,109.24
8319,2,16,7,51.92,0.00,32.70
8320,1,2,8,32.74,0.00,21.60
8320,2,19,1,56.03,0.00,38.66
8321,1,5,2,36.85,0.00,26.53
8321,2,22,3,60.14,0.00,22.25
8322,1,8,4,40.96,0.00,16.38
8322,2,25,5,64.25,0.00,27.62
8323,1,11,6,45.07,0.00,20.73
8323,2,28,7,68.36,0.00,33.49
8324,1,14,8,49.18,0.00,25.57
8324,2,31,1,72.47,0.00,39.85
8325,1,17,2,53.29,0.00,30.90
8325,2,34,3,76.58,0.00,46.71
8326,1,20,4,57.40,0.00,36.73
8326,2,37,5,80.69,0.00,54.06
8327,1,23,6,61.51,0.00,43.05
8327,2,40,7,84.80,0.00,29.68
8328,1,26,8,65.62,0.00,24.93
8328,2,43,1,88.91,0.00,36.45
8329,1,29,2,69.73,0.00,30.68
8329,2,46,3,93.02,0.00,43.71
8330,1,32,4,73.84,0.00,36.92
8330,2,49,5,97.13,0.00,51.47
8331,1,35,6,77.95,0.00,43.65
8331,2,52,7,101.24,15.18,59.73
8332,1,38,8,82.06,16.41,50.87
8332,2,55,1,105.35,26.33,68.47
8333,1,41,2,86.17,4.30,58.59
8333,2,58,3,109.46,10.94,77.71
8334,1,44,4,90.28,13.54,32.50
8334,2,61,5,113.57,22.71,44.29
8335,1,47,6,94.39,23.59,39.64
8335,2,64,7,117.68,5.88,52.95
8336,1,50,8,98.50,9.85,47.28
8336,2,67,1,121.79,18.26,62.11
8337,1,53,2,102.61,20.52,55.40
8337,2,70,3,125.90,31.47,71.76
8338,1,56,4,106.72,5.33,64.03
8338,2,73,5,130.01,13.00,81.90
8339,1,59,6,110.83,16.62,73.14
8339,2,76,7,134.12,26.82,92.54
8340,1,62,8,114.94,28.73,82.75
8340,2,79,1,138.23,6.91,51.14
8341,1,65,2,119.05,11.90,47.62
8341,2,82,3,142.34,21.35,61.20
8342,1,68,4,123.16,24.63,56.65
8342,2,85,5,146.45,36.61,71.76
8343,1,71,6,127.27,6.36,66.18
8343,2,88,7,150.56,15.05,82.80
8344,1,74,8,131.38,19.70,76.20
8344,2,91,1,154.67,30.93,94.34
8345,1,77,2,135.49,33.87,86.71
8345,2,94,3,158.78,7.93,106.38
8346,1,80,4,139.60,13.96,97.72
8346,2,97,5,162.89,24.43,57.01
8347,1,83,6,143.71,28.74,54.60
8347,2,100,7,167.00,41.75,68.47
8348,1,86,8,147.82,7.39,65.04
8348,2,103,1,171.11,17.11,80.42
8349,1,89,2,151.93,22.78,75.96
8349,2,106,3,175.22,35.04,92.86
8350,1,92,4,156.04,39.01,87.38
8350,2,109,5,179.33,0.00,105.80
8351,1,95,6,160.15,0.00,99.29
8351,2,112,7,183.44,0.00,119.23
8352,1,98,8,164.26,0.00,111.69
8352,2,3,1,34.11,0.00,24.21
8353,1,101,2,168.37,0.00,60.61
8353,2,6,3,38.22,0.00,14.90
8354,1,104,4,172.48,0.00,72.44
8354,2,9,5,42.33,0.00,19.04
8355,1,107,6,176.59,0.00,84.76
8355,2,12,7,46.44,0.00,23.68
8356,1,110,8,180.70,0.00,97.57
8356,2,15,1,50.55,0.00,28.81
8357,1,1,2,31.37,0.00,18.82
8357,2,18,3,54.66,0.00,34.43
8358,1,4,4,35.48,0.00,23.41
8358,2,21,5,58.77,0.00,40.55
8359,1,7,6,39.59,0.00,28.50
8359,2,24,7,62.88,0.00,23.26
8360,1,10,8,43.70,0.00,17.48
8360,2,27,1,66.99,0.00,28.80
8361,1,13,2,47.81,0.00,21.99
8361,2,30,3,71.10,0.00,34.83
8362,1,16,4,51.92,0.00,26.99
8362,2,33,5,75.21,0.00,41.36
8363,1,19,6,56.03,0.00,32.49
8363,2,36,7,79.32,0.00,48.38
8364,1,22,8,60.14,0.00,38.48
8364,2,39,1,83.43,0.00,55.89
8365,1,25,2,64.25,0.00,44.97
8365,2,42,3,87.54,0.00,30.63
8366,1,28,4,68.36,0.00,25.97
8366,2,45,5,91.65,0.00,37.57
8367,1,31,6,72.47,0.00,31.88
8367,2,48,7,95.76,0.00,45.00
8368,1,34,8,76.58,0.00,38.29
8368,2,51,1,99.87,0.00,52.93
8369,1,37,2,80.69,0.00,45.18
8369,2,54,3,103.98,0.00,61.34
8370,1,40,4,84.80,0.00,52.57
8370,2,57,5,108.09,0.00,70.25
8371,1,43,6,88.91,0.00,60.45
8371,2,60,7,112.20,0.00,79.66
8372,1,46,8,93.02,0.00,33.48
8372,2,63,1,116.31,0.00,45.36
8373,1,49,2,97.13,0.00,40.79
8373,2,66,3,120.42,0.00,54.18
8374,1,52,4,101.24,0.00,48.59
8374,2,69,5,124.53,0.00,63.51
8375,1,55,6,105.35,0.00,56.88
8375,2,72,7,128.64,0.00,73.32
8376,1,58,8,109.46,0.00,65.67
8376,2,75,1,132.75,0.00,83.63
8377,1,61,2,113.57,0.00,74.95
8377,2,78,3,136.86,0.00,94.43
8378,1,64,4,117.68,0.00,84.72
8378,2,81,5,140.97,0.00,52.15
8379,1,67,6,121.79,0.00,48.71
8379,2,84,7,145.08,0.00,62.38
8380,1,70,8,125.90,0.00,57.91
8380,2,87,1,149.19,0.00,73.10
8381,1,73,2,130.01,0.00,67.60
8381,2,90,3,153.30,22.99,84.31
8382,1,76,4,134.12,26.82,77.78
8382,2,93,5,157.41,39.35,96.02
8383,1,79,6,138.23,6.91,88.46
8383,2,96,7,161.52,16.15,108.21
8384,1,82,8,142.34,21.35,99.63
8384,2,99,1,165.63,33.12,57.97
8385,1,85,2,146.45,36.61,55.65
8385,2,102,3,169.74,8.48,69.59
8386,1,88,4,150.56,15.05,66.24
8386,2,105,5,173.85,26.07,81.70
8387,1,91,6,154.67,30.93,77.33
8387,2,108,7,177.96,44.49,94.31
8388,1,94,8,158.78,7.93,88.91
8388,2,111,1,182.07,18.20,107.42
8389,1,97,2,162.89,24.43,100.99
8389,2,2,3,32.74,6.54,21.28
8390,1,100,4,167.00,41.75,113.56
8390,2,5,5,36.85,1.84,26.16
8391,1,103,6,171.11,17.11,61.59
8391,2,8,7,40.96,6.14,15.97
8392,1,106,8,175.22,35.04,73.59
8392,2,11,1,45.07,11.26,20.28
8393,1,109,2,179.33,8.96,86.07
8393,2,14,3,49.18,4.91,25.08
8394,1,112,4,183.44,27.51,99.05
8394,2,17,5,53.29,10.65,30.37
8395,1,3,6,34.11,8.52,20.46
8395,2,20,7,57.40,2.87,36.16
8396,1,6,8,38.22,3.82,25.22
8396,2,23,1,61.51,9.22,42.44
8397,1,9,2,42.33,8.46,30.47
8397,2,26,3,65.62,16.40,24.27
8398,1,12,4,46.44,2.32,18.57
8398,2,29,5,69.73,6.97,29.98
8399,1,15,6,50.55,7.58,23.25
8399,2,32,7,73.84,14.76,36.18
8400,1,18,8,54.66,13.66,28.42
8400,2,35,1,77.95,0.00,42.87
8401,1,21,2,58.77,0.00,34.08
8401,2,38,3,82.06,0.00,50.05
8402,1,24,4,62.88,0.00,40.24
8402,2,41,5,86.17,0.00,57.73
8403,1,27,6,66.99,0.00,46.89
8403,2,44,7,90.28,0.00,31.59
8404,1,30,8,71.10,0.00,27.01
8404,2,47,1,94.39,0.00,38.69
8405,1,33,2,75.21,0.00,33.09
8405,2,50,3,98.50,0.00,46.29
8406,1,36,4,79.32,0.00,39.66
8406,2,53,5,102.61,0.00,54.38
8407,1,39,6,83.43,0.00,46.72
8407,2,56,7,106.72,0.00,62.96
8408,1,42,8,87.54,0.00,54.27
8408,2,59,1,110.83,0.00,72.03
8409,1,45,2,91.65,0.00,62.32
8409,2,62,3,114.94,0.00,81.60
8410,1,48,4,95.76,0.00,34.47
8410,2,65,5,119.05,0.00,46.42
8411,1,51,6,99.87,0.00,41.94
8411,2,68,7,123.16,0.00,55.42
8412,1,54,8,103.98,0.00,49.91
8412,2,71,1,127.27,0.00,64.90
8413,1,57,2,108.09,0.00,58.36
8413,2,74,3,131.38,0.00,74.88
8414,1,60,4,112.20,0.00,67.32
8414,2,77,5,135.49,0.00,85.35
8415,1,63,6,116.31,0.00,76.76
8415,2,80,7,139.60,0.00,96.32
8416,1,66,8,120.42,0.00,86.70
8416,2,83,1,143.71,0.00,53.17
8417,1,69,2,124.53,0.00,49.81
8417,2,86,3,147.82,0.00,63.56
8418,1,72,4,128.64,0.00,59.17
8418,2,89,5,151.93,0.00,74.44
8419,1,75,6,132.75,0.00,69.03
8419,2,92,7,156.04,0.00,85.82
8420,1,78,8,136.86,0.00,79.37
8420,2,95,1,160.15,0.00,97.69
8421,1,81,2,140.97,0.00,90.22
8421,2,98,3,164.26,0.00,110.05
8422,1,84,4,145.08,0.00,101.55
8422,2,101,5,168.37,0.00,58.92
8423,1,87,6,149.19,0.00,56.69
8423,2,104,7,172.48,0.00,70.71
8424,1,90,8,153.30,0.00,67.45
8424,2,107,1,176.59,0.00,82.99
8425,1,93,2,157.41,0.00,78.70
8425,2,110,3,180.70,0.00,95.77
8426,1,96,4,161.52,0.00,90.45
8426,2,1,5,31.37,0.00,18.50
8427,1,99,6,165.63,0.00,102.69
8427,2,4,7,35.48,0.00,23.06
8428,1,102,8,169.74,0.00,115.42
8428,2,7,1,39.59,0.00,28.10
8429,1,105,2,173.85,0.00,62.58
8429,2,10,3,43.70,0.00,17.04
8430,1,108,4,177.96,0.00,74.74
8430,2,13,5,47.81,0.00,21.51
8431,1,111,6,182.07,0.00,87.39
8431,2,16,7,51.92,7.78,26.47
8432,1,2,8,32.74,6.54,17.67
8432,2,19,1,56.03,14.00,31.93
8433,1,5,2,36.85,1.84,22.11
8433,2,22,3,60.14,6.01,37.88
8434,1,8,4,40.96,6.14,27.03
8434,2,25,5,64.25,12.85,44.33
8435,1,11,6,45.07,11.26,32.45
8435,2,28,7,68.36,3.41,25.29
8436,1,14,8,49.18,4.91,19.67
8436,2,31,1,72.47,10.87,31.16
8437,1,17,2,53.29,10.65,24.51
8437,2,34,3,76.58,19.14,37.52
8438,1,20,4,57.40,2.87,29.84
8438,2,37,5,80.69,8.06,44.37
8439,1,23,6,61.51,9.22,35.67
8439,2,40,7,84.80,16.96,51.72
8440,1,26,8,65.62,16.40,41.99
8440,2,43,1,88.91,4.44,59.56
8441,1,29,2,69.73,6.97,48.81
8441,2,46,3,93.02,13.95,32.55
8442,1,32,4,73.84,14.76,28.05
8442,2,49,5,97.13,24.28,39.82
8443,1,35,6,77.95,3.89,34.29
8443,2,52,7,101.24,10.12,47.58
8444,1,38,8,82.06,12.30,41.03
8444,2,55,1,105.35,21.07,55.83
8445,1,41,2,86.17,21.54,48.25
8445,2,58,3,109.46,5.47,64.58
8446,1,44,4,90.28,9.02,55.97
8446,2,61,5,113.57,17.03,73.82
8447,1,47,6,94.39,18.87,64.18
8447,2,64,7,117.68,29.42,83.55
8448,1,50,8,98.50,4.92,35.46
8448,2,67,1,121.79,12.17,47.49
8449,1,53,2,102.61,15.39,43.09
8449,2,70,3,125.90,25.18,56.65
8450,1,56,4,106.72,26.68,51.22
8450,2,73,5,130.01,0.00,66.30
8451,1,59,6,110.83,0.00,59.84
8451,2,76,7,134.12,0.00,76.44
8452,1,62,8,114.94,0.00,68.96
8452,2,79,1,138.23,0.00,87.08
8453,1,65,2,119.05,0.00,78.57
8453,2,82,3,142.34,0.00,98.21
8454,1,68,4,123.16,0.00,88.67
8454,2,85,5,146.45,0.00,54.18
8455,1,71,6,127.27,0.00,50.90
8455,2,88,7,150.56,0.00,64.74
8456,1,74,8,131.38,0.00,60.43
8456,2,91,1,154.67,0.00,75.78
8457,1,77,2,135.49,0.00,70.45
8457,2,94,3,158.78,0.00,87.32
8458,1,80,4,139.60,0.00,80.96
8458,2,97,5,162.89,0.00,99.36
8459,1,83,6,143.71,0.00,91.97
8459,2,100,7,167.00,0.00,111.89
8460,1,86,8,147.82,0.00,103.47
8460,2,103,1,171.11,0.00,59.88
8461,1,89,2,151.93,0.00,57.73
8461,2,106,3,175.22,0.00,71.84
8462,1,92,4,156.04,0.00,68.65
8462,2,109,5,179.33,0.00,84.28
8463,1,95,6,160.15,0.00,80.07
8463,2,112,7,183.44,0.00,97.22
8464,1,98,8,164.26,0.00,91.98
8464,2,3,1,34.11,0.00,20.12
8465,1,101,2,168.37,0.00,104.38
8465,2,6,3,38.22,0.00,24.84
8466,1,104,4,172.48,0.00,117.28
8466,2,9,5,42.33,0.00,30.05
8467,1,107,6,176.59,0.00,63.57
8467,2,12,7,46.44,0.00,18.11
8468,1,110,8,180.70,0.00,75.89
8468,2,15,1,50.55,0.00,22.74
8469,1,1,2,31.37,0.00,15.05
8469,2,18,3,54.66,0.00,27.87
8470,1,4,4,35.48,0.00,19.15
8470,2,21,5,58.77,0.00,33.49
8471,1,7,6,39.59,0.00,23.75
8471,2,24,7,62.88,0.00,39.61
8472,1,10,8,43.70,0.00,28.84
8472,2,27,1,66.99,0.00,46.22
8473,1,13,2,47.81,0.00,34.42
8473,2,30,3,71.10,0.00,26.30
8474,1,16,4,51.92,0.00,20.76
8474,2,33,5,75.21,0.00,32.34
8475,1,19,6,56.03,0.00,25.77
8475,2,36,7,79.32,0.00,38.86
8476,1,22,8,60.14,0.00,31.27
8476,2,39,1,83.43,0.00,45.88
8477,1,25,2,64.25,0.00,37.26
8477,2,42,3,87.54,0.00,53.39
8478,1,28,4,68.36,0.00,43.75
8478,2,45,5,91.65,0.00,61.40
8479,1,31,6,72.47,0.00,50.72
8479,2,48,7,95.76,0.00,33.51
8480,1,34,8,76.58,0.00,29.10
8480,2,51,1,99.87,0.00,40.94
8481,1,37,2,80.69,0.00,35.50
8481,2,54,3,103.98,15.59,48.87
8482,1,40,4,84.80,16.96,42.40
8482,2,57,5,108.09,27.02,57.28
8483,1,43,6,88.91,4.44,49.78
8483,2,60,7,112.20,11.22,66.19
8484,1,46,8,93.02,13.95,57.67
8484,2,63,1,116.31,23.26,75.60
8485,1,49,2,97.13,24.28,66.04
8485,2,66,3,120.42,6.02,85.49
8486,1,52,4,101.24,10.12,36.44
8486,2,69,5,124.53,18.67,48.56
8487,1,55,6,105.35,21.07,44.24
8487,2,72,7,128.64,32.16,57.88
8488,1,58,8,109.46,5.47,52.54
8488,2,75,1,132.75,13.27,67.70
8489,1,61,2,113.57,17.03,61.32
8489,2,78,3,136.86,27.37,78.01
8490,1,64,4,117.68,29.42,70.60
8490,2,81,5,140.97,7.04,88.81
8491,1,67,6,121.79,12.17,80.38
8491,2,84,7,145.08,21.76,100.10
8492,1,70,8,125.90,25.18,90.64
8492,2,87,1,149.19,37.29,55.20
8493,1,73,2,130.01,6.50,52.00
8493,2,90,3,153.30,15.33,65.91
8494,1,76,4,134.12,20.11,61.69
8494,2,93,5,157.41,31.48,77.13
8495,1,79,6,138.23,34.55,71.87
8495,2,96,7,161.52,8.07,88.83
8496,1,82,8,142.34,14.23,82.55
8496,2,99,1,165.63,24.84,101.03
8497,1,85,2,146.45,29.29,93.72
8497,2,102,3,169.74,42.43,113.72
8498,1,88,4,150.56,7.52,105.39
8498,2,105,5,173.85,17.38,60.84
8499,1,91,6,154.67,23.20,58.77
8499,2,108,7,177.96,35.59,72.96
8500,1,94,8,158.78,39.69,69.86
8500,2,111,1,182.07,0.00,85.57
8501,1,97,2,162.89,0.00,81.44
8501,2,2,3,32.74,0.00,17.35
8502,1,100,4,167.00,0.00,93.52
8502,2,5,5,36.85,0.00,21.74
8503,1,103,6,171.11,0.00,106.08
8503,2,8,7,40.96,0.00,26.62
8504,1,106,8,175.22,0.00,119.14
8504,2,11,1,45.07,0.00,31.99
8505,1,109,2,179.33,0.00,64.55
8505,2,14,3,49.18,0.00,19.18
8506,1,112,4,183.44,0.00,77.04
8506,2,17,5,53.29,0.00,23.98
8507,1,3,6,34.11,0.00,16.37
8507,2,20,7,57.40,0.00,29.27
8508,1,6,8,38.22,0.00,20.63
8508,2,23,1,61.51,0.00,35.06
8509,1,9,2,42.33,0.00,25.39
8509,2,26,3,65.62,0.00,41.34
8510,1,12,4,46.44,0.00,30.65
8510,2,29,5,69.73,0.00,48.11
8511,1,15,6,50.55,0.00,36.39
8511,2,32,7,73.84,0.00,27.32
8512,1,18,8,54.66,0.00,21.86
8512,2,35,1,77.95,0.00,33.51
8513,1,21,2,58.77,0.00,27.03
8513,2,38,3,82.06,0.00,40.20
8514,1,24,4,62.88,0.00,32.69
8514,2,41,5,86.17,0.00,47.39
8515,1,27,6,66.99,0.00,38.85
8515,2,44,7,90.28,0.00,55.07
8516,1,30,8,71.10,0.00,45.50
8516,2,47,1,94.39,0.00,63.24
8517,1,33,2,75.21,0.00,52.64
8517,2,50,3,98.50,0.00,34.47
8518,1,36,4,79.32,0.00,30.14
8518,2,53,5,102.61,0.00,42.07
8519,1,39,6,83.43,0.00,36.70
8519,2,56,7,106.72,0.00,50.15
8520,1,42,8,87.54,0.00,43.77
8520,2,59,1,110.83,0.00,58.73
8521,1,45,2,91.65,0.00,51.32
8521,2,62,3,114.94,0.00,67.81
8522,1,48,4,95.76,0.00,59.37
8522,2,65,5,119.05,0.00,77.38
8523,1,51,6,99.87,0.00,67.91
8523,2,68,7,123.16,0.00,87.44
8524,1,54,8,103.98,0.00,37.43
8524,2,71,1,127.27,0.00,49.63
8525,1,57,2,108.09,0.00,45.39
8525,2,74,3,131.38,0.00,59.12
8526,1,60,4,112.20,0.00,53.85
8526,2,77,5,135.49,0.00,69.09
8527,1,63,6,116.31,0.00,62.80
8527,2,80,7,139.60,0.00,79.57
8528,1,66,8,120.42,0.00,72.25
8528,2,83,1,143.71,0.00,90.53
8529,1,69,2,124.53,0.00,82.18
8529,2,86,3,147.82,0.00,101.99
8530,1,72,4,128.64,0.00,92.62
8530,2,89,5,151.93,0.00,56.21
8531,1,75,6,132.75,0.00,53.10
8531,2,92,7,156.04,23.40,67.09
8532,1,78,8,136.86,27.37,62.95
8532,2,95,1,160.15,40.03,78.47
8533,1,81,2,140.97,7.04,73.30
8533,2,98,3,164.26,16.42,90.34
8534,1,84,4,145.08,21.76,84.14
8534,2,101,5,168.37,33.67,102.70
8535,1,87,6,149.19,37.29,95.48
8535,2,104,7,172.48,8.62,115.56
8536,1,90,8,153.30,15.33,107.31
8536,2,107,1,176.59,26.48,61.80
8537,1,93,2,157.41,31.48,59.81
8537,2,110,3,180.70,45.17,74.08
8538,1,96,4,161.52,8.07,71.06
8538,2,1,5,31.37,3.13,14.74
8539,1,99,6,165.63,24.84,82.81
8539,2,4,7,35.48,7.09,18.80
8540,1,102,8,169.74,42.43,95.05
8540,2,7,1,39.59,1.97,23.35
8541,1,105,2,173.85,17.38,107.78
8541,2,10,3,43.70,6.55,28.40
8542,1,108,4,177.96,35.59,121.01
8542,2,13,5,47.81,11.95,33.94
8543,1,111,6,182.07,9.10,65.54
8543,2,16,7,51.92,5.19,20.24
8544,1,2,8,32.74,4.91,13.75
8544,2,19,1,56.03,11.20,25.21
8545,1,5,2,36.85,9.21,17.68
8545,2,22,3,60.14,3.00,30.67
8546,1,8,4,40.96,4.09,22.11
8546,2,25,5,64.25,9.63,36.62
8547,1,11,6,45.07,9.01,27.04
8547,2,28,7,68.36,17.09,43.06
8548,1,14,8,49.18,2.45,32.45
8548,2,31,1,72.47,7.24,50.00
8549,1,17,2,53.29,7.99,38.36
8549,2,34,3,76.58,15.31,28.33
8550,1,20,4,57.40,14.35,22.96
8550,2,37,5,80.69,0.00,34.69
8551,1,23,6,61.51,0.00,28.29
8551,2,40,7,84.80,0.00,41.55
8552,1,26,8,65.62,0.00,34.12
8552,2,43,1,88.91,0.00,48.90
8553,1,29,2,69.73,0.00,40.44
8553,2,46,3,93.02,0.00,56.74
8554,1,32,4,73.84,0.00,47.25
8554,2,49,5,97.13,0.00,65.07
8555,1,35,6,77.95,0.00,54.56
8555,2,52,7,101.24,0.00,35.43
8556,1,38,8,82.06,0.00,31.18
8556,2,55,1,105.35,0.00,43.19
8557,1,41,2,86.17,0.00,37.91
8557,2,58,3,109.46,0.00,51.44
8558,1,44,4,90.28,0.00,45.14
8558,2,61,5,113.57,0.00,60.19
8559,1,47,6,94.39,0.00,52.85
8559,2,64,7,117.68,0.00,69.43
8560,1,50,8,98.50,0.00,61.07
8560,2,67,1,121.79,0.00,79.16
8561,1,53,2,102.61,0.00,69.77
8561,2,70,3,125.90,0.00,89.38
8562,1,56,4,106.72,0.00,38.41
8562,2,73,5,130.01,0.00,50.70
8563,1,59,6,110.83,0.00,46.54
8563,2,76,7,134.12,0.00,60.35
8564,1,62,8,114.94,0.00,55.17
8564,2,79,1,138.23,0.00,70.49
8565,1,65,2,119.05,0.00,64.28
8565,2,82,3,142.34,0.00,81.13
8566,1,68,4,123.16,0.00,73.89
8566,2,85,5,146.45,0.00,92.26
8567,1,71,6,127.27,0.00,83.99
8567,2,88,7,150.56,0.00,103.88
8568,1,74,8,131.38,0.00,94.59
8568,2,91,1,154.67,0.00,57.22
8569,1,77,2,135.49,0.00,54.19
8569,2,94,3,158.78,0.00,68.27
8570,1,80,4,139.60,0.00,64.21
8570,2,97,5,162.89,0.00,79.81
8571,1,83,6,143.71,0.00,74.72
8571,2,100,7,167.00,0.00,91.85
8572,1,86,8,147.82,0.00,85.73
8572,2,103,1,171.11,0.00,104.37
8573,1,89,2,151.93,0.00,97.23
8573,2,106,3,175.22,0.00,117.39
8574,1,92,4,156.04,0.00,109.22
8574,2,109,5,179.33,0.00,62.76
8575,1,95,6,160.15,0.00,60.85
8575,2,112,7,183.44,0.00,75.21
8576,1,98,8,164.26,0.00,72.27
8576,2,3,1,34.11,0.00,16.03
8577,1,101,2,168.37,0.00,84.18
8577,2,6,3,38.22,0.00,20.25
8578,1,104,4,172.48,0.00,96.58
8578,2,9,5,42.33,0.00,24.97
8579,1,107,6,176.59,0.00,109.48
8579,2,12,7,46.44,0.00,30.18
8580,1,110,8,180.70,0.00,122.87
8580,2,15,1,50.55,0.00,35.89
8581,1,1,2,31.37,0.00,11.29
8581,2,18,3,54.66,8.19,21.31
8582,1,4,4,35.48,7.09,14.90
8582,2,21,5,58.77,14.69,26.44
8583,1,7,6,39.59,1.97,19.00
8583,2,24,7,62.88,6.28,32.06
8584,1,10,8,43.70,6.55,23.59
8584,2,27,1,66.99,13.39,38.18
8585,1,13,2,47.81,11.95,28.68
8585,2,30,3,71.10,3.55,44.79
8586,1,16,4,51.92,5.19,34.26
8586,2,33,5,75.21,11.28,51.89
8587,1,19,6,56.03,11.20,40.34
8587,2,36,7,79.32,19.83,29.34
8588,1,22,8,60.14,3.00,24.05
8588,2,39,1,83.43,8.34,35.87
8589,1,25,2,64.25,9.63,29.55
8589,2,42,3,87.54,17.50,42.89
8590,1,28,4,68.36,17.09,35.54
8590,2,45,5,91.65,4.58,50.40
8591,1,31,6,72.47,7.24,42.03
8591,2,48,7,95.76,14.36,58.41
8592,1,34,8,76.58,15.31,49.01
8592,2,51,1,99.87,24.96,66.91
8593,1,37,2,80.69,4.03,56.48
8593,2,54,3,103.98,10.39,36.39
8594,1,40,4,84.80,12.72,32.22
8594,2,57,5,108.09,21.61,44.31
8595,1,43,6,88.91,22.22,39.12
8595,2,60,7,112.20,5.61,52.73
8596,1,46,8,93.02,9.30,46.51
8596,2,63,1,116.31,17.44,61.64
8597,1,49,2,97.13,19.42,54.39
8597,2,66,3,120.42,30.10,71.04
8598,1,52,4,101.24,5.06,62.76
8598,2,69,5,124.53,12.45,80.94
8599,1,55,6,105.35,15.80,71.63
8599,2,72,7,128.64,25.72,91.33
8600,1,58,8,109.46,27.36,39.40
8600,2,75,1,132.75,0.00,51.77
8601,1,61,2,113.57,0.00,47.69
8601,2,78,3,136.86,0.00,61.58
8602,1,64,4,117.68,0.00,56.48
8602,2,81,5,140.97,0.00,71.89
8603,1,67,6,121.79,0.00,65.76
8603,2,84,7,145.08,0.00,82.69
8604,1,70,8,125.90,0.00,75.54
8604,2,87,1,149.19,0.00,93.98
8605,1,73,2,130.01,0.00,85.80
8605,2,90,3,153.30,0.00,105.77
8606,1,76,4,134.12,0.00,96.56
8606,2,93,5,157.41,0.00,58.24
8607,1,79,6,138.23,0.00,55.29
8607,2,96,7,161.52,0.00,69.45
8608,1,82,8,142.34,0.00,65.47
8608,2,99,1,165.63,0.00,81.15
8609,1,85,2,146.45,0.00,76.15
8609,2,102,3,169.74,0.00,93.35
8610,1,88,4,150.56,0.00,87.32
8610,2,105,5,173.85,0.00,106.04
8611,1,91,6,154.67,0.00,98.98
8611,2,108,7,177.96,0.00,119.23
8612,1,94,8,158.78,0.00,111.14
8612,2,111,1,182.07,0.00,63.72
8613,1,97,2,162.89,0.00,61.89
8613,2,2,3,32.74,0.00,13.42
8614,1,100,4,167.00,0.00,73.48
8614,2,5,5,36.85,0.00,17.31
8615,1,103,6,171.11,0.00,85.55
8615,2,8,7,40.96,0.00,21.70
8616,1,106,8,175.22,0.00,98.12
8616,2,11,1,45.07,0.00,26.59
8617,1,109,2,179.33,0.00,111.18
8617,2,14,3,49.18,0.00,31.96
8618,1,112,4,183.44,0.00,124.73
8618,2,17,5,53.29,0.00,37.83
8619,1,3,6,34.11,0.00,12.27
8619,2,20,7,57.40,0.00,22.38
8620,1,6,8,38.22,0.00,16.05
8620,2,23,1,61.51,0.00,27.67
8621,1,9,2,42.33,0.00,20.31
8621,2,26,3,65.62,0.00,33.46
8622,1,12,4,46.44,0.00,25.07
8622,2,29,5,69.73,0.00,39.74
8623,1,15,6,50.55,0.00,30.33
8623,2,32,7,73.84,0.00,46.51
8624,1,18,8,54.66,0.00,36.07
8624,2,35,1,77.95,0.00,53.78
8625,1,21,2,58.77,0.00,42.31
8625,2,38,3,82.06,0.00,30.36
8626,1,24,4,62.88,0.00,25.15
8626,2,41,5,86.17,0.00,37.05
8627,1,27,6,66.99,0.00,30.81
8627,2,44,7,90.28,0.00,44.23
8628,1,30,8,71.10,0.00,36.97
8628,2,47,1,94.39,0.00,51.91
8629,1,33,2,75.21,0.00,43.62
8629,2,50,3,98.50,0.00,60.08
8630,1,36,4,79.32,0.00,50.76
8630,2,53,5,102.61,0.00,68.74
8631,1,39,6,83.43,0.00,58.40
8631,2,56,7,106.72,16.00,37.35
8632,1,42,8,87.54,17.50,33.26
8632,2,59,1,110.83,27.70,45.44
8633,1,45,2,91.65,4.58,40.32
8633,2,62,3,114.94,11.49,54.02
8634,1,48,4,95.76,14.36,47.88
8634,2,65,5,119.05,23.81,63.09
8635,1,51,6,99.87,24.96,55.92
8635,2,68,7,123.16,6.15,72.66
8636,1,54,8,103.98,10.39,64.46
8636,2,71,1,127.27,19.09,82.72
8637,1,57,2,108.09,21.61,73.50
8637,2,74,3,131.38,32.84,93.27
8638,1,60,4,112.20,5.61,40.39
8638,2,77,5,135.49,13.54,52.84
8639,1,63,6,116.31,17.44,48.85
8639,2,80,7,139.60,27.92,62.82
8640,1,66,8,120.42,30.10,57.80
8640,2,83,1,143.71,7.18,73.29
8641,1,69,2,124.53,12.45,67.24
8641,2,86,3,147.82,22.17,84.25
8642,1,72,4,128.64,25.72,77.18
8642,2,89,5,151.93,37.98,95.71
8643,1,75,6,132.75,6.63,87.61
8643,2,92,7,156.04,15.60,107.66
8644,1,78,8,136.86,20.52,98.53
8644,2,95,1,160.15,32.03,59.25
8645,1,81,2,140.97,35.24,56.38
8645,2,98,3,164.26,8.21,70.63
8646,1,84,4,145.08,14.50,66.73
8646,2,101,5,168.37,25.25,82.50
8647,1,87,6,149.19,29.83,77.57
8647,2,104,7,172.48,43.12,94.86
8648,1,90,8,153.30,7.66,88.91
8648,2,107,1,176.59,17.65,107.71
8649,1,93,2,157.41,23.61,100.74
8649,2,110,3,180.70,36.14,121.06
8650,1,96,4,161.52,40.38,113.06
8650,2,1,5,31.37,0.00,10.97
8651,1,99,6,165.63,0.00,62.93
8651,2,4,7,35.48,0.00,14.54
8652,1,102,8,169.74,0.00,74.68
8652,2,7,1,39.59,0.00,18.60
8653,1,105,2,173.85,0.00,86.92
8653,2,10,3,43.70,0.00,23.16
8654,1,108,4,177.96,0.00,99.65
8654,2,13,5,47.81,0.00,28.20
8655,1,111,6,182.07,0.00,112.88
8655,2,16,7,51.92,0.00,33.74
8656,1,2,8,32.74,0.00,22.26
8656,2,19,1,56.03,0.00,39.78
8657,1,5,2,36.85,0.00,13.26
8657,2,22,3,60.14,0.00,23.45
8658,1,8,4,40.96,0.00,17.20
8658,2,25,5,64.25,0.00,28.91
8659,1,11,6,45.07,0.00,21.63
8659,2,28,7,68.36,0.00,34.86
8660,1,14,8,49.18,0.00,26.55
8660,2,31,1,72.47,0.00,41.30
8661,1,17,2,53.29,0.00,31.97
8661,2,34,3,76.58,0.00,48.24
8662,1,20,4,57.40,0.00,37.88
8662,2,37,5,80.69,0.00,55.67
8663,1,23,6,61.51,0.00,44.28
8663,2,40,7,84.80,0.00,31.37
8664,1,26,8,65.62,0.00,26.24
8664,2,43,1,88.91,0.00,38.23
8665,1,29,2,69.73,0.00,32.07
8665,2,46,3,93.02,0.00,45.57
8666,1,32,4,73.84,0.00,38.39
8666,2,49,5,97.13,0.00,53.42
8667,1,35,6,77.95,0.00,45.21
8667,2,52,7,101.24,0.00,61.75
8668,1,38,8,82.06,0.00,52.51
8668,2,55,1,105.35,0.00,70.58
8669,1,41,2,86.17,0.00,60.31
8669,2,58,3,109.46,0.00,38.31
8670,1,44,4,90.28,0.00,34.30
8670,2,61,5,113.57,0.00,46.56
8671,1,47,6,94.39,0.00,41.53
8671,2,64,7,117.68,0.00,55.30
8672,1,50,8,98.50,0.00,49.25
8672,2,67,1,121.79,0.00,64.54
8673,1,53,2,102.61,0.00,57.46
8673,2,70,3,125.90,0.00,74.28
8674,1,56,4,106.72,0.00,66.16
8674,2,73,5,130.01,0.00,84.50
8675,1,59,6,110.83,0.00,75.36
8675,2,76,7,134.12,0.00,95.22
8676,1,62,8,114.94,0.00,41.37
8676,2,79,1,138.23,0.00,53.90
8677,1,65,2,119.05,0.00,50.00
8677,2,82,3,142.34,0.00,64.05
8678,1,68,4,123.16,0.00,59.11
8678,2,85,5,146.45,0.00,74.68
8679,1,71,6,127.27,0.00,68.72
8679,2,88,7,150.56,0.00,85.81
8680,1,74,8,131.38,0.00,78.82
8680,2,91,1,154.67,0.00,97.44
8681,1,77,2,135.49,0.00,89.42
8681,2,94,3,158.78,23.81,109.55
8682,1,80,4,139.60,27.92,100.51
8682,2,97,5,162.89,40.72,60.26
8683,1,83,6,143.71,7.18,57.48
8683,2,100,7,167.00,16.70,71.81
8684,1,86,8,147.82,22.17,67.99
8684,2,103,1,171.11,34.22,83.84
8685,1,89,2,151.93,37.98,79.00
8685,2,106,3,175.22,8.76,96.37
8686,1,92,4,156.04,15.60,90.50
8686,2,109,5,179.33,26.89,109.39
8687,1,95,6,160.15,32.03,102.49
8687,2,112,7,183.44,45.86,122.90
8688,1,98,8,164.26,8.21,114.98
8688,2,3,1,34.11,3.41,11.93
8689,1,101,2,168.37,25.25,63.98
8689,2,6,3,38.22,7.64,15.67
8690,1,104,4,172.48,43.12,75.89
8690,2,9,5,42.33,2.11,19.89
8691,1,107,6,176.59,17.65,88.29
8691,2,12,7,46.44,6.96,24.61
8692,1,110,8,180.70,36.14,101.19
8692,2,15,1,50.55,12.63,29.82
8693,1,1,2,31.37,1.56,19.44
8693,2,18,3,54.66,5.46,35.52
8694,1,4,4,35.48,5.32,24.12
8694,2,21,5,58.77,11.75,41.72
8695,1,7,6,39.59,9.89,14.25
8695,2,24,7,62.88,3.14,24.52
8696,1,10,8,43.70,4.37,18.35
8696,2,27,1,66.99,10.04,30.14
8697,1,13,2,47.81,9.56,22.94
8697,2,30,3,71.10,17.77,36.26
8698,1,16,4,51.92,2.59,28.03
8698,2,33,5,75.21,7.52,42.86
8699,1,19,6,56.03,8.40,33.61
8699,2,36,7,79.32,15.86,49.97
8700,1,22,8,60.14,15.03,39.69
8700,2,39,1,83.43,0.00,57.56
8701,1,25,2,64.25,0.00,46.26
8701,2,42,3,87.54,0.00,32.38
8702,1,28,4,68.36,0.00,27.34
8702,2,45,5,91.65,0.00,39.40
8703,1,31,6,72.47,0.00,33.33
8703,2,48,7,95.76,0.00,46.92
8704,1,34,8,76.58,0.00,39.82
8704,2,51,1,99.87,0.00,54.92
8705,1,37,2,80.69,0.00,46.80
8705,2,54,3,103.98,0.00,63.42
8706,1,40,4,84.80,0.00,54.27
8706,2,57,5,108.09,0.00,72.42
8707,1,43,6,88.91,0.00,62.23
8707,2,60,7,112.20,0.00,39.27
8708,1,46,8,93.02,0.00,35.34
8708,2,63,1,116.31,0.00,47.68
8709,1,49,2,97.13,0.00,42.73
8709,2,66,3,120.42,0.00,56.59
8710,1,52,4,101.24,0.00,50.62
8710,2,69,5,124.53,0.00,66.00
8711,1,55,6,105.35,0.00,58.99
8711,2,72,7,128.64,0.00,75.89
8712,1,58,8,109.46,0.00,67.86
8712,2,75,1,132.75,0.00,86.28
8713,1,61,2,113.57,0.00,77.22
8713,2,78,3,136.86,0.00,97.17
8714,1,64,4,117.68,0.00,42.36
8714,2,81,5,140.97,0.00,54.97
8715,1,67,6,121.79,0.00,51.15
8715,2,84,7,145.08,0.00,65.28
8716,1,70,8,125.90,0.00,60.43
8716,2,87,1,149.19,0.00,76.08
8717,1,73,2,130.01,0.00,70.20
8717,2,90,3,153.30,0.00,87.38
8718,1,76,4,134.12,0.00,80.47
8718,2,93,5,157.41,0.00,99.16
8719,1,79,6,138.23,0.00,91.23
8719,2,96,7,161.52,0.00,111.44
8720,1,82,8,142.34,0.00,102.48
8720,2,99,1,165.63,0.00,61.28
8721,1,85,2,146.45,0.00,58.58
8721,2,102,3,169.74,0.00,72.98
8722,1,88,4,150.56,0.00,69.25
8722,2,105,5,173.85,0.00,85.18
8723,1,91,6,154.67,0.00,80.42
8723,2,108,7,177.96,0.00,97.87
8724,1,94,8,158.78,0.00,92.09
8724,2,111,1,182.07,0.00,111.06
8725,1,97,2,162.89,0.00,104.24
8725,2,2,3,32.74,0.00,21.93
8726,1,100,4,167.00,0.00,116.90
8726,2,5,5,36.85,0.00,12.89
8727,1,103,6,171.11,0.00,65.02
8727,2,8,7,40.96,0.00,16.79
8728,1,106,8,175.22,0.00,77.09
8728,2,11,1,45.07,0.00,21.18
8729,1,109,2,179.33,0.00,89.66
8729,2,14,3,49.18,0.00,26.06
8730,1,112,4,183.44,0.00,102.72
8730,2,17,5,53.29,0.00,31.44
8731,1,3,6,34.11,0.00,21.14
8731,2,20,7,57.40,8.61,37.31
8732,1,6,8,38.22,7.64,25.98
8732,2,23,1,61.51,15.37,43.67
8733,1,9,2,42.33,2.11,15.23
8733,2,26,3,65.62,6.56,25.59
8734,1,12,4,46.44,6.96,19.50
8734,2,29,5,69.73,13.94,31.37
8735,1,15,6,50.55,12.63,24.26
8735,2,32,7,73.84,3.69,37.65
8736,1,18,8,54.66,5.46,29.51
8736,2,35,1,77.95,11.69,44.43
8737,1,21,2,58.77,11.75,35.26
8737,2,38,3,82.06,20.51,51.69
8738,1,24,4,62.88,3.14,41.50
8738,2,41,5,86.17,8.61,59.45
8739,1,27,6,66.99,10.04,48.23
8739,2,44,7,90.28,18.05,33.40
8740,1,30,8,71.10,17.77,28.44
8740,2,47,1,94.39,4.71,40.58
8741,1,33,2,75.21,7.52,34.59
8741,2,50,3,98.50,14.77,48.26
8742,1,36,4,79.32,15.86,41.24
8742,2,53,5,102.61,25.65,56.43
8743,1,39,6,83.43,4.17,48.38
8743,2,56,7,106.72,10.67,65.09
8744,1,42,8,87.54,13.13,56.02
8744,2,59,1,110.83,22.16,74.25
8745,1,45,2,91.65,22.91,64.15
8745,2,62,3,114.94,5.74,40.22
8746,1,48,4,95.76,9.57,36.38
8746,2,65,5,119.05,17.85,48.81
8747,1,51,6,99.87,19.97,43.94
8747,2,68,7,123.16,30.79,57.88
8748,1,54,8,103.98,5.19,51.99
8748,2,71,1,127.27,12.72,67.45
8749,1,57,2,108.09,16.21,60.53
8749,2,74,3,131.38,26.27,77.51
8750,1,60,4,112.20,28.05,69.56
8750,2,77,5,135.49,0.00,88.06
8751,1,63,6,116.31,0.00,79.09
8751,2,80,7,139.60,0.00,99.11
8752,1,66,8,120.42,0.00,43.35
8752,2,83,1,143.71,0.00,56.04
8753,1,69,2,124.53,0.00,52.30
8753,2,86,3,147.82,0.00,66.51
8754,1,72,4,128.64,0.00,61.74
8754,2,89,5,151.93,0.00,77.48
8755,1,75,6,132.75,0.00,71.68
8755,2,92,7,156.04,0.00,88.94
8756,1,78,8,136.86,0.00,82.11
8756,2,95,1,160.15,0.00,100.89
8757,1,81,2,140.97,0.00,93.04
8757,2,98,3,164.26,0.00,113.33
8758,1,84,4,145.08,0.00,104.45
8758,2,101,5,168.37,0.00,62.29
8759,1,87,6,149.19,0.00,59.67
8759,2,104,7,172.48,0.00,74.16
8760,1,90,8,153.30,0.00,70.51
8760,2,107,1,176.59,0.00,86.52
8761,1,93,2,157.41,0.00,81.85
8761,2,110,3,180.70,0.00,99.38
8762,1,96,4,161.52,0.00,93.68
8762,2,1,5,31.37,0.00,19.13
8763,1,99,6,165.63,0.00,106.00
8763,2,4,7,35.48,0.00,23.77
8764,1,102,8,169.74,0.00,118.81
8764,2,7,1,39.59,0.00,13.85
8765,1,105,2,173.85,0.00,66.06
8765,2,10,3,43.70,0.00,17.91
8766,1,108,4,177.96,0.00,78.30
8766,2,13,5,47.81,0.00,22.47
8767,1,111,6,182.07,0.00,91.03
8767,2,16,7,51.92,0.00,27.51
8768,1,2,8,32.74,0.00,18.33
8768,2,19,1,56.03,0.00,33.05
8769,1,5,2,36.85,0.00,22.84
8769,2,22,3,60.14,0.00,39.09
8770,1,8,4,40.96,0.00,27.85
8770,2,25,5,64.25,0.00,45.61
8771,1,11,6,45.07,0.00,16.22
8771,2,28,7,68.36,0.00,26.66
8772,1,14,8,49.18,0.00,20.65
8772,2,31,1,72.47,0.00,32.61
8773,1,17,2,53.29,0.00,25.57
8773,2,34,3,76.58,0.00,39.05
8774,1,20,4,57.40,0.00,30.99
8774,2,37,5,80.69,0.00,45.99
8775,1,23,6,61.51,0.00,36.90
8775,2,40,7,84.80,0.00,53.42
8776,1,26,8,65.62,0.00,43.30
8776,2,43,1,88.91,0.00,61.34
8777,1,29,2,69.73,0.00,50.20
8777,2,46,3,93.02,0.00,34.41
8778,1,32,4,73.84,0.00,29.53
8778,2,49,5,97.13,0.00,41.76
8779,1,35,6,77.95,0.00,35.85
8779,2,52,7,101.24,0.00,49.60
8780,1,38,8,82.06,0.00,42.67
8780,2,55,1,105.35,0.00,57.94
8781,1,41,2,86.17,0.00,49.97
8781,2,58,3,109.46,16.41,66.77
8782,1,44,4,90.28,18.05,57.77
8782,2,61,5,113.57,28.39,76.09
8783,1,47,6,94.39,4.71,66.07
8783,2,64,7,117.68,11.76,41.18
8784,1,50,8,98.50,14.77,37.43
8784,2,67,1,121.79,24.35,49.93
8785,1,53,2,102.61,25.65,45.14
8785,2,70,3,125.90,6.29,59.17
8786,1,56,4,106.72,10.67,53.36
8786,2,73,5,130.01,19.50,68.90
8787,1,59,6,110.83,22.16,62.06
8787,2,76,7,134.12,33.53,79.13
8788,1,62,8,114.94,5.74,71.26
8788,2,79,1,138.23,13.82,89.84
8789,1,65,2,119.05,17.85,80.95
8789,2,82,3,142.34,28.46,101.06
8790,1,68,4,123.16,30.79,44.33
8790,2,85,5,146.45,7.32,57.11
8791,1,71,6,127.27,12.72,53.45
8791,2,88,7,150.56,22.58,67.75
8792,1,74,8,131.38,26.27,63.06
8792,2,91,1,154.67,38.66,78.88
8793,1,77,2,135.49,6.77,73.16
8793,2,94,3,158.78,15.87,90.50
8794,1,80,4,139.60,20.94,83.76
8794,2,97,5,162.89,32.57,102.62
8795,1,83,6,143.71,35.92,94.84
8795,2,100,7,167.00,8.35,115.23
8796,1,86,8,147.82,14.78,106.43
8796,2,103,1,171.11,25.66,63.31
8797,1,89,2,151.93,30.38,60.77
8797,2,106,3,175.22,43.80,75.34
8798,1,92,4,156.04,7.80,71.77
8798,2,109,5,179.33,17.93,87.87
8799,1,95,6,160.15,24.02,83.27
8799,2,112,7,183.44,36.68,100.89
8800,1,98,8,164.26,41.06,95.27
8800,2,3,1,34.11,0.00,20.80
8801,1,101,2,168.37,0.00,107.75
8801,2,6,3,38.22,0.00,25.60
8802,1,104,4,172.48,0.00,120.73
8802,2,9,5,42.33,0.00,14.81
8803,1,107,6,176.59,0.00,67.10
8803,2,12,7,46.44,0.00,19.04
8804,1,110,8,180.70,0.00,79.50
8804,2,15,1,50.55,0.00,23.75
8805,1,1,2,31.37,0.00,15.68
8805,2,18,3,54.66,0.00,28.96
8806,1,4,4,35.48,0.00,19.86
8806,2,21,5,58.77,0.00,34.67
8807,1,7,6,39.59,0.00,24.54
8807,2,24,7,62.88,0.00,40.87
8808,1,10,8,43.70,0.00,29.71
8808,2,27,1,66.99,0.00,47.56
8809,1,13,2,47.81,0.00,17.21
8809,2,30,3,71.10,0.00,27.72
8810,1,16,4,51.92,0.00,21.80
8810,2,33,5,75.21,0.00,33.84
8811,1,19,6,56.03,0.00,26.89
8811,2,36,7,79.32,0.00,40.45
8812,1,22,8,60.14,0.00,32.47
8812,2,39,1,83.43,0.00,47.55
8813,1,25,2,64.25,0.00,38.55
8813,2,42,3,87.54,0.00,55.15
8814,1,28,4,68.36,0.00,45.11
8814,2,45,5,91.65,0.00,63.23
8815,1,31,6,72.47,0.00,52.17
8815,2,48,7,95.76,0.00,35.43
8816,1,34,8,76.58,0.00,30.63
8816,2,51,1,99.87,0.00,42.94
8817,1,37,2,80.69,0.00,37.11
8817,2,54,3,103.98,0.00,50.95
8818,1,40,4,84.80,0.00,44.09
8818,2,57,5,108.09,0.00,59.44
8819,1,43,6,88.91,0.00,51.56
8819,2,60,7,112.20,0.00,68.44
8820,1,46,8,93.02,0.00,59.53
8820,2,63,1,116.31,0.00,77.92
8821,1,49,2,97.13,0.00,67.99
8821,2,66,3,120.42,0.00,42.14
8822,1,52,4,101.24,0.00,38.47
8822,2,69,5,124.53,0.00,51.05
8823,1,55,6,105.35,0.00,46.35
8823,2,72,7,128.64,0.00,60.46
8824,1,58,8,109.46,0.00,54.73
8824,2,75,1,132.75,0.00,70.35
8825,1,61,2,113.57,0.00,63.59
8825,2,78,3,136.86,0.00,80.74
8826,1,64,4,117.68,0.00,72.96
8826,2,81,5,140.97,0.00,91.63
8827,1,67,6,121.79,0.00,82.81
8827,2,84,7,145.08,0.00,103.00
8828,1,70,8,125.90,0.00,45.32
8828,2,87,1,149.19,0.00,58.18
8829,1,73,2,130.01,0.00,54.60
8829,2,90,3,153.30,0.00,68.98
8830,1,76,4,134.12,0.00,64.37
8830,2,93,5,157.41,0.00,80.27
8831,1,79,6,138.23,0.00,74.64
8831,2,96,7,161.52,24.22,92.06
8832,1,82,8,142.34,28.46,85.40
8832,2,99,1,165.63,41.40,104.34
8833,1,85,2,146.45,7.32,96.65
8833,2,102,3,169.74,16.97,117.12
8834,1,88,4,150.56,22.58,108.40
8834,2,105,5,173.85,34.77,64.32
8835,1,91,6,154.67,38.66,61.86
8835,2,108,7,177.96,8.89,76.52
8836,1,94,8,158.78,15.87,73.03
8836,2,111,1,182.07,27.31,89.21
8837,1,97,2,162.89,32.57,84.70
8837,2,2,3,32.74,8.18,18.00
8838,1,100,4,167.00,8.35,96.86
8838,2,5,5,36.85,3.68,22.47
8839,1,103,6,171.11,25.66,109.51
8839,2,8,7,40.96,8.19,27.44
8840,1,106,8,175.22,43.80,122.65
8840,2,11,1,45.07,2.25,15.77
8841,1,109,2,179.33,17.93,68.14
8841,2,14,3,49.18,7.37,20.16
8842,1,112,4,183.44,36.68,80.71
8842,2,17,5,53.29,13.32,25.04
8843,1,3,6,34.11,1.70,17.05
8843,2,20,7,57.40,5.74,30.42
8844,1,6,8,38.22,5.73,21.40
8844,2,23,1,61.51,12.30,36.29
8845,1,9,2,42.33,10.58,26.24
8845,2,26,3,65.62,3.28,42.65
8846,1,12,4,46.44,4.64,31.57
8846,2,29,5,69.73,10.45,49.50
8847,1,15,6,50.55,10.11,18.19
8847,2,32,7,73.84,18.46,28.79
8848,1,18,8,54.66,2.73,22.95
8848,2,35,1,77.95,7.79,35.07
8849,1,21,2,58.77,8.81,28.20
8849,2,38,3,82.06,16.41,41.85
8850,1,24,4,62.88,15.72,33.95
8850,2,41,5,86.17,0.00,49.11
8851,1,27,6,66.99,0.00,40.19
8851,2,44,7,90.28,0.00,56.87
8852,1,30,8,71.10,0.00,46.92
8852,2,47,1,94.39,0.00,65.12
8853,1,33,2,75.21,0.00,54.15
8853,2,50,3,98.50,0.00,36.44
8854,1,36,4,79.32,0.00,31.72
8854,2,53,5,102.61,0.00,44.12
8855,1,39,6,83.43,0.00,38.37
8855,2,56,7,106.72,0.00,52.29
8856,1,42,8,87.54,0.00,45.52
8856,2,59,1,110.83,0.00,60.95
8857,1,45,2,91.65,0.00,53.15
8857,2,62,3,114.94,0.00,70.11
8858,1,48,4,95.76,0.00,61.28
8858,2,65,5,119.05,0.00,79.76
8859,1,51,6,99.87,0.00,69.90
8859,2,68,7,123.16,0.00,43.10
8860,1,54,8,103.98,0.00,39.51
8860,2,71,1,127.27,0.00,52.18
8861,1,57,2,108.09,0.00,47.55
8861,2,74,3,131.38,0.00,61.74
8862,1,60,4,112.20,0.00,56.10
8862,2,77,5,135.49,0.00,71.80
8863,1,63,6,116.31,0.00,65.13
8863,2,80,7,139.60,0.00,82.36
8864,1,66,8,120.42,0.00,74.66
8864,2,83,1,143.71,0.00,93.41
8865,1,69,2,124.53,0.00,84.68
8865,2,86,3,147.82,0.00,104.95
8866,1,72,4,128.64,0.00,46.31
8866,2,89,5,151.93,0.00,59.25
8867,1,75,6,132.75,0.00,55.75
8867,2,92,7,156.04,0.00,70.21
8868,1,78,8,136.86,0.00,65.69
8868,2,95,1,160.15,0.00,81.67
8869,1,81,2,140.97,0.00,76.12
8869,2,98,3,164.26,0.00,93.62
8870,1,84,4,145.08,0.00,87.04
8870,2,101,5,168.37,0.00,106.07
8871,1,87,6,149.19,0.00,98.46
8871,2,104,7,172.48,0.00,119.01
8872,1,90,8,153.30,0.00,110.37
8872,2,107,1,176.59,0.00,65.33
8873,1,93,2,157.41,0.00,62.96
8873,2,110,3,180.70,0.00,77.70
8874,1,96,4,161.52,0.00,74.29
8874,2,1,5,31.37,0.00,15.37
8875,1,99,6,165.63,0.00,86.12
8875,2,4,7,35.48,0.00,19.51
8876,1,102,8,169.74,0.00,98.44
8876,2,7,1,39.59,0.00,24.14
8877,1,105,2,173.85,0.00,111.26
8877,2,10,3,43.70,0.00,29.27
8878,1,108,4,177.96,0.00,124.57
8878,2,13,5,47.81,0.00,16.73
8879,1,111,6,182.07,0.00,69.18
8879,2,16,7,51.92,0.00,21.28
8880,1,2,8,32.74,0.00,14.40
8880,2,19,1,56.03,0.00,26.33
8881,1,5,2,36.85,0.00,18.42
8881,2,22,3,60.14,9.02,31.87
8882,1,8,4,40.96,8.19,22.93
8882,2,25,5,64.25,16.06,37.90
8883,1,11,6,45.07,2.25,27.94
8883,2,28,7,68.36,6.83,44.43
8884,1,14,8,49.18,7.37,33.44
8884,2,31,1,72.47,14.49,51.45
8885,1,17,2,53.29,13.32,19.18
8885,2,34,3,76.58,3.82,29.86
8886,1,20,4,57.40,5.74,24.10
8886,2,37,5,80.69,12.10,36.31
8887,1,23,6,61.51,12.30,29.52
8887,2,40,7,84.80,21.20,43.24
8888,1,26,8,65.62,3.28,35.43
8888,2,43,1,88.91,8.89,50.67
8889,1,29,2,69.73,10.45,41.83
8889,2,46,3,93.02,18.60,58.60
8890,1,32,4,73.84,18.46,48.73
8890,2,49,5,97.13,4.85,67.01
8891,1,35,6,77.95,7.79,56.12
8891,2,52,7,101.24,15.18,37.45
8892,1,38,8,82.06,16.41,32.82
8892,2,55,1,105.35,26.33,45.30
8893,1,41,2,86.17,4.30,39.63
8893,2,58,3,109.46,10.94,53.63
8894,1,44,4,90.28,13.54,46.94
8894,2,61,5,113.57,22.71,62.46
8895,1,47,6,94.39,23.59,54.74
8895,2,64,7,117.68,5.88,71.78
8896,1,50,8,98.50,9.85,63.04
8896,2,67,1,121.79,18.26,81.59
8897,1,53,2,102.61,20.52,71.82
8897,2,70,3,125.90,31.47,44.06
8898,1,56,4,106.72,5.33,40.55
8898,2,73,5,130.01,13.00,53.30
8899,1,59,6,110.83,16.62,48.76
8899,2,76,7,134.12,26.82,63.03
8900,1,62,8,114.94,28.73,57.47
8900,2,79,1,138.23,0.00,73.26
8901,1,65,2,119.05,0.00,66.66
8901,2,82,3,142.34,0.00,83.98
8902,1,68,4,123.16,0.00,76.35
8902,2,85,5,146.45,0.00,95.19
8903,1,71,6,127.27,0.00,86.54
8903,2,88,7,150.56,0.00,106.89
8904,1,74,8,131.38,0.00,47.29
8904,2,91,1,154.67,0.00,60.32
8905,1,77,2,135.49,0.00,56.90
8905,2,94,3,158.78,0.00,71.45
8906,1,80,4,139.60,0.00,67.00
8906,2,97,5,162.89,0.00,83.07
8907,1,83,6,143.71,0.00,77.60
8907,2,100,7,167.00,0.00,95.19
8908,1,86,8,147.82,0.00,88.69
8908,2,103,1,171.11,0.00,107.79
8909,1,89,2,151.93,0.00,100.27
8909,2,106,3,175.22,0.00,120.90
8910,1,92,4,156.04,0.00,112.34
8910,2,109,5,179.33,0.00,66.35
8911,1,95,6,160.15,0.00,64.06
8911,2,112,7,183.44,0.00,78.87
8912,1,98,8,164.26,0.00,75.55
8912,2,3,1,34.11,0.00,16.71
8913,1,101,2,168.37,0.00,87.55
8913,2,6,3,38.22,0.00,21.02
8914,1,104,4,172.48,0.00,100.03
8914,2,9,5,42.33,0.00,25.82
8915,1,107,6,176.59,0.00,113.01
8915,2,12,7,46.44,0.00,31.11
8916,1,110,8,180.70,0.00,126.49
8916,2,15,1,50.55,0.00,17.69
8917,1,1,2,31.37,0.00,11.92
8917,2,18,3,54.66,0.00,22.41
8918,1,4,4,35.48,0.00,15.61
8918,2,21,5,58.77,0.00,27.62
8919,1,7,6,39.59,0.00,19.79
8919,2,24,7,62.88,0.00,33.32
8920,1,10,8,43.70,0.00,24.47
8920,2,27,1,66.99,0.00,39.52
8921,1,13,2,47.81,0.00,29.64
8921,2,30,3,71.10,0.00,46.21
8922,1,16,4,51.92,0.00,35.30
8922,2,33,5,75.21,0.00,53.39
8923,1,19,6,56.03,0.00,20.17
8923,2,36,7,79.32,0.00,30.93
8924,1,22,8,60.14,0.00,25.25
8924,2,39,1,83.43,0.00,37.54
8925,1,25,2,64.25,0.00,30.84
8925,2,42,3,87.54,0.00,44.64
8926,1,28,4,68.36,0.00,36.91
8926,2,45,5,91.65,0.00,52.24
8927,1,31,6,72.47,0.00,43.48
8927,2,48,7,95.76,0.00,60.32
8928,1,34,8,76.58,0.00,50.54
8928,2,51,1,99.87,0.00,68.91
8929,1,37,2,80.69,0.00,58.09
8929,2,54,3,103.98,0.00,38.47
8930,1,40,4,84.80,0.00,33.92
8930,2,57,5,108.09,0.00,46.47
8931,1,43,6,88.91,0.00,40.89
8931,2,60,7,112.20,16.83,54.97
8932,1,46,8,93.02,18.60,48.37
8932,2,63,1,116.31,29.07,63.97
8933,1,49,2,97.13,4.85,56.33
8933,2,66,3,120.42,12.04,73.45
8934,1,52,4,101.24,15.18,64.79
8934,2,69,5,124.53,24.90,83.43
8935,1,55,6,105.35,26.33,73.74
8935,2,72,7,128.64,6.43,45.02
8936,1,58,8,109.46,10.94,41.59
8936,2,75,1,132.75,19.91,54.42
8937,1,61,2,113.57,22.71,49.97
8937,2,78,3,136.86,34.21,64.32
8938,1,64,4,117.68,5.88,58.84
8938,2,81,5,140.97,14.09,74.71
8939,1,67,6,121.79,18.26,68.20
8939,2,84,7,145.08,29.01,85.59
8940,1,70,8,125.90,31.47,78.05
8940,2,87,1,149.19,7.45,96.97
8941,1,73,2,130.01,13.00,88.40
8941,2,90,3,153.30,22.99,108.84
8942,1,76,4,134.12,26.82,48.28
8942,2,93,5,157.41,39.35,61.38
8943,1,79,6,138.23,6.91,58.05
8943,2,96,7,161.52,16.15,72.68
8944,1,82,8,142.34,21.35,68.32
8944,2,99,1,165.63,33.12,84.47
8945,1,85,2,146.45,36.61,79.08
8945,2,102,3,169.74,8.48,96.75
8946,1,88,4,150.56,15.05,90.33
8946,2,105,5,173.85,26.07,109.52
8947,1,91,6,154.67,30.93,102.08
8947,2,108,7,177.96,44.49,122.79
8948,1,94,8,158.78,7.93,114.32
8948,2,111,1,182.07,18.20,67.36
8949,1,97,2,162.89,24.43,65.15
8949,2,2,3,32.74,6.54,14.07
8950,1,100,4,167.00,41.75,76.82
8950,2,5,5,36.85,0.00,18.05
8951,1,103,6,171.11,0.00,88.97
8951,2,8,7,40.96,0.00,22.52
8952,1,106,8,175.22,0.00,101.62
8952,2,11,1,45.07,0.00,27.49
8953,1,109,2,179.33,0.00,114.77
8953,2,14,3,49.18,0.00,32.95
8954,1,112,4,183.44,0.00,128.40
8954,2,17,5,53.29,0.00,18.65
8955,1,3,6,34.11,0.00,12.96
8955,2,20,7,57.40,0.00,23.53
8956,1,6,8,38.22,0.00,16.81
8956,2,23,1,61.51,0.00,28.90
8957,1,9,2,42.33,0.00,21.16
8957,2,26,3,65.62,0.00,34.77
8958,1,12,4,46.44,0.00,26.00
8958,2,29,5,69.73,0.00,41.14
8959,1,15,6,50.55,0.00,31.34
8959,2,32,7,73.84,0.00,47.99
8960,1,18,8,54.66,0.00,37.16
8960,2,35,1,77.95,0.00,55.34
8961,1,21,2,58.77,0.00,21.15
8961,2,38,3,82.06,0.00,32.00
8962,1,24,4,62.88,0.00,26.40
8962,2,41,5,86.17,0.00,38.77
8963,1,27,6,66.99,0.00,32.15
8963,2,44,7,90.28,0.00,46.04
8964,1,30,8,71.10,0.00,38.39
8964,2,47,1,94.39,0.00,53.80
8965,1,33,2,75.21,0.00,45.12
8965,2,50,3,98.50,0.00,62.05
8966,1,36,4,79.32,0.00,52.35
8966,2,53,5,102.61,0.00,70.80
8967,1,39,6,83.43,0.00,60.06
8967,2,56,7,106.72,0.00,39.48
8968,1,42,8,87.54,0.00,35.01
8968,2,59,1,110.83,0.00,47.65
8969,1,45,2,91.65,0.00,42.15
8969,2,62,3,114.94,0.00,56.32
8970,1,48,4,95.76,0.00,49.79
8970,2,65,5,119.05,0.00,65.47
8971,1,51,6,99.87,0.00,57.92
8971,2,68,7,123.16,0.00,75.12
8972,1,54,8,103.98,0.00,66.54
8972,2,71,1,127.27,0.00,85.27
8973,1,57,2,108.09,0.00,75.66
8973,2,74,3,131.38,0.00,45.98
8974,1,60,4,112.20,0.00,42.63
8974,2,77,5,135.49,0.00,55.55
8975,1,63,6,116.31,0.00,51.17
8975,2,80,7,139.60,0.00,65.61
8976,1,66,8,120.42,0.00,60.21
8976,2,83,1,143.71,0.00,76.16
8977,1,69,2,124.53,0.00,69.73
8977,2,86,3,147.82,0.00,87.21
8978,1,72,4,128.64,0.00,79.75
8978,2,89,5,151.93,0.00,98.75
8979,1,75,6,132.75,0.00,90.27
8979,2,92,7,156.04,0.00,110.78
8980,1,78,8,136.86,0.00,49.26
8980,2,95,1,160.15,0.00,62.45
8981,1,81,2,140.97,0.00,59.20
8981,2,98,3,164.26,24.63,73.91
8982,1,84,4,145.08,29.01,69.63
8982,2,101,5,168.37,42.09,85.86
8983,1,87,6,149.19,7.45,80.56
8983,2,104,7,172.48,17.24,98.31
8984,1,90,8,153.30,22.99,91.98
8984,2,107,1,176.59,35.31,111.25
8985,1,93,2,157.41,39.35,103.89
8985,2,110,3,180.70,9.03,124.68
8986,1,96,4,161.52,16.15,116.29
8986,2,1,5,31.37,4.70,11.60
8987,1,99,6,165.63,33.12,66.25
8987,2,4,7,35.48,8.87,15.25
8988,1,102,8,169.74,8.48,78.08
8988,2,7,1,39.59,3.95,19.39
8989,1,105,2,173.85,26.07,90.40
8989,2,10,3,43.70,8.74,24.03
8990,1,108,4,177.96,44.49,103.21
8990,2,13,5,47.81,2.39,29.16
8991,1,111,6,182.07,18.20,116.52
8991,2,16,7,51.92,7.78,34.78
8992,1,2,8,32.74,6.54,22.91
8992,2,19,1,56.03,14.00,19.61
8993,1,5,2,36.85,1.84,14.00
8993,2,22,3,60.14,6.01,24.65
8994,1,8,4,40.96,6.14,18.02
8994,2,25,5,64.25,12.85,30.19
8995,1,11,6,45.07,11.26,22.53
8995,2,28,7,68.36,3.41,36.23
8996,1,14,8,49.18,4.91,27.54
8996,2,31,1,72.47,10.87,42.75
8997,1,17,2,53.29,10.65,33.03
8997,2,34,3,76.58,19.14,49.77
8998,1,20,4,57.40,2.87,39.03
8998,2,37,5,80.69,8.06,57.28
8999,1,23,6,61.51,9.22,22.14
8999,2,40,7,84.80,16.96,33.07
9000,1,26,8,65.62,16.40,27.56
9000,2,43,1,88.91,0.00,40.00
9001,1,29,2,69.73,0.00,33.47
9001,2,46,3,93.02,0.00,47.44
9002,1,32,4,73.84,0.00,39.87
9002,2,49,5,97.13,0.00,55.36
9003,1,35,6,77.95,0.00,46.77
9003,2,52,7,101.24,0.00,63.78
9004,1,38,8,82.06,0.00,54.15
9004,2,55,1,105.35,0.00,72.69
9005,1,41,2,86.17,0.00,62.04
9005,2,58,3,109.46,0.00,40.50
9006,1,44,4,90.28,0.00,36.11
9006,2,61,5,113.57,0.00,48.83
9007,1,47,6,94.39,0.00,43.41
9007,2,64,7,117.68,0.00,57.66
9008,1,50,8,98.50,0.00,51.22
9008,2,67,1,121.79,0.00,66.98
9009,1,53,2,102.61,0.00,59.51
9009,2,70,3,125.90,0.00,76.79
9010,1,56,4,106.72,0.00,68.30
9010,2,73,5,130.01,0.00,87.10
9011,1,59,6,110.83,0.00,77.58
9011,2,76,7,134.12,0.00,46.94
9012,1,62,8,114.94,0.00,43.67
9012,2,79,1,138.23,0.00,56.67
9013,1,65,2,119.05,0.00,52.38
9013,2,82,3,142.34,0.00,66.89
9014,1,68,4,123.16,0.00,61.58
9014,2,85,5,146.45,0.00,77.61
9015,1,71,6,127.27,0.00,71.27
9015,2,88,7,150.56,0.00,88.83
9016,1,74,8,131.38,0.00,81.45
9016,2,91,1,154.67,0.00,100.53
9017,1,77,2,135.49,0.00,92.13
9017,2,94,3,158.78,0.00,112.73
9018,1,80,4,139.60,0.00,50.25
9018,2,97,5,162.89,0.00,63.52
9019,1,83,6,143.71,0.00,60.35
9019,2,100,7,167.00,0.00,75.15
9020,1,86,8,147.82,0.00,70.95
9020,2,103,1,171.11,0.00,87.26
9021,1,89,2,151.93,0.00,82.04
9021,2,106,3,175.22,0.00,99.87
9022,1,92,4,156.04,0.00,93.62
9022,2,109,5,179.33,0.00,112.97
9023,1,95,6,160.15,0.00,105.69
9023,2,112,7,183.44,0.00,126.57
9024,1,98,8,164.26,0.00,118.26
9024,2,3,1,34.11,0.00,12.62
9025,1,101,2,168.37,0.00,67.34
9025,2,6,3,38.22,0.00,16.43
9026,1,104,4,172.48,0.00,79.34
9026,2,9,5,42.33,0.00,20.74
9027,1,107,6,176.59,0.00,91.82
9027,2,12,7,46.44,0.00,25.54
9028,1,110,8,180.70,0.00,104.80
9028,2,15,1,50.55,0.00,30.83
9029,1,1,2,31.37,0.00,20.07
9029,2,18,3,54.66,0.00,36.62
9030,1,4,4,35.48,0.00,24.83
9030,2,21,5,58.77,0.00,20.56
9031,1,7,6,39.59,0.00,15.04
9031,2,24,7,62.88,9.43,25.78
9032,1,10,8,43.70,8.74,19.22
9032,2,27,1,66.99,16.74,31.48
9033,1,13,2,47.81,2.39,23.90
9033,2,30,3,71.10,7.11,37.68
9034,1,16,4,51.92,7.78,29.07
9034,2,33,5,75.21,15.04,44.37
9035,1,19,6,56.03,14.00,34.73
9035,2,36,7,79.32,3.96,51.55
9036,1,22,8,60.14,6.01,40.89
9036,2,39,1,83.43,12.51,59.23
9037,1,25,2,64.25,12.85,23.13
9037,2,42,3,87.54,21.88,34.14
9038,1,28,4,68.36,3.41,28.71
9038,2,45,5,91.65,9.16,41.24
9039,1,31,6,72.47,10.87,34.78
9039,2,48,7,95.76,19.15,48.83
9040,1,34,8,76.58,19.14,41.35
9040,2,51,1,99.87,4.99,56.92
9041,1,37,2,80.69,8.06,48.41
9041,2,54,3,103.98,15.59,65.50
9042,1,40,4,84.80,16.96,55.96
9042,2,57,5,108.09,27.02,74.58
9043,1,43,6,88.91,4.44,64.01
9043,2,60,7,112.20,11.22,41.51
9044,1,46,8,93.02,13.95,37.20
9044,2,63,1,116.31,23.26,50.01
9045,1,49,2,97.13,24.28,44.67
9045,2,66,3,120.42,6.02,59.00
9046,1,52,4,101.24,10.12,52.64
9046,2,69,5,124.53,18.67,68.49
9047,1,55,6,105.35,21.07,61.10
9047,2,72,7,128.64,32.16,78.47
9048,1,58,8,109.46,5.47,70.05
9048,2,75,1,132.75,13.27,88.94
9049,1,61,2,113.57,17.03,79.49
9049,2,78,3,136.86,27.37,47.90
9050,1,64,4,117.68,29.42,44.71
9050,2,81,5,140.97,0.00,57.79
9051,1,67,6,121.79,0.00,53.58
9051,2,84,7,145.08,0.00,68.18
9052,1,70,8,125.90,0.00,62.95
9052,2,87,1,149.19,0.00,79.07
9053,1,73,2,130.01,0.00,72.80
9053,2,90,3,153.30,0.00,90.44
9054,1,76,4,134.12,0.00,83.15
9054,2,93,5,157.41,0.00,102.31
9055,1,79,6,138.23,0.00,93.99
9055,2,96,7,161.52,0.00,114.67
9056,1,82,8,142.34,0.00,51.24
9056,2,99,1,165.63,0.00,64.59
9057,1,85,2,146.45,0.00,61.50
9057,2,102,3,169.74,0.00,76.38
9058,1,88,4,150.56,0.00,72.26
9058,2,105,5,173.85,0.00,88.66
9059,1,91,6,154.67,0.00,83.52
9059,2,108,7,177.96,0.00,101.43
9060,1,94,8,158.78,0.00,95.26
9060,2,111,1,182.07,0.00,114.70
9061,1,97,2,162.89,0.00,107.50
9061,2,2,3,32.74,0.00,22.59
9062,1,100,4,167.00,0.00,120.24
9062,2,5,5,36.85,0.00,13.63
9063,1,103,6,171.11,0.00,68.44
9063,2,8,7,40.96,0.00,17.61
9064,1,106,8,175.22,0.00,80.60
9064,2,11,1,45.07,0.00,22.08
9065,1,109,2,179.33,0.00,93.25
9065,2,14,3,49.18,0.00,27.04
9066,1,112,4,183.44,0.00,106.39
9066,2,17,5,53.29,0.00,32.50
9067,1,3,6,34.11,0.00,21.83
9067,2,20,7,57.40,0.00,38.45
9068,1,6,8,38.22,0.00,26.75
9068,2,23,1,61.51,0.00,21.52
9069,1,9,2,42.33,0.00,16.08
9069,2,26,3,65.62,0.00,26.90
9070,1,12,4,46.44,0.00,20.43
9070,2,29,5,69.73,0.00,32.77
9071,1,15,6,50.55,0.00,25.27
9071,2,32,7,73.84,0.00,39.13
9072,1,18,8,54.66,0.00,30.60
9072,2,35,1,77.95,0.00,45.99
9073,1,21,2,58.77,0.00,36.43
9073,2,38,3,82.06,0.00,53.33
9074,1,24,4,62.88,0.00,42.75
9074,2,41,5,86.17,0.00,61.18
9075,1,27,6,66.99,0.00,24.11
9075,2,44,7,90.28,0.00,35.20
9076,1,30,8,71.10,0.00,29.86
9076,2,47,1,94.39,0.00,42.47
9077,1,33,2,75.21,0.00,36.10
9077,2,50,3,98.50,0.00,50.23
9078,1,36,4,79.32,0.00,42.83
9078,2,53,5,102.61,0.00,58.48
9079,1,39,6,83.43,0.00,50.05
9079,2,56,7,106.72,0.00,67.23
9080,1,42,8,87.54,0.00,57.77
9080,2,59,1,110.83,0.00,76.47
9081,1,45,2,91.65,0.00,65.98
9081,2,62,3,114.94,17.24,42.52
9082,1,48,4,95.76,19.15,38.30
9082,2,65,5,119.05,29.76,51.19
9083,1,51,6,99.87,4.99,45.94
9083,2,68,7,123.16,12.31,60.34
9084,1,54,8,103.98,15.59,54.06
9084,2,71,1,127.27,25.45,69.99
9085,1,57,2,108.09,27.02,62.69
9085,2,74,3,131.38,6.56,80.14
9086,1,60,4,112.20,11.22,71.80
9086,2,77,5,135.49,20.32,90.77
9087,1,63,6,116.31,23.26,81.41
9087,2,80,7,139.60,34.90,48.86
9088,1,66,8,120.42,6.02,45.75
9088,2,83,1,143.71,14.37,58.92
9089,1,69,2,124.53,18.67,54.79
9089,2,86,3,147.82,29.56,69.47
9090,1,72,4,128.64,32.16,64.32
9090,2,89,5,151.93,7.59,80.52
9091,1,75,6,132.75,13.27,74.34
9091,2,92,7,156.04,23.40,92.06
9092,1,78,8,136.86,27.37,84.85
9092,2,95,1,160.15,40.03,104.09
9093,1,81,2,140.97,7.04,95.85
9093,2,98,3,164.26,16.42,116.62
9094,1,84,4,145.08,21.76,52.22
9094,2,101,5,168.37,33.67,65.66
9095,1,87,6,149.19,37.29,62.65
9095,2,104,7,172.48,8.62,77.61
9096,1,90,8,153.30,15.33,73.58
9096,2,107,1,176.59,26.48,90.06
9097,1,93,2,157.41,31.48,85.00
9097,2,110,3,180.70,45.17,102.99
9098,1,96,4,161.52,8.07,96.91
9098,2,1,5,31.37,3.13,19.76
9099,1,99,6,165.63,24.84,109.31
9099,2,4,7,35.48,7.09,24.48
9100,1,102,8,169.74,42.43,122.21
9100,2,7,1,39.59,0.00,14.64
9101,1,105,2,173.85,0.00,69.54
9101,2,10,3,43.70,0.00,18.79
9102,1,108,4,177.96,0.00,81.86
9102,2,13,5,47.81,0.00,23.42
9103,1,111,6,182.07,0.00,94.67
9103,2,16,7,51.92,0.00,28.55
9104,1,2,8,32.74,0.00,18.98
9104,2,19,1,56.03,0.00,34.17
9105,1,5,2,36.85,0.00,23.58
9105,2,22,3,60.14,0.00,40.29
9106,1,8,4,40.96,0.00,28.67
9106,2,25,5,64.25,0.00,22.48
9107,1,11,6,45.07,0.00,17.12
9107,2,28,7,68.36,0.00,28.02
9108,1,14,8,49.18,0.00,21.63
9108,2,31,1,72.47,0.00,34.06
9109,1,17,2,53.29,0.00,26.64
9109,2,34,3,76.58,0.00,40.58
9110,1,20,4,57.40,0.00,32.14
9110,2,37,5,80.69,0.00,47.60
9111,1,23,6,61.51,0.00,38.13
9111,2,40,7,84.80,0.00,55.12
9112,1,26,8,65.62,0.00,44.62
9112,2,43,1,88.91,0.00,63.12
9113,1,29,2,69.73,0.00,25.10
9113,2,46,3,93.02,0.00,36.27
9114,1,32,4,73.84,0.00,31.01
9114,2,49,5,97.13,0.00,43.70
9115,1,35,6,77.95,0.00,37.41
9115,2,52,7,101.24,0.00,51.63
9116,1,38,8,82.06,0.00,44.31
9116,2,55,1,105.35,0.00,60.04
9117,1,41,2,86.17,0.00,51.70
9117,2,58,3,109.46,0.00,68.95
9118,1,44,4,90.28,0.00,59.58
9118,2,61,5,113.57,0.00,78.36
9119,1,47,6,94.39,0.00,67.96
9119,2,64,7,117.68,0.00,43.54
9120,1,50,8,98.50,0.00,39.40
9120,2,67,1,121.79,0.00,52.36
9121,1,53,2,102.61,0.00,47.20
9121,2,70,3,125.90,0.00,61.69
9122,1,56,4,106.72,0.00,55.49
9122,2,73,5,130.01,0.00,71.50
9123,1,59,6,110.83,0.00,64.28
9123,2,76,7,134.12,0.00,81.81
9124,1,62,8,114.94,0.00,73.56
9124,2,79,1,138.23,0.00,92.61
9125,1,65,2,119.05,0.00,83.33
9125,2,82,3,142.34,0.00,49.81
9126,1,68,4,123.16,0.00,46.80
9126,2,85,5,146.45,0.00,60.04
9127,1,71,6,127.27,0.00,55.99
9127,2,88,7,150.56,0.00,70.76
9128,1,74,8,131.38,0.00,65.69
9128,2,91,1,154.67,0.00,81.97
9129,1,77,2,135.49,0.00,75.87
9129,2,94,3,158.78,0.00,93.68
9130,1,80,4,139.60,0.00,86.55
9130,2,97,5,162.89,0.00,105.87
9131,1,83,6,143.71,0.00,97.72
9131,2,100,7,167.00,25.05,118.57
9132,1,86,8,147.82,29.56,53.21
9132,2,103,1,171.11,42.77,66.73
9133,1,89,2,151.93,7.59,63.81
9133,2,106,3,175.22,17.52,78.84
9134,1,92,4,156.04,23.40,74.89
9134,2,109,5,179.33,35.86,91.45
9135,1,95,6,160.15,40.03,86.48
9135,2,112,7,183.44,9.17,104.56
9136,1,98,8,164.26,16.42,98.55
9136,2,3,1,34.11,5.11,21.48
9137,1,101,2,168.37,33.67,111.12
9137,2,6,3,38.22,9.55,26.37
9138,1,104,4,172.48,8.62,124.18
9138,2,9,5,42.33,4.23,15.66
9139,1,107,6,176.59,26.48,70.63
9139,2,12,7,46.44,9.28,19.96
9140,1,110,8,180.70,45.17,83.12
9140,2,15,1,50.55,2.52,24.76
9141,1,1,2,31.37,3.13,16.31
9141,2,18,3,54.66,8.19,30.06
9142,1,4,4,35.48,7.09,20.57
9142,2,21,5,58.77,14.69,35.84
9143,1,7,6,39.59,1.97,25.33
9143,2,24,7,62.88,6.28,42.12
9144,1,10,8,43.70,6.55,30.59
9144,2,27,1,66.99,13.39,23.44
9145,1,13,2,47.81,11.95,18.16
9145,2,30,3,71.10,3.55,29.15
9146,1,16,4,51.92,5.19,22.84
9146,2,33,5,75.21,11.28,35.34
9147,1,19,6,56.03,11.20,28.01
9147,2,36,7,79.32,19.83,42.03
9148,1,22,8,60.14,3.00,33.67
9148,2,39,1,83.43,8.34,49.22
9149,1,25,2,64.25,9.63,39.83
9149,2,42,3,87.54,17.50,56.90
9150,1,28,4,68.36,17.09,46.48
9150,2,45,5,91.65,0.00,65.07
9151,1,31,6,72.47,0.00,26.08
9151,2,48,7,95.76,0.00,37.34
9152,1,34,8,76.58,0.00,32.16
9152,2,51,1,99.87,0.00,44.94
9153,1,37,2,80.69,0.00,38.73
9153,2,54,3,103.98,0.00,53.02
9154,1,40,4,84.80,0.00,45.79
9154,2,57,5,108.09,0.00,61.61
9155,1,43,6,88.91,0.00,53.34
9155,2,60,7,112.20,0.00,70.68
9156,1,46,8,93.02,0.00,61.39
9156,2,63,1,116.31,0.00,80.25
9157,1,49,2,97.13,0.00,69.93
9157,2,66,3,120.42,0.00,44.55
9158,1,52,4,101.24,0.00,40.49
9158,2,69,5,124.53,0.00,53.54
9159,1,55,6,105.35,0.00,48.46
9159,2,72,7,128.64,0.00,63.03
9160,1,58,8,109.46,0.00,56.91
9160,2,75,1,132.75,0.00,73.01
9161,1,61,2,113.57,0.00,65.87
9161,2,78,3,136.86,0.00,83.48
9162,1,64,4,117.68,0.00,75.31
9162,2,81,5,140.97,0.00,94.44
9163,1,67,6,121.79,0.00,85.25
9163,2,84,7,145.08,0.00,50.77
9164,1,70,8,125.90,0.00,47.84
9164,2,87,1,149.19,0.00,61.16
9165,1,73,2,130.01,0.00,57.20
9165,2,90,3,153.30,0.00,72.05
9166,1,76,4,134.12,0.00,67.06
9166,2,93,5,157.41,0.00,83.42
9167,1,79,6,138.23,0.00,77.40
9167,2,96,7,161.52,0.00,95.29
9168,1,82,8,142.34,0.00,88.25
9168,2,99,1,165.63,0.00,107.65
9169,1,85,2,146.45,0.00,99.58
9169,2,102,3,169.74,0.00,120.51
9170,1,88,4,150.56,0.00,54.20
9170,2,105,5,173.85,0.00,67.80
9171,1,91,6,154.67,0.00,64.96
9171,2,108,7,177.96,0.00,80.08
9172,1,94,8,158.78,0.00,76.21
9172,2,111,1,182.07,0.00,92.85
9173,1,97,2,162.89,0.00,87.96
9173,2,2,3,32.74,0.00,18.66
9174,1,100,4,167.00,0.00,100.20
9174,2,5,5,36.85,0.00,23.21
9175,1,103,6,171.11,0.00,112.93
9175,2,8,7,40.96,0.00,28.26
9176,1,106,8,175.22,0.00,126.15
9176,2,11,1,45.07,0.00,16.67
9177,1,109,2,179.33,0.00,71.73
9177,2,14,3,49.18,0.00,21.14
9178,1,112,4,183.44,0.00,84.38
9178,2,17,5,53.29,0.00,26.11
9179,1,3,6,34.11,0.00,17.73
9179,2,20,7,57.40,0.00,31.57
9180,1,6,8,38.22,0.00,22.16
9180,2,23,1,61.51,0.00,37.52
9181,1,9,2,42.33,0.00,27.09
9181,2,26,3,65.62,9.84,43.96
9182,1,12,4,46.44,9.28,32.50
9182,2,29,5,69.73,17.43,24.40
9183,1,15,6,50.55,2.52,19.20
9183,2,32,7,73.84,7.38,30.27
9184,1,18,8,54.66,8.19,24.05
9184,2,35,1,77.95,15.59,36.63
9185,1,21,2,58.77,14.69,29.38
9185,2,38,3,82.06,4.10,43.49
9186,1,24,4,62.88,6.28,35.21
9186,2,41,5,86.17,12.92,50.84
9187,1,27,6,66.99,13.39,41.53
9187,2,44,7,90.28,22.57,58.68
9188,1,30,8,71.10,3.55,48.34
9188,2,47,1,94.39,9.43,67.01
9189,1,33,2,75.21,11.28,27.07
9189,2,50,3,98.50,19.70,38.41
9190,1,36,4,79.32,19.83,33.31
9190,2,53,5,102.61,5.13,46.17
9191,1,39,6,83.43,8.34,40.04
9191,2,56,7,106.72,16.00,54.42
9192,1,42,8,87.54,17.50,47.27
9192,2,59,1,110.83,27.70,63.17
9193,1,45,2,91.65,4.58,54.99
9193,2,62,3,114.94,11.49,72.41
9194,1,48,4,95.76,14.36,63.20
9194,2,65,5,119.05,23.81,82.14
9195,1,51,6,99.87,24.96,71.90
9195,2,68,7,123.16,6.15,45.56
9196,1,54,8,103.98,10.39,41.59
9196,2,71,1,127.27,19.09,54.72
9197,1,57,2,108.09,21.61,49.72
9197,2,74,3,131.38,32.84,64.37
9198,1,60,4,112.20,5.61,58.34
9198,2,77,5,135.49,13.54,74.51
9199,1,63,6,116.31,17.44,67.45
9199,2,80,7,139.60,27.92,85.15
9200,1,66,8,120.42,30.10,77.06
9200,2,83,1,143.71,0.00,96.28
9201,1,69,2,124.53,0.00,87.17
9201,2,86,3,147.82,0.00,51.73
9202,1,72,4,128.64,0.00,48.88
9202,2,89,5,151.93,0.00,62.29
9203,1,75,6,132.75,0.00,58.41
9203,2,92,7,156.04,0.00,73.33
9204,1,78,8,136.86,0.00,68.43
9204,2,95,1,160.15,0.00,84.87
9205,1,81,2,140.97,0.00,78.94
9205,2,98,3,164.26,0.00,96.91
9206,1,84,4,145.08,0.00,89.94
9206,2,101,5,168.37,0.00,109.44
9207,1,87,6,149.19,0.00,101.44
9207,2,104,7,172.48,0.00,122.46
9208,1,90,8,153.30,0.00,55.18
9208,2,107,1,176.59,0.00,68.87
9209,1,93,2,157.41,0.00,66.11
9209,2,110,3,180.70,0.00,81.31
9210,1,96,4,161.52,0.00,77.52
9210,2,1,5,31.37,0.00,15.99
9211,1,99,6,165.63,0.00,89.44
9211,2,4,7,35.48,0.00,20.22
9212,1,102,8,169.74,0.00,101.84
9212,2,7,1,39.59,0.00,24.94
9213,1,105,2,173.85,0.00,114.74
9213,2,10,3,43.70,0.00,30.15
9214,1,108,4,177.96,0.00,128.13
9214,2,13,5,47.81,0.00,17.68
9215,1,111,6,182.07,0.00,72.82
9215,2,16,7,51.92,0.00,22.32
9216,1,2,8,32.74,0.00,15.06
9216,2,19,1,56.03,0.00,27.45
9217,1,5,2,36.85,0.00,19.16
9217,2,22,3,60.14,0.00,33.07
9218,1,8,4,40.96,0.00,23.75
9218,2,25,5,64.25,0.00,39.19
9219,1,11,6,45.07,0.00,28.84
9219,2,28,7,68.36,0.00,45.80
9220,1,14,8,49.18,0.00,34.42
9220,2,31,1,72.47,0.00,25.36
9221,1,17,2,53.29,0.00,20.25
9221,2,34,3,76.58,0.00,31.39
9222,1,20,4,57.40,0.00,25.25
9222,2,37,5,80.69,0.00,37.92
9223,1,23,6,61.51,0.00,30.75
9223,2,40,7,84.80,0.00,44.94
9224,1,26,8,65.62,0.00,36.74
9224,2,43,1,88.91,0.00,52.45
9225,1,29,2,69.73,0.00,43.23
9225,2,46,3,93.02,0.00,60.46
9226,1,32,4,73.84,0.00,50.21
9226,2,49,5,97.13,0.00,68.96
9227,1,35,6,77.95,0.00,28.06
9227,2,52,7,101.24,0.00,39.48
9228,1,38,8,82.06,0.00,34.46
9228,2,55,1,105.35,0.00,47.40
9229,1,41,2,86.17,0.00,41.36
9229,2,58,3,109.46,0.00,55.82
9230,1,44,4,90.28,0.00,48.75
9230,2,61,5,113.57,0.00,64.73
9231,1,47,6,94.39,0.00,56.63
9231,2,64,7,117.68,17.65,74.13
9232,1,50,8,98.50,19.70,65.01
9232,2,67,1,121.79,30.44,84.03
9233,1,53,2,102.61,5.13,73.87
9233,2,70,3,125.90,12.59,46.58
9234,1,56,4,106.72,16.00,42.68
9234,2,73,5,130.01,26.00,55.90
9235,1,59,6,110.83,27.70,50.98
9235,2,76,7,134.12,6.70,65.71
9236,1,62,8,114.94,11.49,59.76
9236,2,79,1,138.23,20.73,76.02
9237,1,65,2,119.05,23.81,69.04
9237,2,82,3,142.34,35.58,86.82
9238,1,68,4,123.16,6.15,78.82
9238,2,85,5,146.45,14.64,98.12
9239,1,71,6,127.27,19.09,89.08
9239,2,88,7,150.56,30.11,52.69
9240,1,74,8,131.38,32.84,49.92
9240,2,91,1,154.67,7.73,63.41
9241,1,77,2,135.49,13.54,59.61
9241,2,94,3,158.78,23.81,74.62
9242,1,80,4,139.60,27.92,69.80
9242,2,97,5,162.89,40.72,86.33
9243,1,83,6,143.71,7.18,80.47
9243,2,100,7,167.00,16.70,98.53
9244,1,86,8,147.82,22.17,91.64
9244,2,103,1,171.11,34.22,111.22
9245,1,89,2,151.93,37.98,103.31
9245,2,106,3,175.22,8.76,124.40
9246,1,92,4,156.04,15.60,56.17
9246,2,109,5,179.33,26.89,69.93
9247,1,95,6,160.15,32.03,67.26
9247,2,112,7,183.44,45.86,82.54
9248,1,98,8,164.26,8.21,78.84
9248,2,3,1,34.11,3.41,17.39
9249,1,101,2,168.37,25.25,90.91
9249,2,6,3,38.22,7.64,21.78
9250,1,104,4,172.48,43.12,103.48
9250,2,9,5,42.33,0.00,26.66
9251,1,107,6,176.59,0.00,116.54
9251,2,12,7,46.44,0.00,32.04
9252,1,110,8,180.70,0.00,130.10
9252,2,15,1,50.55,0.00,18.70
9253,1,1,2,31.37,0.00,12.54
9253,2,18,3,54.66,0.00,23.50
9254,1,4,4,35.48,0.00,16.32
9254,2,21,5,58.77,0.00,28.79
9255,1,7,6,39.59,0.00,20.58
9255,2,24,7,62.88,0.00,34.58
9256,1,10,8,43.70,0.00,25.34
9256,2,27,1,66.99,0.00,40.86
9257,1,13,2,47.81,0.00,30.59
9257,2,30,3,71.10,0.00,47.63
9258,1,16,4,51.92,0.00,36.34
9258,2,33,5,75.21,0.00,26.32
9259,1,19,6,56.03,0.00,21.29
9259,2,36,7,79.32,0.00,32.52
9260,1,22,8,60.14,0.00,26.46
9260,2,39,1,83.43,0.00,39.21
9261,1,25,2,64.25,0.00,32.12
9261,2,42,3,87.54,0.00,46.39
9262,1,28,4,68.36,0.00,38.28
9262,2,45,5,91.65,0.00,54.07
9263,1,31,6,72.47,0.00,44.93
9263,2,48,7,95.76,0.00,62.24
9264,1,34,8,76.58,0.00,52.07
9264,2,51,1,99.87,0.00,70.90
9265,1,37,2,80.69,0.00,29.04
9265,2,54,3,103.98,0.00,40.55
9266,1,40,4,84.80,0.00,35.61
9266,2,57,5,108.09,0.00,48.64
9267,1,43,6,88.91,0.00,42.67
9267,2,60,7,112.20,0.00,57.22
9268,1,46,8,93.02,0.00,50.23
9268,2,63,1,116.31,0.00,66.29
9269,1,49,2,97.13,0.00,58.27
9269,2,66,3,120.42,0.00,75.86
9270,1,52,4,101.24,0.00,66.81
9270,2,69,5,124.53,0.00,85.92
9271,1,55,6,105.35,0.00,75.85
9271,2,72,7,128.64,0.00,47.59
9272,1,58,8,109.46,0.00,43.78
9272,2,75,1,132.75,0.00,57.08
9273,1,61,2,113.57,0.00,52.24
9273,2,78,3,136.86,0.00,67.06
9274,1,64,4,117.68,0.00,61.19
9274,2,81,5,140.97,0.00,77.53
9275,1,67,6,121.79,0.00,70.63
9275,2,84,7,145.08,0.00,88.49
9276,1,70,8,125.90,0.00,80.57
9276,2,87,1,149.19,0.00,99.95
9277,1,73,2,130.01,0.00,91.00
9277,2,90,3,153.30,0.00,53.65
9278,1,76,4,134.12,0.00,50.96
9278,2,93,5,157.41,0.00,64.53
9279,1,79,6,138.23,0.00,60.82
9279,2,96,7,161.52,0.00,75.91
9280,1,82,8,142.34,0.00,71.17
9280,2,99,1,165.63,0.00,87.78
9281,1,85,2,146.45,0.00,82.01
9281,2,102,3,169.74,25.46,100.14
9282,1,88,4,150.56,30.11,93.34
9282,2,105,5,173.85,43.46,113.00
9283,1,91,6,154.67,7.73,105.17
9283,2,108,7,177.96,17.79,126.35
9284,1,94,8,158.78,23.81,57.16
9284,2,111,1,182.07,36.41,71.00
9285,1,97,2,162.89,40.72,68.41
9285,2,2,3,32.74,1.63,14.73
9286,1,100,4,167.00,16.70,80.16
9286,2,5,5,36.85,5.52,18.79
9287,1,103,6,171.11,34.22,92.39
9287,2,8,7,40.96,10.24,23.34
9288,1,106,8,175.22,8.76,105.13
9288,2,11,1,45.07,4.50,28.39
9289,1,109,2,179.33,26.89,118.35
9289,2,14,3,49.18,9.83,33.93
9290,1,112,4,183.44,45.86,132.07
9290,2,17,5,53.29,2.66,19.71
9291,1,3,6,34.11,3.41,13.64
9291,2,20,7,57.40,8.61,24.68
9292,1,6,8,38.22,7.64,17.58
9292,2,23,1,61.51,15.37,30.13
9293,1,9,2,42.33,2.11,22.01
9293,2,26,3,65.62,6.56,36.09
9294,1,12,4,46.44,6.96,26.93
9294,2,29,5,69.73,13.94,42.53
9295,1,15,6,50.55,12.63,32.35
9295,2,32,7,73.84,3.69,49.47
9296,1,18,8,54.66,5.46,38.26
9296,2,35,1,77.95,11.69,27.28
9297,1,21,2,58.77,11.75,22.33
9297,2,38,3,82.06,20.51,33.64
9298,1,24,4,62.88,3.14,27.66
9298,2,41,5,86.17,8.61,40.49
9299,1,27,6,66.99,10.04,33.49
9299,2,44,7,90.28,18.05,47.84
9300,1,30,8,71.10,17.77,39.81
9300,2,47,1,94.39,0.00,55.69
9301,1,33,2,75.21,0.00,46.63
9301,2,50,3,98.50,0.00,64.02
9302,1,36,4,79.32,0.00,53.93
9302,2,53,5,102.61,0.00,72.85
9303,1,39,6,83.43,0.00,30.03
9303,2,56,7,106.72,0.00,41.62
9304,1,42,8,87.54,0.00,36.76
9304,2,59,1,110.83,0.00,49.87
9305,1,45,2,91.65,0.00,43.99
9305,2,62,3,114.94,0.00,58.61
9306,1,48,4,95.76,0.00,51.71
9306,2,65,5,119.05,0.00,67.85
9307,1,51,6,99.87,0.00,59.92
9307,2,68,7,123.16,0.00,77.59
9308,1,54,8,103.98,0.00,68.62
9308,2,71,1,127.27,0.00,87.81
9309,1,57,2,108.09,0.00,77.82
9309,2,74,3,131.38,0.00,48.61
9310,1,60,4,112.20,0.00,44.88
9310,2,77,5,135.49,0.00,58.26
9311,1,63,6,116.31,0.00,53.50
9311,2,80,7,139.60,0.00,68.40
9312,1,66,8,120.42,0.00,62.61
9312,2,83,1,143.71,0.00,79.04
9313,1,69,2,124.53,0.00,72.22
9313,2,86,3,147.82,0.00,90.17
9314,1,72,4,128.64,0.00,82.32
9314,2,89,5,151.93,0.00,101.79
9315,1,75,6,132.75,0.00,92.92
9315,2,92,7,156.04,0.00,54.61
9316,1,78,8,136.86,0.00,52.00
9316,2,95,1,160.15,0.00,65.66
9317,1,81,2,140.97,0.00,62.02
9317,2,98,3,164.26,0.00,77.20
9318,1,84,4,145.08,0.00,72.54
9318,2,101,5,168.37,0.00,89.23
9319,1,87,6,149.19,0.00,83.54
9319,2,104,7,172.48,0.00,101.76
9320,1,90,8,153.30,0.00,95.04
9320,2,107,1,176.59,0.00,114.78
9321,1,93,2,157.41,0.00,107.03
9321,2,110,3,180.70,0.00,128.29
9322,1,96,4,161.52,0.00,58.14
9322,2,1,5,31.37,0.00,12.23
9323,1,99,6,165.63,0.00,69.56
9323,2,4,7,35.48,0.00,15.96
9324,1,102,8,169.74,0.00,81.47
9324,2,7,1,39.59,0.00,20.19
9325,1,105,2,173.85,0.00,93.87
9325,2,10,3,43.70,0.00,24.90
9326,1,108,4,177.96,0.00,106.77
9326,2,13,5,47.81,0.00,30.12
9327,1,111,6,182.07,0.00,120.16
9327,2,16,7,51.92,0.00,35.82
9328,1,2,8,32.74,0.00,23.57
9328,2,19,1,56.03,0.00,20.73
9329,1,5,2,36.85,0.00,14.74
9329,2,22,3,60.14,0.00,25.86
9330,1,8,4,40.96,0.00,18.84
9330,2,25,5,64.25,0.00,31.48
9331,1,11,6,45.07,0.00,23.43
9331,2,28,7,68.36,10.25,37.59
9332,1,14,8,49.18,9.83,28.52
9332,2,31,1,72.47,18.11,44.20
9333,1,17,2,53.29,2.66,34.10
9333,2,34,3,76.58,7.65,51.30
9334,1,20,4,57.40,8.61,40.18
9334,2,37,5,80.69,16.13,28.24
9335,1,23,6,61.51,15.37,23.37
9335,2,40,7,84.80,4.24,34.76
9336,1,26,8,65.62,6.56,28.87
9336,2,43,1,88.91,13.33,41.78
9337,1,29,2,69.73,13.94,34.86
9337,2,46,3,93.02,23.25,49.30
9338,1,32,4,73.84,3.69,41.35
9338,2,49,5,97.13,9.71,57.30
9339,1,35,6,77.95,11.69,48.32
9339,2,52,7,101.24,20.24,65.80
9340,1,38,8,82.06,20.51,55.80
9340,2,55,1,105.35,5.26,74.79
9341,1,41,2,86.17,8.61,31.02
9341,2,58,3,109.46,16.41,42.68
9342,1,44,4,90.28,18.05,37.91
9342,2,61,5,113.57,28.39,51.10
9343,1,47,6,94.39,4.71,45.30
9343,2,64,7,117.68,11.76,60.01
9344,1,50,8,98.50,14.77,53.19
9344,2,67,1,121.79,24.35,69.42
9345,1,53,2,102.61,25.65,61.56
9345,2,70,3,125.90,6.29,79.31
9346,1,56,4,106.72,10.67,70.43
9346,2,73,5,130.01,19.50,89.70
9347,1,59,6,110.83,22.16,79.79
9347,2,76,7,134.12,33.53,49.62
9348,1,62,8,114.94,5.74,45.97
9348,2,79,1,138.23,13.82,59.43
9349,1,65,2,119.05,17.85,54.76
9349,2,82,3,142.34,28.46,69.74
9350,1,68,4,123.16,30.79,64.04
9350,2,85,5,146.45,0.00,80.54
9351,1,71,6,127.27,0.00,73.81
9351,2,88,7,150.56,0.00,91.84
9352,1,74,8,131.38,0.00,84.08
9352,2,91,1,154.67,0.00,103.62
9353,1,77,2,135.49,0.00,94.84
9353,2,94,3,158.78,0.00,55.57
9354,1,80,4,139.60,0.00,53.04
9354,2,97,5,162.89,0.00,66.78
9355,1,83,6,143.71,0.00,63.23
9355,2,100,7,167.00,0.00,78.49
9356,1,86,8,147.82,0.00,73.91
9356,2,103,1,171.11,0.00,90.68
9357,1,89,2,151.93,0.00,85.08
9357,2,106,3,175.22,0.00,103.37
9358,1,92,4,156.04,0.00,96.74
9358,2,109,5,179.33,0.00,116.56
9359,1,95,6,160.15,0.00,108.90
9359,2,112,7,183.44,0.00,130.24
9360,1,98,8,164.26,0.00,59.13
9360,2,3,1,34.11,0.00,13.30
9361,1,101,2,168.37,0.00,70.71
9361,2,6,3,38.22,0.00,17.19
9362,1,104,4,172.48,0.00,82.79
9362,2,9,5,42.33,0.00,21.58
9363,1,107,6,176.59,0.00,95.35
9363,2,12,7,46.44,0.00,26.47
9364,1,110,8,180.70,0.00,108.42
9364,2,15,1,50.55,0.00,31.84
9365,1,1,2,31.37,0.00,20.70
9365,2,18,3,54.66,0.00,37.71
9366,1,4,4,35.48,0.00,25.54
9366,2,21,5,58.77,0.00,21.74
9367,1,7,6,39.59,0.00,15.83
9367,2,24,7,62.88,0.00,27.03
9368,1,10,8,43.70,0.00,20.10
9368,2,27,1,66.99,0.00,32.82
9369,1,13,2,47.81,0.00,24.86
9369,2,30,3,71.10,0.00,39.10
9370,1,16,4,51.92,0.00,30.11
9370,2,33,5,75.21,0.00,45.87
9371,1,19,6,56.03,0.00,35.85
9371,2,36,7,79.32,0.00,53.14
9372,1,22,8,60.14,0.00,42.09
9372,2,39,1,83.43,0.00,29.20
9373,1,25,2,64.25,0.00,24.41
9373,2,42,3,87.54,0.00,35.89
9374,1,28,4,68.36,0.00,30.07
9374,2,45,5,91.65,0.00,43.07
9375,1,31,6,72.47,0.00,36.23
9375,2,48,7,95.76,0.00,50.75
9376,1,34,8,76.58,0.00,42.88
9376,2,51,1,99.87,0.00,58.92
9377,1,37,2,80.69,0.00,50.02
9377,2,54,3,103.98,0.00,67.58
9378,1,40,4,84.80,0.00,57.66
9378,2,57,5,108.09,0.00,76.74
9379,1,43,6,88.91,0.00,32.00
9379,2,60,7,112.20,0.00,43.75
9380,1,46,8,93.02,0.00,39.06
9380,2,63,1,116.31,0.00,52.33
9381,1,49,2,97.13,0.00,46.62
9381,2,66,3,120.42,18.06,61.41
9382,1,52,4,101.24,20.24,54.66
9382,2,69,5,124.53,31.13,70.98
9383,1,55,6,105.35,5.26,63.21
9383,2,72,7,128.64,12.86,81.04
9384,1,58,8,109.46,16.41,72.24
9384,2,75,1,132.75,26.55,91.59
9385,1,61,2,113.57,28.39,81.77
9385,2,78,3,136.86,6.84,50.63
9386,1,64,4,117.68,11.76,47.07
9386,2,81,5,140.97,21.14,60.61
9387,1,67,6,121.79,24.35,56.02
9387,2,84,7,145.08,36.27,71.08
9388,1,70,8,125.90,6.29,65.46
9388,2,87,1,149.19,14.91,82.05
9389,1,73,2,130.01,19.50,75.40
9389,2,90,3,153.30,30.66,93.51
9390,1,76,4,134.12,33.53,85.83
9390,2,93,5,157.41,7.87,105.46
9391,1,79,6,138.23,13.82,96.76
9391,2,96,7,161.52,24.22,56.53
9392,1,82,8,142.34,28.46,54.08
9392,2,99,1,165.63,41.40,67.90
9393,1,85,2,146.45,7.32,64.43
9393,2,102,3,169.74,16.97,79.77
9394,1,88,4,150.56,22.58,75.28
9394,2,105,5,173.85,34.77,92.14
9395,1,91,6,154.67,38.66,86.61
9395,2,108,7,177.96,8.89,104.99
9396,1,94,8,158.78,15.87,98.44
9396,2,111,1,182.07,27.31,118.34
9397,1,97,2,162.89,32.57,110.76
9397,2,2,3,32.74,8.18,23.24
9398,1,100,4,167.00,8.35,60.12
9398,2,5,5,36.85,3.68,14.37
9399,1,103,6,171.11,25.66,71.86
9399,2,8,7,40.96,8.19,18.43
9400,1,106,8,175.22,43.80,84.10
9400,2,11,1,45.07,0.00,22.98
9401,1,109,2,179.33,0.00,96.83
9401,2,14,3,49.18,0.00,28.03
9402,1,112,4,183.44,0.00,110.06
9402,2,17,5,53.29,0.00,33.57
9403,1,3,6,34.11,0.00,22.51
9403,2,20,7,57.40,0.00,39.60
9404,1,6,8,38.22,0.00,27.51
9404,2,23,1,61.51,0.00,22.75
9405,1,9,2,42.33,0.00,16.93
9405,2,26,3,65.62,0.00,28.21
9406,1,12,4,46.44,0.00,21.36
9406,2,29,5,69.73,0.00,34.16
9407,1,15,6,50.55,0.00,26.28
9407,2,32,7,73.84,0.00,40.61
9408,1,18,8,54.66,0.00,31.70
9408,2,35,1,77.95,0.00,47.54
9409,1,21,2,58.77,0.00,37.61
9409,2,38,3,82.06,0.00,54.98
9410,1,24,4,62.88,0.00,44.01
9410,2,41,5,86.17,0.00,30.15
9411,1,27,6,66.99,0.00,25.45
9411,2,44,7,90.28,0.00,37.01
9412,1,30,8,71.10,0.00,31.28
9412,2,47,1,94.39,0.00,44.36
9413,1,33,2,75.21,0.00,37.60
9413,2,50,3,98.50,0.00,52.20
9414,1,36,4,79.32,0.00,44.41
9414,2,53,5,102.61,0.00,60.53
9415,1,39,6,83.43,0.00,51.72
9415,2,56,7,106.72,0.00,69.36
9416,1,42,8,87.54,0.00,59.52
9416,2,59,1,110.83,0.00,78.68
9417,1,45,2,91.65,0.00,32.99
9417,2,62,3,114.94,0.00,44.82
9418,1,48,4,95.76,0.00,40.21
9418,2,65,5,119.05,0.00,53.57
9419,1,51,6,99.87,0.00,47.93
9419,2,68,7,123.16,0.00,62.81
9420,1,54,8,103.98,0.00,56.14
9420,2,71,1,127.27,0.00,72.54
9421,1,57,2,108.09,0.00,64.85
9421,2,74,3,131.38,0.00,82.76
9422,1,60,4,112.20,0.00,74.05
9422,2,77,5,135.49,0.00,93.48
9423,1,63,6,116.31,0.00,83.74
9423,2,80,7,139.60,0.00,51.65
9424,1,66,8,120.42,0.00,48.16
9424,2,83,1,143.71,0.00,61.79
9425,1,69,2,124.53,0.00,57.28
9425,2,86,3,147.82,0.00,72.43
9426,1,72,4,128.64,0.00,66.89
9426,2,89,5,151.93,0.00,83.56
9427,1,75,6,132.75,0.00,76.99
9427,2,92,7,156.04,0.00,95.18
9428,1,78,8,136.86,0.00,87.59
9428,2,95,1,160.15,0.00,107.30
9429,1,81,2,140.97,0.00,98.67
9429,2,98,3,164.26,0.00,57.49
9430,1,84,4,145.08,0.00,55.13
9430,2,101,5,168.37,0.00,69.03
9431,1,87,6,149.19,0.00,65.64
9431,2,104,7,172.48,25.87,81.06
9432,1,90,8,153.30,30.66,76.65
9432,2,107,1,176.59,44.14,93.59
9433,1,93,2,157.41,7.87,88.14
9433,2,110,3,180.70,18.07,106.61
9434,1,96,4,161.52,24.22,100.14
9434,2,1,5,31.37,6.27,20.39
9435,1,99,6,165.63,41.40,112.62
9435,2,4,7,35.48,1.77,25.19
9436,1,102,8,169.74,16.97,61.10
9436,2,7,1,39.59,5.93,15.44
9437,1,105,2,173.85,34.77,73.01
9437,2,10,3,43.70,10.92,19.66
9438,1,108,4,177.96,8.89,85.42
9438,2,13,5,47.81,4.78,24.38
9439,1,111,6,182.07,27.31,98.31
9439,2,16,7,51.92,10.38,29.59
9440,1,2,8,32.74,8.18,19.64
9440,2,19,1,56.03,2.80,35.29
9441,1,5,2,36.85,3.68,24.32
9441,2,22,3,60.14,9.02,41.49
9442,1,8,4,40.96,8.19,29.49
9442,2,25,5,64.25,16.06,23.77
9443,1,11,6,45.07,2.25,18.02
9443,2,28,7,68.36,6.83,29.39
9444,1,14,8,49.18,7.37,22.62
9444,2,31,1,72.47,14.49,35.51
9445,1,17,2,53.29,13.32,27.71
9445,2,34,3,76.58,3.82,42.11
9446,1,20,4,57.40,5.74,33.29
9446,2,37,5,80.69,12.10,49.22
9447,1,23,6,61.51,12.30,39.36
9447,2,40,7,84.80,21.20,56.81
9448,1,26,8,65.62,3.28,45.93
9448,2,43,1,88.91,8.89,31.11
9449,1,29,2,69.73,10.45,26.49
9449,2,46,3,93.02,18.60,38.13
9450,1,32,4,73.84,18.46,32.48
9450,2,49,5,97.13,0.00,45.65
9451,1,35,6,77.95,0.00,38.97
9451,2,52,7,101.24,0.00,53.65
9452,1,38,8,82.06,0.00,45.95
9452,2,55,1,105.35,0.00,62.15
9453,1,41,2,86.17,0.00,53.42
9453,2,58,3,109.46,0.00,71.14
9454,1,44,4,90.28,0.00,61.39
9454,2,61,5,113.57,0.00,80.63
9455,1,47,6,94.39,0.00,33.98
9455,2,64,7,117.68,0.00,45.89
9456,1,50,8,98.50,0.00,41.37
9456,2,67,1,121.79,0.00,54.80
9457,1,53,2,102.61,0.00,49.25
9457,2,70,3,125.90,0.00,64.20
9458,1,56,4,106.72,0.00,57.62
9458,2,73,5,130.01,0.00,74.10
9459,1,59,6,110.83,0.00,66.49
9459,2,76,7,134.12,0.00,84.49
9460,1,62,8,114.94,0.00,75.86
9460,2,79,1,138.23,0.00,95.37
9461,1,65,2,119.05,0.00,85.71
9461,2,82,3,142.34,0.00,52.66
9462,1,68,4,123.16,0.00,49.26
9462,2,85,5,146.45,0.00,62.97
9463,1,71,6,127.27,0.00,58.54
9463,2,88,7,150.56,0.00,73.77
9464,1,74,8,131.38,0.00,68.31
9464,2,91,1,154.67,0.00,85.06
9465,1,77,2,135.49,0.00,78.58
9465,2,94,3,158.78,0.00,96.85
9466,1,80,4,139.60,0.00,89.34
9466,2,97,5,162.89,0.00,109.13
9467,1,83,6,143.71,0.00,100.59
9467,2,100,7,167.00,0.00,58.45
9468,1,86,8,147.82,0.00,56.17
9468,2,103,1,171.11,0.00,70.15
9469,1,89,2,151.93,0.00,66.84
9469,2,106,3,175.22,0.00,82.35
9470,1,92,4,156.04,0.00,78.02
9470,2,109,5,179.33,0.00,95.04
9471,1,95,6,160.15,0.00,89.68
9471,2,112,7,183.44,0.00,108.22
9472,1,98,8,164.26,0.00,101.84
9472,2,3,1,34.11,0.00,22.17
9473,1,101,2,168.37,0.00,114.49
9473,2,6,3,38.22,0.00,27.13
9474,1,104,4,172.48,0.00,62.09
9474,2,9,5,42.33,0.00,16.50
9475,1,107,6,176.59,0.00,74.16
9475,2,12,7,46.44,0.00,20.89
9476,1,110,8,180.70,0.00,86.73
9476,2,15,1,50.55,0.00,25.78
9477,1,1,2,31.37,0.00,16.93
9477,2,18,3,54.66,0.00,31.15
9478,1,4,4,35.48,0.00,21.28
9478,2,21,5,58.77,0.00,37.02
9479,1,7,6,39.59,0.00,26.12
9479,2,24,7,62.88,0.00,43.38
9480,1,10,8,43.70,0.00,31.46
9480,2,27,1,66.99,0.00,24.78
9481,1,13,2,47.81,0.00,19.12
9481,2,30,3,71.10,10.66,30.57
9482,1,16,4,51.92,10.38,23.88
9482,2,33,5,75.21,18.80,36.85
9483,1,19,6,56.03,2.80,29.13
9483,2,36,7,79.32,7.93,43.62
9484,1,22,8,60.14,9.02,34.88
9484,2,39,1,83.43,16.68,50.89
9485,1,25,2,64.25,16.06,41.12
9485,2,42,3,87.54,4.37,58.65
9486,1,28,4,68.36,6.83,47.85
9486,2,45,5,91.65,13.74,32.07
9487,1,31,6,72.47,14.49,27.53
9487,2,48,7,95.76,23.94,39.26
9488,1,34,8,76.58,3.82,33.69
9488,2,51,1,99.87,9.98,46.93
9489,1,37,2,80.69,12.10,40.34
9489,2,54,3,103.98,20.79,55.10
9490,1,40,4,84.80,21.20,47.48
9490,2,57,5,108.09,5.40,63.77
9491,1,43,6,88.91,8.89,55.12
9491,2,60,7,112.20,16.83,72.93
9492,1,46,8,93.02,18.60,63.25
9492,2,63,1,116.31,29.07,82.58
9493,1,49,2,97.13,4.85,34.96
9493,2,66,3,120.42,12.04,46.96
9494,1,52,4,101.24,15.18,42.52
9494,2,69,5,124.53,24.90,56.03
9495,1,55,6,105.35,26.33,50.56
9495,2,72,7,128.64,6.43,65.60
9496,1,58,8,109.46,10.94,59.10
9496,2,75,1,132.75,19.91,75.66
9497,1,61,2,113.57,22.71,68.14
9497,2,78,3,136.86,34.21,86.22
9498,1,64,4,117.68,5.88,77.66
9498,2,81,5,140.97,14.09,97.26
9499,1,67,6,121.79,18.26,87.68
9499,2,84,7,145.08,29.01,53.67
9500,1,70,8,125.90,31.47,50.36
9500,2,87,1,149.19,0.00,64.15
9501,1,73,2,130.01,0.00,59.80
9501,2,90,3,153.30,0.00,75.11
9502,1,76,4,134.12,0.00,69.74
9502,2,93,5,157.41,0.00,86.57
9503,1,79,6,138.23,0.00,80.17
9503,2,96,7,161.52,0.00,98.52
9504,1,82,8,142.34,0.00,91.09
9504,2,99,1,165.63,0.00,110.97
9505,1,85,2,146.45,0.00,102.51
9505,2,102,3,169.74,0.00,59.40
9506,1,88,4,150.56,0.00,57.21
9506,2,105,5,173.85,0.00,71.27
9507,1,91,6,154.67,0.00,68.05
9507,2,108,7,177.96,0.00,83.64
9508,1,94,8,158.78,0.00,79.39
9508,2,111,1,182.07,0.00,96.49
9509,1,97,2,162.89,0.00,91.21
9509,2,2,3,32.74,0.00,19.31
9510,1,100,4,167.00,0.00,103.54
9510,2,5,5,36.85,0.00,23.95
9511,1,103,6,171.11,0.00,116.35
9511,2,8,7,40.96,0.00,29.08
9512,1,106,8,175.22,0.00,63.07
9512,2,11,1,45.07,0.00,17.57
9513,1,109,2,179.33,0.00,75.31
9513,2,14,3,49.18,0.00,22.13
9514,1,112,4,183.44,0.00,88.05
9514,2,17,5,53.29,0.00,27.17
9515,1,3,6,34.11,0.00,18.41
9515,2,20,7,57.40,0.00,32.71
9516,1,6,8,38.22,0.00,22.93
9516,2,23,1,61.51,0.00,38.75
9517,1,9,2,42.33,0.00,27.93
9517,2,26,3,65.62,0.00,45.27
9518,1,12,4,46.44,0.00,33.43
9518,2,29,5,69.73,0.00,25.80
9519,1,15,6,50.55,0.00,20.22
9519,2,32,7,73.84,0.00,31.75
9520,1,18,8,54.66,0.00,25.14
9520,2,35,1,77.95,0.00,38.19
9521,1,21,2,58.77,0.00,30.56
9521,2,38,3,82.06,0.00,45.13
9522,1,24,4,62.88,0.00,36.47
9522,2,41,5,86.17,0.00,52.56
9523,1,27,6,66.99,0.00,42.87
9523,2,44,7,90.28,0.00,60.48
9524,1,30,8,71.10,0.00,49.77
9524,2,47,1,94.39,0.00,33.03
9525,1,33,2,75.21,0.00,28.57
9525,2,50,3,98.50,0.00,40.38
9526,1,36,4,79.32,0.00,34.90
9526,2,53,5,102.61,0.00,48.22
9527,1,39,6,83.43,0.00,41.71
9527,2,56,7,106.72,0.00,56.56
9528,1,42,8,87.54,0.00,49.02
9528,2,59,1,110.83,0.00,65.38
9529,1,45,2,91.65,0.00,56.82
9529,2,62,3,114.94,0.00,74.71
9530,1,48,4,95.76,0.00,65.11
9530,2,65,5,119.05,0.00,84.52
9531,1,51,6,99.87,0.00,35.95
9531,2,68,7,123.16,18.47,48.03
9532,1,54,8,103.98,20.79,43.67
9532,2,71,1,127.27,31.81,57.27
9533,1,57,2,108.09,5.40,51.88
9533,2,74,3,131.38,13.13,67.00
9534,1,60,4,112.20,16.83,60.58
9534,2,77,5,135.49,27.09,77.22
9535,1,63,6,116.31,29.07,69.78
9535,2,80,7,139.60,6.98,87.94
9536,1,66,8,120.42,12.04,79.47
9536,2,83,1,143.71,21.55,99.15
9537,1,69,2,124.53,24.90,89.66
9537,2,86,3,147.82,36.95,54.69
9538,1,72,4,128.64,6.43,51.45
9538,2,89,5,151.93,15.19,65.32
9539,1,75,6,132.75,19.91,61.06
9539,2,92,7,156.04,31.20,76.45
9540,1,78,8,136.86,34.21,71.16
9540,2,95,1,160.15,8.00,88.08
9541,1,81,2,140.97,14.09,81.76
9541,2,98,3,164.26,24.63,100.19
9542,1,84,4,145.08,29.01,92.85
9542,2,101,5,168.37,42.09,112.80
9543,1,87,6,149.19,7.45,104.43
9543,2,104,7,172.48,17.24,60.36
9544,1,90,8,153.30,22.99,58.25
9544,2,107,1,176.59,35.31,72.40
9545,1,93,2,157.41,39.35,69.26
9545,2,110,3,180.70,9.03,84.92
9546,1,96,4,161.52,16.15,80.76
9546,2,1,5,31.37,4.70,16.62
9547,1,99,6,165.63,33.12,92.75
9547,2,4,7,35.48,8.87,20.93
9548,1,102,8,169.74,8.48,105.23
9548,2,7,1,39.59,3.95,25.73
9549,1,105,2,173.85,26.07,118.21
9549,2,10,3,43.70,8.74,31.02
9550,1,108,4,177.96,44.49,64.06
9550,2,13,5,47.81,0.00,18.64
9551,1,111,6,182.07,0.00,76.46
9551,2,16,7,51.92,0.00,23.36
9552,1,2,8,32.74,0.00,15.71
9552,2,19,1,56.03,0.00,28.57
9553,1,5,2,36.85,0.00,19.89
9553,2,22,3,60.14,0.00,34.27
9554,1,8,4,40.96,0.00,24.57
9554,2,25,5,64.25,0.00,40.47
9555,1,11,6,45.07,0.00,29.74
9555,2,28,7,68.36,0.00,47.16
9556,1,14,8,49.18,0.00,35.40
9556,2,31,1,72.47,0.00,26.81
9557,1,17,2,53.29,0.00,21.31
9557,2,34,3,76.58,0.00,32.92
9558,1,20,4,57.40,0.00,26.40
9558,2,37,5,80.69,0.00,39.53
9559,1,23,6,61.51,0.00,31.98
9559,2,40,7,84.80,0.00,46.64
9560,1,26,8,65.62,0.00,38.05
9560,2,43,1,88.91,0.00,54.23
9561,1,29,2,69.73,0.00,44.62
9561,2,46,3,93.02,0.00,62.32
9562,1,32,4,73.84,0.00,51.68
9562,2,49,5,97.13,0.00,33.99
9563,1,35,6,77.95,0.00,29.62
9563,2,52,7,101.24,0.00,41.50
9564,1,38,8,82.06,0.00,36.10
9564,2,55,1,105.35,0.00,49.51
9565,1,41,2,86.17,0.00,43.08
9565,2,58,3,109.46,0.00,58.01
9566,1,44,4,90.28,0.00,50.55
9566,2,61,5,113.57,0.00,67.00
9567,1,47,6,94.39,0.00,58.52
9567,2,64,7,117.68,0.00,76.49
9568,1,50,8,98.50,0.00,66.98
9568,2,67,1,121.79,0.00,86.47
9569,1,53,2,102.61,0.00,36.93
9569,2,70,3,125.90,0.00,49.10
9570,1,56,4,106.72,0.00,44.82
9570,2,73,5,130.01,0.00,58.50
9571,1,59,6,110.83,0.00,53.19
9571,2,76,7,134.12,0.00,68.40
9572,1,62,8,114.94,0.00,62.06
9572,2,79,1,138.23,0.00,78.79
9573,1,65,2,119.05,0.00,71.43
9573,2,82,3,142.34,0.00,89.67
9574,1,68,4,123.16,0.00,81.28
9574,2,85,5,146.45,0.00,101.05
9575,1,71,6,127.27,0.00,91.63
9575,2,88,7,150.56,0.00,55.70
9576,1,74,8,131.38,0.00,52.55
9576,2,91,1,154.67,0.00,66.50
9577,1,77,2,135.49,0.00,62.32
9577,2,94,3,158.78,0.00,77.80
9578,1,80,4,139.60,0.00,72.59
9578,2,97,5,162.89,0.00,89.58
9579,1,83,6,143.71,0.00,83.35
9579,2,100,7,167.00,0.00,101.87
9580,1,86,8,147.82,0.00,94.60
9580,2,103,1,171.11,0.00,114.64
9581,1,89,2,151.93,0.00,106.35
9581,2,106,3,175.22,26.28,61.32
9582,1,92,4,156.04,31.20,59.29
9582,2,109,5,179.33,44.83,73.52
9583,1,95,6,160.15,8.00,70.46
9583,2,112,7,183.44,18.34,86.21
9584,1,98,8,164.26,24.63,82.13
9584,2,3,1,34.11,6.82,18.07
9585,1,101,2,168.37,42.09,94.28
9585,2,6,3,38.22,1.91,22.54
9586,1,104,4,172.48,17.24,106.93
9586,2,9,5,42.33,6.34,27.51
9587,1,107,6,176.59,35.31,120.08
9587,2,12,7,46.44,11.61,32.97
9588,1,110,8,180.70,9.03,65.05
9588,2,15,1,50.55,5.05,19.71
9589,1,1,2,31.37,4.70,13.17
9589,2,18,3,54.66,10.93,24.59
9590,1,4,4,35.48,8.87,17.03
9590,2,21,5,58.77,2.93,29.97
9591,1,7,6,39.59,3.95,21.37
9591,2,24,7,62.88,9.43,35.84
9592,1,10,8,43.70,8.74,26.22
9592,2,27,1,66.99,16.74,42.20
9593,1,13,2,47.81,2.39,31.55
9593,2,30,3,71.10,7.11,49.05
9594,1,16,4,51.92,7.78,37.38
9594,2,33,5,75.21,15.04,27.82
9595,1,19,6,56.03,14.00,22.41
9595,2,36,7,79.32,3.96,34.10
9596,1,22,8,60.14,6.01,27.66
9596,2,39,1,83.43,12.51,40.88
9597,1,25,2,64.25,12.85,33.41
9597,2,42,3,87.54,21.88,48.14
9598,1,28,4,68.36,3.41,39.64
9598,2,45,5,91.65,9.16,55.90
9599,1,31,6,72.47,10.87,46.38
9599,2,48,7,95.76,19.15,64.15
9600,1,34,8,76.58,19.14,53.60
9600,2,51,1,99.87,0.00,34.95
9601,1,37,2,80.69,0.00,30.66
9601,2,54,3,103.98,0.00,42.63
9602,1,40,4,84.80,0.00,37.31
9602,2,57,5,108.09,0.00,50.80
9603,1,43,6,88.91,0.00,44.45
9603,2,60,7,112.20,0.00,59.46
9604,1,46,8,93.02,0.00,52.09
9604,2,63,1,116.31,0.00,68.62
9605,1,49,2,97.13,0.00,60.22
9605,2,66,3,120.42,0.00,78.27
9606,1,52,4,101.24,0.00,68.84
9606,2,69,5,124.53,0.00,88.41
9607,1,55,6,105.35,0.00,37.92
9607,2,72,7,128.64,0.00,50.16
9608,1,58,8,109.46,0.00,45.97
9608,2,75,1,132.75,0.00,59.73
9609,1,61,2,113.57,0.00,54.51
9609,2,78,3,136.86,0.00,69.79
9610,1,64,4,117.68,0.00,63.54
9610,2,81,5,140.97,0.00,80.35
9611,1,67,6,121.79,0.00,73.07
9611,2,84,7,145.08,0.00,91.40
9612,1,70,8,125.90,0.00,83.09
9612,2,87,1,149.19,0.00,102.94
9613,1,73,2,130.01,0.00,93.60
9613,2,90,3,153.30,0.00,56.72
9614,1,76,4,134.12,0.00,53.64
9614,2,93,5,157.41,0.00,67.68
9615,1,79,6,138.23,0.00,63.58
9615,2,96,7,161.52,0.00,79.14
9616,1,82,8,142.34,0.00,74.01
9616,2,99,1,165.63,0.00,91.09
9617,1,85,2,146.45,0.00,84.94
9617,2,102,3,169.74,0.00,103.54
9618,1,88,4,150.56,0.00,96.35
9618,2,105,5,173.85,0.00,116.47
9619,1,91,6,154.67,0.00,108.26
9619,2,108,7,177.96,0.00,62.28
9620,1,94,8,158.78,0.00,60.33
9620,2,111,1,182.07,0.00,74.64
9621,1,97,2,162.89,0.00,71.67
9621,2,2,3,32.74,0.00,15.38
9622,1,100,4,167.00,0.00,83.50
9622,2,5,5,36.85,0.00,19.53
9623,1,103,6,171.11,0.00,95.82
9623,2,8,7,40.96,0.00,24.16
9624,1,106,8,175.22,0.00,108.63
9624,2,11,1,45.07,0.00,29.29
9625,1,109,2,179.33,0.00,121.94
9625,2,14,3,49.18,0.00,34.91
9626,1,112,4,183.44,0.00,66.03
9626,2,17,5,53.29,0.00,20.78
9627,1,3,6,34.11,0.00,14.32
9627,2,20,7,57.40,0.00,25.83
9628,1,6,8,38.22,0.00,18.34
9628,2,23,1,61.51,0.00,31.37
9629,1,9,2,42.33,0.00,22.85
9629,2,26,3,65.62,0.00,37.40
9630,1,12,4,46.44,0.00,27.86
9630,2,29,5,69.73,0.00,43.92
9631,1,15,6,50.55,0.00,33.36
9631,2,32,7,73.84,11.07,50.94
9632,1,18,8,54.66,10.93,39.35
9632,2,35,1,77.95,19.48,28.84
9633,1,21,2,58.77,2.93,23.50
9633,2,38,3,82.06,8.20,35.28
9634,1,24,4,62.88,9.43,28.92
9634,2,41,5,86.17,17.23,42.22
9635,1,27,6,66.99,16.74,34.83
9635,2,44,7,90.28,4.51,49.65
9636,1,30,8,71.10,7.11,41.23
9636,2,47,1,94.39,14.15,57.57
9637,1,33,2,75.21,15.04,48.13
9637,2,50,3,98.50,24.62,65.99
9638,1,36,4,79.32,3.96,55.52
9638,2,53,5,102.61,10.26,35.91
9639,1,39,6,83.43,12.51,31.70
9639,2,56,7,106.72,21.34,43.75
9640,1,42,8,87.54,21.88,38.51
9640,2,59,1,110.83,5.54,52.09
9641,1,45,2,91.65,9.16,45.82
9641,2,62,3,114.94,17.24,60.91
9642,1,48,4,95.76,19.15,53.62
9642,2,65,5,119.05,29.76,70.23
9643,1,51,6,99.87,4.99,61.91
9643,2,68,7,123.16,12.31,80.05
9644,1,54,8,103.98,15.59,70.70
9644,2,71,1,127.27,25.45,90.36
9645,1,57,2,108.09,27.02,38.91
9645,2,74,3,131.38,6.56,51.23
9646,1,60,4,112.20,11.22,47.12
9646,2,77,5,135.49,20.32,60.97
9647,1,63,6,116.31,23.26,55.82
9647,2,80,7,139.60,34.90,71.19
9648,1,66,8,120.42,6.02,65.02
9648,2,83,1,143.71,14.37,81.91
9649,1,69,2,124.53,18.67,74.71
9649,2,86,3,147.82,29.56,93.12
9650,1,72,4,128.64,32.16,84.90
9650,2,89,5,151.93,0.00,104.83
9651,1,75,6,132.75,0.00,95.58
9651,2,92,7,156.04,0.00,57.73
9652,1,78,8,136.86,0.00,54.74
9652,2,95,1,160.15,0.00,68.86
9653,1,81,2,140.97,0.00,64.84
9653,2,98,3,164.26,0.00,80.48
9654,1,84,4,145.08,0.00,75.44
9654,2,101,5,168.37,0.00,92.60
9655,1,87,6,149.19,0.00,86.53
9655,2,104,7,172.48,0.00,105.21
9656,1,90,8,153.30,0.00,98.11
9656,2,107,1,176.59,0.00,118.31
9657,1,93,2,157.41,0.00,110.18
9657,2,110,3,180.70,0.00,63.24
9658,1,96,4,161.52,0.00,61.37
9658,2,1,5,31.37,0.00,12.86
9659,1,99,6,165.63,0.00,72.87
9659,2,4,7,35.48,0.00,16.67
9660,1,102,8,169.74,0.00,84.87
9660,2,7,1,39.59,0.00,20.98
9661,1,105,2,173.85,0.00,97.35
9661,2,10,3,43.70,0.00,25.78
9662,1,108,4,177.96,0.00,110.33
9662,2,13,5,47.81,0.00,31.07
9663,1,111,6,182.07,0.00,123.80
9663,2,16,7,51.92,0.00,36.86
9664,1,2,8,32.74,0.00,11.78
9664,2,19,1,56.03,0.00,21.85
9665,1,5,2,36.85,0.00,15.47
9665,2,22,3,60.14,0.00,27.06
9666,1,8,4,40.96,0.00,19.66
9666,2,25,5,64.25,0.00,32.76
9667,1,11,6,45.07,0.00,24.33
9667,2,28,7,68.36,0.00,38.96
9668,1,14,8,49.18,0.00,29.50
9668,2,31,1,72.47,0.00,45.65
9669,1,17,2,53.29,0.00,35.17
9669,2,34,3,76.58,0.00,52.84
9670,1,20,4,57.40,0.00,41.32
9670,2,37,5,80.69,0.00,29.85
9671,1,23,6,61.51,0.00,24.60
9671,2,40,7,84.80,0.00,36.46
9672,1,26,8,65.62,0.00,30.18
9672,2,43,1,88.91,0.00,43.56
9673,1,29,2,69.73,0.00,36.25
9673,2,46,3,93.02,0.00,51.16
9674,1,32,4,73.84,0.00,42.82
9674,2,49,5,97.13,0.00,59.24
9675,1,35,6,77.95,0.00,49.88
9675,2,52,7,101.24,0.00,67.83
9676,1,38,8,82.06,0.00,57.44
9676,2,55,1,105.35,0.00,36.87
9677,1,41,2,86.17,0.00,32.74
9677,2,58,3,109.46,0.00,44.87
9678,1,44,4,90.28,0.00,39.72
9678,2,61,5,113.57,0.00,53.37
9679,1,47,6,94.39,0.00,47.19
9679,2,64,7,117.68,0.00,62.37
9680,1,50,8,98.50,0.00,55.16
9680,2,67,1,121.79,0.00,71.85
9681,1,53,2,102.61,0.00,63.61
9681,2,70,3,125.90,18.88,81.83
9682,1,56,4,106.72,21.34,72.56
9682,2,73,5,130.01,32.50,92.30
9683,1,59,6,110.83,5.54,39.89
9683,2,76,7,134.12,13.41,52.30
9684,1,62,8,114.94,17.24,48.27
9684,2,79,1,138.23,27.64,62.20
9685,1,65,2,119.05,29.76,57.14
9685,2,82,3,142.34,7.11,72.59
9686,1,68,4,123.16,12.31,66.50
9686,2,85,5,146.45,21.96,83.47
9687,1,71,6,127.27,25.45,76.36
9687,2,88,7,150.56,37.64,94.85
9688,1,74,8,131.38,6.56,86.71
9688,2,91,1,154.67,15.46,106.72
9689,1,77,2,135.49,20.32,97.55
9689,2,94,3,158.78,31.75,58.74
9690,1,80,4,139.60,34.90,55.84
9690,2,97,5,162.89,8.14,70.04
9691,1,83,6,143.71,14.37,66.10
9691,2,100,7,167.00,25.05,81.83
9692,1,86,8,147.82,29.56,76.86
9692,2,103,1,171.11,42.77,94.11
9693,1,89,2,151.93,7.59,88.11
9693,2,106,3,175.22,17.52,106.88
9694,1,92,4,156.04,23.40,99.86
9694,2,109,5,179.33,35.86,120.15
9695,1,95,6,160.15,40.03,112.10
9695,2,112,7,183.44,9.17,64.20
9696,1,98,8,164.26,16.42,62.41
9696,2,3,1,34.11,5.11,13.98
9697,1,101,2,168.37,33.67,74.08
9697,2,6,3,38.22,9.55,17.96
9698,1,104,4,172.48,8.62,86.24
9698,2,9,5,42.33,4.23,22.43
9699,1,107,6,176.59,26.48,98.89
9699,2,12,7,46.44,9.28,27.39
9700,1,110,8,180.70,45.17,112.03
9700,2,15,1,50.55,0.00,32.85
9701,1,1,2,31.37,0.00,21.33
9701,2,18,3,54.66,0.00,38.80
9702,1,4,4,35.48,0.00,12.77
9702,2,21,5,58.77,0.00,22.92
9703,1,7,6,39.59,0.00,16.62
9703,2,24,7,62.88,0.00,28.29
9704,1,10,8,43.70,0.00,20.97
9704,2,27,1,66.99,0.00,34.16
9705,1,13,2,47.81,0.00,25.81
9705,2,30,3,71.10,0.00,40.52
9706,1,16,4,51.92,0.00,31.15
9706,2,33,5,75.21,0.00,47.38
9707,1,19,6,56.03,0.00,36.97
9707,2,36,7,79.32,0.00,54.73
9708,1,22,8,60.14,0.00,43.30
9708,2,39,1,83.43,0.00,30.86
9709,1,25,2,64.25,0.00,25.70
9709,2,42,3,87.54,0.00,37.64
9710,1,28,4,68.36,0.00,31.44
9710,2,45,5,91.65,0.00,44.90
9711,1,31,6,72.47,0.00,37.68
9711,2,48,7,95.76,0.00,52.66
9712,1,34,8,76.58,0.00,44.41
9712,2,51,1,99.87,0.00,60.92
9713,1,37,2,80.69,0.00,51.64
9713,2,54,3,103.98,0.00,69.66
9714,1,40,4,84.80,0.00,59.36
9714,2,57,5,108.09,0.00,37.83
9715,1,43,6,88.91,0.00,33.78
9715,2,60,7,112.20,0.00,46.00
9716,1,46,8,93.02,0.00,40.92
9716,2,63,1,116.31,0.00,54.66
9717,1,49,2,97.13,0.00,48.56
9717,2,66,3,120.42,0.00,63.82
9718,1,52,4,101.24,0.00,56.69
9718,2,69,5,124.53,0.00,73.47
9719,1,55,6,105.35,0.00,65.31
9719,2,72,7,128.64,0.00,83.61
9720,1,58,8,109.46,0.00,74.43
9720,2,75,1,132.75,0.00,94.25
9721,1,61,2,113.57,0.00,40.88
9721,2,78,3,136.86,0.00,53.37
9722,1,64,4,117.68,0.00,49.42
9722,2,81,5,140.97,0.00,63.43
9723,1,67,6,121.79,0.00,58.45
9723,2,84,7,145.08,0.00,73.99
9724,1,70,8,125.90,0.00,67.98
9724,2,87,1,149.19,0.00,85.03
9725,1,73,2,130.01,0.00,78.00
9725,2,90,3,153.30,0.00,96.57
9726,1,76,4,134.12,0.00,88.51
9726,2,93,5,157.41,0.00,108.61
9727,1,79,6,138.23,0.00,99.52
9727,2,96,7,161.52,0.00,59.76
9728,1,82,8,142.34,0.00,56.93
9728,2,99,1,165.63,0.00,71.22
9729,1,85,2,146.45,0.00,67.36
9729,2,102,3,169.74,0.00,83.17
9730,1,88,4,150.56,0.00,78.29
9730,2,105,5,173.85,0.00,95.61
9731,1,91,6,154.67,0.00,89.70
9731,2,108,7,177.96,26.69,108.55
9732,1,94,8,158.78,31.75,101.61
9732,2,111,1,182.07,45.51,121.98
9733,1,97,2,162.89,8.14,114.02
9733,2,2,3,32.74,3.27,11.45
9734,1,100,4,167.00,25.05,63.46
9734,2,5,5,36.85,7.37,15.10
9735,1,103,6,171.11,42.77,75.28
9735,2,8,7,40.96,2.04,19.25
9736,1,106,8,175.22,17.52,87.61
9736,2,11,1,45.07,6.76,23.88
9737,1,109,2,179.33,35.86,100.42
9737,2,14,3,49.18,12.29,29.01
9738,1,112,4,183.44,9.17,113.73
9738,2,17,5,53.29,5.32,34.63
9739,1,3,6,34.11,5.11,23.19
9739,2,20,7,57.40,11.48,40.75
9740,1,6,8,38.22,9.55,13.75
9740,2,23,1,61.51,3.07,23.98
9741,1,9,2,42.33,4.23,17.77
9741,2,26,3,65.62,9.84,29.52
9742,1,12,4,46.44,9.28,22.29
9742,2,29,5,69.73,17.43,35.56
9743,1,15,6,50.55,2.52,27.29
9743,2,32,7,73.84,7.38,42.08
9744,1,18,8,54.66,8.19,32.79
9744,2,35,1,77.95,15.59,49.10
9745,1,21,2,58.77,14.69,38.78
9745,2,38,3,82.06,4.10,56.62
9746,1,24,4,62.88,6.28,45.27
9746,2,41,5,86.17,12.92,31.88
9747,1,27,6,66.99,13.39,26.79
9747,2,44,7,90.28,22.57,38.82
9748,1,30,8,71.10,3.55,32.70
9748,2,47,1,94.39,9.43,46.25
9749,1,33,2,75.21,11.28,39.10
9749,2,50,3,98.50,19.70,54.17
9750,1,36,4,79.32,19.83,46.00
9750,2,53,5,102.61,0.00,62.59
9751,1,39,6,83.43,0.00,53.39
9751,2,56,7,106.72,0.00,71.50
9752,1,42,8,87.54,0.00,61.27
9752,2,59,1,110.83,0.00,38.79
9753,1,45,2,91.65,0.00,34.82
9753,2,62,3,114.94,0.00,47.12
9754,1,48,4,95.76,0.00,42.13
9754,2,65,5,119.05,0.00,55.95
9755,1,51,6,99.87,0.00,49.93
9755,2,68,7,123.16,0.00,65.27
9756,1,54,8,103.98,0.00,58.22
9756,2,71,1,127.27,0.00,75.08
9757,1,57,2,108.09,0.00,67.01
9757,2,74,3,131.38,0.00,85.39
9758,1,60,4,112.20,0.00,76.29
9758,2,77,5,135.49,0.00,96.19
9759,1,63,6,116.31,0.00,41.87
9759,2,80,7,139.60,0.00,54.44
9760,1,66,8,120.42,0.00,50.57
9760,2,83,1,143.71,0.00,64.66
9761,1,69,2,124.53,0.00,59.77
9761,2,86,3,147.82,0.00,75.38
9762,1,72,4,128.64,0.00,69.46
9762,2,89,5,151.93,0.00,86.60
9763,1,75,6,132.75,0.00,79.65
9763,2,92,7,156.04,0.00,98.30
9764,1,78,8,136.86,0.00,90.32
9764,2,95,1,160.15,0.00,110.50
9765,1,81,2,140.97,0.00,101.49
9765,2,98,3,164.26,0.00,60.77
9766,1,84,4,145.08,0.00,58.03
9766,2,101,5,168.37,0.00,72.39
9767,1,87,6,149.19,0.00,68.62
9767,2,104,7,172.48,0.00,84.51
9768,1,90,8,153.30,0.00,79.71
9768,2,107,1,176.59,0.00,97.12
9769,1,93,2,157.41,0.00,91.29
9769,2,110,3,180.70,0.00,110.22
9770,1,96,4,161.52,0.00,103.37
9770,2,1,5,31.37,0.00,21.01
9771,1,99,6,165.63,0.00,115.94
9771,2,4,7,35.48,0.00,12.41
9772,1,102,8,169.74,0.00,64.50
9772,2,7,1,39.59,0.00,16.23
9773,1,105,2,173.85,0.00,76.49
9773,2,10,3,43.70,0.00,20.53
9774,1,108,4,177.96,0.00,88.98
9774,2,13,5,47.81,0.00,25.33
9775,1,111,6,182.07,0.00,101.95
9775,2,16,7,51.92,0.00,30.63
9776,1,2,8,32.74,0.00,20.29
9776,2,19,1,56.03,0.00,36.41
9777,1,5,2,36.85,0.00,25.05
9777,2,22,3,60.14,0.00,42.69
9778,1,8,4,40.96,0.00,14.74
9778,2,25,5,64.25,0.00,25.05
9779,1,11,6,45.07,0.00,18.92
9779,2,28,7,68.36,0.00,30.76
9780,1,14,8,49.18,0.00,23.60
9780,2,31,1,72.47,0.00,36.95
9781,1,17,2,53.29,0.00,28.77
9781,2,34,3,76.58,11.48,43.65
9782,1,20,4,57.40,11.48,34.44
9782,2,37,5,80.69,20.17,50.83
9783,1,23,6,61.51,3.07,40.59
9783,2,40,7,84.80,8.48,58.51
9784,1,26,8,65.62,9.84,47.24
9784,2,43,1,88.91,17.78,32.89
9785,1,29,2,69.73,17.43,27.89
9785,2,46,3,93.02,4.65,39.99
9786,1,32,4,73.84,7.38,33.96
9786,2,49,5,97.13,14.56,47.59
9787,1,35,6,77.95,15.59,40.53
9787,2,52,7,101.24,25.31,55.68
9788,1,38,8,82.06,4.10,47.59
9788,2,55,1,105.35,10.53,64.26
9789,1,41,2,86.17,12.92,55.14
9789,2,58,3,109.46,21.89,73.33
9790,1,44,4,90.28,22.57,63.19
9790,2,61,5,113.57,5.67,39.74
9791,1,47,6,94.39,9.43,35.86
9791,2,64,7,117.68,17.65,48.24
9792,1,50,8,98.50,19.70,43.34
9792,2,67,1,121.79,30.44,57.24
9793,1,53,2,102.61,5.13,51.30
9793,2,70,3,125.90,12.59,66.72
9794,1,56,4,106.72,16.00,59.76
9794,2,73,5,130.01,26.00,76.70
9795,1,59,6,110.83,27.70,68.71
9795,2,76,7,134.12,6.70,87.17
9796,1,62,8,114.94,11.49,78.15
9796,2,79,1,138.23,20.73,98.14
9797,1,65,2,119.05,23.81,42.85
9797,2,82,3,142.34,35.58,55.51
9798,1,68,4,123.16,6.15,51.72
9798,2,85,5,146.45,14.64,65.90
9799,1,71,6,127.27,19.09,61.08
9799,2,88,7,150.56,30.11,76.78
9800,1,74,8,131.38,32.84,70.94
9800,2,91,1,154.67,0.00,88.16
9801,1,77,2,135.49,0.00,81.29
9801,2,94,3,158.78,0.00,100.03
9802,1,80,4,139.60,0.00,92.13
9802,2,97,5,162.89,0.00,112.39
9803,1,83,6,143.71,0.00,103.47
9803,2,100,7,167.00,0.00,61.79
9804,1,86,8,147.82,0.00,59.12
9804,2,103,1,171.11,0.00,73.57
9805,1,89,2,151.93,0.00,69.88
9805,2,106,3,175.22,0.00,85.85
9806,1,92,4,156.04,0.00,81.14
9806,2,109,5,179.33,0.00,98.63
9807,1,95,6,160.15,0.00,92.88
9807,2,112,7,183.44,0.00,111.89
9808,1,98,8,164.26,0.00,105.12
9808,2,3,1,34.11,0.00,22.85
9809,1,101,2,168.37,0.00,117.85
9809,2,6,3,38.22,0.00,13.37
9810,1,104,4,172.48,0.00,65.54
9810,2,9,5,42.33,0.00,17.35
9811,1,107,6,176.59,0.00,77.69
9811,2,12,7,46.44,0.00,21.82
9812,1,110,8,180.70,0.00,90.35
9812,2,15,1,50.55,0.00,26.79
9813,1,1,2,31.37,0.00,17.56
9813,2,18,3,54.66,0.00,32.24
9814,1,4,4,35.48,0.00,21.99
9814,2,21,5,58.77,0.00,38.20
9815,1,7,6,39.59,0.00,26.92
9815,2,24,7,62.88,0.00,44.64
9816,1,10,8,43.70,0.00,15.73
9816,2,27,1,66.99,0.00,26.12
9817,1,13,2,47.81,0.00,20.08
9817,2,30,3,71.10,0.00,31.99
9818,1,16,4,51.92,0.00,24.92
9818,2,33,5,75.21,0.00,38.35
9819,1,19,6,56.03,0.00,30.25
9819,2,36,7,79.32,0.00,45.21
9820,1,22,8,60.14,0.00,36.08
9820,2,39,1,83.43,0.00,52.56
9821,1,25,2,64.25,0.00,42.40
9821,2,42,3,87.54,0.00,60.40
9822,1,28,4,68.36,0.00,49.21
9822,2,45,5,91.65,0.00,33.91
9823,1,31,6,72.47,0.00,28.98
9823,2,48,7,95.76,0.00,41.17
9824,1,34,8,76.58,0.00,35.22
9824,2,51,1,99.87,0.00,48.93
9825,1,37,2,80.69,0.00,41.95
9825,2,54,3,103.98,0.00,57.18
9826,1,40,4,84.80,0.00,49.18
9826,2,57,5,108.09,0.00,65.93
9827,1,43,6,88.91,0.00,56.90
9827,2,60,7,112.20,0.00,75.17
9828,1,46,8,93.02,0.00,65.11
9828,2,63,1,116.31,0.00,40.70
9829,1,49,2,97.13,0.00,36.90
9829,2,66,3,120.42,0.00,49.37
9830,1,52,4,101.24,0.00,44.54
9830,2,69,5,124.53,0.00,58.52
9831,1,55,6,105.35,0.00,52.67
9831,2,72,7,128.64,19.29,68.17
9832,1,58,8,109.46,21.89,61.29
9832,2,75,1,132.75,33.18,78.32
9833,1,61,2,113.57,5.67,70.41
9833,2,78,3,136.86,13.68,88.95
9834,1,64,4,117.68,17.65,80.02
9834,2,81,5,140.97,28.19,100.08
9835,1,67,6,121.79,30.44,43.84
9835,2,84,7,145.08,7.25,56.58
9836,1,70,8,125.90,12.59,52.87
9836,2,87,1,149.19,22.37,67.13
9837,1,73,2,130.01,26.00,62.40
9837,2,90,3,153.30,38.32,78.18
9838,1,76,4,134.12,6.70,72.42
9838,2,93,5,157.41,15.74,89.72
9839,1,79,6,138.23,20.73,82.93
9839,2,96,7,161.52,32.30,101.75
9840,1,82,8,142.34,35.58,93.94
9840,2,99,1,165.63,8.28,114.28
9841,1,85,2,146.45,14.64,105.44
9841,2,102,3,169.74,25.46,62.80
9842,1,88,4,150.56,30.11,60.22
9842,2,105,5,173.85,43.46,74.75
9843,1,91,6,154.67,7.73,71.14
9843,2,108,7,177.96,17.79,87.20
9844,1,94,8,158.78,23.81,82.56
9844,2,111,1,182.07,36.41,100.13
9845,1,97,2,162.89,40.72,94.47
9845,2,2,3,32.74,1.63,19.97
9846,1,100,4,167.00,16.70,106.88
9846,2,5,5,36.85,5.52,24.68
9847,1,103,6,171.11,34.22,119.77
9847,2,8,7,40.96,10.24,14.33
9848,1,106,8,175.22,8.76,66.58
9848,2,11,1,45.07,4.50,18.47
9849,1,109,2,179.33,26.89,78.90
9849,2,14,3,49.18,9.83,23.11
9850,1,112,4,183.44,45.86,91.72
9850,2,17,5,53.29,0.00,28.24
9851,1,3,6,34.11,0.00,19.10
9851,2,20,7,57.40,0.00,33.86
9852,1,6,8,38.22,0.00,23.69
9852,2,23,1,61.51,0.00,39.98
9853,1,9,2,42.33,0.00,28.78
9853,2,26,3,65.62,0.00,46.59
9854,1,12,4,46.44,0.00,16.71
9854,2,29,5,69.73,0.00,27.19
9855,1,15,6,50.55,0.00,21.23
9855,2,32,7,73.84,0.00,33.22
9856,1,18,8,54.66,0.00,26.23
9856,2,35,1,77.95,0.00,39.75
9857,1,21,2,58.77,0.00,31.73
9857,2,38,3,82.06,0.00,46.77
9858,1,24,4,62.88,0.00,37.72
9858,2,41,5,86.17,0.00,54.28
9859,1,27,6,66.99,0.00,44.21
9859,2,44,7,90.28,0.00,62.29
9860,1,30,8,71.10,0.00,51.19
9860,2,47,1,94.39,0.00,34.92
9861,1,33,2,75.21,0.00,30.08
9861,2,50,3,98.50,0.00,42.35
9862,1,36,4,79.32,0.00,36.48
9862,2,53,5,102.61,0.00,50.27
9863,1,39,6,83.43,0.00,43.38
9863,2,56,7,106.72,0.00,58.69
9864,1,42,8,87.54,0.00,50.77
9864,2,59,1,110.83,0.00,67.60
9865,1,45,2,91.65,0.00,58.65
9865,2,62,3,114.94,0.00,77.00
9866,1,48,4,95.76,0.00,67.03
9866,2,65,5,119.05,0.00,41.66
9867,1,51,6,99.87,0.00,37.95
9867,2,68,7,123.16,0.00,50.49
9868,1,54,8,103.98,0.00,45.75
9868,2,71,1,127.27,0.00,59.81
9869,1,57,2,108.09,0.00,54.04
9869,2,74,3,131.38,0.00,69.63
9870,1,60,4,112.20,0.00,62.83
9870,2,77,5,135.49,0.00,79.93
9871,1,63,6,116.31,0.00,72.11
9871,2,80,7,139.60,0.00,90.74
9872,1,66,8,120.42,0.00,81.88
9872,2,83,1,143.71,0.00,102.03
9873,1,69,2,124.53,0.00,44.83
9873,2,86,3,147.82,0.00,57.64
9874,1,72,4,128.64,0.00,54.02
9874,2,89,5,151.93,0.00,68.36
9875,1,75,6,132.75,0.00,63.72
9875,2,92,7,156.04,0.00,79.58
9876,1,78,8,136.86,0.00,73.90
9876,2,95,1,160.15,0.00,91.28
9877,1,81,2,140.97,0.00,84.58
9877,2,98,3,164.26,0.00,103.48
9878,1,84,4,145.08,0.00,95.75
9878,2,101,5,168.37,0.00,116.17
9879,1,87,6,149.19,0.00,107.41
9879,2,104,7,172.48,0.00,63.81
9880,1,90,8,153.30,0.00,61.32
9880,2,107,1,176.59,0.00,75.93
9881,1,93,2,157.41,0.00,72.40
9881,2,110,3,180.70,27.10,88.54
9882,1,96,4,161.52,32.30,83.99
9882,2,1,5,31.37,7.84,17.25
9883,1,99,6,165.63,8.28,96.06
9883,2,4,7,35.48,3.54,21.64
9884,1,102,8,169.74,25.46,108.63
9884,2,7,1,39.59,7.91,26.52
9885,1,105,2,173.85,43.46,121.69
9885,2,10,3,43.70,2.18,15.29
9886,1,108,4,177.96,17.79,67.62
9886,2,13,5,47.81,7.17,19.60
9887,1,111,6,182.07,36.41,80.11
9887,2,16,7,51.92,12.98,24.40
9888,1,2,8,32.74,1.63,16.37
9888,2,19,1,56.03,5.60,29.69
9889,1,5,2,36.85,5.52,20.63
9889,2,22,3,60.14,12.02,35.48
9890,1,8,4,40.96,10.24,25.39
9890,2,25,5,64.25,3.21,41.76
9891,1,11,6,45.07,4.50,30.64
9891,2,28,7,68.36,10.25,48.53
9892,1,14,8,49.18,9.83,17.70
9892,2,31,1,72.47,18.11,28.26
9893,1,17,2,53.29,2.66,22.38
9893,2,34,3,76.58,7.65,34.46
9894,1,20,4,57.40,8.61,27.55
9894,2,37,5,80.69,16.13,41.15
9895,1,23,6,61.51,15.37,33.21
9895,2,40,7,84.80,4.24,48.33
9896,1,26,8,65.62,6.56,39.37
9896,2,43,1,88.91,13.33,56.01
9897,1,29,2,69.73,13.94,46.02
9897,2,46,3,93.02,23.25,64.18
9898,1,32,4,73.84,3.69,53.16
9898,2,49,5,97.13,9.71,35.93
9899,1,35,6,77.95,11.69,31.18
9899,2,52,7,101.24,20.24,43.53
9900,1,38,8,82.06,20.51,37.74
9900,2,55,1,105.35,0.00,51.62
9901,1,41,2,86.17,0.00,44.80
9901,2,58,3,109.46,0.00,60.20
9902,1,44,4,90.28,0.00,52.36
9902,2,61,5,113.57,0.00,69.27
9903,1,47,6,94.39,0.00,60.40
9903,2,64,7,117.68,0.00,78.84
9904,1,50,8,98.50,0.00,68.95
9904,2,67,1,121.79,0.00,42.62
9905,1,53,2,102.61,0.00,38.99
9905,2,70,3,125.90,0.00,51.61
9906,1,56,4,106.72,0.00,46.95
9906,2,73,5,130.01,0.00,61.10
9907,1,59,6,110.83,0.00,55.41
9907,2,76,7,134.12,0.00,71.08
9908,1,62,8,114.94,0.00,64.36
9908,2,79,1,138.23,0.00,81.55
9909,1,65,2,119.05,0.00,73.81
9909,2,82,3,142.34,0.00,92.52
9910,1,68,4,123.16,0.00,83.74
9910,2,85,5,146.45,0.00,103.97
9911,1,71,6,127.27,0.00,45.81
9911,2,88,7,150.56,0.00,58.71
9912,1,74,8,131.38,0.00,55.17
9912,2,91,1,154.67,0.00,69.60
9913,1,77,2,135.49,0.00,65.03
9913,2,94,3,158.78,0.00,80.97
9914,1,80,4,139.60,0.00,75.38
9914,2,97,5,162.89,0.00,92.84
9915,1,83,6,143.71,0.00,86.22
9915,2,100,7,167.00,0.00,105.21
9916,1,86,8,147.82,0.00,97.56
9916,2,103,1,171.11,0.00,118.06
9917,1,89,2,151.93,0.00,109.38
9917,2,106,3,175.22,0.00,64.83
9918,1,92,4,156.04,0.00,62.41
9918,2,109,5,179.33,0.00,77.11
9919,1,95,6,160.15,0.00,73.66
9919,2,112,7,183.44,0.00,89.88
9920,1,98,8,164.26,0.00,85.41
9920,2,3,1,34.11,0.00,18.76
9921,1,101,2,168.37,0.00,97.65
9921,2,6,3,38.22,0.00,23.31
9922,1,104,4,172.48,0.00,110.38
9922,2,9,5,42.33,0.00,28.36
9923,1,107,6,176.59,0.00,123.61
9923,2,12,7,46.44,0.00,16.25
9924,1,110,8,180.70,0.00,68.66
9924,2,15,1,50.55,0.00,20.72
9925,1,1,2,31.37,0.00,13.80
9925,2,18,3,54.66,0.00,25.69
9926,1,4,4,35.48,0.00,17.74
9926,2,21,5,58.77,0.00,31.14
9927,1,7,6,39.59,0.00,22.17
9927,2,24,7,62.88,0.00,37.09
9928,1,10,8,43.70,0.00,27.09
9928,2,27,1,66.99,0.00,43.54
9929,1,13,2,47.81,0.00,32.51
9929,2,30,3,71.10,0.00,50.48
9930,1,16,4,51.92,0.00,18.69
9930,2,33,5,75.21,0.00,29.33
9931,1,19,6,56.03,0.00,23.53
9931,2,36,7,79.32,11.89,35.69
9932,1,22,8,60.14,12.02,28.86
9932,2,39,1,83.43,20.85,42.54
9933,1,25,2,64.25,3.21,34.69
9933,2,42,3,87.54,8.75,49.89
9934,1,28,4,68.36,10.25,41.01
9934,2,45,5,91.65,18.33,57.73
9935,1,31,6,72.47,18.11,47.83
9935,2,48,7,95.76,4.78,66.07
9936,1,34,8,76.58,7.65,55.13
9936,2,51,1,99.87,14.98,36.95
9937,1,37,2,80.69,16.13,32.27
9937,2,54,3,103.98,25.99,44.71
9938,1,40,4,84.80,4.24,39.00
9938,2,57,5,108.09,10.80,52.96
9939,1,43,6,88.91,13.33,46.23
9939,2,60,7,112.20,22.44,61.71
9940,1,46,8,93.02,23.25,53.95
9940,2,63,1,116.31,5.81,70.94
9941,1,49,2,97.13,9.71,62.16
9941,2,66,3,120.42,18.06,80.68
9942,1,52,4,101.24,20.24,70.86
9942,2,69,5,124.53,31.13,43.58
9943,1,55,6,105.35,5.26,40.03
9943,2,72,7,128.64,12.86,52.74
9944,1,58,8,109.46,16.41,48.16
9944,2,75,1,132.75,26.55,62.39
9945,1,61,2,113.57,28.39,56.78
9945,2,78,3,136.86,6.84,72.53
9946,1,64,4,117.68,11.76,65.90
9946,2,81,5,140.97,21.14,83.17
9947,1,67,6,121.79,24.35,75.50
9947,2,84,7,145.08,36.27,94.30
9948,1,70,8,125.90,6.29,85.61
9948,2,87,1,149.19,14.91,105.92
9949,1,73,2,130.01,19.50,46.80
9949,2,90,3,153.30,30.66,59.78
9950,1,76,4,134.12,33.53,56.33
9950,2,93,5,157.41,0.00,70.83
9951,1,79,6,138.23,0.00,66.35
9951,2,96,7,161.52,0.00,82.37
9952,1,82,8,142.34,0.00,76.86
9952,2,99,1,165.63,0.00,94.40
9953,1,85,2,146.45,0.00,87.87
9953,2,102,3,169.74,0.00,106.93
9954,1,88,4,150.56,0.00,99.36
9954,2,105,5,173.85,0.00,119.95
9955,1,91,6,154.67,0.00,111.36
9955,2,108,7,177.96,0.00,65.84
9956,1,94,8,158.78,0.00,63.51
9956,2,111,1,182.07,0.00,78.29
9957,1,97,2,162.89,0.00,74.92
9957,2,2,3,32.74,0.00,16.04
9958,1,100,4,167.00,0.00,86.84
9958,2,5,5,36.85,0.00,20.26
9959,1,103,6,171.11,0.00,99.24
9959,2,8,7,40.96,0.00,24.98
9960,1,106,8,175.22,0.00,112.14
9960,2,11,1,45.07,0.00,30.19
9961,1,109,2,179.33,0.00,125.53
9961,2,14,3,49.18,0.00,17.21
9962,1,112,4,183.44,0.00,69.70
9962,2,17,5,53.29,0.00,21.84
9963,1,3,6,34.11,0.00,15.00
9963,2,20,7,57.40,0.00,26.97
9964,1,6,8,38.22,0.00,19.11
9964,2,23,1,61.51,0.00,32.60
9965,1,9,2,42.33,0.00,23.70
9965,2,26,3,65.62,0.00,38.71
9966,1,12,4,46.44,0.00,28.79
9966,2,29,5,69.73,0.00,45.32
9967,1,15,6,50.55,0.00,34.37
9967,2,32,7,73.84,0.00,52.42
9968,1,18,8,54.66,0.00,19.67
9968,2,35,1,77.95,0.00,30.40
9969,1,21,2,58.77,0.00,24.68
9969,2,38,3,82.06,0.00,36.92
9970,1,24,4,62.88,0.00,30.18
9970,2,41,5,86.17,0.00,43.94
9971,1,27,6,66.99,0.00,36.17
9971,2,44,7,90.28,0.00,51.45
9972,1,30,8,71.10,0.00,42.66
9972,2,47,1,94.39,0.00,59.46
9973,1,33,2,75.21,0.00,49.63
9973,2,50,3,98.50,0.00,67.96
9974,1,36,4,79.32,0.00,57.11
9974,2,53,5,102.61,0.00,37.96
9975,1,39,6,83.43,0.00,33.37
9975,2,56,7,106.72,0.00,45.88
9976,1,42,8,87.54,0.00,40.26
9976,2,59,1,110.83,0.00,54.30
9977,1,45,2,91.65,0.00,47.65
9977,2,62,3,114.94,0.00,63.21
9978,1,48,4,95.76,0.00,55.54
9978,2,65,5,119.05,0.00,72.62
9979,1,51,6,99.87,0.00,63.91
9979,2,68,7,123.16,0.00,82.51
9980,1,54,8,103.98,0.00,72.78
9980,2,71,1,127.27,0.00,44.54
9981,1,57,2,108.09,0.00,41.07
9981,2,74,3,131.38,19.70,53.86
9982,1,60,4,112.20,22.44,49.36
9982,2,77,5,135.49,33.87,63.68
9983,1,63,6,116.31,5.81,58.15
9983,2,80,7,139.60,13.96,73.98
9984,1,66,8,120.42,18.06,67.43
9984,2,83,1,143.71,28.74,84.78
9985,1,69,2,124.53,31.13,77.20
9985,2,86,3,147.82,7.39,96.08
9986,1,72,4,128.64,12.86,87.47
9986,2,89,5,151.93,22.78,107.87
9987,1,75,6,132.75,26.55,47.79
9987,2,92,7,156.04,39.01,60.85
9988,1,78,8,136.86,6.84,57.48
9988,2,95,1,160.15,16.01,72.06
9989,1,81,2,140.97,21.14,67.66
9989,2,98,3,164.26,32.85,83.77
9990,1,84,4,145.08,36.27,78.34
9990,2,101,5,168.37,8.41,95.97
9991,1,87,6,149.19,14.91,89.51
9991,2,104,7,172.48,25.87,108.66
9992,1,90,8,153.30,30.66,101.17
9992,2,107,1,176.59,44.14,121.84
9993,1,93,2,157.41,7.87,113.33
9993,2,110,3,180.70,18.07,66.85
9994,1,96,4,161.52,24.22,64.60
9994,2,1,5,31.37,6.27,13.48
9995,1,99,6,165.63,41.40,76.18
9995,2,4,7,35.48,1.77,17.38
9996,1,102,8,169.74,16.97,88.26
9996,2,7,1,39.59,5.93,21.77
9997,1,105,2,173.85,34.77,100.83
9997,2,10,3,43.70,10.92,26.65
9998,1,108,4,177.96,8.89,113.89
9998,2,13,5,47.81,4.78,32.03
9999,1,111,6,182.07,27.31,127.44
9999,2,16,7,51.92,10.38,18.17
10000,1,2,8,32.74,8.18,12.44
10000,2,19,1,56.03,0.00,22.97
10001,1,5,2,36.85,0.00,16.21
10001,2,22,3,60.14,0.00,28.26
10002,1,8,4,40.96,0.00,20.48
10002,2,25,5,64.25,0.00,34.05
10003,1,11,6,45.07,0.00,25.23
10003,2,28,7,68.36,0.00,40.33
10004,1,14,8,49.18,0.00,30.49
10004,2,31,1,72.47,0.00,47.10
10005,1,17,2,53.29,0.00,36.23
10005,2,34,3,76.58,0.00,54.37
10006,1,20,4,57.40,0.00,20.66
10006,2,37,5,80.69,0.00,31.46
10007,1,23,6,61.51,0.00,25.83
10007,2,40,7,84.80,0.00,38.16
10008,1,26,8,65.62,0.00,31.49
10008,2,43,1,88.91,0.00,45.34
10009,1,29,2,69.73,0.00,37.65
10009,2,46,3,93.02,0.00,53.02
10010,1,32,4,73.84,0.00,44.30
10010,2,49,5,97.13,0.00,61.19
10011,1,35,6,77.95,0.00,51.44
10011,2,52,7,101.24,0.00,69.85
10012,1,38,8,82.06,0.00,59.08
10012,2,55,1,105.35,0.00,38.97
10013,1,41,2,86.17,0.00,34.46
10013,2,58,3,109.46,0.00,47.06
10014,1,44,4,90.28,0.00,41.52
10014,2,61,5,113.57,0.00,55.64
10015,1,47,6,94.39,0.00,49.08
10015,2,64,7,117.68,0.00,64.72
10016,1,50,8,98.50,0.00,57.13
10016,2,67,1,121.79,0.00,74.29
10017,1,53,2,102.61,0.00,65.67
10017,2,70,3,125.90,0.00,84.35
10018,1,56,4,106.72,0.00,74.70
10018,2,73,5,130.01,0.00,45.50
10019,1,59,6,110.83,0.00,42.11
10019,2,76,7,134.12,0.00,54.98
10020,1,62,8,114.94,0.00,50.57
10020,2,79,1,138.23,0.00,64.96
10021,1,65,2,119.05,0.00,59.52
10021,2,82,3,142.34,0.00,75.44
10022,1,68,4,123.16,0.00,68.96
10022,2,85,5,146.45,0.00,86.40
10023,1,71,6,127.27,0.00,78.90
10023,2,88,7,150.56,0.00,97.86
10024,1,74,8,131.38,0.00,89.33
10024,2,91,1,154.67,0.00,109.81
10025,1,77,2,135.49,0.00,48.77
10025,2,94,3,158.78,0.00,61.92
10026,1,80,4,139.60,0.00,58.63
10026,2,97,5,162.89,0.00,73.30
10027,1,83,6,143.71,0.00,68.98
10027,2,100,7,167.00,0.00,85.17
10028,1,86,8,147.82,0.00,79.82
10028,2,103,1,171.11,0.00,97.53
10029,1,89,2,151.93,0.00,91.15
10029,2,106,3,175.22,0.00,110.38
10030,1,92,4,156.04,0.00,102.98
10030,2,109,5,179.33,0.00,123.73
10031,1,95,6,160.15,0.00,115.30
10031,2,112,7,183.44,27.51,67.87
10032,1,98,8,164.26,32.85,65.70
10032,2,3,1,34.11,8.52,14.66
10033,1,101,2,168.37,8.41,77.45
10033,2,6,3,38.22,3.82,18.72
10034,1,104,4,172.48,25.87,89.68
10034,2,9,5,42.33,8.46,23.28
10035,1,107,6,176.59,44.14,102.42
10035,2,12,7,46.44,2.32,28.32
10036,1,110,8,180.70,18.07,115.64
10036,2,15,1,50.55,7.58,33.86
10037,1,1,2,31.37,6.27,21.95
10037,2,18,3,54.66,13.66,19.13
10038,1,4,4,35.48,1.77,13.48
10038,2,21,5,58.77,5.87,24.09
10039,1,7,6,39.59,5.93,17.41
10039,2,24,7,62.88,12.57,29.55
10040,1,10,8,43.70,10.92,21.85
10040,2,27,1,66.99,3.34,35.50
10041,1,13,2,47.81,4.78,26.77
10041,2,30,3,71.10,10.66,41.94
10042,1,16,4,51.92,10.38,32.19
10042,2,33,5,75.21,18.80,48.88
10043,1,19,6,56.03,2.80,38.10
10043,2,36,7,79.32,7.93,56.31
10044,1,22,8,60.14,9.02,21.65
10044,2,39,1,83.43,16.68,32.53
10045,1,25,2,64.25,16.06,26.98
10045,2,42,3,87.54,4.37,39.39
10046,1,28,4,68.36,6.83,32.81
10046,2,45,5,91.65,13.74,46.74
10047,1,31,6,72.47,14.49,39.13
10047,2,48,7,95.76,23.94,54.58
10048,1,34,8,76.58,3.82,45.94
10048,2,51,1,99.87,9.98,62.91
10049,1,37,2,80.69,12.10,53.25
10049,2,54,3,103.98,20.79,71.74
10050,1,40,4,84.80,21.20,61.05
10050,2,57,5,108.09,0.00,39.99
10051,1,43,6,88.91,0.00,35.56
10051,2,60,7,112.20,0.00,48.24
10052,1,46,8,93.02,0.00,42.78
10052,2,63,1,116.31,0.00,56.99
10053,1,49,2,97.13,0.00,50.50
10053,2,66,3,120.42,0.00,66.23
10054,1,52,4,101.24,0.00,58.71
10054,2,69,5,124.53,0.00,75.96
10055,1,55,6,105.35,0.00,67.42
10055,2,72,7,128.64,0.00,86.18
10056,1,58,8,109.46,0.00,76.62
10056,2,75,1,132.75,0.00,46.46
10057,1,61,2,113.57,0.00,43.15
10057,2,78,3,136.86,0.00,56.11
10058,1,64,4,117.68,0.00,51.77
10058,2,81,5,140.97,0.00,66.25
10059,1,67,6,121.79,0.00,60.89
10059,2,84,7,145.08,0.00,76.89
10060,1,70,8,125.90,0.00,70.50
10060,2,87,1,149.19,0.00,88.02
10061,1,73,2,130.01,0.00,80.60
10061,2,90,3,153.30,0.00,99.64
10062,1,76,4,134.12,0.00,91.20
10062,2,93,5,157.41,0.00,111.76
10063,1,79,6,138.23,0.00,49.76
10063,2,96,7,161.52,0.00,62.99
10064,1,82,8,142.34,0.00,59.78
10064,2,99,1,165.63,0.00,74.53
10065,1,85,2,146.45,0.00,70.29
10065,2,102,3,169.74,0.00,86.56
10066,1,88,4,150.56,0.00,81.30
10066,2,105,5,173.85,0.00,99.09
10067,1,91,6,154.67,0.00,92.80
10067,2,108,7,177.96,0.00,112.11
10068,1,94,8,158.78,0.00,104.79
10068,2,111,1,182.07,0.00,125.62
10069,1,97,2,162.89,0.00,117.28
10069,2,2,3,32.74,0.00,12.11
10070,1,100,4,167.00,0.00,66.80
10070,2,5,5,36.85,0.00,15.84
10071,1,103,6,171.11,0.00,78.71
10071,2,8,7,40.96,0.00,20.07
10072,1,106,8,175.22,0.00,91.11
10072,2,11,1,45.07,0.00,24.78
10073,1,109,2,179.33,0.00,104.01
10073,2,14,3,49.18,0.00,29.99
10074,1,112,4,183.44,0.00,117.40
10074,2,17,5,53.29,0.00,35.70
10075,1,3,6,34.11,0.00,23.87
10075,2,20,7,57.40,0.00,20.09
10076,1,6,8,38.22,0.00,14.52
10076,2,23,1,61.51,0.00,25.21
10077,1,9,2,42.33,0.00,18.62
10077,2,26,3,65.62,0.00,30.84
10078,1,12,4,46.44,0.00,23.22
10078,2,29,5,69.73,0.00,36.95
10079,1,15,6,50.55,0.00,28.30
10079,2,32,7,73.84,0.00,43.56
10080,1,18,8,54.66,0.00,33.88
10080,2,35,1,77.95,0.00,50.66
10081,1,21,2,58.77,0.00,39.96
10081,2,38,3,82.06,12.30,58.26
10082,1,24,4,62.88,12.57,22.63
10082,2,41,5,86.17,21.54,33.60
10083,1,27,6,66.99,3.34,28.13
10083,2,44,7,90.28,9.02,40.62
10084,1,30,8,71.10,10.66,34.12
10084,2,47,1,94.39,18.87,48.13
10085,1,33,2,75.21,18.80,40.61
10085,2,50,3,98.50,4.92,56.14
10086,1,36,4,79.32,7.93,47.59
10086,2,53,5,102.61,15.39,64.64
10087,1,39,6,83.43,16.68,55.06
10087,2,56,7,106.72,26.68,73.63
10088,1,42,8,87.54,4.37,63.02
10088,2,59,1,110.83,11.08,41.00
10089,1,45,2,91.65,13.74,36.66
10089,2,62,3,114.94,22.98,49.42
10090,1,48,4,95.76,23.94,44.04
10090,2,65,5,119.05,5.95,58.33
10091,1,51,6,99.87,9.98,51.93
10091,2,68,7,123.16,18.47,67.73
10092,1,54,8,103.98,20.79,60.30
10092,2,71,1,127.27,31.81,77.63
10093,1,57,2,108.09,5.40,69.17
10093,2,74,3,131.38,13.13,88.02
10094,1,60,4,112.20,16.83,78.54
10094,2,77,5,135.49,27.09,47.42
10095,1,63,6,116.31,29.07,44.19
10095,2,80,7,139.60,6.98,57.23
10096,1,66,8,120.42,12.04,52.98
10096,2,83,1,143.71,21.55,67.54
10097,1,69,2,124.53,24.90,62.26
10097,2,86,3,147.82,36.95,78.34
10098,1,72,4,128.64,6.43,72.03
10098,2,89,5,151.93,15.19,89.63
10099,1,75,6,132.75,19.91,82.30
10099,2,92,7,156.04,31.20,101.42
10100,1,78,8,136.86,34.21,93.06
10100,2,95,1,160.15,0.00,113.70
10101,1,81,2,140.97,0.00,50.74
10101,2,98,3,164.26,0.00,64.06
10102,1,84,4,145.08,0.00,60.93
10102,2,101,5,168.37,0.00,75.76
10103,1,87,6,149.19,0.00,71.61
10103,2,104,7,172.48,0.00,87.96
10104,1,90,8,153.30,0.00,82.78
10104,2,107,1,176.59,0.00,100.65
10105,1,93,2,157.41,0.00,94.44
10105,2,110,3,180.70,0.00,113.84
10106,1,96,4,161.52,0.00,106.60
10106,2,1,5,31.37,0.00,21.64
10107,1,99,6,165.63,0.00,119.25
10107,2,4,7,35.48,0.00,13.12
10108,1,102,8,169.74,0.00,67.89
10108,2,7,1,39.59,0.00,17.02
10109,1,105,2,173.85,0.00,79.97
10109,2,10,3,43.70,0.00,21.41
10110,1,108,4,177.96,0.00,92.53
10110,2,13,5,47.81,0.00,26.29
10111,1,111,6,182.07,0.00,105.60
10111,2,16,7,51.92,0.00,31.67
10112,1,2,8,32.74,0.00,20.95
10112,2,19,1,56.03,0.00,37.54
10113,1,5,2,36.85,0.00,25.79
10113,2,22,3,60.14,0.00,21.04
10114,1,8,4,40.96,0.00,15.56
10114,2,25,5,64.25,0.00,26.34
10115,1,11,6,45.07,0.00,19.83
10115,2,28,7,68.36,0.00,32.12
10116,1,14,8,49.18,0.00,24.59
10116,2,31,1,72.47,0.00,38.40
10117,1,17,2,53.29,0.00,29.84
10117,2,34,3,76.58,0.00,45.18
10118,1,20,4,57.40,0.00,35.58
10118,2,37,5,80.69,0.00,52.44
10119,1,23,6,61.51,0.00,41.82
10119,2,40,7,84.80,0.00,60.20
10120,1,26,8,65.62,0.00,23.62
10120,2,43,1,88.91,0.00,34.67
10121,1,29,2,69.73,0.00,29.28
10121,2,46,3,93.02,0.00,41.85
10122,1,32,4,73.84,0.00,35.44
10122,2,49,5,97.13,0.00,49.53
10123,1,35,6,77.95,0.00,42.09
10123,2,52,7,101.24,0.00,57.70
10124,1,38,8,82.06,0.00,49.23
10124,2,55,1,105.35,0.00,66.37
10125,1,41,2,86.17,0.00,56.87
10125,2,58,3,109.46,0.00,75.52
10126,1,44,4,90.28,0.00,65.00
10126,2,61,5,113.57,0.00,42.02
10127,1,47,6,94.39,0.00,37.75
10127,2,64,7,117.68,0.00,50.60
10128,1,50,8,98.50,0.00,45.31
10128,2,67,1,121.79,0.00,59.67
10129,1,53,2,102.61,0.00,53.35
10129,2,70,3,125.90,0.00,69.24
10130,1,56,4,106.72,0.00,61.89
10130,2,73,5,130.01,0.00,79.30
10131,1,59,6,110.83,0.00,70.93
10131,2,76,7,134.12,20.11,89.86
10132,1,62,8,114.94,22.98,80.45
10132,2,79,1,138.23,34.55,48.38
10133,1,65,2,119.05,5.95,45.23
10133,2,82,3,142.34,14.23,58.35
10134,1,68,4,123.16,18.47,54.19
10134,2,85,5,146.45,29.29,68.83
10135,1,71,6,127.27,31.81,63.63
10135,2,88,7,150.56,7.52,79.79
10136,1,74,8,131.38,13.13,73.57
10136,2,91,1,154.67,23.20,91.25
10137,1,77,2,135.49,27.09,84.00
10137,2,94,3,158.78,39.69,103.20
10138,1,80,4,139.60,6.98,94.92
10138,2,97,5,162.89,16.28,115.65
10139,1,83,6,143.71,21.55,51.73
10139,2,100,7,167.00,33.40,65.13
10140,1,86,8,147.82,36.95,62.08
10140,2,103,1,171.11,8.55,76.99
10141,1,89,2,151.93,15.19,72.92
10141,2,106,3,175.22,26.28,89.36
10142,1,92,4,156.04,31.20,84.26
10142,2,109,5,179.33,44.83,102.21
10143,1,95,6,160.15,8.00,96.09
10143,2,112,7,183.44,18.34,115.56
10144,1,98,8,164.26,24.63,108.41
10144,2,3,1,34.11,6.82,23.53
10145,1,101,2,168.37,42.09,121.22
10145,2,6,3,38.22,1.91,14.14
10146,1,104,4,172.48,17.24,68.99
10146,2,9,5,42.33,6.34,18.20
10147,1,107,6,176.59,35.31,81.23
10147,2,12,7,46.44,11.61,22.75
10148,1,110,8,180.70,9.03,93.96
10148,2,15,1,50.55,5.05,27.80
10149,1,1,2,31.37,4.70,18.19
10149,2,18,3,54.66,10.93,33.34
10150,1,4,4,35.48,8.87,22.70
10150,2,21,5,58.77,0.00,39.37
10151,1,7,6,39.59,0.00,27.71
10151,2,24,7,62.88,0.00,22.00
10152,1,10,8,43.70,0.00,16.60
10152,2,27,1,66.99,0.00,27.46
10153,1,13,2,47.81,0.00,21.03
10153,2,30,3,71.10,0.00,33.41
10154,1,16,4,51.92,0.00,25.96
10154,2,33,5,75.21,0.00,39.86
10155,1,19,6,56.03,0.00,31.37
10155,2,36,7,79.32,0.00,46.79
10156,1,22,8,60.14,0.00,37.28
10156,2,39,1,83.43,0.00,54.22
10157,1,25,2,64.25,0.00,43.69
10157,2,42,3,87.54,0.00,62.15
10158,1,28,4,68.36,0.00,24.60
10158,2,45,5,91.65,0.00,35.74
10159,1,31,6,72.47,0.00,30.43
10159,2,48,7,95.76,0.00,43.09
10160,1,34,8,76.58,0.00,36.75
10160,2,51,1,99.87,0.00,50.93
10161,1,37,2,80.69,0.00,43.57
10161,2,54,3,103.98,0.00,59.26
10162,1,40,4,84.80,0.00,50.88
10162,2,57,5,108.09,0.00,68.09
10163,1,43,6,88.91,0.00,58.68
10163,2,60,7,112.20,0.00,77.41
10164,1,46,8,93.02,0.00,66.97
10164,2,63,1,116.31,0.00,43.03
10165,1,49,2,97.13,0.00,38.85
10165,2,66,3,120.42,0.00,51.78
10166,1,52,4,101.24,0.00,46.57
10166,2,69,5,124.53,0.00,61.01
10167,1,55,6,105.35,0.00,54.78
10167,2,72,7,128.64,0.00,70.75
10168,1,58,8,109.46,0.00,63.48
10168,2,75,1,132.75,0.00,80.97
10169,1,61,2,113.57,0.00,72.68
10169,2,78,3,136.86,0.00,91.69
10170,1,64,4,117.68,0.00,82.37
10170,2,81,5,140.97,0.00,49.33
10171,1,67,6,121.79,0.00,46.28
10171,2,84,7,145.08,0.00,59.48
10172,1,70,8,125.90,0.00,55.39
10172,2,87,1,149.19,0.00,70.11
10173,1,73,2,130.01,0.00,65.00
10173,2,90,3,153.30,0.00,81.24
10174,1,76,4,134.12,0.00,75.10
10174,2,93,5,157.41,0.00,92.87
10175,1,79,6,138.23,0.00,85.70
10175,2,96,7,161.52,0.00,104.98
10176,1,82,8,142.34,0.00,96.79
10176,2,99,1,165.63,0.00,117.59
10177,1,85,2,146.45,0.00,52.72
10177,2,102,3,169.74,0.00,66.19
10178,1,88,4,150.56,0.00,63.23
10178,2,105,5,173.85,0.00,78.23
10179,1,91,6,154.67,0.00,74.24
10179,2,108,7,177.96,0.00,90.75
10180,1,94,8,158.78,0.00,85.74
10180,2,111,1,182.07,0.00,103.77
10181,1,97,2,162.89,0.00,97.73
10181,2,2,3,32.74,4.91,20.62
10182,1,100,4,167.00,33.40,110.22
10182,2,5,5,36.85,9.21,25.42
10183,1,103,6,171.11,8.55,123.19
10183,2,8,7,40.96,4.09,15.15
10184,1,106,8,175.22,26.28,70.08
10184,2,11,1,45.07,9.01,19.38
10185,1,109,2,179.33,44.83,82.49
10185,2,14,3,49.18,2.45,24.09
10186,1,112,4,183.44,18.34,95.38
10186,2,17,5,53.29,7.99,29.30
10187,1,3,6,34.11,6.82,19.78
10187,2,20,7,57.40,14.35,35.01
10188,1,6,8,38.22,1.91,24.46
10188,2,23,1,61.51,6.15,41.21
10189,1,9,2,42.33,6.34,29.63
10189,2,26,3,65.62,13.12,22.96
10190,1,12,4,46.44,11.61,17.64
10190,2,29,5,69.73,3.48,28.58
10191,1,15,6,50.55,5.05,22.24
10191,2,32,7,73.84,11.07,34.70
10192,1,18,8,54.66,10.93,27.33
10192,2,35,1,77.95,19.48,41.31
10193,1,21,2,58.77,2.93,32.91
10193,2,38,3,82.06,8.20,48.41
10194,1,24,4,62.88,9.43,38.98
10194,2,41,5,86.17,17.23,56.01
10195,1,27,6,66.99,16.74,45.55
10195,2,44,7,90.28,4.51,64.09
10196,1,30,8,71.10,7.11,25.59
10196,2,47,1,94.39,14.15,36.81
10197,1,33,2,75.21,15.04,31.58
10197,2,50,3,98.50,24.62,44.32
10198,1,36,4,79.32,3.96,38.07
10198,2,53,5,102.61,10.26,52.33
10199,1,39,6,83.43,12.51,45.05
10199,2,56,7,106.72,21.34,60.83
10200,1,42,8,87.54,21.88,52.52
10200,2,59,1,110.83,0.00,69.82
10201,1,45,2,91.65,0.00,60.48
10201,2,62,3,114.94,0.00,79.30
10202,1,48,4,95.76,0.00,68.94
10202,2,65,5,119.05,0.00,44.04
10203,1,51,6,99.87,0.00,39.94
10203,2,68,7,123.16,0.00,52.95
10204,1,54,8,103.98,0.00,47.83
10204,2,71,1,127.27,0.00,62.36
10205,1,57,2,108.09,0.00,56.20
10205,2,74,3,131.38,0.00,72.25
10206,1,60,4,112.20,0.00,65.07
10206,2,77,5,135.49,0.00,82.64
10207,1,63,6,116.31,0.00,74.43
10207,2,80,7,139.60,0.00,93.53
10208,1,66,8,120.42,0.00,84.29
10208,2,83,1,143.71,0.00,50.29
10209,1,69,2,124.53,0.00,47.32
10209,2,86,3,147.82,0.00,60.60
10210,1,72,4,128.64,0.00,56.60
10210,2,89,5,151.93,0.00,71.40
10211,1,75,6,132.75,0.00,66.37
10211,2,92,7,156.04,0.00,82.70
10212,1,78,8,136.86,0.00,76.64
10212,2,95,1,160.15,0.00,94.48
10213,1,81,2,140.97,0.00,87.40
10213,2,98,3,164.26,0.00,106.76
10214,1,84,4,145.08,0.00,98.65
10214,2,101,5,168.37,0.00,119.54
10215,1,87,6,149.19,0.00,53.70
10215,2,104,7,172.48,0.00,67.26
10216,1,90,8,153.30,0.00,64.38
10216,2,107,1,176.59,0.00,79.46
10217,1,93,2,157.41,0.00,75.55
10217,2,110,3,180.70,0.00,92.15
10218,1,96,4,161.52,0.00,87.22
10218,2,1,5,31.37,0.00,17.88
10219,1,99,6,165.63,0.00,99.37
10219,2,4,7,35.48,0.00,22.35
10220,1,102,8,169.74,0.00,112.02
10220,2,7,1,39.59,0.00,27.31
10221,1,105,2,173.85,0.00,125.17
10221,2,10,3,43.70,0.00,16.16
10222,1,108,4,177.96,0.00,71.18
10222,2,13,5,47.81,0.00,20.55
10223,1,111,6,182.07,0.00,83.75
10223,2,16,7,51.92,0.00,25.44
10224,1,2,8,32.74,0.00,17.02
10224,2,19,1,56.03,0.00,30.81
10225,1,5,2,36.85,0.00,21.37
10225,2,22,3,60.14,0.00,36.68
10226,1,8,4,40.96,0.00,26.21
10226,2,25,5,64.25,0.00,43.04
10227,1,11,6,45.07,0.00,31.54
10227,2,28,7,68.36,0.00,23.92
10228,1,14,8,49.18,0.00,18.68
10228,2,31,1,72.47,0.00,29.71
10229,1,17,2,53.29,0.00,23.44
10229,2,34,3,76.58,0.00,35.99
10230,1,20,4,57.40,0.00,28.70
10230,2,37,5,80.69,0.00,42.76
10231,1,23,6,61.51,0.00,34.44
10231,2,40,7,84.80,12.72,50.03
10232,1,26,8,65.62,13.12,40.68
10232,2,43,1,88.91,22.22,57.79
10233,1,29,2,69.73,3.48,47.41
10233,2,46,3,93.02,9.30,66.04
10234,1,32,4,73.84,11.07,26.58
10234,2,49,5,97.13,19.42,37.88
10235,1,35,6,77.95,19.48,32.73
10235,2,52,7,101.24,5.06,45.55
10236,1,38,8,82.06,8.20,39.38
10236,2,55,1,105.35,15.80,53.72
10237,1,41,2,86.17,17.23,46.53
10237,2,58,3,109.46,27.36,62.39
10238,1,44,4,90.28,4.51,54.16
10238,2,61,5,113.57,11.35,71.54
10239,1,47,6,94.39,14.15,62.29
10239,2,64,7,117.68,23.53,81.19
10240,1,50,8,98.50,24.62,70.92
10240,2,67,1,121.79,6.08,45.06
10241,1,53,2,102.61,10.26,41.04
10241,2,70,3,125.90,18.88,54.13
10242,1,56,4,106.72,21.34,49.09
10242,2,73,5,130.01,32.50,63.70
10243,1,59,6,110.83,5.54,57.63
10243,2,76,7,134.12,13.41,73.76
10244,1,62,8,114.94,17.24,66.66
10244,2,79,1,138.23,27.64,84.32
10245,1,65,2,119.05,29.76,76.19
10245,2,82,3,142.34,7.11,95.36
10246,1,68,4,123.16,12.31,86.21
10246,2,85,5,146.45,21.96,51.25
10247,1,71,6,127.27,25.45,48.36
10247,2,88,7,150.56,37.64,61.72
10248,1,74,8,131.38,6.56,57.80
10248,2,91,1,154.67,15.46,72.69
10249,1,77,2,135.49,20.32,67.74
10249,2,94,3,158.78,31.75,84.15
10250,1,80,4,139.60,34.90,78.17
10250,2,97,5,162.89,0.00,96.10
10251,1,83,6,143.71,0.00,89.10
10251,2,100,7,167.00,0.00,108.55
10252,1,86,8,147.82,0.00,100.51
10252,2,103,1,171.11,0.00,121.48
10253,1,89,2,151.93,0.00,54.69
10253,2,106,3,175.22,0.00,68.33
10254,1,92,4,156.04,0.00,65.53
10254,2,109,5,179.33,0.00,80.69
10255,1,95,6,160.15,0.00,76.87
10255,2,112,7,183.44,0.00,93.55
10256,1,98,8,164.26,0.00,88.70
10256,2,3,1,34.11,0.00,19.44
10257,1,101,2,168.37,0.00,101.02
10257,2,6,3,38.22,0.00,24.07
10258,1,104,4,172.48,0.00,113.83
10258,2,9,5,42.33,0.00,29.20
10259,1,107,6,176.59,0.00,127.14
10259,2,12,7,46.44,0.00,17.18
10260,1,110,8,180.70,0.00,72.28
10260,2,15,1,50.55,0.00,21.73
10261,1,1,2,31.37,0.00,14.43
10261,2,18,3,54.66,0.00,26.78
10262,1,4,4,35.48,0.00,18.44
10262,2,21,5,58.77,0.00,32.32
10263,1,7,6,39.59,0.00,22.96
10263,2,24,7,62.88,0.00,38.35
10264,1,10,8,43.70,0.00,27.96
10264,2,27,1,66.99,0.00,44.88
10265,1,13,2,47.81,0.00,33.46
10265,2,30,3,71.10,0.00,24.88
10266,1,16,4,51.92,0.00,19.72
10266,2,33,5,75.21,0.00,30.83
10267,1,19,6,56.03,0.00,24.65
10267,2,36,7,79.32,0.00,37.28
10268,1,22,8,60.14,0.00,30.07
10268,2,39,1,83.43,0.00,44.21
10269,1,25,2,64.25,0.00,35.98
10269,2,42,3,87.54,0.00,51.64
10270,1,28,4,68.36,0.00,42.38
10270,2,45,5,91.65,0.00,59.57
10271,1,31,6,72.47,0.00,49.27
10271,2,48,7,95.76,0.00,67.98
10272,1,34,8,76.58,0.00,27.56
10272,2,51,1,99.87,0.00,38.94
10273,1,37,2,80.69,0.00,33.88
10273,2,54,3,103.98,0.00,46.79
10274,1,40,4,84.80,0.00,40.70
10274,2,57,5,108.09,0.00,55.12
10275,1,43,6,88.91,0.00,48.01
10275,2,60,7,112.20,0.00,63.95
10276,1,46,8,93.02,0.00,55.81
10276,2,63,1,116.31,0.00,73.27
10277,1,49,2,97.13,0.00,64.10
10277,2,66,3,120.42,0.00,83.08
10278,1,52,4,101.24,0.00,72.89
10278,2,69,5,124.53,0.00,46.07
10279,1,55,6,105.35,0.00,42.14
10279,2,72,7,128.64,0.00,55.31
10280,1,58,8,109.46,0.00,50.35
10280,2,75,1,132.75,0.00,65.04
10281,1,61,2,113.57,0.00,59.05
10281,2,78,3,136.86,20.52,75.27
10282,1,64,4,117.68,23.53,68.25
10282,2,81,5,140.97,35.24,85.99
10283,1,67,6,121.79,6.08,77.94
10283,2,84,7,145.08,14.50,97.20
10284,1,70,8,125.90,18.88,88.13
10284,2,87,1,149.19,29.83,52.21
10285,1,73,2,130.01,32.50,49.40
10285,2,90,3,153.30,7.66,62.85
10286,1,76,4,134.12,13.41,59.01
10286,2,93,5,157.41,23.61,73.98
10287,1,79,6,138.23,27.64,69.11
10287,2,96,7,161.52,40.38,85.60
10288,1,82,8,142.34,7.11,79.71
10288,2,99,1,165.63,16.56,97.72
10289,1,85,2,146.45,21.96,90.79
10289,2,102,3,169.74,33.94,110.33
10290,1,88,4,150.56,37.64,102.38
10290,2,105,5,173.85,8.69,123.43
10291,1,91,6,154.67,15.46,55.68
10291,2,108,7,177.96,26.69,69.40
10292,1,94,8,158.78,31.75,66.68
10292,2,111,1,182.07,45.51,81.93
10293,1,97,2,162.89,8.14,78.18
10293,2,2,3,32.74,3.27,16.69
10294,1,100,4,167.00,25.05,90.18
10294,2,5,5,36.85,7.37,21.00
10295,1,103,6,171.11,42.77,102.66
10295,2,8,7,40.96,2.04,25.80
10296,1,106,8,175.22,17.52,115.64
10296,2,11,1,45.07,6.76,31.09
10297,1,109,2,179.33,35.86,129.11
10297,2,14,3,49.18,12.29,18.19
10298,1,112,4,183.44,9.17,73.37
10298,2,17,5,53.29,5.32,22.91
10299,1,3,6,34.11,5.11,15.69
10299,2,20,7,57.40,11.48,28.12
10300,1,6,8,38.22,9.55,19.87
10300,2,23,1,61.51,0.00,33.83
10301,1,9,2,42.33,0.00,24.55
10301,2,26,3,65.62,0.00,40.02
10302,1,12,4,46.44,0.00,29.72
10302,2,29,5,69.73,0.00,46.71
10303,1,15,6,50.55,0.00,35.38
10303,2,32,7,73.84,0.00,25.84
10304,1,18,8,54.66,0.00,20.77
10304,2,35,1,77.95,0.00,31.95
10305,1,21,2,58.77,0.00,25.85
10305,2,38,3,82.06,0.00,38.56
10306,1,24,4,62.88,0.00,31.44
10306,2,41,5,86.17,0.00,45.67
10307,1,27,6,66.99,0.00,37.51
10307,2,44,7,90.28,0.00,53.26
10308,1,30,8,71.10,0.00,44.08
10308,2,47,1,94.39,0.00,61.35
10309,1,33,2,75.21,0.00,51.14
10309,2,50,3,98.50,0.00,69.93
10310,1,36,4,79.32,0.00,28.55
10310,2,53,5,102.61,0.00,40.01
10311,1,39,6,83.43,0.00,35.04
10311,2,56,7,106.72,0.00,48.02
10312,1,42,8,87.54,0.00,42.01
10312,2,59,1,110.83,0.00,56.52
10313,1,45,2,91.65,0.00,49.49
10313,2,62,3,114.94,0.00,65.51
10314,1,48,4,95.76,0.00,57.45
10314,2,65,5,119.05,0.00,75.00
10315,1,51,6,99.87,0.00,65.91
10315,2,68,7,123.16,0.00,84.98
10316,1,54,8,103.98,0.00,74.86
10316,2,71,1,127.27,0.00,47.08
10317,1,57,2,108.09,0.00,43.23
10317,2,74,3,131.38,0.00,56.49
10318,1,60,4,112.20,0.00,51.61
10318,2,77,5,135.49,0.00,66.39
10319,1,63,6,116.31,0.00,60.48
10319,2,80,7,139.60,0.00,76.78
10320,1,66,8,120.42,0.00,69.84
10320,2,83,1,143.71,0.00,87.66
10321,1,69,2,124.53,0.00,79.69
10321,2,86,3,147.82,0.00,99.03
10322,1,72,4,128.64,0.00,90.04
10322,2,89,5,151.93,0.00,53.17
10323,1,75,6,132.75,0.00,50.44
10323,2,92,7,156.04,0.00,63.97
10324,1,78,8,136.86,0.00,60.21
10324,2,95,1,160.15,0.00,75.27
10325,1,81,2,140.97,0.00,70.48
10325,2,98,3,164.26,0.00,87.05
10326,1,84,4,145.08,0.00,81.24
10326,2,101,5,168.37,0.00,99.33
10327,1,87,6,149.19,0.00,92.49
10327,2,104,7,172.48,0.00,112.11
10328,1,90,8,153.30,0.00,104.24
10328,2,107,1,176.59,0.00,125.37
10329,1,93,2,157.41,0.00,56.66
10329,2,110,3,180.70,0.00,70.47
10330,1,96,4,161.52,0.00,67.83
10330,2,1,5,31.37,0.00,14.11
10331,1,99,6,165.63,0.00,79.50
10331,2,4,7,35.48,5.32,18.09
10332,1,102,8,169.74,33.94,91.65
10332,2,7,1,39.59,9.89,22.56
10333,1,105,2,173.85,8.69,104.31
10333,2,10,3,43.70,4.37,27.53
10334,1,108,4,177.96,26.69,117.45
10334,2,13,5,47.81,9.56,32.98
10335,1,111,6,182.07,45.51,131.09
10335,2,16,7,51.92,2.59,19.21
10336,1,2,8,32.74,3.27,13.09
10336,2,19,1,56.03,8.40,24.09
10337,1,5,2,36.85,7.37,16.95
10337,2,22,3,60.14,15.03,29.46
10338,1,8,4,40.96,2.04,21.29
10338,2,25,5,64.25,6.42,35.33
10339,1,11,6,45.07,6.76,26.14
10339,2,28,7,68.36,13.67,41.69
10340,1,14,8,49.18,12.29,31.47
10340,2,31,1,72.47,3.62,48.55
10341,1,17,2,53.29,5.32,37.30
10341,2,34,3,76.58,11.48,26.80
10342,1,20,4,57.40,11.48,21.81
10342,2,37,5,80.69,20.17,33.08
10343,1,23,6,61.51,3.07,27.06
10343,2,40,7,84.80,8.48,39.85
10344,1,26,8,65.62,9.84,32.81
10344,2,43,1,88.91,17.78,47.12
10345,1,29,2,69.73,17.43,39.04
10345,2,46,3,93.02,4.65,54.88
10346,1,32,4,73.84,7.38,45.78
10346,2,49,5,97.13,14.56,63.13
10347,1,35,6,77.95,15.59,53.00
10347,2,52,7,101.24,25.31,71.88
10348,1,38,8,82.06,4.10,29.54
10348,2,55,1,105.35,10.53,41.08
10349,1,41,2,86.17,12.92,36.19
10349,2,58,3,109.46,21.89,49.25
10350,1,44,4,90.28,22.57,43.33
10350,2,61,5,113.57,0.00,57.92
10351,1,47,6,94.39,0.00,50.97
10351,2,64,7,117.68,0.00,67.07
10352,1,50,8,98.50,0.00,59.10
10352,2,67,1,121.79,0.00,76.72
10353,1,53,2,102.61,0.00,67.72
10353,2,70,3,125.90,0.00,86.87
10354,1,56,4,106.72,0.00,76.83
10354,2,73,5,130.01,0.00,48.10
10355,1,59,6,110.83,0.00,44.33
10355,2,76,7,134.12,0.00,57.67
10356,1,62,8,114.94,0.00,52.87
10356,2,79,1,138.23,0.00,67.73
10357,1,65,2,119.05,0.00,61.90
10357,2,82,3,142.34,0.00,78.28
10358,1,68,4,123.16,0.00,71.43
10358,2,85,5,146.45,0.00,89.33
10359,1,71,6,127.27,0.00,81.45
10359,2,88,7,150.56,0.00,100.87
10360,1,74,8,131.38,0.00,91.96
10360,2,91,1,154.67,0.00,54.13
10361,1,77,2,135.49,0.00,51.48
10361,2,94,3,158.78,0.00,65.09
10362,1,80,4,139.60,0.00,61.42
10362,2,97,5,162.89,0.00,76.55
10363,1,83,6,143.71,0.00,71.85
10363,2,100,7,167.00,0.00,88.51
10364,1,86,8,147.82,0.00,82.77
10364,2,103,1,171.11,0.00,100.95
10365,1,89,2,151.93,0.00,94.19
10365,2,106,3,175.22,0.00,113.89
10366,1,92,4,156.04,0.00,106.10
10366,2,109,5,179.33,0.00,127.32
10367,1,95,6,160.15,0.00,57.65
10367,2,112,7,183.44,0.00,71.54
10368,1,98,8,164.26,0.00,68.98
10368,2,3,1,34.11,0.00,15.34
10369,1,101,2,168.37,0.00,80.81
10369,2,6,3,38.22,0.00,19.49
10370,1,104,4,172.48,0.00,93.13
10370,2,9,5,42.33,0.00,24.12
10371,1,107,6,176.59,0.00,105.95
10371,2,12,7,46.44,0.00,29.25
10372,1,110,8,180.70,0.00,119.26
10372,2,15,1,50.55,0.00,34.87
10373,1,1,2,31.37,0.00,22.58
10373,2,18,3,54.66,0.00,20.22
10374,1,4,4,35.48,0.00,14.19
10374,2,21,5,58.77,0.00,25.27
10375,1,7,6,39.59,0.00,18.21
10375,2,24,7,62.88,0.00,30.81
10376,1,10,8,43.70,0.00,22.72
10376,2,27,1,66.99,0.00,36.84
10377,1,13,2,47.81,0.00,27.72
10377,2,30,3,71.10,0.00,43.37
10378,1,16,4,51.92,0.00,33.22
10378,2,33,5,75.21,0.00,50.39
10379,1,19,6,56.03,0.00,39.22
10379,2,36,7,79.32,0.00,27.76
10380,1,22,8,60.14,0.00,22.85
10380,2,39,1,83.43,0.00,34.20
10381,1,25,2,64.25,0.00,28.27
10381,2,42,3,87.54,13.13,41.14
10382,1,28,4,68.36,13.67,34.18
10382,2,45,5,91.65,22.91,48.57
10383,1,31,6,72.47,3.62,40.58
10383,2,48,7,95.76,9.57,56.49
10384,1,34,8,76.58,11.48,47.47
10384,2,51,1,99.87,19.97,64.91
10385,1,37,2,80.69,20.17,54.86
10385,2,54,3,103.98,5.19,73.82
10386,1,40,4,84.80,8.48,30.52
10386,2,57,5,108.09,16.21,42.15
10387,1,43,6,88.91,17.78,37.34
10387,2,60,7,112.20,28.05,50.49
10388,1,46,8,93.02,4.65,44.64
10388,2,63,1,116.31,11.63,59.31
10389,1,49,2,97.13,14.56,52.45
10389,2,66,3,120.42,24.08,68.63
10390,1,52,4,101.24,25.31,60.74
10390,2,69,5,124.53,6.22,78.45
10391,1,55,6,105.35,10.53,69.53
10391,2,72,7,128.64,19.29,88.76
10392,1,58,8,109.46,21.89,78.81
10392,2,75,1,132.75,33.18,49.11
10393,1,61,2,113.57,5.67,45.42
10393,2,78,3,136.86,13.68,58.84
10394,1,64,4,117.68,17.65,54.13
10394,2,81,5,140.97,28.19,69.07
10395,1,67,6,121.79,30.44,63.33
10395,2,84,7,145.08,7.25,79.79
10396,1,70,8,125.90,12.59,73.02
10396,2,87,1,149.19,22.37,91.00
10397,1,73,2,130.01,26.00,83.20
10397,2,90,3,153.30,38.32,102.71
10398,1,76,4,134.12,6.70,93.88
10398,2,93,5,157.41,15.74,55.09
10399,1,79,6,138.23,20.73,52.52
10399,2,96,7,161.52,32.30,66.22
10400,1,82,8,142.34,35.58,62.62
10400,2,99,1,165.63,0.00,77.84
10401,1,85,2,146.45,0.00,73.22
10401,2,102,3,169.74,0.00,89.96
10402,1,88,4,150.56,0.00,84.31
10402,2,105,5,173.85,0.00,102.57
10403,1,91,6,154.67,0.00,95.89
10403,2,108,7,177.96,0.00,115.67
10404,1,94,8,158.78,0.00,107.97
10404,2,111,1,182.07,0.00,129.26
10405,1,97,2,162.89,0.00,58.64
10405,2,2,3,32.74,0.00,12.76
10406,1,100,4,167.00,0.00,70.14
10406,2,5,5,36.85,0.00,16.58
10407,1,103,6,171.11,0.00,82.13
10407,2,8,7,40.96,0.00,20.88
10408,1,106,8,175.22,0.00,94.61
10408,2,11,1,45.07,0.00,25.68
10409,1,109,2,179.33,0.00,107.59
10409,2,14,3,49.18,0.00,30.98
10410,1,112,4,183.44,0.00,121.07
10410,2,17,5,53.29,0.00,36.77
10411,1,3,6,34.11,0.00,24.55
10411,2,20,7,57.40,0.00,21.23
10412,1,6,8,38.22,0.00,15.28
10412,2,23,1,61.51,0.00,26.44
10413,1,9,2,42.33,0.00,19.47
10413,2,26,3,65.62,0.00,32.15
10414,1,12,4,46.44,0.00,24.14
10414,2,29,5,69.73,0.00,38.35
10415,1,15,6,50.55,0.00,29.31
10415,2,32,7,73.84,0.00,45.04
10416,1,18,8,54.66,0.00,34.98
10416,2,35,1,77.95,0.00,52.22
10417,1,21,2,58.77,0.00,41.13
10417,2,38,3,82.06,0.00,28.72
10418,1,24,4,62.88,0.00,23.89
10418,2,41,5,86.17,0.00,35.32
10419,1,27,6,66.99,0.00,29.47
10419,2,44,7,90.28,0.00,42.43
10420,1,30,8,71.10,0.00,35.55
10420,2,47,1,94.39,0.00,50.02
10421,1,33,2,75.21,0.00,42.11
10421,2,50,3,98.50,0.00,58.11
10422,1,36,4,79.32,0.00,49.17
10422,2,53,5,102.61,0.00,66.69
10423,1,39,6,83.43,0.00,56.73
10423,2,56,7,106.72,0.00,75.77
10424,1,42,8,87.54,0.00,31.51
10424,2,59,1,110.83,0.00,43.22
10425,1,45,2,91.65,0.00,38.49
10425,2,62,3,114.94,0.00,51.72
10426,1,48,4,95.76,0.00,45.96
10426,2,65,5,119.05,0.00,60.71
10427,1,51,6,99.87,0.00,53.92
10427,2,68,7,123.16,0.00,70.20
10428,1,54,8,103.98,0.00,62.38
10428,2,71,1,127.27,0.00,80.18
10429,1,57,2,108.09,0.00,71.33
10429,2,74,3,131.38,0.00,90.65
10430,1,60,4,112.20,0.00,80.78
10430,2,77,5,135.49,0.00,50.13
10431,1,63,6,116.31,0.00,46.52
10431,2,80,7,139.60,20.94,60.02
10432,1,66,8,120.42,24.08,55.39
10432,2,83,1,143.71,35.92,70.41
10433,1,69,2,124.53,6.22,64.75
10433,2,86,3,147.82,14.78,81.30
10434,1,72,4,128.64,19.29,74.61
10434,2,89,5,151.93,30.38,92.67
10435,1,75,6,132.75,33.18,84.96
10435,2,92,7,156.04,7.80,104.54
10436,1,78,8,136.86,13.68,95.80
10436,2,95,1,160.15,24.02,56.05
10437,1,81,2,140.97,28.19,53.56
10437,2,98,3,164.26,41.06,67.34
10438,1,84,4,145.08,7.25,63.83
10438,2,101,5,168.37,16.83,79.13
10439,1,87,6,149.19,22.37,74.59
10439,2,104,7,172.48,34.49,91.41
10440,1,90,8,153.30,38.32,85.84
10440,2,107,1,176.59,8.82,104.18
10441,1,93,2,157.41,15.74,97.59
10441,2,110,3,180.70,27.10,117.45
10442,1,96,4,161.52,32.30,109.83
10442,2,1,5,31.37,7.84,22.27
10443,1,99,6,165.63,8.28,59.62
10443,2,4,7,35.48,3.54,13.83
10444,1,102,8,169.74,25.46,71.29
10444,2,7,1,39.59,7.91,17.81
10445,1,105,2,173.85,43.46,83.44
10445,2,10,3,43.70,2.18,22.28
10446,1,108,4,177.96,17.79,96.09
10446,2,13,5,47.81,7.17,27.25
10447,1,111,6,182.07,36.41,109.24
10447,2,16,7,51.92,12.98,32.70
10448,1,2,8,32.74,1.63,21.60
10448,2,19,1,56.03,5.60,38.66
10449,1,5,2,36.85,5.52,26.53
10449,2,22,3,60.14,12.02,22.25
10450,1,8,4,40.96,10.24,16.38
10450,2,25,5,64.25,0.00,27.62
10451,1,11,6,45.07,0.00,20.73
10451,2,28,7,68.36,0.00,33.49
10452,1,14,8,49.18,0.00,25.57
10452,2,31,1,72.47,0.00,39.85
10453,1,17,2,53.29,0.00,30.90
10453,2,34,3,76.58,0.00,46.71
10454,1,20,4,57.40,0.00,36.73
10454,2,37,5,80.69,0.00,54.06
10455,1,23,6,61.51,0.00,43.05
10455,2,40,7,84.80,0.00,29.68
10456,1,26,8,65.62,0.00,24.93
10456,2,43,1,88.91,0.00,36.45
10457,1,29,2,69.73,0.00,30.68
10457,2,46,3,93.02,0.00,43.71
10458,1,32,4,73.84,0.00,36.92
10458,2,49,5,97.13,0.00,51.47
10459,1,35,6,77.95,0.00,43.65
10459,2,52,7,101.24,0.00,59.73
10460,1,38,8,82.06,0.00,50.87
10460,2,55,1,105.35,0.00,68.47
10461,1,41,2,86.17,0.00,58.59
10461,2,58,3,109.46,0.00,77.71
10462,1,44,4,90.28,0.00,32.50
10462,2,61,5,113.57,0.00,44.29
10463,1,47,6,94.39,0.00,39.64
10463,2,64,7,117.68,0.00,52.95
10464,1,50,8,98.50,0.00,47.28
10464,2,67,1,121.79,0.00,62.11
10465,1,53,2,102.61,0.00,55.40
10465,2,70,3,125.90,0.00,71.76
10466,1,56,4,106.72,0.00,64.03
10466,2,73,5,130.01,0.00,81.90
10467,1,59,6,110.83,0.00,73.14
10467,2,76,7,134.12,0.00,92.54
10468,1,62,8,114.94,0.00,82.75
10468,2,79,1,138.23,0.00,51.14
10469,1,65,2,119.05,0.00,47.62
10469,2,82,3,142.34,0.00,61.20
10470,1,68,4,123.16,0.00,56.65
10470,2,85,5,146.45,0.00,71.76
10471,1,71,6,127.27,0.00,66.18
10471,2,88,7,150.56,0.00,82.80
10472,1,74,8,131.38,0.00,76.20
10472,2,91,1,154.67,0.00,94.34
10473,1,77,2,135.49,0.00,86.71
10473,2,94,3,158.78,0.00,106.38
10474,1,80,4,139.60,0.00,97.72
10474,2,97,5,162.89,0.00,57.01
10475,1,83,6,143.71,0.00,54.60
10475,2,100,7,167.00,0.00,68.47
10476,1,86,8,147.82,0.00,65.04
10476,2,103,1,171.11,0.00,80.42
10477,1,89,2,151.93,0.00,75.96
10477,2,106,3,175.22,0.00,92.86
10478,1,92,4,156.04,0.00,87.38
10478,2,109,5,179.33,0.00,105.80
10479,1,95,6,160.15,0.00,99.29
10479,2,112,7,183.44,0.00,119.23
10480,1,98,8,164.26,0.00,111.69
10480,2,3,1,34.11,0.00,24.21
10481,1,101,2,168.37,0.00,60.61
10481,2,6,3,38.22,5.73,14.90
10482,1,104,4,172.48,34.49,72.44
10482,2,9,5,42.33,10.58,19.04
10483,1,107,6,176.59,8.82,84.76
10483,2,12,7,46.44,4.64,23.68
10484,1,110,8,180.70,27.10,97.57
10484,2,15,1,50.55,10.11,28.81
10485,1,1,2,31.37,7.84,18.82
10485,2,18,3,54.66,2.73,34.43
10486,1,4,4,35.48,3.54,23.41
10486,2,21,5,58.77,8.81,40.55
10487,1,7,6,39.59,7.91,28.50
10487,2,24,7,62.88,15.72,23.26
10488,1,10,8,43.70,2.18,17.48
10488,2,27,1,66.99,6.69,28.80
10489,1,13,2,47.81,7.17,21.99
10489,2,30,3,71.10,14.22,34.83
10490,1,16,4,51.92,12.98,26.99
10490,2,33,5,75.21,3.76,41.36
10491,1,19,6,56.03,5.60,32.49
10491,2,36,7,79.32,11.89,48.38
10492,1,22,8,60.14,12.02,38.48
10492,2,39,1,83.43,20.85,55.89
10493,1,25,2,64.25,3.21,44.97
10493,2,42,3,87.54,8.75,30.63
10494,1,28,4,68.36,10.25,25.97
10494,2,45,5,91.65,18.33,37.57
10495,1,31,6,72.47,18.11,31.88
10495,2,48,7,95.76,4.78,45.00
10496,1,34,8,76.58,7.65,38.29
10496,2,51,1,99.87,14.98,52.93
10497,1,37,2,80.69,16.13,45.18
10497,2,54,3,103.98,25.99,61.34
10498,1,40,4,84.80,4.24,52.57
10498,2,57,5,108.09,10.80,70.25
10499,1,43,6,88.91,13.33,60.45
10499,2,60,7,112.20,22.44,79.66
10500,1,46,8,93.02,23.25,33.48
10500,2,63,1,116.31,0.00,45.36
10501,1,49,2,97.13,0.00,40.79
10501,2,66,3,120.42,0.00,54.18
10502,1,52,4,101.24,0.00,48.59
10502,2,69,5,124.53,0.00,63.51
10503,1,55,6,105.35,0.00,56.88
10503,2,72,7,128.64,0.00,73.32
10504,1,58,8,109.46,0.00,65.67
10504,2,75,1,132.75,0.00,83.63
10505,1,61,2,113.57,0.00,74.95
10505,2,78,3,136.86,0.00,94.43
10506,1,64,4,117.68,0.00,84.72
10506,2,81,5,140.97,0.00,52.15
10507,1,67,6,121.79,0.00,48.71
10507,2,84,7,145.08,0.00,62.38
10508,1,70,8,125.90,0.00,57.91
10508,2,87,1,149.19,0.00,73.10
10509,1,73,2,130.01,0.00,67.60
10509,2,90,3,153.30,0.00,84.31
10510,1,76,4,134.12,0.00,77.78
10510,2,93,5,157.41,0.00,96.02
10511,1,79,6,138.23,0.00,88.46
10511,2,96,7,161.52,0.00,108.21
10512,1,82,8,142.34,0.00,99.63
10512,2,99,1,165.63,0.00,57.97
10513,1,85,2,146.45,0.00,55.65
10513,2,102,3,169.74,0.00,69.59
10514,1,88,4,150.56,0.00,66.24
10514,2,105,5,173.85,0.00,81.70
10515,1,91,6,154.67,0.00,77.33
10515,2,108,7,177.96,0.00,94.31
10516,1,94,8,158.78,0.00,88.91
10516,2,111,1,182.07,0.00,107.42
10517,1,97,2,162.89,0.00,100.99
10517,2,2,3,32.74,0.00,21.28
10518,1,100,4,167.00,0.00,113.56
10518,2,5,5,36.85,0.00,26.16
10519,1,103,6,171.11,0.00,61.59
10519,2,8,7,40.96,0.00,15.97
10520,1,106,8,175.22,0.00,73.59
10520,2,11,1,45.07,0.00,20.28
10521,1,109,2,179.33,0.00,86.07
10521,2,14,3,49.18,0.00,25.08
10522,1,112,4,183.44,0.00,99.05
10522,2,17,5,53.29,0.00,30.37
10523,1,3,6,34.11,0.00,20.46
10523,2,20,7,57.40,0.00,36.16
10524,1,6,8,38.22,0.00,25.22
10524,2,23,1,61.51,0.00,42.44
10525,1,9,2,42.33,0.00,30.47
10525,2,26,3,65.62,0.00,24.27
10526,1,12,4,46.44,0.00,18.57
10526,2,29,5,69.73,0.00,29.98
10527,1,15,6,50.55,0.00,23.25
10527,2,32,7,73.84,0.00,36.18
10528,1,18,8,54.66,0.00,28.42
10528,2,35,1,77.95,0.00,42.87
10529,1,21,2,58.77,0.00,34.08
10529,2,38,3,82.06,0.00,50.05
10530,1,24,4,62.88,0.00,40.24
10530,2,41,5,86.17,0.00,57.73
10531,1,27,6,66.99,0.00,46.89
10531,2,44,7,90.28,13.54,31.59
10532,1,30,8,71.10,14.22,27.01
10532,2,47,1,94.39,23.59,38.69
10533,1,33,2,75.21,3.76,33.09
10533,2,50,3,98.50,9.85,46.29
10534,1,36,4,79.32,11.89,39.66
10534,2,53,5,102.61,20.52,54.38
10535,1,39,6,83.43,20.85,46.72
10535,2,56,7,106.72,5.33,62.96
10536,1,42,8,87.54,8.75,54.27
10536,2,59,1,110.83,16.62,72.03
10537,1,45,2,91.65,18.33,62.32
10537,2,62,3,114.94,28.73,81.60
10538,1,48,4,95.76,4.78,34.47
10538,2,65,5,119.05,11.90,46.42
10539,1,51,6,99.87,14.98,41.94
10539,2,68,7,123.16,24.63,55.42
10540,1,54,8,103.98,25.99,49.91
10540,2,71,1,127.27,6.36,64.90
10541,1,57,2,108.09,10.80,58.36
10541,2,74,3,131.38,19.70,74.88
10542,1,60,4,112.20,22.44,67.32
10542,2,77,5,135.49,33.87,85.35
10543,1,63,6,116.31,5.81,76.76
10543,2,80,7,139.60,13.96,96.32
10544,1,66,8,120.42,18.06,86.70
10544,2,83,1,143.71,28.74,53.17
10545,1,69,2,124.53,31.13,49.81
10545,2,86,3,147.82,7.39,63.56
10546,1,72,4,128.64,12.86,59.17
10546,2,89,5,151.93,22.78,74.44
10547,1,75,6,132.75,26.55,69.03
10547,2,92,7,156.04,39.01,85.82
10548,1,78,8,136.86,6.84,79.37
10548,2,95,1,160.15,16.01,97.69
10549,1,81,2,140.97,21.14,90.22
10549,2,98,3,164.26,32.85,110.05
10550,1,84,4,145.08,36.27,101.55
10550,2,101,5,168.37,0.00,58.92
10551,1,87,6,149.19,0.00,56.69
10551,2,104,7,172.48,0.00,70.71
10552,1,90,8,153.30,0.00,67.45
10552,2,107,1,176.59,0.00,82.99
10553,1,93,2,157.41,0.00,78.70
10553,2,110,3,180.70,0.00,95.77
10554,1,96,4,161.52,0.00,90.45
10554,2,1,5,31.37,0.00,18.50
10555,1,99,6,165.63,0.00,102.69
10555,2,4,7,35.48,0.00,23.06
10556,1,102,8,169.74,0.00,115.42
10556,2,7,1,39.59,0.00,28.10
10557,1,105,2,173.85,0.00,62.58
10557,2,10,3,43.70,0.00,17.04
10558,1,108,4,177.96,0.00,74.74
10558,2,13,5,47.81,0.00,21.51
10559,1,111,6,182.07,0.00,87.39
10559,2,16,7,51.92,0.00,26.47
10560,1,2,8,32.74,0.00,17.67
10560,2,19,1,56.03,0.00,31.93
10561,1,5,2,36.85,0.00,22.11
10561,2,22,3,60.14,0.00,37.88
10562,1,8,4,40.96,0.00,27.03
10562,2,25,5,64.25,0.00,44.33
10563,1,11,6,45.07,0.00,32.45
10563,2,28,7,68.36,0.00,25.29
10564,1,14,8,49.18,0.00,19.67
10564,2,31,1,72.47,0.00,31.16
10565,1,17,2,53.29,0.00,24.51
10565,2,34,3,76.58,0.00,37.52
10566,1,20,4,57.40,0.00,29.84
10566,2,37,5,80.69,0.00,44.37
10567,1,23,6,61.51,0.00,35.67
10567,2,40,7,84.80,0.00,51.72
10568,1,26,8,65.62,0.00,41.99
10568,2,43,1,88.91,0.00,59.56
10569,1,29,2,69.73,0.00,48.81
10569,2,46,3,93.02,0.00,32.55
10570,1,32,4,73.84,0.00,28.05
10570,2,49,5,97.13,0.00,39.82
10571,1,35,6,77.95,0.00,34.29
10571,2,52,7,101.24,0.00,47.58
10572,1,38,8,82.06,0.00,41.03
10572,2,55,1,105.35,0.00,55.83
10573,1,41,2,86.17,0.00,48.25
10573,2,58,3,109.46,0.00,64.58
10574,1,44,4,90.28,0.00,55.97
10574,2,61,5,113.57,0.00,73.82
10575,1,47,6,94.39,0.00,64.18
10575,2,64,7,117.68,0.00,83.55
10576,1,50,8,98.50,0.00,35.46
10576,2,67,1,121.79,0.00,47.49
10577,1,53,2,102.61,0.00,43.09
10577,2,70,3,125.90,0.00,56.65
10578,1,56,4,106.72,0.00,51.22
10578,2,73,5,130.01,0.00,66.30
10579,1,59,6,110.83,0.00,59.84
10579,2,76,7,134.12,0.00,76.44
10580,1,62,8,114.94,0.00,68.96
10580,2,79,1,138.23,0.00,87.08
10581,1,65,2,119.05,0.00,78.57
10581,2,82,3,142.34,21.35,98.21
10582,1,68,4,123.16,24.63,88.67
10582,2,85,5,146.45,36.61,54.18
10583,1,71,6,127.27,6.36,50.90
10583,2,88,7,150.56,15.05,64.74
10584,1,74,8,131.38,19.70,60.43
10584,2,91,1,154.67,30.93,75.78
10585,1,77,2,135.49,33.87,70.45
10585,2,94,3,158.78,7.93,87.32
10586,1,80,4,139.60,13.96,80.96
10586,2,97,5,162.89,24.43,99.36
10587,1,83,6,143.71,28.74,91.97
10587,2,100,7,167.00,41.75,111.89
10588,1,86,8,147.82,7.39,103.47
10588,2,103,1,171.11,17.11,59.88
10589,1,89,2,151.93,22.78,57.73
10589,2,106,3,175.22,35.04,71.84
10590,1,92,4,156.04,39.01,68.65
10590,2,109,5,179.33,8.96,84.28
10591,1,95,6,160.15,16.01,80.07
10591,2,112,7,183.44,27.51,97.22
10592,1,98,8,164.26,32.85,91.98
10592,2,3,1,34.11,8.52,20.12
10593,1,101,2,168.37,8.41,104.38
10593,2,6,3,38.22,3.82,24.84
10594,1,104,4,172.48,25.87,117.28
10594,2,9,5,42.33,8.46,30.05
10595,1,107,6,176.59,44.14,63.57
10595,2,12,7,46.44,2.32,18.11
10596,1,110,8,180.70,18.07,75.89
10596,2,15,1,50.55,7.58,22.74
10597,1,1,2,31.37,6.27,15.05
10597,2,18,3,54.66,13.66,27.87
10598,1,4,4,35.48,1.77,19.15
10598,2,21,5,58.77,5.87,33.49
10599,1,7,6,39.59,5.93,23.75
10599,2,24,7,62.88,12.57,39.61
10600,1,10,8,43.70,10.92,28.84
10600,2,27,1,66.99,0.00,46.22
10601,1,13,2,47.81,0.00,34.42
10601,2,30,3,71.10,0.00,26.30
10602,1,16,4,51.92,0.00,20.76
10602,2,33,5,75.21,0.00,32.34
10603,1,19,6,56.03,0.00,25.77
10603,2,36,7,79.32,0.00,38.86
10604,1,22,8,60.14,0.00,31.27
10604,2,39,1,83.43,0.00,45.88
10605,1,25,2,64.25,0.00,37.26
10605,2,42,3,87.54,0.00,53.39
10606,1,28,4,68.36,0.00,43.75
10606,2,45,5,91.65,0.00,61.40
10607,1,31,6,72.47,0.00,50.72
10607,2,48,7,95.76,0.00,33.51
10608,1,34,8,76.58,0.00,29.10
10608,2,51,1,99.87,0.00,40.94
10609,1,37,2,80.69,0.00,35.50
10609,2,54,3,103.98,0.00,48.87
10610,1,40,4,84.80,0.00,42.40
10610,2,57,5,108.09,0.00,57.28
10611,1,43,6,88.91,0.00,49.78
10611,2,60,7,112.20,0.00,66.19
10612,1,46,8,93.02,0.00,57.67
10612,2,63,1,116.31,0.00,75.60
10613,1,49,2,97.13,0.00,66.04
10613,2,66,3,120.42,0.00,85.49
10614,1,52,4,101.24,0.00,36.44
10614,2,69,5,124.53,0.00,48.56
10615,1,55,6,105.35,0.00,44.24
10615,2,72,7,128.64,0.00,57.88
10616,1,58,8,109.46,0.00,52.54
10616,2,75,1,132.75,0.00,67.70
10617,1,61,2,113.57,0.00,61.32
10617,2,78,3,136.86,0.00,78.01
10618,1,64,4,117.68,0.00,70.60
10618,2,81,5,140.97,0.00,88.81
10619,1,67,6,121.79,0.00,80.38
10619,2,84,7,145.08,0.00,100.10
10620,1,70,8,125.90,0.00,90.64
10620,2,87,1,149.19,0.00,55.20
10621,1,73,2,130.01,0.00,52.00
10621,2,90,3,153.30,0.00,65.91
10622,1,76,4,134.12,0.00,61.69
10622,2,93,5,157.41,0.00,77.13
10623,1,79,6,138.23,0.00,71.87
10623,2,96,7,161.52,0.00,88.83
10624,1,82,8,142.34,0.00,82.55
10624,2,99,1,165.63,0.00,101.03
10625,1,85,2,146.45,0.00,93.72
10625,2,102,3,169.74,0.00,113.72
10626,1,88,4,150.56,0.00,105.39
10626,2,105,5,173.85,0.00,60.84
10627,1,91,6,154.67,0.00,58.77
10627,2,108,7,177.96,0.00,72.96
10628,1,94,8,158.78,0.00,69.86
10628,2,111,1,182.07,0.00,85.57
10629,1,97,2,162.89,0.00,81.44
10629,2,2,3,32.74,0.00,17.35
10630,1,100,4,167.00,0.00,93.52
10630,2,5,5,36.85,0.00,21.74
10631,1,103,6,171.11,0.00,106.08
10631,2,8,7,40.96,6.14,26.62
10632,1,106,8,175.22,35.04,119.14
10632,2,11,1,45.07,11.26,31.99
10633,1,109,2,179.33,8.96,64.55
10633,2,14,3,49.18,4.91,19.18
10634,1,112,4,183.44,27.51,77.04
10634,2,17,5,53.29,10.65,23.98
10635,1,3,6,34.11,8.52,16.37
10635,2,20,7,57.40,2.87,29.27
10636,1,6,8,38.22,3.82,20.63
10636,2,23,1,61.51,9.22,35.06
10637,1,9,2,42.33,8.46,25.39
10637,2,26,3,65.62,16.40,41.34
10638,1,12,4,46.44,2.32,30.65
10638,2,29,5,69.73,6.97,48.11
10639,1,15,6,50.55,7.58,36.39
10639,2,32,7,73.84,14.76,27.32
10640,1,18,8,54.66,13.66,21.86
10640,2,35,1,77.95,3.89,33.51
10641,1,21,2,58.77,5.87,27.03
10641,2,38,3,82.06,12.30,40.20
10642,1,24,4,62.88,12.57,32.69
10642,2,41,5,86.17,21.54,47.39
10643,1,27,6,66.99,3.34,38.85
10643,2,44,7,90.28,9.02,55.07
10644,1,30,8,71.10,10.66,45.50
10644,2,47,1,94.39,18.87,63.24
10645,1,33,2,75.21,18.80,52.64
10645,2,50,3,98.50,4.92,34.47
10646,1,36,4,79.32,7.93,30.14
10646,2,53,5,102.61,15.39,42.07
10647,1,39,6,83.43,16.68,36.70
10647,2,56,7,106.72,26.68,50.15
10648,1,42,8,87.54,4.37,43.77
10648,2,59,1,110.83,11.08,58.73
10649,1,45,2,91.65,13.74,51.32
10649,2,62,3,114.94,22.98,67.81
10650,1,48,4,95.76,23.94,59.37
10650,2,65,5,119.05,0.00,77.38
10651,1,51,6,99.87,0.00,67.91
10651,2,68,7,123.16,0.00,87.44
10652,1,54,8,103.98,0.00,37.43
10652,2,71,1,127.27,0.00,49.63
10653,1,57,2,108.09,0.00,45.39
10653,2,74,3,131.38,0.00,59.12
10654,1,60,4,112.20,0.00,53.85
10654,2,77,5,135.49,0.00,69.09
10655,1,63,6,116.31,0.00,62.80
10655,2,80,7,139.60,0.00,79.57
10656,1,66,8,120.42,0.00,72.25
10656,2,83,1,143.71,0.00,90.53
10657,1,69,2,124.53,0.00,82.18
10657,2,86,3,147.82,0.00,101.99
10658,1,72,4,128.64,0.00,92.62
10658,2,89,5,151.93,0.00,56.21
10659,1,75,6,132.75,0.00,53.10
10659,2,92,7,156.04,0.00,67.09
10660,1,78,8,136.86,0.00,62.95
10660,2,95,1,160.15,0.00,78.47
10661,1,81,2,140.97,0.00,73.30
10661,2,98,3,164.26,0.00,90.34
10662,1,84,4,145.08,0.00,84.14
10662,2,101,5,168.37,0.00,102.70
10663,1,87,6,149.19,0.00,95.48
10663,2,104,7,172.48,0.00,115.56
10664,1,90,8,153.30,0.00,107.31
10664,2,107,1,176.59,0.00,61.80
10665,1,93,2,157.41,0.00,59.81
10665,2,110,3,180.70,0.00,74.08
10666,1,96,4,161.52,0.00,71.06
10666,2,1,5,31.37,0.00,14.74
10667,1,99,6,165.63,0.00,82.81
10667,2,4,7,35.48,0.00,18.80
10668,1,102,8,169.74,0.00,95.05
10668,2,7,1,39.59,0.00,23.35
10669,1,105,2,173.85,0.00,107.78
10669,2,10,3,43.70,0.00,28.40
10670,1,108,4,177.96,0.00,121.01
10670,2,13,5,47.81,0.00,33.94
10671,1,111,6,182.07,0.00,65.54
10671,2,16,7,51.92,0.00,20.24
10672,1,2,8,32.74,0.00,13.75
10672,2,19,1,56.03,0.00,25.21
10673,1,5,2,36.85,0.00,17.68
10673,2,22,3,60.14,0.00,30.67
10674,1,8,4,40.96,0.00,22.11
10674,2,25,5,64.25,0.00,36.62
10675,1,11,6,45.07,0.00,27.04
10675,2,28,7,68.36,0.00,43.06
10676,1,14,8,49.18,0.00,32.45
10676,2,31,1,72.47,0.00,50.00
10677,1,17,2,53.29,0.00,38.36
10677,2,34,3,76.58,0.00,28.33
10678,1,20,4,57.40,0.00,22.96
10678,2,37,5,80.69,0.00,34.69
10679,1,23,6,61.51,0.00,28.29
10679,2,40,7,84.80,0.00,41.55
10680,1,26,8,65.62,0.00,34.12
10680,2,43,1,88.91,0.00,48.90
10681,1,29,2,69.73,0.00,40.44
10681,2,46,3,93.02,13.95,56.74
10682,1,32,4,73.84,14.76,47.25
10682,2,49,5,97.13,24.28,65.07
10683,1,35,6,77.95,3.89,54.56
10683,2,52,7,101.24,10.12,35.43
10684,1,38,8,82.06,12.30,31.18
10684,2,55,1,105.35,21.07,43.19
10685,1,41,2,86.17,21.54,37.91
10685,2,58,3,109.46,5.47,51.44
10686,1,44,4,90.28,9.02,45.14
10686,2,61,5,113.57,17.03,60.19
10687,1,47,6,94.39,18.87,52.85
10687,2,64,7,117.68,29.42,69.43
10688,1,50,8,98.50,4.92,61.07
10688,2,67,1,121.79,12.17,79.16
10689,1,53,2,102.61,15.39,69.77
10689,2,70,3,125.90,25.18,89.38
10690,1,56,4,106.72,26.68,38.41
10690,2,73,5,130.01,6.50,50.70
10691,1,59,6,110.83,11.08,46.54
10691,2,76,7,134.12,20.11,60.35
10692,1,62,8,114.94,22.98,55.17
10692,2,79,1,138.23,34.55,70.49
10693,1,65,2,119.05,5.95,64.28
10693,2,82,3,142.34,14.23,81.13
10694,1,68,4,123.16,18.47,73.89
10694,2,85,5,146.45,29.29,92.26
10695,1,71,6,127.27,31.81,83.99
10695,2,88,7,150.56,7.52,103.88
10696,1,74,8,131.38,13.13,94.59
10696,2,91,1,154.67,23.20,57.22
10697,1,77,2,135.49,27.09,54.19
10697,2,94,3,158.78,39.69,68.27
10698,1,80,4,139.60,6.98,64.21
10698,2,97,5,162.89,16.28,79.81
10699,1,83,6,143.71,21.55,74.72
10699,2,100,7,167.00,33.40,91.85
10700,1,86,8,147.82,36.95,85.73
10700,2,103,1,171.11,0.00,104.37
10701,1,89,2,151.93,0.00,97.23
10701,2,106,3,175.22,0.00,117.39
10702,1,92,4,156.04,0.00,109.22
10702,2,109,5,179.33,0.00,62.76
10703,1,95,6,160.15,0.00,60.85
10703,2,112,7,183.44,0.00,75.21
10704,1,98,8,164.26,0.00,72.27
10704,2,3,1,34.11,0.00,16.03
10705,1,101,2,168.37,0.00,84.18
10705,2,6,3,38.22,0.00,20.25
10706,1,104,4,172.48,0.00,96.58
10706,2,9,5,42.33,0.00,24.97
10707,1,107,6,176.59,0.00,109.48
10707,2,12,7,46.44,0.00,30.18
10708,1,110,8,180.70,0.00,122.87
10708,2,15,1,50.55,0.00,35.89
10709,1,1,2,31.37,0.00,11.29
10709,2,18,3,54.66,0.00,21.31
10710,1,4,4,35.48,0.00,14.90
10710,2,21,5,58.77,0.00,26.44
10711,1,7,6,39.59,0.00,19.00
10711,2,24,7,62.88,0.00,32.06
10712,1,10,8,43.70,0.00,23.59
10712,2,27,1,66.99,0.00,38.18
10713,1,13,2,47.81,0.00,28.68
10713,2,30,3,71.10,0.00,44.79
10714,1,16,4,51.92,0.00,34.26
10714,2,33,5,75.21,0.00,51.89
10715,1,19,6,56.03,0.00,40.34
10715,2,36,7,79.32,0.00,29.34
10716,1,22,8,60.14,0.00,24.05
10716,2,39,1,83.43,0.00,35.87
10717,1,25,2,64.25,0.00,29.55
10717,2,42,3,87.54,0.00,42.89
10718,1,28,4,68.36,0.00,35.54
10718,2,45,5,91.65,0.00,50.40
10719,1,31,6,72.47,0.00,42.03
10719,2,48,7,95.76,0.00,58.41
10720,1,34,8,76.58,0.00,49.01
10720,2,51,1,99.87,0.00,66.91
10721,1,37,2,80.69,0.00,56.48
10721,2,54,3,103.98,0.00,36.39
10722,1,40,4,84.80,0.00,32.22
10722,2,57,5,108.09,0.00,44.31
10723,1,43,6,88.91,0.00,39.12
10723,2,60,7,112.20,0.00,52.73
10724,1,46,8,93.02,0.00,46.51
10724,2,63,1,116.31,0.00,61.64
10725,1,49,2,97.13,0.00,54.39
10725,2,66,3,120.42,0.00,71.04
10726,1,52,4,101.24,0.00,62.76
10726,2,69,5,124.53,0.00,80.94
10727,1,55,6,105.35,0.00,71.63
10727,2,72,7,128.64,0.00,91.33
10728,1,58,8,109.46,0.00,39.40
10728,2,75,1,132.75,0.00,51.77
10729,1,61,2,113.57,0.00,47.69
10729,2,78,3,136.86,0.00,61.58
10730,1,64,4,117.68,0.00,56.48
10730,2,81,5,140.97,0.00,71.89
10731,1,67,6,121.79,0.00,65.76
10731,2,84,7,145.08,21.76,82.69
10732,1,70,8,125.90,25.18,75.54
10732,2,87,1,149.19,37.29,93.98
10733,1,73,2,130.01,6.50,85.80
10733,2,90,3,153.30,15.33,105.77
10734,1,76,4,134.12,20.11,96.56
10734,2,93,5,157.41,31.48,58.24
10735,1,79,6,138.23,34.55,55.29
10735,2,96,7,161.52,8.07,69.45
10736,1,82,8,142.34,14.23,65.47
10736,2,99,1,165.63,24.84,81.15
10737,1,85,2,146.45,29.29,76.15
10737,2,102,3,169.74,42.43,93.35
10738,1,88,4,150.56,7.52,87.32
10738,2,105,5,173.85,17.38,106.04
10739,1,91,6,154.67,23.20,98.98
10739,2,108,7,177.96,35.59,119.23
10740,1,94,8,158.78,39.69,111.14
10740,2,111,1,182.07,9.10,63.72
10741,1,97,2,162.89,16.28,61.89
10741,2,2,3,32.74,4.91,13.42
10742,1,100,4,167.00,33.40,73.48
10742,2,5,5,36.85,9.21,17.31
10743,1,103,6,171.11,8.55,85.55
10743,2,8,7,40.96,4.09,21.70
10744,1,106,8,175.22,26.28,98.12
10744,2,11,1,45.07,9.01,26.59
10745,1,109,2,179.33,44.83,111.18
10745,2,14,3,49.18,2.45,31.96
10746,1,112,4,183.44,18.34,124.73
10746,2,17,5,53.29,7.99,37.83
10747,1,3,6,34.11,6.82,12.27
10747,2,20,7,57.40,14.35,22.38
10748,1,6,8,38.22,1.91,16.05
10748,2,23,1,61.51,6.15,27.67
10749,1,9,2,42.33,6.34,20.31
10749,2,26,3,65.62,13.12,33.46
10750,1,12,4,46.44,11.61,25.07
10750,2,29,5,69.73,0.00,39.74
10751,1,15,6,50.55,0.00,30.33
10751,2,32,7,73.84,0.00,46.51
10752,1,18,8,54.66,0.00,36.07
10752,2,35,1,77.95,0.00,53.78
10753,1,21,2,58.77,0.00,42.31
10753,2,38,3,82.06,0.00,30.36
10754,1,24,4,62.88,0.00,25.15
10754,2,41,5,86.17,0.00,37.05
10755,1,27,6,66.99,0.00,30.81
10755,2,44,7,90.28,0.00,44.23
10756,1,30,8,71.10,0.00,36.97
10756,2,47,1,94.39,0.00,51.91
10757,1,33,2,75.21,0.00,43.62
10757,2,50,3,98.50,0.00,60.08
10758,1,36,4,79.32,0.00,50.76
10758,2,53,5,102.61,0.00,68.74
10759,1,39,6,83.43,0.00,58.40
10759,2,56,7,106.72,0.00,37.35
10760,1,42,8,87.54,0.00,33.26
10760,2,59,1,110.83,0.00,45.44
10761,1,45,2,91.65,0.00,40.32
10761,2,62,3,114.94,0.00,54.02
10762,1,48,4,95.76,0.00,47.88
10762,2,65,5,119.05,0.00,63.09
10763,1,51,6,99.87,0.00,55.92
10763,2,68,7,123.16,0.00,72.66
10764,1,54,8,103.98,0.00,64.46
10764,2,71,1,127.27,0.00,82.72
10765,1,57,2,108.09,0.00,73.50
10765,2,74,3,131.38,0.00,93.27
10766,1,60,4,112.20,0.00,40.39
10766,2,77,5,135.49,0.00,52.84
10767,1,63,6,116.31,0.00,48.85
10767,2,80,7,139.60,0.00,62.82
10768,1,66,8,120.42,0.00,57.80
10768,2,83,1,143.71,0.00,73.29
10769,1,69,2,124.53,0.00,67.24
10769,2,86,3,147.82,0.00,84.25
10770,1,72,4,128.64,0.00,77.18
10770,2,89,5,151.93,0.00,95.71
10771,1,75,6,132.75,0.00,87.61
10771,2,92,7,156.04,0.00,107.66
10772,1,78,8,136.86,0.00,98.53
10772,2,95,1,160.15,0.00,59.25
10773,1,81,2,140.97,0.00,56.38
10773,2,98,3,164.26,0.00,70.63
10774,1,84,4,145.08,0.00,66.73
10774,2,101,5,168.37,0.00,82.50
10775,1,87,6,149.19,0.00,77.57
10775,2,104,7,172.48,0.00,94.86
10776,1,90,8,153.30,0.00,88.91
10776,2,107,1,176.59,0.00,107.71
10777,1,93,2,157.41,0.00,100.74
10777,2,110,3,180.70,0.00,121.06
10778,1,96,4,161.52,0.00,113.06
10778,2,1,5,31.37,0.00,10.97
10779,1,99,6,165.63,0.00,62.93
10779,2,4,7,35.48,0.00,14.54
10780,1,102,8,169.74,0.00,74.68
10780,2,7,1,39.59,0.00,18.60
10781,1,105,2,173.85,0.00,86.92
10781,2,10,3,43.70,6.55,23.16
10782,1,108,4,177.96,35.59,99.65
10782,2,13,5,47.81,11.95,28.20
10783,1,111,6,182.07,9.10,112.88
10783,2,16,7,51.92,5.19,33.74
10784,1,2,8,32.74,4.91,22.26
10784,2,19,1,56.03,11.20,39.78
10785,1,5,2,36.85,9.21,13.26
10785,2,22,3,60.14,3.00,23.45
10786,1,8,4,40.96,4.09,17.20
10786,2,25,5,64.25,9.63,28.91
10787,1,11,6,45.07,9.01,21.63
10787,2,28,7,68.36,17.09,34.86
10788,1,14,8,49.18,2.45,26.55
10788,2,31,1,72.47,7.24,41.30
10789,1,17,2,53.29,7.99,31.97
10789,2,34,3,76.58,15.31,48.24
10790,1,20,4,57.40,14.35,37.88
10790,2,37,5,80.69,4.03,55.67
10791,1,23,6,61.51,6.15,44.28
10791,2,40,7,84.80,12.72,31.37
10792,1,26,8,65.62,13.12,26.24
10792,2,43,1,88.91,22.22,38.23
10793,1,29,2,69.73,3.48,32.07
10793,2,46,3,93.02,9.30,45.57
10794,1,32,4,73.84,11.07,38.39
10794,2,49,5,97.13,19.42,53.42
10795,1,35,6,77.95,19.48,45.21
10795,2,52,7,101.24,5.06,61.75
10796,1,38,8,82.06,8.20,52.51
10796,2,55,1,105.35,15.80,70.58
10797,1,41,2,86.17,17.23,60.31
10797,2,58,3,109.46,27.36,38.31
10798,1,44,4,90.28,4.51,34.30
10798,2,61,5,113.57,11.35,46.56
10799,1,47,6,94.39,14.15,41.53
10799,2,64,7,117.68,23.53,55.30
10800,1,50,8,98.50,24.62,49.25
10800,2,67,1,121.79,0.00,64.54
10801,1,53,2,102.61,0.00,57.46
10801,2,70,3,125.90,0.00,74.28
10802,1,56,4,106.72,0.00,66.16
10802,2,73,5,130.01,0.00,84.50
10803,1,59,6,110.83,0.00,75.36
10803,2,76,7,134.12,0.00,95.22
10804,1,62,8,114.94,0.00,41.37
10804,2,79,1,138.23,0.00,53.90
10805,1,65,2,119.05,0.00,50.00
10805,2,82,3,142.34,0.00,64.05
10806,1,68,4,123.16,0.00,59.11
10806,2,85,5,146.45,0.00,74.68
10807,1,71,6,127.27,0.00,68.72
10807,2,88,7,150.56,0.00,85.81
10808,1,74,8,131.38,0.00,78.82
10808,2,91,1,154.67,0.00,97.44
10809,1,77,2,135.49,0.00,89.42
10809,2,94,3,158.78,0.00,109.55
10810,1,80,4,139.60,0.00,100.51
10810,2,97,5,162.89,0.00,60.26
10811,1,83,6,143.71,0.00,57.48
10811,2,100,7,167.00,0.00,71.81
10812,1,86,8,147.82,0.00,67.99
10812,2,103,1,171.11,0.00,83.84
10813,1,89,2,151.93,0.00,79.00
10813,2,106,3,175.22,0.00,96.37
10814,1,92,4,156.04,0.00,90.50
10814,2,109,5,179.33,0.00,109.39
10815,1,95,6,160.15,0.00,102.49
10815,2,112,7,183.44,0.00,122.90
10816,1,98,8,164.26,0.00,114.98
10816,2,3,1,34.11,0.00,11.93
10817,1,101,2,168.37,0.00,63.98
10817,2,6,3,38.22,0.00,15.67
10818,1,104,4,172.48,0.00,75.89
10818,2,9,5,42.33,0.00,19.89
10819,1,107,6,176.59,0.00,88.29
10819,2,12,7,46.44,0.00,24.61
10820,1,110,8,180.70,0.00,101.19
10820,2,15,1,50.55,0.00,29.82
10821,1,1,2,31.37,0.00,19.44
10821,2,18,3,54.66,0.00,35.52
10822,1,4,4,35.48,0.00,24.12
10822,2,21,5,58.77,0.00,41.72
10823,1,7,6,39.59,0.00,14.25
10823,2,24,7,62.88,0.00,24.52
10824,1,10,8,43.70,0.00,18.35
10824,2,27,1,66.99,0.00,30.14
10825,1,13,2,47.81,0.00,22.94
10825,2,30,3,71.10,0.00,36.26
10826,1,16,4,51.92,0.00,28.03
10826,2,33,5,75.21,0.00,42.86
10827,1,19,6,56.03,0.00,33.61
10827,2,36,7,79.32,0.00,49.97
10828,1,22,8,60.14,0.00,39.69
10828,2,39,1,83.43,0.00,57.56
10829,1,25,2,64.25,0.00,46.26
10829,2,42,3,87.54,0.00,32.38
10830,1,28,4,68.36,0.00,27.34
10830,2,45,5,91.65,0.00,39.40
10831,1,31,6,72.47,0.00,33.33
10831,2,48,7,95.76,14.36,46.92
10832,1,34,8,76.58,15.31,39.82
10832,2,51,1,99.87,24.96,54.92
10833,1,37,2,80.69,4.03,46.80
10833,2,54,3,103.98,10.39,63.42
10834,1,40,4,84.80,12.72,54.27
10834,2,57,5,108.09,21.61,72.42
10835,1,43,6,88.91,22.22,62.23
10835,2,60,7,112.20,5.61,39.27
10836,1,46,8,93.02,9.30,35.34
10836,2,63,1,116.31,17.44,47.68
10837,1,49,2,97.13,19.42,42.73
10837,2,66,3,120.42,30.10,56.59
10838,1,52,4,101.24,5.06,50.62
10838,2,69,5,124.53,12.45,66.00
10839,1,55,6,105.35,15.80,58.99
10839,2,72,7,128.64,25.72,75.89
10840,1,58,8,109.46,27.36,67.86
10840,2,75,1,132.75,6.63,86.28
10841,1,61,2,113.57,11.35,77.22
10841,2,78,3,136.86,20.52,97.17
10842,1,64,4,117.68,23.53,42.36
10842,2,81,5,140.97,35.24,54.97
10843,1,67,6,121.79,6.08,51.15
10843,2,84,7,145.08,14.50,65.28
10844,1,70,8,125.90,18.88,60.43
10844,2,87,1,149.19,29.83,76.08
10845,1,73,2,130.01,32.50,70.20
10845,2,90,3,153.30,7.66,87.38
10846,1,76,4,134.12,13.41,80.47
10846,2,93,5,157.41,23.61,99.16
10847,1,79,6,138.23,27.64,91.23
10847,2,96,7,161.52,40.38,111.44
10848,1,82,8,142.34,7.11,102.48
10848,2,99,1,165.63,16.56,61.28
10849,1,85,2,146.45,21.96,58.58
10849,2,102,3,169.74,33.94,72.98
10850,1,88,4,150.56,37.64,69.25
10850,2,105,5,173.85,0.00,85.18
10851,1,91,6,154.67,0.00,80.42
10851,2,108,7,177.96,0.00,97.87
10852,1,94,8,158.78,0.00,92.09
10852,2,111,1,182.07,0.00,111.06
10853,1,97,2,162.89,0.00,104.24
10853,2,2,3,32.74,0.00,21.93
10854,1,100,4,167.00,0.00,116.90
10854,2,5,5,36.85,0.00,12.89
10855,1,103,6,171.11,0.00,65.02
10855,2,8,7,40.96,0.00,16.79
10856,1,106,8,175.22,0.00,77.09
10856,2,11,1,45.07,0.00,21.18
10857,1,109,2,179.33,0.00,89.66
10857,2,14,3,49.18,0.00,26.06
10858,1,112,4,183.44,0.00,102.72
10858,2,17,5,53.29,0.00,31.44
10859,1,3,6,34.11,0.00,21.14
10859,2,20,7,57.40,0.00,37.31
10860,1,6,8,38.22,0.00,25.98
10860,2,23,1,61.51,0.00,43.67
10861,1,9,2,42.33,0.00,15.23
10861,2,26,3,65.62,0.00,25.59
10862,1,12,4,46.44,0.00,19.50
10862,2,29,5,69.73,0.00,31.37
10863,1,15,6,50.55,0.00,24.26
10863,2,32,7,73.84,0.00,37.65
10864,1,18,8,54.66,0.00,29.51
10864,2,35,1,77.95,0.00,44.43
10865,1,21,2,58.77,0.00,35.26
10865,2,38,3,82.06,0.00,51.69
10866,1,24,4,62.88,0.00,41.50
10866,2,41,5,86.17,0.00,59.45
10867,1,27,6,66.99,0.00,48.23
10867,2,44,7,90.28,0.00,33.40
10868,1,30,8,71.10,0.00,28.44
10868,2,47,1,94.39,0.00,40.58
10869,1,33,2,75.21,0.00,34.59
10869,2,50,3,98.50,0.00,48.26
10870,1,36,4,79.32,0.00,41.24
10870,2,53,5,102.61,0.00,56.43
10871,1,39,6,83.43,0.00,48.38
10871,2,56,7,106.72,0.00,65.09
10872,1,42,8,87.54,0.00,56.02
10872,2,59,1,110.83,0.00,74.25
10873,1,45,2,91.65,0.00,64.15
10873,2,62,3,114.94,0.00,40.22
10874,1,48,4,95.76,0.00,36.38
10874,2,65,5,119.05,0.00,48.81
10875,1,51,6,99.87,0.00,43.94
10875,2,68,7,123.16,0.00,57.88
10876,1,54,8,103.98,0.00,51.99
10876,2,71,1,127.27,0.00,67.45
10877,1,57,2,108.09,0.00,60.53
10877,2,74,3,131.38,0.00,77.51
10878,1,60,4,112.20,0.00,69.56
10878,2,77,5,135.49,0.00,88.06
10879,1,63,6,116.31,0.00,79.09
10879,2,80,7,139.60,0.00,99.11
10880,1,66,8,120.42,0.00,43.35
10880,2,83,1,143.71,0.00,56.04
10881,1,69,2,124.53,0.00,52.30
10881,2,86,3,147.82,22.17,66.51
10882,1,72,4,128.64,25.72,61.74
10882,2,89,5,151.93,37.98,77.48
10883,1,75,6,132.75,6.63,71.68
10883,2,92,7,156.04,15.60,88.94
10884,1,78,8,136.86,20.52,82.11
10884,2,95,1,160.15,32.03,100.89
10885,1,81,2,140.97,35.24,93.04
10885,2,98,3,164.26,8.21,113.33
10886,1,84,4,145.08,14.50,104.45
10886,2,101,5,168.37,25.25,62.29
10887,1,87,6,149.19,29.83,59.67
10887,2,104,7,172.48,43.12,74.16
10888,1,90,8,153.30,7.66,70.51
10888,2,107,1,176.59,17.65,86.52
10889,1,93,2,157.41,23.61,81.85
10889,2,110,3,180.70,36.14,99.38
10890,1,96,4,161.52,40.38,93.68
10890,2,1,5,31.37,1.56,19.13
10891,1,99,6,165.63,16.56,106.00
10891,2,4,7,35.48,5.32,23.77
10892,1,102,8,169.74,33.94,118.81
10892,2,7,1,39.59,9.89,13.85
10893,1,105,2,173.85,8.69,66.06
10893,2,10,3,43.70,4.37,17.91
10894,1,108,4,177.96,26.69,78.30
10894,2,13,5,47.81,9.56,22.47
10895,1,111,6,182.07,45.51,91.03
10895,2,16,7,51.92,2.59,27.51
10896,1,2,8,32.74,3.27,18.33
10896,2,19,1,56.03,8.40,33.05
10897,1,5,2,36.85,7.37,22.84
10897,2,22,3,60.14,15.03,39.09
10898,1,8,4,40.96,2.04,27.85
10898,2,25,5,64.25,6.42,45.61
10899,1,11,6,45.07,6.76,16.22
10899,2,28,7,68.36,13.67,26.66
10900,1,14,8,49.18,12.29,20.65
10900,2,31,1,72.47,0.00,32.61
10901,1,17,2,53.29,0.00,25.57
10901,2,34,3,76.58,0.00,39.05
10902,1,20,4,57.40,0.00,30.99
10902,2,37,5,80.69,0.00,45.99
10903,1,23,6,61.51,0.00,36.90
10903,2,40,7,84.80,0.00,53.42
10904,1,26,8,65.62,0.00,43.30
10904,2,43,1,88.91,0.00,61.34
10905,1,29,2,69.73,0.00,50.20
10905,2,46,3,93.02,0.00,34.41
10906,1,32,4,73.84,0.00,29.53
10906,2,49,5,97.13,0.00,41.76
10907,1,35,6,77.95,0.00,35.85
10907,2,52,7,101.24,0.00,49.60
10908,1,38,8,82.06,0.00,42.67
10908,2,55,1,105.35,0.00,57.94
10909,1,41,2,86.17,0.00,49.97
10909,2,58,3,109.46,0.00,66.77
10910,1,44,4,90.28,0.00,57.77
10910,2,61,5,113.57,0.00,76.09
10911,1,47,6,94.39,0.00,66.07
10911,2,64,7,117.68,0.00,41.18
10912,1,50,8,98.50,0.00,37.43
10912,2,67,1,121.79,0.00,49.93
10913,1,53,2,102.61,0.00,45.14
10913,2,70,3,125.90,0.00,59.17
10914,1,56,4,106.72,0.00,53.36
10914,2,73,5,130.01,0.00,68.90
10915,1,59,6,110.83,0.00,62.06
10915,2,76,7,134.12,0.00,79.13
10916,1,62,8,114.94,0.00,71.26
10916,2,79,1,138.23,0.00,89.84
10917,1,65,2,119.05,0.00,80.95
10917,2,82,3,142.34,0.00,101.06
10918,1,68,4,123.16,0.00,44.33
10918,2,85,5,146.45,0.00,57.11
10919,1,71,6,127.27,0.00,53.45
10919,2,88,7,150.56,0.00,67.75
10920,1,74,8,131.38,0.00,63.06
10920,2,91,1,154.67,0.00,78.88
10921,1,77,2,135.49,0.00,73.16
10921,2,94,3,158.78,0.00,90.50
10922,1,80,4,139.60,0.00,83.76
10922,2,97,5,162.89,0.00,102.62
10923,1,83,6,143.71,0.00,94.84
10923,2,100,7,167.00,0.00,115.23
10924,1,86,8,147.82,0.00,106.43
10924,2,103,1,171.11,0.00,63.31
10925,1,89,2,151.93,0.00,60.77
10925,2,106,3,175.22,0.00,75.34
10926,1,92,4,156.04,0.00,71.77
10926,2,109,5,179.33,0.00,87.87
10927,1,95,6,160.15,0.00,83.27
10927,2,112,7,183.44,0.00,100.89
10928,1,98,8,164.26,0.00,95.27
10928,2,3,1,34.11,0.00,20.80
10929,1,101,2,168.37,0.00,107.75
10929,2,6,3,38.22,0.00,25.60
10930,1,104,4,172.48,0.00,120.73
10930,2,9,5,42.33,0.00,14.81
10931,1,107,6,176.59,0.00,67.10
10931,2,12,7,46.44,6.96,19.04
10932,1,110,8,180.70,36.14,79.50
10932,2,15,1,50.55,12.63,23.75
10933,1,1,2,31.37,1.56,15.68
10933,2,18,3,54.66,5.46,28.96
10934,1,4,4,35.48,5.32,19.86
10934,2,21,5,58.77,11.75,34.67
10935,1,7,6,39.59,9.89,24.54
10935,2,24,7,62.88,3.14,40.87
10936,1,10,8,43.70,4.37,29.71
10936,2,27,1,66.99,10.04,47.56
10937,1,13,2,47.81,9.56,17.21
10937,2,30,3,71.10,17.77,27.72
10938,1,16,4,51.92,2.59,21.80
10938,2,33,5,75.21,7.52,33.84
10939,1,19,6,56.03,8.40,26.89
10939,2,36,7,79.32,15.86,40.45
10940,1,22,8,60.14,15.03,32.47
10940,2,39,1,83.43,4.17,47.55
10941,1,25,2,64.25,6.42,38.55
10941,2,42,3,87.54,13.13,55.15
10942,1,28,4,68.36,13.67,45.11
10942,2,45,5,91.65,22.91,63.23
10943,1,31,6,72.47,3.62,52.17
10943,2,48,7,95.76,9.57,35.43
10944,1,34,8,76.58,11.48,30.63
10944,2,51,1,99.87,19.97,42.94
10945,1,37,2,80.69,20.17,37.11
10945,2,54,3,103.98,5.19,50.95
10946,1,40,4,84.80,8.48,44.09
10946,2,57,5,108.09,16.21,59.44
10947,1,43,6,88.91,17.78,51.56
10947,2,60,7,112.20,28.05,68.44
10948,1,46,8,93.02,4.65,59.53
10948,2,63,1,116.31,11.63,77.92
10949,1,49,2,97.13,14.56,67.99
10949,2,66,3,120.42,24.08,42.14
10950,1,52,4,101.24,25.31,38.47
10950,2,69,5,124.53,0.00,51.05
10951,1,55,6,105.35,0.00,46.35
10951,2,72,7,128.64,0.00,60.46
10952,1,58,8,109.46,0.00,54.73
10952,2,75,1,132.75,0.00,70.35
10953,1,61,2,113.57,0.00,63.59
10953,2,78,3,136.86,0.00,80.74
10954,1,64,4,117.68,0.00,72.96
10954,2,81,5,140.97,0.00,91.63
10955,1,67,6,121.79,0.00,82.81
10955,2,84,7,145.08,0.00,103.00
10956,1,70,8,125.90,0.00,45.32
10956,2,87,1,149.19,0.00,58.18
10957,1,73,2,130.01,0.00,54.60
10957,2,90,3,153.30,0.00,68.98
10958,1,76,4,134.12,0.00,64.37
10958,2,93,5,157.41,0.00,80.27
10959,1,79,6,138.23,0.00,74.64
10959,2,96,7,161.52,0.00,92.06
10960,1,82,8,142.34,0.00,85.40
10960,2,99,1,165.63,0.00,104.34
10961,1,85,2,146.45,0.00,96.65
10961,2,102,3,169.74,0.00,117.12
10962,1,88,4,150.56,0.00,108.40
10962,2,105,5,173.85,0.00,64.32
10963,1,91,6,154.67,0.00,61.86
10963,2,108,7,177.96,0.00,76.52
10964,1,94,8,158.78,0.00,73.03
10964,2,111,1,182.07,0.00,89.21
10965,1,97,2,162.89,0.00,84.70
10965,2,2,3,32.74,0.00,18.00
10966,1,100,4,167.00,0.00,96.86
10966,2,5,5,36.85,0.00,22.47
10967,1,103,6,171.11,0.00,109.51
10967,2,8,7,40.96,0.00,27.44
10968,1,106,8,175.22,0.00,122.65
10968,2,11,1,45.07,0.00,15.77
10969,1,109,2,179.33,0.00,68.14
10969,2,14,3,49.18,0.00,20.16
10970,1,112,4,183.44,0.00,80.71
10970,2,17,5,53.29,0.00,25.04
10971,1,3,6,34.11,0.00,17.05
10971,2,20,7,57.40,0.00,30.42
10972,1,6,8,38.22,0.00,21.40
10972,2,23,1,61.51,0.00,36.29
10973,1,9,2,42.33,0.00,26.24
10973,2,26,3,65.62,0.00,42.65
10974,1,12,4,46.44,0.00,31.57
10974,2,29,5,69.73,0.00,49.50
10975,1,15,6,50.55,0.00,18.19
10975,2,32,7,73.84,0.00,28.79
10976,1,18,8,54.66,0.00,22.95
10976,2,35,1,77.95,0.00,35.07
10977,1,21,2,58.77,0.00,28.20
10977,2,38,3,82.06,0.00,41.85
10978,1,24,4,62.88,0.00,33.95
10978,2,41,5,86.17,0.00,49.11
10979,1,27,6,66.99,0.00,40.19
10979,2,44,7,90.28,0.00,56.87
10980,1,30,8,71.10,0.00,46.92
10980,2,47,1,94.39,0.00,65.12
10981,1,33,2,75.21,0.00,54.15
10981,2,50,3,98.50,14.77,36.44
10982,1,36,4,79.32,15.86,31.72
10982,2,53,5,102.61,25.65,44.12
10983,1,39,6,83.43,4.17,38.37
10983,2,56,7,106.72,10.67,52.29
10984,1,42,8,87.54,13.13,45.52
10984,2,59,1,110.83,22.16,60.95
10985,1,45,2,91.65,22.91,53.15
10985,2,62,3,114.94,5.74,70.11
10986,1,48,4,95.76,9.57,61.28
10986,2,65,5,119.05,17.85,79.76
10987,1,51,6,99.87,19.97,69.90
10987,2,68,7,123.16,30.79,43.10
10988,1,54,8,103.98,5.19,39.51
10988,2,71,1,127.27,12.72,52.18
10989,1,57,2,108.09,16.21,47.55
10989,2,74,3,131.38,26.27,61.74
10990,1,60,4,112.20,28.05,56.10
10990,2,77,5,135.49,6.77,71.80
10991,1,63,6,116.31,11.63,65.13
10991,2,80,7,139.60,20.94,82.36
10992,1,66,8,120.42,24.08,74.66
10992,2,83,1,143.71,35.92,93.41
10993,1,69,2,124.53,6.22,84.68
10993,2,86,3,147.82,14.78,104.95
10994,1,72,4,128.64,19.29,46.31
10994,2,89,5,151.93,30.38,59.25
10995,1,75,6,132.75,33.18,55.75
10995,2,92,7,156.04,7.80,70.21
10996,1,78,8,136.86,13.68,65.69
10996,2,95,1,160.15,24.02,81.67
10997,1,81,2,140.97,28.19,76.12
10997,2,98,3,164.26,41.06,93.62
10998,1,84,4,145.08,7.25,87.04
10998,2,101,5,168.37,16.83,106.07
10999,1,87,6,149.19,22.37,98.46
10999,2,104,7,172.48,34.49,119.01
11000,1,90,8,153.30,38.32,110.37
11000,2,107,1,176.59,0.00,65.33
11001,1,93,2,157.41,0.00,62.96
11001,2,110,3,180.70,0.00,77.70
11002,1,96,4,161.52,0.00,74.29
11002,2,1,5,31.37,0.00,15.37
11003,1,99,6,165.63,0.00,86.12
11003,2,4,7,35.48,0.00,19.51
11004,1,102,8,169.74,0.00,98.44
11004,2,7,1,39.59,0.00,24.14
11005,1,105,2,173.85,0.00,111.26
11005,2,10,3,43.70,0.00,29.27
11006,1,108,4,177.96,0.00,124.57
11006,2,13,5,47.81,0.00,16.73
11007,1,111,6,182.07,0.00,69.18
11007,2,16,7,51.92,0.00,21.28
11008,1,2,8,32.74,0.00,14.40
11008,2,19,1,56.03,0.00,26.33
11009,1,5,2,36.85,0.00,18.42
11009,2,22,3,60.14,0.00,31.87
11010,1,8,4,40.96,0.00,22.93
11010,2,25,5,64.25,0.00,37.90
11011,1,11,6,45.07,0.00,27.94
11011,2,28,7,68.36,0.00,44.43
11012,1,14,8,49.18,0.00,33.44
11012,2,31,1,72.47,0.00,51.45
11013,1,17,2,53.29,0.00,19.18
11013,2,34,3,76.58,0.00,29.86
11014,1,20,4,57.40,0.00,24.10
11014,2,37,5,80.69,0.00,36.31
11015,1,23,6,61.51,0.00,29.52
11015,2,40,7,84.80,0.00,43.24
11016,1,26,8,65.62,0.00,35.43
11016,2,43,1,88.91,0.00,50.67
11017,1,29,2,69.73,0.00,41.83
11017,2,46,3,93.02,0.00,58.60
11018,1,32,4,73.84,0.00,48.73
11018,2,49,5,97.13,0.00,67.01
11019,1,35,6,77.95,0.00,56.12
11019,2,52,7,101.24,0.00,37.45
11020,1,38,8,82.06,0.00,32.82
11020,2,55,1,105.35,0.00,45.30
11021,1,41,2,86.17,0.00,39.63
11021,2,58,3,109.46,0.00,53.63
11022,1,44,4,90.28,0.00,46.94
11022,2,61,5,113.57,0.00,62.46
11023,1,47,6,94.39,0.00,54.74
11023,2,64,7,117.68,0.00,71.78
11024,1,50,8,98.50,0.00,63.04
11024,2,67,1,121.79,0.00,81.59
11025,1,53,2,102.61,0.00,71.82
11025,2,70,3,125.90,0.00,44.06
11026,1,56,4,106.72,0.00,40.55
11026,2,73,5,130.01,0.00,53.30
11027,1,59,6,110.83,0.00,48.76
11027,2,76,7,134.12,0.00,63.03
11028,1,62,8,114.94,0.00,57.47
11028,2,79,1,138.23,0.00,73.26
11029,1,65,2,119.05,0.00,66.66
11029,2,82,3,142.34,0.00,83.98
11030,1,68,4,123.16,0.00,76.35
11030,2,85,5,146.45,0.00,95.19
11031,1,71,6,127.27,0.00,86.54
11031,2,88,7,150.56,22.58,106.89
11032,1,74,8,131.38,26.27,47.29
11032,2,91,1,154.67,38.66,60.32
11033,1,77,2,135.49,6.77,56.90
11033,2,94,3,158.78,15.87,71.45
11034,1,80,4,139.60,20.94,67.00
11034,2,97,5,162.89,32.57,83.07
11035,1,83,6,143.71,35.92,77.60
11035,2,100,7,167.00,8.35,95.19
11036,1,86,8,147.82,14.78,88.69
11036,2,103,1,171.11,25.66,107.79
11037,1,89,2,151.93,30.38,100.27
11037,2,106,3,175.22,43.80,120.90
11038,1,92,4,156.04,7.80,112.34
11038,2,109,5,179.33,17.93,66.35
11039,1,95,6,160.15,24.02,64.06
11039,2,112,7,183.44,36.68,78.87
11040,1,98,8,164.26,41.06,75.55
11040,2,3,1,34.11,1.70,16.71
11041,1,101,2,168.37,16.83,87.55
11041,2,6,3,38.22,5.73,21.02
11042,1,104,4,172.48,34.49,100.03
11042,2,9,5,42.33,10.58,25.82
11043,1,107,6,176.59,8.82,113.01
11043,2,12,7,46.44,4.64,31.11
11044,1,110,8,180.70,27.10,126.49
11044,2,15,1,50.55,10.11,17.69
11045,1,1,2,31.37,7.84,11.92
11045,2,18,3,54.66,2.73,22.41
11046,1,4,4,35.48,3.54,15.61
11046,2,21,5,58.77,8.81,27.62
11047,1,7,6,39.59,7.91,19.79
11047,2,24,7,62.88,15.72,33.32
11048,1,10,8,43.70,2.18,24.47
11048,2,27,1,66.99,6.69,39.52
11049,1,13,2,47.81,7.17,29.64
11049,2,30,3,71.10,14.22,46.21
11050,1,16,4,51.92,12.98,35.30
11050,2,33,5,75.21,0.00,53.39
11051,1,19,6,56.03,0.00,20.17
11051,2,36,7,79.32,0.00,30.93
11052,1,22,8,60.14,0.00,25.25
11052,2,39,1,83.43,0.00,37.54
11053,1,25,2,64.25,0.00,30.84
11053,2,42,3,87.54,0.00,44.64
11054,1,28,4,68.36,0.00,36.91
11054,2,45,5,91.65,0.00,52.24
11055,1,31,6,72.47,0.00,43.48
11055,2,48,7,95.76,0.00,60.32
11056,1,34,8,76.58,0.00,50.54
11056,2,51,1,99.87,0.00,68.91
11057,1,37,2,80.69,0.00,58.09
11057,2,54,3,103.98,0.00,38.47
11058,1,40,4,84.80,0.00,33.92
11058,2,57,5,108.09,0.00,46.47
11059,1,43,6,88.91,0.00,40.89
11059,2,60,7,112.20,0.00,54.97
11060,1,46,8,93.02,0.00,48.37
11060,2,63,1,116.31,0.00,63.97
11061,1,49,2,97.13,0.00,56.33
11061,2,66,3,120.42,0.00,73.45
11062,1,52,4,101.24,0.00,64.79
11062,2,69,5,124.53,0.00,83.43
11063,1,55,6,105.35,0.00,73.74
11063,2,72,7,128.64,0.00,45.02
11064,1,58,8,109.46,0.00,41.59
11064,2,75,1,132.75,0.00,54.42
11065,1,61,2,113.57,0.00,49.97
11065,2,78,3,136.86,0.00,64.32
11066,1,64,4,117.68,0.00,58.84
11066,2,81,5,140.97,0.00,74.71
11067,1,67,6,121.79,0.00,68.20
11067,2,84,7,145.08,0.00,85.59
11068,1,70,8,125.90,0.00,78.05
11068,2,87,1,149.19,0.00,96.97
11069,1,73,2,130.01,0.00,88.40
11069,2,90,3,153.30,0.00,108.84
11070,1,76,4,134.12,0.00,48.28
11070,2,93,5,157.41,0.00,61.38
11071,1,79,6,138.23,0.00,58.05
11071,2,96,7,161.52,0.00,72.68
11072,1,82,8,142.34,0.00,68.32
11072,2,99,1,165.63,0.00,84.47
11073,1,85,2,146.45,0.00,79.08
11073,2,102,3,169.74,0.00,96.75
11074,1,88,4,150.56,0.00,90.33
11074,2,105,5,173.85,0.00,109.52
11075,1,91,6,154.67,0.00,102.08
11075,2,108,7,177.96,0.00,122.79
11076,1,94,8,158.78,0.00,114.32
11076,2,111,1,182.07,0.00,67.36
11077,1,97,2,162.89,0.00,65.15
11077,2,2,3,32.74,0.00,14.07
11078,1,100,4,167.00,0.00,76.82
11078,2,5,5,36.85,0.00,18.05
11079,1,103,6,171.11,0.00,88.97
11079,2,8,7,40.96,0.00,22.52
11080,1,106,8,175.22,0.00,101.62
11080,2,11,1,45.07,0.00,27.49
11081,1,109,2,179.33,0.00,114.77
11081,2,14,3,49.18,7.37,32.95
11082,1,112,4,183.44,36.68,128.40
11082,2,17,5,53.29,13.32,18.65
11083,1,3,6,34.11,1.70,12.96
11083,2,20,7,57.40,5.74,23.53
11084,1,6,8,38.22,5.73,16.81
11084,2,23,1,61.51,12.30,28.90
11085,1,9,2,42.33,10.58,21.16
11085,2,26,3,65.62,3.28,34.77
11086,1,12,4,46.44,4.64,26.00
11086,2,29,5,69.73,10.45,41.14
11087,1,15,6,50.55,10.11,31.34
11087,2,32,7,73.84,18.46,47.99
11088,1,18,8,54.66,2.73,37.16
11088,2,35,1,77.95,7.79,55.34
11089,1,21,2,58.77,8.81,21.15
11089,2,38,3,82.06,16.41,32.00
11090,1,24,4,62.88,15.72,26.40
11090,2,41,5,86.17,4.30,38.77
11091,1,27,6,66.99,6.69,32.15
11091,2,44,7,90.28,13.54,46.04
11092,1,30,8,71.10,14.22,38.39
11092,2,47,1,94.39,23.59,53.80
11093,1,33,2,75.21,3.76,45.12
11093,2,50,3,98.50,9.85,62.05
11094,1,36,4,79.32,11.89,52.35
11094,2,53,5,102.61,20.52,70.80
11095,1,39,6,83.43,20.85,60.06
11095,2,56,7,106.72,5.33,39.48
11096,1,42,8,87.54,8.75,35.01
11096,2,59,1,110.83,16.62,47.65
11097,1,45,2,91.65,18.33,42.15
11097,2,62,3,114.94,28.73,56.32
11098,1,48,4,95.76,4.78,49.79
11098,2,65,5,119.05,11.90,65.47
11099,1,51,6,99.87,14.98,57.92
11099,2,68,7,123.16,24.63,75.12
11100,1,54,8,103.98,25.99,66.54
11100,2,71,1,127.27,0.00,85.27
11101,1,57,2,108.09,0.00,75.66
11101,2,74,3,131.38,0.00,45.98
11102,1,60,4,112.20,0.00,42.63
11102,2,77,5,135.49,0.00,55.55
11103,1,63,6,116.31,0.00,51.17
11103,2,80,7,139.60,0.00,65.61
11104,1,66,8,120.42,0.00,60.21
11104,2,83,1,143.71,0.00,76.16
11105,1,69,2,124.53,0.00,69.73
11105,2,86,3,147.82,0.00,87.21
11106,1,72,4,128.64,0.00,79.75
11106,2,89,5,151.93,0.00,98.75
11107,1,75,6,132.75,0.00,90.27
11107,2,92,7,156.04,0.00,110.78
11108,1,78,8,136.86,0.00,49.26
11108,2,95,1,160.15,0.00,62.45
11109,1,81,2,140.97,0.00,59.20
11109,2,98,3,164.26,0.00,73.91
11110,1,84,4,145.08,0.00,69.63
11110,2,101,5,168.37,0.00,85.86
11111,1,87,6,149.19,0.00,80.56
11111,2,104,7,172.48,0.00,98.31
11112,1,90,8,153.30,0.00,91.98
11112,2,107,1,176.59,0.00,111.25
11113,1,93,2,157.41,0.00,103.89
11113,2,110,3,180.70,0.00,124.68
11114,1,96,4,161.52,0.00,116.29
11114,2,1,5,31.37,0.00,11.60
11115,1,99,6,165.63,0.00,66.25
11115,2,4,7,35.48,0.00,15.25
11116,1,102,8,169.74,0.00,78.08
11116,2,7,1,39.59,0.00,19.39
11117,1,105,2,173.85,0.00,90.40
11117,2,10,3,43.70,0.00,24.03
11118,1,108,4,177.96,0.00,103.21
11118,2,13,5,47.81,0.00,29.16
11119,1,111,6,182.07,0.00,116.52
11119,2,16,7,51.92,0.00,34.78
11120,1,2,8,32.74,0.00,22.91
11120,2,19,1,56.03,0.00,19.61
11121,1,5,2,36.85,0.00,14.00
11121,2,22,3,60.14,0.00,24.65
11122,1,8,4,40.96,0.00,18.02
11122,2,25,5,64.25,0.00,30.19
11123,1,11,6,45.07,0.00,22.53
11123,2,28,7,68.36,0.00,36.23
11124,1,14,8,49.18,0.00,27.54
11124,2,31,1,72.47,0.00,42.75
11125,1,17,2,53.29,0.00,33.03
11125,2,34,3,76.58,0.00,49.77
11126,1,20,4,57.40,0.00,39.03
11126,2,37,5,80.69,0.00,57.28
11127,1,23,6,61.51,0.00,22.14
11127,2,40,7,84.80,0.00,33.07
11128,1,26,8,65.62,0.00,27.56
11128,2,43,1,88.91,0.00,40.00
11129,1,29,2,69.73,0.00,33.47
11129,2,46,3,93.02,0.00,47.44
11130,1,32,4,73.84,0.00,39.87
11130,2,49,5,97.13,0.00,55.36
11131,1,35,6,77.95,0.00,46.77
11131,2,52,7,101.24,15.18,63.78
11132,1,38,8,82.06,16.41,54.15
11132,2,55,1,105.35,26.33,72.69
11133,1,41,2,86.17,4.30,62.04
11133,2,58,3,109.46,10.94,40.50
11134,1,44,4,90.28,13.54,36.11
11134,2,61,5,113.57,22.71,48.83
11135,1,47,6,94.39,23.59,43.41
11135,2,64,7,117.68,5.88,57.66
11136,1,50,8,98.50,9.85,51.22
11136,2,67,1,121.79,18.26,66.98
11137,1,53,2,102.61,20.52,59.51
11137,2,70,3,125.90,31.47,76.79
11138,1,56,4,106.72,5.33,68.30
11138,2,73,5,130.01,13.00,87.10
11139,1,59,6,110.83,16.62,77.58
11139,2,76,7,134.12,26.82,46.94
11140,1,62,8,114.94,28.73,43.67
11140,2,79,1,138.23,6.91,56.67
11141,1,65,2,119.05,11.90,52.38
11141,2,82,3,142.34,21.35,66.89
11142,1,68,4,123.16,24.63,61.58
11142,2,85,5,146.45,36.61,77.61
11143,1,71,6,127.27,6.36,71.27
11143,2,88,7,150.56,15.05,88.83
11144,1,74,8,131.38,19.70,81.45
11144,2,91,1,154.67,30.93,100.53
11145,1,77,2,135.49,33.87,92.13
11145,2,94,3,158.78,7.93,112.73
11146,1,80,4,139.60,13.96,50.25
11146,2,97,5,162.89,24.43,63.52
11147,1,83,6,143.71,28.74,60.35
11147,2,100,7,167.00,41.75,75.15
11148,1,86,8,147.82,7.39,70.95
11148,2,103,1,171.11,17.11,87.26
11149,1,89,2,151.93,22.78,82.04
11149,2,106,3,175.22,35.04,99.87
11150,1,92,4,156.04,39.01,93.62
11150,2,109,5,179.33,0.00,112.97
11151,1,95,6,160.15,0.00,105.69
11151,2,112,7,183.44,0.00,126.57
11152,1,98,8,164.26,0.00,118.26
11152,2,3,1,34.11,0.00,12.62
11153,1,101,2,168.37,0.00,67.34
11153,2,6,3,38.22,0.00,16.43
11154,1,104,4,172.48,0.00,79.34
11154,2,9,5,42.33,0.00,20.74
11155,1,107,6,176.59,0.00,91.82
11155,2,12,7,46.44,0.00,25.54
11156,1,110,8,180.70,0.00,104.80
11156,2,15,1,50.55,0.00,30.83
11157,1,1,2,31.37,0.00,20.07
11157,2,18,3,54.66,0.00,36.62
11158,1,4,4,35.48,0.00,24.83
11158,2,21,5,58.77,0.00,20.56
11159,1,7,6,39.59,0.00,15.04
11159,2,24,7,62.88,0.00,25.78
11160,1,10,8,43.70,0.00,19.22
11160,2,27,1,66.99,0.00,31.48
11161,1,13,2,47.81,0.00,23.90
11161,2,30,3,71.10,0.00,37.68
11162,1,16,4,51.92,0.00,29.07
11162,2,33,5,75.21,0.00,44.37
11163,1,19,6,56.03,0.00,34.73
11163,2,36,7,79.32,0.00,51.55
11164,1,22,8,60.14,0.00,40.89
11164,2,39,1,83.43,0.00,59.23
11165,1,25,2,64.25,0.00,23.13
11165,2,42,3,87.54,0.00,34.14
11166,1,28,4,68.36,0.00,28.71
11166,2,45,5,91.65,0.00,41.24
11167,1,31,6,72.47,0.00,34.78
11167,2,48,7,95.76,0.00,48.83
11168,1,34,8,76.58,0.00,41.35
11168,2,51,1,99.87,0.00,56.92
11169,1,37,2,80.69,0.00,48.41
11169,2,54,3,103.98,0.00,65.50
11170,1,40,4,84.80,0.00,55.96
11170,2,57,5,108.09,0.00,74.58
11171,1,43,6,88.91,0.00,64.01
11171,2,60,7,112.20,0.00,41.51
11172,1,46,8,93.02,0.00,37.20
11172,2,63,1,116.31,0.00,50.01
11173,1,49,2,97.13,0.00,44.67
11173,2,66,3,120.42,0.00,59.00
11174,1,52,4,101.24,0.00,52.64
11174,2,69,5,124.53,0.00,68.49
11175,1,55,6,105.35,0.00,61.10
11175,2,72,7,128.64,0.00,78.47
11176,1,58,8,109.46,0.00,70.05
11176,2,75,1,132.75,0.00,88.94
11177,1,61,2,113.57,0.00,79.49
11177,2,78,3,136.86,0.00,47.90
11178,1,64,4,117.68,0.00,44.71
11178,2,81,5,140.97,0.00,57.79
11179,1,67,6,121.79,0.00,53.58
11179,2,84,7,145.08,0.00,68.18
11180,1,70,8,125.90,0.00,62.95
11180,2,87,1,149.19,0.00,79.07
11181,1,73,2,130.01,0.00,72.80
11181,2,90,3,153.30,22.99,90.44
11182,1,76,4,134.12,26.82,83.15
11182,2,93,5,157.41,39.35,102.31
11183,1,79,6,138.23,6.91,93.99
11183,2,96,7,161.52,16.15,114.67
11184,1,82,8,142.34,21.35,51.24
11184,2,99,1,165.63,33.12,64.59
11185,1,85,2,146.45,36.61,61.50
11185,2,102,3,169.74,8.48,76.38
11186,1,88,4,150.56,15.05,72.26
11186,2,105,5,173.85,26.07,88.66
11187,1,91,6,154.67,30.93,83.52
11187,2,108,7,177.96,44.49,101.43
11188,1,94,8,158.78,7.93,95.26
11188,2,111,1,182.07,18.20,114.70
11189,1,97,2,162.89,24.43,107.50
11189,2,2,3,32.74,6.54,22.59
11190,1,100,4,167.00,41.75,120.24
11190,2,5,5,36.85,1.84,13.63
11191,1,103,6,171.11,17.11,68.44
11191,2,8,7,40.96,6.14,17.61
11192,1,106,8,175.22,35.04,80.60
11192,2,11,1,45.07,11.26,22.08
11193,1,109,2,179.33,8.96,93.25
11193,2,14,3,49.18,4.91,27.04
11194,1,112,4,183.44,27.51,106.39
11194,2,17,5,53.29,10.65,32.50
11195,1,3,6,34.11,8.52,21.83
11195,2,20,7,57.40,2.87,38.45
11196,1,6,8,38.22,3.82,26.75
11196,2,23,1,61.51,9.22,21.52
11197,1,9,2,42.33,8.46,16.08
11197,2,26,3,65.62,16.40,26.90
11198,1,12,4,46.44,2.32,20.43
11198,2,29,5,69.73,6.97,32.77
11199,1,15,6,50.55,7.58,25.27
11199,2,32,7,73.84,14.76,39.13
11200,1,18,8,54.66,13.66,30.60
11200,2,35,1,77.95,0.00,45.99
11201,1,21,2,58.77,0.00,36.43
11201,2,38,3,82.06,0.00,53.33
11202,1,24,4,62.88,0.00,42.75
11202,2,41,5,86.17,0.00,61.18
11203,1,27,6,66.99,0.00,24.11
11203,2,44,7,90.28,0.00,35.20
11204,1,30,8,71.10,0.00,29.86
11204,2,47,1,94.39,0.00,42.47
11205,1,33,2,75.21,0.00,36.10
11205,2,50,3,98.50,0.00,50.23
11206,1,36,4,79.32,0.00,42.83
11206,2,53,5,102.61,0.00,58.48
11207,1,39,6,83.43,0.00,50.05
11207,2,56,7,106.72,0.00,67.23
11208,1,42,8,87.54,0.00,57.77
11208,2,59,1,110.83,0.00,76.47
11209,1,45,2,91.65,0.00,65.98
11209,2,62,3,114.94,0.00,42.52
11210,1,48,4,95.76,0.00,38.30
11210,2,65,5,119.05,0.00,51.19
11211,1,51,6,99.87,0.00,45.94
11211,2,68,7,123.16,0.00,60.34
11212,1,54,8,103.98,0.00,54.06
11212,2,71,1,127.27,0.00,69.99
11213,1,57,2,108.09,0.00,62.69
11213,2,74,3,131.38,0.00,80.14
11214,1,60,4,112.20,0.00,71.80
11214,2,77,5,135.49,0.00,90.77
11215,1,63,6,116.31,0.00,81.41
11215,2,80,7,139.60,0.00,48.86
11216,1,66,8,120.42,0.00,45.75
11216,2,83,1,143.71,0.00,58.92
11217,1,69,2,124.53,0.00,54.79
11217,2,86,3,147.82,0.00,69.47
11218,1,72,4,128.64,0.00,64.32
11218,2,89,5,151.93,0.00,80.52
11219,1,75,6,132.75,0.00,74.34
11219,2,92,7,156.04,0.00,92.06
11220,1,78,8,136.86,0.00,84.85
11220,2,95,1,160.15,0.00,104.09
11221,1,81,2,140.97,0.00,95.85
11221,2,98,3,164.26,0.00,116.62
11222,1,84,4,145.08,0.00,52.22
11222,2,101,5,168.37,0.00,65.66
11223,1,87,6,149.19,0.00,62.65
11223,2,104,7,172.48,0.00,77.61
11224,1,90,8,153.30,0.00,73.58
11224,2,107,1,176.59,0.00,90.06
11225,1,93,2,157.41,0.00,85.00
11225,2,110,3,180.70,0.00,102.99
11226,1,96,4,161.52,0.00,96.91
11226,2,1,5,31.37,0.00,19.76
11227,1,99,6,165.63,0.00,109.31
11227,2,4,7,35.48,0.00,24.48
11228,1,102,8,169.74,0.00,122.21
11228,2,7,1,39.59,0.00,14.64
11229,1,105,2,173.85,0.00,69.54
11229,2,10,3,43.70,0.00,18.79
11230,1,108,4,177.96,0.00,81.86
11230,2,13,5,47.81,0.00,23.42
11231,1,111,6,182.07,0.00,94.67
11231,2,16,7,51.92,7.78,28.55
11232,1,2,8,32.74,6.54,18.98
11232,2,19,1,56.03,14.00,34.17
11233,1,5,2,36.85,1.84,23.58
11233,2,22,3,60.14,6.01,40.29
11234,1,8,4,40.96,6.14,28.67
11234,2,25,5,64.25,12.85,22.48
11235,1,11,6,45.07,11.26,17.12
11235,2,28,7,68.36,3.41,28.02
11236,1,14,8,49.18,4.91,21.63
11236,2,31,1,72.47,10.87,34.06
11237,1,17,2,53.29,10.65,26.64
11237,2,34,3,76.58,19.14,40.58
11238,1,20,4,57.40,2.87,32.14
11238,2,37,5,80.69,8.06,47.60
11239,1,23,6,61.51,9.22,38.13
11239,2,40,7,84.80,16.96,55.12
11240,1,26,8,65.62,16.40,44.62
11240,2,43,1,88.91,4.44,63.12
11241,1,29,2,69.73,6.97,25.10
11241,2,46,3,93.02,13.95,36.27
11242,1,32,4,73.84,14.76,31.01
11242,2,49,5,97.13,24.28,43.70
11243,1,35,6,77.95,3.89,37.41
11243,2,52,7,101.24,10.12,51.63
11244,1,38,8,82.06,12.30,44.31
11244,2,55,1,105.35,21.07,60.04
11245,1,41,2,86.17,21.54,51.70
11245,2,58,3,109.46,5.47,68.95
11246,1,44,4,90.28,9.02,59.58
11246,2,61,5,113.57,17.03,78.36
11247,1,47,6,94.39,18.87,67.96
11247,2,64,7,117.68,29.42,43.54
11248,1,50,8,98.50,4.92,39.40
11248,2,67,1,121.79,12.17,52.36
11249,1,53,2,102.61,15.39,47.20
11249,2,70,3,125.90,25.18,61.69
11250,1,56,4,106.72,26.68,55.49
11250,2,73,5,130.01,0.00,71.50
11251,1,59,6,110.83,0.00,64.28
11251,2,76,7,134.12,0.00,81.81
11252,1,62,8,114.94,0.00,73.56
11252,2,79,1,138.23,0.00,92.61
11253,1,65,2,119.05,0.00,83.33
11253,2,82,3,142.34,0.00,49.81
11254,1,68,4,123.16,0.00,46.80
11254,2,85,5,146.45,0.00,60.04
11255,1,71,6,127.27,0.00,55.99
11255,2,88,7,150.56,0.00,70.76
11256,1,74,8,131.38,0.00,65.69
11256,2,91,1,154.67,0.00,81.97
11257,1,77,2,135.49,0.00,75.87
11257,2,94,3,158.78,0.00,93.68
11258,1,80,4,139.60,0.00,86.55
11258,2,97,5,162.89,0.00,105.87
11259,1,83,6,143.71,0.00,97.72
11259,2,100,7,167.00,0.00,118.57
11260,1,86,8,147.82,0.00,53.21
11260,2,103,1,171.11,0.00,66.73
11261,1,89,2,151.93,0.00,63.81
11261,2,106,3,175.22,0.00,78.84
11262,1,92,4,156.04,0.00,74.89
11262,2,109,5,179.33,0.00,91.45
11263,1,95,6,160.15,0.00,86.48
11263,2,112,7,183.44,0.00,104.56
11264,1,98,8,164.26,0.00,98.55
11264,2,3,1,34.11,0.00,21.48
11265,1,101,2,168.37,0.00,111.12
11265,2,6,3,38.22,0.00,26.37
11266,1,104,4,172.48,0.00,124.18
11266,2,9,5,42.33,0.00,15.66
11267,1,107,6,176.59,0.00,70.63
11267,2,12,7,46.44,0.00,19.96
11268,1,110,8,180.70,0.00,83.12
11268,2,15,1,50.55,0.00,24.76
11269,1,1,2,31.37,0.00,16.31
11269,2,18,3,54.66,0.00,30.06
11270,1,4,4,35.48,0.00,20.57
11270,2,21,5,58.77,0.00,35.84
11271,1,7,6,39.59,0.00,25.33
11271,2,24,7,62.88,0.00,42.12
11272,1,10,8,43.70,0.00,30.59
11272,2,27,1,66.99,0.00,23.44
11273,1,13,2,47.81,0.00,18.16
11273,2,30,3,71.10,0.00,29.15
11274,1,16,4,51.92,0.00,22.84
11274,2,33,5,75.21,0.00,35.34
11275,1,19,6,56.03,0.00,28.01
11275,2,36,7,79.32,0.00,42.03
11276,1,22,8,60.14,0.00,33.67
11276,2,39,1,83.43,0.00,49.22
11277,1,25,2,64.25,0.00,39.83
11277,2,42,3,87.54,0.00,56.90
11278,1,28,4,68.36,0.00,46.48
11278,2,45,5,91.65,0.00,65.07
11279,1,31,6,72.47,0.00,26.08
11279,2,48,7,95.76,0.00,37.34
11280,1,34,8,76.58,0.00,32.16
11280,2,51,1,99.87,0.00,44.94
11281,1,37,2,80.69,0.00,38.73
11281,2,54,3,103.98,15.59,53.02
11282,1,40,4,84.80,16.96,45.79
11282,2,57,5,108.09,27.02,61.61
11283,1,43,6,88.91,4.44,53.34
11283,2,60,7,112.20,11.22,70.68
11284,1,46,8,93.02,13.95,61.39
11284,2,63,1,116.31,23.26,80.25
11285,1,49,2,97.13,24.28,69.93
11285,2,66,3,120.42,6.02,44.55
11286,1,52,4,101.24,10.12,40.49
11286,2,69,5,124.53,18.67,53.54
11287,1,55,6,105.35,21.07,48.46
11287,2,72,7,128.64,32.16,63.03
11288,1,58,8,109.46,5.47,56.91
11288,2,75,1,132.75,13.27,73.01
11289,1,61,2,113.57,17.03,65.87
11289,2,78,3,136.86,27.37,83.48
11290,1,64,4,117.68,29.42,75.31
11290,2,81,5,140.97,7.04,94.44
11291,1,67,6,121.79,12.17,85.25
11291,2,84,7,145.08,21.76,50.77
11292,1,70,8,125.90,25.18,47.84
11292,2,87,1,149.19,37.29,61.16
11293,1,73,2,130.01,6.50,57.20
11293,2,90,3,153.30,15.33,72.05
11294,1,76,4,134.12,20.11,67.06
11294,2,93,5,157.41,31.48,83.42
11295,1,79,6,138.23,34.55,77.40
11295,2,96,7,161.52,8.07,95.29
11296,1,82,8,142.34,14.23,88.25
11296,2,99,1,165.63,24.84,107.65
11297,1,85,2,146.45,29.29,99.58
11297,2,102,3,169.74,42.43,120.51
11298,1,88,4,150.56,7.52,54.20
11298,2,105,5,173.85,17.38,67.80
11299,1,91,6,154.67,23.20,64.96
11299,2,108,7,177.96,35.59,80.08
11300,1,94,8,158.78,39.69,76.21
11300,2,111,1,182.07,0.00,92.85
11301,1,97,2,162.89,0.00,87.96
11301,2,2,3,32.74,0.00,18.66
11302,1,100,4,167.00,0.00,100.20
11302,2,5,5,36.85,0.00,23.21
11303,1,103,6,171.11,0.00,112.93
11303,2,8,7,40.96,0.00,28.26
11304,1,106,8,175.22,0.00,126.15
11304,2,11,1,45.07,0.00,16.67
11305,1,109,2,179.33,0.00,71.73
11305,2,14,3,49.18,0.00,21.14
11306,1,112,4,183.44,0.00,84.38
11306,2,17,5,53.29,0.00,26.11
11307,1,3,6,34.11,0.00,17.73
11307,2,20,7,57.40,0.00,31.57
11308,1,6,8,38.22,0.00,22.16
11308,2,23,1,61.51,0.00,37.52
11309,1,9,2,42.33,0.00,27.09
11309,2,26,3,65.62,0.00,43.96
11310,1,12,4,46.44,0.00,32.50
11310,2,29,5,69.73,0.00,24.40
11311,1,15,6,50.55,0.00,19.20
11311,2,32,7,73.84,0.00,30.27
11312,1,18,8,54.66,0.00,24.05
11312,2,35,1,77.95,0.00,36.63
11313,1,21,2,58.77,0.00,29.38
11313,2,38,3,82.06,0.00,43.49
11314,1,24,4,62.88,0.00,35.21
11314,2,41,5,86.17,0.00,50.84
11315,1,27,6,66.99,0.00,41.53
11315,2,44,7,90.28,0.00,58.68
11316,1,30,8,71.10,0.00,48.34
11316,2,47,1,94.39,0.00,67.01
11317,1,33,2,75.21,0.00,27.07
11317,2,50,3,98.50,0.00,38.41
11318,1,36,4,79.32,0.00,33.31
11318,2,53,5,102.61,0.00,46.17
11319,1,39,6,83.43,0.00,40.04
11319,2,56,7,106.72,0.00,54.42
11320,1,42,8,87.54,0.00,47.27
11320,2,59,1,110.83,0.00,63.17
11321,1,45,2,91.65,0.00,54.99
11321,2,62,3,114.94,0.00,72.41
11322,1,48,4,95.76,0.00,63.20
11322,2,65,5,119.05,0.00,82.14
11323,1,51,6,99.87,0.00,71.90
11323,2,68,7,123.16,0.00,45.56
11324,1,54,8,103.98,0.00,41.59
11324,2,71,1,127.27,0.00,54.72
11325,1,57,2,108.09,0.00,49.72
11325,2,74,3,131.38,0.00,64.37
11326,1,60,4,112.20,0.00,58.34
11326,2,77,5,135.49,0.00,74.51
11327,1,63,6,116.31,0.00,67.45
11327,2,80,7,139.60,0.00,85.15
11328,1,66,8,120.42,0.00,77.06
11328,2,83,1,143.71,0.00,96.28
11329,1,69,2,124.53,0.00,87.17
11329,2,86,3,147.82,0.00,51.73
11330,1,72,4,128.64,0.00,48.88
11330,2,89,5,151.93,0.00,62.29
11331,1,75,6,132.75,0.00,58.41
11331,2,92,7,156.04,23.40,73.33
11332,1,78,8,136.86,27.37,68.43
11332,2,95,1,160.15,40.03,84.87
11333,1,81,2,140.97,7.04,78.94
11333,2,98,3,164.26,16.42,96.91
11334,1,84,4,145.08,21.76,89.94
11334,2,101,5,168.37,33.67,109.44
11335,1,87,6,149.19,37.29,101.44
11335,2,104,7,172.48,8.62,122.46
11336,1,90,8,153.30,15.33,55.18
11336,2,107,1,176.59,26.48,68.87
11337,1,93,2,157.41,31.48,66.11
11337,2,110,3,180.70,45.17,81.31
11338,1,96,4,161.52,8.07,77.52
11338,2,1,5,31.37,3.13,15.99
11339,1,99,6,165.63,24.84,89.44
11339,2,4,7,35.48,7.09,20.22
11340,1,102,8,169.74,42.43,101.84
11340,2,7,1,39.59,1.97,24.94
11341,1,105,2,173.85,17.38,114.74
11341,2,10,3,43.70,6.55,30.15
11342,1,108,4,177.96,35.59,128.13
11342,2,13,5,47.81,11.95,17.68
11343,1,111,6,182.07,9.10,72.82
11343,2,16,7,51.92,5.19,22.32
11344,1,2,8,32.74,4.91,15.06
11344,2,19,1,56.03,11.20,27.45
11345,1,5,2,36.85,9.21,19.16
11345,2,22,3,60.14,3.00,33.07
11346,1,8,4,40.96,4.09,23.75
11346,2,25,5,64.25,9.63,39.19
11347,1,11,6,45.07,9.01,28.84
11347,2,28,7,68.36,17.09,45.80
11348,1,14,8,49.18,2.45,34.42
11348,2,31,1,72.47,7.24,25.36
11349,1,17,2,53.29,7.99,20.25
11349,2,34,3,76.58,15.31,31.39
11350,1,20,4,57.40,14.35,25.25
11350,2,37,5,80.69,0.00,37.92
11351,1,23,6,61.51,0.00,30.75
11351,2,40,7,84.80,0.00,44.94
11352,1,26,8,65.62,0.00,36.74
11352,2,43,1,88.91,0.00,52.45
11353,1,29,2,69.73,0.00,43.23
11353,2,46,3,93.02,0.00,60.46
11354,1,32,4,73.84,0.00,50.21
11354,2,49,5,97.13,0.00,68.96
11355,1,35,6,77.95,0.00,28.06
11355,2,52,7,101.24,0.00,39.48
11356,1,38,8,82.06,0.00,34.46
11356,2,55,1,105.35,0.00,47.40
11357,1,41,2,86.17,0.00,41.36
11357,2,58,3,109.46,0.00,55.82
11358,1,44,4,90.28,0.00,48.75
11358,2,61,5,113.57,0.00,64.73
11359,1,47,6,94.39,0.00,56.63
11359,2,64,7,117.68,0.00,74.13
11360,1,50,8,98.50,0.00,65.01
11360,2,67,1,121.79,0.00,84.03
11361,1,53,2,102.61,0.00,73.87
11361,2,70,3,125.90,0.00,46.58
11362,1,56,4,106.72,0.00,42.68
11362,2,73,5,130.01,0.00,55.90
11363,1,59,6,110.83,0.00,50.98
11363,2,76,7,134.12,0.00,65.71
11364,1,62,8,114.94,0.00,59.76
11364,2,79,1,138.23,0.00,76.02
11365,1,65,2,119.05,0.00,69.04
11365,2,82,3,142.34,0.00,86.82
11366,1,68,4,123.16,0.00,78.82
11366,2,85,5,146.45,0.00,98.12
11367,1,71,6,127.27,0.00,89.08
11367,2,88,7,150.56,0.00,52.69
11368,1,74,8,131.38,0.00,49.92
11368,2,91,1,154.67,0.00,63.41
11369,1,77,2,135.49,0.00,59.61
11369,2,94,3,158.78,0.00,74.62
11370,1,80,4,139.60,0.00,69.80
11370,2,97,5,162.89,0.00,86.33
11371,1,83,6,143.71,0.00,80.47
11371,2,100,7,167.00,0.00,98.53
11372,1,86,8,147.82,0.00,91.64
11372,2,103,1,171.11,0.00,111.22
11373,1,89,2,151.93,0.00,103.31
11373,2,106,3,175.22,0.00,124.40
11374,1,92,4,156.04,0.00,56.17
11374,2,109,5,179.33,0.00,69.93
11375,1,95,6,160.15,0.00,67.26
11375,2,112,7,183.44,0.00,82.54
11376,1,98,8,164.26,0.00,78.84
11376,2,3,1,34.11,0.00,17.39
11377,1,101,2,168.37,0.00,90.91
11377,2,6,3,38.22,0.00,21.78
11378,1,104,4,172.48,0.00,103.48
11378,2,9,5,42.33,0.00,26.66
11379,1,107,6,176.59,0.00,116.54
11379,2,12,7,46.44,0.00,32.04
11380,1,110,8,180.70,0.00,130.10
11380,2,15,1,50.55,0.00,18.70
11381,1,1,2,31.37,0.00,12.54
11381,2,18,3,54.66,8.19,23.50
11382,1,4,4,35.48,7.09,16.32
11382,2,21,5,58.77,14.69,28.79
11383,1,7,6,39.59,1.97,20.58
11383,2,24,7,62.88,6.28,34.58
11384,1,10,8,43.70,6.55,25.34
11384,2,27,1,66.99,13.39,40.86
11385,1,13,2,47.81,11.95,30.59
11385,2,30,3,71.10,3.55,47.63
11386,1,16,4,51.92,5.19,36.34
11386,2,33,5,75.21,11.28,26.32
11387,1,19,6,56.03,11.20,21.29
11387,2,36,7,79.32,19.83,32.52
11388,1,22,8,60.14,3.00,26.46
11388,2,39,1,83.43,8.34,39.21
11389,1,25,2,64.25,9.63,32.12
11389,2,42,3,87.54,17.50,46.39
11390,1,28,4,68.36,17.09,38.28
11390,2,45,5,91.65,4.58,54.07
11391,1,31,6,72.47,7.24,44.93
11391,2,48,7,95.76,14.36,62.24
11392,1,34,8,76.58,15.31,52.07
11392,2,51,1,99.87,24.96,70.90
11393,1,37,2,80.69,4.03,29.04
11393,2,54,3,103.98,10.39,40.55
11394,1,40,4,84.80,12.72,35.61
11394,2,57,5,108.09,21.61,48.64
11395,1,43,6,88.91,22.22,42.67
11395,2,60,7,112.20,5.61,57.22
11396,1,46,8,93.02,9.30,50.23
11396,2,63,1,116.31,17.44,66.29
11397,1,49,2,97.13,19.42,58.27
11397,2,66,3,120.42,30.10,75.86
11398,1,52,4,101.24,5.06,66.81
11398,2,69,5,124.53,12.45,85.92
11399,1,55,6,105.35,15.80,75.85
11399,2,72,7,128.64,25.72,47.59
11400,1,58,8,109.46,27.36,43.78
11400,2,75,1,132.75,0.00,57.08
11401,1,61,2,113.57,0.00,52.24
11401,2,78,3,136.86,0.00,67.06
11402,1,64,4,117.68,0.00,61.19
11402,2,81,5,140.97,0.00,77.53
11403,1,67,6,121.79,0.00,70.63
11403,2,84,7,145.08,0.00,88.49
11404,1,70,8,125.90,0.00,80.57
11404,2,87,1,149.19,0.00,99.95
11405,1,73,2,130.01,0.00,91.00
11405,2,90,3,153.30,0.00,53.65
11406,1,76,4,134.12,0.00,50.96
11406,2,93,5,157.41,0.00,64.53
11407,1,79,6,138.23,0.00,60.82
11407,2,96,7,161.52,0.00,75.91
11408,1,82,8,142.34,0.00,71.17
11408,2,99,1,165.63,0.00,87.78
11409,1,85,2,146.45,0.00,82.01
11409,2,102,3,169.74,0.00,100.14
11410,1,88,4,150.56,0.00,93.34
11410,2,105,5,173.85,0.00,113.00
11411,1,91,6,154.67,0.00,105.17
11411,2,108,7,177.96,0.00,126.35
11412,1,94,8,158.78,0.00,57.16
11412,2,111,1,182.07,0.00,71.00
11413,1,97,2,162.89,0.00,68.41
11413,2,2,3,32.74,0.00,14.73
11414,1,100,4,167.00,0.00,80.16
11414,2,5,5,36.85,0.00,18.79
11415,1,103,6,171.11,0.00,92.39
11415,2,8,7,40.96,0.00,23.34
11416,1,106,8,175.22,0.00,105.13
11416,2,11,1,45.07,0.00,28.39
11417,1,109,2,179.33,0.00,118.35
11417,2,14,3,49.18,0.00,33.93
11418,1,112,4,183.44,0.00,132.07
11418,2,17,5,53.29,0.00,19.71
11419,1,3,6,34.11,0.00,13.64
11419,2,20,7,57.40,0.00,24.68
11420,1,6,8,38.22,0.00,17.58
11420,2,23,1,61.51,0.00,30.13
11421,1,9,2,42.33,0.00,22.01
11421,2,26,3,65.62,0.00,36.09
11422,1,12,4,46.44,0.00,26.93
11422,2,29,5,69.73,0.00,42.53
11423,1,15,6,50.55,0.00,32.35
11423,2,32,7,73.84,0.00,49.47
11424,1,18,8,54.66,0.00,38.26
11424,2,35,1,77.95,0.00,27.28
11425,1,21,2,58.77,0.00,22.33
11425,2,38,3,82.06,0.00,33.64
11426,1,24,4,62.88,0.00,27.66
11426,2,41,5,86.17,0.00,40.49
11427,1,27,6,66.99,0.00,33.49
11427,2,44,7,90.28,0.00,47.84
11428,1,30,8,71.10,0.00,39.81
11428,2,47,1,94.39,0.00,55.69
11429,1,33,2,75.21,0.00,46.63
11429,2,50,3,98.50,0.00,64.02
11430,1,36,4,79.32,0.00,53.93
11430,2,53,5,102.61,0.00,72.85
11431,1,39,6,83.43,0.00,30.03
11431,2,56,7,106.72,16.00,41.62
11432,1,42,8,87.54,17.50,36.76
11432,2,59,1,110.83,27.70,49.87
11433,1,45,2,91.65,4.58,43.99
11433,2,62,3,114.94,11.49,58.61
11434,1,48,4,95.76,14.36,51.71
11434,2,65,5,119.05,23.81,67.85
11435,1,51,6,99.87,24.96,59.92
11435,2,68,7,123.16,6.15,77.59
11436,1,54,8,103.98,10.39,68.62
11436,2,71,1,127.27,19.09,87.81
11437,1,57,2,108.09,21.61,77.82
11437,2,74,3,131.38,32.84,48.61
11438,1,60,4,112.20,5.61,44.88
11438,2,77,5,135.49,13.54,58.26
11439,1,63,6,116.31,17.44,53.50
11439,2,80,7,139.60,27.92,68.40
11440,1,66,8,120.42,30.10,62.61
11440,2,83,1,143.71,7.18,79.04
11441,1,69,2,124.53,12.45,72.22
11441,2,86,3,147.82,22.17,90.17
11442,1,72,4,128.64,25.72,82.32
11442,2,89,5,151.93,37.98,101.79
11443,1,75,6,132.75,6.63,92.92
11443,2,92,7,156.04,15.60,54.61
11444,1,78,8,136.86,20.52,52.00
11444,2,95,1,160.15,32.03,65.66
11445,1,81,2,140.97,35.24,62.02
11445,2,98,3,164.26,8.21,77.20
11446,1,84,4,145.08,14.50,72.54
11446,2,101,5,168.37,25.25,89.23
11447,1,87,6,149.19,29.83,83.54
11447,2,104,7,172.48,43.12,101.76
11448,1,90,8,153.30,7.66,95.04
11448,2,107,1,176.59,17.65,114.78
11449,1,93,2,157.41,23.61,107.03
11449,2,110,3,180.70,36.14,128.29
11450,1,96,4,161.52,40.38,58.14
11450,2,1,5,31.37,0.00,12.23
11451,1,99,6,165.63,0.00,69.56
11451,2,4,7,35.48,0.00,15.96
11452,1,102,8,169.74,0.00,81.47
11452,2,7,1,39.59,0.00,20.19
11453,1,105,2,173.85,0.00,93.87
11453,2,10,3,43.70,0.00,24.90
11454,1,108,4,177.96,0.00,106.77
11454,2,13,5,47.81,0.00,30.12
11455,1,111,6,182.07,0.00,120.16
11455,2,16,7,51.92,0.00,35.82
11456,1,2,8,32.74,0.00,23.57
11456,2,19,1,56.03,0.00,20.73
11457,1,5,2,36.85,0.00,14.74
11457,2,22,3,60.14,0.00,25.86
11458,1,8,4,40.96,0.00,18.84
11458,2,25,5,64.25,0.00,31.48
11459,1,11,6,45.07,0.00,23.43
11459,2,28,7,68.36,0.00,37.59
11460,1,14,8,49.18,0.00,28.52
11460,2,31,1,72.47,0.00,44.20
11461,1,17,2,53.29,0.00,34.10
11461,2,34,3,76.58,0.00,51.30
11462,1,20,4,57.40,0.00,40.18
11462,2,37,5,80.69,0.00,28.24
11463,1,23,6,61.51,0.00,23.37
11463,2,40,7,84.80,0.00,34.76
11464,1,26,8,65.62,0.00,28.87
11464,2,43,1,88.91,0.00,41.78
11465,1,29,2,69.73,0.00,34.86
11465,2,46,3,93.02,0.00,49.30
11466,1,32,4,73.84,0.00,41.35
11466,2,49,5,97.13,0.00,57.30
11467,1,35,6,77.95,0.00,48.32
11467,2,52,7,101.24,0.00,65.80
11468,1,38,8,82.06,0.00,55.80
11468,2,55,1,105.35,0.00,74.79
11469,1,41,2,86.17,0.00,31.02
11469,2,58,3,109.46,0.00,42.68
11470,1,44,4,90.28,0.00,37.91
11470,2,61,5,113.57,0.00,51.10
11471,1,47,6,94.39,0.00,45.30
11471,2,64,7,117.68,0.00,60.01
11472,1,50,8,98.50,0.00,53.19
11472,2,67,1,121.79,0.00,69.42
11473,1,53,2,102.61,0.00,61.56
11473,2,70,3,125.90,0.00,79.31
11474,1,56,4,106.72,0.00,70.43
11474,2,73,5,130.01,0.00,89.70
11475,1,59,6,110.83,0.00,79.79
11475,2,76,7,134.12,0.00,49.62
11476,1,62,8,114.94,0.00,45.97
11476,2,79,1,138.23,0.00,59.43
11477,1,65,2,119.05,0.00,54.76
11477,2,82,3,142.34,0.00,69.74
11478,1,68,4,123.16,0.00,64.04
11478,2,85,5,146.45,0.00,80.54
11479,1,71,6,127.27,0.00,73.81
11479,2,88,7,150.56,0.00,91.84
11480,1,74,8,131.38,0.00,84.08
11480,2,91,1,154.67,0.00,103.62
11481,1,77,2,135.49,0.00,94.84
11481,2,94,3,158.78,23.81,55.57
11482,1,80,4,139.60,27.92,53.04
11482,2,97,5,162.89,40.72,66.78
11483,1,83,6,143.71,7.18,63.23
11483,2,100,7,167.00,16.70,78.49
11484,1,86,8,147.82,22.17,73.91
11484,2,103,1,171.11,34.22,90.68
11485,1,89,2,151.93,37.98,85.08
11485,2,106,3,175.22,8.76,103.37
11486,1,92,4,156.04,15.60,96.74
11486,2,109,5,179.33,26.89,116.56
11487,1,95,6,160.15,32.03,108.90
11487,2,112,7,183.44,45.86,130.24
11488,1,98,8,164.26,8.21,59.13
11488,2,3,1,34.11,3.41,13.30
11489,1,101,2,168.37,25.25,70.71
11489,2,6,3,38.22,7.64,17.19
11490,1,104,4,172.48,43.12,82.79
11490,2,9,5,42.33,2.11,21.58
11491,1,107,6,176.59,17.65,95.35
11491,2,12,7,46.44,6.96,26.47
11492,1,110,8,180.70,36.14,108.42
11492,2,15,1,50.55,12.63,31.84
11493,1,1,2,31.37,1.56,20.70
11493,2,18,3,54.66,5.46,37.71
11494,1,4,4,35.48,5.32,25.54
11494,2,21,5,58.77,11.75,21.74
11495,1,7,6,39.59,9.89,15.83
11495,2,24,7,62.88,3.14,27.03
11496,1,10,8,43.70,4.37,20.10
11496,2,27,1,66.99,10.04,32.82
11497,1,13,2,47.81,9.56,24.86
11497,2,30,3,71.10,17.77,39.10
11498,1,16,4,51.92,2.59,30.11
11498,2,33,5,75.21,7.52,45.87
11499,1,19,6,56.03,8.40,35.85
11499,2,36,7,79.32,15.86,53.14
11500,1,22,8,60.14,15.03,42.09
11500,2,39,1,83.43,0.00,29.20
11501,1,25,2,64.25,0.00,24.41
11501,2,42,3,87.54,0.00,35.89
11502,1,28,4,68.36,0.00,30.07
11502,2,45,5,91.65,0.00,43.07
11503,1,31,6,72.47,0.00,36.23
11503,2,48,7,95.76,0.00,50.75
11504,1,34,8,76.58,0.00,42.88
11504,2,51,1,99.87,0.00,58.92
11505,1,37,2,80.69,0.00,50.02
11505,2,54,3,103.98,0.00,67.58
11506,1,40,4,84.80,0.00,57.66
11506,2,57,5,108.09,0.00,76.74
11507,1,43,6,88.91,0.00,32.00
11507,2,60,7,112.20,0.00,43.75
11508,1,46,8,93.02,0.00,39.06
11508,2,63,1,116.31,0.00,52.33
11509,1,49,2,97.13,0.00,46.62
11509,2,66,3,120.42,0.00,61.41
11510,1,52,4,101.24,0.00,54.66
11510,2,69,5,124.53,0.00,70.98
11511,1,55,6,105.35,0.00,63.21
11511,2,72,7,128.64,0.00,81.04
11512,1,58,8,109.46,0.00,72.24
11512,2,75,1,132.75,0.00,91.59
11513,1,61,2,113.57,0.00,81.77
11513,2,78,3,136.86,0.00,50.63
11514,1,64,4,117.68,0.00,47.07
11514,2,81,5,140.97,0.00,60.61
11515,1,67,6,121.79,0.00,56.02
11515,2,84,7,145.08,0.00,71.08
11516,1,70,8,125.90,0.00,65.46
11516,2,87,1,149.19,0.00,82.05
11517,1,73,2,130.01,0.00,75.40
11517,2,90,3,153.30,0.00,93.51
11518,1,76,4,134.12,0.00,85.83
11518,2,93,5,157.41,0.00,105.46
11519,1,79,6,138.23,0.00,96.76
11519,2,96,7,161.52,0.00,56.53
11520,1,82,8,142.34,0.00,54.08
11520,2,99,1,165.63,0.00,67.90
11521,1,85,2,146.45,0.00,64.43
11521,2,102,3,169.74,0.00,79.77
11522,1,88,4,150.56,0.00,75.28
11522,2,105,5,173.85,0.00,92.14
11523,1,91,6,154.67,0.00,86.61
11523,2,108,7,177.96,0.00,104.99
11524,1,94,8,158.78,0.00,98.44
11524,2,111,1,182.07,0.00,118.34
11525,1,97,2,162.89,0.00,110.76
11525,2,2,3,32.74,0.00,23.24
11526,1,100,4,167.00,0.00,60.12
11526,2,5,5,36.85,0.00,14.37
11527,1,103,6,171.11,0.00,71.86
11527,2,8,7,40.96,0.00,18.43
11528,1,106,8,175.22,0.00,84.10
11528,2,11,1,45.07,0.00,22.98
11529,1,109,2,179.33,0.00,96.83
11529,2,14,3,49.18,0.00,28.03
11530,1,112,4,183.44,0.00,110.06
11530,2,17,5,53.29,0.00,33.57
11531,1,3,6,34.11,0.00,22.51
11531,2,20,7,57.40,8.61,39.60
11532,1,6,8,38.22,7.64,27.51
11532,2,23,1,61.51,15.37,22.75
11533,1,9,2,42.33,2.11,16.93
11533,2,26,3,65.62,6.56,28.21
11534,1,12,4,46.44,6.96,21.36
11534,2,29,5,69.73,13.94,34.16
11535,1,15,6,50.55,12.63,26.28
11535,2,32,7,73.84,3.69,40.61
11536,1,18,8,54.66,5.46,31.70
11536,2,35,1,77.95,11.69,47.54
11537,1,21,2,58.77,11.75,37.61
11537,2,38,3,82.06,20.51,54.98
11538,1,24,4,62.88,3.14,44.01
11538,2,41,5,86.17,8.61,30.15
11539,1,27,6,66.99,10.04,25.45
11539,2,44,7,90.28,18.05,37.01
11540,1,30,8,71.10,17.77,31.28
11540,2,47,1,94.39,4.71,44.36
11541,1,33,2,75.21,7.52,37.60
11541,2,50,3,98.50,14.77,52.20
11542,1,36,4,79.32,15.86,44.41
11542,2,53,5,102.61,25.65,60.53
11543,1,39,6,83.43,4.17,51.72
11543,2,56,7,106.72,10.67,69.36
11544,1,42,8,87.54,13.13,59.52
11544,2,59,1,110.83,22.16,78.68
11545,1,45,2,91.65,22.91,32.99
11545,2,62,3,114.94,5.74,44.82
11546,1,48,4,95.76,9.57,40.21
11546,2,65,5,119.05,17.85,53.57
11547,1,51,6,99.87,19.97,47.93
11547,2,68,7,123.16,30.79,62.81
11548,1,54,8,103.98,5.19,56.14
11548,2,71,1,127.27,12.72,72.54
11549,1,57,2,108.09,16.21,64.85
11549,2,74,3,131.38,26.27,82.76
11550,1,60,4,112.20,28.05,74.05
11550,2,77,5,135.49,0.00,93.48
11551,1,63,6,116.31,0.00,83.74
11551,2,80,7,139.60,0.00,51.65
11552,1,66,8,120.42,0.00,48.16
11552,2,83,1,143.71,0.00,61.79
11553,1,69,2,124.53,0.00,57.28
11553,2,86,3,147.82,0.00,72.43
11554,1,72,4,128.64,0.00,66.89
11554,2,89,5,151.93,0.00,83.56
11555,1,75,6,132.75,0.00,76.99
11555,2,92,7,156.04,0.00,95.18
11556,1,78,8,136.86,0.00,87.59
11556,2,95,1,160.15,0.00,107.30
11557,1,81,2,140.97,0.00,98.67
11557,2,98,3,164.26,0.00,57.49
11558,1,84,4,145.08,0.00,55.13
11558,2,101,5,168.37,0.00,69.03
11559,1,87,6,149.19,0.00,65.64
11559,2,104,7,172.48,0.00,81.06
11560,1,90,8,153.30,0.00,76.65
11560,2,107,1,176.59,0.00,93.59
11561,1,93,2,157.41,0.00,88.14
11561,2,110,3,180.70,0.00,106.61
11562,1,96,4,161.52,0.00,100.14
11562,2,1,5,31.37,0.00,20.39
11563,1,99,6,165.63,0.00,112.62
11563,2,4,7,35.48,0.00,25.19
11564,1,102,8,169.74,0.00,61.10
11564,2,7,1,39.59,0.00,15.44
11565,1,105,2,173.85,0.00,73.01
11565,2,10,3,43.70,0.00,19.66
11566,1,108,4,177.96,0.00,85.42
11566,2,13,5,47.81,0.00,24.38
11567,1,111,6,182.07,0.00,98.31
11567,2,16,7,51.92,0.00,29.59
11568,1,2,8,32.74,0.00,19.64
11568,2,19,1,56.03,0.00,35.29
11569,1,5,2,36.85,0.00,24.32
11569,2,22,3,60.14,0.00,41.49
11570,1,8,4,40.96,0.00,29.49
11570,2,25,5,64.25,0.00,23.77
11571,1,11,6,45.07,0.00,18.02
11571,2,28,7,68.36,0.00,29.39
11572,1,14,8,49.18,0.00,22.62
11572,2,31,1,72.47,0.00,35.51
11573,1,17,2,53.29,0.00,27.71
11573,2,34,3,76.58,0.00,42.11
11574,1,20,4,57.40,0.00,33.29
11574,2,37,5,80.69,0.00,49.22
11575,1,23,6,61.51,0.00,39.36
11575,2,40,7,84.80,0.00,56.81
11576,1,26,8,65.62,0.00,45.93
11576,2,43,1,88.91,0.00,31.11
11577,1,29,2,69.73,0.00,26.49
11577,2,46,3,93.02,0.00,38.13
11578,1,32,4,73.84,0.00,32.48
11578,2,49,5,97.13,0.00,45.65
11579,1,35,6,77.95,0.00,38.97
11579,2,52,7,101.24,0.00,53.65
11580,1,38,8,82.06,0.00,45.95
11580,2,55,1,105.35,0.00,62.15
11581,1,41,2,86.17,0.00,53.42
11581,2,58,3,109.46,16.41,71.14
11582,1,44,4,90.28,18.05,61.39
11582,2,61,5,113.57,28.39,80.63
11583,1,47,6,94.39,4.71,33.98
11583,2,64,7,117.68,11.76,45.89
11584,1,50,8,98.50,14.77,41.37
11584,2,67,1,121.79,24.35,54.80
11585,1,53,2,102.61,25.65,49.25
11585,2,70,3,125.90,6.29,64.20
11586,1,56,4,106.72,10.67,57.62
11586,2,73,5,130.01,19.50,74.10
11587,1,59,6,110.83,22.16,66.49
11587,2,76,7,134.12,33.53,84.49
11588,1,62,8,114.94,5.74,75.86
11588,2,79,1,138.23,13.82,95.37
11589,1,65,2,119.05,17.85,85.71
11589,2,82,3,142.34,28.46,52.66
11590,1,68,4,123.16,30.79,49.26
11590,2,85,5,146.45,7.32,62.97
11591,1,71,6,127.27,12.72,58.54
11591,2,88,7,150.56,22.58,73.77
11592,1,74,8,131.38,26.27,68.31
11592,2,91,1,154.67,38.66,85.06
11593,1,77,2,135.49,6.77,78.58
11593,2,94,3,158.78,15.87,96.85
11594,1,80,4,139.60,20.94,89.34
11594,2,97,5,162.89,32.57,109.13
11595,1,83,6,143.71,35.92,100.59
11595,2,100,7,167.00,8.35,58.45
11596,1,86,8,147.82,14.78,56.17
11596,2,103,1,171.11,25.66,70.15
11597,1,89,2,151.93,30.38,66.84
11597,2,106,3,175.22,43.80,82.35
11598,1,92,4,156.04,7.80,78.02
11598,2,109,5,179.33,17.93,95.04
11599,1,95,6,160.15,24.02,89.68
11599,2,112,7,183.44,36.68,108.22
11600,1,98,8,164.26,41.06,101.84
11600,2,3,1,34.11,0.00,22.17
11601,1,101,2,168.37,0.00,114.49
11601,2,6,3,38.22,0.00,27.13
11602,1,104,4,172.48,0.00,62.09
11602,2,9,5,42.33,0.00,16.50
11603,1,107,6,176.59,0.00,74.16
11603,2,12,7,46.44,0.00,20.89
11604,1,110,8,180.70,0.00,86.73
11604,2,15,1,50.55,0.00,25.78
11605,1,1,2,31.37,0.00,16.93
11605,2,18,3,54.66,0.00,31.15
11606,1,4,4,35.48,0.00,21.28
11606,2,21,5,58.77,0.00,37.02
11607,1,7,6,39.59,0.00,26.12
11607,2,24,7,62.88,0.00,43.38
11608,1,10,8,43.70,0.00,31.46
11608,2,27,1,66.99,0.00,24.78
11609,1,13,2,47.81,0.00,19.12
11609,2,30,3,71.10,0.00,30.57
11610,1,16,4,51.92,0.00,23.88
11610,2,33,5,75.21,0.00,36.85
11611,1,19,6,56.03,0.00,29.13
11611,2,36,7,79.32,0.00,43.62
11612,1,22,8,60.14,0.00,34.88
11612,2,39,1,83.43,0.00,50.89
11613,1,25,2,64.25,0.00,41.12
11613,2,42,3,87.54,0.00,58.65
11614,1,28,4,68.36,0.00,47.85
11614,2,45,5,91.65,0.00,32.07
11615,1,31,6,72.47,0.00,27.53
11615,2,48,7,95.76,0.00,39.26
11616,1,34,8,76.58,0.00,33.69
11616,2,51,1,99.87,0.00,46.93
11617,1,37,2,80.69,0.00,40.34
11617,2,54,3,103.98,0.00,55.10
11618,1,40,4,84.80,0.00,47.48
11618,2,57,5,108.09,0.00,63.77
11619,1,43,6,88.91,0.00,55.12
11619,2,60,7,112.20,0.00,72.93
11620,1,46,8,93.02,0.00,63.25
11620,2,63,1,116.31,0.00,82.58
11621,1,49,2,97.13,0.00,34.96
11621,2,66,3,120.42,0.00,46.96
11622,1,52,4,101.24,0.00,42.52
11622,2,69,5,124.53,0.00,56.03
11623,1,55,6,105.35,0.00,50.56
11623,2,72,7,128.64,0.00,65.60
11624,1,58,8,109.46,0.00,59.10
11624,2,75,1,132.75,0.00,75.66
11625,1,61,2,113.57,0.00,68.14
11625,2,78,3,136.86,0.00,86.22
11626,1,64,4,117.68,0.00,77.66
11626,2,81,5,140.97,0.00,97.26
11627,1,67,6,121.79,0.00,87.68
11627,2,84,7,145.08,0.00,53.67
11628,1,70,8,125.90,0.00,50.36
11628,2,87,1,149.19,0.00,64.15
11629,1,73,2,130.01,0.00,59.80
11629,2,90,3,153.30,0.00,75.11
11630,1,76,4,134.12,0.00,69.74
11630,2,93,5,157.41,0.00,86.57
11631,1,79,6,138.23,0.00,80.17
11631,2,96,7,161.52,24.22,98.52
11632,1,82,8,142.34,28.46,91.09
11632,2,99,1,165.63,41.40,110.97
11633,1,85,2,146.45,7.32,102.51
11633,2,102,3,169.74,16.97,59.40
11634,1,88,4,150.56,22.58,57.21
11634,2,105,5,173.85,34.77,71.27
11635,1,91,6,154.67,38.66,68.05
11635,2,108,7,177.96,8.89,83.64
11636,1,94,8,158.78,15.87,79.39
11636,2,111,1,182.07,27.31,96.49
11637,1,97,2,162.89,32.57,91.21
11637,2,2,3,32.74,8.18,19.31
11638,1,100,4,167.00,8.35,103.54
11638,2,5,5,36.85,3.68,23.95
11639,1,103,6,171.11,25.66,116.35
11639,2,8,7,40.96,8.19,29.08
11640,1,106,8,175.22,43.80,63.07
11640,2,11,1,45.07,2.25,17.57
11641,1,109,2,179.33,17.93,75.31
11641,2,14,3,49.18,7.37,22.13
11642,1,112,4,183.44,36.68,88.05
11642,2,17,5,53.29,13.32,27.17
11643,1,3,6,34.11,1.70,18.41
11643,2,20,7,57.40,5.74,32.71
11644,1,6,8,38.22,5.73,22.93
11644,2,23,1,61.51,12.30,38.75
11645,1,9,2,42.33,10.58,27.93
11645,2,26,3,65.62,3.28,45.27
11646,1,12,4,46.44,4.64,33.43
11646,2,29,5,69.73,10.45,25.80
11647,1,15,6,50.55,10.11,20.22
11647,2,32,7,73.84,18.46,31.75
11648,1,18,8,54.66,2.73,25.14
11648,2,35,1,77.95,7.79,38.19
11649,1,21,2,58.77,8.81,30.56
11649,2,38,3,82.06,16.41,45.13
11650,1,24,4,62.88,15.72,36.47
11650,2,41,5,86.17,0.00,52.56
11651,1,27,6,66.99,0.00,42.87
11651,2,44,7,90.28,0.00,60.48
11652,1,30,8,71.10,0.00,49.77
11652,2,47,1,94.39,0.00,33.03
11653,1,33,2,75.21,0.00,28.57
11653,2,50,3,98.50,0.00,40.38
11654,1,36,4,79.32,0.00,34.90
11654,2,53,5,102.61,0.00,48.22
11655,1,39,6,83.43,0.00,41.71
11655,2,56,7,106.72,0.00,56.56
11656,1,42,8,87.54,0.00,49.02
11656,2,59,1,110.83,0.00,65.38
11657,1,45,2,91.65,0.00,56.82
11657,2,62,3,114.94,0.00,74.71
11658,1,48,4,95.76,0.00,65.11
11658,2,65,5,119.05,0.00,84.52
11659,1,51,6,99.87,0.00,35.95
11659,2,68,7,123.16,0.00,48.03
11660,1,54,8,103.98,0.00,43.67
11660,2,71,1,127.27,0.00,57.27
11661,1,57,2,108.09,0.00,51.88
11661,2,74,3,131.38,0.00,67.00
11662,1,60,4,112.20,0.00,60.58
11662,2,77,5,135.49,0.00,77.22
11663,1,63,6,116.31,0.00,69.78
11663,2,80,7,139.60,0.00,87.94
11664,1,66,8,120.42,0.00,79.47
11664,2,83,1,143.71,0.00,99.15
11665,1,69,2,124.53,0.00,89.66
11665,2,86,3,147.82,0.00,54.69
11666,1,72,4,128.64,0.00,51.45
11666,2,89,5,151.93,0.00,65.32
11667,1,75,6,132.75,0.00,61.06
11667,2,92,7,156.04,0.00,76.45
11668,1,78,8,136.86,0.00,71.16
11668,2,95,1,160.15,0.00,88.08
11669,1,81,2,140.97,0.00,81.76
11669,2,98,3,164.26,0.00,100.19
11670,1,84,4,145.08,0.00,92.85
11670,2,101,5,168.37,0.00,112.80
11671,1,87,6,149.19,0.00,104.43
11671,2,104,7,172.48,0.00,60.36
11672,1,90,8,153.30,0.00,58.25
11672,2,107,1,176.59,0.00,72.40
11673,1,93,2,157.41,0.00,69.26
11673,2,110,3,180.70,0.00,84.92
11674,1,96,4,161.52,0.00,80.76
11674,2,1,5,31.37,0.00,16.62
11675,1,99,6,165.63,0.00,92.75
11675,2,4,7,35.48,0.00,20.93
11676,1,102,8,169.74,0.00,105.23
11676,2,7,1,39.59,0.00,25.73
11677,1,105,2,173.85,0.00,118.21
11677,2,10,3,43.70,0.00,31.02
11678,1,108,4,177.96,0.00,64.06
11678,2,13,5,47.81,0.00,18.64
11679,1,111,6,182.07,0.00,76.46
11679,2,16,7,51.92,0.00,23.36
11680,1,2,8,32.74,0.00,15.71
11680,2,19,1,56.03,0.00,28.57
11681,1,5,2,36.85,0.00,19.89
11681,2,22,3,60.14,9.02,34.27
11682,1,8,4,40.96,8.19,24.57
11682,2,25,5,64.25,16.06,40.47
11683,1,11,6,45.07,2.25,29.74
11683,2,28,7,68.36,6.83,47.16
11684,1,14,8,49.18,7.37,35.40
11684,2,31,1,72.47,14.49,26.81
11685,1,17,2,53.29,13.32,21.31
11685,2,34,3,76.58,3.82,32.92
11686,1,20,4,57.40,5.74,26.40
11686,2,37,5,80.69,12.10,39.53
11687,1,23,6,61.51,12.30,31.98
11687,2,40,7,84.80,21.20,46.64
11688,1,26,8,65.62,3.28,38.05
11688,2,43,1,88.91,8.89,54.23
11689,1,29,2,69.73,10.45,44.62
11689,2,46,3,93.02,18.60,62.32
11690,1,32,4,73.84,18.46,51.68
11690,2,49,5,97.13,4.85,33.99
11691,1,35,6,77.95,7.79,29.62
11691,2,52,7,101.24,15.18,41.50
11692,1,38,8,82.06,16.41,36.10
11692,2,55,1,105.35,26.33,49.51
11693,1,41,2,86.17,4.30,43.08
11693,2,58,3,109.46,10.94,58.01
11694,1,44,4,90.28,13.54,50.55
11694,2,61,5,113.57,22.71,67.00
11695,1,47,6,94.39,23.59,58.52
11695,2,64,7,117.68,5.88,76.49
11696,1,50,8,98.50,9.85,66.98
11696,2,67,1,121.79,18.26,86.47
11697,1,53,2,102.61,20.52,36.93
11697,2,70,3,125.90,31.47,49.10
11698,1,56,4,106.72,5.33,44.82
11698,2,73,5,130.01,13.00,58.50
11699,1,59,6,110.83,16.62,53.19
11699,2,76,7,134.12,26.82,68.40
11700,1,62,8,114.94,28.73,62.06
11700,2,79,1,138.23,0.00,78.79
11701,1,65,2,119.05,0.00,71.43
11701,2,82,3,142.34,0.00,89.67
11702,1,68,4,123.16,0.00,81.28
11702,2,85,5,146.45,0.00,101.05
11703,1,71,6,127.27,0.00,91.63
11703,2,88,7,150.56,0.00,55.70
11704,1,74,8,131.38,0.00,52.55
11704,2,91,1,154.67,0.00,66.50
11705,1,77,2,135.49,0.00,62.32
11705,2,94,3,158.78,0.00,77.80
11706,1,80,4,139.60,0.00,72.59
11706,2,97,5,162.89,0.00,89.58
11707,1,83,6,143.71,0.00,83.35
11707,2,100,7,167.00,0.00,101.87
11708,1,86,8,147.82,0.00,94.60
11708,2,103,1,171.11,0.00,114.64
11709,1,89,2,151.93,0.00,106.35
11709,2,106,3,175.22,0.00,61.32
11710,1,92,4,156.04,0.00,59.29
11710,2,109,5,179.33,0.00,73.52
11711,1,95,6,160.15,0.00,70.46
11711,2,112,7,183.44,0.00,86.21
11712,1,98,8,164.26,0.00,82.13
11712,2,3,1,34.11,0.00,18.07
11713,1,101,2,168.37,0.00,94.28
11713,2,6,3,38.22,0.00,22.54
11714,1,104,4,172.48,0.00,106.93
11714,2,9,5,42.33,0.00,27.51
11715,1,107,6,176.59,0.00,120.08
11715,2,12,7,46.44,0.00,32.97
11716,1,110,8,180.70,0.00,65.05
11716,2,15,1,50.55,0.00,19.71
11717,1,1,2,31.37,0.00,13.17
11717,2,18,3,54.66,0.00,24.59
11718,1,4,4,35.48,0.00,17.03
11718,2,21,5,58.77,0.00,29.97
11719,1,7,6,39.59,0.00,21.37
11719,2,24,7,62.88,0.00,35.84
11720,1,10,8,43.70,0.00,26.22
11720,2,27,1,66.99,0.00,42.20
11721,1,13,2,47.81,0.00,31.55
11721,2,30,3,71.10,0.00,49.05
11722,1,16,4,51.92,0.00,37.38
11722,2,33,5,75.21,0.00,27.82
11723,1,19,6,56.03,0.00,22.41
11723,2,36,7,79.32,0.00,34.10
11724,1,22,8,60.14,0.00,27.66
11724,2,39,1,83.43,0.00,40.88
11725,1,25,2,64.25,0.00,33.41
11725,2,42,3,87.54,0.00,48.14
11726,1,28,4,68.36,0.00,39.64
11726,2,45,5,91.65,0.00,55.90
11727,1,31,6,72.47,0.00,46.38
11727,2,48,7,95.76,0.00,64.15
11728,1,34,8,76.58,0.00,53.60
11728,2,51,1,99.87,0.00,34.95
11729,1,37,2,80.69,0.00,30.66
11729,2,54,3,103.98,0.00,42.63
11730,1,40,4,84.80,0.00,37.31
11730,2,57,5,108.09,0.00,50.80
11731,1,43,6,88.91,0.00,44.45
11731,2,60,7,112.20,16.83,59.46
11732,1,46,8,93.02,18.60,52.09
11732,2,63,1,116.31,29.07,68.62
11733,1,49,2,97.13,4.85,60.22
11733,2,66,3,120.42,12.04,78.27
11734,1,52,4,101.24,15.18,68.84
11734,2,69,5,124.53,24.90,88.41
11735,1,55,6,105.35,26.33,37.92
11735,2,72,7,128.64,6.43,50.16
11736,1,58,8,109.46,10.94,45.97
11736,2,75,1,132.75,19.91,59.73
11737,1,61,2,113.57,22.71,54.51
11737,2,78,3,136.86,34.21,69.79
11738,1,64,4,117.68,5.88,63.54
11738,2,81,5,140.97,14.09,80.35
11739,1,67,6,121.79,18.26,73.07
11739,2,84,7,145.08,29.01,91.40
11740,1,70,8,125.90,31.47,83.09
11740,2,87,1,149.19,7.45,102.94
11741,1,73,2,130.01,13.00,93.60
11741,2,90,3,153.30,22.99,56.72
11742,1,76,4,134.12,26.82,53.64
11742,2,93,5,157.41,39.35,67.68
11743,1,79,6,138.23,6.91,63.58
11743,2,96,7,161.52,16.15,79.14
11744,1,82,8,142.34,21.35,74.01
11744,2,99,1,165.63,33.12,91.09
11745,1,85,2,146.45,36.61,84.94
11745,2,102,3,169.74,8.48,103.54
11746,1,88,4,150.56,15.05,96.35
11746,2,105,5,173.85,26.07,116.47
11747,1,91,6,154.67,30.93,108.26
11747,2,108,7,177.96,44.49,62.28
11748,1,94,8,158.78,7.93,60.33
11748,2,111,1,182.07,18.20,74.64
11749,1,97,2,162.89,24.43,71.67
11749,2,2,3,32.74,6.54,15.38
11750,1,100,4,167.00,41.75,83.50
11750,2,5,5,36.85,0.00,19.53
11751,1,103,6,171.11,0.00,95.82
11751,2,8,7,40.96,0.00,24.16
11752,1,106,8,175.22,0.00,108.63
11752,2,11,1,45.07,0.00,29.29
11753,1,109,2,179.33,0.00,121.94
11753,2,14,3,49.18,0.00,34.91
11754,1,112,4,183.44,0.00,66.03
11754,2,17,5,53.29,0.00,20.78
11755,1,3,6,34.11,0.00,14.32
11755,2,20,7,57.40,0.00,25.83
11756,1,6,8,38.22,0.00,18.34
11756,2,23,1,61.51,0.00,31.37
11757,1,9,2,42.33,0.00,22.85
11757,2,26,3,65.62,0.00,37.40
11758,1,12,4,46.44,0.00,27.86
11758,2,29,5,69.73,0.00,43.92
11759,1,15,6,50.55,0.00,33.36
11759,2,32,7,73.84,0.00,50.94
11760,1,18,8,54.66,0.00,39.35
11760,2,35,1,77.95,0.00,28.84
11761,1,21,2,58.77,0.00,23.50
11761,2,38,3,82.06,0.00,35.28
11762,1,24,4,62.88,0.00,28.92
11762,2,41,5,86.17,0.00,42.22
11763,1,27,6,66.99,0.00,34.83
11763,2,44,7,90.28,0.00,49.65
11764,1,30,8,71.10,0.00,41.23
11764,2,47,1,94.39,0.00,57.57
11765,1,33,2,75.21,0.00,48.13
11765,2,50,3,98.50,0.00,65.99
11766,1,36,4,79.32,0.00,55.52
11766,2,53,5,102.61,0.00,35.91
11767,1,39,6,83.43,0.00,31.70
11767,2,56,7,106.72,0.00,43.75
11768,1,42,8,87.54,0.00,38.51
11768,2,59,1,110.83,0.00,52.09
11769,1,45,2,91.65,0.00,45.82
11769,2,62,3,114.94,0.00,60.91
11770,1,48,4,95.76,0.00,53.62
11770,2,65,5,119.05,0.00,70.23
11771,1,51,6,99.87,0.00,61.91
11771,2,68,7,123.16,0.00,80.05
11772,1,54,8,103.98,0.00,70.70
11772,2,71,1,127.27,0.00,90.36
11773,1,57,2,108.09,0.00,38.91
11773,2,74,3,131.38,0.00,51.23
11774,1,60,4,112.20,0.00,47.12
11774,2,77,5,135.49,0.00,60.97
11775,1,63,6,116.31,0.00,55.82
11775,2,80,7,139.60,0.00,71.19
11776,1,66,8,120.42,0.00,65.02
11776,2,83,1,143.71,0.00,81.91
11777,1,69,2,124.53,0.00,74.71
11777,2,86,3,147.82,0.00,93.12
11778,1,72,4,128.64,0.00,84.90
11778,2,89,5,151.93,0.00,104.83
11779,1,75,6,132.75,0.00,95.58
11779,2,92,7,156.04,0.00,57.73
11780,1,78,8,136.86,0.00,54.74
11780,2,95,1,160.15,0.00,68.86
11781,1,81,2,140.97,0.00,64.84
11781,2,98,3,164.26,24.63,80.48
11782,1,84,4,145.08,29.01,75.44
11782,2,101,5,168.37,42.09,92.60
11783,1,87,6,149.19,7.45,86.53
11783,2,104,7,172.48,17.24,105.21
11784,1,90,8,153.30,22.99,98.11
11784,2,107,1,176.59,35.31,118.31
11785,1,93,2,157.41,39.35,110.18
11785,2,110,3,180.70,9.03,63.24
11786,1,96,4,161.52,16.15,61.37
11786,2,1,5,31.37,4.70,12.86
11787,1,99,6,165.63,33.12,72.87
11787,2,4,7,35.48,8.87,16.67
11788,1,102,8,169.74,8.48,84.87
11788,2,7,1,39.59,3.95,20.98
11789,1,105,2,173.85,26.07,97.35
11789,2,10,3,43.70,8.74,25.78
11790,1,108,4,177.96,44.49,110.33
11790,2,13,5,47.81,2.39,31.07
11791,1,111,6,182.07,18.20,123.80
11791,2,16,7,51.92,7.78,36.86
11792,1,2,8,32.74,6.54,11.78
11792,2,19,1,56.03,14.00,21.85
11793,1,5,2,36.85,1.84,15.47
11793,2,22,3,60.14,6.01,27.06
11794,1,8,4,40.96,6.14,19.66
11794,2,25,5,64.25,12.85,32.76
11795,1,11,6,45.07,11.26,24.33
11795,2,28,7,68.36,3.41,38.96
11796,1,14,8,49.18,4.91,29.50
11796,2,31,1,72.47,10.87,45.65
11797,1,17,2,53.29,10.65,35.17
11797,2,34,3,76.58,19.14,52.84
11798,1,20,4,57.40,2.87,41.32
11798,2,37,5,80.69,8.06,29.85
11799,1,23,6,61.51,9.22,24.60
11799,2,40,7,84.80,16.96,36.46
11800,1,26,8,65.62,16.40,30.18
11800,2,43,1,88.91,0.00,43.56
11801,1,29,2,69.73,0.00,36.25
11801,2,46,3,93.02,0.00,51.16
11802,1,32,4,73.84,0.00,42.82
11802,2,49,5,97.13,0.00,59.24
11803,1,35,6,77.95,0.00,49.88
11803,2,52,7,101.24,0.00,67.83
11804,1,38,8,82.06,0.00,57.44
11804,2,55,1,105.35,0.00,36.87
11805,1,41,2,86.17,0.00,32.74
11805,2,58,3,109.46,0.00,44.87
11806,1,44,4,90.28,0.00,39.72
11806,2,61,5,113.57,0.00,53.37
11807,1,47,6,94.39,0.00,47.19
11807,2,64,7,117.68,0.00,62.37
11808,1,50,8,98.50,0.00,55.16
11808,2,67,1,121.79,0.00,71.85
11809,1,53,2,102.61,0.00,63.61
11809,2,70,3,125.90,0.00,81.83
11810,1,56,4,106.72,0.00,72.56
11810,2,73,5,130.01,0.00,92.30
11811,1,59,6,110.83,0.00,39.89
11811,2,76,7,134.12,0.00,52.30
11812,1,62,8,114.94,0.00,48.27
11812,2,79,1,138.23,0.00,62.20
11813,1,65,2,119.05,0.00,57.14
11813,2,82,3,142.34,0.00,72.59
11814,1,68,4,123.16,0.00,66.50
11814,2,85,5,146.45,0.00,83.47
11815,1,71,6,127.27,0.00,76.36
11815,2,88,7,150.56,0.00,94.85
11816,1,74,8,131.38,0.00,86.71
11816,2,91,1,154.67,0.00,106.72
11817,1,77,2,135.49,0.00,97.55
11817,2,94,3,158.78,0.00,58.74
11818,1,80,4,139.60,0.00,55.84
11818,2,97,5,162.89,0.00,70.04
11819,1,83,6,143.71,0.00,66.10
11819,2,100,7,167.00,0.00,81.83
11820,1,86,8,147.82,0.00,76.86
11820,2,103,1,171.11,0.00,94.11
11821,1,89,2,151.93,0.00,88.11
11821,2,106,3,175.22,0.00,106.88
11822,1,92,4,156.04,0.00,99.86
11822,2,109,5,179.33,0.00,120.15
11823,1,95,6,160.15,0.00,112.10
11823,2,112,7,183.44,0.00,64.20
11824,1,98,8,164.26,0.00,62.41
11824,2,3,1,34.11,0.00,13.98
11825,1,101,2,168.37,0.00,74.08
11825,2,6,3,38.22,0.00,17.96
11826,1,104,4,172.48,0.00,86.24
11826,2,9,5,42.33,0.00,22.43
11827,1,107,6,176.59,0.00,98.89
11827,2,12,7,46.44,0.00,27.39
11828,1,110,8,180.70,0.00,112.03
11828,2,15,1,50.55,0.00,32.85
11829,1,1,2,31.37,0.00,21.33
11829,2,18,3,54.66,0.00,38.80
11830,1,4,4,35.48,0.00,12.77
11830,2,21,5,58.77,0.00,22.92
11831,1,7,6,39.59,0.00,16.62
11831,2,24,7,62.88,9.43,28.29
11832,1,10,8,43.70,8.74,20.97
11832,2,27,1,66.99,16.74,34.16
11833,1,13,2,47.81,2.39,25.81
11833,2,30,3,71.10,7.11,40.52
11834,1,16,4,51.92,7.78,31.15
11834,2,33,5,75.21,15.04,47.38
11835,1,19,6,56.03,14.00,36.97
11835,2,36,7,79.32,3.96,54.73
11836,1,22,8,60.14,6.01,43.30
11836,2,39,1,83.43,12.51,30.86
11837,1,25,2,64.25,12.85,25.70
11837,2,42,3,87.54,21.88,37.64
11838,1,28,4,68.36,3.41,31.44
11838,2,45,5,91.65,9.16,44.90
11839,1,31,6,72.47,10.87,37.68
11839,2,48,7,95.76,19.15,52.66
11840,1,34,8,76.58,19.14,44.41
11840,2,51,1,99.87,4.99,60.92
11841,1,37,2,80.69,8.06,51.64
11841,2,54,3,103.98,15.59,69.66
11842,1,40,4,84.80,16.96,59.36
11842,2,57,5,108.09,27.02,37.83
11843,1,43,6,88.91,4.44,33.78
11843,2,60,7,112.20,11.22,46.00
11844,1,46,8,93.02,13.95,40.92
11844,2,63,1,116.31,23.26,54.66
11845,1,49,2,97.13,24.28,48.56
11845,2,66,3,120.42,6.02,63.82
11846,1,52,4,101.24,10.12,56.69
11846,2,69,5,124.53,18.67,73.47
11847,1,55,6,105.35,21.07,65.31
11847,2,72,7,128.64,32.16,83.61
11848,1,58,8,109.46,5.47,74.43
11848,2,75,1,132.75,13.27,94.25
11849,1,61,2,113.57,17.03,40.88
11849,2,78,3,136.86,27.37,53.37
11850,1,64,4,117.68,29.42,49.42
11850,2,81,5,140.97,0.00,63.43
11851,1,67,6,121.79,0.00,58.45
11851,2,84,7,145.08,0.00,73.99
11852,1,70,8,125.90,0.00,67.98
11852,2,87,1,149.19,0.00,85.03
11853,1,73,2,130.01,0.00,78.00
11853,2,90,3,153.30,0.00,96.57
11854,1,76,4,134.12,0.00,88.51
11854,2,93,5,157.41,0.00,108.61
11855,1,79,6,138.23,0.00,99.52
11855,2,96,7,161.52,0.00,59.76
11856,1,82,8,142.34,0.00,56.93
11856,2,99,1,165.63,0.00,71.22
11857,1,85,2,146.45,0.00,67.36
11857,2,102,3,169.74,0.00,83.17
11858,1,88,4,150.56,0.00,78.29
11858,2,105,5,173.85,0.00,95.61
11859,1,91,6,154.67,0.00,89.70
11859,2,108,7,177.96,0.00,108.55
11860,1,94,8,158.78,0.00,101.61
11860,2,111,1,182.07,0.00,121.98
11861,1,97,2,162.89,0.00,114.02
11861,2,2,3,32.74,0.00,11.45
11862,1,100,4,167.00,0.00,63.46
11862,2,5,5,36.85,0.00,15.10
11863,1,103,6,171.11,0.00,75.28
11863,2,8,7,40.96,0.00,19.25
11864,1,106,8,175.22,0.00,87.61
11864,2,11,1,45.07,0.00,23.88
11865,1,109,2,179.33,0.00,100.42
11865,2,14,3,49.18,0.00,29.01
11866,1,112,4,183.44,0.00,113.73
11866,2,17,5,53.29,0.00,34.63
11867,1,3,6,34.11,0.00,23.19
11867,2,20,7,57.40,0.00,40.75
11868,1,6,8,38.22,0.00,13.75
11868,2,23,1,61.51,0.00,23.98
11869,1,9,2,42.33,0.00,17.77
11869,2,26,3,65.62,0.00,29.52
11870,1,12,4,46.44,0.00,22.29
11870,2,29,5,69.73,0.00,35.56
11871,1,15,6,50.55,0.00,27.29
11871,2,32,7,73.84,0.00,42.08
11872,1,18,8,54.66,0.00,32.79
11872,2,35,1,77.95,0.00,49.10
11873,1,21,2,58.77,0.00,38.78
11873,2,38,3,82.06,0.00,56.62
11874,1,24,4,62.88,0.00,45.27
11874,2,41,5,86.17,0.00,31.88
11875,1,27,6,66.99,0.00,26.79
11875,2,44,7,90.28,0.00,38.82
11876,1,30,8,71.10,0.00,32.70
11876,2,47,1,94.39,0.00,46.25
11877,1,33,2,75.21,0.00,39.10
11877,2,50,3,98.50,0.00,54.17
11878,1,36,4,79.32,0.00,46.00
11878,2,53,5,102.61,0.00,62.59
11879,1,39,6,83.43,0.00,53.39
11879,2,56,7,106.72,0.00,71.50
11880,1,42,8,87.54,0.00,61.27
11880,2,59,1,110.83,0.00,38.79
11881,1,45,2,91.65,0.00,34.82
11881,2,62,3,114.94,17.24,47.12
11882,1,48,4,95.76,19.15,42.13
11882,2,65,5,119.05,29.76,55.95
11883,1,51,6,99.87,4.99,49.93
11883,2,68,7,123.16,12.31,65.27
11884,1,54,8,103.98,15.59,58.22
11884,2,71,1,127.27,25.45,75.08
11885,1,57,2,108.09,27.02,67.01
11885,2,74,3,131.38,6.56,85.39
11886,1,60,4,112.20,11.22,76.29
11886,2,77,5,135.49,20.32,96.19
11887,1,63,6,116.31,23.26,41.87
11887,2,80,7,139.60,34.90,54.44
11888,1,66,8,120.42,6.02,50.57
11888,2,83,1,143.71,14.37,64.66
11889,1,69,2,124.53,18.67,59.77
11889,2,86,3,147.82,29.56,75.38
11890,1,72,4,128.64,32.16,69.46
11890,2,89,5,151.93,7.59,86.60
11891,1,75,6,132.75,13.27,79.65
11891,2,92,7,156.04,23.40,98.30
11892,1,78,8,136.86,27.37,90.32
11892,2,95,1,160.15,40.03,110.50
11893,1,81,2,140.97,7.04,101.49
11893,2,98,3,164.26,16.42,60.77
11894,1,84,4,145.08,21.76,58.03
11894,2,101,5,168.37,33.67,72.39
11895,1,87,6,149.19,37.29,68.62
11895,2,104,7,172.48,8.62,84.51
11896,1,90,8,153.30,15.33,79.71
11896,2,107,1,176.59,26.48,97.12
11897,1,93,2,157.41,31.48,91.29
11897,2,110,3,180.70,45.17,110.22
11898,1,96,4,161.52,8.07,103.37
11898,2,1,5,31.37,3.13,21.01
11899,1,99,6,165.63,24.84,115.94
11899,2,4,7,35.48,7.09,12.41
11900,1,102,8,169.74,42.43,64.50
11900,2,7,1,39.59,0.00,16.23
11901,1,105,2,173.85,0.00,76.49
11901,2,10,3,43.70,0.00,20.53
11902,1,108,4,177.96,0.00,88.98
11902,2,13,5,47.81,0.00,25.33
11903,1,111,6,182.07,0.00,101.95
11903,2,16,7,51.92,0.00,30.63
11904,1,2,8,32.74,0.00,20.29
11904,2,19,1,56.03,0.00,36.41
11905,1,5,2,36.85,0.00,25.05
11905,2,22,3,60.14,0.00,42.69
11906,1,8,4,40.96,0.00,14.74
11906,2,25,5,64.25,0.00,25.05
11907,1,11,6,45.07,0.00,18.92
11907,2,28,7,68.36,0.00,30.76
11908,1,14,8,49.18,0.00,23.60
11908,2,31,1,72.47,0.00,36.95
11909,1,17,2,53.29,0.00,28.77
11909,2,34,3,76.58,0.00,43.65
11910,1,20,4,57.40,0.00,34.44
11910,2,37,5,80.69,0.00,50.83
11911,1,23,6,61.51,0.00,40.59
11911,2,40,7,84.80,0.00,58.51
11912,1,26,8,65.62,0.00,47.24
11912,2,43,1,88.91,0.00,32.89
11913,1,29,2,69.73,0.00,27.89
11913,2,46,3,93.02,0.00,39.99
11914,1,32,4,73.84,0.00,33.96
11914,2,49,5,97.13,0.00,47.59
11915,1,35,6,77.95,0.00,40.53
11915,2,52,7,101.24,0.00,55.68
11916,1,38,8,82.06,0.00,47.59
11916,2,55,1,105.35,0.00,64.26
11917,1,41,2,86.17,0.00,55.14
11917,2,58,3,109.46,0.00,73.33
11918,1,44,4,90.28,0.00,63.19
11918,2,61,5,113.57,0.00,39.74
11919,1,47,6,94.39,0.00,35.86
11919,2,64,7,117.68,0.00,48.24
11920,1,50,8,98.50,0.00,43.34
11920,2,67,1,121.79,0.00,57.24
11921,1,53,2,102.61,0.00,51.30
11921,2,70,3,125.90,0.00,66.72
11922,1,56,4,106.72,0.00,59.76
11922,2,73,5,130.01,0.00,76.70
11923,1,59,6,110.83,0.00,68.71
11923,2,76,7,134.12,0.00,87.17
11924,1,62,8,114.94,0.00,78.15
11924,2,79,1,138.23,0.00,98.14
11925,1,65,2,119.05,0.00,42.85
11925,2,82,3,142.34,0.00,55.51
11926,1,68,4,123.16,0.00,51.72
11926,2,85,5,146.45,0.00,65.90
11927,1,71,6,127.27,0.00,61.08
11927,2,88,7,150.56,0.00,76.78
11928,1,74,8,131.38,0.00,70.94
11928,2,91,1,154.67,0.00,88.16
11929,1,77,2,135.49,0.00,81.29
11929,2,94,3,158.78,0.00,100.03
11930,1,80,4,139.60,0.00,92.13
11930,2,97,5,162.89,0.00,112.39
11931,1,83,6,143.71,0.00,103.47
11931,2,100,7,167.00,25.05,61.79
11932,1,86,8,147.82,29.56,59.12
11932,2,103,1,171.11,42.77,73.57
11933,1,89,2,151.93,7.59,69.88
11933,2,106,3,175.22,17.52,85.85
11934,1,92,4,156.04,23.40,81.14
11934,2,109,5,179.33,35.86,98.63
11935,1,95,6,160.15,40.03,92.88
11935,2,112,7,183.44,9.17,111.89
11936,1,98,8,164.26,16.42,105.12
11936,2,3,1,34.11,5.11,22.85
11937,1,101,2,168.37,33.67,117.85
11937,2,6,3,38.22,9.55,13.37
11938,1,104,4,172.48,8.62,65.54
11938,2,9,5,42.33,4.23,17.35
11939,1,107,6,176.59,26.48,77.69
11939,2,12,7,46.44,9.28,21.82
11940,1,110,8,180.70,45.17,90.35
11940,2,15,1,50.55,2.52,26.79
11941,1,1,2,31.37,3.13,17.56
11941,2,18,3,54.66,8.19,32.24
11942,1,4,4,35.48,7.09,21.99
11942,2,21,5,58.77,14.69,38.20
11943,1,7,6,39.59,1.97,26.92
11943,2,24,7,62.88,6.28,44.64
11944,1,10,8,43.70,6.55,15.73
11944,2,27,1,66.99,13.39,26.12
11945,1,13,2,47.81,11.95,20.08
11945,2,30,3,71.10,3.55,31.99
11946,1,16,4,51.92,5.19,24.92
11946,2,33,5,75.21,11.28,38.35
11947,1,19,6,56.03,11.20,30.25
11947,2,36,7,79.32,19.83,45.21
11948,1,22,8,60.14,3.00,36.08
11948,2,39,1,83.43,8.34,52.56
11949,1,25,2,64.25,9.63,42.40
11949,2,42,3,87.54,17.50,60.40
11950,1,28,4,68.36,17.09,49.21
11950,2,45,5,91.65,0.00,33.91
11951,1,31,6,72.47,0.00,28.98
11951,2,48,7,95.76,0.00,41.17
11952,1,34,8,76.58,0.00,35.22
11952,2,51,1,99.87,0.00,48.93
11953,1,37,2,80.69,0.00,41.95
11953,2,54,3,103.98,0.00,57.18
11954,1,40,4,84.80,0.00,49.18
11954,2,57,5,108.09,0.00,65.93
11955,1,43,6,88.91,0.00,56.90
11955,2,60,7,112.20,0.00,75.17
11956,1,46,8,93.02,0.00,65.11
11956,2,63,1,116.31,0.00,40.70
11957,1,49,2,97.13,0.00,36.90
11957,2,66,3,120.42,0.00,49.37
11958,1,52,4,101.24,0.00,44.54
11958,2,69,5,124.53,0.00,58.52
11959,1,55,6,105.35,0.00,52.67
11959,2,72,7,128.64,0.00,68.17
11960,1,58,8,109.46,0.00,61.29
11960,2,75,1,132.75,0.00,78.32
11961,1,61,2,113.57,0.00,70.41
11961,2,78,3,136.86,0.00,88.95
11962,1,64,4,117.68,0.00,80.02
11962,2,81,5,140.97,0.00,100.08
11963,1,67,6,121.79,0.00,43.84
11963,2,84,7,145.08,0.00,56.58
11964,1,70,8,125.90,0.00,52.87
11964,2,87,1,149.19,0.00,67.13
11965,1,73,2,130.01,0.00,62.40
11965,2,90,3,153.30,0.00,78.18
11966,1,76,4,134.12,0.00,72.42
11966,2,93,5,157.41,0.00,89.72
11967,1,79,6,138.23,0.00,82.93
11967,2,96,7,161.52,0.00,101.75
11968,1,82,8,142.34,0.00,93.94
11968,2,99,1,165.63,0.00,114.28
11969,1,85,2,146.45,0.00,105.44
11969,2,102,3,169.74,0.00,62.80
11970,1,88,4,150.56,0.00,60.22
11970,2,105,5,173.85,0.00,74.75
11971,1,91,6,154.67,0.00,71.14
11971,2,108,7,177.96,0.00,87.20
11972,1,94,8,158.78,0.00,82.56
11972,2,111,1,182.07,0.00,100.13
11973,1,97,2,162.89,0.00,94.47
11973,2,2,3,32.74,0.00,19.97
11974,1,100,4,167.00,0.00,106.88
11974,2,5,5,36.85,0.00,24.68
11975,1,103,6,171.11,0.00,119.77
11975,2,8,7,40.96,0.00,14.33
11976,1,106,8,175.22,0.00,66.58
11976,2,11,1,45.07,0.00,18.47
11977,1,109,2,179.33,0.00,78.90
11977,2,14,3,49.18,0.00,23.11
11978,1,112,4,183.44,0.00,91.72
11978,2,17,5,53.29,0.00,28.24
11979,1,3,6,34.11,0.00,19.10
11979,2,20,7,57.40,0.00,33.86
11980,1,6,8,38.22,0.00,23.69
11980,2,23,1,61.51,0.00,39.98
11981,1,9,2,42.33,0.00,28.78
11981,2,26,3,65.62,9.84,46.59
11982,1,12,4,46.44,9.28,16.71
11982,2,29,5,69.73,17.43,27.19
11983,1,15,6,50.55,2.52,21.23
11983,2,32,7,73.84,7.38,33.22
11984,1,18,8,54.66,8.19,26.23
11984,2,35,1,77.95,15.59,39.75
11985,1,21,2,58.77,14.69,31.73
11985,2,38,3,82.06,4.10,46.77
11986,1,24,4,62.88,6.28,37.72
11986,2,41,5,86.17,12.92,54.28
11987,1,27,6,66.99,13.39,44.21
11987,2,44,7,90.28,22.57,62.29
11988,1,30,8,71.10,3.55,51.19
11988,2,47,1,94.39,9.43,34.92
11989,1,33,2,75.21,11.28,30.08
11989,2,50,3,98.50,19.70,42.35
11990,1,36,4,79.32,19.83,36.48
11990,2,53,5,102.61,5.13,50.27
11991,1,39,6,83.43,8.34,43.38
11991,2,56,7,106.72,16.00,58.69
11992,1,42,8,87.54,17.50,50.77
11992,2,59,1,110.83,27.70,67.60
11993,1,45,2,91.65,4.58,58.65
11993,2,62,3,114.94,11.49,77.00
11994,1,48,4,95.76,14.36,67.03
11994,2,65,5,119.05,23.81,41.66
11995,1,51,6,99.87,24.96,37.95
11995,2,68,7,123.16,6.15,50.49
11996,1,54,8,103.98,10.39,45.75
11996,2,71,1,127.27,19.09,59.81
11997,1,57,2,108.09,21.61,54.04
11997,2,74,3,131.38,32.84,69.63
11998,1,60,4,112.20,5.61,62.83
11998,2,77,5,135.49,13.54,79.93
11999,1,63,6,116.31,17.44,72.11
11999,2,80,7,139.60,27.92,90.74
12000,1,66,8,120.42,30.10,81.88
12000,2,83,1,143.71,0.00,102.03
