pedido_id,sequencia,data_pagamento,meio_pagamento,tipo_evento,status,valor,parcelas,pagamento_origem_id,devolucao_id
1,1,2023-05-24T15:00:00+00,PIX,COBRANCA,RECUSADO,785.12,1,,
2,1,2023-06-13T15:00:00+00,PIX,COBRANCA,RECUSADO,1597.64,1,,
3,1,2023-07-02T15:00:00+00,PIX,COBRANCA,RECUSADO,853.34,1,,
4,1,2023-08-19T15:00:00+00,PIX,COBRANCA,RECUSADO,1179.26,1,,
5,1,2023-09-08T15:00:00+00,PIX,COBRANCA,RECUSADO,2115.08,1,,
6,1,2023-10-25T15:00:00+00,PIX,COBRANCA,RECUSADO,662.24,1,,
7,1,2023-11-14T15:00:00+00,PIX,COBRANCA,RECUSADO,1647.38,1,,
8,1,2023-11-03T15:00:00+00,PIX,COBRANCA,RECUSADO,1633.54,1,,
9,1,2023-12-20T15:00:00+00,PIX,COBRANCA,RECUSADO,1081.04,1,,
10,1,2023-01-09T15:00:00+00,PIX,COBRANCA,RECUSADO,2189.48,1,,
11,1,2023-02-26T15:00:00+00,PIX,COBRANCA,RECUSADO,1215.02,1,,
12,1,2023-03-15T15:00:00+00,PIX,COBRANCA,RECUSADO,1573.82,1,,
13,1,2023-04-04T15:00:00+00,PIX,COBRANCA,RECUSADO,2805.56,1,,
14,1,2023-05-21T15:00:00+00,PIX,COBRANCA,RECUSADO,859.52,1,,
15,1,2023-06-10T15:00:00+00,PIX,COBRANCA,RECUSADO,2140.58,1,,
16,1,2023-07-27T15:00:00+00,PIX,COBRANCA,RECUSADO,2159.62,1,,
17,1,2023-08-16T15:00:00+00,PIX,COBRANCA,RECUSADO,1376.96,1,,
18,1,2023-09-05T15:00:00+00,PIX,COBRANCA,RECUSADO,2781.32,1,,
19,1,2023-10-22T15:00:00+00,PIX,COBRANCA,RECUSADO,1576.70,1,,
20,1,2023-11-11T15:00:00+00,PIX,COBRANCA,RECUSADO,1968.38,1,,
21,1,2023-11-28T15:00:00+00,PIX,COBRANCA,RECUSADO,2041.55,1,,
22,1,2023-12-17T15:00:00+00,PIX,COBRANCA,RECUSADO,531.93,1,,
23,1,2023-01-06T15:00:00+00,PIX,COBRANCA,RECUSADO,1387.73,1,,
24,1,2023-02-23T15:00:00+00,PIX,COBRANCA,RECUSADO,2330.48,1,,
25,1,2023-03-12T15:00:00+00,PIX,COBRANCA,RECUSADO,850.57,1,,
26,1,2023-04-29T15:00:00+00,PIX,COBRANCA,RECUSADO,1192.98,1,,
27,1,2023-05-18T15:00:00+00,PIX,COBRANCA,RECUSADO,1133.35,1,,
28,1,2023-06-07T15:00:00+00,PIX,COBRANCA,RECUSADO,795.36,1,,
29,1,2023-07-24T15:00:00+00,PIX,COBRANCA,RECUSADO,1721.87,1,,
30,1,2023-08-13T15:00:00+00,PIX,COBRANCA,RECUSADO,416.74,1,,
31,1,2023-09-02T15:00:00+00,PIX,COBRANCA,RECUSADO,1237.20,1,,
32,1,2023-10-19T15:00:00+00,PIX,COBRANCA,RECUSADO,669.15,1,,
33,1,2023-11-08T15:00:00+00,PIX,COBRANCA,RECUSADO,457.34,1,,
34,1,2023-11-25T15:00:00+00,PIX,COBRANCA,RECUSADO,1203.08,1,,
35,1,2023-12-14T15:00:00+00,PIX,COBRANCA,RECUSADO,612.22,1,,
36,1,2023-01-03T15:00:00+00,PIX,COBRANCA,RECUSADO,916.22,1,,
37,1,2023-02-20T15:00:00+00,PIX,COBRANCA,RECUSADO,1654.76,1,,
38,1,2023-03-09T15:00:00+00,PIX,COBRANCA,RECUSADO,530.72,1,,
39,1,2023-04-26T15:00:00+00,PIX,COBRANCA,RECUSADO,1318.58,1,,
40,1,2023-05-15T15:00:00+00,PIX,COBRANCA,RECUSADO,1282.82,1,,
41,1,2023-06-04T15:00:00+00,PIX,COBRANCA,RECUSADO,883.76,1,,
42,1,2023-07-21T15:00:00+00,PIX,COBRANCA,RECUSADO,1794.92,1,,
43,1,2023-08-10T15:00:00+00,PIX,COBRANCA,RECUSADO,973.90,1,,
44,1,2023-09-27T15:00:00+00,PIX,COBRANCA,RECUSADO,1310.78,1,,
45,1,2023-10-16T15:00:00+00,PIX,COBRANCA,RECUSADO,2345.24,1,,
46,1,2023-11-05T15:00:00+00,PIX,COBRANCA,RECUSADO,728.00,1,,
47,1,2023-11-22T15:00:00+00,PIX,COBRANCA,RECUSADO,1811.78,1,,
48,1,2023-12-11T15:00:00+00,PIX,COBRANCA,RECUSADO,1808.90,1,,
49,1,2023-01-28T15:00:00+00,PIX,COBRANCA,RECUSADO,1179.68,1,,
50,1,2023-02-17T15:00:00+00,PIX,COBRANCA,RECUSADO,2386.76,1,,
51,1,2023-03-06T15:00:00+00,PIX,COBRANCA,RECUSADO,1335.58,1,,
52,1,2023-04-23T15:00:00+00,PIX,COBRANCA,RECUSADO,1705.34,1,,
53,1,2023-05-12T15:00:00+00,PIX,COBRANCA,RECUSADO,3035.72,1,,
54,1,2023-06-29T15:00:00+00,PIX,COBRANCA,RECUSADO,848.90,1,,
55,1,2023-07-18T15:00:00+00,PIX,COBRANCA,RECUSADO,1962.84,1,,
56,1,2023-08-07T15:00:00+00,PIX,COBRANCA,RECUSADO,2021.88,1,,
57,1,2023-09-24T15:00:00+00,PIX,COBRANCA,RECUSADO,1311.27,1,,
58,1,2023-10-13T15:00:00+00,PIX,COBRANCA,RECUSADO,1547.14,1,,
59,1,2023-11-02T15:00:00+00,PIX,COBRANCA,RECUSADO,1305.20,1,,
60,1,2023-11-19T15:00:00+00,PIX,COBRANCA,RECUSADO,1062.74,1,,
61,1,2023-12-08T15:00:00+00,PIX,COBRANCA,RECUSADO,2151.50,1,,
62,1,2023-01-25T15:00:00+00,PIX,COBRANCA,RECUSADO,590.58,1,,
63,1,2023-02-14T15:00:00+00,PIX,COBRANCA,RECUSADO,1518.14,1,,
64,1,2023-03-03T15:00:00+00,PIX,COBRANCA,RECUSADO,1386.74,1,,
65,1,2023-04-20T15:00:00+00,PIX,COBRANCA,RECUSADO,589.17,1,,
66,1,2023-05-09T15:00:00+00,PIX,COBRANCA,RECUSADO,1359.64,1,,
67,1,2023-06-26T15:00:00+00,PIX,COBRANCA,RECUSADO,1245.50,1,,
68,1,2023-07-15T15:00:00+00,PIX,COBRANCA,RECUSADO,1113.50,1,,
69,1,2023-08-04T15:00:00+00,PIX,COBRANCA,RECUSADO,1194.44,1,,
70,1,2023-09-21T15:00:00+00,PIX,COBRANCA,RECUSADO,399.20,1,,
71,1,2023-10-10T15:00:00+00,PIX,COBRANCA,RECUSADO,989.78,1,,
72,1,2023-11-27T15:00:00+00,PIX,COBRANCA,RECUSADO,932.10,1,,
73,1,2023-11-16T15:00:00+00,PIX,COBRANCA,RECUSADO,686.48,1,,
74,1,2023-12-05T15:00:00+00,PIX,COBRANCA,RECUSADO,1400.36,1,,
75,1,2023-01-22T15:00:00+00,PIX,COBRANCA,RECUSADO,732.78,1,,
76,1,2023-02-11T15:00:00+00,PIX,COBRANCA,RECUSADO,1047.74,1,,
77,1,2023-03-28T15:00:00+00,PIX,COBRANCA,RECUSADO,1884.92,1,,
78,1,2023-04-17T15:00:00+00,PIX,COBRANCA,RECUSADO,596.48,1,,
79,1,2023-05-06T15:00:00+00,PIX,COBRANCA,RECUSADO,1482.98,1,,
80,1,2023-06-23T15:00:00+00,PIX,COBRANCA,RECUSADO,1458.18,1,,
81,1,2023-07-12T15:00:00+00,PIX,COBRANCA,RECUSADO,982.40,1,,
82,1,2023-08-29T15:00:00+00,PIX,COBRANCA,RECUSADO,1992.20,1,,
83,1,2023-09-18T15:00:00+00,PIX,COBRANCA,RECUSADO,1094.46,1,,
84,1,2023-10-07T15:00:00+00,PIX,COBRANCA,RECUSADO,1442.30,1,,
85,1,2023-11-24T15:00:00+00,PIX,COBRANCA,RECUSADO,2575.40,1,,
86,1,2023-11-13T15:00:00+00,PIX,COBRANCA,RECUSADO,793.76,1,,
87,1,2023-12-02T15:00:00+00,PIX,COBRANCA,RECUSADO,1976.18,1,,
88,1,2023-01-19T15:00:00+00,PIX,COBRANCA,RECUSADO,1617.98,1,,
89,1,2023-02-08T15:00:00+00,PIX,COBRANCA,RECUSADO,1129.86,1,,
90,1,2023-03-25T15:00:00+00,PIX,COBRANCA,RECUSADO,2197.48,1,,
91,1,2023-04-14T15:00:00+00,PIX,COBRANCA,RECUSADO,1269.68,1,,
92,1,2023-05-03T15:00:00+00,PIX,COBRANCA,RECUSADO,1626.45,1,,
93,1,2023-06-20T15:00:00+00,PIX,COBRANCA,RECUSADO,2581.14,1,,
94,1,2023-07-09T15:00:00+00,PIX,COBRANCA,RECUSADO,871.56,1,,
95,1,2023-08-26T15:00:00+00,PIX,COBRANCA,RECUSADO,1226.92,1,,
96,1,2023-09-15T15:00:00+00,PIX,COBRANCA,RECUSADO,2051.48,1,,
97,1,2023-10-04T15:00:00+00,PIX,COBRANCA,RECUSADO,846.02,1,,
98,1,2023-11-21T15:00:00+00,PIX,COBRANCA,RECUSADO,1703.84,1,,
99,1,2023-11-10T15:00:00+00,PIX,COBRANCA,RECUSADO,1416.97,1,,
100,1,2023-12-27T15:00:00+00,PIX,COBRANCA,RECUSADO,1186.93,1,,
101,1,2023-01-16T15:00:00+00,PIX,COBRANCA,RECUSADO,1654.76,1,,
102,1,2023-02-05T15:00:00+00,PIX,COBRANCA,RECUSADO,421.12,1,,
103,1,2023-03-22T15:00:00+00,PIX,COBRANCA,RECUSADO,1274.74,1,,
104,1,2023-04-11T15:00:00+00,PIX,COBRANCA,RECUSADO,1655.46,1,,
105,1,2023-05-28T15:00:00+00,PIX,COBRANCA,RECUSADO,796.08,1,,
106,1,2023-06-17T15:00:00+00,PIX,COBRANCA,RECUSADO,1773.00,1,,
107,1,2023-07-06T15:00:00+00,PIX,COBRANCA,RECUSADO,491.66,1,,
108,1,2023-08-23T15:00:00+00,PIX,COBRANCA,RECUSADO,784.70,1,,
109,1,2023-09-12T15:00:00+00,PIX,COBRANCA,RECUSADO,1424.60,1,,
110,1,2023-10-29T15:00:00+00,PIX,COBRANCA,RECUSADO,464.96,1,,
111,1,2023-11-18T15:00:00+00,PIX,COBRANCA,RECUSADO,1154.18,1,,
112,1,2023-11-07T15:00:00+00,PIX,COBRANCA,RECUSADO,1107.46,1,,
113,1,2023-12-24T15:00:00+00,PIX,COBRANCA,RECUSADO,785.12,1,,
114,1,2023-01-13T15:00:00+00,PIX,COBRANCA,RECUSADO,1597.64,1,,
115,1,2023-02-02T15:00:00+00,PIX,COBRANCA,RECUSADO,853.34,1,,
116,1,2023-03-19T15:00:00+00,PIX,COBRANCA,RECUSADO,1179.26,1,,
117,1,2023-04-08T15:00:00+00,PIX,COBRANCA,RECUSADO,2115.08,1,,
118,1,2023-05-25T15:00:00+00,PIX,COBRANCA,RECUSADO,662.24,1,,
119,1,2023-06-14T15:00:00+00,PIX,COBRANCA,RECUSADO,1647.38,1,,
120,1,2023-07-03T15:00:00+00,PIX,COBRANCA,RECUSADO,1633.54,1,,
121,1,2023-08-20T15:00:00+00,PIX,COBRANCA,RECUSADO,918.76,1,,
122,1,2023-09-09T15:00:00+00,PIX,COBRANCA,RECUSADO,1934.47,1,,
123,1,2023-10-26T15:00:00+00,PIX,COBRANCA,RECUSADO,997.33,1,,
124,1,2023-11-15T15:00:00+00,PIX,COBRANCA,RECUSADO,1394.47,1,,
125,1,2023-11-04T15:00:00+00,PIX,COBRANCA,RECUSADO,2384.18,1,,
126,1,2023-12-21T15:00:00+00,PIX,COBRANCA,RECUSADO,712.41,1,,
127,1,2023-01-10T15:00:00+00,PIX,COBRANCA,RECUSADO,1891.72,1,,
128,1,2023-02-27T15:00:00+00,PIX,COBRANCA,RECUSADO,1761.53,1,,
129,1,2023-03-16T15:00:00+00,PIX,COBRANCA,RECUSADO,1217.54,1,,
130,1,2023-04-05T15:00:00+00,PIX,COBRANCA,RECUSADO,2363.52,1,,
131,1,2023-05-22T15:00:00+00,PIX,COBRANCA,RECUSADO,1375.42,1,,
132,1,2023-06-11T15:00:00+00,PIX,COBRANCA,RECUSADO,1742.05,1,,
133,1,2023-07-28T15:00:00+00,PIX,COBRANCA,RECUSADO,1843.57,1,,
134,1,2023-08-17T15:00:00+00,PIX,COBRANCA,RECUSADO,596.48,1,,
135,1,2023-09-06T15:00:00+00,PIX,COBRANCA,RECUSADO,1713.14,1,,
136,1,2023-10-23T15:00:00+00,PIX,COBRANCA,RECUSADO,2532.26,1,,
137,1,2023-11-12T15:00:00+00,PIX,COBRANCA,RECUSADO,1059.12,1,,
138,1,2023-11-29T15:00:00+00,PIX,COBRANCA,RECUSADO,1378.44,1,,
139,1,2023-12-18T15:00:00+00,PIX,COBRANCA,RECUSADO,1478.06,1,,
140,1,2023-01-07T15:00:00+00,PIX,COBRANCA,RECUSADO,981.98,1,,
141,1,2023-02-24T15:00:00+00,PIX,COBRANCA,RECUSADO,1884.92,1,,
142,1,2023-03-13T15:00:00+00,PIX,COBRANCA,RECUSADO,486.88,1,,
143,1,2023-04-02T15:00:00+00,PIX,COBRANCA,RECUSADO,1439.14,1,,
144,1,2023-05-19T15:00:00+00,PIX,COBRANCA,RECUSADO,756.74,1,,
145,1,2023-06-08T15:00:00+00,PIX,COBRANCA,RECUSADO,587.84,1,,
146,1,2023-07-25T15:00:00+00,PIX,COBRANCA,RECUSADO,1203.08,1,,
147,1,2023-08-14T15:00:00+00,PIX,COBRANCA,RECUSADO,612.22,1,,
148,1,2023-09-03T15:00:00+00,PIX,COBRANCA,RECUSADO,916.22,1,,
149,1,2023-10-20T15:00:00+00,PIX,COBRANCA,RECUSADO,1654.76,1,,
150,1,2023-11-09T15:00:00+00,PIX,COBRANCA,RECUSADO,530.72,1,,
151,1,2023-11-26T15:00:00+00,PIX,COBRANCA,RECUSADO,1318.58,1,,
152,1,2023-12-15T15:00:00+00,PIX,COBRANCA,RECUSADO,1282.82,1,,
153,1,2023-01-04T15:00:00+00,PIX,COBRANCA,RECUSADO,883.76,1,,
154,1,2023-02-21T15:00:00+00,PIX,COBRANCA,RECUSADO,1668.50,1,,
155,1,2023-03-10T15:00:00+00,PIX,COBRANCA,RECUSADO,811.43,1,,
156,1,2023-04-27T15:00:00+00,PIX,COBRANCA,RECUSADO,1094.38,1,,
157,1,2023-05-16T15:00:00+00,PIX,COBRANCA,RECUSADO,2071.55,1,,
158,1,2023-06-05T15:00:00+00,PIX,COBRANCA,RECUSADO,566.41,1,,
159,1,2023-07-22T15:00:00+00,PIX,COBRANCA,RECUSADO,1607.30,1,,
160,1,2023-08-11T15:00:00+00,PIX,COBRANCA,RECUSADO,1420.23,1,,
161,1,2023-09-28T15:00:00+00,PIX,COBRANCA,RECUSADO,983.20,1,,
162,1,2023-10-17T15:00:00+00,PIX,COBRANCA,RECUSADO,2107.05,1,,
163,1,2023-11-06T15:00:00+00,PIX,COBRANCA,RECUSADO,1097.10,1,,
164,1,2023-11-23T15:00:00+00,PIX,COBRANCA,RECUSADO,1511.74,1,,
165,1,2023-12-12T15:00:00+00,PIX,COBRANCA,RECUSADO,2577.56,1,,
166,1,2023-01-29T15:00:00+00,PIX,COBRANCA,RECUSADO,767.23,1,,
167,1,2023-02-18T15:00:00+00,PIX,COBRANCA,RECUSADO,2177.74,1,,
168,1,2023-03-07T15:00:00+00,PIX,COBRANCA,RECUSADO,2334.98,1,,
169,1,2023-04-24T15:00:00+00,PIX,COBRANCA,RECUSADO,1475.60,1,,
170,1,2023-05-13T15:00:00+00,PIX,COBRANCA,RECUSADO,1904.52,1,,
171,1,2023-06-02T15:00:00+00,PIX,COBRANCA,RECUSADO,1390.38,1,,
172,1,2023-07-19T15:00:00+00,PIX,COBRANCA,RECUSADO,1332.70,1,,
173,1,2023-08-08T15:00:00+00,PIX,COBRANCA,RECUSADO,2498.68,1,,
174,1,2023-09-25T15:00:00+00,PIX,COBRANCA,RECUSADO,662.24,1,,
175,1,2023-10-14T15:00:00+00,PIX,COBRANCA,RECUSADO,1877.54,1,,
176,1,2023-11-03T15:00:00+00,PIX,COBRANCA,RECUSADO,1480.10,1,,
177,1,2023-11-20T15:00:00+00,PIX,COBRANCA,RECUSADO,697.44,1,,
178,1,2023-12-09T15:00:00+00,PIX,COBRANCA,RECUSADO,1575.72,1,,
179,1,2023-01-26T15:00:00+00,PIX,COBRANCA,RECUSADO,1598.62,1,,
180,1,2023-02-15T15:00:00+00,PIX,COBRANCA,RECUSADO,1113.50,1,,
181,1,2023-03-04T15:00:00+00,PIX,COBRANCA,RECUSADO,1194.44,1,,
182,1,2023-04-21T15:00:00+00,PIX,COBRANCA,RECUSADO,399.20,1,,
183,1,2023-05-10T15:00:00+00,PIX,COBRANCA,RECUSADO,989.78,1,,
184,1,2023-06-27T15:00:00+00,PIX,COBRANCA,RECUSADO,932.10,1,,
185,1,2023-07-16T15:00:00+00,PIX,COBRANCA,RECUSADO,686.48,1,,
186,1,2023-08-05T15:00:00+00,PIX,COBRANCA,RECUSADO,1400.36,1,,
187,1,2023-09-22T15:00:00+00,PIX,COBRANCA,RECUSADO,732.78,1,,
188,1,2023-10-11T15:00:00+00,PIX,COBRANCA,RECUSADO,820.56,1,,
189,1,2023-11-28T15:00:00+00,PIX,COBRANCA,RECUSADO,1671.45,1,,
190,1,2023-11-17T15:00:00+00,PIX,COBRANCA,RECUSADO,519.77,1,,
191,1,2023-12-06T15:00:00+00,PIX,COBRANCA,RECUSADO,1239.36,1,,
192,1,2023-01-23T15:00:00+00,PIX,COBRANCA,RECUSADO,1271.97,1,,
193,1,2023-02-12T15:00:00+00,PIX,COBRANCA,RECUSADO,768.59,1,,
194,1,2023-03-29T15:00:00+00,PIX,COBRANCA,RECUSADO,1768.30,1,,
195,1,2023-04-18T15:00:00+00,PIX,COBRANCA,RECUSADO,910.63,1,,
196,1,2023-05-07T15:00:00+00,PIX,COBRANCA,RECUSADO,1205.04,1,,
197,1,2023-06-24T15:00:00+00,PIX,COBRANCA,RECUSADO,2272.62,1,,
198,1,2023-07-13T15:00:00+00,PIX,COBRANCA,RECUSADO,617.93,1,,
199,1,2023-08-02T15:00:00+00,PIX,COBRANCA,RECUSADO,1754.16,1,,
200,1,2023-09-19T15:00:00+00,PIX,COBRANCA,RECUSADO,1565.59,1,,
201,1,2023-10-08T15:00:00+00,PIX,COBRANCA,RECUSADO,1278.32,1,,
202,1,2023-11-25T15:00:00+00,PIX,COBRANCA,RECUSADO,2584.04,1,,
203,1,2023-11-14T15:00:00+00,PIX,COBRANCA,RECUSADO,1456.14,1,,
204,1,2023-12-03T15:00:00+00,PIX,COBRANCA,RECUSADO,1836.86,1,,
205,1,2023-01-20T15:00:00+00,PIX,COBRANCA,RECUSADO,3265.88,1,,
206,1,2023-02-09T15:00:00+00,PIX,COBRANCA,RECUSADO,991.04,1,,
207,1,2023-03-26T15:00:00+00,PIX,COBRANCA,RECUSADO,1548.74,1,,
208,1,2023-04-15T15:00:00+00,PIX,COBRANCA,RECUSADO,2356.90,1,,
209,1,2023-05-04T15:00:00+00,PIX,COBRANCA,RECUSADO,960.48,1,,
210,1,2023-06-21T15:00:00+00,PIX,COBRANCA,RECUSADO,2101.80,1,,
211,1,2023-07-10T15:00:00+00,PIX,COBRANCA,RECUSADO,1510.94,1,,
212,1,2023-08-27T15:00:00+00,PIX,COBRANCA,RECUSADO,1464.22,1,,
213,1,2023-09-16T15:00:00+00,PIX,COBRANCA,RECUSADO,1654.76,1,,
214,1,2023-10-05T15:00:00+00,PIX,COBRANCA,RECUSADO,421.12,1,,
215,1,2023-11-22T15:00:00+00,PIX,COBRANCA,RECUSADO,1274.74,1,,
216,1,2023-11-11T15:00:00+00,PIX,COBRANCA,RECUSADO,1655.46,1,,
217,1,2023-12-28T15:00:00+00,PIX,COBRANCA,RECUSADO,796.08,1,,
218,1,2023-01-17T15:00:00+00,PIX,COBRANCA,RECUSADO,1773.00,1,,
219,1,2023-02-06T15:00:00+00,PIX,COBRANCA,RECUSADO,491.66,1,,
220,1,2023-03-23T15:00:00+00,PIX,COBRANCA,RECUSADO,784.70,1,,
221,1,2023-04-12T15:00:00+00,PIX,COBRANCA,RECUSADO,1213.48,1,,
222,1,2023-05-29T15:00:00+00,PIX,COBRANCA,RECUSADO,418.49,1,,
223,1,2023-06-18T15:00:00+00,PIX,COBRANCA,RECUSADO,904.38,1,,
224,1,2023-07-07T15:00:00+00,PIX,COBRANCA,RECUSADO,1010.85,1,,
225,1,2023-08-24T15:00:00+00,PIX,COBRANCA,RECUSADO,679.05,1,,
226,1,2023-09-13T15:00:00+00,PIX,COBRANCA,RECUSADO,1335.49,1,,
227,1,2023-10-02T15:00:00+00,PIX,COBRANCA,RECUSADO,692.21,1,,
228,1,2023-11-19T15:00:00+00,PIX,COBRANCA,RECUSADO,924.70,1,,
229,1,2023-11-08T15:00:00+00,PIX,COBRANCA,RECUSADO,1877.49,1,,
230,1,2023-12-25T15:00:00+00,PIX,COBRANCA,RECUSADO,576.21,1,,
231,1,2023-01-14T15:00:00+00,PIX,COBRANCA,RECUSADO,1378.02,1,,
232,1,2023-02-03T15:00:00+00,PIX,COBRANCA,RECUSADO,1422.65,1,,
233,1,2023-03-20T15:00:00+00,PIX,COBRANCA,RECUSADO,846.42,1,,
234,1,2023-04-09T15:00:00+00,PIX,COBRANCA,RECUSADO,2189.48,1,,
235,1,2023-05-26T15:00:00+00,PIX,COBRANCA,RECUSADO,1215.02,1,,
236,1,2023-06-15T15:00:00+00,PIX,COBRANCA,RECUSADO,1573.82,1,,
237,1,2023-07-04T15:00:00+00,PIX,COBRANCA,RECUSADO,2805.56,1,,
238,1,2023-08-21T15:00:00+00,PIX,COBRANCA,RECUSADO,859.52,1,,
239,1,2023-09-10T15:00:00+00,PIX,COBRANCA,RECUSADO,2140.58,1,,
240,1,2023-10-27T15:00:00+00,PIX,COBRANCA,RECUSADO,2159.62,1,,
241,1,2023-11-16T15:00:00+00,PIX,COBRANCA,RECUSADO,1376.96,1,,
242,1,2023-11-05T15:00:00+00,PIX,COBRANCA,RECUSADO,2781.32,1,,
243,1,2023-12-22T15:00:00+00,PIX,COBRANCA,RECUSADO,1576.70,1,,
244,1,2023-01-11T15:00:00+00,PIX,COBRANCA,RECUSADO,1968.38,1,,
245,1,2023-02-28T15:00:00+00,PIX,COBRANCA,RECUSADO,2268.52,1,,
246,1,2023-03-17T15:00:00+00,PIX,COBRANCA,RECUSADO,596.48,1,,
247,1,2023-04-06T15:00:00+00,PIX,COBRANCA,RECUSADO,1713.14,1,,
248,1,2023-05-23T15:00:00+00,PIX,COBRANCA,RECUSADO,2532.26,1,,
249,1,2023-06-12T15:00:00+00,PIX,COBRANCA,RECUSADO,1059.12,1,,
250,1,2023-07-29T15:00:00+00,PIX,COBRANCA,RECUSADO,1378.44,1,,
251,1,2023-08-18T15:00:00+00,PIX,COBRANCA,RECUSADO,1478.06,1,,
252,1,2023-09-07T15:00:00+00,PIX,COBRANCA,RECUSADO,981.98,1,,
253,1,2023-10-24T15:00:00+00,PIX,COBRANCA,RECUSADO,1884.92,1,,
254,1,2023-11-13T15:00:00+00,PIX,COBRANCA,RECUSADO,454.90,1,,
255,1,2023-11-02T15:00:00+00,PIX,COBRANCA,RECUSADO,1206.04,1,,
256,1,2023-12-19T15:00:00+00,PIX,COBRANCA,RECUSADO,650.79,1,,
257,1,2023-01-08T15:00:00+00,PIX,COBRANCA,RECUSADO,527.06,1,,
258,1,2023-02-25T15:00:00+00,PIX,COBRANCA,RECUSADO,942.12,1,,
259,1,2023-03-14T15:00:00+00,PIX,COBRANCA,RECUSADO,559.91,1,,
260,1,2023-04-03T15:00:00+00,PIX,COBRANCA,RECUSADO,790.39,1,,
261,1,2023-05-20T15:00:00+00,PIX,COBRANCA,RECUSADO,1382.72,1,,
262,1,2023-06-09T15:00:00+00,PIX,COBRANCA,RECUSADO,477.14,1,,
263,1,2023-07-26T15:00:00+00,PIX,COBRANCA,RECUSADO,1034.78,1,,
264,1,2023-08-15T15:00:00+00,PIX,COBRANCA,RECUSADO,1171.91,1,,
265,1,2023-09-04T15:00:00+00,PIX,COBRANCA,RECUSADO,762.89,1,,
266,1,2023-10-21T15:00:00+00,PIX,COBRANCA,RECUSADO,1502.10,1,,
267,1,2023-11-10T15:00:00+00,PIX,COBRANCA,RECUSADO,818.06,1,,
268,1,2023-11-27T15:00:00+00,PIX,COBRANCA,RECUSADO,1310.78,1,,
269,1,2023-12-16T15:00:00+00,PIX,COBRANCA,RECUSADO,2345.24,1,,
270,1,2023-01-05T15:00:00+00,PIX,COBRANCA,RECUSADO,728.00,1,,
271,1,2023-02-22T15:00:00+00,PIX,COBRANCA,RECUSADO,1811.78,1,,
272,1,2023-03-11T15:00:00+00,PIX,COBRANCA,RECUSADO,1808.90,1,,
273,1,2023-04-28T15:00:00+00,PIX,COBRANCA,RECUSADO,1179.68,1,,
274,1,2023-05-17T15:00:00+00,PIX,COBRANCA,RECUSADO,2386.76,1,,
275,1,2023-06-06T15:00:00+00,PIX,COBRANCA,RECUSADO,1335.58,1,,
276,1,2023-07-23T15:00:00+00,PIX,COBRANCA,RECUSADO,1705.34,1,,
277,1,2023-08-12T15:00:00+00,PIX,COBRANCA,RECUSADO,3035.72,1,,
278,1,2023-09-29T15:00:00+00,PIX,COBRANCA,RECUSADO,925.28,1,,
279,1,2023-10-18T15:00:00+00,PIX,COBRANCA,RECUSADO,2304.98,1,,
280,1,2023-11-07T15:00:00+00,PIX,COBRANCA,RECUSADO,2334.98,1,,
281,1,2023-11-24T15:00:00+00,PIX,COBRANCA,RECUSADO,1475.60,1,,
282,1,2023-12-13T15:00:00+00,PIX,COBRANCA,RECUSADO,1904.52,1,,
283,1,2023-01-02T15:00:00+00,PIX,COBRANCA,RECUSADO,1390.38,1,,
284,1,2023-02-19T15:00:00+00,PIX,COBRANCA,RECUSADO,1332.70,1,,
285,1,2023-03-08T15:00:00+00,PIX,COBRANCA,RECUSADO,2498.68,1,,
286,1,2023-04-25T15:00:00+00,PIX,COBRANCA,RECUSADO,662.24,1,,
287,1,2023-05-14T15:00:00+00,PIX,COBRANCA,RECUSADO,1877.54,1,,
288,1,2023-06-03T15:00:00+00,PIX,COBRANCA,RECUSADO,1238.78,1,,
289,1,2023-07-20T15:00:00+00,PIX,COBRANCA,RECUSADO,632.28,1,,
290,1,2023-08-09T15:00:00+00,PIX,COBRANCA,RECUSADO,1316.83,1,,
291,1,2023-09-26T15:00:00+00,PIX,COBRANCA,RECUSADO,1422.58,1,,
292,1,2023-10-15T15:00:00+00,PIX,COBRANCA,RECUSADO,931.01,1,,
293,1,2023-11-04T15:00:00+00,PIX,COBRANCA,RECUSADO,933.89,1,,
294,1,2023-11-21T15:00:00+00,PIX,COBRANCA,RECUSADO,348.79,1,,
295,1,2023-12-10T15:00:00+00,PIX,COBRANCA,RECUSADO,853.74,1,,
296,1,2023-01-27T15:00:00+00,PIX,COBRANCA,RECUSADO,803.14,1,,
297,1,2023-02-16T15:00:00+00,PIX,COBRANCA,RECUSADO,614.21,1,,
298,1,2023-03-05T15:00:00+00,PIX,COBRANCA,RECUSADO,1098.88,1,,
299,1,2023-04-22T15:00:00+00,PIX,COBRANCA,RECUSADO,671.67,1,,
300,1,2023-05-11T15:00:00+00,PIX,COBRANCA,RECUSADO,928.28,1,,
301,1,2023-06-28T15:00:00+00,PIX,COBRANCA,RECUSADO,1884.92,1,,
302,1,2023-07-17T15:00:00+00,PIX,COBRANCA,RECUSADO,596.48,1,,
303,1,2023-08-06T15:00:00+00,PIX,COBRANCA,RECUSADO,1482.98,1,,
304,1,2023-09-23T15:00:00+00,PIX,COBRANCA,RECUSADO,1458.18,1,,
305,1,2023-10-12T15:00:00+00,PIX,COBRANCA,RECUSADO,982.40,1,,
306,1,2023-11-29T15:00:00+00,PIX,COBRANCA,RECUSADO,1992.20,1,,
307,1,2023-11-18T15:00:00+00,PIX,COBRANCA,RECUSADO,1094.46,1,,
308,1,2023-12-07T15:00:00+00,PIX,COBRANCA,RECUSADO,1442.30,1,,
309,1,2023-01-24T15:00:00+00,PIX,COBRANCA,RECUSADO,2575.40,1,,
310,1,2023-02-13T15:00:00+00,PIX,COBRANCA,RECUSADO,793.76,1,,
311,1,2023-03-02T15:00:00+00,PIX,COBRANCA,RECUSADO,1976.18,1,,
312,1,2023-04-19T15:00:00+00,PIX,COBRANCA,RECUSADO,1984.26,1,,
313,1,2023-05-08T15:00:00+00,PIX,COBRANCA,RECUSADO,1278.32,1,,
314,1,2023-06-25T15:00:00+00,PIX,COBRANCA,RECUSADO,2584.04,1,,
315,1,2023-07-14T15:00:00+00,PIX,COBRANCA,RECUSADO,1456.14,1,,
316,1,2023-08-03T15:00:00+00,PIX,COBRANCA,RECUSADO,1836.86,1,,
317,1,2023-09-20T15:00:00+00,PIX,COBRANCA,RECUSADO,3265.88,1,,
318,1,2023-10-09T15:00:00+00,PIX,COBRANCA,RECUSADO,991.04,1,,
319,1,2023-11-26T15:00:00+00,PIX,COBRANCA,RECUSADO,1548.74,1,,
320,1,2023-11-15T15:00:00+00,PIX,COBRANCA,RECUSADO,2356.90,1,,
321,1,2023-12-04T15:00:00+00,PIX,COBRANCA,RECUSADO,852.46,1,,
322,1,2023-01-21T15:00:00+00,PIX,COBRANCA,RECUSADO,1830.87,1,,
323,1,2023-02-10T15:00:00+00,PIX,COBRANCA,RECUSADO,1265.85,1,,
324,1,2023-03-27T15:00:00+00,PIX,COBRANCA,RECUSADO,1328.73,1,,
325,1,2023-04-16T15:00:00+00,PIX,COBRANCA,RECUSADO,1379.68,1,,
326,1,2023-05-05T15:00:00+00,PIX,COBRANCA,RECUSADO,357.32,1,,
327,1,2023-06-22T15:00:00+00,PIX,COBRANCA,RECUSADO,1054.94,1,,
328,1,2023-07-11T15:00:00+00,PIX,COBRANCA,RECUSADO,1382.33,1,,
329,1,2023-08-28T15:00:00+00,PIX,COBRANCA,RECUSADO,719.95,1,,
330,1,2023-09-17T15:00:00+00,PIX,COBRANCA,RECUSADO,1482.94,1,,
331,1,2023-10-06T15:00:00+00,PIX,COBRANCA,RECUSADO,423.51,1,,
332,1,2023-11-23T15:00:00+00,PIX,COBRANCA,RECUSADO,701.37,1,,
333,1,2023-11-12T15:00:00+00,PIX,COBRANCA,RECUSADO,1116.96,1,,
334,1,2023-12-29T15:00:00+00,PIX,COBRANCA,RECUSADO,464.96,1,,
335,1,2023-01-18T15:00:00+00,PIX,COBRANCA,RECUSADO,1154.18,1,,
336,1,2023-02-07T15:00:00+00,PIX,COBRANCA,RECUSADO,1107.46,1,,
337,1,2023-03-24T15:00:00+00,PIX,COBRANCA,RECUSADO,785.12,1,,
338,1,2023-04-13T15:00:00+00,PIX,COBRANCA,RECUSADO,1597.64,1,,
339,1,2023-05-02T15:00:00+00,PIX,COBRANCA,RECUSADO,853.34,1,,
340,1,2023-06-19T15:00:00+00,PIX,COBRANCA,RECUSADO,1179.26,1,,
341,1,2023-07-08T15:00:00+00,PIX,COBRANCA,RECUSADO,2115.08,1,,
342,1,2023-08-25T15:00:00+00,PIX,COBRANCA,RECUSADO,662.24,1,,
343,1,2023-09-14T15:00:00+00,PIX,COBRANCA,RECUSADO,1647.38,1,,
344,1,2023-10-03T15:00:00+00,PIX,COBRANCA,RECUSADO,1633.54,1,,
345,1,2023-11-20T15:00:00+00,PIX,COBRANCA,RECUSADO,1081.04,1,,
346,1,2023-11-09T15:00:00+00,PIX,COBRANCA,RECUSADO,2189.48,1,,
347,1,2023-12-26T15:00:00+00,PIX,COBRANCA,RECUSADO,1215.02,1,,
348,1,2023-01-15T15:00:00+00,PIX,COBRANCA,RECUSADO,1573.82,1,,
349,1,2023-02-04T15:00:00+00,PIX,COBRANCA,RECUSADO,2805.56,1,,
350,1,2023-03-21T15:00:00+00,PIX,COBRANCA,RECUSADO,859.52,1,,
351,1,2023-04-10T15:00:00+00,PIX,COBRANCA,RECUSADO,2140.58,1,,
352,1,2023-05-27T15:00:00+00,PIX,COBRANCA,RECUSADO,2159.62,1,,
353,1,2023-06-16T15:00:00+00,PIX,COBRANCA,RECUSADO,1376.96,1,,
354,1,2023-07-05T15:00:00+00,PIX,COBRANCA,RECUSADO,2597.36,1,,
355,1,2023-08-22T15:00:00+00,PIX,COBRANCA,RECUSADO,1307.37,1,,
356,1,2023-09-11T15:00:00+00,PIX,COBRANCA,RECUSADO,1647.86,1,,
357,1,2023-10-28T15:00:00+00,PIX,COBRANCA,RECUSADO,1972.33,1,,
358,1,2023-11-17T15:00:00+00,PIX,COBRANCA,RECUSADO,478.73,1,,
359,1,2023-11-06T15:00:00+00,PIX,COBRANCA,RECUSADO,1559.10,1,,
360,1,2023-12-23T15:00:00+00,PIX,COBRANCA,RECUSADO,1962.20,1,,
361,1,2023-01-12T15:00:00+00,PIX,COBRANCA,RECUSADO,905.90,1,,
362,1,2023-03-01T15:00:00+00,PIX,COBRANCA,RECUSADO,1128.96,1,,
363,1,2023-03-18T15:00:00+00,PIX,COBRANCA,RECUSADO,1242.87,1,,
364,1,2023-04-07T15:00:00+00,PIX,COBRANCA,RECUSADO,893.59,1,,
365,1,2023-05-24T15:00:00+00,PIX,COBRANCA,RECUSADO,1573.14,1,,
366,1,2023-06-13T15:00:00+00,PIX,COBRANCA,RECUSADO,412.09,1,,
367,1,2023-07-02T15:00:00+00,PIX,COBRANCA,RECUSADO,1257.10,1,,
368,1,2023-08-19T15:00:00+00,PIX,COBRANCA,RECUSADO,756.74,1,,
369,1,2023-09-08T15:00:00+00,PIX,COBRANCA,RECUSADO,587.84,1,,
370,1,2023-10-25T15:00:00+00,PIX,COBRANCA,RECUSADO,1203.08,1,,
371,1,2023-11-14T15:00:00+00,PIX,COBRANCA,RECUSADO,612.22,1,,
372,1,2023-11-03T15:00:00+00,PIX,COBRANCA,RECUSADO,916.22,1,,
373,1,2023-12-20T15:00:00+00,PIX,COBRANCA,RECUSADO,1654.76,1,,
374,1,2023-01-09T15:00:00+00,PIX,COBRANCA,RECUSADO,530.72,1,,
375,1,2023-02-26T15:00:00+00,PIX,COBRANCA,RECUSADO,1318.58,1,,
376,1,2023-03-15T15:00:00+00,PIX,COBRANCA,RECUSADO,1282.82,1,,
377,1,2023-04-04T15:00:00+00,PIX,COBRANCA,RECUSADO,883.76,1,,
378,1,2023-05-21T15:00:00+00,PIX,COBRANCA,RECUSADO,1794.92,1,,
379,1,2023-06-10T15:00:00+00,PIX,COBRANCA,RECUSADO,973.90,1,,
380,1,2023-07-27T15:00:00+00,PIX,COBRANCA,RECUSADO,1310.78,1,,
381,1,2023-08-16T15:00:00+00,PIX,COBRANCA,RECUSADO,2345.24,1,,
382,1,2023-09-05T15:00:00+00,PIX,COBRANCA,RECUSADO,728.00,1,,
383,1,2023-10-22T15:00:00+00,PIX,COBRANCA,RECUSADO,1811.78,1,,
384,1,2023-11-11T15:00:00+00,PIX,COBRANCA,RECUSADO,1808.90,1,,
385,1,2023-11-28T15:00:00+00,PIX,COBRANCA,RECUSADO,1179.68,1,,
386,1,2023-12-17T15:00:00+00,PIX,COBRANCA,RECUSADO,2386.76,1,,
387,1,2023-01-06T15:00:00+00,PIX,COBRANCA,RECUSADO,1335.58,1,,
388,1,2023-02-23T15:00:00+00,PIX,COBRANCA,RECUSADO,1341.16,1,,
389,1,2023-03-12T15:00:00+00,PIX,COBRANCA,RECUSADO,2701.69,1,,
390,1,2023-04-29T15:00:00+00,PIX,COBRANCA,RECUSADO,801.99,1,,
391,1,2023-05-18T15:00:00+00,PIX,COBRANCA,RECUSADO,1932.58,1,,
392,1,2023-06-07T15:00:00+00,PIX,COBRANCA,RECUSADO,2025.47,1,,
393,1,2023-07-24T15:00:00+00,PIX,COBRANCA,RECUSADO,1157.67,1,,
394,1,2023-08-13T15:00:00+00,PIX,COBRANCA,RECUSADO,1737.57,1,,
395,1,2023-09-02T15:00:00+00,PIX,COBRANCA,RECUSADO,1115.03,1,,
396,1,2023-10-19T15:00:00+00,PIX,COBRANCA,RECUSADO,1144.77,1,,
397,1,2023-11-08T15:00:00+00,PIX,COBRANCA,RECUSADO,2173.48,1,,
398,1,2023-11-25T15:00:00+00,PIX,COBRANCA,RECUSADO,530.25,1,,
399,1,2023-12-14T15:00:00+00,PIX,COBRANCA,RECUSADO,1705.90,1,,
400,1,2023-01-03T15:00:00+00,PIX,COBRANCA,RECUSADO,1181.99,1,,
401,1,2023-02-20T15:00:00+00,PIX,COBRANCA,RECUSADO,697.44,1,,
402,1,2023-03-09T15:00:00+00,PIX,COBRANCA,RECUSADO,1575.72,1,,
403,1,2023-04-26T15:00:00+00,PIX,COBRANCA,RECUSADO,1598.62,1,,
404,1,2023-05-15T15:00:00+00,PIX,COBRANCA,RECUSADO,1113.50,1,,
405,1,2023-06-04T15:00:00+00,PIX,COBRANCA,RECUSADO,1194.44,1,,
406,1,2023-07-21T15:00:00+00,PIX,COBRANCA,RECUSADO,399.20,1,,
407,1,2023-08-10T15:00:00+00,PIX,COBRANCA,RECUSADO,989.78,1,,
408,1,2023-09-27T15:00:00+00,PIX,COBRANCA,RECUSADO,932.10,1,,
409,1,2023-10-16T15:00:00+00,PIX,COBRANCA,RECUSADO,686.48,1,,
410,1,2023-11-05T15:00:00+00,PIX,COBRANCA,RECUSADO,1400.36,1,,
411,1,2023-11-22T15:00:00+00,PIX,COBRANCA,RECUSADO,732.78,1,,
412,1,2023-12-11T15:00:00+00,PIX,COBRANCA,RECUSADO,1047.74,1,,
413,1,2023-01-28T15:00:00+00,PIX,COBRANCA,RECUSADO,1884.92,1,,
414,1,2023-02-17T15:00:00+00,PIX,COBRANCA,RECUSADO,596.48,1,,
415,1,2023-03-06T15:00:00+00,PIX,COBRANCA,RECUSADO,1482.98,1,,
416,1,2023-04-23T15:00:00+00,PIX,COBRANCA,RECUSADO,1458.18,1,,
417,1,2023-05-12T15:00:00+00,PIX,COBRANCA,RECUSADO,982.40,1,,
418,1,2023-06-29T15:00:00+00,PIX,COBRANCA,RECUSADO,1992.20,1,,
419,1,2023-07-18T15:00:00+00,PIX,COBRANCA,RECUSADO,1094.46,1,,
420,1,2023-08-07T15:00:00+00,PIX,COBRANCA,RECUSADO,1442.30,1,,
421,1,2023-09-24T15:00:00+00,PIX,COBRANCA,RECUSADO,2219.06,1,,
422,1,2023-10-13T15:00:00+00,PIX,COBRANCA,RECUSADO,711.67,1,,
423,1,2023-11-02T15:00:00+00,PIX,COBRANCA,RECUSADO,1556.50,1,,
424,1,2023-11-19T15:00:00+00,PIX,COBRANCA,RECUSADO,1816.41,1,,
425,1,2023-12-08T15:00:00+00,PIX,COBRANCA,RECUSADO,1098.27,1,,
426,1,2023-01-25T15:00:00+00,PIX,COBRANCA,RECUSADO,2168.45,1,,
427,1,2023-02-14T15:00:00+00,PIX,COBRANCA,RECUSADO,1171.71,1,,
428,1,2023-03-03T15:00:00+00,PIX,COBRANCA,RECUSADO,1445.30,1,,
429,1,2023-04-20T15:00:00+00,PIX,COBRANCA,RECUSADO,2907.73,1,,
430,1,2023-05-09T15:00:00+00,PIX,COBRANCA,RECUSADO,858.43,1,,
431,1,2023-06-26T15:00:00+00,PIX,COBRANCA,RECUSADO,1334.74,1,,
432,1,2023-07-15T15:00:00+00,PIX,COBRANCA,RECUSADO,2038.06,1,,
433,1,2023-08-04T15:00:00+00,PIX,COBRANCA,RECUSADO,775.18,1,,
434,1,2023-09-21T15:00:00+00,PIX,COBRANCA,RECUSADO,2101.80,1,,
435,1,2023-10-10T15:00:00+00,PIX,COBRANCA,RECUSADO,1510.94,1,,
436,1,2023-11-27T15:00:00+00,PIX,COBRANCA,RECUSADO,1464.22,1,,
437,1,2023-11-16T15:00:00+00,PIX,COBRANCA,RECUSADO,1654.76,1,,
438,1,2023-12-05T15:00:00+00,PIX,COBRANCA,RECUSADO,421.12,1,,
439,1,2023-01-22T15:00:00+00,PIX,COBRANCA,RECUSADO,1274.74,1,,
440,1,2023-02-11T15:00:00+00,PIX,COBRANCA,RECUSADO,1655.46,1,,
441,1,2023-03-28T15:00:00+00,PIX,COBRANCA,RECUSADO,796.08,1,,
442,1,2023-04-17T15:00:00+00,PIX,COBRANCA,RECUSADO,1773.00,1,,
443,1,2023-05-06T15:00:00+00,PIX,COBRANCA,RECUSADO,491.66,1,,
444,1,2023-06-23T15:00:00+00,PIX,COBRANCA,RECUSADO,784.70,1,,
445,1,2023-07-12T15:00:00+00,PIX,COBRANCA,RECUSADO,1424.60,1,,
446,1,2023-08-29T15:00:00+00,PIX,COBRANCA,RECUSADO,464.96,1,,
447,1,2023-09-18T15:00:00+00,PIX,COBRANCA,RECUSADO,1154.18,1,,
448,1,2023-10-07T15:00:00+00,PIX,COBRANCA,RECUSADO,1107.46,1,,
449,1,2023-11-24T15:00:00+00,PIX,COBRANCA,RECUSADO,785.12,1,,
450,1,2023-11-13T15:00:00+00,PIX,COBRANCA,RECUSADO,1597.64,1,,
451,1,2023-12-02T15:00:00+00,PIX,COBRANCA,RECUSADO,853.34,1,,
452,1,2023-01-19T15:00:00+00,PIX,COBRANCA,RECUSADO,1179.26,1,,
453,1,2023-02-08T15:00:00+00,PIX,COBRANCA,RECUSADO,2115.08,1,,
454,1,2023-03-25T15:00:00+00,PIX,COBRANCA,RECUSADO,605.60,1,,
455,1,2023-04-14T15:00:00+00,PIX,COBRANCA,RECUSADO,1408.26,1,,
456,1,2023-05-03T15:00:00+00,PIX,COBRANCA,RECUSADO,1412.51,1,,
457,1,2023-06-20T15:00:00+00,PIX,COBRANCA,RECUSADO,962.72,1,,
458,1,2023-07-09T15:00:00+00,PIX,COBRANCA,RECUSADO,1725.76,1,,
459,1,2023-08-26T15:00:00+00,PIX,COBRANCA,RECUSADO,1118.87,1,,
460,1,2023-09-15T15:00:00+00,PIX,COBRANCA,RECUSADO,1346.61,1,,
461,1,2023-10-04T15:00:00+00,PIX,COBRANCA,RECUSADO,2355.42,1,,
462,1,2023-11-21T15:00:00+00,PIX,COBRANCA,RECUSADO,770.32,1,,
463,1,2023-11-10T15:00:00+00,PIX,COBRANCA,RECUSADO,1686.90,1,,
464,1,2023-12-27T15:00:00+00,PIX,COBRANCA,RECUSADO,1977.47,1,,
465,1,2023-01-16T15:00:00+00,PIX,COBRANCA,RECUSADO,1182.11,1,,
466,1,2023-02-05T15:00:00+00,PIX,COBRANCA,RECUSADO,2335.06,1,,
467,1,2023-03-22T15:00:00+00,PIX,COBRANCA,RECUSADO,1311.26,1,,
468,1,2023-04-11T15:00:00+00,PIX,COBRANCA,RECUSADO,1968.38,1,,
469,1,2023-05-28T15:00:00+00,PIX,COBRANCA,RECUSADO,2268.52,1,,
470,1,2023-06-17T15:00:00+00,PIX,COBRANCA,RECUSADO,596.48,1,,
471,1,2023-07-06T15:00:00+00,PIX,COBRANCA,RECUSADO,1713.14,1,,
472,1,2023-08-23T15:00:00+00,PIX,COBRANCA,RECUSADO,2532.26,1,,
473,1,2023-09-12T15:00:00+00,PIX,COBRANCA,RECUSADO,1059.12,1,,
474,1,2023-10-29T15:00:00+00,PIX,COBRANCA,RECUSADO,1378.44,1,,
475,1,2023-11-18T15:00:00+00,PIX,COBRANCA,RECUSADO,1478.06,1,,
476,1,2023-11-07T15:00:00+00,PIX,COBRANCA,RECUSADO,981.98,1,,
477,1,2023-12-24T15:00:00+00,PIX,COBRANCA,RECUSADO,1884.92,1,,
478,1,2023-01-13T15:00:00+00,PIX,COBRANCA,RECUSADO,486.88,1,,
479,1,2023-02-02T15:00:00+00,PIX,COBRANCA,RECUSADO,1439.14,1,,
480,1,2023-03-19T15:00:00+00,PIX,COBRANCA,RECUSADO,756.74,1,,
481,1,2023-04-08T15:00:00+00,PIX,COBRANCA,RECUSADO,587.84,1,,
482,1,2023-05-25T15:00:00+00,PIX,COBRANCA,RECUSADO,1203.08,1,,
483,1,2023-06-14T15:00:00+00,PIX,COBRANCA,RECUSADO,612.22,1,,
484,1,2023-07-03T15:00:00+00,PIX,COBRANCA,RECUSADO,916.22,1,,
485,1,2023-08-20T15:00:00+00,PIX,COBRANCA,RECUSADO,1654.76,1,,
486,1,2023-09-09T15:00:00+00,PIX,COBRANCA,RECUSADO,530.72,1,,
487,1,2023-10-26T15:00:00+00,PIX,COBRANCA,RECUSADO,1318.58,1,,
488,1,2023-11-15T15:00:00+00,PIX,COBRANCA,RECUSADO,1043.65,1,,
489,1,2023-11-04T15:00:00+00,PIX,COBRANCA,RECUSADO,779.14,1,,
490,1,2023-12-21T15:00:00+00,PIX,COBRANCA,RECUSADO,1533.30,1,,
491,1,2023-01-10T15:00:00+00,PIX,COBRANCA,RECUSADO,846.60,1,,
492,1,2023-02-27T15:00:00+00,PIX,COBRANCA,RECUSADO,1163.91,1,,
493,1,2023-03-16T15:00:00+00,PIX,COBRANCA,RECUSADO,1849.05,1,,
494,1,2023-04-05T15:00:00+00,PIX,COBRANCA,RECUSADO,639.23,1,,
495,1,2023-05-22T15:00:00+00,PIX,COBRANCA,RECUSADO,1546.96,1,,
496,1,2023-06-11T15:00:00+00,PIX,COBRANCA,RECUSADO,1564.86,1,,
497,1,2023-07-28T15:00:00+00,PIX,COBRANCA,RECUSADO,1049.87,1,,
498,1,2023-08-17T15:00:00+00,PIX,COBRANCA,RECUSADO,1882.52,1,,
499,1,2023-09-06T15:00:00+00,PIX,COBRANCA,RECUSADO,1230.63,1,,
500,1,2023-10-23T15:00:00+00,PIX,COBRANCA,RECUSADO,1498.20,1,,
501,1,2023-11-12T15:00:00+00,PIX,COBRANCA,RECUSADO,3035.72,1,,
502,1,2023-11-29T15:00:00+00,PIX,COBRANCA,RECUSADO,925.28,1,,
503,1,2023-12-18T15:00:00+00,PIX,COBRANCA,RECUSADO,2304.98,1,,
504,1,2023-01-07T15:00:00+00,PIX,COBRANCA,RECUSADO,2334.98,1,,
505,1,2023-02-24T15:00:00+00,PIX,COBRANCA,RECUSADO,1475.60,1,,
506,1,2023-03-13T15:00:00+00,PIX,COBRANCA,RECUSADO,1904.52,1,,
507,1,2023-04-02T15:00:00+00,PIX,COBRANCA,RECUSADO,1390.38,1,,
508,1,2023-05-19T15:00:00+00,PIX,COBRANCA,RECUSADO,1332.70,1,,
509,1,2023-06-08T15:00:00+00,PIX,COBRANCA,RECUSADO,2498.68,1,,
510,1,2023-07-25T15:00:00+00,PIX,COBRANCA,RECUSADO,662.24,1,,
511,1,2023-08-14T15:00:00+00,PIX,COBRANCA,RECUSADO,1877.54,1,,
512,1,2023-09-03T15:00:00+00,PIX,COBRANCA,RECUSADO,1480.10,1,,
513,1,2023-10-20T15:00:00+00,PIX,COBRANCA,RECUSADO,697.44,1,,
514,1,2023-11-09T15:00:00+00,PIX,COBRANCA,RECUSADO,1575.72,1,,
515,1,2023-11-26T15:00:00+00,PIX,COBRANCA,RECUSADO,1598.62,1,,
516,1,2023-12-15T15:00:00+00,PIX,COBRANCA,RECUSADO,1113.50,1,,
517,1,2023-01-04T15:00:00+00,PIX,COBRANCA,RECUSADO,1194.44,1,,
518,1,2023-02-21T15:00:00+00,PIX,COBRANCA,RECUSADO,399.20,1,,
519,1,2023-03-10T15:00:00+00,PIX,COBRANCA,RECUSADO,989.78,1,,
520,1,2023-04-27T15:00:00+00,PIX,COBRANCA,RECUSADO,932.10,1,,
521,1,2023-05-16T15:00:00+00,PIX,COBRANCA,RECUSADO,579.02,1,,
522,1,2023-06-05T15:00:00+00,PIX,COBRANCA,RECUSADO,1243.95,1,,
523,1,2023-07-22T15:00:00+00,PIX,COBRANCA,RECUSADO,598.42,1,,
524,1,2023-08-11T15:00:00+00,PIX,COBRANCA,RECUSADO,925.38,1,,
525,1,2023-09-28T15:00:00+00,PIX,COBRANCA,RECUSADO,1610.34,1,,
526,1,2023-10-17T15:00:00+00,PIX,COBRANCA,RECUSADO,493.23,1,,
527,1,2023-11-06T15:00:00+00,PIX,COBRANCA,RECUSADO,1315.24,1,,
528,1,2023-11-23T15:00:00+00,PIX,COBRANCA,RECUSADO,1187.27,1,,
529,1,2023-12-12T15:00:00+00,PIX,COBRANCA,RECUSADO,866.81,1,,
530,1,2023-01-29T15:00:00+00,PIX,COBRANCA,RECUSADO,1699.36,1,,
531,1,2023-02-18T15:00:00+00,PIX,COBRANCA,RECUSADO,952.33,1,,
532,1,2023-03-07T15:00:00+00,PIX,COBRANCA,RECUSADO,1279.51,1,,
533,1,2023-04-24T15:00:00+00,PIX,COBRANCA,RECUSADO,2032.12,1,,
534,1,2023-05-13T15:00:00+00,PIX,COBRANCA,RECUSADO,793.76,1,,
535,1,2023-06-02T15:00:00+00,PIX,COBRANCA,RECUSADO,1976.18,1,,
536,1,2023-07-19T15:00:00+00,PIX,COBRANCA,RECUSADO,1984.26,1,,
537,1,2023-08-08T15:00:00+00,PIX,COBRANCA,RECUSADO,1278.32,1,,
538,1,2023-09-25T15:00:00+00,PIX,COBRANCA,RECUSADO,2584.04,1,,
539,1,2023-10-14T15:00:00+00,PIX,COBRANCA,RECUSADO,1456.14,1,,
540,1,2023-11-03T15:00:00+00,PIX,COBRANCA,RECUSADO,1836.86,1,,
541,1,2023-11-20T15:00:00+00,PIX,COBRANCA,RECUSADO,3265.88,1,,
542,1,2023-12-09T15:00:00+00,PIX,COBRANCA,RECUSADO,991.04,1,,
543,1,2023-01-26T15:00:00+00,PIX,COBRANCA,RECUSADO,1548.74,1,,
544,1,2023-02-15T15:00:00+00,PIX,COBRANCA,RECUSADO,2356.90,1,,
545,1,2023-03-04T15:00:00+00,PIX,COBRANCA,RECUSADO,960.48,1,,
546,1,2023-04-21T15:00:00+00,PIX,COBRANCA,RECUSADO,2101.80,1,,
547,1,2023-05-10T15:00:00+00,PIX,COBRANCA,RECUSADO,1510.94,1,,
548,1,2023-06-27T15:00:00+00,PIX,COBRANCA,RECUSADO,1464.22,1,,
549,1,2023-07-16T15:00:00+00,PIX,COBRANCA,RECUSADO,1654.76,1,,
550,1,2023-08-05T15:00:00+00,PIX,COBRANCA,RECUSADO,421.12,1,,
551,1,2023-09-22T15:00:00+00,PIX,COBRANCA,RECUSADO,1274.74,1,,
552,1,2023-10-11T15:00:00+00,PIX,COBRANCA,RECUSADO,1655.46,1,,
553,1,2023-11-28T15:00:00+00,PIX,COBRANCA,RECUSADO,796.08,1,,
554,1,2023-11-17T15:00:00+00,PIX,COBRANCA,RECUSADO,1692.64,1,,
555,1,2023-12-06T15:00:00+00,PIX,COBRANCA,RECUSADO,414.69,1,,
556,1,2023-01-23T15:00:00+00,PIX,COBRANCA,RECUSADO,651.56,1,,
557,1,2023-02-12T15:00:00+00,PIX,COBRANCA,RECUSADO,1267.04,1,,
558,1,2023-03-29T15:00:00+00,PIX,COBRANCA,RECUSADO,360.37,1,,
559,1,2023-04-18T15:00:00+00,PIX,COBRANCA,RECUSADO,1019.84,1,,
560,1,2023-05-07T15:00:00+00,PIX,COBRANCA,RECUSADO,870.05,1,,
561,1,2023-06-24T15:00:00+00,PIX,COBRANCA,RECUSADO,652.20,1,,
562,1,2023-07-13T15:00:00+00,PIX,COBRANCA,RECUSADO,1416.66,1,,
563,1,2023-08-02T15:00:00+00,PIX,COBRANCA,RECUSADO,698.19,1,,
564,1,2023-09-19T15:00:00+00,PIX,COBRANCA,RECUSADO,1042.64,1,,
565,1,2023-10-08T15:00:00+00,PIX,COBRANCA,RECUSADO,1803.86,1,,
566,1,2023-11-25T15:00:00+00,PIX,COBRANCA,RECUSADO,547.99,1,,
567,1,2023-11-14T15:00:00+00,PIX,COBRANCA,RECUSADO,1563.98,1,,
568,1,2023-12-03T15:00:00+00,PIX,COBRANCA,RECUSADO,1633.54,1,,
569,1,2023-01-20T15:00:00+00,PIX,COBRANCA,RECUSADO,1081.04,1,,
570,1,2023-02-09T15:00:00+00,PIX,COBRANCA,RECUSADO,2189.48,1,,
571,1,2023-03-26T15:00:00+00,PIX,COBRANCA,RECUSADO,1215.02,1,,
572,1,2023-04-15T15:00:00+00,PIX,COBRANCA,RECUSADO,1573.82,1,,
573,1,2023-05-04T15:00:00+00,PIX,COBRANCA,RECUSADO,2805.56,1,,
574,1,2023-06-21T15:00:00+00,PIX,COBRANCA,RECUSADO,859.52,1,,
575,1,2023-07-10T15:00:00+00,PIX,COBRANCA,RECUSADO,2140.58,1,,
576,1,2023-08-27T15:00:00+00,PIX,COBRANCA,RECUSADO,2159.62,1,,
577,1,2023-09-16T15:00:00+00,PIX,COBRANCA,RECUSADO,1376.96,1,,
578,1,2023-10-05T15:00:00+00,PIX,COBRANCA,RECUSADO,2781.32,1,,
579,1,2023-11-22T15:00:00+00,PIX,COBRANCA,RECUSADO,1576.70,1,,
580,1,2023-11-11T15:00:00+00,PIX,COBRANCA,RECUSADO,1968.38,1,,
581,1,2023-12-28T15:00:00+00,PIX,COBRANCA,RECUSADO,2268.52,1,,
582,1,2023-01-17T15:00:00+00,PIX,COBRANCA,RECUSADO,596.48,1,,
583,1,2023-02-06T15:00:00+00,PIX,COBRANCA,RECUSADO,1713.14,1,,
584,1,2023-03-23T15:00:00+00,PIX,COBRANCA,RECUSADO,2532.26,1,,
585,1,2023-04-12T15:00:00+00,PIX,COBRANCA,RECUSADO,1059.12,1,,
586,1,2023-05-29T15:00:00+00,PIX,COBRANCA,RECUSADO,1378.44,1,,
587,1,2023-06-18T15:00:00+00,PIX,COBRANCA,RECUSADO,1478.06,1,,
588,1,2023-07-07T15:00:00+00,PIX,COBRANCA,RECUSADO,795.36,1,,
589,1,2023-08-24T15:00:00+00,PIX,COBRANCA,RECUSADO,1721.87,1,,
590,1,2023-09-13T15:00:00+00,PIX,COBRANCA,RECUSADO,416.74,1,,
591,1,2023-10-02T15:00:00+00,PIX,COBRANCA,RECUSADO,1237.20,1,,
592,1,2023-11-19T15:00:00+00,PIX,COBRANCA,RECUSADO,669.15,1,,
593,1,2023-11-08T15:00:00+00,PIX,COBRANCA,RECUSADO,457.34,1,,
594,1,2023-12-25T15:00:00+00,PIX,COBRANCA,RECUSADO,1062.45,1,,
595,1,2023-01-14T15:00:00+00,PIX,COBRANCA,RECUSADO,513.89,1,,
596,1,2023-02-03T15:00:00+00,PIX,COBRANCA,RECUSADO,762.26,1,,
597,1,2023-03-20T15:00:00+00,PIX,COBRANCA,RECUSADO,1468.26,1,,
598,1,2023-04-09T15:00:00+00,PIX,COBRANCA,RECUSADO,411.88,1,,
599,1,2023-05-26T15:00:00+00,PIX,COBRANCA,RECUSADO,1166.64,1,,
600,1,2023-06-15T15:00:00+00,PIX,COBRANCA,RECUSADO,1013.22,1,,
601,1,2023-07-04T15:00:00+00,PIX,COBRANCA,APROVADO,883.76,1,,
601,2,2023-07-05T15:00:00+00,PIX,ESTORNO,APROVADO,883.76,1,601,
602,1,2023-08-21T15:00:00+00,PIX,COBRANCA,APROVADO,1794.92,1,,
602,2,2023-08-22T15:00:00+00,PIX,ESTORNO,APROVADO,1794.92,1,603,
603,1,2023-09-10T15:00:00+00,PIX,COBRANCA,APROVADO,973.90,1,,
603,2,2023-09-11T15:00:00+00,PIX,ESTORNO,APROVADO,973.90,1,605,
604,1,2023-10-27T15:00:00+00,PIX,COBRANCA,APROVADO,1310.78,1,,
604,2,2023-10-28T15:00:00+00,PIX,ESTORNO,APROVADO,1310.78,1,607,
605,1,2023-11-16T15:00:00+00,PIX,COBRANCA,APROVADO,2345.24,1,,
605,2,2023-11-17T15:00:00+00,PIX,ESTORNO,APROVADO,2345.24,1,609,
606,1,2023-11-05T15:00:00+00,PIX,COBRANCA,APROVADO,728.00,1,,
606,2,2023-11-06T15:00:00+00,PIX,ESTORNO,APROVADO,728.00,1,611,
607,1,2023-12-22T15:00:00+00,PIX,COBRANCA,APROVADO,1811.78,1,,
607,2,2023-12-23T15:00:00+00,PIX,ESTORNO,APROVADO,1811.78,1,613,
608,1,2023-01-11T15:00:00+00,PIX,COBRANCA,APROVADO,1808.90,1,,
608,2,2023-01-12T15:00:00+00,PIX,ESTORNO,APROVADO,1808.90,1,615,
609,1,2023-02-28T15:00:00+00,PIX,COBRANCA,APROVADO,1179.68,1,,
609,2,2023-03-01T15:00:00+00,PIX,ESTORNO,APROVADO,1179.68,1,617,
610,1,2023-03-17T15:00:00+00,PIX,COBRANCA,APROVADO,2386.76,1,,
610,2,2023-03-18T15:00:00+00,PIX,ESTORNO,APROVADO,2386.76,1,619,
611,1,2023-04-06T15:00:00+00,PIX,COBRANCA,APROVADO,1335.58,1,,
611,2,2023-04-07T15:00:00+00,PIX,ESTORNO,APROVADO,1335.58,1,621,
612,1,2023-05-23T15:00:00+00,PIX,COBRANCA,APROVADO,1705.34,1,,
612,2,2023-05-24T15:00:00+00,PIX,ESTORNO,APROVADO,1705.34,1,623,
613,1,2023-06-12T15:00:00+00,PIX,COBRANCA,APROVADO,3035.72,1,,
613,2,2023-06-13T15:00:00+00,PIX,ESTORNO,APROVADO,3035.72,1,625,
614,1,2023-07-29T15:00:00+00,PIX,COBRANCA,APROVADO,925.28,1,,
614,2,2023-07-30T15:00:00+00,PIX,ESTORNO,APROVADO,925.28,1,627,
615,1,2023-08-18T15:00:00+00,PIX,COBRANCA,APROVADO,2304.98,1,,
615,2,2023-08-19T15:00:00+00,PIX,ESTORNO,APROVADO,2304.98,1,629,
616,1,2023-09-07T15:00:00+00,PIX,COBRANCA,APROVADO,2334.98,1,,
616,2,2023-09-08T15:00:00+00,PIX,ESTORNO,APROVADO,2334.98,1,631,
617,1,2023-10-24T15:00:00+00,PIX,COBRANCA,APROVADO,1475.60,1,,
617,2,2023-10-25T15:00:00+00,PIX,ESTORNO,APROVADO,1475.60,1,633,
618,1,2023-11-13T15:00:00+00,PIX,COBRANCA,APROVADO,1904.52,1,,
618,2,2023-11-14T15:00:00+00,PIX,ESTORNO,APROVADO,1904.52,1,635,
619,1,2023-11-02T15:00:00+00,PIX,COBRANCA,APROVADO,1390.38,1,,
619,2,2023-11-03T15:00:00+00,PIX,ESTORNO,APROVADO,1390.38,1,637,
620,1,2023-12-19T15:00:00+00,PIX,COBRANCA,APROVADO,1332.70,1,,
620,2,2023-12-20T15:00:00+00,PIX,ESTORNO,APROVADO,1332.70,1,639,
621,1,2023-01-08T15:00:00+00,PIX,COBRANCA,APROVADO,2242.64,1,,
621,2,2023-01-09T15:00:00+00,PIX,ESTORNO,APROVADO,2242.64,1,641,
622,1,2023-02-25T15:00:00+00,PIX,COBRANCA,APROVADO,590.58,1,,
622,2,2023-02-26T15:00:00+00,PIX,ESTORNO,APROVADO,590.58,1,643,
623,1,2023-03-14T15:00:00+00,PIX,COBRANCA,APROVADO,1518.14,1,,
623,2,2023-03-15T15:00:00+00,PIX,ESTORNO,APROVADO,1518.14,1,645,
624,1,2023-04-03T15:00:00+00,PIX,COBRANCA,APROVADO,1386.74,1,,
624,2,2023-04-04T15:00:00+00,PIX,ESTORNO,APROVADO,1386.74,1,647,
625,1,2023-05-20T15:00:00+00,PIX,COBRANCA,APROVADO,589.17,1,,
625,2,2023-05-21T15:00:00+00,PIX,ESTORNO,APROVADO,589.17,1,649,
626,1,2023-06-09T15:00:00+00,PIX,COBRANCA,APROVADO,1359.64,1,,
626,2,2023-06-10T15:00:00+00,PIX,ESTORNO,APROVADO,1359.64,1,651,
627,1,2023-07-26T15:00:00+00,PIX,COBRANCA,APROVADO,1229.24,1,,
627,2,2023-07-27T15:00:00+00,PIX,ESTORNO,APROVADO,1229.24,1,653,
628,1,2023-08-15T15:00:00+00,PIX,COBRANCA,APROVADO,899.46,1,,
628,2,2023-08-16T15:00:00+00,PIX,ESTORNO,APROVADO,899.46,1,655,
629,1,2023-09-04T15:00:00+00,PIX,COBRANCA,APROVADO,1053.34,1,,
629,2,2023-09-05T15:00:00+00,PIX,ESTORNO,APROVADO,1053.34,1,657,
630,1,2023-10-21T15:00:00+00,PIX,COBRANCA,APROVADO,350.43,1,,
630,2,2023-10-22T15:00:00+00,PIX,ESTORNO,APROVADO,350.43,1,659,
631,1,2023-11-10T15:00:00+00,PIX,COBRANCA,APROVADO,823.45,1,,
631,2,2023-11-11T15:00:00+00,PIX,ESTORNO,APROVADO,823.45,1,661,
632,1,2023-11-27T15:00:00+00,PIX,COBRANCA,APROVADO,819.92,1,,
632,2,2023-11-28T15:00:00+00,PIX,ESTORNO,APROVADO,819.92,1,663,
633,1,2023-12-16T15:00:00+00,PIX,COBRANCA,APROVADO,535.12,1,,
633,2,2023-12-17T15:00:00+00,PIX,ESTORNO,APROVADO,535.12,1,665,
634,1,2023-01-05T15:00:00+00,PIX,COBRANCA,APROVADO,1400.36,1,,
634,2,2023-01-06T15:00:00+00,PIX,ESTORNO,APROVADO,1400.36,1,667,
635,1,2023-02-22T15:00:00+00,PIX,COBRANCA,APROVADO,732.78,1,,
635,2,2023-02-23T15:00:00+00,PIX,ESTORNO,APROVADO,732.78,1,669,
636,1,2023-03-11T15:00:00+00,PIX,COBRANCA,APROVADO,1047.74,1,,
636,2,2023-03-12T15:00:00+00,PIX,ESTORNO,APROVADO,1047.74,1,671,
637,1,2023-04-28T15:00:00+00,PIX,COBRANCA,APROVADO,1884.92,1,,
637,2,2023-04-29T15:00:00+00,PIX,ESTORNO,APROVADO,1884.92,1,673,
638,1,2023-05-17T15:00:00+00,PIX,COBRANCA,APROVADO,596.48,1,,
638,2,2023-05-18T15:00:00+00,PIX,ESTORNO,APROVADO,596.48,1,675,
639,1,2023-06-06T15:00:00+00,PIX,COBRANCA,APROVADO,1482.98,1,,
639,2,2023-06-07T15:00:00+00,PIX,ESTORNO,APROVADO,1482.98,1,677,
640,1,2023-07-23T15:00:00+00,PIX,COBRANCA,APROVADO,1458.18,1,,
640,2,2023-07-24T15:00:00+00,PIX,ESTORNO,APROVADO,1458.18,1,679,
641,1,2023-08-12T15:00:00+00,PIX,COBRANCA,APROVADO,982.40,1,,
641,2,2023-08-13T15:00:00+00,PIX,ESTORNO,APROVADO,982.40,1,681,
642,1,2023-09-29T15:00:00+00,PIX,COBRANCA,APROVADO,1992.20,1,,
642,2,2023-09-30T15:00:00+00,PIX,ESTORNO,APROVADO,1992.20,1,683,
643,1,2023-10-18T15:00:00+00,PIX,COBRANCA,APROVADO,1094.46,1,,
643,2,2023-10-19T15:00:00+00,PIX,ESTORNO,APROVADO,1094.46,1,685,
644,1,2023-11-07T15:00:00+00,PIX,COBRANCA,APROVADO,1442.30,1,,
644,2,2023-11-08T15:00:00+00,PIX,ESTORNO,APROVADO,1442.30,1,687,
645,1,2023-11-24T15:00:00+00,PIX,COBRANCA,APROVADO,2575.40,1,,
645,2,2023-11-25T15:00:00+00,PIX,ESTORNO,APROVADO,2575.40,1,689,
646,1,2023-12-13T15:00:00+00,PIX,COBRANCA,APROVADO,793.76,1,,
646,2,2023-12-14T15:00:00+00,PIX,ESTORNO,APROVADO,793.76,1,691,
647,1,2023-01-02T15:00:00+00,PIX,COBRANCA,APROVADO,1976.18,1,,
647,2,2023-01-03T15:00:00+00,PIX,ESTORNO,APROVADO,1976.18,1,693,
648,1,2023-02-19T15:00:00+00,PIX,COBRANCA,APROVADO,1984.26,1,,
648,2,2023-02-20T15:00:00+00,PIX,ESTORNO,APROVADO,1984.26,1,695,
649,1,2023-03-08T15:00:00+00,PIX,COBRANCA,APROVADO,1278.32,1,,
649,2,2023-03-09T15:00:00+00,PIX,ESTORNO,APROVADO,1278.32,1,697,
650,1,2023-04-25T15:00:00+00,PIX,COBRANCA,APROVADO,2584.04,1,,
650,2,2023-04-26T15:00:00+00,PIX,ESTORNO,APROVADO,2584.04,1,699,
651,1,2023-05-14T15:00:00+00,PIX,COBRANCA,APROVADO,1456.14,1,,
651,2,2023-05-15T15:00:00+00,PIX,ESTORNO,APROVADO,1456.14,1,701,
652,1,2023-06-03T15:00:00+00,PIX,COBRANCA,APROVADO,1836.86,1,,
652,2,2023-06-04T15:00:00+00,PIX,ESTORNO,APROVADO,1836.86,1,703,
653,1,2023-07-20T15:00:00+00,PIX,COBRANCA,APROVADO,3265.88,1,,
653,2,2023-07-21T15:00:00+00,PIX,ESTORNO,APROVADO,3265.88,1,705,
654,1,2023-08-09T15:00:00+00,PIX,COBRANCA,APROVADO,909.74,1,,
654,2,2023-08-10T15:00:00+00,PIX,ESTORNO,APROVADO,909.74,1,707,
655,1,2023-09-26T15:00:00+00,PIX,COBRANCA,APROVADO,1226.92,1,,
655,2,2023-09-27T15:00:00+00,PIX,ESTORNO,APROVADO,1226.92,1,709,
656,1,2023-10-15T15:00:00+00,PIX,COBRANCA,APROVADO,2051.48,1,,
656,2,2023-10-16T15:00:00+00,PIX,ESTORNO,APROVADO,2051.48,1,711,
657,1,2023-11-04T15:00:00+00,PIX,COBRANCA,APROVADO,846.02,1,,
657,2,2023-11-05T15:00:00+00,PIX,ESTORNO,APROVADO,846.02,1,713,
658,1,2023-11-21T15:00:00+00,PIX,COBRANCA,APROVADO,1703.84,1,,
658,2,2023-11-22T15:00:00+00,PIX,ESTORNO,APROVADO,1703.84,1,715,
659,1,2023-12-10T15:00:00+00,PIX,COBRANCA,APROVADO,1416.97,1,,
659,2,2023-12-11T15:00:00+00,PIX,ESTORNO,APROVADO,1416.97,1,717,
660,1,2023-01-27T15:00:00+00,PIX,COBRANCA,APROVADO,1173.98,1,,
660,2,2023-01-28T15:00:00+00,PIX,ESTORNO,APROVADO,1173.98,1,719,
661,1,2023-02-16T15:00:00+00,PIX,COBRANCA,APROVADO,1433.11,1,,
661,2,2023-02-17T15:00:00+00,PIX,ESTORNO,APROVADO,1433.11,1,721,
662,1,2023-03-05T15:00:00+00,PIX,COBRANCA,APROVADO,357.66,1,,
662,2,2023-03-06T15:00:00+00,PIX,ESTORNO,APROVADO,357.66,1,723,
663,1,2023-04-22T15:00:00+00,PIX,COBRANCA,APROVADO,1034.79,1,,
663,2,2023-04-23T15:00:00+00,PIX,ESTORNO,APROVADO,1034.79,1,725,
664,1,2023-05-11T15:00:00+00,PIX,COBRANCA,APROVADO,1547.89,1,,
664,2,2023-05-12T15:00:00+00,PIX,ESTORNO,APROVADO,1547.89,1,727,
665,1,2023-06-28T15:00:00+00,PIX,COBRANCA,APROVADO,673.01,1,,
665,2,2023-06-29T15:00:00+00,PIX,ESTORNO,APROVADO,673.01,1,729,
666,1,2023-07-17T15:00:00+00,PIX,COBRANCA,APROVADO,1526.19,1,,
666,2,2023-07-18T15:00:00+00,PIX,ESTORNO,APROVADO,1526.19,1,731,
667,1,2023-08-06T15:00:00+00,PIX,COBRANCA,APROVADO,423.50,1,,
667,2,2023-08-07T15:00:00+00,PIX,ESTORNO,APROVADO,423.50,1,733,
668,1,2023-09-23T15:00:00+00,PIX,COBRANCA,APROVADO,784.70,1,,
668,2,2023-09-24T15:00:00+00,PIX,ESTORNO,APROVADO,784.70,1,735,
669,1,2023-10-12T15:00:00+00,PIX,COBRANCA,APROVADO,1424.60,1,,
669,2,2023-10-13T15:00:00+00,PIX,ESTORNO,APROVADO,1424.60,1,737,
670,1,2023-11-29T15:00:00+00,PIX,COBRANCA,APROVADO,464.96,1,,
670,2,2023-11-30T15:00:00+00,PIX,ESTORNO,APROVADO,464.96,1,739,
671,1,2023-11-18T15:00:00+00,PIX,COBRANCA,APROVADO,1154.18,1,,
671,2,2023-11-19T15:00:00+00,PIX,ESTORNO,APROVADO,1154.18,1,741,
672,1,2023-12-07T15:00:00+00,PIX,COBRANCA,APROVADO,1107.46,1,,
672,2,2023-12-08T15:00:00+00,PIX,ESTORNO,APROVADO,1107.46,1,743,
673,1,2023-01-24T15:00:00+00,PIX,COBRANCA,APROVADO,785.12,1,,
673,2,2023-01-25T15:00:00+00,PIX,ESTORNO,APROVADO,785.12,1,745,
674,1,2023-02-13T15:00:00+00,PIX,COBRANCA,APROVADO,1597.64,1,,
674,2,2023-02-14T15:00:00+00,PIX,ESTORNO,APROVADO,1597.64,1,747,
675,1,2023-03-02T15:00:00+00,PIX,COBRANCA,APROVADO,853.34,1,,
675,2,2023-03-03T15:00:00+00,PIX,ESTORNO,APROVADO,853.34,1,749,
676,1,2023-04-19T15:00:00+00,PIX,COBRANCA,APROVADO,1179.26,1,,
676,2,2023-04-20T15:00:00+00,PIX,ESTORNO,APROVADO,1179.26,1,751,
677,1,2023-05-08T15:00:00+00,PIX,COBRANCA,APROVADO,2115.08,1,,
677,2,2023-05-09T15:00:00+00,PIX,ESTORNO,APROVADO,2115.08,1,753,
678,1,2023-06-25T15:00:00+00,PIX,COBRANCA,APROVADO,662.24,1,,
678,2,2023-06-26T15:00:00+00,PIX,ESTORNO,APROVADO,662.24,1,755,
679,1,2023-07-14T15:00:00+00,PIX,COBRANCA,APROVADO,1647.38,1,,
679,2,2023-07-15T15:00:00+00,PIX,ESTORNO,APROVADO,1647.38,1,757,
680,1,2023-08-03T15:00:00+00,PIX,COBRANCA,APROVADO,1633.54,1,,
680,2,2023-08-04T15:00:00+00,PIX,ESTORNO,APROVADO,1633.54,1,759,
681,1,2023-09-20T15:00:00+00,PIX,COBRANCA,APROVADO,1081.04,1,,
681,2,2023-09-21T15:00:00+00,PIX,ESTORNO,APROVADO,1081.04,1,761,
682,1,2023-10-09T15:00:00+00,PIX,COBRANCA,APROVADO,2189.48,1,,
682,2,2023-10-10T15:00:00+00,PIX,ESTORNO,APROVADO,2189.48,1,763,
683,1,2023-11-26T15:00:00+00,PIX,COBRANCA,APROVADO,1215.02,1,,
683,2,2023-11-27T15:00:00+00,PIX,ESTORNO,APROVADO,1215.02,1,765,
684,1,2023-11-15T15:00:00+00,PIX,COBRANCA,APROVADO,1573.82,1,,
684,2,2023-11-16T15:00:00+00,PIX,ESTORNO,APROVADO,1573.82,1,767,
685,1,2023-12-04T15:00:00+00,PIX,COBRANCA,APROVADO,2805.56,1,,
685,2,2023-12-05T15:00:00+00,PIX,ESTORNO,APROVADO,2805.56,1,769,
686,1,2023-01-21T15:00:00+00,PIX,COBRANCA,APROVADO,859.52,1,,
686,2,2023-01-22T15:00:00+00,PIX,ESTORNO,APROVADO,859.52,1,771,
687,1,2023-02-10T15:00:00+00,PIX,COBRANCA,APROVADO,2140.58,1,,
687,2,2023-02-11T15:00:00+00,PIX,ESTORNO,APROVADO,2140.58,1,773,
688,1,2023-03-27T15:00:00+00,PIX,COBRANCA,APROVADO,1761.53,1,,
688,2,2023-03-28T15:00:00+00,PIX,ESTORNO,APROVADO,1761.53,1,775,
689,1,2023-04-16T15:00:00+00,PIX,COBRANCA,APROVADO,1217.54,1,,
689,2,2023-04-17T15:00:00+00,PIX,ESTORNO,APROVADO,1217.54,1,777,
690,1,2023-05-05T15:00:00+00,PIX,COBRANCA,APROVADO,2363.52,1,,
690,2,2023-05-06T15:00:00+00,PIX,ESTORNO,APROVADO,2363.52,1,779,
691,1,2023-06-22T15:00:00+00,PIX,COBRANCA,APROVADO,1375.42,1,,
691,2,2023-06-23T15:00:00+00,PIX,ESTORNO,APROVADO,1375.42,1,781,
692,1,2023-07-11T15:00:00+00,PIX,COBRANCA,APROVADO,1742.05,1,,
692,2,2023-07-12T15:00:00+00,PIX,ESTORNO,APROVADO,1742.05,1,783,
693,1,2023-08-28T15:00:00+00,PIX,COBRANCA,APROVADO,1843.57,1,,
693,2,2023-08-29T15:00:00+00,PIX,ESTORNO,APROVADO,1843.57,1,785,
694,1,2023-09-17T15:00:00+00,PIX,COBRANCA,APROVADO,538.38,1,,
694,2,2023-09-18T15:00:00+00,PIX,ESTORNO,APROVADO,538.38,1,787,
695,1,2023-10-06T15:00:00+00,PIX,COBRANCA,APROVADO,1365.56,1,,
695,2,2023-10-07T15:00:00+00,PIX,ESTORNO,APROVADO,1365.56,1,789,
696,1,2023-11-23T15:00:00+00,PIX,COBRANCA,APROVADO,2203.83,1,,
696,2,2023-11-24T15:00:00+00,PIX,ESTORNO,APROVADO,2203.83,1,791,
697,1,2023-11-12T15:00:00+00,PIX,COBRANCA,APROVADO,933.13,1,,
697,2,2023-11-13T15:00:00+00,PIX,ESTORNO,APROVADO,933.13,1,793,
698,1,2023-12-29T15:00:00+00,PIX,COBRANCA,APROVADO,1124.10,1,,
698,2,2023-12-30T15:00:00+00,PIX,ESTORNO,APROVADO,1124.10,1,795,
699,1,2023-01-18T15:00:00+00,PIX,COBRANCA,APROVADO,1390.66,1,,
699,2,2023-01-19T15:00:00+00,PIX,ESTORNO,APROVADO,1390.66,1,797,
700,1,2023-02-07T15:00:00+00,PIX,COBRANCA,APROVADO,840.60,1,,
700,2,2023-02-08T15:00:00+00,PIX,ESTORNO,APROVADO,840.60,1,799,
701,1,2023-03-24T15:00:00+00,PIX,COBRANCA,APROVADO,1884.92,1,,
701,2,2023-03-25T15:00:00+00,PIX,ESTORNO,APROVADO,1884.92,1,801,
702,1,2023-04-13T15:00:00+00,PIX,COBRANCA,APROVADO,486.88,1,,
702,2,2023-04-14T15:00:00+00,PIX,ESTORNO,APROVADO,486.88,1,803,
703,1,2023-05-02T15:00:00+00,PIX,COBRANCA,APROVADO,1439.14,1,,
703,2,2023-05-03T15:00:00+00,PIX,ESTORNO,APROVADO,1439.14,1,805,
704,1,2023-06-19T15:00:00+00,PIX,COBRANCA,APROVADO,756.74,1,,
704,2,2023-06-20T15:00:00+00,PIX,ESTORNO,APROVADO,756.74,1,807,
705,1,2023-07-08T15:00:00+00,PIX,COBRANCA,APROVADO,587.84,1,,
705,2,2023-07-09T15:00:00+00,PIX,ESTORNO,APROVADO,587.84,1,809,
706,1,2023-08-25T15:00:00+00,PIX,COBRANCA,APROVADO,1203.08,1,,
706,2,2023-08-26T15:00:00+00,PIX,ESTORNO,APROVADO,1203.08,1,811,
707,1,2023-09-14T15:00:00+00,PIX,COBRANCA,APROVADO,612.22,1,,
707,2,2023-09-15T15:00:00+00,PIX,ESTORNO,APROVADO,612.22,1,813,
708,1,2023-10-03T15:00:00+00,PIX,COBRANCA,APROVADO,916.22,1,,
708,2,2023-10-04T15:00:00+00,PIX,ESTORNO,APROVADO,916.22,1,815,
709,1,2023-11-20T15:00:00+00,PIX,COBRANCA,APROVADO,1654.76,1,,
709,2,2023-11-21T15:00:00+00,PIX,ESTORNO,APROVADO,1654.76,1,817,
710,1,2023-11-09T15:00:00+00,PIX,COBRANCA,APROVADO,530.72,1,,
710,2,2023-11-10T15:00:00+00,PIX,ESTORNO,APROVADO,530.72,1,819,
711,1,2023-12-26T15:00:00+00,PIX,COBRANCA,APROVADO,1318.58,1,,
711,2,2023-12-27T15:00:00+00,PIX,ESTORNO,APROVADO,1318.58,1,821,
712,1,2023-01-15T15:00:00+00,PIX,COBRANCA,APROVADO,1282.82,1,,
712,2,2023-01-16T15:00:00+00,PIX,ESTORNO,APROVADO,1282.82,1,823,
713,1,2023-02-04T15:00:00+00,PIX,COBRANCA,APROVADO,883.76,1,,
713,2,2023-02-05T15:00:00+00,PIX,ESTORNO,APROVADO,883.76,1,825,
714,1,2023-03-21T15:00:00+00,PIX,COBRANCA,APROVADO,1794.92,1,,
714,2,2023-03-22T15:00:00+00,PIX,ESTORNO,APROVADO,1794.92,1,827,
715,1,2023-04-10T15:00:00+00,PIX,COBRANCA,APROVADO,973.90,1,,
715,2,2023-04-11T15:00:00+00,PIX,ESTORNO,APROVADO,973.90,1,829,
716,1,2023-05-27T15:00:00+00,PIX,COBRANCA,APROVADO,1310.78,1,,
716,2,2023-05-28T15:00:00+00,PIX,ESTORNO,APROVADO,1310.78,1,831,
717,1,2023-06-16T15:00:00+00,PIX,COBRANCA,APROVADO,2345.24,1,,
717,2,2023-06-17T15:00:00+00,PIX,ESTORNO,APROVADO,2345.24,1,833,
718,1,2023-07-05T15:00:00+00,PIX,COBRANCA,APROVADO,728.00,1,,
718,2,2023-07-06T15:00:00+00,PIX,ESTORNO,APROVADO,728.00,1,835,
719,1,2023-08-22T15:00:00+00,PIX,COBRANCA,APROVADO,1811.78,1,,
719,2,2023-08-23T15:00:00+00,PIX,ESTORNO,APROVADO,1811.78,1,837,
720,1,2023-09-11T15:00:00+00,PIX,COBRANCA,APROVADO,1808.90,1,,
720,2,2023-09-12T15:00:00+00,PIX,ESTORNO,APROVADO,1808.90,1,839,
721,1,2023-10-28T15:00:00+00,PIX,COBRANCA,APROVADO,1003.72,1,,
721,2,2023-10-29T15:00:00+00,PIX,ESTORNO,APROVADO,1003.72,1,841,
722,1,2023-11-17T15:00:00+00,PIX,COBRANCA,APROVADO,2107.05,1,,
722,2,2023-11-18T15:00:00+00,PIX,ESTORNO,APROVADO,2107.05,1,843,
723,1,2023-11-06T15:00:00+00,PIX,COBRANCA,APROVADO,1097.10,1,,
723,2,2023-11-07T15:00:00+00,PIX,ESTORNO,APROVADO,1097.10,1,845,
724,1,2023-12-23T15:00:00+00,PIX,COBRANCA,APROVADO,1511.74,1,,
724,2,2023-12-24T15:00:00+00,PIX,ESTORNO,APROVADO,1511.74,1,847,
725,1,2023-01-12T15:00:00+00,PIX,COBRANCA,APROVADO,2577.56,1,,
725,2,2023-01-13T15:00:00+00,PIX,ESTORNO,APROVADO,2577.56,1,849,
726,1,2023-03-01T15:00:00+00,PIX,COBRANCA,APROVADO,767.23,1,,
726,2,2023-03-02T15:00:00+00,PIX,ESTORNO,APROVADO,767.23,1,851,
727,1,2023-03-18T15:00:00+00,PIX,COBRANCA,APROVADO,2035.86,1,,
727,2,2023-03-19T15:00:00+00,PIX,ESTORNO,APROVADO,2035.86,1,853,
728,1,2023-04-07T15:00:00+00,PIX,COBRANCA,APROVADO,1905.15,1,,
728,2,2023-04-08T15:00:00+00,PIX,ESTORNO,APROVADO,1905.15,1,855,
729,1,2023-05-24T15:00:00+00,PIX,COBRANCA,APROVADO,1305.21,1,,
729,2,2023-05-25T15:00:00+00,PIX,ESTORNO,APROVADO,1305.21,1,857,
730,1,2023-06-13T15:00:00+00,PIX,COBRANCA,APROVADO,1509.19,1,,
730,2,2023-06-14T15:00:00+00,PIX,ESTORNO,APROVADO,1509.19,1,859,
731,1,2023-07-02T15:00:00+00,PIX,COBRANCA,APROVADO,1235.63,1,,
731,2,2023-07-03T15:00:00+00,PIX,ESTORNO,APROVADO,1235.63,1,861,
732,1,2023-08-19T15:00:00+00,PIX,COBRANCA,APROVADO,1167.20,1,,
732,2,2023-08-20T15:00:00+00,PIX,ESTORNO,APROVADO,1167.20,1,863,
733,1,2023-09-08T15:00:00+00,PIX,COBRANCA,APROVADO,2026.64,1,,
733,2,2023-09-09T15:00:00+00,PIX,ESTORNO,APROVADO,2026.64,1,865,
734,1,2023-10-25T15:00:00+00,PIX,COBRANCA,APROVADO,662.24,1,,
734,2,2023-10-26T15:00:00+00,PIX,ESTORNO,APROVADO,662.24,1,867,
735,1,2023-11-14T15:00:00+00,PIX,COBRANCA,APROVADO,1877.54,1,,
735,2,2023-11-15T15:00:00+00,PIX,ESTORNO,APROVADO,1877.54,1,869,
736,1,2023-11-03T15:00:00+00,PIX,COBRANCA,APROVADO,1480.10,1,,
736,2,2023-11-04T15:00:00+00,PIX,ESTORNO,APROVADO,1480.10,1,871,
737,1,2023-12-20T15:00:00+00,PIX,COBRANCA,APROVADO,697.44,1,,
737,2,2023-12-21T15:00:00+00,PIX,ESTORNO,APROVADO,697.44,1,873,
738,1,2023-01-09T15:00:00+00,PIX,COBRANCA,APROVADO,1575.72,1,,
738,2,2023-01-10T15:00:00+00,PIX,ESTORNO,APROVADO,1575.72,1,875,
739,1,2023-02-26T15:00:00+00,PIX,COBRANCA,APROVADO,1598.62,1,,
739,2,2023-02-27T15:00:00+00,PIX,ESTORNO,APROVADO,1598.62,1,877,
740,1,2023-03-15T15:00:00+00,PIX,COBRANCA,APROVADO,1113.50,1,,
740,2,2023-03-16T15:00:00+00,PIX,ESTORNO,APROVADO,1113.50,1,879,
741,1,2023-04-04T15:00:00+00,PIX,COBRANCA,APROVADO,1194.44,1,,
741,2,2023-04-05T15:00:00+00,PIX,ESTORNO,APROVADO,1194.44,1,881,
742,1,2023-05-21T15:00:00+00,PIX,COBRANCA,APROVADO,399.20,1,,
742,2,2023-05-22T15:00:00+00,PIX,ESTORNO,APROVADO,399.20,1,883,
743,1,2023-06-10T15:00:00+00,PIX,COBRANCA,APROVADO,989.78,1,,
743,2,2023-06-11T15:00:00+00,PIX,ESTORNO,APROVADO,989.78,1,885,
744,1,2023-07-27T15:00:00+00,PIX,COBRANCA,APROVADO,932.10,1,,
744,2,2023-07-28T15:00:00+00,PIX,ESTORNO,APROVADO,932.10,1,887,
745,1,2023-08-16T15:00:00+00,PIX,COBRANCA,APROVADO,686.48,1,,
745,2,2023-08-17T15:00:00+00,PIX,ESTORNO,APROVADO,686.48,1,889,
746,1,2023-09-05T15:00:00+00,PIX,COBRANCA,APROVADO,1400.36,1,,
746,2,2023-09-06T15:00:00+00,PIX,ESTORNO,APROVADO,1400.36,1,891,
747,1,2023-10-22T15:00:00+00,PIX,COBRANCA,APROVADO,732.78,1,,
747,2,2023-10-23T15:00:00+00,PIX,ESTORNO,APROVADO,732.78,1,893,
748,1,2023-11-11T15:00:00+00,PIX,COBRANCA,APROVADO,1047.74,1,,
748,2,2023-11-12T15:00:00+00,PIX,ESTORNO,APROVADO,1047.74,1,895,
749,1,2023-11-28T15:00:00+00,PIX,COBRANCA,APROVADO,1884.92,1,,
749,2,2023-11-29T15:00:00+00,PIX,ESTORNO,APROVADO,1884.92,1,897,
750,1,2023-12-17T15:00:00+00,PIX,COBRANCA,APROVADO,596.48,1,,
750,2,2023-12-18T15:00:00+00,PIX,ESTORNO,APROVADO,596.48,1,899,
751,1,2023-01-06T15:00:00+00,PIX,COBRANCA,APROVADO,1482.98,1,,
751,2,2023-01-07T15:00:00+00,PIX,ESTORNO,APROVADO,1482.98,1,901,
752,1,2023-02-23T15:00:00+00,PIX,COBRANCA,APROVADO,1458.18,1,,
752,2,2023-02-24T15:00:00+00,PIX,ESTORNO,APROVADO,1458.18,1,903,
753,1,2023-03-12T15:00:00+00,PIX,COBRANCA,APROVADO,982.40,1,,
753,2,2023-03-13T15:00:00+00,PIX,ESTORNO,APROVADO,982.40,1,905,
754,1,2023-04-29T15:00:00+00,PIX,COBRANCA,APROVADO,1854.30,1,,
754,2,2023-04-30T15:00:00+00,PIX,ESTORNO,APROVADO,1854.30,1,907,
755,1,2023-05-18T15:00:00+00,PIX,COBRANCA,APROVADO,910.63,1,,
755,2,2023-05-19T15:00:00+00,PIX,ESTORNO,APROVADO,910.63,1,909,
756,1,2023-06-07T15:00:00+00,PIX,COBRANCA,APROVADO,1205.04,1,,
756,2,2023-06-08T15:00:00+00,PIX,ESTORNO,APROVADO,1205.04,1,911,
757,1,2023-07-24T15:00:00+00,PIX,COBRANCA,APROVADO,2272.62,1,,
757,2,2023-07-25T15:00:00+00,PIX,ESTORNO,APROVADO,2272.62,1,913,
758,1,2023-08-13T15:00:00+00,PIX,COBRANCA,APROVADO,617.93,1,,
758,2,2023-08-14T15:00:00+00,PIX,ESTORNO,APROVADO,617.93,1,915,
759,1,2023-09-02T15:00:00+00,PIX,COBRANCA,APROVADO,1754.16,1,,
759,2,2023-09-03T15:00:00+00,PIX,ESTORNO,APROVADO,1754.16,1,917,
760,1,2023-10-19T15:00:00+00,PIX,COBRANCA,APROVADO,1557.79,1,,
760,2,2023-10-20T15:00:00+00,PIX,ESTORNO,APROVADO,1557.79,1,919,
761,1,2023-11-08T15:00:00+00,PIX,COBRANCA,APROVADO,1065.94,1,,
761,2,2023-11-09T15:00:00+00,PIX,ESTORNO,APROVADO,1065.94,1,921,
762,1,2023-11-25T15:00:00+00,PIX,COBRANCA,APROVADO,2279.76,1,,
762,2,2023-11-26T15:00:00+00,PIX,ESTORNO,APROVADO,2279.76,1,923,
763,1,2023-12-14T15:00:00+00,PIX,COBRANCA,APROVADO,1196.87,1,,
763,2,2023-12-15T15:00:00+00,PIX,ESTORNO,APROVADO,1196.87,1,925,
764,1,2023-01-03T15:00:00+00,PIX,COBRANCA,APROVADO,1629.00,1,,
764,2,2023-01-04T15:00:00+00,PIX,ESTORNO,APROVADO,1629.00,1,927,
765,1,2023-02-20T15:00:00+00,PIX,COBRANCA,APROVADO,2771.08,1,,
765,2,2023-02-21T15:00:00+00,PIX,ESTORNO,APROVADO,2771.08,1,929,
766,1,2023-03-09T15:00:00+00,PIX,COBRANCA,APROVADO,821.99,1,,
766,2,2023-03-10T15:00:00+00,PIX,ESTORNO,APROVADO,821.99,1,931,
767,1,2023-04-26T15:00:00+00,PIX,COBRANCA,APROVADO,1410.54,1,,
767,2,2023-04-27T15:00:00+00,PIX,ESTORNO,APROVADO,1410.54,1,933,
768,1,2023-05-15T15:00:00+00,PIX,COBRANCA,APROVADO,2356.90,1,,
768,2,2023-05-16T15:00:00+00,PIX,ESTORNO,APROVADO,2356.90,1,935,
769,1,2023-06-04T15:00:00+00,PIX,COBRANCA,APROVADO,960.48,1,,
769,2,2023-06-05T15:00:00+00,PIX,ESTORNO,APROVADO,960.48,1,937,
770,1,2023-07-21T15:00:00+00,PIX,COBRANCA,APROVADO,2101.80,1,,
770,2,2023-07-22T15:00:00+00,PIX,ESTORNO,APROVADO,2101.80,1,939,
771,1,2023-08-10T15:00:00+00,PIX,COBRANCA,APROVADO,1510.94,1,,
771,2,2023-08-11T15:00:00+00,PIX,ESTORNO,APROVADO,1510.94,1,941,
772,1,2023-09-27T15:00:00+00,PIX,COBRANCA,APROVADO,1464.22,1,,
772,2,2023-09-28T15:00:00+00,PIX,ESTORNO,APROVADO,1464.22,1,943,
773,1,2023-10-16T15:00:00+00,PIX,COBRANCA,APROVADO,1654.76,1,,
773,2,2023-10-17T15:00:00+00,PIX,ESTORNO,APROVADO,1654.76,1,945,
774,1,2023-11-05T15:00:00+00,PIX,COBRANCA,APROVADO,421.12,1,,
774,2,2023-11-06T15:00:00+00,PIX,ESTORNO,APROVADO,421.12,1,947,
775,1,2023-11-22T15:00:00+00,PIX,COBRANCA,APROVADO,1274.74,1,,
775,2,2023-11-23T15:00:00+00,PIX,ESTORNO,APROVADO,1274.74,1,949,
776,1,2023-12-11T15:00:00+00,PIX,COBRANCA,APROVADO,1655.46,1,,
776,2,2023-12-12T15:00:00+00,PIX,ESTORNO,APROVADO,1655.46,1,951,
777,1,2023-01-28T15:00:00+00,PIX,COBRANCA,APROVADO,796.08,1,,
777,2,2023-01-29T15:00:00+00,PIX,ESTORNO,APROVADO,796.08,1,953,
778,1,2023-02-17T15:00:00+00,PIX,COBRANCA,APROVADO,1773.00,1,,
778,2,2023-02-18T15:00:00+00,PIX,ESTORNO,APROVADO,1773.00,1,955,
779,1,2023-03-06T15:00:00+00,PIX,COBRANCA,APROVADO,491.66,1,,
779,2,2023-03-07T15:00:00+00,PIX,ESTORNO,APROVADO,491.66,1,957,
780,1,2023-04-23T15:00:00+00,PIX,COBRANCA,APROVADO,784.70,1,,
780,2,2023-04-24T15:00:00+00,PIX,ESTORNO,APROVADO,784.70,1,959,
781,1,2023-05-12T15:00:00+00,PIX,COBRANCA,APROVADO,1424.60,1,,
781,2,2023-05-13T15:00:00+00,PIX,ESTORNO,APROVADO,1424.60,1,961,
782,1,2023-06-29T15:00:00+00,PIX,COBRANCA,APROVADO,464.96,1,,
782,2,2023-06-30T15:00:00+00,PIX,ESTORNO,APROVADO,464.96,1,963,
783,1,2023-07-18T15:00:00+00,PIX,COBRANCA,APROVADO,1154.18,1,,
783,2,2023-07-19T15:00:00+00,PIX,ESTORNO,APROVADO,1154.18,1,965,
784,1,2023-08-07T15:00:00+00,PIX,COBRANCA,APROVADO,1107.46,1,,
784,2,2023-08-08T15:00:00+00,PIX,ESTORNO,APROVADO,1107.46,1,967,
785,1,2023-09-24T15:00:00+00,PIX,COBRANCA,APROVADO,785.12,1,,
785,2,2023-09-25T15:00:00+00,PIX,ESTORNO,APROVADO,785.12,1,969,
786,1,2023-10-13T15:00:00+00,PIX,COBRANCA,APROVADO,1597.64,1,,
786,2,2023-10-14T15:00:00+00,PIX,ESTORNO,APROVADO,1597.64,1,971,
787,1,2023-11-02T15:00:00+00,PIX,COBRANCA,APROVADO,853.34,1,,
787,2,2023-11-03T15:00:00+00,PIX,ESTORNO,APROVADO,853.34,1,973,
788,1,2023-11-19T15:00:00+00,PIX,COBRANCA,APROVADO,924.70,1,,
788,2,2023-11-20T15:00:00+00,PIX,ESTORNO,APROVADO,924.70,1,975,
789,1,2023-12-08T15:00:00+00,PIX,COBRANCA,APROVADO,1877.49,1,,
789,2,2023-12-09T15:00:00+00,PIX,ESTORNO,APROVADO,1877.49,1,977,
790,1,2023-01-25T15:00:00+00,PIX,COBRANCA,APROVADO,576.21,1,,
790,2,2023-01-26T15:00:00+00,PIX,ESTORNO,APROVADO,576.21,1,979,
791,1,2023-02-14T15:00:00+00,PIX,COBRANCA,APROVADO,1378.02,1,,
791,2,2023-02-15T15:00:00+00,PIX,ESTORNO,APROVADO,1378.02,1,981,
792,1,2023-03-03T15:00:00+00,PIX,COBRANCA,APROVADO,1422.65,1,,
792,2,2023-03-04T15:00:00+00,PIX,ESTORNO,APROVADO,1422.65,1,983,
793,1,2023-04-20T15:00:00+00,PIX,COBRANCA,APROVADO,846.42,1,,
793,2,2023-04-21T15:00:00+00,PIX,ESTORNO,APROVADO,846.42,1,985,
794,1,2023-05-09T15:00:00+00,PIX,COBRANCA,APROVADO,1944.73,1,,
794,2,2023-05-10T15:00:00+00,PIX,ESTORNO,APROVADO,1944.73,1,987,
795,1,2023-06-26T15:00:00+00,PIX,COBRANCA,APROVADO,1009.83,1,,
795,2,2023-06-27T15:00:00+00,PIX,ESTORNO,APROVADO,1009.83,1,989,
796,1,2023-07-15T15:00:00+00,PIX,COBRANCA,APROVADO,1315.74,1,,
796,2,2023-07-16T15:00:00+00,PIX,ESTORNO,APROVADO,1315.74,1,991,
797,1,2023-08-04T15:00:00+00,PIX,COBRANCA,APROVADO,2473.84,1,,
797,2,2023-08-05T15:00:00+00,PIX,ESTORNO,APROVADO,2473.84,1,993,
798,1,2023-09-21T15:00:00+00,PIX,COBRANCA,APROVADO,669.44,1,,
798,2,2023-09-22T15:00:00+00,PIX,ESTORNO,APROVADO,669.44,1,995,
799,1,2023-10-10T15:00:00+00,PIX,COBRANCA,APROVADO,1900.96,1,,
799,2,2023-10-11T15:00:00+00,PIX,ESTORNO,APROVADO,1900.96,1,997,
800,1,2023-11-27T15:00:00+00,PIX,COBRANCA,APROVADO,1703.70,1,,
800,2,2023-11-28T15:00:00+00,PIX,ESTORNO,APROVADO,1703.70,1,999,
801,1,2023-11-16T15:00:00+00,PIX,COBRANCA,APROVADO,1376.96,1,,
801,2,2023-11-17T15:00:00+00,PIX,ESTORNO,APROVADO,1376.96,1,1001,
802,1,2023-12-05T15:00:00+00,PIX,COBRANCA,APROVADO,2781.32,1,,
802,2,2023-12-06T15:00:00+00,PIX,ESTORNO,APROVADO,2781.32,1,1003,
803,1,2023-01-22T15:00:00+00,PIX,COBRANCA,APROVADO,1576.70,1,,
803,2,2023-01-23T15:00:00+00,PIX,ESTORNO,APROVADO,1576.70,1,1005,
804,1,2023-02-11T15:00:00+00,PIX,COBRANCA,APROVADO,1968.38,1,,
804,2,2023-02-12T15:00:00+00,PIX,ESTORNO,APROVADO,1968.38,1,1007,
805,1,2023-03-28T15:00:00+00,PIX,COBRANCA,APROVADO,2268.52,1,,
805,2,2023-03-29T15:00:00+00,PIX,ESTORNO,APROVADO,2268.52,1,1009,
806,1,2023-04-17T15:00:00+00,PIX,COBRANCA,APROVADO,596.48,1,,
806,2,2023-04-18T15:00:00+00,PIX,ESTORNO,APROVADO,596.48,1,1011,
807,1,2023-05-06T15:00:00+00,PIX,COBRANCA,APROVADO,1713.14,1,,
807,2,2023-05-07T15:00:00+00,PIX,ESTORNO,APROVADO,1713.14,1,1013,
808,1,2023-06-23T15:00:00+00,PIX,COBRANCA,APROVADO,2532.26,1,,
808,2,2023-06-24T15:00:00+00,PIX,ESTORNO,APROVADO,2532.26,1,1015,
809,1,2023-07-12T15:00:00+00,PIX,COBRANCA,APROVADO,1059.12,1,,
809,2,2023-07-13T15:00:00+00,PIX,ESTORNO,APROVADO,1059.12,1,1017,
810,1,2023-08-29T15:00:00+00,PIX,COBRANCA,APROVADO,1378.44,1,,
810,2,2023-08-30T15:00:00+00,PIX,ESTORNO,APROVADO,1378.44,1,1019,
811,1,2023-09-18T15:00:00+00,PIX,COBRANCA,APROVADO,1478.06,1,,
811,2,2023-09-19T15:00:00+00,PIX,ESTORNO,APROVADO,1478.06,1,1021,
812,1,2023-10-07T15:00:00+00,PIX,COBRANCA,APROVADO,981.98,1,,
812,2,2023-10-08T15:00:00+00,PIX,ESTORNO,APROVADO,981.98,1,1023,
813,1,2023-11-24T15:00:00+00,PIX,COBRANCA,APROVADO,1884.92,1,,
813,2,2023-11-25T15:00:00+00,PIX,ESTORNO,APROVADO,1884.92,1,1025,
814,1,2023-11-13T15:00:00+00,PIX,COBRANCA,APROVADO,486.88,1,,
814,2,2023-11-14T15:00:00+00,PIX,ESTORNO,APROVADO,486.88,1,1027,
815,1,2023-12-02T15:00:00+00,PIX,COBRANCA,APROVADO,1439.14,1,,
815,2,2023-12-03T15:00:00+00,PIX,ESTORNO,APROVADO,1439.14,1,1029,
816,1,2023-01-19T15:00:00+00,PIX,COBRANCA,APROVADO,756.74,1,,
816,2,2023-01-20T15:00:00+00,PIX,ESTORNO,APROVADO,756.74,1,1031,
817,1,2023-02-08T15:00:00+00,PIX,COBRANCA,APROVADO,587.84,1,,
817,2,2023-02-09T15:00:00+00,PIX,ESTORNO,APROVADO,587.84,1,1033,
818,1,2023-03-25T15:00:00+00,PIX,COBRANCA,APROVADO,1203.08,1,,
818,2,2023-03-26T15:00:00+00,PIX,ESTORNO,APROVADO,1203.08,1,1035,
819,1,2023-04-14T15:00:00+00,PIX,COBRANCA,APROVADO,612.22,1,,
819,2,2023-04-15T15:00:00+00,PIX,ESTORNO,APROVADO,612.22,1,1037,
820,1,2023-05-03T15:00:00+00,PIX,COBRANCA,APROVADO,916.22,1,,
820,2,2023-05-04T15:00:00+00,PIX,ESTORNO,APROVADO,916.22,1,1039,
821,1,2023-06-20T15:00:00+00,PIX,COBRANCA,APROVADO,1414.64,1,,
821,2,2023-06-21T15:00:00+00,PIX,ESTORNO,APROVADO,1414.64,1,1041,
822,1,2023-07-09T15:00:00+00,PIX,COBRANCA,APROVADO,477.14,1,,
822,2,2023-07-10T15:00:00+00,PIX,ESTORNO,APROVADO,477.14,1,1043,
823,1,2023-08-26T15:00:00+00,PIX,COBRANCA,APROVADO,1034.78,1,,
823,2,2023-08-27T15:00:00+00,PIX,ESTORNO,APROVADO,1034.78,1,1045,
824,1,2023-09-15T15:00:00+00,PIX,COBRANCA,APROVADO,1171.91,1,,
824,2,2023-09-16T15:00:00+00,PIX,ESTORNO,APROVADO,1171.91,1,1047,
825,1,2023-10-04T15:00:00+00,PIX,COBRANCA,APROVADO,762.89,1,,
825,2,2023-10-05T15:00:00+00,PIX,ESTORNO,APROVADO,762.89,1,1049,
826,1,2023-11-21T15:00:00+00,PIX,COBRANCA,APROVADO,1502.10,1,,
826,2,2023-11-22T15:00:00+00,PIX,ESTORNO,APROVADO,1502.10,1,1051,
827,1,2023-11-10T15:00:00+00,PIX,COBRANCA,APROVADO,788.10,1,,
827,2,2023-11-11T15:00:00+00,PIX,ESTORNO,APROVADO,788.10,1,1053,
828,1,2023-12-27T15:00:00+00,PIX,COBRANCA,APROVADO,1028.80,1,,
828,2,2023-12-28T15:00:00+00,PIX,ESTORNO,APROVADO,1028.80,1,1055,
829,1,2023-01-16T15:00:00+00,PIX,COBRANCA,APROVADO,2083.58,1,,
829,2,2023-01-17T15:00:00+00,PIX,ESTORNO,APROVADO,2083.58,1,1057,
830,1,2023-02-05T15:00:00+00,PIX,COBRANCA,APROVADO,632.65,1,,
830,2,2023-02-06T15:00:00+00,PIX,ESTORNO,APROVADO,632.65,1,1059,
831,1,2023-03-22T15:00:00+00,PIX,COBRANCA,APROVADO,1516.67,1,,
831,2,2023-03-23T15:00:00+00,PIX,ESTORNO,APROVADO,1516.67,1,1061,
832,1,2023-04-11T15:00:00+00,PIX,COBRANCA,APROVADO,1573.42,1,,
832,2,2023-04-12T15:00:00+00,PIX,ESTORNO,APROVADO,1573.42,1,1063,
833,1,2023-05-28T15:00:00+00,PIX,COBRANCA,APROVADO,924.20,1,,
833,2,2023-05-29T15:00:00+00,PIX,ESTORNO,APROVADO,924.20,1,1065,
834,1,2023-06-17T15:00:00+00,PIX,COBRANCA,APROVADO,2386.76,1,,
834,2,2023-06-18T15:00:00+00,PIX,ESTORNO,APROVADO,2386.76,1,1067,
835,1,2023-07-06T15:00:00+00,PIX,COBRANCA,APROVADO,1335.58,1,,
835,2,2023-07-07T15:00:00+00,PIX,ESTORNO,APROVADO,1335.58,1,1069,
836,1,2023-08-23T15:00:00+00,PIX,COBRANCA,APROVADO,1705.34,1,,
836,2,2023-08-24T15:00:00+00,PIX,ESTORNO,APROVADO,1705.34,1,1071,
837,1,2023-09-12T15:00:00+00,PIX,COBRANCA,APROVADO,3035.72,1,,
837,2,2023-09-13T15:00:00+00,PIX,ESTORNO,APROVADO,3035.72,1,1073,
838,1,2023-10-29T15:00:00+00,PIX,COBRANCA,APROVADO,925.28,1,,
838,2,2023-10-30T15:00:00+00,PIX,ESTORNO,APROVADO,925.28,1,1075,
839,1,2023-11-18T15:00:00+00,PIX,COBRANCA,APROVADO,2304.98,1,,
839,2,2023-11-19T15:00:00+00,PIX,ESTORNO,APROVADO,2304.98,1,1077,
840,1,2023-11-07T15:00:00+00,PIX,COBRANCA,APROVADO,2334.98,1,,
840,2,2023-11-08T15:00:00+00,PIX,ESTORNO,APROVADO,2334.98,1,1079,
841,1,2023-12-23T15:00:00+00,BOLETO,COBRANCA,RECUSADO,1488.50,1,,
841,2,2023-12-24T15:00:00+00,PIX,COBRANCA,APROVADO,1488.50,1,,
842,1,2023-01-12T15:00:00+00,BOLETO,COBRANCA,RECUSADO,1917.42,1,,
842,2,2023-01-13T15:00:00+00,PIX,COBRANCA,APROVADO,1917.42,1,,
843,1,2023-02-01T15:00:00+00,BOLETO,COBRANCA,RECUSADO,1403.28,1,,
843,2,2023-02-02T15:00:00+00,PIX,COBRANCA,APROVADO,1403.28,1,,
844,1,2023-03-18T15:00:00+00,BOLETO,COBRANCA,RECUSADO,1345.60,1,,
844,2,2023-03-19T15:00:00+00,PIX,COBRANCA,APROVADO,1345.60,1,,
845,1,2023-04-07T15:00:00+00,BOLETO,COBRANCA,RECUSADO,2511.58,1,,
845,2,2023-04-08T15:00:00+00,PIX,COBRANCA,APROVADO,2511.58,1,,
846,1,2023-05-24T15:00:00+00,BOLETO,COBRANCA,RECUSADO,675.14,1,,
846,2,2023-05-25T15:00:00+00,PIX,COBRANCA,APROVADO,675.14,1,,
847,1,2023-06-13T15:00:00+00,BOLETO,COBRANCA,RECUSADO,1890.44,1,,
847,2,2023-06-14T15:00:00+00,PIX,COBRANCA,APROVADO,1890.44,1,,
848,1,2023-07-02T15:00:00+00,BOLETO,COBRANCA,RECUSADO,1493.00,1,,
848,2,2023-07-03T15:00:00+00,PIX,COBRANCA,APROVADO,1493.00,1,,
849,1,2023-08-19T15:00:00+00,BOLETO,COBRANCA,RECUSADO,710.34,1,,
849,2,2023-08-20T15:00:00+00,PIX,COBRANCA,APROVADO,710.34,1,,
850,1,2023-09-08T15:00:00+00,BOLETO,COBRANCA,RECUSADO,1588.62,1,,
850,2,2023-09-09T15:00:00+00,PIX,COBRANCA,APROVADO,1588.62,1,,
851,1,2023-10-25T15:00:00+00,BOLETO,COBRANCA,RECUSADO,1611.52,1,,
851,2,2023-10-26T15:00:00+00,PIX,COBRANCA,APROVADO,1611.52,1,,
852,1,2023-11-14T15:00:00+00,BOLETO,COBRANCA,RECUSADO,1126.40,1,,
852,2,2023-11-15T15:00:00+00,PIX,COBRANCA,APROVADO,1126.40,1,,
853,1,2023-11-03T15:00:00+00,BOLETO,COBRANCA,RECUSADO,1207.34,1,,
853,2,2023-11-04T15:00:00+00,PIX,COBRANCA,APROVADO,1207.34,1,,
854,1,2023-12-20T15:00:00+00,BOLETO,COBRANCA,RECUSADO,375.20,1,,
854,2,2023-12-21T15:00:00+00,PIX,COBRANCA,APROVADO,375.20,1,,
855,1,2023-01-09T15:00:00+00,BOLETO,COBRANCA,RECUSADO,866.64,1,,
855,2,2023-01-10T15:00:00+00,PIX,COBRANCA,APROVADO,866.64,1,,
856,1,2023-02-26T15:00:00+00,BOLETO,COBRANCA,RECUSADO,816.04,1,,
856,2,2023-02-27T15:00:00+00,PIX,COBRANCA,APROVADO,816.04,1,,
857,1,2023-03-15T15:00:00+00,BOLETO,COBRANCA,RECUSADO,627.11,1,,
857,2,2023-03-16T15:00:00+00,PIX,COBRANCA,APROVADO,627.11,1,,
858,1,2023-04-04T15:00:00+00,BOLETO,COBRANCA,RECUSADO,1111.78,1,,
858,2,2023-04-05T15:00:00+00,PIX,COBRANCA,APROVADO,1111.78,1,,
859,1,2023-05-21T15:00:00+00,BOLETO,COBRANCA,RECUSADO,684.57,1,,
859,2,2023-05-22T15:00:00+00,PIX,COBRANCA,APROVADO,684.57,1,,
860,1,2023-06-10T15:00:00+00,BOLETO,COBRANCA,RECUSADO,914.53,1,,
860,2,2023-06-11T15:00:00+00,PIX,COBRANCA,APROVADO,914.53,1,,
861,1,2023-07-27T15:00:00+00,BOLETO,COBRANCA,RECUSADO,1590.11,1,,
861,2,2023-07-28T15:00:00+00,PIX,COBRANCA,APROVADO,1590.11,1,,
862,1,2023-08-16T15:00:00+00,BOLETO,COBRANCA,RECUSADO,548.66,1,,
862,2,2023-08-17T15:00:00+00,PIX,COBRANCA,APROVADO,548.66,1,,
863,1,2023-09-05T15:00:00+00,BOLETO,COBRANCA,RECUSADO,1178.09,1,,
863,2,2023-09-06T15:00:00+00,PIX,COBRANCA,APROVADO,1178.09,1,,
864,1,2023-10-22T15:00:00+00,BOLETO,COBRANCA,RECUSADO,1346.03,1,,
864,2,2023-10-23T15:00:00+00,PIX,COBRANCA,APROVADO,1346.03,1,,
865,1,2023-11-11T15:00:00+00,BOLETO,COBRANCA,RECUSADO,859.63,1,,
865,2,2023-11-12T15:00:00+00,PIX,COBRANCA,APROVADO,859.63,1,,
866,1,2023-11-28T15:00:00+00,BOLETO,COBRANCA,RECUSADO,1681.55,1,,
866,2,2023-11-29T15:00:00+00,PIX,COBRANCA,APROVADO,1681.55,1,,
867,1,2023-12-17T15:00:00+00,BOLETO,COBRANCA,RECUSADO,929.60,1,,
867,2,2023-12-18T15:00:00+00,PIX,COBRANCA,APROVADO,929.60,1,,
868,1,2023-01-06T15:00:00+00,BOLETO,COBRANCA,RECUSADO,1455.20,1,,
868,2,2023-01-07T15:00:00+00,PIX,COBRANCA,APROVADO,1455.20,1,,
869,1,2023-02-23T15:00:00+00,BOLETO,COBRANCA,RECUSADO,2588.30,1,,
869,2,2023-02-24T15:00:00+00,PIX,COBRANCA,APROVADO,2588.30,1,,
870,1,2023-03-12T15:00:00+00,BOLETO,COBRANCA,RECUSADO,806.66,1,,
870,2,2023-03-13T15:00:00+00,PIX,COBRANCA,APROVADO,806.66,1,,
871,1,2023-04-01T15:00:00+00,BOLETO,COBRANCA,RECUSADO,1989.08,1,,
871,2,2023-04-02T15:00:00+00,PIX,COBRANCA,APROVADO,1989.08,1,,
872,1,2023-05-18T15:00:00+00,BOLETO,COBRANCA,RECUSADO,1997.16,1,,
872,2,2023-05-19T15:00:00+00,PIX,COBRANCA,APROVADO,1997.16,1,,
873,1,2023-06-07T15:00:00+00,BOLETO,COBRANCA,RECUSADO,1291.22,1,,
873,2,2023-06-08T15:00:00+00,PIX,COBRANCA,APROVADO,1291.22,1,,
874,1,2023-07-24T15:00:00+00,BOLETO,COBRANCA,RECUSADO,2596.94,1,,
874,2,2023-07-25T15:00:00+00,PIX,COBRANCA,APROVADO,2596.94,1,,
875,1,2023-08-13T15:00:00+00,BOLETO,COBRANCA,RECUSADO,1469.04,1,,
875,2,2023-08-14T15:00:00+00,PIX,COBRANCA,APROVADO,1469.04,1,,
876,1,2023-09-02T15:00:00+00,BOLETO,COBRANCA,RECUSADO,1849.76,1,,
876,2,2023-09-03T15:00:00+00,PIX,COBRANCA,APROVADO,1849.76,1,,
877,1,2023-10-19T15:00:00+00,BOLETO,COBRANCA,RECUSADO,3278.78,1,,
877,2,2023-10-20T15:00:00+00,PIX,COBRANCA,APROVADO,3278.78,1,,
878,1,2023-11-08T15:00:00+00,BOLETO,COBRANCA,RECUSADO,1003.94,1,,
878,2,2023-11-09T15:00:00+00,PIX,COBRANCA,APROVADO,1003.94,1,,
879,1,2023-11-25T15:00:00+00,BOLETO,COBRANCA,RECUSADO,1561.64,1,,
879,2,2023-11-26T15:00:00+00,PIX,COBRANCA,APROVADO,1561.64,1,,
880,1,2023-12-14T15:00:00+00,BOLETO,COBRANCA,RECUSADO,2369.80,1,,
880,2,2023-12-15T15:00:00+00,PIX,COBRANCA,APROVADO,2369.80,1,,
881,1,2023-01-03T15:00:00+00,BOLETO,COBRANCA,RECUSADO,973.38,1,,
881,2,2023-01-04T15:00:00+00,PIX,COBRANCA,APROVADO,973.38,1,,
882,1,2023-02-20T15:00:00+00,BOLETO,COBRANCA,RECUSADO,2114.70,1,,
882,2,2023-02-21T15:00:00+00,PIX,COBRANCA,APROVADO,2114.70,1,,
883,1,2023-03-09T15:00:00+00,BOLETO,COBRANCA,RECUSADO,1523.84,1,,
883,2,2023-03-10T15:00:00+00,PIX,COBRANCA,APROVADO,1523.84,1,,
884,1,2023-04-26T15:00:00+00,BOLETO,COBRANCA,RECUSADO,1477.12,1,,
884,2,2023-04-27T15:00:00+00,PIX,COBRANCA,APROVADO,1477.12,1,,
885,1,2023-05-15T15:00:00+00,BOLETO,COBRANCA,RECUSADO,1667.66,1,,
885,2,2023-05-16T15:00:00+00,PIX,COBRANCA,APROVADO,1667.66,1,,
886,1,2023-06-04T15:00:00+00,BOLETO,COBRANCA,RECUSADO,434.02,1,,
886,2,2023-06-05T15:00:00+00,PIX,COBRANCA,APROVADO,434.02,1,,
887,1,2023-07-21T15:00:00+00,BOLETO,COBRANCA,RECUSADO,1287.64,1,,
887,2,2023-07-22T15:00:00+00,PIX,COBRANCA,APROVADO,1287.64,1,,
888,1,2023-08-10T15:00:00+00,BOLETO,COBRANCA,RECUSADO,1395.23,1,,
888,2,2023-08-11T15:00:00+00,PIX,COBRANCA,APROVADO,1395.23,1,,
889,1,2023-09-27T15:00:00+00,BOLETO,COBRANCA,RECUSADO,732.85,1,,
889,2,2023-09-28T15:00:00+00,PIX,COBRANCA,APROVADO,732.85,1,,
890,1,2023-10-16T15:00:00+00,BOLETO,COBRANCA,RECUSADO,1495.84,1,,
890,2,2023-10-17T15:00:00+00,PIX,COBRANCA,APROVADO,1495.84,1,,
891,1,2023-11-05T15:00:00+00,BOLETO,COBRANCA,RECUSADO,436.41,1,,
891,2,2023-11-06T15:00:00+00,PIX,COBRANCA,APROVADO,436.41,1,,
892,1,2023-11-22T15:00:00+00,BOLETO,COBRANCA,RECUSADO,714.27,1,,
892,2,2023-11-23T15:00:00+00,PIX,COBRANCA,APROVADO,714.27,1,,
893,1,2023-12-11T15:00:00+00,BOLETO,COBRANCA,RECUSADO,1129.86,1,,
893,2,2023-12-12T15:00:00+00,PIX,COBRANCA,APROVADO,1129.86,1,,
894,1,2023-01-28T15:00:00+00,BOLETO,COBRANCA,RECUSADO,419.75,1,,
894,2,2023-01-29T15:00:00+00,PIX,COBRANCA,APROVADO,419.75,1,,
895,1,2023-02-17T15:00:00+00,BOLETO,COBRANCA,RECUSADO,1005.24,1,,
895,2,2023-02-18T15:00:00+00,PIX,COBRANCA,APROVADO,1005.24,1,,
896,1,2023-03-06T15:00:00+00,BOLETO,COBRANCA,RECUSADO,968.38,1,,
896,2,2023-03-07T15:00:00+00,PIX,COBRANCA,APROVADO,968.38,1,,
897,1,2023-04-23T15:00:00+00,BOLETO,COBRANCA,RECUSADO,714.22,1,,
897,2,2023-04-24T15:00:00+00,PIX,COBRANCA,APROVADO,714.22,1,,
898,1,2023-05-12T15:00:00+00,BOLETO,COBRANCA,RECUSADO,1268.49,1,,
898,2,2023-05-13T15:00:00+00,PIX,COBRANCA,APROVADO,1268.49,1,,
899,1,2023-06-01T15:00:00+00,BOLETO,COBRANCA,RECUSADO,796.44,1,,
899,2,2023-06-02T15:00:00+00,PIX,COBRANCA,APROVADO,796.44,1,,
900,1,2023-07-18T15:00:00+00,BOLETO,COBRANCA,RECUSADO,1055.14,1,,
900,2,2023-07-19T15:00:00+00,PIX,COBRANCA,APROVADO,1055.14,1,,
901,1,2023-08-07T15:00:00+00,BOLETO,COBRANCA,RECUSADO,2127.98,1,,
901,2,2023-08-08T15:00:00+00,PIX,COBRANCA,APROVADO,2127.98,1,,
902,1,2023-09-24T15:00:00+00,BOLETO,COBRANCA,RECUSADO,675.14,1,,
902,2,2023-09-25T15:00:00+00,PIX,COBRANCA,APROVADO,675.14,1,,
903,1,2023-10-13T15:00:00+00,BOLETO,COBRANCA,RECUSADO,1660.28,1,,
903,2,2023-10-14T15:00:00+00,PIX,COBRANCA,APROVADO,1660.28,1,,
904,1,2023-11-02T15:00:00+00,BOLETO,COBRANCA,RECUSADO,1646.44,1,,
904,2,2023-11-03T15:00:00+00,PIX,COBRANCA,APROVADO,1646.44,1,,
905,1,2023-11-19T15:00:00+00,BOLETO,COBRANCA,RECUSADO,1093.94,1,,
905,2,2023-11-20T15:00:00+00,PIX,COBRANCA,APROVADO,1093.94,1,,
906,1,2023-12-08T15:00:00+00,BOLETO,COBRANCA,RECUSADO,2202.38,1,,
906,2,2023-12-09T15:00:00+00,PIX,COBRANCA,APROVADO,2202.38,1,,
907,1,2023-01-25T15:00:00+00,BOLETO,COBRANCA,RECUSADO,1227.92,1,,
907,2,2023-01-26T15:00:00+00,PIX,COBRANCA,APROVADO,1227.92,1,,
908,1,2023-02-14T15:00:00+00,BOLETO,COBRANCA,RECUSADO,1586.72,1,,
908,2,2023-02-15T15:00:00+00,PIX,COBRANCA,APROVADO,1586.72,1,,
909,1,2023-03-03T15:00:00+00,BOLETO,COBRANCA,RECUSADO,2818.46,1,,
909,2,2023-03-04T15:00:00+00,PIX,COBRANCA,APROVADO,2818.46,1,,
910,1,2023-04-20T15:00:00+00,BOLETO,COBRANCA,RECUSADO,872.42,1,,
910,2,2023-04-21T15:00:00+00,PIX,COBRANCA,APROVADO,872.42,1,,
911,1,2023-05-09T15:00:00+00,BOLETO,COBRANCA,RECUSADO,2153.48,1,,
911,2,2023-05-10T15:00:00+00,PIX,COBRANCA,APROVADO,2153.48,1,,
912,1,2023-06-26T15:00:00+00,BOLETO,COBRANCA,RECUSADO,2172.52,1,,
912,2,2023-06-27T15:00:00+00,PIX,COBRANCA,APROVADO,2172.52,1,,
913,1,2023-07-15T15:00:00+00,BOLETO,COBRANCA,RECUSADO,1389.86,1,,
913,2,2023-07-16T15:00:00+00,PIX,COBRANCA,APROVADO,1389.86,1,,
914,1,2023-08-04T15:00:00+00,BOLETO,COBRANCA,RECUSADO,2794.22,1,,
914,2,2023-08-05T15:00:00+00,PIX,COBRANCA,APROVADO,2794.22,1,,
915,1,2023-09-21T15:00:00+00,BOLETO,COBRANCA,RECUSADO,1589.60,1,,
915,2,2023-09-22T15:00:00+00,PIX,COBRANCA,APROVADO,1589.60,1,,
916,1,2023-10-10T15:00:00+00,BOLETO,COBRANCA,RECUSADO,1981.28,1,,
916,2,2023-10-11T15:00:00+00,PIX,COBRANCA,APROVADO,1981.28,1,,
917,1,2023-11-27T15:00:00+00,BOLETO,COBRANCA,RECUSADO,2281.42,1,,
917,2,2023-11-28T15:00:00+00,PIX,COBRANCA,APROVADO,2281.42,1,,
918,1,2023-11-16T15:00:00+00,BOLETO,COBRANCA,RECUSADO,609.38,1,,
918,2,2023-11-17T15:00:00+00,PIX,COBRANCA,APROVADO,609.38,1,,
919,1,2023-12-05T15:00:00+00,BOLETO,COBRANCA,RECUSADO,1726.04,1,,
919,2,2023-12-06T15:00:00+00,PIX,COBRANCA,APROVADO,1726.04,1,,
920,1,2023-01-22T15:00:00+00,BOLETO,COBRANCA,RECUSADO,2545.16,1,,
920,2,2023-01-23T15:00:00+00,PIX,COBRANCA,APROVADO,2545.16,1,,
921,1,2023-02-11T15:00:00+00,BOLETO,COBRANCA,RECUSADO,950.28,1,,
921,2,2023-02-12T15:00:00+00,PIX,COBRANCA,APROVADO,950.28,1,,
922,1,2023-03-28T15:00:00+00,BOLETO,COBRANCA,RECUSADO,1141.86,1,,
922,2,2023-03-29T15:00:00+00,PIX,COBRANCA,APROVADO,1141.86,1,,
923,1,2023-04-17T15:00:00+00,BOLETO,COBRANCA,RECUSADO,1255.77,1,,
923,2,2023-04-18T15:00:00+00,PIX,COBRANCA,APROVADO,1255.77,1,,
924,1,2023-05-06T15:00:00+00,BOLETO,COBRANCA,RECUSADO,906.49,1,,
924,2,2023-05-07T15:00:00+00,PIX,COBRANCA,APROVADO,906.49,1,,
925,1,2023-06-23T15:00:00+00,BOLETO,COBRANCA,RECUSADO,1586.04,1,,
925,2,2023-06-24T15:00:00+00,PIX,COBRANCA,APROVADO,1586.04,1,,
926,1,2023-07-12T15:00:00+00,BOLETO,COBRANCA,RECUSADO,424.99,1,,
926,2,2023-07-13T15:00:00+00,PIX,COBRANCA,APROVADO,424.99,1,,
927,1,2023-08-01T15:00:00+00,BOLETO,COBRANCA,RECUSADO,1211.93,1,,
927,2,2023-08-02T15:00:00+00,PIX,COBRANCA,APROVADO,1211.93,1,,
928,1,2023-09-18T15:00:00+00,BOLETO,COBRANCA,RECUSADO,625.84,1,,
928,2,2023-09-19T15:00:00+00,PIX,COBRANCA,APROVADO,625.84,1,,
929,1,2023-10-07T15:00:00+00,BOLETO,COBRANCA,RECUSADO,528.99,1,,
929,2,2023-10-08T15:00:00+00,PIX,COBRANCA,APROVADO,528.99,1,,
930,1,2023-11-24T15:00:00+00,BOLETO,COBRANCA,RECUSADO,1048.08,1,,
930,2,2023-11-25T15:00:00+00,PIX,COBRANCA,APROVADO,1048.08,1,,
931,1,2023-11-13T15:00:00+00,BOLETO,COBRANCA,RECUSADO,542.21,1,,
931,2,2023-11-14T15:00:00+00,PIX,COBRANCA,APROVADO,542.21,1,,
932,1,2023-12-02T15:00:00+00,BOLETO,COBRANCA,RECUSADO,829.92,1,,
932,2,2023-12-03T15:00:00+00,PIX,COBRANCA,APROVADO,829.92,1,,
933,1,2023-01-19T15:00:00+00,BOLETO,COBRANCA,RECUSADO,1312.87,1,,
933,2,2023-01-20T15:00:00+00,PIX,COBRANCA,APROVADO,1312.87,1,,
934,1,2023-02-08T15:00:00+00,BOLETO,COBRANCA,RECUSADO,543.62,1,,
934,2,2023-02-09T15:00:00+00,PIX,COBRANCA,APROVADO,543.62,1,,
935,1,2023-03-25T15:00:00+00,BOLETO,COBRANCA,RECUSADO,1331.48,1,,
935,2,2023-03-26T15:00:00+00,PIX,COBRANCA,APROVADO,1331.48,1,,
936,1,2023-04-14T15:00:00+00,BOLETO,COBRANCA,RECUSADO,1295.72,1,,
936,2,2023-04-15T15:00:00+00,PIX,COBRANCA,APROVADO,1295.72,1,,
937,1,2023-05-03T15:00:00+00,BOLETO,COBRANCA,RECUSADO,896.66,1,,
937,2,2023-05-04T15:00:00+00,PIX,COBRANCA,APROVADO,896.66,1,,
938,1,2023-06-20T15:00:00+00,BOLETO,COBRANCA,RECUSADO,1807.82,1,,
938,2,2023-06-21T15:00:00+00,PIX,COBRANCA,APROVADO,1807.82,1,,
939,1,2023-07-09T15:00:00+00,BOLETO,COBRANCA,RECUSADO,986.80,1,,
939,2,2023-07-10T15:00:00+00,PIX,COBRANCA,APROVADO,986.80,1,,
940,1,2023-08-26T15:00:00+00,BOLETO,COBRANCA,RECUSADO,1323.68,1,,
940,2,2023-08-27T15:00:00+00,PIX,COBRANCA,APROVADO,1323.68,1,,
941,1,2023-09-15T15:00:00+00,BOLETO,COBRANCA,RECUSADO,2358.14,1,,
941,2,2023-09-16T15:00:00+00,PIX,COBRANCA,APROVADO,2358.14,1,,
942,1,2023-10-04T15:00:00+00,BOLETO,COBRANCA,RECUSADO,740.90,1,,
942,2,2023-10-05T15:00:00+00,PIX,COBRANCA,APROVADO,740.90,1,,
943,1,2023-11-21T15:00:00+00,BOLETO,COBRANCA,RECUSADO,1824.68,1,,
943,2,2023-11-22T15:00:00+00,PIX,COBRANCA,APROVADO,1824.68,1,,
944,1,2023-11-10T15:00:00+00,BOLETO,COBRANCA,RECUSADO,1821.80,1,,
944,2,2023-11-11T15:00:00+00,PIX,COBRANCA,APROVADO,1821.80,1,,
945,1,2023-12-27T15:00:00+00,BOLETO,COBRANCA,RECUSADO,1192.58,1,,
945,2,2023-12-28T15:00:00+00,PIX,COBRANCA,APROVADO,1192.58,1,,
946,1,2023-01-16T15:00:00+00,BOLETO,COBRANCA,RECUSADO,2399.66,1,,
946,2,2023-01-17T15:00:00+00,PIX,COBRANCA,APROVADO,2399.66,1,,
947,1,2023-02-05T15:00:00+00,BOLETO,COBRANCA,RECUSADO,1348.48,1,,
947,2,2023-02-06T15:00:00+00,PIX,COBRANCA,APROVADO,1348.48,1,,
948,1,2023-03-22T15:00:00+00,BOLETO,COBRANCA,RECUSADO,1718.24,1,,
948,2,2023-03-23T15:00:00+00,PIX,COBRANCA,APROVADO,1718.24,1,,
949,1,2023-04-11T15:00:00+00,BOLETO,COBRANCA,RECUSADO,3048.62,1,,
949,2,2023-04-12T15:00:00+00,PIX,COBRANCA,APROVADO,3048.62,1,,
950,1,2023-05-28T15:00:00+00,BOLETO,COBRANCA,RECUSADO,938.18,1,,
950,2,2023-05-29T15:00:00+00,PIX,COBRANCA,APROVADO,938.18,1,,
951,1,2023-06-17T15:00:00+00,BOLETO,COBRANCA,RECUSADO,2317.88,1,,
951,2,2023-06-18T15:00:00+00,PIX,COBRANCA,APROVADO,2317.88,1,,
952,1,2023-07-06T15:00:00+00,BOLETO,COBRANCA,RECUSADO,2347.88,1,,
952,2,2023-07-07T15:00:00+00,PIX,COBRANCA,APROVADO,2347.88,1,,
953,1,2023-08-23T15:00:00+00,BOLETO,COBRANCA,RECUSADO,1488.50,1,,
953,2,2023-08-24T15:00:00+00,PIX,COBRANCA,APROVADO,1488.50,1,,
954,1,2023-09-12T15:00:00+00,BOLETO,COBRANCA,RECUSADO,1883.05,1,,
954,2,2023-09-13T15:00:00+00,PIX,COBRANCA,APROVADO,1883.05,1,,
955,1,2023-10-01T15:00:00+00,BOLETO,COBRANCA,RECUSADO,1127.93,1,,
955,2,2023-10-02T15:00:00+00,PIX,COBRANCA,APROVADO,1127.93,1,,
956,1,2023-11-18T15:00:00+00,BOLETO,COBRANCA,RECUSADO,1157.67,1,,
956,2,2023-11-19T15:00:00+00,PIX,COBRANCA,APROVADO,1157.67,1,,
957,1,2023-11-07T15:00:00+00,BOLETO,COBRANCA,RECUSADO,2186.38,1,,
957,2,2023-11-08T15:00:00+00,PIX,COBRANCA,APROVADO,2186.38,1,,
958,1,2023-12-24T15:00:00+00,BOLETO,COBRANCA,RECUSADO,543.15,1,,
958,2,2023-12-25T15:00:00+00,PIX,COBRANCA,APROVADO,543.15,1,,
959,1,2023-01-13T15:00:00+00,BOLETO,COBRANCA,RECUSADO,1718.80,1,,
959,2,2023-01-14T15:00:00+00,PIX,COBRANCA,APROVADO,1718.80,1,,
960,1,2023-02-02T15:00:00+00,BOLETO,COBRANCA,RECUSADO,1192.02,1,,
960,2,2023-02-03T15:00:00+00,PIX,COBRANCA,APROVADO,1192.02,1,,
961,1,2023-03-19T15:00:00+00,BOLETO,COBRANCA,RECUSADO,610.29,1,,
961,2,2023-03-20T15:00:00+00,PIX,COBRANCA,APROVADO,610.29,1,,
962,1,2023-04-08T15:00:00+00,BOLETO,COBRANCA,RECUSADO,1314.44,1,,
962,2,2023-04-09T15:00:00+00,PIX,COBRANCA,APROVADO,1314.44,1,,
963,1,2023-05-25T15:00:00+00,BOLETO,COBRANCA,RECUSADO,1355.54,1,,
963,2,2023-05-26T15:00:00+00,PIX,COBRANCA,APROVADO,1355.54,1,,
964,1,2023-06-14T15:00:00+00,BOLETO,COBRANCA,RECUSADO,1023.76,1,,
964,2,2023-06-15T15:00:00+00,PIX,COBRANCA,APROVADO,1023.76,1,,
965,1,2023-07-03T15:00:00+00,BOLETO,COBRANCA,RECUSADO,1042.98,1,,
965,2,2023-07-04T15:00:00+00,PIX,COBRANCA,APROVADO,1042.98,1,,
966,1,2023-08-20T15:00:00+00,BOLETO,COBRANCA,RECUSADO,341.71,1,,
966,2,2023-08-21T15:00:00+00,PIX,COBRANCA,APROVADO,341.71,1,,
967,1,2023-09-09T15:00:00+00,BOLETO,COBRANCA,RECUSADO,963.12,1,,
967,2,2023-09-10T15:00:00+00,PIX,COBRANCA,APROVADO,963.12,1,,
968,1,2023-10-26T15:00:00+00,BOLETO,COBRANCA,RECUSADO,945.00,1,,
968,2,2023-10-27T15:00:00+00,PIX,COBRANCA,APROVADO,945.00,1,,
969,1,2023-11-15T15:00:00+00,BOLETO,COBRANCA,RECUSADO,699.38,1,,
969,2,2023-11-16T15:00:00+00,PIX,COBRANCA,APROVADO,699.38,1,,
970,1,2023-11-04T15:00:00+00,BOLETO,COBRANCA,RECUSADO,1413.26,1,,
970,2,2023-11-05T15:00:00+00,PIX,COBRANCA,APROVADO,1413.26,1,,
971,1,2023-12-21T15:00:00+00,BOLETO,COBRANCA,RECUSADO,745.68,1,,
971,2,2023-12-22T15:00:00+00,PIX,COBRANCA,APROVADO,745.68,1,,
972,1,2023-01-10T15:00:00+00,BOLETO,COBRANCA,RECUSADO,1060.64,1,,
972,2,2023-01-11T15:00:00+00,PIX,COBRANCA,APROVADO,1060.64,1,,
973,1,2023-02-27T15:00:00+00,BOLETO,COBRANCA,RECUSADO,1897.82,1,,
973,2,2023-02-28T15:00:00+00,PIX,COBRANCA,APROVADO,1897.82,1,,
974,1,2023-03-16T15:00:00+00,BOLETO,COBRANCA,RECUSADO,609.38,1,,
974,2,2023-03-17T15:00:00+00,PIX,COBRANCA,APROVADO,609.38,1,,
975,1,2023-04-05T15:00:00+00,BOLETO,COBRANCA,RECUSADO,1495.88,1,,
975,2,2023-04-06T15:00:00+00,PIX,COBRANCA,APROVADO,1495.88,1,,
976,1,2023-05-22T15:00:00+00,BOLETO,COBRANCA,RECUSADO,1471.08,1,,
976,2,2023-05-23T15:00:00+00,PIX,COBRANCA,APROVADO,1471.08,1,,
977,1,2023-06-11T15:00:00+00,BOLETO,COBRANCA,RECUSADO,995.30,1,,
977,2,2023-06-12T15:00:00+00,PIX,COBRANCA,APROVADO,995.30,1,,
978,1,2023-07-28T15:00:00+00,BOLETO,COBRANCA,RECUSADO,2005.10,1,,
978,2,2023-07-29T15:00:00+00,PIX,COBRANCA,APROVADO,2005.10,1,,
979,1,2023-08-17T15:00:00+00,BOLETO,COBRANCA,RECUSADO,1107.36,1,,
979,2,2023-08-18T15:00:00+00,PIX,COBRANCA,APROVADO,1107.36,1,,
980,1,2023-09-06T15:00:00+00,BOLETO,COBRANCA,RECUSADO,1455.20,1,,
980,2,2023-09-07T15:00:00+00,PIX,COBRANCA,APROVADO,1455.20,1,,
981,1,2023-10-23T15:00:00+00,BOLETO,COBRANCA,RECUSADO,2588.30,1,,
981,2,2023-10-24T15:00:00+00,PIX,COBRANCA,APROVADO,2588.30,1,,
982,1,2023-11-12T15:00:00+00,BOLETO,COBRANCA,RECUSADO,806.66,1,,
982,2,2023-11-13T15:00:00+00,PIX,COBRANCA,APROVADO,806.66,1,,
983,1,2023-11-01T15:00:00+00,BOLETO,COBRANCA,RECUSADO,1989.08,1,,
983,2,2023-11-02T15:00:00+00,PIX,COBRANCA,APROVADO,1989.08,1,,
984,1,2023-12-18T15:00:00+00,BOLETO,COBRANCA,RECUSADO,1997.16,1,,
984,2,2023-12-19T15:00:00+00,PIX,COBRANCA,APROVADO,1997.16,1,,
985,1,2023-01-07T15:00:00+00,BOLETO,COBRANCA,RECUSADO,1291.22,1,,
985,2,2023-01-08T15:00:00+00,PIX,COBRANCA,APROVADO,1291.22,1,,
986,1,2023-02-24T15:00:00+00,BOLETO,COBRANCA,RECUSADO,2596.94,1,,
986,2,2023-02-25T15:00:00+00,PIX,COBRANCA,APROVADO,2596.94,1,,
987,1,2023-03-13T15:00:00+00,BOLETO,COBRANCA,RECUSADO,1469.04,1,,
987,2,2023-03-14T15:00:00+00,PIX,COBRANCA,APROVADO,1469.04,1,,
988,1,2023-04-02T15:00:00+00,BOLETO,COBRANCA,RECUSADO,1458.20,1,,
988,2,2023-04-03T15:00:00+00,PIX,COBRANCA,APROVADO,1458.20,1,,
989,1,2023-05-19T15:00:00+00,BOLETO,COBRANCA,RECUSADO,2920.63,1,,
989,2,2023-05-20T15:00:00+00,PIX,COBRANCA,APROVADO,2920.63,1,,
990,1,2023-06-08T15:00:00+00,BOLETO,COBRANCA,RECUSADO,871.33,1,,
990,2,2023-06-09T15:00:00+00,PIX,COBRANCA,APROVADO,871.33,1,,
991,1,2023-07-25T15:00:00+00,BOLETO,COBRANCA,RECUSADO,1347.64,1,,
991,2,2023-07-26T15:00:00+00,PIX,COBRANCA,APROVADO,1347.64,1,,
992,1,2023-08-14T15:00:00+00,BOLETO,COBRANCA,RECUSADO,2050.96,1,,
992,2,2023-08-15T15:00:00+00,PIX,COBRANCA,APROVADO,2050.96,1,,
993,1,2023-09-03T15:00:00+00,BOLETO,COBRANCA,RECUSADO,788.08,1,,
993,2,2023-09-04T15:00:00+00,PIX,COBRANCA,APROVADO,788.08,1,,
994,1,2023-10-20T15:00:00+00,BOLETO,COBRANCA,RECUSADO,1926.97,1,,
994,2,2023-10-21T15:00:00+00,PIX,COBRANCA,APROVADO,1926.97,1,,
995,1,2023-11-09T15:00:00+00,BOLETO,COBRANCA,RECUSADO,1227.13,1,,
995,2,2023-11-10T15:00:00+00,PIX,COBRANCA,APROVADO,1227.13,1,,
996,1,2023-11-26T15:00:00+00,BOLETO,COBRANCA,RECUSADO,1268.37,1,,
996,2,2023-11-27T15:00:00+00,PIX,COBRANCA,APROVADO,1268.37,1,,
997,1,2023-12-15T15:00:00+00,BOLETO,COBRANCA,RECUSADO,1367.13,1,,
997,2,2023-12-16T15:00:00+00,PIX,COBRANCA,APROVADO,1367.13,1,,
998,1,2023-01-04T15:00:00+00,BOLETO,COBRANCA,RECUSADO,349.14,1,,
998,2,2023-01-05T15:00:00+00,PIX,COBRANCA,APROVADO,349.14,1,,
999,1,2023-02-21T15:00:00+00,BOLETO,COBRANCA,RECUSADO,1175.21,1,,
999,2,2023-02-22T15:00:00+00,PIX,COBRANCA,APROVADO,1175.21,1,,
1000,1,2023-03-10T15:00:00+00,BOLETO,COBRANCA,RECUSADO,1333.00,1,,
1000,2,2023-03-11T15:00:00+00,PIX,COBRANCA,APROVADO,1333.00,1,,
1001,1,2023-04-27T15:00:00+00,BOLETO,COBRANCA,RECUSADO,808.98,1,,
1001,2,2023-04-28T15:00:00+00,PIX,COBRANCA,APROVADO,808.98,1,,
1002,1,2023-05-16T15:00:00+00,BOLETO,COBRANCA,RECUSADO,1785.90,1,,
1002,2,2023-05-17T15:00:00+00,PIX,COBRANCA,APROVADO,1785.90,1,,
1003,1,2023-06-05T15:00:00+00,BOLETO,COBRANCA,RECUSADO,504.56,1,,
1003,2,2023-06-06T15:00:00+00,PIX,COBRANCA,APROVADO,504.56,1,,
1004,1,2023-07-22T15:00:00+00,BOLETO,COBRANCA,RECUSADO,797.60,1,,
1004,2,2023-07-23T15:00:00+00,PIX,COBRANCA,APROVADO,797.60,1,,
1005,1,2023-08-11T15:00:00+00,BOLETO,COBRANCA,RECUSADO,1437.50,1,,
1005,2,2023-08-12T15:00:00+00,PIX,COBRANCA,APROVADO,1437.50,1,,
1006,1,2023-09-28T15:00:00+00,BOLETO,COBRANCA,RECUSADO,477.86,1,,
1006,2,2023-09-29T15:00:00+00,PIX,COBRANCA,APROVADO,477.86,1,,
1007,1,2023-10-17T15:00:00+00,BOLETO,COBRANCA,RECUSADO,1167.08,1,,
1007,2,2023-10-18T15:00:00+00,PIX,COBRANCA,APROVADO,1167.08,1,,
1008,1,2023-11-06T15:00:00+00,BOLETO,COBRANCA,RECUSADO,1120.36,1,,
1008,2,2023-11-07T15:00:00+00,PIX,COBRANCA,APROVADO,1120.36,1,,
1009,1,2023-11-23T15:00:00+00,BOLETO,COBRANCA,RECUSADO,798.02,1,,
1009,2,2023-11-24T15:00:00+00,PIX,COBRANCA,APROVADO,798.02,1,,
1010,1,2023-12-12T15:00:00+00,BOLETO,COBRANCA,RECUSADO,1610.54,1,,
1010,2,2023-12-13T15:00:00+00,PIX,COBRANCA,APROVADO,1610.54,1,,
1011,1,2023-01-01T15:00:00+00,BOLETO,COBRANCA,RECUSADO,866.24,1,,
1011,2,2023-01-02T15:00:00+00,PIX,COBRANCA,APROVADO,866.24,1,,
1012,1,2023-02-18T15:00:00+00,BOLETO,COBRANCA,RECUSADO,1192.16,1,,
1012,2,2023-02-19T15:00:00+00,PIX,COBRANCA,APROVADO,1192.16,1,,
1013,1,2023-03-07T15:00:00+00,BOLETO,COBRANCA,RECUSADO,2127.98,1,,
1013,2,2023-03-08T15:00:00+00,PIX,COBRANCA,APROVADO,2127.98,1,,
1014,1,2023-04-24T15:00:00+00,BOLETO,COBRANCA,RECUSADO,675.14,1,,
1014,2,2023-04-25T15:00:00+00,PIX,COBRANCA,APROVADO,675.14,1,,
1015,1,2023-05-13T15:00:00+00,BOLETO,COBRANCA,RECUSADO,1660.28,1,,
1015,2,2023-05-14T15:00:00+00,PIX,COBRANCA,APROVADO,1660.28,1,,
1016,1,2023-06-02T15:00:00+00,BOLETO,COBRANCA,RECUSADO,1646.44,1,,
1016,2,2023-06-03T15:00:00+00,PIX,COBRANCA,APROVADO,1646.44,1,,
1017,1,2023-07-19T15:00:00+00,BOLETO,COBRANCA,RECUSADO,1093.94,1,,
1017,2,2023-07-20T15:00:00+00,PIX,COBRANCA,APROVADO,1093.94,1,,
1018,1,2023-08-08T15:00:00+00,BOLETO,COBRANCA,RECUSADO,2202.38,1,,
1018,2,2023-08-09T15:00:00+00,PIX,COBRANCA,APROVADO,2202.38,1,,
1019,1,2023-09-25T15:00:00+00,BOLETO,COBRANCA,RECUSADO,1227.92,1,,
1019,2,2023-09-26T15:00:00+00,PIX,COBRANCA,APROVADO,1227.92,1,,
1020,1,2023-10-14T15:00:00+00,BOLETO,COBRANCA,RECUSADO,1586.72,1,,
1020,2,2023-10-15T15:00:00+00,PIX,COBRANCA,APROVADO,1586.72,1,,
1021,1,2023-11-03T15:00:00+00,BOLETO,COBRANCA,RECUSADO,2433.12,1,,
1021,2,2023-11-04T15:00:00+00,PIX,COBRANCA,APROVADO,2433.12,1,,
1022,1,2023-11-20T15:00:00+00,BOLETO,COBRANCA,RECUSADO,783.22,1,,
1022,2,2023-11-21T15:00:00+00,PIX,COBRANCA,APROVADO,783.22,1,,
1023,1,2023-12-09T15:00:00+00,BOLETO,COBRANCA,RECUSADO,1699.80,1,,
1023,2,2023-12-10T15:00:00+00,PIX,COBRANCA,APROVADO,1699.80,1,,
1024,1,2023-01-26T15:00:00+00,BOLETO,COBRANCA,RECUSADO,1990.37,1,,
1024,2,2023-01-27T15:00:00+00,PIX,COBRANCA,APROVADO,1990.37,1,,
1025,1,2023-02-15T15:00:00+00,BOLETO,COBRANCA,RECUSADO,1195.01,1,,
1025,2,2023-02-16T15:00:00+00,PIX,COBRANCA,APROVADO,1195.01,1,,
1026,1,2023-03-04T15:00:00+00,BOLETO,COBRANCA,RECUSADO,2347.96,1,,
1026,2,2023-03-05T15:00:00+00,PIX,COBRANCA,APROVADO,2347.96,1,,
1027,1,2023-04-21T15:00:00+00,BOLETO,COBRANCA,RECUSADO,1280.50,1,,
1027,2,2023-04-22T15:00:00+00,PIX,COBRANCA,APROVADO,1280.50,1,,
1028,1,2023-05-10T15:00:00+00,BOLETO,COBRANCA,RECUSADO,1562.30,1,,
1028,2,2023-05-11T15:00:00+00,PIX,COBRANCA,APROVADO,1562.30,1,,
1029,1,2023-06-27T15:00:00+00,BOLETO,COBRANCA,RECUSADO,2083.36,1,,
1029,2,2023-06-28T15:00:00+00,PIX,COBRANCA,APROVADO,2083.36,1,,
1030,1,2023-07-16T15:00:00+00,BOLETO,COBRANCA,RECUSADO,490.46,1,,
1030,2,2023-07-17T15:00:00+00,PIX,COBRANCA,APROVADO,490.46,1,,
1031,1,2023-08-05T15:00:00+00,BOLETO,COBRANCA,RECUSADO,1486.29,1,,
1031,2,2023-08-06T15:00:00+00,PIX,COBRANCA,APROVADO,1486.29,1,,
1032,1,2023-09-22T15:00:00+00,BOLETO,COBRANCA,RECUSADO,2201.72,1,,
1032,2,2023-09-23T15:00:00+00,PIX,COBRANCA,APROVADO,2201.72,1,,
1033,1,2023-10-11T15:00:00+00,BOLETO,COBRANCA,RECUSADO,865.86,1,,
1033,2,2023-10-12T15:00:00+00,PIX,COBRANCA,APROVADO,865.86,1,,
1034,1,2023-11-28T15:00:00+00,BOLETO,COBRANCA,RECUSADO,1391.34,1,,
1034,2,2023-11-29T15:00:00+00,PIX,COBRANCA,APROVADO,1391.34,1,,
1035,1,2023-11-17T15:00:00+00,BOLETO,COBRANCA,RECUSADO,1490.96,1,,
1035,2,2023-11-18T15:00:00+00,PIX,COBRANCA,APROVADO,1490.96,1,,
1036,1,2023-12-06T15:00:00+00,BOLETO,COBRANCA,RECUSADO,994.88,1,,
1036,2,2023-12-07T15:00:00+00,PIX,COBRANCA,APROVADO,994.88,1,,
1037,1,2023-01-23T15:00:00+00,BOLETO,COBRANCA,RECUSADO,1897.82,1,,
1037,2,2023-01-24T15:00:00+00,PIX,COBRANCA,APROVADO,1897.82,1,,
1038,1,2023-02-12T15:00:00+00,BOLETO,COBRANCA,RECUSADO,499.78,1,,
1038,2,2023-02-13T15:00:00+00,PIX,COBRANCA,APROVADO,499.78,1,,
1039,1,2023-03-01T15:00:00+00,BOLETO,COBRANCA,RECUSADO,1452.04,1,,
1039,2,2023-03-02T15:00:00+00,PIX,COBRANCA,APROVADO,1452.04,1,,
1040,1,2023-04-18T15:00:00+00,BOLETO,COBRANCA,RECUSADO,769.64,1,,
1040,2,2023-04-19T15:00:00+00,PIX,COBRANCA,APROVADO,769.64,1,,
1041,1,2023-05-07T15:00:00+00,BOLETO,COBRANCA,RECUSADO,600.74,1,,
1041,2,2023-05-08T15:00:00+00,PIX,COBRANCA,APROVADO,600.74,1,,
1042,1,2023-06-24T15:00:00+00,BOLETO,COBRANCA,RECUSADO,1215.98,1,,
1042,2,2023-06-25T15:00:00+00,PIX,COBRANCA,APROVADO,1215.98,1,,
1043,1,2023-07-13T15:00:00+00,BOLETO,COBRANCA,RECUSADO,625.12,1,,
1043,2,2023-07-14T15:00:00+00,PIX,COBRANCA,APROVADO,625.12,1,,
1044,1,2023-08-02T15:00:00+00,BOLETO,COBRANCA,RECUSADO,929.12,1,,
1044,2,2023-08-03T15:00:00+00,PIX,COBRANCA,APROVADO,929.12,1,,
1045,1,2023-09-19T15:00:00+00,BOLETO,COBRANCA,RECUSADO,1667.66,1,,
1045,2,2023-09-20T15:00:00+00,PIX,COBRANCA,APROVADO,1667.66,1,,
1046,1,2023-10-08T15:00:00+00,BOLETO,COBRANCA,RECUSADO,543.62,1,,
1046,2,2023-10-09T15:00:00+00,PIX,COBRANCA,APROVADO,543.62,1,,
1047,1,2023-11-25T15:00:00+00,BOLETO,COBRANCA,RECUSADO,1331.48,1,,
1047,2,2023-11-26T15:00:00+00,PIX,COBRANCA,APROVADO,1331.48,1,,
1048,1,2023-11-14T15:00:00+00,BOLETO,COBRANCA,RECUSADO,1295.72,1,,
1048,2,2023-11-15T15:00:00+00,PIX,COBRANCA,APROVADO,1295.72,1,,
1049,1,2023-12-03T15:00:00+00,BOLETO,COBRANCA,RECUSADO,896.66,1,,
1049,2,2023-12-04T15:00:00+00,PIX,COBRANCA,APROVADO,896.66,1,,
1050,1,2023-01-20T15:00:00+00,BOLETO,COBRANCA,RECUSADO,1807.82,1,,
1050,2,2023-01-21T15:00:00+00,PIX,COBRANCA,APROVADO,1807.82,1,,
1051,1,2023-02-09T15:00:00+00,BOLETO,COBRANCA,RECUSADO,986.80,1,,
1051,2,2023-02-10T15:00:00+00,PIX,COBRANCA,APROVADO,986.80,1,,
1052,1,2023-03-26T15:00:00+00,BOLETO,COBRANCA,RECUSADO,1323.68,1,,
1052,2,2023-03-27T15:00:00+00,PIX,COBRANCA,APROVADO,1323.68,1,,
1053,1,2023-04-15T15:00:00+00,BOLETO,COBRANCA,RECUSADO,2358.14,1,,
1053,2,2023-04-16T15:00:00+00,PIX,COBRANCA,APROVADO,2358.14,1,,
1054,1,2023-05-04T15:00:00+00,BOLETO,COBRANCA,RECUSADO,679.34,1,,
1054,2,2023-05-05T15:00:00+00,PIX,COBRANCA,APROVADO,679.34,1,,
1055,1,2023-06-21T15:00:00+00,BOLETO,COBRANCA,RECUSADO,1559.86,1,,
1055,2,2023-06-22T15:00:00+00,PIX,COBRANCA,APROVADO,1559.86,1,,
1056,1,2023-07-10T15:00:00+00,BOLETO,COBRANCA,RECUSADO,1577.76,1,,
1056,2,2023-07-11T15:00:00+00,PIX,COBRANCA,APROVADO,1577.76,1,,
1057,1,2023-08-27T15:00:00+00,BOLETO,COBRANCA,RECUSADO,1062.77,1,,
1057,2,2023-08-28T15:00:00+00,PIX,COBRANCA,APROVADO,1062.77,1,,
1058,1,2023-09-16T15:00:00+00,BOLETO,COBRANCA,RECUSADO,1895.42,1,,
1058,2,2023-09-17T15:00:00+00,PIX,COBRANCA,APROVADO,1895.42,1,,
1059,1,2023-10-05T15:00:00+00,BOLETO,COBRANCA,RECUSADO,1243.53,1,,
1059,2,2023-10-06T15:00:00+00,PIX,COBRANCA,APROVADO,1243.53,1,,
1060,1,2023-11-22T15:00:00+00,BOLETO,COBRANCA,RECUSADO,1470.75,1,,
1060,2,2023-11-23T15:00:00+00,PIX,COBRANCA,APROVADO,1470.75,1,,
1061,1,2023-11-11T15:00:00+00,BOLETO,COBRANCA,RECUSADO,2562.81,1,,
1061,2,2023-11-12T15:00:00+00,PIX,COBRANCA,APROVADO,2562.81,1,,
1062,1,2023-12-28T15:00:00+00,BOLETO,COBRANCA,RECUSADO,841.84,1,,
1062,2,2023-12-29T15:00:00+00,PIX,COBRANCA,APROVADO,841.84,1,,
1063,1,2023-01-17T15:00:00+00,BOLETO,COBRANCA,RECUSADO,1830.21,1,,
1063,2,2023-01-18T15:00:00+00,PIX,COBRANCA,APROVADO,1830.21,1,,
1064,1,2023-02-06T15:00:00+00,BOLETO,COBRANCA,RECUSADO,2151.59,1,,
1064,2,2023-02-07T15:00:00+00,PIX,COBRANCA,APROVADO,2151.59,1,,
1065,1,2023-03-23T15:00:00+00,BOLETO,COBRANCA,RECUSADO,1278.85,1,,
1065,2,2023-03-24T15:00:00+00,PIX,COBRANCA,APROVADO,1278.85,1,,
1066,1,2023-04-12T15:00:00+00,BOLETO,COBRANCA,RECUSADO,1655.26,1,,
1066,2,2023-04-13T15:00:00+00,PIX,COBRANCA,APROVADO,1655.26,1,,
1067,1,2023-05-01T15:00:00+00,BOLETO,COBRANCA,RECUSADO,1115.92,1,,
1067,2,2023-05-02T15:00:00+00,PIX,COBRANCA,APROVADO,1115.92,1,,
1068,1,2023-06-18T15:00:00+00,BOLETO,COBRANCA,RECUSADO,1345.60,1,,
1068,2,2023-06-19T15:00:00+00,PIX,COBRANCA,APROVADO,1345.60,1,,
1069,1,2023-07-07T15:00:00+00,BOLETO,COBRANCA,RECUSADO,2511.58,1,,
1069,2,2023-07-08T15:00:00+00,PIX,COBRANCA,APROVADO,2511.58,1,,
1070,1,2023-08-24T15:00:00+00,BOLETO,COBRANCA,RECUSADO,675.14,1,,
1070,2,2023-08-25T15:00:00+00,PIX,COBRANCA,APROVADO,675.14,1,,
1071,1,2023-09-13T15:00:00+00,BOLETO,COBRANCA,RECUSADO,1890.44,1,,
1071,2,2023-09-14T15:00:00+00,PIX,COBRANCA,APROVADO,1890.44,1,,
1072,1,2023-10-02T15:00:00+00,BOLETO,COBRANCA,RECUSADO,1493.00,1,,
1072,2,2023-10-03T15:00:00+00,PIX,COBRANCA,APROVADO,1493.00,1,,
1073,1,2023-11-19T15:00:00+00,BOLETO,COBRANCA,RECUSADO,710.34,1,,
1073,2,2023-11-20T15:00:00+00,PIX,COBRANCA,APROVADO,710.34,1,,
1074,1,2023-11-08T15:00:00+00,BOLETO,COBRANCA,RECUSADO,1588.62,1,,
1074,2,2023-11-09T15:00:00+00,PIX,COBRANCA,APROVADO,1588.62,1,,
1075,1,2023-12-25T15:00:00+00,BOLETO,COBRANCA,RECUSADO,1611.52,1,,
1075,2,2023-12-26T15:00:00+00,PIX,COBRANCA,APROVADO,1611.52,1,,
1076,1,2023-01-14T15:00:00+00,BOLETO,COBRANCA,RECUSADO,1126.40,1,,
1076,2,2023-01-15T15:00:00+00,PIX,COBRANCA,APROVADO,1126.40,1,,
1077,1,2023-02-03T15:00:00+00,BOLETO,COBRANCA,RECUSADO,1207.34,1,,
1077,2,2023-02-04T15:00:00+00,PIX,COBRANCA,APROVADO,1207.34,1,,
1078,1,2023-03-20T15:00:00+00,BOLETO,COBRANCA,RECUSADO,412.10,1,,
1078,2,2023-03-21T15:00:00+00,PIX,COBRANCA,APROVADO,412.10,1,,
1079,1,2023-04-09T15:00:00+00,BOLETO,COBRANCA,RECUSADO,1002.68,1,,
1079,2,2023-04-10T15:00:00+00,PIX,COBRANCA,APROVADO,1002.68,1,,
1080,1,2023-05-26T15:00:00+00,BOLETO,COBRANCA,RECUSADO,945.00,1,,
1080,2,2023-05-27T15:00:00+00,PIX,COBRANCA,APROVADO,945.00,1,,
1081,1,2023-06-15T15:00:00+00,BOLETO,COBRANCA,RECUSADO,699.38,1,,
1081,2,2023-06-16T15:00:00+00,PIX,COBRANCA,APROVADO,699.38,1,,
1082,1,2023-07-04T15:00:00+00,BOLETO,COBRANCA,RECUSADO,1413.26,1,,
1082,2,2023-07-05T15:00:00+00,PIX,COBRANCA,APROVADO,1413.26,1,,
1083,1,2023-08-21T15:00:00+00,BOLETO,COBRANCA,RECUSADO,745.68,1,,
1083,2,2023-08-22T15:00:00+00,PIX,COBRANCA,APROVADO,745.68,1,,
1084,1,2023-09-10T15:00:00+00,BOLETO,COBRANCA,RECUSADO,1060.64,1,,
1084,2,2023-09-11T15:00:00+00,PIX,COBRANCA,APROVADO,1060.64,1,,
1085,1,2023-10-27T15:00:00+00,BOLETO,COBRANCA,RECUSADO,1897.82,1,,
1085,2,2023-10-28T15:00:00+00,PIX,COBRANCA,APROVADO,1897.82,1,,
1086,1,2023-11-16T15:00:00+00,BOLETO,COBRANCA,RECUSADO,609.38,1,,
1086,2,2023-11-17T15:00:00+00,PIX,COBRANCA,APROVADO,609.38,1,,
1087,1,2023-11-05T15:00:00+00,BOLETO,COBRANCA,RECUSADO,1495.88,1,,
1087,2,2023-11-06T15:00:00+00,PIX,COBRANCA,APROVADO,1495.88,1,,
1088,1,2023-12-22T15:00:00+00,BOLETO,COBRANCA,RECUSADO,1200.17,1,,
1088,2,2023-12-23T15:00:00+00,PIX,COBRANCA,APROVADO,1200.17,1,,
1089,1,2023-01-11T15:00:00+00,BOLETO,COBRANCA,RECUSADO,879.71,1,,
1089,2,2023-01-12T15:00:00+00,PIX,COBRANCA,APROVADO,879.71,1,,
1090,1,2023-02-28T15:00:00+00,BOLETO,COBRANCA,RECUSADO,1712.26,1,,
1090,2,2023-03-01T15:00:00+00,PIX,COBRANCA,APROVADO,1712.26,1,,
1091,1,2023-03-17T15:00:00+00,BOLETO,COBRANCA,RECUSADO,965.23,1,,
1091,2,2023-03-18T15:00:00+00,PIX,COBRANCA,APROVADO,965.23,1,,
1092,1,2023-04-06T15:00:00+00,BOLETO,COBRANCA,RECUSADO,1292.41,1,,
1092,2,2023-04-07T15:00:00+00,PIX,COBRANCA,APROVADO,1292.41,1,,
1093,1,2023-05-23T15:00:00+00,BOLETO,COBRANCA,RECUSADO,2045.02,1,,
1093,2,2023-05-24T15:00:00+00,PIX,COBRANCA,APROVADO,2045.02,1,,
1094,1,2023-06-12T15:00:00+00,BOLETO,COBRANCA,RECUSADO,710.19,1,,
1094,2,2023-06-13T15:00:00+00,PIX,COBRANCA,APROVADO,710.19,1,,
1095,1,2023-07-01T15:00:00+00,BOLETO,COBRANCA,RECUSADO,1698.46,1,,
1095,2,2023-07-02T15:00:00+00,PIX,COBRANCA,APROVADO,1698.46,1,,
1096,1,2023-08-18T15:00:00+00,BOLETO,COBRANCA,RECUSADO,1730.10,1,,
1096,2,2023-08-19T15:00:00+00,PIX,COBRANCA,APROVADO,1730.10,1,,
1097,1,2023-09-07T15:00:00+00,BOLETO,COBRANCA,RECUSADO,1149.88,1,,
1097,2,2023-09-08T15:00:00+00,PIX,COBRANCA,APROVADO,1149.88,1,,
1098,1,2023-10-24T15:00:00+00,BOLETO,COBRANCA,RECUSADO,2052.13,1,,
1098,2,2023-10-25T15:00:00+00,PIX,COBRANCA,APROVADO,2052.13,1,,
1099,1,2023-11-13T15:00:00+00,BOLETO,COBRANCA,RECUSADO,1355.40,1,,
1099,2,2023-11-14T15:00:00+00,PIX,COBRANCA,APROVADO,1355.40,1,,
1100,1,2023-11-02T15:00:00+00,BOLETO,COBRANCA,RECUSADO,1625.06,1,,
1100,2,2023-11-03T15:00:00+00,PIX,COBRANCA,APROVADO,1625.06,1,,
1101,1,2023-12-19T15:00:00+00,BOLETO,COBRANCA,RECUSADO,3278.78,1,,
1101,2,2023-12-20T15:00:00+00,PIX,COBRANCA,APROVADO,3278.78,1,,
1102,1,2023-01-08T15:00:00+00,BOLETO,COBRANCA,RECUSADO,1003.94,1,,
1102,2,2023-01-09T15:00:00+00,PIX,COBRANCA,APROVADO,1003.94,1,,
1103,1,2023-02-25T15:00:00+00,BOLETO,COBRANCA,RECUSADO,1561.64,1,,
1103,2,2023-02-26T15:00:00+00,PIX,COBRANCA,APROVADO,1561.64,1,,
1104,1,2023-03-14T15:00:00+00,BOLETO,COBRANCA,RECUSADO,2369.80,1,,
1104,2,2023-03-15T15:00:00+00,PIX,COBRANCA,APROVADO,2369.80,1,,
1105,1,2023-04-03T15:00:00+00,BOLETO,COBRANCA,RECUSADO,973.38,1,,
1105,2,2023-04-04T15:00:00+00,PIX,COBRANCA,APROVADO,973.38,1,,
1106,1,2023-05-20T15:00:00+00,BOLETO,COBRANCA,RECUSADO,2114.70,1,,
1106,2,2023-05-21T15:00:00+00,PIX,COBRANCA,APROVADO,2114.70,1,,
1107,1,2023-06-09T15:00:00+00,BOLETO,COBRANCA,RECUSADO,1523.84,1,,
1107,2,2023-06-10T15:00:00+00,PIX,COBRANCA,APROVADO,1523.84,1,,
1108,1,2023-07-26T15:00:00+00,BOLETO,COBRANCA,RECUSADO,1477.12,1,,
1108,2,2023-07-27T15:00:00+00,PIX,COBRANCA,APROVADO,1477.12,1,,
1109,1,2023-08-15T15:00:00+00,BOLETO,COBRANCA,RECUSADO,1667.66,1,,
1109,2,2023-08-16T15:00:00+00,PIX,COBRANCA,APROVADO,1667.66,1,,
1110,1,2023-09-04T15:00:00+00,BOLETO,COBRANCA,RECUSADO,434.02,1,,
1110,2,2023-09-05T15:00:00+00,PIX,COBRANCA,APROVADO,434.02,1,,
1111,1,2023-10-21T15:00:00+00,BOLETO,COBRANCA,RECUSADO,1287.64,1,,
1111,2,2023-10-22T15:00:00+00,PIX,COBRANCA,APROVADO,1287.64,1,,
1112,1,2023-11-10T15:00:00+00,BOLETO,COBRANCA,RECUSADO,1668.36,1,,
1112,2,2023-11-11T15:00:00+00,PIX,COBRANCA,APROVADO,1668.36,1,,
1113,1,2023-11-27T15:00:00+00,BOLETO,COBRANCA,RECUSADO,808.98,1,,
1113,2,2023-11-28T15:00:00+00,PIX,COBRANCA,APROVADO,808.98,1,,
1114,1,2023-12-16T15:00:00+00,BOLETO,COBRANCA,RECUSADO,1785.90,1,,
1114,2,2023-12-17T15:00:00+00,PIX,COBRANCA,APROVADO,1785.90,1,,
1115,1,2023-01-05T15:00:00+00,BOLETO,COBRANCA,RECUSADO,504.56,1,,
1115,2,2023-01-06T15:00:00+00,PIX,COBRANCA,APROVADO,504.56,1,,
1116,1,2023-02-22T15:00:00+00,BOLETO,COBRANCA,RECUSADO,797.60,1,,
1116,2,2023-02-23T15:00:00+00,PIX,COBRANCA,APROVADO,797.60,1,,
1117,1,2023-03-11T15:00:00+00,BOLETO,COBRANCA,RECUSADO,1437.50,1,,
1117,2,2023-03-12T15:00:00+00,PIX,COBRANCA,APROVADO,1437.50,1,,
1118,1,2023-04-28T15:00:00+00,BOLETO,COBRANCA,RECUSADO,477.86,1,,
1118,2,2023-04-29T15:00:00+00,PIX,COBRANCA,APROVADO,477.86,1,,
1119,1,2023-05-17T15:00:00+00,BOLETO,COBRANCA,RECUSADO,1167.08,1,,
1119,2,2023-05-18T15:00:00+00,PIX,COBRANCA,APROVADO,1167.08,1,,
1120,1,2023-06-06T15:00:00+00,BOLETO,COBRANCA,RECUSADO,1120.36,1,,
1120,2,2023-06-07T15:00:00+00,PIX,COBRANCA,APROVADO,1120.36,1,,
1121,1,2023-07-23T15:00:00+00,BOLETO,COBRANCA,RECUSADO,676.84,1,,
1121,2,2023-07-24T15:00:00+00,PIX,COBRANCA,APROVADO,676.84,1,,
1122,1,2023-08-12T15:00:00+00,BOLETO,COBRANCA,RECUSADO,1429.56,1,,
1122,2,2023-08-13T15:00:00+00,PIX,COBRANCA,APROVADO,1429.56,1,,
1123,1,2023-09-01T15:00:00+00,BOLETO,COBRANCA,RECUSADO,711.09,1,,
1123,2,2023-09-02T15:00:00+00,PIX,COBRANCA,APROVADO,711.09,1,,
1124,1,2023-10-18T15:00:00+00,BOLETO,COBRANCA,RECUSADO,1055.54,1,,
1124,2,2023-10-19T15:00:00+00,PIX,COBRANCA,APROVADO,1055.54,1,,
1125,1,2023-11-07T15:00:00+00,BOLETO,COBRANCA,RECUSADO,1816.76,1,,
1125,2,2023-11-08T15:00:00+00,PIX,COBRANCA,APROVADO,1816.76,1,,
1126,1,2023-11-24T15:00:00+00,BOLETO,COBRANCA,RECUSADO,560.89,1,,
1126,2,2023-11-25T15:00:00+00,PIX,COBRANCA,APROVADO,560.89,1,,
1127,1,2023-12-13T15:00:00+00,BOLETO,COBRANCA,RECUSADO,1472.23,1,,
1127,2,2023-12-14T15:00:00+00,PIX,COBRANCA,APROVADO,1472.23,1,,
1128,1,2023-01-02T15:00:00+00,BOLETO,COBRANCA,RECUSADO,1343.72,1,,
1128,2,2023-01-03T15:00:00+00,PIX,COBRANCA,APROVADO,1343.72,1,,
1129,1,2023-02-19T15:00:00+00,BOLETO,COBRANCA,RECUSADO,967.39,1,,
1129,2,2023-02-20T15:00:00+00,PIX,COBRANCA,APROVADO,967.39,1,,
1130,1,2023-03-08T15:00:00+00,BOLETO,COBRANCA,RECUSADO,1878.30,1,,
1130,2,2023-03-09T15:00:00+00,PIX,COBRANCA,APROVADO,1878.30,1,,
1131,1,2023-04-25T15:00:00+00,BOLETO,COBRANCA,RECUSADO,1071.03,1,,
1131,2,2023-04-26T15:00:00+00,PIX,COBRANCA,APROVADO,1071.03,1,,
1132,1,2023-05-14T15:00:00+00,BOLETO,COBRANCA,RECUSADO,1408.06,1,,
1132,2,2023-05-15T15:00:00+00,PIX,COBRANCA,APROVADO,1408.06,1,,
1133,1,2023-06-03T15:00:00+00,BOLETO,COBRANCA,RECUSADO,2228.03,1,,
1133,2,2023-06-04T15:00:00+00,PIX,COBRANCA,APROVADO,2228.03,1,,
1134,1,2023-07-20T15:00:00+00,BOLETO,COBRANCA,RECUSADO,872.42,1,,
1134,2,2023-07-21T15:00:00+00,PIX,COBRANCA,APROVADO,872.42,1,,
1135,1,2023-08-09T15:00:00+00,BOLETO,COBRANCA,RECUSADO,2153.48,1,,
1135,2,2023-08-10T15:00:00+00,PIX,COBRANCA,APROVADO,2153.48,1,,
1136,1,2023-09-26T15:00:00+00,BOLETO,COBRANCA,RECUSADO,2172.52,1,,
1136,2,2023-09-27T15:00:00+00,PIX,COBRANCA,APROVADO,2172.52,1,,
1137,1,2023-10-15T15:00:00+00,BOLETO,COBRANCA,RECUSADO,1389.86,1,,
1137,2,2023-10-16T15:00:00+00,PIX,COBRANCA,APROVADO,1389.86,1,,
1138,1,2023-11-04T15:00:00+00,BOLETO,COBRANCA,RECUSADO,2794.22,1,,
1138,2,2023-11-05T15:00:00+00,PIX,COBRANCA,APROVADO,2794.22,1,,
1139,1,2023-11-21T15:00:00+00,BOLETO,COBRANCA,RECUSADO,1589.60,1,,
1139,2,2023-11-22T15:00:00+00,PIX,COBRANCA,APROVADO,1589.60,1,,
1140,1,2023-12-10T15:00:00+00,BOLETO,COBRANCA,RECUSADO,1981.28,1,,
1140,2,2023-12-11T15:00:00+00,PIX,COBRANCA,APROVADO,1981.28,1,,
1141,1,2023-01-27T15:00:00+00,BOLETO,COBRANCA,RECUSADO,2281.42,1,,
1141,2,2023-01-28T15:00:00+00,PIX,COBRANCA,APROVADO,2281.42,1,,
1142,1,2023-02-16T15:00:00+00,BOLETO,COBRANCA,RECUSADO,609.38,1,,
1142,2,2023-02-17T15:00:00+00,PIX,COBRANCA,APROVADO,609.38,1,,
1143,1,2023-03-05T15:00:00+00,BOLETO,COBRANCA,RECUSADO,1726.04,1,,
1143,2,2023-03-06T15:00:00+00,PIX,COBRANCA,APROVADO,1726.04,1,,
1144,1,2023-04-22T15:00:00+00,BOLETO,COBRANCA,RECUSADO,2545.16,1,,
1144,2,2023-04-23T15:00:00+00,PIX,COBRANCA,APROVADO,2545.16,1,,
1145,1,2023-05-11T15:00:00+00,BOLETO,COBRANCA,RECUSADO,1072.02,1,,
1145,2,2023-05-12T15:00:00+00,PIX,COBRANCA,APROVADO,1072.02,1,,
1146,1,2023-06-28T15:00:00+00,BOLETO,COBRANCA,RECUSADO,1391.34,1,,
1146,2,2023-06-29T15:00:00+00,PIX,COBRANCA,APROVADO,1391.34,1,,
1147,1,2023-07-17T15:00:00+00,BOLETO,COBRANCA,RECUSADO,1490.96,1,,
1147,2,2023-07-18T15:00:00+00,PIX,COBRANCA,APROVADO,1490.96,1,,
1148,1,2023-08-06T15:00:00+00,BOLETO,COBRANCA,RECUSADO,994.88,1,,
1148,2,2023-08-07T15:00:00+00,PIX,COBRANCA,APROVADO,994.88,1,,
1149,1,2023-09-23T15:00:00+00,BOLETO,COBRANCA,RECUSADO,1897.82,1,,
1149,2,2023-09-24T15:00:00+00,PIX,COBRANCA,APROVADO,1897.82,1,,
1150,1,2023-10-12T15:00:00+00,BOLETO,COBRANCA,RECUSADO,499.78,1,,
1150,2,2023-10-13T15:00:00+00,PIX,COBRANCA,APROVADO,499.78,1,,
1151,1,2023-11-01T15:00:00+00,BOLETO,COBRANCA,RECUSADO,1452.04,1,,
1151,2,2023-11-02T15:00:00+00,PIX,COBRANCA,APROVADO,1452.04,1,,
1152,1,2023-11-18T15:00:00+00,BOLETO,COBRANCA,RECUSADO,769.64,1,,
1152,2,2023-11-19T15:00:00+00,PIX,COBRANCA,APROVADO,769.64,1,,
1153,1,2023-12-07T15:00:00+00,BOLETO,COBRANCA,RECUSADO,600.74,1,,
1153,2,2023-12-08T15:00:00+00,PIX,COBRANCA,APROVADO,600.74,1,,
1154,1,2023-01-24T15:00:00+00,BOLETO,COBRANCA,RECUSADO,1124.07,1,,
1154,2,2023-01-25T15:00:00+00,PIX,COBRANCA,APROVADO,1124.07,1,,
1155,1,2023-02-13T15:00:00+00,BOLETO,COBRANCA,RECUSADO,526.79,1,,
1155,2,2023-02-14T15:00:00+00,PIX,COBRANCA,APROVADO,526.79,1,,
1156,1,2023-03-02T15:00:00+00,BOLETO,COBRANCA,RECUSADO,775.16,1,,
1156,2,2023-03-03T15:00:00+00,PIX,COBRANCA,APROVADO,775.16,1,,
1157,1,2023-04-19T15:00:00+00,BOLETO,COBRANCA,RECUSADO,1481.16,1,,
1157,2,2023-04-20T15:00:00+00,PIX,COBRANCA,APROVADO,1481.16,1,,
1158,1,2023-05-08T15:00:00+00,BOLETO,COBRANCA,RECUSADO,424.78,1,,
1158,2,2023-05-09T15:00:00+00,PIX,COBRANCA,APROVADO,424.78,1,,
1159,1,2023-06-25T15:00:00+00,BOLETO,COBRANCA,RECUSADO,1179.54,1,,
1159,2,2023-06-26T15:00:00+00,PIX,COBRANCA,APROVADO,1179.54,1,,
1160,1,2023-07-14T15:00:00+00,BOLETO,COBRANCA,RECUSADO,1020.51,1,,
1160,2,2023-07-15T15:00:00+00,PIX,COBRANCA,APROVADO,1020.51,1,,
1161,1,2023-08-03T15:00:00+00,BOLETO,COBRANCA,RECUSADO,747.83,1,,
1161,2,2023-08-04T15:00:00+00,PIX,COBRANCA,APROVADO,747.83,1,,
1162,1,2023-09-20T15:00:00+00,BOLETO,COBRANCA,RECUSADO,1602.14,1,,
1162,2,2023-09-21T15:00:00+00,PIX,COBRANCA,APROVADO,1602.14,1,,
1163,1,2023-10-09T15:00:00+00,BOLETO,COBRANCA,RECUSADO,810.78,1,,
1163,2,2023-10-10T15:00:00+00,PIX,COBRANCA,APROVADO,810.78,1,,
1164,1,2023-11-26T15:00:00+00,BOLETO,COBRANCA,RECUSADO,1172.81,1,,
1164,2,2023-11-27T15:00:00+00,PIX,COBRANCA,APROVADO,1172.81,1,,
1165,1,2023-11-15T15:00:00+00,BOLETO,COBRANCA,RECUSADO,2010.20,1,,
1165,2,2023-11-16T15:00:00+00,PIX,COBRANCA,APROVADO,2010.20,1,,
1166,1,2023-12-04T15:00:00+00,BOLETO,COBRANCA,RECUSADO,615.71,1,,
1166,2,2023-12-05T15:00:00+00,PIX,COBRANCA,APROVADO,615.71,1,,
1167,1,2023-01-21T15:00:00+00,BOLETO,COBRANCA,RECUSADO,1730.32,1,,
1167,2,2023-01-22T15:00:00+00,PIX,COBRANCA,APROVADO,1730.32,1,,
1168,1,2023-02-10T15:00:00+00,BOLETO,COBRANCA,RECUSADO,1821.80,1,,
1168,2,2023-02-11T15:00:00+00,PIX,COBRANCA,APROVADO,1821.80,1,,
1169,1,2023-03-27T15:00:00+00,BOLETO,COBRANCA,RECUSADO,1192.58,1,,
1169,2,2023-03-28T15:00:00+00,PIX,COBRANCA,APROVADO,1192.58,1,,
1170,1,2023-04-16T15:00:00+00,BOLETO,COBRANCA,RECUSADO,2399.66,1,,
1170,2,2023-04-17T15:00:00+00,PIX,COBRANCA,APROVADO,2399.66,1,,
1171,1,2023-05-05T15:00:00+00,BOLETO,COBRANCA,RECUSADO,1348.48,1,,
1171,2,2023-05-06T15:00:00+00,PIX,COBRANCA,APROVADO,1348.48,1,,
1172,1,2023-06-22T15:00:00+00,BOLETO,COBRANCA,RECUSADO,1718.24,1,,
1172,2,2023-06-23T15:00:00+00,PIX,COBRANCA,APROVADO,1718.24,1,,
1173,1,2023-07-11T15:00:00+00,BOLETO,COBRANCA,RECUSADO,3048.62,1,,
1173,2,2023-07-12T15:00:00+00,PIX,COBRANCA,APROVADO,3048.62,1,,
1174,1,2023-08-28T15:00:00+00,BOLETO,COBRANCA,RECUSADO,938.18,1,,
1174,2,2023-08-29T15:00:00+00,PIX,COBRANCA,APROVADO,938.18,1,,
1175,1,2023-09-17T15:00:00+00,BOLETO,COBRANCA,RECUSADO,2317.88,1,,
1175,2,2023-09-18T15:00:00+00,PIX,COBRANCA,APROVADO,2317.88,1,,
1176,1,2023-10-06T15:00:00+00,BOLETO,COBRANCA,RECUSADO,2347.88,1,,
1176,2,2023-10-07T15:00:00+00,PIX,COBRANCA,APROVADO,2347.88,1,,
1177,1,2023-11-23T15:00:00+00,BOLETO,COBRANCA,RECUSADO,1488.50,1,,
1177,2,2023-11-24T15:00:00+00,PIX,COBRANCA,APROVADO,1488.50,1,,
1178,1,2023-11-12T15:00:00+00,BOLETO,COBRANCA,RECUSADO,1917.42,1,,
1178,2,2023-11-13T15:00:00+00,PIX,COBRANCA,APROVADO,1917.42,1,,
1179,1,2023-12-01T15:00:00+00,BOLETO,COBRANCA,RECUSADO,1403.28,1,,
1179,2,2023-12-02T15:00:00+00,PIX,COBRANCA,APROVADO,1403.28,1,,
1180,1,2023-01-18T15:00:00+00,BOLETO,COBRANCA,RECUSADO,1345.60,1,,
1180,2,2023-01-19T15:00:00+00,PIX,COBRANCA,APROVADO,1345.60,1,,
1181,1,2023-02-07T15:00:00+00,BOLETO,COBRANCA,RECUSADO,2511.58,1,,
1181,2,2023-02-08T15:00:00+00,PIX,COBRANCA,APROVADO,2511.58,1,,
1182,1,2023-03-24T15:00:00+00,BOLETO,COBRANCA,RECUSADO,675.14,1,,
1182,2,2023-03-25T15:00:00+00,PIX,COBRANCA,APROVADO,675.14,1,,
1183,1,2023-04-13T15:00:00+00,BOLETO,COBRANCA,RECUSADO,1890.44,1,,
1183,2,2023-04-14T15:00:00+00,PIX,COBRANCA,APROVADO,1890.44,1,,
1184,1,2023-05-02T15:00:00+00,BOLETO,COBRANCA,RECUSADO,1493.00,1,,
1184,2,2023-05-03T15:00:00+00,PIX,COBRANCA,APROVADO,1493.00,1,,
1185,1,2023-06-19T15:00:00+00,BOLETO,COBRANCA,RECUSADO,710.34,1,,
1185,2,2023-06-20T15:00:00+00,PIX,COBRANCA,APROVADO,710.34,1,,
1186,1,2023-07-08T15:00:00+00,BOLETO,COBRANCA,RECUSADO,1588.62,1,,
1186,2,2023-07-09T15:00:00+00,PIX,COBRANCA,APROVADO,1588.62,1,,
1187,1,2023-08-25T15:00:00+00,BOLETO,COBRANCA,RECUSADO,1611.52,1,,
1187,2,2023-08-26T15:00:00+00,PIX,COBRANCA,APROVADO,1611.52,1,,
1188,1,2023-09-14T15:00:00+00,BOLETO,COBRANCA,RECUSADO,912.36,1,,
1188,2,2023-09-15T15:00:00+00,PIX,COBRANCA,APROVADO,912.36,1,,
1189,1,2023-10-03T15:00:00+00,BOLETO,COBRANCA,RECUSADO,1066.24,1,,
1189,2,2023-10-04T15:00:00+00,PIX,COBRANCA,APROVADO,1066.24,1,,
1190,1,2023-11-20T15:00:00+00,BOLETO,COBRANCA,RECUSADO,363.33,1,,
1190,2,2023-11-21T15:00:00+00,PIX,COBRANCA,APROVADO,363.33,1,,
1191,1,2023-11-09T15:00:00+00,BOLETO,COBRANCA,RECUSADO,836.35,1,,
1191,2,2023-11-10T15:00:00+00,PIX,COBRANCA,APROVADO,836.35,1,,
1192,1,2023-12-26T15:00:00+00,BOLETO,COBRANCA,RECUSADO,832.82,1,,
1192,2,2023-12-27T15:00:00+00,PIX,COBRANCA,APROVADO,832.82,1,,
1193,1,2023-01-15T15:00:00+00,BOLETO,COBRANCA,RECUSADO,548.02,1,,
1193,2,2023-01-16T15:00:00+00,PIX,COBRANCA,APROVADO,548.02,1,,
1194,1,2023-02-04T15:00:00+00,BOLETO,COBRANCA,RECUSADO,1251.80,1,,
1194,2,2023-02-05T15:00:00+00,PIX,COBRANCA,APROVADO,1251.80,1,,
1195,1,2023-03-21T15:00:00+00,BOLETO,COBRANCA,RECUSADO,625.99,1,,
1195,2,2023-03-22T15:00:00+00,PIX,COBRANCA,APROVADO,625.99,1,,
1196,1,2023-04-10T15:00:00+00,BOLETO,COBRANCA,RECUSADO,885.87,1,,
1196,2,2023-04-11T15:00:00+00,PIX,COBRANCA,APROVADO,885.87,1,,
1197,1,2023-05-27T15:00:00+00,BOLETO,COBRANCA,RECUSADO,1682.23,1,,
1197,2,2023-05-28T15:00:00+00,PIX,COBRANCA,APROVADO,1682.23,1,,
1198,1,2023-06-16T15:00:00+00,BOLETO,COBRANCA,RECUSADO,476.28,1,,
1198,2,2023-06-17T15:00:00+00,PIX,COBRANCA,APROVADO,476.28,1,,
1199,1,2023-07-05T15:00:00+00,BOLETO,COBRANCA,RECUSADO,1326.45,1,,
1199,2,2023-07-06T15:00:00+00,PIX,COBRANCA,APROVADO,1326.45,1,,
1200,1,2023-08-22T15:00:00+00,BOLETO,COBRANCA,RECUSADO,1164.23,1,,
1200,2,2023-08-23T15:00:00+00,PIX,COBRANCA,APROVADO,1164.23,1,,
1201,1,2023-09-12T15:00:00+00,PIX,COBRANCA,APROVADO,995.30,1,,
1202,1,2023-10-29T15:00:00+00,PIX,COBRANCA,APROVADO,2005.10,1,,
1203,1,2023-11-18T15:00:00+00,PIX,COBRANCA,APROVADO,1107.36,1,,
1204,1,2023-11-07T15:00:00+00,PIX,COBRANCA,APROVADO,1455.20,1,,
1205,1,2023-12-24T15:00:00+00,PIX,COBRANCA,APROVADO,2588.30,1,,
1206,1,2023-01-13T15:00:00+00,PIX,COBRANCA,APROVADO,806.66,1,,
1207,1,2023-02-02T15:00:00+00,PIX,COBRANCA,APROVADO,1989.08,1,,
1208,1,2023-03-19T15:00:00+00,PIX,COBRANCA,APROVADO,1997.16,1,,
1209,1,2023-04-08T15:00:00+00,PIX,COBRANCA,APROVADO,1291.22,1,,
1210,1,2023-05-25T15:00:00+00,PIX,COBRANCA,APROVADO,2596.94,1,,
1211,1,2023-06-14T15:00:00+00,PIX,COBRANCA,APROVADO,1469.04,1,,
1212,1,2023-07-03T15:00:00+00,PIX,COBRANCA,APROVADO,1849.76,1,,
1213,1,2023-08-20T15:00:00+00,PIX,COBRANCA,APROVADO,3278.78,1,,
1214,1,2023-09-09T15:00:00+00,PIX,COBRANCA,APROVADO,1003.94,1,,
1215,1,2023-10-26T15:00:00+00,PIX,COBRANCA,APROVADO,1561.64,1,,
1216,1,2023-11-15T15:00:00+00,PIX,COBRANCA,APROVADO,2369.80,1,,
1217,1,2023-11-04T15:00:00+00,PIX,COBRANCA,APROVADO,973.38,1,,
1218,1,2023-12-21T15:00:00+00,PIX,COBRANCA,APROVADO,2114.70,1,,
1219,1,2023-01-10T15:00:00+00,PIX,COBRANCA,APROVADO,1523.84,1,,
1220,1,2023-02-27T15:00:00+00,PIX,COBRANCA,APROVADO,1477.12,1,,
1221,1,2023-03-16T15:00:00+00,PIX,COBRANCA,APROVADO,1543.69,1,,
1222,1,2023-04-05T15:00:00+00,PIX,COBRANCA,APROVADO,370.56,1,,
1223,1,2023-05-22T15:00:00+00,PIX,COBRANCA,APROVADO,1047.69,1,,
1224,1,2023-06-11T15:00:00+00,PIX,COBRANCA,APROVADO,1560.79,1,,
1225,1,2023-07-28T15:00:00+00,PIX,COBRANCA,APROVADO,685.91,1,,
1226,1,2023-08-17T15:00:00+00,PIX,COBRANCA,APROVADO,1539.09,1,,
1227,1,2023-09-06T15:00:00+00,PIX,COBRANCA,APROVADO,417.41,1,,
1228,1,2023-10-23T15:00:00+00,PIX,COBRANCA,APROVADO,625.21,1,,
1229,1,2023-11-12T15:00:00+00,PIX,COBRANCA,APROVADO,1272.28,1,,
1230,1,2023-11-29T15:00:00+00,PIX,COBRANCA,APROVADO,419.77,1,,
1231,1,2023-12-18T15:00:00+00,PIX,COBRANCA,APROVADO,975.01,1,,
1232,1,2023-01-07T15:00:00+00,PIX,COBRANCA,APROVADO,983.50,1,,
1233,1,2023-02-24T15:00:00+00,PIX,COBRANCA,APROVADO,625.85,1,,
1234,1,2023-03-13T15:00:00+00,PIX,COBRANCA,APROVADO,1610.54,1,,
1235,1,2023-04-02T15:00:00+00,PIX,COBRANCA,APROVADO,866.24,1,,
1236,1,2023-05-19T15:00:00+00,PIX,COBRANCA,APROVADO,1192.16,1,,
1237,1,2023-06-08T15:00:00+00,PIX,COBRANCA,APROVADO,2127.98,1,,
1238,1,2023-07-25T15:00:00+00,PIX,COBRANCA,APROVADO,675.14,1,,
1239,1,2023-08-14T15:00:00+00,PIX,COBRANCA,APROVADO,1660.28,1,,
1240,1,2023-09-03T15:00:00+00,PIX,COBRANCA,APROVADO,1646.44,1,,
1241,1,2023-10-20T15:00:00+00,PIX,COBRANCA,APROVADO,1093.94,1,,
1242,1,2023-11-09T15:00:00+00,PIX,COBRANCA,APROVADO,2202.38,1,,
1243,1,2023-11-26T15:00:00+00,PIX,COBRANCA,APROVADO,1227.92,1,,
1244,1,2023-12-15T15:00:00+00,PIX,COBRANCA,APROVADO,1586.72,1,,
1245,1,2023-01-04T15:00:00+00,PIX,COBRANCA,APROVADO,2818.46,1,,
1246,1,2023-02-21T15:00:00+00,PIX,COBRANCA,APROVADO,872.42,1,,
1247,1,2023-03-10T15:00:00+00,PIX,COBRANCA,APROVADO,2153.48,1,,
1248,1,2023-04-27T15:00:00+00,PIX,COBRANCA,APROVADO,2172.52,1,,
1249,1,2023-05-16T15:00:00+00,PIX,COBRANCA,APROVADO,1389.86,1,,
1250,1,2023-06-05T15:00:00+00,PIX,COBRANCA,APROVADO,2794.22,1,,
1251,1,2023-07-22T15:00:00+00,PIX,COBRANCA,APROVADO,1589.60,1,,
1252,1,2023-08-11T15:00:00+00,PIX,COBRANCA,APROVADO,1981.28,1,,
1253,1,2023-09-28T15:00:00+00,PIX,COBRANCA,APROVADO,2281.42,1,,
1254,1,2023-10-17T15:00:00+00,PIX,COBRANCA,APROVADO,592.19,1,,
1255,1,2023-11-06T15:00:00+00,PIX,COBRANCA,APROVADO,1378.46,1,,
1256,1,2023-11-23T15:00:00+00,PIX,COBRANCA,APROVADO,2216.73,1,,
1257,1,2023-12-12T15:00:00+00,PIX,COBRANCA,APROVADO,946.03,1,,
1258,1,2023-01-29T15:00:00+00,PIX,COBRANCA,APROVADO,1137.00,1,,
1259,1,2023-02-18T15:00:00+00,PIX,COBRANCA,APROVADO,1403.56,1,,
1260,1,2023-03-07T15:00:00+00,PIX,COBRANCA,APROVADO,837.80,1,,
1261,1,2023-04-24T15:00:00+00,PIX,COBRANCA,APROVADO,1640.57,1,,
1262,1,2023-05-13T15:00:00+00,PIX,COBRANCA,APROVADO,429.18,1,,
1263,1,2023-06-02T15:00:00+00,PIX,COBRANCA,APROVADO,1178.10,1,,
1264,1,2023-07-19T15:00:00+00,PIX,COBRANCA,APROVADO,701.54,1,,
1265,1,2023-08-08T15:00:00+00,PIX,COBRANCA,APROVADO,524.23,1,,
1266,1,2023-09-25T15:00:00+00,PIX,COBRANCA,APROVADO,1015.25,1,,
1267,1,2023-10-14T15:00:00+00,PIX,COBRANCA,APROVADO,535.04,1,,
1268,1,2023-11-03T15:00:00+00,PIX,COBRANCA,APROVADO,929.12,1,,
1269,1,2023-11-20T15:00:00+00,PIX,COBRANCA,APROVADO,1667.66,1,,
1270,1,2023-12-09T15:00:00+00,PIX,COBRANCA,APROVADO,543.62,1,,
1271,1,2023-01-26T15:00:00+00,PIX,COBRANCA,APROVADO,1331.48,1,,
1272,1,2023-02-15T15:00:00+00,PIX,COBRANCA,APROVADO,1295.72,1,,
1273,1,2023-03-04T15:00:00+00,PIX,COBRANCA,APROVADO,896.66,1,,
1274,1,2023-04-21T15:00:00+00,PIX,COBRANCA,APROVADO,1807.82,1,,
1275,1,2023-05-10T15:00:00+00,PIX,COBRANCA,APROVADO,986.80,1,,
1276,1,2023-06-27T15:00:00+00,PIX,COBRANCA,APROVADO,1323.68,1,,
1277,1,2023-07-16T15:00:00+00,PIX,COBRANCA,APROVADO,2358.14,1,,
1278,1,2023-08-05T15:00:00+00,PIX,COBRANCA,APROVADO,740.90,1,,
1279,1,2023-09-22T15:00:00+00,PIX,COBRANCA,APROVADO,1824.68,1,,
1280,1,2023-10-11T15:00:00+00,PIX,COBRANCA,APROVADO,1821.80,1,,
1281,1,2023-11-28T15:00:00+00,PIX,COBRANCA,APROVADO,1192.58,1,,
1282,1,2023-11-17T15:00:00+00,PIX,COBRANCA,APROVADO,2399.66,1,,
1283,1,2023-12-06T15:00:00+00,PIX,COBRANCA,APROVADO,1348.48,1,,
1284,1,2023-01-23T15:00:00+00,PIX,COBRANCA,APROVADO,1718.24,1,,
1285,1,2023-02-12T15:00:00+00,PIX,COBRANCA,APROVADO,3048.62,1,,
1286,1,2023-03-29T15:00:00+00,PIX,COBRANCA,APROVADO,938.18,1,,
1287,1,2023-04-18T15:00:00+00,PIX,COBRANCA,APROVADO,2317.88,1,,
1288,1,2023-05-07T15:00:00+00,PIX,COBRANCA,APROVADO,1918.05,1,,
1289,1,2023-06-24T15:00:00+00,PIX,COBRANCA,APROVADO,1318.11,1,,
1290,1,2023-07-13T15:00:00+00,PIX,COBRANCA,APROVADO,1522.09,1,,
1291,1,2023-08-02T15:00:00+00,PIX,COBRANCA,APROVADO,1248.53,1,,
1292,1,2023-09-19T15:00:00+00,PIX,COBRANCA,APROVADO,1180.10,1,,
1293,1,2023-10-08T15:00:00+00,PIX,COBRANCA,APROVADO,2039.54,1,,
1294,1,2023-11-25T15:00:00+00,PIX,COBRANCA,APROVADO,609.37,1,,
1295,1,2023-11-14T15:00:00+00,PIX,COBRANCA,APROVADO,1517.06,1,,
1296,1,2023-12-03T15:00:00+00,PIX,COBRANCA,APROVADO,1325.70,1,,
1297,1,2023-01-20T15:00:00+00,PIX,COBRANCA,APROVADO,595.83,1,,
1298,1,2023-02-09T15:00:00+00,PIX,COBRANCA,APROVADO,1293.71,1,,
1299,1,2023-03-26T15:00:00+00,PIX,COBRANCA,APROVADO,1515.42,1,,
1300,1,2023-04-15T15:00:00+00,PIX,COBRANCA,APROVADO,967.46,1,,
1301,1,2023-05-04T15:00:00+00,PIX,COBRANCA,APROVADO,1207.34,1,,
1302,1,2023-06-21T15:00:00+00,PIX,COBRANCA,APROVADO,412.10,1,,
1303,1,2023-07-10T15:00:00+00,PIX,COBRANCA,APROVADO,1002.68,1,,
1304,1,2023-08-27T15:00:00+00,PIX,COBRANCA,APROVADO,945.00,1,,
1305,1,2023-09-16T15:00:00+00,PIX,COBRANCA,APROVADO,699.38,1,,
1306,1,2023-10-05T15:00:00+00,PIX,COBRANCA,APROVADO,1413.26,1,,
1307,1,2023-11-22T15:00:00+00,PIX,COBRANCA,APROVADO,745.68,1,,
1308,1,2023-11-11T15:00:00+00,PIX,COBRANCA,APROVADO,1060.64,1,,
1309,1,2023-12-28T15:00:00+00,PIX,COBRANCA,APROVADO,1897.82,1,,
1310,1,2023-01-17T15:00:00+00,PIX,COBRANCA,APROVADO,609.38,1,,
1311,1,2023-02-06T15:00:00+00,PIX,COBRANCA,APROVADO,1495.88,1,,
1312,1,2023-03-23T15:00:00+00,PIX,COBRANCA,APROVADO,1471.08,1,,
1313,1,2023-04-12T15:00:00+00,PIX,COBRANCA,APROVADO,995.30,1,,
1314,1,2023-05-29T15:00:00+00,PIX,COBRANCA,APROVADO,2005.10,1,,
1315,1,2023-06-18T15:00:00+00,PIX,COBRANCA,APROVADO,1107.36,1,,
1316,1,2023-07-07T15:00:00+00,PIX,COBRANCA,APROVADO,1455.20,1,,
1317,1,2023-08-24T15:00:00+00,PIX,COBRANCA,APROVADO,2588.30,1,,
1318,1,2023-09-13T15:00:00+00,PIX,COBRANCA,APROVADO,806.66,1,,
1319,1,2023-10-02T15:00:00+00,PIX,COBRANCA,APROVADO,1989.08,1,,
1320,1,2023-11-19T15:00:00+00,PIX,COBRANCA,APROVADO,1997.16,1,,
1321,1,2023-11-08T15:00:00+00,PIX,COBRANCA,APROVADO,1101.54,1,,
1322,1,2023-12-25T15:00:00+00,PIX,COBRANCA,APROVADO,2292.66,1,,
1323,1,2023-01-14T15:00:00+00,PIX,COBRANCA,APROVADO,1209.77,1,,
1324,1,2023-02-03T15:00:00+00,PIX,COBRANCA,APROVADO,1641.90,1,,
1325,1,2023-03-20T15:00:00+00,PIX,COBRANCA,APROVADO,2783.98,1,,
1326,1,2023-04-09T15:00:00+00,PIX,COBRANCA,APROVADO,834.89,1,,
1327,1,2023-05-26T15:00:00+00,PIX,COBRANCA,APROVADO,1364.31,1,,
1328,1,2023-06-15T15:00:00+00,PIX,COBRANCA,APROVADO,1946.52,1,,
1329,1,2023-07-04T15:00:00+00,PIX,COBRANCA,APROVADO,884.11,1,,
1330,1,2023-08-21T15:00:00+00,PIX,COBRANCA,APROVADO,1688.13,1,,
1331,1,2023-09-10T15:00:00+00,PIX,COBRANCA,APROVADO,1354.35,1,,
1332,1,2023-10-27T15:00:00+00,PIX,COBRANCA,APROVADO,1295.70,1,,
1333,1,2023-11-16T15:00:00+00,PIX,COBRANCA,APROVADO,1363.30,1,,
1334,1,2023-11-05T15:00:00+00,PIX,COBRANCA,APROVADO,434.02,1,,
1335,1,2023-12-22T15:00:00+00,PIX,COBRANCA,APROVADO,1287.64,1,,
1336,1,2023-01-11T15:00:00+00,PIX,COBRANCA,APROVADO,1668.36,1,,
1337,1,2023-02-28T15:00:00+00,PIX,COBRANCA,APROVADO,808.98,1,,
1338,1,2023-03-17T15:00:00+00,PIX,COBRANCA,APROVADO,1785.90,1,,
1339,1,2023-04-06T15:00:00+00,PIX,COBRANCA,APROVADO,504.56,1,,
1340,1,2023-05-23T15:00:00+00,PIX,COBRANCA,APROVADO,797.60,1,,
1341,1,2023-06-12T15:00:00+00,PIX,COBRANCA,APROVADO,1437.50,1,,
1342,1,2023-07-29T15:00:00+00,PIX,COBRANCA,APROVADO,477.86,1,,
1343,1,2023-08-18T15:00:00+00,PIX,COBRANCA,APROVADO,1167.08,1,,
1344,1,2023-09-07T15:00:00+00,PIX,COBRANCA,APROVADO,1120.36,1,,
1345,1,2023-10-24T15:00:00+00,PIX,COBRANCA,APROVADO,798.02,1,,
1346,1,2023-11-13T15:00:00+00,PIX,COBRANCA,APROVADO,1610.54,1,,
1347,1,2023-11-02T15:00:00+00,PIX,COBRANCA,APROVADO,866.24,1,,
1348,1,2023-12-19T15:00:00+00,PIX,COBRANCA,APROVADO,1192.16,1,,
1349,1,2023-01-08T15:00:00+00,PIX,COBRANCA,APROVADO,2127.98,1,,
1350,1,2023-02-25T15:00:00+00,PIX,COBRANCA,APROVADO,675.14,1,,
1351,1,2023-03-14T15:00:00+00,PIX,COBRANCA,APROVADO,1660.28,1,,
1352,1,2023-04-03T15:00:00+00,PIX,COBRANCA,APROVADO,1646.44,1,,
1353,1,2023-05-20T15:00:00+00,PIX,COBRANCA,APROVADO,1093.94,1,,
1354,1,2023-06-09T15:00:00+00,PIX,COBRANCA,APROVADO,2052.93,1,,
1355,1,2023-07-26T15:00:00+00,PIX,COBRANCA,APROVADO,1022.73,1,,
1356,1,2023-08-15T15:00:00+00,PIX,COBRANCA,APROVADO,1328.64,1,,
1357,1,2023-09-04T15:00:00+00,PIX,COBRANCA,APROVADO,2486.74,1,,
1358,1,2023-10-21T15:00:00+00,PIX,COBRANCA,APROVADO,682.34,1,,
1359,1,2023-11-10T15:00:00+00,PIX,COBRANCA,APROVADO,1913.86,1,,
1360,1,2023-11-27T15:00:00+00,PIX,COBRANCA,APROVADO,1708.25,1,,
1361,1,2023-12-16T15:00:00+00,PIX,COBRANCA,APROVADO,1161.57,1,,
1362,1,2023-01-05T15:00:00+00,PIX,COBRANCA,APROVADO,2465.24,1,,
1363,1,2023-02-22T15:00:00+00,PIX,COBRANCA,APROVADO,1309.46,1,,
1364,1,2023-03-11T15:00:00+00,PIX,COBRANCA,APROVADO,1759.17,1,,
1365,1,2023-04-28T15:00:00+00,PIX,COBRANCA,APROVADO,1811.26,1,,
1366,1,2023-05-17T15:00:00+00,PIX,COBRANCA,APROVADO,521.46,1,,
1367,1,2023-06-06T15:00:00+00,PIX,COBRANCA,APROVADO,1576.88,1,,
1368,1,2023-07-23T15:00:00+00,PIX,COBRANCA,APROVADO,2545.16,1,,
1369,1,2023-08-12T15:00:00+00,PIX,COBRANCA,APROVADO,1072.02,1,,
1370,1,2023-09-29T15:00:00+00,PIX,COBRANCA,APROVADO,1391.34,1,,
1371,1,2023-10-18T15:00:00+00,PIX,COBRANCA,APROVADO,1490.96,1,,
1372,1,2023-11-07T15:00:00+00,PIX,COBRANCA,APROVADO,994.88,1,,
1373,1,2023-11-24T15:00:00+00,PIX,COBRANCA,APROVADO,1897.82,1,,
1374,1,2023-12-13T15:00:00+00,PIX,COBRANCA,APROVADO,499.78,1,,
1375,1,2023-01-02T15:00:00+00,PIX,COBRANCA,APROVADO,1452.04,1,,
1376,1,2023-02-19T15:00:00+00,PIX,COBRANCA,APROVADO,769.64,1,,
1377,1,2023-03-08T15:00:00+00,PIX,COBRANCA,APROVADO,600.74,1,,
1378,1,2023-04-25T15:00:00+00,PIX,COBRANCA,APROVADO,1215.98,1,,
1379,1,2023-05-14T15:00:00+00,PIX,COBRANCA,APROVADO,625.12,1,,
1380,1,2023-06-03T15:00:00+00,PIX,COBRANCA,APROVADO,929.12,1,,
1381,1,2023-07-20T15:00:00+00,PIX,COBRANCA,APROVADO,1667.66,1,,
1382,1,2023-08-09T15:00:00+00,PIX,COBRANCA,APROVADO,543.62,1,,
1383,1,2023-09-26T15:00:00+00,PIX,COBRANCA,APROVADO,1331.48,1,,
1384,1,2023-10-15T15:00:00+00,PIX,COBRANCA,APROVADO,1295.72,1,,
1385,1,2023-11-04T15:00:00+00,PIX,COBRANCA,APROVADO,896.66,1,,
1386,1,2023-11-21T15:00:00+00,PIX,COBRANCA,APROVADO,1807.82,1,,
1387,1,2023-12-10T15:00:00+00,PIX,COBRANCA,APROVADO,986.80,1,,
1388,1,2023-01-27T15:00:00+00,PIX,COBRANCA,APROVADO,1041.70,1,,
1389,1,2023-02-16T15:00:00+00,PIX,COBRANCA,APROVADO,2096.48,1,,
1390,1,2023-03-05T15:00:00+00,PIX,COBRANCA,APROVADO,645.55,1,,
1391,1,2023-04-22T15:00:00+00,PIX,COBRANCA,APROVADO,1529.57,1,,
1392,1,2023-05-11T15:00:00+00,PIX,COBRANCA,APROVADO,1586.32,1,,
1393,1,2023-06-28T15:00:00+00,PIX,COBRANCA,APROVADO,937.10,1,,
1394,1,2023-07-17T15:00:00+00,PIX,COBRANCA,APROVADO,2134.08,1,,
1395,1,2023-08-06T15:00:00+00,PIX,COBRANCA,APROVADO,1121.93,1,,
1396,1,2023-09-23T15:00:00+00,PIX,COBRANCA,APROVADO,1439.35,1,,
1397,1,2023-10-12T15:00:00+00,PIX,COBRANCA,APROVADO,2687.81,1,,
1398,1,2023-11-29T15:00:00+00,PIX,COBRANCA,APROVADO,733.84,1,,
1399,1,2023-11-18T15:00:00+00,PIX,COBRANCA,APROVADO,2060.77,1,,
1400,1,2023-12-07T15:00:00+00,PIX,COBRANCA,APROVADO,1854.71,1,,
1401,1,2023-08-29T15:00:00+00,PIX,COBRANCA,APROVADO,1488.50,1,,
1402,1,2023-09-18T15:00:00+00,PIX,COBRANCA,APROVADO,1917.42,1,,
1403,1,2023-10-07T15:00:00+00,PIX,COBRANCA,APROVADO,1403.28,1,,
1404,1,2023-11-24T15:00:00+00,PIX,COBRANCA,APROVADO,1345.60,1,,
1405,1,2023-11-13T15:00:00+00,PIX,COBRANCA,APROVADO,2511.58,1,,
1406,1,2023-12-02T15:00:00+00,PIX,COBRANCA,APROVADO,675.14,1,,
1407,1,2023-01-19T15:00:00+00,PIX,COBRANCA,APROVADO,1890.44,1,,
1408,1,2023-02-08T15:00:00+00,PIX,COBRANCA,APROVADO,1493.00,1,,
1409,1,2023-03-25T15:00:00+00,PIX,COBRANCA,APROVADO,710.34,1,,
1410,1,2023-04-14T15:00:00+00,PIX,COBRANCA,APROVADO,1588.62,1,,
1411,1,2023-05-03T15:00:00+00,PIX,COBRANCA,APROVADO,1611.52,1,,
1412,1,2023-06-20T15:00:00+00,PIX,COBRANCA,APROVADO,1126.40,1,,
1413,1,2023-07-09T15:00:00+00,PIX,COBRANCA,APROVADO,1207.34,1,,
1414,1,2023-08-26T15:00:00+00,PIX,COBRANCA,APROVADO,412.10,1,,
1415,1,2023-09-15T15:00:00+00,PIX,COBRANCA,APROVADO,1002.68,1,,
1416,1,2023-10-04T15:00:00+00,PIX,COBRANCA,APROVADO,945.00,1,,
1417,1,2023-11-21T15:00:00+00,PIX,COBRANCA,APROVADO,699.38,1,,
1418,1,2023-11-10T15:00:00+00,PIX,COBRANCA,APROVADO,1413.26,1,,
1419,1,2023-12-27T15:00:00+00,PIX,COBRANCA,APROVADO,745.68,1,,
1420,1,2023-01-16T15:00:00+00,PIX,COBRANCA,APROVADO,1060.64,1,,
1421,1,2023-02-05T15:00:00+00,PIX,COBRANCA,APROVADO,1628.63,1,,
1422,1,2023-03-22T15:00:00+00,PIX,COBRANCA,APROVADO,548.66,1,,
1423,1,2023-04-11T15:00:00+00,PIX,COBRANCA,APROVADO,1178.09,1,,
1424,1,2023-05-28T15:00:00+00,PIX,COBRANCA,APROVADO,1346.03,1,,
1425,1,2023-06-17T15:00:00+00,PIX,COBRANCA,APROVADO,859.63,1,,
1426,1,2023-07-06T15:00:00+00,PIX,COBRANCA,APROVADO,1681.55,1,,
1427,1,2023-08-23T15:00:00+00,PIX,COBRANCA,APROVADO,896.91,1,,
1428,1,2023-09-12T15:00:00+00,PIX,COBRANCA,APROVADO,1145.81,1,,
1429,1,2023-10-29T15:00:00+00,PIX,COBRANCA,APROVADO,2302.52,1,,
1430,1,2023-11-18T15:00:00+00,PIX,COBRANCA,APROVADO,701.99,1,,
1431,1,2023-11-07T15:00:00+00,PIX,COBRANCA,APROVADO,1668.23,1,,
1432,1,2023-12-24T15:00:00+00,PIX,COBRANCA,APROVADO,1737.00,1,,
1433,1,2023-01-13T15:00:00+00,PIX,COBRANCA,APROVADO,1014.93,1,,
1434,1,2023-02-02T15:00:00+00,PIX,COBRANCA,APROVADO,2596.94,1,,
1435,1,2023-03-19T15:00:00+00,PIX,COBRANCA,APROVADO,1469.04,1,,
1436,1,2023-04-08T15:00:00+00,PIX,COBRANCA,APROVADO,1849.76,1,,
1437,1,2023-05-25T15:00:00+00,PIX,COBRANCA,APROVADO,3278.78,1,,
1438,1,2023-06-14T15:00:00+00,PIX,COBRANCA,APROVADO,1003.94,1,,
1439,1,2023-07-03T15:00:00+00,PIX,COBRANCA,APROVADO,1561.64,1,,
1440,1,2023-08-20T15:00:00+00,PIX,COBRANCA,APROVADO,2369.80,1,,
1441,1,2023-09-09T15:00:00+00,PIX,COBRANCA,APROVADO,973.38,1,,
1442,1,2023-10-26T15:00:00+00,PIX,COBRANCA,APROVADO,2114.70,1,,
1443,1,2023-11-15T15:00:00+00,PIX,COBRANCA,APROVADO,1523.84,1,,
1444,1,2023-11-04T15:00:00+00,PIX,COBRANCA,APROVADO,1477.12,1,,
1445,1,2023-12-21T15:00:00+00,PIX,COBRANCA,APROVADO,1667.66,1,,
1446,1,2023-01-10T15:00:00+00,PIX,COBRANCA,APROVADO,434.02,1,,
1447,1,2023-02-27T15:00:00+00,PIX,COBRANCA,APROVADO,1287.64,1,,
1448,1,2023-03-16T15:00:00+00,PIX,COBRANCA,APROVADO,1668.36,1,,
1449,1,2023-04-05T15:00:00+00,PIX,COBRANCA,APROVADO,808.98,1,,
1450,1,2023-05-22T15:00:00+00,PIX,COBRANCA,APROVADO,1785.90,1,,
1451,1,2023-06-11T15:00:00+00,PIX,COBRANCA,APROVADO,504.56,1,,
1452,1,2023-07-28T15:00:00+00,PIX,COBRANCA,APROVADO,797.60,1,,
1453,1,2023-08-17T15:00:00+00,PIX,COBRANCA,APROVADO,1437.50,1,,
1454,1,2023-09-06T15:00:00+00,PIX,COBRANCA,APROVADO,436.01,1,,
1455,1,2023-10-23T15:00:00+00,PIX,COBRANCA,APROVADO,1005.24,1,,
1456,1,2023-11-12T15:00:00+00,PIX,COBRANCA,APROVADO,968.38,1,,
1457,1,2023-11-29T15:00:00+00,PIX,COBRANCA,APROVADO,714.22,1,,
1458,1,2023-12-18T15:00:00+00,PIX,COBRANCA,APROVADO,1268.49,1,,
1459,1,2023-01-07T15:00:00+00,PIX,COBRANCA,APROVADO,796.44,1,,
1460,1,2023-02-24T15:00:00+00,PIX,COBRANCA,APROVADO,1025.74,1,,
1461,1,2023-03-13T15:00:00+00,PIX,COBRANCA,APROVADO,1784.67,1,,
1462,1,2023-04-02T15:00:00+00,PIX,COBRANCA,APROVADO,607.28,1,,
1463,1,2023-05-19T15:00:00+00,PIX,COBRANCA,APROVADO,1308.54,1,,
1464,1,2023-06-08T15:00:00+00,PIX,COBRANCA,APROVADO,1507.10,1,,
1465,1,2023-07-25T15:00:00+00,PIX,COBRANCA,APROVADO,943.45,1,,
1466,1,2023-08-14T15:00:00+00,PIX,COBRANCA,APROVADO,1848.21,1,,
1467,1,2023-09-03T15:00:00+00,PIX,COBRANCA,APROVADO,1028.24,1,,
1468,1,2023-10-20T15:00:00+00,PIX,COBRANCA,APROVADO,1586.72,1,,
1469,1,2023-11-09T15:00:00+00,PIX,COBRANCA,APROVADO,2818.46,1,,
1470,1,2023-11-26T15:00:00+00,PIX,COBRANCA,APROVADO,872.42,1,,
1471,1,2023-12-15T15:00:00+00,PIX,COBRANCA,APROVADO,2153.48,1,,
1472,1,2023-01-04T15:00:00+00,PIX,COBRANCA,APROVADO,2172.52,1,,
1473,1,2023-02-21T15:00:00+00,PIX,COBRANCA,APROVADO,1389.86,1,,
1474,1,2023-03-10T15:00:00+00,PIX,COBRANCA,APROVADO,2794.22,1,,
1475,1,2023-04-27T15:00:00+00,PIX,COBRANCA,APROVADO,1589.60,1,,
1476,1,2023-05-16T15:00:00+00,PIX,COBRANCA,APROVADO,1981.28,1,,
1477,1,2023-06-05T15:00:00+00,PIX,COBRANCA,APROVADO,2281.42,1,,
1478,1,2023-07-22T15:00:00+00,PIX,COBRANCA,APROVADO,609.38,1,,
1479,1,2023-08-11T15:00:00+00,PIX,COBRANCA,APROVADO,1726.04,1,,
1480,1,2023-09-28T15:00:00+00,PIX,COBRANCA,APROVADO,2545.16,1,,
1481,1,2023-10-17T15:00:00+00,PIX,COBRANCA,APROVADO,1072.02,1,,
1482,1,2023-11-06T15:00:00+00,PIX,COBRANCA,APROVADO,1391.34,1,,
1483,1,2023-11-23T15:00:00+00,PIX,COBRANCA,APROVADO,1490.96,1,,
1484,1,2023-12-12T15:00:00+00,PIX,COBRANCA,APROVADO,994.88,1,,
1485,1,2023-01-29T15:00:00+00,PIX,COBRANCA,APROVADO,1897.82,1,,
1486,1,2023-02-18T15:00:00+00,PIX,COBRANCA,APROVADO,499.78,1,,
1487,1,2023-03-07T15:00:00+00,PIX,COBRANCA,APROVADO,1452.04,1,,
1488,1,2023-04-24T15:00:00+00,PIX,COBRANCA,APROVADO,625.84,1,,
1489,1,2023-05-13T15:00:00+00,PIX,COBRANCA,APROVADO,528.99,1,,
1490,1,2023-06-02T15:00:00+00,PIX,COBRANCA,APROVADO,1048.08,1,,
1491,1,2023-07-19T15:00:00+00,PIX,COBRANCA,APROVADO,542.21,1,,
1492,1,2023-08-08T15:00:00+00,PIX,COBRANCA,APROVADO,829.92,1,,
1493,1,2023-09-25T15:00:00+00,PIX,COBRANCA,APROVADO,1312.87,1,,
1494,1,2023-10-14T15:00:00+00,PIX,COBRANCA,APROVADO,477.86,1,,
1495,1,2023-11-03T15:00:00+00,PIX,COBRANCA,APROVADO,1143.88,1,,
1496,1,2023-11-20T15:00:00+00,PIX,COBRANCA,APROVADO,1120.72,1,,
1497,1,2023-12-09T15:00:00+00,PIX,COBRANCA,APROVADO,801.33,1,,
1498,1,2023-01-26T15:00:00+00,PIX,COBRANCA,APROVADO,1425.25,1,,
1499,1,2023-02-15T15:00:00+00,PIX,COBRANCA,APROVADO,908.22,1,,
1500,1,2023-03-04T15:00:00+00,PIX,COBRANCA,APROVADO,1169.13,1,,
1501,1,2023-04-21T15:00:00+00,PIX,COBRANCA,APROVADO,2358.14,1,,
1502,1,2023-05-10T15:00:00+00,PIX,COBRANCA,APROVADO,740.90,1,,
1503,1,2023-06-27T15:00:00+00,PIX,COBRANCA,APROVADO,1824.68,1,,
1504,1,2023-07-16T15:00:00+00,PIX,COBRANCA,APROVADO,1821.80,1,,
1505,1,2023-08-05T15:00:00+00,PIX,COBRANCA,APROVADO,1192.58,1,,
1506,1,2023-09-22T15:00:00+00,PIX,COBRANCA,APROVADO,2399.66,1,,
1507,1,2023-10-11T15:00:00+00,PIX,COBRANCA,APROVADO,1348.48,1,,
1508,1,2023-11-28T15:00:00+00,PIX,COBRANCA,APROVADO,1718.24,1,,
1509,1,2023-11-17T15:00:00+00,PIX,COBRANCA,APROVADO,3048.62,1,,
1510,1,2023-12-06T15:00:00+00,PIX,COBRANCA,APROVADO,938.18,1,,
1511,1,2023-01-23T15:00:00+00,PIX,COBRANCA,APROVADO,2317.88,1,,
1512,1,2023-02-12T15:00:00+00,PIX,COBRANCA,APROVADO,2347.88,1,,
1513,1,2023-03-29T15:00:00+00,PIX,COBRANCA,APROVADO,1488.50,1,,
1514,1,2023-04-18T15:00:00+00,PIX,COBRANCA,APROVADO,1917.42,1,,
1515,1,2023-05-07T15:00:00+00,PIX,COBRANCA,APROVADO,1403.28,1,,
1516,1,2023-06-24T15:00:00+00,PIX,COBRANCA,APROVADO,1345.60,1,,
1517,1,2023-07-13T15:00:00+00,PIX,COBRANCA,APROVADO,2511.58,1,,
1518,1,2023-08-02T15:00:00+00,PIX,COBRANCA,APROVADO,675.14,1,,
1519,1,2023-09-19T15:00:00+00,PIX,COBRANCA,APROVADO,1890.44,1,,
1520,1,2023-10-08T15:00:00+00,PIX,COBRANCA,APROVADO,1493.00,1,,
1521,1,2023-11-25T15:00:00+00,PIX,COBRANCA,APROVADO,643.95,1,,
1522,1,2023-11-14T15:00:00+00,PIX,COBRANCA,APROVADO,1314.44,1,,
1523,1,2023-12-03T15:00:00+00,PIX,COBRANCA,APROVADO,1355.54,1,,
1524,1,2023-01-20T15:00:00+00,PIX,COBRANCA,APROVADO,1023.76,1,,
1525,1,2023-02-09T15:00:00+00,PIX,COBRANCA,APROVADO,1042.98,1,,
1526,1,2023-03-26T15:00:00+00,PIX,COBRANCA,APROVADO,341.71,1,,
1527,1,2023-04-15T15:00:00+00,PIX,COBRANCA,APROVADO,895.76,1,,
1528,1,2023-05-04T15:00:00+00,PIX,COBRANCA,APROVADO,769.46,1,,
1529,1,2023-06-21T15:00:00+00,PIX,COBRANCA,APROVADO,616.67,1,,
1530,1,2023-07-10T15:00:00+00,PIX,COBRANCA,APROVADO,1214.12,1,,
1531,1,2023-08-27T15:00:00+00,PIX,COBRANCA,APROVADO,647.95,1,,
1532,1,2023-09-16T15:00:00+00,PIX,COBRANCA,APROVADO,945.52,1,,
1533,1,2023-10-05T15:00:00+00,PIX,COBRANCA,APROVADO,1495.94,1,,
1534,1,2023-11-22T15:00:00+00,PIX,COBRANCA,APROVADO,609.38,1,,
1535,1,2023-11-11T15:00:00+00,PIX,COBRANCA,APROVADO,1495.88,1,,
1536,1,2023-12-28T15:00:00+00,PIX,COBRANCA,APROVADO,1471.08,1,,
1537,1,2023-01-17T15:00:00+00,PIX,COBRANCA,APROVADO,995.30,1,,
1538,1,2023-02-06T15:00:00+00,PIX,COBRANCA,APROVADO,2005.10,1,,
1539,1,2023-03-23T15:00:00+00,PIX,COBRANCA,APROVADO,1107.36,1,,
1540,1,2023-04-12T15:00:00+00,PIX,COBRANCA,APROVADO,1455.20,1,,
1541,1,2023-05-29T15:00:00+00,PIX,COBRANCA,APROVADO,2588.30,1,,
1542,1,2023-06-18T15:00:00+00,PIX,COBRANCA,APROVADO,806.66,1,,
1543,1,2023-07-07T15:00:00+00,PIX,COBRANCA,APROVADO,1989.08,1,,
1544,1,2023-08-24T15:00:00+00,PIX,COBRANCA,APROVADO,1997.16,1,,
1545,1,2023-09-13T15:00:00+00,PIX,COBRANCA,APROVADO,1291.22,1,,
1546,1,2023-10-02T15:00:00+00,PIX,COBRANCA,APROVADO,2596.94,1,,
1547,1,2023-11-19T15:00:00+00,PIX,COBRANCA,APROVADO,1469.04,1,,
1548,1,2023-11-08T15:00:00+00,PIX,COBRANCA,APROVADO,1849.76,1,,
1549,1,2023-12-25T15:00:00+00,PIX,COBRANCA,APROVADO,3278.78,1,,
1550,1,2023-01-14T15:00:00+00,PIX,COBRANCA,APROVADO,1003.94,1,,
1551,1,2023-02-03T15:00:00+00,PIX,COBRANCA,APROVADO,1561.64,1,,
1552,1,2023-03-20T15:00:00+00,PIX,COBRANCA,APROVADO,2369.80,1,,
1553,1,2023-04-09T15:00:00+00,PIX,COBRANCA,APROVADO,973.38,1,,
1554,1,2023-05-26T15:00:00+00,PIX,COBRANCA,APROVADO,2068.85,1,,
1555,1,2023-06-15T15:00:00+00,PIX,COBRANCA,APROVADO,1227.13,1,,
1556,1,2023-07-04T15:00:00+00,PIX,COBRANCA,APROVADO,1268.37,1,,
1557,1,2023-08-21T15:00:00+00,PIX,COBRANCA,APROVADO,1367.13,1,,
1558,1,2023-09-10T15:00:00+00,PIX,COBRANCA,APROVADO,349.14,1,,
1559,1,2023-10-27T15:00:00+00,PIX,COBRANCA,APROVADO,1175.21,1,,
1560,1,2023-11-16T15:00:00+00,PIX,COBRANCA,APROVADO,1329.59,1,,
1561,1,2023-11-05T15:00:00+00,PIX,COBRANCA,APROVADO,693.05,1,,
1562,1,2023-12-22T15:00:00+00,PIX,COBRANCA,APROVADO,1487.09,1,,
1563,1,2023-01-11T15:00:00+00,PIX,COBRANCA,APROVADO,411.86,1,,
1564,1,2023-02-28T15:00:00+00,PIX,COBRANCA,APROVADO,703.67,1,,
1565,1,2023-03-17T15:00:00+00,PIX,COBRANCA,APROVADO,1236.42,1,,
1566,1,2023-04-06T15:00:00+00,PIX,COBRANCA,APROVADO,396.52,1,,
1567,1,2023-05-23T15:00:00+00,PIX,COBRANCA,APROVADO,1116.56,1,,
1568,1,2023-06-12T15:00:00+00,PIX,COBRANCA,APROVADO,1120.36,1,,
1569,1,2023-07-29T15:00:00+00,PIX,COBRANCA,APROVADO,798.02,1,,
1570,1,2023-08-18T15:00:00+00,PIX,COBRANCA,APROVADO,1610.54,1,,
1571,1,2023-09-07T15:00:00+00,PIX,COBRANCA,APROVADO,866.24,1,,
1572,1,2023-10-24T15:00:00+00,PIX,COBRANCA,APROVADO,1192.16,1,,
1573,1,2023-11-13T15:00:00+00,PIX,COBRANCA,APROVADO,2127.98,1,,
1574,1,2023-11-02T15:00:00+00,PIX,COBRANCA,APROVADO,675.14,1,,
1575,1,2023-12-19T15:00:00+00,PIX,COBRANCA,APROVADO,1660.28,1,,
1576,1,2023-01-08T15:00:00+00,PIX,COBRANCA,APROVADO,1646.44,1,,
1577,1,2023-02-25T15:00:00+00,PIX,COBRANCA,APROVADO,1093.94,1,,
1578,1,2023-03-14T15:00:00+00,PIX,COBRANCA,APROVADO,2202.38,1,,
1579,1,2023-04-03T15:00:00+00,PIX,COBRANCA,APROVADO,1227.92,1,,
1580,1,2023-05-20T15:00:00+00,PIX,COBRANCA,APROVADO,1586.72,1,,
1581,1,2023-06-09T15:00:00+00,PIX,COBRANCA,APROVADO,2818.46,1,,
1582,1,2023-07-26T15:00:00+00,PIX,COBRANCA,APROVADO,872.42,1,,
1583,1,2023-08-15T15:00:00+00,PIX,COBRANCA,APROVADO,2153.48,1,,
1584,1,2023-09-04T15:00:00+00,PIX,COBRANCA,APROVADO,2172.52,1,,
1585,1,2023-10-21T15:00:00+00,PIX,COBRANCA,APROVADO,1389.86,1,,
1586,1,2023-11-10T15:00:00+00,PIX,COBRANCA,APROVADO,2794.22,1,,
1587,1,2023-11-27T15:00:00+00,PIX,COBRANCA,APROVADO,1589.60,1,,
1588,1,2023-12-16T15:00:00+00,PIX,COBRANCA,APROVADO,1562.30,1,,
1589,1,2023-01-05T15:00:00+00,PIX,COBRANCA,APROVADO,2083.36,1,,
1590,1,2023-02-22T15:00:00+00,PIX,COBRANCA,APROVADO,490.46,1,,
1591,1,2023-03-11T15:00:00+00,PIX,COBRANCA,APROVADO,1486.29,1,,
1592,1,2023-04-28T15:00:00+00,PIX,COBRANCA,APROVADO,2201.72,1,,
1593,1,2023-05-17T15:00:00+00,PIX,COBRANCA,APROVADO,865.86,1,,
1594,1,2023-06-06T15:00:00+00,PIX,COBRANCA,APROVADO,1274.88,1,,
1595,1,2023-07-23T15:00:00+00,PIX,COBRANCA,APROVADO,1211.27,1,,
1596,1,2023-08-12T15:00:00+00,PIX,COBRANCA,APROVADO,857.40,1,,
1597,1,2023-09-29T15:00:00+00,PIX,COBRANCA,APROVADO,1568.28,1,,
1598,1,2023-10-18T15:00:00+00,PIX,COBRANCA,APROVADO,400.66,1,,
1599,1,2023-11-07T15:00:00+00,PIX,COBRANCA,APROVADO,1322.01,1,,
1600,1,2023-11-24T15:00:00+00,PIX,COBRANCA,APROVADO,611.86,1,,
1601,1,2023-12-13T15:00:00+00,PIX,COBRANCA,APROVADO,600.74,1,,
1602,1,2023-01-02T15:00:00+00,PIX,COBRANCA,APROVADO,1215.98,1,,
1603,1,2023-02-19T15:00:00+00,PIX,COBRANCA,APROVADO,625.12,1,,
1604,1,2023-03-08T15:00:00+00,PIX,COBRANCA,APROVADO,929.12,1,,
1605,1,2023-04-25T15:00:00+00,PIX,COBRANCA,APROVADO,1667.66,1,,
1606,1,2023-05-14T15:00:00+00,PIX,COBRANCA,APROVADO,543.62,1,,
1607,1,2023-06-03T15:00:00+00,PIX,COBRANCA,APROVADO,1331.48,1,,
1608,1,2023-07-20T15:00:00+00,PIX,COBRANCA,APROVADO,1295.72,1,,
1609,1,2023-08-09T15:00:00+00,PIX,COBRANCA,APROVADO,896.66,1,,
1610,1,2023-09-26T15:00:00+00,PIX,COBRANCA,APROVADO,1807.82,1,,
1611,1,2023-10-15T15:00:00+00,PIX,COBRANCA,APROVADO,986.80,1,,
1612,1,2023-11-04T15:00:00+00,PIX,COBRANCA,APROVADO,1323.68,1,,
1613,1,2023-11-21T15:00:00+00,PIX,COBRANCA,APROVADO,2358.14,1,,
1614,1,2023-12-10T15:00:00+00,PIX,COBRANCA,APROVADO,740.90,1,,
1615,1,2023-01-27T15:00:00+00,PIX,COBRANCA,APROVADO,1824.68,1,,
1616,1,2023-02-16T15:00:00+00,PIX,COBRANCA,APROVADO,1821.80,1,,
1617,1,2023-03-05T15:00:00+00,PIX,COBRANCA,APROVADO,1192.58,1,,
1618,1,2023-04-22T15:00:00+00,PIX,COBRANCA,APROVADO,2399.66,1,,
1619,1,2023-05-11T15:00:00+00,PIX,COBRANCA,APROVADO,1348.48,1,,
1620,1,2023-06-28T15:00:00+00,PIX,COBRANCA,APROVADO,1718.24,1,,
1621,1,2023-07-17T15:00:00+00,PIX,COBRANCA,APROVADO,2634.21,1,,
1622,1,2023-08-06T15:00:00+00,PIX,COBRANCA,APROVADO,841.84,1,,
1623,1,2023-09-23T15:00:00+00,PIX,COBRANCA,APROVADO,1830.21,1,,
1624,1,2023-10-12T15:00:00+00,PIX,COBRANCA,APROVADO,2151.59,1,,
1625,1,2023-11-29T15:00:00+00,PIX,COBRANCA,APROVADO,1278.85,1,,
1626,1,2023-11-18T15:00:00+00,PIX,COBRANCA,APROVADO,1655.26,1,,
1627,1,2023-12-07T15:00:00+00,PIX,COBRANCA,APROVADO,1100.21,1,,
1628,1,2023-01-24T15:00:00+00,PIX,COBRANCA,APROVADO,1091.01,1,,
1629,1,2023-02-13T15:00:00+00,PIX,COBRANCA,APROVADO,2289.32,1,,
1630,1,2023-03-02T15:00:00+00,PIX,COBRANCA,APROVADO,546.93,1,,
1631,1,2023-04-19T15:00:00+00,PIX,COBRANCA,APROVADO,1624.95,1,,
1632,1,2023-05-08T15:00:00+00,PIX,COBRANCA,APROVADO,1186.24,1,,
1633,1,2023-06-25T15:00:00+00,PIX,COBRANCA,APROVADO,575.44,1,,
1634,1,2023-07-14T15:00:00+00,PIX,COBRANCA,APROVADO,1588.62,1,,
1635,1,2023-08-03T15:00:00+00,PIX,COBRANCA,APROVADO,1611.52,1,,
1636,1,2023-09-20T15:00:00+00,PIX,COBRANCA,APROVADO,1126.40,1,,
1637,1,2023-10-09T15:00:00+00,PIX,COBRANCA,APROVADO,1207.34,1,,
1638,1,2023-11-26T15:00:00+00,PIX,COBRANCA,APROVADO,412.10,1,,
1639,1,2023-11-15T15:00:00+00,PIX,COBRANCA,APROVADO,1002.68,1,,
1640,1,2023-12-04T15:00:00+00,PIX,COBRANCA,APROVADO,945.00,1,,
1641,1,2023-01-21T15:00:00+00,PIX,COBRANCA,APROVADO,699.38,1,,
1642,1,2023-02-10T15:00:00+00,PIX,COBRANCA,APROVADO,1413.26,1,,
1643,1,2023-03-27T15:00:00+00,PIX,COBRANCA,APROVADO,745.68,1,,
1644,1,2023-04-16T15:00:00+00,PIX,COBRANCA,APROVADO,1060.64,1,,
1645,1,2023-05-05T15:00:00+00,PIX,COBRANCA,APROVADO,1897.82,1,,
1646,1,2023-06-22T15:00:00+00,PIX,COBRANCA,APROVADO,609.38,1,,
1647,1,2023-07-11T15:00:00+00,PIX,COBRANCA,APROVADO,1495.88,1,,
1648,1,2023-08-28T15:00:00+00,PIX,COBRANCA,APROVADO,1471.08,1,,
1649,1,2023-09-17T15:00:00+00,PIX,COBRANCA,APROVADO,995.30,1,,
1650,1,2023-10-06T15:00:00+00,PIX,COBRANCA,APROVADO,2005.10,1,,
1651,1,2023-11-23T15:00:00+00,PIX,COBRANCA,APROVADO,1107.36,1,,
1652,1,2023-11-12T15:00:00+00,PIX,COBRANCA,APROVADO,1455.20,1,,
1653,1,2023-12-29T15:00:00+00,PIX,COBRANCA,APROVADO,2588.30,1,,
1654,1,2023-01-18T15:00:00+00,PIX,COBRANCA,APROVADO,740.15,1,,
1655,1,2023-02-07T15:00:00+00,PIX,COBRANCA,APROVADO,1698.46,1,,
1656,1,2023-03-24T15:00:00+00,PIX,COBRANCA,APROVADO,1730.10,1,,
1657,1,2023-04-13T15:00:00+00,PIX,COBRANCA,APROVADO,1149.88,1,,
1658,1,2023-05-02T15:00:00+00,PIX,COBRANCA,APROVADO,2052.13,1,,
1659,1,2023-06-19T15:00:00+00,PIX,COBRANCA,APROVADO,1355.40,1,,
1660,1,2023-07-08T15:00:00+00,PIX,COBRANCA,APROVADO,1581.96,1,,
1661,1,2023-08-25T15:00:00+00,PIX,COBRANCA,APROVADO,2757.37,1,,
1662,1,2023-09-14T15:00:00+00,PIX,COBRANCA,APROVADO,900.46,1,,
1663,1,2023-10-03T15:00:00+00,PIX,COBRANCA,APROVADO,1270.18,1,,
1664,1,2023-11-20T15:00:00+00,PIX,COBRANCA,APROVADO,2182.23,1,,
1665,1,2023-11-09T15:00:00+00,PIX,COBRANCA,APROVADO,779.63,1,,
1666,1,2023-12-26T15:00:00+00,PIX,COBRANCA,APROVADO,1821.85,1,,
1667,1,2023-01-15T15:00:00+00,PIX,COBRANCA,APROVADO,1214.56,1,,
1668,1,2023-02-04T15:00:00+00,PIX,COBRANCA,APROVADO,1477.12,1,,
1669,1,2023-03-21T15:00:00+00,PIX,COBRANCA,APROVADO,1667.66,1,,
1670,1,2023-04-10T15:00:00+00,PIX,COBRANCA,APROVADO,434.02,1,,
1671,1,2023-05-27T15:00:00+00,PIX,COBRANCA,APROVADO,1287.64,1,,
1672,1,2023-06-16T15:00:00+00,PIX,COBRANCA,APROVADO,1668.36,1,,
1673,1,2023-07-05T15:00:00+00,PIX,COBRANCA,APROVADO,808.98,1,,
1674,1,2023-08-22T15:00:00+00,PIX,COBRANCA,APROVADO,1785.90,1,,
1675,1,2023-09-11T15:00:00+00,PIX,COBRANCA,APROVADO,504.56,1,,
1676,1,2023-10-28T15:00:00+00,PIX,COBRANCA,APROVADO,797.60,1,,
1677,1,2023-11-17T15:00:00+00,PIX,COBRANCA,APROVADO,1437.50,1,,
1678,1,2023-11-06T15:00:00+00,PIX,COBRANCA,APROVADO,477.86,1,,
1679,1,2023-12-23T15:00:00+00,PIX,COBRANCA,APROVADO,1167.08,1,,
1680,1,2023-01-12T15:00:00+00,PIX,COBRANCA,APROVADO,1120.36,1,,
1681,1,2023-03-01T15:00:00+00,PIX,COBRANCA,APROVADO,798.02,1,,
1682,1,2023-03-18T15:00:00+00,PIX,COBRANCA,APROVADO,1610.54,1,,
1683,1,2023-04-07T15:00:00+00,PIX,COBRANCA,APROVADO,866.24,1,,
1684,1,2023-05-24T15:00:00+00,PIX,COBRANCA,APROVADO,1192.16,1,,
1685,1,2023-06-13T15:00:00+00,PIX,COBRANCA,APROVADO,2127.98,1,,
1686,1,2023-07-02T15:00:00+00,PIX,COBRANCA,APROVADO,675.14,1,,
1687,1,2023-08-19T15:00:00+00,PIX,COBRANCA,APROVADO,1660.28,1,,
1688,1,2023-09-08T15:00:00+00,PIX,COBRANCA,APROVADO,1343.72,1,,
1689,1,2023-10-25T15:00:00+00,PIX,COBRANCA,APROVADO,967.39,1,,
1690,1,2023-11-14T15:00:00+00,PIX,COBRANCA,APROVADO,1878.30,1,,
1691,1,2023-11-03T15:00:00+00,PIX,COBRANCA,APROVADO,1071.03,1,,
1692,1,2023-12-20T15:00:00+00,PIX,COBRANCA,APROVADO,1408.06,1,,
1693,1,2023-01-09T15:00:00+00,PIX,COBRANCA,APROVADO,2228.03,1,,
1694,1,2023-02-26T15:00:00+00,PIX,COBRANCA,APROVADO,768.30,1,,
1695,1,2023-03-15T15:00:00+00,PIX,COBRANCA,APROVADO,1837.10,1,,
1696,1,2023-04-04T15:00:00+00,PIX,COBRANCA,APROVADO,1882.44,1,,
1697,1,2023-05-21T15:00:00+00,PIX,COBRANCA,APROVADO,1236.99,1,,
1698,1,2023-06-10T15:00:00+00,PIX,COBRANCA,APROVADO,2208.89,1,,
1699,1,2023-07-27T15:00:00+00,PIX,COBRANCA,APROVADO,1467.18,1,,
1700,1,2023-08-16T15:00:00+00,PIX,COBRANCA,APROVADO,1739.05,1,,
1701,1,2023-09-05T15:00:00+00,PIX,COBRANCA,APROVADO,2281.42,1,,
1702,1,2023-10-22T15:00:00+00,PIX,COBRANCA,APROVADO,609.38,1,,
1703,1,2023-11-11T15:00:00+00,PIX,COBRANCA,APROVADO,1726.04,1,,
1704,1,2023-11-28T15:00:00+00,PIX,COBRANCA,APROVADO,2545.16,1,,
1705,1,2023-12-17T15:00:00+00,PIX,COBRANCA,APROVADO,1072.02,1,,
1706,1,2023-01-06T15:00:00+00,PIX,COBRANCA,APROVADO,1391.34,1,,
1707,1,2023-02-23T15:00:00+00,PIX,COBRANCA,APROVADO,1490.96,1,,
1708,1,2023-03-12T15:00:00+00,PIX,COBRANCA,APROVADO,994.88,1,,
1709,1,2023-04-29T15:00:00+00,PIX,COBRANCA,APROVADO,1897.82,1,,
1710,1,2023-05-18T15:00:00+00,PIX,COBRANCA,APROVADO,499.78,1,,
1711,1,2023-06-07T15:00:00+00,PIX,COBRANCA,APROVADO,1452.04,1,,
1712,1,2023-07-24T15:00:00+00,PIX,COBRANCA,APROVADO,769.64,1,,
1713,1,2023-08-13T15:00:00+00,PIX,COBRANCA,APROVADO,600.74,1,,
1714,1,2023-09-02T15:00:00+00,PIX,COBRANCA,APROVADO,1215.98,1,,
1715,1,2023-10-19T15:00:00+00,PIX,COBRANCA,APROVADO,625.12,1,,
1716,1,2023-11-08T15:00:00+00,PIX,COBRANCA,APROVADO,929.12,1,,
1717,1,2023-11-25T15:00:00+00,PIX,COBRANCA,APROVADO,1667.66,1,,
1718,1,2023-12-14T15:00:00+00,PIX,COBRANCA,APROVADO,543.62,1,,
1719,1,2023-01-03T15:00:00+00,PIX,COBRANCA,APROVADO,1331.48,1,,
1720,1,2023-02-20T15:00:00+00,PIX,COBRANCA,APROVADO,1295.72,1,,
1721,1,2023-03-09T15:00:00+00,PIX,COBRANCA,APROVADO,761.77,1,,
1722,1,2023-04-26T15:00:00+00,PIX,COBRANCA,APROVADO,1602.14,1,,
1723,1,2023-05-15T15:00:00+00,PIX,COBRANCA,APROVADO,810.78,1,,
1724,1,2023-06-04T15:00:00+00,PIX,COBRANCA,APROVADO,1172.81,1,,
1725,1,2023-07-21T15:00:00+00,PIX,COBRANCA,APROVADO,2010.20,1,,
1726,1,2023-08-10T15:00:00+00,PIX,COBRANCA,APROVADO,615.71,1,,
1727,1,2023-09-27T15:00:00+00,PIX,COBRANCA,APROVADO,1616.38,1,,
1728,1,2023-10-16T15:00:00+00,PIX,COBRANCA,APROVADO,1487.34,1,,
1729,1,2023-11-05T15:00:00+00,PIX,COBRANCA,APROVADO,1055.07,1,,
1730,1,2023-11-22T15:00:00+00,PIX,COBRANCA,APROVADO,2044.34,1,,
1731,1,2023-12-11T15:00:00+00,PIX,COBRANCA,APROVADO,1176.77,1,,
1732,1,2023-01-28T15:00:00+00,PIX,COBRANCA,APROVADO,1523.66,1,,
1733,1,2023-02-17T15:00:00+00,PIX,COBRANCA,APROVADO,2411.10,1,,
1734,1,2023-03-06T15:00:00+00,PIX,COBRANCA,APROVADO,938.18,1,,
1735,1,2023-04-23T15:00:00+00,PIX,COBRANCA,APROVADO,2317.88,1,,
1736,1,2023-05-12T15:00:00+00,PIX,COBRANCA,APROVADO,2347.88,1,,
1737,1,2023-06-29T15:00:00+00,PIX,COBRANCA,APROVADO,1488.50,1,,
1738,1,2023-07-18T15:00:00+00,PIX,COBRANCA,APROVADO,1917.42,1,,
1739,1,2023-08-07T15:00:00+00,PIX,COBRANCA,APROVADO,1403.28,1,,
1740,1,2023-09-24T15:00:00+00,PIX,COBRANCA,APROVADO,1345.60,1,,
1741,1,2023-10-13T15:00:00+00,PIX,COBRANCA,APROVADO,2511.58,1,,
1742,1,2023-11-02T15:00:00+00,PIX,COBRANCA,APROVADO,675.14,1,,
1743,1,2023-11-19T15:00:00+00,PIX,COBRANCA,APROVADO,1890.44,1,,
1744,1,2023-12-08T15:00:00+00,PIX,COBRANCA,APROVADO,1493.00,1,,
1745,1,2023-01-25T15:00:00+00,PIX,COBRANCA,APROVADO,710.34,1,,
1746,1,2023-02-14T15:00:00+00,PIX,COBRANCA,APROVADO,1588.62,1,,
1747,1,2023-03-03T15:00:00+00,PIX,COBRANCA,APROVADO,1611.52,1,,
1748,1,2023-04-20T15:00:00+00,PIX,COBRANCA,APROVADO,1126.40,1,,
1749,1,2023-05-09T15:00:00+00,PIX,COBRANCA,APROVADO,1207.34,1,,
1750,1,2023-06-26T15:00:00+00,PIX,COBRANCA,APROVADO,412.10,1,,
1751,1,2023-07-15T15:00:00+00,PIX,COBRANCA,APROVADO,1002.68,1,,
1752,1,2023-08-04T15:00:00+00,PIX,COBRANCA,APROVADO,945.00,1,,
1753,1,2023-09-21T15:00:00+00,PIX,COBRANCA,APROVADO,699.38,1,,
1754,1,2023-10-10T15:00:00+00,PIX,COBRANCA,APROVADO,1309.87,1,,
1755,1,2023-11-27T15:00:00+00,PIX,COBRANCA,APROVADO,625.99,1,,
1756,1,2023-11-16T15:00:00+00,PIX,COBRANCA,APROVADO,885.87,1,,
1757,1,2023-12-05T15:00:00+00,PIX,COBRANCA,APROVADO,1682.23,1,,
1758,1,2023-01-22T15:00:00+00,PIX,COBRANCA,APROVADO,476.28,1,,
1759,1,2023-02-11T15:00:00+00,PIX,COBRANCA,APROVADO,1326.45,1,,
1760,1,2023-03-28T15:00:00+00,PIX,COBRANCA,APROVADO,1158.08,1,,
1761,1,2023-04-17T15:00:00+00,PIX,COBRANCA,APROVADO,830.61,1,,
1762,1,2023-05-06T15:00:00+00,PIX,COBRANCA,APROVADO,1774.79,1,,
1763,1,2023-06-23T15:00:00+00,PIX,COBRANCA,APROVADO,910.54,1,,
1764,1,2023-07-12T15:00:00+00,PIX,COBRANCA,APROVADO,1290.03,1,,
1765,1,2023-08-29T15:00:00+00,PIX,COBRANCA,APROVADO,2203.64,1,,
1766,1,2023-09-18T15:00:00+00,PIX,COBRANCA,APROVADO,670.52,1,,
1767,1,2023-10-07T15:00:00+00,PIX,COBRANCA,APROVADO,1883.76,1,,
1768,1,2023-11-24T15:00:00+00,PIX,COBRANCA,APROVADO,1997.16,1,,
1769,1,2023-11-13T15:00:00+00,PIX,COBRANCA,APROVADO,1291.22,1,,
1770,1,2023-12-02T15:00:00+00,PIX,COBRANCA,APROVADO,2596.94,1,,
1771,1,2023-01-19T15:00:00+00,PIX,COBRANCA,APROVADO,1469.04,1,,
1772,1,2023-02-08T15:00:00+00,PIX,COBRANCA,APROVADO,1849.76,1,,
1773,1,2023-03-25T15:00:00+00,PIX,COBRANCA,APROVADO,3278.78,1,,
1774,1,2023-04-14T15:00:00+00,PIX,COBRANCA,APROVADO,1003.94,1,,
1775,1,2023-05-03T15:00:00+00,PIX,COBRANCA,APROVADO,1561.64,1,,
1776,1,2023-06-20T15:00:00+00,PIX,COBRANCA,APROVADO,2369.80,1,,
1777,1,2023-07-09T15:00:00+00,PIX,COBRANCA,APROVADO,973.38,1,,
1778,1,2023-08-26T15:00:00+00,PIX,COBRANCA,APROVADO,2114.70,1,,
1779,1,2023-09-15T15:00:00+00,PIX,COBRANCA,APROVADO,1523.84,1,,
1780,1,2023-10-04T15:00:00+00,PIX,COBRANCA,APROVADO,1477.12,1,,
1781,1,2023-11-21T15:00:00+00,PIX,COBRANCA,APROVADO,1667.66,1,,
1782,1,2023-11-10T15:00:00+00,PIX,COBRANCA,APROVADO,434.02,1,,
1783,1,2023-12-27T15:00:00+00,PIX,COBRANCA,APROVADO,1287.64,1,,
1784,1,2023-01-16T15:00:00+00,PIX,COBRANCA,APROVADO,1668.36,1,,
1785,1,2023-02-05T15:00:00+00,PIX,COBRANCA,APROVADO,808.98,1,,
1786,1,2023-03-22T15:00:00+00,PIX,COBRANCA,APROVADO,1785.90,1,,
1787,1,2023-04-11T15:00:00+00,PIX,COBRANCA,APROVADO,504.56,1,,
1788,1,2023-05-28T15:00:00+00,PIX,COBRANCA,APROVADO,625.21,1,,
1789,1,2023-06-17T15:00:00+00,PIX,COBRANCA,APROVADO,1272.28,1,,
1790,1,2023-07-06T15:00:00+00,PIX,COBRANCA,APROVADO,419.77,1,,
1791,1,2023-08-23T15:00:00+00,PIX,COBRANCA,APROVADO,975.01,1,,
1792,1,2023-09-12T15:00:00+00,PIX,COBRANCA,APROVADO,983.50,1,,
1793,1,2023-10-29T15:00:00+00,PIX,COBRANCA,APROVADO,625.85,1,,
1794,1,2023-11-18T15:00:00+00,PIX,COBRANCA,APROVADO,1428.31,1,,
1795,1,2023-11-07T15:00:00+00,PIX,COBRANCA,APROVADO,725.21,1,,
1796,1,2023-12-24T15:00:00+00,PIX,COBRANCA,APROVADO,996.58,1,,
1797,1,2023-01-13T15:00:00+00,PIX,COBRANCA,APROVADO,1883.38,1,,
1798,1,2023-02-02T15:00:00+00,PIX,COBRANCA,APROVADO,527.80,1,,
1799,1,2023-03-19T15:00:00+00,PIX,COBRANCA,APROVADO,1473.25,1,,
1800,1,2023-04-08T15:00:00+00,PIX,COBRANCA,APROVADO,1302.34,1,,
1801,1,2023-05-25T15:00:00+00,PIX,COBRANCA,APROVADO,1093.94,1,,
1802,1,2023-06-14T15:00:00+00,PIX,COBRANCA,APROVADO,2202.38,1,,
1803,1,2023-07-03T15:00:00+00,PIX,COBRANCA,APROVADO,1227.92,1,,
1804,1,2023-08-20T15:00:00+00,PIX,COBRANCA,APROVADO,1586.72,1,,
1805,1,2023-09-09T15:00:00+00,PIX,COBRANCA,APROVADO,2818.46,1,,
1806,1,2023-10-26T15:00:00+00,PIX,COBRANCA,APROVADO,872.42,1,,
1807,1,2023-11-15T15:00:00+00,PIX,COBRANCA,APROVADO,2153.48,1,,
1808,1,2023-11-04T15:00:00+00,PIX,COBRANCA,APROVADO,2172.52,1,,
1809,1,2023-12-21T15:00:00+00,PIX,COBRANCA,APROVADO,1389.86,1,,
1810,1,2023-01-10T15:00:00+00,PIX,COBRANCA,APROVADO,2794.22,1,,
1811,1,2023-02-27T15:00:00+00,PIX,COBRANCA,APROVADO,1589.60,1,,
1812,1,2023-03-16T15:00:00+00,PIX,COBRANCA,APROVADO,1981.28,1,,
1813,1,2023-04-05T15:00:00+00,PIX,COBRANCA,APROVADO,2281.42,1,,
1814,1,2023-05-22T15:00:00+00,PIX,COBRANCA,APROVADO,609.38,1,,
1815,1,2023-06-11T15:00:00+00,PIX,COBRANCA,APROVADO,1726.04,1,,
1816,1,2023-07-28T15:00:00+00,PIX,COBRANCA,APROVADO,2545.16,1,,
1817,1,2023-08-17T15:00:00+00,PIX,COBRANCA,APROVADO,1072.02,1,,
1818,1,2023-09-06T15:00:00+00,PIX,COBRANCA,APROVADO,1391.34,1,,
1819,1,2023-10-23T15:00:00+00,PIX,COBRANCA,APROVADO,1490.96,1,,
1820,1,2023-11-12T15:00:00+00,PIX,COBRANCA,APROVADO,994.88,1,,
1821,1,2023-11-29T15:00:00+00,PIX,COBRANCA,APROVADO,1744.85,1,,
1822,1,2023-12-18T15:00:00+00,PIX,COBRANCA,APROVADO,429.18,1,,
1823,1,2023-01-07T15:00:00+00,PIX,COBRANCA,APROVADO,1178.10,1,,
1824,1,2023-02-24T15:00:00+00,PIX,COBRANCA,APROVADO,701.54,1,,
1825,1,2023-03-13T15:00:00+00,PIX,COBRANCA,APROVADO,524.23,1,,
1826,1,2023-04-02T15:00:00+00,PIX,COBRANCA,APROVADO,1015.25,1,,
1827,1,2023-05-19T15:00:00+00,PIX,COBRANCA,APROVADO,513.31,1,,
1828,1,2023-06-08T15:00:00+00,PIX,COBRANCA,APROVADO,729.35,1,,
1829,1,2023-07-25T15:00:00+00,PIX,COBRANCA,APROVADO,1478.31,1,,
1830,1,2023-08-14T15:00:00+00,PIX,COBRANCA,APROVADO,476.23,1,,
1831,1,2023-09-03T15:00:00+00,PIX,COBRANCA,APROVADO,1113.62,1,,
1832,1,2023-10-20T15:00:00+00,PIX,COBRANCA,APROVADO,1134.18,1,,
1833,1,2023-11-09T15:00:00+00,PIX,COBRANCA,APROVADO,703.68,1,,
1834,1,2023-11-26T15:00:00+00,PIX,COBRANCA,APROVADO,1807.82,1,,
1835,1,2023-12-15T15:00:00+00,PIX,COBRANCA,APROVADO,986.80,1,,
1836,1,2023-01-04T15:00:00+00,PIX,COBRANCA,APROVADO,1323.68,1,,
1837,1,2023-02-21T15:00:00+00,PIX,COBRANCA,APROVADO,2358.14,1,,
1838,1,2023-03-10T15:00:00+00,PIX,COBRANCA,APROVADO,740.90,1,,
1839,1,2023-04-27T15:00:00+00,PIX,COBRANCA,APROVADO,1824.68,1,,
1840,1,2023-05-16T15:00:00+00,PIX,COBRANCA,APROVADO,1821.80,1,,
1841,1,2023-06-05T15:00:00+00,PIX,COBRANCA,APROVADO,1192.58,1,,
1842,1,2023-07-22T15:00:00+00,PIX,COBRANCA,APROVADO,2399.66,1,,
1843,1,2023-08-11T15:00:00+00,PIX,COBRANCA,APROVADO,1348.48,1,,
1844,1,2023-09-28T15:00:00+00,PIX,COBRANCA,APROVADO,1718.24,1,,
1845,1,2023-10-17T15:00:00+00,PIX,COBRANCA,APROVADO,3048.62,1,,
1846,1,2023-11-06T15:00:00+00,PIX,COBRANCA,APROVADO,938.18,1,,
1847,1,2023-11-23T15:00:00+00,PIX,COBRANCA,APROVADO,2317.88,1,,
1848,1,2023-12-12T15:00:00+00,PIX,COBRANCA,APROVADO,2347.88,1,,
1849,1,2023-01-29T15:00:00+00,PIX,COBRANCA,APROVADO,1488.50,1,,
1850,1,2023-02-18T15:00:00+00,PIX,COBRANCA,APROVADO,1917.42,1,,
1851,1,2023-03-07T15:00:00+00,PIX,COBRANCA,APROVADO,1403.28,1,,
1852,1,2023-04-24T15:00:00+00,PIX,COBRANCA,APROVADO,1345.60,1,,
1853,1,2023-05-13T15:00:00+00,PIX,COBRANCA,APROVADO,2511.58,1,,
1854,1,2023-06-02T15:00:00+00,PIX,COBRANCA,APROVADO,653.03,1,,
1855,1,2023-07-19T15:00:00+00,PIX,COBRANCA,APROVADO,1517.06,1,,
1856,1,2023-08-08T15:00:00+00,PIX,COBRANCA,APROVADO,1325.70,1,,
1857,1,2023-09-25T15:00:00+00,PIX,COBRANCA,APROVADO,595.83,1,,
1858,1,2023-10-14T15:00:00+00,PIX,COBRANCA,APROVADO,1293.71,1,,
1859,1,2023-11-03T15:00:00+00,PIX,COBRANCA,APROVADO,1515.42,1,,
1860,1,2023-11-20T15:00:00+00,PIX,COBRANCA,APROVADO,949.01,1,,
1861,1,2023-12-09T15:00:00+00,PIX,COBRANCA,APROVADO,1006.51,1,,
1862,1,2023-01-26T15:00:00+00,PIX,COBRANCA,APROVADO,372.77,1,,
1863,1,2023-02-15T15:00:00+00,PIX,COBRANCA,APROVADO,786.87,1,,
1864,1,2023-03-04T15:00:00+00,PIX,COBRANCA,APROVADO,862.68,1,,
1865,1,2023-04-21T15:00:00+00,PIX,COBRANCA,APROVADO,608.11,1,,
1866,1,2023-05-10T15:00:00+00,PIX,COBRANCA,APROVADO,1181.73,1,,
1867,1,2023-06-27T15:00:00+00,PIX,COBRANCA,APROVADO,633.68,1,,
1868,1,2023-07-16T15:00:00+00,PIX,COBRANCA,APROVADO,1060.64,1,,
1869,1,2023-08-05T15:00:00+00,PIX,COBRANCA,APROVADO,1897.82,1,,
1870,1,2023-09-22T15:00:00+00,PIX,COBRANCA,APROVADO,609.38,1,,
1871,1,2023-10-11T15:00:00+00,PIX,COBRANCA,APROVADO,1495.88,1,,
1872,1,2023-11-28T15:00:00+00,PIX,COBRANCA,APROVADO,1471.08,1,,
1873,1,2023-11-17T15:00:00+00,PIX,COBRANCA,APROVADO,995.30,1,,
1874,1,2023-12-06T15:00:00+00,PIX,COBRANCA,APROVADO,2005.10,1,,
1875,1,2023-01-23T15:00:00+00,PIX,COBRANCA,APROVADO,1107.36,1,,
1876,1,2023-02-12T15:00:00+00,PIX,COBRANCA,APROVADO,1455.20,1,,
1877,1,2023-03-29T15:00:00+00,PIX,COBRANCA,APROVADO,2588.30,1,,
1878,1,2023-04-18T15:00:00+00,PIX,COBRANCA,APROVADO,806.66,1,,
1879,1,2023-05-07T15:00:00+00,PIX,COBRANCA,APROVADO,1989.08,1,,
1880,1,2023-06-24T15:00:00+00,PIX,COBRANCA,APROVADO,1997.16,1,,
1881,1,2023-07-13T15:00:00+00,PIX,COBRANCA,APROVADO,1291.22,1,,
1882,1,2023-08-02T15:00:00+00,PIX,COBRANCA,APROVADO,2596.94,1,,
1883,1,2023-09-19T15:00:00+00,PIX,COBRANCA,APROVADO,1469.04,1,,
1884,1,2023-10-08T15:00:00+00,PIX,COBRANCA,APROVADO,1849.76,1,,
1885,1,2023-11-25T15:00:00+00,PIX,COBRANCA,APROVADO,3278.78,1,,
1886,1,2023-11-14T15:00:00+00,PIX,COBRANCA,APROVADO,1003.94,1,,
1887,1,2023-12-03T15:00:00+00,PIX,COBRANCA,APROVADO,1561.64,1,,
1888,1,2023-01-20T15:00:00+00,PIX,COBRANCA,APROVADO,1946.52,1,,
1889,1,2023-02-09T15:00:00+00,PIX,COBRANCA,APROVADO,884.11,1,,
1890,1,2023-03-26T15:00:00+00,PIX,COBRANCA,APROVADO,1688.13,1,,
1891,1,2023-04-15T15:00:00+00,PIX,COBRANCA,APROVADO,1354.35,1,,
1892,1,2023-05-04T15:00:00+00,PIX,COBRANCA,APROVADO,1295.70,1,,
1893,1,2023-06-21T15:00:00+00,PIX,COBRANCA,APROVADO,1363.30,1,,
1894,1,2023-07-10T15:00:00+00,PIX,COBRANCA,APROVADO,391.25,1,,
1895,1,2023-08-27T15:00:00+00,PIX,COBRANCA,APROVADO,1080.30,1,,
1896,1,2023-09-16T15:00:00+00,PIX,COBRANCA,APROVADO,1477.97,1,,
1897,1,2023-10-05T15:00:00+00,PIX,COBRANCA,APROVADO,683.01,1,,
1898,1,2023-11-22T15:00:00+00,PIX,COBRANCA,APROVADO,1450.47,1,,
1899,1,2023-11-11T15:00:00+00,PIX,COBRANCA,APROVADO,461.02,1,,
1900,1,2023-12-28T15:00:00+00,PIX,COBRANCA,APROVADO,713.20,1,,
1901,1,2023-01-17T15:00:00+00,PIX,COBRANCA,APROVADO,1437.50,1,,
1902,1,2023-02-06T15:00:00+00,PIX,COBRANCA,APROVADO,477.86,1,,
1903,1,2023-03-23T15:00:00+00,PIX,COBRANCA,APROVADO,1167.08,1,,
1904,1,2023-04-12T15:00:00+00,PIX,COBRANCA,APROVADO,1120.36,1,,
1905,1,2023-05-29T15:00:00+00,PIX,COBRANCA,APROVADO,798.02,1,,
1906,1,2023-06-18T15:00:00+00,PIX,COBRANCA,APROVADO,1610.54,1,,
1907,1,2023-07-07T15:00:00+00,PIX,COBRANCA,APROVADO,866.24,1,,
1908,1,2023-08-24T15:00:00+00,PIX,COBRANCA,APROVADO,1192.16,1,,
1909,1,2023-09-13T15:00:00+00,PIX,COBRANCA,APROVADO,2127.98,1,,
1910,1,2023-10-02T15:00:00+00,PIX,COBRANCA,APROVADO,675.14,1,,
1911,1,2023-11-19T15:00:00+00,PIX,COBRANCA,APROVADO,1660.28,1,,
1912,1,2023-11-08T15:00:00+00,PIX,COBRANCA,APROVADO,1646.44,1,,
1913,1,2023-12-25T15:00:00+00,PIX,COBRANCA,APROVADO,1093.94,1,,
1914,1,2023-01-14T15:00:00+00,PIX,COBRANCA,APROVADO,2202.38,1,,
1915,1,2023-02-03T15:00:00+00,PIX,COBRANCA,APROVADO,1227.92,1,,
1916,1,2023-03-20T15:00:00+00,PIX,COBRANCA,APROVADO,1586.72,1,,
1917,1,2023-04-09T15:00:00+00,PIX,COBRANCA,APROVADO,2818.46,1,,
1918,1,2023-05-26T15:00:00+00,PIX,COBRANCA,APROVADO,872.42,1,,
1919,1,2023-06-15T15:00:00+00,PIX,COBRANCA,APROVADO,2153.48,1,,
1920,1,2023-07-04T15:00:00+00,PIX,COBRANCA,APROVADO,2172.52,1,,
1921,1,2023-08-21T15:00:00+00,PIX,COBRANCA,APROVADO,1186.47,1,,
1922,1,2023-09-10T15:00:00+00,PIX,COBRANCA,APROVADO,2465.24,1,,
1923,1,2023-10-27T15:00:00+00,PIX,COBRANCA,APROVADO,1309.46,1,,
1924,1,2023-11-16T15:00:00+00,PIX,COBRANCA,APROVADO,1759.17,1,,
1925,1,2023-11-05T15:00:00+00,PIX,COBRANCA,APROVADO,1811.26,1,,
1926,1,2023-12-22T15:00:00+00,PIX,COBRANCA,APROVADO,521.46,1,,
1927,1,2023-01-11T15:00:00+00,PIX,COBRANCA,APROVADO,1508.40,1,,
1928,1,2023-02-28T15:00:00+00,PIX,COBRANCA,APROVADO,2090.14,1,,
1929,1,2023-03-17T15:00:00+00,PIX,COBRANCA,APROVADO,971.75,1,,
1930,1,2023-04-06T15:00:00+00,PIX,COBRANCA,APROVADO,1163.69,1,,
1931,1,2023-05-23T15:00:00+00,PIX,COBRANCA,APROVADO,1329.66,1,,
1932,1,2023-06-12T15:00:00+00,PIX,COBRANCA,APROVADO,828.31,1,,
1933,1,2023-07-29T15:00:00+00,PIX,COBRANCA,APROVADO,1546.30,1,,
1934,1,2023-08-18T15:00:00+00,PIX,COBRANCA,APROVADO,499.78,1,,
1935,1,2023-09-07T15:00:00+00,PIX,COBRANCA,APROVADO,1452.04,1,,
1936,1,2023-10-24T15:00:00+00,PIX,COBRANCA,APROVADO,769.64,1,,
1937,1,2023-11-13T15:00:00+00,PIX,COBRANCA,APROVADO,600.74,1,,
1938,1,2023-11-02T15:00:00+00,PIX,COBRANCA,APROVADO,1215.98,1,,
1939,1,2023-12-19T15:00:00+00,PIX,COBRANCA,APROVADO,625.12,1,,
1940,1,2023-01-08T15:00:00+00,PIX,COBRANCA,APROVADO,929.12,1,,
1941,1,2023-02-25T15:00:00+00,PIX,COBRANCA,APROVADO,1667.66,1,,
1942,1,2023-03-14T15:00:00+00,PIX,COBRANCA,APROVADO,543.62,1,,
1943,1,2023-04-03T15:00:00+00,PIX,COBRANCA,APROVADO,1331.48,1,,
1944,1,2023-05-20T15:00:00+00,PIX,COBRANCA,APROVADO,1295.72,1,,
1945,1,2023-06-09T15:00:00+00,PIX,COBRANCA,APROVADO,896.66,1,,
1946,1,2023-07-26T15:00:00+00,PIX,COBRANCA,APROVADO,1807.82,1,,
1947,1,2023-08-15T15:00:00+00,PIX,COBRANCA,APROVADO,986.80,1,,
1948,1,2023-09-04T15:00:00+00,PIX,COBRANCA,APROVADO,1323.68,1,,
1949,1,2023-10-21T15:00:00+00,PIX,COBRANCA,APROVADO,2358.14,1,,
1950,1,2023-11-10T15:00:00+00,PIX,COBRANCA,APROVADO,740.90,1,,
1951,1,2023-11-27T15:00:00+00,PIX,COBRANCA,APROVADO,1824.68,1,,
1952,1,2023-12-16T15:00:00+00,PIX,COBRANCA,APROVADO,1821.80,1,,
1953,1,2023-01-05T15:00:00+00,PIX,COBRANCA,APROVADO,1192.58,1,,
1954,1,2023-02-22T15:00:00+00,PIX,COBRANCA,APROVADO,2238.73,1,,
1955,1,2023-03-11T15:00:00+00,PIX,COBRANCA,APROVADO,1121.93,1,,
1956,1,2023-04-28T15:00:00+00,PIX,COBRANCA,APROVADO,1439.35,1,,
1957,1,2023-05-17T15:00:00+00,PIX,COBRANCA,APROVADO,2687.81,1,,
1958,1,2023-06-06T15:00:00+00,PIX,COBRANCA,APROVADO,733.84,1,,
1959,1,2023-07-23T15:00:00+00,PIX,COBRANCA,APROVADO,2060.77,1,,
1960,1,2023-08-12T15:00:00+00,PIX,COBRANCA,APROVADO,1845.82,1,,
1961,1,2023-09-29T15:00:00+00,PIX,COBRANCA,APROVADO,1244.35,1,,
1962,1,2023-10-18T15:00:00+00,PIX,COBRANCA,APROVADO,1671.19,1,,
1963,1,2023-11-07T15:00:00+00,PIX,COBRANCA,APROVADO,1179.06,1,,
1964,1,2023-11-24T15:00:00+00,PIX,COBRANCA,APROVADO,1224.29,1,,
1965,1,2023-12-13T15:00:00+00,PIX,COBRANCA,APROVADO,2004.70,1,,
1966,1,2023-01-02T15:00:00+00,PIX,COBRANCA,APROVADO,576.27,1,,
1967,1,2023-02-19T15:00:00+00,PIX,COBRANCA,APROVADO,1730.32,1,,
1968,1,2023-03-08T15:00:00+00,PIX,COBRANCA,APROVADO,1493.00,1,,
1969,1,2023-04-25T15:00:00+00,PIX,COBRANCA,APROVADO,710.34,1,,
1970,1,2023-05-14T15:00:00+00,PIX,COBRANCA,APROVADO,1588.62,1,,
1971,1,2023-06-03T15:00:00+00,PIX,COBRANCA,APROVADO,1611.52,1,,
1972,1,2023-07-20T15:00:00+00,PIX,COBRANCA,APROVADO,1126.40,1,,
1973,1,2023-08-09T15:00:00+00,PIX,COBRANCA,APROVADO,1207.34,1,,
1974,1,2023-09-26T15:00:00+00,PIX,COBRANCA,APROVADO,412.10,1,,
1975,1,2023-10-15T15:00:00+00,PIX,COBRANCA,APROVADO,1002.68,1,,
1976,1,2023-11-04T15:00:00+00,PIX,COBRANCA,APROVADO,945.00,1,,
1977,1,2023-11-21T15:00:00+00,PIX,COBRANCA,APROVADO,699.38,1,,
1978,1,2023-12-10T15:00:00+00,PIX,COBRANCA,APROVADO,1413.26,1,,
1979,1,2023-01-27T15:00:00+00,PIX,COBRANCA,APROVADO,745.68,1,,
1980,1,2023-02-16T15:00:00+00,PIX,COBRANCA,APROVADO,1060.64,1,,
1981,1,2023-03-05T15:00:00+00,PIX,COBRANCA,APROVADO,1897.82,1,,
1982,1,2023-04-22T15:00:00+00,PIX,COBRANCA,APROVADO,609.38,1,,
1983,1,2023-05-11T15:00:00+00,PIX,COBRANCA,APROVADO,1495.88,1,,
1984,1,2023-06-28T15:00:00+00,PIX,COBRANCA,APROVADO,1471.08,1,,
1985,1,2023-07-17T15:00:00+00,PIX,COBRANCA,APROVADO,995.30,1,,
1986,1,2023-08-06T15:00:00+00,PIX,COBRANCA,APROVADO,2005.10,1,,
1987,1,2023-09-23T15:00:00+00,PIX,COBRANCA,APROVADO,1107.36,1,,
1988,1,2023-10-12T15:00:00+00,PIX,COBRANCA,APROVADO,1145.81,1,,
1989,1,2023-11-29T15:00:00+00,PIX,COBRANCA,APROVADO,2302.52,1,,
1990,1,2023-11-18T15:00:00+00,PIX,COBRANCA,APROVADO,701.99,1,,
1991,1,2023-12-07T15:00:00+00,PIX,COBRANCA,APROVADO,1668.23,1,,
1992,1,2023-01-24T15:00:00+00,PIX,COBRANCA,APROVADO,1737.00,1,,
1993,1,2023-02-13T15:00:00+00,PIX,COBRANCA,APROVADO,1014.93,1,,
1994,1,2023-03-02T15:00:00+00,PIX,COBRANCA,APROVADO,2310.59,1,,
1995,1,2023-04-19T15:00:00+00,PIX,COBRANCA,APROVADO,1221.15,1,,
1996,1,2023-05-08T15:00:00+00,PIX,COBRANCA,APROVADO,1550.06,1,,
1997,1,2023-06-25T15:00:00+00,PIX,COBRANCA,APROVADO,2888.96,1,,
1998,1,2023-07-14T15:00:00+00,PIX,COBRANCA,APROVADO,785.36,1,,
1999,1,2023-08-03T15:00:00+00,PIX,COBRANCA,APROVADO,1425.05,1,,
2000,1,2023-09-20T15:00:00+00,PIX,COBRANCA,APROVADO,1839.38,1,,
2001,1,2023-10-09T15:00:00+00,PIX,COBRANCA,APROVADO,486.69,1,,
2001,2,2023-10-10T15:00:00+00,CARTAO_CREDITO,COBRANCA,APROVADO,486.69,2,,
2002,1,2023-11-26T15:00:00+00,PIX,COBRANCA,APROVADO,1057.35,1,,
2002,2,2023-11-27T15:00:00+00,CARTAO_CREDITO,COBRANCA,APROVADO,1057.35,2,,
2003,1,2023-11-15T15:00:00+00,PIX,COBRANCA,APROVADO,761.92,1,,
2003,2,2023-11-16T15:00:00+00,CARTAO_CREDITO,COBRANCA,APROVADO,761.92,2,,
2004,1,2023-12-04T15:00:00+00,PIX,COBRANCA,APROVADO,738.56,1,,
2004,2,2023-12-05T15:00:00+00,CARTAO_CREDITO,COBRANCA,APROVADO,738.56,2,,
2005,1,2023-01-21T15:00:00+00,PIX,COBRANCA,APROVADO,833.83,1,,
2005,2,2023-01-22T15:00:00+00,CARTAO_CREDITO,COBRANCA,APROVADO,833.83,2,,
2006,1,2023-02-10T15:00:00+00,PIX,COBRANCA,APROVADO,217.01,1,,
2006,2,2023-02-11T15:00:00+00,CARTAO_CREDITO,COBRANCA,APROVADO,217.01,2,,
2007,1,2023-03-27T15:00:00+00,PIX,COBRANCA,APROVADO,643.82,1,,
2007,2,2023-03-28T15:00:00+00,CARTAO_CREDITO,COBRANCA,APROVADO,643.82,2,,
2008,1,2023-04-16T15:00:00+00,PIX,COBRANCA,APROVADO,834.18,1,,
2008,2,2023-04-17T15:00:00+00,CARTAO_CREDITO,COBRANCA,APROVADO,834.18,2,,
2009,1,2023-05-05T15:00:00+00,PIX,COBRANCA,APROVADO,404.49,1,,
2009,2,2023-05-06T15:00:00+00,CARTAO_CREDITO,COBRANCA,APROVADO,404.49,2,,
2010,1,2023-06-22T15:00:00+00,PIX,COBRANCA,APROVADO,892.95,1,,
2010,2,2023-06-23T15:00:00+00,CARTAO_CREDITO,COBRANCA,APROVADO,892.95,2,,
2011,1,2023-07-11T15:00:00+00,PIX,COBRANCA,APROVADO,252.28,1,,
2011,2,2023-07-12T15:00:00+00,CARTAO_CREDITO,COBRANCA,APROVADO,252.28,2,,
2012,1,2023-08-28T15:00:00+00,PIX,COBRANCA,APROVADO,398.80,1,,
2012,2,2023-08-29T15:00:00+00,CARTAO_CREDITO,COBRANCA,APROVADO,398.80,2,,
2013,1,2023-09-17T15:00:00+00,PIX,COBRANCA,APROVADO,718.75,1,,
2013,2,2023-09-18T15:00:00+00,CARTAO_CREDITO,COBRANCA,APROVADO,718.75,2,,
2014,1,2023-10-06T15:00:00+00,PIX,COBRANCA,APROVADO,238.93,1,,
2014,2,2023-10-07T15:00:00+00,CARTAO_CREDITO,COBRANCA,APROVADO,238.93,2,,
2015,1,2023-11-23T15:00:00+00,PIX,COBRANCA,APROVADO,583.54,1,,
2015,2,2023-11-24T15:00:00+00,CARTAO_CREDITO,COBRANCA,APROVADO,583.54,2,,
2016,1,2023-11-12T15:00:00+00,PIX,COBRANCA,APROVADO,560.18,1,,
2016,2,2023-11-13T15:00:00+00,CARTAO_CREDITO,COBRANCA,APROVADO,560.18,2,,
2017,1,2023-12-29T15:00:00+00,PIX,COBRANCA,APROVADO,399.01,1,,
2017,2,2023-12-30T15:00:00+00,CARTAO_CREDITO,COBRANCA,APROVADO,399.01,2,,
2018,1,2023-01-18T15:00:00+00,PIX,COBRANCA,APROVADO,805.27,1,,
2018,2,2023-01-19T15:00:00+00,CARTAO_CREDITO,COBRANCA,APROVADO,805.27,2,,
2019,1,2023-02-07T15:00:00+00,PIX,COBRANCA,APROVADO,433.12,1,,
2019,2,2023-02-08T15:00:00+00,CARTAO_CREDITO,COBRANCA,APROVADO,433.12,2,,
2020,1,2023-03-24T15:00:00+00,PIX,COBRANCA,APROVADO,596.08,1,,
2020,2,2023-03-25T15:00:00+00,CARTAO_CREDITO,COBRANCA,APROVADO,596.08,2,,
2021,1,2023-04-13T15:00:00+00,PIX,COBRANCA,APROVADO,914.89,1,,
2021,2,2023-04-14T15:00:00+00,CARTAO_CREDITO,COBRANCA,APROVADO,914.90,2,,
2022,1,2023-05-02T15:00:00+00,PIX,COBRANCA,APROVADO,303.64,1,,
2022,2,2023-05-03T15:00:00+00,CARTAO_CREDITO,COBRANCA,APROVADO,303.64,2,,
2023,1,2023-06-19T15:00:00+00,PIX,COBRANCA,APROVADO,654.27,1,,
2023,2,2023-06-20T15:00:00+00,CARTAO_CREDITO,COBRANCA,APROVADO,654.27,2,,
2024,1,2023-07-08T15:00:00+00,PIX,COBRANCA,APROVADO,753.55,1,,
2024,2,2023-07-09T15:00:00+00,CARTAO_CREDITO,COBRANCA,APROVADO,753.55,2,,
2025,1,2023-08-25T15:00:00+00,PIX,COBRANCA,APROVADO,471.72,1,,
2025,2,2023-08-26T15:00:00+00,CARTAO_CREDITO,COBRANCA,APROVADO,471.73,2,,
2026,1,2023-09-14T15:00:00+00,PIX,COBRANCA,APROVADO,924.10,1,,
2026,2,2023-09-15T15:00:00+00,CARTAO_CREDITO,COBRANCA,APROVADO,924.11,2,,
2027,1,2023-10-03T15:00:00+00,PIX,COBRANCA,APROVADO,496.40,1,,
2027,2,2023-10-04T15:00:00+00,CARTAO_CREDITO,COBRANCA,APROVADO,496.41,2,,
2028,1,2023-11-20T15:00:00+00,PIX,COBRANCA,APROVADO,624.97,1,,
2028,2,2023-11-21T15:00:00+00,CARTAO_CREDITO,COBRANCA,APROVADO,624.98,2,,
2029,1,2023-11-09T15:00:00+00,PIX,COBRANCA,APROVADO,1254.27,1,,
2029,2,2023-11-10T15:00:00+00,CARTAO_CREDITO,COBRANCA,APROVADO,1254.28,2,,
2030,1,2023-12-26T15:00:00+00,PIX,COBRANCA,APROVADO,379.22,1,,
2030,2,2023-12-27T15:00:00+00,CARTAO_CREDITO,COBRANCA,APROVADO,379.23,2,,
2031,1,2023-01-15T15:00:00+00,PIX,COBRANCA,APROVADO,903.42,1,,
2031,2,2023-01-16T15:00:00+00,CARTAO_CREDITO,COBRANCA,APROVADO,903.42,2,,
2032,1,2023-02-04T15:00:00+00,PIX,COBRANCA,APROVADO,943.84,1,,
2032,2,2023-02-05T15:00:00+00,CARTAO_CREDITO,COBRANCA,APROVADO,943.84,2,,
2033,1,2023-03-21T15:00:00+00,PIX,COBRANCA,APROVADO,546.38,1,,
2033,2,2023-03-22T15:00:00+00,CARTAO_CREDITO,COBRANCA,APROVADO,546.38,2,,
2034,1,2023-04-10T15:00:00+00,PIX,COBRANCA,APROVADO,1397.11,1,,
2034,2,2023-04-11T15:00:00+00,CARTAO_CREDITO,COBRANCA,APROVADO,1397.11,2,,
2035,1,2023-05-27T15:00:00+00,PIX,COBRANCA,APROVADO,794.80,1,,
2035,2,2023-05-28T15:00:00+00,CARTAO_CREDITO,COBRANCA,APROVADO,794.80,2,,
2036,1,2023-06-16T15:00:00+00,PIX,COBRANCA,APROVADO,990.64,1,,
2036,2,2023-06-17T15:00:00+00,CARTAO_CREDITO,COBRANCA,APROVADO,990.64,2,,
2037,1,2023-07-05T15:00:00+00,PIX,COBRANCA,APROVADO,1140.71,1,,
2037,2,2023-07-06T15:00:00+00,CARTAO_CREDITO,COBRANCA,APROVADO,1140.71,2,,
2038,1,2023-08-22T15:00:00+00,PIX,COBRANCA,APROVADO,304.69,1,,
2038,2,2023-08-23T15:00:00+00,CARTAO_CREDITO,COBRANCA,APROVADO,304.69,2,,
2039,1,2023-09-11T15:00:00+00,PIX,COBRANCA,APROVADO,863.02,1,,
2039,2,2023-09-12T15:00:00+00,CARTAO_CREDITO,COBRANCA,APROVADO,863.02,2,,
2040,1,2023-10-28T15:00:00+00,PIX,COBRANCA,APROVADO,1272.58,1,,
2040,2,2023-10-29T15:00:00+00,CARTAO_CREDITO,COBRANCA,APROVADO,1272.58,2,,
2041,1,2023-11-17T15:00:00+00,PIX,COBRANCA,APROVADO,536.01,1,,
2041,2,2023-11-18T15:00:00+00,CARTAO_CREDITO,COBRANCA,APROVADO,536.01,2,,
2042,1,2023-11-06T15:00:00+00,PIX,COBRANCA,APROVADO,695.67,1,,
2042,2,2023-11-07T15:00:00+00,CARTAO_CREDITO,COBRANCA,APROVADO,695.67,2,,
2043,1,2023-12-23T15:00:00+00,PIX,COBRANCA,APROVADO,745.48,1,,
2043,2,2023-12-24T15:00:00+00,CARTAO_CREDITO,COBRANCA,APROVADO,745.48,2,,
2044,1,2023-01-12T15:00:00+00,PIX,COBRANCA,APROVADO,497.44,1,,
2044,2,2023-01-13T15:00:00+00,CARTAO_CREDITO,COBRANCA,APROVADO,497.44,2,,
2045,1,2023-03-01T15:00:00+00,PIX,COBRANCA,APROVADO,948.91,1,,
2045,2,2023-03-02T15:00:00+00,CARTAO_CREDITO,COBRANCA,APROVADO,948.91,2,,
2046,1,2023-03-18T15:00:00+00,PIX,COBRANCA,APROVADO,249.89,1,,
2046,2,2023-03-19T15:00:00+00,CARTAO_CREDITO,COBRANCA,APROVADO,249.89,2,,
2047,1,2023-04-07T15:00:00+00,PIX,COBRANCA,APROVADO,726.02,1,,
2047,2,2023-04-08T15:00:00+00,CARTAO_CREDITO,COBRANCA,APROVADO,726.02,2,,
2048,1,2023-05-24T15:00:00+00,PIX,COBRANCA,APROVADO,384.82,1,,
2048,2,2023-05-25T15:00:00+00,CARTAO_CREDITO,COBRANCA,APROVADO,384.82,2,,
2049,1,2023-06-13T15:00:00+00,PIX,COBRANCA,APROVADO,300.37,1,,
2049,2,2023-06-14T15:00:00+00,CARTAO_CREDITO,COBRANCA,APROVADO,300.37,2,,
2050,1,2023-07-02T15:00:00+00,PIX,COBRANCA,APROVADO,607.99,1,,
2050,2,2023-07-03T15:00:00+00,CARTAO_CREDITO,COBRANCA,APROVADO,607.99,2,,
2051,1,2023-08-19T15:00:00+00,PIX,COBRANCA,APROVADO,312.56,1,,
2051,2,2023-08-20T15:00:00+00,CARTAO_CREDITO,COBRANCA,APROVADO,312.56,2,,
2052,1,2023-09-08T15:00:00+00,PIX,COBRANCA,APROVADO,464.56,1,,
2052,2,2023-09-09T15:00:00+00,CARTAO_CREDITO,COBRANCA,APROVADO,464.56,2,,
2053,1,2023-10-25T15:00:00+00,PIX,COBRANCA,APROVADO,833.83,1,,
2053,2,2023-10-26T15:00:00+00,CARTAO_CREDITO,COBRANCA,APROVADO,833.83,2,,
2054,1,2023-11-14T15:00:00+00,PIX,COBRANCA,APROVADO,248.42,1,,
2054,2,2023-11-15T15:00:00+00,CARTAO_CREDITO,COBRANCA,APROVADO,248.43,2,,
2055,1,2023-11-03T15:00:00+00,PIX,COBRANCA,APROVADO,571.94,1,,
2055,2,2023-11-04T15:00:00+00,CARTAO_CREDITO,COBRANCA,APROVADO,571.94,2,,
2056,1,2023-12-20T15:00:00+00,PIX,COBRANCA,APROVADO,560.36,1,,
2056,2,2023-12-21T15:00:00+00,CARTAO_CREDITO,COBRANCA,APROVADO,560.36,2,,
2057,1,2023-01-09T15:00:00+00,PIX,COBRANCA,APROVADO,400.66,1,,
2057,2,2023-01-10T15:00:00+00,CARTAO_CREDITO,COBRANCA,APROVADO,400.67,2,,
2058,1,2023-02-26T15:00:00+00,PIX,COBRANCA,APROVADO,712.62,1,,
2058,2,2023-02-27T15:00:00+00,CARTAO_CREDITO,COBRANCA,APROVADO,712.63,2,,
2059,1,2023-03-15T15:00:00+00,PIX,COBRANCA,APROVADO,454.11,1,,
2059,2,2023-03-16T15:00:00+00,CARTAO_CREDITO,COBRANCA,APROVADO,454.11,2,,
2060,1,2023-04-04T15:00:00+00,PIX,COBRANCA,APROVADO,568.49,1,,
2060,2,2023-04-05T15:00:00+00,CARTAO_CREDITO,COBRANCA,APROVADO,568.49,2,,
2061,1,2023-05-21T15:00:00+00,PIX,COBRANCA,APROVADO,989.60,1,,
2061,2,2023-05-22T15:00:00+00,CARTAO_CREDITO,COBRANCA,APROVADO,989.61,2,,
2062,1,2023-06-10T15:00:00+00,PIX,COBRANCA,APROVADO,332.97,1,,
2062,2,2023-06-11T15:00:00+00,CARTAO_CREDITO,COBRANCA,APROVADO,332.98,2,,
2063,1,2023-07-27T15:00:00+00,PIX,COBRANCA,APROVADO,719.49,1,,
2063,2,2023-07-28T15:00:00+00,CARTAO_CREDITO,COBRANCA,APROVADO,719.50,2,,
2064,1,2023-08-16T15:00:00+00,PIX,COBRANCA,APROVADO,834.12,1,,
2064,2,2023-08-17T15:00:00+00,CARTAO_CREDITO,COBRANCA,APROVADO,834.12,2,,
2065,1,2023-09-05T15:00:00+00,PIX,COBRANCA,APROVADO,513.66,1,,
2065,2,2023-09-06T15:00:00+00,CARTAO_CREDITO,COBRANCA,APROVADO,513.67,2,,
2066,1,2023-10-22T15:00:00+00,PIX,COBRANCA,APROVADO,1007.34,1,,
2066,2,2023-10-23T15:00:00+00,CARTAO_CREDITO,COBRANCA,APROVADO,1007.35,2,,
2067,1,2023-11-11T15:00:00+00,PIX,COBRANCA,APROVADO,563.44,1,,
2067,2,2023-11-12T15:00:00+00,CARTAO_CREDITO,COBRANCA,APROVADO,563.44,2,,
2068,1,2023-11-28T15:00:00+00,PIX,COBRANCA,APROVADO,859.12,1,,
2068,2,2023-11-29T15:00:00+00,CARTAO_CREDITO,COBRANCA,APROVADO,859.12,2,,
2069,1,2023-12-17T15:00:00+00,PIX,COBRANCA,APROVADO,1524.31,1,,
2069,2,2023-12-18T15:00:00+00,CARTAO_CREDITO,COBRANCA,APROVADO,1524.31,2,,
2070,1,2023-01-06T15:00:00+00,PIX,COBRANCA,APROVADO,469.09,1,,
2070,2,2023-01-07T15:00:00+00,CARTAO_CREDITO,COBRANCA,APROVADO,469.09,2,,
2071,1,2023-02-23T15:00:00+00,PIX,COBRANCA,APROVADO,1158.94,1,,
2071,2,2023-02-24T15:00:00+00,CARTAO_CREDITO,COBRANCA,APROVADO,1158.94,2,,
2072,1,2023-03-12T15:00:00+00,PIX,COBRANCA,APROVADO,1173.94,1,,
2072,2,2023-03-13T15:00:00+00,CARTAO_CREDITO,COBRANCA,APROVADO,1173.94,2,,
2073,1,2023-04-29T15:00:00+00,PIX,COBRANCA,APROVADO,744.25,1,,
2073,2,2023-04-30T15:00:00+00,CARTAO_CREDITO,COBRANCA,APROVADO,744.25,2,,
2074,1,2023-05-18T15:00:00+00,PIX,COBRANCA,APROVADO,958.71,1,,
2074,2,2023-05-19T15:00:00+00,CARTAO_CREDITO,COBRANCA,APROVADO,958.71,2,,
2075,1,2023-06-07T15:00:00+00,PIX,COBRANCA,APROVADO,701.64,1,,
2075,2,2023-06-08T15:00:00+00,CARTAO_CREDITO,COBRANCA,APROVADO,701.64,2,,
2076,1,2023-07-24T15:00:00+00,PIX,COBRANCA,APROVADO,672.80,1,,
2076,2,2023-07-25T15:00:00+00,CARTAO_CREDITO,COBRANCA,APROVADO,672.80,2,,
2077,1,2023-08-13T15:00:00+00,PIX,COBRANCA,APROVADO,1255.79,1,,
2077,2,2023-08-14T15:00:00+00,CARTAO_CREDITO,COBRANCA,APROVADO,1255.79,2,,
2078,1,2023-09-02T15:00:00+00,PIX,COBRANCA,APROVADO,337.57,1,,
2078,2,2023-09-03T15:00:00+00,CARTAO_CREDITO,COBRANCA,APROVADO,337.57,2,,
2079,1,2023-10-19T15:00:00+00,PIX,COBRANCA,APROVADO,945.22,1,,
2079,2,2023-10-20T15:00:00+00,CARTAO_CREDITO,COBRANCA,APROVADO,945.22,2,,
2080,1,2023-11-08T15:00:00+00,PIX,COBRANCA,APROVADO,746.50,1,,
2080,2,2023-11-09T15:00:00+00,CARTAO_CREDITO,COBRANCA,APROVADO,746.50,2,,
2081,1,2023-11-25T15:00:00+00,PIX,COBRANCA,APROVADO,355.17,1,,
2081,2,2023-11-26T15:00:00+00,CARTAO_CREDITO,COBRANCA,APROVADO,355.17,2,,
2082,1,2023-12-14T15:00:00+00,PIX,COBRANCA,APROVADO,794.31,1,,
2082,2,2023-12-15T15:00:00+00,CARTAO_CREDITO,COBRANCA,APROVADO,794.31,2,,
2083,1,2023-01-03T15:00:00+00,PIX,COBRANCA,APROVADO,805.76,1,,
2083,2,2023-01-04T15:00:00+00,CARTAO_CREDITO,COBRANCA,APROVADO,805.76,2,,
2084,1,2023-02-20T15:00:00+00,PIX,COBRANCA,APROVADO,563.20,1,,
2084,2,2023-02-21T15:00:00+00,CARTAO_CREDITO,COBRANCA,APROVADO,563.20,2,,
2085,1,2023-03-09T15:00:00+00,PIX,COBRANCA,APROVADO,603.67,1,,
2085,2,2023-03-10T15:00:00+00,CARTAO_CREDITO,COBRANCA,APROVADO,603.67,2,,
2086,1,2023-04-26T15:00:00+00,PIX,COBRANCA,APROVADO,206.05,1,,
2086,2,2023-04-27T15:00:00+00,CARTAO_CREDITO,COBRANCA,APROVADO,206.05,2,,
2087,1,2023-05-15T15:00:00+00,PIX,COBRANCA,APROVADO,501.34,1,,
2087,2,2023-05-16T15:00:00+00,CARTAO_CREDITO,COBRANCA,APROVADO,501.34,2,,
2088,1,2023-06-04T15:00:00+00,PIX,COBRANCA,APROVADO,384.73,1,,
2088,2,2023-06-05T15:00:00+00,CARTAO_CREDITO,COBRANCA,APROVADO,384.73,2,,
2089,1,2023-07-21T15:00:00+00,PIX,COBRANCA,APROVADO,308.33,1,,
2089,2,2023-07-22T15:00:00+00,CARTAO_CREDITO,COBRANCA,APROVADO,308.34,2,,
2090,1,2023-08-10T15:00:00+00,PIX,COBRANCA,APROVADO,607.06,1,,
2090,2,2023-08-11T15:00:00+00,CARTAO_CREDITO,COBRANCA,APROVADO,607.06,2,,
2091,1,2023-09-27T15:00:00+00,PIX,COBRANCA,APROVADO,323.97,1,,
2091,2,2023-09-28T15:00:00+00,CARTAO_CREDITO,COBRANCA,APROVADO,323.98,2,,
2092,1,2023-10-16T15:00:00+00,PIX,COBRANCA,APROVADO,472.76,1,,
2092,2,2023-10-17T15:00:00+00,CARTAO_CREDITO,COBRANCA,APROVADO,472.76,2,,
2093,1,2023-11-05T15:00:00+00,PIX,COBRANCA,APROVADO,747.97,1,,
2093,2,2023-11-06T15:00:00+00,CARTAO_CREDITO,COBRANCA,APROVADO,747.97,2,,
2094,1,2023-11-22T15:00:00+00,PIX,COBRANCA,APROVADO,267.96,1,,
2094,2,2023-11-23T15:00:00+00,CARTAO_CREDITO,COBRANCA,APROVADO,267.97,2,,
2095,1,2023-12-11T15:00:00+00,PIX,COBRANCA,APROVADO,641.26,1,,
2095,2,2023-12-12T15:00:00+00,CARTAO_CREDITO,COBRANCA,APROVADO,641.26,2,,
2096,1,2023-01-28T15:00:00+00,PIX,COBRANCA,APROVADO,636.53,1,,
2096,2,2023-01-29T15:00:00+00,CARTAO_CREDITO,COBRANCA,APROVADO,636.53,2,,
2097,1,2023-02-17T15:00:00+00,PIX,COBRANCA,APROVADO,444.25,1,,
2097,2,2023-02-18T15:00:00+00,CARTAO_CREDITO,COBRANCA,APROVADO,444.26,2,,
2098,1,2023-03-06T15:00:00+00,PIX,COBRANCA,APROVADO,790.98,1,,
2098,2,2023-03-07T15:00:00+00,CARTAO_CREDITO,COBRANCA,APROVADO,790.98,2,,
2099,1,2023-04-23T15:00:00+00,PIX,COBRANCA,APROVADO,509.99,1,,
2099,2,2023-04-24T15:00:00+00,CARTAO_CREDITO,COBRANCA,APROVADO,509.99,2,,
2100,1,2023-05-12T15:00:00+00,PIX,COBRANCA,APROVADO,641.56,1,,
2100,2,2023-05-13T15:00:00+00,CARTAO_CREDITO,COBRANCA,APROVADO,641.56,2,,
2101,1,2023-06-29T15:00:00+00,PIX,COBRANCA,APROVADO,1294.15,1,,
2101,2,2023-06-30T15:00:00+00,CARTAO_CREDITO,COBRANCA,APROVADO,1294.15,2,,
2102,1,2023-07-18T15:00:00+00,PIX,COBRANCA,APROVADO,403.33,1,,
2102,2,2023-07-19T15:00:00+00,CARTAO_CREDITO,COBRANCA,APROVADO,403.33,2,,
2103,1,2023-08-07T15:00:00+00,PIX,COBRANCA,APROVADO,994.54,1,,
2103,2,2023-08-08T15:00:00+00,CARTAO_CREDITO,COBRANCA,APROVADO,994.54,2,,
2104,1,2023-09-24T15:00:00+00,PIX,COBRANCA,APROVADO,998.58,1,,
2104,2,2023-09-25T15:00:00+00,CARTAO_CREDITO,COBRANCA,APROVADO,998.58,2,,
2105,1,2023-10-13T15:00:00+00,PIX,COBRANCA,APROVADO,645.61,1,,
2105,2,2023-10-14T15:00:00+00,CARTAO_CREDITO,COBRANCA,APROVADO,645.61,2,,
2106,1,2023-11-02T15:00:00+00,PIX,COBRANCA,APROVADO,1298.47,1,,
2106,2,2023-11-03T15:00:00+00,CARTAO_CREDITO,COBRANCA,APROVADO,1298.47,2,,
2107,1,2023-11-19T15:00:00+00,PIX,COBRANCA,APROVADO,734.52,1,,
2107,2,2023-11-20T15:00:00+00,CARTAO_CREDITO,COBRANCA,APROVADO,734.52,2,,
2108,1,2023-12-08T15:00:00+00,PIX,COBRANCA,APROVADO,924.88,1,,
2108,2,2023-12-09T15:00:00+00,CARTAO_CREDITO,COBRANCA,APROVADO,924.88,2,,
2109,1,2023-01-25T15:00:00+00,PIX,COBRANCA,APROVADO,1639.39,1,,
2109,2,2023-01-26T15:00:00+00,CARTAO_CREDITO,COBRANCA,APROVADO,1639.39,2,,
2110,1,2023-02-14T15:00:00+00,PIX,COBRANCA,APROVADO,501.97,1,,
2110,2,2023-02-15T15:00:00+00,CARTAO_CREDITO,COBRANCA,APROVADO,501.97,2,,
2111,1,2023-03-03T15:00:00+00,PIX,COBRANCA,APROVADO,780.82,1,,
2111,2,2023-03-04T15:00:00+00,CARTAO_CREDITO,COBRANCA,APROVADO,780.82,2,,
2112,1,2023-04-20T15:00:00+00,PIX,COBRANCA,APROVADO,1184.90,1,,
2112,2,2023-04-21T15:00:00+00,CARTAO_CREDITO,COBRANCA,APROVADO,1184.90,2,,
2113,1,2023-05-09T15:00:00+00,PIX,COBRANCA,APROVADO,486.69,1,,
2113,2,2023-05-10T15:00:00+00,CARTAO_CREDITO,COBRANCA,APROVADO,486.69,2,,
2114,1,2023-06-26T15:00:00+00,PIX,COBRANCA,APROVADO,1057.35,1,,
2114,2,2023-06-27T15:00:00+00,CARTAO_CREDITO,COBRANCA,APROVADO,1057.35,2,,
2115,1,2023-07-15T15:00:00+00,PIX,COBRANCA,APROVADO,761.92,1,,
2115,2,2023-07-16T15:00:00+00,CARTAO_CREDITO,COBRANCA,APROVADO,761.92,2,,
2116,1,2023-08-04T15:00:00+00,PIX,COBRANCA,APROVADO,738.56,1,,
2116,2,2023-08-05T15:00:00+00,CARTAO_CREDITO,COBRANCA,APROVADO,738.56,2,,
2117,1,2023-09-21T15:00:00+00,PIX,COBRANCA,APROVADO,833.83,1,,
2117,2,2023-09-22T15:00:00+00,CARTAO_CREDITO,COBRANCA,APROVADO,833.83,2,,
2118,1,2023-10-10T15:00:00+00,PIX,COBRANCA,APROVADO,217.01,1,,
2118,2,2023-10-11T15:00:00+00,CARTAO_CREDITO,COBRANCA,APROVADO,217.01,2,,
2119,1,2023-11-27T15:00:00+00,PIX,COBRANCA,APROVADO,643.82,1,,
2119,2,2023-11-28T15:00:00+00,CARTAO_CREDITO,COBRANCA,APROVADO,643.82,2,,
2120,1,2023-11-16T15:00:00+00,PIX,COBRANCA,APROVADO,834.18,1,,
2120,2,2023-11-17T15:00:00+00,CARTAO_CREDITO,COBRANCA,APROVADO,834.18,2,,
2121,1,2023-12-05T15:00:00+00,PIX,COBRANCA,APROVADO,364.45,1,,
2121,2,2023-12-06T15:00:00+00,CARTAO_CREDITO,COBRANCA,APROVADO,364.46,2,,
2122,1,2023-01-22T15:00:00+00,PIX,COBRANCA,APROVADO,743.54,1,,
2122,2,2023-01-23T15:00:00+00,CARTAO_CREDITO,COBRANCA,APROVADO,743.55,2,,
2123,1,2023-02-11T15:00:00+00,PIX,COBRANCA,APROVADO,205.93,1,,
2123,2,2023-02-12T15:00:00+00,CARTAO_CREDITO,COBRANCA,APROVADO,205.93,2,,
2124,1,2023-03-28T15:00:00+00,PIX,COBRANCA,APROVADO,351.83,1,,
2124,2,2023-03-29T15:00:00+00,CARTAO_CREDITO,COBRANCA,APROVADO,351.84,2,,
2125,1,2023-04-17T15:00:00+00,PIX,COBRANCA,APROVADO,618.21,1,,
2125,2,2023-04-18T15:00:00+00,CARTAO_CREDITO,COBRANCA,APROVADO,618.21,2,,
2126,1,2023-05-06T15:00:00+00,PIX,COBRANCA,APROVADO,198.26,1,,
2126,2,2023-05-07T15:00:00+00,CARTAO_CREDITO,COBRANCA,APROVADO,198.26,2,,
2127,1,2023-06-23T15:00:00+00,PIX,COBRANCA,APROVADO,519.92,1,,
2127,2,2023-06-24T15:00:00+00,CARTAO_CREDITO,COBRANCA,APROVADO,519.93,2,,
2128,1,2023-07-12T15:00:00+00,PIX,COBRANCA,APROVADO,456.50,1,,
2128,2,2023-07-13T15:00:00+00,CARTAO_CREDITO,COBRANCA,APROVADO,456.50,2,,
2129,1,2023-08-29T15:00:00+00,PIX,COBRANCA,APROVADO,352.18,1,,
2129,2,2023-08-30T15:00:00+00,CARTAO_CREDITO,COBRANCA,APROVADO,352.18,2,,
2130,1,2023-09-18T15:00:00+00,PIX,COBRANCA,APROVADO,690.08,1,,
2130,2,2023-09-19T15:00:00+00,CARTAO_CREDITO,COBRANCA,APROVADO,690.08,2,,
2131,1,2023-10-07T15:00:00+00,PIX,COBRANCA,APROVADO,376.88,1,,
2131,2,2023-10-08T15:00:00+00,CARTAO_CREDITO,COBRANCA,APROVADO,376.88,2,,
2132,1,2023-11-24T15:00:00+00,PIX,COBRANCA,APROVADO,530.60,1,,
2132,2,2023-11-25T15:00:00+00,CARTAO_CREDITO,COBRANCA,APROVADO,530.61,2,,
2133,1,2023-11-13T15:00:00+00,PIX,COBRANCA,APROVADO,839.44,1,,
2133,2,2023-11-14T15:00:00+00,CARTAO_CREDITO,COBRANCA,APROVADO,839.44,2,,
2134,1,2023-12-02T15:00:00+00,PIX,COBRANCA,APROVADO,337.57,1,,
2134,2,2023-12-03T15:00:00+00,CARTAO_CREDITO,COBRANCA,APROVADO,337.57,2,,
2135,1,2023-01-19T15:00:00+00,PIX,COBRANCA,APROVADO,830.14,1,,
2135,2,2023-01-20T15:00:00+00,CARTAO_CREDITO,COBRANCA,APROVADO,830.14,2,,
2136,1,2023-02-08T15:00:00+00,PIX,COBRANCA,APROVADO,823.22,1,,
2136,2,2023-02-09T15:00:00+00,CARTAO_CREDITO,COBRANCA,APROVADO,823.22,2,,
2137,1,2023-03-25T15:00:00+00,PIX,COBRANCA,APROVADO,546.97,1,,
2137,2,2023-03-26T15:00:00+00,CARTAO_CREDITO,COBRANCA,APROVADO,546.97,2,,
2138,1,2023-04-14T15:00:00+00,PIX,COBRANCA,APROVADO,1101.19,1,,
2138,2,2023-04-15T15:00:00+00,CARTAO_CREDITO,COBRANCA,APROVADO,1101.19,2,,
2139,1,2023-05-03T15:00:00+00,PIX,COBRANCA,APROVADO,613.96,1,,
2139,2,2023-05-04T15:00:00+00,CARTAO_CREDITO,COBRANCA,APROVADO,613.96,2,,
2140,1,2023-06-20T15:00:00+00,PIX,COBRANCA,APROVADO,793.36,1,,
2140,2,2023-06-21T15:00:00+00,CARTAO_CREDITO,COBRANCA,APROVADO,793.36,2,,
2141,1,2023-07-09T15:00:00+00,PIX,COBRANCA,APROVADO,1409.23,1,,
2141,2,2023-07-10T15:00:00+00,CARTAO_CREDITO,COBRANCA,APROVADO,1409.23,2,,
2142,1,2023-08-26T15:00:00+00,PIX,COBRANCA,APROVADO,436.21,1,,
2142,2,2023-08-27T15:00:00+00,CARTAO_CREDITO,COBRANCA,APROVADO,436.21,2,,
2143,1,2023-09-15T15:00:00+00,PIX,COBRANCA,APROVADO,1076.74,1,,
2143,2,2023-09-16T15:00:00+00,CARTAO_CREDITO,COBRANCA,APROVADO,1076.74,2,,
2144,1,2023-10-04T15:00:00+00,PIX,COBRANCA,APROVADO,1086.26,1,,
2144,2,2023-10-05T15:00:00+00,CARTAO_CREDITO,COBRANCA,APROVADO,1086.26,2,,
2145,1,2023-11-21T15:00:00+00,PIX,COBRANCA,APROVADO,694.93,1,,
2145,2,2023-11-22T15:00:00+00,CARTAO_CREDITO,COBRANCA,APROVADO,694.93,2,,
2146,1,2023-11-10T15:00:00+00,PIX,COBRANCA,APROVADO,1397.11,1,,
2146,2,2023-11-11T15:00:00+00,CARTAO_CREDITO,COBRANCA,APROVADO,1397.11,2,,
2147,1,2023-12-27T15:00:00+00,PIX,COBRANCA,APROVADO,794.80,1,,
2147,2,2023-12-28T15:00:00+00,CARTAO_CREDITO,COBRANCA,APROVADO,794.80,2,,
2148,1,2023-01-16T15:00:00+00,PIX,COBRANCA,APROVADO,990.64,1,,
2148,2,2023-01-17T15:00:00+00,CARTAO_CREDITO,COBRANCA,APROVADO,990.64,2,,
2149,1,2023-02-05T15:00:00+00,PIX,COBRANCA,APROVADO,1140.71,1,,
2149,2,2023-02-06T15:00:00+00,CARTAO_CREDITO,COBRANCA,APROVADO,1140.71,2,,
2150,1,2023-03-22T15:00:00+00,PIX,COBRANCA,APROVADO,304.69,1,,
2150,2,2023-03-23T15:00:00+00,CARTAO_CREDITO,COBRANCA,APROVADO,304.69,2,,
2151,1,2023-04-11T15:00:00+00,PIX,COBRANCA,APROVADO,863.02,1,,
2151,2,2023-04-12T15:00:00+00,CARTAO_CREDITO,COBRANCA,APROVADO,863.02,2,,
2152,1,2023-05-28T15:00:00+00,PIX,COBRANCA,APROVADO,1272.58,1,,
2152,2,2023-05-29T15:00:00+00,CARTAO_CREDITO,COBRANCA,APROVADO,1272.58,2,,
2153,1,2023-06-17T15:00:00+00,PIX,COBRANCA,APROVADO,536.01,1,,
2153,2,2023-06-18T15:00:00+00,CARTAO_CREDITO,COBRANCA,APROVADO,536.01,2,,
2154,1,2023-07-06T15:00:00+00,PIX,COBRANCA,APROVADO,667.00,1,,
2154,2,2023-07-07T15:00:00+00,CARTAO_CREDITO,COBRANCA,APROVADO,667.01,2,,
2155,1,2023-08-23T15:00:00+00,PIX,COBRANCA,APROVADO,605.63,1,,
2155,2,2023-08-24T15:00:00+00,CARTAO_CREDITO,COBRANCA,APROVADO,605.64,2,,
2156,1,2023-09-12T15:00:00+00,PIX,COBRANCA,APROVADO,428.70,1,,
2156,2,2023-09-13T15:00:00+00,CARTAO_CREDITO,COBRANCA,APROVADO,428.70,2,,
2157,1,2023-10-29T15:00:00+00,PIX,COBRANCA,APROVADO,784.14,1,,
2157,2,2023-10-30T15:00:00+00,CARTAO_CREDITO,COBRANCA,APROVADO,784.14,2,,
2158,1,2023-11-18T15:00:00+00,PIX,COBRANCA,APROVADO,200.33,1,,
2158,2,2023-11-19T15:00:00+00,CARTAO_CREDITO,COBRANCA,APROVADO,200.33,2,,
2159,1,2023-11-07T15:00:00+00,PIX,COBRANCA,APROVADO,661.00,1,,
2159,2,2023-11-08T15:00:00+00,CARTAO_CREDITO,COBRANCA,APROVADO,661.01,2,,
2160,1,2023-12-24T15:00:00+00,PIX,COBRANCA,APROVADO,303.95,1,,
2160,2,2023-12-25T15:00:00+00,CARTAO_CREDITO,COBRANCA,APROVADO,303.95,2,,
2161,1,2023-01-13T15:00:00+00,PIX,COBRANCA,APROVADO,249.80,1,,
2161,2,2023-01-14T15:00:00+00,CARTAO_CREDITO,COBRANCA,APROVADO,249.80,2,,
2162,1,2023-02-02T15:00:00+00,PIX,COBRANCA,APROVADO,542.13,1,,
2162,2,2023-02-03T15:00:00+00,CARTAO_CREDITO,COBRANCA,APROVADO,542.14,2,,
2163,1,2023-03-19T15:00:00+00,PIX,COBRANCA,APROVADO,255.77,1,,
2163,2,2023-03-20T15:00:00+00,CARTAO_CREDITO,COBRANCA,APROVADO,255.78,2,,
2164,1,2023-04-08T15:00:00+00,PIX,COBRANCA,APROVADO,410.50,1,,
2164,2,2023-04-09T15:00:00+00,CARTAO_CREDITO,COBRANCA,APROVADO,410.51,2,,
2165,1,2023-05-25T15:00:00+00,PIX,COBRANCA,APROVADO,714.93,1,,
2165,2,2023-05-26T15:00:00+00,CARTAO_CREDITO,COBRANCA,APROVADO,714.93,2,,
2166,1,2023-06-14T15:00:00+00,PIX,COBRANCA,APROVADO,225.65,1,,
2166,2,2023-06-15T15:00:00+00,CARTAO_CREDITO,COBRANCA,APROVADO,225.66,2,,
2167,1,2023-07-03T15:00:00+00,PIX,COBRANCA,APROVADO,635.00,1,,
2167,2,2023-07-04T15:00:00+00,CARTAO_CREDITO,COBRANCA,APROVADO,635.00,2,,
2168,1,2023-08-20T15:00:00+00,PIX,COBRANCA,APROVADO,647.86,1,,
2168,2,2023-08-21T15:00:00+00,CARTAO_CREDITO,COBRANCA,APROVADO,647.86,2,,
2169,1,2023-09-09T15:00:00+00,PIX,COBRANCA,APROVADO,448.33,1,,
2169,2,2023-09-10T15:00:00+00,CARTAO_CREDITO,COBRANCA,APROVADO,448.33,2,,
2170,1,2023-10-26T15:00:00+00,PIX,COBRANCA,APROVADO,903.91,1,,
2170,2,2023-10-27T15:00:00+00,CARTAO_CREDITO,COBRANCA,APROVADO,903.91,2,,
2171,1,2023-11-15T15:00:00+00,PIX,COBRANCA,APROVADO,493.40,1,,
2171,2,2023-11-16T15:00:00+00,CARTAO_CREDITO,COBRANCA,APROVADO,493.40,2,,
2172,1,2023-11-04T15:00:00+00,PIX,COBRANCA,APROVADO,661.84,1,,
2172,2,2023-11-05T15:00:00+00,CARTAO_CREDITO,COBRANCA,APROVADO,661.84,2,,
2173,1,2023-12-21T15:00:00+00,PIX,COBRANCA,APROVADO,1179.07,1,,
2173,2,2023-12-22T15:00:00+00,CARTAO_CREDITO,COBRANCA,APROVADO,1179.07,2,,
2174,1,2023-01-10T15:00:00+00,PIX,COBRANCA,APROVADO,370.45,1,,
2174,2,2023-01-11T15:00:00+00,CARTAO_CREDITO,COBRANCA,APROVADO,370.45,2,,
2175,1,2023-02-27T15:00:00+00,PIX,COBRANCA,APROVADO,912.34,1,,
2175,2,2023-02-28T15:00:00+00,CARTAO_CREDITO,COBRANCA,APROVADO,912.34,2,,
2176,1,2023-03-16T15:00:00+00,PIX,COBRANCA,APROVADO,910.90,1,,
2176,2,2023-03-17T15:00:00+00,CARTAO_CREDITO,COBRANCA,APROVADO,910.90,2,,
2177,1,2023-04-05T15:00:00+00,PIX,COBRANCA,APROVADO,596.29,1,,
2177,2,2023-04-06T15:00:00+00,CARTAO_CREDITO,COBRANCA,APROVADO,596.29,2,,
2178,1,2023-05-22T15:00:00+00,PIX,COBRANCA,APROVADO,1199.83,1,,
2178,2,2023-05-23T15:00:00+00,CARTAO_CREDITO,COBRANCA,APROVADO,1199.83,2,,
2179,1,2023-06-11T15:00:00+00,PIX,COBRANCA,APROVADO,674.24,1,,
2179,2,2023-06-12T15:00:00+00,CARTAO_CREDITO,COBRANCA,APROVADO,674.24,2,,
2180,1,2023-07-28T15:00:00+00,PIX,COBRANCA,APROVADO,859.12,1,,
2180,2,2023-07-29T15:00:00+00,CARTAO_CREDITO,COBRANCA,APROVADO,859.12,2,,
2181,1,2023-08-17T15:00:00+00,PIX,COBRANCA,APROVADO,1524.31,1,,
2181,2,2023-08-18T15:00:00+00,CARTAO_CREDITO,COBRANCA,APROVADO,1524.31,2,,
2182,1,2023-09-06T15:00:00+00,PIX,COBRANCA,APROVADO,469.09,1,,
2182,2,2023-09-07T15:00:00+00,CARTAO_CREDITO,COBRANCA,APROVADO,469.09,2,,
2183,1,2023-10-23T15:00:00+00,PIX,COBRANCA,APROVADO,1158.94,1,,
2183,2,2023-10-24T15:00:00+00,CARTAO_CREDITO,COBRANCA,APROVADO,1158.94,2,,
2184,1,2023-11-12T15:00:00+00,PIX,COBRANCA,APROVADO,1173.94,1,,
2184,2,2023-11-13T15:00:00+00,CARTAO_CREDITO,COBRANCA,APROVADO,1173.94,2,,
2185,1,2023-11-29T15:00:00+00,PIX,COBRANCA,APROVADO,744.25,1,,
2185,2,2023-11-30T15:00:00+00,CARTAO_CREDITO,COBRANCA,APROVADO,744.25,2,,
2186,1,2023-12-18T15:00:00+00,PIX,COBRANCA,APROVADO,958.71,1,,
2186,2,2023-12-19T15:00:00+00,CARTAO_CREDITO,COBRANCA,APROVADO,958.71,2,,
2187,1,2023-01-07T15:00:00+00,PIX,COBRANCA,APROVADO,701.64,1,,
2187,2,2023-01-08T15:00:00+00,CARTAO_CREDITO,COBRANCA,APROVADO,701.64,2,,
2188,1,2023-02-24T15:00:00+00,PIX,COBRANCA,APROVADO,545.50,1,,
2188,2,2023-02-25T15:00:00+00,CARTAO_CREDITO,COBRANCA,APROVADO,545.51,2,,
2189,1,2023-03-13T15:00:00+00,PIX,COBRANCA,APROVADO,1144.66,1,,
2189,2,2023-03-14T15:00:00+00,CARTAO_CREDITO,COBRANCA,APROVADO,1144.66,2,,
2190,1,2023-04-02T15:00:00+00,PIX,COBRANCA,APROVADO,273.46,1,,
2190,2,2023-04-03T15:00:00+00,CARTAO_CREDITO,COBRANCA,APROVADO,273.47,2,,
2191,1,2023-05-19T15:00:00+00,PIX,COBRANCA,APROVADO,812.47,1,,
2191,2,2023-05-20T15:00:00+00,CARTAO_CREDITO,COBRANCA,APROVADO,812.48,2,,
2192,1,2023-06-08T15:00:00+00,PIX,COBRANCA,APROVADO,593.12,1,,
2192,2,2023-06-09T15:00:00+00,CARTAO_CREDITO,COBRANCA,APROVADO,593.12,2,,
2193,1,2023-07-25T15:00:00+00,PIX,COBRANCA,APROVADO,287.72,1,,
2193,2,2023-07-26T15:00:00+00,CARTAO_CREDITO,COBRANCA,APROVADO,287.72,2,,
2194,1,2023-08-14T15:00:00+00,PIX,COBRANCA,APROVADO,725.63,1,,
2194,2,2023-08-15T15:00:00+00,CARTAO_CREDITO,COBRANCA,APROVADO,725.63,2,,
2195,1,2023-09-03T15:00:00+00,PIX,COBRANCA,APROVADO,655.23,1,,
2195,2,2023-09-04T15:00:00+00,CARTAO_CREDITO,COBRANCA,APROVADO,655.24,2,,
2196,1,2023-10-20T15:00:00+00,PIX,COBRANCA,APROVADO,484.03,1,,
2196,2,2023-10-21T15:00:00+00,CARTAO_CREDITO,COBRANCA,APROVADO,484.04,2,,
2197,1,2023-11-09T15:00:00+00,PIX,COBRANCA,APROVADO,539.43,1,,
2197,2,2023-11-10T15:00:00+00,CARTAO_CREDITO,COBRANCA,APROVADO,539.44,2,,
2198,1,2023-11-26T15:00:00+00,PIX,COBRANCA,APROVADO,160.87,1,,
2198,2,2023-11-27T15:00:00+00,CARTAO_CREDITO,COBRANCA,APROVADO,160.88,2,,
2199,1,2023-12-15T15:00:00+00,PIX,COBRANCA,APROVADO,442.94,1,,
2199,2,2023-12-16T15:00:00+00,CARTAO_CREDITO,COBRANCA,APROVADO,442.94,2,,
2200,1,2023-01-04T15:00:00+00,PIX,COBRANCA,APROVADO,374.95,1,,
2200,2,2023-01-05T15:00:00+00,CARTAO_CREDITO,COBRANCA,APROVADO,374.95,2,,
2201,1,2023-02-21T15:00:00+00,PIX,COBRANCA,APROVADO,349.69,1,,
2201,2,2023-02-22T15:00:00+00,CARTAO_CREDITO,COBRANCA,APROVADO,349.69,2,,
2202,1,2023-03-10T15:00:00+00,PIX,COBRANCA,APROVADO,706.63,1,,
2202,2,2023-03-11T15:00:00+00,CARTAO_CREDITO,COBRANCA,APROVADO,706.63,2,,
2203,1,2023-04-27T15:00:00+00,PIX,COBRANCA,APROVADO,372.84,1,,
2203,2,2023-04-28T15:00:00+00,CARTAO_CREDITO,COBRANCA,APROVADO,372.84,2,,
2204,1,2023-05-16T15:00:00+00,PIX,COBRANCA,APROVADO,530.32,1,,
2204,2,2023-05-17T15:00:00+00,CARTAO_CREDITO,COBRANCA,APROVADO,530.32,2,,
2205,1,2023-06-05T15:00:00+00,PIX,COBRANCA,APROVADO,948.91,1,,
2205,2,2023-06-06T15:00:00+00,CARTAO_CREDITO,COBRANCA,APROVADO,948.91,2,,
2206,1,2023-07-22T15:00:00+00,PIX,COBRANCA,APROVADO,304.69,1,,
2206,2,2023-07-23T15:00:00+00,CARTAO_CREDITO,COBRANCA,APROVADO,304.69,2,,
2207,1,2023-08-11T15:00:00+00,PIX,COBRANCA,APROVADO,747.94,1,,
2207,2,2023-08-12T15:00:00+00,CARTAO_CREDITO,COBRANCA,APROVADO,747.94,2,,
2208,1,2023-09-28T15:00:00+00,PIX,COBRANCA,APROVADO,735.54,1,,
2208,2,2023-09-29T15:00:00+00,CARTAO_CREDITO,COBRANCA,APROVADO,735.54,2,,
2209,1,2023-10-17T15:00:00+00,PIX,COBRANCA,APROVADO,497.65,1,,
2209,2,2023-10-18T15:00:00+00,CARTAO_CREDITO,COBRANCA,APROVADO,497.65,2,,
2210,1,2023-11-06T15:00:00+00,PIX,COBRANCA,APROVADO,1002.55,1,,
2210,2,2023-11-07T15:00:00+00,CARTAO_CREDITO,COBRANCA,APROVADO,1002.55,2,,
2211,1,2023-11-23T15:00:00+00,PIX,COBRANCA,APROVADO,553.68,1,,
2211,2,2023-11-24T15:00:00+00,CARTAO_CREDITO,COBRANCA,APROVADO,553.68,2,,
2212,1,2023-12-12T15:00:00+00,PIX,COBRANCA,APROVADO,727.60,1,,
2212,2,2023-12-13T15:00:00+00,CARTAO_CREDITO,COBRANCA,APROVADO,727.60,2,,
2213,1,2023-01-29T15:00:00+00,PIX,COBRANCA,APROVADO,1294.15,1,,
2213,2,2023-01-30T15:00:00+00,CARTAO_CREDITO,COBRANCA,APROVADO,1294.15,2,,
2214,1,2023-02-18T15:00:00+00,PIX,COBRANCA,APROVADO,403.33,1,,
2214,2,2023-02-19T15:00:00+00,CARTAO_CREDITO,COBRANCA,APROVADO,403.33,2,,
2215,1,2023-03-07T15:00:00+00,PIX,COBRANCA,APROVADO,994.54,1,,
2215,2,2023-03-08T15:00:00+00,CARTAO_CREDITO,COBRANCA,APROVADO,994.54,2,,
2216,1,2023-04-24T15:00:00+00,PIX,COBRANCA,APROVADO,998.58,1,,
2216,2,2023-04-25T15:00:00+00,CARTAO_CREDITO,COBRANCA,APROVADO,998.58,2,,
2217,1,2023-05-13T15:00:00+00,PIX,COBRANCA,APROVADO,645.61,1,,
2217,2,2023-05-14T15:00:00+00,CARTAO_CREDITO,COBRANCA,APROVADO,645.61,2,,
2218,1,2023-06-02T15:00:00+00,PIX,COBRANCA,APROVADO,1298.47,1,,
2218,2,2023-06-03T15:00:00+00,CARTAO_CREDITO,COBRANCA,APROVADO,1298.47,2,,
2219,1,2023-07-19T15:00:00+00,PIX,COBRANCA,APROVADO,734.52,1,,
2219,2,2023-07-20T15:00:00+00,CARTAO_CREDITO,COBRANCA,APROVADO,734.52,2,,
2220,1,2023-08-08T15:00:00+00,PIX,COBRANCA,APROVADO,924.88,1,,
2220,2,2023-08-09T15:00:00+00,CARTAO_CREDITO,COBRANCA,APROVADO,924.88,2,,
2221,1,2023-09-25T15:00:00+00,PIX,COBRANCA,APROVADO,1417.68,1,,
2221,2,2023-09-26T15:00:00+00,CARTAO_CREDITO,COBRANCA,APROVADO,1417.69,2,,
2222,1,2023-10-14T15:00:00+00,PIX,COBRANCA,APROVADO,450.23,1,,
2222,2,2023-10-15T15:00:00+00,CARTAO_CREDITO,COBRANCA,APROVADO,450.23,2,,
2223,1,2023-11-03T15:00:00+00,PIX,COBRANCA,APROVADO,635.09,1,,
2223,2,2023-11-04T15:00:00+00,CARTAO_CREDITO,COBRANCA,APROVADO,635.09,2,,
2224,1,2023-11-20T15:00:00+00,PIX,COBRANCA,APROVADO,1091.11,1,,
2224,2,2023-11-21T15:00:00+00,CARTAO_CREDITO,COBRANCA,APROVADO,1091.12,2,,
2225,1,2023-12-09T15:00:00+00,PIX,COBRANCA,APROVADO,389.81,1,,
2225,2,2023-12-10T15:00:00+00,CARTAO_CREDITO,COBRANCA,APROVADO,389.82,2,,
2226,1,2023-01-26T15:00:00+00,PIX,COBRANCA,APROVADO,910.92,1,,
2226,2,2023-01-27T15:00:00+00,CARTAO_CREDITO,COBRANCA,APROVADO,910.93,2,,
2227,1,2023-02-15T15:00:00+00,PIX,COBRANCA,APROVADO,598.05,1,,
2227,2,2023-02-16T15:00:00+00,CARTAO_CREDITO,COBRANCA,APROVADO,598.06,2,,
2228,1,2023-03-04T15:00:00+00,PIX,COBRANCA,APROVADO,597.57,1,,
2228,2,2023-03-05T15:00:00+00,CARTAO_CREDITO,COBRANCA,APROVADO,597.58,2,,
2229,1,2023-04-21T15:00:00+00,PIX,COBRANCA,APROVADO,764.36,1,,
2229,2,2023-04-22T15:00:00+00,CARTAO_CREDITO,COBRANCA,APROVADO,764.37,2,,
2230,1,2023-05-10T15:00:00+00,PIX,COBRANCA,APROVADO,186.60,1,,
2230,2,2023-05-11T15:00:00+00,CARTAO_CREDITO,COBRANCA,APROVADO,186.60,2,,
2231,1,2023-06-27T15:00:00+00,PIX,COBRANCA,APROVADO,555.70,1,,
2231,2,2023-06-28T15:00:00+00,CARTAO_CREDITO,COBRANCA,APROVADO,555.70,2,,
2232,1,2023-07-16T15:00:00+00,PIX,COBRANCA,APROVADO,668.46,1,,
2232,2,2023-07-17T15:00:00+00,CARTAO_CREDITO,COBRANCA,APROVADO,668.47,2,,
2233,1,2023-08-05T15:00:00+00,PIX,COBRANCA,APROVADO,326.63,1,,
2233,2,2023-08-06T15:00:00+00,CARTAO_CREDITO,COBRANCA,APROVADO,326.64,2,,
2234,1,2023-09-22T15:00:00+00,PIX,COBRANCA,APROVADO,892.95,1,,
2234,2,2023-09-23T15:00:00+00,CARTAO_CREDITO,COBRANCA,APROVADO,892.95,2,,
2235,1,2023-10-11T15:00:00+00,PIX,COBRANCA,APROVADO,252.28,1,,
2235,2,2023-10-12T15:00:00+00,CARTAO_CREDITO,COBRANCA,APROVADO,252.28,2,,
2236,1,2023-11-28T15:00:00+00,PIX,COBRANCA,APROVADO,398.80,1,,
2236,2,2023-11-29T15:00:00+00,CARTAO_CREDITO,COBRANCA,APROVADO,398.80,2,,
2237,1,2023-11-17T15:00:00+00,PIX,COBRANCA,APROVADO,718.75,1,,
2237,2,2023-11-18T15:00:00+00,CARTAO_CREDITO,COBRANCA,APROVADO,718.75,2,,
2238,1,2023-12-06T15:00:00+00,PIX,COBRANCA,APROVADO,238.93,1,,
2238,2,2023-12-07T15:00:00+00,CARTAO_CREDITO,COBRANCA,APROVADO,238.93,2,,
2239,1,2023-01-23T15:00:00+00,PIX,COBRANCA,APROVADO,583.54,1,,
2239,2,2023-01-24T15:00:00+00,CARTAO_CREDITO,COBRANCA,APROVADO,583.54,2,,
2240,1,2023-02-12T15:00:00+00,PIX,COBRANCA,APROVADO,560.18,1,,
2240,2,2023-02-13T15:00:00+00,CARTAO_CREDITO,COBRANCA,APROVADO,560.18,2,,
2241,1,2023-03-29T15:00:00+00,PIX,COBRANCA,APROVADO,399.01,1,,
2241,2,2023-03-30T15:00:00+00,CARTAO_CREDITO,COBRANCA,APROVADO,399.01,2,,
2242,1,2023-04-18T15:00:00+00,PIX,COBRANCA,APROVADO,805.27,1,,
2242,2,2023-04-19T15:00:00+00,CARTAO_CREDITO,COBRANCA,APROVADO,805.27,2,,
2243,1,2023-05-07T15:00:00+00,PIX,COBRANCA,APROVADO,433.12,1,,
2243,2,2023-05-08T15:00:00+00,CARTAO_CREDITO,COBRANCA,APROVADO,433.12,2,,
2244,1,2023-06-24T15:00:00+00,PIX,COBRANCA,APROVADO,596.08,1,,
2244,2,2023-06-25T15:00:00+00,CARTAO_CREDITO,COBRANCA,APROVADO,596.08,2,,
2245,1,2023-07-13T15:00:00+00,PIX,COBRANCA,APROVADO,1063.99,1,,
2245,2,2023-07-14T15:00:00+00,CARTAO_CREDITO,COBRANCA,APROVADO,1063.99,2,,
2246,1,2023-08-02T15:00:00+00,PIX,COBRANCA,APROVADO,337.57,1,,
2246,2,2023-08-03T15:00:00+00,CARTAO_CREDITO,COBRANCA,APROVADO,337.57,2,,
2247,1,2023-09-19T15:00:00+00,PIX,COBRANCA,APROVADO,830.14,1,,
2247,2,2023-09-20T15:00:00+00,CARTAO_CREDITO,COBRANCA,APROVADO,830.14,2,,
2248,1,2023-10-08T15:00:00+00,PIX,COBRANCA,APROVADO,823.22,1,,
2248,2,2023-10-09T15:00:00+00,CARTAO_CREDITO,COBRANCA,APROVADO,823.22,2,,
2249,1,2023-11-25T15:00:00+00,PIX,COBRANCA,APROVADO,546.97,1,,
2249,2,2023-11-26T15:00:00+00,CARTAO_CREDITO,COBRANCA,APROVADO,546.97,2,,
2250,1,2023-11-14T15:00:00+00,PIX,COBRANCA,APROVADO,1101.19,1,,
2250,2,2023-11-15T15:00:00+00,CARTAO_CREDITO,COBRANCA,APROVADO,1101.19,2,,
2251,1,2023-12-03T15:00:00+00,PIX,COBRANCA,APROVADO,613.96,1,,
2251,2,2023-12-04T15:00:00+00,CARTAO_CREDITO,COBRANCA,APROVADO,613.96,2,,
2252,1,2023-01-20T15:00:00+00,PIX,COBRANCA,APROVADO,793.36,1,,
2252,2,2023-01-21T15:00:00+00,CARTAO_CREDITO,COBRANCA,APROVADO,793.36,2,,
2253,1,2023-02-09T15:00:00+00,PIX,COBRANCA,APROVADO,1409.23,1,,
2253,2,2023-02-10T15:00:00+00,CARTAO_CREDITO,COBRANCA,APROVADO,1409.23,2,,
2254,1,2023-03-26T15:00:00+00,PIX,COBRANCA,APROVADO,400.49,1,,
2254,2,2023-03-27T15:00:00+00,CARTAO_CREDITO,COBRANCA,APROVADO,400.50,2,,
2255,1,2023-04-15T15:00:00+00,PIX,COBRANCA,APROVADO,918.55,1,,
2255,2,2023-04-16T15:00:00+00,CARTAO_CREDITO,COBRANCA,APROVADO,918.55,2,,
2256,1,2023-05-04T15:00:00+00,PIX,COBRANCA,APROVADO,941.22,1,,
2256,2,2023-05-05T15:00:00+00,CARTAO_CREDITO,COBRANCA,APROVADO,941.22,2,,
2257,1,2023-06-21T15:00:00+00,PIX,COBRANCA,APROVADO,618.49,1,,
2257,2,2023-06-22T15:00:00+00,CARTAO_CREDITO,COBRANCA,APROVADO,618.50,2,,
2258,1,2023-07-10T15:00:00+00,PIX,COBRANCA,APROVADO,1104.44,1,,
2258,2,2023-07-11T15:00:00+00,CARTAO_CREDITO,COBRANCA,APROVADO,1104.45,2,,
2259,1,2023-08-27T15:00:00+00,PIX,COBRANCA,APROVADO,733.59,1,,
2259,2,2023-08-28T15:00:00+00,CARTAO_CREDITO,COBRANCA,APROVADO,733.59,2,,
2260,1,2023-09-16T15:00:00+00,PIX,COBRANCA,APROVADO,846.60,1,,
2260,2,2023-09-17T15:00:00+00,CARTAO_CREDITO,COBRANCA,APROVADO,846.60,2,,
2261,1,2023-10-05T15:00:00+00,PIX,COBRANCA,APROVADO,984.95,1,,
2261,2,2023-10-06T15:00:00+00,CARTAO_CREDITO,COBRANCA,APROVADO,984.96,2,,
2262,1,2023-11-22T15:00:00+00,PIX,COBRANCA,APROVADO,272.41,1,,
2262,2,2023-11-23T15:00:00+00,CARTAO_CREDITO,COBRANCA,APROVADO,272.42,2,,
2263,1,2023-11-11T15:00:00+00,PIX,COBRANCA,APROVADO,700.31,1,,
2263,2,2023-11-12T15:00:00+00,CARTAO_CREDITO,COBRANCA,APROVADO,700.32,2,,
2264,1,2023-12-28T15:00:00+00,PIX,COBRANCA,APROVADO,1171.69,1,,
2264,2,2023-12-29T15:00:00+00,CARTAO_CREDITO,COBRANCA,APROVADO,1171.69,2,,
2265,1,2023-01-17T15:00:00+00,PIX,COBRANCA,APROVADO,431.73,1,,
2265,2,2023-01-18T15:00:00+00,CARTAO_CREDITO,COBRANCA,APROVADO,431.74,2,,
2266,1,2023-02-06T15:00:00+00,PIX,COBRANCA,APROVADO,602.94,1,,
2266,2,2023-02-07T15:00:00+00,CARTAO_CREDITO,COBRANCA,APROVADO,602.94,2,,
2267,1,2023-03-23T15:00:00+00,PIX,COBRANCA,APROVADO,579.88,1,,
2267,2,2023-03-24T15:00:00+00,CARTAO_CREDITO,COBRANCA,APROVADO,579.88,2,,
2268,1,2023-04-12T15:00:00+00,PIX,COBRANCA,APROVADO,497.44,1,,
2268,2,2023-04-13T15:00:00+00,CARTAO_CREDITO,COBRANCA,APROVADO,497.44,2,,
2269,1,2023-05-29T15:00:00+00,PIX,COBRANCA,APROVADO,948.91,1,,
2269,2,2023-05-30T15:00:00+00,CARTAO_CREDITO,COBRANCA,APROVADO,948.91,2,,
2270,1,2023-06-18T15:00:00+00,PIX,COBRANCA,APROVADO,249.89,1,,
2270,2,2023-06-19T15:00:00+00,CARTAO_CREDITO,COBRANCA,APROVADO,249.89,2,,
2271,1,2023-07-07T15:00:00+00,PIX,COBRANCA,APROVADO,726.02,1,,
2271,2,2023-07-08T15:00:00+00,CARTAO_CREDITO,COBRANCA,APROVADO,726.02,2,,
2272,1,2023-08-24T15:00:00+00,PIX,COBRANCA,APROVADO,384.82,1,,
2272,2,2023-08-25T15:00:00+00,CARTAO_CREDITO,COBRANCA,APROVADO,384.82,2,,
2273,1,2023-09-13T15:00:00+00,PIX,COBRANCA,APROVADO,300.37,1,,
2273,2,2023-09-14T15:00:00+00,CARTAO_CREDITO,COBRANCA,APROVADO,300.37,2,,
2274,1,2023-10-02T15:00:00+00,PIX,COBRANCA,APROVADO,607.99,1,,
2274,2,2023-10-03T15:00:00+00,CARTAO_CREDITO,COBRANCA,APROVADO,607.99,2,,
2275,1,2023-11-19T15:00:00+00,PIX,COBRANCA,APROVADO,312.56,1,,
2275,2,2023-11-20T15:00:00+00,CARTAO_CREDITO,COBRANCA,APROVADO,312.56,2,,
2276,1,2023-11-08T15:00:00+00,PIX,COBRANCA,APROVADO,464.56,1,,
2276,2,2023-11-09T15:00:00+00,CARTAO_CREDITO,COBRANCA,APROVADO,464.56,2,,
2277,1,2023-12-25T15:00:00+00,PIX,COBRANCA,APROVADO,833.83,1,,
2277,2,2023-12-26T15:00:00+00,CARTAO_CREDITO,COBRANCA,APROVADO,833.83,2,,
2278,1,2023-01-14T15:00:00+00,PIX,COBRANCA,APROVADO,271.81,1,,
2278,2,2023-01-15T15:00:00+00,CARTAO_CREDITO,COBRANCA,APROVADO,271.81,2,,
2279,1,2023-02-03T15:00:00+00,PIX,COBRANCA,APROVADO,665.74,1,,
2279,2,2023-02-04T15:00:00+00,CARTAO_CREDITO,COBRANCA,APROVADO,665.74,2,,
2280,1,2023-03-20T15:00:00+00,PIX,COBRANCA,APROVADO,647.86,1,,
2280,2,2023-03-21T15:00:00+00,CARTAO_CREDITO,COBRANCA,APROVADO,647.86,2,,
2281,1,2023-04-09T15:00:00+00,PIX,COBRANCA,APROVADO,448.33,1,,
2281,2,2023-04-10T15:00:00+00,CARTAO_CREDITO,COBRANCA,APROVADO,448.33,2,,
2282,1,2023-05-26T15:00:00+00,PIX,COBRANCA,APROVADO,903.91,1,,
2282,2,2023-05-27T15:00:00+00,CARTAO_CREDITO,COBRANCA,APROVADO,903.91,2,,
2283,1,2023-06-15T15:00:00+00,PIX,COBRANCA,APROVADO,493.40,1,,
2283,2,2023-06-16T15:00:00+00,CARTAO_CREDITO,COBRANCA,APROVADO,493.40,2,,
2284,1,2023-07-04T15:00:00+00,PIX,COBRANCA,APROVADO,661.84,1,,
2284,2,2023-07-05T15:00:00+00,CARTAO_CREDITO,COBRANCA,APROVADO,661.84,2,,
2285,1,2023-08-21T15:00:00+00,PIX,COBRANCA,APROVADO,1179.07,1,,
2285,2,2023-08-22T15:00:00+00,CARTAO_CREDITO,COBRANCA,APROVADO,1179.07,2,,
2286,1,2023-09-10T15:00:00+00,PIX,COBRANCA,APROVADO,370.45,1,,
2286,2,2023-09-11T15:00:00+00,CARTAO_CREDITO,COBRANCA,APROVADO,370.45,2,,
2287,1,2023-10-27T15:00:00+00,PIX,COBRANCA,APROVADO,912.34,1,,
2287,2,2023-10-28T15:00:00+00,CARTAO_CREDITO,COBRANCA,APROVADO,912.34,2,,
2288,1,2023-11-16T15:00:00+00,PIX,COBRANCA,APROVADO,743.67,1,,
2288,2,2023-11-17T15:00:00+00,CARTAO_CREDITO,COBRANCA,APROVADO,743.67,2,,
2289,1,2023-11-05T15:00:00+00,PIX,COBRANCA,APROVADO,527.53,1,,
2289,2,2023-11-06T15:00:00+00,CARTAO_CREDITO,COBRANCA,APROVADO,527.54,2,,
2290,1,2023-12-22T15:00:00+00,PIX,COBRANCA,APROVADO,1022.17,1,,
2290,2,2023-12-23T15:00:00+00,CARTAO_CREDITO,COBRANCA,APROVADO,1022.17,2,,
2291,1,2023-01-11T15:00:00+00,PIX,COBRANCA,APROVADO,588.38,1,,
2291,2,2023-01-12T15:00:00+00,CARTAO_CREDITO,COBRANCA,APROVADO,588.39,2,,
2292,1,2023-02-28T15:00:00+00,PIX,COBRANCA,APROVADO,761.83,1,,
2292,2,2023-03-01T15:00:00+00,CARTAO_CREDITO,COBRANCA,APROVADO,761.83,2,,
2293,1,2023-03-17T15:00:00+00,PIX,COBRANCA,APROVADO,1205.55,1,,
2293,2,2023-03-18T15:00:00+00,CARTAO_CREDITO,COBRANCA,APROVADO,1205.55,2,,
2294,1,2023-04-06T15:00:00+00,PIX,COBRANCA,APROVADO,413.18,1,,
2294,2,2023-04-07T15:00:00+00,CARTAO_CREDITO,COBRANCA,APROVADO,413.19,2,,
2295,1,2023-05-23T15:00:00+00,PIX,COBRANCA,APROVADO,987.87,1,,
2295,2,2023-05-24T15:00:00+00,CARTAO_CREDITO,COBRANCA,APROVADO,987.87,2,,
2296,1,2023-06-12T15:00:00+00,PIX,COBRANCA,APROVADO,1017.39,1,,
2296,2,2023-06-13T15:00:00+00,CARTAO_CREDITO,COBRANCA,APROVADO,1017.39,2,,
2297,1,2023-07-29T15:00:00+00,PIX,COBRANCA,APROVADO,662.08,1,,
2297,2,2023-07-30T15:00:00+00,CARTAO_CREDITO,COBRANCA,APROVADO,662.09,2,,
2298,1,2023-08-18T15:00:00+00,PIX,COBRANCA,APROVADO,780.02,1,,
2298,2,2023-08-19T15:00:00+00,CARTAO_CREDITO,COBRANCA,APROVADO,780.02,2,,
2299,1,2023-09-07T15:00:00+00,PIX,COBRANCA,APROVADO,659.05,1,,
2299,2,2023-09-08T15:00:00+00,CARTAO_CREDITO,COBRANCA,APROVADO,659.05,2,,
2300,1,2023-10-24T15:00:00+00,PIX,COBRANCA,APROVADO,542.92,1,,
2300,2,2023-10-25T15:00:00+00,CARTAO_CREDITO,COBRANCA,APROVADO,542.92,2,,
2301,1,2023-11-13T15:00:00+00,PIX,COBRANCA,APROVADO,1255.79,1,,
2301,2,2023-11-14T15:00:00+00,CARTAO_CREDITO,COBRANCA,APROVADO,1255.79,2,,
2302,1,2023-11-02T15:00:00+00,PIX,COBRANCA,APROVADO,337.57,1,,
2302,2,2023-11-03T15:00:00+00,CARTAO_CREDITO,COBRANCA,APROVADO,337.57,2,,
2303,1,2023-12-19T15:00:00+00,PIX,COBRANCA,APROVADO,945.22,1,,
2303,2,2023-12-20T15:00:00+00,CARTAO_CREDITO,COBRANCA,APROVADO,945.22,2,,
2304,1,2023-01-08T15:00:00+00,PIX,COBRANCA,APROVADO,746.50,1,,
2304,2,2023-01-09T15:00:00+00,CARTAO_CREDITO,COBRANCA,APROVADO,746.50,2,,
2305,1,2023-02-25T15:00:00+00,PIX,COBRANCA,APROVADO,355.17,1,,
2305,2,2023-02-26T15:00:00+00,CARTAO_CREDITO,COBRANCA,APROVADO,355.17,2,,
2306,1,2023-03-14T15:00:00+00,PIX,COBRANCA,APROVADO,794.31,1,,
2306,2,2023-03-15T15:00:00+00,CARTAO_CREDITO,COBRANCA,APROVADO,794.31,2,,
2307,1,2023-04-03T15:00:00+00,PIX,COBRANCA,APROVADO,805.76,1,,
2307,2,2023-04-04T15:00:00+00,CARTAO_CREDITO,COBRANCA,APROVADO,805.76,2,,
2308,1,2023-05-20T15:00:00+00,PIX,COBRANCA,APROVADO,563.20,1,,
2308,2,2023-05-21T15:00:00+00,CARTAO_CREDITO,COBRANCA,APROVADO,563.20,2,,
2309,1,2023-06-09T15:00:00+00,PIX,COBRANCA,APROVADO,603.67,1,,
2309,2,2023-06-10T15:00:00+00,CARTAO_CREDITO,COBRANCA,APROVADO,603.67,2,,
2310,1,2023-07-26T15:00:00+00,PIX,COBRANCA,APROVADO,206.05,1,,
2310,2,2023-07-27T15:00:00+00,CARTAO_CREDITO,COBRANCA,APROVADO,206.05,2,,
2311,1,2023-08-15T15:00:00+00,PIX,COBRANCA,APROVADO,501.34,1,,
2311,2,2023-08-16T15:00:00+00,CARTAO_CREDITO,COBRANCA,APROVADO,501.34,2,,
2312,1,2023-09-04T15:00:00+00,PIX,COBRANCA,APROVADO,472.50,1,,
2312,2,2023-09-05T15:00:00+00,CARTAO_CREDITO,COBRANCA,APROVADO,472.50,2,,
2313,1,2023-10-21T15:00:00+00,PIX,COBRANCA,APROVADO,349.69,1,,
2313,2,2023-10-22T15:00:00+00,CARTAO_CREDITO,COBRANCA,APROVADO,349.69,2,,
2314,1,2023-11-10T15:00:00+00,PIX,COBRANCA,APROVADO,706.63,1,,
2314,2,2023-11-11T15:00:00+00,CARTAO_CREDITO,COBRANCA,APROVADO,706.63,2,,
2315,1,2023-11-27T15:00:00+00,PIX,COBRANCA,APROVADO,372.84,1,,
2315,2,2023-11-28T15:00:00+00,CARTAO_CREDITO,COBRANCA,APROVADO,372.84,2,,
2316,1,2023-12-16T15:00:00+00,PIX,COBRANCA,APROVADO,530.32,1,,
2316,2,2023-12-17T15:00:00+00,CARTAO_CREDITO,COBRANCA,APROVADO,530.32,2,,
2317,1,2023-01-05T15:00:00+00,PIX,COBRANCA,APROVADO,948.91,1,,
2317,2,2023-01-06T15:00:00+00,CARTAO_CREDITO,COBRANCA,APROVADO,948.91,2,,
2318,1,2023-02-22T15:00:00+00,PIX,COBRANCA,APROVADO,304.69,1,,
2318,2,2023-02-23T15:00:00+00,CARTAO_CREDITO,COBRANCA,APROVADO,304.69,2,,
2319,1,2023-03-11T15:00:00+00,PIX,COBRANCA,APROVADO,747.94,1,,
2319,2,2023-03-12T15:00:00+00,CARTAO_CREDITO,COBRANCA,APROVADO,747.94,2,,
2320,1,2023-04-28T15:00:00+00,PIX,COBRANCA,APROVADO,735.54,1,,
2320,2,2023-04-29T15:00:00+00,CARTAO_CREDITO,COBRANCA,APROVADO,735.54,2,,
2321,1,2023-05-17T15:00:00+00,PIX,COBRANCA,APROVADO,423.36,1,,
2321,2,2023-05-18T15:00:00+00,CARTAO_CREDITO,COBRANCA,APROVADO,423.37,2,,
2322,1,2023-06-06T15:00:00+00,PIX,COBRANCA,APROVADO,887.39,1,,
2322,2,2023-06-07T15:00:00+00,CARTAO_CREDITO,COBRANCA,APROVADO,887.40,2,,
2323,1,2023-07-23T15:00:00+00,PIX,COBRANCA,APROVADO,455.27,1,,
2323,2,2023-07-24T15:00:00+00,CARTAO_CREDITO,COBRANCA,APROVADO,455.27,2,,
2324,1,2023-08-12T15:00:00+00,PIX,COBRANCA,APROVADO,645.01,1,,
2324,2,2023-08-13T15:00:00+00,CARTAO_CREDITO,COBRANCA,APROVADO,645.02,2,,
2325,1,2023-09-29T15:00:00+00,PIX,COBRANCA,APROVADO,1101.82,1,,
2325,2,2023-09-30T15:00:00+00,CARTAO_CREDITO,COBRANCA,APROVADO,1101.82,2,,
2326,1,2023-10-18T15:00:00+00,PIX,COBRANCA,APROVADO,335.26,1,,
2326,2,2023-10-19T15:00:00+00,CARTAO_CREDITO,COBRANCA,APROVADO,335.26,2,,
2327,1,2023-11-07T15:00:00+00,PIX,COBRANCA,APROVADO,880.23,1,,
2327,2,2023-11-08T15:00:00+00,CARTAO_CREDITO,COBRANCA,APROVADO,880.24,2,,
2328,1,2023-11-24T15:00:00+00,PIX,COBRANCA,APROVADO,815.44,1,,
2328,2,2023-11-25T15:00:00+00,CARTAO_CREDITO,COBRANCA,APROVADO,815.44,2,,
2329,1,2023-12-13T15:00:00+00,PIX,COBRANCA,APROVADO,571.38,1,,
2329,2,2023-12-14T15:00:00+00,CARTAO_CREDITO,COBRANCA,APROVADO,571.38,2,,
2330,1,2023-01-02T15:00:00+00,PIX,COBRANCA,APROVADO,1105.19,1,,
2330,2,2023-01-03T15:00:00+00,CARTAO_CREDITO,COBRANCA,APROVADO,1105.19,2,,
2331,1,2023-02-19T15:00:00+00,PIX,COBRANCA,APROVADO,641.29,1,,
2331,2,2023-02-20T15:00:00+00,CARTAO_CREDITO,COBRANCA,APROVADO,641.29,2,,
2332,1,2023-03-08T15:00:00+00,PIX,COBRANCA,APROVADO,819.67,1,,
2332,2,2023-03-09T15:00:00+00,CARTAO_CREDITO,COBRANCA,APROVADO,819.68,2,,
2333,1,2023-04-25T15:00:00+00,PIX,COBRANCA,APROVADO,1297.02,1,,
2333,2,2023-04-26T15:00:00+00,CARTAO_CREDITO,COBRANCA,APROVADO,1297.02,2,,
2334,1,2023-05-14T15:00:00+00,PIX,COBRANCA,APROVADO,501.97,1,,
2334,2,2023-05-15T15:00:00+00,CARTAO_CREDITO,COBRANCA,APROVADO,501.97,2,,
2335,1,2023-06-03T15:00:00+00,PIX,COBRANCA,APROVADO,780.82,1,,
2335,2,2023-06-04T15:00:00+00,CARTAO_CREDITO,COBRANCA,APROVADO,780.82,2,,
2336,1,2023-07-20T15:00:00+00,PIX,COBRANCA,APROVADO,1184.90,1,,
2336,2,2023-07-21T15:00:00+00,CARTAO_CREDITO,COBRANCA,APROVADO,1184.90,2,,
2337,1,2023-08-09T15:00:00+00,PIX,COBRANCA,APROVADO,486.69,1,,
2337,2,2023-08-10T15:00:00+00,CARTAO_CREDITO,COBRANCA,APROVADO,486.69,2,,
2338,1,2023-09-26T15:00:00+00,PIX,COBRANCA,APROVADO,1057.35,1,,
2338,2,2023-09-27T15:00:00+00,CARTAO_CREDITO,COBRANCA,APROVADO,1057.35,2,,
2339,1,2023-10-15T15:00:00+00,PIX,COBRANCA,APROVADO,761.92,1,,
2339,2,2023-10-16T15:00:00+00,CARTAO_CREDITO,COBRANCA,APROVADO,761.92,2,,
2340,1,2023-11-04T15:00:00+00,PIX,COBRANCA,APROVADO,738.56,1,,
2340,2,2023-11-05T15:00:00+00,CARTAO_CREDITO,COBRANCA,APROVADO,738.56,2,,
2341,1,2023-11-21T15:00:00+00,PIX,COBRANCA,APROVADO,833.83,1,,
2341,2,2023-11-22T15:00:00+00,CARTAO_CREDITO,COBRANCA,APROVADO,833.83,2,,
2342,1,2023-12-10T15:00:00+00,PIX,COBRANCA,APROVADO,217.01,1,,
2342,2,2023-12-11T15:00:00+00,CARTAO_CREDITO,COBRANCA,APROVADO,217.01,2,,
2343,1,2023-01-27T15:00:00+00,PIX,COBRANCA,APROVADO,643.82,1,,
2343,2,2023-01-28T15:00:00+00,CARTAO_CREDITO,COBRANCA,APROVADO,643.82,2,,
2344,1,2023-02-16T15:00:00+00,PIX,COBRANCA,APROVADO,834.18,1,,
2344,2,2023-02-17T15:00:00+00,CARTAO_CREDITO,COBRANCA,APROVADO,834.18,2,,
2345,1,2023-03-05T15:00:00+00,PIX,COBRANCA,APROVADO,404.49,1,,
2345,2,2023-03-06T15:00:00+00,CARTAO_CREDITO,COBRANCA,APROVADO,404.49,2,,
2346,1,2023-04-22T15:00:00+00,PIX,COBRANCA,APROVADO,892.95,1,,
2346,2,2023-04-23T15:00:00+00,CARTAO_CREDITO,COBRANCA,APROVADO,892.95,2,,
2347,1,2023-05-11T15:00:00+00,PIX,COBRANCA,APROVADO,252.28,1,,
2347,2,2023-05-12T15:00:00+00,CARTAO_CREDITO,COBRANCA,APROVADO,252.28,2,,
2348,1,2023-06-28T15:00:00+00,PIX,COBRANCA,APROVADO,398.80,1,,
2348,2,2023-06-29T15:00:00+00,CARTAO_CREDITO,COBRANCA,APROVADO,398.80,2,,
2349,1,2023-07-17T15:00:00+00,PIX,COBRANCA,APROVADO,718.75,1,,
2349,2,2023-07-18T15:00:00+00,CARTAO_CREDITO,COBRANCA,APROVADO,718.75,2,,
2350,1,2023-08-06T15:00:00+00,PIX,COBRANCA,APROVADO,238.93,1,,
2350,2,2023-08-07T15:00:00+00,CARTAO_CREDITO,COBRANCA,APROVADO,238.93,2,,
2351,1,2023-09-23T15:00:00+00,PIX,COBRANCA,APROVADO,583.54,1,,
2351,2,2023-09-24T15:00:00+00,CARTAO_CREDITO,COBRANCA,APROVADO,583.54,2,,
2352,1,2023-10-12T15:00:00+00,PIX,COBRANCA,APROVADO,560.18,1,,
2352,2,2023-10-13T15:00:00+00,CARTAO_CREDITO,COBRANCA,APROVADO,560.18,2,,
2353,1,2023-11-29T15:00:00+00,PIX,COBRANCA,APROVADO,399.01,1,,
2353,2,2023-11-30T15:00:00+00,CARTAO_CREDITO,COBRANCA,APROVADO,399.01,2,,
2354,1,2023-11-18T15:00:00+00,PIX,COBRANCA,APROVADO,747.83,1,,
2354,2,2023-11-19T15:00:00+00,CARTAO_CREDITO,COBRANCA,APROVADO,747.84,2,,
2355,1,2023-12-07T15:00:00+00,PIX,COBRANCA,APROVADO,362.60,1,,
2355,2,2023-12-08T15:00:00+00,CARTAO_CREDITO,COBRANCA,APROVADO,362.61,2,,
2356,1,2023-01-24T15:00:00+00,PIX,COBRANCA,APROVADO,498.29,1,,
2356,2,2023-01-25T15:00:00+00,CARTAO_CREDITO,COBRANCA,APROVADO,498.29,2,,
2357,1,2023-02-13T15:00:00+00,PIX,COBRANCA,APROVADO,941.69,1,,
2357,2,2023-02-14T15:00:00+00,CARTAO_CREDITO,COBRANCA,APROVADO,941.69,2,,
2358,1,2023-03-02T15:00:00+00,PIX,COBRANCA,APROVADO,263.90,1,,
2358,2,2023-03-03T15:00:00+00,CARTAO_CREDITO,COBRANCA,APROVADO,263.90,2,,
2359,1,2023-04-19T15:00:00+00,PIX,COBRANCA,APROVADO,736.62,1,,
2359,2,2023-04-20T15:00:00+00,CARTAO_CREDITO,COBRANCA,APROVADO,736.63,2,,
2360,1,2023-05-08T15:00:00+00,PIX,COBRANCA,APROVADO,647.82,1,,
2360,2,2023-05-09T15:00:00+00,CARTAO_CREDITO,COBRANCA,APROVADO,647.82,2,,
2361,1,2023-06-25T15:00:00+00,PIX,COBRANCA,APROVADO,456.67,1,,
2361,2,2023-06-26T15:00:00+00,CARTAO_CREDITO,COBRANCA,APROVADO,456.67,2,,
2362,1,2023-07-14T15:00:00+00,PIX,COBRANCA,APROVADO,973.68,1,,
2362,2,2023-07-15T15:00:00+00,CARTAO_CREDITO,COBRANCA,APROVADO,973.69,2,,
2363,1,2023-08-03T15:00:00+00,PIX,COBRANCA,APROVADO,505.11,1,,
2363,2,2023-08-04T15:00:00+00,CARTAO_CREDITO,COBRANCA,APROVADO,505.12,2,,
2364,1,2023-09-20T15:00:00+00,PIX,COBRANCA,APROVADO,703.68,1,,
2364,2,2023-09-21T15:00:00+00,CARTAO_CREDITO,COBRANCA,APROVADO,703.69,2,,
2365,1,2023-10-09T15:00:00+00,PIX,COBRANCA,APROVADO,1198.54,1,,
2365,2,2023-10-10T15:00:00+00,CARTAO_CREDITO,COBRANCA,APROVADO,1198.54,2,,
2366,1,2023-11-26T15:00:00+00,PIX,COBRANCA,APROVADO,362.65,1,,
2366,2,2023-11-27T15:00:00+00,CARTAO_CREDITO,COBRANCA,APROVADO,362.66,2,,
2367,1,2023-11-15T15:00:00+00,PIX,COBRANCA,APROVADO,1018.60,1,,
2367,2,2023-11-16T15:00:00+00,CARTAO_CREDITO,COBRANCA,APROVADO,1018.60,2,,
2368,1,2023-12-04T15:00:00+00,PIX,COBRANCA,APROVADO,1086.26,1,,
2368,2,2023-12-05T15:00:00+00,CARTAO_CREDITO,COBRANCA,APROVADO,1086.26,2,,
2369,1,2023-01-21T15:00:00+00,PIX,COBRANCA,APROVADO,694.93,1,,
2369,2,2023-01-22T15:00:00+00,CARTAO_CREDITO,COBRANCA,APROVADO,694.93,2,,
2370,1,2023-02-10T15:00:00+00,PIX,COBRANCA,APROVADO,1397.11,1,,
2370,2,2023-02-11T15:00:00+00,CARTAO_CREDITO,COBRANCA,APROVADO,1397.11,2,,
2371,1,2023-03-27T15:00:00+00,PIX,COBRANCA,APROVADO,794.80,1,,
2371,2,2023-03-28T15:00:00+00,CARTAO_CREDITO,COBRANCA,APROVADO,794.80,2,,
2372,1,2023-04-16T15:00:00+00,PIX,COBRANCA,APROVADO,990.64,1,,
2372,2,2023-04-17T15:00:00+00,CARTAO_CREDITO,COBRANCA,APROVADO,990.64,2,,
2373,1,2023-05-05T15:00:00+00,PIX,COBRANCA,APROVADO,1140.71,1,,
2373,2,2023-05-06T15:00:00+00,CARTAO_CREDITO,COBRANCA,APROVADO,1140.71,2,,
2374,1,2023-06-22T15:00:00+00,PIX,COBRANCA,APROVADO,304.69,1,,
2374,2,2023-06-23T15:00:00+00,CARTAO_CREDITO,COBRANCA,APROVADO,304.69,2,,
2375,1,2023-07-11T15:00:00+00,PIX,COBRANCA,APROVADO,863.02,1,,
2375,2,2023-07-12T15:00:00+00,CARTAO_CREDITO,COBRANCA,APROVADO,863.02,2,,
2376,1,2023-08-28T15:00:00+00,PIX,COBRANCA,APROVADO,1272.58,1,,
2376,2,2023-08-29T15:00:00+00,CARTAO_CREDITO,COBRANCA,APROVADO,1272.58,2,,
2377,1,2023-09-17T15:00:00+00,PIX,COBRANCA,APROVADO,536.01,1,,
2377,2,2023-09-18T15:00:00+00,CARTAO_CREDITO,COBRANCA,APROVADO,536.01,2,,
2378,1,2023-10-06T15:00:00+00,PIX,COBRANCA,APROVADO,695.67,1,,
2378,2,2023-10-07T15:00:00+00,CARTAO_CREDITO,COBRANCA,APROVADO,695.67,2,,
2379,1,2023-11-23T15:00:00+00,PIX,COBRANCA,APROVADO,745.48,1,,
2379,2,2023-11-24T15:00:00+00,CARTAO_CREDITO,COBRANCA,APROVADO,745.48,2,,
2380,1,2023-11-12T15:00:00+00,PIX,COBRANCA,APROVADO,497.44,1,,
2380,2,2023-11-13T15:00:00+00,CARTAO_CREDITO,COBRANCA,APROVADO,497.44,2,,
2381,1,2023-12-29T15:00:00+00,PIX,COBRANCA,APROVADO,948.91,1,,
2381,2,2023-12-30T15:00:00+00,CARTAO_CREDITO,COBRANCA,APROVADO,948.91,2,,
2382,1,2023-01-18T15:00:00+00,PIX,COBRANCA,APROVADO,249.89,1,,
2382,2,2023-01-19T15:00:00+00,CARTAO_CREDITO,COBRANCA,APROVADO,249.89,2,,
2383,1,2023-02-07T15:00:00+00,PIX,COBRANCA,APROVADO,726.02,1,,
2383,2,2023-02-08T15:00:00+00,CARTAO_CREDITO,COBRANCA,APROVADO,726.02,2,,
2384,1,2023-03-24T15:00:00+00,PIX,COBRANCA,APROVADO,384.82,1,,
2384,2,2023-03-25T15:00:00+00,CARTAO_CREDITO,COBRANCA,APROVADO,384.82,2,,
2385,1,2023-04-13T15:00:00+00,PIX,COBRANCA,APROVADO,300.37,1,,
2385,2,2023-04-14T15:00:00+00,CARTAO_CREDITO,COBRANCA,APROVADO,300.37,2,,
2386,1,2023-05-02T15:00:00+00,PIX,COBRANCA,APROVADO,607.99,1,,
2386,2,2023-05-03T15:00:00+00,CARTAO_CREDITO,COBRANCA,APROVADO,607.99,2,,
2387,1,2023-06-19T15:00:00+00,PIX,COBRANCA,APROVADO,312.56,1,,
2387,2,2023-06-20T15:00:00+00,CARTAO_CREDITO,COBRANCA,APROVADO,312.56,2,,
2388,1,2023-07-08T15:00:00+00,PIX,COBRANCA,APROVADO,364.67,1,,
2388,2,2023-07-09T15:00:00+00,CARTAO_CREDITO,COBRANCA,APROVADO,364.68,2,,
2389,1,2023-08-25T15:00:00+00,PIX,COBRANCA,APROVADO,739.15,1,,
2389,2,2023-08-26T15:00:00+00,CARTAO_CREDITO,COBRANCA,APROVADO,739.16,2,,
2390,1,2023-09-14T15:00:00+00,PIX,COBRANCA,APROVADO,238.11,1,,
2390,2,2023-09-15T15:00:00+00,CARTAO_CREDITO,COBRANCA,APROVADO,238.12,2,,
2391,1,2023-10-03T15:00:00+00,PIX,COBRANCA,APROVADO,556.81,1,,
2391,2,2023-10-04T15:00:00+00,CARTAO_CREDITO,COBRANCA,APROVADO,556.81,2,,
2392,1,2023-11-20T15:00:00+00,PIX,COBRANCA,APROVADO,567.09,1,,
2392,2,2023-11-21T15:00:00+00,CARTAO_CREDITO,COBRANCA,APROVADO,567.09,2,,
2393,1,2023-11-09T15:00:00+00,PIX,COBRANCA,APROVADO,351.84,1,,
2393,2,2023-11-10T15:00:00+00,CARTAO_CREDITO,COBRANCA,APROVADO,351.84,2,,
2394,1,2023-12-26T15:00:00+00,PIX,COBRANCA,APROVADO,802.34,1,,
2394,2,2023-12-27T15:00:00+00,CARTAO_CREDITO,COBRANCA,APROVADO,802.35,2,,
2395,1,2023-01-15T15:00:00+00,PIX,COBRANCA,APROVADO,412.16,1,,
2395,2,2023-01-16T15:00:00+00,CARTAO_CREDITO,COBRANCA,APROVADO,412.17,2,,
2396,1,2023-02-04T15:00:00+00,PIX,COBRANCA,APROVADO,553.64,1,,
2396,2,2023-02-05T15:00:00+00,CARTAO_CREDITO,COBRANCA,APROVADO,553.64,2,,
2397,1,2023-03-21T15:00:00+00,PIX,COBRANCA,APROVADO,1042.22,1,,
2397,2,2023-03-22T15:00:00+00,CARTAO_CREDITO,COBRANCA,APROVADO,1042.23,2,,
2398,1,2023-04-10T15:00:00+00,PIX,COBRANCA,APROVADO,289.65,1,,
2398,2,2023-04-11T15:00:00+00,CARTAO_CREDITO,COBRANCA,APROVADO,289.66,2,,
2399,1,2023-05-27T15:00:00+00,PIX,COBRANCA,APROVADO,810.10,1,,
2399,2,2023-05-28T15:00:00+00,CARTAO_CREDITO,COBRANCA,APROVADO,810.10,2,,
2400,1,2023-06-16T15:00:00+00,PIX,COBRANCA,APROVADO,720.19,1,,
2400,2,2023-06-17T15:00:00+00,CARTAO_CREDITO,COBRANCA,APROVADO,720.19,2,,
2401,1,2023-07-05T15:00:00+00,PIX,COBRANCA,APROVADO,596.29,1,,
2401,2,2023-07-06T15:00:00+00,CARTAO_CREDITO,COBRANCA,APROVADO,596.29,2,,
2402,1,2023-08-22T15:00:00+00,PIX,COBRANCA,APROVADO,1199.83,1,,
2402,2,2023-08-23T15:00:00+00,CARTAO_CREDITO,COBRANCA,APROVADO,1199.83,2,,
2403,1,2023-09-11T15:00:00+00,PIX,COBRANCA,APROVADO,674.24,1,,
2403,2,2023-09-12T15:00:00+00,CARTAO_CREDITO,COBRANCA,APROVADO,674.24,2,,
2404,1,2023-10-28T15:00:00+00,PIX,COBRANCA,APROVADO,859.12,1,,
2404,2,2023-10-29T15:00:00+00,CARTAO_CREDITO,COBRANCA,APROVADO,859.12,2,,
2405,1,2023-11-17T15:00:00+00,PIX,COBRANCA,APROVADO,1524.31,1,,
2405,2,2023-11-18T15:00:00+00,CARTAO_CREDITO,COBRANCA,APROVADO,1524.31,2,,
2406,1,2023-11-06T15:00:00+00,PIX,COBRANCA,APROVADO,469.09,1,,
2406,2,2023-11-07T15:00:00+00,CARTAO_CREDITO,COBRANCA,APROVADO,469.09,2,,
2407,1,2023-12-23T15:00:00+00,PIX,COBRANCA,APROVADO,1158.94,1,,
2407,2,2023-12-24T15:00:00+00,CARTAO_CREDITO,COBRANCA,APROVADO,1158.94,2,,
2408,1,2023-01-12T15:00:00+00,PIX,COBRANCA,APROVADO,1173.94,1,,
2408,2,2023-01-13T15:00:00+00,CARTAO_CREDITO,COBRANCA,APROVADO,1173.94,2,,
2409,1,2023-03-01T15:00:00+00,PIX,COBRANCA,APROVADO,744.25,1,,
2409,2,2023-03-02T15:00:00+00,CARTAO_CREDITO,COBRANCA,APROVADO,744.25,2,,
2410,1,2023-03-18T15:00:00+00,PIX,COBRANCA,APROVADO,958.71,1,,
2410,2,2023-03-19T15:00:00+00,CARTAO_CREDITO,COBRANCA,APROVADO,958.71,2,,
2411,1,2023-04-07T15:00:00+00,PIX,COBRANCA,APROVADO,701.64,1,,
2411,2,2023-04-08T15:00:00+00,CARTAO_CREDITO,COBRANCA,APROVADO,701.64,2,,
2412,1,2023-05-24T15:00:00+00,PIX,COBRANCA,APROVADO,672.80,1,,
2412,2,2023-05-25T15:00:00+00,CARTAO_CREDITO,COBRANCA,APROVADO,672.80,2,,
2413,1,2023-06-13T15:00:00+00,PIX,COBRANCA,APROVADO,1255.79,1,,
2413,2,2023-06-14T15:00:00+00,CARTAO_CREDITO,COBRANCA,APROVADO,1255.79,2,,
2414,1,2023-07-02T15:00:00+00,PIX,COBRANCA,APROVADO,337.57,1,,
2414,2,2023-07-03T15:00:00+00,CARTAO_CREDITO,COBRANCA,APROVADO,337.57,2,,
2415,1,2023-08-19T15:00:00+00,PIX,COBRANCA,APROVADO,945.22,1,,
2415,2,2023-08-20T15:00:00+00,CARTAO_CREDITO,COBRANCA,APROVADO,945.22,2,,
2416,1,2023-09-08T15:00:00+00,PIX,COBRANCA,APROVADO,746.50,1,,
2416,2,2023-09-09T15:00:00+00,CARTAO_CREDITO,COBRANCA,APROVADO,746.50,2,,
2417,1,2023-10-25T15:00:00+00,PIX,COBRANCA,APROVADO,355.17,1,,
2417,2,2023-10-26T15:00:00+00,CARTAO_CREDITO,COBRANCA,APROVADO,355.17,2,,
2418,1,2023-11-14T15:00:00+00,PIX,COBRANCA,APROVADO,794.31,1,,
2418,2,2023-11-15T15:00:00+00,CARTAO_CREDITO,COBRANCA,APROVADO,794.31,2,,
2419,1,2023-11-03T15:00:00+00,PIX,COBRANCA,APROVADO,805.76,1,,
2419,2,2023-11-04T15:00:00+00,CARTAO_CREDITO,COBRANCA,APROVADO,805.76,2,,
2420,1,2023-12-20T15:00:00+00,PIX,COBRANCA,APROVADO,563.20,1,,
2420,2,2023-12-21T15:00:00+00,CARTAO_CREDITO,COBRANCA,APROVADO,563.20,2,,
2421,1,2023-01-09T15:00:00+00,PIX,COBRANCA,APROVADO,512.64,1,,
2421,2,2023-01-10T15:00:00+00,CARTAO_CREDITO,COBRANCA,APROVADO,512.65,2,,
2422,1,2023-02-26T15:00:00+00,PIX,COBRANCA,APROVADO,186.38,1,,
2422,2,2023-02-27T15:00:00+00,CARTAO_CREDITO,COBRANCA,APROVADO,186.39,2,,
2423,1,2023-03-15T15:00:00+00,PIX,COBRANCA,APROVADO,393.43,1,,
2423,2,2023-03-16T15:00:00+00,CARTAO_CREDITO,COBRANCA,APROVADO,393.44,2,,
2424,1,2023-04-04T15:00:00+00,PIX,COBRANCA,APROVADO,431.34,1,,
2424,2,2023-04-05T15:00:00+00,CARTAO_CREDITO,COBRANCA,APROVADO,431.34,2,,
2425,1,2023-05-21T15:00:00+00,PIX,COBRANCA,APROVADO,304.05,1,,
2425,2,2023-05-22T15:00:00+00,CARTAO_CREDITO,COBRANCA,APROVADO,304.06,2,,
2426,1,2023-06-10T15:00:00+00,PIX,COBRANCA,APROVADO,590.86,1,,
2426,2,2023-06-11T15:00:00+00,CARTAO_CREDITO,COBRANCA,APROVADO,590.87,2,,
2427,1,2023-07-27T15:00:00+00,PIX,COBRANCA,APROVADO,304.60,1,,
2427,2,2023-07-28T15:00:00+00,CARTAO_CREDITO,COBRANCA,APROVADO,304.60,2,,
2428,1,2023-08-16T15:00:00+00,PIX,COBRANCA,APROVADO,416.73,1,,
2428,2,2023-08-17T15:00:00+00,CARTAO_CREDITO,COBRANCA,APROVADO,416.73,2,,
2429,1,2023-09-05T15:00:00+00,PIX,COBRANCA,APROVADO,842.17,1,,
2429,2,2023-09-06T15:00:00+00,CARTAO_CREDITO,COBRANCA,APROVADO,842.18,2,,
2430,1,2023-10-22T15:00:00+00,PIX,COBRANCA,APROVADO,266.33,1,,
2430,2,2023-10-23T15:00:00+00,CARTAO_CREDITO,COBRANCA,APROVADO,266.34,2,,
2431,1,2023-11-11T15:00:00+00,PIX,COBRANCA,APROVADO,626.13,1,,
2431,2,2023-11-12T15:00:00+00,CARTAO_CREDITO,COBRANCA,APROVADO,626.13,2,,
2432,1,2023-11-28T15:00:00+00,PIX,COBRANCA,APROVADO,642.43,1,,
2432,2,2023-11-29T15:00:00+00,CARTAO_CREDITO,COBRANCA,APROVADO,642.44,2,,
2433,1,2023-12-17T15:00:00+00,PIX,COBRANCA,APROVADO,390.74,1,,
2433,2,2023-12-18T15:00:00+00,CARTAO_CREDITO,COBRANCA,APROVADO,390.75,2,,
2434,1,2023-01-06T15:00:00+00,PIX,COBRANCA,APROVADO,1002.55,1,,
2434,2,2023-01-07T15:00:00+00,CARTAO_CREDITO,COBRANCA,APROVADO,1002.55,2,,
2435,1,2023-02-23T15:00:00+00,PIX,COBRANCA,APROVADO,553.68,1,,
2435,2,2023-02-24T15:00:00+00,CARTAO_CREDITO,COBRANCA,APROVADO,553.68,2,,
2436,1,2023-03-12T15:00:00+00,PIX,COBRANCA,APROVADO,727.60,1,,
2436,2,2023-03-13T15:00:00+00,CARTAO_CREDITO,COBRANCA,APROVADO,727.60,2,,
2437,1,2023-04-29T15:00:00+00,PIX,COBRANCA,APROVADO,1294.15,1,,
2437,2,2023-04-30T15:00:00+00,CARTAO_CREDITO,COBRANCA,APROVADO,1294.15,2,,
2438,1,2023-05-18T15:00:00+00,PIX,COBRANCA,APROVADO,403.33,1,,
2438,2,2023-05-19T15:00:00+00,CARTAO_CREDITO,COBRANCA,APROVADO,403.33,2,,
2439,1,2023-06-07T15:00:00+00,PIX,COBRANCA,APROVADO,994.54,1,,
2439,2,2023-06-08T15:00:00+00,CARTAO_CREDITO,COBRANCA,APROVADO,994.54,2,,
2440,1,2023-07-24T15:00:00+00,PIX,COBRANCA,APROVADO,998.58,1,,
2440,2,2023-07-25T15:00:00+00,CARTAO_CREDITO,COBRANCA,APROVADO,998.58,2,,
2441,1,2023-08-13T15:00:00+00,PIX,COBRANCA,APROVADO,645.61,1,,
2441,2,2023-08-14T15:00:00+00,CARTAO_CREDITO,COBRANCA,APROVADO,645.61,2,,
2442,1,2023-09-02T15:00:00+00,PIX,COBRANCA,APROVADO,1298.47,1,,
2442,2,2023-09-03T15:00:00+00,CARTAO_CREDITO,COBRANCA,APROVADO,1298.47,2,,
2443,1,2023-10-19T15:00:00+00,PIX,COBRANCA,APROVADO,734.52,1,,
2443,2,2023-10-20T15:00:00+00,CARTAO_CREDITO,COBRANCA,APROVADO,734.52,2,,
2444,1,2023-11-08T15:00:00+00,PIX,COBRANCA,APROVADO,924.88,1,,
2444,2,2023-11-09T15:00:00+00,CARTAO_CREDITO,COBRANCA,APROVADO,924.88,2,,
2445,1,2023-11-25T15:00:00+00,PIX,COBRANCA,APROVADO,1639.39,1,,
2445,2,2023-11-26T15:00:00+00,CARTAO_CREDITO,COBRANCA,APROVADO,1639.39,2,,
2446,1,2023-12-14T15:00:00+00,PIX,COBRANCA,APROVADO,501.97,1,,
2446,2,2023-12-15T15:00:00+00,CARTAO_CREDITO,COBRANCA,APROVADO,501.97,2,,
2447,1,2023-01-03T15:00:00+00,PIX,COBRANCA,APROVADO,780.82,1,,
2447,2,2023-01-04T15:00:00+00,CARTAO_CREDITO,COBRANCA,APROVADO,780.82,2,,
2448,1,2023-02-20T15:00:00+00,PIX,COBRANCA,APROVADO,1184.90,1,,
2448,2,2023-02-21T15:00:00+00,CARTAO_CREDITO,COBRANCA,APROVADO,1184.90,2,,
2449,1,2023-03-09T15:00:00+00,PIX,COBRANCA,APROVADO,486.69,1,,
2449,2,2023-03-10T15:00:00+00,CARTAO_CREDITO,COBRANCA,APROVADO,486.69,2,,
2450,1,2023-04-26T15:00:00+00,PIX,COBRANCA,APROVADO,1057.35,1,,
2450,2,2023-04-27T15:00:00+00,CARTAO_CREDITO,COBRANCA,APROVADO,1057.35,2,,
2451,1,2023-11-06T15:00:00+00,PIX,COBRANCA,APROVADO,755.47,1,,
2451,2,2023-11-07T15:00:00+00,CARTAO_CREDITO,COBRANCA,APROVADO,755.47,2,,
2452,1,2023-11-23T15:00:00+00,PIX,COBRANCA,APROVADO,732.11,1,,
2452,2,2023-11-24T15:00:00+00,CARTAO_CREDITO,COBRANCA,APROVADO,732.11,2,,
2453,1,2023-12-12T15:00:00+00,PIX,COBRANCA,APROVADO,827.38,1,,
2453,2,2023-12-13T15:00:00+00,CARTAO_CREDITO,COBRANCA,APROVADO,827.38,2,,
2454,1,2023-01-29T15:00:00+00,PIX,COBRANCA,APROVADO,197.03,1,,
2454,2,2023-01-30T15:00:00+00,CARTAO_CREDITO,COBRANCA,APROVADO,197.03,2,,
2455,1,2023-02-18T15:00:00+00,PIX,COBRANCA,APROVADO,533.70,1,,
2455,2,2023-02-19T15:00:00+00,CARTAO_CREDITO,COBRANCA,APROVADO,533.70,2,,
2456,1,2023-03-07T15:00:00+00,PIX,COBRANCA,APROVADO,732.53,1,,
2456,2,2023-03-08T15:00:00+00,CARTAO_CREDITO,COBRANCA,APROVADO,732.54,2,,
2457,1,2023-04-24T15:00:00+00,PIX,COBRANCA,APROVADO,335.05,1,,
2457,2,2023-04-25T15:00:00+00,CARTAO_CREDITO,COBRANCA,APROVADO,335.06,2,,
2458,1,2023-05-13T15:00:00+00,PIX,COBRANCA,APROVADO,718.78,1,,
2458,2,2023-05-14T15:00:00+00,CARTAO_CREDITO,COBRANCA,APROVADO,718.79,2,,
2459,1,2023-06-02T15:00:00+00,PIX,COBRANCA,APROVADO,224.06,1,,
2459,2,2023-06-03T15:00:00+00,CARTAO_CREDITO,COBRANCA,APROVADO,224.06,2,,
2460,1,2023-07-19T15:00:00+00,PIX,COBRANCA,APROVADO,339.55,1,,
2460,2,2023-07-20T15:00:00+00,CARTAO_CREDITO,COBRANCA,APROVADO,339.55,2,,
2461,1,2023-08-08T15:00:00+00,PIX,COBRANCA,APROVADO,594.05,1,,
2461,2,2023-08-09T15:00:00+00,CARTAO_CREDITO,COBRANCA,APROVADO,594.05,2,,
2462,1,2023-09-25T15:00:00+00,PIX,COBRANCA,APROVADO,209.24,1,,
2462,2,2023-09-26T15:00:00+00,CARTAO_CREDITO,COBRANCA,APROVADO,209.25,2,,
2463,1,2023-10-14T15:00:00+00,PIX,COBRANCA,APROVADO,452.19,1,,
2463,2,2023-10-15T15:00:00+00,CARTAO_CREDITO,COBRANCA,APROVADO,452.19,2,,
2464,1,2023-11-03T15:00:00+00,PIX,COBRANCA,APROVADO,505.42,1,,
2464,2,2023-11-04T15:00:00+00,CARTAO_CREDITO,COBRANCA,APROVADO,505.43,2,,
2465,1,2023-11-20T15:00:00+00,PIX,COBRANCA,APROVADO,339.52,1,,
2465,2,2023-11-21T15:00:00+00,CARTAO_CREDITO,COBRANCA,APROVADO,339.53,2,,
2466,1,2023-12-09T15:00:00+00,PIX,COBRANCA,APROVADO,667.74,1,,
2466,2,2023-12-10T15:00:00+00,CARTAO_CREDITO,COBRANCA,APROVADO,667.75,2,,
2467,1,2023-01-26T15:00:00+00,PIX,COBRANCA,APROVADO,359.71,1,,
2467,2,2023-01-27T15:00:00+00,CARTAO_CREDITO,COBRANCA,APROVADO,359.71,2,,
2468,1,2023-02-15T15:00:00+00,PIX,COBRANCA,APROVADO,589.63,1,,
2468,2,2023-02-16T15:00:00+00,CARTAO_CREDITO,COBRANCA,APROVADO,589.63,2,,
2469,1,2023-03-04T15:00:00+00,PIX,COBRANCA,APROVADO,1057.54,1,,
2469,2,2023-03-05T15:00:00+00,CARTAO_CREDITO,COBRANCA,APROVADO,1057.54,2,,
2470,1,2023-04-21T15:00:00+00,PIX,COBRANCA,APROVADO,331.12,1,,
2470,2,2023-04-22T15:00:00+00,CARTAO_CREDITO,COBRANCA,APROVADO,331.12,2,,
2471,1,2023-05-10T15:00:00+00,PIX,COBRANCA,APROVADO,823.69,1,,
2471,2,2023-05-11T15:00:00+00,CARTAO_CREDITO,COBRANCA,APROVADO,823.69,2,,
2472,1,2023-06-27T15:00:00+00,PIX,COBRANCA,APROVADO,816.77,1,,
2472,2,2023-06-28T15:00:00+00,CARTAO_CREDITO,COBRANCA,APROVADO,816.77,2,,
2473,1,2023-07-16T15:00:00+00,PIX,COBRANCA,APROVADO,540.52,1,,
2473,2,2023-07-17T15:00:00+00,CARTAO_CREDITO,COBRANCA,APROVADO,540.52,2,,
2474,1,2023-08-05T15:00:00+00,PIX,COBRANCA,APROVADO,1094.74,1,,
2474,2,2023-08-06T15:00:00+00,CARTAO_CREDITO,COBRANCA,APROVADO,1094.74,2,,
2475,1,2023-09-22T15:00:00+00,PIX,COBRANCA,APROVADO,607.51,1,,
2475,2,2023-09-23T15:00:00+00,CARTAO_CREDITO,COBRANCA,APROVADO,607.51,2,,
2476,1,2023-10-11T15:00:00+00,PIX,COBRANCA,APROVADO,786.91,1,,
2476,2,2023-10-12T15:00:00+00,CARTAO_CREDITO,COBRANCA,APROVADO,786.91,2,,
2477,1,2023-11-28T15:00:00+00,PIX,COBRANCA,APROVADO,1402.78,1,,
2477,2,2023-11-29T15:00:00+00,CARTAO_CREDITO,COBRANCA,APROVADO,1402.78,2,,
2478,1,2023-11-17T15:00:00+00,PIX,COBRANCA,APROVADO,429.76,1,,
2478,2,2023-11-18T15:00:00+00,CARTAO_CREDITO,COBRANCA,APROVADO,429.76,2,,
2479,1,2023-12-06T15:00:00+00,PIX,COBRANCA,APROVADO,1070.29,1,,
2479,2,2023-12-07T15:00:00+00,CARTAO_CREDITO,COBRANCA,APROVADO,1070.29,2,,
2480,1,2023-01-23T15:00:00+00,PIX,COBRANCA,APROVADO,1079.81,1,,
2480,2,2023-01-24T15:00:00+00,CARTAO_CREDITO,COBRANCA,APROVADO,1079.81,2,,
2481,1,2023-02-12T15:00:00+00,PIX,COBRANCA,APROVADO,1376.96,1,,
2482,1,2023-03-29T15:00:00+00,PIX,COBRANCA,APROVADO,2781.32,1,,
2483,1,2023-04-18T15:00:00+00,PIX,COBRANCA,APROVADO,1576.70,1,,
2484,1,2023-05-07T15:00:00+00,PIX,COBRANCA,APROVADO,1968.38,1,,
2485,1,2023-06-24T15:00:00+00,PIX,COBRANCA,APROVADO,2268.52,1,,
2486,1,2023-07-13T15:00:00+00,PIX,COBRANCA,APROVADO,596.48,1,,
2487,1,2023-08-02T15:00:00+00,PIX,COBRANCA,APROVADO,1713.14,1,,
2488,1,2023-09-19T15:00:00+00,PIX,COBRANCA,APROVADO,2077.24,1,,
2489,1,2023-10-08T15:00:00+00,PIX,COBRANCA,APROVADO,958.85,1,,
2490,1,2023-11-25T15:00:00+00,PIX,COBRANCA,APROVADO,1150.79,1,,
2491,1,2023-11-14T15:00:00+00,PIX,COBRANCA,APROVADO,1316.76,1,,
2492,1,2023-12-03T15:00:00+00,PIX,COBRANCA,APROVADO,815.41,1,,
2493,1,2023-01-20T15:00:00+00,PIX,COBRANCA,APROVADO,1533.40,1,,
2494,1,2023-02-09T15:00:00+00,PIX,COBRANCA,APROVADO,436.45,1,,
2495,1,2023-03-26T15:00:00+00,PIX,COBRANCA,APROVADO,1206.04,1,,
2496,1,2023-04-15T15:00:00+00,PIX,COBRANCA,APROVADO,650.79,1,,
2497,1,2023-05-04T15:00:00+00,PIX,COBRANCA,APROVADO,527.06,1,,
2498,1,2023-06-21T15:00:00+00,PIX,COBRANCA,APROVADO,942.12,1,,
2499,1,2023-07-10T15:00:00+00,PIX,COBRANCA,APROVADO,559.91,1,,
2500,1,2023-08-27T15:00:00+00,PIX,COBRANCA,APROVADO,814.29,1,,
2501,1,2023-09-16T15:00:00+00,PIX,COBRANCA,APROVADO,1654.76,1,,
2502,1,2023-10-05T15:00:00+00,PIX,COBRANCA,APROVADO,530.72,1,,
2503,1,2023-11-22T15:00:00+00,PIX,COBRANCA,APROVADO,1318.58,1,,
2504,1,2023-11-11T15:00:00+00,PIX,COBRANCA,APROVADO,1282.82,1,,
2505,1,2023-12-28T15:00:00+00,PIX,COBRANCA,APROVADO,883.76,1,,
2506,1,2023-01-17T15:00:00+00,PIX,COBRANCA,APROVADO,1794.92,1,,
2507,1,2023-02-06T15:00:00+00,PIX,COBRANCA,APROVADO,973.90,1,,
2508,1,2023-03-23T15:00:00+00,PIX,COBRANCA,APROVADO,1310.78,1,,
2509,1,2023-04-12T15:00:00+00,PIX,COBRANCA,APROVADO,2345.24,1,,
2510,1,2023-05-29T15:00:00+00,PIX,COBRANCA,APROVADO,728.00,1,,
2511,1,2023-06-18T15:00:00+00,PIX,COBRANCA,APROVADO,1811.78,1,,
2512,1,2023-07-07T15:00:00+00,PIX,COBRANCA,APROVADO,1808.90,1,,
2513,1,2023-08-24T15:00:00+00,PIX,COBRANCA,APROVADO,1179.68,1,,
2514,1,2023-09-13T15:00:00+00,PIX,COBRANCA,APROVADO,2386.76,1,,
2515,1,2023-10-02T15:00:00+00,PIX,COBRANCA,APROVADO,1335.58,1,,
2516,1,2023-11-19T15:00:00+00,PIX,COBRANCA,APROVADO,1705.34,1,,
2517,1,2023-11-08T15:00:00+00,PIX,COBRANCA,APROVADO,3035.72,1,,
2518,1,2023-12-25T15:00:00+00,PIX,COBRANCA,APROVADO,925.28,1,,
2519,1,2023-01-14T15:00:00+00,PIX,COBRANCA,APROVADO,2304.98,1,,
2520,1,2023-02-03T15:00:00+00,PIX,COBRANCA,APROVADO,2334.98,1,,
2521,1,2023-03-20T15:00:00+00,PIX,COBRANCA,APROVADO,1258.53,1,,
2522,1,2023-04-09T15:00:00+00,PIX,COBRANCA,APROVADO,1658.29,1,,
2523,1,2023-05-26T15:00:00+00,PIX,COBRANCA,APROVADO,1166.16,1,,
2524,1,2023-06-15T15:00:00+00,PIX,COBRANCA,APROVADO,1211.39,1,,
2525,1,2023-07-04T15:00:00+00,PIX,COBRANCA,APROVADO,1991.80,1,,
2526,1,2023-08-21T15:00:00+00,PIX,COBRANCA,APROVADO,563.37,1,,
2527,1,2023-09-10T15:00:00+00,PIX,COBRANCA,APROVADO,1639.65,1,,
2528,1,2023-10-27T15:00:00+00,PIX,COBRANCA,APROVADO,1238.78,1,,
2529,1,2023-11-16T15:00:00+00,PIX,COBRANCA,APROVADO,632.28,1,,
2530,1,2023-11-05T15:00:00+00,PIX,COBRANCA,APROVADO,1316.83,1,,
2531,1,2023-12-22T15:00:00+00,PIX,COBRANCA,APROVADO,1422.58,1,,
2532,1,2023-01-11T15:00:00+00,PIX,COBRANCA,APROVADO,931.01,1,,
2533,1,2023-02-28T15:00:00+00,PIX,COBRANCA,APROVADO,933.89,1,,
2534,1,2023-03-17T15:00:00+00,PIX,COBRANCA,APROVADO,399.20,1,,
2535,1,2023-04-06T15:00:00+00,PIX,COBRANCA,APROVADO,989.78,1,,
2536,1,2023-05-23T15:00:00+00,PIX,COBRANCA,APROVADO,932.10,1,,
2537,1,2023-06-12T15:00:00+00,PIX,COBRANCA,APROVADO,686.48,1,,
2538,1,2023-07-29T15:00:00+00,PIX,COBRANCA,APROVADO,1400.36,1,,
2539,1,2023-08-18T15:00:00+00,PIX,COBRANCA,APROVADO,732.78,1,,
2540,1,2023-09-07T15:00:00+00,PIX,COBRANCA,APROVADO,1047.74,1,,
2541,1,2023-10-24T15:00:00+00,PIX,COBRANCA,APROVADO,1884.92,1,,
2542,1,2023-11-13T15:00:00+00,PIX,COBRANCA,APROVADO,596.48,1,,
2543,1,2023-11-02T15:00:00+00,PIX,COBRANCA,APROVADO,1482.98,1,,
2544,1,2023-12-19T15:00:00+00,PIX,COBRANCA,APROVADO,1458.18,1,,
2545,1,2023-01-08T15:00:00+00,PIX,COBRANCA,APROVADO,982.40,1,,
2546,1,2023-02-25T15:00:00+00,PIX,COBRANCA,APROVADO,1992.20,1,,
2547,1,2023-03-14T15:00:00+00,PIX,COBRANCA,APROVADO,1094.46,1,,
2548,1,2023-04-03T15:00:00+00,PIX,COBRANCA,APROVADO,1442.30,1,,
2549,1,2023-05-20T15:00:00+00,PIX,COBRANCA,APROVADO,2575.40,1,,
2550,1,2023-06-09T15:00:00+00,PIX,COBRANCA,APROVADO,793.76,1,,
2551,1,2023-07-26T15:00:00+00,PIX,COBRANCA,APROVADO,1976.18,1,,
2552,1,2023-08-15T15:00:00+00,PIX,COBRANCA,APROVADO,1984.26,1,,
2553,1,2023-09-04T15:00:00+00,PIX,COBRANCA,APROVADO,1278.32,1,,
2554,1,2023-10-21T15:00:00+00,PIX,COBRANCA,APROVADO,2411.63,1,,
2555,1,2023-11-10T15:00:00+00,PIX,COBRANCA,APROVADO,1208.25,1,,
2556,1,2023-11-27T15:00:00+00,PIX,COBRANCA,APROVADO,1537.16,1,,
2557,1,2023-12-16T15:00:00+00,PIX,COBRANCA,APROVADO,2876.06,1,,
2558,1,2023-01-05T15:00:00+00,PIX,COBRANCA,APROVADO,772.46,1,,
2559,1,2023-02-22T15:00:00+00,PIX,COBRANCA,APROVADO,1412.15,1,,
2560,1,2023-03-11T15:00:00+00,PIX,COBRANCA,APROVADO,1824.71,1,,
2561,1,2023-04-28T15:00:00+00,PIX,COBRANCA,APROVADO,823.18,1,,
2562,1,2023-05-17T15:00:00+00,PIX,COBRANCA,APROVADO,1830.87,1,,
2563,1,2023-06-06T15:00:00+00,PIX,COBRANCA,APROVADO,1265.85,1,,
2564,1,2023-07-23T15:00:00+00,PIX,COBRANCA,APROVADO,1328.73,1,,
2565,1,2023-08-12T15:00:00+00,PIX,COBRANCA,APROVADO,1379.68,1,,
2566,1,2023-09-29T15:00:00+00,PIX,COBRANCA,APROVADO,357.32,1,,
2567,1,2023-10-18T15:00:00+00,PIX,COBRANCA,APROVADO,1103.66,1,,
2568,1,2023-11-07T15:00:00+00,PIX,COBRANCA,APROVADO,1655.46,1,,
2569,1,2023-11-24T15:00:00+00,PIX,COBRANCA,APROVADO,796.08,1,,
2570,1,2023-12-13T15:00:00+00,PIX,COBRANCA,APROVADO,1773.00,1,,
2571,1,2023-01-02T15:00:00+00,PIX,COBRANCA,APROVADO,491.66,1,,
2572,1,2023-02-19T15:00:00+00,PIX,COBRANCA,APROVADO,784.70,1,,
2573,1,2023-03-08T15:00:00+00,PIX,COBRANCA,APROVADO,1424.60,1,,
2574,1,2023-04-25T15:00:00+00,PIX,COBRANCA,APROVADO,464.96,1,,
2575,1,2023-05-14T15:00:00+00,PIX,COBRANCA,APROVADO,1154.18,1,,
2576,1,2023-06-03T15:00:00+00,PIX,COBRANCA,APROVADO,1107.46,1,,
2577,1,2023-07-20T15:00:00+00,PIX,COBRANCA,APROVADO,785.12,1,,
2578,1,2023-08-09T15:00:00+00,PIX,COBRANCA,APROVADO,1597.64,1,,
2579,1,2023-09-26T15:00:00+00,PIX,COBRANCA,APROVADO,853.34,1,,
2580,1,2023-10-15T15:00:00+00,PIX,COBRANCA,APROVADO,1179.26,1,,
2581,1,2023-11-04T15:00:00+00,PIX,COBRANCA,APROVADO,2115.08,1,,
2582,1,2023-11-21T15:00:00+00,PIX,COBRANCA,APROVADO,662.24,1,,
2583,1,2023-12-10T15:00:00+00,PIX,COBRANCA,APROVADO,1647.38,1,,
2584,1,2023-01-27T15:00:00+00,PIX,COBRANCA,APROVADO,1633.54,1,,
2585,1,2023-02-16T15:00:00+00,PIX,COBRANCA,APROVADO,1081.04,1,,
2586,1,2023-03-05T15:00:00+00,PIX,COBRANCA,APROVADO,2189.48,1,,
2587,1,2023-04-22T15:00:00+00,PIX,COBRANCA,APROVADO,1215.02,1,,
2588,1,2023-05-11T15:00:00+00,PIX,COBRANCA,APROVADO,1237.05,1,,
2589,1,2023-06-28T15:00:00+00,PIX,COBRANCA,APROVADO,2495.65,1,,
2590,1,2023-07-17T15:00:00+00,PIX,COBRANCA,APROVADO,745.55,1,,
2591,1,2023-08-06T15:00:00+00,PIX,COBRANCA,APROVADO,1793.94,1,,
2592,1,2023-09-23T15:00:00+00,PIX,COBRANCA,APROVADO,1874.78,1,,
2593,1,2023-10-12T15:00:00+00,PIX,COBRANCA,APROVADO,1079.86,1,,
2594,1,2023-11-29T15:00:00+00,PIX,COBRANCA,APROVADO,2474.07,1,,
2595,1,2023-11-18T15:00:00+00,PIX,COBRANCA,APROVADO,1307.37,1,,
2596,1,2023-12-07T15:00:00+00,PIX,COBRANCA,APROVADO,1647.86,1,,
2597,1,2023-01-24T15:00:00+00,PIX,COBRANCA,APROVADO,1972.33,1,,
2598,1,2023-02-13T15:00:00+00,PIX,COBRANCA,APROVADO,478.73,1,,
2599,1,2023-03-02T15:00:00+00,PIX,COBRANCA,APROVADO,1559.10,1,,
2600,1,2023-04-19T15:00:00+00,PIX,COBRANCA,APROVADO,1964.52,1,,
2601,1,2023-05-08T15:00:00+00,PIX,COBRANCA,APROVADO,1059.12,1,,
2602,1,2023-06-25T15:00:00+00,PIX,COBRANCA,APROVADO,1378.44,1,,
2603,1,2023-07-14T15:00:00+00,PIX,COBRANCA,APROVADO,1478.06,1,,
2604,1,2023-08-03T15:00:00+00,PIX,COBRANCA,APROVADO,981.98,1,,
2605,1,2023-09-20T15:00:00+00,PIX,COBRANCA,APROVADO,1884.92,1,,
2606,1,2023-10-09T15:00:00+00,PIX,COBRANCA,APROVADO,486.88,1,,
2607,1,2023-11-26T15:00:00+00,PIX,COBRANCA,APROVADO,1439.14,1,,
2608,1,2023-11-15T15:00:00+00,PIX,COBRANCA,APROVADO,756.74,1,,
2609,1,2023-12-04T15:00:00+00,PIX,COBRANCA,APROVADO,587.84,1,,
2610,1,2023-01-21T15:00:00+00,PIX,COBRANCA,APROVADO,1203.08,1,,
2611,1,2023-02-10T15:00:00+00,PIX,COBRANCA,APROVADO,612.22,1,,
2612,1,2023-03-27T15:00:00+00,PIX,COBRANCA,APROVADO,916.22,1,,
2613,1,2023-04-16T15:00:00+00,PIX,COBRANCA,APROVADO,1654.76,1,,
2614,1,2023-05-05T15:00:00+00,PIX,COBRANCA,APROVADO,530.72,1,,
2615,1,2023-06-22T15:00:00+00,PIX,COBRANCA,APROVADO,1318.58,1,,
2616,1,2023-07-11T15:00:00+00,PIX,COBRANCA,APROVADO,1282.82,1,,
2617,1,2023-08-28T15:00:00+00,PIX,COBRANCA,APROVADO,883.76,1,,
2618,1,2023-09-17T15:00:00+00,PIX,COBRANCA,APROVADO,1794.92,1,,
2619,1,2023-10-06T15:00:00+00,PIX,COBRANCA,APROVADO,973.90,1,,
2620,1,2023-11-23T15:00:00+00,PIX,COBRANCA,APROVADO,1310.78,1,,
2621,1,2023-11-12T15:00:00+00,PIX,COBRANCA,APROVADO,2017.97,1,,
2622,1,2023-12-29T15:00:00+00,PIX,COBRANCA,APROVADO,653.05,1,,
2623,1,2023-01-18T15:00:00+00,PIX,COBRANCA,APROVADO,1426.09,1,,
2624,1,2023-02-07T15:00:00+00,PIX,COBRANCA,APROVADO,1655.34,1,,
2625,1,2023-03-24T15:00:00+00,PIX,COBRANCA,APROVADO,1014.43,1,,
2626,1,2023-04-13T15:00:00+00,PIX,COBRANCA,APROVADO,2001.79,1,,
2627,1,2023-05-02T15:00:00+00,PIX,COBRANCA,APROVADO,1075.80,1,,
2628,1,2023-06-19T15:00:00+00,PIX,COBRANCA,APROVADO,1341.16,1,,
2629,1,2023-07-08T15:00:00+00,PIX,COBRANCA,APROVADO,2701.69,1,,
2630,1,2023-08-25T15:00:00+00,PIX,COBRANCA,APROVADO,801.99,1,,
2631,1,2023-09-14T15:00:00+00,PIX,COBRANCA,APROVADO,1932.58,1,,
2632,1,2023-10-03T15:00:00+00,PIX,COBRANCA,APROVADO,2025.47,1,,
2633,1,2023-11-20T15:00:00+00,PIX,COBRANCA,APROVADO,1157.67,1,,
2634,1,2023-11-09T15:00:00+00,PIX,COBRANCA,APROVADO,1904.52,1,,
2635,1,2023-12-26T15:00:00+00,PIX,COBRANCA,APROVADO,1390.38,1,,
2636,1,2023-01-15T15:00:00+00,PIX,COBRANCA,APROVADO,1332.70,1,,
2637,1,2023-02-04T15:00:00+00,PIX,COBRANCA,APROVADO,2498.68,1,,
2638,1,2023-03-21T15:00:00+00,PIX,COBRANCA,APROVADO,662.24,1,,
2639,1,2023-04-10T15:00:00+00,PIX,COBRANCA,APROVADO,1877.54,1,,
2640,1,2023-05-27T15:00:00+00,PIX,COBRANCA,APROVADO,1480.10,1,,
2641,1,2023-06-16T15:00:00+00,PIX,COBRANCA,APROVADO,697.44,1,,
2642,1,2023-07-05T15:00:00+00,PIX,COBRANCA,APROVADO,1575.72,1,,
2643,1,2023-08-22T15:00:00+00,PIX,COBRANCA,APROVADO,1598.62,1,,
2644,1,2023-09-11T15:00:00+00,PIX,COBRANCA,APROVADO,1113.50,1,,
2645,1,2023-10-28T15:00:00+00,PIX,COBRANCA,APROVADO,1194.44,1,,
2646,1,2023-11-17T15:00:00+00,PIX,COBRANCA,APROVADO,399.20,1,,
2647,1,2023-11-06T15:00:00+00,PIX,COBRANCA,APROVADO,989.78,1,,
2648,1,2023-12-23T15:00:00+00,PIX,COBRANCA,APROVADO,932.10,1,,
2649,1,2023-01-12T15:00:00+00,PIX,COBRANCA,APROVADO,686.48,1,,
2650,1,2023-03-01T15:00:00+00,PIX,COBRANCA,APROVADO,1400.36,1,,
2651,1,2023-03-18T15:00:00+00,PIX,COBRANCA,APROVADO,732.78,1,,
2652,1,2023-04-07T15:00:00+00,PIX,COBRANCA,APROVADO,1047.74,1,,
2653,1,2023-05-24T15:00:00+00,PIX,COBRANCA,APROVADO,1884.92,1,,
2654,1,2023-06-13T15:00:00+00,PIX,COBRANCA,APROVADO,544.76,1,,
2655,1,2023-07-02T15:00:00+00,PIX,COBRANCA,APROVADO,1269.62,1,,
2656,1,2023-08-19T15:00:00+00,PIX,COBRANCA,APROVADO,1260.16,1,,
2657,1,2023-09-08T15:00:00+00,PIX,COBRANCA,APROVADO,875.61,1,,
2658,1,2023-10-25T15:00:00+00,PIX,COBRANCA,APROVADO,1569.06,1,,
2659,1,2023-11-14T15:00:00+00,PIX,COBRANCA,APROVADO,1007.08,1,,
2660,1,2023-11-03T15:00:00+00,PIX,COBRANCA,APROVADO,1235.32,1,,
2661,1,2023-12-20T15:00:00+00,PIX,COBRANCA,APROVADO,2160.80,1,,
2662,1,2023-01-09T15:00:00+00,PIX,COBRANCA,APROVADO,711.67,1,,
2663,1,2023-02-26T15:00:00+00,PIX,COBRANCA,APROVADO,1556.50,1,,
2664,1,2023-03-15T15:00:00+00,PIX,COBRANCA,APROVADO,1816.41,1,,
2665,1,2023-04-04T15:00:00+00,PIX,COBRANCA,APROVADO,1098.27,1,,
2666,1,2023-05-21T15:00:00+00,PIX,COBRANCA,APROVADO,2168.45,1,,
2667,1,2023-06-10T15:00:00+00,PIX,COBRANCA,APROVADO,1212.62,1,,
2668,1,2023-07-27T15:00:00+00,PIX,COBRANCA,APROVADO,1836.86,1,,
2669,1,2023-08-16T15:00:00+00,PIX,COBRANCA,APROVADO,3265.88,1,,
2670,1,2023-09-05T15:00:00+00,PIX,COBRANCA,APROVADO,991.04,1,,
2671,1,2023-10-22T15:00:00+00,PIX,COBRANCA,APROVADO,1548.74,1,,
2672,1,2023-11-11T15:00:00+00,PIX,COBRANCA,APROVADO,2356.90,1,,
2673,1,2023-11-28T15:00:00+00,PIX,COBRANCA,APROVADO,960.48,1,,
2674,1,2023-12-17T15:00:00+00,PIX,COBRANCA,APROVADO,2101.80,1,,
2675,1,2023-01-06T15:00:00+00,PIX,COBRANCA,APROVADO,1510.94,1,,
2676,1,2023-02-23T15:00:00+00,PIX,COBRANCA,APROVADO,1464.22,1,,
2677,1,2023-03-12T15:00:00+00,PIX,COBRANCA,APROVADO,1654.76,1,,
2678,1,2023-04-29T15:00:00+00,PIX,COBRANCA,APROVADO,421.12,1,,
2679,1,2023-05-18T15:00:00+00,PIX,COBRANCA,APROVADO,1274.74,1,,
2680,1,2023-06-07T15:00:00+00,PIX,COBRANCA,APROVADO,1655.46,1,,
2681,1,2023-07-24T15:00:00+00,PIX,COBRANCA,APROVADO,796.08,1,,
2682,1,2023-08-13T15:00:00+00,PIX,COBRANCA,APROVADO,1773.00,1,,
2683,1,2023-09-02T15:00:00+00,PIX,COBRANCA,APROVADO,491.66,1,,
2684,1,2023-10-19T15:00:00+00,PIX,COBRANCA,APROVADO,784.70,1,,
2685,1,2023-11-08T15:00:00+00,PIX,COBRANCA,APROVADO,1424.60,1,,
2686,1,2023-11-25T15:00:00+00,PIX,COBRANCA,APROVADO,464.96,1,,
2687,1,2023-12-14T15:00:00+00,PIX,COBRANCA,APROVADO,1154.18,1,,
2688,1,2023-01-03T15:00:00+00,PIX,COBRANCA,APROVADO,900.10,1,,
2689,1,2023-02-20T15:00:00+00,PIX,COBRANCA,APROVADO,691.46,1,,
2690,1,2023-03-09T15:00:00+00,PIX,COBRANCA,APROVADO,1367.26,1,,
2691,1,2023-04-26T15:00:00+00,PIX,COBRANCA,APROVADO,740.86,1,,
2692,1,2023-05-15T15:00:00+00,PIX,COBRANCA,APROVADO,1048.31,1,,
2693,1,2023-06-04T15:00:00+00,PIX,COBRANCA,APROVADO,1665.98,1,,
2694,1,2023-07-21T15:00:00+00,PIX,COBRANCA,APROVADO,581.12,1,,
2695,1,2023-08-10T15:00:00+00,PIX,COBRANCA,APROVADO,1408.26,1,,
2696,1,2023-09-27T15:00:00+00,PIX,COBRANCA,APROVADO,1412.51,1,,
2697,1,2023-10-16T15:00:00+00,PIX,COBRANCA,APROVADO,962.72,1,,
2698,1,2023-11-05T15:00:00+00,PIX,COBRANCA,APROVADO,1725.76,1,,
2699,1,2023-11-22T15:00:00+00,PIX,COBRANCA,APROVADO,1118.87,1,,
2700,1,2023-12-11T15:00:00+00,PIX,COBRANCA,APROVADO,1384.21,1,,
2701,1,2023-01-28T15:00:00+00,PIX,COBRANCA,APROVADO,2805.56,1,,
2702,1,2023-02-17T15:00:00+00,PIX,COBRANCA,APROVADO,859.52,1,,
2703,1,2023-03-06T15:00:00+00,PIX,COBRANCA,APROVADO,2140.58,1,,
2704,1,2023-04-23T15:00:00+00,PIX,COBRANCA,APROVADO,2159.62,1,,
2705,1,2023-05-12T15:00:00+00,PIX,COBRANCA,APROVADO,1376.96,1,,
2706,1,2023-06-29T15:00:00+00,PIX,COBRANCA,APROVADO,2781.32,1,,
2707,1,2023-07-18T15:00:00+00,PIX,COBRANCA,APROVADO,1576.70,1,,
2708,1,2023-08-07T15:00:00+00,PIX,COBRANCA,APROVADO,1968.38,1,,
2709,1,2023-09-24T15:00:00+00,PIX,COBRANCA,APROVADO,2268.52,1,,
2710,1,2023-10-13T15:00:00+00,PIX,COBRANCA,APROVADO,596.48,1,,
2711,1,2023-11-02T15:00:00+00,PIX,COBRANCA,APROVADO,1713.14,1,,
2712,1,2023-11-19T15:00:00+00,PIX,COBRANCA,APROVADO,2532.26,1,,
2713,1,2023-12-08T15:00:00+00,PIX,COBRANCA,APROVADO,1059.12,1,,
2714,1,2023-01-25T15:00:00+00,PIX,COBRANCA,APROVADO,1378.44,1,,
2715,1,2023-02-14T15:00:00+00,PIX,COBRANCA,APROVADO,1478.06,1,,
2716,1,2023-03-03T15:00:00+00,PIX,COBRANCA,APROVADO,981.98,1,,
2717,1,2023-04-20T15:00:00+00,PIX,COBRANCA,APROVADO,1884.92,1,,
2718,1,2023-05-09T15:00:00+00,PIX,COBRANCA,APROVADO,486.88,1,,
2719,1,2023-06-26T15:00:00+00,PIX,COBRANCA,APROVADO,1439.14,1,,
2720,1,2023-07-15T15:00:00+00,PIX,COBRANCA,APROVADO,756.74,1,,
2721,1,2023-08-04T15:00:00+00,PIX,COBRANCA,APROVADO,494.06,1,,
2722,1,2023-09-21T15:00:00+00,PIX,COBRANCA,APROVADO,1071.37,1,,
2723,1,2023-10-10T15:00:00+00,PIX,COBRANCA,APROVADO,498.65,1,,
2724,1,2023-11-27T15:00:00+00,PIX,COBRANCA,APROVADO,808.11,1,,
2725,1,2023-11-16T15:00:00+00,PIX,COBRANCA,APROVADO,1416.96,1,,
2726,1,2023-12-05T15:00:00+00,PIX,COBRANCA,APROVADO,438.41,1,,
2727,1,2023-01-22T15:00:00+00,PIX,COBRANCA,APROVADO,1171.10,1,,
2728,1,2023-02-11T15:00:00+00,PIX,COBRANCA,APROVADO,1043.65,1,,
2729,1,2023-03-28T15:00:00+00,PIX,COBRANCA,APROVADO,779.14,1,,
2730,1,2023-04-17T15:00:00+00,PIX,COBRANCA,APROVADO,1533.30,1,,
2731,1,2023-05-06T15:00:00+00,PIX,COBRANCA,APROVADO,846.60,1,,
2732,1,2023-06-23T15:00:00+00,PIX,COBRANCA,APROVADO,1163.91,1,,
2733,1,2023-07-12T15:00:00+00,PIX,COBRANCA,APROVADO,1849.05,1,,
2734,1,2023-08-29T15:00:00+00,PIX,COBRANCA,APROVADO,728.00,1,,
2735,1,2023-09-18T15:00:00+00,PIX,COBRANCA,APROVADO,1811.78,1,,
2736,1,2023-10-07T15:00:00+00,PIX,COBRANCA,APROVADO,1808.90,1,,
2737,1,2023-11-24T15:00:00+00,PIX,COBRANCA,APROVADO,1179.68,1,,
2738,1,2023-11-13T15:00:00+00,PIX,COBRANCA,APROVADO,2386.76,1,,
2739,1,2023-12-02T15:00:00+00,PIX,COBRANCA,APROVADO,1335.58,1,,
2740,1,2023-01-19T15:00:00+00,PIX,COBRANCA,APROVADO,1705.34,1,,
2741,1,2023-02-08T15:00:00+00,PIX,COBRANCA,APROVADO,3035.72,1,,
2742,1,2023-03-25T15:00:00+00,PIX,COBRANCA,APROVADO,925.28,1,,
2743,1,2023-04-14T15:00:00+00,PIX,COBRANCA,APROVADO,2304.98,1,,
2744,1,2023-05-03T15:00:00+00,PIX,COBRANCA,APROVADO,2334.98,1,,
2745,1,2023-06-20T15:00:00+00,PIX,COBRANCA,APROVADO,1475.60,1,,
2746,1,2023-07-09T15:00:00+00,PIX,COBRANCA,APROVADO,1904.52,1,,
2747,1,2023-08-26T15:00:00+00,PIX,COBRANCA,APROVADO,1390.38,1,,
2748,1,2023-09-15T15:00:00+00,PIX,COBRANCA,APROVADO,1332.70,1,,
2749,1,2023-10-04T15:00:00+00,PIX,COBRANCA,APROVADO,2498.68,1,,
2750,1,2023-11-21T15:00:00+00,PIX,COBRANCA,APROVADO,662.24,1,,
2751,1,2023-11-10T15:00:00+00,PIX,COBRANCA,APROVADO,1877.54,1,,
2752,1,2023-12-27T15:00:00+00,PIX,COBRANCA,APROVADO,1480.10,1,,
2753,1,2023-01-16T15:00:00+00,PIX,COBRANCA,APROVADO,697.44,1,,
2754,1,2023-02-05T15:00:00+00,PIX,COBRANCA,APROVADO,1506.84,1,,
2755,1,2023-03-22T15:00:00+00,PIX,COBRANCA,APROVADO,1297.57,1,,
2756,1,2023-04-11T15:00:00+00,PIX,COBRANCA,APROVADO,955.17,1,,
2757,1,2023-05-28T15:00:00+00,PIX,COBRANCA,APROVADO,1065.97,1,,
2758,1,2023-06-17T15:00:00+00,PIX,COBRANCA,APROVADO,308.85,1,,
2759,1,2023-07-06T15:00:00+00,PIX,COBRANCA,APROVADO,872.98,1,,
2760,1,2023-08-23T15:00:00+00,PIX,COBRANCA,APROVADO,732.49,1,,
2761,1,2023-09-12T15:00:00+00,PIX,COBRANCA,APROVADO,569.46,1,,
2762,1,2023-10-29T15:00:00+00,PIX,COBRANCA,APROVADO,1243.95,1,,
2763,1,2023-11-18T15:00:00+00,PIX,COBRANCA,APROVADO,598.42,1,,
2764,1,2023-11-07T15:00:00+00,PIX,COBRANCA,APROVADO,925.38,1,,
2765,1,2023-12-24T15:00:00+00,PIX,COBRANCA,APROVADO,1610.34,1,,
2766,1,2023-01-13T15:00:00+00,PIX,COBRANCA,APROVADO,493.23,1,,
2767,1,2023-02-02T15:00:00+00,PIX,COBRANCA,APROVADO,1410.54,1,,
2768,1,2023-03-19T15:00:00+00,PIX,COBRANCA,APROVADO,1458.18,1,,
2769,1,2023-04-08T15:00:00+00,PIX,COBRANCA,APROVADO,982.40,1,,
2770,1,2023-05-25T15:00:00+00,PIX,COBRANCA,APROVADO,1992.20,1,,
2771,1,2023-06-14T15:00:00+00,PIX,COBRANCA,APROVADO,1094.46,1,,
2772,1,2023-07-03T15:00:00+00,PIX,COBRANCA,APROVADO,1442.30,1,,
2773,1,2023-08-20T15:00:00+00,PIX,COBRANCA,APROVADO,2575.40,1,,
2774,1,2023-09-09T15:00:00+00,PIX,COBRANCA,APROVADO,793.76,1,,
2775,1,2023-10-26T15:00:00+00,PIX,COBRANCA,APROVADO,1976.18,1,,
2776,1,2023-11-15T15:00:00+00,PIX,COBRANCA,APROVADO,1984.26,1,,
2777,1,2023-11-04T15:00:00+00,PIX,COBRANCA,APROVADO,1278.32,1,,
2778,1,2023-12-21T15:00:00+00,PIX,COBRANCA,APROVADO,2584.04,1,,
2779,1,2023-01-10T15:00:00+00,PIX,COBRANCA,APROVADO,1456.14,1,,
2780,1,2023-02-27T15:00:00+00,PIX,COBRANCA,APROVADO,1836.86,1,,
2781,1,2023-03-16T15:00:00+00,PIX,COBRANCA,APROVADO,3265.88,1,,
2782,1,2023-04-05T15:00:00+00,PIX,COBRANCA,APROVADO,991.04,1,,
2783,1,2023-05-22T15:00:00+00,PIX,COBRANCA,APROVADO,1548.74,1,,
2784,1,2023-06-11T15:00:00+00,PIX,COBRANCA,APROVADO,2356.90,1,,
2785,1,2023-07-28T15:00:00+00,PIX,COBRANCA,APROVADO,960.48,1,,
2786,1,2023-08-17T15:00:00+00,PIX,COBRANCA,APROVADO,2101.80,1,,
2787,1,2023-09-06T15:00:00+00,PIX,COBRANCA,APROVADO,1510.94,1,,
2788,1,2023-10-23T15:00:00+00,PIX,COBRANCA,APROVADO,1182.25,1,,
2789,1,2023-11-12T15:00:00+00,PIX,COBRANCA,APROVADO,1515.83,1,,
2790,1,2023-11-29T15:00:00+00,PIX,COBRANCA,APROVADO,360.30,1,,
2791,1,2023-12-18T15:00:00+00,PIX,COBRANCA,APROVADO,1098.50,1,,
2792,1,2023-01-07T15:00:00+00,PIX,COBRANCA,APROVADO,1324.03,1,,
2793,1,2023-02-24T15:00:00+00,PIX,COBRANCA,APROVADO,640.37,1,,
2794,1,2023-03-13T15:00:00+00,PIX,COBRANCA,APROVADO,1614.87,1,,
2795,1,2023-04-02T15:00:00+00,PIX,COBRANCA,APROVADO,414.69,1,,
2796,1,2023-05-19T15:00:00+00,PIX,COBRANCA,APROVADO,651.56,1,,
2797,1,2023-06-08T15:00:00+00,PIX,COBRANCA,APROVADO,1267.04,1,,
2798,1,2023-07-25T15:00:00+00,PIX,COBRANCA,APROVADO,360.37,1,,
2799,1,2023-08-14T15:00:00+00,PIX,COBRANCA,APROVADO,1019.84,1,,
2800,1,2023-09-03T15:00:00+00,PIX,COBRANCA,APROVADO,875.11,1,,
2801,1,2023-10-20T15:00:00+00,PIX,COBRANCA,APROVADO,785.12,1,,
2802,1,2023-11-09T15:00:00+00,PIX,COBRANCA,APROVADO,1597.64,1,,
2803,1,2023-11-26T15:00:00+00,PIX,COBRANCA,APROVADO,853.34,1,,
2804,1,2023-12-15T15:00:00+00,PIX,COBRANCA,APROVADO,1179.26,1,,
2805,1,2023-01-04T15:00:00+00,PIX,COBRANCA,APROVADO,2115.08,1,,
2806,1,2023-02-21T15:00:00+00,PIX,COBRANCA,APROVADO,662.24,1,,
2807,1,2023-03-10T15:00:00+00,PIX,COBRANCA,APROVADO,1647.38,1,,
2808,1,2023-04-27T15:00:00+00,PIX,COBRANCA,APROVADO,1633.54,1,,
2809,1,2023-05-16T15:00:00+00,PIX,COBRANCA,APROVADO,1081.04,1,,
2810,1,2023-06-05T15:00:00+00,PIX,COBRANCA,APROVADO,2189.48,1,,
2811,1,2023-07-22T15:00:00+00,PIX,COBRANCA,APROVADO,1215.02,1,,
2812,1,2023-08-11T15:00:00+00,PIX,COBRANCA,APROVADO,1573.82,1,,
2813,1,2023-09-28T15:00:00+00,PIX,COBRANCA,APROVADO,2805.56,1,,
2814,1,2023-10-17T15:00:00+00,PIX,COBRANCA,APROVADO,859.52,1,,
2815,1,2023-11-06T15:00:00+00,PIX,COBRANCA,APROVADO,2140.58,1,,
2816,1,2023-11-23T15:00:00+00,PIX,COBRANCA,APROVADO,2159.62,1,,
2817,1,2023-12-12T15:00:00+00,PIX,COBRANCA,APROVADO,1376.96,1,,
2818,1,2023-01-29T15:00:00+00,PIX,COBRANCA,APROVADO,2781.32,1,,
2819,1,2023-02-18T15:00:00+00,PIX,COBRANCA,APROVADO,1576.70,1,,
2820,1,2023-03-07T15:00:00+00,PIX,COBRANCA,APROVADO,1968.38,1,,
2821,1,2023-04-24T15:00:00+00,PIX,COBRANCA,APROVADO,2041.55,1,,
2822,1,2023-05-13T15:00:00+00,PIX,COBRANCA,APROVADO,531.93,1,,
2823,1,2023-06-02T15:00:00+00,PIX,COBRANCA,APROVADO,1387.73,1,,
2824,1,2023-07-19T15:00:00+00,PIX,COBRANCA,APROVADO,2330.48,1,,
2825,1,2023-08-08T15:00:00+00,PIX,COBRANCA,APROVADO,850.57,1,,
2826,1,2023-09-25T15:00:00+00,PIX,COBRANCA,APROVADO,1192.98,1,,
2827,1,2023-10-14T15:00:00+00,PIX,COBRANCA,APROVADO,1133.35,1,,
2828,1,2023-11-03T15:00:00+00,PIX,COBRANCA,APROVADO,795.36,1,,
2829,1,2023-11-20T15:00:00+00,PIX,COBRANCA,APROVADO,1721.87,1,,
2830,1,2023-12-09T15:00:00+00,PIX,COBRANCA,APROVADO,416.74,1,,
2831,1,2023-01-26T15:00:00+00,PIX,COBRANCA,APROVADO,1237.20,1,,
2832,1,2023-02-15T15:00:00+00,PIX,COBRANCA,APROVADO,669.15,1,,
2833,1,2023-03-04T15:00:00+00,PIX,COBRANCA,APROVADO,457.34,1,,
2834,1,2023-04-21T15:00:00+00,PIX,COBRANCA,APROVADO,1203.08,1,,
2835,1,2023-05-10T15:00:00+00,PIX,COBRANCA,APROVADO,612.22,1,,
2836,1,2023-06-27T15:00:00+00,PIX,COBRANCA,APROVADO,916.22,1,,
2837,1,2023-07-16T15:00:00+00,PIX,COBRANCA,APROVADO,1654.76,1,,
2838,1,2023-08-05T15:00:00+00,PIX,COBRANCA,APROVADO,530.72,1,,
2839,1,2023-09-22T15:00:00+00,PIX,COBRANCA,APROVADO,1318.58,1,,
2840,1,2023-10-11T15:00:00+00,PIX,COBRANCA,APROVADO,1282.82,1,,
2841,1,2023-11-28T15:00:00+00,PIX,COBRANCA,APROVADO,883.76,1,,
2842,1,2023-11-17T15:00:00+00,PIX,COBRANCA,APROVADO,1794.92,1,,
2843,1,2023-12-06T15:00:00+00,PIX,COBRANCA,APROVADO,973.90,1,,
2844,1,2023-01-23T15:00:00+00,PIX,COBRANCA,APROVADO,1310.78,1,,
2845,1,2023-02-12T15:00:00+00,PIX,COBRANCA,APROVADO,2345.24,1,,
2846,1,2023-03-29T15:00:00+00,PIX,COBRANCA,APROVADO,728.00,1,,
2847,1,2023-04-18T15:00:00+00,PIX,COBRANCA,APROVADO,1811.78,1,,
2848,1,2023-05-07T15:00:00+00,PIX,COBRANCA,APROVADO,1808.90,1,,
2849,1,2023-06-24T15:00:00+00,PIX,COBRANCA,APROVADO,1179.68,1,,
2850,1,2023-07-13T15:00:00+00,PIX,COBRANCA,APROVADO,2386.76,1,,
2851,1,2023-08-02T15:00:00+00,PIX,COBRANCA,APROVADO,1335.58,1,,
2852,1,2023-09-19T15:00:00+00,PIX,COBRANCA,APROVADO,1705.34,1,,
2853,1,2023-10-08T15:00:00+00,PIX,COBRANCA,APROVADO,3035.72,1,,
2854,1,2023-11-25T15:00:00+00,PIX,COBRANCA,APROVADO,848.90,1,,
2855,1,2023-11-14T15:00:00+00,PIX,COBRANCA,APROVADO,1962.84,1,,
2856,1,2023-12-03T15:00:00+00,PIX,COBRANCA,APROVADO,2021.88,1,,
2857,1,2023-01-20T15:00:00+00,PIX,COBRANCA,APROVADO,1311.27,1,,
2858,1,2023-02-09T15:00:00+00,PIX,COBRANCA,APROVADO,1547.14,1,,
2859,1,2023-03-26T15:00:00+00,PIX,COBRANCA,APROVADO,1305.20,1,,
2860,1,2023-04-15T15:00:00+00,PIX,COBRANCA,APROVADO,1062.74,1,,
2861,1,2023-05-04T15:00:00+00,PIX,COBRANCA,APROVADO,2151.50,1,,
2862,1,2023-06-21T15:00:00+00,PIX,COBRANCA,APROVADO,590.58,1,,
2863,1,2023-07-10T15:00:00+00,PIX,COBRANCA,APROVADO,1518.14,1,,
2864,1,2023-08-27T15:00:00+00,PIX,COBRANCA,APROVADO,1386.74,1,,
2865,1,2023-09-16T15:00:00+00,PIX,COBRANCA,APROVADO,589.17,1,,
2866,1,2023-10-05T15:00:00+00,PIX,COBRANCA,APROVADO,1359.64,1,,
2867,1,2023-11-22T15:00:00+00,PIX,COBRANCA,APROVADO,1245.50,1,,
2868,1,2023-11-11T15:00:00+00,PIX,COBRANCA,APROVADO,1113.50,1,,
2869,1,2023-12-28T15:00:00+00,PIX,COBRANCA,APROVADO,1194.44,1,,
2870,1,2023-01-17T15:00:00+00,PIX,COBRANCA,APROVADO,399.20,1,,
2871,1,2023-02-06T15:00:00+00,PIX,COBRANCA,APROVADO,989.78,1,,
2872,1,2023-03-23T15:00:00+00,PIX,COBRANCA,APROVADO,932.10,1,,
2873,1,2023-04-12T15:00:00+00,PIX,COBRANCA,APROVADO,686.48,1,,
2874,1,2023-05-29T15:00:00+00,PIX,COBRANCA,APROVADO,1400.36,1,,
2875,1,2023-06-18T15:00:00+00,PIX,COBRANCA,APROVADO,732.78,1,,
2876,1,2023-07-07T15:00:00+00,PIX,COBRANCA,APROVADO,1047.74,1,,
2877,1,2023-08-24T15:00:00+00,PIX,COBRANCA,APROVADO,1884.92,1,,
2878,1,2023-09-13T15:00:00+00,PIX,COBRANCA,APROVADO,596.48,1,,
2879,1,2023-10-02T15:00:00+00,PIX,COBRANCA,APROVADO,1482.98,1,,
2880,1,2023-11-19T15:00:00+00,PIX,COBRANCA,APROVADO,1458.18,1,,
2881,1,2023-11-08T15:00:00+00,PIX,COBRANCA,APROVADO,982.40,1,,
2882,1,2023-12-25T15:00:00+00,PIX,COBRANCA,APROVADO,1992.20,1,,
2883,1,2023-01-14T15:00:00+00,PIX,COBRANCA,APROVADO,1094.46,1,,
2884,1,2023-02-03T15:00:00+00,PIX,COBRANCA,APROVADO,1442.30,1,,
2885,1,2023-03-20T15:00:00+00,PIX,COBRANCA,APROVADO,2575.40,1,,
2886,1,2023-04-09T15:00:00+00,PIX,COBRANCA,APROVADO,793.76,1,,
2887,1,2023-05-26T15:00:00+00,PIX,COBRANCA,APROVADO,1976.18,1,,
2888,1,2023-06-15T15:00:00+00,PIX,COBRANCA,APROVADO,1617.98,1,,
2889,1,2023-07-04T15:00:00+00,PIX,COBRANCA,APROVADO,1129.86,1,,
2890,1,2023-08-21T15:00:00+00,PIX,COBRANCA,APROVADO,2197.48,1,,
2891,1,2023-09-10T15:00:00+00,PIX,COBRANCA,APROVADO,1269.68,1,,
2892,1,2023-10-27T15:00:00+00,PIX,COBRANCA,APROVADO,1626.45,1,,
2893,1,2023-11-16T15:00:00+00,PIX,COBRANCA,APROVADO,2581.14,1,,
2894,1,2023-11-05T15:00:00+00,PIX,COBRANCA,APROVADO,871.56,1,,
2895,1,2023-12-22T15:00:00+00,PIX,COBRANCA,APROVADO,1226.92,1,,
2896,1,2023-01-11T15:00:00+00,PIX,COBRANCA,APROVADO,2051.48,1,,
2897,1,2023-02-28T15:00:00+00,PIX,COBRANCA,APROVADO,846.02,1,,
2898,1,2023-03-17T15:00:00+00,PIX,COBRANCA,APROVADO,1703.84,1,,
2899,1,2023-04-06T15:00:00+00,PIX,COBRANCA,APROVADO,1416.97,1,,
2900,1,2023-05-23T15:00:00+00,PIX,COBRANCA,APROVADO,1186.93,1,,
2901,1,2023-06-12T15:00:00+00,PIX,COBRANCA,APROVADO,1654.76,1,,
2902,1,2023-07-29T15:00:00+00,PIX,COBRANCA,APROVADO,421.12,1,,
2903,1,2023-08-18T15:00:00+00,PIX,COBRANCA,APROVADO,1274.74,1,,
2904,1,2023-09-07T15:00:00+00,PIX,COBRANCA,APROVADO,1655.46,1,,
2905,1,2023-10-24T15:00:00+00,PIX,COBRANCA,APROVADO,796.08,1,,
2906,1,2023-11-13T15:00:00+00,PIX,COBRANCA,APROVADO,1773.00,1,,
2907,1,2023-11-02T15:00:00+00,PIX,COBRANCA,APROVADO,491.66,1,,
2908,1,2023-12-19T15:00:00+00,PIX,COBRANCA,APROVADO,784.70,1,,
2909,1,2023-01-08T15:00:00+00,PIX,COBRANCA,APROVADO,1424.60,1,,
2910,1,2023-02-25T15:00:00+00,PIX,COBRANCA,APROVADO,464.96,1,,
2911,1,2023-03-14T15:00:00+00,PIX,COBRANCA,APROVADO,1154.18,1,,
2912,1,2023-04-03T15:00:00+00,PIX,COBRANCA,APROVADO,1107.46,1,,
2913,1,2023-05-20T15:00:00+00,PIX,COBRANCA,APROVADO,785.12,1,,
2914,1,2023-06-09T15:00:00+00,PIX,COBRANCA,APROVADO,1597.64,1,,
2915,1,2023-07-26T15:00:00+00,PIX,COBRANCA,APROVADO,853.34,1,,
2916,1,2023-08-15T15:00:00+00,PIX,COBRANCA,APROVADO,1179.26,1,,
2917,1,2023-09-04T15:00:00+00,PIX,COBRANCA,APROVADO,2115.08,1,,
2918,1,2023-10-21T15:00:00+00,PIX,COBRANCA,APROVADO,662.24,1,,
2919,1,2023-11-10T15:00:00+00,PIX,COBRANCA,APROVADO,1647.38,1,,
2920,1,2023-11-27T15:00:00+00,PIX,COBRANCA,APROVADO,1633.54,1,,
2921,1,2023-12-16T15:00:00+00,PIX,COBRANCA,APROVADO,918.76,1,,
2922,1,2023-01-05T15:00:00+00,PIX,COBRANCA,APROVADO,1934.47,1,,
2923,1,2023-02-22T15:00:00+00,PIX,COBRANCA,APROVADO,997.33,1,,
2924,1,2023-03-11T15:00:00+00,PIX,COBRANCA,APROVADO,1394.47,1,,
2925,1,2023-04-28T15:00:00+00,PIX,COBRANCA,APROVADO,2384.18,1,,
2926,1,2023-05-17T15:00:00+00,PIX,COBRANCA,APROVADO,712.41,1,,
2927,1,2023-06-06T15:00:00+00,PIX,COBRANCA,APROVADO,1891.72,1,,
2928,1,2023-07-23T15:00:00+00,PIX,COBRANCA,APROVADO,1761.53,1,,
2929,1,2023-08-12T15:00:00+00,PIX,COBRANCA,APROVADO,1217.54,1,,
2930,1,2023-09-29T15:00:00+00,PIX,COBRANCA,APROVADO,2363.52,1,,
2931,1,2023-10-18T15:00:00+00,PIX,COBRANCA,APROVADO,1375.42,1,,
2932,1,2023-11-07T15:00:00+00,PIX,COBRANCA,APROVADO,1742.05,1,,
2933,1,2023-11-24T15:00:00+00,PIX,COBRANCA,APROVADO,1843.57,1,,
2934,1,2023-12-13T15:00:00+00,PIX,COBRANCA,APROVADO,596.48,1,,
2935,1,2023-01-02T15:00:00+00,PIX,COBRANCA,APROVADO,1713.14,1,,
2936,1,2023-02-19T15:00:00+00,PIX,COBRANCA,APROVADO,2532.26,1,,
2937,1,2023-03-08T15:00:00+00,PIX,COBRANCA,APROVADO,1059.12,1,,
2938,1,2023-04-25T15:00:00+00,PIX,COBRANCA,APROVADO,1378.44,1,,
2939,1,2023-05-14T15:00:00+00,PIX,COBRANCA,APROVADO,1478.06,1,,
2940,1,2023-06-03T15:00:00+00,PIX,COBRANCA,APROVADO,981.98,1,,
2941,1,2023-07-20T15:00:00+00,PIX,COBRANCA,APROVADO,1884.92,1,,
2942,1,2023-08-09T15:00:00+00,PIX,COBRANCA,APROVADO,486.88,1,,
2943,1,2023-09-26T15:00:00+00,PIX,COBRANCA,APROVADO,1439.14,1,,
2944,1,2023-10-15T15:00:00+00,PIX,COBRANCA,APROVADO,756.74,1,,
2945,1,2023-11-04T15:00:00+00,PIX,COBRANCA,APROVADO,587.84,1,,
2946,1,2023-11-21T15:00:00+00,PIX,COBRANCA,APROVADO,1203.08,1,,
2947,1,2023-12-10T15:00:00+00,PIX,COBRANCA,APROVADO,612.22,1,,
2948,1,2023-01-27T15:00:00+00,PIX,COBRANCA,APROVADO,916.22,1,,
2949,1,2023-02-16T15:00:00+00,PIX,COBRANCA,APROVADO,1654.76,1,,
2950,1,2023-03-05T15:00:00+00,PIX,COBRANCA,APROVADO,530.72,1,,
2951,1,2023-04-22T15:00:00+00,PIX,COBRANCA,APROVADO,1318.58,1,,
2952,1,2023-05-11T15:00:00+00,PIX,COBRANCA,APROVADO,1282.82,1,,
2953,1,2023-06-28T15:00:00+00,PIX,COBRANCA,APROVADO,883.76,1,,
2954,1,2023-07-17T15:00:00+00,PIX,COBRANCA,APROVADO,1668.50,1,,
2955,1,2023-08-06T15:00:00+00,PIX,COBRANCA,APROVADO,811.43,1,,
2956,1,2023-09-23T15:00:00+00,PIX,COBRANCA,APROVADO,1094.38,1,,
2957,1,2023-10-12T15:00:00+00,PIX,COBRANCA,APROVADO,2071.55,1,,
2958,1,2023-11-29T15:00:00+00,PIX,COBRANCA,APROVADO,566.41,1,,
2959,1,2023-11-18T15:00:00+00,PIX,COBRANCA,APROVADO,1607.30,1,,
2960,1,2023-12-07T15:00:00+00,PIX,COBRANCA,APROVADO,1420.23,1,,
2961,1,2023-01-24T15:00:00+00,PIX,COBRANCA,APROVADO,983.20,1,,
2962,1,2023-02-13T15:00:00+00,PIX,COBRANCA,APROVADO,2107.05,1,,
2963,1,2023-03-02T15:00:00+00,PIX,COBRANCA,APROVADO,1097.10,1,,
2964,1,2023-04-19T15:00:00+00,PIX,COBRANCA,APROVADO,1511.74,1,,
2965,1,2023-05-08T15:00:00+00,PIX,COBRANCA,APROVADO,2577.56,1,,
2966,1,2023-06-25T15:00:00+00,PIX,COBRANCA,APROVADO,767.23,1,,
2967,1,2023-07-14T15:00:00+00,PIX,COBRANCA,APROVADO,2177.74,1,,
2968,1,2023-08-03T15:00:00+00,PIX,COBRANCA,APROVADO,2334.98,1,,
2969,1,2023-09-20T15:00:00+00,PIX,COBRANCA,APROVADO,1475.60,1,,
2970,1,2023-10-09T15:00:00+00,PIX,COBRANCA,APROVADO,1904.52,1,,
2971,1,2023-11-26T15:00:00+00,PIX,COBRANCA,APROVADO,1390.38,1,,
2972,1,2023-11-15T15:00:00+00,PIX,COBRANCA,APROVADO,1332.70,1,,
2973,1,2023-12-04T15:00:00+00,PIX,COBRANCA,APROVADO,2498.68,1,,
2974,1,2023-01-21T15:00:00+00,PIX,COBRANCA,APROVADO,662.24,1,,
2975,1,2023-02-10T15:00:00+00,PIX,COBRANCA,APROVADO,1877.54,1,,
2976,1,2023-03-27T15:00:00+00,PIX,COBRANCA,APROVADO,1480.10,1,,
2977,1,2023-04-16T15:00:00+00,PIX,COBRANCA,APROVADO,697.44,1,,
2978,1,2023-05-05T15:00:00+00,PIX,COBRANCA,APROVADO,1575.72,1,,
2979,1,2023-06-22T15:00:00+00,PIX,COBRANCA,APROVADO,1598.62,1,,
2980,1,2023-07-11T15:00:00+00,PIX,COBRANCA,APROVADO,1113.50,1,,
2981,1,2023-08-28T15:00:00+00,PIX,COBRANCA,APROVADO,1194.44,1,,
2982,1,2023-09-17T15:00:00+00,PIX,COBRANCA,APROVADO,399.20,1,,
2983,1,2023-10-06T15:00:00+00,PIX,COBRANCA,APROVADO,989.78,1,,
2984,1,2023-11-23T15:00:00+00,PIX,COBRANCA,APROVADO,932.10,1,,
2985,1,2023-11-12T15:00:00+00,PIX,COBRANCA,APROVADO,686.48,1,,
2986,1,2023-12-29T15:00:00+00,PIX,COBRANCA,APROVADO,1400.36,1,,
2987,1,2023-01-18T15:00:00+00,PIX,COBRANCA,APROVADO,732.78,1,,
2988,1,2023-02-07T15:00:00+00,PIX,COBRANCA,APROVADO,820.56,1,,
2989,1,2023-03-24T15:00:00+00,PIX,COBRANCA,APROVADO,1671.45,1,,
2990,1,2023-04-13T15:00:00+00,PIX,COBRANCA,APROVADO,519.77,1,,
2991,1,2023-05-02T15:00:00+00,PIX,COBRANCA,APROVADO,1239.36,1,,
2992,1,2023-06-19T15:00:00+00,PIX,COBRANCA,APROVADO,1271.97,1,,
2993,1,2023-07-08T15:00:00+00,PIX,COBRANCA,APROVADO,768.59,1,,
2994,1,2023-08-25T15:00:00+00,PIX,COBRANCA,APROVADO,1768.30,1,,
2995,1,2023-09-14T15:00:00+00,PIX,COBRANCA,APROVADO,910.63,1,,
2996,1,2023-10-03T15:00:00+00,PIX,COBRANCA,APROVADO,1205.04,1,,
2997,1,2023-11-20T15:00:00+00,PIX,COBRANCA,APROVADO,2272.62,1,,
2998,1,2023-11-09T15:00:00+00,PIX,COBRANCA,APROVADO,617.93,1,,
2999,1,2023-12-26T15:00:00+00,PIX,COBRANCA,APROVADO,1754.16,1,,
3000,1,2023-01-15T15:00:00+00,PIX,COBRANCA,APROVADO,1565.59,1,,
3001,1,2023-02-04T15:00:00+00,PIX,COBRANCA,APROVADO,1278.32,1,,
3002,1,2023-03-21T15:00:00+00,PIX,COBRANCA,APROVADO,2584.04,1,,
3003,1,2023-04-10T15:00:00+00,PIX,COBRANCA,APROVADO,1456.14,1,,
3004,1,2023-05-27T15:00:00+00,PIX,COBRANCA,APROVADO,1836.86,1,,
3005,1,2023-06-16T15:00:00+00,PIX,COBRANCA,APROVADO,3265.88,1,,
3006,1,2023-07-05T15:00:00+00,PIX,COBRANCA,APROVADO,991.04,1,,
3007,1,2023-08-22T15:00:00+00,PIX,COBRANCA,APROVADO,1548.74,1,,
3008,1,2023-09-11T15:00:00+00,PIX,COBRANCA,APROVADO,2356.90,1,,
3009,1,2023-10-28T15:00:00+00,PIX,COBRANCA,APROVADO,960.48,1,,
3010,1,2023-11-17T15:00:00+00,PIX,COBRANCA,APROVADO,2101.80,1,,
3011,1,2023-11-06T15:00:00+00,PIX,COBRANCA,APROVADO,1510.94,1,,
3012,1,2023-12-23T15:00:00+00,PIX,COBRANCA,APROVADO,1464.22,1,,
3013,1,2023-01-12T15:00:00+00,PIX,COBRANCA,APROVADO,1654.76,1,,
3014,1,2023-03-01T15:00:00+00,PIX,COBRANCA,APROVADO,421.12,1,,
3015,1,2023-03-18T15:00:00+00,PIX,COBRANCA,APROVADO,1274.74,1,,
3016,1,2023-04-07T15:00:00+00,PIX,COBRANCA,APROVADO,1655.46,1,,
3017,1,2023-05-24T15:00:00+00,PIX,COBRANCA,APROVADO,796.08,1,,
3018,1,2023-06-13T15:00:00+00,PIX,COBRANCA,APROVADO,1773.00,1,,
3019,1,2023-07-02T15:00:00+00,PIX,COBRANCA,APROVADO,491.66,1,,
3020,1,2023-08-19T15:00:00+00,PIX,COBRANCA,APROVADO,784.70,1,,
3021,1,2023-09-08T15:00:00+00,PIX,COBRANCA,APROVADO,1213.48,1,,
3022,1,2023-10-25T15:00:00+00,PIX,COBRANCA,APROVADO,418.49,1,,
3023,1,2023-11-14T15:00:00+00,PIX,COBRANCA,APROVADO,904.38,1,,
3024,1,2023-11-03T15:00:00+00,PIX,COBRANCA,APROVADO,1010.85,1,,
3025,1,2023-12-20T15:00:00+00,PIX,COBRANCA,APROVADO,679.05,1,,
3026,1,2023-01-09T15:00:00+00,PIX,COBRANCA,APROVADO,1335.49,1,,
3027,1,2023-02-26T15:00:00+00,PIX,COBRANCA,APROVADO,692.21,1,,
3028,1,2023-03-15T15:00:00+00,PIX,COBRANCA,APROVADO,924.70,1,,
3029,1,2023-04-04T15:00:00+00,PIX,COBRANCA,APROVADO,1877.49,1,,
3030,1,2023-05-21T15:00:00+00,PIX,COBRANCA,APROVADO,576.21,1,,
3031,1,2023-06-10T15:00:00+00,PIX,COBRANCA,APROVADO,1378.02,1,,
3032,1,2023-07-27T15:00:00+00,PIX,COBRANCA,APROVADO,1422.65,1,,
3033,1,2023-08-16T15:00:00+00,PIX,COBRANCA,APROVADO,846.42,1,,
3034,1,2023-09-05T15:00:00+00,PIX,COBRANCA,APROVADO,2189.48,1,,
3035,1,2023-10-22T15:00:00+00,PIX,COBRANCA,APROVADO,1215.02,1,,
3036,1,2023-11-11T15:00:00+00,PIX,COBRANCA,APROVADO,1573.82,1,,
3037,1,2023-11-28T15:00:00+00,PIX,COBRANCA,APROVADO,2805.56,1,,
3038,1,2023-12-17T15:00:00+00,PIX,COBRANCA,APROVADO,859.52,1,,
3039,1,2023-01-06T15:00:00+00,PIX,COBRANCA,APROVADO,2140.58,1,,
3040,1,2023-02-23T15:00:00+00,PIX,COBRANCA,APROVADO,2159.62,1,,
3041,1,2023-03-12T15:00:00+00,PIX,COBRANCA,APROVADO,1376.96,1,,
3042,1,2023-04-29T15:00:00+00,PIX,COBRANCA,APROVADO,2781.32,1,,
3043,1,2023-05-18T15:00:00+00,PIX,COBRANCA,APROVADO,1576.70,1,,
3044,1,2023-06-07T15:00:00+00,PIX,COBRANCA,APROVADO,1968.38,1,,
3045,1,2023-07-24T15:00:00+00,PIX,COBRANCA,APROVADO,2268.52,1,,
3046,1,2023-08-13T15:00:00+00,PIX,COBRANCA,APROVADO,596.48,1,,
3047,1,2023-09-02T15:00:00+00,PIX,COBRANCA,APROVADO,1713.14,1,,
3048,1,2023-10-19T15:00:00+00,PIX,COBRANCA,APROVADO,2532.26,1,,
3049,1,2023-11-08T15:00:00+00,PIX,COBRANCA,APROVADO,1059.12,1,,
3050,1,2023-11-25T15:00:00+00,PIX,COBRANCA,APROVADO,1378.44,1,,
3051,1,2023-12-14T15:00:00+00,PIX,COBRANCA,APROVADO,1478.06,1,,
3052,1,2023-01-03T15:00:00+00,PIX,COBRANCA,APROVADO,981.98,1,,
3053,1,2023-02-20T15:00:00+00,PIX,COBRANCA,APROVADO,1884.92,1,,
3054,1,2023-03-09T15:00:00+00,PIX,COBRANCA,APROVADO,454.90,1,,
3055,1,2023-04-26T15:00:00+00,PIX,COBRANCA,APROVADO,1206.04,1,,
3056,1,2023-05-15T15:00:00+00,PIX,COBRANCA,APROVADO,650.79,1,,
3057,1,2023-06-04T15:00:00+00,PIX,COBRANCA,APROVADO,527.06,1,,
3058,1,2023-07-21T15:00:00+00,PIX,COBRANCA,APROVADO,942.12,1,,
3059,1,2023-08-10T15:00:00+00,PIX,COBRANCA,APROVADO,559.91,1,,
3060,1,2023-09-27T15:00:00+00,PIX,COBRANCA,APROVADO,790.39,1,,
3061,1,2023-10-16T15:00:00+00,PIX,COBRANCA,APROVADO,1382.72,1,,
3062,1,2023-11-05T15:00:00+00,PIX,COBRANCA,APROVADO,477.14,1,,
3063,1,2023-11-22T15:00:00+00,PIX,COBRANCA,APROVADO,1034.78,1,,
3064,1,2023-12-11T15:00:00+00,PIX,COBRANCA,APROVADO,1171.91,1,,
3065,1,2023-01-28T15:00:00+00,PIX,COBRANCA,APROVADO,762.89,1,,
3066,1,2023-02-17T15:00:00+00,PIX,COBRANCA,APROVADO,1502.10,1,,
3067,1,2023-03-06T15:00:00+00,PIX,COBRANCA,APROVADO,818.06,1,,
3068,1,2023-04-23T15:00:00+00,PIX,COBRANCA,APROVADO,1310.78,1,,
3069,1,2023-05-12T15:00:00+00,PIX,COBRANCA,APROVADO,2345.24,1,,
3070,1,2023-06-29T15:00:00+00,PIX,COBRANCA,APROVADO,728.00,1,,
3071,1,2023-07-18T15:00:00+00,PIX,COBRANCA,APROVADO,1811.78,1,,
3072,1,2023-08-07T15:00:00+00,PIX,COBRANCA,APROVADO,1808.90,1,,
3073,1,2023-09-24T15:00:00+00,PIX,COBRANCA,APROVADO,1179.68,1,,
3074,1,2023-10-13T15:00:00+00,PIX,COBRANCA,APROVADO,2386.76,1,,
3075,1,2023-11-02T15:00:00+00,PIX,COBRANCA,APROVADO,1335.58,1,,
3076,1,2023-11-19T15:00:00+00,PIX,COBRANCA,APROVADO,1705.34,1,,
3077,1,2023-12-08T15:00:00+00,PIX,COBRANCA,APROVADO,3035.72,1,,
3078,1,2023-01-25T15:00:00+00,PIX,COBRANCA,APROVADO,925.28,1,,
3079,1,2023-02-14T15:00:00+00,PIX,COBRANCA,APROVADO,2304.98,1,,
3080,1,2023-03-03T15:00:00+00,PIX,COBRANCA,APROVADO,2334.98,1,,
3081,1,2023-04-20T15:00:00+00,PIX,COBRANCA,APROVADO,1475.60,1,,
3082,1,2023-05-09T15:00:00+00,PIX,COBRANCA,APROVADO,1904.52,1,,
3083,1,2023-06-26T15:00:00+00,PIX,COBRANCA,APROVADO,1390.38,1,,
3084,1,2023-07-15T15:00:00+00,PIX,COBRANCA,APROVADO,1332.70,1,,
3085,1,2023-08-04T15:00:00+00,PIX,COBRANCA,APROVADO,2498.68,1,,
3086,1,2023-09-21T15:00:00+00,PIX,COBRANCA,APROVADO,662.24,1,,
3087,1,2023-10-10T15:00:00+00,PIX,COBRANCA,APROVADO,1877.54,1,,
3088,1,2023-11-27T15:00:00+00,PIX,COBRANCA,APROVADO,1238.78,1,,
3089,1,2023-11-16T15:00:00+00,PIX,COBRANCA,APROVADO,632.28,1,,
3090,1,2023-12-05T15:00:00+00,PIX,COBRANCA,APROVADO,1316.83,1,,
3091,1,2023-01-22T15:00:00+00,PIX,COBRANCA,APROVADO,1422.58,1,,
3092,1,2023-02-11T15:00:00+00,PIX,COBRANCA,APROVADO,931.01,1,,
3093,1,2023-03-28T15:00:00+00,PIX,COBRANCA,APROVADO,933.89,1,,
3094,1,2023-04-17T15:00:00+00,PIX,COBRANCA,APROVADO,348.79,1,,
3095,1,2023-05-06T15:00:00+00,PIX,COBRANCA,APROVADO,853.74,1,,
3096,1,2023-06-23T15:00:00+00,PIX,COBRANCA,APROVADO,803.14,1,,
3097,1,2023-07-12T15:00:00+00,PIX,COBRANCA,APROVADO,614.21,1,,
3098,1,2023-08-29T15:00:00+00,PIX,COBRANCA,APROVADO,1098.88,1,,
3099,1,2023-09-18T15:00:00+00,PIX,COBRANCA,APROVADO,671.67,1,,
3100,1,2023-10-07T15:00:00+00,PIX,COBRANCA,APROVADO,928.28,1,,
3101,1,2023-04-16T15:00:00+00,PIX,COBRANCA,APROVADO,1897.82,1,,
3102,1,2023-05-05T15:00:00+00,PIX,COBRANCA,APROVADO,609.38,1,,
3103,1,2023-06-22T15:00:00+00,PIX,COBRANCA,APROVADO,1495.88,1,,
3104,1,2023-07-11T15:00:00+00,PIX,COBRANCA,APROVADO,1471.08,1,,
3105,1,2023-08-28T15:00:00+00,PIX,COBRANCA,APROVADO,995.30,1,,
3106,1,2023-09-17T15:00:00+00,PIX,COBRANCA,APROVADO,2005.10,1,,
3107,1,2023-10-06T15:00:00+00,PIX,COBRANCA,APROVADO,1107.36,1,,
3108,1,2023-11-23T15:00:00+00,PIX,COBRANCA,APROVADO,1455.20,1,,
3109,1,2023-11-12T15:00:00+00,PIX,COBRANCA,APROVADO,2588.30,1,,
3110,1,2023-12-29T15:00:00+00,PIX,COBRANCA,APROVADO,806.66,1,,
3111,1,2023-01-18T15:00:00+00,PIX,COBRANCA,APROVADO,1989.08,1,,
3112,1,2023-02-07T15:00:00+00,PIX,COBRANCA,APROVADO,1997.16,1,,
3113,1,2023-03-24T15:00:00+00,PIX,COBRANCA,APROVADO,1291.22,1,,
3114,1,2023-04-13T15:00:00+00,PIX,COBRANCA,APROVADO,2596.94,1,,
3115,1,2023-05-02T15:00:00+00,PIX,COBRANCA,APROVADO,1469.04,1,,
3116,1,2023-06-19T15:00:00+00,PIX,COBRANCA,APROVADO,1849.76,1,,
3117,1,2023-07-08T15:00:00+00,PIX,COBRANCA,APROVADO,3278.78,1,,
3118,1,2023-08-25T15:00:00+00,PIX,COBRANCA,APROVADO,1003.94,1,,
3119,1,2023-09-14T15:00:00+00,PIX,COBRANCA,APROVADO,1561.64,1,,
3120,1,2023-10-03T15:00:00+00,PIX,COBRANCA,APROVADO,2369.80,1,,
3121,1,2023-11-20T15:00:00+00,PIX,COBRANCA,APROVADO,865.36,1,,
3122,1,2023-11-09T15:00:00+00,PIX,COBRANCA,APROVADO,1843.77,1,,
3123,1,2023-12-26T15:00:00+00,PIX,COBRANCA,APROVADO,1278.75,1,,
3124,1,2023-01-15T15:00:00+00,PIX,COBRANCA,APROVADO,1341.63,1,,
3125,1,2023-02-04T15:00:00+00,PIX,COBRANCA,APROVADO,1392.58,1,,
3126,1,2023-03-21T15:00:00+00,PIX,COBRANCA,APROVADO,370.22,1,,
3127,1,2023-04-10T15:00:00+00,PIX,COBRANCA,APROVADO,1067.84,1,,
3128,1,2023-05-27T15:00:00+00,PIX,COBRANCA,APROVADO,1395.23,1,,
3129,1,2023-06-16T15:00:00+00,PIX,COBRANCA,APROVADO,732.85,1,,
3130,1,2023-07-05T15:00:00+00,PIX,COBRANCA,APROVADO,1495.84,1,,
3131,1,2023-08-22T15:00:00+00,PIX,COBRANCA,APROVADO,436.41,1,,
3132,1,2023-09-11T15:00:00+00,PIX,COBRANCA,APROVADO,714.27,1,,
3133,1,2023-10-28T15:00:00+00,PIX,COBRANCA,APROVADO,1129.86,1,,
3134,1,2023-11-17T15:00:00+00,PIX,COBRANCA,APROVADO,477.86,1,,
3135,1,2023-11-06T15:00:00+00,PIX,COBRANCA,APROVADO,1167.08,1,,
3136,1,2023-12-23T15:00:00+00,PIX,COBRANCA,APROVADO,1120.36,1,,
3137,1,2023-01-12T15:00:00+00,PIX,COBRANCA,APROVADO,798.02,1,,
3138,1,2023-03-01T15:00:00+00,PIX,COBRANCA,APROVADO,1610.54,1,,
3139,1,2023-03-18T15:00:00+00,PIX,COBRANCA,APROVADO,866.24,1,,
3140,1,2023-04-07T15:00:00+00,PIX,COBRANCA,APROVADO,1192.16,1,,
3141,1,2023-05-24T15:00:00+00,PIX,COBRANCA,APROVADO,2127.98,1,,
3142,1,2023-06-13T15:00:00+00,PIX,COBRANCA,APROVADO,675.14,1,,
3143,1,2023-07-02T15:00:00+00,PIX,COBRANCA,APROVADO,1660.28,1,,
3144,1,2023-08-19T15:00:00+00,PIX,COBRANCA,APROVADO,1646.44,1,,
3145,1,2023-09-08T15:00:00+00,PIX,COBRANCA,APROVADO,1093.94,1,,
3146,1,2023-10-25T15:00:00+00,PIX,COBRANCA,APROVADO,2202.38,1,,
3147,1,2023-11-14T15:00:00+00,PIX,COBRANCA,APROVADO,1227.92,1,,
3148,1,2023-11-03T15:00:00+00,PIX,COBRANCA,APROVADO,1586.72,1,,
3149,1,2023-12-20T15:00:00+00,PIX,COBRANCA,APROVADO,2818.46,1,,
3150,1,2023-01-09T15:00:00+00,PIX,COBRANCA,APROVADO,872.42,1,,
3151,1,2023-02-26T15:00:00+00,PIX,COBRANCA,APROVADO,2153.48,1,,
3152,1,2023-03-15T15:00:00+00,PIX,COBRANCA,APROVADO,2172.52,1,,
3153,1,2023-04-04T15:00:00+00,PIX,COBRANCA,APROVADO,1389.86,1,,
3154,1,2023-05-21T15:00:00+00,PIX,COBRANCA,APROVADO,2610.26,1,,
3155,1,2023-06-10T15:00:00+00,PIX,COBRANCA,APROVADO,1320.27,1,,
3156,1,2023-07-27T15:00:00+00,PIX,COBRANCA,APROVADO,1660.76,1,,
3157,1,2023-08-16T15:00:00+00,PIX,COBRANCA,APROVADO,1985.23,1,,
3158,1,2023-09-05T15:00:00+00,PIX,COBRANCA,APROVADO,491.63,1,,
3159,1,2023-10-22T15:00:00+00,PIX,COBRANCA,APROVADO,1572.00,1,,
3160,1,2023-11-11T15:00:00+00,PIX,COBRANCA,APROVADO,1975.10,1,,
3161,1,2023-11-28T15:00:00+00,PIX,COBRANCA,APROVADO,918.80,1,,
3162,1,2023-12-17T15:00:00+00,PIX,COBRANCA,APROVADO,1141.86,1,,
3163,1,2023-01-06T15:00:00+00,PIX,COBRANCA,APROVADO,1255.77,1,,
3164,1,2023-02-23T15:00:00+00,PIX,COBRANCA,APROVADO,906.49,1,,
3165,1,2023-03-12T15:00:00+00,PIX,COBRANCA,APROVADO,1586.04,1,,
3166,1,2023-04-29T15:00:00+00,PIX,COBRANCA,APROVADO,424.99,1,,
3167,1,2023-05-18T15:00:00+00,PIX,COBRANCA,APROVADO,1270.00,1,,
3168,1,2023-06-07T15:00:00+00,PIX,COBRANCA,APROVADO,769.64,1,,
3169,1,2023-07-24T15:00:00+00,PIX,COBRANCA,APROVADO,600.74,1,,
3170,1,2023-08-13T15:00:00+00,PIX,COBRANCA,APROVADO,1215.98,1,,
3171,1,2023-09-02T15:00:00+00,PIX,COBRANCA,APROVADO,625.12,1,,
3172,1,2023-10-19T15:00:00+00,PIX,COBRANCA,APROVADO,929.12,1,,
3173,1,2023-11-08T15:00:00+00,PIX,COBRANCA,APROVADO,1667.66,1,,
3174,1,2023-11-25T15:00:00+00,PIX,COBRANCA,APROVADO,543.62,1,,
3175,1,2023-12-14T15:00:00+00,PIX,COBRANCA,APROVADO,1331.48,1,,
3176,1,2023-01-03T15:00:00+00,PIX,COBRANCA,APROVADO,1295.72,1,,
3177,1,2023-02-20T15:00:00+00,PIX,COBRANCA,APROVADO,896.66,1,,
3178,1,2023-03-09T15:00:00+00,PIX,COBRANCA,APROVADO,1807.82,1,,
3179,1,2023-04-26T15:00:00+00,PIX,COBRANCA,APROVADO,986.80,1,,
3180,1,2023-05-15T15:00:00+00,PIX,COBRANCA,APROVADO,1323.68,1,,
3181,1,2023-06-04T15:00:00+00,PIX,COBRANCA,APROVADO,2358.14,1,,
3182,1,2023-07-21T15:00:00+00,PIX,COBRANCA,APROVADO,740.90,1,,
3183,1,2023-08-10T15:00:00+00,PIX,COBRANCA,APROVADO,1824.68,1,,
3184,1,2023-09-27T15:00:00+00,PIX,COBRANCA,APROVADO,1821.80,1,,
3185,1,2023-10-16T15:00:00+00,PIX,COBRANCA,APROVADO,1192.58,1,,
3186,1,2023-11-05T15:00:00+00,PIX,COBRANCA,APROVADO,2399.66,1,,
3187,1,2023-11-22T15:00:00+00,PIX,COBRANCA,APROVADO,1348.48,1,,
3188,1,2023-12-11T15:00:00+00,PIX,COBRANCA,APROVADO,1354.06,1,,
3189,1,2023-01-28T15:00:00+00,PIX,COBRANCA,APROVADO,2714.59,1,,
3190,1,2023-02-17T15:00:00+00,PIX,COBRANCA,APROVADO,814.89,1,,
3191,1,2023-03-06T15:00:00+00,PIX,COBRANCA,APROVADO,1945.48,1,,
3192,1,2023-04-23T15:00:00+00,PIX,COBRANCA,APROVADO,2038.37,1,,
3193,1,2023-05-12T15:00:00+00,PIX,COBRANCA,APROVADO,1170.57,1,,
3194,1,2023-06-29T15:00:00+00,PIX,COBRANCA,APROVADO,1750.47,1,,
3195,1,2023-07-18T15:00:00+00,PIX,COBRANCA,APROVADO,1127.93,1,,
3196,1,2023-08-07T15:00:00+00,PIX,COBRANCA,APROVADO,1157.67,1,,
3197,1,2023-09-24T15:00:00+00,PIX,COBRANCA,APROVADO,2186.38,1,,
3198,1,2023-10-13T15:00:00+00,PIX,COBRANCA,APROVADO,543.15,1,,
3199,1,2023-11-02T15:00:00+00,PIX,COBRANCA,APROVADO,1718.80,1,,
3200,1,2023-11-19T15:00:00+00,PIX,COBRANCA,APROVADO,1194.89,1,,
3201,1,2023-12-08T15:00:00+00,PIX,COBRANCA,APROVADO,710.34,1,,
3202,1,2023-01-25T15:00:00+00,PIX,COBRANCA,APROVADO,1588.62,1,,
3203,1,2023-02-14T15:00:00+00,PIX,COBRANCA,APROVADO,1611.52,1,,
3204,1,2023-03-03T15:00:00+00,PIX,COBRANCA,APROVADO,1126.40,1,,
3205,1,2023-04-20T15:00:00+00,PIX,COBRANCA,APROVADO,1207.34,1,,
3206,1,2023-05-09T15:00:00+00,PIX,COBRANCA,APROVADO,412.10,1,,
3207,1,2023-06-26T15:00:00+00,PIX,COBRANCA,APROVADO,1002.68,1,,
3208,1,2023-07-15T15:00:00+00,PIX,COBRANCA,APROVADO,945.00,1,,
3209,1,2023-08-04T15:00:00+00,PIX,COBRANCA,APROVADO,699.38,1,,
3210,1,2023-09-21T15:00:00+00,PIX,COBRANCA,APROVADO,1413.26,1,,
3211,1,2023-10-10T15:00:00+00,PIX,COBRANCA,APROVADO,745.68,1,,
3212,1,2023-11-27T15:00:00+00,PIX,COBRANCA,APROVADO,1060.64,1,,
3213,1,2023-11-16T15:00:00+00,PIX,COBRANCA,APROVADO,1897.82,1,,
3214,1,2023-12-05T15:00:00+00,PIX,COBRANCA,APROVADO,609.38,1,,
3215,1,2023-01-22T15:00:00+00,PIX,COBRANCA,APROVADO,1495.88,1,,
3216,1,2023-02-11T15:00:00+00,PIX,COBRANCA,APROVADO,1471.08,1,,
3217,1,2023-03-28T15:00:00+00,PIX,COBRANCA,APROVADO,995.30,1,,
3218,1,2023-04-17T15:00:00+00,PIX,COBRANCA,APROVADO,2005.10,1,,
3219,1,2023-05-06T15:00:00+00,PIX,COBRANCA,APROVADO,1107.36,1,,
3220,1,2023-06-23T15:00:00+00,PIX,COBRANCA,APROVADO,1455.20,1,,
3221,1,2023-07-12T15:00:00+00,PIX,COBRANCA,APROVADO,2231.96,1,,
3222,1,2023-08-29T15:00:00+00,PIX,COBRANCA,APROVADO,724.57,1,,
3223,1,2023-09-18T15:00:00+00,PIX,COBRANCA,APROVADO,1569.40,1,,
3224,1,2023-10-07T15:00:00+00,PIX,COBRANCA,APROVADO,1829.31,1,,
3225,1,2023-11-24T15:00:00+00,PIX,COBRANCA,APROVADO,1111.17,1,,
3226,1,2023-11-13T15:00:00+00,PIX,COBRANCA,APROVADO,2181.35,1,,
3227,1,2023-12-02T15:00:00+00,PIX,COBRANCA,APROVADO,1184.61,1,,
3228,1,2023-01-19T15:00:00+00,PIX,COBRANCA,APROVADO,1458.20,1,,
3229,1,2023-02-08T15:00:00+00,PIX,COBRANCA,APROVADO,2920.63,1,,
3230,1,2023-03-25T15:00:00+00,PIX,COBRANCA,APROVADO,871.33,1,,
3231,1,2023-04-14T15:00:00+00,PIX,COBRANCA,APROVADO,1347.64,1,,
3232,1,2023-05-03T15:00:00+00,PIX,COBRANCA,APROVADO,2050.96,1,,
3233,1,2023-06-20T15:00:00+00,PIX,COBRANCA,APROVADO,788.08,1,,
3234,1,2023-07-09T15:00:00+00,PIX,COBRANCA,APROVADO,2114.70,1,,
3235,1,2023-08-26T15:00:00+00,PIX,COBRANCA,APROVADO,1523.84,1,,
3236,1,2023-09-15T15:00:00+00,PIX,COBRANCA,APROVADO,1477.12,1,,
3237,1,2023-10-04T15:00:00+00,PIX,COBRANCA,APROVADO,1667.66,1,,
3238,1,2023-11-21T15:00:00+00,PIX,COBRANCA,APROVADO,434.02,1,,
3239,1,2023-11-10T15:00:00+00,PIX,COBRANCA,APROVADO,1287.64,1,,
3240,1,2023-12-27T15:00:00+00,PIX,COBRANCA,APROVADO,1668.36,1,,
3241,1,2023-01-16T15:00:00+00,PIX,COBRANCA,APROVADO,808.98,1,,
3242,1,2023-02-05T15:00:00+00,PIX,COBRANCA,APROVADO,1785.90,1,,
3243,1,2023-03-22T15:00:00+00,PIX,COBRANCA,APROVADO,504.56,1,,
3244,1,2023-04-11T15:00:00+00,PIX,COBRANCA,APROVADO,797.60,1,,
3245,1,2023-05-28T15:00:00+00,PIX,COBRANCA,APROVADO,1437.50,1,,
3246,1,2023-06-17T15:00:00+00,PIX,COBRANCA,APROVADO,477.86,1,,
3247,1,2023-07-06T15:00:00+00,PIX,COBRANCA,APROVADO,1167.08,1,,
3248,1,2023-08-23T15:00:00+00,PIX,COBRANCA,APROVADO,1120.36,1,,
3249,1,2023-09-12T15:00:00+00,PIX,COBRANCA,APROVADO,798.02,1,,
3250,1,2023-10-29T15:00:00+00,PIX,COBRANCA,APROVADO,1610.54,1,,
3251,1,2023-11-18T15:00:00+00,PIX,COBRANCA,APROVADO,866.24,1,,
3252,1,2023-11-07T15:00:00+00,PIX,COBRANCA,APROVADO,1192.16,1,,
3253,1,2023-12-24T15:00:00+00,PIX,COBRANCA,APROVADO,2127.98,1,,
3254,1,2023-01-13T15:00:00+00,PIX,COBRANCA,APROVADO,618.50,1,,
3255,1,2023-02-02T15:00:00+00,PIX,COBRANCA,APROVADO,1421.16,1,,
3256,1,2023-03-19T15:00:00+00,PIX,COBRANCA,APROVADO,1425.41,1,,
3257,1,2023-04-08T15:00:00+00,PIX,COBRANCA,APROVADO,975.62,1,,
3258,1,2023-05-25T15:00:00+00,PIX,COBRANCA,APROVADO,1738.66,1,,
3259,1,2023-06-14T15:00:00+00,PIX,COBRANCA,APROVADO,1131.77,1,,
3260,1,2023-07-03T15:00:00+00,PIX,COBRANCA,APROVADO,1359.51,1,,
3261,1,2023-08-20T15:00:00+00,PIX,COBRANCA,APROVADO,2368.32,1,,
3262,1,2023-09-09T15:00:00+00,PIX,COBRANCA,APROVADO,783.22,1,,
3263,1,2023-10-26T15:00:00+00,PIX,COBRANCA,APROVADO,1699.80,1,,
3264,1,2023-11-15T15:00:00+00,PIX,COBRANCA,APROVADO,1990.37,1,,
3265,1,2023-11-04T15:00:00+00,PIX,COBRANCA,APROVADO,1195.01,1,,
3266,1,2023-12-21T15:00:00+00,PIX,COBRANCA,APROVADO,2347.96,1,,
3267,1,2023-01-10T15:00:00+00,PIX,COBRANCA,APROVADO,1324.16,1,,
3268,1,2023-02-27T15:00:00+00,PIX,COBRANCA,APROVADO,1981.28,1,,
3269,1,2023-03-16T15:00:00+00,PIX,COBRANCA,APROVADO,2281.42,1,,
3270,1,2023-04-05T15:00:00+00,PIX,COBRANCA,APROVADO,609.38,1,,
3271,1,2023-05-22T15:00:00+00,PIX,COBRANCA,APROVADO,1726.04,1,,
3272,1,2023-06-11T15:00:00+00,PIX,COBRANCA,APROVADO,2545.16,1,,
3273,1,2023-07-28T15:00:00+00,PIX,COBRANCA,APROVADO,1072.02,1,,
3274,1,2023-08-17T15:00:00+00,PIX,COBRANCA,APROVADO,1391.34,1,,
3275,1,2023-09-06T15:00:00+00,PIX,COBRANCA,APROVADO,1490.96,1,,
3276,1,2023-10-23T15:00:00+00,PIX,COBRANCA,APROVADO,994.88,1,,
3277,1,2023-11-12T15:00:00+00,PIX,COBRANCA,APROVADO,1897.82,1,,
3278,1,2023-11-29T15:00:00+00,PIX,COBRANCA,APROVADO,499.78,1,,
3279,1,2023-12-18T15:00:00+00,PIX,COBRANCA,APROVADO,1452.04,1,,
3280,1,2023-01-07T15:00:00+00,PIX,COBRANCA,APROVADO,769.64,1,,
3281,1,2023-02-24T15:00:00+00,PIX,COBRANCA,APROVADO,600.74,1,,
3282,1,2023-03-13T15:00:00+00,PIX,COBRANCA,APROVADO,1215.98,1,,
3283,1,2023-04-02T15:00:00+00,PIX,COBRANCA,APROVADO,625.12,1,,
3284,1,2023-05-19T15:00:00+00,PIX,COBRANCA,APROVADO,929.12,1,,
3285,1,2023-06-08T15:00:00+00,PIX,COBRANCA,APROVADO,1667.66,1,,
3286,1,2023-07-25T15:00:00+00,PIX,COBRANCA,APROVADO,543.62,1,,
3287,1,2023-08-14T15:00:00+00,PIX,COBRANCA,APROVADO,1331.48,1,,
3288,1,2023-09-03T15:00:00+00,PIX,COBRANCA,APROVADO,1056.55,1,,
3289,1,2023-10-20T15:00:00+00,PIX,COBRANCA,APROVADO,792.04,1,,
3290,1,2023-11-09T15:00:00+00,PIX,COBRANCA,APROVADO,1546.20,1,,
3291,1,2023-11-26T15:00:00+00,PIX,COBRANCA,APROVADO,859.50,1,,
3292,1,2023-12-15T15:00:00+00,PIX,COBRANCA,APROVADO,1176.81,1,,
3293,1,2023-01-04T15:00:00+00,PIX,COBRANCA,APROVADO,1861.95,1,,
3294,1,2023-02-21T15:00:00+00,PIX,COBRANCA,APROVADO,652.13,1,,
3295,1,2023-03-10T15:00:00+00,PIX,COBRANCA,APROVADO,1559.86,1,,
3296,1,2023-04-27T15:00:00+00,PIX,COBRANCA,APROVADO,1577.76,1,,
3297,1,2023-05-16T15:00:00+00,PIX,COBRANCA,APROVADO,1062.77,1,,
3298,1,2023-06-05T15:00:00+00,PIX,COBRANCA,APROVADO,1895.42,1,,
3299,1,2023-07-22T15:00:00+00,PIX,COBRANCA,APROVADO,1243.53,1,,
3300,1,2023-08-11T15:00:00+00,PIX,COBRANCA,APROVADO,1511.10,1,,
3301,1,2023-09-28T15:00:00+00,PIX,COBRANCA,APROVADO,3048.62,1,,
3302,1,2023-10-17T15:00:00+00,PIX,COBRANCA,APROVADO,938.18,1,,
3303,1,2023-11-06T15:00:00+00,PIX,COBRANCA,APROVADO,2317.88,1,,
3304,1,2023-11-23T15:00:00+00,PIX,COBRANCA,APROVADO,2347.88,1,,
3305,1,2023-12-12T15:00:00+00,PIX,COBRANCA,APROVADO,1488.50,1,,
3306,1,2023-01-29T15:00:00+00,PIX,COBRANCA,APROVADO,1917.42,1,,
3307,1,2023-02-18T15:00:00+00,PIX,COBRANCA,APROVADO,1403.28,1,,
3308,1,2023-03-07T15:00:00+00,PIX,COBRANCA,APROVADO,1345.60,1,,
3309,1,2023-04-24T15:00:00+00,PIX,COBRANCA,APROVADO,2511.58,1,,
3310,1,2023-05-13T15:00:00+00,PIX,COBRANCA,APROVADO,675.14,1,,
3311,1,2023-06-02T15:00:00+00,PIX,COBRANCA,APROVADO,1890.44,1,,
3312,1,2023-07-19T15:00:00+00,PIX,COBRANCA,APROVADO,1493.00,1,,
3313,1,2023-08-08T15:00:00+00,PIX,COBRANCA,APROVADO,710.34,1,,
3314,1,2023-09-25T15:00:00+00,PIX,COBRANCA,APROVADO,1588.62,1,,
3315,1,2023-10-14T15:00:00+00,PIX,COBRANCA,APROVADO,1611.52,1,,
3316,1,2023-11-03T15:00:00+00,PIX,COBRANCA,APROVADO,1126.40,1,,
3317,1,2023-11-20T15:00:00+00,PIX,COBRANCA,APROVADO,1207.34,1,,
3318,1,2023-12-09T15:00:00+00,PIX,COBRANCA,APROVADO,412.10,1,,
3319,1,2023-01-26T15:00:00+00,PIX,COBRANCA,APROVADO,1002.68,1,,
3320,1,2023-02-15T15:00:00+00,PIX,COBRANCA,APROVADO,945.00,1,,
3321,1,2023-03-04T15:00:00+00,PIX,COBRANCA,APROVADO,591.92,1,,
3322,1,2023-04-21T15:00:00+00,PIX,COBRANCA,APROVADO,1256.85,1,,
3323,1,2023-05-10T15:00:00+00,PIX,COBRANCA,APROVADO,611.32,1,,
3324,1,2023-06-27T15:00:00+00,PIX,COBRANCA,APROVADO,938.28,1,,
3325,1,2023-07-16T15:00:00+00,PIX,COBRANCA,APROVADO,1623.24,1,,
3326,1,2023-08-05T15:00:00+00,PIX,COBRANCA,APROVADO,506.13,1,,
3327,1,2023-09-22T15:00:00+00,PIX,COBRANCA,APROVADO,1328.14,1,,
3328,1,2023-10-11T15:00:00+00,PIX,COBRANCA,APROVADO,1200.17,1,,
3329,1,2023-11-28T15:00:00+00,PIX,COBRANCA,APROVADO,879.71,1,,
3330,1,2023-11-17T15:00:00+00,PIX,COBRANCA,APROVADO,1712.26,1,,
3331,1,2023-12-06T15:00:00+00,PIX,COBRANCA,APROVADO,965.23,1,,
3332,1,2023-01-23T15:00:00+00,PIX,COBRANCA,APROVADO,1292.41,1,,
3333,1,2023-02-12T15:00:00+00,PIX,COBRANCA,APROVADO,2045.02,1,,
3334,1,2023-03-29T15:00:00+00,PIX,COBRANCA,APROVADO,806.66,1,,
3335,1,2023-04-18T15:00:00+00,PIX,COBRANCA,APROVADO,1989.08,1,,
3336,1,2023-05-07T15:00:00+00,PIX,COBRANCA,APROVADO,1997.16,1,,
3337,1,2023-06-24T15:00:00+00,PIX,COBRANCA,APROVADO,1291.22,1,,
3338,1,2023-07-13T15:00:00+00,PIX,COBRANCA,APROVADO,2596.94,1,,
3339,1,2023-08-02T15:00:00+00,PIX,COBRANCA,APROVADO,1469.04,1,,
3340,1,2023-09-19T15:00:00+00,PIX,COBRANCA,APROVADO,1849.76,1,,
3341,1,2023-10-08T15:00:00+00,PIX,COBRANCA,APROVADO,3278.78,1,,
3342,1,2023-11-25T15:00:00+00,PIX,COBRANCA,APROVADO,1003.94,1,,
3343,1,2023-11-14T15:00:00+00,PIX,COBRANCA,APROVADO,1561.64,1,,
3344,1,2023-12-03T15:00:00+00,PIX,COBRANCA,APROVADO,2369.80,1,,
3345,1,2023-01-20T15:00:00+00,PIX,COBRANCA,APROVADO,973.38,1,,
3346,1,2023-02-09T15:00:00+00,PIX,COBRANCA,APROVADO,2114.70,1,,
3347,1,2023-03-26T15:00:00+00,PIX,COBRANCA,APROVADO,1523.84,1,,
3348,1,2023-04-15T15:00:00+00,PIX,COBRANCA,APROVADO,1477.12,1,,
3349,1,2023-05-04T15:00:00+00,PIX,COBRANCA,APROVADO,1667.66,1,,
3350,1,2023-06-21T15:00:00+00,PIX,COBRANCA,APROVADO,434.02,1,,
3351,1,2023-07-10T15:00:00+00,PIX,COBRANCA,APROVADO,1287.64,1,,
3352,1,2023-08-27T15:00:00+00,PIX,COBRANCA,APROVADO,1668.36,1,,
3353,1,2023-09-16T15:00:00+00,PIX,COBRANCA,APROVADO,808.98,1,,
3354,1,2023-10-05T15:00:00+00,PIX,COBRANCA,APROVADO,1705.54,1,,
3355,1,2023-11-22T15:00:00+00,PIX,COBRANCA,APROVADO,427.59,1,,
3356,1,2023-11-11T15:00:00+00,PIX,COBRANCA,APROVADO,664.46,1,,
3357,1,2023-12-28T15:00:00+00,PIX,COBRANCA,APROVADO,1279.94,1,,
3358,1,2023-01-17T15:00:00+00,PIX,COBRANCA,APROVADO,373.27,1,,
3359,1,2023-02-06T15:00:00+00,PIX,COBRANCA,APROVADO,1032.74,1,,
3360,1,2023-03-23T15:00:00+00,PIX,COBRANCA,APROVADO,882.95,1,,
3361,1,2023-04-12T15:00:00+00,PIX,COBRANCA,APROVADO,665.10,1,,
3362,1,2023-05-29T15:00:00+00,PIX,COBRANCA,APROVADO,1429.56,1,,
3363,1,2023-06-18T15:00:00+00,PIX,COBRANCA,APROVADO,711.09,1,,
3364,1,2023-07-07T15:00:00+00,PIX,COBRANCA,APROVADO,1055.54,1,,
3365,1,2023-08-24T15:00:00+00,PIX,COBRANCA,APROVADO,1816.76,1,,
3366,1,2023-09-13T15:00:00+00,PIX,COBRANCA,APROVADO,560.89,1,,
3367,1,2023-10-02T15:00:00+00,PIX,COBRANCA,APROVADO,1576.88,1,,
3368,1,2023-11-19T15:00:00+00,PIX,COBRANCA,APROVADO,1646.44,1,,
3369,1,2023-11-08T15:00:00+00,PIX,COBRANCA,APROVADO,1093.94,1,,
3370,1,2023-12-25T15:00:00+00,PIX,COBRANCA,APROVADO,2202.38,1,,
3371,1,2023-01-14T15:00:00+00,PIX,COBRANCA,APROVADO,1227.92,1,,
3372,1,2023-02-03T15:00:00+00,PIX,COBRANCA,APROVADO,1586.72,1,,
3373,1,2023-03-20T15:00:00+00,PIX,COBRANCA,APROVADO,2818.46,1,,
3374,1,2023-04-09T15:00:00+00,PIX,COBRANCA,APROVADO,872.42,1,,
3375,1,2023-05-26T15:00:00+00,PIX,COBRANCA,APROVADO,2153.48,1,,
3376,1,2023-06-15T15:00:00+00,PIX,COBRANCA,APROVADO,2172.52,1,,
3377,1,2023-07-04T15:00:00+00,PIX,COBRANCA,APROVADO,1389.86,1,,
3378,1,2023-08-21T15:00:00+00,PIX,COBRANCA,APROVADO,2794.22,1,,
3379,1,2023-09-10T15:00:00+00,PIX,COBRANCA,APROVADO,1589.60,1,,
3380,1,2023-10-27T15:00:00+00,PIX,COBRANCA,APROVADO,1981.28,1,,
3381,1,2023-11-16T15:00:00+00,PIX,COBRANCA,APROVADO,2281.42,1,,
3382,1,2023-11-05T15:00:00+00,PIX,COBRANCA,APROVADO,609.38,1,,
3383,1,2023-12-22T15:00:00+00,PIX,COBRANCA,APROVADO,1726.04,1,,
3384,1,2023-01-11T15:00:00+00,PIX,COBRANCA,APROVADO,2545.16,1,,
3385,1,2023-02-28T15:00:00+00,PIX,COBRANCA,APROVADO,1072.02,1,,
3386,1,2023-03-17T15:00:00+00,PIX,COBRANCA,APROVADO,1391.34,1,,
3387,1,2023-04-06T15:00:00+00,PIX,COBRANCA,APROVADO,1490.96,1,,
3388,1,2023-05-23T15:00:00+00,PIX,COBRANCA,APROVADO,808.26,1,,
3389,1,2023-06-12T15:00:00+00,PIX,COBRANCA,APROVADO,1734.77,1,,
3390,1,2023-07-29T15:00:00+00,PIX,COBRANCA,APROVADO,429.64,1,,
3391,1,2023-08-18T15:00:00+00,PIX,COBRANCA,APROVADO,1250.10,1,,
3392,1,2023-09-07T15:00:00+00,PIX,COBRANCA,APROVADO,682.05,1,,
3393,1,2023-10-24T15:00:00+00,PIX,COBRANCA,APROVADO,470.24,1,,
3394,1,2023-11-13T15:00:00+00,PIX,COBRANCA,APROVADO,1075.35,1,,
3395,1,2023-11-02T15:00:00+00,PIX,COBRANCA,APROVADO,526.79,1,,
3396,1,2023-12-19T15:00:00+00,PIX,COBRANCA,APROVADO,775.16,1,,
3397,1,2023-01-08T15:00:00+00,PIX,COBRANCA,APROVADO,1481.16,1,,
3398,1,2023-02-25T15:00:00+00,PIX,COBRANCA,APROVADO,424.78,1,,
3399,1,2023-03-14T15:00:00+00,PIX,COBRANCA,APROVADO,1179.54,1,,
3400,1,2023-04-03T15:00:00+00,PIX,COBRANCA,APROVADO,1026.12,1,,
3401,1,2023-05-20T15:00:00+00,PIX,COBRANCA,APROVADO,896.66,1,,
3402,1,2023-06-09T15:00:00+00,PIX,COBRANCA,APROVADO,1807.82,1,,
3403,1,2023-07-26T15:00:00+00,PIX,COBRANCA,APROVADO,986.80,1,,
3404,1,2023-08-15T15:00:00+00,PIX,COBRANCA,APROVADO,1323.68,1,,
3405,1,2023-09-04T15:00:00+00,PIX,COBRANCA,APROVADO,2358.14,1,,
3406,1,2023-10-21T15:00:00+00,PIX,COBRANCA,APROVADO,740.90,1,,
3407,1,2023-11-10T15:00:00+00,PIX,COBRANCA,APROVADO,1824.68,1,,
3408,1,2023-11-27T15:00:00+00,PIX,COBRANCA,APROVADO,1821.80,1,,
3409,1,2023-12-16T15:00:00+00,PIX,COBRANCA,APROVADO,1192.58,1,,
3410,1,2023-01-05T15:00:00+00,PIX,COBRANCA,APROVADO,2399.66,1,,
3411,1,2023-02-22T15:00:00+00,PIX,COBRANCA,APROVADO,1348.48,1,,
3412,1,2023-03-11T15:00:00+00,PIX,COBRANCA,APROVADO,1718.24,1,,
3413,1,2023-04-28T15:00:00+00,PIX,COBRANCA,APROVADO,3048.62,1,,
3414,1,2023-05-17T15:00:00+00,PIX,COBRANCA,APROVADO,938.18,1,,
3415,1,2023-06-06T15:00:00+00,PIX,COBRANCA,APROVADO,2317.88,1,,
3416,1,2023-07-23T15:00:00+00,PIX,COBRANCA,APROVADO,2347.88,1,,
3417,1,2023-08-12T15:00:00+00,PIX,COBRANCA,APROVADO,1488.50,1,,
3418,1,2023-09-29T15:00:00+00,PIX,COBRANCA,APROVADO,1917.42,1,,
3419,1,2023-10-18T15:00:00+00,PIX,COBRANCA,APROVADO,1403.28,1,,
3420,1,2023-11-07T15:00:00+00,PIX,COBRANCA,APROVADO,1345.60,1,,
3421,1,2023-11-24T15:00:00+00,PIX,COBRANCA,APROVADO,2255.54,1,,
3422,1,2023-12-13T15:00:00+00,PIX,COBRANCA,APROVADO,603.48,1,,
3423,1,2023-01-02T15:00:00+00,PIX,COBRANCA,APROVADO,1531.04,1,,
3424,1,2023-02-19T15:00:00+00,PIX,COBRANCA,APROVADO,1399.64,1,,
3425,1,2023-03-08T15:00:00+00,PIX,COBRANCA,APROVADO,602.07,1,,
3426,1,2023-04-25T15:00:00+00,PIX,COBRANCA,APROVADO,1372.54,1,,
3427,1,2023-05-14T15:00:00+00,PIX,COBRANCA,APROVADO,1242.14,1,,
3428,1,2023-06-03T15:00:00+00,PIX,COBRANCA,APROVADO,912.36,1,,
3429,1,2023-07-20T15:00:00+00,PIX,COBRANCA,APROVADO,1066.24,1,,
3430,1,2023-08-09T15:00:00+00,PIX,COBRANCA,APROVADO,363.33,1,,
3431,1,2023-09-26T15:00:00+00,PIX,COBRANCA,APROVADO,836.35,1,,
3432,1,2023-10-15T15:00:00+00,PIX,COBRANCA,APROVADO,832.82,1,,
3433,1,2023-11-04T15:00:00+00,PIX,COBRANCA,APROVADO,548.02,1,,
3434,1,2023-11-21T15:00:00+00,PIX,COBRANCA,APROVADO,1413.26,1,,
3435,1,2023-12-10T15:00:00+00,PIX,COBRANCA,APROVADO,745.68,1,,
3436,1,2023-01-27T15:00:00+00,PIX,COBRANCA,APROVADO,1060.64,1,,
3437,1,2023-02-16T15:00:00+00,PIX,COBRANCA,APROVADO,1897.82,1,,
3438,1,2023-03-05T15:00:00+00,PIX,COBRANCA,APROVADO,609.38,1,,
3439,1,2023-04-22T15:00:00+00,PIX,COBRANCA,APROVADO,1495.88,1,,
3440,1,2023-05-11T15:00:00+00,PIX,COBRANCA,APROVADO,1471.08,1,,
3441,1,2023-06-28T15:00:00+00,PIX,COBRANCA,APROVADO,995.30,1,,
3442,1,2023-07-17T15:00:00+00,PIX,COBRANCA,APROVADO,2005.10,1,,
3443,1,2023-08-06T15:00:00+00,PIX,COBRANCA,APROVADO,1107.36,1,,
3444,1,2023-09-23T15:00:00+00,PIX,COBRANCA,APROVADO,1455.20,1,,
3445,1,2023-10-12T15:00:00+00,PIX,COBRANCA,APROVADO,2588.30,1,,
3446,1,2023-11-29T15:00:00+00,PIX,COBRANCA,APROVADO,806.66,1,,
3447,1,2023-11-18T15:00:00+00,PIX,COBRANCA,APROVADO,1989.08,1,,
3448,1,2023-12-07T15:00:00+00,PIX,COBRANCA,APROVADO,1997.16,1,,
3449,1,2023-01-24T15:00:00+00,PIX,COBRANCA,APROVADO,1291.22,1,,
3450,1,2023-02-13T15:00:00+00,PIX,COBRANCA,APROVADO,2596.94,1,,
3451,1,2023-03-02T15:00:00+00,PIX,COBRANCA,APROVADO,1469.04,1,,
3452,1,2023-04-19T15:00:00+00,PIX,COBRANCA,APROVADO,1849.76,1,,
3453,1,2023-05-08T15:00:00+00,PIX,COBRANCA,APROVADO,3278.78,1,,
3454,1,2023-06-25T15:00:00+00,PIX,COBRANCA,APROVADO,922.64,1,,
3455,1,2023-07-14T15:00:00+00,PIX,COBRANCA,APROVADO,1239.82,1,,
3456,1,2023-08-03T15:00:00+00,PIX,COBRANCA,APROVADO,2064.38,1,,
3457,1,2023-09-20T15:00:00+00,PIX,COBRANCA,APROVADO,858.92,1,,
3458,1,2023-10-09T15:00:00+00,PIX,COBRANCA,APROVADO,1716.74,1,,
3459,1,2023-11-26T15:00:00+00,PIX,COBRANCA,APROVADO,1429.87,1,,
3460,1,2023-11-15T15:00:00+00,PIX,COBRANCA,APROVADO,1186.88,1,,
3461,1,2023-12-04T15:00:00+00,PIX,COBRANCA,APROVADO,1446.01,1,,
3462,1,2023-01-21T15:00:00+00,PIX,COBRANCA,APROVADO,370.56,1,,
3463,1,2023-02-10T15:00:00+00,PIX,COBRANCA,APROVADO,1047.69,1,,
3464,1,2023-03-27T15:00:00+00,PIX,COBRANCA,APROVADO,1560.79,1,,
3465,1,2023-04-16T15:00:00+00,PIX,COBRANCA,APROVADO,685.91,1,,
3466,1,2023-05-05T15:00:00+00,PIX,COBRANCA,APROVADO,1539.09,1,,
3467,1,2023-06-22T15:00:00+00,PIX,COBRANCA,APROVADO,436.40,1,,
3468,1,2023-07-11T15:00:00+00,PIX,COBRANCA,APROVADO,797.60,1,,
3469,1,2023-08-28T15:00:00+00,PIX,COBRANCA,APROVADO,1437.50,1,,
3470,1,2023-09-17T15:00:00+00,PIX,COBRANCA,APROVADO,477.86,1,,
3471,1,2023-10-06T15:00:00+00,PIX,COBRANCA,APROVADO,1167.08,1,,
3472,1,2023-11-23T15:00:00+00,PIX,COBRANCA,APROVADO,1120.36,1,,
3473,1,2023-11-12T15:00:00+00,PIX,COBRANCA,APROVADO,798.02,1,,
3474,1,2023-12-29T15:00:00+00,PIX,COBRANCA,APROVADO,1610.54,1,,
3475,1,2023-01-18T15:00:00+00,PIX,COBRANCA,APROVADO,866.24,1,,
3476,1,2023-02-07T15:00:00+00,PIX,COBRANCA,APROVADO,1192.16,1,,
3477,1,2023-03-24T15:00:00+00,PIX,COBRANCA,APROVADO,2127.98,1,,
3478,1,2023-04-13T15:00:00+00,PIX,COBRANCA,APROVADO,675.14,1,,
3479,1,2023-05-02T15:00:00+00,PIX,COBRANCA,APROVADO,1660.28,1,,
3480,1,2023-06-19T15:00:00+00,PIX,COBRANCA,APROVADO,1646.44,1,,
3481,1,2023-07-08T15:00:00+00,PIX,COBRANCA,APROVADO,1093.94,1,,
3482,1,2023-08-25T15:00:00+00,PIX,COBRANCA,APROVADO,2202.38,1,,
3483,1,2023-09-14T15:00:00+00,PIX,COBRANCA,APROVADO,1227.92,1,,
3484,1,2023-10-03T15:00:00+00,PIX,COBRANCA,APROVADO,1586.72,1,,
3485,1,2023-11-20T15:00:00+00,PIX,COBRANCA,APROVADO,2818.46,1,,
3486,1,2023-11-09T15:00:00+00,PIX,COBRANCA,APROVADO,872.42,1,,
3487,1,2023-12-26T15:00:00+00,PIX,COBRANCA,APROVADO,2153.48,1,,
3488,1,2023-01-15T15:00:00+00,PIX,COBRANCA,APROVADO,1774.43,1,,
3489,1,2023-02-04T15:00:00+00,PIX,COBRANCA,APROVADO,1230.44,1,,
3490,1,2023-03-21T15:00:00+00,PIX,COBRANCA,APROVADO,2376.42,1,,
3491,1,2023-04-10T15:00:00+00,PIX,COBRANCA,APROVADO,1388.32,1,,
3492,1,2023-05-27T15:00:00+00,PIX,COBRANCA,APROVADO,1754.95,1,,
3493,1,2023-06-16T15:00:00+00,PIX,COBRANCA,APROVADO,1856.47,1,,
3494,1,2023-07-05T15:00:00+00,PIX,COBRANCA,APROVADO,551.28,1,,
3495,1,2023-08-22T15:00:00+00,PIX,COBRANCA,APROVADO,1378.46,1,,
3496,1,2023-09-11T15:00:00+00,PIX,COBRANCA,APROVADO,2216.73,1,,
3497,1,2023-10-28T15:00:00+00,PIX,COBRANCA,APROVADO,946.03,1,,
3498,1,2023-11-17T15:00:00+00,PIX,COBRANCA,APROVADO,1137.00,1,,
3499,1,2023-11-06T15:00:00+00,PIX,COBRANCA,APROVADO,1403.56,1,,
3500,1,2023-12-23T15:00:00+00,PIX,COBRANCA,APROVADO,853.50,1,,
3501,1,2023-01-12T15:00:00+00,PIX,COBRANCA,APROVADO,1897.82,1,,
3502,1,2023-03-01T15:00:00+00,PIX,COBRANCA,APROVADO,499.78,1,,
3503,1,2023-03-18T15:00:00+00,PIX,COBRANCA,APROVADO,1452.04,1,,
3504,1,2023-04-07T15:00:00+00,PIX,COBRANCA,APROVADO,769.64,1,,
3505,1,2023-05-24T15:00:00+00,PIX,COBRANCA,APROVADO,600.74,1,,
3506,1,2023-06-13T15:00:00+00,PIX,COBRANCA,APROVADO,1215.98,1,,
3507,1,2023-07-02T15:00:00+00,PIX,COBRANCA,APROVADO,625.12,1,,
3508,1,2023-08-19T15:00:00+00,PIX,COBRANCA,APROVADO,929.12,1,,
3509,1,2023-09-08T15:00:00+00,PIX,COBRANCA,APROVADO,1667.66,1,,
3510,1,2023-10-25T15:00:00+00,PIX,COBRANCA,APROVADO,543.62,1,,
3511,1,2023-11-14T15:00:00+00,PIX,COBRANCA,APROVADO,1331.48,1,,
3512,1,2023-11-03T15:00:00+00,PIX,COBRANCA,APROVADO,1295.72,1,,
3513,1,2023-12-20T15:00:00+00,PIX,COBRANCA,APROVADO,896.66,1,,
3514,1,2023-01-09T15:00:00+00,PIX,COBRANCA,APROVADO,1807.82,1,,
3515,1,2023-02-26T15:00:00+00,PIX,COBRANCA,APROVADO,986.80,1,,
3516,1,2023-03-15T15:00:00+00,PIX,COBRANCA,APROVADO,1323.68,1,,
3517,1,2023-04-04T15:00:00+00,PIX,COBRANCA,APROVADO,2358.14,1,,
3518,1,2023-05-21T15:00:00+00,PIX,COBRANCA,APROVADO,740.90,1,,
3519,1,2023-06-10T15:00:00+00,PIX,COBRANCA,APROVADO,1824.68,1,,
3520,1,2023-07-27T15:00:00+00,PIX,COBRANCA,APROVADO,1821.80,1,,
3521,1,2023-08-16T15:00:00+00,PIX,COBRANCA,APROVADO,1016.62,1,,
3522,1,2023-09-05T15:00:00+00,PIX,COBRANCA,APROVADO,2119.95,1,,
3523,1,2023-10-22T15:00:00+00,PIX,COBRANCA,APROVADO,1110.00,1,,
3524,1,2023-11-11T15:00:00+00,PIX,COBRANCA,APROVADO,1524.64,1,,
3525,1,2023-11-28T15:00:00+00,PIX,COBRANCA,APROVADO,2590.46,1,,
3526,1,2023-12-17T15:00:00+00,PIX,COBRANCA,APROVADO,780.13,1,,
3527,1,2023-01-06T15:00:00+00,PIX,COBRANCA,APROVADO,2048.76,1,,
3528,1,2023-02-23T15:00:00+00,PIX,COBRANCA,APROVADO,1918.05,1,,
3529,1,2023-03-12T15:00:00+00,PIX,COBRANCA,APROVADO,1318.11,1,,
3530,1,2023-04-29T15:00:00+00,PIX,COBRANCA,APROVADO,1522.09,1,,
3531,1,2023-05-18T15:00:00+00,PIX,COBRANCA,APROVADO,1248.53,1,,
3532,1,2023-06-07T15:00:00+00,PIX,COBRANCA,APROVADO,1180.10,1,,
3533,1,2023-07-24T15:00:00+00,PIX,COBRANCA,APROVADO,2039.54,1,,
3534,1,2023-08-13T15:00:00+00,PIX,COBRANCA,APROVADO,675.14,1,,
3535,1,2023-09-02T15:00:00+00,PIX,COBRANCA,APROVADO,1890.44,1,,
3536,1,2023-10-19T15:00:00+00,PIX,COBRANCA,APROVADO,1493.00,1,,
3537,1,2023-11-08T15:00:00+00,PIX,COBRANCA,APROVADO,710.34,1,,
3538,1,2023-11-25T15:00:00+00,PIX,COBRANCA,APROVADO,1588.62,1,,
3539,1,2023-12-14T15:00:00+00,PIX,COBRANCA,APROVADO,1611.52,1,,
3540,1,2023-01-03T15:00:00+00,PIX,COBRANCA,APROVADO,1126.40,1,,
3541,1,2023-02-20T15:00:00+00,PIX,COBRANCA,APROVADO,1207.34,1,,
3542,1,2023-03-09T15:00:00+00,PIX,COBRANCA,APROVADO,412.10,1,,
3543,1,2023-04-26T15:00:00+00,PIX,COBRANCA,APROVADO,1002.68,1,,
3544,1,2023-05-15T15:00:00+00,PIX,COBRANCA,APROVADO,945.00,1,,
3545,1,2023-06-04T15:00:00+00,PIX,COBRANCA,APROVADO,699.38,1,,
3546,1,2023-07-21T15:00:00+00,PIX,COBRANCA,APROVADO,1413.26,1,,
3547,1,2023-08-10T15:00:00+00,PIX,COBRANCA,APROVADO,745.68,1,,
3548,1,2023-09-27T15:00:00+00,PIX,COBRANCA,APROVADO,1060.64,1,,
3549,1,2023-10-16T15:00:00+00,PIX,COBRANCA,APROVADO,1897.82,1,,
3550,1,2023-11-05T15:00:00+00,PIX,COBRANCA,APROVADO,609.38,1,,
3551,1,2023-11-22T15:00:00+00,PIX,COBRANCA,APROVADO,1495.88,1,,
3552,1,2023-12-11T15:00:00+00,PIX,COBRANCA,APROVADO,1471.08,1,,
3553,1,2023-01-28T15:00:00+00,PIX,COBRANCA,APROVADO,995.30,1,,
3554,1,2023-02-17T15:00:00+00,PIX,COBRANCA,APROVADO,1867.20,1,,
3555,1,2023-03-06T15:00:00+00,PIX,COBRANCA,APROVADO,923.53,1,,
3556,1,2023-04-23T15:00:00+00,PIX,COBRANCA,APROVADO,1217.94,1,,
3557,1,2023-05-12T15:00:00+00,PIX,COBRANCA,APROVADO,2285.52,1,,
3558,1,2023-06-29T15:00:00+00,PIX,COBRANCA,APROVADO,630.83,1,,
3559,1,2023-07-18T15:00:00+00,PIX,COBRANCA,APROVADO,1767.06,1,,
3560,1,2023-08-07T15:00:00+00,PIX,COBRANCA,APROVADO,1570.69,1,,
3561,1,2023-09-24T15:00:00+00,PIX,COBRANCA,APROVADO,1078.84,1,,
3562,1,2023-10-13T15:00:00+00,PIX,COBRANCA,APROVADO,2292.66,1,,
3563,1,2023-11-02T15:00:00+00,PIX,COBRANCA,APROVADO,1209.77,1,,
3564,1,2023-11-19T15:00:00+00,PIX,COBRANCA,APROVADO,1641.90,1,,
3565,1,2023-12-08T15:00:00+00,PIX,COBRANCA,APROVADO,2783.98,1,,
3566,1,2023-01-25T15:00:00+00,PIX,COBRANCA,APROVADO,834.89,1,,
3567,1,2023-02-14T15:00:00+00,PIX,COBRANCA,APROVADO,1423.44,1,,
3568,1,2023-03-03T15:00:00+00,PIX,COBRANCA,APROVADO,2369.80,1,,
3569,1,2023-04-20T15:00:00+00,PIX,COBRANCA,APROVADO,973.38,1,,
3570,1,2023-05-09T15:00:00+00,PIX,COBRANCA,APROVADO,2114.70,1,,
3571,1,2023-06-26T15:00:00+00,PIX,COBRANCA,APROVADO,1523.84,1,,
3572,1,2023-07-15T15:00:00+00,PIX,COBRANCA,APROVADO,1477.12,1,,
3573,1,2023-08-04T15:00:00+00,PIX,COBRANCA,APROVADO,1667.66,1,,
3574,1,2023-09-21T15:00:00+00,PIX,COBRANCA,APROVADO,434.02,1,,
3575,1,2023-10-10T15:00:00+00,PIX,COBRANCA,APROVADO,1287.64,1,,
3576,1,2023-11-27T15:00:00+00,PIX,COBRANCA,APROVADO,1668.36,1,,
3577,1,2023-11-16T15:00:00+00,PIX,COBRANCA,APROVADO,808.98,1,,
3578,1,2023-12-05T15:00:00+00,PIX,COBRANCA,APROVADO,1785.90,1,,
3579,1,2023-01-22T15:00:00+00,PIX,COBRANCA,APROVADO,504.56,1,,
3580,1,2023-02-11T15:00:00+00,PIX,COBRANCA,APROVADO,797.60,1,,
3581,1,2023-03-28T15:00:00+00,PIX,COBRANCA,APROVADO,1437.50,1,,
3582,1,2023-04-17T15:00:00+00,PIX,COBRANCA,APROVADO,477.86,1,,
3583,1,2023-05-06T15:00:00+00,PIX,COBRANCA,APROVADO,1167.08,1,,
3584,1,2023-06-23T15:00:00+00,PIX,COBRANCA,APROVADO,1120.36,1,,
3585,1,2023-07-12T15:00:00+00,PIX,COBRANCA,APROVADO,798.02,1,,
3586,1,2023-08-29T15:00:00+00,PIX,COBRANCA,APROVADO,1610.54,1,,
3587,1,2023-09-18T15:00:00+00,PIX,COBRANCA,APROVADO,866.24,1,,
3588,1,2023-10-07T15:00:00+00,PIX,COBRANCA,APROVADO,937.60,1,,
3589,1,2023-11-24T15:00:00+00,PIX,COBRANCA,APROVADO,1890.39,1,,
3590,1,2023-11-13T15:00:00+00,PIX,COBRANCA,APROVADO,589.11,1,,
3591,1,2023-12-02T15:00:00+00,PIX,COBRANCA,APROVADO,1390.92,1,,
3592,1,2023-01-19T15:00:00+00,PIX,COBRANCA,APROVADO,1435.55,1,,
3593,1,2023-02-08T15:00:00+00,PIX,COBRANCA,APROVADO,859.32,1,,
3594,1,2023-03-25T15:00:00+00,PIX,COBRANCA,APROVADO,1957.63,1,,
3595,1,2023-04-14T15:00:00+00,PIX,COBRANCA,APROVADO,1022.73,1,,
3596,1,2023-05-03T15:00:00+00,PIX,COBRANCA,APROVADO,1328.64,1,,
3597,1,2023-06-20T15:00:00+00,PIX,COBRANCA,APROVADO,2486.74,1,,
3598,1,2023-07-09T15:00:00+00,PIX,COBRANCA,APROVADO,682.34,1,,
3599,1,2023-08-26T15:00:00+00,PIX,COBRANCA,APROVADO,1913.86,1,,
3600,1,2023-09-15T15:00:00+00,PIX,COBRANCA,APROVADO,1716.60,1,,
3601,1,2024-05-24T15:00:00+00,PIX,COBRANCA,APROVADO,705.42,1,,
3602,1,2024-06-13T15:00:00+00,PIX,COBRANCA,APROVADO,1287.11,1,,
3603,1,2024-07-02T15:00:00+00,PIX,COBRANCA,APROVADO,1901.68,1,,
3604,1,2024-08-19T15:00:00+00,PIX,COBRANCA,APROVADO,1267.93,1,,
3605,1,2024-09-08T15:00:00+00,PIX,COBRANCA,APROVADO,787.62,1,,
3606,1,2024-10-25T15:00:00+00,PIX,COBRANCA,APROVADO,1435.07,1,,
3607,1,2024-11-14T15:00:00+00,PIX,COBRANCA,APROVADO,2115.40,1,,
3608,1,2024-11-03T15:00:00+00,PIX,COBRANCA,APROVADO,1415.89,1,,
3609,1,2024-12-20T15:00:00+00,PIX,COBRANCA,APROVADO,869.82,1,,
3610,1,2024-01-09T15:00:00+00,PIX,COBRANCA,APROVADO,815.83,1,,
3611,1,2024-02-26T15:00:00+00,PIX,COBRANCA,APROVADO,1255.04,1,,
3612,1,2024-03-15T15:00:00+00,PIX,COBRANCA,APROVADO,1410.41,1,,
3613,1,2024-04-04T15:00:00+00,PIX,COBRANCA,APROVADO,491.70,1,,
3614,1,2024-05-21T15:00:00+00,PIX,COBRANCA,APROVADO,963.79,1,,
3615,1,2024-06-10T15:00:00+00,PIX,COBRANCA,APROVADO,1468.76,1,,
3616,1,2024-07-27T15:00:00+00,PIX,COBRANCA,APROVADO,330.85,1,,
3617,1,2024-08-16T15:00:00+00,PIX,COBRANCA,APROVADO,267.02,1,,
3618,1,2024-09-05T15:00:00+00,PIX,COBRANCA,APROVADO,497.99,1,,
3619,1,2024-10-22T15:00:00+00,PIX,COBRANCA,APROVADO,761.84,1,,
3620,1,2024-11-11T15:00:00+00,PIX,COBRANCA,APROVADO,478.81,1,,
3621,1,2024-11-28T15:00:00+00,PIX,COBRANCA,APROVADO,349.22,1,,
3622,1,2024-12-17T15:00:00+00,PIX,COBRANCA,APROVADO,645.95,1,,
3623,1,2024-01-06T15:00:00+00,PIX,COBRANCA,APROVADO,975.56,1,,
3624,1,2024-02-23T15:00:00+00,PIX,COBRANCA,APROVADO,626.77,1,,
3625,1,2024-03-12T15:00:00+00,PIX,COBRANCA,APROVADO,431.42,1,,
3626,1,2024-04-29T15:00:00+00,PIX,COBRANCA,APROVADO,793.91,1,,
3627,1,2024-05-18T15:00:00+00,PIX,COBRANCA,APROVADO,1189.28,1,,
3628,1,2024-06-07T15:00:00+00,PIX,COBRANCA,APROVADO,774.73,1,,
3629,1,2024-07-24T15:00:00+00,PIX,COBRANCA,APROVADO,513.62,1,,
3630,1,2024-08-13T15:00:00+00,PIX,COBRANCA,APROVADO,941.87,1,,
3631,1,2024-09-02T15:00:00+00,PIX,COBRANCA,APROVADO,1279.45,1,,
3632,1,2024-10-19T15:00:00+00,PIX,COBRANCA,APROVADO,734.65,1,,
3633,1,2024-11-08T15:00:00+00,PIX,COBRANCA,APROVADO,547.79,1,,
3634,1,2024-11-25T15:00:00+00,PIX,COBRANCA,APROVADO,895.83,1,,
3635,1,2024-12-14T15:00:00+00,PIX,COBRANCA,APROVADO,1403.62,1,,
3636,1,2024-01-03T15:00:00+00,PIX,COBRANCA,APROVADO,958.00,1,,
3637,1,2024-02-20T15:00:00+00,PIX,COBRANCA,APROVADO,523.66,1,,
3638,1,2024-03-09T15:00:00+00,PIX,COBRANCA,APROVADO,1139.99,1,,
3639,1,2024-04-26T15:00:00+00,PIX,COBRANCA,APROVADO,1505.13,1,,
3640,1,2024-05-15T15:00:00+00,PIX,COBRANCA,APROVADO,948.16,1,,
3641,1,2024-06-04T15:00:00+00,PIX,COBRANCA,APROVADO,661.71,1,,
3642,1,2024-07-21T15:00:00+00,PIX,COBRANCA,APROVADO,1070.47,1,,
3643,1,2024-08-10T15:00:00+00,PIX,COBRANCA,APROVADO,1884.18,1,,
3644,1,2024-09-27T15:00:00+00,PIX,COBRANCA,APROVADO,1154.99,1,,
3645,1,2024-10-16T15:00:00+00,PIX,COBRANCA,APROVADO,740.18,1,,
3646,1,2024-11-05T15:00:00+00,PIX,COBRANCA,APROVADO,1336.86,1,,
3647,1,2024-11-22T15:00:00+00,PIX,COBRANCA,APROVADO,1744.68,1,,
3648,1,2024-12-11T15:00:00+00,PIX,COBRANCA,APROVADO,1292.00,1,,
3649,1,2024-01-28T15:00:00+00,PIX,COBRANCA,APROVADO,390.88,1,,
3650,1,2024-02-17T15:00:00+00,PIX,COBRANCA,APROVADO,741.99,1,,
3651,1,2024-03-06T15:00:00+00,PIX,COBRANCA,APROVADO,1397.52,1,,
3652,1,2024-04-23T15:00:00+00,PIX,COBRANCA,APROVADO,1509.05,1,,
3653,1,2024-05-12T15:00:00+00,PIX,COBRANCA,APROVADO,239.62,1,,
3654,1,2024-06-29T15:00:00+00,PIX,COBRANCA,APROVADO,448.67,1,,
3655,1,2024-07-18T15:00:00+00,PIX,COBRANCA,APROVADO,690.60,1,,
3656,1,2024-08-07T15:00:00+00,PIX,COBRANCA,APROVADO,429.49,1,,
3657,1,2024-09-24T15:00:00+00,PIX,COBRANCA,APROVADO,321.82,1,,
3658,1,2024-10-13T15:00:00+00,PIX,COBRANCA,APROVADO,596.63,1,,
3659,1,2024-11-02T15:00:00+00,PIX,COBRANCA,APROVADO,904.32,1,,
3660,1,2024-11-19T15:00:00+00,PIX,COBRANCA,APROVADO,577.45,1,,
3661,1,2024-12-08T15:00:00+00,PIX,COBRANCA,APROVADO,404.02,1,,
3662,1,2024-01-25T15:00:00+00,PIX,COBRANCA,APROVADO,744.59,1,,
3663,1,2024-02-14T15:00:00+00,PIX,COBRANCA,APROVADO,1118.04,1,,
3664,1,2024-03-03T15:00:00+00,PIX,COBRANCA,APROVADO,725.41,1,,
3665,1,2024-04-20T15:00:00+00,PIX,COBRANCA,APROVADO,486.22,1,,
3666,1,2024-05-09T15:00:00+00,PIX,COBRANCA,APROVADO,892.55,1,,
3667,1,2024-06-26T15:00:00+00,PIX,COBRANCA,APROVADO,1331.76,1,,
3668,1,2024-07-15T15:00:00+00,PIX,COBRANCA,APROVADO,873.37,1,,
3669,1,2024-08-04T15:00:00+00,PIX,COBRANCA,APROVADO,568.42,1,,
3670,1,2024-09-21T15:00:00+00,PIX,COBRANCA,APROVADO,1040.51,1,,
3671,1,2024-10-10T15:00:00+00,PIX,COBRANCA,APROVADO,1545.48,1,,
3672,1,2024-11-27T15:00:00+00,PIX,COBRANCA,APROVADO,1021.33,1,,
3673,1,2024-11-16T15:00:00+00,PIX,COBRANCA,APROVADO,650.62,1,,
3674,1,2024-12-05T15:00:00+00,PIX,COBRANCA,APROVADO,1188.47,1,,
3675,1,2024-01-22T15:00:00+00,PIX,COBRANCA,APROVADO,1759.20,1,,
3676,1,2024-02-11T15:00:00+00,PIX,COBRANCA,APROVADO,1169.29,1,,
3677,1,2024-03-28T15:00:00+00,PIX,COBRANCA,APROVADO,732.82,1,,
3678,1,2024-04-17T15:00:00+00,PIX,COBRANCA,APROVADO,1336.43,1,,
3679,1,2024-05-06T15:00:00+00,PIX,COBRANCA,APROVADO,1972.92,1,,
3680,1,2024-06-23T15:00:00+00,PIX,COBRANCA,APROVADO,1317.25,1,,
3681,1,2024-07-12T15:00:00+00,PIX,COBRANCA,APROVADO,738.64,1,,
3682,1,2024-08-29T15:00:00+00,PIX,COBRANCA,APROVADO,1146.65,1,,
3683,1,2024-09-18T15:00:00+00,PIX,COBRANCA,APROVADO,2015.73,1,,
3684,1,2024-10-07T15:00:00+00,PIX,COBRANCA,APROVADO,1238.32,1,,
3685,1,2024-11-24T15:00:00+00,PIX,COBRANCA,APROVADO,350.57,1,,
3686,1,2024-11-13T15:00:00+00,PIX,COBRANCA,APROVADO,770.75,1,,
3687,1,2024-12-02T15:00:00+00,PIX,COBRANCA,APROVADO,1049.28,1,,
3688,1,2024-01-19T15:00:00+00,PIX,COBRANCA,APROVADO,1385.15,1,,
3689,1,2024-02-08T15:00:00+00,PIX,COBRANCA,APROVADO,435.83,1,,
3690,1,2024-03-25T15:00:00+00,PIX,COBRANCA,APROVADO,816.37,1,,
3691,1,2024-04-14T15:00:00+00,PIX,COBRANCA,APROVADO,538.63,1,,
3692,1,2024-05-03T15:00:00+00,PIX,COBRANCA,APROVADO,303.68,1,,
3693,1,2024-06-20T15:00:00+00,PIX,COBRANCA,APROVADO,270.52,1,,
3694,1,2024-07-09T15:00:00+00,PIX,COBRANCA,APROVADO,449.77,1,,
3695,1,2024-08-26T15:00:00+00,PIX,COBRANCA,APROVADO,731.47,1,,
3696,1,2024-09-15T15:00:00+00,PIX,COBRANCA,APROVADO,472.76,1,,
3697,1,2024-10-04T15:00:00+00,PIX,COBRANCA,APROVADO,291.59,1,,
3698,1,2024-11-21T15:00:00+00,PIX,COBRANCA,APROVADO,639.66,1,,
3699,1,2024-11-10T15:00:00+00,PIX,COBRANCA,APROVADO,860.21,1,,
3700,1,2024-12-27T15:00:00+00,PIX,COBRANCA,APROVADO,533.93,1,,
3701,1,2024-01-16T15:00:00+00,PIX,COBRANCA,APROVADO,458.82,1,,
3702,1,2024-02-05T15:00:00+00,PIX,COBRANCA,APROVADO,843.23,1,,
3703,1,2024-03-22T15:00:00+00,PIX,COBRANCA,APROVADO,1260.52,1,,
3704,1,2024-04-11T15:00:00+00,PIX,COBRANCA,APROVADO,824.05,1,,
3705,1,2024-05-28T15:00:00+00,PIX,COBRANCA,APROVADO,541.02,1,,
3706,1,2024-06-17T15:00:00+00,PIX,COBRANCA,APROVADO,991.19,1,,
3707,1,2024-07-06T15:00:00+00,PIX,COBRANCA,APROVADO,1474.24,1,,
3708,1,2024-08-23T15:00:00+00,PIX,COBRANCA,APROVADO,972.01,1,,
3709,1,2024-09-12T15:00:00+00,PIX,COBRANCA,APROVADO,623.22,1,,
3710,1,2024-10-29T15:00:00+00,PIX,COBRANCA,APROVADO,1139.15,1,,
3711,1,2024-11-18T15:00:00+00,PIX,COBRANCA,APROVADO,1687.96,1,,
3712,1,2024-11-07T15:00:00+00,PIX,COBRANCA,APROVADO,1119.97,1,,
3713,1,2024-12-24T15:00:00+00,PIX,COBRANCA,APROVADO,705.42,1,,
3714,1,2024-01-13T15:00:00+00,PIX,COBRANCA,APROVADO,1287.11,1,,
3715,1,2024-02-02T15:00:00+00,PIX,COBRANCA,APROVADO,1901.68,1,,
3716,1,2024-03-19T15:00:00+00,PIX,COBRANCA,APROVADO,1267.93,1,,
3717,1,2024-04-08T15:00:00+00,PIX,COBRANCA,APROVADO,787.62,1,,
3718,1,2024-05-25T15:00:00+00,PIX,COBRANCA,APROVADO,1435.07,1,,
3719,1,2024-06-14T15:00:00+00,PIX,COBRANCA,APROVADO,2115.40,1,,
3720,1,2024-07-03T15:00:00+00,PIX,COBRANCA,APROVADO,1415.89,1,,
3721,1,2024-08-20T15:00:00+00,PIX,COBRANCA,APROVADO,869.82,1,,
3722,1,2024-09-09T15:00:00+00,PIX,COBRANCA,APROVADO,815.83,1,,
3723,1,2024-10-26T15:00:00+00,PIX,COBRANCA,APROVADO,1255.04,1,,
3724,1,2024-11-15T15:00:00+00,PIX,COBRANCA,APROVADO,1410.41,1,,
3725,1,2024-11-04T15:00:00+00,PIX,COBRANCA,APROVADO,491.70,1,,
3726,1,2024-12-21T15:00:00+00,PIX,COBRANCA,APROVADO,963.79,1,,
3727,1,2024-01-10T15:00:00+00,PIX,COBRANCA,APROVADO,1468.76,1,,
3728,1,2024-02-27T15:00:00+00,PIX,COBRANCA,APROVADO,330.85,1,,
3729,1,2024-03-16T15:00:00+00,PIX,COBRANCA,APROVADO,267.02,1,,
3730,1,2024-04-05T15:00:00+00,PIX,COBRANCA,APROVADO,497.99,1,,
3731,1,2024-05-22T15:00:00+00,PIX,COBRANCA,APROVADO,690.09,1,,
3732,1,2024-06-11T15:00:00+00,PIX,COBRANCA,APROVADO,382.06,1,,
3733,1,2024-07-28T15:00:00+00,PIX,COBRANCA,APROVADO,320.95,1,,
3734,1,2024-08-17T15:00:00+00,PIX,COBRANCA,APROVADO,530.86,1,,
3735,1,2024-09-06T15:00:00+00,PIX,COBRANCA,APROVADO,853.66,1,,
3736,1,2024-10-23T15:00:00+00,PIX,COBRANCA,APROVADO,560.96,1,,
3737,1,2024-11-12T15:00:00+00,PIX,COBRANCA,APROVADO,333.79,1,,
3738,1,2024-11-29T15:00:00+00,PIX,COBRANCA,APROVADO,730.60,1,,
3739,1,2024-12-18T15:00:00+00,PIX,COBRANCA,APROVADO,977.46,1,,
3740,1,2024-01-07T15:00:00+00,PIX,COBRANCA,APROVADO,605.39,1,,
3741,1,2024-02-24T15:00:00+00,PIX,COBRANCA,APROVADO,447.17,1,,
3742,1,2024-03-13T15:00:00+00,PIX,COBRANCA,APROVADO,727.72,1,,
3743,1,2024-04-02T15:00:00+00,PIX,COBRANCA,APROVADO,1292.42,1,,
3744,1,2024-05-19T15:00:00+00,PIX,COBRANCA,APROVADO,780.18,1,,
3745,1,2024-06-08T15:00:00+00,PIX,COBRANCA,APROVADO,525.65,1,,
3746,1,2024-07-25T15:00:00+00,PIX,COBRANCA,APROVADO,949.65,1,,
3747,1,2024-08-14T15:00:00+00,PIX,COBRANCA,APROVADO,1249.05,1,,
3748,1,2024-09-03T15:00:00+00,PIX,COBRANCA,APROVADO,1010.91,1,,
3749,1,2024-10-20T15:00:00+00,PIX,COBRANCA,APROVADO,556.94,1,,
3750,1,2024-11-09T15:00:00+00,PIX,COBRANCA,APROVADO,1114.63,1,,
3751,1,2024-11-26T15:00:00+00,PIX,COBRANCA,APROVADO,1830.44,1,,
3752,1,2024-12-15T15:00:00+00,PIX,COBRANCA,APROVADO,1218.61,1,,
3753,1,2024-01-04T15:00:00+00,PIX,COBRANCA,APROVADO,760.22,1,,
3754,1,2024-02-21T15:00:00+00,PIX,COBRANCA,APROVADO,1385.75,1,,
3755,1,2024-03-10T15:00:00+00,PIX,COBRANCA,APROVADO,2044.16,1,,
3756,1,2024-04-27T15:00:00+00,PIX,COBRANCA,APROVADO,1366.57,1,,
3757,1,2024-05-16T15:00:00+00,PIX,COBRANCA,APROVADO,842.42,1,,
3758,1,2024-06-05T15:00:00+00,PIX,COBRANCA,APROVADO,1533.71,1,,
3759,1,2024-07-22T15:00:00+00,PIX,COBRANCA,APROVADO,2257.88,1,,
3760,1,2024-08-11T15:00:00+00,PIX,COBRANCA,APROVADO,1361.09,1,,
3761,1,2024-09-28T15:00:00+00,PIX,COBRANCA,APROVADO,464.30,1,,
3762,1,2024-10-17T15:00:00+00,PIX,COBRANCA,APROVADO,914.47,1,,
3763,1,2024-11-06T15:00:00+00,PIX,COBRANCA,APROVADO,1397.52,1,,
3764,1,2024-11-23T15:00:00+00,PIX,COBRANCA,APROVADO,1509.05,1,,
3765,1,2024-12-12T15:00:00+00,PIX,COBRANCA,APROVADO,239.62,1,,
3766,1,2024-01-29T15:00:00+00,PIX,COBRANCA,APROVADO,448.67,1,,
3767,1,2024-02-18T15:00:00+00,PIX,COBRANCA,APROVADO,690.60,1,,
3768,1,2024-03-07T15:00:00+00,PIX,COBRANCA,APROVADO,429.49,1,,
3769,1,2024-04-24T15:00:00+00,PIX,COBRANCA,APROVADO,321.82,1,,
3770,1,2024-05-13T15:00:00+00,PIX,COBRANCA,APROVADO,596.63,1,,
3771,1,2024-06-02T15:00:00+00,PIX,COBRANCA,APROVADO,904.32,1,,
3772,1,2024-07-19T15:00:00+00,PIX,COBRANCA,APROVADO,577.45,1,,
3773,1,2024-08-08T15:00:00+00,PIX,COBRANCA,APROVADO,404.02,1,,
3774,1,2024-09-25T15:00:00+00,PIX,COBRANCA,APROVADO,744.59,1,,
3775,1,2024-10-14T15:00:00+00,PIX,COBRANCA,APROVADO,1118.04,1,,
3776,1,2024-11-03T15:00:00+00,PIX,COBRANCA,APROVADO,725.41,1,,
3777,1,2024-11-20T15:00:00+00,PIX,COBRANCA,APROVADO,486.22,1,,
3778,1,2024-12-09T15:00:00+00,PIX,COBRANCA,APROVADO,892.55,1,,
3779,1,2024-01-26T15:00:00+00,PIX,COBRANCA,APROVADO,1331.76,1,,
3780,1,2024-02-15T15:00:00+00,PIX,COBRANCA,APROVADO,873.37,1,,
3781,1,2024-03-04T15:00:00+00,PIX,COBRANCA,APROVADO,514.24,1,,
3782,1,2024-04-21T15:00:00+00,PIX,COBRANCA,APROVADO,803.90,1,,
3783,1,2024-05-10T15:00:00+00,PIX,COBRANCA,APROVADO,1423.90,1,,
3784,1,2024-06-27T15:00:00+00,PIX,COBRANCA,APROVADO,863.50,1,,
3785,1,2024-07-16T15:00:00+00,PIX,COBRANCA,APROVADO,573.32,1,,
3786,1,2024-08-05T15:00:00+00,PIX,COBRANCA,APROVADO,1035.73,1,,
3787,1,2024-09-22T15:00:00+00,PIX,COBRANCA,APROVADO,1359.21,1,,
3788,1,2024-10-11T15:00:00+00,PIX,COBRANCA,APROVADO,1104.06,1,,
3789,1,2024-11-28T15:00:00+00,PIX,COBRANCA,APROVADO,601.84,1,,
3790,1,2024-11-17T15:00:00+00,PIX,COBRANCA,APROVADO,1162.96,1,,
3791,1,2024-12-06T15:00:00+00,PIX,COBRANCA,APROVADO,1720.46,1,,
3792,1,2024-01-23T15:00:00+00,PIX,COBRANCA,APROVADO,1048.17,1,,
3793,1,2024-02-12T15:00:00+00,PIX,COBRANCA,APROVADO,749.47,1,,
3794,1,2024-03-29T15:00:00+00,PIX,COBRANCA,APROVADO,1220.22,1,,
3795,1,2024-04-18T15:00:00+00,PIX,COBRANCA,APROVADO,1892.45,1,,
3796,1,2024-05-07T15:00:00+00,PIX,COBRANCA,APROVADO,1310.94,1,,
3797,1,2024-06-24T15:00:00+00,PIX,COBRANCA,APROVADO,347.22,1,,
3798,1,2024-07-13T15:00:00+00,PIX,COBRANCA,APROVADO,813.35,1,,
3799,1,2024-08-02T15:00:00+00,PIX,COBRANCA,APROVADO,1114.99,1,,
3800,1,2024-09-19T15:00:00+00,PIX,COBRANCA,APROVADO,1109.33,1,,
3801,1,2024-10-08T15:00:00+00,PIX,COBRANCA,APROVADO,519.10,1,,
3802,1,2024-11-25T15:00:00+00,PIX,COBRANCA,APROVADO,1013.11,1,,
3803,1,2024-11-14T15:00:00+00,PIX,COBRANCA,APROVADO,619.36,1,,
3804,1,2024-12-03T15:00:00+00,PIX,COBRANCA,APROVADO,380.17,1,,
3805,1,2024-01-20T15:00:00+00,PIX,COBRANCA,APROVADO,294.42,1,,
3806,1,2024-02-09T15:00:00+00,PIX,COBRANCA,APROVADO,547.31,1,,
3807,1,2024-03-26T15:00:00+00,PIX,COBRANCA,APROVADO,833.08,1,,
3808,1,2024-04-15T15:00:00+00,PIX,COBRANCA,APROVADO,528.13,1,,
3809,1,2024-05-04T15:00:00+00,PIX,COBRANCA,APROVADO,376.62,1,,
3810,1,2024-06-21T15:00:00+00,PIX,COBRANCA,APROVADO,695.27,1,,
3811,1,2024-07-10T15:00:00+00,PIX,COBRANCA,APROVADO,1046.80,1,,
3812,1,2024-08-27T15:00:00+00,PIX,COBRANCA,APROVADO,676.09,1,,
3813,1,2024-09-16T15:00:00+00,PIX,COBRANCA,APROVADO,458.82,1,,
3814,1,2024-10-05T15:00:00+00,PIX,COBRANCA,APROVADO,843.23,1,,
3815,1,2024-11-22T15:00:00+00,PIX,COBRANCA,APROVADO,1260.52,1,,
3816,1,2024-11-11T15:00:00+00,PIX,COBRANCA,APROVADO,824.05,1,,
3817,1,2024-12-28T15:00:00+00,PIX,COBRANCA,APROVADO,541.02,1,,
3818,1,2024-01-17T15:00:00+00,PIX,COBRANCA,APROVADO,991.19,1,,
3819,1,2024-02-06T15:00:00+00,PIX,COBRANCA,APROVADO,1474.24,1,,
3820,1,2024-03-23T15:00:00+00,PIX,COBRANCA,APROVADO,972.01,1,,
3821,1,2024-04-12T15:00:00+00,PIX,COBRANCA,APROVADO,623.22,1,,
3822,1,2024-05-29T15:00:00+00,PIX,COBRANCA,APROVADO,1139.15,1,,
3823,1,2024-06-18T15:00:00+00,PIX,COBRANCA,APROVADO,1687.96,1,,
3824,1,2024-07-07T15:00:00+00,PIX,COBRANCA,APROVADO,1119.97,1,,
3825,1,2024-08-24T15:00:00+00,PIX,COBRANCA,APROVADO,705.42,1,,
3826,1,2024-09-13T15:00:00+00,PIX,COBRANCA,APROVADO,1287.11,1,,
3827,1,2024-10-02T15:00:00+00,PIX,COBRANCA,APROVADO,1901.68,1,,
3828,1,2024-11-19T15:00:00+00,PIX,COBRANCA,APROVADO,1267.93,1,,
3829,1,2024-11-08T15:00:00+00,PIX,COBRANCA,APROVADO,787.62,1,,
3830,1,2024-12-25T15:00:00+00,PIX,COBRANCA,APROVADO,1435.07,1,,
3831,1,2024-01-14T15:00:00+00,PIX,COBRANCA,APROVADO,1934.31,1,,
3832,1,2024-02-03T15:00:00+00,PIX,COBRANCA,APROVADO,1126.47,1,,
3833,1,2024-03-20T15:00:00+00,PIX,COBRANCA,APROVADO,799.87,1,,
3834,1,2024-04-09T15:00:00+00,PIX,COBRANCA,APROVADO,687.60,1,,
3835,1,2024-05-26T15:00:00+00,PIX,COBRANCA,APROVADO,994.25,1,,
3836,1,2024-06-15T15:00:00+00,PIX,COBRANCA,APROVADO,1268.72,1,,
3837,1,2024-07-04T15:00:00+00,PIX,COBRANCA,APROVADO,389.40,1,,
3838,1,2024-08-21T15:00:00+00,PIX,COBRANCA,APROVADO,904.33,1,,
3839,1,2024-09-10T15:00:00+00,PIX,COBRANCA,APROVADO,1232.24,1,,
3840,1,2024-10-27T15:00:00+00,PIX,COBRANCA,APROVADO,262.61,1,,
3841,1,2024-11-16T15:00:00+00,PIX,COBRANCA,APROVADO,232.60,1,,
3842,1,2024-11-05T15:00:00+00,PIX,COBRANCA,APROVADO,384.93,1,,
3843,1,2024-12-22T15:00:00+00,PIX,COBRANCA,APROVADO,700.53,1,,
3844,1,2024-01-11T15:00:00+00,PIX,COBRANCA,APROVADO,405.36,1,,
3845,1,2024-02-28T15:00:00+00,PIX,COBRANCA,APROVADO,311.12,1,,
3846,1,2024-03-17T15:00:00+00,PIX,COBRANCA,APROVADO,562.49,1,,
3847,1,2024-04-06T15:00:00+00,PIX,COBRANCA,APROVADO,753.36,1,,
3848,1,2024-05-23T15:00:00+00,PIX,COBRANCA,APROVADO,591.64,1,,
3849,1,2024-06-12T15:00:00+00,PIX,COBRANCA,APROVADO,354.72,1,,
3850,1,2024-07-29T15:00:00+00,PIX,COBRANCA,APROVADO,720.07,1,,
3851,1,2024-08-18T15:00:00+00,PIX,COBRANCA,APROVADO,1189.28,1,,
3852,1,2024-09-07T15:00:00+00,PIX,COBRANCA,APROVADO,774.73,1,,
3853,1,2024-10-24T15:00:00+00,PIX,COBRANCA,APROVADO,513.62,1,,
3854,1,2024-11-13T15:00:00+00,PIX,COBRANCA,APROVADO,941.87,1,,
3855,1,2024-11-02T15:00:00+00,PIX,COBRANCA,APROVADO,1403.00,1,,
3856,1,2024-12-19T15:00:00+00,PIX,COBRANCA,APROVADO,922.69,1,,
3857,1,2024-01-08T15:00:00+00,PIX,COBRANCA,APROVADO,595.82,1,,
3858,1,2024-02-25T15:00:00+00,PIX,COBRANCA,APROVADO,1089.83,1,,
3859,1,2024-03-14T15:00:00+00,PIX,COBRANCA,APROVADO,1616.72,1,,
3860,1,2024-04-03T15:00:00+00,PIX,COBRANCA,APROVADO,1070.65,1,,
3861,1,2024-05-20T15:00:00+00,PIX,COBRANCA,APROVADO,678.02,1,,
3862,1,2024-06-09T15:00:00+00,PIX,COBRANCA,APROVADO,1237.79,1,,
3863,1,2024-07-26T15:00:00+00,PIX,COBRANCA,APROVADO,1830.44,1,,
3864,1,2024-08-15T15:00:00+00,PIX,COBRANCA,APROVADO,1218.61,1,,
3865,1,2024-09-04T15:00:00+00,PIX,COBRANCA,APROVADO,760.22,1,,
3866,1,2024-10-21T15:00:00+00,PIX,COBRANCA,APROVADO,1385.75,1,,
3867,1,2024-11-10T15:00:00+00,PIX,COBRANCA,APROVADO,2044.16,1,,
3868,1,2024-11-27T15:00:00+00,PIX,COBRANCA,APROVADO,1366.57,1,,
3869,1,2024-12-16T15:00:00+00,PIX,COBRANCA,APROVADO,842.42,1,,
3870,1,2024-01-05T15:00:00+00,PIX,COBRANCA,APROVADO,1533.71,1,,
3871,1,2024-02-22T15:00:00+00,PIX,COBRANCA,APROVADO,2257.88,1,,
3872,1,2024-03-11T15:00:00+00,PIX,COBRANCA,APROVADO,1361.09,1,,
3873,1,2024-04-28T15:00:00+00,PIX,COBRANCA,APROVADO,464.30,1,,
3874,1,2024-05-17T15:00:00+00,PIX,COBRANCA,APROVADO,914.47,1,,
3875,1,2024-06-06T15:00:00+00,PIX,COBRANCA,APROVADO,1397.52,1,,
3876,1,2024-07-23T15:00:00+00,PIX,COBRANCA,APROVADO,1509.05,1,,
3877,1,2024-08-12T15:00:00+00,PIX,COBRANCA,APROVADO,239.62,1,,
3878,1,2024-09-29T15:00:00+00,PIX,COBRANCA,APROVADO,448.67,1,,
3879,1,2024-10-18T15:00:00+00,PIX,COBRANCA,APROVADO,690.60,1,,
3880,1,2024-11-07T15:00:00+00,PIX,COBRANCA,APROVADO,429.49,1,,
3881,1,2024-11-24T15:00:00+00,PIX,COBRANCA,APROVADO,289.84,1,,
3882,1,2024-12-13T15:00:00+00,PIX,COBRANCA,APROVADO,461.11,1,,
3883,1,2024-01-02T15:00:00+00,PIX,COBRANCA,APROVADO,832.01,1,,
3884,1,2024-02-19T15:00:00+00,PIX,COBRANCA,APROVADO,488.61,1,,
3885,1,2024-03-08T15:00:00+00,PIX,COBRANCA,APROVADO,358.79,1,,
3886,1,2024-04-25T15:00:00+00,PIX,COBRANCA,APROVADO,648.57,1,,
3887,1,2024-05-14T15:00:00+00,PIX,COBRANCA,APROVADO,863.52,1,,
3888,1,2024-06-03T15:00:00+00,PIX,COBRANCA,APROVADO,684.87,1,,
3889,1,2024-07-20T15:00:00+00,PIX,COBRANCA,APROVADO,399.65,1,,
3890,1,2024-08-09T15:00:00+00,PIX,COBRANCA,APROVADO,780.75,1,,
3891,1,2024-09-26T15:00:00+00,PIX,COBRANCA,APROVADO,1160.61,1,,
3892,1,2024-10-15T15:00:00+00,PIX,COBRANCA,APROVADO,695.50,1,,
3893,1,2024-11-04T15:00:00+00,PIX,COBRANCA,APROVADO,522.60,1,,
3894,1,2024-11-21T15:00:00+00,PIX,COBRANCA,APROVADO,855.29,1,,
3895,1,2024-12-10T15:00:00+00,PIX,COBRANCA,APROVADO,1342.49,1,,
3896,1,2024-01-27T15:00:00+00,PIX,COBRANCA,APROVADO,913.90,1,,
3897,1,2024-02-16T15:00:00+00,PIX,COBRANCA,APROVADO,502.57,1,,
3898,1,2024-03-05T15:00:00+00,PIX,COBRANCA,APROVADO,1094.50,1,,
3899,1,2024-04-22T15:00:00+00,PIX,COBRANCA,APROVADO,1446.57,1,,
3900,1,2024-05-11T15:00:00+00,PIX,COBRANCA,APROVADO,917.53,1,,
3901,1,2024-06-28T15:00:00+00,PIX,COBRANCA,APROVADO,732.82,1,,
3902,1,2024-07-17T15:00:00+00,PIX,COBRANCA,APROVADO,1336.43,1,,
3903,1,2024-08-06T15:00:00+00,PIX,COBRANCA,APROVADO,1972.92,1,,
3904,1,2024-09-23T15:00:00+00,PIX,COBRANCA,APROVADO,1317.25,1,,
3905,1,2024-10-12T15:00:00+00,PIX,COBRANCA,APROVADO,815.02,1,,
3906,1,2024-11-29T15:00:00+00,PIX,COBRANCA,APROVADO,1484.39,1,,
3907,1,2024-11-18T15:00:00+00,PIX,COBRANCA,APROVADO,2186.64,1,,
3908,1,2024-12-07T15:00:00+00,PIX,COBRANCA,APROVADO,1465.21,1,,
3909,1,2024-01-24T15:00:00+00,PIX,COBRANCA,APROVADO,436.90,1,,
3910,1,2024-02-13T15:00:00+00,PIX,COBRANCA,APROVADO,865.15,1,,
3911,1,2024-03-02T15:00:00+00,PIX,COBRANCA,APROVADO,1326.28,1,,
3912,1,2024-04-19T15:00:00+00,PIX,COBRANCA,APROVADO,1459.73,1,,
3913,1,2024-05-08T15:00:00+00,PIX,COBRANCA,APROVADO,519.10,1,,
3914,1,2024-06-25T15:00:00+00,PIX,COBRANCA,APROVADO,1013.11,1,,
3915,1,2024-07-14T15:00:00+00,PIX,COBRANCA,APROVADO,619.36,1,,
3916,1,2024-08-03T15:00:00+00,PIX,COBRANCA,APROVADO,380.17,1,,
3917,1,2024-09-20T15:00:00+00,PIX,COBRANCA,APROVADO,294.42,1,,
3918,1,2024-10-09T15:00:00+00,PIX,COBRANCA,APROVADO,547.31,1,,
3919,1,2024-11-26T15:00:00+00,PIX,COBRANCA,APROVADO,833.08,1,,
3920,1,2024-11-15T15:00:00+00,PIX,COBRANCA,APROVADO,528.13,1,,
3921,1,2024-12-04T15:00:00+00,PIX,COBRANCA,APROVADO,376.62,1,,
3922,1,2024-01-21T15:00:00+00,PIX,COBRANCA,APROVADO,695.27,1,,
3923,1,2024-02-10T15:00:00+00,PIX,COBRANCA,APROVADO,1046.80,1,,
3924,1,2024-03-27T15:00:00+00,PIX,COBRANCA,APROVADO,676.09,1,,
3925,1,2024-04-16T15:00:00+00,PIX,COBRANCA,APROVADO,458.82,1,,
3926,1,2024-05-05T15:00:00+00,PIX,COBRANCA,APROVADO,843.23,1,,
3927,1,2024-06-22T15:00:00+00,PIX,COBRANCA,APROVADO,1260.52,1,,
3928,1,2024-07-11T15:00:00+00,PIX,COBRANCA,APROVADO,824.05,1,,
3929,1,2024-08-28T15:00:00+00,PIX,COBRANCA,APROVADO,541.02,1,,
3930,1,2024-09-17T15:00:00+00,PIX,COBRANCA,APROVADO,991.19,1,,
3931,1,2024-10-06T15:00:00+00,PIX,COBRANCA,APROVADO,1344.95,1,,
3932,1,2024-11-23T15:00:00+00,PIX,COBRANCA,APROVADO,773.88,1,,
3933,1,2024-11-12T15:00:00+00,PIX,COBRANCA,APROVADO,573.03,1,,
3934,1,2024-12-29T15:00:00+00,PIX,COBRANCA,APROVADO,936.38,1,,
3935,1,2024-01-18T15:00:00+00,PIX,COBRANCA,APROVADO,1464.68,1,,
3936,1,2024-02-07T15:00:00+00,PIX,COBRANCA,APROVADO,1002.10,1,,
3937,1,2024-03-24T15:00:00+00,PIX,COBRANCA,APROVADO,544.77,1,,
3938,1,2024-04-13T15:00:00+00,PIX,COBRANCA,APROVADO,1185.44,1,,
3939,1,2024-05-02T15:00:00+00,PIX,COBRANCA,APROVADO,1563.82,1,,
3940,1,2024-06-19T15:00:00+00,PIX,COBRANCA,APROVADO,986.25,1,,
3941,1,2024-07-08T15:00:00+00,PIX,COBRANCA,APROVADO,685.55,1,,
3942,1,2024-08-25T15:00:00+00,PIX,COBRANCA,APROVADO,1108.58,1,,
3943,1,2024-09-14T15:00:00+00,PIX,COBRANCA,APROVADO,1950.02,1,,
3944,1,2024-10-03T15:00:00+00,PIX,COBRANCA,APROVADO,1196.66,1,,
3945,1,2024-11-20T15:00:00+00,PIX,COBRANCA,APROVADO,764.03,1,,
3946,1,2024-11-09T15:00:00+00,PIX,COBRANCA,APROVADO,727.73,1,,
3947,1,2024-12-26T15:00:00+00,PIX,COBRANCA,APROVADO,994.23,1,,
3948,1,2024-01-15T15:00:00+00,PIX,COBRANCA,APROVADO,1338.62,1,,
3949,1,2024-02-04T15:00:00+00,PIX,COBRANCA,APROVADO,413.34,1,,
3950,1,2024-03-21T15:00:00+00,PIX,COBRANCA,APROVADO,785.83,1,,
3951,1,2024-04-10T15:00:00+00,PIX,COBRANCA,APROVADO,1468.76,1,,
3952,1,2024-05-27T15:00:00+00,PIX,COBRANCA,APROVADO,330.85,1,,
3953,1,2024-06-16T15:00:00+00,PIX,COBRANCA,APROVADO,267.02,1,,
3954,1,2024-07-05T15:00:00+00,PIX,COBRANCA,APROVADO,497.99,1,,
3955,1,2024-08-22T15:00:00+00,PIX,COBRANCA,APROVADO,761.84,1,,
3956,1,2024-09-11T15:00:00+00,PIX,COBRANCA,APROVADO,478.81,1,,
3957,1,2024-10-28T15:00:00+00,PIX,COBRANCA,APROVADO,349.22,1,,
3958,1,2024-11-17T15:00:00+00,PIX,COBRANCA,APROVADO,645.95,1,,
3959,1,2024-11-06T15:00:00+00,PIX,COBRANCA,APROVADO,975.56,1,,
3960,1,2024-12-23T15:00:00+00,PIX,COBRANCA,APROVADO,626.77,1,,
3961,1,2024-01-12T15:00:00+00,PIX,COBRANCA,APROVADO,431.42,1,,
3962,1,2024-02-29T15:00:00+00,PIX,COBRANCA,APROVADO,793.91,1,,
3963,1,2024-03-18T15:00:00+00,PIX,COBRANCA,APROVADO,1189.28,1,,
3964,1,2024-04-07T15:00:00+00,PIX,COBRANCA,APROVADO,774.73,1,,
3965,1,2024-05-24T15:00:00+00,PIX,COBRANCA,APROVADO,513.62,1,,
3966,1,2024-06-13T15:00:00+00,PIX,COBRANCA,APROVADO,941.87,1,,
3967,1,2024-07-02T15:00:00+00,PIX,COBRANCA,APROVADO,1403.00,1,,
3968,1,2024-08-19T15:00:00+00,PIX,COBRANCA,APROVADO,922.69,1,,
3969,1,2024-09-08T15:00:00+00,PIX,COBRANCA,APROVADO,595.82,1,,
3970,1,2024-10-25T15:00:00+00,PIX,COBRANCA,APROVADO,1089.83,1,,
3971,1,2024-11-14T15:00:00+00,PIX,COBRANCA,APROVADO,1616.72,1,,
3972,1,2024-11-03T15:00:00+00,PIX,COBRANCA,APROVADO,1070.65,1,,
3973,1,2024-12-20T15:00:00+00,PIX,COBRANCA,APROVADO,678.02,1,,
3974,1,2024-01-09T15:00:00+00,PIX,COBRANCA,APROVADO,1237.79,1,,
3975,1,2024-02-26T15:00:00+00,PIX,COBRANCA,APROVADO,1830.44,1,,
3976,1,2024-03-15T15:00:00+00,PIX,COBRANCA,APROVADO,1218.61,1,,
3977,1,2024-04-04T15:00:00+00,PIX,COBRANCA,APROVADO,760.22,1,,
3978,1,2024-05-21T15:00:00+00,PIX,COBRANCA,APROVADO,1385.75,1,,
3979,1,2024-06-10T15:00:00+00,PIX,COBRANCA,APROVADO,2044.16,1,,
3980,1,2024-07-27T15:00:00+00,PIX,COBRANCA,APROVADO,1366.57,1,,
3981,1,2024-08-16T15:00:00+00,PIX,COBRANCA,APROVADO,763.58,1,,
3982,1,2024-09-05T15:00:00+00,PIX,COBRANCA,APROVADO,1184.76,1,,
3983,1,2024-10-22T15:00:00+00,PIX,COBRANCA,APROVADO,2081.50,1,,
3984,1,2024-11-11T15:00:00+00,PIX,COBRANCA,APROVADO,1157.23,1,,
3985,1,2024-11-28T15:00:00+00,PIX,COBRANCA,APROVADO,374.39,1,,
3986,1,2024-12-17T15:00:00+00,PIX,COBRANCA,APROVADO,813.81,1,,
3987,1,2024-01-06T15:00:00+00,PIX,COBRANCA,APROVADO,1104.39,1,,
3988,1,2024-02-23T15:00:00+00,PIX,COBRANCA,APROVADO,1431.76,1,,
3989,1,2024-03-12T15:00:00+00,PIX,COBRANCA,APROVADO,197.43,1,,
3990,1,2024-04-29T15:00:00+00,PIX,COBRANCA,APROVADO,398.54,1,,
3991,1,2024-05-18T15:00:00+00,PIX,COBRANCA,APROVADO,600.89,1,,
3992,1,2024-06-07T15:00:00+00,PIX,COBRANCA,APROVADO,342.83,1,,
3993,1,2024-07-24T15:00:00+00,PIX,COBRANCA,APROVADO,295.71,1,,
3994,1,2024-08-13T15:00:00+00,PIX,COBRANCA,APROVADO,490.31,1,,
3995,1,2024-09-02T15:00:00+00,PIX,COBRANCA,APROVADO,792.60,1,,
3996,1,2024-10-19T15:00:00+00,PIX,COBRANCA,APROVADO,516.86,1,,
3997,1,2024-11-08T15:00:00+00,PIX,COBRANCA,APROVADO,312.68,1,,
3998,1,2024-11-25T15:00:00+00,PIX,COBRANCA,APROVADO,685.15,1,,
3999,1,2024-12-14T15:00:00+00,PIX,COBRANCA,APROVADO,918.77,1,,
4000,1,2024-01-03T15:00:00+00,PIX,COBRANCA,APROVADO,572.29,1,,
4001,1,2024-02-20T15:00:00+00,PIX,COBRANCA,APROVADO,486.22,1,,
4002,1,2024-03-09T15:00:00+00,PIX,COBRANCA,APROVADO,892.55,1,,
4003,1,2024-04-26T15:00:00+00,PIX,COBRANCA,APROVADO,1331.76,1,,
4004,1,2024-05-15T15:00:00+00,PIX,COBRANCA,APROVADO,873.37,1,,
4005,1,2024-06-04T15:00:00+00,PIX,COBRANCA,APROVADO,568.42,1,,
4006,1,2024-07-21T15:00:00+00,PIX,COBRANCA,APROVADO,1040.51,1,,
4007,1,2024-08-10T15:00:00+00,PIX,COBRANCA,APROVADO,1545.48,1,,
4008,1,2024-09-27T15:00:00+00,PIX,COBRANCA,APROVADO,1021.33,1,,
4009,1,2024-10-16T15:00:00+00,PIX,COBRANCA,APROVADO,650.62,1,,
4010,1,2024-11-05T15:00:00+00,PIX,COBRANCA,APROVADO,1188.47,1,,
4011,1,2024-11-22T15:00:00+00,PIX,COBRANCA,APROVADO,1759.20,1,,
4012,1,2024-12-11T15:00:00+00,PIX,COBRANCA,APROVADO,1169.29,1,,
4013,1,2024-01-28T15:00:00+00,PIX,COBRANCA,APROVADO,732.82,1,,
4014,1,2024-02-17T15:00:00+00,PIX,COBRANCA,APROVADO,1336.43,1,,
4015,1,2024-03-06T15:00:00+00,PIX,COBRANCA,APROVADO,1972.92,1,,
4016,1,2024-04-23T15:00:00+00,PIX,COBRANCA,APROVADO,1317.25,1,,
4017,1,2024-05-12T15:00:00+00,PIX,COBRANCA,APROVADO,815.02,1,,
4018,1,2024-06-29T15:00:00+00,PIX,COBRANCA,APROVADO,1484.39,1,,
4019,1,2024-07-18T15:00:00+00,PIX,COBRANCA,APROVADO,2186.64,1,,
4020,1,2024-08-07T15:00:00+00,PIX,COBRANCA,APROVADO,1465.21,1,,
4021,1,2024-09-24T15:00:00+00,PIX,COBRANCA,APROVADO,436.90,1,,
4022,1,2024-10-13T15:00:00+00,PIX,COBRANCA,APROVADO,865.15,1,,
4023,1,2024-11-02T15:00:00+00,PIX,COBRANCA,APROVADO,1326.28,1,,
4024,1,2024-11-19T15:00:00+00,PIX,COBRANCA,APROVADO,1459.73,1,,
4025,1,2024-12-08T15:00:00+00,PIX,COBRANCA,APROVADO,519.10,1,,
4026,1,2024-01-25T15:00:00+00,PIX,COBRANCA,APROVADO,1013.11,1,,
4027,1,2024-02-14T15:00:00+00,PIX,COBRANCA,APROVADO,619.36,1,,
4028,1,2024-03-03T15:00:00+00,PIX,COBRANCA,APROVADO,380.17,1,,
4029,1,2024-04-20T15:00:00+00,PIX,COBRANCA,APROVADO,294.42,1,,
4030,1,2024-05-09T15:00:00+00,PIX,COBRANCA,APROVADO,547.31,1,,
4031,1,2024-06-26T15:00:00+00,PIX,COBRANCA,APROVADO,755.59,1,,
4032,1,2024-07-15T15:00:00+00,PIX,COBRANCA,APROVADO,421.21,1,,
4033,1,2024-08-04T15:00:00+00,PIX,COBRANCA,APROVADO,346.16,1,,
4034,1,2024-09-21T15:00:00+00,PIX,COBRANCA,APROVADO,571.40,1,,
4035,1,2024-10-10T15:00:00+00,PIX,COBRANCA,APROVADO,914.79,1,,
4036,1,2024-11-27T15:00:00+00,PIX,COBRANCA,APROVADO,605.06,1,,
4037,1,2024-11-16T15:00:00+00,PIX,COBRANCA,APROVADO,354.88,1,,
4038,1,2024-12-05T15:00:00+00,PIX,COBRANCA,APROVADO,776.09,1,,
4039,1,2024-01-22T15:00:00+00,PIX,COBRANCA,APROVADO,1036.08,1,,
4040,1,2024-02-11T15:00:00+00,PIX,COBRANCA,APROVADO,643.47,1,,
4041,1,2024-03-28T15:00:00+00,PIX,COBRANCA,APROVADO,470.98,1,,
4042,1,2024-04-17T15:00:00+00,PIX,COBRANCA,APROVADO,765.79,1,,
4043,1,2024-05-06T15:00:00+00,PIX,COBRANCA,APROVADO,1358.13,1,,
4044,1,2024-06-23T15:00:00+00,PIX,COBRANCA,APROVADO,821.84,1,,
4045,1,2024-07-12T15:00:00+00,PIX,COBRANCA,APROVADO,549.50,1,,
4046,1,2024-08-29T15:00:00+00,PIX,COBRANCA,APROVADO,992.67,1,,
4047,1,2024-09-18T15:00:00+00,PIX,COBRANCA,APROVADO,1304.10,1,,
4048,1,2024-10-07T15:00:00+00,PIX,COBRANCA,APROVADO,1057.44,1,,
4049,1,2024-11-24T15:00:00+00,PIX,COBRANCA,APROVADO,579.40,1,,
4050,1,2024-11-13T15:00:00+00,PIX,COBRANCA,APROVADO,1158.47,1,,
4051,1,2024-12-02T15:00:00+00,PIX,COBRANCA,APROVADO,1901.68,1,,
4052,1,2024-01-19T15:00:00+00,PIX,COBRANCA,APROVADO,1267.93,1,,
4053,1,2024-02-08T15:00:00+00,PIX,COBRANCA,APROVADO,787.62,1,,
4054,1,2024-03-25T15:00:00+00,PIX,COBRANCA,APROVADO,1435.07,1,,
4055,1,2024-04-14T15:00:00+00,PIX,COBRANCA,APROVADO,2115.40,1,,
4056,1,2024-05-03T15:00:00+00,PIX,COBRANCA,APROVADO,1415.89,1,,
4057,1,2024-06-20T15:00:00+00,PIX,COBRANCA,APROVADO,869.82,1,,
4058,1,2024-07-09T15:00:00+00,PIX,COBRANCA,APROVADO,815.83,1,,
4059,1,2024-08-26T15:00:00+00,PIX,COBRANCA,APROVADO,1255.04,1,,
4060,1,2024-09-15T15:00:00+00,PIX,COBRANCA,APROVADO,1410.41,1,,
4061,1,2024-10-04T15:00:00+00,PIX,COBRANCA,APROVADO,491.70,1,,
4062,1,2024-11-21T15:00:00+00,PIX,COBRANCA,APROVADO,963.79,1,,
4063,1,2024-11-10T15:00:00+00,PIX,COBRANCA,APROVADO,1468.76,1,,
4064,1,2024-12-27T15:00:00+00,PIX,COBRANCA,APROVADO,330.85,1,,
4065,1,2024-01-16T15:00:00+00,PIX,COBRANCA,APROVADO,267.02,1,,
4066,1,2024-02-05T15:00:00+00,PIX,COBRANCA,APROVADO,497.99,1,,
4067,1,2024-03-22T15:00:00+00,PIX,COBRANCA,APROVADO,761.84,1,,
4068,1,2024-04-11T15:00:00+00,PIX,COBRANCA,APROVADO,478.81,1,,
4069,1,2024-05-28T15:00:00+00,PIX,COBRANCA,APROVADO,349.22,1,,
4070,1,2024-06-17T15:00:00+00,PIX,COBRANCA,APROVADO,645.95,1,,
4071,1,2024-07-06T15:00:00+00,PIX,COBRANCA,APROVADO,975.56,1,,
4072,1,2024-08-23T15:00:00+00,PIX,COBRANCA,APROVADO,626.77,1,,
4073,1,2024-09-12T15:00:00+00,PIX,COBRANCA,APROVADO,431.42,1,,
4074,1,2024-10-29T15:00:00+00,PIX,COBRANCA,APROVADO,793.91,1,,
4075,1,2024-11-18T15:00:00+00,PIX,COBRANCA,APROVADO,1189.28,1,,
4076,1,2024-11-07T15:00:00+00,PIX,COBRANCA,APROVADO,774.73,1,,
4077,1,2024-12-24T15:00:00+00,PIX,COBRANCA,APROVADO,513.62,1,,
4078,1,2024-01-13T15:00:00+00,PIX,COBRANCA,APROVADO,941.87,1,,
4079,1,2024-02-02T15:00:00+00,PIX,COBRANCA,APROVADO,1403.00,1,,
4080,1,2024-03-19T15:00:00+00,PIX,COBRANCA,APROVADO,922.69,1,,
4081,1,2024-04-08T15:00:00+00,PIX,COBRANCA,APROVADO,539.18,1,,
4082,1,2024-05-25T15:00:00+00,PIX,COBRANCA,APROVADO,841.97,1,,
4083,1,2024-06-14T15:00:00+00,PIX,COBRANCA,APROVADO,1489.61,1,,
4084,1,2024-07-03T15:00:00+00,PIX,COBRANCA,APROVADO,905.09,1,,
4085,1,2024-08-20T15:00:00+00,PIX,COBRANCA,APROVADO,597.17,1,,
4086,1,2024-09-09T15:00:00+00,PIX,COBRANCA,APROVADO,1078.75,1,,
4087,1,2024-10-26T15:00:00+00,PIX,COBRANCA,APROVADO,1414.26,1,,
4088,1,2024-11-15T15:00:00+00,PIX,COBRANCA,APROVADO,1150.67,1,,
4089,1,2024-11-04T15:00:00+00,PIX,COBRANCA,APROVADO,624.33,1,,
4090,1,2024-12-21T15:00:00+00,PIX,COBRANCA,APROVADO,1205.45,1,,
4091,1,2024-01-10T15:00:00+00,PIX,COBRANCA,APROVADO,1782.59,1,,
4092,1,2024-02-27T15:00:00+00,PIX,COBRANCA,APROVADO,1087.32,1,,
4093,1,2024-03-16T15:00:00+00,PIX,COBRANCA,APROVADO,774.68,1,,
4094,1,2024-04-05T15:00:00+00,PIX,COBRANCA,APROVADO,1260.81,1,,
4095,1,2024-05-22T15:00:00+00,PIX,COBRANCA,APROVADO,1953.51,1,,
4096,1,2024-06-11T15:00:00+00,PIX,COBRANCA,APROVADO,1224.62,1,,
4097,1,2024-07-28T15:00:00+00,PIX,COBRANCA,APROVADO,368.31,1,,
4098,1,2024-08-17T15:00:00+00,PIX,COBRANCA,APROVADO,858.84,1,,
4099,1,2024-09-06T15:00:00+00,PIX,COBRANCA,APROVADO,1173.68,1,,
4100,1,2024-10-23T15:00:00+00,PIX,COBRANCA,APROVADO,1147.69,1,,
4101,1,2024-11-12T15:00:00+00,PIX,COBRANCA,APROVADO,239.62,1,,
4102,1,2024-11-29T15:00:00+00,PIX,COBRANCA,APROVADO,448.67,1,,
4103,1,2024-12-18T15:00:00+00,PIX,COBRANCA,APROVADO,690.60,1,,
4104,1,2024-01-07T15:00:00+00,PIX,COBRANCA,APROVADO,429.49,1,,
4105,1,2024-02-24T15:00:00+00,PIX,COBRANCA,APROVADO,321.82,1,,
4106,1,2024-03-13T15:00:00+00,PIX,COBRANCA,APROVADO,596.63,1,,
4107,1,2024-04-02T15:00:00+00,PIX,COBRANCA,APROVADO,904.32,1,,
4108,1,2024-05-19T15:00:00+00,PIX,COBRANCA,APROVADO,577.45,1,,
4109,1,2024-06-08T15:00:00+00,PIX,COBRANCA,APROVADO,404.02,1,,
4110,1,2024-07-25T15:00:00+00,PIX,COBRANCA,APROVADO,744.59,1,,
4111,1,2024-08-14T15:00:00+00,PIX,COBRANCA,APROVADO,1118.04,1,,
4112,1,2024-09-03T15:00:00+00,PIX,COBRANCA,APROVADO,725.41,1,,
4113,1,2024-10-20T15:00:00+00,PIX,COBRANCA,APROVADO,486.22,1,,
4114,1,2024-11-09T15:00:00+00,PIX,COBRANCA,APROVADO,892.55,1,,
4115,1,2024-11-26T15:00:00+00,PIX,COBRANCA,APROVADO,1331.76,1,,
4116,1,2024-12-15T15:00:00+00,PIX,COBRANCA,APROVADO,873.37,1,,
4117,1,2024-01-04T15:00:00+00,PIX,COBRANCA,APROVADO,568.42,1,,
4118,1,2024-02-21T15:00:00+00,PIX,COBRANCA,APROVADO,1040.51,1,,
4119,1,2024-03-10T15:00:00+00,PIX,COBRANCA,APROVADO,1545.48,1,,
4120,1,2024-04-27T15:00:00+00,PIX,COBRANCA,APROVADO,1021.33,1,,
4121,1,2024-05-16T15:00:00+00,PIX,COBRANCA,APROVADO,650.62,1,,
4122,1,2024-06-05T15:00:00+00,PIX,COBRANCA,APROVADO,1188.47,1,,
4123,1,2024-07-22T15:00:00+00,PIX,COBRANCA,APROVADO,1759.20,1,,
4124,1,2024-08-11T15:00:00+00,PIX,COBRANCA,APROVADO,1169.29,1,,
4125,1,2024-09-28T15:00:00+00,PIX,COBRANCA,APROVADO,732.82,1,,
4126,1,2024-10-17T15:00:00+00,PIX,COBRANCA,APROVADO,1336.43,1,,
4127,1,2024-11-06T15:00:00+00,PIX,COBRANCA,APROVADO,1972.92,1,,
4128,1,2024-11-23T15:00:00+00,PIX,COBRANCA,APROVADO,1317.25,1,,
4129,1,2024-12-12T15:00:00+00,PIX,COBRANCA,APROVADO,815.02,1,,
4130,1,2024-01-29T15:00:00+00,PIX,COBRANCA,APROVADO,1484.39,1,,
4131,1,2024-02-18T15:00:00+00,PIX,COBRANCA,APROVADO,1999.81,1,,
4132,1,2024-03-07T15:00:00+00,PIX,COBRANCA,APROVADO,1165.70,1,,
4133,1,2024-04-24T15:00:00+00,PIX,COBRANCA,APROVADO,410.81,1,,
4134,1,2024-05-13T15:00:00+00,PIX,COBRANCA,APROVADO,728.10,1,,
4135,1,2024-06-02T15:00:00+00,PIX,COBRANCA,APROVADO,1055.38,1,,
4136,1,2024-07-19T15:00:00+00,PIX,COBRANCA,APROVADO,1312.81,1,,
4137,1,2024-08-08T15:00:00+00,PIX,COBRANCA,APROVADO,410.51,1,,
4138,1,2024-09-25T15:00:00+00,PIX,COBRANCA,APROVADO,949.83,1,,
4139,1,2024-10-14T15:00:00+00,PIX,COBRANCA,APROVADO,508.34,1,,
4140,1,2024-11-03T15:00:00+00,PIX,COBRANCA,APROVADO,300.70,1,,
4141,1,2024-11-20T15:00:00+00,PIX,COBRANCA,APROVADO,256.44,1,,
4142,1,2024-12-09T15:00:00+00,PIX,COBRANCA,APROVADO,423.04,1,,
4143,1,2024-01-26T15:00:00+00,PIX,COBRANCA,APROVADO,766.30,1,,
4144,1,2024-02-15T15:00:00+00,PIX,COBRANCA,APROVADO,447.02,1,,
4145,1,2024-03-04T15:00:00+00,PIX,COBRANCA,APROVADO,334.94,1,,
4146,1,2024-04-21T15:00:00+00,PIX,COBRANCA,APROVADO,605.55,1,,
4147,1,2024-05-10T15:00:00+00,PIX,COBRANCA,APROVADO,808.47,1,,
4148,1,2024-06-27T15:00:00+00,PIX,COBRANCA,APROVADO,638.26,1,,
4149,1,2024-07-16T15:00:00+00,PIX,COBRANCA,APROVADO,377.16,1,,
4150,1,2024-08-05T15:00:00+00,PIX,COBRANCA,APROVADO,763.91,1,,
4151,1,2024-09-22T15:00:00+00,PIX,COBRANCA,APROVADO,1260.52,1,,
4152,1,2024-10-11T15:00:00+00,PIX,COBRANCA,APROVADO,824.05,1,,
4153,1,2024-11-28T15:00:00+00,PIX,COBRANCA,APROVADO,541.02,1,,
4154,1,2024-11-17T15:00:00+00,PIX,COBRANCA,APROVADO,991.19,1,,
4155,1,2024-12-06T15:00:00+00,PIX,COBRANCA,APROVADO,1474.24,1,,
4156,1,2024-01-23T15:00:00+00,PIX,COBRANCA,APROVADO,972.01,1,,
4157,1,2024-02-12T15:00:00+00,PIX,COBRANCA,APROVADO,623.22,1,,
4158,1,2024-03-29T15:00:00+00,PIX,COBRANCA,APROVADO,1139.15,1,,
4159,1,2024-04-18T15:00:00+00,PIX,COBRANCA,APROVADO,1687.96,1,,
4160,1,2024-05-07T15:00:00+00,PIX,COBRANCA,APROVADO,1119.97,1,,
4161,1,2024-06-24T15:00:00+00,PIX,COBRANCA,APROVADO,705.42,1,,
4162,1,2024-07-13T15:00:00+00,PIX,COBRANCA,APROVADO,1287.11,1,,
4163,1,2024-08-02T15:00:00+00,PIX,COBRANCA,APROVADO,1901.68,1,,
4164,1,2024-09-19T15:00:00+00,PIX,COBRANCA,APROVADO,1267.93,1,,
4165,1,2024-10-08T15:00:00+00,PIX,COBRANCA,APROVADO,787.62,1,,
4166,1,2024-11-25T15:00:00+00,PIX,COBRANCA,APROVADO,1435.07,1,,
4167,1,2024-11-14T15:00:00+00,PIX,COBRANCA,APROVADO,2115.40,1,,
4168,1,2024-12-03T15:00:00+00,PIX,COBRANCA,APROVADO,1415.89,1,,
4169,1,2024-01-20T15:00:00+00,PIX,COBRANCA,APROVADO,869.82,1,,
4170,1,2024-02-09T15:00:00+00,PIX,COBRANCA,APROVADO,815.83,1,,
4171,1,2024-03-26T15:00:00+00,PIX,COBRANCA,APROVADO,1255.04,1,,
4172,1,2024-04-15T15:00:00+00,PIX,COBRANCA,APROVADO,1410.41,1,,
4173,1,2024-05-04T15:00:00+00,PIX,COBRANCA,APROVADO,491.70,1,,
4174,1,2024-06-21T15:00:00+00,PIX,COBRANCA,APROVADO,963.79,1,,
4175,1,2024-07-10T15:00:00+00,PIX,COBRANCA,APROVADO,1468.76,1,,
4176,1,2024-08-27T15:00:00+00,PIX,COBRANCA,APROVADO,330.85,1,,
4177,1,2024-09-16T15:00:00+00,PIX,COBRANCA,APROVADO,267.02,1,,
4178,1,2024-10-05T15:00:00+00,PIX,COBRANCA,APROVADO,497.99,1,,
4179,1,2024-11-22T15:00:00+00,PIX,COBRANCA,APROVADO,761.84,1,,
4180,1,2024-11-11T15:00:00+00,PIX,COBRANCA,APROVADO,478.81,1,,
4181,1,2024-12-28T15:00:00+00,PIX,COBRANCA,APROVADO,314.78,1,,
4182,1,2024-01-17T15:00:00+00,PIX,COBRANCA,APROVADO,499.18,1,,
4183,1,2024-02-06T15:00:00+00,PIX,COBRANCA,APROVADO,897.78,1,,
4184,1,2024-03-23T15:00:00+00,PIX,COBRANCA,APROVADO,530.27,1,,
4185,1,2024-04-12T15:00:00+00,PIX,COBRANCA,APROVADO,382.61,1,,
4186,1,2024-05-29T15:00:00+00,PIX,COBRANCA,APROVADO,691.59,1,,
4187,1,2024-06-18T15:00:00+00,PIX,COBRANCA,APROVADO,918.57,1,,
4188,1,2024-07-07T15:00:00+00,PIX,COBRANCA,APROVADO,731.40,1,,
4189,1,2024-08-24T15:00:00+00,PIX,COBRANCA,APROVADO,422.11,1,,
4190,1,2024-09-13T15:00:00+00,PIX,COBRANCA,APROVADO,823.24,1,,
4191,1,2024-10-02T15:00:00+00,PIX,COBRANCA,APROVADO,1222.87,1,,
4192,1,2024-11-19T15:00:00+00,PIX,COBRANCA,APROVADO,734.65,1,,
4193,1,2024-11-08T15:00:00+00,PIX,COBRANCA,APROVADO,547.79,1,,
4194,1,2024-12-25T15:00:00+00,PIX,COBRANCA,APROVADO,895.83,1,,
4195,1,2024-01-14T15:00:00+00,PIX,COBRANCA,APROVADO,1403.62,1,,
4196,1,2024-02-03T15:00:00+00,PIX,COBRANCA,APROVADO,958.00,1,,
4197,1,2024-03-20T15:00:00+00,PIX,COBRANCA,APROVADO,523.66,1,,
4198,1,2024-04-09T15:00:00+00,PIX,COBRANCA,APROVADO,1139.99,1,,
4199,1,2024-05-26T15:00:00+00,PIX,COBRANCA,APROVADO,1505.13,1,,
4200,1,2024-06-15T15:00:00+00,PIX,COBRANCA,APROVADO,955.89,1,,
4201,1,2024-07-04T15:00:00+00,PIX,COBRANCA,APROVADO,760.22,1,,
4202,1,2024-08-21T15:00:00+00,PIX,COBRANCA,APROVADO,1385.75,1,,
4203,1,2024-09-10T15:00:00+00,PIX,COBRANCA,APROVADO,2044.16,1,,
4204,1,2024-10-27T15:00:00+00,PIX,COBRANCA,APROVADO,1366.57,1,,
4205,1,2024-11-16T15:00:00+00,PIX,COBRANCA,APROVADO,842.42,1,,
4206,1,2024-11-05T15:00:00+00,PIX,COBRANCA,APROVADO,1533.71,1,,
4207,1,2024-12-22T15:00:00+00,PIX,COBRANCA,APROVADO,2257.88,1,,
4208,1,2024-01-11T15:00:00+00,PIX,COBRANCA,APROVADO,1361.09,1,,
4209,1,2024-02-28T15:00:00+00,PIX,COBRANCA,APROVADO,464.30,1,,
4210,1,2024-03-17T15:00:00+00,PIX,COBRANCA,APROVADO,914.47,1,,
4211,1,2024-04-06T15:00:00+00,PIX,COBRANCA,APROVADO,1397.52,1,,
4212,1,2024-05-23T15:00:00+00,PIX,COBRANCA,APROVADO,1509.05,1,,
4213,1,2024-06-12T15:00:00+00,PIX,COBRANCA,APROVADO,239.62,1,,
4214,1,2024-07-29T15:00:00+00,PIX,COBRANCA,APROVADO,448.67,1,,
4215,1,2024-08-18T15:00:00+00,PIX,COBRANCA,APROVADO,690.60,1,,
4216,1,2024-09-07T15:00:00+00,PIX,COBRANCA,APROVADO,429.49,1,,
4217,1,2024-10-24T15:00:00+00,PIX,COBRANCA,APROVADO,321.82,1,,
4218,1,2024-11-13T15:00:00+00,PIX,COBRANCA,APROVADO,596.63,1,,
4219,1,2024-11-02T15:00:00+00,PIX,COBRANCA,APROVADO,904.32,1,,
4220,1,2024-12-19T15:00:00+00,PIX,COBRANCA,APROVADO,577.45,1,,
4221,1,2024-01-08T15:00:00+00,PIX,COBRANCA,APROVADO,404.02,1,,
4222,1,2024-02-25T15:00:00+00,PIX,COBRANCA,APROVADO,744.59,1,,
4223,1,2024-03-14T15:00:00+00,PIX,COBRANCA,APROVADO,1118.04,1,,
4224,1,2024-04-03T15:00:00+00,PIX,COBRANCA,APROVADO,725.41,1,,
4225,1,2024-05-20T15:00:00+00,PIX,COBRANCA,APROVADO,486.22,1,,
4226,1,2024-06-09T15:00:00+00,PIX,COBRANCA,APROVADO,892.55,1,,
4227,1,2024-07-26T15:00:00+00,PIX,COBRANCA,APROVADO,1331.76,1,,
4228,1,2024-08-15T15:00:00+00,PIX,COBRANCA,APROVADO,873.37,1,,
4229,1,2024-09-04T15:00:00+00,PIX,COBRANCA,APROVADO,568.42,1,,
4230,1,2024-10-21T15:00:00+00,PIX,COBRANCA,APROVADO,1040.51,1,,
4231,1,2024-11-10T15:00:00+00,PIX,COBRANCA,APROVADO,1410.45,1,,
4232,1,2024-11-27T15:00:00+00,PIX,COBRANCA,APROVADO,813.03,1,,
4233,1,2024-12-16T15:00:00+00,PIX,COBRANCA,APROVADO,598.24,1,,
4234,1,2024-01-05T15:00:00+00,PIX,COBRANCA,APROVADO,976.92,1,,
4235,1,2024-02-22T15:00:00+00,PIX,COBRANCA,APROVADO,1525.81,1,,
4236,1,2024-03-11T15:00:00+00,PIX,COBRANCA,APROVADO,1046.20,1,,
4237,1,2024-04-28T15:00:00+00,PIX,COBRANCA,APROVADO,565.86,1,,
4238,1,2024-05-17T15:00:00+00,PIX,COBRANCA,APROVADO,1230.93,1,,
4239,1,2024-06-06T15:00:00+00,PIX,COBRANCA,APROVADO,1622.44,1,,
4240,1,2024-07-23T15:00:00+00,PIX,COBRANCA,APROVADO,1024.33,1,,
4241,1,2024-08-12T15:00:00+00,PIX,COBRANCA,APROVADO,709.36,1,,
4242,1,2024-09-29T15:00:00+00,PIX,COBRANCA,APROVADO,1146.65,1,,
4243,1,2024-10-18T15:00:00+00,PIX,COBRANCA,APROVADO,2015.73,1,,
4244,1,2024-11-07T15:00:00+00,PIX,COBRANCA,APROVADO,1238.32,1,,
4245,1,2024-11-24T15:00:00+00,PIX,COBRANCA,APROVADO,350.57,1,,
4246,1,2024-12-13T15:00:00+00,PIX,COBRANCA,APROVADO,770.75,1,,
4247,1,2024-01-02T15:00:00+00,PIX,COBRANCA,APROVADO,1049.28,1,,
4248,1,2024-02-19T15:00:00+00,PIX,COBRANCA,APROVADO,1385.15,1,,
4249,1,2024-03-08T15:00:00+00,PIX,COBRANCA,APROVADO,435.83,1,,
4250,1,2024-04-25T15:00:00+00,PIX,COBRANCA,APROVADO,829.67,1,,
4251,1,2024-05-14T15:00:00+00,PIX,COBRANCA,APROVADO,619.36,1,,
4252,1,2024-06-03T15:00:00+00,PIX,COBRANCA,APROVADO,380.17,1,,
4253,1,2024-07-20T15:00:00+00,PIX,COBRANCA,APROVADO,294.42,1,,
4254,1,2024-08-09T15:00:00+00,PIX,COBRANCA,APROVADO,547.31,1,,
4255,1,2024-09-26T15:00:00+00,PIX,COBRANCA,APROVADO,833.08,1,,
4256,1,2024-10-15T15:00:00+00,PIX,COBRANCA,APROVADO,528.13,1,,
4257,1,2024-11-04T15:00:00+00,PIX,COBRANCA,APROVADO,376.62,1,,
4258,1,2024-11-21T15:00:00+00,PIX,COBRANCA,APROVADO,695.27,1,,
4259,1,2024-12-10T15:00:00+00,PIX,COBRANCA,APROVADO,1046.80,1,,
4260,1,2024-01-27T15:00:00+00,PIX,COBRANCA,APROVADO,676.09,1,,
4261,1,2024-02-16T15:00:00+00,PIX,COBRANCA,APROVADO,458.82,1,,
4262,1,2024-03-05T15:00:00+00,PIX,COBRANCA,APROVADO,843.23,1,,
4263,1,2024-04-22T15:00:00+00,PIX,COBRANCA,APROVADO,1260.52,1,,
4264,1,2024-05-11T15:00:00+00,PIX,COBRANCA,APROVADO,824.05,1,,
4265,1,2024-06-28T15:00:00+00,PIX,COBRANCA,APROVADO,541.02,1,,
4266,1,2024-07-17T15:00:00+00,PIX,COBRANCA,APROVADO,991.19,1,,
4267,1,2024-08-06T15:00:00+00,PIX,COBRANCA,APROVADO,1474.24,1,,
4268,1,2024-09-23T15:00:00+00,PIX,COBRANCA,APROVADO,972.01,1,,
4269,1,2024-10-12T15:00:00+00,PIX,COBRANCA,APROVADO,623.22,1,,
4270,1,2024-11-29T15:00:00+00,PIX,COBRANCA,APROVADO,1139.15,1,,
4271,1,2024-11-18T15:00:00+00,PIX,COBRANCA,APROVADO,1687.96,1,,
4272,1,2024-12-07T15:00:00+00,PIX,COBRANCA,APROVADO,1119.97,1,,
4273,1,2024-01-24T15:00:00+00,PIX,COBRANCA,APROVADO,705.42,1,,
4274,1,2024-02-13T15:00:00+00,PIX,COBRANCA,APROVADO,1287.11,1,,
4275,1,2024-03-02T15:00:00+00,PIX,COBRANCA,APROVADO,1901.68,1,,
4276,1,2024-04-19T15:00:00+00,PIX,COBRANCA,APROVADO,1267.93,1,,
4277,1,2024-05-08T15:00:00+00,PIX,COBRANCA,APROVADO,787.62,1,,
4278,1,2024-06-25T15:00:00+00,PIX,COBRANCA,APROVADO,1435.07,1,,
4279,1,2024-07-14T15:00:00+00,PIX,COBRANCA,APROVADO,2115.40,1,,
4280,1,2024-08-03T15:00:00+00,PIX,COBRANCA,APROVADO,1415.89,1,,
4281,1,2024-09-20T15:00:00+00,PIX,COBRANCA,APROVADO,788.52,1,,
4282,1,2024-10-09T15:00:00+00,PIX,COBRANCA,APROVADO,647.43,1,,
4283,1,2024-11-26T15:00:00+00,PIX,COBRANCA,APROVADO,1180.58,1,,
4284,1,2024-11-15T15:00:00+00,PIX,COBRANCA,APROVADO,1198.82,1,,
4285,1,2024-12-04T15:00:00+00,PIX,COBRANCA,APROVADO,398.24,1,,
4286,1,2024-01-21T15:00:00+00,PIX,COBRANCA,APROVADO,856.78,1,,
4287,1,2024-02-10T15:00:00+00,PIX,COBRANCA,APROVADO,1159.44,1,,
4288,1,2024-03-27T15:00:00+00,PIX,COBRANCA,APROVADO,312.21,1,,
4289,1,2024-04-16T15:00:00+00,PIX,COBRANCA,APROVADO,219.92,1,,
4290,1,2024-05-05T15:00:00+00,PIX,COBRANCA,APROVADO,440.98,1,,
4291,1,2024-06-22T15:00:00+00,PIX,COBRANCA,APROVADO,663.09,1,,
4292,1,2024-07-11T15:00:00+00,PIX,COBRANCA,APROVADO,382.06,1,,
4293,1,2024-08-28T15:00:00+00,PIX,COBRANCA,APROVADO,320.95,1,,
4294,1,2024-09-17T15:00:00+00,PIX,COBRANCA,APROVADO,530.86,1,,
4295,1,2024-10-06T15:00:00+00,PIX,COBRANCA,APROVADO,853.66,1,,
4296,1,2024-11-23T15:00:00+00,PIX,COBRANCA,APROVADO,560.96,1,,
4297,1,2024-11-12T15:00:00+00,PIX,COBRANCA,APROVADO,333.79,1,,
4298,1,2024-12-29T15:00:00+00,PIX,COBRANCA,APROVADO,730.60,1,,
4299,1,2024-01-18T15:00:00+00,PIX,COBRANCA,APROVADO,977.46,1,,
4300,1,2024-02-07T15:00:00+00,PIX,COBRANCA,APROVADO,610.65,1,,
4301,1,2024-03-24T15:00:00+00,PIX,COBRANCA,APROVADO,513.62,1,,
4302,1,2024-04-13T15:00:00+00,PIX,COBRANCA,APROVADO,941.87,1,,
4303,1,2024-05-02T15:00:00+00,PIX,COBRANCA,APROVADO,1403.00,1,,
4304,1,2024-06-19T15:00:00+00,PIX,COBRANCA,APROVADO,922.69,1,,
4305,1,2024-07-08T15:00:00+00,PIX,COBRANCA,APROVADO,595.82,1,,
4306,1,2024-08-25T15:00:00+00,PIX,COBRANCA,APROVADO,1089.83,1,,
4307,1,2024-09-14T15:00:00+00,PIX,COBRANCA,APROVADO,1616.72,1,,
4308,1,2024-10-03T15:00:00+00,PIX,COBRANCA,APROVADO,1070.65,1,,
4309,1,2024-11-20T15:00:00+00,PIX,COBRANCA,APROVADO,678.02,1,,
4310,1,2024-11-09T15:00:00+00,PIX,COBRANCA,APROVADO,1237.79,1,,
4311,1,2024-12-26T15:00:00+00,PIX,COBRANCA,APROVADO,1830.44,1,,
4312,1,2024-01-15T15:00:00+00,PIX,COBRANCA,APROVADO,1218.61,1,,
4313,1,2024-02-04T15:00:00+00,PIX,COBRANCA,APROVADO,760.22,1,,
4314,1,2024-03-21T15:00:00+00,PIX,COBRANCA,APROVADO,1385.75,1,,
4315,1,2024-04-10T15:00:00+00,PIX,COBRANCA,APROVADO,2044.16,1,,
4316,1,2024-05-27T15:00:00+00,PIX,COBRANCA,APROVADO,1366.57,1,,
4317,1,2024-06-16T15:00:00+00,PIX,COBRANCA,APROVADO,842.42,1,,
4318,1,2024-07-05T15:00:00+00,PIX,COBRANCA,APROVADO,1533.71,1,,
4319,1,2024-08-22T15:00:00+00,PIX,COBRANCA,APROVADO,2257.88,1,,
4320,1,2024-09-11T15:00:00+00,PIX,COBRANCA,APROVADO,1361.09,1,,
4321,1,2024-10-28T15:00:00+00,PIX,COBRANCA,APROVADO,464.30,1,,
4322,1,2024-11-17T15:00:00+00,PIX,COBRANCA,APROVADO,914.47,1,,
4323,1,2024-11-06T15:00:00+00,PIX,COBRANCA,APROVADO,1397.52,1,,
4324,1,2024-12-23T15:00:00+00,PIX,COBRANCA,APROVADO,1509.05,1,,
4325,1,2024-01-12T15:00:00+00,PIX,COBRANCA,APROVADO,239.62,1,,
4326,1,2024-02-29T15:00:00+00,PIX,COBRANCA,APROVADO,448.67,1,,
4327,1,2024-03-18T15:00:00+00,PIX,COBRANCA,APROVADO,690.60,1,,
4328,1,2024-04-07T15:00:00+00,PIX,COBRANCA,APROVADO,429.49,1,,
4329,1,2024-05-24T15:00:00+00,PIX,COBRANCA,APROVADO,321.82,1,,
4330,1,2024-06-13T15:00:00+00,PIX,COBRANCA,APROVADO,596.63,1,,
4331,1,2024-07-02T15:00:00+00,PIX,COBRANCA,APROVADO,821.09,1,,
4332,1,2024-08-19T15:00:00+00,PIX,COBRANCA,APROVADO,460.44,1,,
4333,1,2024-09-08T15:00:00+00,PIX,COBRANCA,APROVADO,371.35,1,,
4334,1,2024-10-25T15:00:00+00,PIX,COBRANCA,APROVADO,611.94,1,,
4335,1,2024-11-14T15:00:00+00,PIX,COBRANCA,APROVADO,975.92,1,,
4336,1,2024-11-03T15:00:00+00,PIX,COBRANCA,APROVADO,649.23,1,,
4337,1,2024-12-20T15:00:00+00,PIX,COBRANCA,APROVADO,375.99,1,,
4338,1,2024-01-09T15:00:00+00,PIX,COBRANCA,APROVADO,821.59,1,,
4339,1,2024-02-26T15:00:00+00,PIX,COBRANCA,APROVADO,1094.70,1,,
4340,1,2024-03-15T15:00:00+00,PIX,COBRANCA,APROVADO,681.56,1,,
4341,1,2024-04-04T15:00:00+00,PIX,COBRANCA,APROVADO,494.82,1,,
4342,1,2024-05-21T15:00:00+00,PIX,COBRANCA,APROVADO,803.90,1,,
4343,1,2024-06-10T15:00:00+00,PIX,COBRANCA,APROVADO,1423.90,1,,
4344,1,2024-07-27T15:00:00+00,PIX,COBRANCA,APROVADO,863.50,1,,
4345,1,2024-08-16T15:00:00+00,PIX,COBRANCA,APROVADO,573.32,1,,
4346,1,2024-09-05T15:00:00+00,PIX,COBRANCA,APROVADO,1035.73,1,,
4347,1,2024-10-22T15:00:00+00,PIX,COBRANCA,APROVADO,1359.21,1,,
4348,1,2024-11-11T15:00:00+00,PIX,COBRANCA,APROVADO,1104.06,1,,
4349,1,2024-11-28T15:00:00+00,PIX,COBRANCA,APROVADO,601.84,1,,
4350,1,2024-12-17T15:00:00+00,PIX,COBRANCA,APROVADO,1202.31,1,,
4351,1,2024-01-06T15:00:00+00,PIX,COBRANCA,APROVADO,1972.92,1,,
4352,1,2024-02-23T15:00:00+00,PIX,COBRANCA,APROVADO,1317.25,1,,
4353,1,2024-03-12T15:00:00+00,PIX,COBRANCA,APROVADO,815.02,1,,
4354,1,2024-04-29T15:00:00+00,PIX,COBRANCA,APROVADO,1484.39,1,,
4355,1,2024-05-18T15:00:00+00,PIX,COBRANCA,APROVADO,2186.64,1,,
4356,1,2024-06-07T15:00:00+00,PIX,COBRANCA,APROVADO,1465.21,1,,
4357,1,2024-07-24T15:00:00+00,PIX,COBRANCA,APROVADO,436.90,1,,
4358,1,2024-08-13T15:00:00+00,PIX,COBRANCA,APROVADO,865.15,1,,
4359,1,2024-09-02T15:00:00+00,PIX,COBRANCA,APROVADO,1326.28,1,,
4360,1,2024-10-19T15:00:00+00,PIX,COBRANCA,APROVADO,1459.73,1,,
4361,1,2024-11-08T15:00:00+00,PIX,COBRANCA,APROVADO,519.10,1,,
4362,1,2024-11-25T15:00:00+00,PIX,COBRANCA,APROVADO,1013.11,1,,
4363,1,2024-12-14T15:00:00+00,PIX,COBRANCA,APROVADO,619.36,1,,
4364,1,2024-01-03T15:00:00+00,PIX,COBRANCA,APROVADO,380.17,1,,
4365,1,2024-02-20T15:00:00+00,PIX,COBRANCA,APROVADO,294.42,1,,
4366,1,2024-03-09T15:00:00+00,PIX,COBRANCA,APROVADO,547.31,1,,
4367,1,2024-04-26T15:00:00+00,PIX,COBRANCA,APROVADO,833.08,1,,
4368,1,2024-05-15T15:00:00+00,PIX,COBRANCA,APROVADO,528.13,1,,
4369,1,2024-06-04T15:00:00+00,PIX,COBRANCA,APROVADO,376.62,1,,
4370,1,2024-07-21T15:00:00+00,PIX,COBRANCA,APROVADO,695.27,1,,
4371,1,2024-08-10T15:00:00+00,PIX,COBRANCA,APROVADO,1046.80,1,,
4372,1,2024-09-27T15:00:00+00,PIX,COBRANCA,APROVADO,676.09,1,,
4373,1,2024-10-16T15:00:00+00,PIX,COBRANCA,APROVADO,458.82,1,,
4374,1,2024-11-05T15:00:00+00,PIX,COBRANCA,APROVADO,843.23,1,,
4375,1,2024-11-22T15:00:00+00,PIX,COBRANCA,APROVADO,1260.52,1,,
4376,1,2024-12-11T15:00:00+00,PIX,COBRANCA,APROVADO,824.05,1,,
4377,1,2024-01-28T15:00:00+00,PIX,COBRANCA,APROVADO,541.02,1,,
4378,1,2024-02-17T15:00:00+00,PIX,COBRANCA,APROVADO,991.19,1,,
4379,1,2024-03-06T15:00:00+00,PIX,COBRANCA,APROVADO,1474.24,1,,
4380,1,2024-04-23T15:00:00+00,PIX,COBRANCA,APROVADO,972.01,1,,
4381,1,2024-05-12T15:00:00+00,PIX,COBRANCA,APROVADO,564.12,1,,
4382,1,2024-06-29T15:00:00+00,PIX,COBRANCA,APROVADO,880.04,1,,
4383,1,2024-07-18T15:00:00+00,PIX,COBRANCA,APROVADO,1555.38,1,,
4384,1,2024-08-07T15:00:00+00,PIX,COBRANCA,APROVADO,946.75,1,,
4385,1,2024-09-24T15:00:00+00,PIX,COBRANCA,APROVADO,620.99,1,,
4386,1,2024-10-13T15:00:00+00,PIX,COBRANCA,APROVADO,1121.77,1,,
4387,1,2024-11-02T15:00:00+00,PIX,COBRANCA,APROVADO,1469.31,1,,
4388,1,2024-11-19T15:00:00+00,PIX,COBRANCA,APROVADO,1197.20,1,,
4389,1,2024-12-08T15:00:00+00,PIX,COBRANCA,APROVADO,646.79,1,,
4390,1,2024-01-25T15:00:00+00,PIX,COBRANCA,APROVADO,1247.94,1,,
4391,1,2024-02-14T15:00:00+00,PIX,COBRANCA,APROVADO,1844.85,1,,
4392,1,2024-03-03T15:00:00+00,PIX,COBRANCA,APROVADO,1126.47,1,,
4393,1,2024-04-20T15:00:00+00,PIX,COBRANCA,APROVADO,799.87,1,,
4394,1,2024-05-09T15:00:00+00,PIX,COBRANCA,APROVADO,687.60,1,,
4395,1,2024-06-26T15:00:00+00,PIX,COBRANCA,APROVADO,994.25,1,,
4396,1,2024-07-15T15:00:00+00,PIX,COBRANCA,APROVADO,1268.72,1,,
4397,1,2024-08-04T15:00:00+00,PIX,COBRANCA,APROVADO,389.40,1,,
4398,1,2024-09-21T15:00:00+00,PIX,COBRANCA,APROVADO,904.33,1,,
4399,1,2024-10-10T15:00:00+00,PIX,COBRANCA,APROVADO,1232.24,1,,
4400,1,2024-11-27T15:00:00+00,PIX,COBRANCA,APROVADO,265.41,1,,
4401,1,2024-11-16T15:00:00+00,PIX,COBRANCA,APROVADO,267.02,1,,
4402,1,2024-12-05T15:00:00+00,PIX,COBRANCA,APROVADO,497.99,1,,
4403,1,2024-01-22T15:00:00+00,PIX,COBRANCA,APROVADO,761.84,1,,
4404,1,2024-02-11T15:00:00+00,PIX,COBRANCA,APROVADO,478.81,1,,
4405,1,2024-03-28T15:00:00+00,PIX,COBRANCA,APROVADO,349.22,1,,
4406,1,2024-04-17T15:00:00+00,PIX,COBRANCA,APROVADO,645.95,1,,
4407,1,2024-05-06T15:00:00+00,PIX,COBRANCA,APROVADO,975.56,1,,
4408,1,2024-06-23T15:00:00+00,PIX,COBRANCA,APROVADO,626.77,1,,
4409,1,2024-07-12T15:00:00+00,PIX,COBRANCA,APROVADO,431.42,1,,
4410,1,2024-08-29T15:00:00+00,PIX,COBRANCA,APROVADO,793.91,1,,
4411,1,2024-09-18T15:00:00+00,PIX,COBRANCA,APROVADO,1189.28,1,,
4412,1,2024-10-07T15:00:00+00,PIX,COBRANCA,APROVADO,774.73,1,,
4413,1,2024-11-24T15:00:00+00,PIX,COBRANCA,APROVADO,513.62,1,,
4414,1,2024-11-13T15:00:00+00,PIX,COBRANCA,APROVADO,941.87,1,,
4415,1,2024-12-02T15:00:00+00,PIX,COBRANCA,APROVADO,1403.00,1,,
4416,1,2024-01-19T15:00:00+00,PIX,COBRANCA,APROVADO,922.69,1,,
4417,1,2024-02-08T15:00:00+00,PIX,COBRANCA,APROVADO,595.82,1,,
4418,1,2024-03-25T15:00:00+00,PIX,COBRANCA,APROVADO,1089.83,1,,
4419,1,2024-04-14T15:00:00+00,PIX,COBRANCA,APROVADO,1616.72,1,,
4420,1,2024-05-03T15:00:00+00,PIX,COBRANCA,APROVADO,1070.65,1,,
4421,1,2024-06-20T15:00:00+00,PIX,COBRANCA,APROVADO,678.02,1,,
4422,1,2024-07-09T15:00:00+00,PIX,COBRANCA,APROVADO,1237.79,1,,
4423,1,2024-08-26T15:00:00+00,PIX,COBRANCA,APROVADO,1830.44,1,,
4424,1,2024-09-15T15:00:00+00,PIX,COBRANCA,APROVADO,1218.61,1,,
4425,1,2024-10-04T15:00:00+00,PIX,COBRANCA,APROVADO,760.22,1,,
4426,1,2024-11-21T15:00:00+00,PIX,COBRANCA,APROVADO,1385.75,1,,
4427,1,2024-11-10T15:00:00+00,PIX,COBRANCA,APROVADO,2044.16,1,,
4428,1,2024-12-27T15:00:00+00,PIX,COBRANCA,APROVADO,1366.57,1,,
4429,1,2024-01-16T15:00:00+00,PIX,COBRANCA,APROVADO,842.42,1,,
4430,1,2024-02-05T15:00:00+00,PIX,COBRANCA,APROVADO,1533.71,1,,
4431,1,2024-03-22T15:00:00+00,PIX,COBRANCA,APROVADO,2065.31,1,,
4432,1,2024-04-11T15:00:00+00,PIX,COBRANCA,APROVADO,1089.77,1,,
4433,1,2024-05-28T15:00:00+00,PIX,COBRANCA,APROVADO,436.02,1,,
4434,1,2024-06-17T15:00:00+00,PIX,COBRANCA,APROVADO,768.69,1,,
4435,1,2024-07-06T15:00:00+00,PIX,COBRANCA,APROVADO,1116.44,1,,
4436,1,2024-08-23T15:00:00+00,PIX,COBRANCA,APROVADO,1356.91,1,,
4437,1,2024-09-12T15:00:00+00,PIX,COBRANCA,APROVADO,186.10,1,,
4438,1,2024-10-29T15:00:00+00,PIX,COBRANCA,APROVADO,412.24,1,,
4439,1,2024-11-18T15:00:00+00,PIX,COBRANCA,APROVADO,567.03,1,,
4440,1,2024-11-07T15:00:00+00,PIX,COBRANCA,APROVADO,338.79,1,,
4441,1,2024-12-24T15:00:00+00,PIX,COBRANCA,APROVADO,280.28,1,,
4442,1,2024-01-13T15:00:00+00,PIX,COBRANCA,APROVADO,461.11,1,,
4443,1,2024-02-02T15:00:00+00,PIX,COBRANCA,APROVADO,832.01,1,,
4444,1,2024-03-19T15:00:00+00,PIX,COBRANCA,APROVADO,488.61,1,,
4445,1,2024-04-08T15:00:00+00,PIX,COBRANCA,APROVADO,358.79,1,,
4446,1,2024-05-25T15:00:00+00,PIX,COBRANCA,APROVADO,648.57,1,,
4447,1,2024-06-14T15:00:00+00,PIX,COBRANCA,APROVADO,863.52,1,,
4448,1,2024-07-03T15:00:00+00,PIX,COBRANCA,APROVADO,684.87,1,,
4449,1,2024-08-20T15:00:00+00,PIX,COBRANCA,APROVADO,399.65,1,,
4450,1,2024-09-09T15:00:00+00,PIX,COBRANCA,APROVADO,807.75,1,,
4451,1,2024-10-26T15:00:00+00,PIX,COBRANCA,APROVADO,1331.76,1,,
4452,1,2024-11-15T15:00:00+00,PIX,COBRANCA,APROVADO,873.37,1,,
4453,1,2024-11-04T15:00:00+00,PIX,COBRANCA,APROVADO,568.42,1,,
4454,1,2024-12-21T15:00:00+00,PIX,COBRANCA,APROVADO,1040.51,1,,
4455,1,2024-01-10T15:00:00+00,PIX,COBRANCA,APROVADO,1545.48,1,,
4456,1,2024-02-27T15:00:00+00,PIX,COBRANCA,APROVADO,1021.33,1,,
4457,1,2024-03-16T15:00:00+00,PIX,COBRANCA,APROVADO,650.62,1,,
4458,1,2024-04-05T15:00:00+00,PIX,COBRANCA,APROVADO,1188.47,1,,
4459,1,2024-05-22T15:00:00+00,PIX,COBRANCA,APROVADO,1759.20,1,,
4460,1,2024-06-11T15:00:00+00,PIX,COBRANCA,APROVADO,1169.29,1,,
4461,1,2024-07-28T15:00:00+00,PIX,COBRANCA,APROVADO,732.82,1,,
4462,1,2024-08-17T15:00:00+00,PIX,COBRANCA,APROVADO,1336.43,1,,
4463,1,2024-09-06T15:00:00+00,PIX,COBRANCA,APROVADO,1972.92,1,,
4464,1,2024-10-23T15:00:00+00,PIX,COBRANCA,APROVADO,1317.25,1,,
4465,1,2024-11-12T15:00:00+00,PIX,COBRANCA,APROVADO,815.02,1,,
4466,1,2024-11-29T15:00:00+00,PIX,COBRANCA,APROVADO,1484.39,1,,
4467,1,2024-12-18T15:00:00+00,PIX,COBRANCA,APROVADO,2186.64,1,,
4468,1,2024-01-07T15:00:00+00,PIX,COBRANCA,APROVADO,1465.21,1,,
4469,1,2024-02-24T15:00:00+00,PIX,COBRANCA,APROVADO,436.90,1,,
4470,1,2024-03-13T15:00:00+00,PIX,COBRANCA,APROVADO,865.15,1,,
4471,1,2024-04-02T15:00:00+00,PIX,COBRANCA,APROVADO,1326.28,1,,
4472,1,2024-05-19T15:00:00+00,PIX,COBRANCA,APROVADO,1459.73,1,,
4473,1,2024-06-08T15:00:00+00,PIX,COBRANCA,APROVADO,519.10,1,,
4474,1,2024-07-25T15:00:00+00,PIX,COBRANCA,APROVADO,1013.11,1,,
4475,1,2024-08-14T15:00:00+00,PIX,COBRANCA,APROVADO,619.36,1,,
4476,1,2024-09-03T15:00:00+00,PIX,COBRANCA,APROVADO,380.17,1,,
4477,1,2024-10-20T15:00:00+00,PIX,COBRANCA,APROVADO,294.42,1,,
4478,1,2024-11-09T15:00:00+00,PIX,COBRANCA,APROVADO,547.31,1,,
4479,1,2024-11-26T15:00:00+00,PIX,COBRANCA,APROVADO,833.08,1,,
4480,1,2024-12-15T15:00:00+00,PIX,COBRANCA,APROVADO,528.13,1,,
4481,1,2024-01-04T15:00:00+00,PIX,COBRANCA,APROVADO,339.72,1,,
4482,1,2024-02-21T15:00:00+00,PIX,COBRANCA,APROVADO,537.29,1,,
4483,1,2024-03-10T15:00:00+00,PIX,COBRANCA,APROVADO,963.62,1,,
4484,1,2024-04-27T15:00:00+00,PIX,COBRANCA,APROVADO,571.94,1,,
4485,1,2024-05-16T15:00:00+00,PIX,COBRANCA,APROVADO,406.46,1,,
4486,1,2024-06-05T15:00:00+00,PIX,COBRANCA,APROVADO,734.56,1,,
4487,1,2024-07-22T15:00:00+00,PIX,COBRANCA,APROVADO,973.68,1,,
4488,1,2024-08-11T15:00:00+00,PIX,COBRANCA,APROVADO,778.01,1,,
4489,1,2024-09-28T15:00:00+00,PIX,COBRANCA,APROVADO,444.60,1,,
4490,1,2024-10-17T15:00:00+00,PIX,COBRANCA,APROVADO,865.68,1,,
4491,1,2024-11-06T15:00:00+00,PIX,COBRANCA,APROVADO,1285.07,1,,
4492,1,2024-11-23T15:00:00+00,PIX,COBRANCA,APROVADO,773.88,1,,
4493,1,2024-12-12T15:00:00+00,PIX,COBRANCA,APROVADO,573.03,1,,
4494,1,2024-01-29T15:00:00+00,PIX,COBRANCA,APROVADO,936.38,1,,
4495,1,2024-02-18T15:00:00+00,PIX,COBRANCA,APROVADO,1464.68,1,,
4496,1,2024-03-07T15:00:00+00,PIX,COBRANCA,APROVADO,1002.10,1,,
4497,1,2024-04-24T15:00:00+00,PIX,COBRANCA,APROVADO,544.77,1,,
4498,1,2024-05-13T15:00:00+00,PIX,COBRANCA,APROVADO,1185.44,1,,
4499,1,2024-06-02T15:00:00+00,PIX,COBRANCA,APROVADO,1563.82,1,,
4500,1,2024-07-19T15:00:00+00,PIX,COBRANCA,APROVADO,994.25,1,,
4501,1,2024-08-08T15:00:00+00,PIX,COBRANCA,APROVADO,787.62,1,,
4502,1,2024-09-25T15:00:00+00,PIX,COBRANCA,APROVADO,1435.07,1,,
4503,1,2024-10-14T15:00:00+00,PIX,COBRANCA,APROVADO,2115.40,1,,
4504,1,2024-11-03T15:00:00+00,PIX,COBRANCA,APROVADO,1415.89,1,,
4505,1,2024-11-20T15:00:00+00,PIX,COBRANCA,APROVADO,869.82,1,,
4506,1,2024-12-09T15:00:00+00,PIX,COBRANCA,APROVADO,815.83,1,,
4507,1,2024-01-26T15:00:00+00,PIX,COBRANCA,APROVADO,1255.04,1,,
4508,1,2024-02-15T15:00:00+00,PIX,COBRANCA,APROVADO,1410.41,1,,
4509,1,2024-03-04T15:00:00+00,PIX,COBRANCA,APROVADO,491.70,1,,
4510,1,2024-04-21T15:00:00+00,PIX,COBRANCA,APROVADO,963.79,1,,
4511,1,2024-05-10T15:00:00+00,PIX,COBRANCA,APROVADO,1468.76,1,,
4512,1,2024-06-27T15:00:00+00,PIX,COBRANCA,APROVADO,330.85,1,,
4513,1,2024-07-16T15:00:00+00,PIX,COBRANCA,APROVADO,267.02,1,,
4514,1,2024-08-05T15:00:00+00,PIX,COBRANCA,APROVADO,497.99,1,,
4515,1,2024-09-22T15:00:00+00,PIX,COBRANCA,APROVADO,761.84,1,,
4516,1,2024-10-11T15:00:00+00,PIX,COBRANCA,APROVADO,478.81,1,,
4517,1,2024-11-28T15:00:00+00,PIX,COBRANCA,APROVADO,349.22,1,,
4518,1,2024-11-17T15:00:00+00,PIX,COBRANCA,APROVADO,645.95,1,,
4519,1,2024-12-06T15:00:00+00,PIX,COBRANCA,APROVADO,975.56,1,,
4520,1,2024-01-23T15:00:00+00,PIX,COBRANCA,APROVADO,626.77,1,,
4521,1,2024-02-12T15:00:00+00,PIX,COBRANCA,APROVADO,431.42,1,,
4522,1,2024-03-29T15:00:00+00,PIX,COBRANCA,APROVADO,793.91,1,,
4523,1,2024-04-18T15:00:00+00,PIX,COBRANCA,APROVADO,1189.28,1,,
4524,1,2024-05-07T15:00:00+00,PIX,COBRANCA,APROVADO,774.73,1,,
4525,1,2024-06-24T15:00:00+00,PIX,COBRANCA,APROVADO,513.62,1,,
4526,1,2024-07-13T15:00:00+00,PIX,COBRANCA,APROVADO,941.87,1,,
4527,1,2024-08-02T15:00:00+00,PIX,COBRANCA,APROVADO,1403.00,1,,
4528,1,2024-09-19T15:00:00+00,PIX,COBRANCA,APROVADO,922.69,1,,
4529,1,2024-10-08T15:00:00+00,PIX,COBRANCA,APROVADO,595.82,1,,
4530,1,2024-11-25T15:00:00+00,PIX,COBRANCA,APROVADO,1089.83,1,,
4531,1,2024-11-14T15:00:00+00,PIX,COBRANCA,APROVADO,1475.95,1,,
4532,1,2024-12-03T15:00:00+00,PIX,COBRANCA,APROVADO,852.26,1,,
4533,1,2024-01-20T15:00:00+00,PIX,COBRANCA,APROVADO,623.43,1,,
4534,1,2024-02-09T15:00:00+00,PIX,COBRANCA,APROVADO,1017.46,1,,
4535,1,2024-03-26T15:00:00+00,PIX,COBRANCA,APROVADO,1586.94,1,,
4536,1,2024-04-15T15:00:00+00,PIX,COBRANCA,APROVADO,1090.37,1,,
4537,1,2024-05-04T15:00:00+00,PIX,COBRANCA,APROVADO,586.97,1,,
4538,1,2024-06-21T15:00:00+00,PIX,COBRANCA,APROVADO,1276.43,1,,
4539,1,2024-07-10T15:00:00+00,PIX,COBRANCA,APROVADO,1681.06,1,,
4540,1,2024-08-27T15:00:00+00,PIX,COBRANCA,APROVADO,1062.42,1,,
4541,1,2024-09-16T15:00:00+00,PIX,COBRANCA,APROVADO,733.20,1,,
4542,1,2024-10-05T15:00:00+00,PIX,COBRANCA,APROVADO,1184.76,1,,
4543,1,2024-11-22T15:00:00+00,PIX,COBRANCA,APROVADO,2081.50,1,,
4544,1,2024-11-11T15:00:00+00,PIX,COBRANCA,APROVADO,1157.23,1,,
4545,1,2024-12-28T15:00:00+00,PIX,COBRANCA,APROVADO,374.39,1,,
4546,1,2024-01-17T15:00:00+00,PIX,COBRANCA,APROVADO,813.81,1,,
4547,1,2024-02-06T15:00:00+00,PIX,COBRANCA,APROVADO,1104.39,1,,
4548,1,2024-03-23T15:00:00+00,PIX,COBRANCA,APROVADO,1431.76,1,,
4549,1,2024-04-12T15:00:00+00,PIX,COBRANCA,APROVADO,197.43,1,,
4550,1,2024-05-29T15:00:00+00,PIX,COBRANCA,APROVADO,413.19,1,,
4551,1,2024-06-18T15:00:00+00,PIX,COBRANCA,APROVADO,690.60,1,,
4552,1,2024-07-07T15:00:00+00,PIX,COBRANCA,APROVADO,429.49,1,,
4553,1,2024-08-24T15:00:00+00,PIX,COBRANCA,APROVADO,321.82,1,,
4554,1,2024-09-13T15:00:00+00,PIX,COBRANCA,APROVADO,596.63,1,,
4555,1,2024-10-02T15:00:00+00,PIX,COBRANCA,APROVADO,904.32,1,,
4556,1,2024-11-19T15:00:00+00,PIX,COBRANCA,APROVADO,577.45,1,,
4557,1,2024-11-08T15:00:00+00,PIX,COBRANCA,APROVADO,404.02,1,,
4558,1,2024-12-25T15:00:00+00,PIX,COBRANCA,APROVADO,744.59,1,,
4559,1,2024-01-14T15:00:00+00,PIX,COBRANCA,APROVADO,1118.04,1,,
4560,1,2024-02-03T15:00:00+00,PIX,COBRANCA,APROVADO,725.41,1,,
4561,1,2024-03-20T15:00:00+00,PIX,COBRANCA,APROVADO,486.22,1,,
4562,1,2024-04-09T15:00:00+00,PIX,COBRANCA,APROVADO,892.55,1,,
4563,1,2024-05-26T15:00:00+00,PIX,COBRANCA,APROVADO,1331.76,1,,
4564,1,2024-06-15T15:00:00+00,PIX,COBRANCA,APROVADO,873.37,1,,
4565,1,2024-07-04T15:00:00+00,PIX,COBRANCA,APROVADO,568.42,1,,
4566,1,2024-08-21T15:00:00+00,PIX,COBRANCA,APROVADO,1040.51,1,,
4567,1,2024-09-10T15:00:00+00,PIX,COBRANCA,APROVADO,1545.48,1,,
4568,1,2024-10-27T15:00:00+00,PIX,COBRANCA,APROVADO,1021.33,1,,
4569,1,2024-11-16T15:00:00+00,PIX,COBRANCA,APROVADO,650.62,1,,
4570,1,2024-11-05T15:00:00+00,PIX,COBRANCA,APROVADO,1188.47,1,,
4571,1,2024-12-22T15:00:00+00,PIX,COBRANCA,APROVADO,1759.20,1,,
4572,1,2024-01-11T15:00:00+00,PIX,COBRANCA,APROVADO,1169.29,1,,
4573,1,2024-02-28T15:00:00+00,PIX,COBRANCA,APROVADO,732.82,1,,
4574,1,2024-03-17T15:00:00+00,PIX,COBRANCA,APROVADO,1336.43,1,,
4575,1,2024-04-06T15:00:00+00,PIX,COBRANCA,APROVADO,1972.92,1,,
4576,1,2024-05-23T15:00:00+00,PIX,COBRANCA,APROVADO,1317.25,1,,
4577,1,2024-06-12T15:00:00+00,PIX,COBRANCA,APROVADO,815.02,1,,
4578,1,2024-07-29T15:00:00+00,PIX,COBRANCA,APROVADO,1484.39,1,,
4579,1,2024-08-18T15:00:00+00,PIX,COBRANCA,APROVADO,2186.64,1,,
4580,1,2024-09-07T15:00:00+00,PIX,COBRANCA,APROVADO,1465.21,1,,
4581,1,2024-10-24T15:00:00+00,PIX,COBRANCA,APROVADO,422.17,1,,
4582,1,2024-11-13T15:00:00+00,PIX,COBRANCA,APROVADO,685.50,1,,
4583,1,2024-11-02T15:00:00+00,PIX,COBRANCA,APROVADO,1246.35,1,,
4584,1,2024-12-19T15:00:00+00,PIX,COBRANCA,APROVADO,1240.48,1,,
4585,1,2024-01-08T15:00:00+00,PIX,COBRANCA,APROVADO,422.09,1,,
4586,1,2024-02-25T15:00:00+00,PIX,COBRANCA,APROVADO,899.80,1,,
4587,1,2024-03-14T15:00:00+00,PIX,COBRANCA,APROVADO,477.99,1,,
4588,1,2024-04-03T15:00:00+00,PIX,COBRANCA,APROVADO,358.74,1,,
4589,1,2024-05-20T15:00:00+00,PIX,COBRANCA,APROVADO,242.38,1,,
4590,1,2024-06-09T15:00:00+00,PIX,COBRANCA,APROVADO,483.47,1,,
4591,1,2024-07-26T15:00:00+00,PIX,COBRANCA,APROVADO,725.29,1,,
4592,1,2024-08-15T15:00:00+00,PIX,COBRANCA,APROVADO,421.21,1,,
4593,1,2024-09-04T15:00:00+00,PIX,COBRANCA,APROVADO,346.16,1,,
4594,1,2024-10-21T15:00:00+00,PIX,COBRANCA,APROVADO,571.40,1,,
4595,1,2024-11-10T15:00:00+00,PIX,COBRANCA,APROVADO,914.79,1,,
4596,1,2024-11-27T15:00:00+00,PIX,COBRANCA,APROVADO,605.06,1,,
4597,1,2024-12-16T15:00:00+00,PIX,COBRANCA,APROVADO,354.88,1,,
4598,1,2024-01-05T15:00:00+00,PIX,COBRANCA,APROVADO,776.09,1,,
4599,1,2024-02-22T15:00:00+00,PIX,COBRANCA,APROVADO,1036.08,1,,
4600,1,2024-03-11T15:00:00+00,PIX,COBRANCA,APROVADO,649.01,1,,
4601,1,2024-04-28T15:00:00+00,PIX,COBRANCA,APROVADO,541.02,1,,
4602,1,2024-05-17T15:00:00+00,PIX,COBRANCA,APROVADO,991.19,1,,
4603,1,2024-06-06T15:00:00+00,PIX,COBRANCA,APROVADO,1474.24,1,,
4604,1,2024-07-23T15:00:00+00,PIX,COBRANCA,APROVADO,972.01,1,,
4605,1,2024-08-12T15:00:00+00,PIX,COBRANCA,APROVADO,623.22,1,,
4606,1,2024-09-29T15:00:00+00,PIX,COBRANCA,APROVADO,1139.15,1,,
4607,1,2024-10-18T15:00:00+00,PIX,COBRANCA,APROVADO,1687.96,1,,
4608,1,2024-11-07T15:00:00+00,PIX,COBRANCA,APROVADO,1119.97,1,,
4609,1,2024-11-24T15:00:00+00,PIX,COBRANCA,APROVADO,705.42,1,,
4610,1,2024-12-13T15:00:00+00,PIX,COBRANCA,APROVADO,1287.11,1,,
4611,1,2024-01-02T15:00:00+00,PIX,COBRANCA,APROVADO,1901.68,1,,
4612,1,2024-02-19T15:00:00+00,PIX,COBRANCA,APROVADO,1267.93,1,,
4613,1,2024-03-08T15:00:00+00,PIX,COBRANCA,APROVADO,787.62,1,,
4614,1,2024-04-25T15:00:00+00,PIX,COBRANCA,APROVADO,1435.07,1,,
4615,1,2024-05-14T15:00:00+00,PIX,COBRANCA,APROVADO,2115.40,1,,
4616,1,2024-06-03T15:00:00+00,PIX,COBRANCA,APROVADO,1415.89,1,,
4617,1,2024-07-20T15:00:00+00,PIX,COBRANCA,APROVADO,869.82,1,,
4618,1,2024-08-09T15:00:00+00,PIX,COBRANCA,APROVADO,815.83,1,,
4619,1,2024-09-26T15:00:00+00,PIX,COBRANCA,APROVADO,1255.04,1,,
4620,1,2024-10-15T15:00:00+00,PIX,COBRANCA,APROVADO,1410.41,1,,
4621,1,2024-11-04T15:00:00+00,PIX,COBRANCA,APROVADO,491.70,1,,
4622,1,2024-11-21T15:00:00+00,PIX,COBRANCA,APROVADO,963.79,1,,
4623,1,2024-12-10T15:00:00+00,PIX,COBRANCA,APROVADO,1468.76,1,,
4624,1,2024-01-27T15:00:00+00,PIX,COBRANCA,APROVADO,330.85,1,,
4625,1,2024-02-16T15:00:00+00,PIX,COBRANCA,APROVADO,267.02,1,,
4626,1,2024-03-05T15:00:00+00,PIX,COBRANCA,APROVADO,497.99,1,,
4627,1,2024-04-22T15:00:00+00,PIX,COBRANCA,APROVADO,761.84,1,,
4628,1,2024-05-11T15:00:00+00,PIX,COBRANCA,APROVADO,478.81,1,,
4629,1,2024-06-28T15:00:00+00,PIX,COBRANCA,APROVADO,349.22,1,,
4630,1,2024-07-17T15:00:00+00,PIX,COBRANCA,APROVADO,645.95,1,,
4631,1,2024-08-06T15:00:00+00,PIX,COBRANCA,APROVADO,886.52,1,,
4632,1,2024-09-23T15:00:00+00,PIX,COBRANCA,APROVADO,499.59,1,,
4633,1,2024-10-12T15:00:00+00,PIX,COBRANCA,APROVADO,396.56,1,,
4634,1,2024-11-29T15:00:00+00,PIX,COBRANCA,APROVADO,652.53,1,,
4635,1,2024-11-18T15:00:00+00,PIX,COBRANCA,APROVADO,1036.98,1,,
4636,1,2024-12-07T15:00:00+00,PIX,COBRANCA,APROVADO,693.33,1,,
4637,1,2024-01-24T15:00:00+00,PIX,COBRANCA,APROVADO,397.08,1,,
4638,1,2024-02-13T15:00:00+00,PIX,COBRANCA,APROVADO,867.08,1,,
4639,1,2024-03-02T15:00:00+00,PIX,COBRANCA,APROVADO,1153.39,1,,
4640,1,2024-04-19T15:00:00+00,PIX,COBRANCA,APROVADO,719.65,1,,
4641,1,2024-05-08T15:00:00+00,PIX,COBRANCA,APROVADO,518.66,1,,
4642,1,2024-06-25T15:00:00+00,PIX,COBRANCA,APROVADO,841.97,1,,
4643,1,2024-07-14T15:00:00+00,PIX,COBRANCA,APROVADO,1489.61,1,,
4644,1,2024-08-03T15:00:00+00,PIX,COBRANCA,APROVADO,905.09,1,,
4645,1,2024-09-20T15:00:00+00,PIX,COBRANCA,APROVADO,597.17,1,,
4646,1,2024-10-09T15:00:00+00,PIX,COBRANCA,APROVADO,1078.75,1,,
4647,1,2024-11-26T15:00:00+00,PIX,COBRANCA,APROVADO,1414.26,1,,
4648,1,2024-11-15T15:00:00+00,PIX,COBRANCA,APROVADO,1150.67,1,,
4649,1,2024-12-04T15:00:00+00,PIX,COBRANCA,APROVADO,624.33,1,,
4650,1,2024-01-21T15:00:00+00,PIX,COBRANCA,APROVADO,1246.15,1,,
4651,1,2024-02-10T15:00:00+00,PIX,COBRANCA,APROVADO,2044.16,1,,
4652,1,2024-03-27T15:00:00+00,PIX,COBRANCA,APROVADO,1366.57,1,,
4653,1,2024-04-16T15:00:00+00,PIX,COBRANCA,APROVADO,842.42,1,,
4654,1,2024-05-05T15:00:00+00,PIX,COBRANCA,APROVADO,1533.71,1,,
4655,1,2024-06-22T15:00:00+00,PIX,COBRANCA,APROVADO,2257.88,1,,
4656,1,2024-07-11T15:00:00+00,PIX,COBRANCA,APROVADO,1361.09,1,,
4657,1,2024-08-28T15:00:00+00,PIX,COBRANCA,APROVADO,464.30,1,,
4658,1,2024-09-17T15:00:00+00,PIX,COBRANCA,APROVADO,914.47,1,,
4659,1,2024-10-06T15:00:00+00,PIX,COBRANCA,APROVADO,1397.52,1,,
4660,1,2024-11-23T15:00:00+00,PIX,COBRANCA,APROVADO,1509.05,1,,
4661,1,2024-11-12T15:00:00+00,PIX,COBRANCA,APROVADO,239.62,1,,
4662,1,2024-12-29T15:00:00+00,PIX,COBRANCA,APROVADO,448.67,1,,
4663,1,2024-01-18T15:00:00+00,PIX,COBRANCA,APROVADO,690.60,1,,
4664,1,2024-02-07T15:00:00+00,PIX,COBRANCA,APROVADO,429.49,1,,
4665,1,2024-03-24T15:00:00+00,PIX,COBRANCA,APROVADO,321.82,1,,
4666,1,2024-04-13T15:00:00+00,PIX,COBRANCA,APROVADO,596.63,1,,
4667,1,2024-05-02T15:00:00+00,PIX,COBRANCA,APROVADO,904.32,1,,
4668,1,2024-06-19T15:00:00+00,PIX,COBRANCA,APROVADO,577.45,1,,
4669,1,2024-07-08T15:00:00+00,PIX,COBRANCA,APROVADO,404.02,1,,
4670,1,2024-08-25T15:00:00+00,PIX,COBRANCA,APROVADO,744.59,1,,
4671,1,2024-09-14T15:00:00+00,PIX,COBRANCA,APROVADO,1118.04,1,,
4672,1,2024-10-03T15:00:00+00,PIX,COBRANCA,APROVADO,725.41,1,,
4673,1,2024-11-20T15:00:00+00,PIX,COBRANCA,APROVADO,486.22,1,,
4674,1,2024-11-09T15:00:00+00,PIX,COBRANCA,APROVADO,892.55,1,,
4675,1,2024-12-26T15:00:00+00,PIX,COBRANCA,APROVADO,1331.76,1,,
4676,1,2024-01-15T15:00:00+00,PIX,COBRANCA,APROVADO,873.37,1,,
4677,1,2024-02-04T15:00:00+00,PIX,COBRANCA,APROVADO,568.42,1,,
4678,1,2024-03-21T15:00:00+00,PIX,COBRANCA,APROVADO,1040.51,1,,
4679,1,2024-04-10T15:00:00+00,PIX,COBRANCA,APROVADO,1545.48,1,,
4680,1,2024-05-27T15:00:00+00,PIX,COBRANCA,APROVADO,1021.33,1,,
4681,1,2024-06-16T15:00:00+00,PIX,COBRANCA,APROVADO,589.06,1,,
4682,1,2024-07-05T15:00:00+00,PIX,COBRANCA,APROVADO,918.15,1,,
4683,1,2024-08-22T15:00:00+00,PIX,COBRANCA,APROVADO,1621.22,1,,
4684,1,2024-09-11T15:00:00+00,PIX,COBRANCA,APROVADO,988.42,1,,
4685,1,2024-10-28T15:00:00+00,PIX,COBRANCA,APROVADO,644.84,1,,
4686,1,2024-11-17T15:00:00+00,PIX,COBRANCA,APROVADO,1164.74,1,,
4687,1,2024-11-06T15:00:00+00,PIX,COBRANCA,APROVADO,1524.42,1,,
4688,1,2024-12-23T15:00:00+00,PIX,COBRANCA,APROVADO,1243.81,1,,
4689,1,2024-01-12T15:00:00+00,PIX,COBRANCA,APROVADO,669.28,1,,
4690,1,2024-02-29T15:00:00+00,PIX,COBRANCA,APROVADO,1290.38,1,,
4691,1,2024-03-18T15:00:00+00,PIX,COBRANCA,APROVADO,1907.05,1,,
4692,1,2024-04-07T15:00:00+00,PIX,COBRANCA,APROVADO,1165.70,1,,
4693,1,2024-05-24T15:00:00+00,PIX,COBRANCA,APROVADO,410.81,1,,
4694,1,2024-06-13T15:00:00+00,PIX,COBRANCA,APROVADO,728.10,1,,
4695,1,2024-07-02T15:00:00+00,PIX,COBRANCA,APROVADO,1055.38,1,,
4696,1,2024-08-19T15:00:00+00,PIX,COBRANCA,APROVADO,1312.81,1,,
4697,1,2024-09-08T15:00:00+00,PIX,COBRANCA,APROVADO,410.51,1,,
4698,1,2024-10-25T15:00:00+00,PIX,COBRANCA,APROVADO,949.83,1,,
4699,1,2024-11-14T15:00:00+00,PIX,COBRANCA,APROVADO,508.34,1,,
4700,1,2024-11-03T15:00:00+00,PIX,COBRANCA,APROVADO,303.77,1,,
4701,1,2024-12-20T15:00:00+00,PIX,COBRANCA,APROVADO,294.42,1,,
4702,1,2024-01-09T15:00:00+00,PIX,COBRANCA,APROVADO,547.31,1,,
4703,1,2024-02-26T15:00:00+00,PIX,COBRANCA,APROVADO,833.08,1,,
4704,1,2024-03-15T15:00:00+00,PIX,COBRANCA,APROVADO,528.13,1,,
4705,1,2024-04-04T15:00:00+00,PIX,COBRANCA,APROVADO,376.62,1,,
4706,1,2024-05-21T15:00:00+00,PIX,COBRANCA,APROVADO,695.27,1,,
4707,1,2024-06-10T15:00:00+00,PIX,COBRANCA,APROVADO,1046.80,1,,
4708,1,2024-07-27T15:00:00+00,PIX,COBRANCA,APROVADO,676.09,1,,
4709,1,2024-08-16T15:00:00+00,PIX,COBRANCA,APROVADO,458.82,1,,
4710,1,2024-09-05T15:00:00+00,PIX,COBRANCA,APROVADO,843.23,1,,
4711,1,2024-10-22T15:00:00+00,PIX,COBRANCA,APROVADO,1260.52,1,,
4712,1,2024-11-11T15:00:00+00,PIX,COBRANCA,APROVADO,824.05,1,,
4713,1,2024-11-28T15:00:00+00,PIX,COBRANCA,APROVADO,541.02,1,,
4714,1,2024-12-17T15:00:00+00,PIX,COBRANCA,APROVADO,991.19,1,,
4715,1,2024-01-06T15:00:00+00,PIX,COBRANCA,APROVADO,1474.24,1,,
4716,1,2024-02-23T15:00:00+00,PIX,COBRANCA,APROVADO,972.01,1,,
4717,1,2024-03-12T15:00:00+00,PIX,COBRANCA,APROVADO,623.22,1,,
4718,1,2024-04-29T15:00:00+00,PIX,COBRANCA,APROVADO,1139.15,1,,
4719,1,2024-05-18T15:00:00+00,PIX,COBRANCA,APROVADO,1687.96,1,,
4720,1,2024-06-07T15:00:00+00,PIX,COBRANCA,APROVADO,1119.97,1,,
4721,1,2024-07-24T15:00:00+00,PIX,COBRANCA,APROVADO,705.42,1,,
4722,1,2024-08-13T15:00:00+00,PIX,COBRANCA,APROVADO,1287.11,1,,
4723,1,2024-09-02T15:00:00+00,PIX,COBRANCA,APROVADO,1901.68,1,,
4724,1,2024-10-19T15:00:00+00,PIX,COBRANCA,APROVADO,1267.93,1,,
4725,1,2024-11-08T15:00:00+00,PIX,COBRANCA,APROVADO,787.62,1,,
4726,1,2024-11-25T15:00:00+00,PIX,COBRANCA,APROVADO,1435.07,1,,
4727,1,2024-12-14T15:00:00+00,PIX,COBRANCA,APROVADO,2115.40,1,,
4728,1,2024-01-03T15:00:00+00,PIX,COBRANCA,APROVADO,1415.89,1,,
4729,1,2024-02-20T15:00:00+00,PIX,COBRANCA,APROVADO,869.82,1,,
4730,1,2024-03-09T15:00:00+00,PIX,COBRANCA,APROVADO,815.83,1,,
4731,1,2024-04-26T15:00:00+00,PIX,COBRANCA,APROVADO,1217.80,1,,
4732,1,2024-05-15T15:00:00+00,PIX,COBRANCA,APROVADO,1129.00,1,,
4733,1,2024-06-04T15:00:00+00,PIX,COBRANCA,APROVADO,461.21,1,,
4734,1,2024-07-21T15:00:00+00,PIX,COBRANCA,APROVADO,809.23,1,,
4735,1,2024-08-10T15:00:00+00,PIX,COBRANCA,APROVADO,1177.57,1,,
4736,1,2024-09-27T15:00:00+00,PIX,COBRANCA,APROVADO,296.29,1,,
4737,1,2024-10-16T15:00:00+00,PIX,COBRANCA,APROVADO,207.19,1,,
4738,1,2024-11-05T15:00:00+00,PIX,COBRANCA,APROVADO,457.73,1,,
4739,1,2024-11-22T15:00:00+00,PIX,COBRANCA,APROVADO,625.59,1,,
4740,1,2024-12-11T15:00:00+00,PIX,COBRANCA,APROVADO,376.87,1,,
4741,1,2024-01-28T15:00:00+00,PIX,COBRANCA,APROVADO,304.14,1,,
4742,1,2024-02-17T15:00:00+00,PIX,COBRANCA,APROVADO,499.18,1,,
4743,1,2024-03-06T15:00:00+00,PIX,COBRANCA,APROVADO,897.78,1,,
4744,1,2024-04-23T15:00:00+00,PIX,COBRANCA,APROVADO,530.27,1,,
4745,1,2024-05-12T15:00:00+00,PIX,COBRANCA,APROVADO,382.61,1,,
4746,1,2024-06-29T15:00:00+00,PIX,COBRANCA,APROVADO,691.59,1,,
4747,1,2024-07-18T15:00:00+00,PIX,COBRANCA,APROVADO,918.57,1,,
4748,1,2024-08-07T15:00:00+00,PIX,COBRANCA,APROVADO,731.40,1,,
4749,1,2024-09-24T15:00:00+00,PIX,COBRANCA,APROVADO,422.11,1,,
4750,1,2024-10-13T15:00:00+00,PIX,COBRANCA,APROVADO,851.59,1,,
4751,1,2024-11-02T15:00:00+00,PIX,COBRANCA,APROVADO,1403.00,1,,
4752,1,2024-11-19T15:00:00+00,PIX,COBRANCA,APROVADO,922.69,1,,
4753,1,2024-12-08T15:00:00+00,PIX,COBRANCA,APROVADO,595.82,1,,
4754,1,2024-01-25T15:00:00+00,PIX,COBRANCA,APROVADO,1089.83,1,,
4755,1,2024-02-14T15:00:00+00,PIX,COBRANCA,APROVADO,1616.72,1,,
4756,1,2024-03-03T15:00:00+00,PIX,COBRANCA,APROVADO,1070.65,1,,
4757,1,2024-04-20T15:00:00+00,PIX,COBRANCA,APROVADO,678.02,1,,
4758,1,2024-05-09T15:00:00+00,PIX,COBRANCA,APROVADO,1237.79,1,,
4759,1,2024-06-26T15:00:00+00,PIX,COBRANCA,APROVADO,1830.44,1,,
4760,1,2024-07-15T15:00:00+00,PIX,COBRANCA,APROVADO,1218.61,1,,
4761,1,2024-08-04T15:00:00+00,PIX,COBRANCA,APROVADO,760.22,1,,
4762,1,2024-09-21T15:00:00+00,PIX,COBRANCA,APROVADO,1385.75,1,,
4763,1,2024-10-10T15:00:00+00,PIX,COBRANCA,APROVADO,2044.16,1,,
4764,1,2024-11-27T15:00:00+00,PIX,COBRANCA,APROVADO,1366.57,1,,
4765,1,2024-11-16T15:00:00+00,PIX,COBRANCA,APROVADO,842.42,1,,
4766,1,2024-12-05T15:00:00+00,PIX,COBRANCA,APROVADO,1533.71,1,,
4767,1,2024-01-22T15:00:00+00,PIX,COBRANCA,APROVADO,2257.88,1,,
4768,1,2024-02-11T15:00:00+00,PIX,COBRANCA,APROVADO,1361.09,1,,
4769,1,2024-03-28T15:00:00+00,PIX,COBRANCA,APROVADO,464.30,1,,
4770,1,2024-04-17T15:00:00+00,PIX,COBRANCA,APROVADO,914.47,1,,
4771,1,2024-05-06T15:00:00+00,PIX,COBRANCA,APROVADO,1397.52,1,,
4772,1,2024-06-23T15:00:00+00,PIX,COBRANCA,APROVADO,1509.05,1,,
4773,1,2024-07-12T15:00:00+00,PIX,COBRANCA,APROVADO,239.62,1,,
4774,1,2024-08-29T15:00:00+00,PIX,COBRANCA,APROVADO,448.67,1,,
4775,1,2024-09-18T15:00:00+00,PIX,COBRANCA,APROVADO,690.60,1,,
4776,1,2024-10-07T15:00:00+00,PIX,COBRANCA,APROVADO,429.49,1,,
4777,1,2024-11-24T15:00:00+00,PIX,COBRANCA,APROVADO,321.82,1,,
4778,1,2024-11-13T15:00:00+00,PIX,COBRANCA,APROVADO,596.63,1,,
4779,1,2024-12-02T15:00:00+00,PIX,COBRANCA,APROVADO,904.32,1,,
4780,1,2024-01-19T15:00:00+00,PIX,COBRANCA,APROVADO,577.45,1,,
4781,1,2024-02-08T15:00:00+00,PIX,COBRANCA,APROVADO,364.63,1,,
4782,1,2024-03-25T15:00:00+00,PIX,COBRANCA,APROVADO,575.36,1,,
4783,1,2024-04-14T15:00:00+00,PIX,COBRANCA,APROVADO,1029.33,1,,
4784,1,2024-05-03T15:00:00+00,PIX,COBRANCA,APROVADO,613.60,1,,
4785,1,2024-06-20T15:00:00+00,PIX,COBRANCA,APROVADO,430.31,1,,
4786,1,2024-07-09T15:00:00+00,PIX,COBRANCA,APROVADO,777.58,1,,
4787,1,2024-08-26T15:00:00+00,PIX,COBRANCA,APROVADO,1028.73,1,,
4788,1,2024-09-15T15:00:00+00,PIX,COBRANCA,APROVADO,824.54,1,,
4789,1,2024-10-04T15:00:00+00,PIX,COBRANCA,APROVADO,467.06,1,,
4790,1,2024-11-21T15:00:00+00,PIX,COBRANCA,APROVADO,908.17,1,,
4791,1,2024-11-10T15:00:00+00,PIX,COBRANCA,APROVADO,1347.27,1,,
4792,1,2024-12-27T15:00:00+00,PIX,COBRANCA,APROVADO,813.03,1,,
4793,1,2024-01-16T15:00:00+00,PIX,COBRANCA,APROVADO,598.24,1,,
4794,1,2024-02-05T15:00:00+00,PIX,COBRANCA,APROVADO,976.92,1,,
4795,1,2024-03-22T15:00:00+00,PIX,COBRANCA,APROVADO,1525.81,1,,
4796,1,2024-04-11T15:00:00+00,PIX,COBRANCA,APROVADO,1046.20,1,,
4797,1,2024-05-28T15:00:00+00,PIX,COBRANCA,APROVADO,565.86,1,,
4798,1,2024-06-17T15:00:00+00,PIX,COBRANCA,APROVADO,1230.93,1,,
4799,1,2024-07-06T15:00:00+00,PIX,COBRANCA,APROVADO,1622.44,1,,
4800,1,2024-08-23T15:00:00+00,PIX,COBRANCA,APROVADO,1032.61,1,,
4801,1,2024-09-12T15:00:00+00,PIX,COBRANCA,APROVADO,815.02,1,,
4802,1,2024-10-29T15:00:00+00,PIX,COBRANCA,APROVADO,1484.39,1,,
4803,1,2024-11-18T15:00:00+00,PIX,COBRANCA,APROVADO,2186.64,1,,
4804,1,2024-11-07T15:00:00+00,PIX,COBRANCA,APROVADO,1465.21,1,,
4805,1,2024-12-24T15:00:00+00,PIX,COBRANCA,APROVADO,436.90,1,,
4806,1,2024-01-13T15:00:00+00,PIX,COBRANCA,APROVADO,865.15,1,,
4807,1,2024-02-02T15:00:00+00,PIX,COBRANCA,APROVADO,1326.28,1,,
4808,1,2024-03-19T15:00:00+00,PIX,COBRANCA,APROVADO,1459.73,1,,
4809,1,2024-04-08T15:00:00+00,PIX,COBRANCA,APROVADO,519.10,1,,
4810,1,2024-05-25T15:00:00+00,PIX,COBRANCA,APROVADO,1013.11,1,,
4811,1,2024-06-14T15:00:00+00,PIX,COBRANCA,APROVADO,619.36,1,,
4812,1,2024-07-03T15:00:00+00,PIX,COBRANCA,APROVADO,380.17,1,,
4813,1,2024-08-20T15:00:00+00,PIX,COBRANCA,APROVADO,294.42,1,,
4814,1,2024-09-09T15:00:00+00,PIX,COBRANCA,APROVADO,547.31,1,,
4815,1,2024-10-26T15:00:00+00,PIX,COBRANCA,APROVADO,833.08,1,,
4816,1,2024-11-15T15:00:00+00,PIX,COBRANCA,APROVADO,528.13,1,,
4817,1,2024-11-04T15:00:00+00,PIX,COBRANCA,APROVADO,376.62,1,,
4818,1,2024-12-21T15:00:00+00,PIX,COBRANCA,APROVADO,695.27,1,,
4819,1,2024-01-10T15:00:00+00,PIX,COBRANCA,APROVADO,1046.80,1,,
4820,1,2024-02-27T15:00:00+00,PIX,COBRANCA,APROVADO,676.09,1,,
4821,1,2024-03-16T15:00:00+00,PIX,COBRANCA,APROVADO,458.82,1,,
4822,1,2024-04-05T15:00:00+00,PIX,COBRANCA,APROVADO,843.23,1,,
4823,1,2024-05-22T15:00:00+00,PIX,COBRANCA,APROVADO,1260.52,1,,
4824,1,2024-06-11T15:00:00+00,PIX,COBRANCA,APROVADO,824.05,1,,
4825,1,2024-07-28T15:00:00+00,PIX,COBRANCA,APROVADO,541.02,1,,
4826,1,2024-08-17T15:00:00+00,PIX,COBRANCA,APROVADO,991.19,1,,
4827,1,2024-09-06T15:00:00+00,PIX,COBRANCA,APROVADO,1474.24,1,,
4828,1,2024-10-23T15:00:00+00,PIX,COBRANCA,APROVADO,972.01,1,,
4829,1,2024-11-12T15:00:00+00,PIX,COBRANCA,APROVADO,623.22,1,,
4830,1,2024-11-29T15:00:00+00,PIX,COBRANCA,APROVADO,1139.15,1,,
4831,1,2024-12-18T15:00:00+00,PIX,COBRANCA,APROVADO,1541.38,1,,
4832,1,2024-01-07T15:00:00+00,PIX,COBRANCA,APROVADO,891.41,1,,
4833,1,2024-02-24T15:00:00+00,PIX,COBRANCA,APROVADO,648.64,1,,
4834,1,2024-03-13T15:00:00+00,PIX,COBRANCA,APROVADO,1058.05,1,,
4835,1,2024-04-02T15:00:00+00,PIX,COBRANCA,APROVADO,1648.00,1,,
4836,1,2024-05-19T15:00:00+00,PIX,COBRANCA,APROVADO,1134.47,1,,
4837,1,2024-06-08T15:00:00+00,PIX,COBRANCA,APROVADO,608.06,1,,
4838,1,2024-07-25T15:00:00+00,PIX,COBRANCA,APROVADO,1321.92,1,,
4839,1,2024-08-14T15:00:00+00,PIX,COBRANCA,APROVADO,1739.75,1,,
4840,1,2024-09-03T15:00:00+00,PIX,COBRANCA,APROVADO,1100.51,1,,
4841,1,2024-10-20T15:00:00+00,PIX,COBRANCA,APROVADO,757.04,1,,
4842,1,2024-11-09T15:00:00+00,PIX,COBRANCA,APROVADO,647.43,1,,
4843,1,2024-11-26T15:00:00+00,PIX,COBRANCA,APROVADO,1180.58,1,,
4844,1,2024-12-15T15:00:00+00,PIX,COBRANCA,APROVADO,1198.82,1,,
4845,1,2024-01-04T15:00:00+00,PIX,COBRANCA,APROVADO,398.24,1,,
4846,1,2024-02-21T15:00:00+00,PIX,COBRANCA,APROVADO,856.78,1,,
4847,1,2024-03-10T15:00:00+00,PIX,COBRANCA,APROVADO,1159.44,1,,
4848,1,2024-04-27T15:00:00+00,PIX,COBRANCA,APROVADO,312.21,1,,
4849,1,2024-05-16T15:00:00+00,PIX,COBRANCA,APROVADO,219.92,1,,
4850,1,2024-06-05T15:00:00+00,PIX,COBRANCA,APROVADO,457.03,1,,
4851,1,2024-07-22T15:00:00+00,PIX,COBRANCA,APROVADO,761.84,1,,
4852,1,2024-08-11T15:00:00+00,PIX,COBRANCA,APROVADO,478.81,1,,
4853,1,2024-09-28T15:00:00+00,PIX,COBRANCA,APROVADO,349.22,1,,
4854,1,2024-10-17T15:00:00+00,PIX,COBRANCA,APROVADO,645.95,1,,
4855,1,2024-11-06T15:00:00+00,PIX,COBRANCA,APROVADO,975.56,1,,
4856,1,2024-11-23T15:00:00+00,PIX,COBRANCA,APROVADO,626.77,1,,
4857,1,2024-12-12T15:00:00+00,PIX,COBRANCA,APROVADO,431.42,1,,
4858,1,2024-01-29T15:00:00+00,PIX,COBRANCA,APROVADO,793.91,1,,
4859,1,2024-02-18T15:00:00+00,PIX,COBRANCA,APROVADO,1189.28,1,,
4860,1,2024-03-07T15:00:00+00,PIX,COBRANCA,APROVADO,774.73,1,,
4861,1,2024-04-24T15:00:00+00,PIX,COBRANCA,APROVADO,513.62,1,,
4862,1,2024-05-13T15:00:00+00,PIX,COBRANCA,APROVADO,941.87,1,,
4863,1,2024-06-02T15:00:00+00,PIX,COBRANCA,APROVADO,1403.00,1,,
4864,1,2024-07-19T15:00:00+00,PIX,COBRANCA,APROVADO,922.69,1,,
4865,1,2024-08-08T15:00:00+00,PIX,COBRANCA,APROVADO,595.82,1,,
4866,1,2024-09-25T15:00:00+00,PIX,COBRANCA,APROVADO,1089.83,1,,
4867,1,2024-10-14T15:00:00+00,PIX,COBRANCA,APROVADO,1616.72,1,,
4868,1,2024-11-03T15:00:00+00,PIX,COBRANCA,APROVADO,1070.65,1,,
4869,1,2024-11-20T15:00:00+00,PIX,COBRANCA,APROVADO,678.02,1,,
4870,1,2024-12-09T15:00:00+00,PIX,COBRANCA,APROVADO,1237.79,1,,
4871,1,2024-01-26T15:00:00+00,PIX,COBRANCA,APROVADO,1830.44,1,,
4872,1,2024-02-15T15:00:00+00,PIX,COBRANCA,APROVADO,1218.61,1,,
4873,1,2024-03-04T15:00:00+00,PIX,COBRANCA,APROVADO,760.22,1,,
4874,1,2024-04-21T15:00:00+00,PIX,COBRANCA,APROVADO,1385.75,1,,
4875,1,2024-05-10T15:00:00+00,PIX,COBRANCA,APROVADO,2044.16,1,,
4876,1,2024-06-27T15:00:00+00,PIX,COBRANCA,APROVADO,1366.57,1,,
4877,1,2024-07-16T15:00:00+00,PIX,COBRANCA,APROVADO,842.42,1,,
4878,1,2024-08-05T15:00:00+00,PIX,COBRANCA,APROVADO,1533.71,1,,
4879,1,2024-09-22T15:00:00+00,PIX,COBRANCA,APROVADO,2257.88,1,,
4880,1,2024-10-11T15:00:00+00,PIX,COBRANCA,APROVADO,1361.09,1,,
4881,1,2024-11-28T15:00:00+00,PIX,COBRANCA,APROVADO,447.11,1,,
4882,1,2024-11-17T15:00:00+00,PIX,COBRANCA,APROVADO,723.61,1,,
4883,1,2024-12-06T15:00:00+00,PIX,COBRANCA,APROVADO,1312.12,1,,
4884,1,2024-01-23T15:00:00+00,PIX,COBRANCA,APROVADO,1282.14,1,,
4885,1,2024-02-12T15:00:00+00,PIX,COBRANCA,APROVADO,215.75,1,,
4886,1,2024-03-29T15:00:00+00,PIX,COBRANCA,APROVADO,390.46,1,,
4887,1,2024-04-18T15:00:00+00,PIX,COBRANCA,APROVADO,533.10,1,,
4888,1,2024-05-07T15:00:00+00,PIX,COBRANCA,APROVADO,405.36,1,,
4889,1,2024-06-24T15:00:00+00,PIX,COBRANCA,APROVADO,264.82,1,,
4890,1,2024-07-13T15:00:00+00,PIX,COBRANCA,APROVADO,525.91,1,,
4891,1,2024-08-02T15:00:00+00,PIX,COBRANCA,APROVADO,787.49,1,,
4892,1,2024-09-19T15:00:00+00,PIX,COBRANCA,APROVADO,460.44,1,,
4893,1,2024-10-08T15:00:00+00,PIX,COBRANCA,APROVADO,371.35,1,,
4894,1,2024-11-25T15:00:00+00,PIX,COBRANCA,APROVADO,611.94,1,,
4895,1,2024-11-14T15:00:00+00,PIX,COBRANCA,APROVADO,975.92,1,,
4896,1,2024-12-03T15:00:00+00,PIX,COBRANCA,APROVADO,649.23,1,,
4897,1,2024-01-20T15:00:00+00,PIX,COBRANCA,APROVADO,375.99,1,,
4898,1,2024-02-09T15:00:00+00,PIX,COBRANCA,APROVADO,821.59,1,,
4899,1,2024-03-26T15:00:00+00,PIX,COBRANCA,APROVADO,1094.70,1,,
4900,1,2024-04-15T15:00:00+00,PIX,COBRANCA,APROVADO,687.37,1,,
4901,1,2024-05-04T15:00:00+00,PIX,COBRANCA,APROVADO,568.42,1,,
4902,1,2024-06-21T15:00:00+00,PIX,COBRANCA,APROVADO,1040.51,1,,
4903,1,2024-07-10T15:00:00+00,PIX,COBRANCA,APROVADO,1545.48,1,,
4904,1,2024-08-27T15:00:00+00,PIX,COBRANCA,APROVADO,1021.33,1,,
4905,1,2024-09-16T15:00:00+00,PIX,COBRANCA,APROVADO,650.62,1,,
4906,1,2024-10-05T15:00:00+00,PIX,COBRANCA,APROVADO,1188.47,1,,
4907,1,2024-11-22T15:00:00+00,PIX,COBRANCA,APROVADO,1759.20,1,,
4908,1,2024-11-11T15:00:00+00,PIX,COBRANCA,APROVADO,1169.29,1,,
4909,1,2024-12-28T15:00:00+00,PIX,COBRANCA,APROVADO,732.82,1,,
4910,1,2024-01-17T15:00:00+00,PIX,COBRANCA,APROVADO,1336.43,1,,
4911,1,2024-02-06T15:00:00+00,PIX,COBRANCA,APROVADO,1972.92,1,,
4912,1,2024-03-23T15:00:00+00,PIX,COBRANCA,APROVADO,1317.25,1,,
4913,1,2024-04-12T15:00:00+00,PIX,COBRANCA,APROVADO,815.02,1,,
4914,1,2024-05-29T15:00:00+00,PIX,COBRANCA,APROVADO,1484.39,1,,
4915,1,2024-06-18T15:00:00+00,PIX,COBRANCA,APROVADO,2186.64,1,,
4916,1,2024-07-07T15:00:00+00,PIX,COBRANCA,APROVADO,1465.21,1,,
4917,1,2024-08-24T15:00:00+00,PIX,COBRANCA,APROVADO,436.90,1,,
4918,1,2024-09-13T15:00:00+00,PIX,COBRANCA,APROVADO,865.15,1,,
4919,1,2024-10-02T15:00:00+00,PIX,COBRANCA,APROVADO,1326.28,1,,
4920,1,2024-11-19T15:00:00+00,PIX,COBRANCA,APROVADO,1459.73,1,,
4921,1,2024-11-08T15:00:00+00,PIX,COBRANCA,APROVADO,519.10,1,,
4922,1,2024-12-25T15:00:00+00,PIX,COBRANCA,APROVADO,1013.11,1,,
4923,1,2024-01-14T15:00:00+00,PIX,COBRANCA,APROVADO,619.36,1,,
4924,1,2024-02-03T15:00:00+00,PIX,COBRANCA,APROVADO,380.17,1,,
4925,1,2024-03-20T15:00:00+00,PIX,COBRANCA,APROVADO,294.42,1,,
4926,1,2024-04-09T15:00:00+00,PIX,COBRANCA,APROVADO,547.31,1,,
4927,1,2024-05-26T15:00:00+00,PIX,COBRANCA,APROVADO,833.08,1,,
4928,1,2024-06-15T15:00:00+00,PIX,COBRANCA,APROVADO,528.13,1,,
4929,1,2024-07-04T15:00:00+00,PIX,COBRANCA,APROVADO,376.62,1,,
4930,1,2024-08-21T15:00:00+00,PIX,COBRANCA,APROVADO,695.27,1,,
4931,1,2024-09-10T15:00:00+00,PIX,COBRANCA,APROVADO,952.02,1,,
4932,1,2024-10-27T15:00:00+00,PIX,COBRANCA,APROVADO,538.74,1,,
4933,1,2024-11-16T15:00:00+00,PIX,COBRANCA,APROVADO,421.75,1,,
4934,1,2024-11-05T15:00:00+00,PIX,COBRANCA,APROVADO,693.07,1,,
4935,1,2024-12-22T15:00:00+00,PIX,COBRANCA,APROVADO,1098.11,1,,
4936,1,2024-01-11T15:00:00+00,PIX,COBRANCA,APROVADO,737.43,1,,
4937,1,2024-02-28T15:00:00+00,PIX,COBRANCA,APROVADO,418.17,1,,
4938,1,2024-03-17T15:00:00+00,PIX,COBRANCA,APROVADO,912.57,1,,
4939,1,2024-04-06T15:00:00+00,PIX,COBRANCA,APROVADO,1211.95,1,,
4940,1,2024-05-23T15:00:00+00,PIX,COBRANCA,APROVADO,757.73,1,,
4941,1,2024-06-12T15:00:00+00,PIX,COBRANCA,APROVADO,542.52,1,,
4942,1,2024-07-29T15:00:00+00,PIX,COBRANCA,APROVADO,880.04,1,,
4943,1,2024-08-18T15:00:00+00,PIX,COBRANCA,APROVADO,1555.38,1,,
4944,1,2024-09-07T15:00:00+00,PIX,COBRANCA,APROVADO,946.75,1,,
4945,1,2024-10-24T15:00:00+00,PIX,COBRANCA,APROVADO,620.99,1,,
4946,1,2024-11-13T15:00:00+00,PIX,COBRANCA,APROVADO,1121.77,1,,
4947,1,2024-11-02T15:00:00+00,PIX,COBRANCA,APROVADO,1469.31,1,,
4948,1,2024-12-19T15:00:00+00,PIX,COBRANCA,APROVADO,1197.20,1,,
4949,1,2024-01-08T15:00:00+00,PIX,COBRANCA,APROVADO,646.79,1,,
4950,1,2024-02-25T15:00:00+00,PIX,COBRANCA,APROVADO,1289.99,1,,
4951,1,2024-03-14T15:00:00+00,PIX,COBRANCA,APROVADO,2115.40,1,,
4952,1,2024-04-03T15:00:00+00,PIX,COBRANCA,APROVADO,1415.89,1,,
4953,1,2024-05-20T15:00:00+00,PIX,COBRANCA,APROVADO,869.82,1,,
4954,1,2024-06-09T15:00:00+00,PIX,COBRANCA,APROVADO,815.83,1,,
4955,1,2024-07-26T15:00:00+00,PIX,COBRANCA,APROVADO,1255.04,1,,
4956,1,2024-08-15T15:00:00+00,PIX,COBRANCA,APROVADO,1410.41,1,,
4957,1,2024-09-04T15:00:00+00,PIX,COBRANCA,APROVADO,491.70,1,,
4958,1,2024-10-21T15:00:00+00,PIX,COBRANCA,APROVADO,963.79,1,,
4959,1,2024-11-10T15:00:00+00,PIX,COBRANCA,APROVADO,1468.76,1,,
4960,1,2024-11-27T15:00:00+00,PIX,COBRANCA,APROVADO,330.85,1,,
4961,1,2024-12-16T15:00:00+00,PIX,COBRANCA,APROVADO,267.02,1,,
4962,1,2024-01-05T15:00:00+00,PIX,COBRANCA,APROVADO,497.99,1,,
4963,1,2024-02-22T15:00:00+00,PIX,COBRANCA,APROVADO,761.84,1,,
4964,1,2024-03-11T15:00:00+00,PIX,COBRANCA,APROVADO,478.81,1,,
4965,1,2024-04-28T15:00:00+00,PIX,COBRANCA,APROVADO,349.22,1,,
4966,1,2024-05-17T15:00:00+00,PIX,COBRANCA,APROVADO,645.95,1,,
4967,1,2024-06-06T15:00:00+00,PIX,COBRANCA,APROVADO,975.56,1,,
4968,1,2024-07-23T15:00:00+00,PIX,COBRANCA,APROVADO,626.77,1,,
4969,1,2024-08-12T15:00:00+00,PIX,COBRANCA,APROVADO,431.42,1,,
4970,1,2024-09-29T15:00:00+00,PIX,COBRANCA,APROVADO,793.91,1,,
4971,1,2024-10-18T15:00:00+00,PIX,COBRANCA,APROVADO,1189.28,1,,
4972,1,2024-11-07T15:00:00+00,PIX,COBRANCA,APROVADO,774.73,1,,
4973,1,2024-11-24T15:00:00+00,PIX,COBRANCA,APROVADO,513.62,1,,
4974,1,2024-12-13T15:00:00+00,PIX,COBRANCA,APROVADO,941.87,1,,
4975,1,2024-01-02T15:00:00+00,PIX,COBRANCA,APROVADO,1403.00,1,,
4976,1,2024-02-19T15:00:00+00,PIX,COBRANCA,APROVADO,922.69,1,,
4977,1,2024-03-08T15:00:00+00,PIX,COBRANCA,APROVADO,595.82,1,,
4978,1,2024-04-25T15:00:00+00,PIX,COBRANCA,APROVADO,1089.83,1,,
4979,1,2024-05-14T15:00:00+00,PIX,COBRANCA,APROVADO,1616.72,1,,
4980,1,2024-06-03T15:00:00+00,PIX,COBRANCA,APROVADO,1070.65,1,,
4981,1,2024-07-20T15:00:00+00,PIX,COBRANCA,APROVADO,613.97,1,,
4982,1,2024-08-09T15:00:00+00,PIX,COBRANCA,APROVADO,956.22,1,,
4983,1,2024-09-26T15:00:00+00,PIX,COBRANCA,APROVADO,1686.93,1,,
4984,1,2024-10-15T15:00:00+00,PIX,COBRANCA,APROVADO,1030.08,1,,
4985,1,2024-11-04T15:00:00+00,PIX,COBRANCA,APROVADO,668.69,1,,
4986,1,2024-11-21T15:00:00+00,PIX,COBRANCA,APROVADO,1207.76,1,,
4987,1,2024-12-10T15:00:00+00,PIX,COBRANCA,APROVADO,1579.47,1,,
4988,1,2024-01-27T15:00:00+00,PIX,COBRANCA,APROVADO,1290.34,1,,
4989,1,2024-02-16T15:00:00+00,PIX,COBRANCA,APROVADO,691.74,1,,
4990,1,2024-03-05T15:00:00+00,PIX,COBRANCA,APROVADO,1332.87,1,,
4991,1,2024-04-22T15:00:00+00,PIX,COBRANCA,APROVADO,1969.25,1,,
4992,1,2024-05-11T15:00:00+00,PIX,COBRANCA,APROVADO,1089.77,1,,
4993,1,2024-06-28T15:00:00+00,PIX,COBRANCA,APROVADO,436.02,1,,
4994,1,2024-07-17T15:00:00+00,PIX,COBRANCA,APROVADO,768.69,1,,
4995,1,2024-08-06T15:00:00+00,PIX,COBRANCA,APROVADO,1116.44,1,,
4996,1,2024-09-23T15:00:00+00,PIX,COBRANCA,APROVADO,1356.91,1,,
4997,1,2024-10-12T15:00:00+00,PIX,COBRANCA,APROVADO,186.10,1,,
4998,1,2024-11-29T15:00:00+00,PIX,COBRANCA,APROVADO,412.24,1,,
4999,1,2024-11-18T15:00:00+00,PIX,COBRANCA,APROVADO,567.03,1,,
5000,1,2024-12-07T15:00:00+00,PIX,COBRANCA,APROVADO,342.13,1,,
5001,1,2024-01-24T15:00:00+00,PIX,COBRANCA,APROVADO,321.82,1,,
5002,1,2024-02-13T15:00:00+00,PIX,COBRANCA,APROVADO,596.63,1,,
5003,1,2024-03-02T15:00:00+00,PIX,COBRANCA,APROVADO,904.32,1,,
5004,1,2024-04-19T15:00:00+00,PIX,COBRANCA,APROVADO,577.45,1,,
5005,1,2024-05-08T15:00:00+00,PIX,COBRANCA,APROVADO,404.02,1,,
5006,1,2024-06-25T15:00:00+00,PIX,COBRANCA,APROVADO,744.59,1,,
5007,1,2024-07-14T15:00:00+00,PIX,COBRANCA,APROVADO,1118.04,1,,
5008,1,2024-08-03T15:00:00+00,PIX,COBRANCA,APROVADO,725.41,1,,
5009,1,2024-09-20T15:00:00+00,PIX,COBRANCA,APROVADO,486.22,1,,
5010,1,2024-10-09T15:00:00+00,PIX,COBRANCA,APROVADO,892.55,1,,
5011,1,2024-11-26T15:00:00+00,PIX,COBRANCA,APROVADO,1331.76,1,,
5012,1,2024-11-15T15:00:00+00,PIX,COBRANCA,APROVADO,873.37,1,,
5013,1,2024-12-04T15:00:00+00,PIX,COBRANCA,APROVADO,568.42,1,,
5014,1,2024-01-21T15:00:00+00,PIX,COBRANCA,APROVADO,1040.51,1,,
5015,1,2024-02-10T15:00:00+00,PIX,COBRANCA,APROVADO,1545.48,1,,
5016,1,2024-03-27T15:00:00+00,PIX,COBRANCA,APROVADO,1021.33,1,,
5017,1,2024-04-16T15:00:00+00,PIX,COBRANCA,APROVADO,650.62,1,,
5018,1,2024-05-05T15:00:00+00,PIX,COBRANCA,APROVADO,1188.47,1,,
5019,1,2024-06-22T15:00:00+00,PIX,COBRANCA,APROVADO,1759.20,1,,
5020,1,2024-07-11T15:00:00+00,PIX,COBRANCA,APROVADO,1169.29,1,,
5021,1,2024-08-28T15:00:00+00,PIX,COBRANCA,APROVADO,732.82,1,,
5022,1,2024-09-17T15:00:00+00,PIX,COBRANCA,APROVADO,1336.43,1,,
5023,1,2024-10-06T15:00:00+00,PIX,COBRANCA,APROVADO,1972.92,1,,
5024,1,2024-11-23T15:00:00+00,PIX,COBRANCA,APROVADO,1317.25,1,,
5025,1,2024-11-12T15:00:00+00,PIX,COBRANCA,APROVADO,815.02,1,,
5026,1,2024-12-29T15:00:00+00,PIX,COBRANCA,APROVADO,1484.39,1,,
5027,1,2024-01-18T15:00:00+00,PIX,COBRANCA,APROVADO,2186.64,1,,
5028,1,2024-02-07T15:00:00+00,PIX,COBRANCA,APROVADO,1465.21,1,,
5029,1,2024-03-24T15:00:00+00,PIX,COBRANCA,APROVADO,436.90,1,,
5030,1,2024-04-13T15:00:00+00,PIX,COBRANCA,APROVADO,865.15,1,,
5031,1,2024-05-02T15:00:00+00,PIX,COBRANCA,APROVADO,1283.30,1,,
5032,1,2024-06-19T15:00:00+00,PIX,COBRANCA,APROVADO,1168.15,1,,
5033,1,2024-07-08T15:00:00+00,PIX,COBRANCA,APROVADO,486.45,1,,
5034,1,2024-08-25T15:00:00+00,PIX,COBRANCA,APROVADO,849.82,1,,
5035,1,2024-09-14T15:00:00+00,PIX,COBRANCA,APROVADO,548.15,1,,
5036,1,2024-10-03T15:00:00+00,PIX,COBRANCA,APROVADO,340.39,1,,
5037,1,2024-11-20T15:00:00+00,PIX,COBRANCA,APROVADO,228.30,1,,
5038,1,2024-11-09T15:00:00+00,PIX,COBRANCA,APROVADO,503.18,1,,
5039,1,2024-12-26T15:00:00+00,PIX,COBRANCA,APROVADO,684.28,1,,
5040,1,2024-01-15T15:00:00+00,PIX,COBRANCA,APROVADO,414.96,1,,
5041,1,2024-02-04T15:00:00+00,PIX,COBRANCA,APROVADO,327.98,1,,
5042,1,2024-03-21T15:00:00+00,PIX,COBRANCA,APROVADO,537.29,1,,
5043,1,2024-04-10T15:00:00+00,PIX,COBRANCA,APROVADO,963.62,1,,
5044,1,2024-05-27T15:00:00+00,PIX,COBRANCA,APROVADO,571.94,1,,
5045,1,2024-06-16T15:00:00+00,PIX,COBRANCA,APROVADO,406.46,1,,
5046,1,2024-07-05T15:00:00+00,PIX,COBRANCA,APROVADO,734.56,1,,
5047,1,2024-08-22T15:00:00+00,PIX,COBRANCA,APROVADO,973.68,1,,
5048,1,2024-09-11T15:00:00+00,PIX,COBRANCA,APROVADO,778.01,1,,
5049,1,2024-10-28T15:00:00+00,PIX,COBRANCA,APROVADO,444.60,1,,
5050,1,2024-11-17T15:00:00+00,PIX,COBRANCA,APROVADO,895.43,1,,
5051,1,2024-11-06T15:00:00+00,PIX,COBRANCA,APROVADO,1474.24,1,,
5052,1,2024-12-23T15:00:00+00,PIX,COBRANCA,APROVADO,972.01,1,,
5053,1,2024-01-12T15:00:00+00,PIX,COBRANCA,APROVADO,623.22,1,,
5054,1,2024-02-29T15:00:00+00,PIX,COBRANCA,APROVADO,1139.15,1,,
5055,1,2024-03-18T15:00:00+00,PIX,COBRANCA,APROVADO,1687.96,1,,
5056,1,2024-04-07T15:00:00+00,PIX,COBRANCA,APROVADO,1119.97,1,,
5057,1,2024-05-24T15:00:00+00,PIX,COBRANCA,APROVADO,705.42,1,,
5058,1,2024-06-13T15:00:00+00,PIX,COBRANCA,APROVADO,1287.11,1,,
5059,1,2024-07-02T15:00:00+00,PIX,COBRANCA,APROVADO,1901.68,1,,
5060,1,2024-08-19T15:00:00+00,PIX,COBRANCA,APROVADO,1267.93,1,,
5061,1,2024-09-08T15:00:00+00,PIX,COBRANCA,APROVADO,787.62,1,,
5062,1,2024-10-25T15:00:00+00,PIX,COBRANCA,APROVADO,1435.07,1,,
5063,1,2024-11-14T15:00:00+00,PIX,COBRANCA,APROVADO,2115.40,1,,
5064,1,2024-11-03T15:00:00+00,PIX,COBRANCA,APROVADO,1415.89,1,,
5065,1,2024-12-20T15:00:00+00,PIX,COBRANCA,APROVADO,869.82,1,,
5066,1,2024-01-09T15:00:00+00,PIX,COBRANCA,APROVADO,815.83,1,,
5067,1,2024-02-26T15:00:00+00,PIX,COBRANCA,APROVADO,1255.04,1,,
5068,1,2024-03-15T15:00:00+00,PIX,COBRANCA,APROVADO,1410.41,1,,
5069,1,2024-04-04T15:00:00+00,PIX,COBRANCA,APROVADO,491.70,1,,
5070,1,2024-05-21T15:00:00+00,PIX,COBRANCA,APROVADO,963.79,1,,
5071,1,2024-06-10T15:00:00+00,PIX,COBRANCA,APROVADO,1468.76,1,,
5072,1,2024-07-27T15:00:00+00,PIX,COBRANCA,APROVADO,330.85,1,,
5073,1,2024-08-16T15:00:00+00,PIX,COBRANCA,APROVADO,267.02,1,,
5074,1,2024-09-05T15:00:00+00,PIX,COBRANCA,APROVADO,497.99,1,,
5075,1,2024-10-22T15:00:00+00,PIX,COBRANCA,APROVADO,761.84,1,,
5076,1,2024-11-11T15:00:00+00,PIX,COBRANCA,APROVADO,478.81,1,,
5077,1,2024-11-28T15:00:00+00,PIX,COBRANCA,APROVADO,349.22,1,,
5078,1,2024-12-17T15:00:00+00,PIX,COBRANCA,APROVADO,645.95,1,,
5079,1,2024-01-06T15:00:00+00,PIX,COBRANCA,APROVADO,975.56,1,,
5080,1,2024-02-23T15:00:00+00,PIX,COBRANCA,APROVADO,626.77,1,,
5081,1,2024-03-12T15:00:00+00,PIX,COBRANCA,APROVADO,389.57,1,,
5082,1,2024-04-29T15:00:00+00,PIX,COBRANCA,APROVADO,613.47,1,,
5083,1,2024-05-18T15:00:00+00,PIX,COBRANCA,APROVADO,1095.10,1,,
5084,1,2024-06-07T15:00:00+00,PIX,COBRANCA,APROVADO,655.26,1,,
5085,1,2024-07-24T15:00:00+00,PIX,COBRANCA,APROVADO,454.13,1,,
5086,1,2024-08-13T15:00:00+00,PIX,COBRANCA,APROVADO,820.64,1,,
5087,1,2024-09-02T15:00:00+00,PIX,COBRANCA,APROVADO,1083.84,1,,
5088,1,2024-10-19T15:00:00+00,PIX,COBRANCA,APROVADO,871.16,1,,
5089,1,2024-11-08T15:00:00+00,PIX,COBRANCA,APROVADO,489.50,1,,
5090,1,2024-11-25T15:00:00+00,PIX,COBRANCA,APROVADO,950.61,1,,
5091,1,2024-12-14T15:00:00+00,PIX,COBRANCA,APROVADO,1409.47,1,,
5092,1,2024-01-03T15:00:00+00,PIX,COBRANCA,APROVADO,852.26,1,,
5093,1,2024-02-20T15:00:00+00,PIX,COBRANCA,APROVADO,623.43,1,,
5094,1,2024-03-09T15:00:00+00,PIX,COBRANCA,APROVADO,1017.46,1,,
5095,1,2024-04-26T15:00:00+00,PIX,COBRANCA,APROVADO,1586.94,1,,
5096,1,2024-05-15T15:00:00+00,PIX,COBRANCA,APROVADO,1090.37,1,,
5097,1,2024-06-04T15:00:00+00,PIX,COBRANCA,APROVADO,586.97,1,,
5098,1,2024-07-21T15:00:00+00,PIX,COBRANCA,APROVADO,1276.43,1,,
5099,1,2024-08-10T15:00:00+00,PIX,COBRANCA,APROVADO,1681.06,1,,
5100,1,2024-09-27T15:00:00+00,PIX,COBRANCA,APROVADO,1070.97,1,,
5101,1,2024-08-29T15:00:00+00,PIX,COBRANCA,APROVADO,842.42,1,,
5102,1,2024-09-18T15:00:00+00,PIX,COBRANCA,APROVADO,1533.71,1,,
5103,1,2024-10-07T15:00:00+00,PIX,COBRANCA,APROVADO,2257.88,1,,
5104,1,2024-11-24T15:00:00+00,PIX,COBRANCA,APROVADO,1361.09,1,,
5105,1,2024-11-13T15:00:00+00,PIX,COBRANCA,APROVADO,464.30,1,,
5106,1,2024-12-02T15:00:00+00,PIX,COBRANCA,APROVADO,914.47,1,,
5107,1,2024-01-19T15:00:00+00,PIX,COBRANCA,APROVADO,1397.52,1,,
5108,1,2024-02-08T15:00:00+00,PIX,COBRANCA,APROVADO,1509.05,1,,
5109,1,2024-03-25T15:00:00+00,PIX,COBRANCA,APROVADO,239.62,1,,
5110,1,2024-04-14T15:00:00+00,PIX,COBRANCA,APROVADO,448.67,1,,
5111,1,2024-05-03T15:00:00+00,PIX,COBRANCA,APROVADO,690.60,1,,
5112,1,2024-06-20T15:00:00+00,PIX,COBRANCA,APROVADO,429.49,1,,
5113,1,2024-07-09T15:00:00+00,PIX,COBRANCA,APROVADO,321.82,1,,
5114,1,2024-08-26T15:00:00+00,PIX,COBRANCA,APROVADO,596.63,1,,
5115,1,2024-09-15T15:00:00+00,PIX,COBRANCA,APROVADO,904.32,1,,
5116,1,2024-10-04T15:00:00+00,PIX,COBRANCA,APROVADO,577.45,1,,
5117,1,2024-11-21T15:00:00+00,PIX,COBRANCA,APROVADO,404.02,1,,
5118,1,2024-11-10T15:00:00+00,PIX,COBRANCA,APROVADO,744.59,1,,
5119,1,2024-12-27T15:00:00+00,PIX,COBRANCA,APROVADO,1118.04,1,,
5120,1,2024-01-16T15:00:00+00,PIX,COBRANCA,APROVADO,725.41,1,,
5121,1,2024-02-05T15:00:00+00,PIX,COBRANCA,APROVADO,486.22,1,,
5122,1,2024-03-22T15:00:00+00,PIX,COBRANCA,APROVADO,892.55,1,,
5123,1,2024-04-11T15:00:00+00,PIX,COBRANCA,APROVADO,1331.76,1,,
5124,1,2024-05-28T15:00:00+00,PIX,COBRANCA,APROVADO,873.37,1,,
5125,1,2024-06-17T15:00:00+00,PIX,COBRANCA,APROVADO,568.42,1,,
5126,1,2024-07-06T15:00:00+00,PIX,COBRANCA,APROVADO,1040.51,1,,
5127,1,2024-08-23T15:00:00+00,PIX,COBRANCA,APROVADO,1545.48,1,,
5128,1,2024-09-12T15:00:00+00,PIX,COBRANCA,APROVADO,1021.33,1,,
5129,1,2024-10-29T15:00:00+00,PIX,COBRANCA,APROVADO,650.62,1,,
5130,1,2024-11-18T15:00:00+00,PIX,COBRANCA,APROVADO,1188.47,1,,
5131,1,2024-11-07T15:00:00+00,PIX,COBRANCA,APROVADO,1606.88,1,,
5132,1,2024-12-24T15:00:00+00,PIX,COBRANCA,APROVADO,930.56,1,,
5133,1,2024-01-13T15:00:00+00,PIX,COBRANCA,APROVADO,673.83,1,,
5134,1,2024-02-02T15:00:00+00,PIX,COBRANCA,APROVADO,1098.59,1,,
5135,1,2024-03-19T15:00:00+00,PIX,COBRANCA,APROVADO,1709.13,1,,
5136,1,2024-04-08T15:00:00+00,PIX,COBRANCA,APROVADO,1178.57,1,,
5137,1,2024-05-25T15:00:00+00,PIX,COBRANCA,APROVADO,629.15,1,,
5138,1,2024-06-14T15:00:00+00,PIX,COBRANCA,APROVADO,1367.41,1,,
5139,1,2024-07-03T15:00:00+00,PIX,COBRANCA,APROVADO,1798.31,1,,
5140,1,2024-08-20T15:00:00+00,PIX,COBRANCA,APROVADO,1138.59,1,,
5141,1,2024-09-09T15:00:00+00,PIX,COBRANCA,APROVADO,389.61,1,,
5142,1,2024-10-26T15:00:00+00,PIX,COBRANCA,APROVADO,685.50,1,,
5143,1,2024-11-15T15:00:00+00,PIX,COBRANCA,APROVADO,1246.35,1,,
5144,1,2024-11-04T15:00:00+00,PIX,COBRANCA,APROVADO,1240.48,1,,
5145,1,2024-12-21T15:00:00+00,PIX,COBRANCA,APROVADO,422.09,1,,
5146,1,2024-01-10T15:00:00+00,PIX,COBRANCA,APROVADO,899.80,1,,
5147,1,2024-02-27T15:00:00+00,PIX,COBRANCA,APROVADO,477.99,1,,
5148,1,2024-03-16T15:00:00+00,PIX,COBRANCA,APROVADO,358.74,1,,
5149,1,2024-04-05T15:00:00+00,PIX,COBRANCA,APROVADO,242.38,1,,
5150,1,2024-05-22T15:00:00+00,PIX,COBRANCA,APROVADO,500.87,1,,
5151,1,2024-06-11T15:00:00+00,PIX,COBRANCA,APROVADO,833.08,1,,
5152,1,2024-07-28T15:00:00+00,PIX,COBRANCA,APROVADO,528.13,1,,
5153,1,2024-08-17T15:00:00+00,PIX,COBRANCA,APROVADO,376.62,1,,
5154,1,2024-09-06T15:00:00+00,PIX,COBRANCA,APROVADO,695.27,1,,
5155,1,2024-10-23T15:00:00+00,PIX,COBRANCA,APROVADO,1046.80,1,,
5156,1,2024-11-12T15:00:00+00,PIX,COBRANCA,APROVADO,676.09,1,,
5157,1,2024-11-29T15:00:00+00,PIX,COBRANCA,APROVADO,458.82,1,,
5158,1,2024-12-18T15:00:00+00,PIX,COBRANCA,APROVADO,843.23,1,,
5159,1,2024-01-07T15:00:00+00,PIX,COBRANCA,APROVADO,1260.52,1,,
5160,1,2024-02-24T15:00:00+00,PIX,COBRANCA,APROVADO,824.05,1,,
5161,1,2024-03-13T15:00:00+00,PIX,COBRANCA,APROVADO,541.02,1,,
5162,1,2024-04-02T15:00:00+00,PIX,COBRANCA,APROVADO,991.19,1,,
5163,1,2024-05-19T15:00:00+00,PIX,COBRANCA,APROVADO,1474.24,1,,
5164,1,2024-06-08T15:00:00+00,PIX,COBRANCA,APROVADO,972.01,1,,
5165,1,2024-07-25T15:00:00+00,PIX,COBRANCA,APROVADO,623.22,1,,
5166,1,2024-08-14T15:00:00+00,PIX,COBRANCA,APROVADO,1139.15,1,,
5167,1,2024-09-03T15:00:00+00,PIX,COBRANCA,APROVADO,1687.96,1,,
5168,1,2024-10-20T15:00:00+00,PIX,COBRANCA,APROVADO,1119.97,1,,
5169,1,2024-11-09T15:00:00+00,PIX,COBRANCA,APROVADO,705.42,1,,
5170,1,2024-11-26T15:00:00+00,PIX,COBRANCA,APROVADO,1287.11,1,,
5171,1,2024-12-15T15:00:00+00,PIX,COBRANCA,APROVADO,1901.68,1,,
5172,1,2024-01-04T15:00:00+00,PIX,COBRANCA,APROVADO,1267.93,1,,
5173,1,2024-02-21T15:00:00+00,PIX,COBRANCA,APROVADO,787.62,1,,
5174,1,2024-03-10T15:00:00+00,PIX,COBRANCA,APROVADO,1435.07,1,,
5175,1,2024-04-27T15:00:00+00,PIX,COBRANCA,APROVADO,2115.40,1,,
5176,1,2024-05-16T15:00:00+00,PIX,COBRANCA,APROVADO,1415.89,1,,
5177,1,2024-06-05T15:00:00+00,PIX,COBRANCA,APROVADO,869.82,1,,
5178,1,2024-07-22T15:00:00+00,PIX,COBRANCA,APROVADO,815.83,1,,
5179,1,2024-08-11T15:00:00+00,PIX,COBRANCA,APROVADO,1255.04,1,,
5180,1,2024-09-28T15:00:00+00,PIX,COBRANCA,APROVADO,1410.41,1,,
5181,1,2024-10-17T15:00:00+00,PIX,COBRANCA,APROVADO,472.05,1,,
5182,1,2024-11-06T15:00:00+00,PIX,COBRANCA,APROVADO,761.68,1,,
5183,1,2024-11-23T15:00:00+00,PIX,COBRANCA,APROVADO,1377.83,1,,
5184,1,2024-12-12T15:00:00+00,PIX,COBRANCA,APROVADO,280.37,1,,
5185,1,2024-01-29T15:00:00+00,PIX,COBRANCA,APROVADO,239.60,1,,
5186,1,2024-02-18T15:00:00+00,PIX,COBRANCA,APROVADO,433.48,1,,
5187,1,2024-03-07T15:00:00+00,PIX,COBRANCA,APROVADO,588.15,1,,
5188,1,2024-04-24T15:00:00+00,PIX,COBRANCA,APROVADO,451.97,1,,
5189,1,2024-05-13T15:00:00+00,PIX,COBRANCA,APROVADO,287.31,1,,
5190,1,2024-06-02T15:00:00+00,PIX,COBRANCA,APROVADO,568.40,1,,
5191,1,2024-07-19T15:00:00+00,PIX,COBRANCA,APROVADO,849.62,1,,
5192,1,2024-08-08T15:00:00+00,PIX,COBRANCA,APROVADO,499.59,1,,
5193,1,2024-09-25T15:00:00+00,PIX,COBRANCA,APROVADO,396.56,1,,
5194,1,2024-10-14T15:00:00+00,PIX,COBRANCA,APROVADO,652.53,1,,
5195,1,2024-11-03T15:00:00+00,PIX,COBRANCA,APROVADO,1036.98,1,,
5196,1,2024-11-20T15:00:00+00,PIX,COBRANCA,APROVADO,693.33,1,,
5197,1,2024-12-09T15:00:00+00,PIX,COBRANCA,APROVADO,397.08,1,,
5198,1,2024-01-26T15:00:00+00,PIX,COBRANCA,APROVADO,867.08,1,,
5199,1,2024-02-15T15:00:00+00,PIX,COBRANCA,APROVADO,1153.39,1,,
5200,1,2024-03-04T15:00:00+00,PIX,COBRANCA,APROVADO,725.73,1,,
5201,1,2024-04-21T15:00:00+00,PIX,COBRANCA,APROVADO,595.82,1,,
5202,1,2024-05-10T15:00:00+00,PIX,COBRANCA,APROVADO,1089.83,1,,
5203,1,2024-06-27T15:00:00+00,PIX,COBRANCA,APROVADO,1616.72,1,,
5204,1,2024-07-16T15:00:00+00,PIX,COBRANCA,APROVADO,1070.65,1,,
5205,1,2024-08-05T15:00:00+00,PIX,COBRANCA,APROVADO,678.02,1,,
5206,1,2024-09-22T15:00:00+00,PIX,COBRANCA,APROVADO,1237.79,1,,
5207,1,2024-10-11T15:00:00+00,PIX,COBRANCA,APROVADO,1830.44,1,,
5208,1,2024-11-28T15:00:00+00,PIX,COBRANCA,APROVADO,1218.61,1,,
5209,1,2024-11-17T15:00:00+00,PIX,COBRANCA,APROVADO,760.22,1,,
5210,1,2024-12-06T15:00:00+00,PIX,COBRANCA,APROVADO,1385.75,1,,
5211,1,2024-01-23T15:00:00+00,PIX,COBRANCA,APROVADO,2044.16,1,,
5212,1,2024-02-12T15:00:00+00,PIX,COBRANCA,APROVADO,1366.57,1,,
5213,1,2024-03-29T15:00:00+00,PIX,COBRANCA,APROVADO,842.42,1,,
5214,1,2024-04-18T15:00:00+00,PIX,COBRANCA,APROVADO,1533.71,1,,
5215,1,2024-05-07T15:00:00+00,PIX,COBRANCA,APROVADO,2257.88,1,,
5216,1,2024-06-24T15:00:00+00,PIX,COBRANCA,APROVADO,1361.09,1,,
5217,1,2024-07-13T15:00:00+00,PIX,COBRANCA,APROVADO,464.30,1,,
5218,1,2024-08-02T15:00:00+00,PIX,COBRANCA,APROVADO,914.47,1,,
5219,1,2024-09-19T15:00:00+00,PIX,COBRANCA,APROVADO,1397.52,1,,
5220,1,2024-10-08T15:00:00+00,PIX,COBRANCA,APROVADO,1509.05,1,,
5221,1,2024-11-25T15:00:00+00,PIX,COBRANCA,APROVADO,239.62,1,,
5222,1,2024-11-14T15:00:00+00,PIX,COBRANCA,APROVADO,448.67,1,,
5223,1,2024-12-03T15:00:00+00,PIX,COBRANCA,APROVADO,690.60,1,,
5224,1,2024-01-20T15:00:00+00,PIX,COBRANCA,APROVADO,429.49,1,,
5225,1,2024-02-09T15:00:00+00,PIX,COBRANCA,APROVADO,321.82,1,,
5226,1,2024-03-26T15:00:00+00,PIX,COBRANCA,APROVADO,596.63,1,,
5227,1,2024-04-15T15:00:00+00,PIX,COBRANCA,APROVADO,904.32,1,,
5228,1,2024-05-04T15:00:00+00,PIX,COBRANCA,APROVADO,577.45,1,,
5229,1,2024-06-21T15:00:00+00,PIX,COBRANCA,APROVADO,404.02,1,,
5230,1,2024-07-10T15:00:00+00,PIX,COBRANCA,APROVADO,744.59,1,,
5231,1,2024-08-27T15:00:00+00,PIX,COBRANCA,APROVADO,1017.52,1,,
5232,1,2024-09-16T15:00:00+00,PIX,COBRANCA,APROVADO,577.97,1,,
5233,1,2024-10-05T15:00:00+00,PIX,COBRANCA,APROVADO,446.99,1,,
5234,1,2024-11-22T15:00:00+00,PIX,COBRANCA,APROVADO,733.62,1,,
5235,1,2024-11-11T15:00:00+00,PIX,COBRANCA,APROVADO,1159.17,1,,
5236,1,2024-12-28T15:00:00+00,PIX,COBRANCA,APROVADO,781.53,1,,
5237,1,2024-01-17T15:00:00+00,PIX,COBRANCA,APROVADO,439.28,1,,
5238,1,2024-02-06T15:00:00+00,PIX,COBRANCA,APROVADO,958.02,1,,
5239,1,2024-03-23T15:00:00+00,PIX,COBRANCA,APROVADO,1270.64,1,,
5240,1,2024-04-12T15:00:00+00,PIX,COBRANCA,APROVADO,795.82,1,,
5241,1,2024-05-29T15:00:00+00,PIX,COBRANCA,APROVADO,566.36,1,,
5242,1,2024-06-18T15:00:00+00,PIX,COBRANCA,APROVADO,918.15,1,,
5243,1,2024-07-07T15:00:00+00,PIX,COBRANCA,APROVADO,1621.22,1,,
5244,1,2024-08-24T15:00:00+00,PIX,COBRANCA,APROVADO,988.42,1,,
5245,1,2024-09-13T15:00:00+00,PIX,COBRANCA,APROVADO,644.84,1,,
5246,1,2024-10-02T15:00:00+00,PIX,COBRANCA,APROVADO,1164.74,1,,
5247,1,2024-11-19T15:00:00+00,PIX,COBRANCA,APROVADO,1524.42,1,,
5248,1,2024-11-08T15:00:00+00,PIX,COBRANCA,APROVADO,1243.81,1,,
5249,1,2024-12-25T15:00:00+00,PIX,COBRANCA,APROVADO,669.28,1,,
5250,1,2024-01-14T15:00:00+00,PIX,COBRANCA,APROVADO,1333.83,1,,
5251,1,2024-02-03T15:00:00+00,PIX,COBRANCA,APROVADO,2186.64,1,,
5252,1,2024-03-20T15:00:00+00,PIX,COBRANCA,APROVADO,1465.21,1,,
5253,1,2024-04-09T15:00:00+00,PIX,COBRANCA,APROVADO,436.90,1,,
5254,1,2024-05-26T15:00:00+00,PIX,COBRANCA,APROVADO,865.15,1,,
5255,1,2024-06-15T15:00:00+00,PIX,COBRANCA,APROVADO,1326.28,1,,
5256,1,2024-07-04T15:00:00+00,PIX,COBRANCA,APROVADO,1459.73,1,,
5257,1,2024-08-21T15:00:00+00,PIX,COBRANCA,APROVADO,519.10,1,,
5258,1,2024-09-10T15:00:00+00,PIX,COBRANCA,APROVADO,1013.11,1,,
5259,1,2024-10-27T15:00:00+00,PIX,COBRANCA,APROVADO,619.36,1,,
5260,1,2024-11-16T15:00:00+00,PIX,COBRANCA,APROVADO,380.17,1,,
5261,1,2024-11-05T15:00:00+00,PIX,COBRANCA,APROVADO,294.42,1,,
5262,1,2024-12-22T15:00:00+00,PIX,COBRANCA,APROVADO,547.31,1,,
5263,1,2024-01-11T15:00:00+00,PIX,COBRANCA,APROVADO,833.08,1,,
5264,1,2024-02-28T15:00:00+00,PIX,COBRANCA,APROVADO,528.13,1,,
5265,1,2024-03-17T15:00:00+00,PIX,COBRANCA,APROVADO,376.62,1,,
5266,1,2024-04-06T15:00:00+00,PIX,COBRANCA,APROVADO,695.27,1,,
5267,1,2024-05-23T15:00:00+00,PIX,COBRANCA,APROVADO,1046.80,1,,
5268,1,2024-06-12T15:00:00+00,PIX,COBRANCA,APROVADO,676.09,1,,
5269,1,2024-07-29T15:00:00+00,PIX,COBRANCA,APROVADO,458.82,1,,
5270,1,2024-08-18T15:00:00+00,PIX,COBRANCA,APROVADO,843.23,1,,
5271,1,2024-09-07T15:00:00+00,PIX,COBRANCA,APROVADO,1260.52,1,,
5272,1,2024-10-24T15:00:00+00,PIX,COBRANCA,APROVADO,824.05,1,,
5273,1,2024-11-13T15:00:00+00,PIX,COBRANCA,APROVADO,541.02,1,,
5274,1,2024-11-02T15:00:00+00,PIX,COBRANCA,APROVADO,991.19,1,,
5275,1,2024-12-19T15:00:00+00,PIX,COBRANCA,APROVADO,1474.24,1,,
5276,1,2024-01-08T15:00:00+00,PIX,COBRANCA,APROVADO,972.01,1,,
5277,1,2024-02-25T15:00:00+00,PIX,COBRANCA,APROVADO,623.22,1,,
5278,1,2024-03-14T15:00:00+00,PIX,COBRANCA,APROVADO,1139.15,1,,
5279,1,2024-04-03T15:00:00+00,PIX,COBRANCA,APROVADO,1687.96,1,,
5280,1,2024-05-20T15:00:00+00,PIX,COBRANCA,APROVADO,1119.97,1,,
5281,1,2024-06-09T15:00:00+00,PIX,COBRANCA,APROVADO,638.91,1,,
5282,1,2024-07-26T15:00:00+00,PIX,COBRANCA,APROVADO,994.33,1,,
5283,1,2024-08-15T15:00:00+00,PIX,COBRANCA,APROVADO,1752.70,1,,
5284,1,2024-09-04T15:00:00+00,PIX,COBRANCA,APROVADO,1071.74,1,,
5285,1,2024-10-21T15:00:00+00,PIX,COBRANCA,APROVADO,692.51,1,,
5286,1,2024-11-10T15:00:00+00,PIX,COBRANCA,APROVADO,1250.82,1,,
5287,1,2024-11-27T15:00:00+00,PIX,COBRANCA,APROVADO,1634.58,1,,
5288,1,2024-12-16T15:00:00+00,PIX,COBRANCA,APROVADO,1336.96,1,,
5289,1,2024-01-05T15:00:00+00,PIX,COBRANCA,APROVADO,714.18,1,,
5290,1,2024-02-22T15:00:00+00,PIX,COBRANCA,APROVADO,646.51,1,,
5291,1,2024-03-11T15:00:00+00,PIX,COBRANCA,APROVADO,1118.44,1,,
5292,1,2024-04-28T15:00:00+00,PIX,COBRANCA,APROVADO,1129.00,1,,
5293,1,2024-05-17T15:00:00+00,PIX,COBRANCA,APROVADO,461.21,1,,
5294,1,2024-06-06T15:00:00+00,PIX,COBRANCA,APROVADO,809.23,1,,
5295,1,2024-07-23T15:00:00+00,PIX,COBRANCA,APROVADO,1177.57,1,,
5296,1,2024-08-12T15:00:00+00,PIX,COBRANCA,APROVADO,296.29,1,,
5297,1,2024-09-29T15:00:00+00,PIX,COBRANCA,APROVADO,207.19,1,,
5298,1,2024-10-18T15:00:00+00,PIX,COBRANCA,APROVADO,457.73,1,,
5299,1,2024-11-07T15:00:00+00,PIX,COBRANCA,APROVADO,625.59,1,,
5300,1,2024-11-24T15:00:00+00,PIX,COBRANCA,APROVADO,380.49,1,,
5301,1,2024-12-13T15:00:00+00,PIX,COBRANCA,APROVADO,349.22,1,,
5302,1,2024-01-02T15:00:00+00,PIX,COBRANCA,APROVADO,645.95,1,,
5303,1,2024-02-19T15:00:00+00,PIX,COBRANCA,APROVADO,975.56,1,,
5304,1,2024-03-08T15:00:00+00,PIX,COBRANCA,APROVADO,626.77,1,,
5305,1,2024-04-25T15:00:00+00,PIX,COBRANCA,APROVADO,431.42,1,,
5306,1,2024-05-14T15:00:00+00,PIX,COBRANCA,APROVADO,793.91,1,,
5307,1,2024-06-03T15:00:00+00,PIX,COBRANCA,APROVADO,1189.28,1,,
5308,1,2024-07-20T15:00:00+00,PIX,COBRANCA,APROVADO,774.73,1,,
5309,1,2024-08-09T15:00:00+00,PIX,COBRANCA,APROVADO,513.62,1,,
5310,1,2024-09-26T15:00:00+00,PIX,COBRANCA,APROVADO,941.87,1,,
5311,1,2024-10-15T15:00:00+00,PIX,COBRANCA,APROVADO,1403.00,1,,
5312,1,2024-11-04T15:00:00+00,PIX,COBRANCA,APROVADO,922.69,1,,
5313,1,2024-11-21T15:00:00+00,PIX,COBRANCA,APROVADO,595.82,1,,
5314,1,2024-12-10T15:00:00+00,PIX,COBRANCA,APROVADO,1089.83,1,,
5315,1,2024-01-27T15:00:00+00,PIX,COBRANCA,APROVADO,1616.72,1,,
5316,1,2024-02-16T15:00:00+00,PIX,COBRANCA,APROVADO,1070.65,1,,
5317,1,2024-03-05T15:00:00+00,PIX,COBRANCA,APROVADO,678.02,1,,
5318,1,2024-04-22T15:00:00+00,PIX,COBRANCA,APROVADO,1237.79,1,,
5319,1,2024-05-11T15:00:00+00,PIX,COBRANCA,APROVADO,1830.44,1,,
5320,1,2024-06-28T15:00:00+00,PIX,COBRANCA,APROVADO,1218.61,1,,
5321,1,2024-07-17T15:00:00+00,PIX,COBRANCA,APROVADO,760.22,1,,
5322,1,2024-08-06T15:00:00+00,PIX,COBRANCA,APROVADO,1385.75,1,,
5323,1,2024-09-23T15:00:00+00,PIX,COBRANCA,APROVADO,2044.16,1,,
5324,1,2024-10-12T15:00:00+00,PIX,COBRANCA,APROVADO,1366.57,1,,
5325,1,2024-11-29T15:00:00+00,PIX,COBRANCA,APROVADO,842.42,1,,
5326,1,2024-11-18T15:00:00+00,PIX,COBRANCA,APROVADO,1533.71,1,,
5327,1,2024-12-07T15:00:00+00,PIX,COBRANCA,APROVADO,2257.88,1,,
5328,1,2024-01-24T15:00:00+00,PIX,COBRANCA,APROVADO,1361.09,1,,
5329,1,2024-02-13T15:00:00+00,PIX,COBRANCA,APROVADO,464.30,1,,
5330,1,2024-03-02T15:00:00+00,PIX,COBRANCA,APROVADO,914.47,1,,
5331,1,2024-04-19T15:00:00+00,PIX,COBRANCA,APROVADO,1348.80,1,,
5332,1,2024-05-08T15:00:00+00,PIX,COBRANCA,APROVADO,1207.30,1,,
5333,1,2024-06-25T15:00:00+00,PIX,COBRANCA,APROVADO,220.12,1,,
5334,1,2024-07-14T15:00:00+00,PIX,COBRANCA,APROVADO,368.64,1,,
5335,1,2024-08-03T15:00:00+00,PIX,COBRANCA,APROVADO,609.28,1,,
5336,1,2024-09-20T15:00:00+00,PIX,COBRANCA,APROVADO,384.49,1,,
5337,1,2024-10-09T15:00:00+00,PIX,COBRANCA,APROVADO,249.39,1,,
5338,1,2024-11-26T15:00:00+00,PIX,COBRANCA,APROVADO,548.67,1,,
5339,1,2024-11-15T15:00:00+00,PIX,COBRANCA,APROVADO,742.90,1,,
5340,1,2024-12-04T15:00:00+00,PIX,COBRANCA,APROVADO,453.04,1,,
5341,1,2024-01-21T15:00:00+00,PIX,COBRANCA,APROVADO,351.79,1,,
5342,1,2024-02-10T15:00:00+00,PIX,COBRANCA,APROVADO,575.36,1,,
5343,1,2024-03-27T15:00:00+00,PIX,COBRANCA,APROVADO,1029.33,1,,
5344,1,2024-04-16T15:00:00+00,PIX,COBRANCA,APROVADO,613.60,1,,
5345,1,2024-05-05T15:00:00+00,PIX,COBRANCA,APROVADO,430.31,1,,
5346,1,2024-06-22T15:00:00+00,PIX,COBRANCA,APROVADO,777.58,1,,
5347,1,2024-07-11T15:00:00+00,PIX,COBRANCA,APROVADO,1028.73,1,,
5348,1,2024-08-28T15:00:00+00,PIX,COBRANCA,APROVADO,824.54,1,,
5349,1,2024-09-17T15:00:00+00,PIX,COBRANCA,APROVADO,467.06,1,,
5350,1,2024-10-06T15:00:00+00,PIX,COBRANCA,APROVADO,939.27,1,,
5351,1,2024-11-23T15:00:00+00,PIX,COBRANCA,APROVADO,1545.48,1,,
5352,1,2024-11-12T15:00:00+00,PIX,COBRANCA,APROVADO,1021.33,1,,
5353,1,2024-12-29T15:00:00+00,PIX,COBRANCA,APROVADO,650.62,1,,
5354,1,2024-01-18T15:00:00+00,PIX,COBRANCA,APROVADO,1188.47,1,,
5355,1,2024-02-07T15:00:00+00,PIX,COBRANCA,APROVADO,1759.20,1,,
5356,1,2024-03-24T15:00:00+00,PIX,COBRANCA,APROVADO,1169.29,1,,
5357,1,2024-04-13T15:00:00+00,PIX,COBRANCA,APROVADO,732.82,1,,
5358,1,2024-05-02T15:00:00+00,PIX,COBRANCA,APROVADO,1336.43,1,,
5359,1,2024-06-19T15:00:00+00,PIX,COBRANCA,APROVADO,1972.92,1,,
5360,1,2024-07-08T15:00:00+00,PIX,COBRANCA,APROVADO,1317.25,1,,
5361,1,2024-08-25T15:00:00+00,PIX,COBRANCA,APROVADO,815.02,1,,
5362,1,2024-09-14T15:00:00+00,PIX,COBRANCA,APROVADO,1484.39,1,,
5363,1,2024-10-03T15:00:00+00,PIX,COBRANCA,APROVADO,2186.64,1,,
5364,1,2024-11-20T15:00:00+00,PIX,COBRANCA,APROVADO,1465.21,1,,
5365,1,2024-11-09T15:00:00+00,PIX,COBRANCA,APROVADO,436.90,1,,
5366,1,2024-12-26T15:00:00+00,PIX,COBRANCA,APROVADO,865.15,1,,
5367,1,2024-01-15T15:00:00+00,PIX,COBRANCA,APROVADO,1326.28,1,,
5368,1,2024-02-04T15:00:00+00,PIX,COBRANCA,APROVADO,1459.73,1,,
5369,1,2024-03-21T15:00:00+00,PIX,COBRANCA,APROVADO,519.10,1,,
5370,1,2024-04-10T15:00:00+00,PIX,COBRANCA,APROVADO,1013.11,1,,
5371,1,2024-05-27T15:00:00+00,PIX,COBRANCA,APROVADO,619.36,1,,
5372,1,2024-06-16T15:00:00+00,PIX,COBRANCA,APROVADO,380.17,1,,
5373,1,2024-07-05T15:00:00+00,PIX,COBRANCA,APROVADO,294.42,1,,
5374,1,2024-08-22T15:00:00+00,PIX,COBRANCA,APROVADO,547.31,1,,
5375,1,2024-09-11T15:00:00+00,PIX,COBRANCA,APROVADO,833.08,1,,
5376,1,2024-10-28T15:00:00+00,PIX,COBRANCA,APROVADO,528.13,1,,
5377,1,2024-11-17T15:00:00+00,PIX,COBRANCA,APROVADO,376.62,1,,
5378,1,2024-11-06T15:00:00+00,PIX,COBRANCA,APROVADO,695.27,1,,
5379,1,2024-12-23T15:00:00+00,PIX,COBRANCA,APROVADO,1046.80,1,,
5380,1,2024-01-12T15:00:00+00,PIX,COBRANCA,APROVADO,676.09,1,,
5381,1,2024-02-29T15:00:00+00,PIX,COBRANCA,APROVADO,414.51,1,,
5382,1,2024-03-18T15:00:00+00,PIX,COBRANCA,APROVADO,651.54,1,,
5383,1,2024-04-07T15:00:00+00,PIX,COBRANCA,APROVADO,1160.81,1,,
5384,1,2024-05-24T15:00:00+00,PIX,COBRANCA,APROVADO,696.85,1,,
5385,1,2024-06-13T15:00:00+00,PIX,COBRANCA,APROVADO,477.98,1,,
5386,1,2024-07-02T15:00:00+00,PIX,COBRANCA,APROVADO,863.66,1,,
5387,1,2024-08-19T15:00:00+00,PIX,COBRANCA,APROVADO,1138.89,1,,
5388,1,2024-09-08T15:00:00+00,PIX,COBRANCA,APROVADO,917.77,1,,
5389,1,2024-10-25T15:00:00+00,PIX,COBRANCA,APROVADO,511.99,1,,
5390,1,2024-11-14T15:00:00+00,PIX,COBRANCA,APROVADO,993.10,1,,
5391,1,2024-11-03T15:00:00+00,PIX,COBRANCA,APROVADO,1471.60,1,,
5392,1,2024-12-20T15:00:00+00,PIX,COBRANCA,APROVADO,891.41,1,,
5393,1,2024-01-09T15:00:00+00,PIX,COBRANCA,APROVADO,648.64,1,,
5394,1,2024-02-26T15:00:00+00,PIX,COBRANCA,APROVADO,1058.05,1,,
5395,1,2024-03-15T15:00:00+00,PIX,COBRANCA,APROVADO,1648.00,1,,
5396,1,2024-04-04T15:00:00+00,PIX,COBRANCA,APROVADO,1134.47,1,,
5397,1,2024-05-21T15:00:00+00,PIX,COBRANCA,APROVADO,608.06,1,,
5398,1,2024-06-10T15:00:00+00,PIX,COBRANCA,APROVADO,1321.92,1,,
5399,1,2024-07-27T15:00:00+00,PIX,COBRANCA,APROVADO,1739.75,1,,
5400,1,2024-08-16T15:00:00+00,PIX,COBRANCA,APROVADO,1109.33,1,,
5401,1,2024-09-05T15:00:00+00,PIX,COBRANCA,APROVADO,869.82,1,,
5402,1,2024-10-22T15:00:00+00,PIX,COBRANCA,APROVADO,815.83,1,,
5403,1,2024-11-11T15:00:00+00,PIX,COBRANCA,APROVADO,1255.04,1,,
5404,1,2024-11-28T15:00:00+00,PIX,COBRANCA,APROVADO,1410.41,1,,
5405,1,2024-12-17T15:00:00+00,PIX,COBRANCA,APROVADO,491.70,1,,
5406,1,2024-01-06T15:00:00+00,PIX,COBRANCA,APROVADO,963.79,1,,
5407,1,2024-02-23T15:00:00+00,PIX,COBRANCA,APROVADO,1468.76,1,,
5408,1,2024-03-12T15:00:00+00,PIX,COBRANCA,APROVADO,330.85,1,,
5409,1,2024-04-29T15:00:00+00,PIX,COBRANCA,APROVADO,267.02,1,,
5410,1,2024-05-18T15:00:00+00,PIX,COBRANCA,APROVADO,497.99,1,,
5411,1,2024-06-07T15:00:00+00,PIX,COBRANCA,APROVADO,761.84,1,,
5412,1,2024-07-24T15:00:00+00,PIX,COBRANCA,APROVADO,478.81,1,,
5413,1,2024-08-13T15:00:00+00,PIX,COBRANCA,APROVADO,349.22,1,,
5414,1,2024-09-02T15:00:00+00,PIX,COBRANCA,APROVADO,645.95,1,,
5415,1,2024-10-19T15:00:00+00,PIX,COBRANCA,APROVADO,975.56,1,,
5416,1,2024-11-08T15:00:00+00,PIX,COBRANCA,APROVADO,626.77,1,,
5417,1,2024-11-25T15:00:00+00,PIX,COBRANCA,APROVADO,431.42,1,,
5418,1,2024-12-14T15:00:00+00,PIX,COBRANCA,APROVADO,793.91,1,,
5419,1,2024-01-03T15:00:00+00,PIX,COBRANCA,APROVADO,1189.28,1,,
5420,1,2024-02-20T15:00:00+00,PIX,COBRANCA,APROVADO,774.73,1,,
5421,1,2024-03-09T15:00:00+00,PIX,COBRANCA,APROVADO,513.62,1,,
5422,1,2024-04-26T15:00:00+00,PIX,COBRANCA,APROVADO,941.87,1,,
5423,1,2024-05-15T15:00:00+00,PIX,COBRANCA,APROVADO,1403.00,1,,
5424,1,2024-06-04T15:00:00+00,PIX,COBRANCA,APROVADO,922.69,1,,
5425,1,2024-07-21T15:00:00+00,PIX,COBRANCA,APROVADO,595.82,1,,
5426,1,2024-08-10T15:00:00+00,PIX,COBRANCA,APROVADO,1089.83,1,,
5427,1,2024-09-27T15:00:00+00,PIX,COBRANCA,APROVADO,1616.72,1,,
5428,1,2024-10-16T15:00:00+00,PIX,COBRANCA,APROVADO,1070.65,1,,
5429,1,2024-11-05T15:00:00+00,PIX,COBRANCA,APROVADO,678.02,1,,
5430,1,2024-11-22T15:00:00+00,PIX,COBRANCA,APROVADO,1237.79,1,,
5431,1,2024-12-11T15:00:00+00,PIX,COBRANCA,APROVADO,1672.38,1,,
5432,1,2024-01-28T15:00:00+00,PIX,COBRANCA,APROVADO,969.79,1,,
5433,1,2024-02-17T15:00:00+00,PIX,COBRANCA,APROVADO,699.07,1,,
5434,1,2024-03-06T15:00:00+00,PIX,COBRANCA,APROVADO,1139.14,1,,
5435,1,2024-04-23T15:00:00+00,PIX,COBRANCA,APROVADO,1770.19,1,,
5436,1,2024-05-12T15:00:00+00,PIX,COBRANCA,APROVADO,1222.67,1,,
5437,1,2024-06-29T15:00:00+00,PIX,COBRANCA,APROVADO,650.26,1,,
5438,1,2024-07-18T15:00:00+00,PIX,COBRANCA,APROVADO,1412.86,1,,
5439,1,2024-08-07T15:00:00+00,PIX,COBRANCA,APROVADO,1857.00,1,,
5440,1,2024-09-24T15:00:00+00,PIX,COBRANCA,APROVADO,1030.91,1,,
5441,1,2024-10-13T15:00:00+00,PIX,COBRANCA,APROVADO,413.45,1,,
5442,1,2024-11-02T15:00:00+00,PIX,COBRANCA,APROVADO,723.61,1,,
5443,1,2024-11-19T15:00:00+00,PIX,COBRANCA,APROVADO,1312.12,1,,
5444,1,2024-12-08T15:00:00+00,PIX,COBRANCA,APROVADO,1282.14,1,,
5445,1,2024-01-25T15:00:00+00,PIX,COBRANCA,APROVADO,215.75,1,,
5446,1,2024-02-14T15:00:00+00,PIX,COBRANCA,APROVADO,390.46,1,,
5447,1,2024-03-03T15:00:00+00,PIX,COBRANCA,APROVADO,533.10,1,,
5448,1,2024-04-20T15:00:00+00,PIX,COBRANCA,APROVADO,405.36,1,,
5449,1,2024-05-09T15:00:00+00,PIX,COBRANCA,APROVADO,264.82,1,,
5450,1,2024-06-26T15:00:00+00,PIX,COBRANCA,APROVADO,544.71,1,,
5451,1,2024-07-15T15:00:00+00,PIX,COBRANCA,APROVADO,904.32,1,,
5452,1,2024-08-04T15:00:00+00,PIX,COBRANCA,APROVADO,577.45,1,,
5453,1,2024-09-21T15:00:00+00,PIX,COBRANCA,APROVADO,404.02,1,,
5454,1,2024-10-10T15:00:00+00,PIX,COBRANCA,APROVADO,744.59,1,,
5455,1,2024-11-27T15:00:00+00,PIX,COBRANCA,APROVADO,1118.04,1,,
5456,1,2024-11-16T15:00:00+00,PIX,COBRANCA,APROVADO,725.41,1,,
5457,1,2024-12-05T15:00:00+00,PIX,COBRANCA,APROVADO,486.22,1,,
5458,1,2024-01-22T15:00:00+00,PIX,COBRANCA,APROVADO,892.55,1,,
5459,1,2024-02-11T15:00:00+00,PIX,COBRANCA,APROVADO,1331.76,1,,
5460,1,2024-03-28T15:00:00+00,PIX,COBRANCA,APROVADO,873.37,1,,
5461,1,2024-04-17T15:00:00+00,PIX,COBRANCA,APROVADO,568.42,1,,
5462,1,2024-05-06T15:00:00+00,PIX,COBRANCA,APROVADO,1040.51,1,,
5463,1,2024-06-23T15:00:00+00,PIX,COBRANCA,APROVADO,1545.48,1,,
5464,1,2024-07-12T15:00:00+00,PIX,COBRANCA,APROVADO,1021.33,1,,
5465,1,2024-08-29T15:00:00+00,PIX,COBRANCA,APROVADO,650.62,1,,
5466,1,2024-09-18T15:00:00+00,PIX,COBRANCA,APROVADO,1188.47,1,,
5467,1,2024-10-07T15:00:00+00,PIX,COBRANCA,APROVADO,1759.20,1,,
5468,1,2024-11-24T15:00:00+00,PIX,COBRANCA,APROVADO,1169.29,1,,
5469,1,2024-11-13T15:00:00+00,PIX,COBRANCA,APROVADO,732.82,1,,
5470,1,2024-12-02T15:00:00+00,PIX,COBRANCA,APROVADO,1336.43,1,,
5471,1,2024-01-19T15:00:00+00,PIX,COBRANCA,APROVADO,1972.92,1,,
5472,1,2024-02-08T15:00:00+00,PIX,COBRANCA,APROVADO,1317.25,1,,
5473,1,2024-03-25T15:00:00+00,PIX,COBRANCA,APROVADO,815.02,1,,
5474,1,2024-04-14T15:00:00+00,PIX,COBRANCA,APROVADO,1484.39,1,,
5475,1,2024-05-03T15:00:00+00,PIX,COBRANCA,APROVADO,2186.64,1,,
5476,1,2024-06-20T15:00:00+00,PIX,COBRANCA,APROVADO,1465.21,1,,
5477,1,2024-07-09T15:00:00+00,PIX,COBRANCA,APROVADO,436.90,1,,
5478,1,2024-08-26T15:00:00+00,PIX,COBRANCA,APROVADO,865.15,1,,
5479,1,2024-09-15T15:00:00+00,PIX,COBRANCA,APROVADO,1326.28,1,,
5480,1,2024-10-04T15:00:00+00,PIX,COBRANCA,APROVADO,1459.73,1,,
5481,1,2024-11-21T15:00:00+00,PIX,COBRANCA,APROVADO,496.99,1,,
5482,1,2024-11-10T15:00:00+00,PIX,COBRANCA,APROVADO,799.79,1,,
5483,1,2024-12-27T15:00:00+00,PIX,COBRANCA,APROVADO,568.98,1,,
5484,1,2024-01-16T15:00:00+00,PIX,COBRANCA,APROVADO,322.03,1,,
5485,1,2024-02-05T15:00:00+00,PIX,COBRANCA,APROVADO,263.42,1,,
5486,1,2024-03-22T15:00:00+00,PIX,COBRANCA,APROVADO,476.50,1,,
5487,1,2024-04-11T15:00:00+00,PIX,COBRANCA,APROVADO,643.20,1,,
5488,1,2024-05-28T15:00:00+00,PIX,COBRANCA,APROVADO,498.50,1,,
5489,1,2024-06-17T15:00:00+00,PIX,COBRANCA,APROVADO,309.77,1,,
5490,1,2024-07-06T15:00:00+00,PIX,COBRANCA,APROVADO,610.89,1,,
5491,1,2024-08-23T15:00:00+00,PIX,COBRANCA,APROVADO,911.88,1,,
5492,1,2024-09-12T15:00:00+00,PIX,COBRANCA,APROVADO,538.74,1,,
5493,1,2024-10-29T15:00:00+00,PIX,COBRANCA,APROVADO,421.75,1,,
5494,1,2024-11-18T15:00:00+00,PIX,COBRANCA,APROVADO,693.07,1,,
5495,1,2024-11-07T15:00:00+00,PIX,COBRANCA,APROVADO,1098.11,1,,
5496,1,2024-12-24T15:00:00+00,PIX,COBRANCA,APROVADO,737.43,1,,
5497,1,2024-01-13T15:00:00+00,PIX,COBRANCA,APROVADO,418.17,1,,
5498,1,2024-02-02T15:00:00+00,PIX,COBRANCA,APROVADO,912.57,1,,
5499,1,2024-03-19T15:00:00+00,PIX,COBRANCA,APROVADO,1211.95,1,,
5500,1,2024-04-08T15:00:00+00,PIX,COBRANCA,APROVADO,764.09,1,,
5501,1,2024-05-25T15:00:00+00,PIX,COBRANCA,APROVADO,623.22,1,,
5502,1,2024-06-14T15:00:00+00,PIX,COBRANCA,APROVADO,1139.15,1,,
5503,1,2024-07-03T15:00:00+00,PIX,COBRANCA,APROVADO,1687.96,1,,
5504,1,2024-08-20T15:00:00+00,PIX,COBRANCA,APROVADO,1119.97,1,,
5505,1,2024-09-09T15:00:00+00,PIX,COBRANCA,APROVADO,705.42,1,,
5506,1,2024-10-26T15:00:00+00,PIX,COBRANCA,APROVADO,1287.11,1,,
5507,1,2024-11-15T15:00:00+00,PIX,COBRANCA,APROVADO,1901.68,1,,
5508,1,2024-11-04T15:00:00+00,PIX,COBRANCA,APROVADO,1267.93,1,,
5509,1,2024-12-21T15:00:00+00,PIX,COBRANCA,APROVADO,787.62,1,,
5510,1,2024-01-10T15:00:00+00,PIX,COBRANCA,APROVADO,1435.07,1,,
5511,1,2024-02-27T15:00:00+00,PIX,COBRANCA,APROVADO,2115.40,1,,
5512,1,2024-03-16T15:00:00+00,PIX,COBRANCA,APROVADO,1415.89,1,,
5513,1,2024-04-05T15:00:00+00,PIX,COBRANCA,APROVADO,869.82,1,,
5514,1,2024-05-22T15:00:00+00,PIX,COBRANCA,APROVADO,815.83,1,,
5515,1,2024-06-11T15:00:00+00,PIX,COBRANCA,APROVADO,1255.04,1,,
5516,1,2024-07-28T15:00:00+00,PIX,COBRANCA,APROVADO,1410.41,1,,
5517,1,2024-08-17T15:00:00+00,PIX,COBRANCA,APROVADO,491.70,1,,
5518,1,2024-09-06T15:00:00+00,PIX,COBRANCA,APROVADO,963.79,1,,
5519,1,2024-10-23T15:00:00+00,PIX,COBRANCA,APROVADO,1468.76,1,,
5520,1,2024-11-12T15:00:00+00,PIX,COBRANCA,APROVADO,330.85,1,,
5521,1,2024-11-29T15:00:00+00,PIX,COBRANCA,APROVADO,267.02,1,,
5522,1,2024-12-18T15:00:00+00,PIX,COBRANCA,APROVADO,497.99,1,,
5523,1,2024-01-07T15:00:00+00,PIX,COBRANCA,APROVADO,761.84,1,,
5524,1,2024-02-24T15:00:00+00,PIX,COBRANCA,APROVADO,478.81,1,,
5525,1,2024-03-13T15:00:00+00,PIX,COBRANCA,APROVADO,349.22,1,,
5526,1,2024-04-02T15:00:00+00,PIX,COBRANCA,APROVADO,645.95,1,,
5527,1,2024-05-19T15:00:00+00,PIX,COBRANCA,APROVADO,975.56,1,,
5528,1,2024-06-08T15:00:00+00,PIX,COBRANCA,APROVADO,626.77,1,,
5529,1,2024-07-25T15:00:00+00,PIX,COBRANCA,APROVADO,431.42,1,,
5530,1,2024-08-14T15:00:00+00,PIX,COBRANCA,APROVADO,793.91,1,,
5531,1,2024-09-03T15:00:00+00,PIX,COBRANCA,APROVADO,1083.02,1,,
5532,1,2024-10-20T15:00:00+00,PIX,COBRANCA,APROVADO,617.12,1,,
5533,1,2024-11-09T15:00:00+00,PIX,COBRANCA,APROVADO,472.20,1,,
5534,1,2024-11-26T15:00:00+00,PIX,COBRANCA,APROVADO,774.16,1,,
5535,1,2024-12-15T15:00:00+00,PIX,COBRANCA,APROVADO,1220.30,1,,
5536,1,2024-01-04T15:00:00+00,PIX,COBRANCA,APROVADO,825.63,1,,
5537,1,2024-02-21T15:00:00+00,PIX,COBRANCA,APROVADO,460.37,1,,
5538,1,2024-03-10T15:00:00+00,PIX,COBRANCA,APROVADO,1003.51,1,,
5539,1,2024-04-27T15:00:00+00,PIX,COBRANCA,APROVADO,1329.26,1,,
5540,1,2024-05-16T15:00:00+00,PIX,COBRANCA,APROVADO,833.90,1,,
5541,1,2024-06-05T15:00:00+00,PIX,COBRANCA,APROVADO,590.17,1,,
5542,1,2024-07-22T15:00:00+00,PIX,COBRANCA,APROVADO,956.22,1,,
5543,1,2024-08-11T15:00:00+00,PIX,COBRANCA,APROVADO,1686.93,1,,
5544,1,2024-09-28T15:00:00+00,PIX,COBRANCA,APROVADO,1030.08,1,,
5545,1,2024-10-17T15:00:00+00,PIX,COBRANCA,APROVADO,668.69,1,,
5546,1,2024-11-06T15:00:00+00,PIX,COBRANCA,APROVADO,1207.76,1,,
5547,1,2024-11-23T15:00:00+00,PIX,COBRANCA,APROVADO,1579.47,1,,
5548,1,2024-12-12T15:00:00+00,PIX,COBRANCA,APROVADO,1290.34,1,,
5549,1,2024-01-29T15:00:00+00,PIX,COBRANCA,APROVADO,691.74,1,,
5550,1,2024-02-18T15:00:00+00,PIX,COBRANCA,APROVADO,1377.67,1,,
5551,1,2024-03-07T15:00:00+00,PIX,COBRANCA,APROVADO,2257.88,1,,
5552,1,2024-04-24T15:00:00+00,PIX,COBRANCA,APROVADO,1361.09,1,,
5553,1,2024-05-13T15:00:00+00,PIX,COBRANCA,APROVADO,464.30,1,,
5554,1,2024-06-02T15:00:00+00,PIX,COBRANCA,APROVADO,914.47,1,,
5555,1,2024-07-19T15:00:00+00,PIX,COBRANCA,APROVADO,1397.52,1,,
5556,1,2024-08-08T15:00:00+00,PIX,COBRANCA,APROVADO,1509.05,1,,
5557,1,2024-09-25T15:00:00+00,PIX,COBRANCA,APROVADO,239.62,1,,
5558,1,2024-10-14T15:00:00+00,PIX,COBRANCA,APROVADO,448.67,1,,
5559,1,2024-11-03T15:00:00+00,PIX,COBRANCA,APROVADO,690.60,1,,
5560,1,2024-11-20T15:00:00+00,PIX,COBRANCA,APROVADO,429.49,1,,
5561,1,2024-12-09T15:00:00+00,PIX,COBRANCA,APROVADO,321.82,1,,
5562,1,2024-01-26T15:00:00+00,PIX,COBRANCA,APROVADO,596.63,1,,
5563,1,2024-02-15T15:00:00+00,PIX,COBRANCA,APROVADO,904.32,1,,
5564,1,2024-03-04T15:00:00+00,PIX,COBRANCA,APROVADO,577.45,1,,
5565,1,2024-04-21T15:00:00+00,PIX,COBRANCA,APROVADO,404.02,1,,
5566,1,2024-05-10T15:00:00+00,PIX,COBRANCA,APROVADO,744.59,1,,
5567,1,2024-06-27T15:00:00+00,PIX,COBRANCA,APROVADO,1118.04,1,,
5568,1,2024-07-16T15:00:00+00,PIX,COBRANCA,APROVADO,725.41,1,,
5569,1,2024-08-05T15:00:00+00,PIX,COBRANCA,APROVADO,486.22,1,,
5570,1,2024-09-22T15:00:00+00,PIX,COBRANCA,APROVADO,892.55,1,,
5571,1,2024-10-11T15:00:00+00,PIX,COBRANCA,APROVADO,1331.76,1,,
5572,1,2024-11-28T15:00:00+00,PIX,COBRANCA,APROVADO,873.37,1,,
5573,1,2024-11-17T15:00:00+00,PIX,COBRANCA,APROVADO,568.42,1,,
5574,1,2024-12-06T15:00:00+00,PIX,COBRANCA,APROVADO,1040.51,1,,
5575,1,2024-01-23T15:00:00+00,PIX,COBRANCA,APROVADO,1545.48,1,,
5576,1,2024-02-12T15:00:00+00,PIX,COBRANCA,APROVADO,1021.33,1,,
5577,1,2024-03-29T15:00:00+00,PIX,COBRANCA,APROVADO,650.62,1,,
5578,1,2024-04-18T15:00:00+00,PIX,COBRANCA,APROVADO,1188.47,1,,
5579,1,2024-05-07T15:00:00+00,PIX,COBRANCA,APROVADO,1759.20,1,,
5580,1,2024-06-24T15:00:00+00,PIX,COBRANCA,APROVADO,1169.29,1,,
5581,1,2024-07-13T15:00:00+00,PIX,COBRANCA,APROVADO,663.85,1,,
5582,1,2024-08-02T15:00:00+00,PIX,COBRANCA,APROVADO,1032.40,1,,
5583,1,2024-09-19T15:00:00+00,PIX,COBRANCA,APROVADO,1818.41,1,,
5584,1,2024-10-08T15:00:00+00,PIX,COBRANCA,APROVADO,1113.33,1,,
5585,1,2024-11-25T15:00:00+00,PIX,COBRANCA,APROVADO,716.36,1,,
5586,1,2024-11-14T15:00:00+00,PIX,COBRANCA,APROVADO,1293.84,1,,
5587,1,2024-12-03T15:00:00+00,PIX,COBRANCA,APROVADO,1689.63,1,,
5588,1,2024-01-20T15:00:00+00,PIX,COBRANCA,APROVADO,1383.57,1,,
5589,1,2024-02-09T15:00:00+00,PIX,COBRANCA,APROVADO,368.42,1,,
5590,1,2024-03-26T15:00:00+00,PIX,COBRANCA,APROVADO,688.95,1,,
5591,1,2024-04-15T15:00:00+00,PIX,COBRANCA,APROVADO,1180.64,1,,
5592,1,2024-05-04T15:00:00+00,PIX,COBRANCA,APROVADO,1168.15,1,,
5593,1,2024-06-21T15:00:00+00,PIX,COBRANCA,APROVADO,486.45,1,,
5594,1,2024-07-10T15:00:00+00,PIX,COBRANCA,APROVADO,849.82,1,,
5595,1,2024-08-27T15:00:00+00,PIX,COBRANCA,APROVADO,548.15,1,,
5596,1,2024-09-16T15:00:00+00,PIX,COBRANCA,APROVADO,340.39,1,,
5597,1,2024-10-05T15:00:00+00,PIX,COBRANCA,APROVADO,228.30,1,,
5598,1,2024-11-22T15:00:00+00,PIX,COBRANCA,APROVADO,503.18,1,,
5599,1,2024-11-11T15:00:00+00,PIX,COBRANCA,APROVADO,684.28,1,,
5600,1,2024-12-28T15:00:00+00,PIX,COBRANCA,APROVADO,418.85,1,,
5601,1,2024-01-17T15:00:00+00,PIX,COBRANCA,APROVADO,376.62,1,,
5602,1,2024-02-06T15:00:00+00,PIX,COBRANCA,APROVADO,695.27,1,,
5603,1,2024-03-23T15:00:00+00,PIX,COBRANCA,APROVADO,1046.80,1,,
5604,1,2024-04-12T15:00:00+00,PIX,COBRANCA,APROVADO,676.09,1,,
5605,1,2024-05-29T15:00:00+00,PIX,COBRANCA,APROVADO,458.82,1,,
5606,1,2024-06-18T15:00:00+00,PIX,COBRANCA,APROVADO,843.23,1,,
5607,1,2024-07-07T15:00:00+00,PIX,COBRANCA,APROVADO,1260.52,1,,
5608,1,2024-08-24T15:00:00+00,PIX,COBRANCA,APROVADO,824.05,1,,
5609,1,2024-09-13T15:00:00+00,PIX,COBRANCA,APROVADO,541.02,1,,
5610,1,2024-10-02T15:00:00+00,PIX,COBRANCA,APROVADO,991.19,1,,
5611,1,2024-11-19T15:00:00+00,PIX,COBRANCA,APROVADO,1474.24,1,,
5612,1,2024-11-08T15:00:00+00,PIX,COBRANCA,APROVADO,972.01,1,,
5613,1,2024-12-25T15:00:00+00,PIX,COBRANCA,APROVADO,623.22,1,,
5614,1,2024-01-14T15:00:00+00,PIX,COBRANCA,APROVADO,1139.15,1,,
5615,1,2024-02-03T15:00:00+00,PIX,COBRANCA,APROVADO,1687.96,1,,
5616,1,2024-03-20T15:00:00+00,PIX,COBRANCA,APROVADO,1119.97,1,,
5617,1,2024-04-09T15:00:00+00,PIX,COBRANCA,APROVADO,705.42,1,,
5618,1,2024-05-26T15:00:00+00,PIX,COBRANCA,APROVADO,1287.11,1,,
5619,1,2024-06-15T15:00:00+00,PIX,COBRANCA,APROVADO,1901.68,1,,
5620,1,2024-07-04T15:00:00+00,PIX,COBRANCA,APROVADO,1267.93,1,,
5621,1,2024-08-21T15:00:00+00,PIX,COBRANCA,APROVADO,787.62,1,,
5622,1,2024-09-10T15:00:00+00,PIX,COBRANCA,APROVADO,1435.07,1,,
5623,1,2024-10-27T15:00:00+00,PIX,COBRANCA,APROVADO,2115.40,1,,
5624,1,2024-11-16T15:00:00+00,PIX,COBRANCA,APROVADO,1415.89,1,,
5625,1,2024-11-05T15:00:00+00,PIX,COBRANCA,APROVADO,869.82,1,,
5626,1,2024-12-22T15:00:00+00,PIX,COBRANCA,APROVADO,815.83,1,,
5627,1,2024-01-11T15:00:00+00,PIX,COBRANCA,APROVADO,1255.04,1,,
5628,1,2024-02-28T15:00:00+00,PIX,COBRANCA,APROVADO,1410.41,1,,
5629,1,2024-03-17T15:00:00+00,PIX,COBRANCA,APROVADO,491.70,1,,
5630,1,2024-04-06T15:00:00+00,PIX,COBRANCA,APROVADO,963.79,1,,
5631,1,2024-05-23T15:00:00+00,PIX,COBRANCA,APROVADO,1414.30,1,,
5632,1,2024-06-12T15:00:00+00,PIX,COBRANCA,APROVADO,264.53,1,,
5633,1,2024-07-29T15:00:00+00,PIX,COBRANCA,APROVADO,245.31,1,,
5634,1,2024-08-18T15:00:00+00,PIX,COBRANCA,APROVADO,409.18,1,,
5635,1,2024-09-07T15:00:00+00,PIX,COBRANCA,APROVADO,670.41,1,,
5636,1,2024-10-24T15:00:00+00,PIX,COBRANCA,APROVADO,428.66,1,,
5637,1,2024-11-13T15:00:00+00,PIX,COBRANCA,APROVADO,270.50,1,,
5638,1,2024-11-02T15:00:00+00,PIX,COBRANCA,APROVADO,594.17,1,,
5639,1,2024-12-19T15:00:00+00,PIX,COBRANCA,APROVADO,801.52,1,,
5640,1,2024-01-08T15:00:00+00,PIX,COBRANCA,APROVADO,491.13,1,,
5641,1,2024-02-25T15:00:00+00,PIX,COBRANCA,APROVADO,375.63,1,,
5642,1,2024-03-14T15:00:00+00,PIX,COBRANCA,APROVADO,613.47,1,,
5643,1,2024-04-03T15:00:00+00,PIX,COBRANCA,APROVADO,1095.10,1,,
5644,1,2024-05-20T15:00:00+00,PIX,COBRANCA,APROVADO,655.26,1,,
5645,1,2024-06-09T15:00:00+00,PIX,COBRANCA,APROVADO,454.13,1,,
5646,1,2024-07-26T15:00:00+00,PIX,COBRANCA,APROVADO,820.64,1,,
5647,1,2024-08-15T15:00:00+00,PIX,COBRANCA,APROVADO,1083.84,1,,
5648,1,2024-09-04T15:00:00+00,PIX,COBRANCA,APROVADO,871.16,1,,
5649,1,2024-10-21T15:00:00+00,PIX,COBRANCA,APROVADO,489.50,1,,
5650,1,2024-11-10T15:00:00+00,PIX,COBRANCA,APROVADO,983.11,1,,
5651,1,2024-11-27T15:00:00+00,PIX,COBRANCA,APROVADO,1616.72,1,,
5652,1,2024-12-16T15:00:00+00,PIX,COBRANCA,APROVADO,1070.65,1,,
5653,1,2024-01-05T15:00:00+00,PIX,COBRANCA,APROVADO,678.02,1,,
5654,1,2024-02-22T15:00:00+00,PIX,COBRANCA,APROVADO,1237.79,1,,
5655,1,2024-03-11T15:00:00+00,PIX,COBRANCA,APROVADO,1830.44,1,,
5656,1,2024-04-28T15:00:00+00,PIX,COBRANCA,APROVADO,1218.61,1,,
5657,1,2024-05-17T15:00:00+00,PIX,COBRANCA,APROVADO,760.22,1,,
5658,1,2024-06-06T15:00:00+00,PIX,COBRANCA,APROVADO,1385.75,1,,
5659,1,2024-07-23T15:00:00+00,PIX,COBRANCA,APROVADO,2044.16,1,,
5660,1,2024-08-12T15:00:00+00,PIX,COBRANCA,APROVADO,1366.57,1,,
5661,1,2024-09-29T15:00:00+00,PIX,COBRANCA,APROVADO,842.42,1,,
5662,1,2024-10-18T15:00:00+00,PIX,COBRANCA,APROVADO,1533.71,1,,
5663,1,2024-11-07T15:00:00+00,PIX,COBRANCA,APROVADO,2257.88,1,,
5664,1,2024-11-24T15:00:00+00,PIX,COBRANCA,APROVADO,1361.09,1,,
5665,1,2024-12-13T15:00:00+00,PIX,COBRANCA,APROVADO,464.30,1,,
5666,1,2024-01-02T15:00:00+00,PIX,COBRANCA,APROVADO,914.47,1,,
5667,1,2024-02-19T15:00:00+00,PIX,COBRANCA,APROVADO,1397.52,1,,
5668,1,2024-03-08T15:00:00+00,PIX,COBRANCA,APROVADO,1509.05,1,,
5669,1,2024-04-25T15:00:00+00,PIX,COBRANCA,APROVADO,239.62,1,,
5670,1,2024-05-14T15:00:00+00,PIX,COBRANCA,APROVADO,448.67,1,,
5671,1,2024-06-03T15:00:00+00,PIX,COBRANCA,APROVADO,690.60,1,,
5672,1,2024-07-20T15:00:00+00,PIX,COBRANCA,APROVADO,429.49,1,,
5673,1,2024-08-09T15:00:00+00,PIX,COBRANCA,APROVADO,321.82,1,,
5674,1,2024-09-26T15:00:00+00,PIX,COBRANCA,APROVADO,596.63,1,,
5675,1,2024-10-15T15:00:00+00,PIX,COBRANCA,APROVADO,904.32,1,,
5676,1,2024-11-04T15:00:00+00,PIX,COBRANCA,APROVADO,577.45,1,,
5677,1,2024-11-21T15:00:00+00,PIX,COBRANCA,APROVADO,404.02,1,,
5678,1,2024-12-10T15:00:00+00,PIX,COBRANCA,APROVADO,744.59,1,,
5679,1,2024-01-27T15:00:00+00,PIX,COBRANCA,APROVADO,1118.04,1,,
5680,1,2024-02-16T15:00:00+00,PIX,COBRANCA,APROVADO,725.41,1,,
5681,1,2024-03-05T15:00:00+00,PIX,COBRANCA,APROVADO,439.45,1,,
5682,1,2024-04-22T15:00:00+00,PIX,COBRANCA,APROVADO,689.61,1,,
5683,1,2024-05-11T15:00:00+00,PIX,COBRANCA,APROVADO,1226.58,1,,
5684,1,2024-06-28T15:00:00+00,PIX,COBRANCA,APROVADO,738.51,1,,
5685,1,2024-07-17T15:00:00+00,PIX,COBRANCA,APROVADO,501.80,1,,
5686,1,2024-08-06T15:00:00+00,PIX,COBRANCA,APROVADO,906.68,1,,
5687,1,2024-09-23T15:00:00+00,PIX,COBRANCA,APROVADO,1193.94,1,,
5688,1,2024-10-12T15:00:00+00,PIX,COBRANCA,APROVADO,964.30,1,,
5689,1,2024-11-29T15:00:00+00,PIX,COBRANCA,APROVADO,534.45,1,,
5690,1,2024-11-18T15:00:00+00,PIX,COBRANCA,APROVADO,1035.59,1,,
5691,1,2024-12-07T15:00:00+00,PIX,COBRANCA,APROVADO,1533.86,1,,
5692,1,2024-01-24T15:00:00+00,PIX,COBRANCA,APROVADO,930.56,1,,
5693,1,2024-02-13T15:00:00+00,PIX,COBRANCA,APROVADO,673.83,1,,
5694,1,2024-03-02T15:00:00+00,PIX,COBRANCA,APROVADO,1098.59,1,,
5695,1,2024-04-19T15:00:00+00,PIX,COBRANCA,APROVADO,1709.13,1,,
5696,1,2024-05-08T15:00:00+00,PIX,COBRANCA,APROVADO,1178.57,1,,
5697,1,2024-06-25T15:00:00+00,PIX,COBRANCA,APROVADO,629.15,1,,
5698,1,2024-07-14T15:00:00+00,PIX,COBRANCA,APROVADO,1367.41,1,,
5699,1,2024-08-03T15:00:00+00,PIX,COBRANCA,APROVADO,1798.31,1,,
5700,1,2024-09-20T15:00:00+00,PIX,COBRANCA,APROVADO,1147.69,1,,
5701,1,2024-10-09T15:00:00+00,PIX,COBRANCA,APROVADO,436.90,1,,
5702,1,2024-11-26T15:00:00+00,PIX,COBRANCA,APROVADO,865.15,1,,
5703,1,2024-11-15T15:00:00+00,PIX,COBRANCA,APROVADO,1326.28,1,,
5704,1,2024-12-04T15:00:00+00,PIX,COBRANCA,APROVADO,1459.73,1,,
5705,1,2024-01-21T15:00:00+00,PIX,COBRANCA,APROVADO,519.10,1,,
5706,1,2024-02-10T15:00:00+00,PIX,COBRANCA,APROVADO,1013.11,1,,
5707,1,2024-03-27T15:00:00+00,PIX,COBRANCA,APROVADO,619.36,1,,
5708,1,2024-04-16T15:00:00+00,PIX,COBRANCA,APROVADO,380.17,1,,
5709,1,2024-05-05T15:00:00+00,PIX,COBRANCA,APROVADO,294.42,1,,
5710,1,2024-06-22T15:00:00+00,PIX,COBRANCA,APROVADO,547.31,1,,
5711,1,2024-07-11T15:00:00+00,PIX,COBRANCA,APROVADO,833.08,1,,
5712,1,2024-08-28T15:00:00+00,PIX,COBRANCA,APROVADO,528.13,1,,
5713,1,2024-09-17T15:00:00+00,PIX,COBRANCA,APROVADO,376.62,1,,
5714,1,2024-10-06T15:00:00+00,PIX,COBRANCA,APROVADO,695.27,1,,
5715,1,2024-11-23T15:00:00+00,PIX,COBRANCA,APROVADO,1046.80,1,,
5716,1,2024-11-12T15:00:00+00,PIX,COBRANCA,APROVADO,676.09,1,,
5717,1,2024-12-29T15:00:00+00,PIX,COBRANCA,APROVADO,458.82,1,,
5718,1,2024-01-18T15:00:00+00,PIX,COBRANCA,APROVADO,843.23,1,,
5719,1,2024-02-07T15:00:00+00,PIX,COBRANCA,APROVADO,1260.52,1,,
5720,1,2024-03-24T15:00:00+00,PIX,COBRANCA,APROVADO,824.05,1,,
5721,1,2024-04-13T15:00:00+00,PIX,COBRANCA,APROVADO,541.02,1,,
5722,1,2024-05-02T15:00:00+00,PIX,COBRANCA,APROVADO,991.19,1,,
5723,1,2024-06-19T15:00:00+00,PIX,COBRANCA,APROVADO,1474.24,1,,
5724,1,2024-07-08T15:00:00+00,PIX,COBRANCA,APROVADO,972.01,1,,
5725,1,2024-08-25T15:00:00+00,PIX,COBRANCA,APROVADO,623.22,1,,
5726,1,2024-09-14T15:00:00+00,PIX,COBRANCA,APROVADO,1139.15,1,,
5727,1,2024-10-03T15:00:00+00,PIX,COBRANCA,APROVADO,1687.96,1,,
5728,1,2024-11-20T15:00:00+00,PIX,COBRANCA,APROVADO,1119.97,1,,
5729,1,2024-11-09T15:00:00+00,PIX,COBRANCA,APROVADO,705.42,1,,
5730,1,2024-12-26T15:00:00+00,PIX,COBRANCA,APROVADO,1287.11,1,,
5731,1,2024-01-15T15:00:00+00,PIX,COBRANCA,APROVADO,1737.88,1,,
5732,1,2024-02-04T15:00:00+00,PIX,COBRANCA,APROVADO,1008.94,1,,
5733,1,2024-03-21T15:00:00+00,PIX,COBRANCA,APROVADO,724.28,1,,
5734,1,2024-04-10T15:00:00+00,PIX,COBRANCA,APROVADO,1179.68,1,,
5735,1,2024-05-27T15:00:00+00,PIX,COBRANCA,APROVADO,1831.32,1,,
5736,1,2024-06-16T15:00:00+00,PIX,COBRANCA,APROVADO,1266.77,1,,
5737,1,2024-07-05T15:00:00+00,PIX,COBRANCA,APROVADO,671.35,1,,
5738,1,2024-08-22T15:00:00+00,PIX,COBRANCA,APROVADO,767.90,1,,
5739,1,2024-09-11T15:00:00+00,PIX,COBRANCA,APROVADO,1056.37,1,,
5740,1,2024-10-28T15:00:00+00,PIX,COBRANCA,APROVADO,1069.00,1,,
5741,1,2024-11-17T15:00:00+00,PIX,COBRANCA,APROVADO,437.29,1,,
5742,1,2024-11-06T15:00:00+00,PIX,COBRANCA,APROVADO,761.68,1,,
5743,1,2024-12-23T15:00:00+00,PIX,COBRANCA,APROVADO,1377.83,1,,
5744,1,2024-01-12T15:00:00+00,PIX,COBRANCA,APROVADO,280.37,1,,
5745,1,2024-02-29T15:00:00+00,PIX,COBRANCA,APROVADO,239.60,1,,
5746,1,2024-03-18T15:00:00+00,PIX,COBRANCA,APROVADO,433.48,1,,
5747,1,2024-04-07T15:00:00+00,PIX,COBRANCA,APROVADO,588.15,1,,
5748,1,2024-05-24T15:00:00+00,PIX,COBRANCA,APROVADO,451.97,1,,
5749,1,2024-06-13T15:00:00+00,PIX,COBRANCA,APROVADO,287.31,1,,
5750,1,2024-07-02T15:00:00+00,PIX,COBRANCA,APROVADO,588.55,1,,
5751,1,2024-08-19T15:00:00+00,PIX,COBRANCA,APROVADO,975.56,1,,
5752,1,2024-09-08T15:00:00+00,PIX,COBRANCA,APROVADO,626.77,1,,
5753,1,2024-10-25T15:00:00+00,PIX,COBRANCA,APROVADO,431.42,1,,
5754,1,2024-11-14T15:00:00+00,PIX,COBRANCA,APROVADO,793.91,1,,
5755,1,2024-11-03T15:00:00+00,PIX,COBRANCA,APROVADO,1189.28,1,,
5756,1,2024-12-20T15:00:00+00,PIX,COBRANCA,APROVADO,774.73,1,,
5757,1,2024-01-09T15:00:00+00,PIX,COBRANCA,APROVADO,513.62,1,,
5758,1,2024-02-26T15:00:00+00,PIX,COBRANCA,APROVADO,941.87,1,,
5759,1,2024-03-15T15:00:00+00,PIX,COBRANCA,APROVADO,1403.00,1,,
5760,1,2024-04-04T15:00:00+00,PIX,COBRANCA,APROVADO,922.69,1,,
5761,1,2024-05-21T15:00:00+00,PIX,COBRANCA,APROVADO,595.82,1,,
5762,1,2024-06-10T15:00:00+00,PIX,COBRANCA,APROVADO,1089.83,1,,
5763,1,2024-07-27T15:00:00+00,PIX,COBRANCA,APROVADO,1616.72,1,,
5764,1,2024-08-16T15:00:00+00,PIX,COBRANCA,APROVADO,1070.65,1,,
5765,1,2024-09-05T15:00:00+00,PIX,COBRANCA,APROVADO,678.02,1,,
5766,1,2024-10-22T15:00:00+00,PIX,COBRANCA,APROVADO,1237.79,1,,
5767,1,2024-11-11T15:00:00+00,PIX,COBRANCA,APROVADO,1830.44,1,,
5768,1,2024-11-28T15:00:00+00,PIX,COBRANCA,APROVADO,1218.61,1,,
5769,1,2024-12-17T15:00:00+00,PIX,COBRANCA,APROVADO,760.22,1,,
5770,1,2024-01-06T15:00:00+00,PIX,COBRANCA,APROVADO,1385.75,1,,
5771,1,2024-02-23T15:00:00+00,PIX,COBRANCA,APROVADO,2044.16,1,,
5772,1,2024-03-12T15:00:00+00,PIX,COBRANCA,APROVADO,1366.57,1,,
5773,1,2024-04-29T15:00:00+00,PIX,COBRANCA,APROVADO,842.42,1,,
5774,1,2024-05-18T15:00:00+00,PIX,COBRANCA,APROVADO,1533.71,1,,
5775,1,2024-06-07T15:00:00+00,PIX,COBRANCA,APROVADO,2257.88,1,,
5776,1,2024-07-24T15:00:00+00,PIX,COBRANCA,APROVADO,1361.09,1,,
5777,1,2024-08-13T15:00:00+00,PIX,COBRANCA,APROVADO,464.30,1,,
5778,1,2024-09-02T15:00:00+00,PIX,COBRANCA,APROVADO,914.47,1,,
5779,1,2024-10-19T15:00:00+00,PIX,COBRANCA,APROVADO,1397.52,1,,
5780,1,2024-11-08T15:00:00+00,PIX,COBRANCA,APROVADO,1509.05,1,,
5781,1,2024-11-25T15:00:00+00,PIX,COBRANCA,APROVADO,215.05,1,,
5782,1,2024-12-14T15:00:00+00,PIX,COBRANCA,APROVADO,346.86,1,,
5783,1,2024-01-03T15:00:00+00,PIX,COBRANCA,APROVADO,634.82,1,,
5784,1,2024-02-20T15:00:00+00,PIX,COBRANCA,APROVADO,363.70,1,,
5785,1,2024-03-09T15:00:00+00,PIX,COBRANCA,APROVADO,287.27,1,,
5786,1,2024-04-26T15:00:00+00,PIX,COBRANCA,APROVADO,519.47,1,,
5787,1,2024-05-15T15:00:00+00,PIX,COBRANCA,APROVADO,698.31,1,,
5788,1,2024-06-04T15:00:00+00,PIX,COBRANCA,APROVADO,545.11,1,,
5789,1,2024-07-21T15:00:00+00,PIX,COBRANCA,APROVADO,332.26,1,,
5790,1,2024-08-10T15:00:00+00,PIX,COBRANCA,APROVADO,653.33,1,,
5791,1,2024-09-27T15:00:00+00,PIX,COBRANCA,APROVADO,974.08,1,,
5792,1,2024-10-16T15:00:00+00,PIX,COBRANCA,APROVADO,577.97,1,,
5793,1,2024-11-05T15:00:00+00,PIX,COBRANCA,APROVADO,446.99,1,,
5794,1,2024-11-22T15:00:00+00,PIX,COBRANCA,APROVADO,733.62,1,,
5795,1,2024-12-11T15:00:00+00,PIX,COBRANCA,APROVADO,1159.17,1,,
5796,1,2024-01-28T15:00:00+00,PIX,COBRANCA,APROVADO,781.53,1,,
5797,1,2024-02-17T15:00:00+00,PIX,COBRANCA,APROVADO,439.28,1,,
5798,1,2024-03-06T15:00:00+00,PIX,COBRANCA,APROVADO,958.02,1,,
5799,1,2024-04-23T15:00:00+00,PIX,COBRANCA,APROVADO,1270.64,1,,
5800,1,2024-05-12T15:00:00+00,PIX,COBRANCA,APROVADO,802.45,1,,
5801,1,2024-06-29T15:00:00+00,PIX,COBRANCA,APROVADO,650.62,1,,
5802,1,2024-07-18T15:00:00+00,PIX,COBRANCA,APROVADO,1188.47,1,,
5803,1,2024-08-07T15:00:00+00,PIX,COBRANCA,APROVADO,1759.20,1,,
5804,1,2024-09-24T15:00:00+00,PIX,COBRANCA,APROVADO,1169.29,1,,
5805,1,2024-10-13T15:00:00+00,PIX,COBRANCA,APROVADO,732.82,1,,
5806,1,2024-11-02T15:00:00+00,PIX,COBRANCA,APROVADO,1336.43,1,,
5807,1,2024-11-19T15:00:00+00,PIX,COBRANCA,APROVADO,1972.92,1,,
5808,1,2024-12-08T15:00:00+00,PIX,COBRANCA,APROVADO,1317.25,1,,
5809,1,2024-01-25T15:00:00+00,PIX,COBRANCA,APROVADO,815.02,1,,
5810,1,2024-02-14T15:00:00+00,PIX,COBRANCA,APROVADO,1484.39,1,,
5811,1,2024-03-03T15:00:00+00,PIX,COBRANCA,APROVADO,2186.64,1,,
5812,1,2024-04-20T15:00:00+00,PIX,COBRANCA,APROVADO,1465.21,1,,
5813,1,2024-05-09T15:00:00+00,PIX,COBRANCA,APROVADO,436.90,1,,
5814,1,2024-06-26T15:00:00+00,PIX,COBRANCA,APROVADO,865.15,1,,
5815,1,2024-07-15T15:00:00+00,PIX,COBRANCA,APROVADO,1326.28,1,,
5816,1,2024-08-04T15:00:00+00,PIX,COBRANCA,APROVADO,1459.73,1,,
5817,1,2024-09-21T15:00:00+00,PIX,COBRANCA,APROVADO,519.10,1,,
5818,1,2024-10-10T15:00:00+00,PIX,COBRANCA,APROVADO,1013.11,1,,
5819,1,2024-11-27T15:00:00+00,PIX,COBRANCA,APROVADO,619.36,1,,
5820,1,2024-11-16T15:00:00+00,PIX,COBRANCA,APROVADO,380.17,1,,
5821,1,2024-12-05T15:00:00+00,PIX,COBRANCA,APROVADO,294.42,1,,
5822,1,2024-01-22T15:00:00+00,PIX,COBRANCA,APROVADO,547.31,1,,
5823,1,2024-02-11T15:00:00+00,PIX,COBRANCA,APROVADO,833.08,1,,
5824,1,2024-03-28T15:00:00+00,PIX,COBRANCA,APROVADO,528.13,1,,
5825,1,2024-04-17T15:00:00+00,PIX,COBRANCA,APROVADO,376.62,1,,
5826,1,2024-05-06T15:00:00+00,PIX,COBRANCA,APROVADO,695.27,1,,
5827,1,2024-06-23T15:00:00+00,PIX,COBRANCA,APROVADO,1046.80,1,,
5828,1,2024-07-12T15:00:00+00,PIX,COBRANCA,APROVADO,676.09,1,,
5829,1,2024-08-29T15:00:00+00,PIX,COBRANCA,APROVADO,458.82,1,,
5830,1,2024-09-18T15:00:00+00,PIX,COBRANCA,APROVADO,843.23,1,,
5831,1,2024-10-07T15:00:00+00,PIX,COBRANCA,APROVADO,1148.52,1,,
5832,1,2024-11-24T15:00:00+00,PIX,COBRANCA,APROVADO,656.35,1,,
5833,1,2024-11-13T15:00:00+00,PIX,COBRANCA,APROVADO,497.39,1,,
5834,1,2024-12-02T15:00:00+00,PIX,COBRANCA,APROVADO,814.70,1,,
5835,1,2024-01-19T15:00:00+00,PIX,COBRANCA,APROVADO,1281.43,1,,
5836,1,2024-02-08T15:00:00+00,PIX,COBRANCA,APROVADO,869.80,1,,
5837,1,2024-03-25T15:00:00+00,PIX,COBRANCA,APROVADO,481.48,1,,
5838,1,2024-04-14T15:00:00+00,PIX,COBRANCA,APROVADO,1049.01,1,,
5839,1,2024-05-03T15:00:00+00,PIX,COBRANCA,APROVADO,1387.88,1,,
5840,1,2024-06-20T15:00:00+00,PIX,COBRANCA,APROVADO,871.99,1,,
5841,1,2024-07-09T15:00:00+00,PIX,COBRANCA,APROVADO,614.01,1,,
5842,1,2024-08-26T15:00:00+00,PIX,COBRANCA,APROVADO,994.33,1,,
5843,1,2024-09-15T15:00:00+00,PIX,COBRANCA,APROVADO,1752.70,1,,
5844,1,2024-10-04T15:00:00+00,PIX,COBRANCA,APROVADO,1071.74,1,,
5845,1,2024-11-21T15:00:00+00,PIX,COBRANCA,APROVADO,692.51,1,,
5846,1,2024-11-10T15:00:00+00,PIX,COBRANCA,APROVADO,1250.82,1,,
5847,1,2024-12-27T15:00:00+00,PIX,COBRANCA,APROVADO,1634.58,1,,
5848,1,2024-01-16T15:00:00+00,PIX,COBRANCA,APROVADO,1336.96,1,,
5849,1,2024-02-05T15:00:00+00,PIX,COBRANCA,APROVADO,714.18,1,,
5850,1,2024-03-22T15:00:00+00,PIX,COBRANCA,APROVADO,654.31,1,,
5851,1,2024-04-11T15:00:00+00,PIX,COBRANCA,APROVADO,1255.04,1,,
5852,1,2024-05-28T15:00:00+00,PIX,COBRANCA,APROVADO,1410.41,1,,
5853,1,2024-06-17T15:00:00+00,PIX,COBRANCA,APROVADO,491.70,1,,
5854,1,2024-07-06T15:00:00+00,PIX,COBRANCA,APROVADO,963.79,1,,
5855,1,2024-08-23T15:00:00+00,PIX,COBRANCA,APROVADO,1468.76,1,,
5856,1,2024-09-12T15:00:00+00,PIX,COBRANCA,APROVADO,330.85,1,,
5857,1,2024-10-29T15:00:00+00,PIX,COBRANCA,APROVADO,267.02,1,,
5858,1,2024-11-18T15:00:00+00,PIX,COBRANCA,APROVADO,497.99,1,,
5859,1,2024-11-07T15:00:00+00,PIX,COBRANCA,APROVADO,761.84,1,,
5860,1,2024-12-24T15:00:00+00,PIX,COBRANCA,APROVADO,478.81,1,,
5861,1,2024-01-13T15:00:00+00,PIX,COBRANCA,APROVADO,349.22,1,,
5862,1,2024-02-02T15:00:00+00,PIX,COBRANCA,APROVADO,645.95,1,,
5863,1,2024-03-19T15:00:00+00,PIX,COBRANCA,APROVADO,975.56,1,,
5864,1,2024-04-08T15:00:00+00,PIX,COBRANCA,APROVADO,626.77,1,,
5865,1,2024-05-25T15:00:00+00,PIX,COBRANCA,APROVADO,431.42,1,,
5866,1,2024-06-14T15:00:00+00,PIX,COBRANCA,APROVADO,793.91,1,,
5867,1,2024-07-03T15:00:00+00,PIX,COBRANCA,APROVADO,1189.28,1,,
5868,1,2024-08-20T15:00:00+00,PIX,COBRANCA,APROVADO,774.73,1,,
5869,1,2024-09-09T15:00:00+00,PIX,COBRANCA,APROVADO,513.62,1,,
5870,1,2024-10-26T15:00:00+00,PIX,COBRANCA,APROVADO,941.87,1,,
5871,1,2024-11-15T15:00:00+00,PIX,COBRANCA,APROVADO,1403.00,1,,
5872,1,2024-11-04T15:00:00+00,PIX,COBRANCA,APROVADO,922.69,1,,
5873,1,2024-12-21T15:00:00+00,PIX,COBRANCA,APROVADO,595.82,1,,
5874,1,2024-01-10T15:00:00+00,PIX,COBRANCA,APROVADO,1089.83,1,,
5875,1,2024-02-27T15:00:00+00,PIX,COBRANCA,APROVADO,1616.72,1,,
5876,1,2024-03-16T15:00:00+00,PIX,COBRANCA,APROVADO,1070.65,1,,
5877,1,2024-04-05T15:00:00+00,PIX,COBRANCA,APROVADO,678.02,1,,
5878,1,2024-05-22T15:00:00+00,PIX,COBRANCA,APROVADO,1237.79,1,,
5879,1,2024-06-11T15:00:00+00,PIX,COBRANCA,APROVADO,1830.44,1,,
5880,1,2024-07-28T15:00:00+00,PIX,COBRANCA,APROVADO,1218.61,1,,
5881,1,2024-08-17T15:00:00+00,PIX,COBRANCA,APROVADO,688.79,1,,
5882,1,2024-09-06T15:00:00+00,PIX,COBRANCA,APROVADO,1070.47,1,,
5883,1,2024-10-23T15:00:00+00,PIX,COBRANCA,APROVADO,1884.18,1,,
5884,1,2024-11-12T15:00:00+00,PIX,COBRANCA,APROVADO,1154.99,1,,
5885,1,2024-11-29T15:00:00+00,PIX,COBRANCA,APROVADO,740.18,1,,
5886,1,2024-12-18T15:00:00+00,PIX,COBRANCA,APROVADO,1336.86,1,,
5887,1,2024-01-07T15:00:00+00,PIX,COBRANCA,APROVADO,1744.68,1,,
5888,1,2024-02-24T15:00:00+00,PIX,COBRANCA,APROVADO,1292.00,1,,
5889,1,2024-03-13T15:00:00+00,PIX,COBRANCA,APROVADO,390.88,1,,
5890,1,2024-04-02T15:00:00+00,PIX,COBRANCA,APROVADO,731.44,1,,
5891,1,2024-05-19T15:00:00+00,PIX,COBRANCA,APROVADO,1242.90,1,,
5892,1,2024-06-08T15:00:00+00,PIX,COBRANCA,APROVADO,1207.30,1,,
5893,1,2024-07-25T15:00:00+00,PIX,COBRANCA,APROVADO,220.12,1,,
5894,1,2024-08-14T15:00:00+00,PIX,COBRANCA,APROVADO,368.64,1,,
5895,1,2024-09-03T15:00:00+00,PIX,COBRANCA,APROVADO,609.28,1,,
5896,1,2024-10-20T15:00:00+00,PIX,COBRANCA,APROVADO,384.49,1,,
5897,1,2024-11-09T15:00:00+00,PIX,COBRANCA,APROVADO,249.39,1,,
5898,1,2024-11-26T15:00:00+00,PIX,COBRANCA,APROVADO,548.67,1,,
5899,1,2024-12-15T15:00:00+00,PIX,COBRANCA,APROVADO,742.90,1,,
5900,1,2024-01-04T15:00:00+00,PIX,COBRANCA,APROVADO,457.21,1,,
5901,1,2024-02-21T15:00:00+00,PIX,COBRANCA,APROVADO,404.02,1,,
5902,1,2024-03-10T15:00:00+00,PIX,COBRANCA,APROVADO,744.59,1,,
5903,1,2024-04-27T15:00:00+00,PIX,COBRANCA,APROVADO,1118.04,1,,
5904,1,2024-05-16T15:00:00+00,PIX,COBRANCA,APROVADO,725.41,1,,
5905,1,2024-06-05T15:00:00+00,PIX,COBRANCA,APROVADO,486.22,1,,
5906,1,2024-07-22T15:00:00+00,PIX,COBRANCA,APROVADO,892.55,1,,
5907,1,2024-08-11T15:00:00+00,PIX,COBRANCA,APROVADO,1331.76,1,,
5908,1,2024-09-28T15:00:00+00,PIX,COBRANCA,APROVADO,873.37,1,,
5909,1,2024-10-17T15:00:00+00,PIX,COBRANCA,APROVADO,568.42,1,,
5910,1,2024-11-06T15:00:00+00,PIX,COBRANCA,APROVADO,1040.51,1,,
5911,1,2024-11-23T15:00:00+00,PIX,COBRANCA,APROVADO,1545.48,1,,
5912,1,2024-12-12T15:00:00+00,PIX,COBRANCA,APROVADO,1021.33,1,,
5913,1,2024-01-29T15:00:00+00,PIX,COBRANCA,APROVADO,650.62,1,,
5914,1,2024-02-18T15:00:00+00,PIX,COBRANCA,APROVADO,1188.47,1,,
5915,1,2024-03-07T15:00:00+00,PIX,COBRANCA,APROVADO,1759.20,1,,
5916,1,2024-04-24T15:00:00+00,PIX,COBRANCA,APROVADO,1169.29,1,,
5917,1,2024-05-13T15:00:00+00,PIX,COBRANCA,APROVADO,732.82,1,,
5918,1,2024-06-02T15:00:00+00,PIX,COBRANCA,APROVADO,1336.43,1,,
5919,1,2024-07-19T15:00:00+00,PIX,COBRANCA,APROVADO,1972.92,1,,
5920,1,2024-08-08T15:00:00+00,PIX,COBRANCA,APROVADO,1317.25,1,,
5921,1,2024-09-25T15:00:00+00,PIX,COBRANCA,APROVADO,815.02,1,,
5922,1,2024-10-14T15:00:00+00,PIX,COBRANCA,APROVADO,1484.39,1,,
5923,1,2024-11-03T15:00:00+00,PIX,COBRANCA,APROVADO,2186.64,1,,
5924,1,2024-11-20T15:00:00+00,PIX,COBRANCA,APROVADO,1465.21,1,,
5925,1,2024-12-09T15:00:00+00,PIX,COBRANCA,APROVADO,436.90,1,,
5926,1,2024-01-26T15:00:00+00,PIX,COBRANCA,APROVADO,865.15,1,,
5927,1,2024-02-15T15:00:00+00,PIX,COBRANCA,APROVADO,1326.28,1,,
5928,1,2024-03-04T15:00:00+00,PIX,COBRANCA,APROVADO,1459.73,1,,
5929,1,2024-04-21T15:00:00+00,PIX,COBRANCA,APROVADO,519.10,1,,
5930,1,2024-05-10T15:00:00+00,PIX,COBRANCA,APROVADO,1013.11,1,,
5931,1,2024-06-27T15:00:00+00,PIX,COBRANCA,APROVADO,559.09,1,,
5932,1,2024-07-16T15:00:00+00,PIX,COBRANCA,APROVADO,303.68,1,,
5933,1,2024-08-05T15:00:00+00,PIX,COBRANCA,APROVADO,270.52,1,,
5934,1,2024-09-22T15:00:00+00,PIX,COBRANCA,APROVADO,449.77,1,,
5935,1,2024-10-11T15:00:00+00,PIX,COBRANCA,APROVADO,731.47,1,,
5936,1,2024-11-28T15:00:00+00,PIX,COBRANCA,APROVADO,472.76,1,,
5937,1,2024-11-17T15:00:00+00,PIX,COBRANCA,APROVADO,291.59,1,,
5938,1,2024-12-06T15:00:00+00,PIX,COBRANCA,APROVADO,639.66,1,,
5939,1,2024-01-23T15:00:00+00,PIX,COBRANCA,APROVADO,860.21,1,,
5940,1,2024-02-12T15:00:00+00,PIX,COBRANCA,APROVADO,529.22,1,,
5941,1,2024-03-29T15:00:00+00,PIX,COBRANCA,APROVADO,399.47,1,,
5942,1,2024-04-18T15:00:00+00,PIX,COBRANCA,APROVADO,651.54,1,,
5943,1,2024-05-07T15:00:00+00,PIX,COBRANCA,APROVADO,1160.81,1,,
5944,1,2024-06-24T15:00:00+00,PIX,COBRANCA,APROVADO,696.85,1,,
5945,1,2024-07-13T15:00:00+00,PIX,COBRANCA,APROVADO,477.98,1,,
5946,1,2024-08-02T15:00:00+00,PIX,COBRANCA,APROVADO,863.66,1,,
5947,1,2024-09-19T15:00:00+00,PIX,COBRANCA,APROVADO,1138.89,1,,
5948,1,2024-10-08T15:00:00+00,PIX,COBRANCA,APROVADO,917.77,1,,
5949,1,2024-11-25T15:00:00+00,PIX,COBRANCA,APROVADO,511.99,1,,
5950,1,2024-11-14T15:00:00+00,PIX,COBRANCA,APROVADO,1026.95,1,,
5951,1,2024-12-03T15:00:00+00,PIX,COBRANCA,APROVADO,1687.96,1,,
5952,1,2024-01-20T15:00:00+00,PIX,COBRANCA,APROVADO,1119.97,1,,
5953,1,2024-02-09T15:00:00+00,PIX,COBRANCA,APROVADO,705.42,1,,
5954,1,2024-03-26T15:00:00+00,PIX,COBRANCA,APROVADO,1287.11,1,,
5955,1,2024-04-15T15:00:00+00,PIX,COBRANCA,APROVADO,1901.68,1,,
5956,1,2024-05-04T15:00:00+00,PIX,COBRANCA,APROVADO,1267.93,1,,
5957,1,2024-06-21T15:00:00+00,PIX,COBRANCA,APROVADO,787.62,1,,
5958,1,2024-07-10T15:00:00+00,PIX,COBRANCA,APROVADO,1435.07,1,,
5959,1,2024-08-27T15:00:00+00,PIX,COBRANCA,APROVADO,2115.40,1,,
5960,1,2024-09-16T15:00:00+00,PIX,COBRANCA,APROVADO,1415.89,1,,
5961,1,2024-10-05T15:00:00+00,PIX,COBRANCA,APROVADO,869.82,1,,
5962,1,2024-11-22T15:00:00+00,PIX,COBRANCA,APROVADO,815.83,1,,
5963,1,2024-11-11T15:00:00+00,PIX,COBRANCA,APROVADO,1255.04,1,,
5964,1,2024-12-28T15:00:00+00,PIX,COBRANCA,APROVADO,1410.41,1,,
5965,1,2024-01-17T15:00:00+00,PIX,COBRANCA,APROVADO,491.70,1,,
5966,1,2024-02-06T15:00:00+00,PIX,COBRANCA,APROVADO,963.79,1,,
5967,1,2024-03-23T15:00:00+00,PIX,COBRANCA,APROVADO,1468.76,1,,
5968,1,2024-04-12T15:00:00+00,PIX,COBRANCA,APROVADO,330.85,1,,
5969,1,2024-05-29T15:00:00+00,PIX,COBRANCA,APROVADO,267.02,1,,
5970,1,2024-06-18T15:00:00+00,PIX,COBRANCA,APROVADO,497.99,1,,
5971,1,2024-07-07T15:00:00+00,PIX,COBRANCA,APROVADO,761.84,1,,
5972,1,2024-08-24T15:00:00+00,PIX,COBRANCA,APROVADO,478.81,1,,
5973,1,2024-09-13T15:00:00+00,PIX,COBRANCA,APROVADO,349.22,1,,
5974,1,2024-10-02T15:00:00+00,PIX,COBRANCA,APROVADO,645.95,1,,
5975,1,2024-11-19T15:00:00+00,PIX,COBRANCA,APROVADO,975.56,1,,
5976,1,2024-11-08T15:00:00+00,PIX,COBRANCA,APROVADO,626.77,1,,
5977,1,2024-12-25T15:00:00+00,PIX,COBRANCA,APROVADO,431.42,1,,
5978,1,2024-01-14T15:00:00+00,PIX,COBRANCA,APROVADO,793.91,1,,
5979,1,2024-02-03T15:00:00+00,PIX,COBRANCA,APROVADO,1189.28,1,,
5980,1,2024-03-20T15:00:00+00,PIX,COBRANCA,APROVADO,774.73,1,,
5981,1,2024-04-09T15:00:00+00,PIX,COBRANCA,APROVADO,464.39,1,,
5982,1,2024-05-26T15:00:00+00,PIX,COBRANCA,APROVADO,727.72,1,,
5983,1,2024-06-15T15:00:00+00,PIX,COBRANCA,APROVADO,1292.42,1,,
5984,1,2024-07-04T15:00:00+00,PIX,COBRANCA,APROVADO,780.18,1,,
5985,1,2024-08-21T15:00:00+00,PIX,COBRANCA,APROVADO,525.65,1,,
5986,1,2024-09-10T15:00:00+00,PIX,COBRANCA,APROVADO,949.65,1,,
5987,1,2024-10-27T15:00:00+00,PIX,COBRANCA,APROVADO,1249.05,1,,
5988,1,2024-11-16T15:00:00+00,PIX,COBRANCA,APROVADO,1010.91,1,,
5989,1,2024-11-05T15:00:00+00,PIX,COBRANCA,APROVADO,556.94,1,,
5990,1,2024-12-22T15:00:00+00,PIX,COBRANCA,APROVADO,1078.03,1,,
5991,1,2024-01-11T15:00:00+00,PIX,COBRANCA,APROVADO,1596.06,1,,
5992,1,2024-02-28T15:00:00+00,PIX,COBRANCA,APROVADO,969.79,1,,
5993,1,2024-03-17T15:00:00+00,PIX,COBRANCA,APROVADO,699.07,1,,
5994,1,2024-04-06T15:00:00+00,PIX,COBRANCA,APROVADO,1139.14,1,,
5995,1,2024-05-23T15:00:00+00,PIX,COBRANCA,APROVADO,1770.19,1,,
5996,1,2024-06-12T15:00:00+00,PIX,COBRANCA,APROVADO,1222.67,1,,
5997,1,2024-07-29T15:00:00+00,PIX,COBRANCA,APROVADO,650.26,1,,
5998,1,2024-08-18T15:00:00+00,PIX,COBRANCA,APROVADO,1412.86,1,,
5999,1,2024-09-07T15:00:00+00,PIX,COBRANCA,APROVADO,1857.00,1,,
6000,1,2024-10-24T15:00:00+00,PIX,COBRANCA,APROVADO,1032.61,1,,
6001,1,2024-11-13T15:00:00+00,PIX,COBRANCA,APROVADO,464.30,1,,
6002,1,2024-11-02T15:00:00+00,PIX,COBRANCA,APROVADO,914.47,1,,
6003,1,2024-12-19T15:00:00+00,PIX,COBRANCA,APROVADO,1397.52,1,,
6004,1,2024-01-08T15:00:00+00,PIX,COBRANCA,APROVADO,1509.05,1,,
6005,1,2024-02-25T15:00:00+00,PIX,COBRANCA,APROVADO,239.62,1,,
6006,1,2024-03-14T15:00:00+00,PIX,COBRANCA,APROVADO,448.67,1,,
6007,1,2024-04-03T15:00:00+00,PIX,COBRANCA,APROVADO,690.60,1,,
6008,1,2024-05-20T15:00:00+00,PIX,COBRANCA,APROVADO,429.49,1,,
6009,1,2024-06-09T15:00:00+00,PIX,COBRANCA,APROVADO,321.82,1,,
6010,1,2024-07-26T15:00:00+00,PIX,COBRANCA,APROVADO,596.63,1,,
6011,1,2024-08-15T15:00:00+00,PIX,COBRANCA,APROVADO,904.32,1,,
6012,1,2024-09-04T15:00:00+00,PIX,COBRANCA,APROVADO,577.45,1,,
6013,1,2024-10-21T15:00:00+00,PIX,COBRANCA,APROVADO,404.02,1,,
6014,1,2024-11-10T15:00:00+00,PIX,COBRANCA,APROVADO,744.59,1,,
6015,1,2024-11-27T15:00:00+00,PIX,COBRANCA,APROVADO,1118.04,1,,
6016,1,2024-12-16T15:00:00+00,PIX,COBRANCA,APROVADO,725.41,1,,
6017,1,2024-01-05T15:00:00+00,PIX,COBRANCA,APROVADO,486.22,1,,
6018,1,2024-02-22T15:00:00+00,PIX,COBRANCA,APROVADO,892.55,1,,
6019,1,2024-03-11T15:00:00+00,PIX,COBRANCA,APROVADO,1331.76,1,,
6020,1,2024-04-28T15:00:00+00,PIX,COBRANCA,APROVADO,873.37,1,,
6021,1,2024-05-17T15:00:00+00,PIX,COBRANCA,APROVADO,568.42,1,,
6022,1,2024-06-06T15:00:00+00,PIX,COBRANCA,APROVADO,1040.51,1,,
6023,1,2024-07-23T15:00:00+00,PIX,COBRANCA,APROVADO,1545.48,1,,
6024,1,2024-08-12T15:00:00+00,PIX,COBRANCA,APROVADO,1021.33,1,,
6025,1,2024-09-29T15:00:00+00,PIX,COBRANCA,APROVADO,650.62,1,,
6026,1,2024-10-18T15:00:00+00,PIX,COBRANCA,APROVADO,1188.47,1,,
6027,1,2024-11-07T15:00:00+00,PIX,COBRANCA,APROVADO,1759.20,1,,
6028,1,2024-11-24T15:00:00+00,PIX,COBRANCA,APROVADO,1169.29,1,,
6029,1,2024-12-13T15:00:00+00,PIX,COBRANCA,APROVADO,732.82,1,,
6030,1,2024-01-02T15:00:00+00,PIX,COBRANCA,APROVADO,1336.43,1,,
6031,1,2024-02-19T15:00:00+00,PIX,COBRANCA,APROVADO,1803.38,1,,
6032,1,2024-03-08T15:00:00+00,PIX,COBRANCA,APROVADO,1048.17,1,,
6033,1,2024-04-25T15:00:00+00,PIX,COBRANCA,APROVADO,749.47,1,,
6034,1,2024-05-14T15:00:00+00,PIX,COBRANCA,APROVADO,1220.22,1,,
6035,1,2024-06-03T15:00:00+00,PIX,COBRANCA,APROVADO,1892.45,1,,
6036,1,2024-07-20T15:00:00+00,PIX,COBRANCA,APROVADO,1310.94,1,,
6037,1,2024-08-09T15:00:00+00,PIX,COBRANCA,APROVADO,347.22,1,,
6038,1,2024-09-26T15:00:00+00,PIX,COBRANCA,APROVADO,813.35,1,,
6039,1,2024-10-15T15:00:00+00,PIX,COBRANCA,APROVADO,1114.99,1,,
6040,1,2024-11-04T15:00:00+00,PIX,COBRANCA,APROVADO,1107.08,1,,
6041,1,2024-11-21T15:00:00+00,PIX,COBRANCA,APROVADO,461.13,1,,
6042,1,2024-12-10T15:00:00+00,PIX,COBRANCA,APROVADO,799.79,1,,
6043,1,2024-01-27T15:00:00+00,PIX,COBRANCA,APROVADO,568.98,1,,
6044,1,2024-02-16T15:00:00+00,PIX,COBRANCA,APROVADO,322.03,1,,
6045,1,2024-03-05T15:00:00+00,PIX,COBRANCA,APROVADO,263.42,1,,
6046,1,2024-04-22T15:00:00+00,PIX,COBRANCA,APROVADO,476.50,1,,
6047,1,2024-05-11T15:00:00+00,PIX,COBRANCA,APROVADO,643.20,1,,
6048,1,2024-06-28T15:00:00+00,PIX,COBRANCA,APROVADO,498.50,1,,
6049,1,2024-07-17T15:00:00+00,PIX,COBRANCA,APROVADO,309.77,1,,
6050,1,2024-08-06T15:00:00+00,PIX,COBRANCA,APROVADO,632.39,1,,
6051,1,2024-09-23T15:00:00+00,PIX,COBRANCA,APROVADO,1046.80,1,,
6052,1,2024-10-12T15:00:00+00,PIX,COBRANCA,APROVADO,676.09,1,,
6053,1,2024-11-29T15:00:00+00,PIX,COBRANCA,APROVADO,458.82,1,,
6054,1,2024-11-18T15:00:00+00,PIX,COBRANCA,APROVADO,843.23,1,,
6055,1,2024-12-07T15:00:00+00,PIX,COBRANCA,APROVADO,1260.52,1,,
6056,1,2024-01-24T15:00:00+00,PIX,COBRANCA,APROVADO,824.05,1,,
6057,1,2024-02-13T15:00:00+00,PIX,COBRANCA,APROVADO,541.02,1,,
6058,1,2024-03-02T15:00:00+00,PIX,COBRANCA,APROVADO,991.19,1,,
6059,1,2024-04-19T15:00:00+00,PIX,COBRANCA,APROVADO,1474.24,1,,
6060,1,2024-05-08T15:00:00+00,PIX,COBRANCA,APROVADO,972.01,1,,
6061,1,2024-06-25T15:00:00+00,PIX,COBRANCA,APROVADO,623.22,1,,
6062,1,2024-07-14T15:00:00+00,PIX,COBRANCA,APROVADO,1139.15,1,,
6063,1,2024-08-03T15:00:00+00,PIX,COBRANCA,APROVADO,1687.96,1,,
6064,1,2024-09-20T15:00:00+00,PIX,COBRANCA,APROVADO,1119.97,1,,
6065,1,2024-10-09T15:00:00+00,PIX,COBRANCA,APROVADO,705.42,1,,
6066,1,2024-11-26T15:00:00+00,PIX,COBRANCA,APROVADO,1287.11,1,,
6067,1,2024-11-15T15:00:00+00,PIX,COBRANCA,APROVADO,1901.68,1,,
6068,1,2024-12-04T15:00:00+00,PIX,COBRANCA,APROVADO,1267.93,1,,
6069,1,2024-01-21T15:00:00+00,PIX,COBRANCA,APROVADO,787.62,1,,
6070,1,2024-02-10T15:00:00+00,PIX,COBRANCA,APROVADO,1435.07,1,,
6071,1,2024-03-27T15:00:00+00,PIX,COBRANCA,APROVADO,2115.40,1,,
6072,1,2024-04-16T15:00:00+00,PIX,COBRANCA,APROVADO,1415.89,1,,
6073,1,2024-05-05T15:00:00+00,PIX,COBRANCA,APROVADO,869.82,1,,
6074,1,2024-06-22T15:00:00+00,PIX,COBRANCA,APROVADO,815.83,1,,
6075,1,2024-07-11T15:00:00+00,PIX,COBRANCA,APROVADO,1255.04,1,,
6076,1,2024-08-28T15:00:00+00,PIX,COBRANCA,APROVADO,1410.41,1,,
6077,1,2024-09-17T15:00:00+00,PIX,COBRANCA,APROVADO,491.70,1,,
6078,1,2024-10-06T15:00:00+00,PIX,COBRANCA,APROVADO,963.79,1,,
6079,1,2024-11-23T15:00:00+00,PIX,COBRANCA,APROVADO,1468.76,1,,
6080,1,2024-11-12T15:00:00+00,PIX,COBRANCA,APROVADO,330.85,1,,
6081,1,2024-12-29T15:00:00+00,PIX,COBRANCA,APROVADO,239.96,1,,
6082,1,2024-01-18T15:00:00+00,PIX,COBRANCA,APROVADO,384.93,1,,
6083,1,2024-02-07T15:00:00+00,PIX,COBRANCA,APROVADO,700.53,1,,
6084,1,2024-03-24T15:00:00+00,PIX,COBRANCA,APROVADO,405.36,1,,
6085,1,2024-04-13T15:00:00+00,PIX,COBRANCA,APROVADO,311.12,1,,
6086,1,2024-05-02T15:00:00+00,PIX,COBRANCA,APROVADO,562.49,1,,
6087,1,2024-06-19T15:00:00+00,PIX,COBRANCA,APROVADO,753.36,1,,
6088,1,2024-07-08T15:00:00+00,PIX,COBRANCA,APROVADO,591.64,1,,
6089,1,2024-08-25T15:00:00+00,PIX,COBRANCA,APROVADO,354.72,1,,
6090,1,2024-09-14T15:00:00+00,PIX,COBRANCA,APROVADO,695.82,1,,
6091,1,2024-10-03T15:00:00+00,PIX,COBRANCA,APROVADO,1036.28,1,,
6092,1,2024-11-20T15:00:00+00,PIX,COBRANCA,APROVADO,617.12,1,,
6093,1,2024-11-09T15:00:00+00,PIX,COBRANCA,APROVADO,472.20,1,,
6094,1,2024-12-26T15:00:00+00,PIX,COBRANCA,APROVADO,774.16,1,,
6095,1,2024-01-15T15:00:00+00,PIX,COBRANCA,APROVADO,1220.30,1,,
6096,1,2024-02-04T15:00:00+00,PIX,COBRANCA,APROVADO,825.63,1,,
6097,1,2024-03-21T15:00:00+00,PIX,COBRANCA,APROVADO,460.37,1,,
6098,1,2024-04-10T15:00:00+00,PIX,COBRANCA,APROVADO,1003.51,1,,
6099,1,2024-05-27T15:00:00+00,PIX,COBRANCA,APROVADO,1329.26,1,,
6100,1,2024-06-16T15:00:00+00,PIX,COBRANCA,APROVADO,840.81,1,,
6101,1,2024-07-05T15:00:00+00,PIX,COBRANCA,APROVADO,678.02,1,,
6102,1,2024-08-22T15:00:00+00,PIX,COBRANCA,APROVADO,1237.79,1,,
6103,1,2024-09-11T15:00:00+00,PIX,COBRANCA,APROVADO,1830.44,1,,
6104,1,2024-10-28T15:00:00+00,PIX,COBRANCA,APROVADO,1218.61,1,,
6105,1,2024-11-17T15:00:00+00,PIX,COBRANCA,APROVADO,760.22,1,,
6106,1,2024-11-06T15:00:00+00,PIX,COBRANCA,APROVADO,1385.75,1,,
6107,1,2024-12-23T15:00:00+00,PIX,COBRANCA,APROVADO,2044.16,1,,
6108,1,2024-01-12T15:00:00+00,PIX,COBRANCA,APROVADO,1366.57,1,,
6109,1,2024-02-29T15:00:00+00,PIX,COBRANCA,APROVADO,842.42,1,,
6110,1,2024-03-18T15:00:00+00,PIX,COBRANCA,APROVADO,1533.71,1,,
6111,1,2024-04-07T15:00:00+00,PIX,COBRANCA,APROVADO,2257.88,1,,
6112,1,2024-05-24T15:00:00+00,PIX,COBRANCA,APROVADO,1361.09,1,,
6113,1,2024-06-13T15:00:00+00,PIX,COBRANCA,APROVADO,464.30,1,,
6114,1,2024-07-02T15:00:00+00,PIX,COBRANCA,APROVADO,914.47,1,,
6115,1,2024-08-19T15:00:00+00,PIX,COBRANCA,APROVADO,1397.52,1,,
6116,1,2024-09-08T15:00:00+00,PIX,COBRANCA,APROVADO,1509.05,1,,
6117,1,2024-10-25T15:00:00+00,PIX,COBRANCA,APROVADO,239.62,1,,
6118,1,2024-11-14T15:00:00+00,PIX,COBRANCA,APROVADO,448.67,1,,
6119,1,2024-11-03T15:00:00+00,PIX,COBRANCA,APROVADO,690.60,1,,
6120,1,2024-12-20T15:00:00+00,PIX,COBRANCA,APROVADO,429.49,1,,
6121,1,2024-01-09T15:00:00+00,PIX,COBRANCA,APROVADO,321.82,1,,
6122,1,2024-02-26T15:00:00+00,PIX,COBRANCA,APROVADO,596.63,1,,
6123,1,2024-03-15T15:00:00+00,PIX,COBRANCA,APROVADO,904.32,1,,
6124,1,2024-04-04T15:00:00+00,PIX,COBRANCA,APROVADO,577.45,1,,
6125,1,2024-05-21T15:00:00+00,PIX,COBRANCA,APROVADO,404.02,1,,
6126,1,2024-06-10T15:00:00+00,PIX,COBRANCA,APROVADO,744.59,1,,
6127,1,2024-07-27T15:00:00+00,PIX,COBRANCA,APROVADO,1118.04,1,,
6128,1,2024-08-16T15:00:00+00,PIX,COBRANCA,APROVADO,725.41,1,,
6129,1,2024-09-05T15:00:00+00,PIX,COBRANCA,APROVADO,486.22,1,,
6130,1,2024-10-22T15:00:00+00,PIX,COBRANCA,APROVADO,892.55,1,,
6131,1,2024-11-11T15:00:00+00,PIX,COBRANCA,APROVADO,1213.95,1,,
6132,1,2024-11-28T15:00:00+00,PIX,COBRANCA,APROVADO,695.50,1,,
6133,1,2024-12-17T15:00:00+00,PIX,COBRANCA,APROVADO,522.60,1,,
6134,1,2024-01-06T15:00:00+00,PIX,COBRANCA,APROVADO,855.29,1,,
6135,1,2024-02-23T15:00:00+00,PIX,COBRANCA,APROVADO,1342.49,1,,
6136,1,2024-03-12T15:00:00+00,PIX,COBRANCA,APROVADO,913.90,1,,
6137,1,2024-04-29T15:00:00+00,PIX,COBRANCA,APROVADO,502.57,1,,
6138,1,2024-05-18T15:00:00+00,PIX,COBRANCA,APROVADO,1094.50,1,,
6139,1,2024-06-07T15:00:00+00,PIX,COBRANCA,APROVADO,1446.57,1,,
6140,1,2024-07-24T15:00:00+00,PIX,COBRANCA,APROVADO,910.08,1,,
6141,1,2024-08-13T15:00:00+00,PIX,COBRANCA,APROVADO,637.85,1,,
6142,1,2024-09-02T15:00:00+00,PIX,COBRANCA,APROVADO,1032.40,1,,
6143,1,2024-10-19T15:00:00+00,PIX,COBRANCA,APROVADO,1818.41,1,,
6144,1,2024-11-08T15:00:00+00,PIX,COBRANCA,APROVADO,1113.33,1,,
6145,1,2024-11-25T15:00:00+00,PIX,COBRANCA,APROVADO,716.36,1,,
6146,1,2024-12-14T15:00:00+00,PIX,COBRANCA,APROVADO,1293.84,1,,
6147,1,2024-01-03T15:00:00+00,PIX,COBRANCA,APROVADO,1689.63,1,,
6148,1,2024-02-20T15:00:00+00,PIX,COBRANCA,APROVADO,1383.57,1,,
6149,1,2024-03-09T15:00:00+00,PIX,COBRANCA,APROVADO,368.42,1,,
6150,1,2024-04-26T15:00:00+00,PIX,COBRANCA,APROVADO,698.15,1,,
6151,1,2024-11-06T15:00:00+00,PIX,COBRANCA,APROVADO,1313.38,1,,
6152,1,2024-11-23T15:00:00+00,PIX,COBRANCA,APROVADO,1446.83,1,,
6153,1,2024-12-12T15:00:00+00,PIX,COBRANCA,APROVADO,506.20,1,,
6154,1,2024-01-29T15:00:00+00,PIX,COBRANCA,APROVADO,1000.21,1,,
6155,1,2024-02-18T15:00:00+00,PIX,COBRANCA,APROVADO,606.46,1,,
6156,1,2024-03-07T15:00:00+00,PIX,COBRANCA,APROVADO,367.27,1,,
6157,1,2024-04-24T15:00:00+00,PIX,COBRANCA,APROVADO,281.52,1,,
6158,1,2024-05-13T15:00:00+00,PIX,COBRANCA,APROVADO,534.41,1,,
6159,1,2024-06-02T15:00:00+00,PIX,COBRANCA,APROVADO,820.18,1,,
6160,1,2024-07-19T15:00:00+00,PIX,COBRANCA,APROVADO,515.23,1,,
6161,1,2024-08-08T15:00:00+00,PIX,COBRANCA,APROVADO,363.72,1,,
6162,1,2024-09-25T15:00:00+00,PIX,COBRANCA,APROVADO,682.37,1,,
6163,1,2024-10-14T15:00:00+00,PIX,COBRANCA,APROVADO,1033.90,1,,
6164,1,2024-11-03T15:00:00+00,PIX,COBRANCA,APROVADO,663.19,1,,
6165,1,2024-11-20T15:00:00+00,PIX,COBRANCA,APROVADO,445.92,1,,
6166,1,2024-12-09T15:00:00+00,PIX,COBRANCA,APROVADO,830.33,1,,
6167,1,2024-01-26T15:00:00+00,PIX,COBRANCA,APROVADO,1247.62,1,,
6168,1,2024-02-15T15:00:00+00,PIX,COBRANCA,APROVADO,811.15,1,,
6169,1,2024-03-04T15:00:00+00,PIX,COBRANCA,APROVADO,528.12,1,,
6170,1,2024-04-21T15:00:00+00,PIX,COBRANCA,APROVADO,978.29,1,,
6171,1,2024-05-10T15:00:00+00,PIX,COBRANCA,APROVADO,1461.34,1,,
6172,1,2024-06-27T15:00:00+00,PIX,COBRANCA,APROVADO,959.11,1,,
6173,1,2024-07-16T15:00:00+00,PIX,COBRANCA,APROVADO,610.32,1,,
6174,1,2024-08-05T15:00:00+00,PIX,COBRANCA,APROVADO,1126.25,1,,
6175,1,2024-09-22T15:00:00+00,PIX,COBRANCA,APROVADO,1675.06,1,,
6176,1,2024-10-11T15:00:00+00,PIX,COBRANCA,APROVADO,1107.07,1,,
6177,1,2024-11-28T15:00:00+00,PIX,COBRANCA,APROVADO,692.52,1,,
6178,1,2024-11-17T15:00:00+00,PIX,COBRANCA,APROVADO,1274.21,1,,
6179,1,2024-12-06T15:00:00+00,PIX,COBRANCA,APROVADO,1888.78,1,,
6180,1,2024-01-23T15:00:00+00,PIX,COBRANCA,APROVADO,1255.03,1,,
6181,1,2024-02-12T15:00:00+00,PIX,COBRANCA,APROVADO,700.83,1,,
6182,1,2024-03-29T15:00:00+00,PIX,COBRANCA,APROVADO,1095.68,1,,
6183,1,2024-04-18T15:00:00+00,PIX,COBRANCA,APROVADO,1937.12,1,,
6184,1,2024-05-07T15:00:00+00,PIX,COBRANCA,APROVADO,1183.76,1,,
6185,1,2024-06-24T15:00:00+00,PIX,COBRANCA,APROVADO,751.13,1,,
6186,1,2024-07-13T15:00:00+00,PIX,COBRANCA,APROVADO,714.83,1,,
6187,1,2024-08-02T15:00:00+00,PIX,COBRANCA,APROVADO,981.33,1,,
6188,1,2024-09-19T15:00:00+00,PIX,COBRANCA,APROVADO,1325.72,1,,
6189,1,2024-10-08T15:00:00+00,PIX,COBRANCA,APROVADO,400.44,1,,
6190,1,2024-11-25T15:00:00+00,PIX,COBRANCA,APROVADO,760.98,1,,
6191,1,2024-11-14T15:00:00+00,PIX,COBRANCA,APROVADO,1292.20,1,,
6192,1,2024-12-03T15:00:00+00,PIX,COBRANCA,APROVADO,251.63,1,,
6193,1,2024-01-20T15:00:00+00,PIX,COBRANCA,APROVADO,232.41,1,,
6194,1,2024-02-09T15:00:00+00,PIX,COBRANCA,APROVADO,396.28,1,,
6195,1,2024-03-26T15:00:00+00,PIX,COBRANCA,APROVADO,657.51,1,,
6196,1,2024-04-15T15:00:00+00,PIX,COBRANCA,APROVADO,415.76,1,,
6197,1,2024-05-04T15:00:00+00,PIX,COBRANCA,APROVADO,257.60,1,,
6198,1,2024-06-21T15:00:00+00,PIX,COBRANCA,APROVADO,581.27,1,,
6199,1,2024-07-10T15:00:00+00,PIX,COBRANCA,APROVADO,788.62,1,,
6200,1,2024-08-27T15:00:00+00,PIX,COBRANCA,APROVADO,482.67,1,,
6201,1,2024-09-16T15:00:00+00,PIX,COBRANCA,APROVADO,418.52,1,,
6202,1,2024-10-05T15:00:00+00,PIX,COBRANCA,APROVADO,781.01,1,,
6203,1,2024-11-22T15:00:00+00,PIX,COBRANCA,APROVADO,1176.38,1,,
6204,1,2024-11-11T15:00:00+00,PIX,COBRANCA,APROVADO,761.83,1,,
6205,1,2024-12-28T15:00:00+00,PIX,COBRANCA,APROVADO,500.72,1,,
6206,1,2024-01-17T15:00:00+00,PIX,COBRANCA,APROVADO,928.97,1,,
6207,1,2024-02-06T15:00:00+00,PIX,COBRANCA,APROVADO,1390.10,1,,
6208,1,2024-03-23T15:00:00+00,PIX,COBRANCA,APROVADO,909.79,1,,
6209,1,2024-04-12T15:00:00+00,PIX,COBRANCA,APROVADO,582.92,1,,
6210,1,2024-05-29T15:00:00+00,PIX,COBRANCA,APROVADO,1076.93,1,,
6211,1,2024-06-18T15:00:00+00,PIX,COBRANCA,APROVADO,1603.82,1,,
6212,1,2024-07-07T15:00:00+00,PIX,COBRANCA,APROVADO,1057.75,1,,
6213,1,2024-08-24T15:00:00+00,PIX,COBRANCA,APROVADO,665.12,1,,
6214,1,2024-09-13T15:00:00+00,PIX,COBRANCA,APROVADO,1224.89,1,,
6215,1,2024-10-02T15:00:00+00,PIX,COBRANCA,APROVADO,1817.54,1,,
6216,1,2024-11-19T15:00:00+00,PIX,COBRANCA,APROVADO,1205.71,1,,
6217,1,2024-11-08T15:00:00+00,PIX,COBRANCA,APROVADO,747.32,1,,
6218,1,2024-12-25T15:00:00+00,PIX,COBRANCA,APROVADO,1372.85,1,,
6219,1,2024-01-14T15:00:00+00,PIX,COBRANCA,APROVADO,2031.26,1,,
6220,1,2024-02-03T15:00:00+00,PIX,COBRANCA,APROVADO,1353.67,1,,
6221,1,2024-03-20T15:00:00+00,PIX,COBRANCA,APROVADO,829.52,1,,
6222,1,2024-04-09T15:00:00+00,PIX,COBRANCA,APROVADO,1520.81,1,,
6223,1,2024-05-26T15:00:00+00,PIX,COBRANCA,APROVADO,2244.98,1,,
6224,1,2024-06-15T15:00:00+00,PIX,COBRANCA,APROVADO,1348.19,1,,
6225,1,2024-07-04T15:00:00+00,PIX,COBRANCA,APROVADO,451.40,1,,
6226,1,2024-08-21T15:00:00+00,PIX,COBRANCA,APROVADO,901.57,1,,
6227,1,2024-09-10T15:00:00+00,PIX,COBRANCA,APROVADO,1384.62,1,,
6228,1,2024-10-27T15:00:00+00,PIX,COBRANCA,APROVADO,1496.15,1,,
6229,1,2024-11-16T15:00:00+00,PIX,COBRANCA,APROVADO,226.72,1,,
6230,1,2024-11-05T15:00:00+00,PIX,COBRANCA,APROVADO,435.77,1,,
6231,1,2024-12-22T15:00:00+00,PIX,COBRANCA,APROVADO,611.69,1,,
6232,1,2024-01-11T15:00:00+00,PIX,COBRANCA,APROVADO,329.93,1,,
6233,1,2024-02-28T15:00:00+00,PIX,COBRANCA,APROVADO,282.81,1,,
6234,1,2024-03-17T15:00:00+00,PIX,COBRANCA,APROVADO,477.41,1,,
6235,1,2024-04-06T15:00:00+00,PIX,COBRANCA,APROVADO,779.70,1,,
6236,1,2024-05-23T15:00:00+00,PIX,COBRANCA,APROVADO,503.96,1,,
6237,1,2024-06-12T15:00:00+00,PIX,COBRANCA,APROVADO,299.78,1,,
6238,1,2024-07-29T15:00:00+00,PIX,COBRANCA,APROVADO,672.25,1,,
6239,1,2024-08-18T15:00:00+00,PIX,COBRANCA,APROVADO,905.87,1,,
6240,1,2024-09-07T15:00:00+00,PIX,COBRANCA,APROVADO,554.40,1,,
6241,1,2024-10-24T15:00:00+00,PIX,COBRANCA,APROVADO,410.43,1,,
6242,1,2024-11-13T15:00:00+00,PIX,COBRANCA,APROVADO,676.71,1,,
6243,1,2024-11-02T15:00:00+00,PIX,COBRANCA,APROVADO,1213.68,1,,
6244,1,2024-12-19T15:00:00+00,PIX,COBRANCA,APROVADO,725.61,1,,
6245,1,2024-01-08T15:00:00+00,PIX,COBRANCA,APROVADO,488.90,1,,
6246,1,2024-02-25T15:00:00+00,PIX,COBRANCA,APROVADO,893.78,1,,
6247,1,2024-03-14T15:00:00+00,PIX,COBRANCA,APROVADO,1181.04,1,,
6248,1,2024-04-03T15:00:00+00,PIX,COBRANCA,APROVADO,951.40,1,,
6249,1,2024-05-20T15:00:00+00,PIX,COBRANCA,APROVADO,521.55,1,,
6250,1,2024-06-09T15:00:00+00,PIX,COBRANCA,APROVADO,1057.89,1,,
6251,1,2024-07-26T15:00:00+00,PIX,COBRANCA,APROVADO,1746.30,1,,
6252,1,2024-08-15T15:00:00+00,PIX,COBRANCA,APROVADO,1156.39,1,,
6253,1,2024-09-04T15:00:00+00,PIX,COBRANCA,APROVADO,719.92,1,,
6254,1,2024-10-21T15:00:00+00,PIX,COBRANCA,APROVADO,1323.53,1,,
6255,1,2024-11-10T15:00:00+00,PIX,COBRANCA,APROVADO,1960.02,1,,
6256,1,2024-11-27T15:00:00+00,PIX,COBRANCA,APROVADO,1304.35,1,,
6257,1,2024-12-16T15:00:00+00,PIX,COBRANCA,APROVADO,802.12,1,,
6258,1,2024-01-05T15:00:00+00,PIX,COBRANCA,APROVADO,1471.49,1,,
6259,1,2024-02-22T15:00:00+00,PIX,COBRANCA,APROVADO,2173.74,1,,
6260,1,2024-03-11T15:00:00+00,PIX,COBRANCA,APROVADO,1452.31,1,,
6261,1,2024-04-28T15:00:00+00,PIX,COBRANCA,APROVADO,424.00,1,,
6262,1,2024-05-17T15:00:00+00,PIX,COBRANCA,APROVADO,852.25,1,,
6263,1,2024-06-06T15:00:00+00,PIX,COBRANCA,APROVADO,1313.38,1,,
6264,1,2024-07-23T15:00:00+00,PIX,COBRANCA,APROVADO,1446.83,1,,
6265,1,2024-08-12T15:00:00+00,PIX,COBRANCA,APROVADO,506.20,1,,
6266,1,2024-09-29T15:00:00+00,PIX,COBRANCA,APROVADO,1000.21,1,,
6267,1,2024-10-18T15:00:00+00,PIX,COBRANCA,APROVADO,606.46,1,,
6268,1,2024-11-07T15:00:00+00,PIX,COBRANCA,APROVADO,367.27,1,,
6269,1,2024-11-24T15:00:00+00,PIX,COBRANCA,APROVADO,281.52,1,,
6270,1,2024-12-13T15:00:00+00,PIX,COBRANCA,APROVADO,534.41,1,,
6271,1,2024-01-02T15:00:00+00,PIX,COBRANCA,APROVADO,820.18,1,,
6272,1,2024-02-19T15:00:00+00,PIX,COBRANCA,APROVADO,515.23,1,,
6273,1,2024-03-08T15:00:00+00,PIX,COBRANCA,APROVADO,363.72,1,,
6274,1,2024-04-25T15:00:00+00,PIX,COBRANCA,APROVADO,682.37,1,,
6275,1,2024-05-14T15:00:00+00,PIX,COBRANCA,APROVADO,1033.90,1,,
6276,1,2024-06-03T15:00:00+00,PIX,COBRANCA,APROVADO,663.19,1,,
6277,1,2024-07-20T15:00:00+00,PIX,COBRANCA,APROVADO,445.92,1,,
6278,1,2024-08-09T15:00:00+00,PIX,COBRANCA,APROVADO,830.33,1,,
6279,1,2024-09-26T15:00:00+00,PIX,COBRANCA,APROVADO,1247.62,1,,
6280,1,2024-10-15T15:00:00+00,PIX,COBRANCA,APROVADO,811.15,1,,
6281,1,2024-11-04T15:00:00+00,PIX,COBRANCA,APROVADO,476.40,1,,
6282,1,2024-11-21T15:00:00+00,PIX,COBRANCA,APROVADO,752.89,1,,
6283,1,2024-12-10T15:00:00+00,PIX,COBRANCA,APROVADO,1345.23,1,,
6284,1,2024-01-27T15:00:00+00,PIX,COBRANCA,APROVADO,808.94,1,,
6285,1,2024-02-16T15:00:00+00,PIX,COBRANCA,APROVADO,536.60,1,,
6286,1,2024-03-05T15:00:00+00,PIX,COBRANCA,APROVADO,979.77,1,,
6287,1,2024-04-22T15:00:00+00,PIX,COBRANCA,APROVADO,1291.20,1,,
6288,1,2024-05-11T15:00:00+00,PIX,COBRANCA,APROVADO,1044.54,1,,
6289,1,2024-06-28T15:00:00+00,PIX,COBRANCA,APROVADO,566.50,1,,
6290,1,2024-07-17T15:00:00+00,PIX,COBRANCA,APROVADO,1107.62,1,,
6291,1,2024-08-06T15:00:00+00,PIX,COBRANCA,APROVADO,1645.36,1,,
6292,1,2024-09-23T15:00:00+00,PIX,COBRANCA,APROVADO,996.04,1,,
6293,1,2024-10-12T15:00:00+00,PIX,COBRANCA,APROVADO,711.38,1,,
6294,1,2024-11-29T15:00:00+00,PIX,COBRANCA,APROVADO,1166.78,1,,
6295,1,2024-11-18T15:00:00+00,PIX,COBRANCA,APROVADO,1818.42,1,,
6296,1,2024-12-07T15:00:00+00,PIX,COBRANCA,APROVADO,1253.87,1,,
6297,1,2024-01-24T15:00:00+00,PIX,COBRANCA,APROVADO,658.45,1,,
6298,1,2024-02-13T15:00:00+00,PIX,COBRANCA,APROVADO,755.00,1,,
6299,1,2024-03-02T15:00:00+00,PIX,COBRANCA,APROVADO,1043.47,1,,
6300,1,2024-04-19T15:00:00+00,PIX,COBRANCA,APROVADO,1058.07,1,,
6301,1,2024-05-08T15:00:00+00,PIX,COBRANCA,APROVADO,478.80,1,,
6302,1,2024-06-25T15:00:00+00,PIX,COBRANCA,APROVADO,950.89,1,,
6303,1,2024-07-14T15:00:00+00,PIX,COBRANCA,APROVADO,1455.86,1,,
6304,1,2024-08-03T15:00:00+00,PIX,COBRANCA,APROVADO,317.95,1,,
6305,1,2024-09-20T15:00:00+00,PIX,COBRANCA,APROVADO,254.12,1,,
6306,1,2024-10-09T15:00:00+00,PIX,COBRANCA,APROVADO,485.09,1,,
6307,1,2024-11-26T15:00:00+00,PIX,COBRANCA,APROVADO,748.94,1,,
6308,1,2024-11-15T15:00:00+00,PIX,COBRANCA,APROVADO,465.91,1,,
6309,1,2024-12-04T15:00:00+00,PIX,COBRANCA,APROVADO,336.32,1,,
6310,1,2024-01-21T15:00:00+00,PIX,COBRANCA,APROVADO,633.05,1,,
6311,1,2024-02-10T15:00:00+00,PIX,COBRANCA,APROVADO,962.66,1,,
6312,1,2024-03-27T15:00:00+00,PIX,COBRANCA,APROVADO,613.87,1,,
6313,1,2024-04-16T15:00:00+00,PIX,COBRANCA,APROVADO,418.52,1,,
6314,1,2024-05-05T15:00:00+00,PIX,COBRANCA,APROVADO,781.01,1,,
6315,1,2024-06-22T15:00:00+00,PIX,COBRANCA,APROVADO,1176.38,1,,
6316,1,2024-07-11T15:00:00+00,PIX,COBRANCA,APROVADO,761.83,1,,
6317,1,2024-08-28T15:00:00+00,PIX,COBRANCA,APROVADO,500.72,1,,
6318,1,2024-09-17T15:00:00+00,PIX,COBRANCA,APROVADO,928.97,1,,
6319,1,2024-10-06T15:00:00+00,PIX,COBRANCA,APROVADO,1390.10,1,,
6320,1,2024-11-23T15:00:00+00,PIX,COBRANCA,APROVADO,909.79,1,,
6321,1,2024-11-12T15:00:00+00,PIX,COBRANCA,APROVADO,582.92,1,,
6322,1,2024-12-29T15:00:00+00,PIX,COBRANCA,APROVADO,1076.93,1,,
6323,1,2024-01-18T15:00:00+00,PIX,COBRANCA,APROVADO,1603.82,1,,
6324,1,2024-02-07T15:00:00+00,PIX,COBRANCA,APROVADO,1057.75,1,,
6325,1,2024-03-24T15:00:00+00,PIX,COBRANCA,APROVADO,665.12,1,,
6326,1,2024-04-13T15:00:00+00,PIX,COBRANCA,APROVADO,1224.89,1,,
6327,1,2024-05-02T15:00:00+00,PIX,COBRANCA,APROVADO,1817.54,1,,
6328,1,2024-06-19T15:00:00+00,PIX,COBRANCA,APROVADO,1205.71,1,,
6329,1,2024-07-08T15:00:00+00,PIX,COBRANCA,APROVADO,747.32,1,,
6330,1,2024-08-25T15:00:00+00,PIX,COBRANCA,APROVADO,1372.85,1,,
6331,1,2024-09-14T15:00:00+00,PIX,COBRANCA,APROVADO,1855.91,1,,
6332,1,2024-10-03T15:00:00+00,PIX,COBRANCA,APROVADO,1074.42,1,,
6333,1,2024-11-20T15:00:00+00,PIX,COBRANCA,APROVADO,761.78,1,,
6334,1,2024-11-09T15:00:00+00,PIX,COBRANCA,APROVADO,1247.91,1,,
6335,1,2024-12-26T15:00:00+00,PIX,COBRANCA,APROVADO,1940.61,1,,
6336,1,2024-01-15T15:00:00+00,PIX,COBRANCA,APROVADO,1211.72,1,,
6337,1,2024-02-04T15:00:00+00,PIX,COBRANCA,APROVADO,355.41,1,,
6338,1,2024-03-21T15:00:00+00,PIX,COBRANCA,APROVADO,845.94,1,,
6339,1,2024-04-10T15:00:00+00,PIX,COBRANCA,APROVADO,1160.78,1,,
6340,1,2024-05-27T15:00:00+00,PIX,COBRANCA,APROVADO,1132.27,1,,
6341,1,2024-06-16T15:00:00+00,PIX,COBRANCA,APROVADO,195.89,1,,
6342,1,2024-07-05T15:00:00+00,PIX,COBRANCA,APROVADO,333.96,1,,
6343,1,2024-08-22T15:00:00+00,PIX,COBRANCA,APROVADO,621.92,1,,
6344,1,2024-09-11T15:00:00+00,PIX,COBRANCA,APROVADO,350.80,1,,
6345,1,2024-10-28T15:00:00+00,PIX,COBRANCA,APROVADO,274.37,1,,
6346,1,2024-11-17T15:00:00+00,PIX,COBRANCA,APROVADO,506.57,1,,
6347,1,2024-11-06T15:00:00+00,PIX,COBRANCA,APROVADO,685.41,1,,
6348,1,2024-12-23T15:00:00+00,PIX,COBRANCA,APROVADO,532.21,1,,
6349,1,2024-01-12T15:00:00+00,PIX,COBRANCA,APROVADO,319.36,1,,
6350,1,2024-02-29T15:00:00+00,PIX,COBRANCA,APROVADO,663.33,1,,
6351,1,2024-03-18T15:00:00+00,PIX,COBRANCA,APROVADO,1105.14,1,,
6352,1,2024-04-07T15:00:00+00,PIX,COBRANCA,APROVADO,712.51,1,,
6353,1,2024-05-24T15:00:00+00,PIX,COBRANCA,APROVADO,473.32,1,,
6354,1,2024-06-13T15:00:00+00,PIX,COBRANCA,APROVADO,879.65,1,,
6355,1,2024-07-02T15:00:00+00,PIX,COBRANCA,APROVADO,1318.86,1,,
6356,1,2024-08-19T15:00:00+00,PIX,COBRANCA,APROVADO,860.47,1,,
6357,1,2024-09-08T15:00:00+00,PIX,COBRANCA,APROVADO,555.52,1,,
6358,1,2024-10-25T15:00:00+00,PIX,COBRANCA,APROVADO,1027.61,1,,
6359,1,2024-11-14T15:00:00+00,PIX,COBRANCA,APROVADO,1532.58,1,,
6360,1,2024-11-03T15:00:00+00,PIX,COBRANCA,APROVADO,1008.43,1,,
6361,1,2024-12-20T15:00:00+00,PIX,COBRANCA,APROVADO,637.72,1,,
6362,1,2024-01-09T15:00:00+00,PIX,COBRANCA,APROVADO,1175.57,1,,
6363,1,2024-02-26T15:00:00+00,PIX,COBRANCA,APROVADO,1746.30,1,,
6364,1,2024-03-15T15:00:00+00,PIX,COBRANCA,APROVADO,1156.39,1,,
6365,1,2024-04-04T15:00:00+00,PIX,COBRANCA,APROVADO,719.92,1,,
6366,1,2024-05-21T15:00:00+00,PIX,COBRANCA,APROVADO,1323.53,1,,
6367,1,2024-06-10T15:00:00+00,PIX,COBRANCA,APROVADO,1960.02,1,,
6368,1,2024-07-27T15:00:00+00,PIX,COBRANCA,APROVADO,1304.35,1,,
6369,1,2024-08-16T15:00:00+00,PIX,COBRANCA,APROVADO,802.12,1,,
6370,1,2024-09-05T15:00:00+00,PIX,COBRANCA,APROVADO,1471.49,1,,
6371,1,2024-10-22T15:00:00+00,PIX,COBRANCA,APROVADO,2173.74,1,,
6372,1,2024-11-11T15:00:00+00,PIX,COBRANCA,APROVADO,1452.31,1,,
6373,1,2024-11-28T15:00:00+00,PIX,COBRANCA,APROVADO,424.00,1,,
6374,1,2024-12-17T15:00:00+00,PIX,COBRANCA,APROVADO,852.25,1,,
6375,1,2024-01-06T15:00:00+00,PIX,COBRANCA,APROVADO,1313.38,1,,
6376,1,2024-02-23T15:00:00+00,PIX,COBRANCA,APROVADO,1446.83,1,,
6377,1,2024-03-12T15:00:00+00,PIX,COBRANCA,APROVADO,506.20,1,,
6378,1,2024-04-29T15:00:00+00,PIX,COBRANCA,APROVADO,1000.21,1,,
6379,1,2024-05-18T15:00:00+00,PIX,COBRANCA,APROVADO,606.46,1,,
6380,1,2024-06-07T15:00:00+00,PIX,COBRANCA,APROVADO,367.27,1,,
6381,1,2024-07-24T15:00:00+00,PIX,COBRANCA,APROVADO,252.00,1,,
6382,1,2024-08-13T15:00:00+00,PIX,COBRANCA,APROVADO,410.14,1,,
6383,1,2024-09-02T15:00:00+00,PIX,COBRANCA,APROVADO,753.40,1,,
6384,1,2024-10-19T15:00:00+00,PIX,COBRANCA,APROVADO,434.12,1,,
6385,1,2024-11-08T15:00:00+00,PIX,COBRANCA,APROVADO,322.04,1,,
6386,1,2024-11-25T15:00:00+00,PIX,COBRANCA,APROVADO,592.65,1,,
6387,1,2024-12-14T15:00:00+00,PIX,COBRANCA,APROVADO,795.57,1,,
6388,1,2024-01-03T15:00:00+00,PIX,COBRANCA,APROVADO,625.36,1,,
6389,1,2024-02-20T15:00:00+00,PIX,COBRANCA,APROVADO,364.26,1,,
6390,1,2024-03-09T15:00:00+00,PIX,COBRANCA,APROVADO,725.36,1,,
6391,1,2024-04-26T15:00:00+00,PIX,COBRANCA,APROVADO,1085.58,1,,
6392,1,2024-05-15T15:00:00+00,PIX,COBRANCA,APROVADO,643.45,1,,
6393,1,2024-06-04T15:00:00+00,PIX,COBRANCA,APROVADO,484.49,1,,
6394,1,2024-07-21T15:00:00+00,PIX,COBRANCA,APROVADO,801.80,1,,
6395,1,2024-08-10T15:00:00+00,PIX,COBRANCA,APROVADO,1268.53,1,,
6396,1,2024-09-27T15:00:00+00,PIX,COBRANCA,APROVADO,856.90,1,,
6397,1,2024-10-16T15:00:00+00,PIX,COBRANCA,APROVADO,468.58,1,,
6398,1,2024-11-05T15:00:00+00,PIX,COBRANCA,APROVADO,1036.11,1,,
6399,1,2024-11-22T15:00:00+00,PIX,COBRANCA,APROVADO,1374.98,1,,
6400,1,2024-12-11T15:00:00+00,PIX,COBRANCA,APROVADO,866.27,1,,
6401,1,2024-01-28T15:00:00+00,PIX,COBRANCA,APROVADO,692.52,1,,
6402,1,2024-02-17T15:00:00+00,PIX,COBRANCA,APROVADO,1274.21,1,,
6403,1,2024-03-06T15:00:00+00,PIX,COBRANCA,APROVADO,1888.78,1,,
6404,1,2024-04-23T15:00:00+00,PIX,COBRANCA,APROVADO,1255.03,1,,
6405,1,2024-05-12T15:00:00+00,PIX,COBRANCA,APROVADO,774.72,1,,
6406,1,2024-06-29T15:00:00+00,PIX,COBRANCA,APROVADO,1422.17,1,,
6407,1,2024-07-18T15:00:00+00,PIX,COBRANCA,APROVADO,2102.50,1,,
6408,1,2024-08-07T15:00:00+00,PIX,COBRANCA,APROVADO,1402.99,1,,
6409,1,2024-09-24T15:00:00+00,PIX,COBRANCA,APROVADO,856.92,1,,
6410,1,2024-10-13T15:00:00+00,PIX,COBRANCA,APROVADO,802.93,1,,
6411,1,2024-11-02T15:00:00+00,PIX,COBRANCA,APROVADO,1242.14,1,,
6412,1,2024-11-19T15:00:00+00,PIX,COBRANCA,APROVADO,1397.51,1,,
6413,1,2024-12-08T15:00:00+00,PIX,COBRANCA,APROVADO,478.80,1,,
6414,1,2024-01-25T15:00:00+00,PIX,COBRANCA,APROVADO,950.89,1,,
6415,1,2024-02-14T15:00:00+00,PIX,COBRANCA,APROVADO,1455.86,1,,
6416,1,2024-03-03T15:00:00+00,PIX,COBRANCA,APROVADO,317.95,1,,
6417,1,2024-04-20T15:00:00+00,PIX,COBRANCA,APROVADO,254.12,1,,
6418,1,2024-05-09T15:00:00+00,PIX,COBRANCA,APROVADO,485.09,1,,
6419,1,2024-06-26T15:00:00+00,PIX,COBRANCA,APROVADO,748.94,1,,
6420,1,2024-07-15T15:00:00+00,PIX,COBRANCA,APROVADO,465.91,1,,
6421,1,2024-08-04T15:00:00+00,PIX,COBRANCA,APROVADO,336.32,1,,
6422,1,2024-09-21T15:00:00+00,PIX,COBRANCA,APROVADO,633.05,1,,
6423,1,2024-10-10T15:00:00+00,PIX,COBRANCA,APROVADO,962.66,1,,
6424,1,2024-11-27T15:00:00+00,PIX,COBRANCA,APROVADO,613.87,1,,
6425,1,2024-11-16T15:00:00+00,PIX,COBRANCA,APROVADO,418.52,1,,
6426,1,2024-12-05T15:00:00+00,PIX,COBRANCA,APROVADO,781.01,1,,
6427,1,2024-01-22T15:00:00+00,PIX,COBRANCA,APROVADO,1176.38,1,,
6428,1,2024-02-11T15:00:00+00,PIX,COBRANCA,APROVADO,761.83,1,,
6429,1,2024-03-28T15:00:00+00,PIX,COBRANCA,APROVADO,500.72,1,,
6430,1,2024-04-17T15:00:00+00,PIX,COBRANCA,APROVADO,928.97,1,,
6431,1,2024-05-06T15:00:00+00,PIX,COBRANCA,APROVADO,1266.55,1,,
6432,1,2024-06-23T15:00:00+00,PIX,COBRANCA,APROVADO,721.75,1,,
6433,1,2024-07-12T15:00:00+00,PIX,COBRANCA,APROVADO,534.89,1,,
6434,1,2024-08-29T15:00:00+00,PIX,COBRANCA,APROVADO,882.93,1,,
6435,1,2024-09-18T15:00:00+00,PIX,COBRANCA,APROVADO,1390.72,1,,
6436,1,2024-10-07T15:00:00+00,PIX,COBRANCA,APROVADO,945.10,1,,
6437,1,2024-11-24T15:00:00+00,PIX,COBRANCA,APROVADO,510.76,1,,
6438,1,2024-11-13T15:00:00+00,PIX,COBRANCA,APROVADO,1127.09,1,,
6439,1,2024-12-02T15:00:00+00,PIX,COBRANCA,APROVADO,1492.23,1,,
6440,1,2024-01-19T15:00:00+00,PIX,COBRANCA,APROVADO,935.26,1,,
6441,1,2024-02-08T15:00:00+00,PIX,COBRANCA,APROVADO,648.81,1,,
6442,1,2024-03-25T15:00:00+00,PIX,COBRANCA,APROVADO,1057.57,1,,
6443,1,2024-04-14T15:00:00+00,PIX,COBRANCA,APROVADO,1871.28,1,,
6444,1,2024-05-03T15:00:00+00,PIX,COBRANCA,APROVADO,1142.09,1,,
6445,1,2024-06-20T15:00:00+00,PIX,COBRANCA,APROVADO,727.28,1,,
6446,1,2024-07-09T15:00:00+00,PIX,COBRANCA,APROVADO,1323.96,1,,
6447,1,2024-08-26T15:00:00+00,PIX,COBRANCA,APROVADO,1731.78,1,,
6448,1,2024-09-15T15:00:00+00,PIX,COBRANCA,APROVADO,1279.10,1,,
6449,1,2024-10-04T15:00:00+00,PIX,COBRANCA,APROVADO,377.98,1,,
6450,1,2024-11-21T15:00:00+00,PIX,COBRANCA,APROVADO,729.09,1,,
6451,1,2024-11-10T15:00:00+00,PIX,COBRANCA,APROVADO,1384.62,1,,
6452,1,2024-12-27T15:00:00+00,PIX,COBRANCA,APROVADO,1496.15,1,,
6453,1,2024-01-16T15:00:00+00,PIX,COBRANCA,APROVADO,226.72,1,,
6454,1,2024-02-05T15:00:00+00,PIX,COBRANCA,APROVADO,435.77,1,,
6455,1,2024-03-22T15:00:00+00,PIX,COBRANCA,APROVADO,677.70,1,,
6456,1,2024-04-11T15:00:00+00,PIX,COBRANCA,APROVADO,416.59,1,,
6457,1,2024-05-28T15:00:00+00,PIX,COBRANCA,APROVADO,308.92,1,,
6458,1,2024-06-17T15:00:00+00,PIX,COBRANCA,APROVADO,583.73,1,,
6459,1,2024-07-06T15:00:00+00,PIX,COBRANCA,APROVADO,891.42,1,,
6460,1,2024-08-23T15:00:00+00,PIX,COBRANCA,APROVADO,564.55,1,,
6461,1,2024-09-12T15:00:00+00,PIX,COBRANCA,APROVADO,391.12,1,,
6462,1,2024-10-29T15:00:00+00,PIX,COBRANCA,APROVADO,731.69,1,,
6463,1,2024-11-18T15:00:00+00,PIX,COBRANCA,APROVADO,1105.14,1,,
6464,1,2024-11-07T15:00:00+00,PIX,COBRANCA,APROVADO,712.51,1,,
6465,1,2024-12-24T15:00:00+00,PIX,COBRANCA,APROVADO,473.32,1,,
6466,1,2024-01-13T15:00:00+00,PIX,COBRANCA,APROVADO,879.65,1,,
6467,1,2024-02-02T15:00:00+00,PIX,COBRANCA,APROVADO,1318.86,1,,
6468,1,2024-03-19T15:00:00+00,PIX,COBRANCA,APROVADO,860.47,1,,
6469,1,2024-04-08T15:00:00+00,PIX,COBRANCA,APROVADO,555.52,1,,
6470,1,2024-05-25T15:00:00+00,PIX,COBRANCA,APROVADO,1027.61,1,,
6471,1,2024-06-14T15:00:00+00,PIX,COBRANCA,APROVADO,1532.58,1,,
6472,1,2024-07-03T15:00:00+00,PIX,COBRANCA,APROVADO,1008.43,1,,
6473,1,2024-08-20T15:00:00+00,PIX,COBRANCA,APROVADO,637.72,1,,
6474,1,2024-09-09T15:00:00+00,PIX,COBRANCA,APROVADO,1175.57,1,,
6475,1,2024-10-26T15:00:00+00,PIX,COBRANCA,APROVADO,1746.30,1,,
6476,1,2024-11-15T15:00:00+00,PIX,COBRANCA,APROVADO,1156.39,1,,
6477,1,2024-11-04T15:00:00+00,PIX,COBRANCA,APROVADO,719.92,1,,
6478,1,2024-12-21T15:00:00+00,PIX,COBRANCA,APROVADO,1323.53,1,,
6479,1,2024-01-10T15:00:00+00,PIX,COBRANCA,APROVADO,1960.02,1,,
6480,1,2024-02-27T15:00:00+00,PIX,COBRANCA,APROVADO,1304.35,1,,
6481,1,2024-03-16T15:00:00+00,PIX,COBRANCA,APROVADO,725.74,1,,
6482,1,2024-04-05T15:00:00+00,PIX,COBRANCA,APROVADO,1133.75,1,,
6483,1,2024-05-22T15:00:00+00,PIX,COBRANCA,APROVADO,2002.83,1,,
6484,1,2024-06-11T15:00:00+00,PIX,COBRANCA,APROVADO,1225.42,1,,
6485,1,2024-07-28T15:00:00+00,PIX,COBRANCA,APROVADO,337.67,1,,
6486,1,2024-08-17T15:00:00+00,PIX,COBRANCA,APROVADO,757.85,1,,
6487,1,2024-09-06T15:00:00+00,PIX,COBRANCA,APROVADO,1036.38,1,,
6488,1,2024-10-23T15:00:00+00,PIX,COBRANCA,APROVADO,1372.25,1,,
6489,1,2024-11-12T15:00:00+00,PIX,COBRANCA,APROVADO,422.93,1,,
6490,1,2024-11-29T15:00:00+00,PIX,COBRANCA,APROVADO,803.47,1,,
6491,1,2024-12-18T15:00:00+00,PIX,COBRANCA,APROVADO,525.73,1,,
6492,1,2024-01-07T15:00:00+00,PIX,COBRANCA,APROVADO,290.78,1,,
6493,1,2024-02-24T15:00:00+00,PIX,COBRANCA,APROVADO,257.62,1,,
6494,1,2024-03-13T15:00:00+00,PIX,COBRANCA,APROVADO,436.87,1,,
6495,1,2024-04-02T15:00:00+00,PIX,COBRANCA,APROVADO,718.57,1,,
6496,1,2024-05-19T15:00:00+00,PIX,COBRANCA,APROVADO,459.86,1,,
6497,1,2024-06-08T15:00:00+00,PIX,COBRANCA,APROVADO,278.69,1,,
6498,1,2024-07-25T15:00:00+00,PIX,COBRANCA,APROVADO,626.76,1,,
6499,1,2024-08-14T15:00:00+00,PIX,COBRANCA,APROVADO,847.31,1,,
6500,1,2024-09-03T15:00:00+00,PIX,COBRANCA,APROVADO,521.03,1,,
6501,1,2024-10-20T15:00:00+00,PIX,COBRANCA,APROVADO,445.92,1,,
6502,1,2024-11-09T15:00:00+00,PIX,COBRANCA,APROVADO,830.33,1,,
6503,1,2024-11-26T15:00:00+00,PIX,COBRANCA,APROVADO,1247.62,1,,
6504,1,2024-12-15T15:00:00+00,PIX,COBRANCA,APROVADO,811.15,1,,
6505,1,2024-01-04T15:00:00+00,PIX,COBRANCA,APROVADO,528.12,1,,
6506,1,2024-02-21T15:00:00+00,PIX,COBRANCA,APROVADO,978.29,1,,
6507,1,2024-03-10T15:00:00+00,PIX,COBRANCA,APROVADO,1461.34,1,,
6508,1,2024-04-27T15:00:00+00,PIX,COBRANCA,APROVADO,959.11,1,,
6509,1,2024-05-16T15:00:00+00,PIX,COBRANCA,APROVADO,610.32,1,,
6510,1,2024-06-05T15:00:00+00,PIX,COBRANCA,APROVADO,1126.25,1,,
6511,1,2024-07-22T15:00:00+00,PIX,COBRANCA,APROVADO,1675.06,1,,
6512,1,2024-08-11T15:00:00+00,PIX,COBRANCA,APROVADO,1107.07,1,,
6513,1,2024-09-28T15:00:00+00,PIX,COBRANCA,APROVADO,692.52,1,,
6514,1,2024-10-17T15:00:00+00,PIX,COBRANCA,APROVADO,1274.21,1,,
6515,1,2024-11-06T15:00:00+00,PIX,COBRANCA,APROVADO,1888.78,1,,
6516,1,2024-11-23T15:00:00+00,PIX,COBRANCA,APROVADO,1255.03,1,,
6517,1,2024-12-12T15:00:00+00,PIX,COBRANCA,APROVADO,774.72,1,,
6518,1,2024-01-29T15:00:00+00,PIX,COBRANCA,APROVADO,1422.17,1,,
6519,1,2024-02-18T15:00:00+00,PIX,COBRANCA,APROVADO,2102.50,1,,
6520,1,2024-03-07T15:00:00+00,PIX,COBRANCA,APROVADO,1402.99,1,,
6521,1,2024-04-24T15:00:00+00,PIX,COBRANCA,APROVADO,856.92,1,,
6522,1,2024-05-13T15:00:00+00,PIX,COBRANCA,APROVADO,802.93,1,,
6523,1,2024-06-02T15:00:00+00,PIX,COBRANCA,APROVADO,1242.14,1,,
6524,1,2024-07-19T15:00:00+00,PIX,COBRANCA,APROVADO,1397.51,1,,
6525,1,2024-08-08T15:00:00+00,PIX,COBRANCA,APROVADO,478.80,1,,
6526,1,2024-09-25T15:00:00+00,PIX,COBRANCA,APROVADO,950.89,1,,
6527,1,2024-10-14T15:00:00+00,PIX,COBRANCA,APROVADO,1455.86,1,,
6528,1,2024-11-03T15:00:00+00,PIX,COBRANCA,APROVADO,317.95,1,,
6529,1,2024-11-20T15:00:00+00,PIX,COBRANCA,APROVADO,254.12,1,,
6530,1,2024-12-09T15:00:00+00,PIX,COBRANCA,APROVADO,485.09,1,,
6531,1,2024-01-26T15:00:00+00,PIX,COBRANCA,APROVADO,677.19,1,,
6532,1,2024-02-15T15:00:00+00,PIX,COBRANCA,APROVADO,369.16,1,,
6533,1,2024-03-04T15:00:00+00,PIX,COBRANCA,APROVADO,308.05,1,,
6534,1,2024-04-21T15:00:00+00,PIX,COBRANCA,APROVADO,517.96,1,,
6535,1,2024-05-10T15:00:00+00,PIX,COBRANCA,APROVADO,840.76,1,,
6536,1,2024-06-27T15:00:00+00,PIX,COBRANCA,APROVADO,548.06,1,,
6537,1,2024-07-16T15:00:00+00,PIX,COBRANCA,APROVADO,320.89,1,,
6538,1,2024-08-05T15:00:00+00,PIX,COBRANCA,APROVADO,717.70,1,,
6539,1,2024-09-22T15:00:00+00,PIX,COBRANCA,APROVADO,964.56,1,,
6540,1,2024-10-11T15:00:00+00,PIX,COBRANCA,APROVADO,592.49,1,,
6541,1,2024-11-28T15:00:00+00,PIX,COBRANCA,APROVADO,434.27,1,,
6542,1,2024-11-17T15:00:00+00,PIX,COBRANCA,APROVADO,714.82,1,,
6543,1,2024-12-06T15:00:00+00,PIX,COBRANCA,APROVADO,1279.52,1,,
6544,1,2024-01-23T15:00:00+00,PIX,COBRANCA,APROVADO,767.28,1,,
6545,1,2024-02-12T15:00:00+00,PIX,COBRANCA,APROVADO,512.75,1,,
6546,1,2024-03-29T15:00:00+00,PIX,COBRANCA,APROVADO,936.75,1,,
6547,1,2024-04-18T15:00:00+00,PIX,COBRANCA,APROVADO,1236.15,1,,
6548,1,2024-05-07T15:00:00+00,PIX,COBRANCA,APROVADO,998.01,1,,
6549,1,2024-06-24T15:00:00+00,PIX,COBRANCA,APROVADO,544.04,1,,
6550,1,2024-07-13T15:00:00+00,PIX,COBRANCA,APROVADO,1101.73,1,,
6551,1,2024-08-02T15:00:00+00,PIX,COBRANCA,APROVADO,1817.54,1,,
6552,1,2024-09-19T15:00:00+00,PIX,COBRANCA,APROVADO,1205.71,1,,
6553,1,2024-10-08T15:00:00+00,PIX,COBRANCA,APROVADO,747.32,1,,
6554,1,2024-11-25T15:00:00+00,PIX,COBRANCA,APROVADO,1372.85,1,,
6555,1,2024-11-14T15:00:00+00,PIX,COBRANCA,APROVADO,2031.26,1,,
6556,1,2024-12-03T15:00:00+00,PIX,COBRANCA,APROVADO,1353.67,1,,
6557,1,2024-01-20T15:00:00+00,PIX,COBRANCA,APROVADO,829.52,1,,
6558,1,2024-02-09T15:00:00+00,PIX,COBRANCA,APROVADO,1520.81,1,,
6559,1,2024-03-26T15:00:00+00,PIX,COBRANCA,APROVADO,2244.98,1,,
6560,1,2024-04-15T15:00:00+00,PIX,COBRANCA,APROVADO,1348.19,1,,
6561,1,2024-05-04T15:00:00+00,PIX,COBRANCA,APROVADO,451.40,1,,
6562,1,2024-06-21T15:00:00+00,PIX,COBRANCA,APROVADO,901.57,1,,
6563,1,2024-07-10T15:00:00+00,PIX,COBRANCA,APROVADO,1384.62,1,,
6564,1,2024-08-27T15:00:00+00,PIX,COBRANCA,APROVADO,1496.15,1,,
6565,1,2024-09-16T15:00:00+00,PIX,COBRANCA,APROVADO,226.72,1,,
6566,1,2024-10-05T15:00:00+00,PIX,COBRANCA,APROVADO,435.77,1,,
6567,1,2024-11-22T15:00:00+00,PIX,COBRANCA,APROVADO,677.70,1,,
6568,1,2024-11-11T15:00:00+00,PIX,COBRANCA,APROVADO,416.59,1,,
6569,1,2024-12-28T15:00:00+00,PIX,COBRANCA,APROVADO,308.92,1,,
6570,1,2024-01-17T15:00:00+00,PIX,COBRANCA,APROVADO,583.73,1,,
6571,1,2024-02-06T15:00:00+00,PIX,COBRANCA,APROVADO,891.42,1,,
6572,1,2024-03-23T15:00:00+00,PIX,COBRANCA,APROVADO,564.55,1,,
6573,1,2024-04-12T15:00:00+00,PIX,COBRANCA,APROVADO,391.12,1,,
6574,1,2024-05-29T15:00:00+00,PIX,COBRANCA,APROVADO,731.69,1,,
6575,1,2024-06-18T15:00:00+00,PIX,COBRANCA,APROVADO,1105.14,1,,
6576,1,2024-07-07T15:00:00+00,PIX,COBRANCA,APROVADO,712.51,1,,
6577,1,2024-08-24T15:00:00+00,PIX,COBRANCA,APROVADO,473.32,1,,
6578,1,2024-09-13T15:00:00+00,PIX,COBRANCA,APROVADO,879.65,1,,
6579,1,2024-10-02T15:00:00+00,PIX,COBRANCA,APROVADO,1318.86,1,,
6580,1,2024-11-19T15:00:00+00,PIX,COBRANCA,APROVADO,860.47,1,,
6581,1,2024-11-08T15:00:00+00,PIX,COBRANCA,APROVADO,501.34,1,,
6582,1,2024-12-25T15:00:00+00,PIX,COBRANCA,APROVADO,791.00,1,,
6583,1,2024-01-14T15:00:00+00,PIX,COBRANCA,APROVADO,1411.00,1,,
6584,1,2024-02-03T15:00:00+00,PIX,COBRANCA,APROVADO,850.60,1,,
6585,1,2024-03-20T15:00:00+00,PIX,COBRANCA,APROVADO,560.42,1,,
6586,1,2024-04-09T15:00:00+00,PIX,COBRANCA,APROVADO,1022.83,1,,
6587,1,2024-05-26T15:00:00+00,PIX,COBRANCA,APROVADO,1346.31,1,,
6588,1,2024-06-15T15:00:00+00,PIX,COBRANCA,APROVADO,1091.16,1,,
6589,1,2024-07-04T15:00:00+00,PIX,COBRANCA,APROVADO,588.94,1,,
6590,1,2024-08-21T15:00:00+00,PIX,COBRANCA,APROVADO,1150.06,1,,
6591,1,2024-09-10T15:00:00+00,PIX,COBRANCA,APROVADO,1707.56,1,,
6592,1,2024-10-27T15:00:00+00,PIX,COBRANCA,APROVADO,1035.27,1,,
6593,1,2024-11-16T15:00:00+00,PIX,COBRANCA,APROVADO,736.57,1,,
6594,1,2024-11-05T15:00:00+00,PIX,COBRANCA,APROVADO,1207.32,1,,
6595,1,2024-12-22T15:00:00+00,PIX,COBRANCA,APROVADO,1879.55,1,,
6596,1,2024-01-11T15:00:00+00,PIX,COBRANCA,APROVADO,1298.04,1,,
6597,1,2024-02-28T15:00:00+00,PIX,COBRANCA,APROVADO,334.32,1,,
6598,1,2024-03-17T15:00:00+00,PIX,COBRANCA,APROVADO,800.45,1,,
6599,1,2024-04-06T15:00:00+00,PIX,COBRANCA,APROVADO,1102.09,1,,
6600,1,2024-05-23T15:00:00+00,PIX,COBRANCA,APROVADO,1096.43,1,,
6601,1,2024-06-12T15:00:00+00,PIX,COBRANCA,APROVADO,506.20,1,,
6602,1,2024-07-29T15:00:00+00,PIX,COBRANCA,APROVADO,1000.21,1,,
6603,1,2024-08-18T15:00:00+00,PIX,COBRANCA,APROVADO,606.46,1,,
6604,1,2024-09-07T15:00:00+00,PIX,COBRANCA,APROVADO,367.27,1,,
6605,1,2024-10-24T15:00:00+00,PIX,COBRANCA,APROVADO,281.52,1,,
6606,1,2024-11-13T15:00:00+00,PIX,COBRANCA,APROVADO,534.41,1,,
6607,1,2024-11-02T15:00:00+00,PIX,COBRANCA,APROVADO,820.18,1,,
6608,1,2024-12-19T15:00:00+00,PIX,COBRANCA,APROVADO,515.23,1,,
6609,1,2024-01-08T15:00:00+00,PIX,COBRANCA,APROVADO,363.72,1,,
6610,1,2024-02-25T15:00:00+00,PIX,COBRANCA,APROVADO,682.37,1,,
6611,1,2024-03-14T15:00:00+00,PIX,COBRANCA,APROVADO,1033.90,1,,
6612,1,2024-04-03T15:00:00+00,PIX,COBRANCA,APROVADO,663.19,1,,
6613,1,2024-05-20T15:00:00+00,PIX,COBRANCA,APROVADO,445.92,1,,
6614,1,2024-06-09T15:00:00+00,PIX,COBRANCA,APROVADO,830.33,1,,
6615,1,2024-07-26T15:00:00+00,PIX,COBRANCA,APROVADO,1247.62,1,,
6616,1,2024-08-15T15:00:00+00,PIX,COBRANCA,APROVADO,811.15,1,,
6617,1,2024-09-04T15:00:00+00,PIX,COBRANCA,APROVADO,528.12,1,,
6618,1,2024-10-21T15:00:00+00,PIX,COBRANCA,APROVADO,978.29,1,,
6619,1,2024-11-10T15:00:00+00,PIX,COBRANCA,APROVADO,1461.34,1,,
6620,1,2024-11-27T15:00:00+00,PIX,COBRANCA,APROVADO,959.11,1,,
6621,1,2024-12-16T15:00:00+00,PIX,COBRANCA,APROVADO,610.32,1,,
6622,1,2024-01-05T15:00:00+00,PIX,COBRANCA,APROVADO,1126.25,1,,
6623,1,2024-02-22T15:00:00+00,PIX,COBRANCA,APROVADO,1675.06,1,,
6624,1,2024-03-11T15:00:00+00,PIX,COBRANCA,APROVADO,1107.07,1,,
6625,1,2024-04-28T15:00:00+00,PIX,COBRANCA,APROVADO,692.52,1,,
6626,1,2024-05-17T15:00:00+00,PIX,COBRANCA,APROVADO,1274.21,1,,
6627,1,2024-06-06T15:00:00+00,PIX,COBRANCA,APROVADO,1888.78,1,,
6628,1,2024-07-23T15:00:00+00,PIX,COBRANCA,APROVADO,1255.03,1,,
6629,1,2024-08-12T15:00:00+00,PIX,COBRANCA,APROVADO,774.72,1,,
6630,1,2024-09-29T15:00:00+00,PIX,COBRANCA,APROVADO,1422.17,1,,
6631,1,2024-10-18T15:00:00+00,PIX,COBRANCA,APROVADO,1921.41,1,,
6632,1,2024-11-07T15:00:00+00,PIX,COBRANCA,APROVADO,1113.57,1,,
6633,1,2024-11-24T15:00:00+00,PIX,COBRANCA,APROVADO,786.97,1,,
6634,1,2024-12-13T15:00:00+00,PIX,COBRANCA,APROVADO,674.70,1,,
6635,1,2024-01-02T15:00:00+00,PIX,COBRANCA,APROVADO,981.35,1,,
6636,1,2024-02-19T15:00:00+00,PIX,COBRANCA,APROVADO,1255.82,1,,
6637,1,2024-03-08T15:00:00+00,PIX,COBRANCA,APROVADO,376.50,1,,
6638,1,2024-04-25T15:00:00+00,PIX,COBRANCA,APROVADO,891.43,1,,
6639,1,2024-05-14T15:00:00+00,PIX,COBRANCA,APROVADO,1219.34,1,,
6640,1,2024-06-03T15:00:00+00,PIX,COBRANCA,APROVADO,249.71,1,,
6641,1,2024-07-20T15:00:00+00,PIX,COBRANCA,APROVADO,219.70,1,,
6642,1,2024-08-09T15:00:00+00,PIX,COBRANCA,APROVADO,372.03,1,,
6643,1,2024-09-26T15:00:00+00,PIX,COBRANCA,APROVADO,687.63,1,,
6644,1,2024-10-15T15:00:00+00,PIX,COBRANCA,APROVADO,392.46,1,,
6645,1,2024-11-04T15:00:00+00,PIX,COBRANCA,APROVADO,298.22,1,,
6646,1,2024-11-21T15:00:00+00,PIX,COBRANCA,APROVADO,549.59,1,,
6647,1,2024-12-10T15:00:00+00,PIX,COBRANCA,APROVADO,740.46,1,,
6648,1,2024-01-27T15:00:00+00,PIX,COBRANCA,APROVADO,578.74,1,,
6649,1,2024-02-16T15:00:00+00,PIX,COBRANCA,APROVADO,341.82,1,,
6650,1,2024-03-05T15:00:00+00,PIX,COBRANCA,APROVADO,707.17,1,,
6651,1,2024-04-22T15:00:00+00,PIX,COBRANCA,APROVADO,1176.38,1,,
6652,1,2024-05-11T15:00:00+00,PIX,COBRANCA,APROVADO,761.83,1,,
6653,1,2024-06-28T15:00:00+00,PIX,COBRANCA,APROVADO,500.72,1,,
6654,1,2024-07-17T15:00:00+00,PIX,COBRANCA,APROVADO,928.97,1,,
6655,1,2024-08-06T15:00:00+00,PIX,COBRANCA,APROVADO,1390.10,1,,
6656,1,2024-09-23T15:00:00+00,PIX,COBRANCA,APROVADO,909.79,1,,
6657,1,2024-10-12T15:00:00+00,PIX,COBRANCA,APROVADO,582.92,1,,
6658,1,2024-11-29T15:00:00+00,PIX,COBRANCA,APROVADO,1076.93,1,,
6659,1,2024-11-18T15:00:00+00,PIX,COBRANCA,APROVADO,1603.82,1,,
6660,1,2024-12-07T15:00:00+00,PIX,COBRANCA,APROVADO,1057.75,1,,
6661,1,2024-01-24T15:00:00+00,PIX,COBRANCA,APROVADO,665.12,1,,
6662,1,2024-02-13T15:00:00+00,PIX,COBRANCA,APROVADO,1224.89,1,,
6663,1,2024-03-02T15:00:00+00,PIX,COBRANCA,APROVADO,1817.54,1,,
6664,1,2024-04-19T15:00:00+00,PIX,COBRANCA,APROVADO,1205.71,1,,
6665,1,2024-05-08T15:00:00+00,PIX,COBRANCA,APROVADO,747.32,1,,
6666,1,2024-06-25T15:00:00+00,PIX,COBRANCA,APROVADO,1372.85,1,,
6667,1,2024-07-14T15:00:00+00,PIX,COBRANCA,APROVADO,2031.26,1,,
6668,1,2024-08-03T15:00:00+00,PIX,COBRANCA,APROVADO,1353.67,1,,
6669,1,2024-09-20T15:00:00+00,PIX,COBRANCA,APROVADO,829.52,1,,
6670,1,2024-10-09T15:00:00+00,PIX,COBRANCA,APROVADO,1520.81,1,,
6671,1,2024-11-26T15:00:00+00,PIX,COBRANCA,APROVADO,2244.98,1,,
6672,1,2024-11-15T15:00:00+00,PIX,COBRANCA,APROVADO,1348.19,1,,
6673,1,2024-12-04T15:00:00+00,PIX,COBRANCA,APROVADO,451.40,1,,
6674,1,2024-01-21T15:00:00+00,PIX,COBRANCA,APROVADO,901.57,1,,
6675,1,2024-02-10T15:00:00+00,PIX,COBRANCA,APROVADO,1384.62,1,,
6676,1,2024-03-27T15:00:00+00,PIX,COBRANCA,APROVADO,1496.15,1,,
6677,1,2024-04-16T15:00:00+00,PIX,COBRANCA,APROVADO,226.72,1,,
6678,1,2024-05-05T15:00:00+00,PIX,COBRANCA,APROVADO,435.77,1,,
6679,1,2024-06-22T15:00:00+00,PIX,COBRANCA,APROVADO,677.70,1,,
6680,1,2024-07-11T15:00:00+00,PIX,COBRANCA,APROVADO,416.59,1,,
6681,1,2024-08-28T15:00:00+00,PIX,COBRANCA,APROVADO,276.94,1,,
6682,1,2024-09-17T15:00:00+00,PIX,COBRANCA,APROVADO,448.21,1,,
6683,1,2024-10-06T15:00:00+00,PIX,COBRANCA,APROVADO,819.11,1,,
6684,1,2024-11-23T15:00:00+00,PIX,COBRANCA,APROVADO,475.71,1,,
6685,1,2024-11-12T15:00:00+00,PIX,COBRANCA,APROVADO,345.89,1,,
6686,1,2024-12-29T15:00:00+00,PIX,COBRANCA,APROVADO,635.67,1,,
6687,1,2024-01-18T15:00:00+00,PIX,COBRANCA,APROVADO,850.62,1,,
6688,1,2024-02-07T15:00:00+00,PIX,COBRANCA,APROVADO,671.97,1,,
6689,1,2024-03-24T15:00:00+00,PIX,COBRANCA,APROVADO,386.75,1,,
6690,1,2024-04-13T15:00:00+00,PIX,COBRANCA,APROVADO,767.85,1,,
6691,1,2024-05-02T15:00:00+00,PIX,COBRANCA,APROVADO,1147.71,1,,
6692,1,2024-06-19T15:00:00+00,PIX,COBRANCA,APROVADO,682.60,1,,
6693,1,2024-07-08T15:00:00+00,PIX,COBRANCA,APROVADO,509.70,1,,
6694,1,2024-08-25T15:00:00+00,PIX,COBRANCA,APROVADO,842.39,1,,
6695,1,2024-09-14T15:00:00+00,PIX,COBRANCA,APROVADO,1329.59,1,,
6696,1,2024-10-03T15:00:00+00,PIX,COBRANCA,APROVADO,901.00,1,,
6697,1,2024-11-20T15:00:00+00,PIX,COBRANCA,APROVADO,489.67,1,,
6698,1,2024-11-09T15:00:00+00,PIX,COBRANCA,APROVADO,1081.60,1,,
6699,1,2024-12-26T15:00:00+00,PIX,COBRANCA,APROVADO,1433.67,1,,
6700,1,2024-01-15T15:00:00+00,PIX,COBRANCA,APROVADO,904.63,1,,
6701,1,2024-02-04T15:00:00+00,PIX,COBRANCA,APROVADO,719.92,1,,
6702,1,2024-03-21T15:00:00+00,PIX,COBRANCA,APROVADO,1323.53,1,,
6703,1,2024-04-10T15:00:00+00,PIX,COBRANCA,APROVADO,1960.02,1,,
6704,1,2024-05-27T15:00:00+00,PIX,COBRANCA,APROVADO,1304.35,1,,
6705,1,2024-06-16T15:00:00+00,PIX,COBRANCA,APROVADO,802.12,1,,
6706,1,2024-07-05T15:00:00+00,PIX,COBRANCA,APROVADO,1471.49,1,,
6707,1,2024-08-22T15:00:00+00,PIX,COBRANCA,APROVADO,2173.74,1,,
6708,1,2024-09-11T15:00:00+00,PIX,COBRANCA,APROVADO,1452.31,1,,
6709,1,2024-10-28T15:00:00+00,PIX,COBRANCA,APROVADO,424.00,1,,
6710,1,2024-11-17T15:00:00+00,PIX,COBRANCA,APROVADO,852.25,1,,
6711,1,2024-11-06T15:00:00+00,PIX,COBRANCA,APROVADO,1313.38,1,,
6712,1,2024-12-23T15:00:00+00,PIX,COBRANCA,APROVADO,1446.83,1,,
6713,1,2024-01-12T15:00:00+00,PIX,COBRANCA,APROVADO,506.20,1,,
6714,1,2024-02-29T15:00:00+00,PIX,COBRANCA,APROVADO,1000.21,1,,
6715,1,2024-03-18T15:00:00+00,PIX,COBRANCA,APROVADO,606.46,1,,
6716,1,2024-04-07T15:00:00+00,PIX,COBRANCA,APROVADO,367.27,1,,
6717,1,2024-05-24T15:00:00+00,PIX,COBRANCA,APROVADO,281.52,1,,
6718,1,2024-06-13T15:00:00+00,PIX,COBRANCA,APROVADO,534.41,1,,
6719,1,2024-07-02T15:00:00+00,PIX,COBRANCA,APROVADO,820.18,1,,
6720,1,2024-08-19T15:00:00+00,PIX,COBRANCA,APROVADO,515.23,1,,
6721,1,2024-09-08T15:00:00+00,PIX,COBRANCA,APROVADO,363.72,1,,
6722,1,2024-10-25T15:00:00+00,PIX,COBRANCA,APROVADO,682.37,1,,
6723,1,2024-11-14T15:00:00+00,PIX,COBRANCA,APROVADO,1033.90,1,,
6724,1,2024-11-03T15:00:00+00,PIX,COBRANCA,APROVADO,663.19,1,,
6725,1,2024-12-20T15:00:00+00,PIX,COBRANCA,APROVADO,445.92,1,,
6726,1,2024-01-09T15:00:00+00,PIX,COBRANCA,APROVADO,830.33,1,,
6727,1,2024-02-26T15:00:00+00,PIX,COBRANCA,APROVADO,1247.62,1,,
6728,1,2024-03-15T15:00:00+00,PIX,COBRANCA,APROVADO,811.15,1,,
6729,1,2024-04-04T15:00:00+00,PIX,COBRANCA,APROVADO,528.12,1,,
6730,1,2024-05-21T15:00:00+00,PIX,COBRANCA,APROVADO,978.29,1,,
6731,1,2024-06-10T15:00:00+00,PIX,COBRANCA,APROVADO,1332.05,1,,
6732,1,2024-07-27T15:00:00+00,PIX,COBRANCA,APROVADO,760.98,1,,
6733,1,2024-08-16T15:00:00+00,PIX,COBRANCA,APROVADO,560.13,1,,
6734,1,2024-09-05T15:00:00+00,PIX,COBRANCA,APROVADO,923.48,1,,
6735,1,2024-10-22T15:00:00+00,PIX,COBRANCA,APROVADO,1451.78,1,,
6736,1,2024-11-11T15:00:00+00,PIX,COBRANCA,APROVADO,989.20,1,,
6737,1,2024-11-28T15:00:00+00,PIX,COBRANCA,APROVADO,531.87,1,,
6738,1,2024-12-17T15:00:00+00,PIX,COBRANCA,APROVADO,1172.54,1,,
6739,1,2024-01-06T15:00:00+00,PIX,COBRANCA,APROVADO,1550.92,1,,
6740,1,2024-02-23T15:00:00+00,PIX,COBRANCA,APROVADO,973.35,1,,
6741,1,2024-03-12T15:00:00+00,PIX,COBRANCA,APROVADO,672.65,1,,
6742,1,2024-04-29T15:00:00+00,PIX,COBRANCA,APROVADO,1095.68,1,,
6743,1,2024-05-18T15:00:00+00,PIX,COBRANCA,APROVADO,1937.12,1,,
6744,1,2024-06-07T15:00:00+00,PIX,COBRANCA,APROVADO,1183.76,1,,
6745,1,2024-07-24T15:00:00+00,PIX,COBRANCA,APROVADO,751.13,1,,
6746,1,2024-08-13T15:00:00+00,PIX,COBRANCA,APROVADO,714.83,1,,
6747,1,2024-09-02T15:00:00+00,PIX,COBRANCA,APROVADO,981.33,1,,
6748,1,2024-10-19T15:00:00+00,PIX,COBRANCA,APROVADO,1325.72,1,,
6749,1,2024-11-08T15:00:00+00,PIX,COBRANCA,APROVADO,400.44,1,,
6750,1,2024-11-25T15:00:00+00,PIX,COBRANCA,APROVADO,772.93,1,,
6751,1,2024-11-11T15:00:00+00,PIX,COBRANCA,APROVADO,1455.86,1,,
6752,1,2024-09-28T15:00:00+00,PIX,COBRANCA,APROVADO,317.95,1,,
6753,1,2024-07-17T15:00:00+00,PIX,COBRANCA,APROVADO,254.12,1,,
6754,1,2024-05-06T15:00:00+00,PIX,COBRANCA,APROVADO,485.09,1,,
6755,1,2024-12-23T15:00:00+00,PIX,COBRANCA,APROVADO,748.94,1,,
6756,1,2024-10-12T15:00:00+00,PIX,COBRANCA,APROVADO,465.91,1,,
6757,1,2024-08-29T15:00:00+00,PIX,COBRANCA,APROVADO,336.32,1,,
6758,1,2024-06-18T15:00:00+00,PIX,COBRANCA,APROVADO,633.05,1,,
6759,1,2024-04-07T15:00:00+00,PIX,COBRANCA,APROVADO,962.66,1,,
6760,1,2024-11-24T15:00:00+00,PIX,COBRANCA,APROVADO,613.87,1,,
6761,1,2024-09-13T15:00:00+00,PIX,COBRANCA,APROVADO,418.52,1,,
6762,1,2024-07-02T15:00:00+00,PIX,COBRANCA,APROVADO,781.01,1,,
6763,1,2024-05-19T15:00:00+00,PIX,COBRANCA,APROVADO,1176.38,1,,
6764,1,2024-12-08T15:00:00+00,PIX,COBRANCA,APROVADO,761.83,1,,
6765,1,2024-10-25T15:00:00+00,PIX,COBRANCA,APROVADO,500.72,1,,
6766,1,2024-08-14T15:00:00+00,PIX,COBRANCA,APROVADO,928.97,1,,
6767,1,2024-06-03T15:00:00+00,PIX,COBRANCA,APROVADO,1390.10,1,,
6768,1,2024-04-20T15:00:00+00,PIX,COBRANCA,APROVADO,909.79,1,,
6769,1,2024-11-09T15:00:00+00,PIX,COBRANCA,APROVADO,582.92,1,,
6770,1,2024-09-26T15:00:00+00,PIX,COBRANCA,APROVADO,1076.93,1,,
6771,1,2024-07-15T15:00:00+00,PIX,COBRANCA,APROVADO,1603.82,1,,
6772,1,2024-05-04T15:00:00+00,PIX,COBRANCA,APROVADO,1057.75,1,,
6773,1,2024-12-21T15:00:00+00,PIX,COBRANCA,APROVADO,665.12,1,,
6774,1,2024-10-10T15:00:00+00,PIX,COBRANCA,APROVADO,1224.89,1,,
6775,1,2024-08-27T15:00:00+00,PIX,COBRANCA,APROVADO,1817.54,1,,
6776,1,2024-06-16T15:00:00+00,PIX,COBRANCA,APROVADO,1205.71,1,,
6777,1,2024-04-05T15:00:00+00,PIX,COBRANCA,APROVADO,747.32,1,,
6778,1,2024-11-22T15:00:00+00,PIX,COBRANCA,APROVADO,1372.85,1,,
6779,1,2024-09-11T15:00:00+00,PIX,COBRANCA,APROVADO,2031.26,1,,
6780,1,2024-07-28T15:00:00+00,PIX,COBRANCA,APROVADO,1353.67,1,,
6781,1,2024-05-17T15:00:00+00,PIX,COBRANCA,APROVADO,750.68,1,,
6782,1,2024-12-06T15:00:00+00,PIX,COBRANCA,APROVADO,1171.86,1,,
6783,1,2024-10-23T15:00:00+00,PIX,COBRANCA,APROVADO,2068.60,1,,
6784,1,2024-08-12T15:00:00+00,PIX,COBRANCA,APROVADO,1144.33,1,,
6785,1,2024-06-29T15:00:00+00,PIX,COBRANCA,APROVADO,361.49,1,,
6786,1,2024-04-18T15:00:00+00,PIX,COBRANCA,APROVADO,800.91,1,,
6787,1,2024-11-07T15:00:00+00,PIX,COBRANCA,APROVADO,1091.49,1,,
6788,1,2024-09-24T15:00:00+00,PIX,COBRANCA,APROVADO,1418.86,1,,
6789,1,2024-07-13T15:00:00+00,PIX,COBRANCA,APROVADO,184.53,1,,
6790,1,2024-05-02T15:00:00+00,PIX,COBRANCA,APROVADO,385.64,1,,
6791,1,2024-12-19T15:00:00+00,PIX,COBRANCA,APROVADO,587.99,1,,
6792,1,2024-10-08T15:00:00+00,PIX,COBRANCA,APROVADO,329.93,1,,
6793,1,2024-08-25T15:00:00+00,PIX,COBRANCA,APROVADO,282.81,1,,
6794,1,2024-06-14T15:00:00+00,PIX,COBRANCA,APROVADO,477.41,1,,
6795,1,2024-04-03T15:00:00+00,PIX,COBRANCA,APROVADO,779.70,1,,
6796,1,2024-11-20T15:00:00+00,PIX,COBRANCA,APROVADO,503.96,1,,
6797,1,2024-09-09T15:00:00+00,PIX,COBRANCA,APROVADO,299.78,1,,
6798,1,2024-07-26T15:00:00+00,PIX,COBRANCA,APROVADO,672.25,1,,
6799,1,2024-05-15T15:00:00+00,PIX,COBRANCA,APROVADO,905.87,1,,
6800,1,2024-12-04T15:00:00+00,PIX,COBRANCA,APROVADO,559.39,1,,
6801,1,2024-10-21T15:00:00+00,PIX,COBRANCA,APROVADO,473.32,1,,
6802,1,2024-08-10T15:00:00+00,PIX,COBRANCA,APROVADO,879.65,1,,
6803,1,2024-06-27T15:00:00+00,PIX,COBRANCA,APROVADO,1318.86,1,,
6804,1,2024-04-16T15:00:00+00,PIX,COBRANCA,APROVADO,860.47,1,,
6805,1,2024-11-05T15:00:00+00,PIX,COBRANCA,APROVADO,555.52,1,,
6806,1,2024-09-22T15:00:00+00,PIX,COBRANCA,APROVADO,1027.61,1,,
6807,1,2024-07-11T15:00:00+00,PIX,COBRANCA,APROVADO,1532.58,1,,
6808,1,2024-05-28T15:00:00+00,PIX,COBRANCA,APROVADO,1008.43,1,,
6809,1,2024-12-17T15:00:00+00,PIX,COBRANCA,APROVADO,637.72,1,,
6810,1,2024-10-06T15:00:00+00,PIX,COBRANCA,APROVADO,1175.57,1,,
6811,1,2024-08-23T15:00:00+00,PIX,COBRANCA,APROVADO,1746.30,1,,
6812,1,2024-06-12T15:00:00+00,PIX,COBRANCA,APROVADO,1156.39,1,,
6813,1,2024-04-29T15:00:00+00,PIX,COBRANCA,APROVADO,719.92,1,,
6814,1,2024-11-18T15:00:00+00,PIX,COBRANCA,APROVADO,1323.53,1,,
6815,1,2024-09-07T15:00:00+00,PIX,COBRANCA,APROVADO,1960.02,1,,
6816,1,2024-07-24T15:00:00+00,PIX,COBRANCA,APROVADO,1304.35,1,,
6817,1,2024-05-13T15:00:00+00,PIX,COBRANCA,APROVADO,802.12,1,,
6818,1,2024-12-02T15:00:00+00,PIX,COBRANCA,APROVADO,1471.49,1,,
6819,1,2024-10-19T15:00:00+00,PIX,COBRANCA,APROVADO,2173.74,1,,
6820,1,2024-08-08T15:00:00+00,PIX,COBRANCA,APROVADO,1452.31,1,,
6821,1,2024-06-25T15:00:00+00,PIX,COBRANCA,APROVADO,424.00,1,,
6822,1,2024-04-14T15:00:00+00,PIX,COBRANCA,APROVADO,852.25,1,,
6823,1,2024-11-03T15:00:00+00,PIX,COBRANCA,APROVADO,1313.38,1,,
6824,1,2024-09-20T15:00:00+00,PIX,COBRANCA,APROVADO,1446.83,1,,
6825,1,2024-07-09T15:00:00+00,PIX,COBRANCA,APROVADO,506.20,1,,
6826,1,2024-05-26T15:00:00+00,PIX,COBRANCA,APROVADO,1000.21,1,,
6827,1,2024-12-15T15:00:00+00,PIX,COBRANCA,APROVADO,606.46,1,,
6828,1,2024-10-04T15:00:00+00,PIX,COBRANCA,APROVADO,367.27,1,,
6829,1,2024-08-21T15:00:00+00,PIX,COBRANCA,APROVADO,281.52,1,,
6830,1,2024-06-10T15:00:00+00,PIX,COBRANCA,APROVADO,534.41,1,,
6831,1,2024-04-27T15:00:00+00,PIX,COBRANCA,APROVADO,742.69,1,,
6832,1,2024-11-16T15:00:00+00,PIX,COBRANCA,APROVADO,408.31,1,,
6833,1,2024-09-05T15:00:00+00,PIX,COBRANCA,APROVADO,333.26,1,,
6834,1,2024-07-22T15:00:00+00,PIX,COBRANCA,APROVADO,558.50,1,,
6835,1,2024-05-11T15:00:00+00,PIX,COBRANCA,APROVADO,901.89,1,,
6836,1,2024-12-28T15:00:00+00,PIX,COBRANCA,APROVADO,592.16,1,,
6837,1,2024-10-17T15:00:00+00,PIX,COBRANCA,APROVADO,341.98,1,,
6838,1,2024-08-06T15:00:00+00,PIX,COBRANCA,APROVADO,763.19,1,,
6839,1,2024-06-23T15:00:00+00,PIX,COBRANCA,APROVADO,1023.18,1,,
6840,1,2024-04-12T15:00:00+00,PIX,COBRANCA,APROVADO,630.57,1,,
6841,1,2024-11-29T15:00:00+00,PIX,COBRANCA,APROVADO,458.08,1,,
6842,1,2024-09-18T15:00:00+00,PIX,COBRANCA,APROVADO,752.89,1,,
6843,1,2024-07-07T15:00:00+00,PIX,COBRANCA,APROVADO,1345.23,1,,
6844,1,2024-05-24T15:00:00+00,PIX,COBRANCA,APROVADO,808.94,1,,
6845,1,2024-12-13T15:00:00+00,PIX,COBRANCA,APROVADO,536.60,1,,
6846,1,2024-10-02T15:00:00+00,PIX,COBRANCA,APROVADO,979.77,1,,
6847,1,2024-08-19T15:00:00+00,PIX,COBRANCA,APROVADO,1291.20,1,,
6848,1,2024-06-08T15:00:00+00,PIX,COBRANCA,APROVADO,1044.54,1,,
6849,1,2024-04-25T15:00:00+00,PIX,COBRANCA,APROVADO,566.50,1,,
6850,1,2024-11-14T15:00:00+00,PIX,COBRANCA,APROVADO,1145.57,1,,
6851,1,2024-09-03T15:00:00+00,PIX,COBRANCA,APROVADO,1888.78,1,,
6852,1,2024-07-20T15:00:00+00,PIX,COBRANCA,APROVADO,1255.03,1,,
6853,1,2024-05-09T15:00:00+00,PIX,COBRANCA,APROVADO,774.72,1,,
6854,1,2024-12-26T15:00:00+00,PIX,COBRANCA,APROVADO,1422.17,1,,
6855,1,2024-10-15T15:00:00+00,PIX,COBRANCA,APROVADO,2102.50,1,,
6856,1,2024-08-04T15:00:00+00,PIX,COBRANCA,APROVADO,1402.99,1,,
6857,1,2024-06-21T15:00:00+00,PIX,COBRANCA,APROVADO,856.92,1,,
6858,1,2024-04-10T15:00:00+00,PIX,COBRANCA,APROVADO,802.93,1,,
6859,1,2024-11-27T15:00:00+00,PIX,COBRANCA,APROVADO,1242.14,1,,
6860,1,2024-09-16T15:00:00+00,PIX,COBRANCA,APROVADO,1397.51,1,,
6861,1,2024-07-05T15:00:00+00,PIX,COBRANCA,APROVADO,478.80,1,,
6862,1,2024-05-22T15:00:00+00,PIX,COBRANCA,APROVADO,950.89,1,,
6863,1,2024-12-11T15:00:00+00,PIX,COBRANCA,APROVADO,1455.86,1,,
6864,1,2024-10-28T15:00:00+00,PIX,COBRANCA,APROVADO,317.95,1,,
6865,1,2024-08-17T15:00:00+00,PIX,COBRANCA,APROVADO,254.12,1,,
6866,1,2024-06-06T15:00:00+00,PIX,COBRANCA,APROVADO,485.09,1,,
6867,1,2024-04-23T15:00:00+00,PIX,COBRANCA,APROVADO,748.94,1,,
6868,1,2024-11-12T15:00:00+00,PIX,COBRANCA,APROVADO,465.91,1,,
6869,1,2024-09-29T15:00:00+00,PIX,COBRANCA,APROVADO,336.32,1,,
6870,1,2024-07-18T15:00:00+00,PIX,COBRANCA,APROVADO,633.05,1,,
6871,1,2024-05-07T15:00:00+00,PIX,COBRANCA,APROVADO,962.66,1,,
6872,1,2024-12-24T15:00:00+00,PIX,COBRANCA,APROVADO,613.87,1,,
6873,1,2024-10-13T15:00:00+00,PIX,COBRANCA,APROVADO,418.52,1,,
6874,1,2024-08-02T15:00:00+00,PIX,COBRANCA,APROVADO,781.01,1,,
6875,1,2024-06-19T15:00:00+00,PIX,COBRANCA,APROVADO,1176.38,1,,
6876,1,2024-04-08T15:00:00+00,PIX,COBRANCA,APROVADO,761.83,1,,
6877,1,2024-11-25T15:00:00+00,PIX,COBRANCA,APROVADO,500.72,1,,
6878,1,2024-09-14T15:00:00+00,PIX,COBRANCA,APROVADO,928.97,1,,
6879,1,2024-07-03T15:00:00+00,PIX,COBRANCA,APROVADO,1390.10,1,,
6880,1,2024-05-20T15:00:00+00,PIX,COBRANCA,APROVADO,909.79,1,,
6881,1,2024-12-09T15:00:00+00,PIX,COBRANCA,APROVADO,526.28,1,,
6882,1,2024-10-26T15:00:00+00,PIX,COBRANCA,APROVADO,829.07,1,,
6883,1,2024-08-15T15:00:00+00,PIX,COBRANCA,APROVADO,1476.71,1,,
6884,1,2024-06-04T15:00:00+00,PIX,COBRANCA,APROVADO,892.19,1,,
6885,1,2024-04-21T15:00:00+00,PIX,COBRANCA,APROVADO,584.27,1,,
6886,1,2024-11-10T15:00:00+00,PIX,COBRANCA,APROVADO,1065.85,1,,
6887,1,2024-09-27T15:00:00+00,PIX,COBRANCA,APROVADO,1401.36,1,,
6888,1,2024-07-16T15:00:00+00,PIX,COBRANCA,APROVADO,1137.77,1,,
6889,1,2024-05-05T15:00:00+00,PIX,COBRANCA,APROVADO,611.43,1,,
6890,1,2024-12-22T15:00:00+00,PIX,COBRANCA,APROVADO,1192.55,1,,
6891,1,2024-10-11T15:00:00+00,PIX,COBRANCA,APROVADO,1769.69,1,,
6892,1,2024-08-28T15:00:00+00,PIX,COBRANCA,APROVADO,1074.42,1,,
6893,1,2024-06-17T15:00:00+00,PIX,COBRANCA,APROVADO,761.78,1,,
6894,1,2024-04-06T15:00:00+00,PIX,COBRANCA,APROVADO,1247.91,1,,
6895,1,2024-11-23T15:00:00+00,PIX,COBRANCA,APROVADO,1940.61,1,,
6896,1,2024-09-12T15:00:00+00,PIX,COBRANCA,APROVADO,1211.72,1,,
6897,1,2024-07-29T15:00:00+00,PIX,COBRANCA,APROVADO,355.41,1,,
6898,1,2024-05-18T15:00:00+00,PIX,COBRANCA,APROVADO,845.94,1,,
6899,1,2024-12-07T15:00:00+00,PIX,COBRANCA,APROVADO,1160.78,1,,
6900,1,2024-10-24T15:00:00+00,PIX,COBRANCA,APROVADO,1134.79,1,,
6901,1,2024-08-13T15:00:00+00,PIX,COBRANCA,APROVADO,226.72,1,,
6902,1,2024-06-02T15:00:00+00,PIX,COBRANCA,APROVADO,435.77,1,,
6903,1,2024-04-19T15:00:00+00,PIX,COBRANCA,APROVADO,677.70,1,,
6904,1,2024-11-08T15:00:00+00,PIX,COBRANCA,APROVADO,416.59,1,,
6905,1,2024-09-25T15:00:00+00,PIX,COBRANCA,APROVADO,308.92,1,,
6906,1,2024-07-14T15:00:00+00,PIX,COBRANCA,APROVADO,583.73,1,,
6907,1,2024-05-03T15:00:00+00,PIX,COBRANCA,APROVADO,891.42,1,,
6908,1,2024-12-20T15:00:00+00,PIX,COBRANCA,APROVADO,564.55,1,,
6909,1,2024-10-09T15:00:00+00,PIX,COBRANCA,APROVADO,391.12,1,,
6910,1,2024-08-26T15:00:00+00,PIX,COBRANCA,APROVADO,731.69,1,,
6911,1,2024-06-15T15:00:00+00,PIX,COBRANCA,APROVADO,1105.14,1,,
6912,1,2024-04-04T15:00:00+00,PIX,COBRANCA,APROVADO,712.51,1,,
6913,1,2024-11-21T15:00:00+00,PIX,COBRANCA,APROVADO,473.32,1,,
6914,1,2024-09-10T15:00:00+00,PIX,COBRANCA,APROVADO,879.65,1,,
6915,1,2024-07-27T15:00:00+00,PIX,COBRANCA,APROVADO,1318.86,1,,
6916,1,2024-05-16T15:00:00+00,PIX,COBRANCA,APROVADO,860.47,1,,
6917,1,2024-12-05T15:00:00+00,PIX,COBRANCA,APROVADO,555.52,1,,
6918,1,2024-10-22T15:00:00+00,PIX,COBRANCA,APROVADO,1027.61,1,,
6919,1,2024-08-11T15:00:00+00,PIX,COBRANCA,APROVADO,1532.58,1,,
6920,1,2024-06-28T15:00:00+00,PIX,COBRANCA,APROVADO,1008.43,1,,
6921,1,2024-04-17T15:00:00+00,PIX,COBRANCA,APROVADO,637.72,1,,
6922,1,2024-11-06T15:00:00+00,PIX,COBRANCA,APROVADO,1175.57,1,,
6923,1,2024-09-23T15:00:00+00,PIX,COBRANCA,APROVADO,1746.30,1,,
6924,1,2024-07-12T15:00:00+00,PIX,COBRANCA,APROVADO,1156.39,1,,
6925,1,2024-05-29T15:00:00+00,PIX,COBRANCA,APROVADO,719.92,1,,
6926,1,2024-12-18T15:00:00+00,PIX,COBRANCA,APROVADO,1323.53,1,,
6927,1,2024-10-07T15:00:00+00,PIX,COBRANCA,APROVADO,1960.02,1,,
6928,1,2024-08-24T15:00:00+00,PIX,COBRANCA,APROVADO,1304.35,1,,
6929,1,2024-06-13T15:00:00+00,PIX,COBRANCA,APROVADO,802.12,1,,
6930,1,2024-04-02T15:00:00+00,PIX,COBRANCA,APROVADO,1471.49,1,,
6931,1,2024-11-19T15:00:00+00,PIX,COBRANCA,APROVADO,1986.91,1,,
6932,1,2024-09-08T15:00:00+00,PIX,COBRANCA,APROVADO,1152.80,1,,
6933,1,2024-07-25T15:00:00+00,PIX,COBRANCA,APROVADO,397.91,1,,
6934,1,2024-05-14T15:00:00+00,PIX,COBRANCA,APROVADO,715.20,1,,
6935,1,2024-12-03T15:00:00+00,PIX,COBRANCA,APROVADO,1042.48,1,,
6936,1,2024-10-20T15:00:00+00,PIX,COBRANCA,APROVADO,1299.91,1,,
6937,1,2024-08-09T15:00:00+00,PIX,COBRANCA,APROVADO,397.61,1,,
6938,1,2024-06-26T15:00:00+00,PIX,COBRANCA,APROVADO,936.93,1,,
6939,1,2024-04-15T15:00:00+00,PIX,COBRANCA,APROVADO,495.44,1,,
6940,1,2024-11-04T15:00:00+00,PIX,COBRANCA,APROVADO,287.80,1,,
6941,1,2024-09-21T15:00:00+00,PIX,COBRANCA,APROVADO,243.54,1,,
6942,1,2024-07-10T15:00:00+00,PIX,COBRANCA,APROVADO,410.14,1,,
6943,1,2024-05-27T15:00:00+00,PIX,COBRANCA,APROVADO,753.40,1,,
6944,1,2024-12-16T15:00:00+00,PIX,COBRANCA,APROVADO,434.12,1,,
6945,1,2024-10-05T15:00:00+00,PIX,COBRANCA,APROVADO,322.04,1,,
6946,1,2024-08-22T15:00:00+00,PIX,COBRANCA,APROVADO,592.65,1,,
6947,1,2024-06-11T15:00:00+00,PIX,COBRANCA,APROVADO,795.57,1,,
6948,1,2024-04-28T15:00:00+00,PIX,COBRANCA,APROVADO,625.36,1,,
6949,1,2024-11-17T15:00:00+00,PIX,COBRANCA,APROVADO,364.26,1,,
6950,1,2024-09-06T15:00:00+00,PIX,COBRANCA,APROVADO,751.01,1,,
6951,1,2024-07-23T15:00:00+00,PIX,COBRANCA,APROVADO,1247.62,1,,
6952,1,2024-05-12T15:00:00+00,PIX,COBRANCA,APROVADO,811.15,1,,
6953,1,2024-12-29T15:00:00+00,PIX,COBRANCA,APROVADO,528.12,1,,
6954,1,2024-10-18T15:00:00+00,PIX,COBRANCA,APROVADO,978.29,1,,
6955,1,2024-08-07T15:00:00+00,PIX,COBRANCA,APROVADO,1461.34,1,,
6956,1,2024-06-24T15:00:00+00,PIX,COBRANCA,APROVADO,959.11,1,,
6957,1,2024-04-13T15:00:00+00,PIX,COBRANCA,APROVADO,610.32,1,,
6958,1,2024-11-02T15:00:00+00,PIX,COBRANCA,APROVADO,1126.25,1,,
6959,1,2024-09-19T15:00:00+00,PIX,COBRANCA,APROVADO,1675.06,1,,
6960,1,2024-07-08T15:00:00+00,PIX,COBRANCA,APROVADO,1107.07,1,,
6961,1,2024-05-25T15:00:00+00,PIX,COBRANCA,APROVADO,692.52,1,,
6962,1,2024-12-14T15:00:00+00,PIX,COBRANCA,APROVADO,1274.21,1,,
6963,1,2024-10-03T15:00:00+00,PIX,COBRANCA,APROVADO,1888.78,1,,
6964,1,2024-08-20T15:00:00+00,PIX,COBRANCA,APROVADO,1255.03,1,,
6965,1,2024-06-09T15:00:00+00,PIX,COBRANCA,APROVADO,774.72,1,,
6966,1,2024-04-26T15:00:00+00,PIX,COBRANCA,APROVADO,1422.17,1,,
6967,1,2024-11-15T15:00:00+00,PIX,COBRANCA,APROVADO,2102.50,1,,
6968,1,2024-09-04T15:00:00+00,PIX,COBRANCA,APROVADO,1402.99,1,,
6969,1,2024-07-21T15:00:00+00,PIX,COBRANCA,APROVADO,856.92,1,,
6970,1,2024-05-10T15:00:00+00,PIX,COBRANCA,APROVADO,802.93,1,,
6971,1,2024-12-27T15:00:00+00,PIX,COBRANCA,APROVADO,1242.14,1,,
6972,1,2024-10-16T15:00:00+00,PIX,COBRANCA,APROVADO,1397.51,1,,
6973,1,2024-08-05T15:00:00+00,PIX,COBRANCA,APROVADO,478.80,1,,
6974,1,2024-06-22T15:00:00+00,PIX,COBRANCA,APROVADO,950.89,1,,
6975,1,2024-04-11T15:00:00+00,PIX,COBRANCA,APROVADO,1455.86,1,,
6976,1,2024-11-28T15:00:00+00,PIX,COBRANCA,APROVADO,317.95,1,,
6977,1,2024-09-17T15:00:00+00,PIX,COBRANCA,APROVADO,254.12,1,,
6978,1,2024-07-06T15:00:00+00,PIX,COBRANCA,APROVADO,485.09,1,,
6979,1,2024-05-23T15:00:00+00,PIX,COBRANCA,APROVADO,748.94,1,,
6980,1,2024-12-12T15:00:00+00,PIX,COBRANCA,APROVADO,465.91,1,,
6981,1,2024-10-29T15:00:00+00,PIX,COBRANCA,APROVADO,301.88,1,,
6982,1,2024-08-18T15:00:00+00,PIX,COBRANCA,APROVADO,486.28,1,,
6983,1,2024-06-07T15:00:00+00,PIX,COBRANCA,APROVADO,884.88,1,,
6984,1,2024-04-24T15:00:00+00,PIX,COBRANCA,APROVADO,517.37,1,,
6985,1,2024-11-13T15:00:00+00,PIX,COBRANCA,APROVADO,369.71,1,,
6986,1,2024-09-02T15:00:00+00,PIX,COBRANCA,APROVADO,678.69,1,,
6987,1,2024-07-19T15:00:00+00,PIX,COBRANCA,APROVADO,905.67,1,,
6988,1,2024-05-08T15:00:00+00,PIX,COBRANCA,APROVADO,718.50,1,,
6989,1,2024-12-25T15:00:00+00,PIX,COBRANCA,APROVADO,409.21,1,,
6990,1,2024-10-14T15:00:00+00,PIX,COBRANCA,APROVADO,810.34,1,,
6991,1,2024-08-03T15:00:00+00,PIX,COBRANCA,APROVADO,1209.97,1,,
6992,1,2024-06-20T15:00:00+00,PIX,COBRANCA,APROVADO,721.75,1,,
6993,1,2024-04-09T15:00:00+00,PIX,COBRANCA,APROVADO,534.89,1,,
6994,1,2024-11-26T15:00:00+00,PIX,COBRANCA,APROVADO,882.93,1,,
6995,1,2024-09-15T15:00:00+00,PIX,COBRANCA,APROVADO,1390.72,1,,
6996,1,2024-07-04T15:00:00+00,PIX,COBRANCA,APROVADO,945.10,1,,
6997,1,2024-05-21T15:00:00+00,PIX,COBRANCA,APROVADO,510.76,1,,
6998,1,2024-12-10T15:00:00+00,PIX,COBRANCA,APROVADO,1127.09,1,,
6999,1,2024-10-27T15:00:00+00,PIX,COBRANCA,APROVADO,1492.23,1,,
7000,1,2024-08-16T15:00:00+00,PIX,COBRANCA,APROVADO,942.99,1,,
7001,1,2024-06-05T15:00:00+00,PIX,COBRANCA,APROVADO,747.32,1,,
7002,1,2024-04-22T15:00:00+00,PIX,COBRANCA,APROVADO,1372.85,1,,
7003,1,2024-11-11T15:00:00+00,PIX,COBRANCA,APROVADO,2031.26,1,,
7004,1,2024-09-28T15:00:00+00,PIX,COBRANCA,APROVADO,1353.67,1,,
7005,1,2024-07-17T15:00:00+00,PIX,COBRANCA,APROVADO,829.52,1,,
7006,1,2024-05-06T15:00:00+00,PIX,COBRANCA,APROVADO,1520.81,1,,
7007,1,2024-12-23T15:00:00+00,PIX,COBRANCA,APROVADO,2244.98,1,,
7008,1,2024-10-12T15:00:00+00,PIX,COBRANCA,APROVADO,1348.19,1,,
7009,1,2024-08-29T15:00:00+00,PIX,COBRANCA,APROVADO,451.40,1,,
7010,1,2024-06-18T15:00:00+00,PIX,COBRANCA,APROVADO,901.57,1,,
7011,1,2024-04-07T15:00:00+00,PIX,COBRANCA,APROVADO,1384.62,1,,
7012,1,2024-11-24T15:00:00+00,PIX,COBRANCA,APROVADO,1496.15,1,,
7013,1,2024-09-13T15:00:00+00,PIX,COBRANCA,APROVADO,226.72,1,,
7014,1,2024-07-02T15:00:00+00,PIX,COBRANCA,APROVADO,435.77,1,,
7015,1,2024-05-19T15:00:00+00,PIX,COBRANCA,APROVADO,677.70,1,,
7016,1,2024-12-08T15:00:00+00,PIX,COBRANCA,APROVADO,416.59,1,,
7017,1,2024-10-25T15:00:00+00,PIX,COBRANCA,APROVADO,308.92,1,,
7018,1,2024-08-14T15:00:00+00,PIX,COBRANCA,APROVADO,583.73,1,,
7019,1,2024-06-03T15:00:00+00,PIX,COBRANCA,APROVADO,891.42,1,,
7020,1,2024-04-20T15:00:00+00,PIX,COBRANCA,APROVADO,564.55,1,,
7021,1,2024-11-09T15:00:00+00,PIX,COBRANCA,APROVADO,391.12,1,,
7022,1,2024-09-26T15:00:00+00,PIX,COBRANCA,APROVADO,731.69,1,,
7023,1,2024-07-15T15:00:00+00,PIX,COBRANCA,APROVADO,1105.14,1,,
7024,1,2024-05-04T15:00:00+00,PIX,COBRANCA,APROVADO,712.51,1,,
7025,1,2024-12-21T15:00:00+00,PIX,COBRANCA,APROVADO,473.32,1,,
7026,1,2024-10-10T15:00:00+00,PIX,COBRANCA,APROVADO,879.65,1,,
7027,1,2024-08-27T15:00:00+00,PIX,COBRANCA,APROVADO,1318.86,1,,
7028,1,2024-06-16T15:00:00+00,PIX,COBRANCA,APROVADO,860.47,1,,
7029,1,2024-04-05T15:00:00+00,PIX,COBRANCA,APROVADO,555.52,1,,
7030,1,2024-11-22T15:00:00+00,PIX,COBRANCA,APROVADO,1027.61,1,,
7031,1,2024-09-11T15:00:00+00,PIX,COBRANCA,APROVADO,1397.55,1,,
7032,1,2024-07-28T15:00:00+00,PIX,COBRANCA,APROVADO,800.13,1,,
7033,1,2024-05-17T15:00:00+00,PIX,COBRANCA,APROVADO,585.34,1,,
7034,1,2024-12-06T15:00:00+00,PIX,COBRANCA,APROVADO,964.02,1,,
7035,1,2024-10-23T15:00:00+00,PIX,COBRANCA,APROVADO,1512.91,1,,
7036,1,2024-08-12T15:00:00+00,PIX,COBRANCA,APROVADO,1033.30,1,,
7037,1,2024-06-29T15:00:00+00,PIX,COBRANCA,APROVADO,552.96,1,,
7038,1,2024-04-18T15:00:00+00,PIX,COBRANCA,APROVADO,1218.03,1,,
7039,1,2024-11-07T15:00:00+00,PIX,COBRANCA,APROVADO,1609.54,1,,
7040,1,2024-09-24T15:00:00+00,PIX,COBRANCA,APROVADO,1011.43,1,,
7041,1,2024-07-13T15:00:00+00,PIX,COBRANCA,APROVADO,696.46,1,,
7042,1,2024-05-02T15:00:00+00,PIX,COBRANCA,APROVADO,1133.75,1,,
7043,1,2024-12-19T15:00:00+00,PIX,COBRANCA,APROVADO,2002.83,1,,
7044,1,2024-10-08T15:00:00+00,PIX,COBRANCA,APROVADO,1225.42,1,,
7045,1,2024-08-25T15:00:00+00,PIX,COBRANCA,APROVADO,337.67,1,,
7046,1,2024-06-14T15:00:00+00,PIX,COBRANCA,APROVADO,757.85,1,,
7047,1,2024-04-03T15:00:00+00,PIX,COBRANCA,APROVADO,1036.38,1,,
7048,1,2024-11-20T15:00:00+00,PIX,COBRANCA,APROVADO,1372.25,1,,
7049,1,2024-09-09T15:00:00+00,PIX,COBRANCA,APROVADO,422.93,1,,
7050,1,2024-07-26T15:00:00+00,PIX,COBRANCA,APROVADO,816.77,1,,
7051,1,2024-05-15T15:00:00+00,PIX,COBRANCA,APROVADO,606.46,1,,
7052,1,2024-12-04T15:00:00+00,PIX,COBRANCA,APROVADO,367.27,1,,
7053,1,2024-10-21T15:00:00+00,PIX,COBRANCA,APROVADO,281.52,1,,
7054,1,2024-08-10T15:00:00+00,PIX,COBRANCA,APROVADO,534.41,1,,
7055,1,2024-06-27T15:00:00+00,PIX,COBRANCA,APROVADO,820.18,1,,
7056,1,2024-04-16T15:00:00+00,PIX,COBRANCA,APROVADO,515.23,1,,
7057,1,2024-11-05T15:00:00+00,PIX,COBRANCA,APROVADO,363.72,1,,
7058,1,2024-09-22T15:00:00+00,PIX,COBRANCA,APROVADO,682.37,1,,
7059,1,2024-07-11T15:00:00+00,PIX,COBRANCA,APROVADO,1033.90,1,,
7060,1,2024-05-28T15:00:00+00,PIX,COBRANCA,APROVADO,663.19,1,,
7061,1,2024-12-17T15:00:00+00,PIX,COBRANCA,APROVADO,445.92,1,,
7062,1,2024-10-06T15:00:00+00,PIX,COBRANCA,APROVADO,830.33,1,,
7063,1,2024-08-23T15:00:00+00,PIX,COBRANCA,APROVADO,1247.62,1,,
7064,1,2024-06-12T15:00:00+00,PIX,COBRANCA,APROVADO,811.15,1,,
7065,1,2024-04-29T15:00:00+00,PIX,COBRANCA,APROVADO,528.12,1,,
7066,1,2024-11-18T15:00:00+00,PIX,COBRANCA,APROVADO,978.29,1,,
7067,1,2024-09-07T15:00:00+00,PIX,COBRANCA,APROVADO,1461.34,1,,
7068,1,2024-07-24T15:00:00+00,PIX,COBRANCA,APROVADO,959.11,1,,
7069,1,2024-05-13T15:00:00+00,PIX,COBRANCA,APROVADO,610.32,1,,
7070,1,2024-12-02T15:00:00+00,PIX,COBRANCA,APROVADO,1126.25,1,,
7071,1,2024-10-19T15:00:00+00,PIX,COBRANCA,APROVADO,1675.06,1,,
7072,1,2024-08-08T15:00:00+00,PIX,COBRANCA,APROVADO,1107.07,1,,
7073,1,2024-06-25T15:00:00+00,PIX,COBRANCA,APROVADO,692.52,1,,
7074,1,2024-04-14T15:00:00+00,PIX,COBRANCA,APROVADO,1274.21,1,,
7075,1,2024-11-03T15:00:00+00,PIX,COBRANCA,APROVADO,1888.78,1,,
7076,1,2024-09-20T15:00:00+00,PIX,COBRANCA,APROVADO,1255.03,1,,
7077,1,2024-07-09T15:00:00+00,PIX,COBRANCA,APROVADO,774.72,1,,
7078,1,2024-05-26T15:00:00+00,PIX,COBRANCA,APROVADO,1422.17,1,,
7079,1,2024-12-15T15:00:00+00,PIX,COBRANCA,APROVADO,2102.50,1,,
7080,1,2024-10-04T15:00:00+00,PIX,COBRANCA,APROVADO,1402.99,1,,
7081,1,2024-08-21T15:00:00+00,PIX,COBRANCA,APROVADO,775.62,1,,
7082,1,2024-06-10T15:00:00+00,PIX,COBRANCA,APROVADO,634.53,1,,
7083,1,2024-04-27T15:00:00+00,PIX,COBRANCA,APROVADO,1167.68,1,,
7084,1,2024-11-16T15:00:00+00,PIX,COBRANCA,APROVADO,1185.92,1,,
7085,1,2024-09-05T15:00:00+00,PIX,COBRANCA,APROVADO,385.34,1,,
7086,1,2024-07-22T15:00:00+00,PIX,COBRANCA,APROVADO,843.88,1,,
7087,1,2024-05-11T15:00:00+00,PIX,COBRANCA,APROVADO,1146.54,1,,
7088,1,2024-12-28T15:00:00+00,PIX,COBRANCA,APROVADO,299.31,1,,
7089,1,2024-10-17T15:00:00+00,PIX,COBRANCA,APROVADO,207.02,1,,
7090,1,2024-08-06T15:00:00+00,PIX,COBRANCA,APROVADO,428.08,1,,
7091,1,2024-06-23T15:00:00+00,PIX,COBRANCA,APROVADO,650.19,1,,
7092,1,2024-04-12T15:00:00+00,PIX,COBRANCA,APROVADO,369.16,1,,
7093,1,2024-11-29T15:00:00+00,PIX,COBRANCA,APROVADO,308.05,1,,
7094,1,2024-09-18T15:00:00+00,PIX,COBRANCA,APROVADO,517.96,1,,
7095,1,2024-07-07T15:00:00+00,PIX,COBRANCA,APROVADO,840.76,1,,
7096,1,2024-05-24T15:00:00+00,PIX,COBRANCA,APROVADO,548.06,1,,
7097,1,2024-12-13T15:00:00+00,PIX,COBRANCA,APROVADO,320.89,1,,
7098,1,2024-10-02T15:00:00+00,PIX,COBRANCA,APROVADO,717.70,1,,
7099,1,2024-08-19T15:00:00+00,PIX,COBRANCA,APROVADO,964.56,1,,
7100,1,2024-06-08T15:00:00+00,PIX,COBRANCA,APROVADO,597.75,1,,
7101,1,2024-04-25T15:00:00+00,PIX,COBRANCA,APROVADO,500.72,1,,
7102,1,2024-11-14T15:00:00+00,PIX,COBRANCA,APROVADO,928.97,1,,
7103,1,2024-09-03T15:00:00+00,PIX,COBRANCA,APROVADO,1390.10,1,,
7104,1,2024-07-20T15:00:00+00,PIX,COBRANCA,APROVADO,909.79,1,,
7105,1,2024-05-09T15:00:00+00,PIX,COBRANCA,APROVADO,582.92,1,,
7106,1,2024-12-26T15:00:00+00,PIX,COBRANCA,APROVADO,1076.93,1,,
7107,1,2024-10-15T15:00:00+00,PIX,COBRANCA,APROVADO,1603.82,1,,
7108,1,2024-08-04T15:00:00+00,PIX,COBRANCA,APROVADO,1057.75,1,,
7109,1,2024-06-21T15:00:00+00,PIX,COBRANCA,APROVADO,665.12,1,,
7110,1,2024-04-10T15:00:00+00,PIX,COBRANCA,APROVADO,1224.89,1,,
7111,1,2024-11-27T15:00:00+00,PIX,COBRANCA,APROVADO,1817.54,1,,
7112,1,2024-09-16T15:00:00+00,PIX,COBRANCA,APROVADO,1205.71,1,,
7113,1,2024-07-05T15:00:00+00,PIX,COBRANCA,APROVADO,747.32,1,,
7114,1,2024-05-22T15:00:00+00,PIX,COBRANCA,APROVADO,1372.85,1,,
7115,1,2024-12-11T15:00:00+00,PIX,COBRANCA,APROVADO,2031.26,1,,
7116,1,2024-10-28T15:00:00+00,PIX,COBRANCA,APROVADO,1353.67,1,,
7117,1,2024-08-17T15:00:00+00,PIX,COBRANCA,APROVADO,829.52,1,,
7118,1,2024-06-06T15:00:00+00,PIX,COBRANCA,APROVADO,1520.81,1,,
7119,1,2024-04-23T15:00:00+00,PIX,COBRANCA,APROVADO,2244.98,1,,
7120,1,2024-11-12T15:00:00+00,PIX,COBRANCA,APROVADO,1348.19,1,,
7121,1,2024-09-29T15:00:00+00,PIX,COBRANCA,APROVADO,451.40,1,,
7122,1,2024-07-18T15:00:00+00,PIX,COBRANCA,APROVADO,901.57,1,,
7123,1,2024-05-07T15:00:00+00,PIX,COBRANCA,APROVADO,1384.62,1,,
7124,1,2024-12-24T15:00:00+00,PIX,COBRANCA,APROVADO,1496.15,1,,
7125,1,2024-10-13T15:00:00+00,PIX,COBRANCA,APROVADO,226.72,1,,
7126,1,2024-08-02T15:00:00+00,PIX,COBRANCA,APROVADO,435.77,1,,
7127,1,2024-06-19T15:00:00+00,PIX,COBRANCA,APROVADO,677.70,1,,
7128,1,2024-04-08T15:00:00+00,PIX,COBRANCA,APROVADO,416.59,1,,
7129,1,2024-11-25T15:00:00+00,PIX,COBRANCA,APROVADO,308.92,1,,
7130,1,2024-09-14T15:00:00+00,PIX,COBRANCA,APROVADO,583.73,1,,
7131,1,2024-07-03T15:00:00+00,PIX,COBRANCA,APROVADO,808.19,1,,
7132,1,2024-05-20T15:00:00+00,PIX,COBRANCA,APROVADO,447.54,1,,
7133,1,2024-12-09T15:00:00+00,PIX,COBRANCA,APROVADO,358.45,1,,
7134,1,2024-10-26T15:00:00+00,PIX,COBRANCA,APROVADO,599.04,1,,
7135,1,2024-08-15T15:00:00+00,PIX,COBRANCA,APROVADO,963.02,1,,
7136,1,2024-06-04T15:00:00+00,PIX,COBRANCA,APROVADO,636.33,1,,
7137,1,2024-04-21T15:00:00+00,PIX,COBRANCA,APROVADO,363.09,1,,
7138,1,2024-11-10T15:00:00+00,PIX,COBRANCA,APROVADO,808.69,1,,
7139,1,2024-09-27T15:00:00+00,PIX,COBRANCA,APROVADO,1081.80,1,,
7140,1,2024-07-16T15:00:00+00,PIX,COBRANCA,APROVADO,668.66,1,,
7141,1,2024-05-05T15:00:00+00,PIX,COBRANCA,APROVADO,481.92,1,,
7142,1,2024-12-22T15:00:00+00,PIX,COBRANCA,APROVADO,791.00,1,,
7143,1,2024-10-11T15:00:00+00,PIX,COBRANCA,APROVADO,1411.00,1,,
7144,1,2024-08-28T15:00:00+00,PIX,COBRANCA,APROVADO,850.60,1,,
7145,1,2024-06-17T15:00:00+00,PIX,COBRANCA,APROVADO,560.42,1,,
7146,1,2024-04-06T15:00:00+00,PIX,COBRANCA,APROVADO,1022.83,1,,
7147,1,2024-11-23T15:00:00+00,PIX,COBRANCA,APROVADO,1346.31,1,,
7148,1,2024-09-12T15:00:00+00,PIX,COBRANCA,APROVADO,1091.16,1,,
7149,1,2024-07-29T15:00:00+00,PIX,COBRANCA,APROVADO,588.94,1,,
7150,1,2024-05-18T15:00:00+00,PIX,COBRANCA,APROVADO,1189.41,1,,
7151,1,2024-04-16T15:00:00+00,PIX,COBRANCA,APROVADO,1972.92,1,,
7152,1,2024-05-05T15:00:00+00,PIX,COBRANCA,APROVADO,1317.25,1,,
7153,1,2024-06-22T15:00:00+00,PIX,COBRANCA,APROVADO,815.02,1,,
7154,1,2024-07-11T15:00:00+00,PIX,COBRANCA,APROVADO,1484.39,1,,
7155,1,2024-08-28T15:00:00+00,PIX,COBRANCA,APROVADO,2186.64,1,,
7156,1,2024-09-17T15:00:00+00,PIX,COBRANCA,APROVADO,1465.21,1,,
7157,1,2024-10-06T15:00:00+00,PIX,COBRANCA,APROVADO,436.90,1,,
7158,1,2024-11-23T15:00:00+00,PIX,COBRANCA,APROVADO,865.15,1,,
7159,1,2024-11-12T15:00:00+00,PIX,COBRANCA,APROVADO,1326.28,1,,
7160,1,2024-12-29T15:00:00+00,PIX,COBRANCA,APROVADO,1459.73,1,,
7161,1,2024-01-18T15:00:00+00,PIX,COBRANCA,APROVADO,519.10,1,,
7162,1,2024-02-07T15:00:00+00,PIX,COBRANCA,APROVADO,1013.11,1,,
7163,1,2024-03-24T15:00:00+00,PIX,COBRANCA,APROVADO,619.36,1,,
7164,1,2024-04-13T15:00:00+00,PIX,COBRANCA,APROVADO,380.17,1,,
7165,1,2024-05-02T15:00:00+00,PIX,COBRANCA,APROVADO,294.42,1,,
7166,1,2024-06-19T15:00:00+00,PIX,COBRANCA,APROVADO,547.31,1,,
7167,1,2024-07-08T15:00:00+00,PIX,COBRANCA,APROVADO,833.08,1,,
7168,1,2024-08-25T15:00:00+00,PIX,COBRANCA,APROVADO,528.13,1,,
7169,1,2024-09-14T15:00:00+00,PIX,COBRANCA,APROVADO,376.62,1,,
7170,1,2024-10-03T15:00:00+00,PIX,COBRANCA,APROVADO,695.27,1,,
7171,1,2024-11-20T15:00:00+00,PIX,COBRANCA,APROVADO,1046.80,1,,
7172,1,2024-11-09T15:00:00+00,PIX,COBRANCA,APROVADO,676.09,1,,
7173,1,2024-12-26T15:00:00+00,PIX,COBRANCA,APROVADO,458.82,1,,
7174,1,2024-01-15T15:00:00+00,PIX,COBRANCA,APROVADO,843.23,1,,
7175,1,2024-02-04T15:00:00+00,PIX,COBRANCA,APROVADO,1260.52,1,,
7176,1,2024-03-21T15:00:00+00,PIX,COBRANCA,APROVADO,824.05,1,,
7177,1,2024-04-10T15:00:00+00,PIX,COBRANCA,APROVADO,541.02,1,,
7178,1,2024-05-27T15:00:00+00,PIX,COBRANCA,APROVADO,991.19,1,,
7179,1,2024-06-16T15:00:00+00,PIX,COBRANCA,APROVADO,1474.24,1,,
7180,1,2024-07-05T15:00:00+00,PIX,COBRANCA,APROVADO,972.01,1,,
7181,1,2024-08-22T15:00:00+00,PIX,COBRANCA,APROVADO,564.12,1,,
7182,1,2024-09-11T15:00:00+00,PIX,COBRANCA,APROVADO,880.04,1,,
7183,1,2024-10-28T15:00:00+00,PIX,COBRANCA,APROVADO,1555.38,1,,
7184,1,2024-11-17T15:00:00+00,PIX,COBRANCA,APROVADO,946.75,1,,
7185,1,2024-11-06T15:00:00+00,PIX,COBRANCA,APROVADO,620.99,1,,
7186,1,2024-12-23T15:00:00+00,PIX,COBRANCA,APROVADO,1121.77,1,,
7187,1,2024-01-12T15:00:00+00,PIX,COBRANCA,APROVADO,1469.31,1,,
7188,1,2024-02-29T15:00:00+00,PIX,COBRANCA,APROVADO,1197.20,1,,
7189,1,2024-03-18T15:00:00+00,PIX,COBRANCA,APROVADO,646.79,1,,
7190,1,2024-04-07T15:00:00+00,PIX,COBRANCA,APROVADO,1247.94,1,,
7191,1,2024-05-24T15:00:00+00,PIX,COBRANCA,APROVADO,1844.85,1,,
7192,1,2024-06-13T15:00:00+00,PIX,COBRANCA,APROVADO,1126.47,1,,
7193,1,2024-07-02T15:00:00+00,PIX,COBRANCA,APROVADO,799.87,1,,
7194,1,2024-08-19T15:00:00+00,PIX,COBRANCA,APROVADO,687.60,1,,
7195,1,2024-09-08T15:00:00+00,PIX,COBRANCA,APROVADO,994.25,1,,
7196,1,2024-10-25T15:00:00+00,PIX,COBRANCA,APROVADO,1268.72,1,,
7197,1,2024-11-14T15:00:00+00,PIX,COBRANCA,APROVADO,389.40,1,,
7198,1,2024-11-03T15:00:00+00,PIX,COBRANCA,APROVADO,904.33,1,,
7199,1,2024-12-20T15:00:00+00,PIX,COBRANCA,APROVADO,1232.24,1,,
7200,1,2024-01-09T15:00:00+00,PIX,COBRANCA,APROVADO,265.41,1,,
7201,1,2024-02-26T15:00:00+00,PIX,COBRANCA,APROVADO,267.02,1,,
7202,1,2024-03-15T15:00:00+00,PIX,COBRANCA,APROVADO,497.99,1,,
7203,1,2024-04-04T15:00:00+00,PIX,COBRANCA,APROVADO,761.84,1,,
7204,1,2024-05-21T15:00:00+00,PIX,COBRANCA,APROVADO,478.81,1,,
7205,1,2024-06-10T15:00:00+00,PIX,COBRANCA,APROVADO,349.22,1,,
7206,1,2024-07-27T15:00:00+00,PIX,COBRANCA,APROVADO,645.95,1,,
7207,1,2024-08-16T15:00:00+00,PIX,COBRANCA,APROVADO,975.56,1,,
7208,1,2024-09-05T15:00:00+00,PIX,COBRANCA,APROVADO,626.77,1,,
7209,1,2024-10-22T15:00:00+00,PIX,COBRANCA,APROVADO,431.42,1,,
7210,1,2024-11-11T15:00:00+00,PIX,COBRANCA,APROVADO,793.91,1,,
7211,1,2024-11-28T15:00:00+00,PIX,COBRANCA,APROVADO,1189.28,1,,
7212,1,2024-12-17T15:00:00+00,PIX,COBRANCA,APROVADO,774.73,1,,
7213,1,2024-01-06T15:00:00+00,PIX,COBRANCA,APROVADO,513.62,1,,
7214,1,2024-02-23T15:00:00+00,PIX,COBRANCA,APROVADO,941.87,1,,
7215,1,2024-03-12T15:00:00+00,PIX,COBRANCA,APROVADO,1403.00,1,,
7216,1,2024-04-29T15:00:00+00,PIX,COBRANCA,APROVADO,922.69,1,,
7217,1,2024-05-18T15:00:00+00,PIX,COBRANCA,APROVADO,595.82,1,,
7218,1,2024-06-07T15:00:00+00,PIX,COBRANCA,APROVADO,1089.83,1,,
7219,1,2024-07-24T15:00:00+00,PIX,COBRANCA,APROVADO,1616.72,1,,
7220,1,2024-08-13T15:00:00+00,PIX,COBRANCA,APROVADO,1070.65,1,,
7221,1,2024-09-02T15:00:00+00,PIX,COBRANCA,APROVADO,678.02,1,,
7222,1,2024-10-19T15:00:00+00,PIX,COBRANCA,APROVADO,1237.79,1,,
7223,1,2024-11-08T15:00:00+00,PIX,COBRANCA,APROVADO,1830.44,1,,
7224,1,2024-11-25T15:00:00+00,PIX,COBRANCA,APROVADO,1218.61,1,,
7225,1,2024-12-14T15:00:00+00,PIX,COBRANCA,APROVADO,760.22,1,,
7226,1,2024-01-03T15:00:00+00,PIX,COBRANCA,APROVADO,1385.75,1,,
7227,1,2024-02-20T15:00:00+00,PIX,COBRANCA,APROVADO,2044.16,1,,
7228,1,2024-03-09T15:00:00+00,PIX,COBRANCA,APROVADO,1366.57,1,,
7229,1,2024-04-26T15:00:00+00,PIX,COBRANCA,APROVADO,842.42,1,,
7230,1,2024-05-15T15:00:00+00,PIX,COBRANCA,APROVADO,1533.71,1,,
7231,1,2024-06-04T15:00:00+00,PIX,COBRANCA,APROVADO,2065.31,1,,
7232,1,2024-07-21T15:00:00+00,PIX,COBRANCA,APROVADO,1089.77,1,,
7233,1,2024-08-10T15:00:00+00,PIX,COBRANCA,APROVADO,436.02,1,,
7234,1,2024-09-27T15:00:00+00,PIX,COBRANCA,APROVADO,768.69,1,,
7235,1,2024-10-16T15:00:00+00,PIX,COBRANCA,APROVADO,1116.44,1,,
7236,1,2024-11-05T15:00:00+00,PIX,COBRANCA,APROVADO,1356.91,1,,
7237,1,2024-11-22T15:00:00+00,PIX,COBRANCA,APROVADO,186.10,1,,
7238,1,2024-12-11T15:00:00+00,PIX,COBRANCA,APROVADO,412.24,1,,
7239,1,2024-01-28T15:00:00+00,PIX,COBRANCA,APROVADO,567.03,1,,
7240,1,2024-02-17T15:00:00+00,PIX,COBRANCA,APROVADO,338.79,1,,
7241,1,2024-03-06T15:00:00+00,PIX,COBRANCA,APROVADO,280.28,1,,
7242,1,2024-04-23T15:00:00+00,PIX,COBRANCA,APROVADO,461.11,1,,
7243,1,2024-05-12T15:00:00+00,PIX,COBRANCA,APROVADO,832.01,1,,
7244,1,2024-06-29T15:00:00+00,PIX,COBRANCA,APROVADO,488.61,1,,
7245,1,2024-07-18T15:00:00+00,PIX,COBRANCA,APROVADO,358.79,1,,
7246,1,2024-08-07T15:00:00+00,PIX,COBRANCA,APROVADO,648.57,1,,
7247,1,2024-09-24T15:00:00+00,PIX,COBRANCA,APROVADO,863.52,1,,
7248,1,2024-10-13T15:00:00+00,PIX,COBRANCA,APROVADO,684.87,1,,
7249,1,2024-11-02T15:00:00+00,PIX,COBRANCA,APROVADO,399.65,1,,
7250,1,2024-11-19T15:00:00+00,PIX,COBRANCA,APROVADO,807.75,1,,
7251,1,2024-12-08T15:00:00+00,PIX,COBRANCA,APROVADO,1331.76,1,,
7252,1,2024-01-25T15:00:00+00,PIX,COBRANCA,APROVADO,873.37,1,,
7253,1,2024-02-14T15:00:00+00,PIX,COBRANCA,APROVADO,568.42,1,,
7254,1,2024-03-03T15:00:00+00,PIX,COBRANCA,APROVADO,1040.51,1,,
7255,1,2024-04-20T15:00:00+00,PIX,COBRANCA,APROVADO,1545.48,1,,
7256,1,2024-05-09T15:00:00+00,PIX,COBRANCA,APROVADO,1021.33,1,,
7257,1,2024-06-26T15:00:00+00,PIX,COBRANCA,APROVADO,650.62,1,,
7258,1,2024-07-15T15:00:00+00,PIX,COBRANCA,APROVADO,1188.47,1,,
7259,1,2024-08-04T15:00:00+00,PIX,COBRANCA,APROVADO,1759.20,1,,
7260,1,2024-09-21T15:00:00+00,PIX,COBRANCA,APROVADO,1169.29,1,,
7261,1,2024-10-10T15:00:00+00,PIX,COBRANCA,APROVADO,732.82,1,,
7262,1,2024-11-27T15:00:00+00,PIX,COBRANCA,APROVADO,1336.43,1,,
7263,1,2024-11-16T15:00:00+00,PIX,COBRANCA,APROVADO,1972.92,1,,
7264,1,2024-12-05T15:00:00+00,PIX,COBRANCA,APROVADO,1317.25,1,,
7265,1,2024-01-22T15:00:00+00,PIX,COBRANCA,APROVADO,815.02,1,,
7266,1,2024-02-11T15:00:00+00,PIX,COBRANCA,APROVADO,1484.39,1,,
7267,1,2024-03-28T15:00:00+00,PIX,COBRANCA,APROVADO,2186.64,1,,
7268,1,2024-04-17T15:00:00+00,PIX,COBRANCA,APROVADO,1465.21,1,,
7269,1,2024-05-06T15:00:00+00,PIX,COBRANCA,APROVADO,436.90,1,,
7270,1,2024-06-23T15:00:00+00,PIX,COBRANCA,APROVADO,865.15,1,,
7271,1,2024-07-12T15:00:00+00,PIX,COBRANCA,APROVADO,1326.28,1,,
7272,1,2024-08-29T15:00:00+00,PIX,COBRANCA,APROVADO,1459.73,1,,
7273,1,2024-09-18T15:00:00+00,PIX,COBRANCA,APROVADO,519.10,1,,
7274,1,2024-10-07T15:00:00+00,PIX,COBRANCA,APROVADO,1013.11,1,,
7275,1,2024-11-24T15:00:00+00,PIX,COBRANCA,APROVADO,619.36,1,,
7276,1,2024-11-13T15:00:00+00,PIX,COBRANCA,APROVADO,380.17,1,,
7277,1,2024-12-02T15:00:00+00,PIX,COBRANCA,APROVADO,294.42,1,,
7278,1,2024-01-19T15:00:00+00,PIX,COBRANCA,APROVADO,547.31,1,,
7279,1,2024-02-08T15:00:00+00,PIX,COBRANCA,APROVADO,833.08,1,,
7280,1,2024-03-25T15:00:00+00,PIX,COBRANCA,APROVADO,528.13,1,,
7281,1,2024-04-14T15:00:00+00,PIX,COBRANCA,APROVADO,339.72,1,,
7282,1,2024-05-03T15:00:00+00,PIX,COBRANCA,APROVADO,537.29,1,,
7283,1,2024-06-20T15:00:00+00,PIX,COBRANCA,APROVADO,963.62,1,,
7284,1,2024-07-09T15:00:00+00,PIX,COBRANCA,APROVADO,571.94,1,,
7285,1,2024-08-26T15:00:00+00,PIX,COBRANCA,APROVADO,406.46,1,,
7286,1,2024-09-15T15:00:00+00,PIX,COBRANCA,APROVADO,734.56,1,,
7287,1,2024-10-04T15:00:00+00,PIX,COBRANCA,APROVADO,973.68,1,,
7288,1,2024-11-21T15:00:00+00,PIX,COBRANCA,APROVADO,778.01,1,,
7289,1,2024-11-10T15:00:00+00,PIX,COBRANCA,APROVADO,444.60,1,,
7290,1,2024-12-27T15:00:00+00,PIX,COBRANCA,APROVADO,865.68,1,,
7291,1,2024-01-16T15:00:00+00,PIX,COBRANCA,APROVADO,1285.07,1,,
7292,1,2024-02-05T15:00:00+00,PIX,COBRANCA,APROVADO,773.88,1,,
7293,1,2024-03-22T15:00:00+00,PIX,COBRANCA,APROVADO,573.03,1,,
7294,1,2024-04-11T15:00:00+00,PIX,COBRANCA,APROVADO,936.38,1,,
7295,1,2024-05-28T15:00:00+00,PIX,COBRANCA,APROVADO,1464.68,1,,
7296,1,2024-06-17T15:00:00+00,PIX,COBRANCA,APROVADO,1002.10,1,,
7297,1,2024-07-06T15:00:00+00,PIX,COBRANCA,APROVADO,544.77,1,,
7298,1,2024-08-23T15:00:00+00,PIX,COBRANCA,APROVADO,1185.44,1,,
7299,1,2024-09-12T15:00:00+00,PIX,COBRANCA,APROVADO,1563.82,1,,
7300,1,2024-10-29T15:00:00+00,PIX,COBRANCA,APROVADO,994.25,1,,
7301,1,2024-11-18T15:00:00+00,PIX,COBRANCA,APROVADO,787.62,1,,
7302,1,2024-11-07T15:00:00+00,PIX,COBRANCA,APROVADO,1435.07,1,,
7303,1,2024-12-24T15:00:00+00,PIX,COBRANCA,APROVADO,2115.40,1,,
7304,1,2024-01-13T15:00:00+00,PIX,COBRANCA,APROVADO,1415.89,1,,
7305,1,2024-02-02T15:00:00+00,PIX,COBRANCA,APROVADO,869.82,1,,
7306,1,2024-03-19T15:00:00+00,PIX,COBRANCA,APROVADO,815.83,1,,
7307,1,2024-04-08T15:00:00+00,PIX,COBRANCA,APROVADO,1255.04,1,,
7308,1,2024-05-25T15:00:00+00,PIX,COBRANCA,APROVADO,1410.41,1,,
7309,1,2024-06-14T15:00:00+00,PIX,COBRANCA,APROVADO,491.70,1,,
7310,1,2024-07-03T15:00:00+00,PIX,COBRANCA,APROVADO,963.79,1,,
7311,1,2024-08-20T15:00:00+00,PIX,COBRANCA,APROVADO,1468.76,1,,
7312,1,2024-09-09T15:00:00+00,PIX,COBRANCA,APROVADO,330.85,1,,
7313,1,2024-10-26T15:00:00+00,PIX,COBRANCA,APROVADO,267.02,1,,
7314,1,2024-11-15T15:00:00+00,PIX,COBRANCA,APROVADO,497.99,1,,
7315,1,2024-11-04T15:00:00+00,PIX,COBRANCA,APROVADO,761.84,1,,
7316,1,2024-12-21T15:00:00+00,PIX,COBRANCA,APROVADO,478.81,1,,
7317,1,2024-01-10T15:00:00+00,PIX,COBRANCA,APROVADO,349.22,1,,
7318,1,2024-02-27T15:00:00+00,PIX,COBRANCA,APROVADO,645.95,1,,
7319,1,2024-03-16T15:00:00+00,PIX,COBRANCA,APROVADO,975.56,1,,
7320,1,2024-04-05T15:00:00+00,PIX,COBRANCA,APROVADO,626.77,1,,
7321,1,2024-05-22T15:00:00+00,PIX,COBRANCA,APROVADO,431.42,1,,
7322,1,2024-06-11T15:00:00+00,PIX,COBRANCA,APROVADO,793.91,1,,
7323,1,2024-07-28T15:00:00+00,PIX,COBRANCA,APROVADO,1189.28,1,,
7324,1,2024-08-17T15:00:00+00,PIX,COBRANCA,APROVADO,774.73,1,,
7325,1,2024-09-06T15:00:00+00,PIX,COBRANCA,APROVADO,513.62,1,,
7326,1,2024-10-23T15:00:00+00,PIX,COBRANCA,APROVADO,941.87,1,,
7327,1,2024-11-12T15:00:00+00,PIX,COBRANCA,APROVADO,1403.00,1,,
7328,1,2024-11-29T15:00:00+00,PIX,COBRANCA,APROVADO,922.69,1,,
7329,1,2024-12-18T15:00:00+00,PIX,COBRANCA,APROVADO,595.82,1,,
7330,1,2024-01-07T15:00:00+00,PIX,COBRANCA,APROVADO,1089.83,1,,
7331,1,2024-02-24T15:00:00+00,PIX,COBRANCA,APROVADO,1475.95,1,,
7332,1,2024-03-13T15:00:00+00,PIX,COBRANCA,APROVADO,852.26,1,,
7333,1,2024-04-02T15:00:00+00,PIX,COBRANCA,APROVADO,623.43,1,,
7334,1,2024-05-19T15:00:00+00,PIX,COBRANCA,APROVADO,1017.46,1,,
7335,1,2024-06-08T15:00:00+00,PIX,COBRANCA,APROVADO,1586.94,1,,
7336,1,2024-07-25T15:00:00+00,PIX,COBRANCA,APROVADO,1090.37,1,,
7337,1,2024-08-14T15:00:00+00,PIX,COBRANCA,APROVADO,586.97,1,,
7338,1,2024-09-03T15:00:00+00,PIX,COBRANCA,APROVADO,1276.43,1,,
7339,1,2024-10-20T15:00:00+00,PIX,COBRANCA,APROVADO,1681.06,1,,
7340,1,2024-11-09T15:00:00+00,PIX,COBRANCA,APROVADO,1062.42,1,,
7341,1,2024-11-26T15:00:00+00,PIX,COBRANCA,APROVADO,733.20,1,,
7342,1,2024-12-15T15:00:00+00,PIX,COBRANCA,APROVADO,1184.76,1,,
7343,1,2024-01-04T15:00:00+00,PIX,COBRANCA,APROVADO,2081.50,1,,
7344,1,2024-02-21T15:00:00+00,PIX,COBRANCA,APROVADO,1157.23,1,,
7345,1,2024-03-10T15:00:00+00,PIX,COBRANCA,APROVADO,374.39,1,,
7346,1,2024-04-27T15:00:00+00,PIX,COBRANCA,APROVADO,813.81,1,,
7347,1,2024-05-16T15:00:00+00,PIX,COBRANCA,APROVADO,1104.39,1,,
7348,1,2024-06-05T15:00:00+00,PIX,COBRANCA,APROVADO,1431.76,1,,
7349,1,2024-07-22T15:00:00+00,PIX,COBRANCA,APROVADO,197.43,1,,
7350,1,2024-08-11T15:00:00+00,PIX,COBRANCA,APROVADO,413.19,1,,
7351,1,2024-09-28T15:00:00+00,PIX,COBRANCA,APROVADO,690.60,1,,
7352,1,2024-10-17T15:00:00+00,PIX,COBRANCA,APROVADO,429.49,1,,
7353,1,2024-11-06T15:00:00+00,PIX,COBRANCA,APROVADO,321.82,1,,
7354,1,2024-11-23T15:00:00+00,PIX,COBRANCA,APROVADO,596.63,1,,
7355,1,2024-12-12T15:00:00+00,PIX,COBRANCA,APROVADO,904.32,1,,
7356,1,2024-01-29T15:00:00+00,PIX,COBRANCA,APROVADO,577.45,1,,
7357,1,2024-02-18T15:00:00+00,PIX,COBRANCA,APROVADO,404.02,1,,
7358,1,2024-03-07T15:00:00+00,PIX,COBRANCA,APROVADO,744.59,1,,
7359,1,2024-04-24T15:00:00+00,PIX,COBRANCA,APROVADO,1118.04,1,,
7360,1,2024-05-13T15:00:00+00,PIX,COBRANCA,APROVADO,725.41,1,,
7361,1,2024-06-02T15:00:00+00,PIX,COBRANCA,APROVADO,486.22,1,,
7362,1,2024-07-19T15:00:00+00,PIX,COBRANCA,APROVADO,892.55,1,,
7363,1,2024-08-08T15:00:00+00,PIX,COBRANCA,APROVADO,1331.76,1,,
7364,1,2024-09-25T15:00:00+00,PIX,COBRANCA,APROVADO,873.37,1,,
7365,1,2024-10-14T15:00:00+00,PIX,COBRANCA,APROVADO,568.42,1,,
7366,1,2024-11-03T15:00:00+00,PIX,COBRANCA,APROVADO,1040.51,1,,
7367,1,2024-11-20T15:00:00+00,PIX,COBRANCA,APROVADO,1545.48,1,,
7368,1,2024-12-09T15:00:00+00,PIX,COBRANCA,APROVADO,1021.33,1,,
7369,1,2024-01-26T15:00:00+00,PIX,COBRANCA,APROVADO,650.62,1,,
7370,1,2024-02-15T15:00:00+00,PIX,COBRANCA,APROVADO,1188.47,1,,
7371,1,2024-03-04T15:00:00+00,PIX,COBRANCA,APROVADO,1759.20,1,,
7372,1,2024-04-21T15:00:00+00,PIX,COBRANCA,APROVADO,1169.29,1,,
7373,1,2024-05-10T15:00:00+00,PIX,COBRANCA,APROVADO,732.82,1,,
7374,1,2024-06-27T15:00:00+00,PIX,COBRANCA,APROVADO,1336.43,1,,
7375,1,2024-07-16T15:00:00+00,PIX,COBRANCA,APROVADO,1972.92,1,,
7376,1,2024-08-05T15:00:00+00,PIX,COBRANCA,APROVADO,1317.25,1,,
7377,1,2024-09-22T15:00:00+00,PIX,COBRANCA,APROVADO,815.02,1,,
7378,1,2024-10-11T15:00:00+00,PIX,COBRANCA,APROVADO,1484.39,1,,
7379,1,2024-11-28T15:00:00+00,PIX,COBRANCA,APROVADO,2186.64,1,,
7380,1,2024-11-17T15:00:00+00,PIX,COBRANCA,APROVADO,1465.21,1,,
7381,1,2024-12-06T15:00:00+00,PIX,COBRANCA,APROVADO,422.17,1,,
7382,1,2024-01-23T15:00:00+00,PIX,COBRANCA,APROVADO,685.50,1,,
7383,1,2024-02-12T15:00:00+00,PIX,COBRANCA,APROVADO,1246.35,1,,
7384,1,2024-03-29T15:00:00+00,PIX,COBRANCA,APROVADO,1240.48,1,,
7385,1,2024-04-18T15:00:00+00,PIX,COBRANCA,APROVADO,422.09,1,,
7386,1,2024-05-07T15:00:00+00,PIX,COBRANCA,APROVADO,899.80,1,,
7387,1,2024-06-24T15:00:00+00,PIX,COBRANCA,APROVADO,477.99,1,,
7388,1,2024-07-13T15:00:00+00,PIX,COBRANCA,APROVADO,358.74,1,,
7389,1,2024-08-02T15:00:00+00,PIX,COBRANCA,APROVADO,242.38,1,,
7390,1,2024-09-19T15:00:00+00,PIX,COBRANCA,APROVADO,483.47,1,,
7391,1,2024-10-08T15:00:00+00,PIX,COBRANCA,APROVADO,725.29,1,,
7392,1,2024-11-25T15:00:00+00,PIX,COBRANCA,APROVADO,421.21,1,,
7393,1,2024-11-14T15:00:00+00,PIX,COBRANCA,APROVADO,346.16,1,,
7394,1,2024-12-03T15:00:00+00,PIX,COBRANCA,APROVADO,571.40,1,,
7395,1,2024-01-20T15:00:00+00,PIX,COBRANCA,APROVADO,914.79,1,,
7396,1,2024-02-09T15:00:00+00,PIX,COBRANCA,APROVADO,605.06,1,,
7397,1,2024-03-26T15:00:00+00,PIX,COBRANCA,APROVADO,354.88,1,,
7398,1,2024-04-15T15:00:00+00,PIX,COBRANCA,APROVADO,776.09,1,,
7399,1,2024-05-04T15:00:00+00,PIX,COBRANCA,APROVADO,1036.08,1,,
7400,1,2024-06-21T15:00:00+00,PIX,COBRANCA,APROVADO,649.01,1,,
7401,1,2024-07-10T15:00:00+00,PIX,COBRANCA,APROVADO,541.02,1,,
7402,1,2024-08-27T15:00:00+00,PIX,COBRANCA,APROVADO,991.19,1,,
7403,1,2024-09-16T15:00:00+00,PIX,COBRANCA,APROVADO,1474.24,1,,
7404,1,2024-10-05T15:00:00+00,PIX,COBRANCA,APROVADO,972.01,1,,
7405,1,2024-11-22T15:00:00+00,PIX,COBRANCA,APROVADO,623.22,1,,
7406,1,2024-11-11T15:00:00+00,PIX,COBRANCA,APROVADO,1139.15,1,,
7407,1,2024-12-28T15:00:00+00,PIX,COBRANCA,APROVADO,1687.96,1,,
7408,1,2024-01-17T15:00:00+00,PIX,COBRANCA,APROVADO,1119.97,1,,
7409,1,2024-02-06T15:00:00+00,PIX,COBRANCA,APROVADO,705.42,1,,
7410,1,2024-03-23T15:00:00+00,PIX,COBRANCA,APROVADO,1287.11,1,,
7411,1,2024-04-12T15:00:00+00,PIX,COBRANCA,APROVADO,1901.68,1,,
7412,1,2024-05-29T15:00:00+00,PIX,COBRANCA,APROVADO,1267.93,1,,
7413,1,2024-06-18T15:00:00+00,PIX,COBRANCA,APROVADO,787.62,1,,
7414,1,2024-07-07T15:00:00+00,PIX,COBRANCA,APROVADO,1435.07,1,,
7415,1,2024-08-24T15:00:00+00,PIX,COBRANCA,APROVADO,2115.40,1,,
7416,1,2024-09-13T15:00:00+00,PIX,COBRANCA,APROVADO,1415.89,1,,
7417,1,2024-10-02T15:00:00+00,PIX,COBRANCA,APROVADO,869.82,1,,
7418,1,2024-11-19T15:00:00+00,PIX,COBRANCA,APROVADO,815.83,1,,
7419,1,2024-11-08T15:00:00+00,PIX,COBRANCA,APROVADO,1255.04,1,,
7420,1,2024-12-25T15:00:00+00,PIX,COBRANCA,APROVADO,1410.41,1,,
7421,1,2024-01-14T15:00:00+00,PIX,COBRANCA,APROVADO,491.70,1,,
7422,1,2024-02-03T15:00:00+00,PIX,COBRANCA,APROVADO,963.79,1,,
7423,1,2024-03-20T15:00:00+00,PIX,COBRANCA,APROVADO,1468.76,1,,
7424,1,2024-04-09T15:00:00+00,PIX,COBRANCA,APROVADO,330.85,1,,
7425,1,2024-05-26T15:00:00+00,PIX,COBRANCA,APROVADO,267.02,1,,
7426,1,2024-06-15T15:00:00+00,PIX,COBRANCA,APROVADO,497.99,1,,
7427,1,2024-07-04T15:00:00+00,PIX,COBRANCA,APROVADO,761.84,1,,
7428,1,2024-08-21T15:00:00+00,PIX,COBRANCA,APROVADO,478.81,1,,
7429,1,2024-09-10T15:00:00+00,PIX,COBRANCA,APROVADO,349.22,1,,
7430,1,2024-10-27T15:00:00+00,PIX,COBRANCA,APROVADO,645.95,1,,
7431,1,2024-11-16T15:00:00+00,PIX,COBRANCA,APROVADO,886.52,1,,
7432,1,2024-11-05T15:00:00+00,PIX,COBRANCA,APROVADO,499.59,1,,
7433,1,2024-12-22T15:00:00+00,PIX,COBRANCA,APROVADO,396.56,1,,
7434,1,2024-01-11T15:00:00+00,PIX,COBRANCA,APROVADO,652.53,1,,
7435,1,2024-02-28T15:00:00+00,PIX,COBRANCA,APROVADO,1036.98,1,,
7436,1,2024-03-17T15:00:00+00,PIX,COBRANCA,APROVADO,693.33,1,,
7437,1,2024-04-06T15:00:00+00,PIX,COBRANCA,APROVADO,397.08,1,,
7438,1,2024-05-23T15:00:00+00,PIX,COBRANCA,APROVADO,867.08,1,,
7439,1,2024-06-12T15:00:00+00,PIX,COBRANCA,APROVADO,1153.39,1,,
7440,1,2024-07-29T15:00:00+00,PIX,COBRANCA,APROVADO,719.65,1,,
7441,1,2024-08-18T15:00:00+00,PIX,COBRANCA,APROVADO,518.66,1,,
7442,1,2024-09-07T15:00:00+00,PIX,COBRANCA,APROVADO,841.97,1,,
7443,1,2024-10-24T15:00:00+00,PIX,COBRANCA,APROVADO,1489.61,1,,
7444,1,2024-11-13T15:00:00+00,PIX,COBRANCA,APROVADO,905.09,1,,
7445,1,2024-11-02T15:00:00+00,PIX,COBRANCA,APROVADO,597.17,1,,
7446,1,2024-12-19T15:00:00+00,PIX,COBRANCA,APROVADO,1078.75,1,,
7447,1,2024-01-08T15:00:00+00,PIX,COBRANCA,APROVADO,1414.26,1,,
7448,1,2024-02-25T15:00:00+00,PIX,COBRANCA,APROVADO,1150.67,1,,
7449,1,2024-03-14T15:00:00+00,PIX,COBRANCA,APROVADO,624.33,1,,
7450,1,2024-04-03T15:00:00+00,PIX,COBRANCA,APROVADO,1246.15,1,,
7451,1,2024-05-20T15:00:00+00,PIX,COBRANCA,APROVADO,2044.16,1,,
7452,1,2024-06-09T15:00:00+00,PIX,COBRANCA,APROVADO,1366.57,1,,
7453,1,2024-07-26T15:00:00+00,PIX,COBRANCA,APROVADO,842.42,1,,
7454,1,2024-08-15T15:00:00+00,PIX,COBRANCA,APROVADO,1533.71,1,,
7455,1,2024-09-04T15:00:00+00,PIX,COBRANCA,APROVADO,2257.88,1,,
7456,1,2024-10-21T15:00:00+00,PIX,COBRANCA,APROVADO,1361.09,1,,
7457,1,2024-11-10T15:00:00+00,PIX,COBRANCA,APROVADO,464.30,1,,
7458,1,2024-11-27T15:00:00+00,PIX,COBRANCA,APROVADO,914.47,1,,
7459,1,2024-12-16T15:00:00+00,PIX,COBRANCA,APROVADO,1397.52,1,,
7460,1,2024-01-05T15:00:00+00,PIX,COBRANCA,APROVADO,1509.05,1,,
7461,1,2024-02-22T15:00:00+00,PIX,COBRANCA,APROVADO,239.62,1,,
7462,1,2024-03-11T15:00:00+00,PIX,COBRANCA,APROVADO,448.67,1,,
7463,1,2024-04-28T15:00:00+00,PIX,COBRANCA,APROVADO,690.60,1,,
7464,1,2024-05-17T15:00:00+00,PIX,COBRANCA,APROVADO,429.49,1,,
7465,1,2024-06-06T15:00:00+00,PIX,COBRANCA,APROVADO,321.82,1,,
7466,1,2024-07-23T15:00:00+00,PIX,COBRANCA,APROVADO,596.63,1,,
7467,1,2024-08-12T15:00:00+00,PIX,COBRANCA,APROVADO,904.32,1,,
7468,1,2024-09-29T15:00:00+00,PIX,COBRANCA,APROVADO,577.45,1,,
7469,1,2024-10-18T15:00:00+00,PIX,COBRANCA,APROVADO,404.02,1,,
7470,1,2024-11-07T15:00:00+00,PIX,COBRANCA,APROVADO,744.59,1,,
7471,1,2024-11-24T15:00:00+00,PIX,COBRANCA,APROVADO,1118.04,1,,
7472,1,2024-12-13T15:00:00+00,PIX,COBRANCA,APROVADO,725.41,1,,
7473,1,2024-01-02T15:00:00+00,PIX,COBRANCA,APROVADO,486.22,1,,
7474,1,2024-02-19T15:00:00+00,PIX,COBRANCA,APROVADO,892.55,1,,
7475,1,2024-03-08T15:00:00+00,PIX,COBRANCA,APROVADO,1331.76,1,,
7476,1,2024-04-25T15:00:00+00,PIX,COBRANCA,APROVADO,873.37,1,,
7477,1,2024-05-14T15:00:00+00,PIX,COBRANCA,APROVADO,568.42,1,,
7478,1,2024-06-03T15:00:00+00,PIX,COBRANCA,APROVADO,1040.51,1,,
7479,1,2024-07-20T15:00:00+00,PIX,COBRANCA,APROVADO,1545.48,1,,
7480,1,2024-08-09T15:00:00+00,PIX,COBRANCA,APROVADO,1021.33,1,,
7481,1,2024-09-26T15:00:00+00,PIX,COBRANCA,APROVADO,589.06,1,,
7482,1,2024-10-15T15:00:00+00,PIX,COBRANCA,APROVADO,918.15,1,,
7483,1,2024-11-04T15:00:00+00,PIX,COBRANCA,APROVADO,1621.22,1,,
7484,1,2024-11-21T15:00:00+00,PIX,COBRANCA,APROVADO,988.42,1,,
7485,1,2024-12-10T15:00:00+00,PIX,COBRANCA,APROVADO,644.84,1,,
7486,1,2024-01-27T15:00:00+00,PIX,COBRANCA,APROVADO,1164.74,1,,
7487,1,2024-02-16T15:00:00+00,PIX,COBRANCA,APROVADO,1524.42,1,,
7488,1,2024-03-05T15:00:00+00,PIX,COBRANCA,APROVADO,1243.81,1,,
7489,1,2024-04-22T15:00:00+00,PIX,COBRANCA,APROVADO,669.28,1,,
7490,1,2024-05-11T15:00:00+00,PIX,COBRANCA,APROVADO,1290.38,1,,
7491,1,2024-06-28T15:00:00+00,PIX,COBRANCA,APROVADO,1907.05,1,,
7492,1,2024-07-17T15:00:00+00,PIX,COBRANCA,APROVADO,1165.70,1,,
7493,1,2024-08-06T15:00:00+00,PIX,COBRANCA,APROVADO,410.81,1,,
7494,1,2024-09-23T15:00:00+00,PIX,COBRANCA,APROVADO,728.10,1,,
7495,1,2024-10-12T15:00:00+00,PIX,COBRANCA,APROVADO,1055.38,1,,
7496,1,2024-11-29T15:00:00+00,PIX,COBRANCA,APROVADO,1312.81,1,,
7497,1,2024-11-18T15:00:00+00,PIX,COBRANCA,APROVADO,410.51,1,,
7498,1,2024-12-07T15:00:00+00,PIX,COBRANCA,APROVADO,949.83,1,,
7499,1,2024-01-24T15:00:00+00,PIX,COBRANCA,APROVADO,508.34,1,,
7500,1,2024-02-13T15:00:00+00,PIX,COBRANCA,APROVADO,303.77,1,,
7501,1,2024-03-02T15:00:00+00,PIX,COBRANCA,APROVADO,294.42,1,,
7502,1,2024-04-19T15:00:00+00,PIX,COBRANCA,APROVADO,547.31,1,,
7503,1,2024-05-08T15:00:00+00,PIX,COBRANCA,APROVADO,833.08,1,,
7504,1,2024-06-25T15:00:00+00,PIX,COBRANCA,APROVADO,528.13,1,,
7505,1,2024-07-14T15:00:00+00,PIX,COBRANCA,APROVADO,376.62,1,,
7506,1,2024-08-03T15:00:00+00,PIX,COBRANCA,APROVADO,695.27,1,,
7507,1,2024-09-20T15:00:00+00,PIX,COBRANCA,APROVADO,1046.80,1,,
7508,1,2024-10-09T15:00:00+00,PIX,COBRANCA,APROVADO,676.09,1,,
7509,1,2024-11-26T15:00:00+00,PIX,COBRANCA,APROVADO,458.82,1,,
7510,1,2024-11-15T15:00:00+00,PIX,COBRANCA,APROVADO,843.23,1,,
7511,1,2024-12-04T15:00:00+00,PIX,COBRANCA,APROVADO,1260.52,1,,
7512,1,2024-01-21T15:00:00+00,PIX,COBRANCA,APROVADO,824.05,1,,
7513,1,2024-02-10T15:00:00+00,PIX,COBRANCA,APROVADO,541.02,1,,
7514,1,2024-03-27T15:00:00+00,PIX,COBRANCA,APROVADO,991.19,1,,
7515,1,2024-04-16T15:00:00+00,PIX,COBRANCA,APROVADO,1474.24,1,,
7516,1,2024-05-05T15:00:00+00,PIX,COBRANCA,APROVADO,972.01,1,,
7517,1,2024-06-22T15:00:00+00,PIX,COBRANCA,APROVADO,623.22,1,,
7518,1,2024-07-11T15:00:00+00,PIX,COBRANCA,APROVADO,1139.15,1,,
7519,1,2024-08-28T15:00:00+00,PIX,COBRANCA,APROVADO,1687.96,1,,
7520,1,2024-09-17T15:00:00+00,PIX,COBRANCA,APROVADO,1119.97,1,,
7521,1,2024-10-06T15:00:00+00,PIX,COBRANCA,APROVADO,705.42,1,,
7522,1,2024-11-23T15:00:00+00,PIX,COBRANCA,APROVADO,1287.11,1,,
7523,1,2024-11-12T15:00:00+00,PIX,COBRANCA,APROVADO,1901.68,1,,
7524,1,2024-12-29T15:00:00+00,PIX,COBRANCA,APROVADO,1267.93,1,,
7525,1,2024-01-18T15:00:00+00,PIX,COBRANCA,APROVADO,787.62,1,,
7526,1,2024-02-07T15:00:00+00,PIX,COBRANCA,APROVADO,1435.07,1,,
7527,1,2024-03-24T15:00:00+00,PIX,COBRANCA,APROVADO,2115.40,1,,
7528,1,2024-04-13T15:00:00+00,PIX,COBRANCA,APROVADO,1415.89,1,,
7529,1,2024-05-02T15:00:00+00,PIX,COBRANCA,APROVADO,869.82,1,,
7530,1,2024-06-19T15:00:00+00,PIX,COBRANCA,APROVADO,815.83,1,,
7531,1,2024-07-08T15:00:00+00,PIX,COBRANCA,APROVADO,1217.80,1,,
7532,1,2024-08-25T15:00:00+00,PIX,COBRANCA,APROVADO,1129.00,1,,
7533,1,2024-09-14T15:00:00+00,PIX,COBRANCA,APROVADO,461.21,1,,
7534,1,2024-10-03T15:00:00+00,PIX,COBRANCA,APROVADO,809.23,1,,
7535,1,2024-11-20T15:00:00+00,PIX,COBRANCA,APROVADO,1177.57,1,,
7536,1,2024-11-09T15:00:00+00,PIX,COBRANCA,APROVADO,296.29,1,,
7537,1,2024-12-26T15:00:00+00,PIX,COBRANCA,APROVADO,207.19,1,,
7538,1,2024-01-15T15:00:00+00,PIX,COBRANCA,APROVADO,457.73,1,,
7539,1,2024-02-04T15:00:00+00,PIX,COBRANCA,APROVADO,625.59,1,,
7540,1,2024-03-21T15:00:00+00,PIX,COBRANCA,APROVADO,376.87,1,,
7541,1,2024-04-10T15:00:00+00,PIX,COBRANCA,APROVADO,304.14,1,,
7542,1,2024-05-27T15:00:00+00,PIX,COBRANCA,APROVADO,499.18,1,,
7543,1,2024-06-16T15:00:00+00,PIX,COBRANCA,APROVADO,897.78,1,,
7544,1,2024-07-05T15:00:00+00,PIX,COBRANCA,APROVADO,530.27,1,,
7545,1,2024-08-22T15:00:00+00,PIX,COBRANCA,APROVADO,382.61,1,,
7546,1,2024-09-11T15:00:00+00,PIX,COBRANCA,APROVADO,691.59,1,,
7547,1,2024-10-28T15:00:00+00,PIX,COBRANCA,APROVADO,918.57,1,,
7548,1,2024-11-17T15:00:00+00,PIX,COBRANCA,APROVADO,731.40,1,,
7549,1,2024-11-06T15:00:00+00,PIX,COBRANCA,APROVADO,422.11,1,,
7550,1,2024-12-23T15:00:00+00,PIX,COBRANCA,APROVADO,851.59,1,,
7551,1,2024-01-12T15:00:00+00,PIX,COBRANCA,APROVADO,1403.00,1,,
7552,1,2024-02-29T15:00:00+00,PIX,COBRANCA,APROVADO,922.69,1,,
7553,1,2024-03-18T15:00:00+00,PIX,COBRANCA,APROVADO,595.82,1,,
7554,1,2024-04-07T15:00:00+00,PIX,COBRANCA,APROVADO,1089.83,1,,
7555,1,2024-05-24T15:00:00+00,PIX,COBRANCA,APROVADO,1616.72,1,,
7556,1,2024-06-13T15:00:00+00,PIX,COBRANCA,APROVADO,1070.65,1,,
7557,1,2024-07-02T15:00:00+00,PIX,COBRANCA,APROVADO,678.02,1,,
7558,1,2024-08-19T15:00:00+00,PIX,COBRANCA,APROVADO,1237.79,1,,
7559,1,2024-09-08T15:00:00+00,PIX,COBRANCA,APROVADO,1830.44,1,,
7560,1,2024-10-25T15:00:00+00,PIX,COBRANCA,APROVADO,1218.61,1,,
7561,1,2024-11-14T15:00:00+00,PIX,COBRANCA,APROVADO,760.22,1,,
7562,1,2024-11-03T15:00:00+00,PIX,COBRANCA,APROVADO,1385.75,1,,
7563,1,2024-12-20T15:00:00+00,PIX,COBRANCA,APROVADO,2044.16,1,,
7564,1,2024-01-09T15:00:00+00,PIX,COBRANCA,APROVADO,1366.57,1,,
7565,1,2024-02-26T15:00:00+00,PIX,COBRANCA,APROVADO,842.42,1,,
7566,1,2024-03-15T15:00:00+00,PIX,COBRANCA,APROVADO,1533.71,1,,
7567,1,2024-04-04T15:00:00+00,PIX,COBRANCA,APROVADO,2257.88,1,,
7568,1,2024-05-21T15:00:00+00,PIX,COBRANCA,APROVADO,1361.09,1,,
7569,1,2024-06-10T15:00:00+00,PIX,COBRANCA,APROVADO,464.30,1,,
7570,1,2024-07-27T15:00:00+00,PIX,COBRANCA,APROVADO,914.47,1,,
7571,1,2024-08-16T15:00:00+00,PIX,COBRANCA,APROVADO,1397.52,1,,
7572,1,2024-09-05T15:00:00+00,PIX,COBRANCA,APROVADO,1509.05,1,,
7573,1,2024-10-22T15:00:00+00,PIX,COBRANCA,APROVADO,239.62,1,,
7574,1,2024-11-11T15:00:00+00,PIX,COBRANCA,APROVADO,448.67,1,,
7575,1,2024-11-28T15:00:00+00,PIX,COBRANCA,APROVADO,690.60,1,,
7576,1,2024-12-17T15:00:00+00,PIX,COBRANCA,APROVADO,429.49,1,,
7577,1,2024-01-06T15:00:00+00,PIX,COBRANCA,APROVADO,321.82,1,,
7578,1,2024-02-23T15:00:00+00,PIX,COBRANCA,APROVADO,596.63,1,,
7579,1,2024-03-12T15:00:00+00,PIX,COBRANCA,APROVADO,904.32,1,,
7580,1,2024-04-29T15:00:00+00,PIX,COBRANCA,APROVADO,577.45,1,,
7581,1,2024-05-18T15:00:00+00,PIX,COBRANCA,APROVADO,364.63,1,,
7582,1,2024-06-07T15:00:00+00,PIX,COBRANCA,APROVADO,575.36,1,,
7583,1,2024-07-24T15:00:00+00,PIX,COBRANCA,APROVADO,1029.33,1,,
7584,1,2024-08-13T15:00:00+00,PIX,COBRANCA,APROVADO,613.60,1,,
7585,1,2024-09-02T15:00:00+00,PIX,COBRANCA,APROVADO,430.31,1,,
7586,1,2024-10-19T15:00:00+00,PIX,COBRANCA,APROVADO,777.58,1,,
7587,1,2024-11-08T15:00:00+00,PIX,COBRANCA,APROVADO,1028.73,1,,
7588,1,2024-11-25T15:00:00+00,PIX,COBRANCA,APROVADO,824.54,1,,
7589,1,2024-12-14T15:00:00+00,PIX,COBRANCA,APROVADO,467.06,1,,
7590,1,2024-01-03T15:00:00+00,PIX,COBRANCA,APROVADO,908.17,1,,
7591,1,2024-02-20T15:00:00+00,PIX,COBRANCA,APROVADO,1347.27,1,,
7592,1,2024-03-09T15:00:00+00,PIX,COBRANCA,APROVADO,813.03,1,,
7593,1,2024-04-26T15:00:00+00,PIX,COBRANCA,APROVADO,598.24,1,,
7594,1,2024-05-15T15:00:00+00,PIX,COBRANCA,APROVADO,976.92,1,,
7595,1,2024-06-04T15:00:00+00,PIX,COBRANCA,APROVADO,1525.81,1,,
7596,1,2024-07-21T15:00:00+00,PIX,COBRANCA,APROVADO,1046.20,1,,
7597,1,2024-08-10T15:00:00+00,PIX,COBRANCA,APROVADO,565.86,1,,
7598,1,2024-09-27T15:00:00+00,PIX,COBRANCA,APROVADO,1230.93,1,,
7599,1,2024-10-16T15:00:00+00,PIX,COBRANCA,APROVADO,1622.44,1,,
7600,1,2024-11-05T15:00:00+00,PIX,COBRANCA,APROVADO,1032.61,1,,
7601,1,2025-05-24T15:00:00+00,PIX,COBRANCA,APROVADO,815.02,1,,
7602,1,2025-06-13T15:00:00+00,PIX,COBRANCA,APROVADO,1484.39,1,,
7603,1,2025-07-02T15:00:00+00,PIX,COBRANCA,APROVADO,2186.64,1,,
7604,1,2025-08-19T15:00:00+00,PIX,COBRANCA,APROVADO,1465.21,1,,
7605,1,2025-09-08T15:00:00+00,PIX,COBRANCA,APROVADO,436.90,1,,
7606,1,2025-10-25T15:00:00+00,PIX,COBRANCA,APROVADO,865.15,1,,
7607,1,2025-11-14T15:00:00+00,PIX,COBRANCA,APROVADO,1326.28,1,,
7608,1,2025-11-03T15:00:00+00,PIX,COBRANCA,APROVADO,1459.73,1,,
7609,1,2025-12-20T15:00:00+00,PIX,COBRANCA,APROVADO,519.10,1,,
7610,1,2025-01-09T15:00:00+00,PIX,COBRANCA,APROVADO,1013.11,1,,
7611,1,2025-02-26T15:00:00+00,PIX,COBRANCA,APROVADO,619.36,1,,
7612,1,2025-03-15T15:00:00+00,PIX,COBRANCA,APROVADO,380.17,1,,
7613,1,2025-04-04T15:00:00+00,PIX,COBRANCA,APROVADO,294.42,1,,
7614,1,2025-05-21T15:00:00+00,PIX,COBRANCA,APROVADO,547.31,1,,
7615,1,2025-06-10T15:00:00+00,PIX,COBRANCA,APROVADO,833.08,1,,
7616,1,2025-07-27T15:00:00+00,PIX,COBRANCA,APROVADO,528.13,1,,
7617,1,2025-08-16T15:00:00+00,PIX,COBRANCA,APROVADO,376.62,1,,
7618,1,2025-09-05T15:00:00+00,PIX,COBRANCA,APROVADO,695.27,1,,
7619,1,2025-10-22T15:00:00+00,PIX,COBRANCA,APROVADO,1046.80,1,,
7620,1,2025-11-11T15:00:00+00,PIX,COBRANCA,APROVADO,676.09,1,,
7621,1,2025-11-28T15:00:00+00,PIX,COBRANCA,APROVADO,458.82,1,,
7622,1,2025-12-17T15:00:00+00,PIX,COBRANCA,APROVADO,843.23,1,,
7623,1,2025-01-06T15:00:00+00,PIX,COBRANCA,APROVADO,1260.52,1,,
7624,1,2025-02-23T15:00:00+00,PIX,COBRANCA,APROVADO,824.05,1,,
7625,1,2025-03-12T15:00:00+00,PIX,COBRANCA,APROVADO,541.02,1,,
7626,1,2025-04-29T15:00:00+00,PIX,COBRANCA,APROVADO,991.19,1,,
7627,1,2025-05-18T15:00:00+00,PIX,COBRANCA,APROVADO,1474.24,1,,
7628,1,2025-06-07T15:00:00+00,PIX,COBRANCA,APROVADO,972.01,1,,
7629,1,2025-07-24T15:00:00+00,PIX,COBRANCA,APROVADO,623.22,1,,
7630,1,2025-08-13T15:00:00+00,PIX,COBRANCA,APROVADO,1139.15,1,,
7631,1,2025-09-02T15:00:00+00,PIX,COBRANCA,APROVADO,1541.38,1,,
7632,1,2025-10-19T15:00:00+00,PIX,COBRANCA,APROVADO,891.41,1,,
7633,1,2025-11-08T15:00:00+00,PIX,COBRANCA,APROVADO,648.64,1,,
7634,1,2025-11-25T15:00:00+00,PIX,COBRANCA,APROVADO,1058.05,1,,
7635,1,2025-12-14T15:00:00+00,PIX,COBRANCA,APROVADO,1648.00,1,,
7636,1,2025-01-03T15:00:00+00,PIX,COBRANCA,APROVADO,1134.47,1,,
7637,1,2025-02-20T15:00:00+00,PIX,COBRANCA,APROVADO,608.06,1,,
7638,1,2025-03-09T15:00:00+00,PIX,COBRANCA,APROVADO,1321.92,1,,
7639,1,2025-04-26T15:00:00+00,PIX,COBRANCA,APROVADO,1739.75,1,,
7640,1,2025-05-15T15:00:00+00,PIX,COBRANCA,APROVADO,1100.51,1,,
7641,1,2025-06-04T15:00:00+00,PIX,COBRANCA,APROVADO,757.04,1,,
7642,1,2025-07-21T15:00:00+00,PIX,COBRANCA,APROVADO,647.43,1,,
7643,1,2025-08-10T15:00:00+00,PIX,COBRANCA,APROVADO,1180.58,1,,
7644,1,2025-09-27T15:00:00+00,PIX,COBRANCA,APROVADO,1198.82,1,,
7645,1,2025-10-16T15:00:00+00,PIX,COBRANCA,APROVADO,398.24,1,,
7646,1,2025-11-05T15:00:00+00,PIX,COBRANCA,APROVADO,856.78,1,,
7647,1,2025-11-22T15:00:00+00,PIX,COBRANCA,APROVADO,1159.44,1,,
7648,1,2025-12-11T15:00:00+00,PIX,COBRANCA,APROVADO,312.21,1,,
7649,1,2025-01-28T15:00:00+00,PIX,COBRANCA,APROVADO,219.92,1,,
7650,1,2025-02-17T15:00:00+00,PIX,COBRANCA,APROVADO,457.03,1,,
7651,1,2025-03-06T15:00:00+00,PIX,COBRANCA,APROVADO,761.84,1,,
7652,1,2025-04-23T15:00:00+00,PIX,COBRANCA,APROVADO,478.81,1,,
7653,1,2025-05-12T15:00:00+00,PIX,COBRANCA,APROVADO,349.22,1,,
7654,1,2025-06-29T15:00:00+00,PIX,COBRANCA,APROVADO,645.95,1,,
7655,1,2025-07-18T15:00:00+00,PIX,COBRANCA,APROVADO,975.56,1,,
7656,1,2025-08-07T15:00:00+00,PIX,COBRANCA,APROVADO,626.77,1,,
7657,1,2025-09-24T15:00:00+00,PIX,COBRANCA,APROVADO,431.42,1,,
7658,1,2025-10-13T15:00:00+00,PIX,COBRANCA,APROVADO,793.91,1,,
7659,1,2025-11-02T15:00:00+00,PIX,COBRANCA,APROVADO,1189.28,1,,
7660,1,2025-11-19T15:00:00+00,PIX,COBRANCA,APROVADO,774.73,1,,
7661,1,2025-12-08T15:00:00+00,PIX,COBRANCA,APROVADO,513.62,1,,
7662,1,2025-01-25T15:00:00+00,PIX,COBRANCA,APROVADO,941.87,1,,
7663,1,2025-02-14T15:00:00+00,PIX,COBRANCA,APROVADO,1403.00,1,,
7664,1,2025-03-03T15:00:00+00,PIX,COBRANCA,APROVADO,922.69,1,,
7665,1,2025-04-20T15:00:00+00,PIX,COBRANCA,APROVADO,595.82,1,,
7666,1,2025-05-09T15:00:00+00,PIX,COBRANCA,APROVADO,1089.83,1,,
7667,1,2025-06-26T15:00:00+00,PIX,COBRANCA,APROVADO,1616.72,1,,
7668,1,2025-07-15T15:00:00+00,PIX,COBRANCA,APROVADO,1070.65,1,,
7669,1,2025-08-04T15:00:00+00,PIX,COBRANCA,APROVADO,678.02,1,,
7670,1,2025-09-21T15:00:00+00,PIX,COBRANCA,APROVADO,1237.79,1,,
7671,1,2025-10-10T15:00:00+00,PIX,COBRANCA,APROVADO,1830.44,1,,
7672,1,2025-11-27T15:00:00+00,PIX,COBRANCA,APROVADO,1218.61,1,,
7673,1,2025-11-16T15:00:00+00,PIX,COBRANCA,APROVADO,760.22,1,,
7674,1,2025-12-05T15:00:00+00,PIX,COBRANCA,APROVADO,1385.75,1,,
7675,1,2025-01-22T15:00:00+00,PIX,COBRANCA,APROVADO,2044.16,1,,
7676,1,2025-02-11T15:00:00+00,PIX,COBRANCA,APROVADO,1366.57,1,,
7677,1,2025-03-28T15:00:00+00,PIX,COBRANCA,APROVADO,842.42,1,,
7678,1,2025-04-17T15:00:00+00,PIX,COBRANCA,APROVADO,1533.71,1,,
7679,1,2025-05-06T15:00:00+00,PIX,COBRANCA,APROVADO,2257.88,1,,
7680,1,2025-06-23T15:00:00+00,PIX,COBRANCA,APROVADO,1361.09,1,,
7681,1,2025-07-12T15:00:00+00,PIX,COBRANCA,APROVADO,447.11,1,,
7682,1,2025-08-29T15:00:00+00,PIX,COBRANCA,APROVADO,723.61,1,,
7683,1,2025-09-18T15:00:00+00,PIX,COBRANCA,APROVADO,1312.12,1,,
7684,1,2025-10-07T15:00:00+00,PIX,COBRANCA,APROVADO,1282.14,1,,
7685,1,2025-11-24T15:00:00+00,PIX,COBRANCA,APROVADO,215.75,1,,
7686,1,2025-11-13T15:00:00+00,PIX,COBRANCA,APROVADO,390.46,1,,
7687,1,2025-12-02T15:00:00+00,PIX,COBRANCA,APROVADO,533.10,1,,
7688,1,2025-01-19T15:00:00+00,PIX,COBRANCA,APROVADO,405.36,1,,
7689,1,2025-02-08T15:00:00+00,PIX,COBRANCA,APROVADO,264.82,1,,
7690,1,2025-03-25T15:00:00+00,PIX,COBRANCA,APROVADO,525.91,1,,
7691,1,2025-04-14T15:00:00+00,PIX,COBRANCA,APROVADO,787.49,1,,
7692,1,2025-05-03T15:00:00+00,PIX,COBRANCA,APROVADO,460.44,1,,
7693,1,2025-06-20T15:00:00+00,PIX,COBRANCA,APROVADO,371.35,1,,
7694,1,2025-07-09T15:00:00+00,PIX,COBRANCA,APROVADO,611.94,1,,
7695,1,2025-08-26T15:00:00+00,PIX,COBRANCA,APROVADO,975.92,1,,
7696,1,2025-09-15T15:00:00+00,PIX,COBRANCA,APROVADO,649.23,1,,
7697,1,2025-10-04T15:00:00+00,PIX,COBRANCA,APROVADO,375.99,1,,
7698,1,2025-11-21T15:00:00+00,PIX,COBRANCA,APROVADO,821.59,1,,
7699,1,2025-11-10T15:00:00+00,PIX,COBRANCA,APROVADO,1094.70,1,,
7700,1,2025-12-27T15:00:00+00,PIX,COBRANCA,APROVADO,687.37,1,,
7701,1,2025-01-16T15:00:00+00,PIX,COBRANCA,APROVADO,568.42,1,,
7702,1,2025-02-05T15:00:00+00,PIX,COBRANCA,APROVADO,1040.51,1,,
7703,1,2025-03-22T15:00:00+00,PIX,COBRANCA,APROVADO,1545.48,1,,
7704,1,2025-04-11T15:00:00+00,PIX,COBRANCA,APROVADO,1021.33,1,,
7705,1,2025-05-28T15:00:00+00,PIX,COBRANCA,APROVADO,650.62,1,,
7706,1,2025-06-17T15:00:00+00,PIX,COBRANCA,APROVADO,1188.47,1,,
7707,1,2025-07-06T15:00:00+00,PIX,COBRANCA,APROVADO,1759.20,1,,
7708,1,2025-08-23T15:00:00+00,PIX,COBRANCA,APROVADO,1169.29,1,,
7709,1,2025-09-12T15:00:00+00,PIX,COBRANCA,APROVADO,732.82,1,,
7710,1,2025-10-29T15:00:00+00,PIX,COBRANCA,APROVADO,1336.43,1,,
7711,1,2025-11-18T15:00:00+00,PIX,COBRANCA,APROVADO,1972.92,1,,
7712,1,2025-11-07T15:00:00+00,PIX,COBRANCA,APROVADO,1317.25,1,,
7713,1,2025-12-24T15:00:00+00,PIX,COBRANCA,APROVADO,815.02,1,,
7714,1,2025-01-13T15:00:00+00,PIX,COBRANCA,APROVADO,1484.39,1,,
7715,1,2025-02-02T15:00:00+00,PIX,COBRANCA,APROVADO,2186.64,1,,
7716,1,2025-03-19T15:00:00+00,PIX,COBRANCA,APROVADO,1465.21,1,,
7717,1,2025-04-08T15:00:00+00,PIX,COBRANCA,APROVADO,436.90,1,,
7718,1,2025-05-25T15:00:00+00,PIX,COBRANCA,APROVADO,865.15,1,,
7719,1,2025-06-14T15:00:00+00,PIX,COBRANCA,APROVADO,1326.28,1,,
7720,1,2025-07-03T15:00:00+00,PIX,COBRANCA,APROVADO,1459.73,1,,
7721,1,2025-08-20T15:00:00+00,PIX,COBRANCA,APROVADO,519.10,1,,
7722,1,2025-09-09T15:00:00+00,PIX,COBRANCA,APROVADO,1013.11,1,,
7723,1,2025-10-26T15:00:00+00,PIX,COBRANCA,APROVADO,619.36,1,,
7724,1,2025-11-15T15:00:00+00,PIX,COBRANCA,APROVADO,380.17,1,,
7725,1,2025-11-04T15:00:00+00,PIX,COBRANCA,APROVADO,294.42,1,,
7726,1,2025-12-21T15:00:00+00,PIX,COBRANCA,APROVADO,547.31,1,,
7727,1,2025-01-10T15:00:00+00,PIX,COBRANCA,APROVADO,833.08,1,,
7728,1,2025-02-27T15:00:00+00,PIX,COBRANCA,APROVADO,528.13,1,,
7729,1,2025-03-16T15:00:00+00,PIX,COBRANCA,APROVADO,376.62,1,,
7730,1,2025-04-05T15:00:00+00,PIX,COBRANCA,APROVADO,695.27,1,,
7731,1,2025-05-22T15:00:00+00,PIX,COBRANCA,APROVADO,952.02,1,,
7732,1,2025-06-11T15:00:00+00,PIX,COBRANCA,APROVADO,538.74,1,,
7733,1,2025-07-28T15:00:00+00,PIX,COBRANCA,APROVADO,421.75,1,,
7734,1,2025-08-17T15:00:00+00,PIX,COBRANCA,APROVADO,693.07,1,,
7735,1,2025-09-06T15:00:00+00,PIX,COBRANCA,APROVADO,1098.11,1,,
7736,1,2025-10-23T15:00:00+00,PIX,COBRANCA,APROVADO,737.43,1,,
7737,1,2025-11-12T15:00:00+00,PIX,COBRANCA,APROVADO,418.17,1,,
7738,1,2025-11-29T15:00:00+00,PIX,COBRANCA,APROVADO,912.57,1,,
7739,1,2025-12-18T15:00:00+00,PIX,COBRANCA,APROVADO,1211.95,1,,
7740,1,2025-01-07T15:00:00+00,PIX,COBRANCA,APROVADO,757.73,1,,
7741,1,2025-02-24T15:00:00+00,PIX,COBRANCA,APROVADO,542.52,1,,
7742,1,2025-03-13T15:00:00+00,PIX,COBRANCA,APROVADO,880.04,1,,
7743,1,2025-04-02T15:00:00+00,PIX,COBRANCA,APROVADO,1555.38,1,,
7744,1,2025-05-19T15:00:00+00,PIX,COBRANCA,APROVADO,946.75,1,,
7745,1,2025-06-08T15:00:00+00,PIX,COBRANCA,APROVADO,620.99,1,,
7746,1,2025-07-25T15:00:00+00,PIX,COBRANCA,APROVADO,1121.77,1,,
7747,1,2025-08-14T15:00:00+00,PIX,COBRANCA,APROVADO,1469.31,1,,
7748,1,2025-09-03T15:00:00+00,PIX,COBRANCA,APROVADO,1197.20,1,,
7749,1,2025-10-20T15:00:00+00,PIX,COBRANCA,APROVADO,646.79,1,,
7750,1,2025-11-09T15:00:00+00,PIX,COBRANCA,APROVADO,1289.99,1,,
7751,1,2025-11-26T15:00:00+00,PIX,COBRANCA,APROVADO,2115.40,1,,
7752,1,2025-12-15T15:00:00+00,PIX,COBRANCA,APROVADO,1415.89,1,,
7753,1,2025-01-04T15:00:00+00,PIX,COBRANCA,APROVADO,869.82,1,,
7754,1,2025-02-21T15:00:00+00,PIX,COBRANCA,APROVADO,815.83,1,,
7755,1,2025-03-10T15:00:00+00,PIX,COBRANCA,APROVADO,1255.04,1,,
7756,1,2025-04-27T15:00:00+00,PIX,COBRANCA,APROVADO,1410.41,1,,
7757,1,2025-05-16T15:00:00+00,PIX,COBRANCA,APROVADO,491.70,1,,
7758,1,2025-06-05T15:00:00+00,PIX,COBRANCA,APROVADO,963.79,1,,
7759,1,2025-07-22T15:00:00+00,PIX,COBRANCA,APROVADO,1468.76,1,,
7760,1,2025-08-11T15:00:00+00,PIX,COBRANCA,APROVADO,330.85,1,,
7761,1,2025-09-28T15:00:00+00,PIX,COBRANCA,APROVADO,267.02,1,,
7762,1,2025-10-17T15:00:00+00,PIX,COBRANCA,APROVADO,497.99,1,,
7763,1,2025-11-06T15:00:00+00,PIX,COBRANCA,APROVADO,761.84,1,,
7764,1,2025-11-23T15:00:00+00,PIX,COBRANCA,APROVADO,478.81,1,,
7765,1,2025-12-12T15:00:00+00,PIX,COBRANCA,APROVADO,349.22,1,,
7766,1,2025-01-29T15:00:00+00,PIX,COBRANCA,APROVADO,645.95,1,,
7767,1,2025-02-18T15:00:00+00,PIX,COBRANCA,APROVADO,975.56,1,,
7768,1,2025-03-07T15:00:00+00,PIX,COBRANCA,APROVADO,626.77,1,,
7769,1,2025-04-24T15:00:00+00,PIX,COBRANCA,APROVADO,431.42,1,,
7770,1,2025-05-13T15:00:00+00,PIX,COBRANCA,APROVADO,793.91,1,,
7771,1,2025-06-02T15:00:00+00,PIX,COBRANCA,APROVADO,1189.28,1,,
7772,1,2025-07-19T15:00:00+00,PIX,COBRANCA,APROVADO,774.73,1,,
7773,1,2025-08-08T15:00:00+00,PIX,COBRANCA,APROVADO,513.62,1,,
7774,1,2025-09-25T15:00:00+00,PIX,COBRANCA,APROVADO,941.87,1,,
7775,1,2025-10-14T15:00:00+00,PIX,COBRANCA,APROVADO,1403.00,1,,
7776,1,2025-11-03T15:00:00+00,PIX,COBRANCA,APROVADO,922.69,1,,
7777,1,2025-11-20T15:00:00+00,PIX,COBRANCA,APROVADO,595.82,1,,
7778,1,2025-12-09T15:00:00+00,PIX,COBRANCA,APROVADO,1089.83,1,,
7779,1,2025-01-26T15:00:00+00,PIX,COBRANCA,APROVADO,1616.72,1,,
7780,1,2025-02-15T15:00:00+00,PIX,COBRANCA,APROVADO,1070.65,1,,
7781,1,2025-03-04T15:00:00+00,PIX,COBRANCA,APROVADO,613.97,1,,
7782,1,2025-04-21T15:00:00+00,PIX,COBRANCA,APROVADO,956.22,1,,
7783,1,2025-05-10T15:00:00+00,PIX,COBRANCA,APROVADO,1686.93,1,,
7784,1,2025-06-27T15:00:00+00,PIX,COBRANCA,APROVADO,1030.08,1,,
7785,1,2025-07-16T15:00:00+00,PIX,COBRANCA,APROVADO,668.69,1,,
7786,1,2025-08-05T15:00:00+00,PIX,COBRANCA,APROVADO,1207.76,1,,
7787,1,2025-09-22T15:00:00+00,PIX,COBRANCA,APROVADO,1579.47,1,,
7788,1,2025-10-11T15:00:00+00,PIX,COBRANCA,APROVADO,1290.34,1,,
7789,1,2025-11-28T15:00:00+00,PIX,COBRANCA,APROVADO,691.74,1,,
7790,1,2025-11-17T15:00:00+00,PIX,COBRANCA,APROVADO,1332.87,1,,
7791,1,2025-12-06T15:00:00+00,PIX,COBRANCA,APROVADO,1969.25,1,,
7792,1,2025-01-23T15:00:00+00,PIX,COBRANCA,APROVADO,1089.77,1,,
7793,1,2025-02-12T15:00:00+00,PIX,COBRANCA,APROVADO,436.02,1,,
7794,1,2025-03-29T15:00:00+00,PIX,COBRANCA,APROVADO,768.69,1,,
7795,1,2025-04-18T15:00:00+00,PIX,COBRANCA,APROVADO,1116.44,1,,
7796,1,2025-05-07T15:00:00+00,PIX,COBRANCA,APROVADO,1356.91,1,,
7797,1,2025-06-24T15:00:00+00,PIX,COBRANCA,APROVADO,186.10,1,,
7798,1,2025-07-13T15:00:00+00,PIX,COBRANCA,APROVADO,412.24,1,,
7799,1,2025-08-02T15:00:00+00,PIX,COBRANCA,APROVADO,567.03,1,,
7800,1,2025-09-19T15:00:00+00,PIX,COBRANCA,APROVADO,342.13,1,,
7801,1,2025-10-08T15:00:00+00,PIX,COBRANCA,APROVADO,321.82,1,,
7802,1,2025-11-25T15:00:00+00,PIX,COBRANCA,APROVADO,596.63,1,,
7803,1,2025-11-14T15:00:00+00,PIX,COBRANCA,APROVADO,904.32,1,,
7804,1,2025-12-03T15:00:00+00,PIX,COBRANCA,APROVADO,577.45,1,,
7805,1,2025-01-20T15:00:00+00,PIX,COBRANCA,APROVADO,404.02,1,,
7806,1,2025-02-09T15:00:00+00,PIX,COBRANCA,APROVADO,744.59,1,,
7807,1,2025-03-26T15:00:00+00,PIX,COBRANCA,APROVADO,1118.04,1,,
7808,1,2025-04-15T15:00:00+00,PIX,COBRANCA,APROVADO,725.41,1,,
7809,1,2025-05-04T15:00:00+00,PIX,COBRANCA,APROVADO,486.22,1,,
7810,1,2025-06-21T15:00:00+00,PIX,COBRANCA,APROVADO,892.55,1,,
7811,1,2025-07-10T15:00:00+00,PIX,COBRANCA,APROVADO,1331.76,1,,
7812,1,2025-08-27T15:00:00+00,PIX,COBRANCA,APROVADO,873.37,1,,
7813,1,2025-09-16T15:00:00+00,PIX,COBRANCA,APROVADO,568.42,1,,
7814,1,2025-10-05T15:00:00+00,PIX,COBRANCA,APROVADO,1040.51,1,,
7815,1,2025-11-22T15:00:00+00,PIX,COBRANCA,APROVADO,1545.48,1,,
7816,1,2025-11-11T15:00:00+00,PIX,COBRANCA,APROVADO,1021.33,1,,
7817,1,2025-12-28T15:00:00+00,PIX,COBRANCA,APROVADO,650.62,1,,
7818,1,2025-01-17T15:00:00+00,PIX,COBRANCA,APROVADO,1188.47,1,,
7819,1,2025-02-06T15:00:00+00,PIX,COBRANCA,APROVADO,1759.20,1,,
7820,1,2025-03-23T15:00:00+00,PIX,COBRANCA,APROVADO,1169.29,1,,
7821,1,2025-04-12T15:00:00+00,PIX,COBRANCA,APROVADO,732.82,1,,
7822,1,2025-05-29T15:00:00+00,PIX,COBRANCA,APROVADO,1336.43,1,,
7823,1,2025-06-18T15:00:00+00,PIX,COBRANCA,APROVADO,1972.92,1,,
7824,1,2025-07-07T15:00:00+00,PIX,COBRANCA,APROVADO,1317.25,1,,
7825,1,2025-08-24T15:00:00+00,PIX,COBRANCA,APROVADO,815.02,1,,
7826,1,2025-09-13T15:00:00+00,PIX,COBRANCA,APROVADO,1484.39,1,,
7827,1,2025-10-02T15:00:00+00,PIX,COBRANCA,APROVADO,2186.64,1,,
7828,1,2025-11-19T15:00:00+00,PIX,COBRANCA,APROVADO,1465.21,1,,
7829,1,2025-11-08T15:00:00+00,PIX,COBRANCA,APROVADO,436.90,1,,
7830,1,2025-12-25T15:00:00+00,PIX,COBRANCA,APROVADO,865.15,1,,
7831,1,2025-01-14T15:00:00+00,PIX,COBRANCA,APROVADO,1283.30,1,,
7832,1,2025-02-03T15:00:00+00,PIX,COBRANCA,APROVADO,1168.15,1,,
7833,1,2025-03-20T15:00:00+00,PIX,COBRANCA,APROVADO,486.45,1,,
7834,1,2025-04-09T15:00:00+00,PIX,COBRANCA,APROVADO,849.82,1,,
7835,1,2025-05-26T15:00:00+00,PIX,COBRANCA,APROVADO,548.15,1,,
7836,1,2025-06-15T15:00:00+00,PIX,COBRANCA,APROVADO,340.39,1,,
7837,1,2025-07-04T15:00:00+00,PIX,COBRANCA,APROVADO,228.30,1,,
7838,1,2025-08-21T15:00:00+00,PIX,COBRANCA,APROVADO,503.18,1,,
7839,1,2025-09-10T15:00:00+00,PIX,COBRANCA,APROVADO,684.28,1,,
7840,1,2025-10-27T15:00:00+00,PIX,COBRANCA,APROVADO,414.96,1,,
7841,1,2025-11-16T15:00:00+00,PIX,COBRANCA,APROVADO,327.98,1,,
7842,1,2025-11-05T15:00:00+00,PIX,COBRANCA,APROVADO,537.29,1,,
7843,1,2025-12-22T15:00:00+00,PIX,COBRANCA,APROVADO,963.62,1,,
7844,1,2025-01-11T15:00:00+00,PIX,COBRANCA,APROVADO,571.94,1,,
7845,1,2025-02-28T15:00:00+00,PIX,COBRANCA,APROVADO,406.46,1,,
7846,1,2025-03-17T15:00:00+00,PIX,COBRANCA,APROVADO,734.56,1,,
7847,1,2025-04-06T15:00:00+00,PIX,COBRANCA,APROVADO,973.68,1,,
7848,1,2025-05-23T15:00:00+00,PIX,COBRANCA,APROVADO,778.01,1,,
7849,1,2025-06-12T15:00:00+00,PIX,COBRANCA,APROVADO,444.60,1,,
7850,1,2025-07-29T15:00:00+00,PIX,COBRANCA,APROVADO,895.43,1,,
7851,1,2025-08-18T15:00:00+00,PIX,COBRANCA,APROVADO,1474.24,1,,
7852,1,2025-09-07T15:00:00+00,PIX,COBRANCA,APROVADO,972.01,1,,
7853,1,2025-10-24T15:00:00+00,PIX,COBRANCA,APROVADO,623.22,1,,
7854,1,2025-11-13T15:00:00+00,PIX,COBRANCA,APROVADO,1139.15,1,,
7855,1,2025-11-02T15:00:00+00,PIX,COBRANCA,APROVADO,1687.96,1,,
7856,1,2025-12-19T15:00:00+00,PIX,COBRANCA,APROVADO,1119.97,1,,
7857,1,2025-01-08T15:00:00+00,PIX,COBRANCA,APROVADO,705.42,1,,
7858,1,2025-02-25T15:00:00+00,PIX,COBRANCA,APROVADO,1287.11,1,,
7859,1,2025-03-14T15:00:00+00,PIX,COBRANCA,APROVADO,1901.68,1,,
7860,1,2025-04-03T15:00:00+00,PIX,COBRANCA,APROVADO,1267.93,1,,
7861,1,2025-05-20T15:00:00+00,PIX,COBRANCA,APROVADO,787.62,1,,
7862,1,2025-06-09T15:00:00+00,PIX,COBRANCA,APROVADO,1435.07,1,,
7863,1,2025-07-26T15:00:00+00,PIX,COBRANCA,APROVADO,2115.40,1,,
7864,1,2025-08-15T15:00:00+00,PIX,COBRANCA,APROVADO,1415.89,1,,
7865,1,2025-09-04T15:00:00+00,PIX,COBRANCA,APROVADO,869.82,1,,
7866,1,2025-10-21T15:00:00+00,PIX,COBRANCA,APROVADO,815.83,1,,
7867,1,2025-11-10T15:00:00+00,PIX,COBRANCA,APROVADO,1255.04,1,,
7868,1,2025-11-27T15:00:00+00,PIX,COBRANCA,APROVADO,1410.41,1,,
7869,1,2025-12-16T15:00:00+00,PIX,COBRANCA,APROVADO,491.70,1,,
7870,1,2025-01-05T15:00:00+00,PIX,COBRANCA,APROVADO,963.79,1,,
7871,1,2025-02-22T15:00:00+00,PIX,COBRANCA,APROVADO,1468.76,1,,
7872,1,2025-03-11T15:00:00+00,PIX,COBRANCA,APROVADO,330.85,1,,
7873,1,2025-04-28T15:00:00+00,PIX,COBRANCA,APROVADO,267.02,1,,
7874,1,2025-05-17T15:00:00+00,PIX,COBRANCA,APROVADO,497.99,1,,
7875,1,2025-06-06T15:00:00+00,PIX,COBRANCA,APROVADO,761.84,1,,
7876,1,2025-07-23T15:00:00+00,PIX,COBRANCA,APROVADO,478.81,1,,
7877,1,2025-08-12T15:00:00+00,PIX,COBRANCA,APROVADO,349.22,1,,
7878,1,2025-09-29T15:00:00+00,PIX,COBRANCA,APROVADO,645.95,1,,
7879,1,2025-10-18T15:00:00+00,PIX,COBRANCA,APROVADO,975.56,1,,
7880,1,2025-11-07T15:00:00+00,PIX,COBRANCA,APROVADO,626.77,1,,
7881,1,2025-11-24T15:00:00+00,PIX,COBRANCA,APROVADO,389.57,1,,
7882,1,2025-12-13T15:00:00+00,PIX,COBRANCA,APROVADO,613.47,1,,
7883,1,2025-01-02T15:00:00+00,PIX,COBRANCA,APROVADO,1095.10,1,,
7884,1,2025-02-19T15:00:00+00,PIX,COBRANCA,APROVADO,655.26,1,,
7885,1,2025-03-08T15:00:00+00,PIX,COBRANCA,APROVADO,454.13,1,,
7886,1,2025-04-25T15:00:00+00,PIX,COBRANCA,APROVADO,820.64,1,,
7887,1,2025-05-14T15:00:00+00,PIX,COBRANCA,APROVADO,1083.84,1,,
7888,1,2025-06-03T15:00:00+00,PIX,COBRANCA,APROVADO,871.16,1,,
7889,1,2025-07-20T15:00:00+00,PIX,COBRANCA,APROVADO,489.50,1,,
7890,1,2025-08-09T15:00:00+00,PIX,COBRANCA,APROVADO,950.61,1,,
7891,1,2025-09-26T15:00:00+00,PIX,COBRANCA,APROVADO,1409.47,1,,
7892,1,2025-10-15T15:00:00+00,PIX,COBRANCA,APROVADO,852.26,1,,
7893,1,2025-11-04T15:00:00+00,PIX,COBRANCA,APROVADO,623.43,1,,
7894,1,2025-11-21T15:00:00+00,PIX,COBRANCA,APROVADO,1017.46,1,,
7895,1,2025-12-10T15:00:00+00,PIX,COBRANCA,APROVADO,1586.94,1,,
7896,1,2025-01-27T15:00:00+00,PIX,COBRANCA,APROVADO,1090.37,1,,
7897,1,2025-02-16T15:00:00+00,PIX,COBRANCA,APROVADO,586.97,1,,
7898,1,2025-03-05T15:00:00+00,PIX,COBRANCA,APROVADO,1276.43,1,,
7899,1,2025-04-22T15:00:00+00,PIX,COBRANCA,APROVADO,1681.06,1,,
7900,1,2025-05-11T15:00:00+00,PIX,COBRANCA,APROVADO,1070.97,1,,
7901,1,2025-06-28T15:00:00+00,PIX,COBRANCA,APROVADO,842.42,1,,
7902,1,2025-07-17T15:00:00+00,PIX,COBRANCA,APROVADO,1533.71,1,,
7903,1,2025-08-06T15:00:00+00,PIX,COBRANCA,APROVADO,2257.88,1,,
7904,1,2025-09-23T15:00:00+00,PIX,COBRANCA,APROVADO,1361.09,1,,
7905,1,2025-10-12T15:00:00+00,PIX,COBRANCA,APROVADO,464.30,1,,
7906,1,2025-11-29T15:00:00+00,PIX,COBRANCA,APROVADO,914.47,1,,
7907,1,2025-11-18T15:00:00+00,PIX,COBRANCA,APROVADO,1397.52,1,,
7908,1,2025-12-07T15:00:00+00,PIX,COBRANCA,APROVADO,1509.05,1,,
7909,1,2025-01-24T15:00:00+00,PIX,COBRANCA,APROVADO,239.62,1,,
7910,1,2025-02-13T15:00:00+00,PIX,COBRANCA,APROVADO,448.67,1,,
7911,1,2025-03-02T15:00:00+00,PIX,COBRANCA,APROVADO,690.60,1,,
7912,1,2025-04-19T15:00:00+00,PIX,COBRANCA,APROVADO,429.49,1,,
7913,1,2025-05-08T15:00:00+00,PIX,COBRANCA,APROVADO,321.82,1,,
7914,1,2025-06-25T15:00:00+00,PIX,COBRANCA,APROVADO,596.63,1,,
7915,1,2025-07-14T15:00:00+00,PIX,COBRANCA,APROVADO,904.32,1,,
7916,1,2025-08-03T15:00:00+00,PIX,COBRANCA,APROVADO,577.45,1,,
7917,1,2025-09-20T15:00:00+00,PIX,COBRANCA,APROVADO,404.02,1,,
7918,1,2025-10-09T15:00:00+00,PIX,COBRANCA,APROVADO,744.59,1,,
7919,1,2025-11-26T15:00:00+00,PIX,COBRANCA,APROVADO,1118.04,1,,
7920,1,2025-11-15T15:00:00+00,PIX,COBRANCA,APROVADO,725.41,1,,
7921,1,2025-12-04T15:00:00+00,PIX,COBRANCA,APROVADO,486.22,1,,
7922,1,2025-01-21T15:00:00+00,PIX,COBRANCA,APROVADO,892.55,1,,
7923,1,2025-02-10T15:00:00+00,PIX,COBRANCA,APROVADO,1331.76,1,,
7924,1,2025-03-27T15:00:00+00,PIX,COBRANCA,APROVADO,873.37,1,,
7925,1,2025-04-16T15:00:00+00,PIX,COBRANCA,APROVADO,568.42,1,,
7926,1,2025-05-05T15:00:00+00,PIX,COBRANCA,APROVADO,1040.51,1,,
7927,1,2025-06-22T15:00:00+00,PIX,COBRANCA,APROVADO,1545.48,1,,
7928,1,2025-07-11T15:00:00+00,PIX,COBRANCA,APROVADO,1021.33,1,,
7929,1,2025-08-28T15:00:00+00,PIX,COBRANCA,APROVADO,650.62,1,,
7930,1,2025-09-17T15:00:00+00,PIX,COBRANCA,APROVADO,1188.47,1,,
7931,1,2025-10-06T15:00:00+00,PIX,COBRANCA,APROVADO,1606.88,1,,
7932,1,2025-11-23T15:00:00+00,PIX,COBRANCA,APROVADO,930.56,1,,
7933,1,2025-11-12T15:00:00+00,PIX,COBRANCA,APROVADO,673.83,1,,
7934,1,2025-12-29T15:00:00+00,PIX,COBRANCA,APROVADO,1098.59,1,,
7935,1,2025-01-18T15:00:00+00,PIX,COBRANCA,APROVADO,1709.13,1,,
7936,1,2025-02-07T15:00:00+00,PIX,COBRANCA,APROVADO,1178.57,1,,
7937,1,2025-03-24T15:00:00+00,PIX,COBRANCA,APROVADO,629.15,1,,
7938,1,2025-04-13T15:00:00+00,PIX,COBRANCA,APROVADO,1367.41,1,,
7939,1,2025-05-02T15:00:00+00,PIX,COBRANCA,APROVADO,1798.31,1,,
7940,1,2025-06-19T15:00:00+00,PIX,COBRANCA,APROVADO,1138.59,1,,
7941,1,2025-07-08T15:00:00+00,PIX,COBRANCA,APROVADO,389.61,1,,
7942,1,2025-08-25T15:00:00+00,PIX,COBRANCA,APROVADO,685.50,1,,
7943,1,2025-09-14T15:00:00+00,PIX,COBRANCA,APROVADO,1246.35,1,,
7944,1,2025-10-03T15:00:00+00,PIX,COBRANCA,APROVADO,1240.48,1,,
7945,1,2025-11-20T15:00:00+00,PIX,COBRANCA,APROVADO,422.09,1,,
7946,1,2025-11-09T15:00:00+00,PIX,COBRANCA,APROVADO,899.80,1,,
7947,1,2025-12-26T15:00:00+00,PIX,COBRANCA,APROVADO,477.99,1,,
7948,1,2025-01-15T15:00:00+00,PIX,COBRANCA,APROVADO,358.74,1,,
7949,1,2025-02-04T15:00:00+00,PIX,COBRANCA,APROVADO,242.38,1,,
7950,1,2025-03-21T15:00:00+00,PIX,COBRANCA,APROVADO,500.87,1,,
7951,1,2025-04-10T15:00:00+00,PIX,COBRANCA,APROVADO,833.08,1,,
7952,1,2025-05-27T15:00:00+00,PIX,COBRANCA,APROVADO,528.13,1,,
7953,1,2025-06-16T15:00:00+00,PIX,COBRANCA,APROVADO,376.62,1,,
7954,1,2025-07-05T15:00:00+00,PIX,COBRANCA,APROVADO,695.27,1,,
7955,1,2025-08-22T15:00:00+00,PIX,COBRANCA,APROVADO,1046.80,1,,
7956,1,2025-09-11T15:00:00+00,PIX,COBRANCA,APROVADO,676.09,1,,
7957,1,2025-10-28T15:00:00+00,PIX,COBRANCA,APROVADO,458.82,1,,
7958,1,2025-11-17T15:00:00+00,PIX,COBRANCA,APROVADO,843.23,1,,
7959,1,2025-11-06T15:00:00+00,PIX,COBRANCA,APROVADO,1260.52,1,,
7960,1,2025-12-23T15:00:00+00,PIX,COBRANCA,APROVADO,824.05,1,,
7961,1,2025-01-12T15:00:00+00,PIX,COBRANCA,APROVADO,541.02,1,,
7962,1,2025-03-01T15:00:00+00,PIX,COBRANCA,APROVADO,991.19,1,,
7963,1,2025-03-18T15:00:00+00,PIX,COBRANCA,APROVADO,1474.24,1,,
7964,1,2025-04-07T15:00:00+00,PIX,COBRANCA,APROVADO,972.01,1,,
7965,1,2025-05-24T15:00:00+00,PIX,COBRANCA,APROVADO,623.22,1,,
7966,1,2025-06-13T15:00:00+00,PIX,COBRANCA,APROVADO,1139.15,1,,
7967,1,2025-07-02T15:00:00+00,PIX,COBRANCA,APROVADO,1687.96,1,,
7968,1,2025-08-19T15:00:00+00,PIX,COBRANCA,APROVADO,1119.97,1,,
7969,1,2025-09-08T15:00:00+00,PIX,COBRANCA,APROVADO,705.42,1,,
7970,1,2025-10-25T15:00:00+00,PIX,COBRANCA,APROVADO,1287.11,1,,
7971,1,2025-11-14T15:00:00+00,PIX,COBRANCA,APROVADO,1901.68,1,,
7972,1,2025-11-03T15:00:00+00,PIX,COBRANCA,APROVADO,1267.93,1,,
7973,1,2025-12-20T15:00:00+00,PIX,COBRANCA,APROVADO,787.62,1,,
7974,1,2025-01-09T15:00:00+00,PIX,COBRANCA,APROVADO,1435.07,1,,
7975,1,2025-02-26T15:00:00+00,PIX,COBRANCA,APROVADO,2115.40,1,,
7976,1,2025-03-15T15:00:00+00,PIX,COBRANCA,APROVADO,1415.89,1,,
7977,1,2025-04-04T15:00:00+00,PIX,COBRANCA,APROVADO,869.82,1,,
7978,1,2025-05-21T15:00:00+00,PIX,COBRANCA,APROVADO,815.83,1,,
7979,1,2025-06-10T15:00:00+00,PIX,COBRANCA,APROVADO,1255.04,1,,
7980,1,2025-07-27T15:00:00+00,PIX,COBRANCA,APROVADO,1410.41,1,,
7981,1,2025-08-16T15:00:00+00,PIX,COBRANCA,APROVADO,472.05,1,,
7982,1,2025-09-05T15:00:00+00,PIX,COBRANCA,APROVADO,761.68,1,,
7983,1,2025-10-22T15:00:00+00,PIX,COBRANCA,APROVADO,1377.83,1,,
7984,1,2025-11-11T15:00:00+00,PIX,COBRANCA,APROVADO,280.37,1,,
7985,1,2025-11-28T15:00:00+00,PIX,COBRANCA,APROVADO,239.60,1,,
7986,1,2025-12-17T15:00:00+00,PIX,COBRANCA,APROVADO,433.48,1,,
7987,1,2025-01-06T15:00:00+00,PIX,COBRANCA,APROVADO,588.15,1,,
7988,1,2025-02-23T15:00:00+00,PIX,COBRANCA,APROVADO,451.97,1,,
7989,1,2025-03-12T15:00:00+00,PIX,COBRANCA,APROVADO,287.31,1,,
7990,1,2025-04-29T15:00:00+00,PIX,COBRANCA,APROVADO,568.40,1,,
7991,1,2025-05-18T15:00:00+00,PIX,COBRANCA,APROVADO,849.62,1,,
7992,1,2025-06-07T15:00:00+00,PIX,COBRANCA,APROVADO,499.59,1,,
7993,1,2025-07-24T15:00:00+00,PIX,COBRANCA,APROVADO,396.56,1,,
7994,1,2025-08-13T15:00:00+00,PIX,COBRANCA,APROVADO,652.53,1,,
7995,1,2025-09-02T15:00:00+00,PIX,COBRANCA,APROVADO,1036.98,1,,
7996,1,2025-10-19T15:00:00+00,PIX,COBRANCA,APROVADO,693.33,1,,
7997,1,2025-11-08T15:00:00+00,PIX,COBRANCA,APROVADO,397.08,1,,
7998,1,2025-11-25T15:00:00+00,PIX,COBRANCA,APROVADO,867.08,1,,
7999,1,2025-12-14T15:00:00+00,PIX,COBRANCA,APROVADO,1153.39,1,,
8000,1,2025-01-03T15:00:00+00,PIX,COBRANCA,APROVADO,725.73,1,,
8001,1,2025-02-20T15:00:00+00,PIX,COBRANCA,APROVADO,595.82,1,,
8002,1,2025-03-09T15:00:00+00,PIX,COBRANCA,APROVADO,1089.83,1,,
8003,1,2025-04-26T15:00:00+00,PIX,COBRANCA,APROVADO,1616.72,1,,
8004,1,2025-05-15T15:00:00+00,PIX,COBRANCA,APROVADO,1070.65,1,,
8005,1,2025-06-04T15:00:00+00,PIX,COBRANCA,APROVADO,678.02,1,,
8006,1,2025-07-21T15:00:00+00,PIX,COBRANCA,APROVADO,1237.79,1,,
8007,1,2025-08-10T15:00:00+00,PIX,COBRANCA,APROVADO,1830.44,1,,
8008,1,2025-09-27T15:00:00+00,PIX,COBRANCA,APROVADO,1218.61,1,,
8009,1,2025-10-16T15:00:00+00,PIX,COBRANCA,APROVADO,760.22,1,,
8010,1,2025-11-05T15:00:00+00,PIX,COBRANCA,APROVADO,1385.75,1,,
8011,1,2025-11-22T15:00:00+00,PIX,COBRANCA,APROVADO,2044.16,1,,
8012,1,2025-12-11T15:00:00+00,PIX,COBRANCA,APROVADO,1366.57,1,,
8013,1,2025-01-28T15:00:00+00,PIX,COBRANCA,APROVADO,842.42,1,,
8014,1,2025-02-17T15:00:00+00,PIX,COBRANCA,APROVADO,1533.71,1,,
8015,1,2025-03-06T15:00:00+00,PIX,COBRANCA,APROVADO,2257.88,1,,
8016,1,2025-04-23T15:00:00+00,PIX,COBRANCA,APROVADO,1361.09,1,,
8017,1,2025-05-12T15:00:00+00,PIX,COBRANCA,APROVADO,464.30,1,,
8018,1,2025-06-29T15:00:00+00,PIX,COBRANCA,APROVADO,914.47,1,,
8019,1,2025-07-18T15:00:00+00,PIX,COBRANCA,APROVADO,1397.52,1,,
8020,1,2025-08-07T15:00:00+00,PIX,COBRANCA,APROVADO,1509.05,1,,
8021,1,2025-09-24T15:00:00+00,PIX,COBRANCA,APROVADO,239.62,1,,
8022,1,2025-10-13T15:00:00+00,PIX,COBRANCA,APROVADO,448.67,1,,
8023,1,2025-11-02T15:00:00+00,PIX,COBRANCA,APROVADO,690.60,1,,
8024,1,2025-11-19T15:00:00+00,PIX,COBRANCA,APROVADO,429.49,1,,
8025,1,2025-12-08T15:00:00+00,PIX,COBRANCA,APROVADO,321.82,1,,
8026,1,2025-01-25T15:00:00+00,PIX,COBRANCA,APROVADO,596.63,1,,
8027,1,2025-02-14T15:00:00+00,PIX,COBRANCA,APROVADO,904.32,1,,
8028,1,2025-03-03T15:00:00+00,PIX,COBRANCA,APROVADO,577.45,1,,
8029,1,2025-04-20T15:00:00+00,PIX,COBRANCA,APROVADO,404.02,1,,
8030,1,2025-05-09T15:00:00+00,PIX,COBRANCA,APROVADO,744.59,1,,
8031,1,2025-06-26T15:00:00+00,PIX,COBRANCA,APROVADO,1017.52,1,,
8032,1,2025-07-15T15:00:00+00,PIX,COBRANCA,APROVADO,577.97,1,,
8033,1,2025-08-04T15:00:00+00,PIX,COBRANCA,APROVADO,446.99,1,,
8034,1,2025-09-21T15:00:00+00,PIX,COBRANCA,APROVADO,733.62,1,,
8035,1,2025-10-10T15:00:00+00,PIX,COBRANCA,APROVADO,1159.17,1,,
8036,1,2025-11-27T15:00:00+00,PIX,COBRANCA,APROVADO,781.53,1,,
8037,1,2025-11-16T15:00:00+00,PIX,COBRANCA,APROVADO,439.28,1,,
8038,1,2025-12-05T15:00:00+00,PIX,COBRANCA,APROVADO,958.02,1,,
8039,1,2025-01-22T15:00:00+00,PIX,COBRANCA,APROVADO,1270.64,1,,
8040,1,2025-02-11T15:00:00+00,PIX,COBRANCA,APROVADO,795.82,1,,
8041,1,2025-03-28T15:00:00+00,PIX,COBRANCA,APROVADO,566.36,1,,
8042,1,2025-04-17T15:00:00+00,PIX,COBRANCA,APROVADO,918.15,1,,
8043,1,2025-05-06T15:00:00+00,PIX,COBRANCA,APROVADO,1621.22,1,,
8044,1,2025-06-23T15:00:00+00,PIX,COBRANCA,APROVADO,988.42,1,,
8045,1,2025-07-12T15:00:00+00,PIX,COBRANCA,APROVADO,644.84,1,,
8046,1,2025-08-29T15:00:00+00,PIX,COBRANCA,APROVADO,1164.74,1,,
8047,1,2025-09-18T15:00:00+00,PIX,COBRANCA,APROVADO,1524.42,1,,
8048,1,2025-10-07T15:00:00+00,PIX,COBRANCA,APROVADO,1243.81,1,,
8049,1,2025-11-24T15:00:00+00,PIX,COBRANCA,APROVADO,669.28,1,,
8050,1,2025-11-13T15:00:00+00,PIX,COBRANCA,APROVADO,1333.83,1,,
8051,1,2025-12-02T15:00:00+00,PIX,COBRANCA,APROVADO,2186.64,1,,
8052,1,2025-01-19T15:00:00+00,PIX,COBRANCA,APROVADO,1465.21,1,,
8053,1,2025-02-08T15:00:00+00,PIX,COBRANCA,APROVADO,436.90,1,,
8054,1,2025-03-25T15:00:00+00,PIX,COBRANCA,APROVADO,865.15,1,,
8055,1,2025-04-14T15:00:00+00,PIX,COBRANCA,APROVADO,1326.28,1,,
8056,1,2025-05-03T15:00:00+00,PIX,COBRANCA,APROVADO,1459.73,1,,
8057,1,2025-06-20T15:00:00+00,PIX,COBRANCA,APROVADO,519.10,1,,
8058,1,2025-07-09T15:00:00+00,PIX,COBRANCA,APROVADO,1013.11,1,,
8059,1,2025-08-26T15:00:00+00,PIX,COBRANCA,APROVADO,619.36,1,,
8060,1,2025-09-15T15:00:00+00,PIX,COBRANCA,APROVADO,380.17,1,,
8061,1,2025-10-04T15:00:00+00,PIX,COBRANCA,APROVADO,294.42,1,,
8062,1,2025-11-21T15:00:00+00,PIX,COBRANCA,APROVADO,547.31,1,,
8063,1,2025-11-10T15:00:00+00,PIX,COBRANCA,APROVADO,833.08,1,,
8064,1,2025-12-27T15:00:00+00,PIX,COBRANCA,APROVADO,528.13,1,,
8065,1,2025-01-16T15:00:00+00,PIX,COBRANCA,APROVADO,376.62,1,,
8066,1,2025-02-05T15:00:00+00,PIX,COBRANCA,APROVADO,695.27,1,,
8067,1,2025-03-22T15:00:00+00,PIX,COBRANCA,APROVADO,1046.80,1,,
8068,1,2025-04-11T15:00:00+00,PIX,COBRANCA,APROVADO,676.09,1,,
8069,1,2025-05-28T15:00:00+00,PIX,COBRANCA,APROVADO,458.82,1,,
8070,1,2025-06-17T15:00:00+00,PIX,COBRANCA,APROVADO,843.23,1,,
8071,1,2025-07-06T15:00:00+00,PIX,COBRANCA,APROVADO,1260.52,1,,
8072,1,2025-08-23T15:00:00+00,PIX,COBRANCA,APROVADO,824.05,1,,
8073,1,2025-09-12T15:00:00+00,PIX,COBRANCA,APROVADO,541.02,1,,
8074,1,2025-10-29T15:00:00+00,PIX,COBRANCA,APROVADO,991.19,1,,
8075,1,2025-11-18T15:00:00+00,PIX,COBRANCA,APROVADO,1474.24,1,,
8076,1,2025-11-07T15:00:00+00,PIX,COBRANCA,APROVADO,972.01,1,,
8077,1,2025-12-24T15:00:00+00,PIX,COBRANCA,APROVADO,623.22,1,,
8078,1,2025-01-13T15:00:00+00,PIX,COBRANCA,APROVADO,1139.15,1,,
8079,1,2025-02-02T15:00:00+00,PIX,COBRANCA,APROVADO,1687.96,1,,
8080,1,2025-03-19T15:00:00+00,PIX,COBRANCA,APROVADO,1119.97,1,,
8081,1,2025-04-08T15:00:00+00,PIX,COBRANCA,APROVADO,638.91,1,,
8082,1,2025-05-25T15:00:00+00,PIX,COBRANCA,APROVADO,994.33,1,,
8083,1,2025-06-14T15:00:00+00,PIX,COBRANCA,APROVADO,1752.70,1,,
8084,1,2025-07-03T15:00:00+00,PIX,COBRANCA,APROVADO,1071.74,1,,
8085,1,2025-08-20T15:00:00+00,PIX,COBRANCA,APROVADO,692.51,1,,
8086,1,2025-09-09T15:00:00+00,PIX,COBRANCA,APROVADO,1250.82,1,,
8087,1,2025-10-26T15:00:00+00,PIX,COBRANCA,APROVADO,1634.58,1,,
8088,1,2025-11-15T15:00:00+00,PIX,COBRANCA,APROVADO,1336.96,1,,
8089,1,2025-11-04T15:00:00+00,PIX,COBRANCA,APROVADO,714.18,1,,
8090,1,2025-12-21T15:00:00+00,PIX,COBRANCA,APROVADO,646.51,1,,
8091,1,2025-01-10T15:00:00+00,PIX,COBRANCA,APROVADO,1118.44,1,,
8092,1,2025-02-27T15:00:00+00,PIX,COBRANCA,APROVADO,1129.00,1,,
8093,1,2025-03-16T15:00:00+00,PIX,COBRANCA,APROVADO,461.21,1,,
8094,1,2025-04-05T15:00:00+00,PIX,COBRANCA,APROVADO,809.23,1,,
8095,1,2025-05-22T15:00:00+00,PIX,COBRANCA,APROVADO,1177.57,1,,
8096,1,2025-06-11T15:00:00+00,PIX,COBRANCA,APROVADO,296.29,1,,
8097,1,2025-07-28T15:00:00+00,PIX,COBRANCA,APROVADO,207.19,1,,
8098,1,2025-08-17T15:00:00+00,PIX,COBRANCA,APROVADO,457.73,1,,
8099,1,2025-09-06T15:00:00+00,PIX,COBRANCA,APROVADO,625.59,1,,
8100,1,2025-10-23T15:00:00+00,PIX,COBRANCA,APROVADO,380.49,1,,
8101,1,2025-11-12T15:00:00+00,PIX,COBRANCA,APROVADO,349.22,1,,
8102,1,2025-11-29T15:00:00+00,PIX,COBRANCA,APROVADO,645.95,1,,
8103,1,2025-12-18T15:00:00+00,PIX,COBRANCA,APROVADO,975.56,1,,
8104,1,2025-01-07T15:00:00+00,PIX,COBRANCA,APROVADO,626.77,1,,
8105,1,2025-02-24T15:00:00+00,PIX,COBRANCA,APROVADO,431.42,1,,
8106,1,2025-03-13T15:00:00+00,PIX,COBRANCA,APROVADO,793.91,1,,
8107,1,2025-04-02T15:00:00+00,PIX,COBRANCA,APROVADO,1189.28,1,,
8108,1,2025-05-19T15:00:00+00,PIX,COBRANCA,APROVADO,774.73,1,,
8109,1,2025-06-08T15:00:00+00,PIX,COBRANCA,APROVADO,513.62,1,,
8110,1,2025-07-25T15:00:00+00,PIX,COBRANCA,APROVADO,941.87,1,,
8111,1,2025-08-14T15:00:00+00,PIX,COBRANCA,APROVADO,1403.00,1,,
8112,1,2025-09-03T15:00:00+00,PIX,COBRANCA,APROVADO,922.69,1,,
8113,1,2025-10-20T15:00:00+00,PIX,COBRANCA,APROVADO,595.82,1,,
8114,1,2025-11-09T15:00:00+00,PIX,COBRANCA,APROVADO,1089.83,1,,
8115,1,2025-11-26T15:00:00+00,PIX,COBRANCA,APROVADO,1616.72,1,,
8116,1,2025-12-15T15:00:00+00,PIX,COBRANCA,APROVADO,1070.65,1,,
8117,1,2025-01-04T15:00:00+00,PIX,COBRANCA,APROVADO,678.02,1,,
8118,1,2025-02-21T15:00:00+00,PIX,COBRANCA,APROVADO,1237.79,1,,
8119,1,2025-03-10T15:00:00+00,PIX,COBRANCA,APROVADO,1830.44,1,,
8120,1,2025-04-27T15:00:00+00,PIX,COBRANCA,APROVADO,1218.61,1,,
8121,1,2025-05-16T15:00:00+00,PIX,COBRANCA,APROVADO,760.22,1,,
8122,1,2025-06-05T15:00:00+00,PIX,COBRANCA,APROVADO,1385.75,1,,
8123,1,2025-07-22T15:00:00+00,PIX,COBRANCA,APROVADO,2044.16,1,,
8124,1,2025-08-11T15:00:00+00,PIX,COBRANCA,APROVADO,1366.57,1,,
8125,1,2025-09-28T15:00:00+00,PIX,COBRANCA,APROVADO,842.42,1,,
8126,1,2025-10-17T15:00:00+00,PIX,COBRANCA,APROVADO,1533.71,1,,
8127,1,2025-11-06T15:00:00+00,PIX,COBRANCA,APROVADO,2257.88,1,,
8128,1,2025-11-23T15:00:00+00,PIX,COBRANCA,APROVADO,1361.09,1,,
8129,1,2025-12-12T15:00:00+00,PIX,COBRANCA,APROVADO,464.30,1,,
8130,1,2025-01-29T15:00:00+00,PIX,COBRANCA,APROVADO,914.47,1,,
8131,1,2025-02-18T15:00:00+00,PIX,COBRANCA,APROVADO,1348.80,1,,
8132,1,2025-03-07T15:00:00+00,PIX,COBRANCA,APROVADO,1207.30,1,,
8133,1,2025-04-24T15:00:00+00,PIX,COBRANCA,APROVADO,220.12,1,,
8134,1,2025-05-13T15:00:00+00,PIX,COBRANCA,APROVADO,368.64,1,,
8135,1,2025-06-02T15:00:00+00,PIX,COBRANCA,APROVADO,609.28,1,,
8136,1,2025-07-19T15:00:00+00,PIX,COBRANCA,APROVADO,384.49,1,,
8137,1,2025-08-08T15:00:00+00,PIX,COBRANCA,APROVADO,249.39,1,,
8138,1,2025-09-25T15:00:00+00,PIX,COBRANCA,APROVADO,548.67,1,,
8139,1,2025-10-14T15:00:00+00,PIX,COBRANCA,APROVADO,742.90,1,,
8140,1,2025-11-03T15:00:00+00,PIX,COBRANCA,APROVADO,453.04,1,,
8141,1,2025-11-20T15:00:00+00,PIX,COBRANCA,APROVADO,351.79,1,,
8142,1,2025-12-09T15:00:00+00,PIX,COBRANCA,APROVADO,575.36,1,,
8143,1,2025-01-26T15:00:00+00,PIX,COBRANCA,APROVADO,1029.33,1,,
8144,1,2025-02-15T15:00:00+00,PIX,COBRANCA,APROVADO,613.60,1,,
8145,1,2025-03-04T15:00:00+00,PIX,COBRANCA,APROVADO,430.31,1,,
8146,1,2025-04-21T15:00:00+00,PIX,COBRANCA,APROVADO,777.58,1,,
8147,1,2025-05-10T15:00:00+00,PIX,COBRANCA,APROVADO,1028.73,1,,
8148,1,2025-06-27T15:00:00+00,PIX,COBRANCA,APROVADO,824.54,1,,
8149,1,2025-07-16T15:00:00+00,PIX,COBRANCA,APROVADO,467.06,1,,
8150,1,2025-08-05T15:00:00+00,PIX,COBRANCA,APROVADO,939.27,1,,
8151,1,2025-09-22T15:00:00+00,PIX,COBRANCA,APROVADO,1545.48,1,,
8152,1,2025-10-11T15:00:00+00,PIX,COBRANCA,APROVADO,1021.33,1,,
8153,1,2025-11-28T15:00:00+00,PIX,COBRANCA,APROVADO,650.62,1,,
8154,1,2025-11-17T15:00:00+00,PIX,COBRANCA,APROVADO,1188.47,1,,
8155,1,2025-12-06T15:00:00+00,PIX,COBRANCA,APROVADO,1759.20,1,,
8156,1,2025-01-23T15:00:00+00,PIX,COBRANCA,APROVADO,1169.29,1,,
8157,1,2025-02-12T15:00:00+00,PIX,COBRANCA,APROVADO,732.82,1,,
8158,1,2025-03-29T15:00:00+00,PIX,COBRANCA,APROVADO,1336.43,1,,
8159,1,2025-04-18T15:00:00+00,PIX,COBRANCA,APROVADO,1972.92,1,,
8160,1,2025-05-07T15:00:00+00,PIX,COBRANCA,APROVADO,1317.25,1,,
8161,1,2025-06-24T15:00:00+00,PIX,COBRANCA,APROVADO,815.02,1,,
8162,1,2025-07-13T15:00:00+00,PIX,COBRANCA,APROVADO,1484.39,1,,
8163,1,2025-08-02T15:00:00+00,PIX,COBRANCA,APROVADO,2186.64,1,,
8164,1,2025-09-19T15:00:00+00,PIX,COBRANCA,APROVADO,1465.21,1,,
8165,1,2025-10-08T15:00:00+00,PIX,COBRANCA,APROVADO,436.90,1,,
8166,1,2025-11-25T15:00:00+00,PIX,COBRANCA,APROVADO,865.15,1,,
8167,1,2025-11-14T15:00:00+00,PIX,COBRANCA,APROVADO,1326.28,1,,
8168,1,2025-12-03T15:00:00+00,PIX,COBRANCA,APROVADO,1459.73,1,,
8169,1,2025-01-20T15:00:00+00,PIX,COBRANCA,APROVADO,519.10,1,,
8170,1,2025-02-09T15:00:00+00,PIX,COBRANCA,APROVADO,1013.11,1,,
8171,1,2025-03-26T15:00:00+00,PIX,COBRANCA,APROVADO,619.36,1,,
8172,1,2025-04-15T15:00:00+00,PIX,COBRANCA,APROVADO,380.17,1,,
8173,1,2025-05-04T15:00:00+00,PIX,COBRANCA,APROVADO,294.42,1,,
8174,1,2025-06-21T15:00:00+00,PIX,COBRANCA,APROVADO,547.31,1,,
8175,1,2025-07-10T15:00:00+00,PIX,COBRANCA,APROVADO,833.08,1,,
8176,1,2025-08-27T15:00:00+00,PIX,COBRANCA,APROVADO,528.13,1,,
8177,1,2025-09-16T15:00:00+00,PIX,COBRANCA,APROVADO,376.62,1,,
8178,1,2025-10-05T15:00:00+00,PIX,COBRANCA,APROVADO,695.27,1,,
8179,1,2025-11-22T15:00:00+00,PIX,COBRANCA,APROVADO,1046.80,1,,
8180,1,2025-11-11T15:00:00+00,PIX,COBRANCA,APROVADO,676.09,1,,
8181,1,2025-12-28T15:00:00+00,PIX,COBRANCA,APROVADO,414.51,1,,
8182,1,2025-01-17T15:00:00+00,PIX,COBRANCA,APROVADO,651.54,1,,
8183,1,2025-02-06T15:00:00+00,PIX,COBRANCA,APROVADO,1160.81,1,,
8184,1,2025-03-23T15:00:00+00,PIX,COBRANCA,APROVADO,696.85,1,,
8185,1,2025-04-12T15:00:00+00,PIX,COBRANCA,APROVADO,477.98,1,,
8186,1,2025-05-29T15:00:00+00,PIX,COBRANCA,APROVADO,863.66,1,,
8187,1,2025-06-18T15:00:00+00,PIX,COBRANCA,APROVADO,1138.89,1,,
8188,1,2025-07-07T15:00:00+00,PIX,COBRANCA,APROVADO,917.77,1,,
8189,1,2025-08-24T15:00:00+00,PIX,COBRANCA,APROVADO,511.99,1,,
8190,1,2025-09-13T15:00:00+00,PIX,COBRANCA,APROVADO,993.10,1,,
8191,1,2025-10-02T15:00:00+00,PIX,COBRANCA,APROVADO,1471.60,1,,
8192,1,2025-11-19T15:00:00+00,PIX,COBRANCA,APROVADO,891.41,1,,
8193,1,2025-11-08T15:00:00+00,PIX,COBRANCA,APROVADO,648.64,1,,
8194,1,2025-12-25T15:00:00+00,PIX,COBRANCA,APROVADO,1058.05,1,,
8195,1,2025-01-14T15:00:00+00,PIX,COBRANCA,APROVADO,1648.00,1,,
8196,1,2025-02-03T15:00:00+00,PIX,COBRANCA,APROVADO,1134.47,1,,
8197,1,2025-03-20T15:00:00+00,PIX,COBRANCA,APROVADO,608.06,1,,
8198,1,2025-04-09T15:00:00+00,PIX,COBRANCA,APROVADO,1321.92,1,,
8199,1,2025-05-26T15:00:00+00,PIX,COBRANCA,APROVADO,1739.75,1,,
8200,1,2025-06-15T15:00:00+00,PIX,COBRANCA,APROVADO,1109.33,1,,
8201,1,2025-07-04T15:00:00+00,PIX,COBRANCA,APROVADO,869.82,1,,
8202,1,2025-08-21T15:00:00+00,PIX,COBRANCA,APROVADO,815.83,1,,
8203,1,2025-09-10T15:00:00+00,PIX,COBRANCA,APROVADO,1255.04,1,,
8204,1,2025-10-27T15:00:00+00,PIX,COBRANCA,APROVADO,1410.41,1,,
8205,1,2025-11-16T15:00:00+00,PIX,COBRANCA,APROVADO,491.70,1,,
8206,1,2025-11-05T15:00:00+00,PIX,COBRANCA,APROVADO,963.79,1,,
8207,1,2025-12-22T15:00:00+00,PIX,COBRANCA,APROVADO,1468.76,1,,
8208,1,2025-01-11T15:00:00+00,PIX,COBRANCA,APROVADO,330.85,1,,
8209,1,2025-02-28T15:00:00+00,PIX,COBRANCA,APROVADO,267.02,1,,
8210,1,2025-03-17T15:00:00+00,PIX,COBRANCA,APROVADO,497.99,1,,
8211,1,2025-04-06T15:00:00+00,PIX,COBRANCA,APROVADO,761.84,1,,
8212,1,2025-05-23T15:00:00+00,PIX,COBRANCA,APROVADO,478.81,1,,
8213,1,2025-06-12T15:00:00+00,PIX,COBRANCA,APROVADO,349.22,1,,
8214,1,2025-07-29T15:00:00+00,PIX,COBRANCA,APROVADO,645.95,1,,
8215,1,2025-08-18T15:00:00+00,PIX,COBRANCA,APROVADO,975.56,1,,
8216,1,2025-09-07T15:00:00+00,PIX,COBRANCA,APROVADO,626.77,1,,
8217,1,2025-10-24T15:00:00+00,PIX,COBRANCA,APROVADO,431.42,1,,
8218,1,2025-11-13T15:00:00+00,PIX,COBRANCA,APROVADO,793.91,1,,
8219,1,2025-11-02T15:00:00+00,PIX,COBRANCA,APROVADO,1189.28,1,,
8220,1,2025-12-19T15:00:00+00,PIX,COBRANCA,APROVADO,774.73,1,,
8221,1,2025-01-08T15:00:00+00,PIX,COBRANCA,APROVADO,513.62,1,,
8222,1,2025-02-25T15:00:00+00,PIX,COBRANCA,APROVADO,941.87,1,,
8223,1,2025-03-14T15:00:00+00,PIX,COBRANCA,APROVADO,1403.00,1,,
8224,1,2025-04-03T15:00:00+00,PIX,COBRANCA,APROVADO,922.69,1,,
8225,1,2025-05-20T15:00:00+00,PIX,COBRANCA,APROVADO,595.82,1,,
8226,1,2025-06-09T15:00:00+00,PIX,COBRANCA,APROVADO,1089.83,1,,
8227,1,2025-07-26T15:00:00+00,PIX,COBRANCA,APROVADO,1616.72,1,,
8228,1,2025-08-15T15:00:00+00,PIX,COBRANCA,APROVADO,1070.65,1,,
8229,1,2025-09-04T15:00:00+00,PIX,COBRANCA,APROVADO,678.02,1,,
8230,1,2025-10-21T15:00:00+00,PIX,COBRANCA,APROVADO,1237.79,1,,
8231,1,2025-11-10T15:00:00+00,PIX,COBRANCA,APROVADO,1672.38,1,,
8232,1,2025-11-27T15:00:00+00,PIX,COBRANCA,APROVADO,969.79,1,,
8233,1,2025-12-16T15:00:00+00,PIX,COBRANCA,APROVADO,699.07,1,,
8234,1,2025-01-05T15:00:00+00,PIX,COBRANCA,APROVADO,1139.14,1,,
8235,1,2025-02-22T15:00:00+00,PIX,COBRANCA,APROVADO,1770.19,1,,
8236,1,2025-03-11T15:00:00+00,PIX,COBRANCA,APROVADO,1222.67,1,,
8237,1,2025-04-28T15:00:00+00,PIX,COBRANCA,APROVADO,650.26,1,,
8238,1,2025-05-17T15:00:00+00,PIX,COBRANCA,APROVADO,1412.86,1,,
8239,1,2025-06-06T15:00:00+00,PIX,COBRANCA,APROVADO,1857.00,1,,
8240,1,2025-07-23T15:00:00+00,PIX,COBRANCA,APROVADO,1030.91,1,,
8241,1,2025-08-12T15:00:00+00,PIX,COBRANCA,APROVADO,413.45,1,,
8242,1,2025-09-29T15:00:00+00,PIX,COBRANCA,APROVADO,723.61,1,,
8243,1,2025-10-18T15:00:00+00,PIX,COBRANCA,APROVADO,1312.12,1,,
8244,1,2025-11-07T15:00:00+00,PIX,COBRANCA,APROVADO,1282.14,1,,
8245,1,2025-11-24T15:00:00+00,PIX,COBRANCA,APROVADO,215.75,1,,
8246,1,2025-12-13T15:00:00+00,PIX,COBRANCA,APROVADO,390.46,1,,
8247,1,2025-01-02T15:00:00+00,PIX,COBRANCA,APROVADO,533.10,1,,
8248,1,2025-02-19T15:00:00+00,PIX,COBRANCA,APROVADO,405.36,1,,
8249,1,2025-03-08T15:00:00+00,PIX,COBRANCA,APROVADO,264.82,1,,
8250,1,2025-04-25T15:00:00+00,PIX,COBRANCA,APROVADO,544.71,1,,
8251,1,2025-05-14T15:00:00+00,PIX,COBRANCA,APROVADO,904.32,1,,
8252,1,2025-06-03T15:00:00+00,PIX,COBRANCA,APROVADO,577.45,1,,
8253,1,2025-07-20T15:00:00+00,PIX,COBRANCA,APROVADO,404.02,1,,
8254,1,2025-08-09T15:00:00+00,PIX,COBRANCA,APROVADO,744.59,1,,
8255,1,2025-09-26T15:00:00+00,PIX,COBRANCA,APROVADO,1118.04,1,,
8256,1,2025-10-15T15:00:00+00,PIX,COBRANCA,APROVADO,725.41,1,,
8257,1,2025-11-04T15:00:00+00,PIX,COBRANCA,APROVADO,486.22,1,,
8258,1,2025-11-21T15:00:00+00,PIX,COBRANCA,APROVADO,892.55,1,,
8259,1,2025-12-10T15:00:00+00,PIX,COBRANCA,APROVADO,1331.76,1,,
8260,1,2025-01-27T15:00:00+00,PIX,COBRANCA,APROVADO,873.37,1,,
8261,1,2025-02-16T15:00:00+00,PIX,COBRANCA,APROVADO,568.42,1,,
8262,1,2025-03-05T15:00:00+00,PIX,COBRANCA,APROVADO,1040.51,1,,
8263,1,2025-04-22T15:00:00+00,PIX,COBRANCA,APROVADO,1545.48,1,,
8264,1,2025-05-11T15:00:00+00,PIX,COBRANCA,APROVADO,1021.33,1,,
8265,1,2025-06-28T15:00:00+00,PIX,COBRANCA,APROVADO,650.62,1,,
8266,1,2025-07-17T15:00:00+00,PIX,COBRANCA,APROVADO,1188.47,1,,
8267,1,2025-08-06T15:00:00+00,PIX,COBRANCA,APROVADO,1759.20,1,,
8268,1,2025-09-23T15:00:00+00,PIX,COBRANCA,APROVADO,1169.29,1,,
8269,1,2025-10-12T15:00:00+00,PIX,COBRANCA,APROVADO,732.82,1,,
8270,1,2025-11-29T15:00:00+00,PIX,COBRANCA,APROVADO,1336.43,1,,
8271,1,2025-11-18T15:00:00+00,PIX,COBRANCA,APROVADO,1972.92,1,,
8272,1,2025-12-07T15:00:00+00,PIX,COBRANCA,APROVADO,1317.25,1,,
8273,1,2025-01-24T15:00:00+00,PIX,COBRANCA,APROVADO,815.02,1,,
8274,1,2025-02-13T15:00:00+00,PIX,COBRANCA,APROVADO,1484.39,1,,
8275,1,2025-03-02T15:00:00+00,PIX,COBRANCA,APROVADO,2186.64,1,,
8276,1,2025-04-19T15:00:00+00,PIX,COBRANCA,APROVADO,1465.21,1,,
8277,1,2025-05-08T15:00:00+00,PIX,COBRANCA,APROVADO,436.90,1,,
8278,1,2025-06-25T15:00:00+00,PIX,COBRANCA,APROVADO,865.15,1,,
8279,1,2025-07-14T15:00:00+00,PIX,COBRANCA,APROVADO,1326.28,1,,
8280,1,2025-08-03T15:00:00+00,PIX,COBRANCA,APROVADO,1459.73,1,,
8281,1,2025-09-20T15:00:00+00,PIX,COBRANCA,APROVADO,496.99,1,,
8282,1,2025-10-09T15:00:00+00,PIX,COBRANCA,APROVADO,799.79,1,,
8283,1,2025-11-26T15:00:00+00,PIX,COBRANCA,APROVADO,568.98,1,,
8284,1,2025-11-15T15:00:00+00,PIX,COBRANCA,APROVADO,322.03,1,,
8285,1,2025-12-04T15:00:00+00,PIX,COBRANCA,APROVADO,263.42,1,,
8286,1,2025-01-21T15:00:00+00,PIX,COBRANCA,APROVADO,476.50,1,,
8287,1,2025-02-10T15:00:00+00,PIX,COBRANCA,APROVADO,643.20,1,,
8288,1,2025-03-27T15:00:00+00,PIX,COBRANCA,APROVADO,498.50,1,,
8289,1,2025-04-16T15:00:00+00,PIX,COBRANCA,APROVADO,309.77,1,,
8290,1,2025-05-05T15:00:00+00,PIX,COBRANCA,APROVADO,610.89,1,,
8291,1,2025-06-22T15:00:00+00,PIX,COBRANCA,APROVADO,911.88,1,,
8292,1,2025-07-11T15:00:00+00,PIX,COBRANCA,APROVADO,538.74,1,,
8293,1,2025-08-28T15:00:00+00,PIX,COBRANCA,APROVADO,421.75,1,,
8294,1,2025-09-17T15:00:00+00,PIX,COBRANCA,APROVADO,693.07,1,,
8295,1,2025-10-06T15:00:00+00,PIX,COBRANCA,APROVADO,1098.11,1,,
8296,1,2025-11-23T15:00:00+00,PIX,COBRANCA,APROVADO,737.43,1,,
8297,1,2025-11-12T15:00:00+00,PIX,COBRANCA,APROVADO,418.17,1,,
8298,1,2025-12-29T15:00:00+00,PIX,COBRANCA,APROVADO,912.57,1,,
8299,1,2025-01-18T15:00:00+00,PIX,COBRANCA,APROVADO,1211.95,1,,
8300,1,2025-02-07T15:00:00+00,PIX,COBRANCA,APROVADO,764.09,1,,
8301,1,2025-03-24T15:00:00+00,PIX,COBRANCA,APROVADO,623.22,1,,
8302,1,2025-04-13T15:00:00+00,PIX,COBRANCA,APROVADO,1139.15,1,,
8303,1,2025-05-02T15:00:00+00,PIX,COBRANCA,APROVADO,1687.96,1,,
8304,1,2025-06-19T15:00:00+00,PIX,COBRANCA,APROVADO,1119.97,1,,
8305,1,2025-07-08T15:00:00+00,PIX,COBRANCA,APROVADO,705.42,1,,
8306,1,2025-08-25T15:00:00+00,PIX,COBRANCA,APROVADO,1287.11,1,,
8307,1,2025-09-14T15:00:00+00,PIX,COBRANCA,APROVADO,1901.68,1,,
8308,1,2025-10-03T15:00:00+00,PIX,COBRANCA,APROVADO,1267.93,1,,
8309,1,2025-11-20T15:00:00+00,PIX,COBRANCA,APROVADO,787.62,1,,
8310,1,2025-11-09T15:00:00+00,PIX,COBRANCA,APROVADO,1435.07,1,,
8311,1,2025-12-26T15:00:00+00,PIX,COBRANCA,APROVADO,2115.40,1,,
8312,1,2025-01-15T15:00:00+00,PIX,COBRANCA,APROVADO,1415.89,1,,
8313,1,2025-02-04T15:00:00+00,PIX,COBRANCA,APROVADO,869.82,1,,
8314,1,2025-03-21T15:00:00+00,PIX,COBRANCA,APROVADO,815.83,1,,
8315,1,2025-04-10T15:00:00+00,PIX,COBRANCA,APROVADO,1255.04,1,,
8316,1,2025-05-27T15:00:00+00,PIX,COBRANCA,APROVADO,1410.41,1,,
8317,1,2025-06-16T15:00:00+00,PIX,COBRANCA,APROVADO,491.70,1,,
8318,1,2025-07-05T15:00:00+00,PIX,COBRANCA,APROVADO,963.79,1,,
8319,1,2025-08-22T15:00:00+00,PIX,COBRANCA,APROVADO,1468.76,1,,
8320,1,2025-09-11T15:00:00+00,PIX,COBRANCA,APROVADO,330.85,1,,
8321,1,2025-10-28T15:00:00+00,PIX,COBRANCA,APROVADO,267.02,1,,
8322,1,2025-11-17T15:00:00+00,PIX,COBRANCA,APROVADO,497.99,1,,
8323,1,2025-11-06T15:00:00+00,PIX,COBRANCA,APROVADO,761.84,1,,
8324,1,2025-12-23T15:00:00+00,PIX,COBRANCA,APROVADO,478.81,1,,
8325,1,2025-01-12T15:00:00+00,PIX,COBRANCA,APROVADO,349.22,1,,
8326,1,2025-03-01T15:00:00+00,PIX,COBRANCA,APROVADO,645.95,1,,
8327,1,2025-03-18T15:00:00+00,PIX,COBRANCA,APROVADO,975.56,1,,
8328,1,2025-04-07T15:00:00+00,PIX,COBRANCA,APROVADO,626.77,1,,
8329,1,2025-05-24T15:00:00+00,PIX,COBRANCA,APROVADO,431.42,1,,
8330,1,2025-06-13T15:00:00+00,PIX,COBRANCA,APROVADO,793.91,1,,
8331,1,2025-07-02T15:00:00+00,PIX,COBRANCA,APROVADO,1083.02,1,,
8332,1,2025-08-19T15:00:00+00,PIX,COBRANCA,APROVADO,617.12,1,,
8333,1,2025-09-08T15:00:00+00,PIX,COBRANCA,APROVADO,472.20,1,,
8334,1,2025-10-25T15:00:00+00,PIX,COBRANCA,APROVADO,774.16,1,,
8335,1,2025-11-14T15:00:00+00,PIX,COBRANCA,APROVADO,1220.30,1,,
8336,1,2025-11-03T15:00:00+00,PIX,COBRANCA,APROVADO,825.63,1,,
8337,1,2025-12-20T15:00:00+00,PIX,COBRANCA,APROVADO,460.37,1,,
8338,1,2025-01-09T15:00:00+00,PIX,COBRANCA,APROVADO,1003.51,1,,
8339,1,2025-02-26T15:00:00+00,PIX,COBRANCA,APROVADO,1329.26,1,,
8340,1,2025-03-15T15:00:00+00,PIX,COBRANCA,APROVADO,833.90,1,,
8341,1,2025-04-04T15:00:00+00,PIX,COBRANCA,APROVADO,590.17,1,,
8342,1,2025-05-21T15:00:00+00,PIX,COBRANCA,APROVADO,956.22,1,,
8343,1,2025-06-10T15:00:00+00,PIX,COBRANCA,APROVADO,1686.93,1,,
8344,1,2025-07-27T15:00:00+00,PIX,COBRANCA,APROVADO,1030.08,1,,
8345,1,2025-08-16T15:00:00+00,PIX,COBRANCA,APROVADO,668.69,1,,
8346,1,2025-09-05T15:00:00+00,PIX,COBRANCA,APROVADO,1207.76,1,,
8347,1,2025-10-22T15:00:00+00,PIX,COBRANCA,APROVADO,1579.47,1,,
8348,1,2025-11-11T15:00:00+00,PIX,COBRANCA,APROVADO,1290.34,1,,
8349,1,2025-11-28T15:00:00+00,PIX,COBRANCA,APROVADO,691.74,1,,
8350,1,2025-12-17T15:00:00+00,PIX,COBRANCA,APROVADO,1377.67,1,,
8351,1,2025-01-06T15:00:00+00,PIX,COBRANCA,APROVADO,2257.88,1,,
8352,1,2025-02-23T15:00:00+00,PIX,COBRANCA,APROVADO,1361.09,1,,
8353,1,2025-03-12T15:00:00+00,PIX,COBRANCA,APROVADO,464.30,1,,
8354,1,2025-04-29T15:00:00+00,PIX,COBRANCA,APROVADO,914.47,1,,
8355,1,2025-05-18T15:00:00+00,PIX,COBRANCA,APROVADO,1397.52,1,,
8356,1,2025-06-07T15:00:00+00,PIX,COBRANCA,APROVADO,1509.05,1,,
8357,1,2025-07-24T15:00:00+00,PIX,COBRANCA,APROVADO,239.62,1,,
8358,1,2025-08-13T15:00:00+00,PIX,COBRANCA,APROVADO,448.67,1,,
8359,1,2025-09-02T15:00:00+00,PIX,COBRANCA,APROVADO,690.60,1,,
8360,1,2025-10-19T15:00:00+00,PIX,COBRANCA,APROVADO,429.49,1,,
8361,1,2025-11-08T15:00:00+00,PIX,COBRANCA,APROVADO,321.82,1,,
8362,1,2025-11-25T15:00:00+00,PIX,COBRANCA,APROVADO,596.63,1,,
8363,1,2025-12-14T15:00:00+00,PIX,COBRANCA,APROVADO,904.32,1,,
8364,1,2025-01-03T15:00:00+00,PIX,COBRANCA,APROVADO,577.45,1,,
8365,1,2025-02-20T15:00:00+00,PIX,COBRANCA,APROVADO,404.02,1,,
8366,1,2025-03-09T15:00:00+00,PIX,COBRANCA,APROVADO,744.59,1,,
8367,1,2025-04-26T15:00:00+00,PIX,COBRANCA,APROVADO,1118.04,1,,
8368,1,2025-05-15T15:00:00+00,PIX,COBRANCA,APROVADO,725.41,1,,
8369,1,2025-06-04T15:00:00+00,PIX,COBRANCA,APROVADO,486.22,1,,
8370,1,2025-07-21T15:00:00+00,PIX,COBRANCA,APROVADO,892.55,1,,
8371,1,2025-08-10T15:00:00+00,PIX,COBRANCA,APROVADO,1331.76,1,,
8372,1,2025-09-27T15:00:00+00,PIX,COBRANCA,APROVADO,873.37,1,,
8373,1,2025-10-16T15:00:00+00,PIX,COBRANCA,APROVADO,568.42,1,,
8374,1,2025-11-05T15:00:00+00,PIX,COBRANCA,APROVADO,1040.51,1,,
8375,1,2025-11-22T15:00:00+00,PIX,COBRANCA,APROVADO,1545.48,1,,
8376,1,2025-12-11T15:00:00+00,PIX,COBRANCA,APROVADO,1021.33,1,,
8377,1,2025-01-28T15:00:00+00,PIX,COBRANCA,APROVADO,650.62,1,,
8378,1,2025-02-17T15:00:00+00,PIX,COBRANCA,APROVADO,1188.47,1,,
8379,1,2025-03-06T15:00:00+00,PIX,COBRANCA,APROVADO,1759.20,1,,
8380,1,2025-04-23T15:00:00+00,PIX,COBRANCA,APROVADO,1169.29,1,,
8381,1,2025-05-12T15:00:00+00,PIX,COBRANCA,APROVADO,663.85,1,,
8382,1,2025-06-29T15:00:00+00,PIX,COBRANCA,APROVADO,1032.40,1,,
8383,1,2025-07-18T15:00:00+00,PIX,COBRANCA,APROVADO,1818.41,1,,
8384,1,2025-08-07T15:00:00+00,PIX,COBRANCA,APROVADO,1113.33,1,,
8385,1,2025-09-24T15:00:00+00,PIX,COBRANCA,APROVADO,716.36,1,,
8386,1,2025-10-13T15:00:00+00,PIX,COBRANCA,APROVADO,1293.84,1,,
8387,1,2025-11-02T15:00:00+00,PIX,COBRANCA,APROVADO,1689.63,1,,
8388,1,2025-11-19T15:00:00+00,PIX,COBRANCA,APROVADO,1383.57,1,,
8389,1,2025-12-08T15:00:00+00,PIX,COBRANCA,APROVADO,368.42,1,,
8390,1,2025-01-25T15:00:00+00,PIX,COBRANCA,APROVADO,688.95,1,,
8391,1,2025-02-14T15:00:00+00,PIX,COBRANCA,APROVADO,1180.64,1,,
8392,1,2025-03-03T15:00:00+00,PIX,COBRANCA,APROVADO,1168.15,1,,
8393,1,2025-04-20T15:00:00+00,PIX,COBRANCA,APROVADO,486.45,1,,
8394,1,2025-05-09T15:00:00+00,PIX,COBRANCA,APROVADO,849.82,1,,
8395,1,2025-06-26T15:00:00+00,PIX,COBRANCA,APROVADO,548.15,1,,
8396,1,2025-07-15T15:00:00+00,PIX,COBRANCA,APROVADO,340.39,1,,
8397,1,2025-08-04T15:00:00+00,PIX,COBRANCA,APROVADO,228.30,1,,
8398,1,2025-09-21T15:00:00+00,PIX,COBRANCA,APROVADO,503.18,1,,
8399,1,2025-10-10T15:00:00+00,PIX,COBRANCA,APROVADO,684.28,1,,
8400,1,2025-11-27T15:00:00+00,PIX,COBRANCA,APROVADO,418.85,1,,
8401,1,2025-11-16T15:00:00+00,PIX,COBRANCA,APROVADO,376.62,1,,
8402,1,2025-12-05T15:00:00+00,PIX,COBRANCA,APROVADO,695.27,1,,
8403,1,2025-01-22T15:00:00+00,PIX,COBRANCA,APROVADO,1046.80,1,,
8404,1,2025-02-11T15:00:00+00,PIX,COBRANCA,APROVADO,676.09,1,,
8405,1,2025-03-28T15:00:00+00,PIX,COBRANCA,APROVADO,458.82,1,,
8406,1,2025-04-17T15:00:00+00,PIX,COBRANCA,APROVADO,843.23,1,,
8407,1,2025-05-06T15:00:00+00,PIX,COBRANCA,APROVADO,1260.52,1,,
8408,1,2025-06-23T15:00:00+00,PIX,COBRANCA,APROVADO,824.05,1,,
8409,1,2025-07-12T15:00:00+00,PIX,COBRANCA,APROVADO,541.02,1,,
8410,1,2025-08-29T15:00:00+00,PIX,COBRANCA,APROVADO,991.19,1,,
8411,1,2025-09-18T15:00:00+00,PIX,COBRANCA,APROVADO,1474.24,1,,
8412,1,2025-10-07T15:00:00+00,PIX,COBRANCA,APROVADO,972.01,1,,
8413,1,2025-11-24T15:00:00+00,PIX,COBRANCA,APROVADO,623.22,1,,
8414,1,2025-11-13T15:00:00+00,PIX,COBRANCA,APROVADO,1139.15,1,,
8415,1,2025-12-02T15:00:00+00,PIX,COBRANCA,APROVADO,1687.96,1,,
8416,1,2025-01-19T15:00:00+00,PIX,COBRANCA,APROVADO,1119.97,1,,
8417,1,2025-02-08T15:00:00+00,PIX,COBRANCA,APROVADO,705.42,1,,
8418,1,2025-03-25T15:00:00+00,PIX,COBRANCA,APROVADO,1287.11,1,,
8419,1,2025-04-14T15:00:00+00,PIX,COBRANCA,APROVADO,1901.68,1,,
8420,1,2025-05-03T15:00:00+00,PIX,COBRANCA,APROVADO,1267.93,1,,
8421,1,2025-06-20T15:00:00+00,PIX,COBRANCA,APROVADO,787.62,1,,
8422,1,2025-07-09T15:00:00+00,PIX,COBRANCA,APROVADO,1435.07,1,,
8423,1,2025-08-26T15:00:00+00,PIX,COBRANCA,APROVADO,2115.40,1,,
8424,1,2025-09-15T15:00:00+00,PIX,COBRANCA,APROVADO,1415.89,1,,
8425,1,2025-10-04T15:00:00+00,PIX,COBRANCA,APROVADO,869.82,1,,
8426,1,2025-11-21T15:00:00+00,PIX,COBRANCA,APROVADO,815.83,1,,
8427,1,2025-11-10T15:00:00+00,PIX,COBRANCA,APROVADO,1255.04,1,,
8428,1,2025-12-27T15:00:00+00,PIX,COBRANCA,APROVADO,1410.41,1,,
8429,1,2025-01-16T15:00:00+00,PIX,COBRANCA,APROVADO,491.70,1,,
8430,1,2025-02-05T15:00:00+00,PIX,COBRANCA,APROVADO,963.79,1,,
8431,1,2025-03-22T15:00:00+00,PIX,COBRANCA,APROVADO,1414.30,1,,
8432,1,2025-04-11T15:00:00+00,PIX,COBRANCA,APROVADO,264.53,1,,
8433,1,2025-05-28T15:00:00+00,PIX,COBRANCA,APROVADO,245.31,1,,
8434,1,2025-06-17T15:00:00+00,PIX,COBRANCA,APROVADO,409.18,1,,
8435,1,2025-07-06T15:00:00+00,PIX,COBRANCA,APROVADO,670.41,1,,
8436,1,2025-08-23T15:00:00+00,PIX,COBRANCA,APROVADO,428.66,1,,
8437,1,2025-09-12T15:00:00+00,PIX,COBRANCA,APROVADO,270.50,1,,
8438,1,2025-10-29T15:00:00+00,PIX,COBRANCA,APROVADO,594.17,1,,
8439,1,2025-11-18T15:00:00+00,PIX,COBRANCA,APROVADO,801.52,1,,
8440,1,2025-11-07T15:00:00+00,PIX,COBRANCA,APROVADO,491.13,1,,
8441,1,2025-12-24T15:00:00+00,PIX,COBRANCA,APROVADO,375.63,1,,
8442,1,2025-01-13T15:00:00+00,PIX,COBRANCA,APROVADO,613.47,1,,
8443,1,2025-02-02T15:00:00+00,PIX,COBRANCA,APROVADO,1095.10,1,,
8444,1,2025-03-19T15:00:00+00,PIX,COBRANCA,APROVADO,655.26,1,,
8445,1,2025-04-08T15:00:00+00,PIX,COBRANCA,APROVADO,454.13,1,,
8446,1,2025-05-25T15:00:00+00,PIX,COBRANCA,APROVADO,820.64,1,,
8447,1,2025-06-14T15:00:00+00,PIX,COBRANCA,APROVADO,1083.84,1,,
8448,1,2025-07-03T15:00:00+00,PIX,COBRANCA,APROVADO,871.16,1,,
8449,1,2025-08-20T15:00:00+00,PIX,COBRANCA,APROVADO,489.50,1,,
8450,1,2025-09-09T15:00:00+00,PIX,COBRANCA,APROVADO,983.11,1,,
8451,1,2025-10-26T15:00:00+00,PIX,COBRANCA,APROVADO,1616.72,1,,
8452,1,2025-11-15T15:00:00+00,PIX,COBRANCA,APROVADO,1070.65,1,,
8453,1,2025-11-04T15:00:00+00,PIX,COBRANCA,APROVADO,678.02,1,,
8454,1,2025-12-21T15:00:00+00,PIX,COBRANCA,APROVADO,1237.79,1,,
8455,1,2025-01-10T15:00:00+00,PIX,COBRANCA,APROVADO,1830.44,1,,
8456,1,2025-02-27T15:00:00+00,PIX,COBRANCA,APROVADO,1218.61,1,,
8457,1,2025-03-16T15:00:00+00,PIX,COBRANCA,APROVADO,760.22,1,,
8458,1,2025-04-05T15:00:00+00,PIX,COBRANCA,APROVADO,1385.75,1,,
8459,1,2025-05-22T15:00:00+00,PIX,COBRANCA,APROVADO,2044.16,1,,
8460,1,2025-06-11T15:00:00+00,PIX,COBRANCA,APROVADO,1366.57,1,,
8461,1,2025-07-28T15:00:00+00,PIX,COBRANCA,APROVADO,842.42,1,,
8462,1,2025-08-17T15:00:00+00,PIX,COBRANCA,APROVADO,1533.71,1,,
8463,1,2025-09-06T15:00:00+00,PIX,COBRANCA,APROVADO,2257.88,1,,
8464,1,2025-10-23T15:00:00+00,PIX,COBRANCA,APROVADO,1361.09,1,,
8465,1,2025-11-12T15:00:00+00,PIX,COBRANCA,APROVADO,464.30,1,,
8466,1,2025-11-29T15:00:00+00,PIX,COBRANCA,APROVADO,914.47,1,,
8467,1,2025-12-18T15:00:00+00,PIX,COBRANCA,APROVADO,1397.52,1,,
8468,1,2025-01-07T15:00:00+00,PIX,COBRANCA,APROVADO,1509.05,1,,
8469,1,2025-02-24T15:00:00+00,PIX,COBRANCA,APROVADO,239.62,1,,
8470,1,2025-03-13T15:00:00+00,PIX,COBRANCA,APROVADO,448.67,1,,
8471,1,2025-04-02T15:00:00+00,PIX,COBRANCA,APROVADO,690.60,1,,
8472,1,2025-05-19T15:00:00+00,PIX,COBRANCA,APROVADO,429.49,1,,
8473,1,2025-06-08T15:00:00+00,PIX,COBRANCA,APROVADO,321.82,1,,
8474,1,2025-07-25T15:00:00+00,PIX,COBRANCA,APROVADO,596.63,1,,
8475,1,2025-08-14T15:00:00+00,PIX,COBRANCA,APROVADO,904.32,1,,
8476,1,2025-09-03T15:00:00+00,PIX,COBRANCA,APROVADO,577.45,1,,
8477,1,2025-10-20T15:00:00+00,PIX,COBRANCA,APROVADO,404.02,1,,
8478,1,2025-11-09T15:00:00+00,PIX,COBRANCA,APROVADO,744.59,1,,
8479,1,2025-11-26T15:00:00+00,PIX,COBRANCA,APROVADO,1118.04,1,,
8480,1,2025-12-15T15:00:00+00,PIX,COBRANCA,APROVADO,725.41,1,,
8481,1,2025-01-04T15:00:00+00,PIX,COBRANCA,APROVADO,439.45,1,,
8482,1,2025-02-21T15:00:00+00,PIX,COBRANCA,APROVADO,689.61,1,,
8483,1,2025-03-10T15:00:00+00,PIX,COBRANCA,APROVADO,1226.58,1,,
8484,1,2025-04-27T15:00:00+00,PIX,COBRANCA,APROVADO,738.51,1,,
8485,1,2025-05-16T15:00:00+00,PIX,COBRANCA,APROVADO,501.80,1,,
8486,1,2025-06-05T15:00:00+00,PIX,COBRANCA,APROVADO,906.68,1,,
8487,1,2025-07-22T15:00:00+00,PIX,COBRANCA,APROVADO,1193.94,1,,
8488,1,2025-08-11T15:00:00+00,PIX,COBRANCA,APROVADO,964.30,1,,
8489,1,2025-09-28T15:00:00+00,PIX,COBRANCA,APROVADO,534.45,1,,
8490,1,2025-10-17T15:00:00+00,PIX,COBRANCA,APROVADO,1035.59,1,,
8491,1,2025-11-06T15:00:00+00,PIX,COBRANCA,APROVADO,1533.86,1,,
8492,1,2025-11-23T15:00:00+00,PIX,COBRANCA,APROVADO,930.56,1,,
8493,1,2025-12-12T15:00:00+00,PIX,COBRANCA,APROVADO,673.83,1,,
8494,1,2025-01-29T15:00:00+00,PIX,COBRANCA,APROVADO,1098.59,1,,
8495,1,2025-02-18T15:00:00+00,PIX,COBRANCA,APROVADO,1709.13,1,,
8496,1,2025-03-07T15:00:00+00,PIX,COBRANCA,APROVADO,1178.57,1,,
8497,1,2025-04-24T15:00:00+00,PIX,COBRANCA,APROVADO,629.15,1,,
8498,1,2025-05-13T15:00:00+00,PIX,COBRANCA,APROVADO,1367.41,1,,
8499,1,2025-06-02T15:00:00+00,PIX,COBRANCA,APROVADO,1798.31,1,,
8500,1,2025-07-19T15:00:00+00,PIX,COBRANCA,APROVADO,1147.69,1,,
8501,1,2025-08-08T15:00:00+00,PIX,COBRANCA,APROVADO,436.90,1,,
8502,1,2025-09-25T15:00:00+00,PIX,COBRANCA,APROVADO,865.15,1,,
8503,1,2025-10-14T15:00:00+00,PIX,COBRANCA,APROVADO,1326.28,1,,
8504,1,2025-11-03T15:00:00+00,PIX,COBRANCA,APROVADO,1459.73,1,,
8505,1,2025-11-20T15:00:00+00,PIX,COBRANCA,APROVADO,519.10,1,,
8506,1,2025-12-09T15:00:00+00,PIX,COBRANCA,APROVADO,1013.11,1,,
8507,1,2025-01-26T15:00:00+00,PIX,COBRANCA,APROVADO,619.36,1,,
8508,1,2025-02-15T15:00:00+00,PIX,COBRANCA,APROVADO,380.17,1,,
8509,1,2025-03-04T15:00:00+00,PIX,COBRANCA,APROVADO,294.42,1,,
8510,1,2025-04-21T15:00:00+00,PIX,COBRANCA,APROVADO,547.31,1,,
8511,1,2025-05-10T15:00:00+00,PIX,COBRANCA,APROVADO,833.08,1,,
8512,1,2025-06-27T15:00:00+00,PIX,COBRANCA,APROVADO,528.13,1,,
8513,1,2025-07-16T15:00:00+00,PIX,COBRANCA,APROVADO,376.62,1,,
8514,1,2025-08-05T15:00:00+00,PIX,COBRANCA,APROVADO,695.27,1,,
8515,1,2025-09-22T15:00:00+00,PIX,COBRANCA,APROVADO,1046.80,1,,
8516,1,2025-10-11T15:00:00+00,PIX,COBRANCA,APROVADO,676.09,1,,
8517,1,2025-11-28T15:00:00+00,PIX,COBRANCA,APROVADO,458.82,1,,
8518,1,2025-11-17T15:00:00+00,PIX,COBRANCA,APROVADO,843.23,1,,
8519,1,2025-12-06T15:00:00+00,PIX,COBRANCA,APROVADO,1260.52,1,,
8520,1,2025-01-23T15:00:00+00,PIX,COBRANCA,APROVADO,824.05,1,,
8521,1,2025-02-12T15:00:00+00,PIX,COBRANCA,APROVADO,541.02,1,,
8522,1,2025-03-29T15:00:00+00,PIX,COBRANCA,APROVADO,991.19,1,,
8523,1,2025-04-18T15:00:00+00,PIX,COBRANCA,APROVADO,1474.24,1,,
8524,1,2025-05-07T15:00:00+00,PIX,COBRANCA,APROVADO,972.01,1,,
8525,1,2025-06-24T15:00:00+00,PIX,COBRANCA,APROVADO,623.22,1,,
8526,1,2025-07-13T15:00:00+00,PIX,COBRANCA,APROVADO,1139.15,1,,
8527,1,2025-08-02T15:00:00+00,PIX,COBRANCA,APROVADO,1687.96,1,,
8528,1,2025-09-19T15:00:00+00,PIX,COBRANCA,APROVADO,1119.97,1,,
8529,1,2025-10-08T15:00:00+00,PIX,COBRANCA,APROVADO,705.42,1,,
8530,1,2025-11-25T15:00:00+00,PIX,COBRANCA,APROVADO,1287.11,1,,
8531,1,2025-11-14T15:00:00+00,PIX,COBRANCA,APROVADO,1737.88,1,,
8532,1,2025-12-03T15:00:00+00,PIX,COBRANCA,APROVADO,1008.94,1,,
8533,1,2025-01-20T15:00:00+00,PIX,COBRANCA,APROVADO,724.28,1,,
8534,1,2025-02-09T15:00:00+00,PIX,COBRANCA,APROVADO,1179.68,1,,
8535,1,2025-03-26T15:00:00+00,PIX,COBRANCA,APROVADO,1831.32,1,,
8536,1,2025-04-15T15:00:00+00,PIX,COBRANCA,APROVADO,1266.77,1,,
8537,1,2025-05-04T15:00:00+00,PIX,COBRANCA,APROVADO,671.35,1,,
8538,1,2025-06-21T15:00:00+00,PIX,COBRANCA,APROVADO,767.90,1,,
8539,1,2025-07-10T15:00:00+00,PIX,COBRANCA,APROVADO,1056.37,1,,
8540,1,2025-08-27T15:00:00+00,PIX,COBRANCA,APROVADO,1069.00,1,,
8541,1,2025-09-16T15:00:00+00,PIX,COBRANCA,APROVADO,437.29,1,,
8542,1,2025-10-05T15:00:00+00,PIX,COBRANCA,APROVADO,761.68,1,,
8543,1,2025-11-22T15:00:00+00,PIX,COBRANCA,APROVADO,1377.83,1,,
8544,1,2025-11-11T15:00:00+00,PIX,COBRANCA,APROVADO,280.37,1,,
8545,1,2025-12-28T15:00:00+00,PIX,COBRANCA,APROVADO,239.60,1,,
8546,1,2025-01-17T15:00:00+00,PIX,COBRANCA,APROVADO,433.48,1,,
8547,1,2025-02-06T15:00:00+00,PIX,COBRANCA,APROVADO,588.15,1,,
8548,1,2025-03-23T15:00:00+00,PIX,COBRANCA,APROVADO,451.97,1,,
8549,1,2025-04-12T15:00:00+00,PIX,COBRANCA,APROVADO,287.31,1,,
8550,1,2025-05-29T15:00:00+00,PIX,COBRANCA,APROVADO,588.55,1,,
8551,1,2025-06-18T15:00:00+00,PIX,COBRANCA,APROVADO,975.56,1,,
8552,1,2025-07-07T15:00:00+00,PIX,COBRANCA,APROVADO,626.77,1,,
8553,1,2025-08-24T15:00:00+00,PIX,COBRANCA,APROVADO,431.42,1,,
8554,1,2025-09-13T15:00:00+00,PIX,COBRANCA,APROVADO,793.91,1,,
8555,1,2025-10-02T15:00:00+00,PIX,COBRANCA,APROVADO,1189.28,1,,
8556,1,2025-11-19T15:00:00+00,PIX,COBRANCA,APROVADO,774.73,1,,
8557,1,2025-11-08T15:00:00+00,PIX,COBRANCA,APROVADO,513.62,1,,
8558,1,2025-12-25T15:00:00+00,PIX,COBRANCA,APROVADO,941.87,1,,
8559,1,2025-01-14T15:00:00+00,PIX,COBRANCA,APROVADO,1403.00,1,,
8560,1,2025-02-03T15:00:00+00,PIX,COBRANCA,APROVADO,922.69,1,,
8561,1,2025-03-20T15:00:00+00,PIX,COBRANCA,APROVADO,595.82,1,,
8562,1,2025-04-09T15:00:00+00,PIX,COBRANCA,APROVADO,1089.83,1,,
8563,1,2025-05-26T15:00:00+00,PIX,COBRANCA,APROVADO,1616.72,1,,
8564,1,2025-06-15T15:00:00+00,PIX,COBRANCA,APROVADO,1070.65,1,,
8565,1,2025-07-04T15:00:00+00,PIX,COBRANCA,APROVADO,678.02,1,,
8566,1,2025-08-21T15:00:00+00,PIX,COBRANCA,APROVADO,1237.79,1,,
8567,1,2025-09-10T15:00:00+00,PIX,COBRANCA,APROVADO,1830.44,1,,
8568,1,2025-10-27T15:00:00+00,PIX,COBRANCA,APROVADO,1218.61,1,,
8569,1,2025-11-16T15:00:00+00,PIX,COBRANCA,APROVADO,760.22,1,,
8570,1,2025-11-05T15:00:00+00,PIX,COBRANCA,APROVADO,1385.75,1,,
8571,1,2025-12-22T15:00:00+00,PIX,COBRANCA,APROVADO,2044.16,1,,
8572,1,2025-01-11T15:00:00+00,PIX,COBRANCA,APROVADO,1366.57,1,,
8573,1,2025-02-28T15:00:00+00,PIX,COBRANCA,APROVADO,842.42,1,,
8574,1,2025-03-17T15:00:00+00,PIX,COBRANCA,APROVADO,1533.71,1,,
8575,1,2025-04-06T15:00:00+00,PIX,COBRANCA,APROVADO,2257.88,1,,
8576,1,2025-05-23T15:00:00+00,PIX,COBRANCA,APROVADO,1361.09,1,,
8577,1,2025-06-12T15:00:00+00,PIX,COBRANCA,APROVADO,464.30,1,,
8578,1,2025-07-29T15:00:00+00,PIX,COBRANCA,APROVADO,914.47,1,,
8579,1,2025-08-18T15:00:00+00,PIX,COBRANCA,APROVADO,1397.52,1,,
8580,1,2025-09-07T15:00:00+00,PIX,COBRANCA,APROVADO,1509.05,1,,
8581,1,2025-10-24T15:00:00+00,PIX,COBRANCA,APROVADO,215.05,1,,
8582,1,2025-11-13T15:00:00+00,PIX,COBRANCA,APROVADO,346.86,1,,
8583,1,2025-11-02T15:00:00+00,PIX,COBRANCA,APROVADO,634.82,1,,
8584,1,2025-12-19T15:00:00+00,PIX,COBRANCA,APROVADO,363.70,1,,
8585,1,2025-01-08T15:00:00+00,PIX,COBRANCA,APROVADO,287.27,1,,
8586,1,2025-02-25T15:00:00+00,PIX,COBRANCA,APROVADO,519.47,1,,
8587,1,2025-03-14T15:00:00+00,PIX,COBRANCA,APROVADO,698.31,1,,
8588,1,2025-04-03T15:00:00+00,PIX,COBRANCA,APROVADO,545.11,1,,
8589,1,2025-05-20T15:00:00+00,PIX,COBRANCA,APROVADO,332.26,1,,
8590,1,2025-06-09T15:00:00+00,PIX,COBRANCA,APROVADO,653.33,1,,
8591,1,2025-07-26T15:00:00+00,PIX,COBRANCA,APROVADO,974.08,1,,
8592,1,2025-08-15T15:00:00+00,PIX,COBRANCA,APROVADO,577.97,1,,
8593,1,2025-09-04T15:00:00+00,PIX,COBRANCA,APROVADO,446.99,1,,
8594,1,2025-10-21T15:00:00+00,PIX,COBRANCA,APROVADO,733.62,1,,
8595,1,2025-11-10T15:00:00+00,PIX,COBRANCA,APROVADO,1159.17,1,,
8596,1,2025-11-27T15:00:00+00,PIX,COBRANCA,APROVADO,781.53,1,,
8597,1,2025-12-16T15:00:00+00,PIX,COBRANCA,APROVADO,439.28,1,,
8598,1,2025-01-05T15:00:00+00,PIX,COBRANCA,APROVADO,958.02,1,,
8599,1,2025-02-22T15:00:00+00,PIX,COBRANCA,APROVADO,1270.64,1,,
8600,1,2025-03-11T15:00:00+00,PIX,COBRANCA,APROVADO,802.45,1,,
8601,1,2025-04-28T15:00:00+00,PIX,COBRANCA,APROVADO,650.62,1,,
8602,1,2025-05-17T15:00:00+00,PIX,COBRANCA,APROVADO,1188.47,1,,
8603,1,2025-06-06T15:00:00+00,PIX,COBRANCA,APROVADO,1759.20,1,,
8604,1,2025-07-23T15:00:00+00,PIX,COBRANCA,APROVADO,1169.29,1,,
8605,1,2025-08-12T15:00:00+00,PIX,COBRANCA,APROVADO,732.82,1,,
8606,1,2025-09-29T15:00:00+00,PIX,COBRANCA,APROVADO,1336.43,1,,
8607,1,2025-10-18T15:00:00+00,PIX,COBRANCA,APROVADO,1972.92,1,,
8608,1,2025-11-07T15:00:00+00,PIX,COBRANCA,APROVADO,1317.25,1,,
8609,1,2025-11-24T15:00:00+00,PIX,COBRANCA,APROVADO,815.02,1,,
8610,1,2025-12-13T15:00:00+00,PIX,COBRANCA,APROVADO,1484.39,1,,
8611,1,2025-01-02T15:00:00+00,PIX,COBRANCA,APROVADO,2186.64,1,,
8612,1,2025-02-19T15:00:00+00,PIX,COBRANCA,APROVADO,1465.21,1,,
8613,1,2025-03-08T15:00:00+00,PIX,COBRANCA,APROVADO,436.90,1,,
8614,1,2025-04-25T15:00:00+00,PIX,COBRANCA,APROVADO,865.15,1,,
8615,1,2025-05-14T15:00:00+00,PIX,COBRANCA,APROVADO,1326.28,1,,
8616,1,2025-06-03T15:00:00+00,PIX,COBRANCA,APROVADO,1459.73,1,,
8617,1,2025-07-20T15:00:00+00,PIX,COBRANCA,APROVADO,519.10,1,,
8618,1,2025-08-09T15:00:00+00,PIX,COBRANCA,APROVADO,1013.11,1,,
8619,1,2025-09-26T15:00:00+00,PIX,COBRANCA,APROVADO,619.36,1,,
8620,1,2025-10-15T15:00:00+00,PIX,COBRANCA,APROVADO,380.17,1,,
8621,1,2025-11-04T15:00:00+00,PIX,COBRANCA,APROVADO,294.42,1,,
8622,1,2025-11-21T15:00:00+00,PIX,COBRANCA,APROVADO,547.31,1,,
8623,1,2025-12-10T15:00:00+00,PIX,COBRANCA,APROVADO,833.08,1,,
8624,1,2025-01-27T15:00:00+00,PIX,COBRANCA,APROVADO,528.13,1,,
8625,1,2025-02-16T15:00:00+00,PIX,COBRANCA,APROVADO,376.62,1,,
8626,1,2025-03-05T15:00:00+00,PIX,COBRANCA,APROVADO,695.27,1,,
8627,1,2025-04-22T15:00:00+00,PIX,COBRANCA,APROVADO,1046.80,1,,
8628,1,2025-05-11T15:00:00+00,PIX,COBRANCA,APROVADO,676.09,1,,
8629,1,2025-06-28T15:00:00+00,PIX,COBRANCA,APROVADO,458.82,1,,
8630,1,2025-07-17T15:00:00+00,PIX,COBRANCA,APROVADO,843.23,1,,
8631,1,2025-08-06T15:00:00+00,PIX,COBRANCA,APROVADO,1148.52,1,,
8632,1,2025-09-23T15:00:00+00,PIX,COBRANCA,APROVADO,656.35,1,,
8633,1,2025-10-12T15:00:00+00,PIX,COBRANCA,APROVADO,497.39,1,,
8634,1,2025-11-29T15:00:00+00,PIX,COBRANCA,APROVADO,814.70,1,,
8635,1,2025-11-18T15:00:00+00,PIX,COBRANCA,APROVADO,1281.43,1,,
8636,1,2025-12-07T15:00:00+00,PIX,COBRANCA,APROVADO,869.80,1,,
8637,1,2025-01-24T15:00:00+00,PIX,COBRANCA,APROVADO,481.48,1,,
8638,1,2025-02-13T15:00:00+00,PIX,COBRANCA,APROVADO,1049.01,1,,
8639,1,2025-03-02T15:00:00+00,PIX,COBRANCA,APROVADO,1387.88,1,,
8640,1,2025-04-19T15:00:00+00,PIX,COBRANCA,APROVADO,871.99,1,,
8641,1,2025-05-08T15:00:00+00,PIX,COBRANCA,APROVADO,614.01,1,,
8642,1,2025-06-25T15:00:00+00,PIX,COBRANCA,APROVADO,994.33,1,,
8643,1,2025-07-14T15:00:00+00,PIX,COBRANCA,APROVADO,1752.70,1,,
8644,1,2025-08-03T15:00:00+00,PIX,COBRANCA,APROVADO,1071.74,1,,
8645,1,2025-09-20T15:00:00+00,PIX,COBRANCA,APROVADO,692.51,1,,
8646,1,2025-10-09T15:00:00+00,PIX,COBRANCA,APROVADO,1250.82,1,,
8647,1,2025-11-26T15:00:00+00,PIX,COBRANCA,APROVADO,1634.58,1,,
8648,1,2025-11-15T15:00:00+00,PIX,COBRANCA,APROVADO,1336.96,1,,
8649,1,2025-12-04T15:00:00+00,PIX,COBRANCA,APROVADO,714.18,1,,
8650,1,2025-01-21T15:00:00+00,PIX,COBRANCA,APROVADO,654.31,1,,
8651,1,2025-02-10T15:00:00+00,PIX,COBRANCA,APROVADO,1255.04,1,,
8652,1,2025-03-27T15:00:00+00,PIX,COBRANCA,APROVADO,1410.41,1,,
8653,1,2025-04-16T15:00:00+00,PIX,COBRANCA,APROVADO,491.70,1,,
8654,1,2025-05-05T15:00:00+00,PIX,COBRANCA,APROVADO,963.79,1,,
8655,1,2025-06-22T15:00:00+00,PIX,COBRANCA,APROVADO,1468.76,1,,
8656,1,2025-07-11T15:00:00+00,PIX,COBRANCA,APROVADO,330.85,1,,
8657,1,2025-08-28T15:00:00+00,PIX,COBRANCA,APROVADO,267.02,1,,
8658,1,2025-09-17T15:00:00+00,PIX,COBRANCA,APROVADO,497.99,1,,
8659,1,2025-10-06T15:00:00+00,PIX,COBRANCA,APROVADO,761.84,1,,
8660,1,2025-11-23T15:00:00+00,PIX,COBRANCA,APROVADO,478.81,1,,
8661,1,2025-11-12T15:00:00+00,PIX,COBRANCA,APROVADO,349.22,1,,
8662,1,2025-12-29T15:00:00+00,PIX,COBRANCA,APROVADO,645.95,1,,
8663,1,2025-01-18T15:00:00+00,PIX,COBRANCA,APROVADO,975.56,1,,
8664,1,2025-02-07T15:00:00+00,PIX,COBRANCA,APROVADO,626.77,1,,
8665,1,2025-03-24T15:00:00+00,PIX,COBRANCA,APROVADO,431.42,1,,
8666,1,2025-04-13T15:00:00+00,PIX,COBRANCA,APROVADO,793.91,1,,
8667,1,2025-05-02T15:00:00+00,PIX,COBRANCA,APROVADO,1189.28,1,,
8668,1,2025-06-19T15:00:00+00,PIX,COBRANCA,APROVADO,774.73,1,,
8669,1,2025-07-08T15:00:00+00,PIX,COBRANCA,APROVADO,513.62,1,,
8670,1,2025-08-25T15:00:00+00,PIX,COBRANCA,APROVADO,941.87,1,,
8671,1,2025-09-14T15:00:00+00,PIX,COBRANCA,APROVADO,1403.00,1,,
8672,1,2025-10-03T15:00:00+00,PIX,COBRANCA,APROVADO,922.69,1,,
8673,1,2025-11-20T15:00:00+00,PIX,COBRANCA,APROVADO,595.82,1,,
8674,1,2025-11-09T15:00:00+00,PIX,COBRANCA,APROVADO,1089.83,1,,
8675,1,2025-12-26T15:00:00+00,PIX,COBRANCA,APROVADO,1616.72,1,,
8676,1,2025-01-15T15:00:00+00,PIX,COBRANCA,APROVADO,1070.65,1,,
8677,1,2025-02-04T15:00:00+00,PIX,COBRANCA,APROVADO,678.02,1,,
8678,1,2025-03-21T15:00:00+00,PIX,COBRANCA,APROVADO,1237.79,1,,
8679,1,2025-04-10T15:00:00+00,PIX,COBRANCA,APROVADO,1830.44,1,,
8680,1,2025-05-27T15:00:00+00,PIX,COBRANCA,APROVADO,1218.61,1,,
8681,1,2025-06-16T15:00:00+00,PIX,COBRANCA,APROVADO,688.79,1,,
8682,1,2025-07-05T15:00:00+00,PIX,COBRANCA,APROVADO,1070.47,1,,
8683,1,2025-08-22T15:00:00+00,PIX,COBRANCA,APROVADO,1884.18,1,,
8684,1,2025-09-11T15:00:00+00,PIX,COBRANCA,APROVADO,1154.99,1,,
8685,1,2025-10-28T15:00:00+00,PIX,COBRANCA,APROVADO,740.18,1,,
8686,1,2025-11-17T15:00:00+00,PIX,COBRANCA,APROVADO,1336.86,1,,
8687,1,2025-11-06T15:00:00+00,PIX,COBRANCA,APROVADO,1744.68,1,,
8688,1,2025-12-23T15:00:00+00,PIX,COBRANCA,APROVADO,1292.00,1,,
8689,1,2025-01-12T15:00:00+00,PIX,COBRANCA,APROVADO,390.88,1,,
8690,1,2025-03-01T15:00:00+00,PIX,COBRANCA,APROVADO,731.44,1,,
8691,1,2025-03-18T15:00:00+00,PIX,COBRANCA,APROVADO,1242.90,1,,
8692,1,2025-04-07T15:00:00+00,PIX,COBRANCA,APROVADO,1207.30,1,,
8693,1,2025-05-24T15:00:00+00,PIX,COBRANCA,APROVADO,220.12,1,,
8694,1,2025-06-13T15:00:00+00,PIX,COBRANCA,APROVADO,368.64,1,,
8695,1,2025-07-02T15:00:00+00,PIX,COBRANCA,APROVADO,609.28,1,,
8696,1,2025-08-19T15:00:00+00,PIX,COBRANCA,APROVADO,384.49,1,,
8697,1,2025-09-08T15:00:00+00,PIX,COBRANCA,APROVADO,249.39,1,,
8698,1,2025-10-25T15:00:00+00,PIX,COBRANCA,APROVADO,548.67,1,,
8699,1,2025-11-14T15:00:00+00,PIX,COBRANCA,APROVADO,742.90,1,,
8700,1,2025-11-03T15:00:00+00,PIX,COBRANCA,APROVADO,457.21,1,,
8701,1,2025-12-20T15:00:00+00,PIX,COBRANCA,APROVADO,404.02,1,,
8702,1,2025-01-09T15:00:00+00,PIX,COBRANCA,APROVADO,744.59,1,,
8703,1,2025-02-26T15:00:00+00,PIX,COBRANCA,APROVADO,1118.04,1,,
8704,1,2025-03-15T15:00:00+00,PIX,COBRANCA,APROVADO,725.41,1,,
8705,1,2025-04-04T15:00:00+00,PIX,COBRANCA,APROVADO,486.22,1,,
8706,1,2025-05-21T15:00:00+00,PIX,COBRANCA,APROVADO,892.55,1,,
8707,1,2025-06-10T15:00:00+00,PIX,COBRANCA,APROVADO,1331.76,1,,
8708,1,2025-07-27T15:00:00+00,PIX,COBRANCA,APROVADO,873.37,1,,
8709,1,2025-08-16T15:00:00+00,PIX,COBRANCA,APROVADO,568.42,1,,
8710,1,2025-09-05T15:00:00+00,PIX,COBRANCA,APROVADO,1040.51,1,,
8711,1,2025-10-22T15:00:00+00,PIX,COBRANCA,APROVADO,1545.48,1,,
8712,1,2025-11-11T15:00:00+00,PIX,COBRANCA,APROVADO,1021.33,1,,
8713,1,2025-11-28T15:00:00+00,PIX,COBRANCA,APROVADO,650.62,1,,
8714,1,2025-12-17T15:00:00+00,PIX,COBRANCA,APROVADO,1188.47,1,,
8715,1,2025-01-06T15:00:00+00,PIX,COBRANCA,APROVADO,1759.20,1,,
8716,1,2025-02-23T15:00:00+00,PIX,COBRANCA,APROVADO,1169.29,1,,
8717,1,2025-03-12T15:00:00+00,PIX,COBRANCA,APROVADO,732.82,1,,
8718,1,2025-04-29T15:00:00+00,PIX,COBRANCA,APROVADO,1336.43,1,,
8719,1,2025-05-18T15:00:00+00,PIX,COBRANCA,APROVADO,1972.92,1,,
8720,1,2025-06-07T15:00:00+00,PIX,COBRANCA,APROVADO,1317.25,1,,
8721,1,2025-07-24T15:00:00+00,PIX,COBRANCA,APROVADO,815.02,1,,
8722,1,2025-08-13T15:00:00+00,PIX,COBRANCA,APROVADO,1484.39,1,,
8723,1,2025-09-02T15:00:00+00,PIX,COBRANCA,APROVADO,2186.64,1,,
8724,1,2025-10-19T15:00:00+00,PIX,COBRANCA,APROVADO,1465.21,1,,
8725,1,2025-11-08T15:00:00+00,PIX,COBRANCA,APROVADO,436.90,1,,
8726,1,2025-11-25T15:00:00+00,PIX,COBRANCA,APROVADO,865.15,1,,
8727,1,2025-12-14T15:00:00+00,PIX,COBRANCA,APROVADO,1326.28,1,,
8728,1,2025-01-03T15:00:00+00,PIX,COBRANCA,APROVADO,1459.73,1,,
8729,1,2025-02-20T15:00:00+00,PIX,COBRANCA,APROVADO,519.10,1,,
8730,1,2025-03-09T15:00:00+00,PIX,COBRANCA,APROVADO,1013.11,1,,
8731,1,2025-04-26T15:00:00+00,PIX,COBRANCA,APROVADO,559.09,1,,
8732,1,2025-05-15T15:00:00+00,PIX,COBRANCA,APROVADO,303.68,1,,
8733,1,2025-06-04T15:00:00+00,PIX,COBRANCA,APROVADO,270.52,1,,
8734,1,2025-07-21T15:00:00+00,PIX,COBRANCA,APROVADO,449.77,1,,
8735,1,2025-08-10T15:00:00+00,PIX,COBRANCA,APROVADO,731.47,1,,
8736,1,2025-09-27T15:00:00+00,PIX,COBRANCA,APROVADO,472.76,1,,
8737,1,2025-10-16T15:00:00+00,PIX,COBRANCA,APROVADO,291.59,1,,
8738,1,2025-11-05T15:00:00+00,PIX,COBRANCA,APROVADO,639.66,1,,
8739,1,2025-11-22T15:00:00+00,PIX,COBRANCA,APROVADO,860.21,1,,
8740,1,2025-12-11T15:00:00+00,PIX,COBRANCA,APROVADO,529.22,1,,
8741,1,2025-01-28T15:00:00+00,PIX,COBRANCA,APROVADO,399.47,1,,
8742,1,2025-02-17T15:00:00+00,PIX,COBRANCA,APROVADO,651.54,1,,
8743,1,2025-03-06T15:00:00+00,PIX,COBRANCA,APROVADO,1160.81,1,,
8744,1,2025-04-23T15:00:00+00,PIX,COBRANCA,APROVADO,696.85,1,,
8745,1,2025-05-12T15:00:00+00,PIX,COBRANCA,APROVADO,477.98,1,,
8746,1,2025-06-29T15:00:00+00,PIX,COBRANCA,APROVADO,863.66,1,,
8747,1,2025-07-18T15:00:00+00,PIX,COBRANCA,APROVADO,1138.89,1,,
8748,1,2025-08-07T15:00:00+00,PIX,COBRANCA,APROVADO,917.77,1,,
8749,1,2025-09-24T15:00:00+00,PIX,COBRANCA,APROVADO,511.99,1,,
8750,1,2025-10-13T15:00:00+00,PIX,COBRANCA,APROVADO,1026.95,1,,
8751,1,2025-11-02T15:00:00+00,PIX,COBRANCA,APROVADO,1687.96,1,,
8752,1,2025-11-19T15:00:00+00,PIX,COBRANCA,APROVADO,1119.97,1,,
8753,1,2025-12-08T15:00:00+00,PIX,COBRANCA,APROVADO,705.42,1,,
8754,1,2025-01-25T15:00:00+00,PIX,COBRANCA,APROVADO,1287.11,1,,
8755,1,2025-02-14T15:00:00+00,PIX,COBRANCA,APROVADO,1901.68,1,,
8756,1,2025-03-03T15:00:00+00,PIX,COBRANCA,APROVADO,1267.93,1,,
8757,1,2025-04-20T15:00:00+00,PIX,COBRANCA,APROVADO,787.62,1,,
8758,1,2025-05-09T15:00:00+00,PIX,COBRANCA,APROVADO,1435.07,1,,
8759,1,2025-06-26T15:00:00+00,PIX,COBRANCA,APROVADO,2115.40,1,,
8760,1,2025-07-15T15:00:00+00,PIX,COBRANCA,APROVADO,1415.89,1,,
8761,1,2025-08-04T15:00:00+00,PIX,COBRANCA,APROVADO,869.82,1,,
8762,1,2025-09-21T15:00:00+00,PIX,COBRANCA,APROVADO,815.83,1,,
8763,1,2025-10-10T15:00:00+00,PIX,COBRANCA,APROVADO,1255.04,1,,
8764,1,2025-11-27T15:00:00+00,PIX,COBRANCA,APROVADO,1410.41,1,,
8765,1,2025-11-16T15:00:00+00,PIX,COBRANCA,APROVADO,491.70,1,,
8766,1,2025-12-05T15:00:00+00,PIX,COBRANCA,APROVADO,963.79,1,,
8767,1,2025-01-22T15:00:00+00,PIX,COBRANCA,APROVADO,1468.76,1,,
8768,1,2025-02-11T15:00:00+00,PIX,COBRANCA,APROVADO,330.85,1,,
8769,1,2025-03-28T15:00:00+00,PIX,COBRANCA,APROVADO,267.02,1,,
8770,1,2025-04-17T15:00:00+00,PIX,COBRANCA,APROVADO,497.99,1,,
8771,1,2025-05-06T15:00:00+00,PIX,COBRANCA,APROVADO,761.84,1,,
8772,1,2025-06-23T15:00:00+00,PIX,COBRANCA,APROVADO,478.81,1,,
8773,1,2025-07-12T15:00:00+00,PIX,COBRANCA,APROVADO,349.22,1,,
8774,1,2025-08-29T15:00:00+00,PIX,COBRANCA,APROVADO,645.95,1,,
8775,1,2025-09-18T15:00:00+00,PIX,COBRANCA,APROVADO,975.56,1,,
8776,1,2025-10-07T15:00:00+00,PIX,COBRANCA,APROVADO,626.77,1,,
8777,1,2025-11-24T15:00:00+00,PIX,COBRANCA,APROVADO,431.42,1,,
8778,1,2025-11-13T15:00:00+00,PIX,COBRANCA,APROVADO,793.91,1,,
8779,1,2025-12-02T15:00:00+00,PIX,COBRANCA,APROVADO,1189.28,1,,
8780,1,2025-01-19T15:00:00+00,PIX,COBRANCA,APROVADO,774.73,1,,
8781,1,2025-02-08T15:00:00+00,PIX,COBRANCA,APROVADO,464.39,1,,
8782,1,2025-03-25T15:00:00+00,PIX,COBRANCA,APROVADO,727.72,1,,
8783,1,2025-04-14T15:00:00+00,PIX,COBRANCA,APROVADO,1292.42,1,,
8784,1,2025-05-03T15:00:00+00,PIX,COBRANCA,APROVADO,780.18,1,,
8785,1,2025-06-20T15:00:00+00,PIX,COBRANCA,APROVADO,525.65,1,,
8786,1,2025-07-09T15:00:00+00,PIX,COBRANCA,APROVADO,949.65,1,,
8787,1,2025-08-26T15:00:00+00,PIX,COBRANCA,APROVADO,1249.05,1,,
8788,1,2025-09-15T15:00:00+00,PIX,COBRANCA,APROVADO,1010.91,1,,
8789,1,2025-10-04T15:00:00+00,PIX,COBRANCA,APROVADO,556.94,1,,
8790,1,2025-11-21T15:00:00+00,PIX,COBRANCA,APROVADO,1078.03,1,,
8791,1,2025-11-10T15:00:00+00,PIX,COBRANCA,APROVADO,1596.06,1,,
8792,1,2025-12-27T15:00:00+00,PIX,COBRANCA,APROVADO,969.79,1,,
8793,1,2025-01-16T15:00:00+00,PIX,COBRANCA,APROVADO,699.07,1,,
8794,1,2025-02-05T15:00:00+00,PIX,COBRANCA,APROVADO,1139.14,1,,
8795,1,2025-03-22T15:00:00+00,PIX,COBRANCA,APROVADO,1770.19,1,,
8796,1,2025-04-11T15:00:00+00,PIX,COBRANCA,APROVADO,1222.67,1,,
8797,1,2025-05-28T15:00:00+00,PIX,COBRANCA,APROVADO,650.26,1,,
8798,1,2025-06-17T15:00:00+00,PIX,COBRANCA,APROVADO,1412.86,1,,
8799,1,2025-07-06T15:00:00+00,PIX,COBRANCA,APROVADO,1857.00,1,,
8800,1,2025-08-23T15:00:00+00,PIX,COBRANCA,APROVADO,1032.61,1,,
8801,1,2025-09-12T15:00:00+00,PIX,COBRANCA,APROVADO,464.30,1,,
8802,1,2025-10-29T15:00:00+00,PIX,COBRANCA,APROVADO,914.47,1,,
8803,1,2025-11-18T15:00:00+00,PIX,COBRANCA,APROVADO,1397.52,1,,
8804,1,2025-11-07T15:00:00+00,PIX,COBRANCA,APROVADO,1509.05,1,,
8805,1,2025-12-24T15:00:00+00,PIX,COBRANCA,APROVADO,239.62,1,,
8806,1,2025-01-13T15:00:00+00,PIX,COBRANCA,APROVADO,448.67,1,,
8807,1,2025-02-02T15:00:00+00,PIX,COBRANCA,APROVADO,690.60,1,,
8808,1,2025-03-19T15:00:00+00,PIX,COBRANCA,APROVADO,429.49,1,,
8809,1,2025-04-08T15:00:00+00,PIX,COBRANCA,APROVADO,321.82,1,,
8810,1,2025-05-25T15:00:00+00,PIX,COBRANCA,APROVADO,596.63,1,,
8811,1,2025-06-14T15:00:00+00,PIX,COBRANCA,APROVADO,904.32,1,,
8812,1,2025-07-03T15:00:00+00,PIX,COBRANCA,APROVADO,577.45,1,,
8813,1,2025-08-20T15:00:00+00,PIX,COBRANCA,APROVADO,404.02,1,,
8814,1,2025-09-09T15:00:00+00,PIX,COBRANCA,APROVADO,744.59,1,,
8815,1,2025-10-26T15:00:00+00,PIX,COBRANCA,APROVADO,1118.04,1,,
8816,1,2025-11-15T15:00:00+00,PIX,COBRANCA,APROVADO,725.41,1,,
8817,1,2025-11-04T15:00:00+00,PIX,COBRANCA,APROVADO,486.22,1,,
8818,1,2025-12-21T15:00:00+00,PIX,COBRANCA,APROVADO,892.55,1,,
8819,1,2025-01-10T15:00:00+00,PIX,COBRANCA,APROVADO,1331.76,1,,
8820,1,2025-02-27T15:00:00+00,PIX,COBRANCA,APROVADO,873.37,1,,
8821,1,2025-03-16T15:00:00+00,PIX,COBRANCA,APROVADO,568.42,1,,
8822,1,2025-04-05T15:00:00+00,PIX,COBRANCA,APROVADO,1040.51,1,,
8823,1,2025-05-22T15:00:00+00,PIX,COBRANCA,APROVADO,1545.48,1,,
8824,1,2025-06-11T15:00:00+00,PIX,COBRANCA,APROVADO,1021.33,1,,
8825,1,2025-07-28T15:00:00+00,PIX,COBRANCA,APROVADO,650.62,1,,
8826,1,2025-08-17T15:00:00+00,PIX,COBRANCA,APROVADO,1188.47,1,,
8827,1,2025-09-06T15:00:00+00,PIX,COBRANCA,APROVADO,1759.20,1,,
8828,1,2025-10-23T15:00:00+00,PIX,COBRANCA,APROVADO,1169.29,1,,
8829,1,2025-11-12T15:00:00+00,PIX,COBRANCA,APROVADO,732.82,1,,
8830,1,2025-11-29T15:00:00+00,PIX,COBRANCA,APROVADO,1336.43,1,,
8831,1,2025-12-18T15:00:00+00,PIX,COBRANCA,APROVADO,1803.38,1,,
8832,1,2025-01-07T15:00:00+00,PIX,COBRANCA,APROVADO,1048.17,1,,
8833,1,2025-02-24T15:00:00+00,PIX,COBRANCA,APROVADO,749.47,1,,
8834,1,2025-03-13T15:00:00+00,PIX,COBRANCA,APROVADO,1220.22,1,,
8835,1,2025-04-02T15:00:00+00,PIX,COBRANCA,APROVADO,1892.45,1,,
8836,1,2025-05-19T15:00:00+00,PIX,COBRANCA,APROVADO,1310.94,1,,
8837,1,2025-06-08T15:00:00+00,PIX,COBRANCA,APROVADO,347.22,1,,
8838,1,2025-07-25T15:00:00+00,PIX,COBRANCA,APROVADO,813.35,1,,
8839,1,2025-08-14T15:00:00+00,PIX,COBRANCA,APROVADO,1114.99,1,,
8840,1,2025-09-03T15:00:00+00,PIX,COBRANCA,APROVADO,1107.08,1,,
8841,1,2025-10-20T15:00:00+00,PIX,COBRANCA,APROVADO,461.13,1,,
8842,1,2025-11-09T15:00:00+00,PIX,COBRANCA,APROVADO,799.79,1,,
8843,1,2025-11-26T15:00:00+00,PIX,COBRANCA,APROVADO,568.98,1,,
8844,1,2025-12-15T15:00:00+00,PIX,COBRANCA,APROVADO,322.03,1,,
8845,1,2025-01-04T15:00:00+00,PIX,COBRANCA,APROVADO,263.42,1,,
8846,1,2025-02-21T15:00:00+00,PIX,COBRANCA,APROVADO,476.50,1,,
8847,1,2025-03-10T15:00:00+00,PIX,COBRANCA,APROVADO,643.20,1,,
8848,1,2025-04-27T15:00:00+00,PIX,COBRANCA,APROVADO,498.50,1,,
8849,1,2025-05-16T15:00:00+00,PIX,COBRANCA,APROVADO,309.77,1,,
8850,1,2025-06-05T15:00:00+00,PIX,COBRANCA,APROVADO,632.39,1,,
8851,1,2025-07-22T15:00:00+00,PIX,COBRANCA,APROVADO,1046.80,1,,
8852,1,2025-08-11T15:00:00+00,PIX,COBRANCA,APROVADO,676.09,1,,
8853,1,2025-09-28T15:00:00+00,PIX,COBRANCA,APROVADO,458.82,1,,
8854,1,2025-10-17T15:00:00+00,PIX,COBRANCA,APROVADO,843.23,1,,
8855,1,2025-11-06T15:00:00+00,PIX,COBRANCA,APROVADO,1260.52,1,,
8856,1,2025-11-23T15:00:00+00,PIX,COBRANCA,APROVADO,824.05,1,,
8857,1,2025-12-12T15:00:00+00,PIX,COBRANCA,APROVADO,541.02,1,,
8858,1,2025-01-29T15:00:00+00,PIX,COBRANCA,APROVADO,991.19,1,,
8859,1,2025-02-18T15:00:00+00,PIX,COBRANCA,APROVADO,1474.24,1,,
8860,1,2025-03-07T15:00:00+00,PIX,COBRANCA,APROVADO,972.01,1,,
8861,1,2025-04-24T15:00:00+00,PIX,COBRANCA,APROVADO,623.22,1,,
8862,1,2025-05-13T15:00:00+00,PIX,COBRANCA,APROVADO,1139.15,1,,
8863,1,2025-06-02T15:00:00+00,PIX,COBRANCA,APROVADO,1687.96,1,,
8864,1,2025-07-19T15:00:00+00,PIX,COBRANCA,APROVADO,1119.97,1,,
8865,1,2025-08-08T15:00:00+00,PIX,COBRANCA,APROVADO,705.42,1,,
8866,1,2025-09-25T15:00:00+00,PIX,COBRANCA,APROVADO,1287.11,1,,
8867,1,2025-10-14T15:00:00+00,PIX,COBRANCA,APROVADO,1901.68,1,,
8868,1,2025-11-03T15:00:00+00,PIX,COBRANCA,APROVADO,1267.93,1,,
8869,1,2025-11-20T15:00:00+00,PIX,COBRANCA,APROVADO,787.62,1,,
8870,1,2025-12-09T15:00:00+00,PIX,COBRANCA,APROVADO,1435.07,1,,
8871,1,2025-01-26T15:00:00+00,PIX,COBRANCA,APROVADO,2115.40,1,,
8872,1,2025-02-15T15:00:00+00,PIX,COBRANCA,APROVADO,1415.89,1,,
8873,1,2025-03-04T15:00:00+00,PIX,COBRANCA,APROVADO,869.82,1,,
8874,1,2025-04-21T15:00:00+00,PIX,COBRANCA,APROVADO,815.83,1,,
8875,1,2025-05-10T15:00:00+00,PIX,COBRANCA,APROVADO,1255.04,1,,
8876,1,2025-06-27T15:00:00+00,PIX,COBRANCA,APROVADO,1410.41,1,,
8877,1,2025-07-16T15:00:00+00,PIX,COBRANCA,APROVADO,491.70,1,,
8878,1,2025-08-05T15:00:00+00,PIX,COBRANCA,APROVADO,963.79,1,,
8879,1,2025-09-22T15:00:00+00,PIX,COBRANCA,APROVADO,1468.76,1,,
8880,1,2025-10-11T15:00:00+00,PIX,COBRANCA,APROVADO,330.85,1,,
8881,1,2025-11-28T15:00:00+00,PIX,COBRANCA,APROVADO,239.96,1,,
8882,1,2025-11-17T15:00:00+00,PIX,COBRANCA,APROVADO,384.93,1,,
8883,1,2025-12-06T15:00:00+00,PIX,COBRANCA,APROVADO,700.53,1,,
8884,1,2025-01-23T15:00:00+00,PIX,COBRANCA,APROVADO,405.36,1,,
8885,1,2025-02-12T15:00:00+00,PIX,COBRANCA,APROVADO,311.12,1,,
8886,1,2025-03-29T15:00:00+00,PIX,COBRANCA,APROVADO,562.49,1,,
8887,1,2025-04-18T15:00:00+00,PIX,COBRANCA,APROVADO,753.36,1,,
8888,1,2025-05-07T15:00:00+00,PIX,COBRANCA,APROVADO,591.64,1,,
8889,1,2025-06-24T15:00:00+00,PIX,COBRANCA,APROVADO,354.72,1,,
8890,1,2025-07-13T15:00:00+00,PIX,COBRANCA,APROVADO,695.82,1,,
8891,1,2025-08-02T15:00:00+00,PIX,COBRANCA,APROVADO,1036.28,1,,
8892,1,2025-09-19T15:00:00+00,PIX,COBRANCA,APROVADO,617.12,1,,
8893,1,2025-10-08T15:00:00+00,PIX,COBRANCA,APROVADO,472.20,1,,
8894,1,2025-11-25T15:00:00+00,PIX,COBRANCA,APROVADO,774.16,1,,
8895,1,2025-11-14T15:00:00+00,PIX,COBRANCA,APROVADO,1220.30,1,,
8896,1,2025-12-03T15:00:00+00,PIX,COBRANCA,APROVADO,825.63,1,,
8897,1,2025-01-20T15:00:00+00,PIX,COBRANCA,APROVADO,460.37,1,,
8898,1,2025-02-09T15:00:00+00,PIX,COBRANCA,APROVADO,1003.51,1,,
8899,1,2025-03-26T15:00:00+00,PIX,COBRANCA,APROVADO,1329.26,1,,
8900,1,2025-04-15T15:00:00+00,PIX,COBRANCA,APROVADO,840.81,1,,
8901,1,2025-05-04T15:00:00+00,PIX,COBRANCA,APROVADO,678.02,1,,
8902,1,2025-06-21T15:00:00+00,PIX,COBRANCA,APROVADO,1237.79,1,,
8903,1,2025-07-10T15:00:00+00,PIX,COBRANCA,APROVADO,1830.44,1,,
8904,1,2025-08-27T15:00:00+00,PIX,COBRANCA,APROVADO,1218.61,1,,
8905,1,2025-09-16T15:00:00+00,PIX,COBRANCA,APROVADO,760.22,1,,
8906,1,2025-10-05T15:00:00+00,PIX,COBRANCA,APROVADO,1385.75,1,,
8907,1,2025-11-22T15:00:00+00,PIX,COBRANCA,APROVADO,2044.16,1,,
8908,1,2025-11-11T15:00:00+00,PIX,COBRANCA,APROVADO,1366.57,1,,
8909,1,2025-12-28T15:00:00+00,PIX,COBRANCA,APROVADO,842.42,1,,
8910,1,2025-01-17T15:00:00+00,PIX,COBRANCA,APROVADO,1533.71,1,,
8911,1,2025-02-06T15:00:00+00,PIX,COBRANCA,APROVADO,2257.88,1,,
8912,1,2025-03-23T15:00:00+00,PIX,COBRANCA,APROVADO,1361.09,1,,
8913,1,2025-04-12T15:00:00+00,PIX,COBRANCA,APROVADO,464.30,1,,
8914,1,2025-05-29T15:00:00+00,PIX,COBRANCA,APROVADO,914.47,1,,
8915,1,2025-06-18T15:00:00+00,PIX,COBRANCA,APROVADO,1397.52,1,,
8916,1,2025-07-07T15:00:00+00,PIX,COBRANCA,APROVADO,1509.05,1,,
8917,1,2025-08-24T15:00:00+00,PIX,COBRANCA,APROVADO,239.62,1,,
8918,1,2025-09-13T15:00:00+00,PIX,COBRANCA,APROVADO,448.67,1,,
8919,1,2025-10-02T15:00:00+00,PIX,COBRANCA,APROVADO,690.60,1,,
8920,1,2025-11-19T15:00:00+00,PIX,COBRANCA,APROVADO,429.49,1,,
8921,1,2025-11-08T15:00:00+00,PIX,COBRANCA,APROVADO,321.82,1,,
8922,1,2025-12-25T15:00:00+00,PIX,COBRANCA,APROVADO,596.63,1,,
8923,1,2025-01-14T15:00:00+00,PIX,COBRANCA,APROVADO,904.32,1,,
8924,1,2025-02-03T15:00:00+00,PIX,COBRANCA,APROVADO,577.45,1,,
8925,1,2025-03-20T15:00:00+00,PIX,COBRANCA,APROVADO,404.02,1,,
8926,1,2025-04-09T15:00:00+00,PIX,COBRANCA,APROVADO,744.59,1,,
8927,1,2025-05-26T15:00:00+00,PIX,COBRANCA,APROVADO,1118.04,1,,
8928,1,2025-06-15T15:00:00+00,PIX,COBRANCA,APROVADO,725.41,1,,
8929,1,2025-07-04T15:00:00+00,PIX,COBRANCA,APROVADO,486.22,1,,
8930,1,2025-08-21T15:00:00+00,PIX,COBRANCA,APROVADO,892.55,1,,
8931,1,2025-09-10T15:00:00+00,PIX,COBRANCA,APROVADO,1213.95,1,,
8932,1,2025-10-27T15:00:00+00,PIX,COBRANCA,APROVADO,695.50,1,,
8933,1,2025-11-16T15:00:00+00,PIX,COBRANCA,APROVADO,522.60,1,,
8934,1,2025-11-05T15:00:00+00,PIX,COBRANCA,APROVADO,855.29,1,,
8935,1,2025-12-22T15:00:00+00,PIX,COBRANCA,APROVADO,1342.49,1,,
8936,1,2025-01-11T15:00:00+00,PIX,COBRANCA,APROVADO,913.90,1,,
8937,1,2025-02-28T15:00:00+00,PIX,COBRANCA,APROVADO,502.57,1,,
8938,1,2025-03-17T15:00:00+00,PIX,COBRANCA,APROVADO,1094.50,1,,
8939,1,2025-04-06T15:00:00+00,PIX,COBRANCA,APROVADO,1446.57,1,,
8940,1,2025-05-23T15:00:00+00,PIX,COBRANCA,APROVADO,910.08,1,,
8941,1,2025-06-12T15:00:00+00,PIX,COBRANCA,APROVADO,637.85,1,,
8942,1,2025-07-29T15:00:00+00,PIX,COBRANCA,APROVADO,1032.40,1,,
8943,1,2025-08-18T15:00:00+00,PIX,COBRANCA,APROVADO,1818.41,1,,
8944,1,2025-09-07T15:00:00+00,PIX,COBRANCA,APROVADO,1113.33,1,,
8945,1,2025-10-24T15:00:00+00,PIX,COBRANCA,APROVADO,716.36,1,,
8946,1,2025-11-13T15:00:00+00,PIX,COBRANCA,APROVADO,1293.84,1,,
8947,1,2025-11-02T15:00:00+00,PIX,COBRANCA,APROVADO,1689.63,1,,
8948,1,2025-12-19T15:00:00+00,PIX,COBRANCA,APROVADO,1383.57,1,,
8949,1,2025-01-08T15:00:00+00,PIX,COBRANCA,APROVADO,368.42,1,,
8950,1,2025-02-25T15:00:00+00,PIX,COBRANCA,APROVADO,698.15,1,,
8951,1,2025-03-14T15:00:00+00,PIX,COBRANCA,APROVADO,1326.28,1,,
8952,1,2025-04-03T15:00:00+00,PIX,COBRANCA,APROVADO,1459.73,1,,
8953,1,2025-05-20T15:00:00+00,PIX,COBRANCA,APROVADO,519.10,1,,
8954,1,2025-06-09T15:00:00+00,PIX,COBRANCA,APROVADO,1013.11,1,,
8955,1,2025-07-26T15:00:00+00,PIX,COBRANCA,APROVADO,619.36,1,,
8956,1,2025-08-15T15:00:00+00,PIX,COBRANCA,APROVADO,380.17,1,,
8957,1,2025-09-04T15:00:00+00,PIX,COBRANCA,APROVADO,294.42,1,,
8958,1,2025-10-21T15:00:00+00,PIX,COBRANCA,APROVADO,547.31,1,,
8959,1,2025-11-10T15:00:00+00,PIX,COBRANCA,APROVADO,833.08,1,,
8960,1,2025-11-27T15:00:00+00,PIX,COBRANCA,APROVADO,528.13,1,,
8961,1,2025-12-16T15:00:00+00,PIX,COBRANCA,APROVADO,376.62,1,,
8962,1,2025-01-05T15:00:00+00,PIX,COBRANCA,APROVADO,695.27,1,,
8963,1,2025-02-22T15:00:00+00,PIX,COBRANCA,APROVADO,1046.80,1,,
8964,1,2025-03-11T15:00:00+00,PIX,COBRANCA,APROVADO,676.09,1,,
8965,1,2025-04-28T15:00:00+00,PIX,COBRANCA,APROVADO,458.82,1,,
8966,1,2025-05-17T15:00:00+00,PIX,COBRANCA,APROVADO,843.23,1,,
8967,1,2025-06-06T15:00:00+00,PIX,COBRANCA,APROVADO,1260.52,1,,
8968,1,2025-07-23T15:00:00+00,PIX,COBRANCA,APROVADO,824.05,1,,
8969,1,2025-08-12T15:00:00+00,PIX,COBRANCA,APROVADO,541.02,1,,
8970,1,2025-09-29T15:00:00+00,PIX,COBRANCA,APROVADO,991.19,1,,
8971,1,2025-10-18T15:00:00+00,PIX,COBRANCA,APROVADO,1474.24,1,,
8972,1,2025-11-07T15:00:00+00,PIX,COBRANCA,APROVADO,972.01,1,,
8973,1,2025-11-24T15:00:00+00,PIX,COBRANCA,APROVADO,623.22,1,,
8974,1,2025-12-13T15:00:00+00,PIX,COBRANCA,APROVADO,1139.15,1,,
8975,1,2025-01-02T15:00:00+00,PIX,COBRANCA,APROVADO,1687.96,1,,
8976,1,2025-02-19T15:00:00+00,PIX,COBRANCA,APROVADO,1119.97,1,,
8977,1,2025-03-08T15:00:00+00,PIX,COBRANCA,APROVADO,705.42,1,,
8978,1,2025-04-25T15:00:00+00,PIX,COBRANCA,APROVADO,1287.11,1,,
8979,1,2025-05-14T15:00:00+00,PIX,COBRANCA,APROVADO,1901.68,1,,
8980,1,2025-06-03T15:00:00+00,PIX,COBRANCA,APROVADO,1267.93,1,,
8981,1,2025-07-20T15:00:00+00,PIX,COBRANCA,APROVADO,713.73,1,,
8982,1,2025-08-09T15:00:00+00,PIX,COBRANCA,APROVADO,1108.58,1,,
8983,1,2025-09-26T15:00:00+00,PIX,COBRANCA,APROVADO,1950.02,1,,
8984,1,2025-10-15T15:00:00+00,PIX,COBRANCA,APROVADO,1196.66,1,,
8985,1,2025-11-04T15:00:00+00,PIX,COBRANCA,APROVADO,764.03,1,,
8986,1,2025-11-21T15:00:00+00,PIX,COBRANCA,APROVADO,727.73,1,,
8987,1,2025-12-10T15:00:00+00,PIX,COBRANCA,APROVADO,994.23,1,,
8988,1,2025-01-27T15:00:00+00,PIX,COBRANCA,APROVADO,1338.62,1,,
8989,1,2025-02-16T15:00:00+00,PIX,COBRANCA,APROVADO,413.34,1,,
8990,1,2025-03-05T15:00:00+00,PIX,COBRANCA,APROVADO,773.88,1,,
8991,1,2025-04-22T15:00:00+00,PIX,COBRANCA,APROVADO,1305.10,1,,
8992,1,2025-05-11T15:00:00+00,PIX,COBRANCA,APROVADO,264.53,1,,
8993,1,2025-06-28T15:00:00+00,PIX,COBRANCA,APROVADO,245.31,1,,
8994,1,2025-07-17T15:00:00+00,PIX,COBRANCA,APROVADO,409.18,1,,
8995,1,2025-08-06T15:00:00+00,PIX,COBRANCA,APROVADO,670.41,1,,
8996,1,2025-09-23T15:00:00+00,PIX,COBRANCA,APROVADO,428.66,1,,
8997,1,2025-10-12T15:00:00+00,PIX,COBRANCA,APROVADO,270.50,1,,
8998,1,2025-11-29T15:00:00+00,PIX,COBRANCA,APROVADO,594.17,1,,
8999,1,2025-11-18T15:00:00+00,PIX,COBRANCA,APROVADO,801.52,1,,
9000,1,2025-12-07T15:00:00+00,PIX,COBRANCA,APROVADO,495.57,1,,
9001,1,2025-01-24T15:00:00+00,PIX,COBRANCA,APROVADO,431.42,1,,
9002,1,2025-02-13T15:00:00+00,PIX,COBRANCA,APROVADO,793.91,1,,
9003,1,2025-03-02T15:00:00+00,PIX,COBRANCA,APROVADO,1189.28,1,,
9004,1,2025-04-19T15:00:00+00,PIX,COBRANCA,APROVADO,774.73,1,,
9005,1,2025-05-08T15:00:00+00,PIX,COBRANCA,APROVADO,513.62,1,,
9006,1,2025-06-25T15:00:00+00,PIX,COBRANCA,APROVADO,941.87,1,,
9007,1,2025-07-14T15:00:00+00,PIX,COBRANCA,APROVADO,1403.00,1,,
9008,1,2025-08-03T15:00:00+00,PIX,COBRANCA,APROVADO,922.69,1,,
9009,1,2025-09-20T15:00:00+00,PIX,COBRANCA,APROVADO,595.82,1,,
9010,1,2025-10-09T15:00:00+00,PIX,COBRANCA,APROVADO,1089.83,1,,
9011,1,2025-11-26T15:00:00+00,PIX,COBRANCA,APROVADO,1616.72,1,,
9012,1,2025-11-15T15:00:00+00,PIX,COBRANCA,APROVADO,1070.65,1,,
9013,1,2025-12-04T15:00:00+00,PIX,COBRANCA,APROVADO,678.02,1,,
9014,1,2025-01-21T15:00:00+00,PIX,COBRANCA,APROVADO,1237.79,1,,
9015,1,2025-02-10T15:00:00+00,PIX,COBRANCA,APROVADO,1830.44,1,,
9016,1,2025-03-27T15:00:00+00,PIX,COBRANCA,APROVADO,1218.61,1,,
9017,1,2025-04-16T15:00:00+00,PIX,COBRANCA,APROVADO,760.22,1,,
9018,1,2025-05-05T15:00:00+00,PIX,COBRANCA,APROVADO,1385.75,1,,
9019,1,2025-06-22T15:00:00+00,PIX,COBRANCA,APROVADO,2044.16,1,,
9020,1,2025-07-11T15:00:00+00,PIX,COBRANCA,APROVADO,1366.57,1,,
9021,1,2025-08-28T15:00:00+00,PIX,COBRANCA,APROVADO,842.42,1,,
9022,1,2025-09-17T15:00:00+00,PIX,COBRANCA,APROVADO,1533.71,1,,
9023,1,2025-10-06T15:00:00+00,PIX,COBRANCA,APROVADO,2257.88,1,,
9024,1,2025-11-23T15:00:00+00,PIX,COBRANCA,APROVADO,1361.09,1,,
9025,1,2025-11-12T15:00:00+00,PIX,COBRANCA,APROVADO,464.30,1,,
9026,1,2025-12-29T15:00:00+00,PIX,COBRANCA,APROVADO,914.47,1,,
9027,1,2025-01-18T15:00:00+00,PIX,COBRANCA,APROVADO,1397.52,1,,
9028,1,2025-02-07T15:00:00+00,PIX,COBRANCA,APROVADO,1509.05,1,,
9029,1,2025-03-24T15:00:00+00,PIX,COBRANCA,APROVADO,239.62,1,,
9030,1,2025-04-13T15:00:00+00,PIX,COBRANCA,APROVADO,448.67,1,,
9031,1,2025-05-02T15:00:00+00,PIX,COBRANCA,APROVADO,624.59,1,,
9032,1,2025-06-19T15:00:00+00,PIX,COBRANCA,APROVADO,342.83,1,,
9033,1,2025-07-08T15:00:00+00,PIX,COBRANCA,APROVADO,295.71,1,,
9034,1,2025-08-25T15:00:00+00,PIX,COBRANCA,APROVADO,490.31,1,,
9035,1,2025-09-14T15:00:00+00,PIX,COBRANCA,APROVADO,792.60,1,,
9036,1,2025-10-03T15:00:00+00,PIX,COBRANCA,APROVADO,516.86,1,,
9037,1,2025-11-20T15:00:00+00,PIX,COBRANCA,APROVADO,312.68,1,,
9038,1,2025-11-09T15:00:00+00,PIX,COBRANCA,APROVADO,685.15,1,,
9039,1,2025-12-26T15:00:00+00,PIX,COBRANCA,APROVADO,918.77,1,,
9040,1,2025-01-15T15:00:00+00,PIX,COBRANCA,APROVADO,567.30,1,,
9041,1,2025-02-04T15:00:00+00,PIX,COBRANCA,APROVADO,423.33,1,,
9042,1,2025-03-21T15:00:00+00,PIX,COBRANCA,APROVADO,689.61,1,,
9043,1,2025-04-10T15:00:00+00,PIX,COBRANCA,APROVADO,1226.58,1,,
9044,1,2025-05-27T15:00:00+00,PIX,COBRANCA,APROVADO,738.51,1,,
9045,1,2025-06-16T15:00:00+00,PIX,COBRANCA,APROVADO,501.80,1,,
9046,1,2025-07-05T15:00:00+00,PIX,COBRANCA,APROVADO,906.68,1,,
9047,1,2025-08-22T15:00:00+00,PIX,COBRANCA,APROVADO,1193.94,1,,
9048,1,2025-09-11T15:00:00+00,PIX,COBRANCA,APROVADO,964.30,1,,
9049,1,2025-10-28T15:00:00+00,PIX,COBRANCA,APROVADO,534.45,1,,
9050,1,2025-11-17T15:00:00+00,PIX,COBRANCA,APROVADO,1070.79,1,,
9051,1,2025-11-06T15:00:00+00,PIX,COBRANCA,APROVADO,1759.20,1,,
9052,1,2025-12-23T15:00:00+00,PIX,COBRANCA,APROVADO,1169.29,1,,
9053,1,2025-01-12T15:00:00+00,PIX,COBRANCA,APROVADO,732.82,1,,
9054,1,2025-03-01T15:00:00+00,PIX,COBRANCA,APROVADO,1336.43,1,,
9055,1,2025-03-18T15:00:00+00,PIX,COBRANCA,APROVADO,1972.92,1,,
9056,1,2025-04-07T15:00:00+00,PIX,COBRANCA,APROVADO,1317.25,1,,
9057,1,2025-05-24T15:00:00+00,PIX,COBRANCA,APROVADO,815.02,1,,
9058,1,2025-06-13T15:00:00+00,PIX,COBRANCA,APROVADO,1484.39,1,,
9059,1,2025-07-02T15:00:00+00,PIX,COBRANCA,APROVADO,2186.64,1,,
9060,1,2025-08-19T15:00:00+00,PIX,COBRANCA,APROVADO,1465.21,1,,
9061,1,2025-09-08T15:00:00+00,PIX,COBRANCA,APROVADO,436.90,1,,
9062,1,2025-10-25T15:00:00+00,PIX,COBRANCA,APROVADO,865.15,1,,
9063,1,2025-11-14T15:00:00+00,PIX,COBRANCA,APROVADO,1326.28,1,,
9064,1,2025-11-03T15:00:00+00,PIX,COBRANCA,APROVADO,1459.73,1,,
9065,1,2025-12-20T15:00:00+00,PIX,COBRANCA,APROVADO,519.10,1,,
9066,1,2025-01-09T15:00:00+00,PIX,COBRANCA,APROVADO,1013.11,1,,
9067,1,2025-02-26T15:00:00+00,PIX,COBRANCA,APROVADO,619.36,1,,
9068,1,2025-03-15T15:00:00+00,PIX,COBRANCA,APROVADO,380.17,1,,
9069,1,2025-04-04T15:00:00+00,PIX,COBRANCA,APROVADO,294.42,1,,
9070,1,2025-05-21T15:00:00+00,PIX,COBRANCA,APROVADO,547.31,1,,
9071,1,2025-06-10T15:00:00+00,PIX,COBRANCA,APROVADO,833.08,1,,
9072,1,2025-07-27T15:00:00+00,PIX,COBRANCA,APROVADO,528.13,1,,
9073,1,2025-08-16T15:00:00+00,PIX,COBRANCA,APROVADO,376.62,1,,
9074,1,2025-09-05T15:00:00+00,PIX,COBRANCA,APROVADO,695.27,1,,
9075,1,2025-10-22T15:00:00+00,PIX,COBRANCA,APROVADO,1046.80,1,,
9076,1,2025-11-11T15:00:00+00,PIX,COBRANCA,APROVADO,676.09,1,,
9077,1,2025-11-28T15:00:00+00,PIX,COBRANCA,APROVADO,458.82,1,,
9078,1,2025-12-17T15:00:00+00,PIX,COBRANCA,APROVADO,843.23,1,,
9079,1,2025-01-06T15:00:00+00,PIX,COBRANCA,APROVADO,1260.52,1,,
9080,1,2025-02-23T15:00:00+00,PIX,COBRANCA,APROVADO,824.05,1,,
9081,1,2025-03-12T15:00:00+00,PIX,COBRANCA,APROVADO,489.30,1,,
9082,1,2025-04-29T15:00:00+00,PIX,COBRANCA,APROVADO,765.79,1,,
9083,1,2025-05-18T15:00:00+00,PIX,COBRANCA,APROVADO,1358.13,1,,
9084,1,2025-06-07T15:00:00+00,PIX,COBRANCA,APROVADO,821.84,1,,
9085,1,2025-07-24T15:00:00+00,PIX,COBRANCA,APROVADO,549.50,1,,
9086,1,2025-08-13T15:00:00+00,PIX,COBRANCA,APROVADO,992.67,1,,
9087,1,2025-09-02T15:00:00+00,PIX,COBRANCA,APROVADO,1304.10,1,,
9088,1,2025-10-19T15:00:00+00,PIX,COBRANCA,APROVADO,1057.44,1,,
9089,1,2025-11-08T15:00:00+00,PIX,COBRANCA,APROVADO,579.40,1,,
9090,1,2025-11-25T15:00:00+00,PIX,COBRANCA,APROVADO,1120.52,1,,
9091,1,2025-12-14T15:00:00+00,PIX,COBRANCA,APROVADO,1658.26,1,,
9092,1,2025-01-03T15:00:00+00,PIX,COBRANCA,APROVADO,1008.94,1,,
9093,1,2025-02-20T15:00:00+00,PIX,COBRANCA,APROVADO,724.28,1,,
9094,1,2025-03-09T15:00:00+00,PIX,COBRANCA,APROVADO,1179.68,1,,
9095,1,2025-04-26T15:00:00+00,PIX,COBRANCA,APROVADO,1831.32,1,,
9096,1,2025-05-15T15:00:00+00,PIX,COBRANCA,APROVADO,1266.77,1,,
9097,1,2025-06-04T15:00:00+00,PIX,COBRANCA,APROVADO,671.35,1,,
9098,1,2025-07-21T15:00:00+00,PIX,COBRANCA,APROVADO,767.90,1,,
9099,1,2025-08-10T15:00:00+00,PIX,COBRANCA,APROVADO,1056.37,1,,
9100,1,2025-09-27T15:00:00+00,PIX,COBRANCA,APROVADO,1070.97,1,,
9101,1,2025-10-16T15:00:00+00,PIX,COBRANCA,APROVADO,491.70,1,,
9102,1,2025-11-05T15:00:00+00,PIX,COBRANCA,APROVADO,963.79,1,,
9103,1,2025-11-22T15:00:00+00,PIX,COBRANCA,APROVADO,1468.76,1,,
9104,1,2025-12-11T15:00:00+00,PIX,COBRANCA,APROVADO,330.85,1,,
9105,1,2025-01-28T15:00:00+00,PIX,COBRANCA,APROVADO,267.02,1,,
9106,1,2025-02-17T15:00:00+00,PIX,COBRANCA,APROVADO,497.99,1,,
9107,1,2025-03-06T15:00:00+00,PIX,COBRANCA,APROVADO,761.84,1,,
9108,1,2025-04-23T15:00:00+00,PIX,COBRANCA,APROVADO,478.81,1,,
9109,1,2025-05-12T15:00:00+00,PIX,COBRANCA,APROVADO,349.22,1,,
9110,1,2025-06-29T15:00:00+00,PIX,COBRANCA,APROVADO,645.95,1,,
9111,1,2025-07-18T15:00:00+00,PIX,COBRANCA,APROVADO,975.56,1,,
9112,1,2025-08-07T15:00:00+00,PIX,COBRANCA,APROVADO,626.77,1,,
9113,1,2025-09-24T15:00:00+00,PIX,COBRANCA,APROVADO,431.42,1,,
9114,1,2025-10-13T15:00:00+00,PIX,COBRANCA,APROVADO,793.91,1,,
9115,1,2025-11-02T15:00:00+00,PIX,COBRANCA,APROVADO,1189.28,1,,
9116,1,2025-11-19T15:00:00+00,PIX,COBRANCA,APROVADO,774.73,1,,
9117,1,2025-12-08T15:00:00+00,PIX,COBRANCA,APROVADO,513.62,1,,
9118,1,2025-01-25T15:00:00+00,PIX,COBRANCA,APROVADO,941.87,1,,
9119,1,2025-02-14T15:00:00+00,PIX,COBRANCA,APROVADO,1403.00,1,,
9120,1,2025-03-03T15:00:00+00,PIX,COBRANCA,APROVADO,922.69,1,,
9121,1,2025-04-20T15:00:00+00,PIX,COBRANCA,APROVADO,595.82,1,,
9122,1,2025-05-09T15:00:00+00,PIX,COBRANCA,APROVADO,1089.83,1,,
9123,1,2025-06-26T15:00:00+00,PIX,COBRANCA,APROVADO,1616.72,1,,
9124,1,2025-07-15T15:00:00+00,PIX,COBRANCA,APROVADO,1070.65,1,,
9125,1,2025-08-04T15:00:00+00,PIX,COBRANCA,APROVADO,678.02,1,,
9126,1,2025-09-21T15:00:00+00,PIX,COBRANCA,APROVADO,1237.79,1,,
9127,1,2025-10-10T15:00:00+00,PIX,COBRANCA,APROVADO,1830.44,1,,
9128,1,2025-11-27T15:00:00+00,PIX,COBRANCA,APROVADO,1218.61,1,,
9129,1,2025-11-16T15:00:00+00,PIX,COBRANCA,APROVADO,760.22,1,,
9130,1,2025-12-05T15:00:00+00,PIX,COBRANCA,APROVADO,1385.75,1,,
9131,1,2025-01-22T15:00:00+00,PIX,COBRANCA,APROVADO,1868.81,1,,
9132,1,2025-02-11T15:00:00+00,PIX,COBRANCA,APROVADO,1087.32,1,,
9133,1,2025-03-28T15:00:00+00,PIX,COBRANCA,APROVADO,774.68,1,,
9134,1,2025-04-17T15:00:00+00,PIX,COBRANCA,APROVADO,1260.81,1,,
9135,1,2025-05-06T15:00:00+00,PIX,COBRANCA,APROVADO,1953.51,1,,
9136,1,2025-06-23T15:00:00+00,PIX,COBRANCA,APROVADO,1224.62,1,,
9137,1,2025-07-12T15:00:00+00,PIX,COBRANCA,APROVADO,368.31,1,,
9138,1,2025-08-29T15:00:00+00,PIX,COBRANCA,APROVADO,858.84,1,,
9139,1,2025-09-18T15:00:00+00,PIX,COBRANCA,APROVADO,1173.68,1,,
9140,1,2025-10-07T15:00:00+00,PIX,COBRANCA,APROVADO,1145.17,1,,
9141,1,2025-11-24T15:00:00+00,PIX,COBRANCA,APROVADO,208.79,1,,
9142,1,2025-11-13T15:00:00+00,PIX,COBRANCA,APROVADO,346.86,1,,
9143,1,2025-12-02T15:00:00+00,PIX,COBRANCA,APROVADO,634.82,1,,
9144,1,2025-01-19T15:00:00+00,PIX,COBRANCA,APROVADO,363.70,1,,
9145,1,2025-02-08T15:00:00+00,PIX,COBRANCA,APROVADO,287.27,1,,
9146,1,2025-03-25T15:00:00+00,PIX,COBRANCA,APROVADO,519.47,1,,
9147,1,2025-04-14T15:00:00+00,PIX,COBRANCA,APROVADO,698.31,1,,
9148,1,2025-05-03T15:00:00+00,PIX,COBRANCA,APROVADO,545.11,1,,
9149,1,2025-06-20T15:00:00+00,PIX,COBRANCA,APROVADO,332.26,1,,
9150,1,2025-07-09T15:00:00+00,PIX,COBRANCA,APROVADO,676.23,1,,
9151,1,2025-08-26T15:00:00+00,PIX,COBRANCA,APROVADO,1118.04,1,,
9152,1,2025-09-15T15:00:00+00,PIX,COBRANCA,APROVADO,725.41,1,,
9153,1,2025-10-04T15:00:00+00,PIX,COBRANCA,APROVADO,486.22,1,,
9154,1,2025-11-21T15:00:00+00,PIX,COBRANCA,APROVADO,892.55,1,,
9155,1,2025-11-10T15:00:00+00,PIX,COBRANCA,APROVADO,1331.76,1,,
9156,1,2025-12-27T15:00:00+00,PIX,COBRANCA,APROVADO,873.37,1,,
9157,1,2025-01-16T15:00:00+00,PIX,COBRANCA,APROVADO,568.42,1,,
9158,1,2025-02-05T15:00:00+00,PIX,COBRANCA,APROVADO,1040.51,1,,
9159,1,2025-03-22T15:00:00+00,PIX,COBRANCA,APROVADO,1545.48,1,,
9160,1,2025-04-11T15:00:00+00,PIX,COBRANCA,APROVADO,1021.33,1,,
9161,1,2025-05-28T15:00:00+00,PIX,COBRANCA,APROVADO,650.62,1,,
9162,1,2025-06-17T15:00:00+00,PIX,COBRANCA,APROVADO,1188.47,1,,
9163,1,2025-07-06T15:00:00+00,PIX,COBRANCA,APROVADO,1759.20,1,,
9164,1,2025-08-23T15:00:00+00,PIX,COBRANCA,APROVADO,1169.29,1,,
9165,1,2025-09-12T15:00:00+00,PIX,COBRANCA,APROVADO,732.82,1,,
9166,1,2025-10-29T15:00:00+00,PIX,COBRANCA,APROVADO,1336.43,1,,
9167,1,2025-11-18T15:00:00+00,PIX,COBRANCA,APROVADO,1972.92,1,,
9168,1,2025-11-07T15:00:00+00,PIX,COBRANCA,APROVADO,1317.25,1,,
9169,1,2025-12-24T15:00:00+00,PIX,COBRANCA,APROVADO,815.02,1,,
9170,1,2025-01-13T15:00:00+00,PIX,COBRANCA,APROVADO,1484.39,1,,
9171,1,2025-02-02T15:00:00+00,PIX,COBRANCA,APROVADO,2186.64,1,,
9172,1,2025-03-19T15:00:00+00,PIX,COBRANCA,APROVADO,1465.21,1,,
9173,1,2025-04-08T15:00:00+00,PIX,COBRANCA,APROVADO,436.90,1,,
9174,1,2025-05-25T15:00:00+00,PIX,COBRANCA,APROVADO,865.15,1,,
9175,1,2025-06-14T15:00:00+00,PIX,COBRANCA,APROVADO,1326.28,1,,
9176,1,2025-07-03T15:00:00+00,PIX,COBRANCA,APROVADO,1459.73,1,,
9177,1,2025-08-20T15:00:00+00,PIX,COBRANCA,APROVADO,519.10,1,,
9178,1,2025-09-09T15:00:00+00,PIX,COBRANCA,APROVADO,1013.11,1,,
9179,1,2025-10-26T15:00:00+00,PIX,COBRANCA,APROVADO,619.36,1,,
9180,1,2025-11-15T15:00:00+00,PIX,COBRANCA,APROVADO,380.17,1,,
9181,1,2025-11-04T15:00:00+00,PIX,COBRANCA,APROVADO,264.90,1,,
9182,1,2025-12-21T15:00:00+00,PIX,COBRANCA,APROVADO,423.04,1,,
9183,1,2025-01-10T15:00:00+00,PIX,COBRANCA,APROVADO,766.30,1,,
9184,1,2025-02-27T15:00:00+00,PIX,COBRANCA,APROVADO,447.02,1,,
9185,1,2025-03-16T15:00:00+00,PIX,COBRANCA,APROVADO,334.94,1,,
9186,1,2025-04-05T15:00:00+00,PIX,COBRANCA,APROVADO,605.55,1,,
9187,1,2025-05-22T15:00:00+00,PIX,COBRANCA,APROVADO,808.47,1,,
9188,1,2025-06-11T15:00:00+00,PIX,COBRANCA,APROVADO,638.26,1,,
9189,1,2025-07-28T15:00:00+00,PIX,COBRANCA,APROVADO,377.16,1,,
9190,1,2025-08-17T15:00:00+00,PIX,COBRANCA,APROVADO,738.26,1,,
9191,1,2025-09-06T15:00:00+00,PIX,COBRANCA,APROVADO,1098.48,1,,
9192,1,2025-10-23T15:00:00+00,PIX,COBRANCA,APROVADO,656.35,1,,
9193,1,2025-11-12T15:00:00+00,PIX,COBRANCA,APROVADO,497.39,1,,
9194,1,2025-11-29T15:00:00+00,PIX,COBRANCA,APROVADO,814.70,1,,
9195,1,2025-12-18T15:00:00+00,PIX,COBRANCA,APROVADO,1281.43,1,,
9196,1,2025-01-07T15:00:00+00,PIX,COBRANCA,APROVADO,869.80,1,,
9197,1,2025-02-24T15:00:00+00,PIX,COBRANCA,APROVADO,481.48,1,,
9198,1,2025-03-13T15:00:00+00,PIX,COBRANCA,APROVADO,1049.01,1,,
9199,1,2025-04-02T15:00:00+00,PIX,COBRANCA,APROVADO,1387.88,1,,
9200,1,2025-05-19T15:00:00+00,PIX,COBRANCA,APROVADO,879.17,1,,
9201,1,2025-06-08T15:00:00+00,PIX,COBRANCA,APROVADO,705.42,1,,
9202,1,2025-07-25T15:00:00+00,PIX,COBRANCA,APROVADO,1287.11,1,,
9203,1,2025-08-14T15:00:00+00,PIX,COBRANCA,APROVADO,1901.68,1,,
9204,1,2025-09-03T15:00:00+00,PIX,COBRANCA,APROVADO,1267.93,1,,
9205,1,2025-10-20T15:00:00+00,PIX,COBRANCA,APROVADO,787.62,1,,
9206,1,2025-11-09T15:00:00+00,PIX,COBRANCA,APROVADO,1435.07,1,,
9207,1,2025-11-26T15:00:00+00,PIX,COBRANCA,APROVADO,2115.40,1,,
9208,1,2025-12-15T15:00:00+00,PIX,COBRANCA,APROVADO,1415.89,1,,
9209,1,2025-01-04T15:00:00+00,PIX,COBRANCA,APROVADO,869.82,1,,
9210,1,2025-02-21T15:00:00+00,PIX,COBRANCA,APROVADO,815.83,1,,
9211,1,2025-03-10T15:00:00+00,PIX,COBRANCA,APROVADO,1255.04,1,,
9212,1,2025-04-27T15:00:00+00,PIX,COBRANCA,APROVADO,1410.41,1,,
9213,1,2025-05-16T15:00:00+00,PIX,COBRANCA,APROVADO,491.70,1,,
9214,1,2025-06-05T15:00:00+00,PIX,COBRANCA,APROVADO,963.79,1,,
9215,1,2025-07-22T15:00:00+00,PIX,COBRANCA,APROVADO,1468.76,1,,
9216,1,2025-08-11T15:00:00+00,PIX,COBRANCA,APROVADO,330.85,1,,
9217,1,2025-09-28T15:00:00+00,PIX,COBRANCA,APROVADO,267.02,1,,
9218,1,2025-10-17T15:00:00+00,PIX,COBRANCA,APROVADO,497.99,1,,
9219,1,2025-11-06T15:00:00+00,PIX,COBRANCA,APROVADO,761.84,1,,
9220,1,2025-11-23T15:00:00+00,PIX,COBRANCA,APROVADO,478.81,1,,
9221,1,2025-12-12T15:00:00+00,PIX,COBRANCA,APROVADO,349.22,1,,
9222,1,2025-01-29T15:00:00+00,PIX,COBRANCA,APROVADO,645.95,1,,
9223,1,2025-02-18T15:00:00+00,PIX,COBRANCA,APROVADO,975.56,1,,
9224,1,2025-03-07T15:00:00+00,PIX,COBRANCA,APROVADO,626.77,1,,
9225,1,2025-04-24T15:00:00+00,PIX,COBRANCA,APROVADO,431.42,1,,
9226,1,2025-05-13T15:00:00+00,PIX,COBRANCA,APROVADO,793.91,1,,
9227,1,2025-06-02T15:00:00+00,PIX,COBRANCA,APROVADO,1189.28,1,,
9228,1,2025-07-19T15:00:00+00,PIX,COBRANCA,APROVADO,774.73,1,,
9229,1,2025-08-08T15:00:00+00,PIX,COBRANCA,APROVADO,513.62,1,,
9230,1,2025-09-25T15:00:00+00,PIX,COBRANCA,APROVADO,941.87,1,,
9231,1,2025-10-14T15:00:00+00,PIX,COBRANCA,APROVADO,1279.45,1,,
9232,1,2025-11-03T15:00:00+00,PIX,COBRANCA,APROVADO,734.65,1,,
9233,1,2025-11-20T15:00:00+00,PIX,COBRANCA,APROVADO,547.79,1,,
9234,1,2025-12-09T15:00:00+00,PIX,COBRANCA,APROVADO,895.83,1,,
9235,1,2025-01-26T15:00:00+00,PIX,COBRANCA,APROVADO,1403.62,1,,
9236,1,2025-02-15T15:00:00+00,PIX,COBRANCA,APROVADO,958.00,1,,
9237,1,2025-03-04T15:00:00+00,PIX,COBRANCA,APROVADO,523.66,1,,
9238,1,2025-04-21T15:00:00+00,PIX,COBRANCA,APROVADO,1139.99,1,,
9239,1,2025-05-10T15:00:00+00,PIX,COBRANCA,APROVADO,1505.13,1,,
9240,1,2025-06-27T15:00:00+00,PIX,COBRANCA,APROVADO,948.16,1,,
9241,1,2025-07-16T15:00:00+00,PIX,COBRANCA,APROVADO,661.71,1,,
9242,1,2025-08-05T15:00:00+00,PIX,COBRANCA,APROVADO,1070.47,1,,
9243,1,2025-09-22T15:00:00+00,PIX,COBRANCA,APROVADO,1884.18,1,,
9244,1,2025-10-11T15:00:00+00,PIX,COBRANCA,APROVADO,1154.99,1,,
9245,1,2025-11-28T15:00:00+00,PIX,COBRANCA,APROVADO,740.18,1,,
9246,1,2025-11-17T15:00:00+00,PIX,COBRANCA,APROVADO,1336.86,1,,
9247,1,2025-12-06T15:00:00+00,PIX,COBRANCA,APROVADO,1744.68,1,,
9248,1,2025-01-23T15:00:00+00,PIX,COBRANCA,APROVADO,1292.00,1,,
9249,1,2025-02-12T15:00:00+00,PIX,COBRANCA,APROVADO,390.88,1,,
9250,1,2025-03-29T15:00:00+00,PIX,COBRANCA,APROVADO,741.99,1,,
9251,1,2025-04-18T15:00:00+00,PIX,COBRANCA,APROVADO,1397.52,1,,
9252,1,2025-05-07T15:00:00+00,PIX,COBRANCA,APROVADO,1509.05,1,,
9253,1,2025-06-24T15:00:00+00,PIX,COBRANCA,APROVADO,239.62,1,,
9254,1,2025-07-13T15:00:00+00,PIX,COBRANCA,APROVADO,448.67,1,,
9255,1,2025-08-02T15:00:00+00,PIX,COBRANCA,APROVADO,690.60,1,,
9256,1,2025-09-19T15:00:00+00,PIX,COBRANCA,APROVADO,429.49,1,,
9257,1,2025-10-08T15:00:00+00,PIX,COBRANCA,APROVADO,321.82,1,,
9258,1,2025-11-25T15:00:00+00,PIX,COBRANCA,APROVADO,596.63,1,,
9259,1,2025-11-14T15:00:00+00,PIX,COBRANCA,APROVADO,904.32,1,,
9260,1,2025-12-03T15:00:00+00,PIX,COBRANCA,APROVADO,577.45,1,,
9261,1,2025-01-20T15:00:00+00,PIX,COBRANCA,APROVADO,404.02,1,,
9262,1,2025-02-09T15:00:00+00,PIX,COBRANCA,APROVADO,744.59,1,,
9263,1,2025-03-26T15:00:00+00,PIX,COBRANCA,APROVADO,1118.04,1,,
9264,1,2025-04-15T15:00:00+00,PIX,COBRANCA,APROVADO,725.41,1,,
9265,1,2025-05-04T15:00:00+00,PIX,COBRANCA,APROVADO,486.22,1,,
9266,1,2025-06-21T15:00:00+00,PIX,COBRANCA,APROVADO,892.55,1,,
9267,1,2025-07-10T15:00:00+00,PIX,COBRANCA,APROVADO,1331.76,1,,
9268,1,2025-08-27T15:00:00+00,PIX,COBRANCA,APROVADO,873.37,1,,
9269,1,2025-09-16T15:00:00+00,PIX,COBRANCA,APROVADO,568.42,1,,
9270,1,2025-10-05T15:00:00+00,PIX,COBRANCA,APROVADO,1040.51,1,,
9271,1,2025-11-22T15:00:00+00,PIX,COBRANCA,APROVADO,1545.48,1,,
9272,1,2025-11-11T15:00:00+00,PIX,COBRANCA,APROVADO,1021.33,1,,
9273,1,2025-12-28T15:00:00+00,PIX,COBRANCA,APROVADO,650.62,1,,
9274,1,2025-01-17T15:00:00+00,PIX,COBRANCA,APROVADO,1188.47,1,,
9275,1,2025-02-06T15:00:00+00,PIX,COBRANCA,APROVADO,1759.20,1,,
9276,1,2025-03-23T15:00:00+00,PIX,COBRANCA,APROVADO,1169.29,1,,
9277,1,2025-04-12T15:00:00+00,PIX,COBRANCA,APROVADO,732.82,1,,
9278,1,2025-05-29T15:00:00+00,PIX,COBRANCA,APROVADO,1336.43,1,,
9279,1,2025-06-18T15:00:00+00,PIX,COBRANCA,APROVADO,1972.92,1,,
9280,1,2025-07-07T15:00:00+00,PIX,COBRANCA,APROVADO,1317.25,1,,
9281,1,2025-08-24T15:00:00+00,PIX,COBRANCA,APROVADO,738.64,1,,
9282,1,2025-09-13T15:00:00+00,PIX,COBRANCA,APROVADO,1146.65,1,,
9283,1,2025-10-02T15:00:00+00,PIX,COBRANCA,APROVADO,2015.73,1,,
9284,1,2025-11-19T15:00:00+00,PIX,COBRANCA,APROVADO,1238.32,1,,
9285,1,2025-11-08T15:00:00+00,PIX,COBRANCA,APROVADO,350.57,1,,
9286,1,2025-12-25T15:00:00+00,PIX,COBRANCA,APROVADO,770.75,1,,
9287,1,2025-01-14T15:00:00+00,PIX,COBRANCA,APROVADO,1049.28,1,,
9288,1,2025-02-03T15:00:00+00,PIX,COBRANCA,APROVADO,1385.15,1,,
9289,1,2025-03-20T15:00:00+00,PIX,COBRANCA,APROVADO,435.83,1,,
9290,1,2025-04-09T15:00:00+00,PIX,COBRANCA,APROVADO,816.37,1,,
9291,1,2025-05-26T15:00:00+00,PIX,COBRANCA,APROVADO,538.63,1,,
9292,1,2025-06-15T15:00:00+00,PIX,COBRANCA,APROVADO,303.68,1,,
9293,1,2025-07-04T15:00:00+00,PIX,COBRANCA,APROVADO,270.52,1,,
9294,1,2025-08-21T15:00:00+00,PIX,COBRANCA,APROVADO,449.77,1,,
9295,1,2025-09-10T15:00:00+00,PIX,COBRANCA,APROVADO,731.47,1,,
9296,1,2025-10-27T15:00:00+00,PIX,COBRANCA,APROVADO,472.76,1,,
9297,1,2025-11-16T15:00:00+00,PIX,COBRANCA,APROVADO,291.59,1,,
9298,1,2025-11-05T15:00:00+00,PIX,COBRANCA,APROVADO,639.66,1,,
9299,1,2025-12-22T15:00:00+00,PIX,COBRANCA,APROVADO,860.21,1,,
9300,1,2025-01-11T15:00:00+00,PIX,COBRANCA,APROVADO,533.93,1,,
9301,1,2025-02-28T15:00:00+00,PIX,COBRANCA,APROVADO,458.82,1,,
9302,1,2025-03-17T15:00:00+00,PIX,COBRANCA,APROVADO,843.23,1,,
9303,1,2025-04-06T15:00:00+00,PIX,COBRANCA,APROVADO,1260.52,1,,
9304,1,2025-05-23T15:00:00+00,PIX,COBRANCA,APROVADO,824.05,1,,
9305,1,2025-06-12T15:00:00+00,PIX,COBRANCA,APROVADO,541.02,1,,
9306,1,2025-07-29T15:00:00+00,PIX,COBRANCA,APROVADO,991.19,1,,
9307,1,2025-08-18T15:00:00+00,PIX,COBRANCA,APROVADO,1474.24,1,,
9308,1,2025-09-07T15:00:00+00,PIX,COBRANCA,APROVADO,972.01,1,,
9309,1,2025-10-24T15:00:00+00,PIX,COBRANCA,APROVADO,623.22,1,,
9310,1,2025-11-13T15:00:00+00,PIX,COBRANCA,APROVADO,1139.15,1,,
9311,1,2025-11-02T15:00:00+00,PIX,COBRANCA,APROVADO,1687.96,1,,
9312,1,2025-12-19T15:00:00+00,PIX,COBRANCA,APROVADO,1119.97,1,,
9313,1,2025-01-08T15:00:00+00,PIX,COBRANCA,APROVADO,705.42,1,,
9314,1,2025-02-25T15:00:00+00,PIX,COBRANCA,APROVADO,1287.11,1,,
9315,1,2025-03-14T15:00:00+00,PIX,COBRANCA,APROVADO,1901.68,1,,
9316,1,2025-04-03T15:00:00+00,PIX,COBRANCA,APROVADO,1267.93,1,,
9317,1,2025-05-20T15:00:00+00,PIX,COBRANCA,APROVADO,787.62,1,,
9318,1,2025-06-09T15:00:00+00,PIX,COBRANCA,APROVADO,1435.07,1,,
9319,1,2025-07-26T15:00:00+00,PIX,COBRANCA,APROVADO,2115.40,1,,
9320,1,2025-08-15T15:00:00+00,PIX,COBRANCA,APROVADO,1415.89,1,,
9321,1,2025-09-04T15:00:00+00,PIX,COBRANCA,APROVADO,869.82,1,,
9322,1,2025-10-21T15:00:00+00,PIX,COBRANCA,APROVADO,815.83,1,,
9323,1,2025-11-10T15:00:00+00,PIX,COBRANCA,APROVADO,1255.04,1,,
9324,1,2025-11-27T15:00:00+00,PIX,COBRANCA,APROVADO,1410.41,1,,
9325,1,2025-12-16T15:00:00+00,PIX,COBRANCA,APROVADO,491.70,1,,
9326,1,2025-01-05T15:00:00+00,PIX,COBRANCA,APROVADO,963.79,1,,
9327,1,2025-02-22T15:00:00+00,PIX,COBRANCA,APROVADO,1468.76,1,,
9328,1,2025-03-11T15:00:00+00,PIX,COBRANCA,APROVADO,330.85,1,,
9329,1,2025-04-28T15:00:00+00,PIX,COBRANCA,APROVADO,267.02,1,,
9330,1,2025-05-17T15:00:00+00,PIX,COBRANCA,APROVADO,497.99,1,,
9331,1,2025-06-06T15:00:00+00,PIX,COBRANCA,APROVADO,690.09,1,,
9332,1,2025-07-23T15:00:00+00,PIX,COBRANCA,APROVADO,382.06,1,,
9333,1,2025-08-12T15:00:00+00,PIX,COBRANCA,APROVADO,320.95,1,,
9334,1,2025-09-29T15:00:00+00,PIX,COBRANCA,APROVADO,530.86,1,,
9335,1,2025-10-18T15:00:00+00,PIX,COBRANCA,APROVADO,853.66,1,,
9336,1,2025-11-07T15:00:00+00,PIX,COBRANCA,APROVADO,560.96,1,,
9337,1,2025-11-24T15:00:00+00,PIX,COBRANCA,APROVADO,333.79,1,,
9338,1,2025-12-13T15:00:00+00,PIX,COBRANCA,APROVADO,730.60,1,,
9339,1,2025-01-02T15:00:00+00,PIX,COBRANCA,APROVADO,977.46,1,,
9340,1,2025-02-19T15:00:00+00,PIX,COBRANCA,APROVADO,605.39,1,,
9341,1,2025-03-08T15:00:00+00,PIX,COBRANCA,APROVADO,447.17,1,,
9342,1,2025-04-25T15:00:00+00,PIX,COBRANCA,APROVADO,727.72,1,,
9343,1,2025-05-14T15:00:00+00,PIX,COBRANCA,APROVADO,1292.42,1,,
9344,1,2025-06-03T15:00:00+00,PIX,COBRANCA,APROVADO,780.18,1,,
9345,1,2025-07-20T15:00:00+00,PIX,COBRANCA,APROVADO,525.65,1,,
9346,1,2025-08-09T15:00:00+00,PIX,COBRANCA,APROVADO,949.65,1,,
9347,1,2025-09-26T15:00:00+00,PIX,COBRANCA,APROVADO,1249.05,1,,
9348,1,2025-10-15T15:00:00+00,PIX,COBRANCA,APROVADO,1010.91,1,,
9349,1,2025-11-04T15:00:00+00,PIX,COBRANCA,APROVADO,556.94,1,,
9350,1,2025-11-21T15:00:00+00,PIX,COBRANCA,APROVADO,1114.63,1,,
9351,1,2025-08-29T15:00:00+00,PIX,COBRANCA,APROVADO,1830.44,1,,
9352,1,2025-09-18T15:00:00+00,PIX,COBRANCA,APROVADO,1218.61,1,,
9353,1,2025-10-07T15:00:00+00,PIX,COBRANCA,APROVADO,760.22,1,,
9354,1,2025-11-24T15:00:00+00,PIX,COBRANCA,APROVADO,1385.75,1,,
9355,1,2025-11-13T15:00:00+00,PIX,COBRANCA,APROVADO,2044.16,1,,
9356,1,2025-12-02T15:00:00+00,PIX,COBRANCA,APROVADO,1366.57,1,,
9357,1,2025-01-19T15:00:00+00,PIX,COBRANCA,APROVADO,842.42,1,,
9358,1,2025-02-08T15:00:00+00,PIX,COBRANCA,APROVADO,1533.71,1,,
9359,1,2025-03-25T15:00:00+00,PIX,COBRANCA,APROVADO,2257.88,1,,
9360,1,2025-04-14T15:00:00+00,PIX,COBRANCA,APROVADO,1361.09,1,,
9361,1,2025-05-03T15:00:00+00,PIX,COBRANCA,APROVADO,464.30,1,,
9362,1,2025-06-20T15:00:00+00,PIX,COBRANCA,APROVADO,914.47,1,,
9363,1,2025-07-09T15:00:00+00,PIX,COBRANCA,APROVADO,1397.52,1,,
9364,1,2025-08-26T15:00:00+00,PIX,COBRANCA,APROVADO,1509.05,1,,
9365,1,2025-09-15T15:00:00+00,PIX,COBRANCA,APROVADO,239.62,1,,
9366,1,2025-10-04T15:00:00+00,PIX,COBRANCA,APROVADO,448.67,1,,
9367,1,2025-11-21T15:00:00+00,PIX,COBRANCA,APROVADO,690.60,1,,
9368,1,2025-11-10T15:00:00+00,PIX,COBRANCA,APROVADO,429.49,1,,
9369,1,2025-12-27T15:00:00+00,PIX,COBRANCA,APROVADO,321.82,1,,
9370,1,2025-01-16T15:00:00+00,PIX,COBRANCA,APROVADO,596.63,1,,
9371,1,2025-02-05T15:00:00+00,PIX,COBRANCA,APROVADO,904.32,1,,
9372,1,2025-03-22T15:00:00+00,PIX,COBRANCA,APROVADO,577.45,1,,
9373,1,2025-04-11T15:00:00+00,PIX,COBRANCA,APROVADO,404.02,1,,
9374,1,2025-05-28T15:00:00+00,PIX,COBRANCA,APROVADO,744.59,1,,
9375,1,2025-06-17T15:00:00+00,PIX,COBRANCA,APROVADO,1118.04,1,,
9376,1,2025-07-06T15:00:00+00,PIX,COBRANCA,APROVADO,725.41,1,,
9377,1,2025-08-23T15:00:00+00,PIX,COBRANCA,APROVADO,486.22,1,,
9378,1,2025-09-12T15:00:00+00,PIX,COBRANCA,APROVADO,892.55,1,,
9379,1,2025-10-29T15:00:00+00,PIX,COBRANCA,APROVADO,1331.76,1,,
9380,1,2025-11-18T15:00:00+00,PIX,COBRANCA,APROVADO,873.37,1,,
9381,1,2025-11-07T15:00:00+00,PIX,COBRANCA,APROVADO,514.24,1,,
9382,1,2025-12-24T15:00:00+00,PIX,COBRANCA,APROVADO,803.90,1,,
9383,1,2025-01-13T15:00:00+00,PIX,COBRANCA,APROVADO,1423.90,1,,
9384,1,2025-02-02T15:00:00+00,PIX,COBRANCA,APROVADO,863.50,1,,
9385,1,2025-03-19T15:00:00+00,PIX,COBRANCA,APROVADO,573.32,1,,
9386,1,2025-04-08T15:00:00+00,PIX,COBRANCA,APROVADO,1035.73,1,,
9387,1,2025-05-25T15:00:00+00,PIX,COBRANCA,APROVADO,1359.21,1,,
9388,1,2025-06-14T15:00:00+00,PIX,COBRANCA,APROVADO,1104.06,1,,
9389,1,2025-07-03T15:00:00+00,PIX,COBRANCA,APROVADO,601.84,1,,
9390,1,2025-08-20T15:00:00+00,PIX,COBRANCA,APROVADO,1162.96,1,,
9391,1,2025-09-09T15:00:00+00,PIX,COBRANCA,APROVADO,1720.46,1,,
9392,1,2025-10-26T15:00:00+00,PIX,COBRANCA,APROVADO,1048.17,1,,
9393,1,2025-11-15T15:00:00+00,PIX,COBRANCA,APROVADO,749.47,1,,
9394,1,2025-11-04T15:00:00+00,PIX,COBRANCA,APROVADO,1220.22,1,,
9395,1,2025-12-21T15:00:00+00,PIX,COBRANCA,APROVADO,1892.45,1,,
9396,1,2025-01-10T15:00:00+00,PIX,COBRANCA,APROVADO,1310.94,1,,
9397,1,2025-02-27T15:00:00+00,PIX,COBRANCA,APROVADO,347.22,1,,
9398,1,2025-03-16T15:00:00+00,PIX,COBRANCA,APROVADO,813.35,1,,
9399,1,2025-04-05T15:00:00+00,PIX,COBRANCA,APROVADO,1114.99,1,,
9400,1,2025-05-22T15:00:00+00,PIX,COBRANCA,APROVADO,1109.33,1,,
9401,1,2025-06-11T15:00:00+00,PIX,COBRANCA,APROVADO,519.10,1,,
9402,1,2025-07-28T15:00:00+00,PIX,COBRANCA,APROVADO,1013.11,1,,
9403,1,2025-08-17T15:00:00+00,PIX,COBRANCA,APROVADO,619.36,1,,
9404,1,2025-09-06T15:00:00+00,PIX,COBRANCA,APROVADO,380.17,1,,
9405,1,2025-10-23T15:00:00+00,PIX,COBRANCA,APROVADO,294.42,1,,
9406,1,2025-11-12T15:00:00+00,PIX,COBRANCA,APROVADO,547.31,1,,
9407,1,2025-11-29T15:00:00+00,PIX,COBRANCA,APROVADO,833.08,1,,
9408,1,2025-12-18T15:00:00+00,PIX,COBRANCA,APROVADO,528.13,1,,
9409,1,2025-01-07T15:00:00+00,PIX,COBRANCA,APROVADO,376.62,1,,
9410,1,2025-02-24T15:00:00+00,PIX,COBRANCA,APROVADO,695.27,1,,
9411,1,2025-03-13T15:00:00+00,PIX,COBRANCA,APROVADO,1046.80,1,,
9412,1,2025-04-02T15:00:00+00,PIX,COBRANCA,APROVADO,676.09,1,,
9413,1,2025-05-19T15:00:00+00,PIX,COBRANCA,APROVADO,458.82,1,,
9414,1,2025-06-08T15:00:00+00,PIX,COBRANCA,APROVADO,843.23,1,,
9415,1,2025-07-25T15:00:00+00,PIX,COBRANCA,APROVADO,1260.52,1,,
9416,1,2025-08-14T15:00:00+00,PIX,COBRANCA,APROVADO,824.05,1,,
9417,1,2025-09-03T15:00:00+00,PIX,COBRANCA,APROVADO,541.02,1,,
9418,1,2025-10-20T15:00:00+00,PIX,COBRANCA,APROVADO,991.19,1,,
9419,1,2025-11-09T15:00:00+00,PIX,COBRANCA,APROVADO,1474.24,1,,
9420,1,2025-11-26T15:00:00+00,PIX,COBRANCA,APROVADO,972.01,1,,
9421,1,2025-12-15T15:00:00+00,PIX,COBRANCA,APROVADO,623.22,1,,
9422,1,2025-01-04T15:00:00+00,PIX,COBRANCA,APROVADO,1139.15,1,,
9423,1,2025-02-21T15:00:00+00,PIX,COBRANCA,APROVADO,1687.96,1,,
9424,1,2025-03-10T15:00:00+00,PIX,COBRANCA,APROVADO,1119.97,1,,
9425,1,2025-04-27T15:00:00+00,PIX,COBRANCA,APROVADO,705.42,1,,
9426,1,2025-05-16T15:00:00+00,PIX,COBRANCA,APROVADO,1287.11,1,,
9427,1,2025-06-05T15:00:00+00,PIX,COBRANCA,APROVADO,1901.68,1,,
9428,1,2025-07-22T15:00:00+00,PIX,COBRANCA,APROVADO,1267.93,1,,
9429,1,2025-08-11T15:00:00+00,PIX,COBRANCA,APROVADO,787.62,1,,
9430,1,2025-09-28T15:00:00+00,PIX,COBRANCA,APROVADO,1435.07,1,,
9431,1,2025-10-17T15:00:00+00,PIX,COBRANCA,APROVADO,1934.31,1,,
9432,1,2025-11-06T15:00:00+00,PIX,COBRANCA,APROVADO,1126.47,1,,
9433,1,2025-11-23T15:00:00+00,PIX,COBRANCA,APROVADO,799.87,1,,
9434,1,2025-12-12T15:00:00+00,PIX,COBRANCA,APROVADO,687.60,1,,
9435,1,2025-01-29T15:00:00+00,PIX,COBRANCA,APROVADO,994.25,1,,
9436,1,2025-02-18T15:00:00+00,PIX,COBRANCA,APROVADO,1268.72,1,,
9437,1,2025-03-07T15:00:00+00,PIX,COBRANCA,APROVADO,389.40,1,,
9438,1,2025-04-24T15:00:00+00,PIX,COBRANCA,APROVADO,904.33,1,,
9439,1,2025-05-13T15:00:00+00,PIX,COBRANCA,APROVADO,1232.24,1,,
9440,1,2025-06-02T15:00:00+00,PIX,COBRANCA,APROVADO,262.61,1,,
9441,1,2025-07-19T15:00:00+00,PIX,COBRANCA,APROVADO,232.60,1,,
9442,1,2025-08-08T15:00:00+00,PIX,COBRANCA,APROVADO,384.93,1,,
9443,1,2025-09-25T15:00:00+00,PIX,COBRANCA,APROVADO,700.53,1,,
9444,1,2025-10-14T15:00:00+00,PIX,COBRANCA,APROVADO,405.36,1,,
9445,1,2025-11-03T15:00:00+00,PIX,COBRANCA,APROVADO,311.12,1,,
9446,1,2025-11-20T15:00:00+00,PIX,COBRANCA,APROVADO,562.49,1,,
9447,1,2025-12-09T15:00:00+00,PIX,COBRANCA,APROVADO,753.36,1,,
9448,1,2025-01-26T15:00:00+00,PIX,COBRANCA,APROVADO,591.64,1,,
9449,1,2025-02-15T15:00:00+00,PIX,COBRANCA,APROVADO,354.72,1,,
9450,1,2025-03-04T15:00:00+00,PIX,COBRANCA,APROVADO,720.07,1,,
9451,1,2025-04-21T15:00:00+00,PIX,COBRANCA,APROVADO,1189.28,1,,
9452,1,2025-05-10T15:00:00+00,PIX,COBRANCA,APROVADO,774.73,1,,
9453,1,2025-06-27T15:00:00+00,PIX,COBRANCA,APROVADO,513.62,1,,
9454,1,2025-07-16T15:00:00+00,PIX,COBRANCA,APROVADO,941.87,1,,
9455,1,2025-08-05T15:00:00+00,PIX,COBRANCA,APROVADO,1403.00,1,,
9456,1,2025-09-22T15:00:00+00,PIX,COBRANCA,APROVADO,922.69,1,,
9457,1,2025-10-11T15:00:00+00,PIX,COBRANCA,APROVADO,595.82,1,,
9458,1,2025-11-28T15:00:00+00,PIX,COBRANCA,APROVADO,1089.83,1,,
9459,1,2025-11-17T15:00:00+00,PIX,COBRANCA,APROVADO,1616.72,1,,
9460,1,2025-12-06T15:00:00+00,PIX,COBRANCA,APROVADO,1070.65,1,,
9461,1,2025-01-23T15:00:00+00,PIX,COBRANCA,APROVADO,678.02,1,,
9462,1,2025-02-12T15:00:00+00,PIX,COBRANCA,APROVADO,1237.79,1,,
9463,1,2025-03-29T15:00:00+00,PIX,COBRANCA,APROVADO,1830.44,1,,
9464,1,2025-04-18T15:00:00+00,PIX,COBRANCA,APROVADO,1218.61,1,,
9465,1,2025-05-07T15:00:00+00,PIX,COBRANCA,APROVADO,760.22,1,,
9466,1,2025-06-24T15:00:00+00,PIX,COBRANCA,APROVADO,1385.75,1,,
9467,1,2025-07-13T15:00:00+00,PIX,COBRANCA,APROVADO,2044.16,1,,
9468,1,2025-08-02T15:00:00+00,PIX,COBRANCA,APROVADO,1366.57,1,,
9469,1,2025-09-19T15:00:00+00,PIX,COBRANCA,APROVADO,842.42,1,,
9470,1,2025-10-08T15:00:00+00,PIX,COBRANCA,APROVADO,1533.71,1,,
9471,1,2025-11-25T15:00:00+00,PIX,COBRANCA,APROVADO,2257.88,1,,
9472,1,2025-11-14T15:00:00+00,PIX,COBRANCA,APROVADO,1361.09,1,,
9473,1,2025-12-03T15:00:00+00,PIX,COBRANCA,APROVADO,464.30,1,,
9474,1,2025-01-20T15:00:00+00,PIX,COBRANCA,APROVADO,914.47,1,,
9475,1,2025-02-09T15:00:00+00,PIX,COBRANCA,APROVADO,1397.52,1,,
9476,1,2025-03-26T15:00:00+00,PIX,COBRANCA,APROVADO,1509.05,1,,
9477,1,2025-04-15T15:00:00+00,PIX,COBRANCA,APROVADO,239.62,1,,
9478,1,2025-05-04T15:00:00+00,PIX,COBRANCA,APROVADO,448.67,1,,
9479,1,2025-06-21T15:00:00+00,PIX,COBRANCA,APROVADO,690.60,1,,
9480,1,2025-07-10T15:00:00+00,PIX,COBRANCA,APROVADO,429.49,1,,
9481,1,2025-08-27T15:00:00+00,PIX,COBRANCA,APROVADO,289.84,1,,
9482,1,2025-09-16T15:00:00+00,PIX,COBRANCA,APROVADO,461.11,1,,
9483,1,2025-10-05T15:00:00+00,PIX,COBRANCA,APROVADO,832.01,1,,
9484,1,2025-11-22T15:00:00+00,PIX,COBRANCA,APROVADO,488.61,1,,
9485,1,2025-11-11T15:00:00+00,PIX,COBRANCA,APROVADO,358.79,1,,
9486,1,2025-12-28T15:00:00+00,PIX,COBRANCA,APROVADO,648.57,1,,
9487,1,2025-01-17T15:00:00+00,PIX,COBRANCA,APROVADO,863.52,1,,
9488,1,2025-02-06T15:00:00+00,PIX,COBRANCA,APROVADO,684.87,1,,
9489,1,2025-03-23T15:00:00+00,PIX,COBRANCA,APROVADO,399.65,1,,
9490,1,2025-04-12T15:00:00+00,PIX,COBRANCA,APROVADO,780.75,1,,
9491,1,2025-05-29T15:00:00+00,PIX,COBRANCA,APROVADO,1160.61,1,,
9492,1,2025-06-18T15:00:00+00,PIX,COBRANCA,APROVADO,695.50,1,,
9493,1,2025-07-07T15:00:00+00,PIX,COBRANCA,APROVADO,522.60,1,,
9494,1,2025-08-24T15:00:00+00,PIX,COBRANCA,APROVADO,855.29,1,,
9495,1,2025-09-13T15:00:00+00,PIX,COBRANCA,APROVADO,1342.49,1,,
9496,1,2025-10-02T15:00:00+00,PIX,COBRANCA,APROVADO,913.90,1,,
9497,1,2025-11-19T15:00:00+00,PIX,COBRANCA,APROVADO,502.57,1,,
9498,1,2025-11-08T15:00:00+00,PIX,COBRANCA,APROVADO,1094.50,1,,
9499,1,2025-12-25T15:00:00+00,PIX,COBRANCA,APROVADO,1446.57,1,,
9500,1,2025-01-14T15:00:00+00,PIX,COBRANCA,APROVADO,917.53,1,,
9501,1,2025-02-03T15:00:00+00,PIX,COBRANCA,APROVADO,732.82,1,,
9502,1,2025-03-20T15:00:00+00,PIX,COBRANCA,APROVADO,1336.43,1,,
9503,1,2025-04-09T15:00:00+00,PIX,COBRANCA,APROVADO,1972.92,1,,
9504,1,2025-05-26T15:00:00+00,PIX,COBRANCA,APROVADO,1317.25,1,,
9505,1,2025-06-15T15:00:00+00,PIX,COBRANCA,APROVADO,815.02,1,,
9506,1,2025-07-04T15:00:00+00,PIX,COBRANCA,APROVADO,1484.39,1,,
9507,1,2025-08-21T15:00:00+00,PIX,COBRANCA,APROVADO,2186.64,1,,
9508,1,2025-09-10T15:00:00+00,PIX,COBRANCA,APROVADO,1465.21,1,,
9509,1,2025-10-27T15:00:00+00,PIX,COBRANCA,APROVADO,436.90,1,,
9510,1,2025-11-16T15:00:00+00,PIX,COBRANCA,APROVADO,865.15,1,,
9511,1,2025-11-05T15:00:00+00,PIX,COBRANCA,APROVADO,1326.28,1,,
9512,1,2025-12-22T15:00:00+00,PIX,COBRANCA,APROVADO,1459.73,1,,
9513,1,2025-01-11T15:00:00+00,PIX,COBRANCA,APROVADO,519.10,1,,
9514,1,2025-02-28T15:00:00+00,PIX,COBRANCA,APROVADO,1013.11,1,,
9515,1,2025-03-17T15:00:00+00,PIX,COBRANCA,APROVADO,619.36,1,,
9516,1,2025-04-06T15:00:00+00,PIX,COBRANCA,APROVADO,380.17,1,,
9517,1,2025-05-23T15:00:00+00,PIX,COBRANCA,APROVADO,294.42,1,,
9518,1,2025-06-12T15:00:00+00,PIX,COBRANCA,APROVADO,547.31,1,,
9519,1,2025-07-29T15:00:00+00,PIX,COBRANCA,APROVADO,833.08,1,,
9520,1,2025-08-18T15:00:00+00,PIX,COBRANCA,APROVADO,528.13,1,,
9521,1,2025-09-07T15:00:00+00,PIX,COBRANCA,APROVADO,376.62,1,,
9522,1,2025-10-24T15:00:00+00,PIX,COBRANCA,APROVADO,695.27,1,,
9523,1,2025-11-13T15:00:00+00,PIX,COBRANCA,APROVADO,1046.80,1,,
9524,1,2025-11-02T15:00:00+00,PIX,COBRANCA,APROVADO,676.09,1,,
9525,1,2025-12-19T15:00:00+00,PIX,COBRANCA,APROVADO,458.82,1,,
9526,1,2025-01-08T15:00:00+00,PIX,COBRANCA,APROVADO,843.23,1,,
9527,1,2025-02-25T15:00:00+00,PIX,COBRANCA,APROVADO,1260.52,1,,
9528,1,2025-03-14T15:00:00+00,PIX,COBRANCA,APROVADO,824.05,1,,
9529,1,2025-04-03T15:00:00+00,PIX,COBRANCA,APROVADO,541.02,1,,
9530,1,2025-05-20T15:00:00+00,PIX,COBRANCA,APROVADO,991.19,1,,
9531,1,2025-06-09T15:00:00+00,PIX,COBRANCA,APROVADO,1344.95,1,,
9532,1,2025-07-26T15:00:00+00,PIX,COBRANCA,APROVADO,773.88,1,,
9533,1,2025-08-15T15:00:00+00,PIX,COBRANCA,APROVADO,573.03,1,,
9534,1,2025-09-04T15:00:00+00,PIX,COBRANCA,APROVADO,936.38,1,,
9535,1,2025-10-21T15:00:00+00,PIX,COBRANCA,APROVADO,1464.68,1,,
9536,1,2025-11-10T15:00:00+00,PIX,COBRANCA,APROVADO,1002.10,1,,
9537,1,2025-11-27T15:00:00+00,PIX,COBRANCA,APROVADO,544.77,1,,
9538,1,2025-12-16T15:00:00+00,PIX,COBRANCA,APROVADO,1185.44,1,,
9539,1,2025-01-05T15:00:00+00,PIX,COBRANCA,APROVADO,1563.82,1,,
9540,1,2025-02-22T15:00:00+00,PIX,COBRANCA,APROVADO,986.25,1,,
9541,1,2025-03-11T15:00:00+00,PIX,COBRANCA,APROVADO,685.55,1,,
9542,1,2025-04-28T15:00:00+00,PIX,COBRANCA,APROVADO,1108.58,1,,
9543,1,2025-05-17T15:00:00+00,PIX,COBRANCA,APROVADO,1950.02,1,,
9544,1,2025-06-06T15:00:00+00,PIX,COBRANCA,APROVADO,1196.66,1,,
9545,1,2025-07-23T15:00:00+00,PIX,COBRANCA,APROVADO,764.03,1,,
9546,1,2025-08-12T15:00:00+00,PIX,COBRANCA,APROVADO,727.73,1,,
9547,1,2025-09-29T15:00:00+00,PIX,COBRANCA,APROVADO,994.23,1,,
9548,1,2025-10-18T15:00:00+00,PIX,COBRANCA,APROVADO,1338.62,1,,
9549,1,2025-11-07T15:00:00+00,PIX,COBRANCA,APROVADO,413.34,1,,
9550,1,2025-11-24T15:00:00+00,PIX,COBRANCA,APROVADO,785.83,1,,
9551,1,2025-12-13T15:00:00+00,PIX,COBRANCA,APROVADO,1468.76,1,,
9552,1,2025-01-02T15:00:00+00,PIX,COBRANCA,APROVADO,330.85,1,,
9553,1,2025-02-19T15:00:00+00,PIX,COBRANCA,APROVADO,267.02,1,,
9554,1,2025-03-08T15:00:00+00,PIX,COBRANCA,APROVADO,497.99,1,,
9555,1,2025-04-25T15:00:00+00,PIX,COBRANCA,APROVADO,761.84,1,,
9556,1,2025-05-14T15:00:00+00,PIX,COBRANCA,APROVADO,478.81,1,,
9557,1,2025-06-03T15:00:00+00,PIX,COBRANCA,APROVADO,349.22,1,,
9558,1,2025-07-20T15:00:00+00,PIX,COBRANCA,APROVADO,645.95,1,,
9559,1,2025-08-09T15:00:00+00,PIX,COBRANCA,APROVADO,975.56,1,,
9560,1,2025-09-26T15:00:00+00,PIX,COBRANCA,APROVADO,626.77,1,,
9561,1,2025-10-15T15:00:00+00,PIX,COBRANCA,APROVADO,431.42,1,,
9562,1,2025-11-04T15:00:00+00,PIX,COBRANCA,APROVADO,793.91,1,,
9563,1,2025-11-21T15:00:00+00,PIX,COBRANCA,APROVADO,1189.28,1,,
9564,1,2025-12-10T15:00:00+00,PIX,COBRANCA,APROVADO,774.73,1,,
9565,1,2025-01-27T15:00:00+00,PIX,COBRANCA,APROVADO,513.62,1,,
9566,1,2025-02-16T15:00:00+00,PIX,COBRANCA,APROVADO,941.87,1,,
9567,1,2025-03-05T15:00:00+00,PIX,COBRANCA,APROVADO,1403.00,1,,
9568,1,2025-04-22T15:00:00+00,PIX,COBRANCA,APROVADO,922.69,1,,
9569,1,2025-05-11T15:00:00+00,PIX,COBRANCA,APROVADO,595.82,1,,
9570,1,2025-06-28T15:00:00+00,PIX,COBRANCA,APROVADO,1089.83,1,,
9571,1,2025-07-17T15:00:00+00,PIX,COBRANCA,APROVADO,1616.72,1,,
9572,1,2025-08-06T15:00:00+00,PIX,COBRANCA,APROVADO,1070.65,1,,
9573,1,2025-09-23T15:00:00+00,PIX,COBRANCA,APROVADO,678.02,1,,
9574,1,2025-10-12T15:00:00+00,PIX,COBRANCA,APROVADO,1237.79,1,,
9575,1,2025-11-29T15:00:00+00,PIX,COBRANCA,APROVADO,1830.44,1,,
9576,1,2025-11-18T15:00:00+00,PIX,COBRANCA,APROVADO,1218.61,1,,
9577,1,2025-12-07T15:00:00+00,PIX,COBRANCA,APROVADO,760.22,1,,
9578,1,2025-01-24T15:00:00+00,PIX,COBRANCA,APROVADO,1385.75,1,,
9579,1,2025-02-13T15:00:00+00,PIX,COBRANCA,APROVADO,2044.16,1,,
9580,1,2025-03-02T15:00:00+00,PIX,COBRANCA,APROVADO,1366.57,1,,
9581,1,2025-04-19T15:00:00+00,PIX,COBRANCA,APROVADO,763.58,1,,
9582,1,2025-05-08T15:00:00+00,PIX,COBRANCA,APROVADO,1184.76,1,,
9583,1,2025-06-25T15:00:00+00,PIX,COBRANCA,APROVADO,2081.50,1,,
9584,1,2025-07-14T15:00:00+00,PIX,COBRANCA,APROVADO,1157.23,1,,
9585,1,2025-08-03T15:00:00+00,PIX,COBRANCA,APROVADO,374.39,1,,
9586,1,2025-09-20T15:00:00+00,PIX,COBRANCA,APROVADO,813.81,1,,
9587,1,2025-10-09T15:00:00+00,PIX,COBRANCA,APROVADO,1104.39,1,,
9588,1,2025-11-26T15:00:00+00,PIX,COBRANCA,APROVADO,1431.76,1,,
9589,1,2025-11-15T15:00:00+00,PIX,COBRANCA,APROVADO,197.43,1,,
9590,1,2025-12-04T15:00:00+00,PIX,COBRANCA,APROVADO,398.54,1,,
9591,1,2025-01-21T15:00:00+00,PIX,COBRANCA,APROVADO,600.89,1,,
9592,1,2025-02-10T15:00:00+00,PIX,COBRANCA,APROVADO,342.83,1,,
9593,1,2025-03-27T15:00:00+00,PIX,COBRANCA,APROVADO,295.71,1,,
9594,1,2025-04-16T15:00:00+00,PIX,COBRANCA,APROVADO,490.31,1,,
9595,1,2025-05-05T15:00:00+00,PIX,COBRANCA,APROVADO,792.60,1,,
9596,1,2025-06-22T15:00:00+00,PIX,COBRANCA,APROVADO,516.86,1,,
9597,1,2025-07-11T15:00:00+00,PIX,COBRANCA,APROVADO,312.68,1,,
9598,1,2025-08-28T15:00:00+00,PIX,COBRANCA,APROVADO,685.15,1,,
9599,1,2025-09-17T15:00:00+00,PIX,COBRANCA,APROVADO,918.77,1,,
9600,1,2025-10-06T15:00:00+00,PIX,COBRANCA,APROVADO,572.29,1,,
9601,1,2025-11-23T15:00:00+00,PIX,COBRANCA,APROVADO,486.22,1,,
9602,1,2025-11-12T15:00:00+00,PIX,COBRANCA,APROVADO,892.55,1,,
9603,1,2025-12-29T15:00:00+00,PIX,COBRANCA,APROVADO,1331.76,1,,
9604,1,2025-01-18T15:00:00+00,PIX,COBRANCA,APROVADO,873.37,1,,
9605,1,2025-02-07T15:00:00+00,PIX,COBRANCA,APROVADO,568.42,1,,
9606,1,2025-03-24T15:00:00+00,PIX,COBRANCA,APROVADO,1040.51,1,,
9607,1,2025-04-13T15:00:00+00,PIX,COBRANCA,APROVADO,1545.48,1,,
9608,1,2025-05-02T15:00:00+00,PIX,COBRANCA,APROVADO,1021.33,1,,
9609,1,2025-06-19T15:00:00+00,PIX,COBRANCA,APROVADO,650.62,1,,
9610,1,2025-07-08T15:00:00+00,PIX,COBRANCA,APROVADO,1188.47,1,,
9611,1,2025-08-25T15:00:00+00,PIX,COBRANCA,APROVADO,1759.20,1,,
9612,1,2025-09-14T15:00:00+00,PIX,COBRANCA,APROVADO,1169.29,1,,
9613,1,2025-10-03T15:00:00+00,PIX,COBRANCA,APROVADO,732.82,1,,
9614,1,2025-11-20T15:00:00+00,PIX,COBRANCA,APROVADO,1336.43,1,,
9615,1,2025-11-09T15:00:00+00,PIX,COBRANCA,APROVADO,1972.92,1,,
9616,1,2025-12-26T15:00:00+00,PIX,COBRANCA,APROVADO,1317.25,1,,
9617,1,2025-01-15T15:00:00+00,PIX,COBRANCA,APROVADO,815.02,1,,
9618,1,2025-02-04T15:00:00+00,PIX,COBRANCA,APROVADO,1484.39,1,,
9619,1,2025-03-21T15:00:00+00,PIX,COBRANCA,APROVADO,2186.64,1,,
9620,1,2025-04-10T15:00:00+00,PIX,COBRANCA,APROVADO,1465.21,1,,
9621,1,2025-05-27T15:00:00+00,PIX,COBRANCA,APROVADO,436.90,1,,
9622,1,2025-06-16T15:00:00+00,PIX,COBRANCA,APROVADO,865.15,1,,
9623,1,2025-07-05T15:00:00+00,PIX,COBRANCA,APROVADO,1326.28,1,,
9624,1,2025-08-22T15:00:00+00,PIX,COBRANCA,APROVADO,1459.73,1,,
9625,1,2025-09-11T15:00:00+00,PIX,COBRANCA,APROVADO,519.10,1,,
9626,1,2025-10-28T15:00:00+00,PIX,COBRANCA,APROVADO,1013.11,1,,
9627,1,2025-11-17T15:00:00+00,PIX,COBRANCA,APROVADO,619.36,1,,
9628,1,2025-11-06T15:00:00+00,PIX,COBRANCA,APROVADO,380.17,1,,
9629,1,2025-12-23T15:00:00+00,PIX,COBRANCA,APROVADO,294.42,1,,
9630,1,2025-01-12T15:00:00+00,PIX,COBRANCA,APROVADO,547.31,1,,
9631,1,2025-03-01T15:00:00+00,PIX,COBRANCA,APROVADO,755.59,1,,
9632,1,2025-03-18T15:00:00+00,PIX,COBRANCA,APROVADO,421.21,1,,
9633,1,2025-04-07T15:00:00+00,PIX,COBRANCA,APROVADO,346.16,1,,
9634,1,2025-05-24T15:00:00+00,PIX,COBRANCA,APROVADO,571.40,1,,
9635,1,2025-06-13T15:00:00+00,PIX,COBRANCA,APROVADO,914.79,1,,
9636,1,2025-07-02T15:00:00+00,PIX,COBRANCA,APROVADO,605.06,1,,
9637,1,2025-08-19T15:00:00+00,PIX,COBRANCA,APROVADO,354.88,1,,
9638,1,2025-09-08T15:00:00+00,PIX,COBRANCA,APROVADO,776.09,1,,
9639,1,2025-10-25T15:00:00+00,PIX,COBRANCA,APROVADO,1036.08,1,,
9640,1,2025-11-14T15:00:00+00,PIX,COBRANCA,APROVADO,643.47,1,,
9641,1,2025-11-03T15:00:00+00,PIX,COBRANCA,APROVADO,470.98,1,,
9642,1,2025-12-20T15:00:00+00,PIX,COBRANCA,APROVADO,765.79,1,,
9643,1,2025-01-09T15:00:00+00,PIX,COBRANCA,APROVADO,1358.13,1,,
9644,1,2025-02-26T15:00:00+00,PIX,COBRANCA,APROVADO,821.84,1,,
9645,1,2025-03-15T15:00:00+00,PIX,COBRANCA,APROVADO,549.50,1,,
9646,1,2025-04-04T15:00:00+00,PIX,COBRANCA,APROVADO,992.67,1,,
9647,1,2025-05-21T15:00:00+00,PIX,COBRANCA,APROVADO,1304.10,1,,
9648,1,2025-06-10T15:00:00+00,PIX,COBRANCA,APROVADO,1057.44,1,,
9649,1,2025-07-27T15:00:00+00,PIX,COBRANCA,APROVADO,579.40,1,,
9650,1,2025-08-16T15:00:00+00,PIX,COBRANCA,APROVADO,1158.47,1,,
9651,1,2025-09-05T15:00:00+00,PIX,COBRANCA,APROVADO,1901.68,1,,
9652,1,2025-10-22T15:00:00+00,PIX,COBRANCA,APROVADO,1267.93,1,,
9653,1,2025-11-11T15:00:00+00,PIX,COBRANCA,APROVADO,787.62,1,,
9654,1,2025-11-28T15:00:00+00,PIX,COBRANCA,APROVADO,1435.07,1,,
9655,1,2025-12-17T15:00:00+00,PIX,COBRANCA,APROVADO,2115.40,1,,
9656,1,2025-01-06T15:00:00+00,PIX,COBRANCA,APROVADO,1415.89,1,,
9657,1,2025-02-23T15:00:00+00,PIX,COBRANCA,APROVADO,869.82,1,,
9658,1,2025-03-12T15:00:00+00,PIX,COBRANCA,APROVADO,815.83,1,,
9659,1,2025-04-29T15:00:00+00,PIX,COBRANCA,APROVADO,1255.04,1,,
9660,1,2025-05-18T15:00:00+00,PIX,COBRANCA,APROVADO,1410.41,1,,
9661,1,2025-06-07T15:00:00+00,PIX,COBRANCA,APROVADO,491.70,1,,
9662,1,2025-07-24T15:00:00+00,PIX,COBRANCA,APROVADO,963.79,1,,
9663,1,2025-08-13T15:00:00+00,PIX,COBRANCA,APROVADO,1468.76,1,,
9664,1,2025-09-02T15:00:00+00,PIX,COBRANCA,APROVADO,330.85,1,,
9665,1,2025-10-19T15:00:00+00,PIX,COBRANCA,APROVADO,267.02,1,,
9666,1,2025-11-08T15:00:00+00,PIX,COBRANCA,APROVADO,497.99,1,,
9667,1,2025-11-25T15:00:00+00,PIX,COBRANCA,APROVADO,761.84,1,,
9668,1,2025-12-14T15:00:00+00,PIX,COBRANCA,APROVADO,478.81,1,,
9669,1,2025-01-03T15:00:00+00,PIX,COBRANCA,APROVADO,349.22,1,,
9670,1,2025-02-20T15:00:00+00,PIX,COBRANCA,APROVADO,645.95,1,,
9671,1,2025-03-09T15:00:00+00,PIX,COBRANCA,APROVADO,975.56,1,,
9672,1,2025-04-26T15:00:00+00,PIX,COBRANCA,APROVADO,626.77,1,,
9673,1,2025-05-15T15:00:00+00,PIX,COBRANCA,APROVADO,431.42,1,,
9674,1,2025-06-04T15:00:00+00,PIX,COBRANCA,APROVADO,793.91,1,,
9675,1,2025-07-21T15:00:00+00,PIX,COBRANCA,APROVADO,1189.28,1,,
9676,1,2025-08-10T15:00:00+00,PIX,COBRANCA,APROVADO,774.73,1,,
9677,1,2025-09-27T15:00:00+00,PIX,COBRANCA,APROVADO,513.62,1,,
9678,1,2025-10-16T15:00:00+00,PIX,COBRANCA,APROVADO,941.87,1,,
9679,1,2025-11-05T15:00:00+00,PIX,COBRANCA,APROVADO,1403.00,1,,
9680,1,2025-11-22T15:00:00+00,PIX,COBRANCA,APROVADO,922.69,1,,
9681,1,2025-12-11T15:00:00+00,PIX,COBRANCA,APROVADO,539.18,1,,
9682,1,2025-01-28T15:00:00+00,PIX,COBRANCA,APROVADO,841.97,1,,
9683,1,2025-02-17T15:00:00+00,PIX,COBRANCA,APROVADO,1489.61,1,,
9684,1,2025-03-06T15:00:00+00,PIX,COBRANCA,APROVADO,905.09,1,,
9685,1,2025-04-23T15:00:00+00,PIX,COBRANCA,APROVADO,597.17,1,,
9686,1,2025-05-12T15:00:00+00,PIX,COBRANCA,APROVADO,1078.75,1,,
9687,1,2025-06-29T15:00:00+00,PIX,COBRANCA,APROVADO,1414.26,1,,
9688,1,2025-07-18T15:00:00+00,PIX,COBRANCA,APROVADO,1150.67,1,,
9689,1,2025-08-07T15:00:00+00,PIX,COBRANCA,APROVADO,624.33,1,,
9690,1,2025-09-24T15:00:00+00,PIX,COBRANCA,APROVADO,1205.45,1,,
9691,1,2025-10-13T15:00:00+00,PIX,COBRANCA,APROVADO,1782.59,1,,
9692,1,2025-11-02T15:00:00+00,PIX,COBRANCA,APROVADO,1087.32,1,,
9693,1,2025-11-19T15:00:00+00,PIX,COBRANCA,APROVADO,774.68,1,,
9694,1,2025-12-08T15:00:00+00,PIX,COBRANCA,APROVADO,1260.81,1,,
9695,1,2025-01-25T15:00:00+00,PIX,COBRANCA,APROVADO,1953.51,1,,
9696,1,2025-02-14T15:00:00+00,PIX,COBRANCA,APROVADO,1224.62,1,,
9697,1,2025-03-03T15:00:00+00,PIX,COBRANCA,APROVADO,368.31,1,,
9698,1,2025-04-20T15:00:00+00,PIX,COBRANCA,APROVADO,858.84,1,,
9699,1,2025-05-09T15:00:00+00,PIX,COBRANCA,APROVADO,1173.68,1,,
9700,1,2025-06-26T15:00:00+00,PIX,COBRANCA,APROVADO,1147.69,1,,
9701,1,2025-07-15T15:00:00+00,PIX,COBRANCA,APROVADO,239.62,1,,
9702,1,2025-08-04T15:00:00+00,PIX,COBRANCA,APROVADO,448.67,1,,
9703,1,2025-09-21T15:00:00+00,PIX,COBRANCA,APROVADO,690.60,1,,
9704,1,2025-10-10T15:00:00+00,PIX,COBRANCA,APROVADO,429.49,1,,
9705,1,2025-11-27T15:00:00+00,PIX,COBRANCA,APROVADO,321.82,1,,
9706,1,2025-11-16T15:00:00+00,PIX,COBRANCA,APROVADO,596.63,1,,
9707,1,2025-12-05T15:00:00+00,PIX,COBRANCA,APROVADO,904.32,1,,
9708,1,2025-01-22T15:00:00+00,PIX,COBRANCA,APROVADO,577.45,1,,
9709,1,2025-02-11T15:00:00+00,PIX,COBRANCA,APROVADO,404.02,1,,
9710,1,2025-03-28T15:00:00+00,PIX,COBRANCA,APROVADO,744.59,1,,
9711,1,2025-04-17T15:00:00+00,PIX,COBRANCA,APROVADO,1118.04,1,,
9712,1,2025-05-06T15:00:00+00,PIX,COBRANCA,APROVADO,725.41,1,,
9713,1,2025-06-23T15:00:00+00,PIX,COBRANCA,APROVADO,486.22,1,,
9714,1,2025-07-12T15:00:00+00,PIX,COBRANCA,APROVADO,892.55,1,,
9715,1,2025-08-29T15:00:00+00,PIX,COBRANCA,APROVADO,1331.76,1,,
9716,1,2025-09-18T15:00:00+00,PIX,COBRANCA,APROVADO,873.37,1,,
9717,1,2025-10-07T15:00:00+00,PIX,COBRANCA,APROVADO,568.42,1,,
9718,1,2025-11-24T15:00:00+00,PIX,COBRANCA,APROVADO,1040.51,1,,
9719,1,2025-11-13T15:00:00+00,PIX,COBRANCA,APROVADO,1545.48,1,,
9720,1,2025-12-02T15:00:00+00,PIX,COBRANCA,APROVADO,1021.33,1,,
9721,1,2025-01-19T15:00:00+00,PIX,COBRANCA,APROVADO,650.62,1,,
9722,1,2025-02-08T15:00:00+00,PIX,COBRANCA,APROVADO,1188.47,1,,
9723,1,2025-03-25T15:00:00+00,PIX,COBRANCA,APROVADO,1759.20,1,,
9724,1,2025-04-14T15:00:00+00,PIX,COBRANCA,APROVADO,1169.29,1,,
9725,1,2025-05-03T15:00:00+00,PIX,COBRANCA,APROVADO,732.82,1,,
9726,1,2025-06-20T15:00:00+00,PIX,COBRANCA,APROVADO,1336.43,1,,
9727,1,2025-07-09T15:00:00+00,PIX,COBRANCA,APROVADO,1972.92,1,,
9728,1,2025-08-26T15:00:00+00,PIX,COBRANCA,APROVADO,1317.25,1,,
9729,1,2025-09-15T15:00:00+00,PIX,COBRANCA,APROVADO,815.02,1,,
9730,1,2025-10-04T15:00:00+00,PIX,COBRANCA,APROVADO,1484.39,1,,
9731,1,2025-11-21T15:00:00+00,PIX,COBRANCA,APROVADO,1999.81,1,,
9732,1,2025-11-10T15:00:00+00,PIX,COBRANCA,APROVADO,1165.70,1,,
9733,1,2025-12-27T15:00:00+00,PIX,COBRANCA,APROVADO,410.81,1,,
9734,1,2025-01-16T15:00:00+00,PIX,COBRANCA,APROVADO,728.10,1,,
9735,1,2025-02-05T15:00:00+00,PIX,COBRANCA,APROVADO,1055.38,1,,
9736,1,2025-03-22T15:00:00+00,PIX,COBRANCA,APROVADO,1312.81,1,,
9737,1,2025-04-11T15:00:00+00,PIX,COBRANCA,APROVADO,410.51,1,,
9738,1,2025-05-28T15:00:00+00,PIX,COBRANCA,APROVADO,949.83,1,,
9739,1,2025-06-17T15:00:00+00,PIX,COBRANCA,APROVADO,508.34,1,,
9740,1,2025-07-06T15:00:00+00,PIX,COBRANCA,APROVADO,300.70,1,,
9741,1,2025-08-23T15:00:00+00,PIX,COBRANCA,APROVADO,256.44,1,,
9742,1,2025-09-12T15:00:00+00,PIX,COBRANCA,APROVADO,423.04,1,,
9743,1,2025-10-29T15:00:00+00,PIX,COBRANCA,APROVADO,766.30,1,,
9744,1,2025-11-18T15:00:00+00,PIX,COBRANCA,APROVADO,447.02,1,,
9745,1,2025-11-07T15:00:00+00,PIX,COBRANCA,APROVADO,334.94,1,,
9746,1,2025-12-24T15:00:00+00,PIX,COBRANCA,APROVADO,605.55,1,,
9747,1,2025-01-13T15:00:00+00,PIX,COBRANCA,APROVADO,808.47,1,,
9748,1,2025-02-02T15:00:00+00,PIX,COBRANCA,APROVADO,638.26,1,,
9749,1,2025-03-19T15:00:00+00,PIX,COBRANCA,APROVADO,377.16,1,,
9750,1,2025-04-08T15:00:00+00,PIX,COBRANCA,APROVADO,763.91,1,,
9751,1,2025-05-25T15:00:00+00,PIX,COBRANCA,APROVADO,1260.52,1,,
9752,1,2025-06-14T15:00:00+00,PIX,COBRANCA,APROVADO,824.05,1,,
9753,1,2025-07-03T15:00:00+00,PIX,COBRANCA,APROVADO,541.02,1,,
9754,1,2025-08-20T15:00:00+00,PIX,COBRANCA,APROVADO,991.19,1,,
9755,1,2025-09-09T15:00:00+00,PIX,COBRANCA,APROVADO,1474.24,1,,
9756,1,2025-10-26T15:00:00+00,PIX,COBRANCA,APROVADO,972.01,1,,
9757,1,2025-11-15T15:00:00+00,PIX,COBRANCA,APROVADO,623.22,1,,
9758,1,2025-11-04T15:00:00+00,PIX,COBRANCA,APROVADO,1139.15,1,,
9759,1,2025-12-21T15:00:00+00,PIX,COBRANCA,APROVADO,1687.96,1,,
9760,1,2025-01-10T15:00:00+00,PIX,COBRANCA,APROVADO,1119.97,1,,
9761,1,2025-02-27T15:00:00+00,PIX,COBRANCA,APROVADO,705.42,1,,
9762,1,2025-03-16T15:00:00+00,PIX,COBRANCA,APROVADO,1287.11,1,,
9763,1,2025-04-05T15:00:00+00,PIX,COBRANCA,APROVADO,1901.68,1,,
9764,1,2025-05-22T15:00:00+00,PIX,COBRANCA,APROVADO,1267.93,1,,
9765,1,2025-06-11T15:00:00+00,PIX,COBRANCA,APROVADO,787.62,1,,
9766,1,2025-07-28T15:00:00+00,PIX,COBRANCA,APROVADO,1435.07,1,,
9767,1,2025-08-17T15:00:00+00,PIX,COBRANCA,APROVADO,2115.40,1,,
9768,1,2025-09-06T15:00:00+00,PIX,COBRANCA,APROVADO,1415.89,1,,
9769,1,2025-10-23T15:00:00+00,PIX,COBRANCA,APROVADO,869.82,1,,
9770,1,2025-11-12T15:00:00+00,PIX,COBRANCA,APROVADO,815.83,1,,
9771,1,2025-11-29T15:00:00+00,PIX,COBRANCA,APROVADO,1255.04,1,,
9772,1,2025-12-18T15:00:00+00,PIX,COBRANCA,APROVADO,1410.41,1,,
9773,1,2025-01-07T15:00:00+00,PIX,COBRANCA,APROVADO,491.70,1,,
9774,1,2025-02-24T15:00:00+00,PIX,COBRANCA,APROVADO,963.79,1,,
9775,1,2025-03-13T15:00:00+00,PIX,COBRANCA,APROVADO,1468.76,1,,
9776,1,2025-04-02T15:00:00+00,PIX,COBRANCA,APROVADO,330.85,1,,
9777,1,2025-05-19T15:00:00+00,PIX,COBRANCA,APROVADO,267.02,1,,
9778,1,2025-06-08T15:00:00+00,PIX,COBRANCA,APROVADO,497.99,1,,
9779,1,2025-07-25T15:00:00+00,PIX,COBRANCA,APROVADO,761.84,1,,
9780,1,2025-08-14T15:00:00+00,PIX,COBRANCA,APROVADO,478.81,1,,
9781,1,2025-09-03T15:00:00+00,PIX,COBRANCA,APROVADO,314.78,1,,
9782,1,2025-10-20T15:00:00+00,PIX,COBRANCA,APROVADO,499.18,1,,
9783,1,2025-11-09T15:00:00+00,PIX,COBRANCA,APROVADO,897.78,1,,
9784,1,2025-11-26T15:00:00+00,PIX,COBRANCA,APROVADO,530.27,1,,
9785,1,2025-12-15T15:00:00+00,PIX,COBRANCA,APROVADO,382.61,1,,
9786,1,2025-01-04T15:00:00+00,PIX,COBRANCA,APROVADO,691.59,1,,
9787,1,2025-02-21T15:00:00+00,PIX,COBRANCA,APROVADO,918.57,1,,
9788,1,2025-03-10T15:00:00+00,PIX,COBRANCA,APROVADO,731.40,1,,
9789,1,2025-04-27T15:00:00+00,PIX,COBRANCA,APROVADO,422.11,1,,
9790,1,2025-05-16T15:00:00+00,PIX,COBRANCA,APROVADO,823.24,1,,
9791,1,2025-06-05T15:00:00+00,PIX,COBRANCA,APROVADO,1222.87,1,,
9792,1,2025-07-22T15:00:00+00,PIX,COBRANCA,APROVADO,734.65,1,,
9793,1,2025-08-11T15:00:00+00,PIX,COBRANCA,APROVADO,547.79,1,,
9794,1,2025-09-28T15:00:00+00,PIX,COBRANCA,APROVADO,895.83,1,,
9795,1,2025-10-17T15:00:00+00,PIX,COBRANCA,APROVADO,1403.62,1,,
9796,1,2025-11-06T15:00:00+00,PIX,COBRANCA,APROVADO,958.00,1,,
9797,1,2025-11-23T15:00:00+00,PIX,COBRANCA,APROVADO,523.66,1,,
9798,1,2025-12-12T15:00:00+00,PIX,COBRANCA,APROVADO,1139.99,1,,
9799,1,2025-01-29T15:00:00+00,PIX,COBRANCA,APROVADO,1505.13,1,,
9800,1,2025-02-18T15:00:00+00,PIX,COBRANCA,APROVADO,955.89,1,,
9801,1,2025-03-07T15:00:00+00,PIX,COBRANCA,APROVADO,760.22,1,,
9802,1,2025-04-24T15:00:00+00,PIX,COBRANCA,APROVADO,1385.75,1,,
9803,1,2025-05-13T15:00:00+00,PIX,COBRANCA,APROVADO,2044.16,1,,
9804,1,2025-06-02T15:00:00+00,PIX,COBRANCA,APROVADO,1366.57,1,,
9805,1,2025-07-19T15:00:00+00,PIX,COBRANCA,APROVADO,842.42,1,,
9806,1,2025-08-08T15:00:00+00,PIX,COBRANCA,APROVADO,1533.71,1,,
9807,1,2025-09-25T15:00:00+00,PIX,COBRANCA,APROVADO,2257.88,1,,
9808,1,2025-10-14T15:00:00+00,PIX,COBRANCA,APROVADO,1361.09,1,,
9809,1,2025-11-03T15:00:00+00,PIX,COBRANCA,APROVADO,464.30,1,,
9810,1,2025-11-20T15:00:00+00,PIX,COBRANCA,APROVADO,914.47,1,,
9811,1,2025-12-09T15:00:00+00,PIX,COBRANCA,APROVADO,1397.52,1,,
9812,1,2025-01-26T15:00:00+00,PIX,COBRANCA,APROVADO,1509.05,1,,
9813,1,2025-02-15T15:00:00+00,PIX,COBRANCA,APROVADO,239.62,1,,
9814,1,2025-03-04T15:00:00+00,PIX,COBRANCA,APROVADO,448.67,1,,
9815,1,2025-04-21T15:00:00+00,PIX,COBRANCA,APROVADO,690.60,1,,
9816,1,2025-05-10T15:00:00+00,PIX,COBRANCA,APROVADO,429.49,1,,
9817,1,2025-06-27T15:00:00+00,PIX,COBRANCA,APROVADO,321.82,1,,
9818,1,2025-07-16T15:00:00+00,PIX,COBRANCA,APROVADO,596.63,1,,
9819,1,2025-08-05T15:00:00+00,PIX,COBRANCA,APROVADO,904.32,1,,
9820,1,2025-09-22T15:00:00+00,PIX,COBRANCA,APROVADO,577.45,1,,
9821,1,2025-10-11T15:00:00+00,PIX,COBRANCA,APROVADO,404.02,1,,
9822,1,2025-11-28T15:00:00+00,PIX,COBRANCA,APROVADO,744.59,1,,
9823,1,2025-11-17T15:00:00+00,PIX,COBRANCA,APROVADO,1118.04,1,,
9824,1,2025-12-06T15:00:00+00,PIX,COBRANCA,APROVADO,725.41,1,,
9825,1,2025-01-23T15:00:00+00,PIX,COBRANCA,APROVADO,486.22,1,,
9826,1,2025-02-12T15:00:00+00,PIX,COBRANCA,APROVADO,892.55,1,,
9827,1,2025-03-29T15:00:00+00,PIX,COBRANCA,APROVADO,1331.76,1,,
9828,1,2025-04-18T15:00:00+00,PIX,COBRANCA,APROVADO,873.37,1,,
9829,1,2025-05-07T15:00:00+00,PIX,COBRANCA,APROVADO,568.42,1,,
9830,1,2025-06-24T15:00:00+00,PIX,COBRANCA,APROVADO,1040.51,1,,
9831,1,2025-07-13T15:00:00+00,PIX,COBRANCA,APROVADO,1410.45,1,,
9832,1,2025-08-02T15:00:00+00,PIX,COBRANCA,APROVADO,813.03,1,,
9833,1,2025-09-19T15:00:00+00,PIX,COBRANCA,APROVADO,598.24,1,,
9834,1,2025-10-08T15:00:00+00,PIX,COBRANCA,APROVADO,976.92,1,,
9835,1,2025-11-25T15:00:00+00,PIX,COBRANCA,APROVADO,1525.81,1,,
9836,1,2025-11-14T15:00:00+00,PIX,COBRANCA,APROVADO,1046.20,1,,
9837,1,2025-12-03T15:00:00+00,PIX,COBRANCA,APROVADO,565.86,1,,
9838,1,2025-01-20T15:00:00+00,PIX,COBRANCA,APROVADO,1230.93,1,,
9839,1,2025-02-09T15:00:00+00,PIX,COBRANCA,APROVADO,1622.44,1,,
9840,1,2025-03-26T15:00:00+00,PIX,COBRANCA,APROVADO,1024.33,1,,
9841,1,2025-04-15T15:00:00+00,PIX,COBRANCA,APROVADO,709.36,1,,
9842,1,2025-05-04T15:00:00+00,PIX,COBRANCA,APROVADO,1146.65,1,,
9843,1,2025-06-21T15:00:00+00,PIX,COBRANCA,APROVADO,2015.73,1,,
9844,1,2025-07-10T15:00:00+00,PIX,COBRANCA,APROVADO,1238.32,1,,
9845,1,2025-08-27T15:00:00+00,PIX,COBRANCA,APROVADO,350.57,1,,
9846,1,2025-09-16T15:00:00+00,PIX,COBRANCA,APROVADO,770.75,1,,
9847,1,2025-10-05T15:00:00+00,PIX,COBRANCA,APROVADO,1049.28,1,,
9848,1,2025-11-22T15:00:00+00,PIX,COBRANCA,APROVADO,1385.15,1,,
9849,1,2025-11-11T15:00:00+00,PIX,COBRANCA,APROVADO,435.83,1,,
9850,1,2025-12-28T15:00:00+00,PIX,COBRANCA,APROVADO,829.67,1,,
9851,1,2025-01-17T15:00:00+00,PIX,COBRANCA,APROVADO,619.36,1,,
9852,1,2025-02-06T15:00:00+00,PIX,COBRANCA,APROVADO,380.17,1,,
9853,1,2025-03-23T15:00:00+00,PIX,COBRANCA,APROVADO,294.42,1,,
9854,1,2025-04-12T15:00:00+00,PIX,COBRANCA,APROVADO,547.31,1,,
9855,1,2025-05-29T15:00:00+00,PIX,COBRANCA,APROVADO,833.08,1,,
9856,1,2025-06-18T15:00:00+00,PIX,COBRANCA,APROVADO,528.13,1,,
9857,1,2025-07-07T15:00:00+00,PIX,COBRANCA,APROVADO,376.62,1,,
9858,1,2025-08-24T15:00:00+00,PIX,COBRANCA,APROVADO,695.27,1,,
9859,1,2025-09-13T15:00:00+00,PIX,COBRANCA,APROVADO,1046.80,1,,
9860,1,2025-10-02T15:00:00+00,PIX,COBRANCA,APROVADO,676.09,1,,
9861,1,2025-11-19T15:00:00+00,PIX,COBRANCA,APROVADO,458.82,1,,
9862,1,2025-11-08T15:00:00+00,PIX,COBRANCA,APROVADO,843.23,1,,
9863,1,2025-12-25T15:00:00+00,PIX,COBRANCA,APROVADO,1260.52,1,,
9864,1,2025-01-14T15:00:00+00,PIX,COBRANCA,APROVADO,824.05,1,,
9865,1,2025-02-03T15:00:00+00,PIX,COBRANCA,APROVADO,541.02,1,,
9866,1,2025-03-20T15:00:00+00,PIX,COBRANCA,APROVADO,991.19,1,,
9867,1,2025-04-09T15:00:00+00,PIX,COBRANCA,APROVADO,1474.24,1,,
9868,1,2025-05-26T15:00:00+00,PIX,COBRANCA,APROVADO,972.01,1,,
9869,1,2025-06-15T15:00:00+00,PIX,COBRANCA,APROVADO,623.22,1,,
9870,1,2025-07-04T15:00:00+00,PIX,COBRANCA,APROVADO,1139.15,1,,
9871,1,2025-08-21T15:00:00+00,PIX,COBRANCA,APROVADO,1687.96,1,,
9872,1,2025-09-10T15:00:00+00,PIX,COBRANCA,APROVADO,1119.97,1,,
9873,1,2025-10-27T15:00:00+00,PIX,COBRANCA,APROVADO,705.42,1,,
9874,1,2025-11-16T15:00:00+00,PIX,COBRANCA,APROVADO,1287.11,1,,
9875,1,2025-11-05T15:00:00+00,PIX,COBRANCA,APROVADO,1901.68,1,,
9876,1,2025-12-22T15:00:00+00,PIX,COBRANCA,APROVADO,1267.93,1,,
9877,1,2025-01-11T15:00:00+00,PIX,COBRANCA,APROVADO,787.62,1,,
9878,1,2025-02-28T15:00:00+00,PIX,COBRANCA,APROVADO,1435.07,1,,
9879,1,2025-03-17T15:00:00+00,PIX,COBRANCA,APROVADO,2115.40,1,,
9880,1,2025-04-06T15:00:00+00,PIX,COBRANCA,APROVADO,1415.89,1,,
9881,1,2025-05-23T15:00:00+00,PIX,COBRANCA,APROVADO,788.52,1,,
9882,1,2025-06-12T15:00:00+00,PIX,COBRANCA,APROVADO,647.43,1,,
9883,1,2025-07-29T15:00:00+00,PIX,COBRANCA,APROVADO,1180.58,1,,
9884,1,2025-08-18T15:00:00+00,PIX,COBRANCA,APROVADO,1198.82,1,,
9885,1,2025-09-07T15:00:00+00,PIX,COBRANCA,APROVADO,398.24,1,,
9886,1,2025-10-24T15:00:00+00,PIX,COBRANCA,APROVADO,856.78,1,,
9887,1,2025-11-13T15:00:00+00,PIX,COBRANCA,APROVADO,1159.44,1,,
9888,1,2025-11-02T15:00:00+00,PIX,COBRANCA,APROVADO,312.21,1,,
9889,1,2025-12-19T15:00:00+00,PIX,COBRANCA,APROVADO,219.92,1,,
9890,1,2025-01-08T15:00:00+00,PIX,COBRANCA,APROVADO,440.98,1,,
9891,1,2025-02-25T15:00:00+00,PIX,COBRANCA,APROVADO,663.09,1,,
9892,1,2025-03-14T15:00:00+00,PIX,COBRANCA,APROVADO,382.06,1,,
9893,1,2025-04-03T15:00:00+00,PIX,COBRANCA,APROVADO,320.95,1,,
9894,1,2025-05-20T15:00:00+00,PIX,COBRANCA,APROVADO,530.86,1,,
9895,1,2025-06-09T15:00:00+00,PIX,COBRANCA,APROVADO,853.66,1,,
9896,1,2025-07-26T15:00:00+00,PIX,COBRANCA,APROVADO,560.96,1,,
9897,1,2025-08-15T15:00:00+00,PIX,COBRANCA,APROVADO,333.79,1,,
9898,1,2025-09-04T15:00:00+00,PIX,COBRANCA,APROVADO,730.60,1,,
9899,1,2025-10-21T15:00:00+00,PIX,COBRANCA,APROVADO,977.46,1,,
9900,1,2025-11-10T15:00:00+00,PIX,COBRANCA,APROVADO,610.65,1,,
9901,1,2025-11-27T15:00:00+00,PIX,COBRANCA,APROVADO,513.62,1,,
9902,1,2025-12-16T15:00:00+00,PIX,COBRANCA,APROVADO,941.87,1,,
9903,1,2025-01-05T15:00:00+00,PIX,COBRANCA,APROVADO,1403.00,1,,
9904,1,2025-02-22T15:00:00+00,PIX,COBRANCA,APROVADO,922.69,1,,
9905,1,2025-03-11T15:00:00+00,PIX,COBRANCA,APROVADO,595.82,1,,
9906,1,2025-04-28T15:00:00+00,PIX,COBRANCA,APROVADO,1089.83,1,,
9907,1,2025-05-17T15:00:00+00,PIX,COBRANCA,APROVADO,1616.72,1,,
9908,1,2025-06-06T15:00:00+00,PIX,COBRANCA,APROVADO,1070.65,1,,
9909,1,2025-07-23T15:00:00+00,PIX,COBRANCA,APROVADO,678.02,1,,
9910,1,2025-08-12T15:00:00+00,PIX,COBRANCA,APROVADO,1237.79,1,,
9911,1,2025-09-29T15:00:00+00,PIX,COBRANCA,APROVADO,1830.44,1,,
9912,1,2025-10-18T15:00:00+00,PIX,COBRANCA,APROVADO,1218.61,1,,
9913,1,2025-11-07T15:00:00+00,PIX,COBRANCA,APROVADO,760.22,1,,
9914,1,2025-11-24T15:00:00+00,PIX,COBRANCA,APROVADO,1385.75,1,,
9915,1,2025-12-13T15:00:00+00,PIX,COBRANCA,APROVADO,2044.16,1,,
9916,1,2025-01-02T15:00:00+00,PIX,COBRANCA,APROVADO,1366.57,1,,
9917,1,2025-02-19T15:00:00+00,PIX,COBRANCA,APROVADO,842.42,1,,
9918,1,2025-03-08T15:00:00+00,PIX,COBRANCA,APROVADO,1533.71,1,,
9919,1,2025-04-25T15:00:00+00,PIX,COBRANCA,APROVADO,2257.88,1,,
9920,1,2025-05-14T15:00:00+00,PIX,COBRANCA,APROVADO,1361.09,1,,
9921,1,2025-06-03T15:00:00+00,PIX,COBRANCA,APROVADO,464.30,1,,
9922,1,2025-07-20T15:00:00+00,PIX,COBRANCA,APROVADO,914.47,1,,
9923,1,2025-08-09T15:00:00+00,PIX,COBRANCA,APROVADO,1397.52,1,,
9924,1,2025-09-26T15:00:00+00,PIX,COBRANCA,APROVADO,1509.05,1,,
9925,1,2025-10-15T15:00:00+00,PIX,COBRANCA,APROVADO,239.62,1,,
9926,1,2025-11-04T15:00:00+00,PIX,COBRANCA,APROVADO,448.67,1,,
9927,1,2025-11-21T15:00:00+00,PIX,COBRANCA,APROVADO,690.60,1,,
9928,1,2025-12-10T15:00:00+00,PIX,COBRANCA,APROVADO,429.49,1,,
9929,1,2025-01-27T15:00:00+00,PIX,COBRANCA,APROVADO,321.82,1,,
9930,1,2025-02-16T15:00:00+00,PIX,COBRANCA,APROVADO,596.63,1,,
9931,1,2025-03-05T15:00:00+00,PIX,COBRANCA,APROVADO,821.09,1,,
9932,1,2025-04-22T15:00:00+00,PIX,COBRANCA,APROVADO,460.44,1,,
9933,1,2025-05-11T15:00:00+00,PIX,COBRANCA,APROVADO,371.35,1,,
9934,1,2025-06-28T15:00:00+00,PIX,COBRANCA,APROVADO,611.94,1,,
9935,1,2025-07-17T15:00:00+00,PIX,COBRANCA,APROVADO,975.92,1,,
9936,1,2025-08-06T15:00:00+00,PIX,COBRANCA,APROVADO,649.23,1,,
9937,1,2025-09-23T15:00:00+00,PIX,COBRANCA,APROVADO,375.99,1,,
9938,1,2025-10-12T15:00:00+00,PIX,COBRANCA,APROVADO,821.59,1,,
9939,1,2025-11-29T15:00:00+00,PIX,COBRANCA,APROVADO,1094.70,1,,
9940,1,2025-11-18T15:00:00+00,PIX,COBRANCA,APROVADO,681.56,1,,
9941,1,2025-12-07T15:00:00+00,PIX,COBRANCA,APROVADO,494.82,1,,
9942,1,2025-01-24T15:00:00+00,PIX,COBRANCA,APROVADO,803.90,1,,
9943,1,2025-02-13T15:00:00+00,PIX,COBRANCA,APROVADO,1423.90,1,,
9944,1,2025-03-02T15:00:00+00,PIX,COBRANCA,APROVADO,863.50,1,,
9945,1,2025-04-19T15:00:00+00,PIX,COBRANCA,APROVADO,573.32,1,,
9946,1,2025-05-08T15:00:00+00,PIX,COBRANCA,APROVADO,1035.73,1,,
9947,1,2025-06-25T15:00:00+00,PIX,COBRANCA,APROVADO,1359.21,1,,
9948,1,2025-07-14T15:00:00+00,PIX,COBRANCA,APROVADO,1104.06,1,,
9949,1,2025-08-03T15:00:00+00,PIX,COBRANCA,APROVADO,601.84,1,,
9950,1,2025-09-20T15:00:00+00,PIX,COBRANCA,APROVADO,1202.31,1,,
9951,1,2025-10-09T15:00:00+00,PIX,COBRANCA,APROVADO,1972.92,1,,
9952,1,2025-11-26T15:00:00+00,PIX,COBRANCA,APROVADO,1317.25,1,,
9953,1,2025-11-15T15:00:00+00,PIX,COBRANCA,APROVADO,815.02,1,,
9954,1,2025-12-04T15:00:00+00,PIX,COBRANCA,APROVADO,1484.39,1,,
9955,1,2025-01-21T15:00:00+00,PIX,COBRANCA,APROVADO,2186.64,1,,
9956,1,2025-02-10T15:00:00+00,PIX,COBRANCA,APROVADO,1465.21,1,,
9957,1,2025-03-27T15:00:00+00,PIX,COBRANCA,APROVADO,436.90,1,,
9958,1,2025-04-16T15:00:00+00,PIX,COBRANCA,APROVADO,865.15,1,,
9959,1,2025-05-05T15:00:00+00,PIX,COBRANCA,APROVADO,1326.28,1,,
9960,1,2025-06-22T15:00:00+00,PIX,COBRANCA,APROVADO,1459.73,1,,
9961,1,2025-07-11T15:00:00+00,PIX,COBRANCA,APROVADO,519.10,1,,
9962,1,2025-08-28T15:00:00+00,PIX,COBRANCA,APROVADO,1013.11,1,,
9963,1,2025-09-17T15:00:00+00,PIX,COBRANCA,APROVADO,619.36,1,,
9964,1,2025-10-06T15:00:00+00,PIX,COBRANCA,APROVADO,380.17,1,,
9965,1,2025-11-23T15:00:00+00,PIX,COBRANCA,APROVADO,294.42,1,,
9966,1,2025-11-12T15:00:00+00,PIX,COBRANCA,APROVADO,547.31,1,,
9967,1,2025-12-29T15:00:00+00,PIX,COBRANCA,APROVADO,833.08,1,,
9968,1,2025-01-18T15:00:00+00,PIX,COBRANCA,APROVADO,528.13,1,,
9969,1,2025-02-07T15:00:00+00,PIX,COBRANCA,APROVADO,376.62,1,,
9970,1,2025-03-24T15:00:00+00,PIX,COBRANCA,APROVADO,695.27,1,,
9971,1,2025-04-13T15:00:00+00,PIX,COBRANCA,APROVADO,1046.80,1,,
9972,1,2025-05-02T15:00:00+00,PIX,COBRANCA,APROVADO,676.09,1,,
9973,1,2025-06-19T15:00:00+00,PIX,COBRANCA,APROVADO,458.82,1,,
9974,1,2025-07-08T15:00:00+00,PIX,COBRANCA,APROVADO,843.23,1,,
9975,1,2025-08-25T15:00:00+00,PIX,COBRANCA,APROVADO,1260.52,1,,
9976,1,2025-09-14T15:00:00+00,PIX,COBRANCA,APROVADO,824.05,1,,
9977,1,2025-10-03T15:00:00+00,PIX,COBRANCA,APROVADO,541.02,1,,
9978,1,2025-11-20T15:00:00+00,PIX,COBRANCA,APROVADO,991.19,1,,
9979,1,2025-11-09T15:00:00+00,PIX,COBRANCA,APROVADO,1474.24,1,,
9980,1,2025-12-26T15:00:00+00,PIX,COBRANCA,APROVADO,972.01,1,,
9981,1,2025-01-15T15:00:00+00,PIX,COBRANCA,APROVADO,564.12,1,,
9982,1,2025-02-04T15:00:00+00,PIX,COBRANCA,APROVADO,880.04,1,,
9983,1,2025-03-21T15:00:00+00,PIX,COBRANCA,APROVADO,1555.38,1,,
9984,1,2025-04-10T15:00:00+00,PIX,COBRANCA,APROVADO,946.75,1,,
9985,1,2025-05-27T15:00:00+00,PIX,COBRANCA,APROVADO,620.99,1,,
9986,1,2025-06-16T15:00:00+00,PIX,COBRANCA,APROVADO,1121.77,1,,
9987,1,2025-07-05T15:00:00+00,PIX,COBRANCA,APROVADO,1469.31,1,,
9988,1,2025-08-22T15:00:00+00,PIX,COBRANCA,APROVADO,1197.20,1,,
9989,1,2025-09-11T15:00:00+00,PIX,COBRANCA,APROVADO,646.79,1,,
9990,1,2025-10-28T15:00:00+00,PIX,COBRANCA,APROVADO,1247.94,1,,
9991,1,2025-11-17T15:00:00+00,PIX,COBRANCA,APROVADO,1844.85,1,,
9992,1,2025-11-06T15:00:00+00,PIX,COBRANCA,APROVADO,1126.47,1,,
9993,1,2025-12-23T15:00:00+00,PIX,COBRANCA,APROVADO,799.87,1,,
9994,1,2025-01-12T15:00:00+00,PIX,COBRANCA,APROVADO,687.60,1,,
9995,1,2025-03-01T15:00:00+00,PIX,COBRANCA,APROVADO,994.25,1,,
9996,1,2025-03-18T15:00:00+00,PIX,COBRANCA,APROVADO,1268.72,1,,
9997,1,2025-04-07T15:00:00+00,PIX,COBRANCA,APROVADO,389.40,1,,
9998,1,2025-05-24T15:00:00+00,PIX,COBRANCA,APROVADO,904.33,1,,
9999,1,2025-06-13T15:00:00+00,PIX,COBRANCA,APROVADO,1232.24,1,,
10000,1,2025-07-02T15:00:00+00,PIX,COBRANCA,APROVADO,265.41,1,,
10001,1,2025-08-19T15:00:00+00,PIX,COBRANCA,APROVADO,267.02,1,,
10002,1,2025-09-08T15:00:00+00,PIX,COBRANCA,APROVADO,497.99,1,,
10003,1,2025-10-25T15:00:00+00,PIX,COBRANCA,APROVADO,761.84,1,,
10004,1,2025-11-14T15:00:00+00,PIX,COBRANCA,APROVADO,478.81,1,,
10005,1,2025-11-03T15:00:00+00,PIX,COBRANCA,APROVADO,349.22,1,,
10006,1,2025-12-20T15:00:00+00,PIX,COBRANCA,APROVADO,645.95,1,,
10007,1,2025-01-09T15:00:00+00,PIX,COBRANCA,APROVADO,975.56,1,,
10008,1,2025-02-26T15:00:00+00,PIX,COBRANCA,APROVADO,626.77,1,,
10009,1,2025-03-15T15:00:00+00,PIX,COBRANCA,APROVADO,431.42,1,,
10010,1,2025-04-04T15:00:00+00,PIX,COBRANCA,APROVADO,793.91,1,,
10011,1,2025-05-21T15:00:00+00,PIX,COBRANCA,APROVADO,1189.28,1,,
10012,1,2025-06-10T15:00:00+00,PIX,COBRANCA,APROVADO,774.73,1,,
10013,1,2025-07-27T15:00:00+00,PIX,COBRANCA,APROVADO,513.62,1,,
10014,1,2025-08-16T15:00:00+00,PIX,COBRANCA,APROVADO,941.87,1,,
10015,1,2025-09-05T15:00:00+00,PIX,COBRANCA,APROVADO,1403.00,1,,
10016,1,2025-10-22T15:00:00+00,PIX,COBRANCA,APROVADO,922.69,1,,
10017,1,2025-11-11T15:00:00+00,PIX,COBRANCA,APROVADO,595.82,1,,
10018,1,2025-11-28T15:00:00+00,PIX,COBRANCA,APROVADO,1089.83,1,,
10019,1,2025-12-17T15:00:00+00,PIX,COBRANCA,APROVADO,1616.72,1,,
10020,1,2025-01-06T15:00:00+00,PIX,COBRANCA,APROVADO,1070.65,1,,
10021,1,2025-02-23T15:00:00+00,PIX,COBRANCA,APROVADO,678.02,1,,
10022,1,2025-03-12T15:00:00+00,PIX,COBRANCA,APROVADO,1237.79,1,,
10023,1,2025-04-29T15:00:00+00,PIX,COBRANCA,APROVADO,1830.44,1,,
10024,1,2025-05-18T15:00:00+00,PIX,COBRANCA,APROVADO,1218.61,1,,
10025,1,2025-06-07T15:00:00+00,PIX,COBRANCA,APROVADO,760.22,1,,
10026,1,2025-07-24T15:00:00+00,PIX,COBRANCA,APROVADO,1385.75,1,,
10027,1,2025-08-13T15:00:00+00,PIX,COBRANCA,APROVADO,2044.16,1,,
10028,1,2025-09-02T15:00:00+00,PIX,COBRANCA,APROVADO,1366.57,1,,
10029,1,2025-10-19T15:00:00+00,PIX,COBRANCA,APROVADO,842.42,1,,
10030,1,2025-11-08T15:00:00+00,PIX,COBRANCA,APROVADO,1533.71,1,,
10031,1,2025-11-25T15:00:00+00,PIX,COBRANCA,APROVADO,2065.31,1,,
10032,1,2025-12-14T15:00:00+00,PIX,COBRANCA,APROVADO,1089.77,1,,
10033,1,2025-01-03T15:00:00+00,PIX,COBRANCA,APROVADO,436.02,1,,
10034,1,2025-02-20T15:00:00+00,PIX,COBRANCA,APROVADO,768.69,1,,
10035,1,2025-03-09T15:00:00+00,PIX,COBRANCA,APROVADO,1116.44,1,,
10036,1,2025-04-26T15:00:00+00,PIX,COBRANCA,APROVADO,1356.91,1,,
10037,1,2025-05-15T15:00:00+00,PIX,COBRANCA,APROVADO,186.10,1,,
10038,1,2025-06-04T15:00:00+00,PIX,COBRANCA,APROVADO,412.24,1,,
10039,1,2025-07-21T15:00:00+00,PIX,COBRANCA,APROVADO,567.03,1,,
10040,1,2025-08-10T15:00:00+00,PIX,COBRANCA,APROVADO,338.79,1,,
10041,1,2025-09-27T15:00:00+00,PIX,COBRANCA,APROVADO,280.28,1,,
10042,1,2025-10-16T15:00:00+00,PIX,COBRANCA,APROVADO,461.11,1,,
10043,1,2025-11-05T15:00:00+00,PIX,COBRANCA,APROVADO,832.01,1,,
10044,1,2025-11-22T15:00:00+00,PIX,COBRANCA,APROVADO,488.61,1,,
10045,1,2025-12-11T15:00:00+00,PIX,COBRANCA,APROVADO,358.79,1,,
10046,1,2025-01-28T15:00:00+00,PIX,COBRANCA,APROVADO,648.57,1,,
10047,1,2025-02-17T15:00:00+00,PIX,COBRANCA,APROVADO,863.52,1,,
10048,1,2025-03-06T15:00:00+00,PIX,COBRANCA,APROVADO,684.87,1,,
10049,1,2025-04-23T15:00:00+00,PIX,COBRANCA,APROVADO,399.65,1,,
10050,1,2025-05-12T15:00:00+00,PIX,COBRANCA,APROVADO,807.75,1,,
10051,1,2025-06-29T15:00:00+00,PIX,COBRANCA,APROVADO,1331.76,1,,
10052,1,2025-07-18T15:00:00+00,PIX,COBRANCA,APROVADO,873.37,1,,
10053,1,2025-08-07T15:00:00+00,PIX,COBRANCA,APROVADO,568.42,1,,
10054,1,2025-09-24T15:00:00+00,PIX,COBRANCA,APROVADO,1040.51,1,,
10055,1,2025-10-13T15:00:00+00,PIX,COBRANCA,APROVADO,1545.48,1,,
10056,1,2025-11-02T15:00:00+00,PIX,COBRANCA,APROVADO,1021.33,1,,
10057,1,2025-11-19T15:00:00+00,PIX,COBRANCA,APROVADO,650.62,1,,
10058,1,2025-12-08T15:00:00+00,PIX,COBRANCA,APROVADO,1188.47,1,,
10059,1,2025-01-25T15:00:00+00,PIX,COBRANCA,APROVADO,1759.20,1,,
10060,1,2025-02-14T15:00:00+00,PIX,COBRANCA,APROVADO,1169.29,1,,
10061,1,2025-03-03T15:00:00+00,PIX,COBRANCA,APROVADO,732.82,1,,
10062,1,2025-04-20T15:00:00+00,PIX,COBRANCA,APROVADO,1336.43,1,,
10063,1,2025-05-09T15:00:00+00,PIX,COBRANCA,APROVADO,1972.92,1,,
10064,1,2025-06-26T15:00:00+00,PIX,COBRANCA,APROVADO,1317.25,1,,
10065,1,2025-07-15T15:00:00+00,PIX,COBRANCA,APROVADO,815.02,1,,
10066,1,2025-08-04T15:00:00+00,PIX,COBRANCA,APROVADO,1484.39,1,,
10067,1,2025-09-21T15:00:00+00,PIX,COBRANCA,APROVADO,2186.64,1,,
10068,1,2025-10-10T15:00:00+00,PIX,COBRANCA,APROVADO,1465.21,1,,
10069,1,2025-11-27T15:00:00+00,PIX,COBRANCA,APROVADO,436.90,1,,
10070,1,2025-11-16T15:00:00+00,PIX,COBRANCA,APROVADO,865.15,1,,
10071,1,2025-12-05T15:00:00+00,PIX,COBRANCA,APROVADO,1326.28,1,,
10072,1,2025-01-22T15:00:00+00,PIX,COBRANCA,APROVADO,1459.73,1,,
10073,1,2025-02-11T15:00:00+00,PIX,COBRANCA,APROVADO,519.10,1,,
10074,1,2025-03-28T15:00:00+00,PIX,COBRANCA,APROVADO,1013.11,1,,
10075,1,2025-04-17T15:00:00+00,PIX,COBRANCA,APROVADO,619.36,1,,
10076,1,2025-05-06T15:00:00+00,PIX,COBRANCA,APROVADO,380.17,1,,
10077,1,2025-06-23T15:00:00+00,PIX,COBRANCA,APROVADO,294.42,1,,
10078,1,2025-07-12T15:00:00+00,PIX,COBRANCA,APROVADO,547.31,1,,
10079,1,2025-08-29T15:00:00+00,PIX,COBRANCA,APROVADO,833.08,1,,
10080,1,2025-09-18T15:00:00+00,PIX,COBRANCA,APROVADO,528.13,1,,
10081,1,2025-10-07T15:00:00+00,PIX,COBRANCA,APROVADO,339.72,1,,
10082,1,2025-11-24T15:00:00+00,PIX,COBRANCA,APROVADO,537.29,1,,
10083,1,2025-11-13T15:00:00+00,PIX,COBRANCA,APROVADO,963.62,1,,
10084,1,2025-12-02T15:00:00+00,PIX,COBRANCA,APROVADO,571.94,1,,
10085,1,2025-01-19T15:00:00+00,PIX,COBRANCA,APROVADO,406.46,1,,
10086,1,2025-02-08T15:00:00+00,PIX,COBRANCA,APROVADO,734.56,1,,
10087,1,2025-03-25T15:00:00+00,PIX,COBRANCA,APROVADO,973.68,1,,
10088,1,2025-04-14T15:00:00+00,PIX,COBRANCA,APROVADO,778.01,1,,
10089,1,2025-05-03T15:00:00+00,PIX,COBRANCA,APROVADO,444.60,1,,
10090,1,2025-06-20T15:00:00+00,PIX,COBRANCA,APROVADO,865.68,1,,
10091,1,2025-07-09T15:00:00+00,PIX,COBRANCA,APROVADO,1285.07,1,,
10092,1,2025-08-26T15:00:00+00,PIX,COBRANCA,APROVADO,773.88,1,,
10093,1,2025-09-15T15:00:00+00,PIX,COBRANCA,APROVADO,573.03,1,,
10094,1,2025-10-04T15:00:00+00,PIX,COBRANCA,APROVADO,936.38,1,,
10095,1,2025-11-21T15:00:00+00,PIX,COBRANCA,APROVADO,1464.68,1,,
10096,1,2025-11-10T15:00:00+00,PIX,COBRANCA,APROVADO,1002.10,1,,
10097,1,2025-12-27T15:00:00+00,PIX,COBRANCA,APROVADO,544.77,1,,
10098,1,2025-01-16T15:00:00+00,PIX,COBRANCA,APROVADO,1185.44,1,,
10099,1,2025-02-05T15:00:00+00,PIX,COBRANCA,APROVADO,1563.82,1,,
10100,1,2025-03-22T15:00:00+00,PIX,COBRANCA,APROVADO,994.25,1,,
10101,1,2025-04-11T15:00:00+00,PIX,COBRANCA,APROVADO,787.62,1,,
10102,1,2025-05-28T15:00:00+00,PIX,COBRANCA,APROVADO,1435.07,1,,
10103,1,2025-06-17T15:00:00+00,PIX,COBRANCA,APROVADO,2115.40,1,,
10104,1,2025-07-06T15:00:00+00,PIX,COBRANCA,APROVADO,1415.89,1,,
10105,1,2025-08-23T15:00:00+00,PIX,COBRANCA,APROVADO,869.82,1,,
10106,1,2025-09-12T15:00:00+00,PIX,COBRANCA,APROVADO,815.83,1,,
10107,1,2025-10-29T15:00:00+00,PIX,COBRANCA,APROVADO,1255.04,1,,
10108,1,2025-11-18T15:00:00+00,PIX,COBRANCA,APROVADO,1410.41,1,,
10109,1,2025-11-07T15:00:00+00,PIX,COBRANCA,APROVADO,491.70,1,,
10110,1,2025-12-24T15:00:00+00,PIX,COBRANCA,APROVADO,963.79,1,,
10111,1,2025-01-13T15:00:00+00,PIX,COBRANCA,APROVADO,1468.76,1,,
10112,1,2025-02-02T15:00:00+00,PIX,COBRANCA,APROVADO,330.85,1,,
10113,1,2025-03-19T15:00:00+00,PIX,COBRANCA,APROVADO,267.02,1,,
10114,1,2025-04-08T15:00:00+00,PIX,COBRANCA,APROVADO,497.99,1,,
10115,1,2025-05-25T15:00:00+00,PIX,COBRANCA,APROVADO,761.84,1,,
10116,1,2025-06-14T15:00:00+00,PIX,COBRANCA,APROVADO,478.81,1,,
10117,1,2025-07-03T15:00:00+00,PIX,COBRANCA,APROVADO,349.22,1,,
10118,1,2025-08-20T15:00:00+00,PIX,COBRANCA,APROVADO,645.95,1,,
10119,1,2025-09-09T15:00:00+00,PIX,COBRANCA,APROVADO,975.56,1,,
10120,1,2025-10-26T15:00:00+00,PIX,COBRANCA,APROVADO,626.77,1,,
10121,1,2025-11-15T15:00:00+00,PIX,COBRANCA,APROVADO,431.42,1,,
10122,1,2025-11-04T15:00:00+00,PIX,COBRANCA,APROVADO,793.91,1,,
10123,1,2025-12-21T15:00:00+00,PIX,COBRANCA,APROVADO,1189.28,1,,
10124,1,2025-01-10T15:00:00+00,PIX,COBRANCA,APROVADO,774.73,1,,
10125,1,2025-02-27T15:00:00+00,PIX,COBRANCA,APROVADO,513.62,1,,
10126,1,2025-03-16T15:00:00+00,PIX,COBRANCA,APROVADO,941.87,1,,
10127,1,2025-04-05T15:00:00+00,PIX,COBRANCA,APROVADO,1403.00,1,,
10128,1,2025-05-22T15:00:00+00,PIX,COBRANCA,APROVADO,922.69,1,,
10129,1,2025-06-11T15:00:00+00,PIX,COBRANCA,APROVADO,595.82,1,,
10130,1,2025-07-28T15:00:00+00,PIX,COBRANCA,APROVADO,1089.83,1,,
10131,1,2025-08-17T15:00:00+00,PIX,COBRANCA,APROVADO,1475.95,1,,
10132,1,2025-09-06T15:00:00+00,PIX,COBRANCA,APROVADO,852.26,1,,
10133,1,2025-10-23T15:00:00+00,PIX,COBRANCA,APROVADO,623.43,1,,
10134,1,2025-11-12T15:00:00+00,PIX,COBRANCA,APROVADO,1017.46,1,,
10135,1,2025-11-29T15:00:00+00,PIX,COBRANCA,APROVADO,1586.94,1,,
10136,1,2025-12-18T15:00:00+00,PIX,COBRANCA,APROVADO,1090.37,1,,
10137,1,2025-01-07T15:00:00+00,PIX,COBRANCA,APROVADO,586.97,1,,
10138,1,2025-02-24T15:00:00+00,PIX,COBRANCA,APROVADO,1276.43,1,,
10139,1,2025-03-13T15:00:00+00,PIX,COBRANCA,APROVADO,1681.06,1,,
10140,1,2025-04-02T15:00:00+00,PIX,COBRANCA,APROVADO,1062.42,1,,
10141,1,2025-05-19T15:00:00+00,PIX,COBRANCA,APROVADO,733.20,1,,
10142,1,2025-06-08T15:00:00+00,PIX,COBRANCA,APROVADO,1184.76,1,,
10143,1,2025-07-25T15:00:00+00,PIX,COBRANCA,APROVADO,2081.50,1,,
10144,1,2025-08-14T15:00:00+00,PIX,COBRANCA,APROVADO,1157.23,1,,
10145,1,2025-09-03T15:00:00+00,PIX,COBRANCA,APROVADO,374.39,1,,
10146,1,2025-10-20T15:00:00+00,PIX,COBRANCA,APROVADO,813.81,1,,
10147,1,2025-11-09T15:00:00+00,PIX,COBRANCA,APROVADO,1104.39,1,,
10148,1,2025-11-26T15:00:00+00,PIX,COBRANCA,APROVADO,1431.76,1,,
10149,1,2025-12-15T15:00:00+00,PIX,COBRANCA,APROVADO,197.43,1,,
10150,1,2025-01-04T15:00:00+00,PIX,COBRANCA,APROVADO,413.19,1,,
10151,1,2025-02-21T15:00:00+00,PIX,COBRANCA,APROVADO,690.60,1,,
10152,1,2025-03-10T15:00:00+00,PIX,COBRANCA,APROVADO,429.49,1,,
10153,1,2025-04-27T15:00:00+00,PIX,COBRANCA,APROVADO,321.82,1,,
10154,1,2025-05-16T15:00:00+00,PIX,COBRANCA,APROVADO,596.63,1,,
10155,1,2025-06-05T15:00:00+00,PIX,COBRANCA,APROVADO,904.32,1,,
10156,1,2025-07-22T15:00:00+00,PIX,COBRANCA,APROVADO,577.45,1,,
10157,1,2025-08-11T15:00:00+00,PIX,COBRANCA,APROVADO,404.02,1,,
10158,1,2025-09-28T15:00:00+00,PIX,COBRANCA,APROVADO,744.59,1,,
10159,1,2025-10-17T15:00:00+00,PIX,COBRANCA,APROVADO,1118.04,1,,
10160,1,2025-11-06T15:00:00+00,PIX,COBRANCA,APROVADO,725.41,1,,
10161,1,2025-11-23T15:00:00+00,PIX,COBRANCA,APROVADO,486.22,1,,
10162,1,2025-12-12T15:00:00+00,PIX,COBRANCA,APROVADO,892.55,1,,
10163,1,2025-01-29T15:00:00+00,PIX,COBRANCA,APROVADO,1331.76,1,,
10164,1,2025-02-18T15:00:00+00,PIX,COBRANCA,APROVADO,873.37,1,,
10165,1,2025-03-07T15:00:00+00,PIX,COBRANCA,APROVADO,568.42,1,,
10166,1,2025-04-24T15:00:00+00,PIX,COBRANCA,APROVADO,1040.51,1,,
10167,1,2025-05-13T15:00:00+00,PIX,COBRANCA,APROVADO,1545.48,1,,
10168,1,2025-06-02T15:00:00+00,PIX,COBRANCA,APROVADO,1021.33,1,,
10169,1,2025-07-19T15:00:00+00,PIX,COBRANCA,APROVADO,650.62,1,,
10170,1,2025-08-08T15:00:00+00,PIX,COBRANCA,APROVADO,1188.47,1,,
10171,1,2025-09-25T15:00:00+00,PIX,COBRANCA,APROVADO,1759.20,1,,
10172,1,2025-10-14T15:00:00+00,PIX,COBRANCA,APROVADO,1169.29,1,,
10173,1,2025-11-03T15:00:00+00,PIX,COBRANCA,APROVADO,732.82,1,,
10174,1,2025-11-20T15:00:00+00,PIX,COBRANCA,APROVADO,1336.43,1,,
10175,1,2025-12-09T15:00:00+00,PIX,COBRANCA,APROVADO,1972.92,1,,
10176,1,2025-01-26T15:00:00+00,PIX,COBRANCA,APROVADO,1317.25,1,,
10177,1,2025-02-15T15:00:00+00,PIX,COBRANCA,APROVADO,815.02,1,,
10178,1,2025-03-04T15:00:00+00,PIX,COBRANCA,APROVADO,1484.39,1,,
10179,1,2025-04-21T15:00:00+00,PIX,COBRANCA,APROVADO,2186.64,1,,
10180,1,2025-05-10T15:00:00+00,PIX,COBRANCA,APROVADO,1465.21,1,,
10181,1,2025-06-27T15:00:00+00,PIX,COBRANCA,APROVADO,422.17,1,,
10182,1,2025-07-16T15:00:00+00,PIX,COBRANCA,APROVADO,685.50,1,,
10183,1,2025-08-05T15:00:00+00,PIX,COBRANCA,APROVADO,1246.35,1,,
10184,1,2025-09-22T15:00:00+00,PIX,COBRANCA,APROVADO,1240.48,1,,
10185,1,2025-10-11T15:00:00+00,PIX,COBRANCA,APROVADO,422.09,1,,
10186,1,2025-11-28T15:00:00+00,PIX,COBRANCA,APROVADO,899.80,1,,
10187,1,2025-11-17T15:00:00+00,PIX,COBRANCA,APROVADO,477.99,1,,
10188,1,2025-12-06T15:00:00+00,PIX,COBRANCA,APROVADO,358.74,1,,
10189,1,2025-01-23T15:00:00+00,PIX,COBRANCA,APROVADO,242.38,1,,
10190,1,2025-02-12T15:00:00+00,PIX,COBRANCA,APROVADO,483.47,1,,
10191,1,2025-03-29T15:00:00+00,PIX,COBRANCA,APROVADO,725.29,1,,
10192,1,2025-04-18T15:00:00+00,PIX,COBRANCA,APROVADO,421.21,1,,
10193,1,2025-05-07T15:00:00+00,PIX,COBRANCA,APROVADO,346.16,1,,
10194,1,2025-06-24T15:00:00+00,PIX,COBRANCA,APROVADO,571.40,1,,
10195,1,2025-07-13T15:00:00+00,PIX,COBRANCA,APROVADO,914.79,1,,
10196,1,2025-08-02T15:00:00+00,PIX,COBRANCA,APROVADO,605.06,1,,
10197,1,2025-09-19T15:00:00+00,PIX,COBRANCA,APROVADO,354.88,1,,
10198,1,2025-10-08T15:00:00+00,PIX,COBRANCA,APROVADO,776.09,1,,
10199,1,2025-11-25T15:00:00+00,PIX,COBRANCA,APROVADO,1036.08,1,,
10200,1,2025-11-14T15:00:00+00,PIX,COBRANCA,APROVADO,649.01,1,,
10201,1,2025-12-03T15:00:00+00,PIX,COBRANCA,APROVADO,541.02,1,,
10202,1,2025-01-20T15:00:00+00,PIX,COBRANCA,APROVADO,991.19,1,,
10203,1,2025-02-09T15:00:00+00,PIX,COBRANCA,APROVADO,1474.24,1,,
10204,1,2025-03-26T15:00:00+00,PIX,COBRANCA,APROVADO,972.01,1,,
10205,1,2025-04-15T15:00:00+00,PIX,COBRANCA,APROVADO,623.22,1,,
10206,1,2025-05-04T15:00:00+00,PIX,COBRANCA,APROVADO,1139.15,1,,
10207,1,2025-06-21T15:00:00+00,PIX,COBRANCA,APROVADO,1687.96,1,,
10208,1,2025-07-10T15:00:00+00,PIX,COBRANCA,APROVADO,1119.97,1,,
10209,1,2025-08-27T15:00:00+00,PIX,COBRANCA,APROVADO,705.42,1,,
10210,1,2025-09-16T15:00:00+00,PIX,COBRANCA,APROVADO,1287.11,1,,
10211,1,2025-10-05T15:00:00+00,PIX,COBRANCA,APROVADO,1901.68,1,,
10212,1,2025-11-22T15:00:00+00,PIX,COBRANCA,APROVADO,1267.93,1,,
10213,1,2025-11-11T15:00:00+00,PIX,COBRANCA,APROVADO,787.62,1,,
10214,1,2025-12-28T15:00:00+00,PIX,COBRANCA,APROVADO,1435.07,1,,
10215,1,2025-01-17T15:00:00+00,PIX,COBRANCA,APROVADO,2115.40,1,,
10216,1,2025-02-06T15:00:00+00,PIX,COBRANCA,APROVADO,1415.89,1,,
10217,1,2025-03-23T15:00:00+00,PIX,COBRANCA,APROVADO,869.82,1,,
10218,1,2025-04-12T15:00:00+00,PIX,COBRANCA,APROVADO,815.83,1,,
10219,1,2025-05-29T15:00:00+00,PIX,COBRANCA,APROVADO,1255.04,1,,
10220,1,2025-06-18T15:00:00+00,PIX,COBRANCA,APROVADO,1410.41,1,,
10221,1,2025-07-07T15:00:00+00,PIX,COBRANCA,APROVADO,491.70,1,,
10222,1,2025-08-24T15:00:00+00,PIX,COBRANCA,APROVADO,963.79,1,,
10223,1,2025-09-13T15:00:00+00,PIX,COBRANCA,APROVADO,1468.76,1,,
10224,1,2025-10-02T15:00:00+00,PIX,COBRANCA,APROVADO,330.85,1,,
10225,1,2025-11-19T15:00:00+00,PIX,COBRANCA,APROVADO,267.02,1,,
10226,1,2025-11-08T15:00:00+00,PIX,COBRANCA,APROVADO,497.99,1,,
10227,1,2025-12-25T15:00:00+00,PIX,COBRANCA,APROVADO,761.84,1,,
10228,1,2025-01-14T15:00:00+00,PIX,COBRANCA,APROVADO,478.81,1,,
10229,1,2025-02-03T15:00:00+00,PIX,COBRANCA,APROVADO,349.22,1,,
10230,1,2025-03-20T15:00:00+00,PIX,COBRANCA,APROVADO,645.95,1,,
10231,1,2025-04-09T15:00:00+00,PIX,COBRANCA,APROVADO,886.52,1,,
10232,1,2025-05-26T15:00:00+00,PIX,COBRANCA,APROVADO,499.59,1,,
10233,1,2025-06-15T15:00:00+00,PIX,COBRANCA,APROVADO,396.56,1,,
10234,1,2025-07-04T15:00:00+00,PIX,COBRANCA,APROVADO,652.53,1,,
10235,1,2025-08-21T15:00:00+00,PIX,COBRANCA,APROVADO,1036.98,1,,
10236,1,2025-09-10T15:00:00+00,PIX,COBRANCA,APROVADO,693.33,1,,
10237,1,2025-10-27T15:00:00+00,PIX,COBRANCA,APROVADO,397.08,1,,
10238,1,2025-11-16T15:00:00+00,PIX,COBRANCA,APROVADO,867.08,1,,
10239,1,2025-11-05T15:00:00+00,PIX,COBRANCA,APROVADO,1153.39,1,,
10240,1,2025-12-22T15:00:00+00,PIX,COBRANCA,APROVADO,719.65,1,,
10241,1,2025-01-11T15:00:00+00,PIX,COBRANCA,APROVADO,518.66,1,,
10242,1,2025-02-28T15:00:00+00,PIX,COBRANCA,APROVADO,841.97,1,,
10243,1,2025-03-17T15:00:00+00,PIX,COBRANCA,APROVADO,1489.61,1,,
10244,1,2025-04-06T15:00:00+00,PIX,COBRANCA,APROVADO,905.09,1,,
10245,1,2025-05-23T15:00:00+00,PIX,COBRANCA,APROVADO,597.17,1,,
10246,1,2025-06-12T15:00:00+00,PIX,COBRANCA,APROVADO,1078.75,1,,
10247,1,2025-07-29T15:00:00+00,PIX,COBRANCA,APROVADO,1414.26,1,,
10248,1,2025-08-18T15:00:00+00,PIX,COBRANCA,APROVADO,1150.67,1,,
10249,1,2025-09-07T15:00:00+00,PIX,COBRANCA,APROVADO,624.33,1,,
10250,1,2025-10-24T15:00:00+00,PIX,COBRANCA,APROVADO,1246.15,1,,
10251,1,2025-11-13T15:00:00+00,PIX,COBRANCA,APROVADO,2044.16,1,,
10252,1,2025-11-02T15:00:00+00,PIX,COBRANCA,APROVADO,1366.57,1,,
10253,1,2025-12-19T15:00:00+00,PIX,COBRANCA,APROVADO,842.42,1,,
10254,1,2025-01-08T15:00:00+00,PIX,COBRANCA,APROVADO,1533.71,1,,
10255,1,2025-02-25T15:00:00+00,PIX,COBRANCA,APROVADO,2257.88,1,,
10256,1,2025-03-14T15:00:00+00,PIX,COBRANCA,APROVADO,1361.09,1,,
10257,1,2025-04-03T15:00:00+00,PIX,COBRANCA,APROVADO,464.30,1,,
10258,1,2025-05-20T15:00:00+00,PIX,COBRANCA,APROVADO,914.47,1,,
10259,1,2025-06-09T15:00:00+00,PIX,COBRANCA,APROVADO,1397.52,1,,
10260,1,2025-07-26T15:00:00+00,PIX,COBRANCA,APROVADO,1509.05,1,,
10261,1,2025-08-15T15:00:00+00,PIX,COBRANCA,APROVADO,239.62,1,,
10262,1,2025-09-04T15:00:00+00,PIX,COBRANCA,APROVADO,448.67,1,,
10263,1,2025-10-21T15:00:00+00,PIX,COBRANCA,APROVADO,690.60,1,,
10264,1,2025-11-10T15:00:00+00,PIX,COBRANCA,APROVADO,429.49,1,,
10265,1,2025-11-27T15:00:00+00,PIX,COBRANCA,APROVADO,321.82,1,,
10266,1,2025-12-16T15:00:00+00,PIX,COBRANCA,APROVADO,596.63,1,,
10267,1,2025-01-05T15:00:00+00,PIX,COBRANCA,APROVADO,904.32,1,,
10268,1,2025-02-22T15:00:00+00,PIX,COBRANCA,APROVADO,577.45,1,,
10269,1,2025-03-11T15:00:00+00,PIX,COBRANCA,APROVADO,404.02,1,,
10270,1,2025-04-28T15:00:00+00,PIX,COBRANCA,APROVADO,744.59,1,,
10271,1,2025-05-17T15:00:00+00,PIX,COBRANCA,APROVADO,1118.04,1,,
10272,1,2025-06-06T15:00:00+00,PIX,COBRANCA,APROVADO,725.41,1,,
10273,1,2025-07-23T15:00:00+00,PIX,COBRANCA,APROVADO,486.22,1,,
10274,1,2025-08-12T15:00:00+00,PIX,COBRANCA,APROVADO,892.55,1,,
10275,1,2025-09-29T15:00:00+00,PIX,COBRANCA,APROVADO,1331.76,1,,
10276,1,2025-10-18T15:00:00+00,PIX,COBRANCA,APROVADO,873.37,1,,
10277,1,2025-11-07T15:00:00+00,PIX,COBRANCA,APROVADO,568.42,1,,
10278,1,2025-11-24T15:00:00+00,PIX,COBRANCA,APROVADO,1040.51,1,,
10279,1,2025-12-13T15:00:00+00,PIX,COBRANCA,APROVADO,1545.48,1,,
10280,1,2025-01-02T15:00:00+00,PIX,COBRANCA,APROVADO,1021.33,1,,
10281,1,2025-02-19T15:00:00+00,PIX,COBRANCA,APROVADO,589.06,1,,
10282,1,2025-03-08T15:00:00+00,PIX,COBRANCA,APROVADO,918.15,1,,
10283,1,2025-04-25T15:00:00+00,PIX,COBRANCA,APROVADO,1621.22,1,,
10284,1,2025-05-14T15:00:00+00,PIX,COBRANCA,APROVADO,988.42,1,,
10285,1,2025-06-03T15:00:00+00,PIX,COBRANCA,APROVADO,644.84,1,,
10286,1,2025-07-20T15:00:00+00,PIX,COBRANCA,APROVADO,1164.74,1,,
10287,1,2025-08-09T15:00:00+00,PIX,COBRANCA,APROVADO,1524.42,1,,
10288,1,2025-09-26T15:00:00+00,PIX,COBRANCA,APROVADO,1243.81,1,,
10289,1,2025-10-15T15:00:00+00,PIX,COBRANCA,APROVADO,669.28,1,,
10290,1,2025-11-04T15:00:00+00,PIX,COBRANCA,APROVADO,1290.38,1,,
10291,1,2025-11-21T15:00:00+00,PIX,COBRANCA,APROVADO,1907.05,1,,
10292,1,2025-12-10T15:00:00+00,PIX,COBRANCA,APROVADO,1165.70,1,,
10293,1,2025-01-27T15:00:00+00,PIX,COBRANCA,APROVADO,410.81,1,,
10294,1,2025-02-16T15:00:00+00,PIX,COBRANCA,APROVADO,728.10,1,,
10295,1,2025-03-05T15:00:00+00,PIX,COBRANCA,APROVADO,1055.38,1,,
10296,1,2025-04-22T15:00:00+00,PIX,COBRANCA,APROVADO,1312.81,1,,
10297,1,2025-05-11T15:00:00+00,PIX,COBRANCA,APROVADO,410.51,1,,
10298,1,2025-06-28T15:00:00+00,PIX,COBRANCA,APROVADO,949.83,1,,
10299,1,2025-07-17T15:00:00+00,PIX,COBRANCA,APROVADO,508.34,1,,
10300,1,2025-08-06T15:00:00+00,PIX,COBRANCA,APROVADO,303.77,1,,
10301,1,2025-09-23T15:00:00+00,PIX,COBRANCA,APROVADO,294.42,1,,
10302,1,2025-10-12T15:00:00+00,PIX,COBRANCA,APROVADO,547.31,1,,
10303,1,2025-11-29T15:00:00+00,PIX,COBRANCA,APROVADO,833.08,1,,
10304,1,2025-11-18T15:00:00+00,PIX,COBRANCA,APROVADO,528.13,1,,
10305,1,2025-12-07T15:00:00+00,PIX,COBRANCA,APROVADO,376.62,1,,
10306,1,2025-01-24T15:00:00+00,PIX,COBRANCA,APROVADO,695.27,1,,
10307,1,2025-02-13T15:00:00+00,PIX,COBRANCA,APROVADO,1046.80,1,,
10308,1,2025-03-02T15:00:00+00,PIX,COBRANCA,APROVADO,676.09,1,,
10309,1,2025-04-19T15:00:00+00,PIX,COBRANCA,APROVADO,458.82,1,,
10310,1,2025-05-08T15:00:00+00,PIX,COBRANCA,APROVADO,843.23,1,,
10311,1,2025-06-25T15:00:00+00,PIX,COBRANCA,APROVADO,1260.52,1,,
10312,1,2025-07-14T15:00:00+00,PIX,COBRANCA,APROVADO,824.05,1,,
10313,1,2025-08-03T15:00:00+00,PIX,COBRANCA,APROVADO,541.02,1,,
10314,1,2025-09-20T15:00:00+00,PIX,COBRANCA,APROVADO,991.19,1,,
10315,1,2025-10-09T15:00:00+00,PIX,COBRANCA,APROVADO,1474.24,1,,
10316,1,2025-11-26T15:00:00+00,PIX,COBRANCA,APROVADO,972.01,1,,
10317,1,2025-11-15T15:00:00+00,PIX,COBRANCA,APROVADO,623.22,1,,
10318,1,2025-12-04T15:00:00+00,PIX,COBRANCA,APROVADO,1139.15,1,,
10319,1,2025-01-21T15:00:00+00,PIX,COBRANCA,APROVADO,1687.96,1,,
10320,1,2025-02-10T15:00:00+00,PIX,COBRANCA,APROVADO,1119.97,1,,
10321,1,2025-03-27T15:00:00+00,PIX,COBRANCA,APROVADO,705.42,1,,
10322,1,2025-04-16T15:00:00+00,PIX,COBRANCA,APROVADO,1287.11,1,,
10323,1,2025-05-05T15:00:00+00,PIX,COBRANCA,APROVADO,1901.68,1,,
10324,1,2025-06-22T15:00:00+00,PIX,COBRANCA,APROVADO,1267.93,1,,
10325,1,2025-07-11T15:00:00+00,PIX,COBRANCA,APROVADO,787.62,1,,
10326,1,2025-08-28T15:00:00+00,PIX,COBRANCA,APROVADO,1435.07,1,,
10327,1,2025-09-17T15:00:00+00,PIX,COBRANCA,APROVADO,2115.40,1,,
10328,1,2025-10-06T15:00:00+00,PIX,COBRANCA,APROVADO,1415.89,1,,
10329,1,2025-11-23T15:00:00+00,PIX,COBRANCA,APROVADO,869.82,1,,
10330,1,2025-11-12T15:00:00+00,PIX,COBRANCA,APROVADO,815.83,1,,
10331,1,2025-12-29T15:00:00+00,PIX,COBRANCA,APROVADO,1217.80,1,,
10332,1,2025-01-18T15:00:00+00,PIX,COBRANCA,APROVADO,1129.00,1,,
10333,1,2025-02-07T15:00:00+00,PIX,COBRANCA,APROVADO,461.21,1,,
10334,1,2025-03-24T15:00:00+00,PIX,COBRANCA,APROVADO,809.23,1,,
10335,1,2025-04-13T15:00:00+00,PIX,COBRANCA,APROVADO,1177.57,1,,
10336,1,2025-05-02T15:00:00+00,PIX,COBRANCA,APROVADO,296.29,1,,
10337,1,2025-06-19T15:00:00+00,PIX,COBRANCA,APROVADO,207.19,1,,
10338,1,2025-07-08T15:00:00+00,PIX,COBRANCA,APROVADO,457.73,1,,
10339,1,2025-08-25T15:00:00+00,PIX,COBRANCA,APROVADO,625.59,1,,
10340,1,2025-09-14T15:00:00+00,PIX,COBRANCA,APROVADO,376.87,1,,
10341,1,2025-10-03T15:00:00+00,PIX,COBRANCA,APROVADO,304.14,1,,
10342,1,2025-11-20T15:00:00+00,PIX,COBRANCA,APROVADO,499.18,1,,
10343,1,2025-11-09T15:00:00+00,PIX,COBRANCA,APROVADO,897.78,1,,
10344,1,2025-12-26T15:00:00+00,PIX,COBRANCA,APROVADO,530.27,1,,
10345,1,2025-01-15T15:00:00+00,PIX,COBRANCA,APROVADO,382.61,1,,
10346,1,2025-02-04T15:00:00+00,PIX,COBRANCA,APROVADO,691.59,1,,
10347,1,2025-03-21T15:00:00+00,PIX,COBRANCA,APROVADO,918.57,1,,
10348,1,2025-04-10T15:00:00+00,PIX,COBRANCA,APROVADO,731.40,1,,
10349,1,2025-05-27T15:00:00+00,PIX,COBRANCA,APROVADO,422.11,1,,
10350,1,2025-06-16T15:00:00+00,PIX,COBRANCA,APROVADO,851.59,1,,
10351,1,2025-07-05T15:00:00+00,PIX,COBRANCA,APROVADO,1403.00,1,,
10352,1,2025-08-22T15:00:00+00,PIX,COBRANCA,APROVADO,922.69,1,,
10353,1,2025-09-11T15:00:00+00,PIX,COBRANCA,APROVADO,595.82,1,,
10354,1,2025-10-28T15:00:00+00,PIX,COBRANCA,APROVADO,1089.83,1,,
10355,1,2025-11-17T15:00:00+00,PIX,COBRANCA,APROVADO,1616.72,1,,
10356,1,2025-11-06T15:00:00+00,PIX,COBRANCA,APROVADO,1070.65,1,,
10357,1,2025-12-23T15:00:00+00,PIX,COBRANCA,APROVADO,678.02,1,,
10358,1,2025-01-12T15:00:00+00,PIX,COBRANCA,APROVADO,1237.79,1,,
10359,1,2025-03-01T15:00:00+00,PIX,COBRANCA,APROVADO,1830.44,1,,
10360,1,2025-03-18T15:00:00+00,PIX,COBRANCA,APROVADO,1218.61,1,,
10361,1,2025-04-07T15:00:00+00,PIX,COBRANCA,APROVADO,760.22,1,,
10362,1,2025-05-24T15:00:00+00,PIX,COBRANCA,APROVADO,1385.75,1,,
10363,1,2025-06-13T15:00:00+00,PIX,COBRANCA,APROVADO,2044.16,1,,
10364,1,2025-07-02T15:00:00+00,PIX,COBRANCA,APROVADO,1366.57,1,,
10365,1,2025-08-19T15:00:00+00,PIX,COBRANCA,APROVADO,842.42,1,,
10366,1,2025-09-08T15:00:00+00,PIX,COBRANCA,APROVADO,1533.71,1,,
10367,1,2025-10-25T15:00:00+00,PIX,COBRANCA,APROVADO,2257.88,1,,
10368,1,2025-11-14T15:00:00+00,PIX,COBRANCA,APROVADO,1361.09,1,,
10369,1,2025-11-03T15:00:00+00,PIX,COBRANCA,APROVADO,464.30,1,,
10370,1,2025-12-20T15:00:00+00,PIX,COBRANCA,APROVADO,914.47,1,,
10371,1,2025-01-09T15:00:00+00,PIX,COBRANCA,APROVADO,1397.52,1,,
10372,1,2025-02-26T15:00:00+00,PIX,COBRANCA,APROVADO,1509.05,1,,
10373,1,2025-03-15T15:00:00+00,PIX,COBRANCA,APROVADO,239.62,1,,
10374,1,2025-04-04T15:00:00+00,PIX,COBRANCA,APROVADO,448.67,1,,
10375,1,2025-05-21T15:00:00+00,PIX,COBRANCA,APROVADO,690.60,1,,
10376,1,2025-06-10T15:00:00+00,PIX,COBRANCA,APROVADO,429.49,1,,
10377,1,2025-07-27T15:00:00+00,PIX,COBRANCA,APROVADO,321.82,1,,
10378,1,2025-08-16T15:00:00+00,PIX,COBRANCA,APROVADO,596.63,1,,
10379,1,2025-09-05T15:00:00+00,PIX,COBRANCA,APROVADO,904.32,1,,
10380,1,2025-10-22T15:00:00+00,PIX,COBRANCA,APROVADO,577.45,1,,
10381,1,2025-11-11T15:00:00+00,PIX,COBRANCA,APROVADO,364.63,1,,
10382,1,2025-11-28T15:00:00+00,PIX,COBRANCA,APROVADO,575.36,1,,
10383,1,2025-12-17T15:00:00+00,PIX,COBRANCA,APROVADO,1029.33,1,,
10384,1,2025-01-06T15:00:00+00,PIX,COBRANCA,APROVADO,613.60,1,,
10385,1,2025-02-23T15:00:00+00,PIX,COBRANCA,APROVADO,430.31,1,,
10386,1,2025-03-12T15:00:00+00,PIX,COBRANCA,APROVADO,777.58,1,,
10387,1,2025-04-29T15:00:00+00,PIX,COBRANCA,APROVADO,1028.73,1,,
10388,1,2025-05-18T15:00:00+00,PIX,COBRANCA,APROVADO,824.54,1,,
10389,1,2025-06-07T15:00:00+00,PIX,COBRANCA,APROVADO,467.06,1,,
10390,1,2025-07-24T15:00:00+00,PIX,COBRANCA,APROVADO,908.17,1,,
10391,1,2025-08-13T15:00:00+00,PIX,COBRANCA,APROVADO,1347.27,1,,
10392,1,2025-09-02T15:00:00+00,PIX,COBRANCA,APROVADO,813.03,1,,
10393,1,2025-10-19T15:00:00+00,PIX,COBRANCA,APROVADO,598.24,1,,
10394,1,2025-11-08T15:00:00+00,PIX,COBRANCA,APROVADO,976.92,1,,
10395,1,2025-11-25T15:00:00+00,PIX,COBRANCA,APROVADO,1525.81,1,,
10396,1,2025-12-14T15:00:00+00,PIX,COBRANCA,APROVADO,1046.20,1,,
10397,1,2025-01-03T15:00:00+00,PIX,COBRANCA,APROVADO,565.86,1,,
10398,1,2025-02-20T15:00:00+00,PIX,COBRANCA,APROVADO,1230.93,1,,
10399,1,2025-03-09T15:00:00+00,PIX,COBRANCA,APROVADO,1622.44,1,,
10400,1,2025-04-26T15:00:00+00,PIX,COBRANCA,APROVADO,1032.61,1,,
10401,1,2025-05-15T15:00:00+00,PIX,COBRANCA,APROVADO,815.02,1,,
10402,1,2025-06-04T15:00:00+00,PIX,COBRANCA,APROVADO,1484.39,1,,
10403,1,2025-07-21T15:00:00+00,PIX,COBRANCA,APROVADO,2186.64,1,,
10404,1,2025-08-10T15:00:00+00,PIX,COBRANCA,APROVADO,1465.21,1,,
10405,1,2025-09-27T15:00:00+00,PIX,COBRANCA,APROVADO,436.90,1,,
10406,1,2025-10-16T15:00:00+00,PIX,COBRANCA,APROVADO,865.15,1,,
10407,1,2025-11-05T15:00:00+00,PIX,COBRANCA,APROVADO,1326.28,1,,
10408,1,2025-11-22T15:00:00+00,PIX,COBRANCA,APROVADO,1459.73,1,,
10409,1,2025-12-11T15:00:00+00,PIX,COBRANCA,APROVADO,519.10,1,,
10410,1,2025-01-28T15:00:00+00,PIX,COBRANCA,APROVADO,1013.11,1,,
10411,1,2025-02-17T15:00:00+00,PIX,COBRANCA,APROVADO,619.36,1,,
10412,1,2025-03-06T15:00:00+00,PIX,COBRANCA,APROVADO,380.17,1,,
10413,1,2025-04-23T15:00:00+00,PIX,COBRANCA,APROVADO,294.42,1,,
10414,1,2025-05-12T15:00:00+00,PIX,COBRANCA,APROVADO,547.31,1,,
10415,1,2025-06-29T15:00:00+00,PIX,COBRANCA,APROVADO,833.08,1,,
10416,1,2025-07-18T15:00:00+00,PIX,COBRANCA,APROVADO,528.13,1,,
10417,1,2025-08-07T15:00:00+00,PIX,COBRANCA,APROVADO,376.62,1,,
10418,1,2025-09-24T15:00:00+00,PIX,COBRANCA,APROVADO,695.27,1,,
10419,1,2025-10-13T15:00:00+00,PIX,COBRANCA,APROVADO,1046.80,1,,
10420,1,2025-11-02T15:00:00+00,PIX,COBRANCA,APROVADO,676.09,1,,
10421,1,2025-11-19T15:00:00+00,PIX,COBRANCA,APROVADO,458.82,1,,
10422,1,2025-12-08T15:00:00+00,PIX,COBRANCA,APROVADO,843.23,1,,
10423,1,2025-01-25T15:00:00+00,PIX,COBRANCA,APROVADO,1260.52,1,,
10424,1,2025-02-14T15:00:00+00,PIX,COBRANCA,APROVADO,824.05,1,,
10425,1,2025-03-03T15:00:00+00,PIX,COBRANCA,APROVADO,541.02,1,,
10426,1,2025-04-20T15:00:00+00,PIX,COBRANCA,APROVADO,991.19,1,,
10427,1,2025-05-09T15:00:00+00,PIX,COBRANCA,APROVADO,1474.24,1,,
10428,1,2025-06-26T15:00:00+00,PIX,COBRANCA,APROVADO,972.01,1,,
10429,1,2025-07-15T15:00:00+00,PIX,COBRANCA,APROVADO,623.22,1,,
10430,1,2025-08-04T15:00:00+00,PIX,COBRANCA,APROVADO,1139.15,1,,
10431,1,2025-09-21T15:00:00+00,PIX,COBRANCA,APROVADO,1541.38,1,,
10432,1,2025-10-10T15:00:00+00,PIX,COBRANCA,APROVADO,891.41,1,,
10433,1,2025-11-27T15:00:00+00,PIX,COBRANCA,APROVADO,648.64,1,,
10434,1,2025-11-16T15:00:00+00,PIX,COBRANCA,APROVADO,1058.05,1,,
10435,1,2025-12-05T15:00:00+00,PIX,COBRANCA,APROVADO,1648.00,1,,
10436,1,2025-01-22T15:00:00+00,PIX,COBRANCA,APROVADO,1134.47,1,,
10437,1,2025-02-11T15:00:00+00,PIX,COBRANCA,APROVADO,608.06,1,,
10438,1,2025-03-28T15:00:00+00,PIX,COBRANCA,APROVADO,1321.92,1,,
10439,1,2025-04-17T15:00:00+00,PIX,COBRANCA,APROVADO,1739.75,1,,
10440,1,2025-05-06T15:00:00+00,PIX,COBRANCA,APROVADO,1100.51,1,,
10441,1,2025-06-23T15:00:00+00,PIX,COBRANCA,APROVADO,757.04,1,,
10442,1,2025-07-12T15:00:00+00,PIX,COBRANCA,APROVADO,647.43,1,,
10443,1,2025-08-29T15:00:00+00,PIX,COBRANCA,APROVADO,1180.58,1,,
10444,1,2025-09-18T15:00:00+00,PIX,COBRANCA,APROVADO,1198.82,1,,
10445,1,2025-10-07T15:00:00+00,PIX,COBRANCA,APROVADO,398.24,1,,
10446,1,2025-11-24T15:00:00+00,PIX,COBRANCA,APROVADO,856.78,1,,
10447,1,2025-11-13T15:00:00+00,PIX,COBRANCA,APROVADO,1159.44,1,,
10448,1,2025-12-02T15:00:00+00,PIX,COBRANCA,APROVADO,312.21,1,,
10449,1,2025-01-19T15:00:00+00,PIX,COBRANCA,APROVADO,219.92,1,,
10450,1,2025-02-08T15:00:00+00,PIX,COBRANCA,APROVADO,457.03,1,,
10451,1,2025-11-06T15:00:00+00,PIX,COBRANCA,APROVADO,748.94,1,,
10452,1,2025-11-23T15:00:00+00,PIX,COBRANCA,APROVADO,465.91,1,,
10453,1,2025-12-12T15:00:00+00,PIX,COBRANCA,APROVADO,336.32,1,,
10454,1,2025-01-29T15:00:00+00,PIX,COBRANCA,APROVADO,633.05,1,,
10455,1,2025-02-18T15:00:00+00,PIX,COBRANCA,APROVADO,962.66,1,,
10456,1,2025-03-07T15:00:00+00,PIX,COBRANCA,APROVADO,613.87,1,,
10457,1,2025-04-24T15:00:00+00,PIX,COBRANCA,APROVADO,418.52,1,,
10458,1,2025-05-13T15:00:00+00,PIX,COBRANCA,APROVADO,781.01,1,,
10459,1,2025-06-02T15:00:00+00,PIX,COBRANCA,APROVADO,1176.38,1,,
10460,1,2025-07-19T15:00:00+00,PIX,COBRANCA,APROVADO,761.83,1,,
10461,1,2025-08-08T15:00:00+00,PIX,COBRANCA,APROVADO,500.72,1,,
10462,1,2025-09-25T15:00:00+00,PIX,COBRANCA,APROVADO,928.97,1,,
10463,1,2025-10-14T15:00:00+00,PIX,COBRANCA,APROVADO,1390.10,1,,
10464,1,2025-11-03T15:00:00+00,PIX,COBRANCA,APROVADO,909.79,1,,
10465,1,2025-11-20T15:00:00+00,PIX,COBRANCA,APROVADO,582.92,1,,
10466,1,2025-12-09T15:00:00+00,PIX,COBRANCA,APROVADO,1076.93,1,,
10467,1,2025-01-26T15:00:00+00,PIX,COBRANCA,APROVADO,1603.82,1,,
10468,1,2025-02-15T15:00:00+00,PIX,COBRANCA,APROVADO,1057.75,1,,
10469,1,2025-03-04T15:00:00+00,PIX,COBRANCA,APROVADO,665.12,1,,
10470,1,2025-04-21T15:00:00+00,PIX,COBRANCA,APROVADO,1224.89,1,,
10471,1,2025-05-10T15:00:00+00,PIX,COBRANCA,APROVADO,1817.54,1,,
10472,1,2025-06-27T15:00:00+00,PIX,COBRANCA,APROVADO,1205.71,1,,
10473,1,2025-07-16T15:00:00+00,PIX,COBRANCA,APROVADO,747.32,1,,
10474,1,2025-08-05T15:00:00+00,PIX,COBRANCA,APROVADO,1372.85,1,,
10475,1,2025-09-22T15:00:00+00,PIX,COBRANCA,APROVADO,2031.26,1,,
10476,1,2025-10-11T15:00:00+00,PIX,COBRANCA,APROVADO,1353.67,1,,
10477,1,2025-11-28T15:00:00+00,PIX,COBRANCA,APROVADO,829.52,1,,
10478,1,2025-11-17T15:00:00+00,PIX,COBRANCA,APROVADO,1520.81,1,,
10479,1,2025-12-06T15:00:00+00,PIX,COBRANCA,APROVADO,2244.98,1,,
10480,1,2025-01-23T15:00:00+00,PIX,COBRANCA,APROVADO,1348.19,1,,
10481,1,2025-02-12T15:00:00+00,PIX,COBRANCA,APROVADO,434.21,1,,
10482,1,2025-03-29T15:00:00+00,PIX,COBRANCA,APROVADO,710.71,1,,
10483,1,2025-04-18T15:00:00+00,PIX,COBRANCA,APROVADO,1299.22,1,,
10484,1,2025-05-07T15:00:00+00,PIX,COBRANCA,APROVADO,1269.24,1,,
10485,1,2025-06-24T15:00:00+00,PIX,COBRANCA,APROVADO,202.85,1,,
10486,1,2025-07-13T15:00:00+00,PIX,COBRANCA,APROVADO,377.56,1,,
10487,1,2025-08-02T15:00:00+00,PIX,COBRANCA,APROVADO,520.20,1,,
10488,1,2025-09-19T15:00:00+00,PIX,COBRANCA,APROVADO,392.46,1,,
10489,1,2025-10-08T15:00:00+00,PIX,COBRANCA,APROVADO,251.92,1,,
10490,1,2025-11-25T15:00:00+00,PIX,COBRANCA,APROVADO,513.01,1,,
10491,1,2025-11-14T15:00:00+00,PIX,COBRANCA,APROVADO,774.59,1,,
10492,1,2025-12-03T15:00:00+00,PIX,COBRANCA,APROVADO,447.54,1,,
10493,1,2025-01-20T15:00:00+00,PIX,COBRANCA,APROVADO,358.45,1,,
10494,1,2025-02-09T15:00:00+00,PIX,COBRANCA,APROVADO,599.04,1,,
10495,1,2025-03-26T15:00:00+00,PIX,COBRANCA,APROVADO,963.02,1,,
10496,1,2025-04-15T15:00:00+00,PIX,COBRANCA,APROVADO,636.33,1,,
10497,1,2025-05-04T15:00:00+00,PIX,COBRANCA,APROVADO,363.09,1,,
10498,1,2025-06-21T15:00:00+00,PIX,COBRANCA,APROVADO,808.69,1,,
10499,1,2025-07-10T15:00:00+00,PIX,COBRANCA,APROVADO,1081.80,1,,
10500,1,2025-08-27T15:00:00+00,PIX,COBRANCA,APROVADO,674.47,1,,
10501,1,2025-09-16T15:00:00+00,PIX,COBRANCA,APROVADO,555.52,1,,
10502,1,2025-10-05T15:00:00+00,PIX,COBRANCA,APROVADO,1027.61,1,,
10503,1,2025-11-22T15:00:00+00,PIX,COBRANCA,APROVADO,1532.58,1,,
10504,1,2025-11-11T15:00:00+00,PIX,COBRANCA,APROVADO,1008.43,1,,
10505,1,2025-12-28T15:00:00+00,PIX,COBRANCA,APROVADO,637.72,1,,
10506,1,2025-01-17T15:00:00+00,PIX,COBRANCA,APROVADO,1175.57,1,,
10507,1,2025-02-06T15:00:00+00,PIX,COBRANCA,APROVADO,1746.30,1,,
10508,1,2025-03-23T15:00:00+00,PIX,COBRANCA,APROVADO,1156.39,1,,
10509,1,2025-04-12T15:00:00+00,PIX,COBRANCA,APROVADO,719.92,1,,
10510,1,2025-05-29T15:00:00+00,PIX,COBRANCA,APROVADO,1323.53,1,,
10511,1,2025-06-18T15:00:00+00,PIX,COBRANCA,APROVADO,1960.02,1,,
10512,1,2025-07-07T15:00:00+00,PIX,COBRANCA,APROVADO,1304.35,1,,
10513,1,2025-08-24T15:00:00+00,PIX,COBRANCA,APROVADO,802.12,1,,
10514,1,2025-09-13T15:00:00+00,PIX,COBRANCA,APROVADO,1471.49,1,,
10515,1,2025-10-02T15:00:00+00,PIX,COBRANCA,APROVADO,2173.74,1,,
10516,1,2025-11-19T15:00:00+00,PIX,COBRANCA,APROVADO,1452.31,1,,
10517,1,2025-11-08T15:00:00+00,PIX,COBRANCA,APROVADO,424.00,1,,
10518,1,2025-12-25T15:00:00+00,PIX,COBRANCA,APROVADO,852.25,1,,
10519,1,2025-01-14T15:00:00+00,PIX,COBRANCA,APROVADO,1313.38,1,,
10520,1,2025-02-03T15:00:00+00,PIX,COBRANCA,APROVADO,1446.83,1,,
10521,1,2025-03-20T15:00:00+00,PIX,COBRANCA,APROVADO,506.20,1,,
10522,1,2025-04-09T15:00:00+00,PIX,COBRANCA,APROVADO,1000.21,1,,
10523,1,2025-05-26T15:00:00+00,PIX,COBRANCA,APROVADO,606.46,1,,
10524,1,2025-06-15T15:00:00+00,PIX,COBRANCA,APROVADO,367.27,1,,
10525,1,2025-07-04T15:00:00+00,PIX,COBRANCA,APROVADO,281.52,1,,
10526,1,2025-08-21T15:00:00+00,PIX,COBRANCA,APROVADO,534.41,1,,
10527,1,2025-09-10T15:00:00+00,PIX,COBRANCA,APROVADO,820.18,1,,
10528,1,2025-10-27T15:00:00+00,PIX,COBRANCA,APROVADO,515.23,1,,
10529,1,2025-11-16T15:00:00+00,PIX,COBRANCA,APROVADO,363.72,1,,
10530,1,2025-11-05T15:00:00+00,PIX,COBRANCA,APROVADO,682.37,1,,
10531,1,2025-12-22T15:00:00+00,PIX,COBRANCA,APROVADO,939.12,1,,
10532,1,2025-01-11T15:00:00+00,PIX,COBRANCA,APROVADO,525.84,1,,
10533,1,2025-02-28T15:00:00+00,PIX,COBRANCA,APROVADO,408.85,1,,
10534,1,2025-03-17T15:00:00+00,PIX,COBRANCA,APROVADO,680.17,1,,
10535,1,2025-04-06T15:00:00+00,PIX,COBRANCA,APROVADO,1085.21,1,,
10536,1,2025-05-23T15:00:00+00,PIX,COBRANCA,APROVADO,724.53,1,,
10537,1,2025-06-12T15:00:00+00,PIX,COBRANCA,APROVADO,405.27,1,,
10538,1,2025-07-29T15:00:00+00,PIX,COBRANCA,APROVADO,899.67,1,,
10539,1,2025-08-18T15:00:00+00,PIX,COBRANCA,APROVADO,1199.05,1,,
10540,1,2025-09-07T15:00:00+00,PIX,COBRANCA,APROVADO,744.83,1,,
10541,1,2025-10-24T15:00:00+00,PIX,COBRANCA,APROVADO,529.62,1,,
10542,1,2025-11-13T15:00:00+00,PIX,COBRANCA,APROVADO,867.14,1,,
10543,1,2025-11-02T15:00:00+00,PIX,COBRANCA,APROVADO,1542.48,1,,
10544,1,2025-12-19T15:00:00+00,PIX,COBRANCA,APROVADO,933.85,1,,
10545,1,2025-01-08T15:00:00+00,PIX,COBRANCA,APROVADO,608.09,1,,
10546,1,2025-02-25T15:00:00+00,PIX,COBRANCA,APROVADO,1108.87,1,,
10547,1,2025-03-14T15:00:00+00,PIX,COBRANCA,APROVADO,1456.41,1,,
10548,1,2025-04-03T15:00:00+00,PIX,COBRANCA,APROVADO,1184.30,1,,
10549,1,2025-05-20T15:00:00+00,PIX,COBRANCA,APROVADO,633.89,1,,
10550,1,2025-06-09T15:00:00+00,PIX,COBRANCA,APROVADO,1277.09,1,,
10551,1,2025-07-26T15:00:00+00,PIX,COBRANCA,APROVADO,2102.50,1,,
10552,1,2025-08-15T15:00:00+00,PIX,COBRANCA,APROVADO,1402.99,1,,
10553,1,2025-09-04T15:00:00+00,PIX,COBRANCA,APROVADO,856.92,1,,
10554,1,2025-10-21T15:00:00+00,PIX,COBRANCA,APROVADO,802.93,1,,
10555,1,2025-11-10T15:00:00+00,PIX,COBRANCA,APROVADO,1242.14,1,,
10556,1,2025-11-27T15:00:00+00,PIX,COBRANCA,APROVADO,1397.51,1,,
10557,1,2025-12-16T15:00:00+00,PIX,COBRANCA,APROVADO,478.80,1,,
10558,1,2025-01-05T15:00:00+00,PIX,COBRANCA,APROVADO,950.89,1,,
10559,1,2025-02-22T15:00:00+00,PIX,COBRANCA,APROVADO,1455.86,1,,
10560,1,2025-03-11T15:00:00+00,PIX,COBRANCA,APROVADO,317.95,1,,
10561,1,2025-04-28T15:00:00+00,PIX,COBRANCA,APROVADO,254.12,1,,
10562,1,2025-05-17T15:00:00+00,PIX,COBRANCA,APROVADO,485.09,1,,
10563,1,2025-06-06T15:00:00+00,PIX,COBRANCA,APROVADO,748.94,1,,
10564,1,2025-07-23T15:00:00+00,PIX,COBRANCA,APROVADO,465.91,1,,
10565,1,2025-08-12T15:00:00+00,PIX,COBRANCA,APROVADO,336.32,1,,
10566,1,2025-09-29T15:00:00+00,PIX,COBRANCA,APROVADO,633.05,1,,
10567,1,2025-10-18T15:00:00+00,PIX,COBRANCA,APROVADO,962.66,1,,
10568,1,2025-11-07T15:00:00+00,PIX,COBRANCA,APROVADO,613.87,1,,
10569,1,2025-11-24T15:00:00+00,PIX,COBRANCA,APROVADO,418.52,1,,
10570,1,2025-12-13T15:00:00+00,PIX,COBRANCA,APROVADO,781.01,1,,
10571,1,2025-01-02T15:00:00+00,PIX,COBRANCA,APROVADO,1176.38,1,,
10572,1,2025-02-19T15:00:00+00,PIX,COBRANCA,APROVADO,761.83,1,,
10573,1,2025-03-08T15:00:00+00,PIX,COBRANCA,APROVADO,500.72,1,,
10574,1,2025-04-25T15:00:00+00,PIX,COBRANCA,APROVADO,928.97,1,,
10575,1,2025-05-14T15:00:00+00,PIX,COBRANCA,APROVADO,1390.10,1,,
10576,1,2025-06-03T15:00:00+00,PIX,COBRANCA,APROVADO,909.79,1,,
10577,1,2025-07-20T15:00:00+00,PIX,COBRANCA,APROVADO,582.92,1,,
10578,1,2025-08-09T15:00:00+00,PIX,COBRANCA,APROVADO,1076.93,1,,
10579,1,2025-09-26T15:00:00+00,PIX,COBRANCA,APROVADO,1603.82,1,,
10580,1,2025-10-15T15:00:00+00,PIX,COBRANCA,APROVADO,1057.75,1,,
10581,1,2025-11-04T15:00:00+00,PIX,COBRANCA,APROVADO,601.07,1,,
10582,1,2025-11-21T15:00:00+00,PIX,COBRANCA,APROVADO,943.32,1,,
10583,1,2025-12-10T15:00:00+00,PIX,COBRANCA,APROVADO,1674.03,1,,
10584,1,2025-01-27T15:00:00+00,PIX,COBRANCA,APROVADO,1017.18,1,,
10585,1,2025-02-16T15:00:00+00,PIX,COBRANCA,APROVADO,655.79,1,,
10586,1,2025-03-05T15:00:00+00,PIX,COBRANCA,APROVADO,1194.86,1,,
10587,1,2025-04-22T15:00:00+00,PIX,COBRANCA,APROVADO,1566.57,1,,
10588,1,2025-05-11T15:00:00+00,PIX,COBRANCA,APROVADO,1277.44,1,,
10589,1,2025-06-28T15:00:00+00,PIX,COBRANCA,APROVADO,678.84,1,,
10590,1,2025-07-17T15:00:00+00,PIX,COBRANCA,APROVADO,1319.97,1,,
10591,1,2025-08-06T15:00:00+00,PIX,COBRANCA,APROVADO,1956.35,1,,
10592,1,2025-09-23T15:00:00+00,PIX,COBRANCA,APROVADO,1076.87,1,,
10593,1,2025-10-12T15:00:00+00,PIX,COBRANCA,APROVADO,423.12,1,,
10594,1,2025-11-29T15:00:00+00,PIX,COBRANCA,APROVADO,755.79,1,,
10595,1,2025-11-18T15:00:00+00,PIX,COBRANCA,APROVADO,1103.54,1,,
10596,1,2025-12-07T15:00:00+00,PIX,COBRANCA,APROVADO,1344.01,1,,
10597,1,2025-01-24T15:00:00+00,PIX,COBRANCA,APROVADO,173.20,1,,
10598,1,2025-02-13T15:00:00+00,PIX,COBRANCA,APROVADO,399.34,1,,
10599,1,2025-03-02T15:00:00+00,PIX,COBRANCA,APROVADO,554.13,1,,
10600,1,2025-04-19T15:00:00+00,PIX,COBRANCA,APROVADO,329.23,1,,
10601,1,2025-05-08T15:00:00+00,PIX,COBRANCA,APROVADO,308.92,1,,
10602,1,2025-06-25T15:00:00+00,PIX,COBRANCA,APROVADO,583.73,1,,
10603,1,2025-07-14T15:00:00+00,PIX,COBRANCA,APROVADO,891.42,1,,
10604,1,2025-08-03T15:00:00+00,PIX,COBRANCA,APROVADO,564.55,1,,
10605,1,2025-09-20T15:00:00+00,PIX,COBRANCA,APROVADO,391.12,1,,
10606,1,2025-10-09T15:00:00+00,PIX,COBRANCA,APROVADO,731.69,1,,
10607,1,2025-11-26T15:00:00+00,PIX,COBRANCA,APROVADO,1105.14,1,,
10608,1,2025-11-15T15:00:00+00,PIX,COBRANCA,APROVADO,712.51,1,,
10609,1,2025-12-04T15:00:00+00,PIX,COBRANCA,APROVADO,473.32,1,,
10610,1,2025-01-21T15:00:00+00,PIX,COBRANCA,APROVADO,879.65,1,,
10611,1,2025-02-10T15:00:00+00,PIX,COBRANCA,APROVADO,1318.86,1,,
10612,1,2025-03-27T15:00:00+00,PIX,COBRANCA,APROVADO,860.47,1,,
10613,1,2025-04-16T15:00:00+00,PIX,COBRANCA,APROVADO,555.52,1,,
10614,1,2025-05-05T15:00:00+00,PIX,COBRANCA,APROVADO,1027.61,1,,
10615,1,2025-06-22T15:00:00+00,PIX,COBRANCA,APROVADO,1532.58,1,,
10616,1,2025-07-11T15:00:00+00,PIX,COBRANCA,APROVADO,1008.43,1,,
10617,1,2025-08-28T15:00:00+00,PIX,COBRANCA,APROVADO,637.72,1,,
10618,1,2025-09-17T15:00:00+00,PIX,COBRANCA,APROVADO,1175.57,1,,
10619,1,2025-10-06T15:00:00+00,PIX,COBRANCA,APROVADO,1746.30,1,,
10620,1,2025-11-23T15:00:00+00,PIX,COBRANCA,APROVADO,1156.39,1,,
10621,1,2025-11-12T15:00:00+00,PIX,COBRANCA,APROVADO,719.92,1,,
10622,1,2025-12-29T15:00:00+00,PIX,COBRANCA,APROVADO,1323.53,1,,
10623,1,2025-01-18T15:00:00+00,PIX,COBRANCA,APROVADO,1960.02,1,,
10624,1,2025-02-07T15:00:00+00,PIX,COBRANCA,APROVADO,1304.35,1,,
10625,1,2025-03-24T15:00:00+00,PIX,COBRANCA,APROVADO,802.12,1,,
10626,1,2025-04-13T15:00:00+00,PIX,COBRANCA,APROVADO,1471.49,1,,
10627,1,2025-05-02T15:00:00+00,PIX,COBRANCA,APROVADO,2173.74,1,,
10628,1,2025-06-19T15:00:00+00,PIX,COBRANCA,APROVADO,1452.31,1,,
10629,1,2025-07-08T15:00:00+00,PIX,COBRANCA,APROVADO,424.00,1,,
10630,1,2025-08-25T15:00:00+00,PIX,COBRANCA,APROVADO,852.25,1,,
10631,1,2025-09-14T15:00:00+00,PIX,COBRANCA,APROVADO,1270.40,1,,
10632,1,2025-10-03T15:00:00+00,PIX,COBRANCA,APROVADO,1155.25,1,,
10633,1,2025-11-20T15:00:00+00,PIX,COBRANCA,APROVADO,473.55,1,,
10634,1,2025-11-09T15:00:00+00,PIX,COBRANCA,APROVADO,836.92,1,,
10635,1,2025-12-26T15:00:00+00,PIX,COBRANCA,APROVADO,535.25,1,,
10636,1,2025-01-15T15:00:00+00,PIX,COBRANCA,APROVADO,327.49,1,,
10637,1,2025-02-04T15:00:00+00,PIX,COBRANCA,APROVADO,215.40,1,,
10638,1,2025-03-21T15:00:00+00,PIX,COBRANCA,APROVADO,490.28,1,,
10639,1,2025-04-10T15:00:00+00,PIX,COBRANCA,APROVADO,671.38,1,,
10640,1,2025-05-27T15:00:00+00,PIX,COBRANCA,APROVADO,402.06,1,,
10641,1,2025-06-16T15:00:00+00,PIX,COBRANCA,APROVADO,315.08,1,,
10642,1,2025-07-05T15:00:00+00,PIX,COBRANCA,APROVADO,524.39,1,,
10643,1,2025-08-22T15:00:00+00,PIX,COBRANCA,APROVADO,950.72,1,,
10644,1,2025-09-11T15:00:00+00,PIX,COBRANCA,APROVADO,559.04,1,,
10645,1,2025-10-28T15:00:00+00,PIX,COBRANCA,APROVADO,393.56,1,,
10646,1,2025-11-17T15:00:00+00,PIX,COBRANCA,APROVADO,721.66,1,,
10647,1,2025-11-06T15:00:00+00,PIX,COBRANCA,APROVADO,960.78,1,,
10648,1,2025-12-23T15:00:00+00,PIX,COBRANCA,APROVADO,765.11,1,,
10649,1,2025-01-12T15:00:00+00,PIX,COBRANCA,APROVADO,431.70,1,,
10650,1,2025-03-01T15:00:00+00,PIX,COBRANCA,APROVADO,882.53,1,,
10651,1,2025-03-18T15:00:00+00,PIX,COBRANCA,APROVADO,1461.34,1,,
10652,1,2025-04-07T15:00:00+00,PIX,COBRANCA,APROVADO,959.11,1,,
10653,1,2025-05-24T15:00:00+00,PIX,COBRANCA,APROVADO,610.32,1,,
10654,1,2025-06-13T15:00:00+00,PIX,COBRANCA,APROVADO,1126.25,1,,
10655,1,2025-07-02T15:00:00+00,PIX,COBRANCA,APROVADO,1675.06,1,,
10656,1,2025-08-19T15:00:00+00,PIX,COBRANCA,APROVADO,1107.07,1,,
10657,1,2025-09-08T15:00:00+00,PIX,COBRANCA,APROVADO,692.52,1,,
10658,1,2025-10-25T15:00:00+00,PIX,COBRANCA,APROVADO,1274.21,1,,
10659,1,2025-11-14T15:00:00+00,PIX,COBRANCA,APROVADO,1888.78,1,,
10660,1,2025-11-03T15:00:00+00,PIX,COBRANCA,APROVADO,1255.03,1,,
10661,1,2025-12-20T15:00:00+00,PIX,COBRANCA,APROVADO,774.72,1,,
10662,1,2025-01-09T15:00:00+00,PIX,COBRANCA,APROVADO,1422.17,1,,
10663,1,2025-02-26T15:00:00+00,PIX,COBRANCA,APROVADO,2102.50,1,,
10664,1,2025-03-15T15:00:00+00,PIX,COBRANCA,APROVADO,1402.99,1,,
10665,1,2025-04-04T15:00:00+00,PIX,COBRANCA,APROVADO,856.92,1,,
10666,1,2025-05-21T15:00:00+00,PIX,COBRANCA,APROVADO,802.93,1,,
10667,1,2025-06-10T15:00:00+00,PIX,COBRANCA,APROVADO,1242.14,1,,
10668,1,2025-07-27T15:00:00+00,PIX,COBRANCA,APROVADO,1397.51,1,,
10669,1,2025-08-16T15:00:00+00,PIX,COBRANCA,APROVADO,478.80,1,,
10670,1,2025-09-05T15:00:00+00,PIX,COBRANCA,APROVADO,950.89,1,,
10671,1,2025-10-22T15:00:00+00,PIX,COBRANCA,APROVADO,1455.86,1,,
10672,1,2025-11-11T15:00:00+00,PIX,COBRANCA,APROVADO,317.95,1,,
10673,1,2025-11-28T15:00:00+00,PIX,COBRANCA,APROVADO,254.12,1,,
10674,1,2025-12-17T15:00:00+00,PIX,COBRANCA,APROVADO,485.09,1,,
10675,1,2025-01-06T15:00:00+00,PIX,COBRANCA,APROVADO,748.94,1,,
10676,1,2025-02-23T15:00:00+00,PIX,COBRANCA,APROVADO,465.91,1,,
10677,1,2025-03-12T15:00:00+00,PIX,COBRANCA,APROVADO,336.32,1,,
10678,1,2025-04-29T15:00:00+00,PIX,COBRANCA,APROVADO,633.05,1,,
10679,1,2025-05-18T15:00:00+00,PIX,COBRANCA,APROVADO,962.66,1,,
10680,1,2025-06-07T15:00:00+00,PIX,COBRANCA,APROVADO,613.87,1,,
10681,1,2025-07-24T15:00:00+00,PIX,COBRANCA,APROVADO,376.67,1,,
10682,1,2025-08-13T15:00:00+00,PIX,COBRANCA,APROVADO,600.57,1,,
10683,1,2025-09-02T15:00:00+00,PIX,COBRANCA,APROVADO,1082.20,1,,
10684,1,2025-10-19T15:00:00+00,PIX,COBRANCA,APROVADO,642.36,1,,
10685,1,2025-11-08T15:00:00+00,PIX,COBRANCA,APROVADO,441.23,1,,
10686,1,2025-11-25T15:00:00+00,PIX,COBRANCA,APROVADO,807.74,1,,
10687,1,2025-12-14T15:00:00+00,PIX,COBRANCA,APROVADO,1070.94,1,,
10688,1,2025-01-03T15:00:00+00,PIX,COBRANCA,APROVADO,858.26,1,,
10689,1,2025-02-20T15:00:00+00,PIX,COBRANCA,APROVADO,476.60,1,,
10690,1,2025-03-09T15:00:00+00,PIX,COBRANCA,APROVADO,937.71,1,,
10691,1,2025-04-26T15:00:00+00,PIX,COBRANCA,APROVADO,1396.57,1,,
10692,1,2025-05-15T15:00:00+00,PIX,COBRANCA,APROVADO,839.36,1,,
10693,1,2025-06-04T15:00:00+00,PIX,COBRANCA,APROVADO,610.53,1,,
10694,1,2025-07-21T15:00:00+00,PIX,COBRANCA,APROVADO,1004.56,1,,
10695,1,2025-08-10T15:00:00+00,PIX,COBRANCA,APROVADO,1574.04,1,,
10696,1,2025-09-27T15:00:00+00,PIX,COBRANCA,APROVADO,1077.47,1,,
10697,1,2025-10-16T15:00:00+00,PIX,COBRANCA,APROVADO,574.07,1,,
10698,1,2025-11-05T15:00:00+00,PIX,COBRANCA,APROVADO,1263.53,1,,
10699,1,2025-11-22T15:00:00+00,PIX,COBRANCA,APROVADO,1668.16,1,,
10700,1,2025-12-11T15:00:00+00,PIX,COBRANCA,APROVADO,1058.07,1,,
10701,1,2025-01-28T15:00:00+00,PIX,COBRANCA,APROVADO,829.52,1,,
10702,1,2025-02-17T15:00:00+00,PIX,COBRANCA,APROVADO,1520.81,1,,
10703,1,2025-03-06T15:00:00+00,PIX,COBRANCA,APROVADO,2244.98,1,,
10704,1,2025-04-23T15:00:00+00,PIX,COBRANCA,APROVADO,1348.19,1,,
10705,1,2025-05-12T15:00:00+00,PIX,COBRANCA,APROVADO,451.40,1,,
10706,1,2025-06-29T15:00:00+00,PIX,COBRANCA,APROVADO,901.57,1,,
10707,1,2025-07-18T15:00:00+00,PIX,COBRANCA,APROVADO,1384.62,1,,
10708,1,2025-08-07T15:00:00+00,PIX,COBRANCA,APROVADO,1496.15,1,,
10709,1,2025-09-24T15:00:00+00,PIX,COBRANCA,APROVADO,226.72,1,,
10710,1,2025-10-13T15:00:00+00,PIX,COBRANCA,APROVADO,435.77,1,,
10711,1,2025-11-02T15:00:00+00,PIX,COBRANCA,APROVADO,677.70,1,,
10712,1,2025-11-19T15:00:00+00,PIX,COBRANCA,APROVADO,416.59,1,,
10713,1,2025-12-08T15:00:00+00,PIX,COBRANCA,APROVADO,308.92,1,,
10714,1,2025-01-25T15:00:00+00,PIX,COBRANCA,APROVADO,583.73,1,,
10715,1,2025-02-14T15:00:00+00,PIX,COBRANCA,APROVADO,891.42,1,,
10716,1,2025-03-03T15:00:00+00,PIX,COBRANCA,APROVADO,564.55,1,,
10717,1,2025-04-20T15:00:00+00,PIX,COBRANCA,APROVADO,391.12,1,,
10718,1,2025-05-09T15:00:00+00,PIX,COBRANCA,APROVADO,731.69,1,,
10719,1,2025-06-26T15:00:00+00,PIX,COBRANCA,APROVADO,1105.14,1,,
10720,1,2025-07-15T15:00:00+00,PIX,COBRANCA,APROVADO,712.51,1,,
10721,1,2025-08-04T15:00:00+00,PIX,COBRANCA,APROVADO,473.32,1,,
10722,1,2025-09-21T15:00:00+00,PIX,COBRANCA,APROVADO,879.65,1,,
10723,1,2025-10-10T15:00:00+00,PIX,COBRANCA,APROVADO,1318.86,1,,
10724,1,2025-11-27T15:00:00+00,PIX,COBRANCA,APROVADO,860.47,1,,
10725,1,2025-11-16T15:00:00+00,PIX,COBRANCA,APROVADO,555.52,1,,
10726,1,2025-12-05T15:00:00+00,PIX,COBRANCA,APROVADO,1027.61,1,,
10727,1,2025-01-22T15:00:00+00,PIX,COBRANCA,APROVADO,1532.58,1,,
10728,1,2025-02-11T15:00:00+00,PIX,COBRANCA,APROVADO,1008.43,1,,
10729,1,2025-03-28T15:00:00+00,PIX,COBRANCA,APROVADO,637.72,1,,
10730,1,2025-04-17T15:00:00+00,PIX,COBRANCA,APROVADO,1175.57,1,,
10731,1,2025-05-06T15:00:00+00,PIX,COBRANCA,APROVADO,1593.98,1,,
10732,1,2025-06-23T15:00:00+00,PIX,COBRANCA,APROVADO,917.66,1,,
10733,1,2025-07-12T15:00:00+00,PIX,COBRANCA,APROVADO,660.93,1,,
10734,1,2025-08-29T15:00:00+00,PIX,COBRANCA,APROVADO,1085.69,1,,
10735,1,2025-09-18T15:00:00+00,PIX,COBRANCA,APROVADO,1696.23,1,,
10736,1,2025-10-07T15:00:00+00,PIX,COBRANCA,APROVADO,1165.67,1,,
10737,1,2025-11-24T15:00:00+00,PIX,COBRANCA,APROVADO,616.25,1,,
10738,1,2025-11-13T15:00:00+00,PIX,COBRANCA,APROVADO,1354.51,1,,
10739,1,2025-12-02T15:00:00+00,PIX,COBRANCA,APROVADO,1785.41,1,,
10740,1,2025-01-19T15:00:00+00,PIX,COBRANCA,APROVADO,1125.69,1,,
10741,1,2025-02-08T15:00:00+00,PIX,COBRANCA,APROVADO,376.71,1,,
10742,1,2025-03-25T15:00:00+00,PIX,COBRANCA,APROVADO,672.60,1,,
10743,1,2025-04-14T15:00:00+00,PIX,COBRANCA,APROVADO,1233.45,1,,
10744,1,2025-05-03T15:00:00+00,PIX,COBRANCA,APROVADO,1227.58,1,,
10745,1,2025-06-20T15:00:00+00,PIX,COBRANCA,APROVADO,409.19,1,,
10746,1,2025-07-09T15:00:00+00,PIX,COBRANCA,APROVADO,886.90,1,,
10747,1,2025-08-26T15:00:00+00,PIX,COBRANCA,APROVADO,465.09,1,,
10748,1,2025-09-15T15:00:00+00,PIX,COBRANCA,APROVADO,345.84,1,,
10749,1,2025-10-04T15:00:00+00,PIX,COBRANCA,APROVADO,229.48,1,,
10750,1,2025-11-21T15:00:00+00,PIX,COBRANCA,APROVADO,487.97,1,,
10751,1,2025-11-10T15:00:00+00,PIX,COBRANCA,APROVADO,820.18,1,,
10752,1,2025-12-27T15:00:00+00,PIX,COBRANCA,APROVADO,515.23,1,,
10753,1,2025-01-16T15:00:00+00,PIX,COBRANCA,APROVADO,363.72,1,,
10754,1,2025-02-05T15:00:00+00,PIX,COBRANCA,APROVADO,682.37,1,,
10755,1,2025-03-22T15:00:00+00,PIX,COBRANCA,APROVADO,1033.90,1,,
10756,1,2025-04-11T15:00:00+00,PIX,COBRANCA,APROVADO,663.19,1,,
10757,1,2025-05-28T15:00:00+00,PIX,COBRANCA,APROVADO,445.92,1,,
10758,1,2025-06-17T15:00:00+00,PIX,COBRANCA,APROVADO,830.33,1,,
10759,1,2025-07-06T15:00:00+00,PIX,COBRANCA,APROVADO,1247.62,1,,
10760,1,2025-08-23T15:00:00+00,PIX,COBRANCA,APROVADO,811.15,1,,
10761,1,2025-09-12T15:00:00+00,PIX,COBRANCA,APROVADO,528.12,1,,
10762,1,2025-10-29T15:00:00+00,PIX,COBRANCA,APROVADO,978.29,1,,
10763,1,2025-11-18T15:00:00+00,PIX,COBRANCA,APROVADO,1461.34,1,,
10764,1,2025-11-07T15:00:00+00,PIX,COBRANCA,APROVADO,959.11,1,,
10765,1,2025-12-24T15:00:00+00,PIX,COBRANCA,APROVADO,610.32,1,,
10766,1,2025-01-13T15:00:00+00,PIX,COBRANCA,APROVADO,1126.25,1,,
10767,1,2025-02-02T15:00:00+00,PIX,COBRANCA,APROVADO,1675.06,1,,
10768,1,2025-03-19T15:00:00+00,PIX,COBRANCA,APROVADO,1107.07,1,,
10769,1,2025-04-08T15:00:00+00,PIX,COBRANCA,APROVADO,692.52,1,,
10770,1,2025-05-25T15:00:00+00,PIX,COBRANCA,APROVADO,1274.21,1,,
10771,1,2025-06-14T15:00:00+00,PIX,COBRANCA,APROVADO,1888.78,1,,
10772,1,2025-07-03T15:00:00+00,PIX,COBRANCA,APROVADO,1255.03,1,,
10773,1,2025-08-20T15:00:00+00,PIX,COBRANCA,APROVADO,774.72,1,,
10774,1,2025-09-09T15:00:00+00,PIX,COBRANCA,APROVADO,1422.17,1,,
10775,1,2025-10-26T15:00:00+00,PIX,COBRANCA,APROVADO,2102.50,1,,
10776,1,2025-11-15T15:00:00+00,PIX,COBRANCA,APROVADO,1402.99,1,,
10777,1,2025-11-04T15:00:00+00,PIX,COBRANCA,APROVADO,856.92,1,,
10778,1,2025-12-21T15:00:00+00,PIX,COBRANCA,APROVADO,802.93,1,,
10779,1,2025-01-10T15:00:00+00,PIX,COBRANCA,APROVADO,1242.14,1,,
10780,1,2025-02-27T15:00:00+00,PIX,COBRANCA,APROVADO,1397.51,1,,
10781,1,2025-03-16T15:00:00+00,PIX,COBRANCA,APROVADO,459.15,1,,
10782,1,2025-04-05T15:00:00+00,PIX,COBRANCA,APROVADO,748.78,1,,
10783,1,2025-05-22T15:00:00+00,PIX,COBRANCA,APROVADO,1364.93,1,,
10784,1,2025-06-11T15:00:00+00,PIX,COBRANCA,APROVADO,267.47,1,,
10785,1,2025-07-28T15:00:00+00,PIX,COBRANCA,APROVADO,226.70,1,,
10786,1,2025-08-17T15:00:00+00,PIX,COBRANCA,APROVADO,420.58,1,,
10787,1,2025-09-06T15:00:00+00,PIX,COBRANCA,APROVADO,575.25,1,,
10788,1,2025-10-23T15:00:00+00,PIX,COBRANCA,APROVADO,439.07,1,,
10789,1,2025-11-12T15:00:00+00,PIX,COBRANCA,APROVADO,274.41,1,,
10790,1,2025-11-29T15:00:00+00,PIX,COBRANCA,APROVADO,555.50,1,,
10791,1,2025-12-18T15:00:00+00,PIX,COBRANCA,APROVADO,836.72,1,,
10792,1,2025-01-07T15:00:00+00,PIX,COBRANCA,APROVADO,486.69,1,,
10793,1,2025-02-24T15:00:00+00,PIX,COBRANCA,APROVADO,383.66,1,,
10794,1,2025-03-13T15:00:00+00,PIX,COBRANCA,APROVADO,639.63,1,,
10795,1,2025-04-02T15:00:00+00,PIX,COBRANCA,APROVADO,1024.08,1,,
10796,1,2025-05-19T15:00:00+00,PIX,COBRANCA,APROVADO,680.43,1,,
10797,1,2025-06-08T15:00:00+00,PIX,COBRANCA,APROVADO,384.18,1,,
10798,1,2025-07-25T15:00:00+00,PIX,COBRANCA,APROVADO,854.18,1,,
10799,1,2025-08-14T15:00:00+00,PIX,COBRANCA,APROVADO,1140.49,1,,
10800,1,2025-09-03T15:00:00+00,PIX,COBRANCA,APROVADO,712.83,1,,
10801,1,2025-10-20T15:00:00+00,PIX,COBRANCA,APROVADO,582.92,1,,
10802,1,2025-11-09T15:00:00+00,PIX,COBRANCA,APROVADO,1076.93,1,,
10803,1,2025-11-26T15:00:00+00,PIX,COBRANCA,APROVADO,1603.82,1,,
10804,1,2025-12-15T15:00:00+00,PIX,COBRANCA,APROVADO,1057.75,1,,
10805,1,2025-01-04T15:00:00+00,PIX,COBRANCA,APROVADO,665.12,1,,
10806,1,2025-02-21T15:00:00+00,PIX,COBRANCA,APROVADO,1224.89,1,,
10807,1,2025-03-10T15:00:00+00,PIX,COBRANCA,APROVADO,1817.54,1,,
10808,1,2025-04-27T15:00:00+00,PIX,COBRANCA,APROVADO,1205.71,1,,
10809,1,2025-05-16T15:00:00+00,PIX,COBRANCA,APROVADO,747.32,1,,
10810,1,2025-06-05T15:00:00+00,PIX,COBRANCA,APROVADO,1372.85,1,,
10811,1,2025-07-22T15:00:00+00,PIX,COBRANCA,APROVADO,2031.26,1,,
10812,1,2025-08-11T15:00:00+00,PIX,COBRANCA,APROVADO,1353.67,1,,
10813,1,2025-09-28T15:00:00+00,PIX,COBRANCA,APROVADO,829.52,1,,
10814,1,2025-10-17T15:00:00+00,PIX,COBRANCA,APROVADO,1520.81,1,,
10815,1,2025-11-06T15:00:00+00,PIX,COBRANCA,APROVADO,2244.98,1,,
10816,1,2025-11-23T15:00:00+00,PIX,COBRANCA,APROVADO,1348.19,1,,
10817,1,2025-12-12T15:00:00+00,PIX,COBRANCA,APROVADO,451.40,1,,
10818,1,2025-01-29T15:00:00+00,PIX,COBRANCA,APROVADO,901.57,1,,
10819,1,2025-02-18T15:00:00+00,PIX,COBRANCA,APROVADO,1384.62,1,,
10820,1,2025-03-07T15:00:00+00,PIX,COBRANCA,APROVADO,1496.15,1,,
10821,1,2025-04-24T15:00:00+00,PIX,COBRANCA,APROVADO,226.72,1,,
10822,1,2025-05-13T15:00:00+00,PIX,COBRANCA,APROVADO,435.77,1,,
10823,1,2025-06-02T15:00:00+00,PIX,COBRANCA,APROVADO,677.70,1,,
10824,1,2025-07-19T15:00:00+00,PIX,COBRANCA,APROVADO,416.59,1,,
10825,1,2025-08-08T15:00:00+00,PIX,COBRANCA,APROVADO,308.92,1,,
10826,1,2025-09-25T15:00:00+00,PIX,COBRANCA,APROVADO,583.73,1,,
10827,1,2025-10-14T15:00:00+00,PIX,COBRANCA,APROVADO,891.42,1,,
10828,1,2025-11-03T15:00:00+00,PIX,COBRANCA,APROVADO,564.55,1,,
10829,1,2025-11-20T15:00:00+00,PIX,COBRANCA,APROVADO,391.12,1,,
10830,1,2025-12-09T15:00:00+00,PIX,COBRANCA,APROVADO,731.69,1,,
10831,1,2025-01-26T15:00:00+00,PIX,COBRANCA,APROVADO,1004.62,1,,
10832,1,2025-02-15T15:00:00+00,PIX,COBRANCA,APROVADO,565.07,1,,
10833,1,2025-03-04T15:00:00+00,PIX,COBRANCA,APROVADO,434.09,1,,
10834,1,2025-04-21T15:00:00+00,PIX,COBRANCA,APROVADO,720.72,1,,
10835,1,2025-05-10T15:00:00+00,PIX,COBRANCA,APROVADO,1146.27,1,,
10836,1,2025-06-27T15:00:00+00,PIX,COBRANCA,APROVADO,768.63,1,,
10837,1,2025-07-16T15:00:00+00,PIX,COBRANCA,APROVADO,426.38,1,,
10838,1,2025-08-05T15:00:00+00,PIX,COBRANCA,APROVADO,945.12,1,,
10839,1,2025-09-22T15:00:00+00,PIX,COBRANCA,APROVADO,1257.74,1,,
10840,1,2025-10-11T15:00:00+00,PIX,COBRANCA,APROVADO,782.92,1,,
10841,1,2025-11-28T15:00:00+00,PIX,COBRANCA,APROVADO,553.46,1,,
10842,1,2025-11-17T15:00:00+00,PIX,COBRANCA,APROVADO,905.25,1,,
10843,1,2025-12-06T15:00:00+00,PIX,COBRANCA,APROVADO,1608.32,1,,
10844,1,2025-01-23T15:00:00+00,PIX,COBRANCA,APROVADO,975.52,1,,
10845,1,2025-02-12T15:00:00+00,PIX,COBRANCA,APROVADO,631.94,1,,
10846,1,2025-03-29T15:00:00+00,PIX,COBRANCA,APROVADO,1151.84,1,,
10847,1,2025-04-18T15:00:00+00,PIX,COBRANCA,APROVADO,1511.52,1,,
10848,1,2025-05-07T15:00:00+00,PIX,COBRANCA,APROVADO,1230.91,1,,
10849,1,2025-06-24T15:00:00+00,PIX,COBRANCA,APROVADO,656.38,1,,
10850,1,2025-07-13T15:00:00+00,PIX,COBRANCA,APROVADO,1320.93,1,,
10851,1,2025-08-02T15:00:00+00,PIX,COBRANCA,APROVADO,2173.74,1,,
10852,1,2025-09-19T15:00:00+00,PIX,COBRANCA,APROVADO,1452.31,1,,
10853,1,2025-10-08T15:00:00+00,PIX,COBRANCA,APROVADO,424.00,1,,
10854,1,2025-11-25T15:00:00+00,PIX,COBRANCA,APROVADO,852.25,1,,
10855,1,2025-11-14T15:00:00+00,PIX,COBRANCA,APROVADO,1313.38,1,,
10856,1,2025-12-03T15:00:00+00,PIX,COBRANCA,APROVADO,1446.83,1,,
10857,1,2025-01-20T15:00:00+00,PIX,COBRANCA,APROVADO,506.20,1,,
10858,1,2025-02-09T15:00:00+00,PIX,COBRANCA,APROVADO,1000.21,1,,
10859,1,2025-03-26T15:00:00+00,PIX,COBRANCA,APROVADO,606.46,1,,
10860,1,2025-04-15T15:00:00+00,PIX,COBRANCA,APROVADO,367.27,1,,
10861,1,2025-05-04T15:00:00+00,PIX,COBRANCA,APROVADO,281.52,1,,
10862,1,2025-06-21T15:00:00+00,PIX,COBRANCA,APROVADO,534.41,1,,
10863,1,2025-07-10T15:00:00+00,PIX,COBRANCA,APROVADO,820.18,1,,
10864,1,2025-08-27T15:00:00+00,PIX,COBRANCA,APROVADO,515.23,1,,
10865,1,2025-09-16T15:00:00+00,PIX,COBRANCA,APROVADO,363.72,1,,
10866,1,2025-10-05T15:00:00+00,PIX,COBRANCA,APROVADO,682.37,1,,
10867,1,2025-11-22T15:00:00+00,PIX,COBRANCA,APROVADO,1033.90,1,,
10868,1,2025-11-11T15:00:00+00,PIX,COBRANCA,APROVADO,663.19,1,,
10869,1,2025-12-28T15:00:00+00,PIX,COBRANCA,APROVADO,445.92,1,,
10870,1,2025-01-17T15:00:00+00,PIX,COBRANCA,APROVADO,830.33,1,,
10871,1,2025-02-06T15:00:00+00,PIX,COBRANCA,APROVADO,1247.62,1,,
10872,1,2025-03-23T15:00:00+00,PIX,COBRANCA,APROVADO,811.15,1,,
10873,1,2025-04-12T15:00:00+00,PIX,COBRANCA,APROVADO,528.12,1,,
10874,1,2025-05-29T15:00:00+00,PIX,COBRANCA,APROVADO,978.29,1,,
10875,1,2025-06-18T15:00:00+00,PIX,COBRANCA,APROVADO,1461.34,1,,
10876,1,2025-07-07T15:00:00+00,PIX,COBRANCA,APROVADO,959.11,1,,
10877,1,2025-08-24T15:00:00+00,PIX,COBRANCA,APROVADO,610.32,1,,
10878,1,2025-09-13T15:00:00+00,PIX,COBRANCA,APROVADO,1126.25,1,,
10879,1,2025-10-02T15:00:00+00,PIX,COBRANCA,APROVADO,1675.06,1,,
10880,1,2025-11-19T15:00:00+00,PIX,COBRANCA,APROVADO,1107.07,1,,
10881,1,2025-11-08T15:00:00+00,PIX,COBRANCA,APROVADO,626.01,1,,
10882,1,2025-12-25T15:00:00+00,PIX,COBRANCA,APROVADO,981.43,1,,
10883,1,2025-01-14T15:00:00+00,PIX,COBRANCA,APROVADO,1739.80,1,,
10884,1,2025-02-03T15:00:00+00,PIX,COBRANCA,APROVADO,1058.84,1,,
10885,1,2025-03-20T15:00:00+00,PIX,COBRANCA,APROVADO,679.61,1,,
10886,1,2025-04-09T15:00:00+00,PIX,COBRANCA,APROVADO,1237.92,1,,
10887,1,2025-05-26T15:00:00+00,PIX,COBRANCA,APROVADO,1621.68,1,,
10888,1,2025-06-15T15:00:00+00,PIX,COBRANCA,APROVADO,1324.06,1,,
10889,1,2025-07-04T15:00:00+00,PIX,COBRANCA,APROVADO,701.28,1,,
10890,1,2025-08-21T15:00:00+00,PIX,COBRANCA,APROVADO,633.61,1,,
10891,1,2025-09-10T15:00:00+00,PIX,COBRANCA,APROVADO,1105.54,1,,
10892,1,2025-10-27T15:00:00+00,PIX,COBRANCA,APROVADO,1116.10,1,,
10893,1,2025-11-16T15:00:00+00,PIX,COBRANCA,APROVADO,448.31,1,,
10894,1,2025-11-05T15:00:00+00,PIX,COBRANCA,APROVADO,796.33,1,,
10895,1,2025-12-22T15:00:00+00,PIX,COBRANCA,APROVADO,1164.67,1,,
10896,1,2025-01-11T15:00:00+00,PIX,COBRANCA,APROVADO,283.39,1,,
10897,1,2025-02-28T15:00:00+00,PIX,COBRANCA,APROVADO,194.29,1,,
10898,1,2025-03-17T15:00:00+00,PIX,COBRANCA,APROVADO,444.83,1,,
10899,1,2025-04-06T15:00:00+00,PIX,COBRANCA,APROVADO,612.69,1,,
10900,1,2025-05-23T15:00:00+00,PIX,COBRANCA,APROVADO,367.59,1,,
10901,1,2025-06-12T15:00:00+00,PIX,COBRANCA,APROVADO,336.32,1,,
10902,1,2025-07-29T15:00:00+00,PIX,COBRANCA,APROVADO,633.05,1,,
10903,1,2025-08-18T15:00:00+00,PIX,COBRANCA,APROVADO,962.66,1,,
10904,1,2025-09-07T15:00:00+00,PIX,COBRANCA,APROVADO,613.87,1,,
10905,1,2025-10-24T15:00:00+00,PIX,COBRANCA,APROVADO,418.52,1,,
10906,1,2025-11-13T15:00:00+00,PIX,COBRANCA,APROVADO,781.01,1,,
10907,1,2025-11-02T15:00:00+00,PIX,COBRANCA,APROVADO,1176.38,1,,
10908,1,2025-12-19T15:00:00+00,PIX,COBRANCA,APROVADO,761.83,1,,
10909,1,2025-01-08T15:00:00+00,PIX,COBRANCA,APROVADO,500.72,1,,
10910,1,2025-02-25T15:00:00+00,PIX,COBRANCA,APROVADO,928.97,1,,
10911,1,2025-03-14T15:00:00+00,PIX,COBRANCA,APROVADO,1390.10,1,,
10912,1,2025-04-03T15:00:00+00,PIX,COBRANCA,APROVADO,909.79,1,,
10913,1,2025-05-20T15:00:00+00,PIX,COBRANCA,APROVADO,582.92,1,,
10914,1,2025-06-09T15:00:00+00,PIX,COBRANCA,APROVADO,1076.93,1,,
10915,1,2025-07-26T15:00:00+00,PIX,COBRANCA,APROVADO,1603.82,1,,
10916,1,2025-08-15T15:00:00+00,PIX,COBRANCA,APROVADO,1057.75,1,,
10917,1,2025-09-04T15:00:00+00,PIX,COBRANCA,APROVADO,665.12,1,,
10918,1,2025-10-21T15:00:00+00,PIX,COBRANCA,APROVADO,1224.89,1,,
10919,1,2025-11-10T15:00:00+00,PIX,COBRANCA,APROVADO,1817.54,1,,
10920,1,2025-11-27T15:00:00+00,PIX,COBRANCA,APROVADO,1205.71,1,,
10921,1,2025-12-16T15:00:00+00,PIX,COBRANCA,APROVADO,747.32,1,,
10922,1,2025-01-05T15:00:00+00,PIX,COBRANCA,APROVADO,1372.85,1,,
10923,1,2025-02-22T15:00:00+00,PIX,COBRANCA,APROVADO,2031.26,1,,
10924,1,2025-03-11T15:00:00+00,PIX,COBRANCA,APROVADO,1353.67,1,,
10925,1,2025-04-28T15:00:00+00,PIX,COBRANCA,APROVADO,829.52,1,,
10926,1,2025-05-17T15:00:00+00,PIX,COBRANCA,APROVADO,1520.81,1,,
10927,1,2025-06-06T15:00:00+00,PIX,COBRANCA,APROVADO,2244.98,1,,
10928,1,2025-07-23T15:00:00+00,PIX,COBRANCA,APROVADO,1348.19,1,,
10929,1,2025-08-12T15:00:00+00,PIX,COBRANCA,APROVADO,451.40,1,,
10930,1,2025-09-29T15:00:00+00,PIX,COBRANCA,APROVADO,901.57,1,,
10931,1,2025-10-18T15:00:00+00,PIX,COBRANCA,APROVADO,1335.90,1,,
10932,1,2025-11-07T15:00:00+00,PIX,COBRANCA,APROVADO,1194.40,1,,
10933,1,2025-11-24T15:00:00+00,PIX,COBRANCA,APROVADO,207.22,1,,
10934,1,2025-12-13T15:00:00+00,PIX,COBRANCA,APROVADO,355.74,1,,
10935,1,2025-01-02T15:00:00+00,PIX,COBRANCA,APROVADO,596.38,1,,
10936,1,2025-02-19T15:00:00+00,PIX,COBRANCA,APROVADO,371.59,1,,
10937,1,2025-03-08T15:00:00+00,PIX,COBRANCA,APROVADO,236.49,1,,
10938,1,2025-04-25T15:00:00+00,PIX,COBRANCA,APROVADO,535.77,1,,
10939,1,2025-05-14T15:00:00+00,PIX,COBRANCA,APROVADO,730.00,1,,
10940,1,2025-06-03T15:00:00+00,PIX,COBRANCA,APROVADO,440.14,1,,
10941,1,2025-07-20T15:00:00+00,PIX,COBRANCA,APROVADO,338.89,1,,
10942,1,2025-08-09T15:00:00+00,PIX,COBRANCA,APROVADO,562.46,1,,
10943,1,2025-09-26T15:00:00+00,PIX,COBRANCA,APROVADO,1016.43,1,,
10944,1,2025-10-15T15:00:00+00,PIX,COBRANCA,APROVADO,600.70,1,,
10945,1,2025-11-04T15:00:00+00,PIX,COBRANCA,APROVADO,417.41,1,,
10946,1,2025-11-21T15:00:00+00,PIX,COBRANCA,APROVADO,764.68,1,,
10947,1,2025-12-10T15:00:00+00,PIX,COBRANCA,APROVADO,1015.83,1,,
10948,1,2025-01-27T15:00:00+00,PIX,COBRANCA,APROVADO,811.64,1,,
10949,1,2025-02-16T15:00:00+00,PIX,COBRANCA,APROVADO,454.16,1,,
10950,1,2025-03-05T15:00:00+00,PIX,COBRANCA,APROVADO,926.37,1,,
10951,1,2025-04-22T15:00:00+00,PIX,COBRANCA,APROVADO,1532.58,1,,
10952,1,2025-05-11T15:00:00+00,PIX,COBRANCA,APROVADO,1008.43,1,,
10953,1,2025-06-28T15:00:00+00,PIX,COBRANCA,APROVADO,637.72,1,,
10954,1,2025-07-17T15:00:00+00,PIX,COBRANCA,APROVADO,1175.57,1,,
10955,1,2025-08-06T15:00:00+00,PIX,COBRANCA,APROVADO,1746.30,1,,
10956,1,2025-09-23T15:00:00+00,PIX,COBRANCA,APROVADO,1156.39,1,,
10957,1,2025-10-12T15:00:00+00,PIX,COBRANCA,APROVADO,719.92,1,,
10958,1,2025-11-29T15:00:00+00,PIX,COBRANCA,APROVADO,1323.53,1,,
10959,1,2025-11-18T15:00:00+00,PIX,COBRANCA,APROVADO,1960.02,1,,
10960,1,2025-12-07T15:00:00+00,PIX,COBRANCA,APROVADO,1304.35,1,,
10961,1,2025-01-24T15:00:00+00,PIX,COBRANCA,APROVADO,802.12,1,,
10962,1,2025-02-13T15:00:00+00,PIX,COBRANCA,APROVADO,1471.49,1,,
10963,1,2025-03-02T15:00:00+00,PIX,COBRANCA,APROVADO,2173.74,1,,
10964,1,2025-04-19T15:00:00+00,PIX,COBRANCA,APROVADO,1452.31,1,,
10965,1,2025-05-08T15:00:00+00,PIX,COBRANCA,APROVADO,424.00,1,,
10966,1,2025-06-25T15:00:00+00,PIX,COBRANCA,APROVADO,852.25,1,,
10967,1,2025-07-14T15:00:00+00,PIX,COBRANCA,APROVADO,1313.38,1,,
10968,1,2025-08-03T15:00:00+00,PIX,COBRANCA,APROVADO,1446.83,1,,
10969,1,2025-09-20T15:00:00+00,PIX,COBRANCA,APROVADO,506.20,1,,
10970,1,2025-10-09T15:00:00+00,PIX,COBRANCA,APROVADO,1000.21,1,,
10971,1,2025-11-26T15:00:00+00,PIX,COBRANCA,APROVADO,606.46,1,,
10972,1,2025-11-15T15:00:00+00,PIX,COBRANCA,APROVADO,367.27,1,,
10973,1,2025-12-04T15:00:00+00,PIX,COBRANCA,APROVADO,281.52,1,,
10974,1,2025-01-21T15:00:00+00,PIX,COBRANCA,APROVADO,534.41,1,,
10975,1,2025-02-10T15:00:00+00,PIX,COBRANCA,APROVADO,820.18,1,,
10976,1,2025-03-27T15:00:00+00,PIX,COBRANCA,APROVADO,515.23,1,,
10977,1,2025-04-16T15:00:00+00,PIX,COBRANCA,APROVADO,363.72,1,,
10978,1,2025-05-05T15:00:00+00,PIX,COBRANCA,APROVADO,682.37,1,,
10979,1,2025-06-22T15:00:00+00,PIX,COBRANCA,APROVADO,1033.90,1,,
10980,1,2025-07-11T15:00:00+00,PIX,COBRANCA,APROVADO,663.19,1,,
10981,1,2025-08-28T15:00:00+00,PIX,COBRANCA,APROVADO,401.61,1,,
10982,1,2025-09-17T15:00:00+00,PIX,COBRANCA,APROVADO,638.64,1,,
10983,1,2025-10-06T15:00:00+00,PIX,COBRANCA,APROVADO,1147.91,1,,
10984,1,2025-11-23T15:00:00+00,PIX,COBRANCA,APROVADO,683.95,1,,
10985,1,2025-11-12T15:00:00+00,PIX,COBRANCA,APROVADO,465.08,1,,
10986,1,2025-12-29T15:00:00+00,PIX,COBRANCA,APROVADO,850.76,1,,
10987,1,2025-01-18T15:00:00+00,PIX,COBRANCA,APROVADO,1125.99,1,,
10988,1,2025-02-07T15:00:00+00,PIX,COBRANCA,APROVADO,904.87,1,,
10989,1,2025-03-24T15:00:00+00,PIX,COBRANCA,APROVADO,499.09,1,,
10990,1,2025-04-13T15:00:00+00,PIX,COBRANCA,APROVADO,980.20,1,,
10991,1,2025-05-02T15:00:00+00,PIX,COBRANCA,APROVADO,1458.70,1,,
10992,1,2025-06-19T15:00:00+00,PIX,COBRANCA,APROVADO,878.51,1,,
10993,1,2025-07-08T15:00:00+00,PIX,COBRANCA,APROVADO,635.74,1,,
10994,1,2025-08-25T15:00:00+00,PIX,COBRANCA,APROVADO,1045.15,1,,
10995,1,2025-09-14T15:00:00+00,PIX,COBRANCA,APROVADO,1635.10,1,,
10996,1,2025-10-03T15:00:00+00,PIX,COBRANCA,APROVADO,1121.57,1,,
10997,1,2025-11-20T15:00:00+00,PIX,COBRANCA,APROVADO,595.16,1,,
10998,1,2025-11-09T15:00:00+00,PIX,COBRANCA,APROVADO,1309.02,1,,
10999,1,2025-12-26T15:00:00+00,PIX,COBRANCA,APROVADO,1726.85,1,,
11000,1,2025-01-15T15:00:00+00,PIX,COBRANCA,APROVADO,1096.43,1,,
11001,1,2025-01-11T15:00:00+00,PIX,COBRANCA,APROVADO,856.92,1,,
11002,1,2025-02-28T15:00:00+00,PIX,COBRANCA,APROVADO,802.93,1,,
11003,1,2025-03-17T15:00:00+00,PIX,COBRANCA,APROVADO,1242.14,1,,
11004,1,2025-04-06T15:00:00+00,PIX,COBRANCA,APROVADO,1397.51,1,,
11005,1,2025-05-23T15:00:00+00,PIX,COBRANCA,APROVADO,478.80,1,,
11006,1,2025-06-12T15:00:00+00,PIX,COBRANCA,APROVADO,950.89,1,,
11007,1,2025-07-29T15:00:00+00,PIX,COBRANCA,APROVADO,1455.86,1,,
11008,1,2025-08-18T15:00:00+00,PIX,COBRANCA,APROVADO,317.95,1,,
11009,1,2025-09-07T15:00:00+00,PIX,COBRANCA,APROVADO,254.12,1,,
11010,1,2025-10-24T15:00:00+00,PIX,COBRANCA,APROVADO,485.09,1,,
11011,1,2025-11-13T15:00:00+00,PIX,COBRANCA,APROVADO,748.94,1,,
11012,1,2025-11-02T15:00:00+00,PIX,COBRANCA,APROVADO,465.91,1,,
11013,1,2025-12-19T15:00:00+00,PIX,COBRANCA,APROVADO,336.32,1,,
11014,1,2025-01-08T15:00:00+00,PIX,COBRANCA,APROVADO,633.05,1,,
11015,1,2025-02-25T15:00:00+00,PIX,COBRANCA,APROVADO,962.66,1,,
11016,1,2025-03-14T15:00:00+00,PIX,COBRANCA,APROVADO,613.87,1,,
11017,1,2025-04-03T15:00:00+00,PIX,COBRANCA,APROVADO,418.52,1,,
11018,1,2025-05-20T15:00:00+00,PIX,COBRANCA,APROVADO,781.01,1,,
11019,1,2025-06-09T15:00:00+00,PIX,COBRANCA,APROVADO,1176.38,1,,
11020,1,2025-07-26T15:00:00+00,PIX,COBRANCA,APROVADO,761.83,1,,
11021,1,2025-08-15T15:00:00+00,PIX,COBRANCA,APROVADO,500.72,1,,
11022,1,2025-09-04T15:00:00+00,PIX,COBRANCA,APROVADO,928.97,1,,
11023,1,2025-10-21T15:00:00+00,PIX,COBRANCA,APROVADO,1390.10,1,,
11024,1,2025-11-10T15:00:00+00,PIX,COBRANCA,APROVADO,909.79,1,,
11025,1,2025-11-27T15:00:00+00,PIX,COBRANCA,APROVADO,582.92,1,,
11026,1,2025-12-16T15:00:00+00,PIX,COBRANCA,APROVADO,1076.93,1,,
11027,1,2025-01-05T15:00:00+00,PIX,COBRANCA,APROVADO,1603.82,1,,
11028,1,2025-02-22T15:00:00+00,PIX,COBRANCA,APROVADO,1057.75,1,,
11029,1,2025-03-11T15:00:00+00,PIX,COBRANCA,APROVADO,665.12,1,,
11030,1,2025-04-28T15:00:00+00,PIX,COBRANCA,APROVADO,1224.89,1,,
11031,1,2025-05-17T15:00:00+00,PIX,COBRANCA,APROVADO,1659.48,1,,
11032,1,2025-06-06T15:00:00+00,PIX,COBRANCA,APROVADO,956.89,1,,
11033,1,2025-07-23T15:00:00+00,PIX,COBRANCA,APROVADO,686.17,1,,
11034,1,2025-08-12T15:00:00+00,PIX,COBRANCA,APROVADO,1126.24,1,,
11035,1,2025-09-29T15:00:00+00,PIX,COBRANCA,APROVADO,1757.29,1,,
11036,1,2025-10-18T15:00:00+00,PIX,COBRANCA,APROVADO,1209.77,1,,
11037,1,2025-11-07T15:00:00+00,PIX,COBRANCA,APROVADO,637.36,1,,
11038,1,2025-11-24T15:00:00+00,PIX,COBRANCA,APROVADO,1399.96,1,,
11039,1,2025-12-13T15:00:00+00,PIX,COBRANCA,APROVADO,1844.10,1,,
11040,1,2025-01-02T15:00:00+00,PIX,COBRANCA,APROVADO,1018.01,1,,
11041,1,2025-02-19T15:00:00+00,PIX,COBRANCA,APROVADO,400.55,1,,
11042,1,2025-03-08T15:00:00+00,PIX,COBRANCA,APROVADO,710.71,1,,
11043,1,2025-04-25T15:00:00+00,PIX,COBRANCA,APROVADO,1299.22,1,,
11044,1,2025-05-14T15:00:00+00,PIX,COBRANCA,APROVADO,1269.24,1,,
11045,1,2025-06-03T15:00:00+00,PIX,COBRANCA,APROVADO,202.85,1,,
11046,1,2025-07-20T15:00:00+00,PIX,COBRANCA,APROVADO,377.56,1,,
11047,1,2025-08-09T15:00:00+00,PIX,COBRANCA,APROVADO,520.20,1,,
11048,1,2025-09-26T15:00:00+00,PIX,COBRANCA,APROVADO,392.46,1,,
11049,1,2025-10-15T15:00:00+00,PIX,COBRANCA,APROVADO,251.92,1,,
11050,1,2025-11-04T15:00:00+00,PIX,COBRANCA,APROVADO,531.81,1,,
11051,1,2025-11-21T15:00:00+00,PIX,COBRANCA,APROVADO,891.42,1,,
11052,1,2025-12-10T15:00:00+00,PIX,COBRANCA,APROVADO,564.55,1,,
11053,1,2025-01-27T15:00:00+00,PIX,COBRANCA,APROVADO,391.12,1,,
11054,1,2025-02-16T15:00:00+00,PIX,COBRANCA,APROVADO,731.69,1,,
11055,1,2025-03-05T15:00:00+00,PIX,COBRANCA,APROVADO,1105.14,1,,
11056,1,2025-04-22T15:00:00+00,PIX,COBRANCA,APROVADO,712.51,1,,
11057,1,2025-05-11T15:00:00+00,PIX,COBRANCA,APROVADO,473.32,1,,
11058,1,2025-06-28T15:00:00+00,PIX,COBRANCA,APROVADO,879.65,1,,
11059,1,2025-07-17T15:00:00+00,PIX,COBRANCA,APROVADO,1318.86,1,,
11060,1,2025-08-06T15:00:00+00,PIX,COBRANCA,APROVADO,860.47,1,,
11061,1,2025-09-23T15:00:00+00,PIX,COBRANCA,APROVADO,555.52,1,,
11062,1,2025-10-12T15:00:00+00,PIX,COBRANCA,APROVADO,1027.61,1,,
11063,1,2025-11-29T15:00:00+00,PIX,COBRANCA,APROVADO,1532.58,1,,
11064,1,2025-11-18T15:00:00+00,PIX,COBRANCA,APROVADO,1008.43,1,,
11065,1,2025-12-07T15:00:00+00,PIX,COBRANCA,APROVADO,637.72,1,,
11066,1,2025-01-24T15:00:00+00,PIX,COBRANCA,APROVADO,1175.57,1,,
11067,1,2025-02-13T15:00:00+00,PIX,COBRANCA,APROVADO,1746.30,1,,
11068,1,2025-03-02T15:00:00+00,PIX,COBRANCA,APROVADO,1156.39,1,,
11069,1,2025-04-19T15:00:00+00,PIX,COBRANCA,APROVADO,719.92,1,,
11070,1,2025-05-08T15:00:00+00,PIX,COBRANCA,APROVADO,1323.53,1,,
11071,1,2025-06-25T15:00:00+00,PIX,COBRANCA,APROVADO,1960.02,1,,
11072,1,2025-07-14T15:00:00+00,PIX,COBRANCA,APROVADO,1304.35,1,,
11073,1,2025-08-03T15:00:00+00,PIX,COBRANCA,APROVADO,802.12,1,,
11074,1,2025-09-20T15:00:00+00,PIX,COBRANCA,APROVADO,1471.49,1,,
11075,1,2025-10-09T15:00:00+00,PIX,COBRANCA,APROVADO,2173.74,1,,
11076,1,2025-11-26T15:00:00+00,PIX,COBRANCA,APROVADO,1452.31,1,,
11077,1,2025-11-15T15:00:00+00,PIX,COBRANCA,APROVADO,424.00,1,,
11078,1,2025-12-04T15:00:00+00,PIX,COBRANCA,APROVADO,852.25,1,,
11079,1,2025-01-21T15:00:00+00,PIX,COBRANCA,APROVADO,1313.38,1,,
11080,1,2025-02-10T15:00:00+00,PIX,COBRANCA,APROVADO,1446.83,1,,
11081,1,2025-03-27T15:00:00+00,PIX,COBRANCA,APROVADO,484.09,1,,
11082,1,2025-04-16T15:00:00+00,PIX,COBRANCA,APROVADO,786.89,1,,
11083,1,2025-05-05T15:00:00+00,PIX,COBRANCA,APROVADO,556.08,1,,
11084,1,2025-06-22T15:00:00+00,PIX,COBRANCA,APROVADO,309.13,1,,
11085,1,2025-07-11T15:00:00+00,PIX,COBRANCA,APROVADO,250.52,1,,
11086,1,2025-08-28T15:00:00+00,PIX,COBRANCA,APROVADO,463.60,1,,
11087,1,2025-09-17T15:00:00+00,PIX,COBRANCA,APROVADO,630.30,1,,
11088,1,2025-10-06T15:00:00+00,PIX,COBRANCA,APROVADO,485.60,1,,
11089,1,2025-11-23T15:00:00+00,PIX,COBRANCA,APROVADO,296.87,1,,
11090,1,2025-11-12T15:00:00+00,PIX,COBRANCA,APROVADO,597.99,1,,
11091,1,2025-12-29T15:00:00+00,PIX,COBRANCA,APROVADO,898.98,1,,
11092,1,2025-01-18T15:00:00+00,PIX,COBRANCA,APROVADO,525.84,1,,
11093,1,2025-02-07T15:00:00+00,PIX,COBRANCA,APROVADO,408.85,1,,
11094,1,2025-03-24T15:00:00+00,PIX,COBRANCA,APROVADO,680.17,1,,
11095,1,2025-04-13T15:00:00+00,PIX,COBRANCA,APROVADO,1085.21,1,,
11096,1,2025-05-02T15:00:00+00,PIX,COBRANCA,APROVADO,724.53,1,,
11097,1,2025-06-19T15:00:00+00,PIX,COBRANCA,APROVADO,405.27,1,,
11098,1,2025-07-08T15:00:00+00,PIX,COBRANCA,APROVADO,899.67,1,,
11099,1,2025-08-25T15:00:00+00,PIX,COBRANCA,APROVADO,1199.05,1,,
11100,1,2025-09-14T15:00:00+00,PIX,COBRANCA,APROVADO,751.19,1,,
11101,1,2025-10-03T15:00:00+00,PIX,COBRANCA,APROVADO,610.32,1,,
11102,1,2025-11-20T15:00:00+00,PIX,COBRANCA,APROVADO,1126.25,1,,
11103,1,2025-11-09T15:00:00+00,PIX,COBRANCA,APROVADO,1675.06,1,,
11104,1,2025-12-26T15:00:00+00,PIX,COBRANCA,APROVADO,1107.07,1,,
11105,1,2025-01-15T15:00:00+00,PIX,COBRANCA,APROVADO,692.52,1,,
11106,1,2025-02-04T15:00:00+00,PIX,COBRANCA,APROVADO,1274.21,1,,
11107,1,2025-03-21T15:00:00+00,PIX,COBRANCA,APROVADO,1888.78,1,,
11108,1,2025-04-10T15:00:00+00,PIX,COBRANCA,APROVADO,1255.03,1,,
11109,1,2025-05-27T15:00:00+00,PIX,COBRANCA,APROVADO,774.72,1,,
11110,1,2025-06-16T15:00:00+00,PIX,COBRANCA,APROVADO,1422.17,1,,
11111,1,2025-07-05T15:00:00+00,PIX,COBRANCA,APROVADO,2102.50,1,,
11112,1,2025-08-22T15:00:00+00,PIX,COBRANCA,APROVADO,1402.99,1,,
11113,1,2025-09-11T15:00:00+00,PIX,COBRANCA,APROVADO,856.92,1,,
11114,1,2025-10-28T15:00:00+00,PIX,COBRANCA,APROVADO,802.93,1,,
11115,1,2025-11-17T15:00:00+00,PIX,COBRANCA,APROVADO,1242.14,1,,
11116,1,2025-11-06T15:00:00+00,PIX,COBRANCA,APROVADO,1397.51,1,,
11117,1,2025-12-23T15:00:00+00,PIX,COBRANCA,APROVADO,478.80,1,,
11118,1,2025-01-12T15:00:00+00,PIX,COBRANCA,APROVADO,950.89,1,,
11119,1,2025-03-01T15:00:00+00,PIX,COBRANCA,APROVADO,1455.86,1,,
11120,1,2025-03-18T15:00:00+00,PIX,COBRANCA,APROVADO,317.95,1,,
11121,1,2025-04-07T15:00:00+00,PIX,COBRANCA,APROVADO,254.12,1,,
11122,1,2025-05-24T15:00:00+00,PIX,COBRANCA,APROVADO,485.09,1,,
11123,1,2025-06-13T15:00:00+00,PIX,COBRANCA,APROVADO,748.94,1,,
11124,1,2025-07-02T15:00:00+00,PIX,COBRANCA,APROVADO,465.91,1,,
11125,1,2025-08-19T15:00:00+00,PIX,COBRANCA,APROVADO,336.32,1,,
11126,1,2025-09-08T15:00:00+00,PIX,COBRANCA,APROVADO,633.05,1,,
11127,1,2025-10-25T15:00:00+00,PIX,COBRANCA,APROVADO,962.66,1,,
11128,1,2025-11-14T15:00:00+00,PIX,COBRANCA,APROVADO,613.87,1,,
11129,1,2025-11-03T15:00:00+00,PIX,COBRANCA,APROVADO,418.52,1,,
11130,1,2025-12-20T15:00:00+00,PIX,COBRANCA,APROVADO,781.01,1,,
11131,1,2025-01-09T15:00:00+00,PIX,COBRANCA,APROVADO,1070.12,1,,
11132,1,2025-02-26T15:00:00+00,PIX,COBRANCA,APROVADO,604.22,1,,
11133,1,2025-03-15T15:00:00+00,PIX,COBRANCA,APROVADO,459.30,1,,
11134,1,2025-04-04T15:00:00+00,PIX,COBRANCA,APROVADO,761.26,1,,
11135,1,2025-05-21T15:00:00+00,PIX,COBRANCA,APROVADO,1207.40,1,,
11136,1,2025-06-10T15:00:00+00,PIX,COBRANCA,APROVADO,812.73,1,,
11137,1,2025-07-27T15:00:00+00,PIX,COBRANCA,APROVADO,447.47,1,,
11138,1,2025-08-16T15:00:00+00,PIX,COBRANCA,APROVADO,990.61,1,,
11139,1,2025-09-05T15:00:00+00,PIX,COBRANCA,APROVADO,1316.36,1,,
11140,1,2025-10-22T15:00:00+00,PIX,COBRANCA,APROVADO,821.00,1,,
11141,1,2025-11-11T15:00:00+00,PIX,COBRANCA,APROVADO,577.27,1,,
11142,1,2025-11-28T15:00:00+00,PIX,COBRANCA,APROVADO,943.32,1,,
11143,1,2025-12-17T15:00:00+00,PIX,COBRANCA,APROVADO,1674.03,1,,
11144,1,2025-01-06T15:00:00+00,PIX,COBRANCA,APROVADO,1017.18,1,,
11145,1,2025-02-23T15:00:00+00,PIX,COBRANCA,APROVADO,655.79,1,,
11146,1,2025-03-12T15:00:00+00,PIX,COBRANCA,APROVADO,1194.86,1,,
11147,1,2025-04-29T15:00:00+00,PIX,COBRANCA,APROVADO,1566.57,1,,
11148,1,2025-05-18T15:00:00+00,PIX,COBRANCA,APROVADO,1277.44,1,,
11149,1,2025-06-07T15:00:00+00,PIX,COBRANCA,APROVADO,678.84,1,,
11150,1,2025-07-24T15:00:00+00,PIX,COBRANCA,APROVADO,1364.77,1,,
11151,1,2025-08-13T15:00:00+00,PIX,COBRANCA,APROVADO,2244.98,1,,
11152,1,2025-09-02T15:00:00+00,PIX,COBRANCA,APROVADO,1348.19,1,,
11153,1,2025-10-19T15:00:00+00,PIX,COBRANCA,APROVADO,451.40,1,,
11154,1,2025-11-08T15:00:00+00,PIX,COBRANCA,APROVADO,901.57,1,,
11155,1,2025-11-25T15:00:00+00,PIX,COBRANCA,APROVADO,1384.62,1,,
11156,1,2025-12-14T15:00:00+00,PIX,COBRANCA,APROVADO,1496.15,1,,
11157,1,2025-01-03T15:00:00+00,PIX,COBRANCA,APROVADO,226.72,1,,
11158,1,2025-02-20T15:00:00+00,PIX,COBRANCA,APROVADO,435.77,1,,
11159,1,2025-03-09T15:00:00+00,PIX,COBRANCA,APROVADO,677.70,1,,
11160,1,2025-04-26T15:00:00+00,PIX,COBRANCA,APROVADO,416.59,1,,
11161,1,2025-05-15T15:00:00+00,PIX,COBRANCA,APROVADO,308.92,1,,
11162,1,2025-06-04T15:00:00+00,PIX,COBRANCA,APROVADO,583.73,1,,
11163,1,2025-07-21T15:00:00+00,PIX,COBRANCA,APROVADO,891.42,1,,
11164,1,2025-08-10T15:00:00+00,PIX,COBRANCA,APROVADO,564.55,1,,
11165,1,2025-09-27T15:00:00+00,PIX,COBRANCA,APROVADO,391.12,1,,
11166,1,2025-10-16T15:00:00+00,PIX,COBRANCA,APROVADO,731.69,1,,
11167,1,2025-11-05T15:00:00+00,PIX,COBRANCA,APROVADO,1105.14,1,,
11168,1,2025-11-22T15:00:00+00,PIX,COBRANCA,APROVADO,712.51,1,,
11169,1,2025-12-11T15:00:00+00,PIX,COBRANCA,APROVADO,473.32,1,,
11170,1,2025-01-28T15:00:00+00,PIX,COBRANCA,APROVADO,879.65,1,,
11171,1,2025-02-17T15:00:00+00,PIX,COBRANCA,APROVADO,1318.86,1,,
11172,1,2025-03-06T15:00:00+00,PIX,COBRANCA,APROVADO,860.47,1,,
11173,1,2025-04-23T15:00:00+00,PIX,COBRANCA,APROVADO,555.52,1,,
11174,1,2025-05-12T15:00:00+00,PIX,COBRANCA,APROVADO,1027.61,1,,
11175,1,2025-06-29T15:00:00+00,PIX,COBRANCA,APROVADO,1532.58,1,,
11176,1,2025-07-18T15:00:00+00,PIX,COBRANCA,APROVADO,1008.43,1,,
11177,1,2025-08-07T15:00:00+00,PIX,COBRANCA,APROVADO,637.72,1,,
11178,1,2025-09-24T15:00:00+00,PIX,COBRANCA,APROVADO,1175.57,1,,
11179,1,2025-10-13T15:00:00+00,PIX,COBRANCA,APROVADO,1746.30,1,,
11180,1,2025-11-02T15:00:00+00,PIX,COBRANCA,APROVADO,1156.39,1,,
11181,1,2025-11-19T15:00:00+00,PIX,COBRANCA,APROVADO,650.95,1,,
11182,1,2025-12-08T15:00:00+00,PIX,COBRANCA,APROVADO,1019.50,1,,
11183,1,2025-01-25T15:00:00+00,PIX,COBRANCA,APROVADO,1805.51,1,,
11184,1,2025-02-14T15:00:00+00,PIX,COBRANCA,APROVADO,1100.43,1,,
11185,1,2025-03-03T15:00:00+00,PIX,COBRANCA,APROVADO,703.46,1,,
11186,1,2025-04-20T15:00:00+00,PIX,COBRANCA,APROVADO,1280.94,1,,
11187,1,2025-05-09T15:00:00+00,PIX,COBRANCA,APROVADO,1676.73,1,,
11188,1,2025-06-26T15:00:00+00,PIX,COBRANCA,APROVADO,1370.67,1,,
11189,1,2025-07-15T15:00:00+00,PIX,COBRANCA,APROVADO,355.52,1,,
11190,1,2025-08-04T15:00:00+00,PIX,COBRANCA,APROVADO,676.05,1,,
11191,1,2025-09-21T15:00:00+00,PIX,COBRANCA,APROVADO,1167.74,1,,
11192,1,2025-10-10T15:00:00+00,PIX,COBRANCA,APROVADO,1155.25,1,,
11193,1,2025-11-27T15:00:00+00,PIX,COBRANCA,APROVADO,473.55,1,,
11194,1,2025-11-16T15:00:00+00,PIX,COBRANCA,APROVADO,836.92,1,,
11195,1,2025-12-05T15:00:00+00,PIX,COBRANCA,APROVADO,535.25,1,,
11196,1,2025-01-22T15:00:00+00,PIX,COBRANCA,APROVADO,327.49,1,,
11197,1,2025-02-11T15:00:00+00,PIX,COBRANCA,APROVADO,215.40,1,,
11198,1,2025-03-28T15:00:00+00,PIX,COBRANCA,APROVADO,490.28,1,,
11199,1,2025-04-17T15:00:00+00,PIX,COBRANCA,APROVADO,671.38,1,,
11200,1,2025-05-06T15:00:00+00,PIX,COBRANCA,APROVADO,405.95,1,,
11201,1,2025-06-23T15:00:00+00,PIX,COBRANCA,APROVADO,363.72,1,,
11202,1,2025-07-12T15:00:00+00,PIX,COBRANCA,APROVADO,682.37,1,,
11203,1,2025-08-29T15:00:00+00,PIX,COBRANCA,APROVADO,1033.90,1,,
11204,1,2025-09-18T15:00:00+00,PIX,COBRANCA,APROVADO,663.19,1,,
11205,1,2025-10-07T15:00:00+00,PIX,COBRANCA,APROVADO,445.92,1,,
11206,1,2025-11-24T15:00:00+00,PIX,COBRANCA,APROVADO,830.33,1,,
11207,1,2025-11-13T15:00:00+00,PIX,COBRANCA,APROVADO,1247.62,1,,
11208,1,2025-12-02T15:00:00+00,PIX,COBRANCA,APROVADO,811.15,1,,
11209,1,2025-01-19T15:00:00+00,PIX,COBRANCA,APROVADO,528.12,1,,
11210,1,2025-02-08T15:00:00+00,PIX,COBRANCA,APROVADO,978.29,1,,
11211,1,2025-03-25T15:00:00+00,PIX,COBRANCA,APROVADO,1461.34,1,,
11212,1,2025-04-14T15:00:00+00,PIX,COBRANCA,APROVADO,959.11,1,,
11213,1,2025-05-03T15:00:00+00,PIX,COBRANCA,APROVADO,610.32,1,,
11214,1,2025-06-20T15:00:00+00,PIX,COBRANCA,APROVADO,1126.25,1,,
11215,1,2025-07-09T15:00:00+00,PIX,COBRANCA,APROVADO,1675.06,1,,
11216,1,2025-08-26T15:00:00+00,PIX,COBRANCA,APROVADO,1107.07,1,,
11217,1,2025-09-15T15:00:00+00,PIX,COBRANCA,APROVADO,692.52,1,,
11218,1,2025-10-04T15:00:00+00,PIX,COBRANCA,APROVADO,1274.21,1,,
11219,1,2025-11-21T15:00:00+00,PIX,COBRANCA,APROVADO,1888.78,1,,
11220,1,2025-11-10T15:00:00+00,PIX,COBRANCA,APROVADO,1255.03,1,,
11221,1,2025-12-27T15:00:00+00,PIX,COBRANCA,APROVADO,774.72,1,,
11222,1,2025-01-16T15:00:00+00,PIX,COBRANCA,APROVADO,1422.17,1,,
11223,1,2025-02-05T15:00:00+00,PIX,COBRANCA,APROVADO,2102.50,1,,
11224,1,2025-03-22T15:00:00+00,PIX,COBRANCA,APROVADO,1402.99,1,,
11225,1,2025-04-11T15:00:00+00,PIX,COBRANCA,APROVADO,856.92,1,,
11226,1,2025-05-28T15:00:00+00,PIX,COBRANCA,APROVADO,802.93,1,,
11227,1,2025-06-17T15:00:00+00,PIX,COBRANCA,APROVADO,1242.14,1,,
11228,1,2025-07-06T15:00:00+00,PIX,COBRANCA,APROVADO,1397.51,1,,
11229,1,2025-08-23T15:00:00+00,PIX,COBRANCA,APROVADO,478.80,1,,
11230,1,2025-09-12T15:00:00+00,PIX,COBRANCA,APROVADO,950.89,1,,
11231,1,2025-10-29T15:00:00+00,PIX,COBRANCA,APROVADO,1401.40,1,,
11232,1,2025-11-18T15:00:00+00,PIX,COBRANCA,APROVADO,251.63,1,,
11233,1,2025-11-07T15:00:00+00,PIX,COBRANCA,APROVADO,232.41,1,,
11234,1,2025-12-24T15:00:00+00,PIX,COBRANCA,APROVADO,396.28,1,,
11235,1,2025-01-13T15:00:00+00,PIX,COBRANCA,APROVADO,657.51,1,,
11236,1,2025-02-02T15:00:00+00,PIX,COBRANCA,APROVADO,415.76,1,,
11237,1,2025-03-19T15:00:00+00,PIX,COBRANCA,APROVADO,257.60,1,,
11238,1,2025-04-08T15:00:00+00,PIX,COBRANCA,APROVADO,581.27,1,,
11239,1,2025-05-25T15:00:00+00,PIX,COBRANCA,APROVADO,788.62,1,,
11240,1,2025-06-14T15:00:00+00,PIX,COBRANCA,APROVADO,478.23,1,,
11241,1,2025-07-03T15:00:00+00,PIX,COBRANCA,APROVADO,362.73,1,,
11242,1,2025-08-20T15:00:00+00,PIX,COBRANCA,APROVADO,600.57,1,,
11243,1,2025-09-09T15:00:00+00,PIX,COBRANCA,APROVADO,1082.20,1,,
11244,1,2025-10-26T15:00:00+00,PIX,COBRANCA,APROVADO,642.36,1,,
11245,1,2025-11-15T15:00:00+00,PIX,COBRANCA,APROVADO,441.23,1,,
11246,1,2025-11-04T15:00:00+00,PIX,COBRANCA,APROVADO,807.74,1,,
11247,1,2025-12-21T15:00:00+00,PIX,COBRANCA,APROVADO,1070.94,1,,
11248,1,2025-01-10T15:00:00+00,PIX,COBRANCA,APROVADO,858.26,1,,
11249,1,2025-02-27T15:00:00+00,PIX,COBRANCA,APROVADO,476.60,1,,
11250,1,2025-03-16T15:00:00+00,PIX,COBRANCA,APROVADO,970.21,1,,
11251,1,2025-04-05T15:00:00+00,PIX,COBRANCA,APROVADO,1603.82,1,,
11252,1,2025-05-22T15:00:00+00,PIX,COBRANCA,APROVADO,1057.75,1,,
11253,1,2025-06-11T15:00:00+00,PIX,COBRANCA,APROVADO,665.12,1,,
11254,1,2025-07-28T15:00:00+00,PIX,COBRANCA,APROVADO,1224.89,1,,
11255,1,2025-08-17T15:00:00+00,PIX,COBRANCA,APROVADO,1817.54,1,,
11256,1,2025-09-06T15:00:00+00,PIX,COBRANCA,APROVADO,1205.71,1,,
11257,1,2025-10-23T15:00:00+00,PIX,COBRANCA,APROVADO,747.32,1,,
11258,1,2025-11-12T15:00:00+00,PIX,COBRANCA,APROVADO,1372.85,1,,
11259,1,2025-11-29T15:00:00+00,PIX,COBRANCA,APROVADO,2031.26,1,,
11260,1,2025-12-18T15:00:00+00,PIX,COBRANCA,APROVADO,1353.67,1,,
11261,1,2025-01-07T15:00:00+00,PIX,COBRANCA,APROVADO,829.52,1,,
11262,1,2025-02-24T15:00:00+00,PIX,COBRANCA,APROVADO,1520.81,1,,
11263,1,2025-03-13T15:00:00+00,PIX,COBRANCA,APROVADO,2244.98,1,,
11264,1,2025-04-02T15:00:00+00,PIX,COBRANCA,APROVADO,1348.19,1,,
11265,1,2025-05-19T15:00:00+00,PIX,COBRANCA,APROVADO,451.40,1,,
11266,1,2025-06-08T15:00:00+00,PIX,COBRANCA,APROVADO,901.57,1,,
11267,1,2025-07-25T15:00:00+00,PIX,COBRANCA,APROVADO,1384.62,1,,
11268,1,2025-08-14T15:00:00+00,PIX,COBRANCA,APROVADO,1496.15,1,,
11269,1,2025-09-03T15:00:00+00,PIX,COBRANCA,APROVADO,226.72,1,,
11270,1,2025-10-20T15:00:00+00,PIX,COBRANCA,APROVADO,435.77,1,,
11271,1,2025-11-09T15:00:00+00,PIX,COBRANCA,APROVADO,677.70,1,,
11272,1,2025-11-26T15:00:00+00,PIX,COBRANCA,APROVADO,416.59,1,,
11273,1,2025-12-15T15:00:00+00,PIX,COBRANCA,APROVADO,308.92,1,,
11274,1,2025-01-04T15:00:00+00,PIX,COBRANCA,APROVADO,583.73,1,,
11275,1,2025-02-21T15:00:00+00,PIX,COBRANCA,APROVADO,891.42,1,,
11276,1,2025-03-10T15:00:00+00,PIX,COBRANCA,APROVADO,564.55,1,,
11277,1,2025-04-27T15:00:00+00,PIX,COBRANCA,APROVADO,391.12,1,,
11278,1,2025-05-16T15:00:00+00,PIX,COBRANCA,APROVADO,731.69,1,,
11279,1,2025-06-05T15:00:00+00,PIX,COBRANCA,APROVADO,1105.14,1,,
11280,1,2025-07-22T15:00:00+00,PIX,COBRANCA,APROVADO,712.51,1,,
11281,1,2025-08-11T15:00:00+00,PIX,COBRANCA,APROVADO,426.55,1,,
11282,1,2025-09-28T15:00:00+00,PIX,COBRANCA,APROVADO,676.71,1,,
11283,1,2025-10-17T15:00:00+00,PIX,COBRANCA,APROVADO,1213.68,1,,
11284,1,2025-11-06T15:00:00+00,PIX,COBRANCA,APROVADO,725.61,1,,
11285,1,2025-11-23T15:00:00+00,PIX,COBRANCA,APROVADO,488.90,1,,
11286,1,2025-12-12T15:00:00+00,PIX,COBRANCA,APROVADO,893.78,1,,
11287,1,2025-01-29T15:00:00+00,PIX,COBRANCA,APROVADO,1181.04,1,,
11288,1,2025-02-18T15:00:00+00,PIX,COBRANCA,APROVADO,951.40,1,,
11289,1,2025-03-07T15:00:00+00,PIX,COBRANCA,APROVADO,521.55,1,,
11290,1,2025-04-24T15:00:00+00,PIX,COBRANCA,APROVADO,1022.69,1,,
11291,1,2025-05-13T15:00:00+00,PIX,COBRANCA,APROVADO,1520.96,1,,
11292,1,2025-06-02T15:00:00+00,PIX,COBRANCA,APROVADO,917.66,1,,
11293,1,2025-07-19T15:00:00+00,PIX,COBRANCA,APROVADO,660.93,1,,
11294,1,2025-08-08T15:00:00+00,PIX,COBRANCA,APROVADO,1085.69,1,,
11295,1,2025-09-25T15:00:00+00,PIX,COBRANCA,APROVADO,1696.23,1,,
11296,1,2025-10-14T15:00:00+00,PIX,COBRANCA,APROVADO,1165.67,1,,
11297,1,2025-11-03T15:00:00+00,PIX,COBRANCA,APROVADO,616.25,1,,
11298,1,2025-11-20T15:00:00+00,PIX,COBRANCA,APROVADO,1354.51,1,,
11299,1,2025-12-09T15:00:00+00,PIX,COBRANCA,APROVADO,1785.41,1,,
11300,1,2025-01-26T15:00:00+00,PIX,COBRANCA,APROVADO,1134.79,1,,
11301,1,2025-02-15T15:00:00+00,PIX,COBRANCA,APROVADO,424.00,1,,
11302,1,2025-03-04T15:00:00+00,PIX,COBRANCA,APROVADO,852.25,1,,
11303,1,2025-04-21T15:00:00+00,PIX,COBRANCA,APROVADO,1313.38,1,,
11304,1,2025-05-10T15:00:00+00,PIX,COBRANCA,APROVADO,1446.83,1,,
11305,1,2025-06-27T15:00:00+00,PIX,COBRANCA,APROVADO,506.20,1,,
11306,1,2025-07-16T15:00:00+00,PIX,COBRANCA,APROVADO,1000.21,1,,
11307,1,2025-08-05T15:00:00+00,PIX,COBRANCA,APROVADO,606.46,1,,
11308,1,2025-09-22T15:00:00+00,PIX,COBRANCA,APROVADO,367.27,1,,
11309,1,2025-10-11T15:00:00+00,PIX,COBRANCA,APROVADO,281.52,1,,
11310,1,2025-11-28T15:00:00+00,PIX,COBRANCA,APROVADO,534.41,1,,
11311,1,2025-11-17T15:00:00+00,PIX,COBRANCA,APROVADO,820.18,1,,
11312,1,2025-12-06T15:00:00+00,PIX,COBRANCA,APROVADO,515.23,1,,
11313,1,2025-01-23T15:00:00+00,PIX,COBRANCA,APROVADO,363.72,1,,
11314,1,2025-02-12T15:00:00+00,PIX,COBRANCA,APROVADO,682.37,1,,
11315,1,2025-03-29T15:00:00+00,PIX,COBRANCA,APROVADO,1033.90,1,,
11316,1,2025-04-18T15:00:00+00,PIX,COBRANCA,APROVADO,663.19,1,,
11317,1,2025-05-07T15:00:00+00,PIX,COBRANCA,APROVADO,445.92,1,,
11318,1,2025-06-24T15:00:00+00,PIX,COBRANCA,APROVADO,830.33,1,,
11319,1,2025-07-13T15:00:00+00,PIX,COBRANCA,APROVADO,1247.62,1,,
11320,1,2025-08-02T15:00:00+00,PIX,COBRANCA,APROVADO,811.15,1,,
11321,1,2025-09-19T15:00:00+00,PIX,COBRANCA,APROVADO,528.12,1,,
11322,1,2025-10-08T15:00:00+00,PIX,COBRANCA,APROVADO,978.29,1,,
11323,1,2025-11-25T15:00:00+00,PIX,COBRANCA,APROVADO,1461.34,1,,
11324,1,2025-11-14T15:00:00+00,PIX,COBRANCA,APROVADO,959.11,1,,
11325,1,2025-12-03T15:00:00+00,PIX,COBRANCA,APROVADO,610.32,1,,
11326,1,2025-01-20T15:00:00+00,PIX,COBRANCA,APROVADO,1126.25,1,,
11327,1,2025-02-09T15:00:00+00,PIX,COBRANCA,APROVADO,1675.06,1,,
11328,1,2025-03-26T15:00:00+00,PIX,COBRANCA,APROVADO,1107.07,1,,
11329,1,2025-04-15T15:00:00+00,PIX,COBRANCA,APROVADO,692.52,1,,
11330,1,2025-05-04T15:00:00+00,PIX,COBRANCA,APROVADO,1274.21,1,,
11331,1,2025-06-21T15:00:00+00,PIX,COBRANCA,APROVADO,1724.98,1,,
11332,1,2025-07-10T15:00:00+00,PIX,COBRANCA,APROVADO,996.04,1,,
11333,1,2025-08-27T15:00:00+00,PIX,COBRANCA,APROVADO,711.38,1,,
11334,1,2025-09-16T15:00:00+00,PIX,COBRANCA,APROVADO,1166.78,1,,
11335,1,2025-10-05T15:00:00+00,PIX,COBRANCA,APROVADO,1818.42,1,,
11336,1,2025-11-22T15:00:00+00,PIX,COBRANCA,APROVADO,1253.87,1,,
11337,1,2025-11-11T15:00:00+00,PIX,COBRANCA,APROVADO,658.45,1,,
11338,1,2025-12-28T15:00:00+00,PIX,COBRANCA,APROVADO,755.00,1,,
11339,1,2025-01-17T15:00:00+00,PIX,COBRANCA,APROVADO,1043.47,1,,
11340,1,2025-02-06T15:00:00+00,PIX,COBRANCA,APROVADO,1056.10,1,,
11341,1,2025-03-23T15:00:00+00,PIX,COBRANCA,APROVADO,424.39,1,,
11342,1,2025-04-12T15:00:00+00,PIX,COBRANCA,APROVADO,748.78,1,,
11343,1,2025-05-29T15:00:00+00,PIX,COBRANCA,APROVADO,1364.93,1,,
11344,1,2025-06-18T15:00:00+00,PIX,COBRANCA,APROVADO,267.47,1,,
11345,1,2025-07-07T15:00:00+00,PIX,COBRANCA,APROVADO,226.70,1,,
11346,1,2025-08-24T15:00:00+00,PIX,COBRANCA,APROVADO,420.58,1,,
11347,1,2025-09-13T15:00:00+00,PIX,COBRANCA,APROVADO,575.25,1,,
11348,1,2025-10-02T15:00:00+00,PIX,COBRANCA,APROVADO,439.07,1,,
11349,1,2025-11-19T15:00:00+00,PIX,COBRANCA,APROVADO,274.41,1,,
11350,1,2025-11-08T15:00:00+00,PIX,COBRANCA,APROVADO,575.65,1,,
11351,1,2025-12-25T15:00:00+00,PIX,COBRANCA,APROVADO,962.66,1,,
11352,1,2025-01-14T15:00:00+00,PIX,COBRANCA,APROVADO,613.87,1,,
11353,1,2025-02-03T15:00:00+00,PIX,COBRANCA,APROVADO,418.52,1,,
11354,1,2025-03-20T15:00:00+00,PIX,COBRANCA,APROVADO,781.01,1,,
11355,1,2025-04-09T15:00:00+00,PIX,COBRANCA,APROVADO,1176.38,1,,
11356,1,2025-05-26T15:00:00+00,PIX,COBRANCA,APROVADO,761.83,1,,
11357,1,2025-06-15T15:00:00+00,PIX,COBRANCA,APROVADO,500.72,1,,
11358,1,2025-07-04T15:00:00+00,PIX,COBRANCA,APROVADO,928.97,1,,
11359,1,2025-08-21T15:00:00+00,PIX,COBRANCA,APROVADO,1390.10,1,,
11360,1,2025-09-10T15:00:00+00,PIX,COBRANCA,APROVADO,909.79,1,,
11361,1,2025-10-27T15:00:00+00,PIX,COBRANCA,APROVADO,582.92,1,,
11362,1,2025-11-16T15:00:00+00,PIX,COBRANCA,APROVADO,1076.93,1,,
11363,1,2025-11-05T15:00:00+00,PIX,COBRANCA,APROVADO,1603.82,1,,
11364,1,2025-12-22T15:00:00+00,PIX,COBRANCA,APROVADO,1057.75,1,,
11365,1,2025-01-11T15:00:00+00,PIX,COBRANCA,APROVADO,665.12,1,,
11366,1,2025-02-28T15:00:00+00,PIX,COBRANCA,APROVADO,1224.89,1,,
11367,1,2025-03-17T15:00:00+00,PIX,COBRANCA,APROVADO,1817.54,1,,
11368,1,2025-04-06T15:00:00+00,PIX,COBRANCA,APROVADO,1205.71,1,,
11369,1,2025-05-23T15:00:00+00,PIX,COBRANCA,APROVADO,747.32,1,,
11370,1,2025-06-12T15:00:00+00,PIX,COBRANCA,APROVADO,1372.85,1,,
11371,1,2025-07-29T15:00:00+00,PIX,COBRANCA,APROVADO,2031.26,1,,
11372,1,2025-08-18T15:00:00+00,PIX,COBRANCA,APROVADO,1353.67,1,,
11373,1,2025-09-07T15:00:00+00,PIX,COBRANCA,APROVADO,829.52,1,,
11374,1,2025-10-24T15:00:00+00,PIX,COBRANCA,APROVADO,1520.81,1,,
11375,1,2025-11-13T15:00:00+00,PIX,COBRANCA,APROVADO,2244.98,1,,
11376,1,2025-11-02T15:00:00+00,PIX,COBRANCA,APROVADO,1348.19,1,,
11377,1,2025-12-19T15:00:00+00,PIX,COBRANCA,APROVADO,451.40,1,,
11378,1,2025-01-08T15:00:00+00,PIX,COBRANCA,APROVADO,901.57,1,,
11379,1,2025-02-25T15:00:00+00,PIX,COBRANCA,APROVADO,1384.62,1,,
11380,1,2025-03-14T15:00:00+00,PIX,COBRANCA,APROVADO,1496.15,1,,
11381,1,2025-04-03T15:00:00+00,PIX,COBRANCA,APROVADO,202.15,1,,
11382,1,2025-05-20T15:00:00+00,PIX,COBRANCA,APROVADO,333.96,1,,
11383,1,2025-06-09T15:00:00+00,PIX,COBRANCA,APROVADO,621.92,1,,
11384,1,2025-07-26T15:00:00+00,PIX,COBRANCA,APROVADO,350.80,1,,
11385,1,2025-08-15T15:00:00+00,PIX,COBRANCA,APROVADO,274.37,1,,
11386,1,2025-09-04T15:00:00+00,PIX,COBRANCA,APROVADO,506.57,1,,
11387,1,2025-10-21T15:00:00+00,PIX,COBRANCA,APROVADO,685.41,1,,
11388,1,2025-11-10T15:00:00+00,PIX,COBRANCA,APROVADO,532.21,1,,
11389,1,2025-11-27T15:00:00+00,PIX,COBRANCA,APROVADO,319.36,1,,
11390,1,2025-12-16T15:00:00+00,PIX,COBRANCA,APROVADO,640.43,1,,
11391,1,2025-01-05T15:00:00+00,PIX,COBRANCA,APROVADO,961.18,1,,
11392,1,2025-02-22T15:00:00+00,PIX,COBRANCA,APROVADO,565.07,1,,
11393,1,2025-03-11T15:00:00+00,PIX,COBRANCA,APROVADO,434.09,1,,
11394,1,2025-04-28T15:00:00+00,PIX,COBRANCA,APROVADO,720.72,1,,
11395,1,2025-05-17T15:00:00+00,PIX,COBRANCA,APROVADO,1146.27,1,,
11396,1,2025-06-06T15:00:00+00,PIX,COBRANCA,APROVADO,768.63,1,,
11397,1,2025-07-23T15:00:00+00,PIX,COBRANCA,APROVADO,426.38,1,,
11398,1,2025-08-12T15:00:00+00,PIX,COBRANCA,APROVADO,945.12,1,,
11399,1,2025-09-29T15:00:00+00,PIX,COBRANCA,APROVADO,1257.74,1,,
11400,1,2025-10-18T15:00:00+00,PIX,COBRANCA,APROVADO,789.55,1,,
11401,1,2025-11-07T15:00:00+00,PIX,COBRANCA,APROVADO,637.72,1,,
11402,1,2025-11-24T15:00:00+00,PIX,COBRANCA,APROVADO,1175.57,1,,
11403,1,2025-12-13T15:00:00+00,PIX,COBRANCA,APROVADO,1746.30,1,,
11404,1,2025-01-02T15:00:00+00,PIX,COBRANCA,APROVADO,1156.39,1,,
11405,1,2025-02-19T15:00:00+00,PIX,COBRANCA,APROVADO,719.92,1,,
11406,1,2025-03-08T15:00:00+00,PIX,COBRANCA,APROVADO,1323.53,1,,
11407,1,2025-04-25T15:00:00+00,PIX,COBRANCA,APROVADO,1960.02,1,,
11408,1,2025-05-14T15:00:00+00,PIX,COBRANCA,APROVADO,1304.35,1,,
11409,1,2025-06-03T15:00:00+00,PIX,COBRANCA,APROVADO,802.12,1,,
11410,1,2025-07-20T15:00:00+00,PIX,COBRANCA,APROVADO,1471.49,1,,
11411,1,2025-08-09T15:00:00+00,PIX,COBRANCA,APROVADO,2173.74,1,,
11412,1,2025-09-26T15:00:00+00,PIX,COBRANCA,APROVADO,1452.31,1,,
11413,1,2025-10-15T15:00:00+00,PIX,COBRANCA,APROVADO,424.00,1,,
11414,1,2025-11-04T15:00:00+00,PIX,COBRANCA,APROVADO,852.25,1,,
11415,1,2025-11-21T15:00:00+00,PIX,COBRANCA,APROVADO,1313.38,1,,
11416,1,2025-12-10T15:00:00+00,PIX,COBRANCA,APROVADO,1446.83,1,,
11417,1,2025-01-27T15:00:00+00,PIX,COBRANCA,APROVADO,506.20,1,,
11418,1,2025-02-16T15:00:00+00,PIX,COBRANCA,APROVADO,1000.21,1,,
11419,1,2025-03-05T15:00:00+00,PIX,COBRANCA,APROVADO,606.46,1,,
11420,1,2025-04-22T15:00:00+00,PIX,COBRANCA,APROVADO,367.27,1,,
11421,1,2025-05-11T15:00:00+00,PIX,COBRANCA,APROVADO,281.52,1,,
11422,1,2025-06-28T15:00:00+00,PIX,COBRANCA,APROVADO,534.41,1,,
11423,1,2025-07-17T15:00:00+00,PIX,COBRANCA,APROVADO,820.18,1,,
11424,1,2025-08-06T15:00:00+00,PIX,COBRANCA,APROVADO,515.23,1,,
11425,1,2025-09-23T15:00:00+00,PIX,COBRANCA,APROVADO,363.72,1,,
11426,1,2025-10-12T15:00:00+00,PIX,COBRANCA,APROVADO,682.37,1,,
11427,1,2025-11-29T15:00:00+00,PIX,COBRANCA,APROVADO,1033.90,1,,
11428,1,2025-11-18T15:00:00+00,PIX,COBRANCA,APROVADO,663.19,1,,
11429,1,2025-12-07T15:00:00+00,PIX,COBRANCA,APROVADO,445.92,1,,
11430,1,2025-01-24T15:00:00+00,PIX,COBRANCA,APROVADO,830.33,1,,
11431,1,2025-02-13T15:00:00+00,PIX,COBRANCA,APROVADO,1135.62,1,,
11432,1,2025-03-02T15:00:00+00,PIX,COBRANCA,APROVADO,643.45,1,,
11433,1,2025-04-19T15:00:00+00,PIX,COBRANCA,APROVADO,484.49,1,,
11434,1,2025-05-08T15:00:00+00,PIX,COBRANCA,APROVADO,801.80,1,,
11435,1,2025-06-25T15:00:00+00,PIX,COBRANCA,APROVADO,1268.53,1,,
11436,1,2025-07-14T15:00:00+00,PIX,COBRANCA,APROVADO,856.90,1,,
11437,1,2025-08-03T15:00:00+00,PIX,COBRANCA,APROVADO,468.58,1,,
11438,1,2025-09-20T15:00:00+00,PIX,COBRANCA,APROVADO,1036.11,1,,
11439,1,2025-10-09T15:00:00+00,PIX,COBRANCA,APROVADO,1374.98,1,,
11440,1,2025-11-26T15:00:00+00,PIX,COBRANCA,APROVADO,859.09,1,,
11441,1,2025-11-15T15:00:00+00,PIX,COBRANCA,APROVADO,601.11,1,,
11442,1,2025-12-04T15:00:00+00,PIX,COBRANCA,APROVADO,981.43,1,,
11443,1,2025-01-21T15:00:00+00,PIX,COBRANCA,APROVADO,1739.80,1,,
11444,1,2025-02-10T15:00:00+00,PIX,COBRANCA,APROVADO,1058.84,1,,
11445,1,2025-03-27T15:00:00+00,PIX,COBRANCA,APROVADO,679.61,1,,
11446,1,2025-04-16T15:00:00+00,PIX,COBRANCA,APROVADO,1237.92,1,,
11447,1,2025-05-05T15:00:00+00,PIX,COBRANCA,APROVADO,1621.68,1,,
11448,1,2025-06-22T15:00:00+00,PIX,COBRANCA,APROVADO,1324.06,1,,
11449,1,2025-07-11T15:00:00+00,PIX,COBRANCA,APROVADO,701.28,1,,
11450,1,2025-08-28T15:00:00+00,PIX,COBRANCA,APROVADO,641.41,1,,
11451,1,2025-09-17T15:00:00+00,PIX,COBRANCA,APROVADO,1242.14,1,,
11452,1,2025-10-06T15:00:00+00,PIX,COBRANCA,APROVADO,1397.51,1,,
11453,1,2025-11-23T15:00:00+00,PIX,COBRANCA,APROVADO,478.80,1,,
11454,1,2025-11-12T15:00:00+00,PIX,COBRANCA,APROVADO,950.89,1,,
11455,1,2025-12-29T15:00:00+00,PIX,COBRANCA,APROVADO,1455.86,1,,
11456,1,2025-01-18T15:00:00+00,PIX,COBRANCA,APROVADO,317.95,1,,
11457,1,2025-02-07T15:00:00+00,PIX,COBRANCA,APROVADO,254.12,1,,
11458,1,2025-03-24T15:00:00+00,PIX,COBRANCA,APROVADO,485.09,1,,
11459,1,2025-04-13T15:00:00+00,PIX,COBRANCA,APROVADO,748.94,1,,
11460,1,2025-05-02T15:00:00+00,PIX,COBRANCA,APROVADO,465.91,1,,
11461,1,2025-06-19T15:00:00+00,PIX,COBRANCA,APROVADO,336.32,1,,
11462,1,2025-07-08T15:00:00+00,PIX,COBRANCA,APROVADO,633.05,1,,
11463,1,2025-08-25T15:00:00+00,PIX,COBRANCA,APROVADO,962.66,1,,
11464,1,2025-09-14T15:00:00+00,PIX,COBRANCA,APROVADO,613.87,1,,
11465,1,2025-10-03T15:00:00+00,PIX,COBRANCA,APROVADO,418.52,1,,
11466,1,2025-11-20T15:00:00+00,PIX,COBRANCA,APROVADO,781.01,1,,
11467,1,2025-11-09T15:00:00+00,PIX,COBRANCA,APROVADO,1176.38,1,,
11468,1,2025-12-26T15:00:00+00,PIX,COBRANCA,APROVADO,761.83,1,,
11469,1,2025-01-15T15:00:00+00,PIX,COBRANCA,APROVADO,500.72,1,,
11470,1,2025-02-04T15:00:00+00,PIX,COBRANCA,APROVADO,928.97,1,,
11471,1,2025-03-21T15:00:00+00,PIX,COBRANCA,APROVADO,1390.10,1,,
11472,1,2025-04-10T15:00:00+00,PIX,COBRANCA,APROVADO,909.79,1,,
11473,1,2025-05-27T15:00:00+00,PIX,COBRANCA,APROVADO,582.92,1,,
11474,1,2025-06-16T15:00:00+00,PIX,COBRANCA,APROVADO,1076.93,1,,
11475,1,2025-07-05T15:00:00+00,PIX,COBRANCA,APROVADO,1603.82,1,,
11476,1,2025-08-22T15:00:00+00,PIX,COBRANCA,APROVADO,1057.75,1,,
11477,1,2025-09-11T15:00:00+00,PIX,COBRANCA,APROVADO,665.12,1,,
11478,1,2025-10-28T15:00:00+00,PIX,COBRANCA,APROVADO,1224.89,1,,
11479,1,2025-11-17T15:00:00+00,PIX,COBRANCA,APROVADO,1817.54,1,,
11480,1,2025-11-06T15:00:00+00,PIX,COBRANCA,APROVADO,1205.71,1,,
11481,1,2025-12-23T15:00:00+00,PIX,COBRANCA,APROVADO,675.89,1,,
11482,1,2025-01-12T15:00:00+00,PIX,COBRANCA,APROVADO,1057.57,1,,
11483,1,2025-03-01T15:00:00+00,PIX,COBRANCA,APROVADO,1871.28,1,,
11484,1,2025-03-18T15:00:00+00,PIX,COBRANCA,APROVADO,1142.09,1,,
11485,1,2025-04-07T15:00:00+00,PIX,COBRANCA,APROVADO,727.28,1,,
11486,1,2025-05-24T15:00:00+00,PIX,COBRANCA,APROVADO,1323.96,1,,
11487,1,2025-06-13T15:00:00+00,PIX,COBRANCA,APROVADO,1731.78,1,,
11488,1,2025-07-02T15:00:00+00,PIX,COBRANCA,APROVADO,1279.10,1,,
11489,1,2025-08-19T15:00:00+00,PIX,COBRANCA,APROVADO,377.98,1,,
11490,1,2025-09-08T15:00:00+00,PIX,COBRANCA,APROVADO,718.54,1,,
11491,1,2025-10-25T15:00:00+00,PIX,COBRANCA,APROVADO,1230.00,1,,
11492,1,2025-11-14T15:00:00+00,PIX,COBRANCA,APROVADO,1194.40,1,,
11493,1,2025-11-03T15:00:00+00,PIX,COBRANCA,APROVADO,207.22,1,,
11494,1,2025-12-20T15:00:00+00,PIX,COBRANCA,APROVADO,355.74,1,,
11495,1,2025-01-09T15:00:00+00,PIX,COBRANCA,APROVADO,596.38,1,,
11496,1,2025-02-26T15:00:00+00,PIX,COBRANCA,APROVADO,371.59,1,,
11497,1,2025-03-15T15:00:00+00,PIX,COBRANCA,APROVADO,236.49,1,,
11498,1,2025-04-04T15:00:00+00,PIX,COBRANCA,APROVADO,535.77,1,,
11499,1,2025-05-21T15:00:00+00,PIX,COBRANCA,APROVADO,730.00,1,,
11500,1,2025-06-10T15:00:00+00,PIX,COBRANCA,APROVADO,444.31,1,,
11501,1,2025-07-27T15:00:00+00,PIX,COBRANCA,APROVADO,391.12,1,,
11502,1,2025-08-16T15:00:00+00,PIX,COBRANCA,APROVADO,731.69,1,,
11503,1,2025-09-05T15:00:00+00,PIX,COBRANCA,APROVADO,1105.14,1,,
11504,1,2025-10-22T15:00:00+00,PIX,COBRANCA,APROVADO,712.51,1,,
11505,1,2025-11-11T15:00:00+00,PIX,COBRANCA,APROVADO,473.32,1,,
11506,1,2025-11-28T15:00:00+00,PIX,COBRANCA,APROVADO,879.65,1,,
11507,1,2025-12-17T15:00:00+00,PIX,COBRANCA,APROVADO,1318.86,1,,
11508,1,2025-01-06T15:00:00+00,PIX,COBRANCA,APROVADO,860.47,1,,
11509,1,2025-02-23T15:00:00+00,PIX,COBRANCA,APROVADO,555.52,1,,
11510,1,2025-03-12T15:00:00+00,PIX,COBRANCA,APROVADO,1027.61,1,,
11511,1,2025-04-29T15:00:00+00,PIX,COBRANCA,APROVADO,1532.58,1,,
11512,1,2025-05-18T15:00:00+00,PIX,COBRANCA,APROVADO,1008.43,1,,
11513,1,2025-06-07T15:00:00+00,PIX,COBRANCA,APROVADO,637.72,1,,
11514,1,2025-07-24T15:00:00+00,PIX,COBRANCA,APROVADO,1175.57,1,,
11515,1,2025-08-13T15:00:00+00,PIX,COBRANCA,APROVADO,1746.30,1,,
11516,1,2025-09-02T15:00:00+00,PIX,COBRANCA,APROVADO,1156.39,1,,
11517,1,2025-10-19T15:00:00+00,PIX,COBRANCA,APROVADO,719.92,1,,
11518,1,2025-11-08T15:00:00+00,PIX,COBRANCA,APROVADO,1323.53,1,,
11519,1,2025-11-25T15:00:00+00,PIX,COBRANCA,APROVADO,1960.02,1,,
11520,1,2025-12-14T15:00:00+00,PIX,COBRANCA,APROVADO,1304.35,1,,
11521,1,2025-01-03T15:00:00+00,PIX,COBRANCA,APROVADO,802.12,1,,
11522,1,2025-02-20T15:00:00+00,PIX,COBRANCA,APROVADO,1471.49,1,,
11523,1,2025-03-09T15:00:00+00,PIX,COBRANCA,APROVADO,2173.74,1,,
11524,1,2025-04-26T15:00:00+00,PIX,COBRANCA,APROVADO,1452.31,1,,
11525,1,2025-05-15T15:00:00+00,PIX,COBRANCA,APROVADO,424.00,1,,
11526,1,2025-06-04T15:00:00+00,PIX,COBRANCA,APROVADO,852.25,1,,
11527,1,2025-07-21T15:00:00+00,PIX,COBRANCA,APROVADO,1313.38,1,,
11528,1,2025-08-10T15:00:00+00,PIX,COBRANCA,APROVADO,1446.83,1,,
11529,1,2025-09-27T15:00:00+00,PIX,COBRANCA,APROVADO,506.20,1,,
11530,1,2025-10-16T15:00:00+00,PIX,COBRANCA,APROVADO,1000.21,1,,
11531,1,2025-11-05T15:00:00+00,PIX,COBRANCA,APROVADO,546.19,1,,
11532,1,2025-11-22T15:00:00+00,PIX,COBRANCA,APROVADO,290.78,1,,
11533,1,2025-12-11T15:00:00+00,PIX,COBRANCA,APROVADO,257.62,1,,
11534,1,2025-01-28T15:00:00+00,PIX,COBRANCA,APROVADO,436.87,1,,
11535,1,2025-02-17T15:00:00+00,PIX,COBRANCA,APROVADO,718.57,1,,
11536,1,2025-03-06T15:00:00+00,PIX,COBRANCA,APROVADO,459.86,1,,
11537,1,2025-04-23T15:00:00+00,PIX,COBRANCA,APROVADO,278.69,1,,
11538,1,2025-05-12T15:00:00+00,PIX,COBRANCA,APROVADO,626.76,1,,
11539,1,2025-06-29T15:00:00+00,PIX,COBRANCA,APROVADO,847.31,1,,
11540,1,2025-07-18T15:00:00+00,PIX,COBRANCA,APROVADO,516.32,1,,
11541,1,2025-08-07T15:00:00+00,PIX,COBRANCA,APROVADO,386.57,1,,
11542,1,2025-09-24T15:00:00+00,PIX,COBRANCA,APROVADO,638.64,1,,
11543,1,2025-10-13T15:00:00+00,PIX,COBRANCA,APROVADO,1147.91,1,,
11544,1,2025-11-02T15:00:00+00,PIX,COBRANCA,APROVADO,683.95,1,,
11545,1,2025-11-19T15:00:00+00,PIX,COBRANCA,APROVADO,465.08,1,,
11546,1,2025-12-08T15:00:00+00,PIX,COBRANCA,APROVADO,850.76,1,,
11547,1,2025-01-25T15:00:00+00,PIX,COBRANCA,APROVADO,1125.99,1,,
11548,1,2025-02-14T15:00:00+00,PIX,COBRANCA,APROVADO,904.87,1,,
11549,1,2025-03-03T15:00:00+00,PIX,COBRANCA,APROVADO,499.09,1,,
11550,1,2025-04-20T15:00:00+00,PIX,COBRANCA,APROVADO,1014.05,1,,
11551,1,2025-05-09T15:00:00+00,PIX,COBRANCA,APROVADO,1675.06,1,,
11552,1,2025-06-26T15:00:00+00,PIX,COBRANCA,APROVADO,1107.07,1,,
11553,1,2025-07-15T15:00:00+00,PIX,COBRANCA,APROVADO,692.52,1,,
11554,1,2025-08-04T15:00:00+00,PIX,COBRANCA,APROVADO,1274.21,1,,
11555,1,2025-09-21T15:00:00+00,PIX,COBRANCA,APROVADO,1888.78,1,,
11556,1,2025-10-10T15:00:00+00,PIX,COBRANCA,APROVADO,1255.03,1,,
11557,1,2025-11-27T15:00:00+00,PIX,COBRANCA,APROVADO,774.72,1,,
11558,1,2025-11-16T15:00:00+00,PIX,COBRANCA,APROVADO,1422.17,1,,
11559,1,2025-12-05T15:00:00+00,PIX,COBRANCA,APROVADO,2102.50,1,,
11560,1,2025-01-22T15:00:00+00,PIX,COBRANCA,APROVADO,1402.99,1,,
11561,1,2025-02-11T15:00:00+00,PIX,COBRANCA,APROVADO,856.92,1,,
11562,1,2025-03-28T15:00:00+00,PIX,COBRANCA,APROVADO,802.93,1,,
11563,1,2025-04-17T15:00:00+00,PIX,COBRANCA,APROVADO,1242.14,1,,
11564,1,2025-05-06T15:00:00+00,PIX,COBRANCA,APROVADO,1397.51,1,,
11565,1,2025-06-23T15:00:00+00,PIX,COBRANCA,APROVADO,478.80,1,,
11566,1,2025-07-12T15:00:00+00,PIX,COBRANCA,APROVADO,950.89,1,,
11567,1,2025-08-29T15:00:00+00,PIX,COBRANCA,APROVADO,1455.86,1,,
11568,1,2025-09-18T15:00:00+00,PIX,COBRANCA,APROVADO,317.95,1,,
11569,1,2025-10-07T15:00:00+00,PIX,COBRANCA,APROVADO,254.12,1,,
11570,1,2025-11-24T15:00:00+00,PIX,COBRANCA,APROVADO,485.09,1,,
11571,1,2025-11-13T15:00:00+00,PIX,COBRANCA,APROVADO,748.94,1,,
11572,1,2025-12-02T15:00:00+00,PIX,COBRANCA,APROVADO,465.91,1,,
11573,1,2025-01-19T15:00:00+00,PIX,COBRANCA,APROVADO,336.32,1,,
11574,1,2025-02-08T15:00:00+00,PIX,COBRANCA,APROVADO,633.05,1,,
11575,1,2025-03-25T15:00:00+00,PIX,COBRANCA,APROVADO,962.66,1,,
11576,1,2025-04-14T15:00:00+00,PIX,COBRANCA,APROVADO,613.87,1,,
11577,1,2025-05-03T15:00:00+00,PIX,COBRANCA,APROVADO,418.52,1,,
11578,1,2025-06-20T15:00:00+00,PIX,COBRANCA,APROVADO,781.01,1,,
11579,1,2025-07-09T15:00:00+00,PIX,COBRANCA,APROVADO,1176.38,1,,
11580,1,2025-08-26T15:00:00+00,PIX,COBRANCA,APROVADO,761.83,1,,
11581,1,2025-09-15T15:00:00+00,PIX,COBRANCA,APROVADO,451.49,1,,
11582,1,2025-10-04T15:00:00+00,PIX,COBRANCA,APROVADO,714.82,1,,
11583,1,2025-11-21T15:00:00+00,PIX,COBRANCA,APROVADO,1279.52,1,,
11584,1,2025-11-10T15:00:00+00,PIX,COBRANCA,APROVADO,767.28,1,,
11585,1,2025-12-27T15:00:00+00,PIX,COBRANCA,APROVADO,512.75,1,,
11586,1,2025-01-16T15:00:00+00,PIX,COBRANCA,APROVADO,936.75,1,,
11587,1,2025-02-05T15:00:00+00,PIX,COBRANCA,APROVADO,1236.15,1,,
11588,1,2025-03-22T15:00:00+00,PIX,COBRANCA,APROVADO,998.01,1,,
11589,1,2025-04-11T15:00:00+00,PIX,COBRANCA,APROVADO,544.04,1,,
11590,1,2025-05-28T15:00:00+00,PIX,COBRANCA,APROVADO,1065.13,1,,
11591,1,2025-06-17T15:00:00+00,PIX,COBRANCA,APROVADO,1583.16,1,,
11592,1,2025-07-06T15:00:00+00,PIX,COBRANCA,APROVADO,956.89,1,,
11593,1,2025-08-23T15:00:00+00,PIX,COBRANCA,APROVADO,686.17,1,,
11594,1,2025-09-12T15:00:00+00,PIX,COBRANCA,APROVADO,1126.24,1,,
11595,1,2025-10-29T15:00:00+00,PIX,COBRANCA,APROVADO,1757.29,1,,
11596,1,2025-11-18T15:00:00+00,PIX,COBRANCA,APROVADO,1209.77,1,,
11597,1,2025-11-07T15:00:00+00,PIX,COBRANCA,APROVADO,637.36,1,,
11598,1,2025-12-24T15:00:00+00,PIX,COBRANCA,APROVADO,1399.96,1,,
11599,1,2025-01-13T15:00:00+00,PIX,COBRANCA,APROVADO,1844.10,1,,
11600,1,2025-02-02T15:00:00+00,PIX,COBRANCA,APROVADO,1019.71,1,,
11601,1,2025-04-16T15:00:00+00,PIX,COBRANCA,APROVADO,464.30,1,,
11602,1,2025-05-05T15:00:00+00,PIX,COBRANCA,APROVADO,914.47,1,,
11603,1,2025-06-22T15:00:00+00,PIX,COBRANCA,APROVADO,1397.52,1,,
11604,1,2025-07-11T15:00:00+00,PIX,COBRANCA,APROVADO,1509.05,1,,
11605,1,2025-08-28T15:00:00+00,PIX,COBRANCA,APROVADO,239.62,1,,
11606,1,2025-09-17T15:00:00+00,PIX,COBRANCA,APROVADO,448.67,1,,
11607,1,2025-10-06T15:00:00+00,PIX,COBRANCA,APROVADO,690.60,1,,
11608,1,2025-11-23T15:00:00+00,PIX,COBRANCA,APROVADO,429.49,1,,
11609,1,2025-11-12T15:00:00+00,PIX,COBRANCA,APROVADO,321.82,1,,
11610,1,2025-12-29T15:00:00+00,PIX,COBRANCA,APROVADO,596.63,1,,
11611,1,2025-01-18T15:00:00+00,PIX,COBRANCA,APROVADO,904.32,1,,
11612,1,2025-02-07T15:00:00+00,PIX,COBRANCA,APROVADO,577.45,1,,
11613,1,2025-03-24T15:00:00+00,PIX,COBRANCA,APROVADO,404.02,1,,
11614,1,2025-04-13T15:00:00+00,PIX,COBRANCA,APROVADO,744.59,1,,
11615,1,2025-05-02T15:00:00+00,PIX,COBRANCA,APROVADO,1118.04,1,,
11616,1,2025-06-19T15:00:00+00,PIX,COBRANCA,APROVADO,725.41,1,,
11617,1,2025-07-08T15:00:00+00,PIX,COBRANCA,APROVADO,486.22,1,,
11618,1,2025-08-25T15:00:00+00,PIX,COBRANCA,APROVADO,892.55,1,,
11619,1,2025-09-14T15:00:00+00,PIX,COBRANCA,APROVADO,1331.76,1,,
11620,1,2025-10-03T15:00:00+00,PIX,COBRANCA,APROVADO,873.37,1,,
11621,1,2025-11-20T15:00:00+00,PIX,COBRANCA,APROVADO,568.42,1,,
11622,1,2025-11-09T15:00:00+00,PIX,COBRANCA,APROVADO,1040.51,1,,
11623,1,2025-12-26T15:00:00+00,PIX,COBRANCA,APROVADO,1545.48,1,,
11624,1,2025-01-15T15:00:00+00,PIX,COBRANCA,APROVADO,1021.33,1,,
11625,1,2025-02-04T15:00:00+00,PIX,COBRANCA,APROVADO,650.62,1,,
11626,1,2025-03-21T15:00:00+00,PIX,COBRANCA,APROVADO,1188.47,1,,
11627,1,2025-04-10T15:00:00+00,PIX,COBRANCA,APROVADO,1759.20,1,,
11628,1,2025-05-27T15:00:00+00,PIX,COBRANCA,APROVADO,1169.29,1,,
11629,1,2025-06-16T15:00:00+00,PIX,COBRANCA,APROVADO,732.82,1,,
11630,1,2025-07-05T15:00:00+00,PIX,COBRANCA,APROVADO,1336.43,1,,
11631,1,2025-08-22T15:00:00+00,PIX,COBRANCA,APROVADO,1803.38,1,,
11632,1,2025-09-11T15:00:00+00,PIX,COBRANCA,APROVADO,1048.17,1,,
11633,1,2025-10-28T15:00:00+00,PIX,COBRANCA,APROVADO,749.47,1,,
11634,1,2025-11-17T15:00:00+00,PIX,COBRANCA,APROVADO,1220.22,1,,
11635,1,2025-11-06T15:00:00+00,PIX,COBRANCA,APROVADO,1892.45,1,,
11636,1,2025-12-23T15:00:00+00,PIX,COBRANCA,APROVADO,1310.94,1,,
11637,1,2025-01-12T15:00:00+00,PIX,COBRANCA,APROVADO,347.22,1,,
11638,1,2025-03-01T15:00:00+00,PIX,COBRANCA,APROVADO,813.35,1,,
11639,1,2025-03-18T15:00:00+00,PIX,COBRANCA,APROVADO,1114.99,1,,
11640,1,2025-04-07T15:00:00+00,PIX,COBRANCA,APROVADO,1107.08,1,,
11641,1,2025-05-24T15:00:00+00,PIX,COBRANCA,APROVADO,461.13,1,,
11642,1,2025-06-13T15:00:00+00,PIX,COBRANCA,APROVADO,799.79,1,,
11643,1,2025-07-02T15:00:00+00,PIX,COBRANCA,APROVADO,568.98,1,,
11644,1,2025-08-19T15:00:00+00,PIX,COBRANCA,APROVADO,322.03,1,,
11645,1,2025-09-08T15:00:00+00,PIX,COBRANCA,APROVADO,263.42,1,,
11646,1,2025-10-25T15:00:00+00,PIX,COBRANCA,APROVADO,476.50,1,,
11647,1,2025-11-14T15:00:00+00,PIX,COBRANCA,APROVADO,643.20,1,,
11648,1,2025-11-03T15:00:00+00,PIX,COBRANCA,APROVADO,498.50,1,,
11649,1,2025-12-20T15:00:00+00,PIX,COBRANCA,APROVADO,309.77,1,,
11650,1,2025-01-09T15:00:00+00,PIX,COBRANCA,APROVADO,632.39,1,,
11651,1,2025-02-26T15:00:00+00,PIX,COBRANCA,APROVADO,1046.80,1,,
11652,1,2025-03-15T15:00:00+00,PIX,COBRANCA,APROVADO,676.09,1,,
11653,1,2025-04-04T15:00:00+00,PIX,COBRANCA,APROVADO,458.82,1,,
11654,1,2025-05-21T15:00:00+00,PIX,COBRANCA,APROVADO,843.23,1,,
11655,1,2025-06-10T15:00:00+00,PIX,COBRANCA,APROVADO,1260.52,1,,
11656,1,2025-07-27T15:00:00+00,PIX,COBRANCA,APROVADO,824.05,1,,
11657,1,2025-08-16T15:00:00+00,PIX,COBRANCA,APROVADO,541.02,1,,
11658,1,2025-09-05T15:00:00+00,PIX,COBRANCA,APROVADO,991.19,1,,
11659,1,2025-10-22T15:00:00+00,PIX,COBRANCA,APROVADO,1474.24,1,,
11660,1,2025-11-11T15:00:00+00,PIX,COBRANCA,APROVADO,972.01,1,,
11661,1,2025-11-28T15:00:00+00,PIX,COBRANCA,APROVADO,623.22,1,,
11662,1,2025-12-17T15:00:00+00,PIX,COBRANCA,APROVADO,1139.15,1,,
11663,1,2025-01-06T15:00:00+00,PIX,COBRANCA,APROVADO,1687.96,1,,
11664,1,2025-02-23T15:00:00+00,PIX,COBRANCA,APROVADO,1119.97,1,,
11665,1,2025-03-12T15:00:00+00,PIX,COBRANCA,APROVADO,705.42,1,,
11666,1,2025-04-29T15:00:00+00,PIX,COBRANCA,APROVADO,1287.11,1,,
11667,1,2025-05-18T15:00:00+00,PIX,COBRANCA,APROVADO,1901.68,1,,
11668,1,2025-06-07T15:00:00+00,PIX,COBRANCA,APROVADO,1267.93,1,,
11669,1,2025-07-24T15:00:00+00,PIX,COBRANCA,APROVADO,787.62,1,,
11670,1,2025-08-13T15:00:00+00,PIX,COBRANCA,APROVADO,1435.07,1,,
11671,1,2025-09-02T15:00:00+00,PIX,COBRANCA,APROVADO,2115.40,1,,
11672,1,2025-10-19T15:00:00+00,PIX,COBRANCA,APROVADO,1415.89,1,,
11673,1,2025-11-08T15:00:00+00,PIX,COBRANCA,APROVADO,869.82,1,,
11674,1,2025-11-25T15:00:00+00,PIX,COBRANCA,APROVADO,815.83,1,,
11675,1,2025-12-14T15:00:00+00,PIX,COBRANCA,APROVADO,1255.04,1,,
11676,1,2025-01-03T15:00:00+00,PIX,COBRANCA,APROVADO,1410.41,1,,
11677,1,2025-02-20T15:00:00+00,PIX,COBRANCA,APROVADO,491.70,1,,
11678,1,2025-03-09T15:00:00+00,PIX,COBRANCA,APROVADO,963.79,1,,
11679,1,2025-04-26T15:00:00+00,PIX,COBRANCA,APROVADO,1468.76,1,,
11680,1,2025-05-15T15:00:00+00,PIX,COBRANCA,APROVADO,330.85,1,,
11681,1,2025-06-04T15:00:00+00,PIX,COBRANCA,APROVADO,239.96,1,,
11682,1,2025-07-21T15:00:00+00,PIX,COBRANCA,APROVADO,384.93,1,,
11683,1,2025-08-10T15:00:00+00,PIX,COBRANCA,APROVADO,700.53,1,,
11684,1,2025-09-27T15:00:00+00,PIX,COBRANCA,APROVADO,405.36,1,,
11685,1,2025-10-16T15:00:00+00,PIX,COBRANCA,APROVADO,311.12,1,,
11686,1,2025-11-05T15:00:00+00,PIX,COBRANCA,APROVADO,562.49,1,,
11687,1,2025-11-22T15:00:00+00,PIX,COBRANCA,APROVADO,753.36,1,,
11688,1,2025-12-11T15:00:00+00,PIX,COBRANCA,APROVADO,591.64,1,,
11689,1,2025-01-28T15:00:00+00,PIX,COBRANCA,APROVADO,354.72,1,,
11690,1,2025-02-17T15:00:00+00,PIX,COBRANCA,APROVADO,695.82,1,,
11691,1,2025-03-06T15:00:00+00,PIX,COBRANCA,APROVADO,1036.28,1,,
11692,1,2025-04-23T15:00:00+00,PIX,COBRANCA,APROVADO,617.12,1,,
11693,1,2025-05-12T15:00:00+00,PIX,COBRANCA,APROVADO,472.20,1,,
11694,1,2025-06-29T15:00:00+00,PIX,COBRANCA,APROVADO,774.16,1,,
11695,1,2025-07-18T15:00:00+00,PIX,COBRANCA,APROVADO,1220.30,1,,
11696,1,2025-08-07T15:00:00+00,PIX,COBRANCA,APROVADO,825.63,1,,
11697,1,2025-09-24T15:00:00+00,PIX,COBRANCA,APROVADO,460.37,1,,
11698,1,2025-10-13T15:00:00+00,PIX,COBRANCA,APROVADO,1003.51,1,,
11699,1,2025-11-02T15:00:00+00,PIX,COBRANCA,APROVADO,1329.26,1,,
11700,1,2025-11-19T15:00:00+00,PIX,COBRANCA,APROVADO,840.81,1,,
11701,1,2025-12-08T15:00:00+00,PIX,COBRANCA,APROVADO,678.02,1,,
11702,1,2025-01-25T15:00:00+00,PIX,COBRANCA,APROVADO,1237.79,1,,
11703,1,2025-02-14T15:00:00+00,PIX,COBRANCA,APROVADO,1830.44,1,,
11704,1,2025-03-03T15:00:00+00,PIX,COBRANCA,APROVADO,1218.61,1,,
11705,1,2025-04-20T15:00:00+00,PIX,COBRANCA,APROVADO,760.22,1,,
11706,1,2025-05-09T15:00:00+00,PIX,COBRANCA,APROVADO,1385.75,1,,
11707,1,2025-06-26T15:00:00+00,PIX,COBRANCA,APROVADO,2044.16,1,,
11708,1,2025-07-15T15:00:00+00,PIX,COBRANCA,APROVADO,1366.57,1,,
11709,1,2025-08-04T15:00:00+00,PIX,COBRANCA,APROVADO,842.42,1,,
11710,1,2025-09-21T15:00:00+00,PIX,COBRANCA,APROVADO,1533.71,1,,
11711,1,2025-10-10T15:00:00+00,PIX,COBRANCA,APROVADO,2257.88,1,,
11712,1,2025-11-27T15:00:00+00,PIX,COBRANCA,APROVADO,1361.09,1,,
11713,1,2025-11-16T15:00:00+00,PIX,COBRANCA,APROVADO,464.30,1,,
11714,1,2025-12-05T15:00:00+00,PIX,COBRANCA,APROVADO,914.47,1,,
11715,1,2025-01-22T15:00:00+00,PIX,COBRANCA,APROVADO,1397.52,1,,
11716,1,2025-02-11T15:00:00+00,PIX,COBRANCA,APROVADO,1509.05,1,,
11717,1,2025-03-28T15:00:00+00,PIX,COBRANCA,APROVADO,239.62,1,,
11718,1,2025-04-17T15:00:00+00,PIX,COBRANCA,APROVADO,448.67,1,,
11719,1,2025-05-06T15:00:00+00,PIX,COBRANCA,APROVADO,690.60,1,,
11720,1,2025-06-23T15:00:00+00,PIX,COBRANCA,APROVADO,429.49,1,,
11721,1,2025-07-12T15:00:00+00,PIX,COBRANCA,APROVADO,321.82,1,,
11722,1,2025-08-29T15:00:00+00,PIX,COBRANCA,APROVADO,596.63,1,,
11723,1,2025-09-18T15:00:00+00,PIX,COBRANCA,APROVADO,904.32,1,,
11724,1,2025-10-07T15:00:00+00,PIX,COBRANCA,APROVADO,577.45,1,,
11725,1,2025-11-24T15:00:00+00,PIX,COBRANCA,APROVADO,404.02,1,,
11726,1,2025-11-13T15:00:00+00,PIX,COBRANCA,APROVADO,744.59,1,,
11727,1,2025-12-02T15:00:00+00,PIX,COBRANCA,APROVADO,1118.04,1,,
11728,1,2025-01-19T15:00:00+00,PIX,COBRANCA,APROVADO,725.41,1,,
11729,1,2025-02-08T15:00:00+00,PIX,COBRANCA,APROVADO,486.22,1,,
11730,1,2025-03-25T15:00:00+00,PIX,COBRANCA,APROVADO,892.55,1,,
11731,1,2025-04-14T15:00:00+00,PIX,COBRANCA,APROVADO,1213.95,1,,
11732,1,2025-05-03T15:00:00+00,PIX,COBRANCA,APROVADO,695.50,1,,
11733,1,2025-06-20T15:00:00+00,PIX,COBRANCA,APROVADO,522.60,1,,
11734,1,2025-07-09T15:00:00+00,PIX,COBRANCA,APROVADO,855.29,1,,
11735,1,2025-08-26T15:00:00+00,PIX,COBRANCA,APROVADO,1342.49,1,,
11736,1,2025-09-15T15:00:00+00,PIX,COBRANCA,APROVADO,913.90,1,,
11737,1,2025-10-04T15:00:00+00,PIX,COBRANCA,APROVADO,502.57,1,,
11738,1,2025-11-21T15:00:00+00,PIX,COBRANCA,APROVADO,1094.50,1,,
11739,1,2025-11-10T15:00:00+00,PIX,COBRANCA,APROVADO,1446.57,1,,
11740,1,2025-12-27T15:00:00+00,PIX,COBRANCA,APROVADO,910.08,1,,
11741,1,2025-01-16T15:00:00+00,PIX,COBRANCA,APROVADO,637.85,1,,
11742,1,2025-02-05T15:00:00+00,PIX,COBRANCA,APROVADO,1032.40,1,,
11743,1,2025-03-22T15:00:00+00,PIX,COBRANCA,APROVADO,1818.41,1,,
11744,1,2025-04-11T15:00:00+00,PIX,COBRANCA,APROVADO,1113.33,1,,
11745,1,2025-05-28T15:00:00+00,PIX,COBRANCA,APROVADO,716.36,1,,
11746,1,2025-06-17T15:00:00+00,PIX,COBRANCA,APROVADO,1293.84,1,,
11747,1,2025-07-06T15:00:00+00,PIX,COBRANCA,APROVADO,1689.63,1,,
11748,1,2025-08-23T15:00:00+00,PIX,COBRANCA,APROVADO,1383.57,1,,
11749,1,2025-09-12T15:00:00+00,PIX,COBRANCA,APROVADO,368.42,1,,
11750,1,2025-10-29T15:00:00+00,PIX,COBRANCA,APROVADO,698.15,1,,
11751,1,2025-11-18T15:00:00+00,PIX,COBRANCA,APROVADO,1326.28,1,,
11752,1,2025-11-07T15:00:00+00,PIX,COBRANCA,APROVADO,1459.73,1,,
11753,1,2025-12-24T15:00:00+00,PIX,COBRANCA,APROVADO,519.10,1,,
11754,1,2025-01-13T15:00:00+00,PIX,COBRANCA,APROVADO,1013.11,1,,
11755,1,2025-02-02T15:00:00+00,PIX,COBRANCA,APROVADO,619.36,1,,
11756,1,2025-03-19T15:00:00+00,PIX,COBRANCA,APROVADO,380.17,1,,
11757,1,2025-04-08T15:00:00+00,PIX,COBRANCA,APROVADO,294.42,1,,
11758,1,2025-05-25T15:00:00+00,PIX,COBRANCA,APROVADO,547.31,1,,
11759,1,2025-06-14T15:00:00+00,PIX,COBRANCA,APROVADO,833.08,1,,
11760,1,2025-07-03T15:00:00+00,PIX,COBRANCA,APROVADO,528.13,1,,
11761,1,2025-08-20T15:00:00+00,PIX,COBRANCA,APROVADO,376.62,1,,
11762,1,2025-09-09T15:00:00+00,PIX,COBRANCA,APROVADO,695.27,1,,
11763,1,2025-10-26T15:00:00+00,PIX,COBRANCA,APROVADO,1046.80,1,,
11764,1,2025-11-15T15:00:00+00,PIX,COBRANCA,APROVADO,676.09,1,,
11765,1,2025-11-04T15:00:00+00,PIX,COBRANCA,APROVADO,458.82,1,,
11766,1,2025-12-21T15:00:00+00,PIX,COBRANCA,APROVADO,843.23,1,,
11767,1,2025-01-10T15:00:00+00,PIX,COBRANCA,APROVADO,1260.52,1,,
11768,1,2025-02-27T15:00:00+00,PIX,COBRANCA,APROVADO,824.05,1,,
11769,1,2025-03-16T15:00:00+00,PIX,COBRANCA,APROVADO,541.02,1,,
11770,1,2025-04-05T15:00:00+00,PIX,COBRANCA,APROVADO,991.19,1,,
11771,1,2025-05-22T15:00:00+00,PIX,COBRANCA,APROVADO,1474.24,1,,
11772,1,2025-06-11T15:00:00+00,PIX,COBRANCA,APROVADO,972.01,1,,
11773,1,2025-07-28T15:00:00+00,PIX,COBRANCA,APROVADO,623.22,1,,
11774,1,2025-08-17T15:00:00+00,PIX,COBRANCA,APROVADO,1139.15,1,,
11775,1,2025-09-06T15:00:00+00,PIX,COBRANCA,APROVADO,1687.96,1,,
11776,1,2025-10-23T15:00:00+00,PIX,COBRANCA,APROVADO,1119.97,1,,
11777,1,2025-11-12T15:00:00+00,PIX,COBRANCA,APROVADO,705.42,1,,
11778,1,2025-11-29T15:00:00+00,PIX,COBRANCA,APROVADO,1287.11,1,,
11779,1,2025-12-18T15:00:00+00,PIX,COBRANCA,APROVADO,1901.68,1,,
11780,1,2025-01-07T15:00:00+00,PIX,COBRANCA,APROVADO,1267.93,1,,
11781,1,2025-02-24T15:00:00+00,PIX,COBRANCA,APROVADO,713.73,1,,
11782,1,2025-03-13T15:00:00+00,PIX,COBRANCA,APROVADO,1108.58,1,,
11783,1,2025-04-02T15:00:00+00,PIX,COBRANCA,APROVADO,1950.02,1,,
11784,1,2025-05-19T15:00:00+00,PIX,COBRANCA,APROVADO,1196.66,1,,
11785,1,2025-06-08T15:00:00+00,PIX,COBRANCA,APROVADO,764.03,1,,
11786,1,2025-07-25T15:00:00+00,PIX,COBRANCA,APROVADO,727.73,1,,
11787,1,2025-08-14T15:00:00+00,PIX,COBRANCA,APROVADO,994.23,1,,
11788,1,2025-09-03T15:00:00+00,PIX,COBRANCA,APROVADO,1338.62,1,,
11789,1,2025-10-20T15:00:00+00,PIX,COBRANCA,APROVADO,413.34,1,,
11790,1,2025-11-09T15:00:00+00,PIX,COBRANCA,APROVADO,773.88,1,,
11791,1,2025-11-26T15:00:00+00,PIX,COBRANCA,APROVADO,1305.10,1,,
11792,1,2025-12-15T15:00:00+00,PIX,COBRANCA,APROVADO,264.53,1,,
11793,1,2025-01-04T15:00:00+00,PIX,COBRANCA,APROVADO,245.31,1,,
11794,1,2025-02-21T15:00:00+00,PIX,COBRANCA,APROVADO,409.18,1,,
11795,1,2025-03-10T15:00:00+00,PIX,COBRANCA,APROVADO,670.41,1,,
11796,1,2025-04-27T15:00:00+00,PIX,COBRANCA,APROVADO,428.66,1,,
11797,1,2025-05-16T15:00:00+00,PIX,COBRANCA,APROVADO,270.50,1,,
11798,1,2025-06-05T15:00:00+00,PIX,COBRANCA,APROVADO,594.17,1,,
11799,1,2025-07-22T15:00:00+00,PIX,COBRANCA,APROVADO,801.52,1,,
11800,1,2025-08-11T15:00:00+00,PIX,COBRANCA,APROVADO,495.57,1,,
11801,1,2025-09-28T15:00:00+00,PIX,COBRANCA,APROVADO,431.42,1,,
11802,1,2025-10-17T15:00:00+00,PIX,COBRANCA,APROVADO,793.91,1,,
11803,1,2025-11-06T15:00:00+00,PIX,COBRANCA,APROVADO,1189.28,1,,
11804,1,2025-11-23T15:00:00+00,PIX,COBRANCA,APROVADO,774.73,1,,
11805,1,2025-12-12T15:00:00+00,PIX,COBRANCA,APROVADO,513.62,1,,
11806,1,2025-01-29T15:00:00+00,PIX,COBRANCA,APROVADO,941.87,1,,
11807,1,2025-02-18T15:00:00+00,PIX,COBRANCA,APROVADO,1403.00,1,,
11808,1,2025-03-07T15:00:00+00,PIX,COBRANCA,APROVADO,922.69,1,,
11809,1,2025-04-24T15:00:00+00,PIX,COBRANCA,APROVADO,595.82,1,,
11810,1,2025-05-13T15:00:00+00,PIX,COBRANCA,APROVADO,1089.83,1,,
11811,1,2025-06-02T15:00:00+00,PIX,COBRANCA,APROVADO,1616.72,1,,
11812,1,2025-07-19T15:00:00+00,PIX,COBRANCA,APROVADO,1070.65,1,,
11813,1,2025-08-08T15:00:00+00,PIX,COBRANCA,APROVADO,678.02,1,,
11814,1,2025-09-25T15:00:00+00,PIX,COBRANCA,APROVADO,1237.79,1,,
11815,1,2025-10-14T15:00:00+00,PIX,COBRANCA,APROVADO,1830.44,1,,
11816,1,2025-11-03T15:00:00+00,PIX,COBRANCA,APROVADO,1218.61,1,,
11817,1,2025-11-20T15:00:00+00,PIX,COBRANCA,APROVADO,760.22,1,,
11818,1,2025-12-09T15:00:00+00,PIX,COBRANCA,APROVADO,1385.75,1,,
11819,1,2025-01-26T15:00:00+00,PIX,COBRANCA,APROVADO,2044.16,1,,
11820,1,2025-02-15T15:00:00+00,PIX,COBRANCA,APROVADO,1366.57,1,,
11821,1,2025-03-04T15:00:00+00,PIX,COBRANCA,APROVADO,842.42,1,,
11822,1,2025-04-21T15:00:00+00,PIX,COBRANCA,APROVADO,1533.71,1,,
11823,1,2025-05-10T15:00:00+00,PIX,COBRANCA,APROVADO,2257.88,1,,
11824,1,2025-06-27T15:00:00+00,PIX,COBRANCA,APROVADO,1361.09,1,,
11825,1,2025-07-16T15:00:00+00,PIX,COBRANCA,APROVADO,464.30,1,,
11826,1,2025-08-05T15:00:00+00,PIX,COBRANCA,APROVADO,914.47,1,,
11827,1,2025-09-22T15:00:00+00,PIX,COBRANCA,APROVADO,1397.52,1,,
11828,1,2025-10-11T15:00:00+00,PIX,COBRANCA,APROVADO,1509.05,1,,
11829,1,2025-11-28T15:00:00+00,PIX,COBRANCA,APROVADO,239.62,1,,
11830,1,2025-11-17T15:00:00+00,PIX,COBRANCA,APROVADO,448.67,1,,
11831,1,2025-12-06T15:00:00+00,PIX,COBRANCA,APROVADO,624.59,1,,
11832,1,2025-01-23T15:00:00+00,PIX,COBRANCA,APROVADO,342.83,1,,
11833,1,2025-02-12T15:00:00+00,PIX,COBRANCA,APROVADO,295.71,1,,
11834,1,2025-03-29T15:00:00+00,PIX,COBRANCA,APROVADO,490.31,1,,
11835,1,2025-04-18T15:00:00+00,PIX,COBRANCA,APROVADO,792.60,1,,
11836,1,2025-05-07T15:00:00+00,PIX,COBRANCA,APROVADO,516.86,1,,
11837,1,2025-06-24T15:00:00+00,PIX,COBRANCA,APROVADO,312.68,1,,
11838,1,2025-07-13T15:00:00+00,PIX,COBRANCA,APROVADO,685.15,1,,
11839,1,2025-08-02T15:00:00+00,PIX,COBRANCA,APROVADO,918.77,1,,
11840,1,2025-09-19T15:00:00+00,PIX,COBRANCA,APROVADO,567.30,1,,
11841,1,2025-10-08T15:00:00+00,PIX,COBRANCA,APROVADO,423.33,1,,
11842,1,2025-11-25T15:00:00+00,PIX,COBRANCA,APROVADO,689.61,1,,
11843,1,2025-11-14T15:00:00+00,PIX,COBRANCA,APROVADO,1226.58,1,,
11844,1,2025-12-03T15:00:00+00,PIX,COBRANCA,APROVADO,738.51,1,,
11845,1,2025-01-20T15:00:00+00,PIX,COBRANCA,APROVADO,501.80,1,,
11846,1,2025-02-09T15:00:00+00,PIX,COBRANCA,APROVADO,906.68,1,,
11847,1,2025-03-26T15:00:00+00,PIX,COBRANCA,APROVADO,1193.94,1,,
11848,1,2025-04-15T15:00:00+00,PIX,COBRANCA,APROVADO,964.30,1,,
11849,1,2025-05-04T15:00:00+00,PIX,COBRANCA,APROVADO,534.45,1,,
11850,1,2025-06-21T15:00:00+00,PIX,COBRANCA,APROVADO,1070.79,1,,
11851,1,2025-07-10T15:00:00+00,PIX,COBRANCA,APROVADO,1759.20,1,,
11852,1,2025-08-27T15:00:00+00,PIX,COBRANCA,APROVADO,1169.29,1,,
11853,1,2025-09-16T15:00:00+00,PIX,COBRANCA,APROVADO,732.82,1,,
11854,1,2025-10-05T15:00:00+00,PIX,COBRANCA,APROVADO,1336.43,1,,
11855,1,2025-11-22T15:00:00+00,PIX,COBRANCA,APROVADO,1972.92,1,,
11856,1,2025-11-11T15:00:00+00,PIX,COBRANCA,APROVADO,1317.25,1,,
11857,1,2025-12-28T15:00:00+00,PIX,COBRANCA,APROVADO,815.02,1,,
11858,1,2025-01-17T15:00:00+00,PIX,COBRANCA,APROVADO,1484.39,1,,
11859,1,2025-02-06T15:00:00+00,PIX,COBRANCA,APROVADO,2186.64,1,,
11860,1,2025-03-23T15:00:00+00,PIX,COBRANCA,APROVADO,1465.21,1,,
11861,1,2025-04-12T15:00:00+00,PIX,COBRANCA,APROVADO,436.90,1,,
11862,1,2025-05-29T15:00:00+00,PIX,COBRANCA,APROVADO,865.15,1,,
11863,1,2025-06-18T15:00:00+00,PIX,COBRANCA,APROVADO,1326.28,1,,
11864,1,2025-07-07T15:00:00+00,PIX,COBRANCA,APROVADO,1459.73,1,,
11865,1,2025-08-24T15:00:00+00,PIX,COBRANCA,APROVADO,519.10,1,,
11866,1,2025-09-13T15:00:00+00,PIX,COBRANCA,APROVADO,1013.11,1,,
11867,1,2025-10-02T15:00:00+00,PIX,COBRANCA,APROVADO,619.36,1,,
11868,1,2025-11-19T15:00:00+00,PIX,COBRANCA,APROVADO,380.17,1,,
11869,1,2025-11-08T15:00:00+00,PIX,COBRANCA,APROVADO,294.42,1,,
11870,1,2025-12-25T15:00:00+00,PIX,COBRANCA,APROVADO,547.31,1,,
11871,1,2025-01-14T15:00:00+00,PIX,COBRANCA,APROVADO,833.08,1,,
11872,1,2025-02-03T15:00:00+00,PIX,COBRANCA,APROVADO,528.13,1,,
11873,1,2025-03-20T15:00:00+00,PIX,COBRANCA,APROVADO,376.62,1,,
11874,1,2025-04-09T15:00:00+00,PIX,COBRANCA,APROVADO,695.27,1,,
11875,1,2025-05-26T15:00:00+00,PIX,COBRANCA,APROVADO,1046.80,1,,
11876,1,2025-06-15T15:00:00+00,PIX,COBRANCA,APROVADO,676.09,1,,
11877,1,2025-07-04T15:00:00+00,PIX,COBRANCA,APROVADO,458.82,1,,
11878,1,2025-08-21T15:00:00+00,PIX,COBRANCA,APROVADO,843.23,1,,
11879,1,2025-09-10T15:00:00+00,PIX,COBRANCA,APROVADO,1260.52,1,,
11880,1,2025-10-27T15:00:00+00,PIX,COBRANCA,APROVADO,824.05,1,,
11881,1,2025-11-16T15:00:00+00,PIX,COBRANCA,APROVADO,489.30,1,,
11882,1,2025-11-05T15:00:00+00,PIX,COBRANCA,APROVADO,765.79,1,,
11883,1,2025-12-22T15:00:00+00,PIX,COBRANCA,APROVADO,1358.13,1,,
11884,1,2025-01-11T15:00:00+00,PIX,COBRANCA,APROVADO,821.84,1,,
11885,1,2025-02-28T15:00:00+00,PIX,COBRANCA,APROVADO,549.50,1,,
11886,1,2025-03-17T15:00:00+00,PIX,COBRANCA,APROVADO,992.67,1,,
11887,1,2025-04-06T15:00:00+00,PIX,COBRANCA,APROVADO,1304.10,1,,
11888,1,2025-05-23T15:00:00+00,PIX,COBRANCA,APROVADO,1057.44,1,,
11889,1,2025-06-12T15:00:00+00,PIX,COBRANCA,APROVADO,579.40,1,,
11890,1,2025-07-29T15:00:00+00,PIX,COBRANCA,APROVADO,1120.52,1,,
11891,1,2025-08-18T15:00:00+00,PIX,COBRANCA,APROVADO,1658.26,1,,
11892,1,2025-09-07T15:00:00+00,PIX,COBRANCA,APROVADO,1008.94,1,,
11893,1,2025-10-24T15:00:00+00,PIX,COBRANCA,APROVADO,724.28,1,,
11894,1,2025-11-13T15:00:00+00,PIX,COBRANCA,APROVADO,1179.68,1,,
11895,1,2025-11-02T15:00:00+00,PIX,COBRANCA,APROVADO,1831.32,1,,
11896,1,2025-12-19T15:00:00+00,PIX,COBRANCA,APROVADO,1266.77,1,,
11897,1,2025-01-08T15:00:00+00,PIX,COBRANCA,APROVADO,671.35,1,,
11898,1,2025-02-25T15:00:00+00,PIX,COBRANCA,APROVADO,767.90,1,,
11899,1,2025-03-14T15:00:00+00,PIX,COBRANCA,APROVADO,1056.37,1,,
11900,1,2025-04-03T15:00:00+00,PIX,COBRANCA,APROVADO,1070.97,1,,
11901,1,2025-05-20T15:00:00+00,PIX,COBRANCA,APROVADO,491.70,1,,
11902,1,2025-06-09T15:00:00+00,PIX,COBRANCA,APROVADO,963.79,1,,
11903,1,2025-07-26T15:00:00+00,PIX,COBRANCA,APROVADO,1468.76,1,,
11904,1,2025-08-15T15:00:00+00,PIX,COBRANCA,APROVADO,330.85,1,,
11905,1,2025-09-04T15:00:00+00,PIX,COBRANCA,APROVADO,267.02,1,,
11906,1,2025-10-21T15:00:00+00,PIX,COBRANCA,APROVADO,497.99,1,,
11907,1,2025-11-10T15:00:00+00,PIX,COBRANCA,APROVADO,761.84,1,,
11908,1,2025-11-27T15:00:00+00,PIX,COBRANCA,APROVADO,478.81,1,,
11909,1,2025-12-16T15:00:00+00,PIX,COBRANCA,APROVADO,349.22,1,,
11910,1,2025-01-05T15:00:00+00,PIX,COBRANCA,APROVADO,645.95,1,,
11911,1,2025-02-22T15:00:00+00,PIX,COBRANCA,APROVADO,975.56,1,,
11912,1,2025-03-11T15:00:00+00,PIX,COBRANCA,APROVADO,626.77,1,,
11913,1,2025-04-28T15:00:00+00,PIX,COBRANCA,APROVADO,431.42,1,,
11914,1,2025-05-17T15:00:00+00,PIX,COBRANCA,APROVADO,793.91,1,,
11915,1,2025-06-06T15:00:00+00,PIX,COBRANCA,APROVADO,1189.28,1,,
11916,1,2025-07-23T15:00:00+00,PIX,COBRANCA,APROVADO,774.73,1,,
11917,1,2025-08-12T15:00:00+00,PIX,COBRANCA,APROVADO,513.62,1,,
11918,1,2025-09-29T15:00:00+00,PIX,COBRANCA,APROVADO,941.87,1,,
11919,1,2025-10-18T15:00:00+00,PIX,COBRANCA,APROVADO,1403.00,1,,
11920,1,2025-11-07T15:00:00+00,PIX,COBRANCA,APROVADO,922.69,1,,
11921,1,2025-11-24T15:00:00+00,PIX,COBRANCA,APROVADO,595.82,1,,
11922,1,2025-12-13T15:00:00+00,PIX,COBRANCA,APROVADO,1089.83,1,,
11923,1,2025-01-02T15:00:00+00,PIX,COBRANCA,APROVADO,1616.72,1,,
11924,1,2025-02-19T15:00:00+00,PIX,COBRANCA,APROVADO,1070.65,1,,
11925,1,2025-03-08T15:00:00+00,PIX,COBRANCA,APROVADO,678.02,1,,
11926,1,2025-04-25T15:00:00+00,PIX,COBRANCA,APROVADO,1237.79,1,,
11927,1,2025-05-14T15:00:00+00,PIX,COBRANCA,APROVADO,1830.44,1,,
11928,1,2025-06-03T15:00:00+00,PIX,COBRANCA,APROVADO,1218.61,1,,
11929,1,2025-07-20T15:00:00+00,PIX,COBRANCA,APROVADO,760.22,1,,
11930,1,2025-08-09T15:00:00+00,PIX,COBRANCA,APROVADO,1385.75,1,,
11931,1,2025-09-26T15:00:00+00,PIX,COBRANCA,APROVADO,1868.81,1,,
11932,1,2025-10-15T15:00:00+00,PIX,COBRANCA,APROVADO,1087.32,1,,
11933,1,2025-11-04T15:00:00+00,PIX,COBRANCA,APROVADO,774.68,1,,
11934,1,2025-11-21T15:00:00+00,PIX,COBRANCA,APROVADO,1260.81,1,,
11935,1,2025-12-10T15:00:00+00,PIX,COBRANCA,APROVADO,1953.51,1,,
11936,1,2025-01-27T15:00:00+00,PIX,COBRANCA,APROVADO,1224.62,1,,
11937,1,2025-02-16T15:00:00+00,PIX,COBRANCA,APROVADO,368.31,1,,
11938,1,2025-03-05T15:00:00+00,PIX,COBRANCA,APROVADO,858.84,1,,
11939,1,2025-04-22T15:00:00+00,PIX,COBRANCA,APROVADO,1173.68,1,,
11940,1,2025-05-11T15:00:00+00,PIX,COBRANCA,APROVADO,1145.17,1,,
11941,1,2025-06-28T15:00:00+00,PIX,COBRANCA,APROVADO,208.79,1,,
11942,1,2025-07-17T15:00:00+00,PIX,COBRANCA,APROVADO,346.86,1,,
11943,1,2025-08-06T15:00:00+00,PIX,COBRANCA,APROVADO,634.82,1,,
11944,1,2025-09-23T15:00:00+00,PIX,COBRANCA,APROVADO,363.70,1,,
11945,1,2025-10-12T15:00:00+00,PIX,COBRANCA,APROVADO,287.27,1,,
11946,1,2025-11-29T15:00:00+00,PIX,COBRANCA,APROVADO,519.47,1,,
11947,1,2025-11-18T15:00:00+00,PIX,COBRANCA,APROVADO,698.31,1,,
11948,1,2025-12-07T15:00:00+00,PIX,COBRANCA,APROVADO,545.11,1,,
11949,1,2025-01-24T15:00:00+00,PIX,COBRANCA,APROVADO,332.26,1,,
11950,1,2025-02-13T15:00:00+00,PIX,COBRANCA,APROVADO,676.23,1,,
11951,1,2025-03-02T15:00:00+00,PIX,COBRANCA,APROVADO,1118.04,1,,
11952,1,2025-04-19T15:00:00+00,PIX,COBRANCA,APROVADO,725.41,1,,
11953,1,2025-05-08T15:00:00+00,PIX,COBRANCA,APROVADO,486.22,1,,
11954,1,2025-06-25T15:00:00+00,PIX,COBRANCA,APROVADO,892.55,1,,
11955,1,2025-07-14T15:00:00+00,PIX,COBRANCA,APROVADO,1331.76,1,,
11956,1,2025-08-03T15:00:00+00,PIX,COBRANCA,APROVADO,873.37,1,,
11957,1,2025-09-20T15:00:00+00,PIX,COBRANCA,APROVADO,568.42,1,,
11958,1,2025-10-09T15:00:00+00,PIX,COBRANCA,APROVADO,1040.51,1,,
11959,1,2025-11-26T15:00:00+00,PIX,COBRANCA,APROVADO,1545.48,1,,
11960,1,2025-11-15T15:00:00+00,PIX,COBRANCA,APROVADO,1021.33,1,,
11961,1,2025-12-04T15:00:00+00,PIX,COBRANCA,APROVADO,650.62,1,,
11962,1,2025-01-21T15:00:00+00,PIX,COBRANCA,APROVADO,1188.47,1,,
11963,1,2025-02-10T15:00:00+00,PIX,COBRANCA,APROVADO,1759.20,1,,
11964,1,2025-03-27T15:00:00+00,PIX,COBRANCA,APROVADO,1169.29,1,,
11965,1,2025-04-16T15:00:00+00,PIX,COBRANCA,APROVADO,732.82,1,,
11966,1,2025-05-05T15:00:00+00,PIX,COBRANCA,APROVADO,1336.43,1,,
11967,1,2025-06-22T15:00:00+00,PIX,COBRANCA,APROVADO,1972.92,1,,
11968,1,2025-07-11T15:00:00+00,PIX,COBRANCA,APROVADO,1317.25,1,,
11969,1,2025-08-28T15:00:00+00,PIX,COBRANCA,APROVADO,815.02,1,,
11970,1,2025-09-17T15:00:00+00,PIX,COBRANCA,APROVADO,1484.39,1,,
11971,1,2025-10-06T15:00:00+00,PIX,COBRANCA,APROVADO,2186.64,1,,
11972,1,2025-11-23T15:00:00+00,PIX,COBRANCA,APROVADO,1465.21,1,,
11973,1,2025-11-12T15:00:00+00,PIX,COBRANCA,APROVADO,436.90,1,,
11974,1,2025-12-29T15:00:00+00,PIX,COBRANCA,APROVADO,865.15,1,,
11975,1,2025-01-18T15:00:00+00,PIX,COBRANCA,APROVADO,1326.28,1,,
11976,1,2025-02-07T15:00:00+00,PIX,COBRANCA,APROVADO,1459.73,1,,
11977,1,2025-03-24T15:00:00+00,PIX,COBRANCA,APROVADO,519.10,1,,
11978,1,2025-04-13T15:00:00+00,PIX,COBRANCA,APROVADO,1013.11,1,,
11979,1,2025-05-02T15:00:00+00,PIX,COBRANCA,APROVADO,619.36,1,,
11980,1,2025-06-19T15:00:00+00,PIX,COBRANCA,APROVADO,380.17,1,,
11981,1,2025-07-08T15:00:00+00,PIX,COBRANCA,APROVADO,264.90,1,,
11982,1,2025-08-25T15:00:00+00,PIX,COBRANCA,APROVADO,423.04,1,,
11983,1,2025-09-14T15:00:00+00,PIX,COBRANCA,APROVADO,766.30,1,,
11984,1,2025-10-03T15:00:00+00,PIX,COBRANCA,APROVADO,447.02,1,,
11985,1,2025-11-20T15:00:00+00,PIX,COBRANCA,APROVADO,334.94,1,,
11986,1,2025-11-09T15:00:00+00,PIX,COBRANCA,APROVADO,605.55,1,,
11987,1,2025-12-26T15:00:00+00,PIX,COBRANCA,APROVADO,808.47,1,,
11988,1,2025-01-15T15:00:00+00,PIX,COBRANCA,APROVADO,638.26,1,,
11989,1,2025-02-04T15:00:00+00,PIX,COBRANCA,APROVADO,377.16,1,,
11990,1,2025-03-21T15:00:00+00,PIX,COBRANCA,APROVADO,738.26,1,,
11991,1,2025-04-10T15:00:00+00,PIX,COBRANCA,APROVADO,1098.48,1,,
11992,1,2025-05-27T15:00:00+00,PIX,COBRANCA,APROVADO,656.35,1,,
11993,1,2025-06-16T15:00:00+00,PIX,COBRANCA,APROVADO,497.39,1,,
11994,1,2025-07-05T15:00:00+00,PIX,COBRANCA,APROVADO,814.70,1,,
11995,1,2025-08-22T15:00:00+00,PIX,COBRANCA,APROVADO,1281.43,1,,
11996,1,2025-09-11T15:00:00+00,PIX,COBRANCA,APROVADO,869.80,1,,
11997,1,2025-10-28T15:00:00+00,PIX,COBRANCA,APROVADO,481.48,1,,
11998,1,2025-11-17T15:00:00+00,PIX,COBRANCA,APROVADO,1049.01,1,,
11999,1,2025-11-06T15:00:00+00,PIX,COBRANCA,APROVADO,1387.88,1,,
12000,1,2025-12-23T15:00:00+00,PIX,COBRANCA,APROVADO,879.17,1,,
4001,2,2024-03-02T15:00:00+00,PIX,ESTORNO,APROVADO,80.69,1,5081,1
4002,2,2024-03-20T15:00:00+00,PIX,ESTORNO,APROVADO,84.80,1,5082,2
4003,2,2024-05-07T15:00:00+00,PIX,ESTORNO,APROVADO,88.91,1,5083,3
4004,2,2024-05-26T15:00:00+00,PIX,ESTORNO,APROVADO,93.02,1,5084,4
4005,2,2024-06-15T15:00:00+00,PIX,ESTORNO,APROVADO,97.13,1,5085,5
4006,2,2024-08-01T15:00:00+00,PIX,ESTORNO,APROVADO,101.24,1,5086,6
4007,2,2024-08-21T15:00:00+00,PIX,ESTORNO,APROVADO,105.35,1,5087,7
4008,2,2024-10-08T15:00:00+00,PIX,ESTORNO,APROVADO,109.46,1,5088,8
4009,2,2024-10-27T15:00:00+00,PIX,ESTORNO,APROVADO,113.57,1,5089,9
4010,2,2024-11-16T15:00:00+00,PIX,ESTORNO,APROVADO,117.68,1,5090,10
4011,2,2024-12-03T15:00:00+00,PIX,ESTORNO,APROVADO,121.79,1,5091,11
4012,2,2024-12-22T15:00:00+00,PIX,ESTORNO,APROVADO,125.90,1,5092,12
4013,2,2024-02-08T15:00:00+00,PIX,ESTORNO,APROVADO,130.01,1,5093,13
4014,2,2024-02-28T15:00:00+00,PIX,ESTORNO,APROVADO,134.12,1,5094,14
4015,2,2024-03-17T15:00:00+00,PIX,ESTORNO,APROVADO,138.23,1,5095,15
4016,2,2024-05-04T15:00:00+00,PIX,ESTORNO,APROVADO,142.34,1,5096,16
4017,2,2024-05-23T15:00:00+00,PIX,ESTORNO,APROVADO,146.45,1,5097,17
4018,2,2024-07-10T15:00:00+00,PIX,ESTORNO,APROVADO,150.56,1,5098,18
4019,2,2024-07-29T15:00:00+00,PIX,ESTORNO,APROVADO,154.67,1,5099,19
4020,2,2024-08-18T15:00:00+00,PIX,ESTORNO,APROVADO,158.78,1,5100,20
4021,2,2024-10-05T15:00:00+00,PIX,ESTORNO,APROVADO,162.89,1,5101,21
4022,2,2024-10-24T15:00:00+00,PIX,ESTORNO,APROVADO,167.00,1,5102,22
4023,2,2024-11-13T15:00:00+00,PIX,ESTORNO,APROVADO,171.11,1,5103,23
4024,2,2024-11-30T15:00:00+00,PIX,ESTORNO,APROVADO,175.22,1,5104,24
4025,2,2024-12-19T15:00:00+00,PIX,ESTORNO,APROVADO,179.33,1,5105,25
4026,2,2024-02-05T15:00:00+00,PIX,ESTORNO,APROVADO,183.44,1,5106,26
4027,2,2024-02-25T15:00:00+00,PIX,ESTORNO,APROVADO,34.11,1,5107,27
4028,2,2024-03-14T15:00:00+00,PIX,ESTORNO,APROVADO,38.22,1,5108,28
4029,2,2024-05-01T15:00:00+00,PIX,ESTORNO,APROVADO,42.33,1,5109,29
4030,2,2024-05-20T15:00:00+00,PIX,ESTORNO,APROVADO,46.44,1,5110,30
4031,2,2024-07-07T15:00:00+00,PIX,ESTORNO,APROVADO,50.55,1,5111,31
4032,2,2024-07-26T15:00:00+00,PIX,ESTORNO,APROVADO,43.73,1,5112,32
4033,2,2024-08-15T15:00:00+00,PIX,ESTORNO,APROVADO,55.84,1,5113,33
4034,2,2024-10-02T15:00:00+00,PIX,ESTORNO,APROVADO,53.45,1,5114,34
4035,2,2024-10-21T15:00:00+00,PIX,ESTORNO,APROVADO,50.25,1,5115,35
4036,2,2024-12-08T15:00:00+00,PIX,ESTORNO,APROVADO,63.99,1,5116,36
4037,2,2024-11-27T15:00:00+00,PIX,ESTORNO,APROVADO,60.17,1,5117,37
4038,2,2024-12-16T15:00:00+00,PIX,ESTORNO,APROVADO,75.36,1,5118,38
4039,2,2024-02-02T15:00:00+00,PIX,ESTORNO,APROVADO,70.92,1,5119,39
4040,2,2024-02-22T15:00:00+00,PIX,ESTORNO,APROVADO,65.66,1,5120,40
4041,2,2024-04-08T15:00:00+00,PIX,ESTORNO,APROVADO,82.49,1,5121,41
4042,2,2024-04-28T15:00:00+00,PIX,ESTORNO,APROVADO,76.61,1,5122,42
4043,2,2024-05-17T15:00:00+00,PIX,ESTORNO,APROVADO,94.88,1,5123,43
4044,2,2024-07-04T15:00:00+00,PIX,ESTORNO,APROVADO,88.39,1,5124,44
4045,2,2024-07-23T15:00:00+00,PIX,ESTORNO,APROVADO,81.07,1,5125,45
4046,2,2024-09-09T15:00:00+00,PIX,ESTORNO,APROVADO,100.98,1,5126,46
4047,2,2024-09-29T15:00:00+00,PIX,ESTORNO,APROVADO,93.05,1,5127,47
4048,2,2024-10-18T15:00:00+00,PIX,ESTORNO,APROVADO,114.40,1,5128,48
4049,2,2024-12-05T15:00:00+00,PIX,ESTORNO,APROVADO,105.86,1,5129,49
4050,2,2024-11-24T15:00:00+00,PIX,ESTORNO,APROVADO,96.48,1,5130,50
4051,2,2024-12-13T15:00:00+00,PIX,ESTORNO,APROVADO,132.75,1,5131,51
4052,2,2024-01-30T15:00:00+00,PIX,ESTORNO,APROVADO,136.86,1,5132,52
4053,2,2024-02-19T15:00:00+00,PIX,ESTORNO,APROVADO,140.97,1,5133,53
4054,2,2024-04-05T15:00:00+00,PIX,ESTORNO,APROVADO,145.08,1,5134,54
4055,2,2024-04-25T15:00:00+00,PIX,ESTORNO,APROVADO,149.19,1,5135,55
4056,2,2024-05-14T15:00:00+00,PIX,ESTORNO,APROVADO,153.30,1,5136,56
4057,2,2024-07-01T15:00:00+00,PIX,ESTORNO,APROVADO,157.41,1,5137,57
4058,2,2024-07-20T15:00:00+00,PIX,ESTORNO,APROVADO,161.52,1,5138,58
4059,2,2024-09-06T15:00:00+00,PIX,ESTORNO,APROVADO,165.63,1,5139,59
4060,2,2024-09-26T15:00:00+00,PIX,ESTORNO,APROVADO,169.74,1,5140,60
4061,2,2024-10-15T15:00:00+00,PIX,ESTORNO,APROVADO,173.85,1,5141,61
4062,2,2024-12-02T15:00:00+00,PIX,ESTORNO,APROVADO,177.96,1,5142,62
4063,2,2024-11-21T15:00:00+00,PIX,ESTORNO,APROVADO,182.07,1,5143,63
4064,2,2025-01-07T15:00:00+00,PIX,ESTORNO,APROVADO,32.74,1,5144,64
4065,2,2024-01-27T15:00:00+00,PIX,ESTORNO,APROVADO,36.85,1,5145,65
4066,2,2024-02-16T15:00:00+00,PIX,ESTORNO,APROVADO,40.96,1,5146,66
4067,2,2024-04-02T15:00:00+00,PIX,ESTORNO,APROVADO,45.07,1,5147,67
4068,2,2024-04-22T15:00:00+00,PIX,ESTORNO,APROVADO,49.18,1,5148,68
4069,2,2024-06-08T15:00:00+00,PIX,ESTORNO,APROVADO,53.29,1,5149,69
4070,2,2024-06-28T15:00:00+00,PIX,ESTORNO,APROVADO,57.40,1,5150,70
4071,2,2024-07-17T15:00:00+00,PIX,ESTORNO,APROVADO,61.51,1,5151,71
4072,2,2024-09-03T15:00:00+00,PIX,ESTORNO,APROVADO,65.62,1,5152,72
4073,2,2024-09-23T15:00:00+00,PIX,ESTORNO,APROVADO,69.73,1,5153,73
4074,2,2024-11-09T15:00:00+00,PIX,ESTORNO,APROVADO,73.84,1,5154,74
4075,2,2024-11-29T15:00:00+00,PIX,ESTORNO,APROVADO,77.95,1,5155,75
4076,2,2024-11-18T15:00:00+00,PIX,ESTORNO,APROVADO,82.06,1,5156,76
4077,2,2025-01-04T15:00:00+00,PIX,ESTORNO,APROVADO,86.17,1,5157,77
4078,2,2024-01-24T15:00:00+00,PIX,ESTORNO,APROVADO,90.28,1,5158,78
4079,2,2024-02-13T15:00:00+00,PIX,ESTORNO,APROVADO,94.39,1,5159,79
4080,2,2024-03-30T15:00:00+00,PIX,ESTORNO,APROVADO,98.50,1,5160,80
4081,2,2024-04-19T15:00:00+00,PIX,ESTORNO,APROVADO,102.61,1,5161,81
4082,2,2024-06-05T15:00:00+00,PIX,ESTORNO,APROVADO,85.38,1,5162,82
4083,2,2024-06-25T15:00:00+00,PIX,ESTORNO,APROVADO,105.29,1,5163,83
4084,2,2024-07-14T15:00:00+00,PIX,ESTORNO,APROVADO,97.70,1,5164,84
4085,2,2024-08-31T15:00:00+00,PIX,ESTORNO,APROVADO,89.29,1,5165,85
4086,2,2024-09-20T15:00:00+00,PIX,ESTORNO,APROVADO,110.85,1,5166,86
4087,2,2024-11-06T15:00:00+00,PIX,ESTORNO,APROVADO,101.82,1,5167,87
4088,2,2024-11-26T15:00:00+00,PIX,ESTORNO,APROVADO,124.82,1,5168,88
4089,2,2024-11-15T15:00:00+00,PIX,ESTORNO,APROVADO,115.17,1,5169,89
4090,2,2025-01-01T15:00:00+00,PIX,ESTORNO,APROVADO,104.70,1,5170,90
4091,2,2024-01-21T15:00:00+00,PIX,ESTORNO,APROVADO,129.34,1,5171,91
4092,2,2024-03-09T15:00:00+00,PIX,ESTORNO,APROVADO,118.26,1,5172,92
4093,2,2024-03-27T15:00:00+00,PIX,ESTORNO,APROVADO,144.34,1,5173,93
4094,2,2024-04-16T15:00:00+00,PIX,ESTORNO,APROVADO,132.64,1,5174,94
4095,2,2024-06-02T15:00:00+00,PIX,ESTORNO,APROVADO,120.12,1,5175,95
4096,2,2024-06-22T15:00:00+00,PIX,ESTORNO,APROVADO,147.84,1,5176,96
4097,2,2024-08-08T15:00:00+00,PIX,ESTORNO,APROVADO,134.70,1,5177,97
4098,2,2024-08-28T15:00:00+00,PIX,ESTORNO,APROVADO,163.86,1,5178,98
4099,2,2024-09-17T15:00:00+00,PIX,ESTORNO,APROVADO,150.11,1,5179,99
4100,2,2024-11-03T15:00:00+00,PIX,ESTORNO,APROVADO,135.53,1,5180,100
4101,2,2024-11-23T15:00:00+00,PIX,ESTORNO,APROVADO,31.37,1,5181,101
4102,2,2024-12-10T15:00:00+00,PIX,ESTORNO,APROVADO,35.48,1,5182,102
4103,2,2024-12-29T15:00:00+00,PIX,ESTORNO,APROVADO,39.59,1,5183,103
4104,2,2024-01-18T15:00:00+00,PIX,ESTORNO,APROVADO,43.70,1,5184,104
4105,2,2024-03-06T15:00:00+00,PIX,ESTORNO,APROVADO,47.81,1,5185,105
4106,2,2024-03-24T15:00:00+00,PIX,ESTORNO,APROVADO,51.92,1,5186,106
4107,2,2024-04-13T15:00:00+00,PIX,ESTORNO,APROVADO,56.03,1,5187,107
4108,2,2024-05-30T15:00:00+00,PIX,ESTORNO,APROVADO,60.14,1,5188,108
4109,2,2024-06-19T15:00:00+00,PIX,ESTORNO,APROVADO,64.25,1,5189,109
4110,2,2024-08-05T15:00:00+00,PIX,ESTORNO,APROVADO,68.36,1,5190,110
4111,2,2024-08-25T15:00:00+00,PIX,ESTORNO,APROVADO,72.47,1,5191,111
4112,2,2024-09-14T15:00:00+00,PIX,ESTORNO,APROVADO,76.58,1,5192,112
4113,2,2024-10-31T15:00:00+00,PIX,ESTORNO,APROVADO,80.69,1,5193,113
4114,2,2024-11-20T15:00:00+00,PIX,ESTORNO,APROVADO,84.80,1,5194,114
4115,2,2024-12-07T15:00:00+00,PIX,ESTORNO,APROVADO,88.91,1,5195,115
4116,2,2024-12-26T15:00:00+00,PIX,ESTORNO,APROVADO,93.02,1,5196,116
4117,2,2024-01-15T15:00:00+00,PIX,ESTORNO,APROVADO,97.13,1,5197,117
4118,2,2024-03-03T15:00:00+00,PIX,ESTORNO,APROVADO,101.24,1,5198,118
4119,2,2024-03-21T15:00:00+00,PIX,ESTORNO,APROVADO,105.35,1,5199,119
4120,2,2024-05-08T15:00:00+00,PIX,ESTORNO,APROVADO,109.46,1,5200,120
4121,2,2024-05-27T15:00:00+00,PIX,ESTORNO,APROVADO,113.57,1,5201,121
4122,2,2024-06-16T15:00:00+00,PIX,ESTORNO,APROVADO,117.68,1,5202,122
4123,2,2024-08-02T15:00:00+00,PIX,ESTORNO,APROVADO,121.79,1,5203,123
4124,2,2024-08-22T15:00:00+00,PIX,ESTORNO,APROVADO,125.90,1,5204,124
4125,2,2024-10-09T15:00:00+00,PIX,ESTORNO,APROVADO,130.01,1,5205,125
4126,2,2024-10-28T15:00:00+00,PIX,ESTORNO,APROVADO,134.12,1,5206,126
4127,2,2024-11-17T15:00:00+00,PIX,ESTORNO,APROVADO,138.23,1,5207,127
4128,2,2024-12-04T15:00:00+00,PIX,ESTORNO,APROVADO,142.34,1,5208,128
4129,2,2024-12-23T15:00:00+00,PIX,ESTORNO,APROVADO,146.45,1,5209,129
4130,2,2024-02-09T15:00:00+00,PIX,ESTORNO,APROVADO,150.56,1,5210,130
4131,2,2024-02-29T15:00:00+00,PIX,ESTORNO,APROVADO,154.67,1,5211,131
4132,2,2024-03-18T15:00:00+00,PIX,ESTORNO,APROVADO,127.03,1,5212,132
4133,2,2024-05-05T15:00:00+00,PIX,ESTORNO,APROVADO,154.75,1,5213,133
4134,2,2024-05-24T15:00:00+00,PIX,ESTORNO,APROVADO,141.95,1,5214,134
4135,2,2024-06-13T15:00:00+00,PIX,ESTORNO,APROVADO,128.34,1,5215,135
4136,2,2024-07-30T15:00:00+00,PIX,ESTORNO,APROVADO,157.70,1,5216,136
4137,2,2024-08-19T15:00:00+00,PIX,ESTORNO,APROVADO,143.47,1,5217,137
4138,2,2024-10-06T15:00:00+00,PIX,ESTORNO,APROVADO,174.27,1,5218,138
4139,2,2024-10-25T15:00:00+00,PIX,ESTORNO,APROVADO,29.00,1,5219,139
4140,2,2024-11-14T15:00:00+00,PIX,ESTORNO,APROVADO,28.67,1,5220,140
4141,2,2024-12-01T15:00:00+00,PIX,ESTORNO,APROVADO,38.10,1,5221,141
4142,2,2024-12-20T15:00:00+00,PIX,ESTORNO,APROVADO,37.16,1,5222,142
4143,2,2024-02-06T15:00:00+00,PIX,ESTORNO,APROVADO,48.03,1,5223,143
4144,2,2024-02-26T15:00:00+00,PIX,ESTORNO,APROVADO,46.47,1,5224,144
4145,2,2024-03-15T15:00:00+00,PIX,ESTORNO,APROVADO,44.08,1,5225,145
4146,2,2024-05-02T15:00:00+00,PIX,ESTORNO,APROVADO,56.60,1,5226,146
4147,2,2024-05-21T15:00:00+00,PIX,ESTORNO,APROVADO,53.60,1,5227,147
4148,2,2024-07-08T15:00:00+00,PIX,ESTORNO,APROVADO,67.55,1,5228,148
4149,2,2024-07-27T15:00:00+00,PIX,ESTORNO,APROVADO,63.93,1,5229,149
4150,2,2024-08-16T15:00:00+00,PIX,ESTORNO,APROVADO,59.49,1,5230,150
4151,2,2024-10-03T15:00:00+00,PIX,ESTORNO,APROVADO,83.43,1,5231,151
4152,2,2024-10-22T15:00:00+00,PIX,ESTORNO,APROVADO,87.54,1,5232,152
4153,2,2024-12-09T15:00:00+00,PIX,ESTORNO,APROVADO,91.65,1,5233,153
4154,2,2024-11-28T15:00:00+00,PIX,ESTORNO,APROVADO,95.76,1,5234,154
4155,2,2024-12-17T15:00:00+00,PIX,ESTORNO,APROVADO,99.87,1,5235,155
4156,2,2024-02-03T15:00:00+00,PIX,ESTORNO,APROVADO,103.98,1,5236,156
4157,2,2024-02-23T15:00:00+00,PIX,ESTORNO,APROVADO,108.09,1,5237,157
4158,2,2024-04-09T15:00:00+00,PIX,ESTORNO,APROVADO,112.20,1,5238,158
4159,2,2024-04-29T15:00:00+00,PIX,ESTORNO,APROVADO,116.31,1,5239,159
4160,2,2024-05-18T15:00:00+00,PIX,ESTORNO,APROVADO,120.42,1,5240,160
4161,2,2024-07-05T15:00:00+00,PIX,ESTORNO,APROVADO,124.53,1,5241,161
4162,2,2024-07-24T15:00:00+00,PIX,ESTORNO,APROVADO,128.64,1,5242,162
4163,2,2024-08-13T15:00:00+00,PIX,ESTORNO,APROVADO,132.75,1,5243,163
4164,2,2024-09-30T15:00:00+00,PIX,ESTORNO,APROVADO,136.86,1,5244,164
4165,2,2024-10-19T15:00:00+00,PIX,ESTORNO,APROVADO,140.97,1,5245,165
4166,2,2024-12-06T15:00:00+00,PIX,ESTORNO,APROVADO,145.08,1,5246,166
4167,2,2024-11-25T15:00:00+00,PIX,ESTORNO,APROVADO,149.19,1,5247,167
4168,2,2024-12-14T15:00:00+00,PIX,ESTORNO,APROVADO,153.30,1,5248,168
4169,2,2024-01-31T15:00:00+00,PIX,ESTORNO,APROVADO,157.41,1,5249,169
4170,2,2024-02-20T15:00:00+00,PIX,ESTORNO,APROVADO,161.52,1,5250,170
4171,2,2024-04-06T15:00:00+00,PIX,ESTORNO,APROVADO,165.63,1,5251,171
4172,2,2024-04-26T15:00:00+00,PIX,ESTORNO,APROVADO,169.74,1,5252,172
4173,2,2024-05-15T15:00:00+00,PIX,ESTORNO,APROVADO,173.85,1,5253,173
4174,2,2024-07-02T15:00:00+00,PIX,ESTORNO,APROVADO,177.96,1,5254,174
4175,2,2024-07-21T15:00:00+00,PIX,ESTORNO,APROVADO,182.07,1,5255,175
4176,2,2024-09-07T15:00:00+00,PIX,ESTORNO,APROVADO,32.74,1,5256,176
4177,2,2024-09-27T15:00:00+00,PIX,ESTORNO,APROVADO,36.85,1,5257,177
4178,2,2024-10-16T15:00:00+00,PIX,ESTORNO,APROVADO,40.96,1,5258,178
4179,2,2024-12-03T15:00:00+00,PIX,ESTORNO,APROVADO,45.07,1,5259,179
4180,2,2024-11-22T15:00:00+00,PIX,ESTORNO,APROVADO,49.18,1,5260,180
4181,2,2025-01-08T15:00:00+00,PIX,ESTORNO,APROVADO,53.29,1,5261,181
4182,2,2024-01-28T15:00:00+00,PIX,ESTORNO,APROVADO,45.92,1,5262,182
4183,2,2024-02-17T15:00:00+00,PIX,ESTORNO,APROVADO,58.44,1,5263,183
4184,2,2024-04-03T15:00:00+00,PIX,ESTORNO,APROVADO,55.78,1,5264,184
4185,2,2024-04-23T15:00:00+00,PIX,ESTORNO,APROVADO,52.30,1,5265,185
4186,2,2024-06-09T15:00:00+00,PIX,ESTORNO,APROVADO,66.46,1,5266,186
4187,2,2024-06-29T15:00:00+00,PIX,ESTORNO,APROVADO,62.36,1,5267,187
4188,2,2024-07-18T15:00:00+00,PIX,ESTORNO,APROVADO,77.96,1,5268,188
4189,2,2024-09-04T15:00:00+00,PIX,ESTORNO,APROVADO,73.25,1,5269,189
4190,2,2024-09-24T15:00:00+00,PIX,ESTORNO,APROVADO,67.71,1,5270,190
4191,2,2024-10-13T15:00:00+00,PIX,ESTORNO,APROVADO,84.96,1,5271,191
4192,2,2024-11-30T15:00:00+00,PIX,ESTORNO,APROVADO,78.80,1,5272,192
4193,2,2024-11-19T15:00:00+00,PIX,ESTORNO,APROVADO,97.48,1,5273,193
4194,2,2025-01-05T15:00:00+00,PIX,ESTORNO,APROVADO,90.72,1,5274,194
4195,2,2024-01-25T15:00:00+00,PIX,ESTORNO,APROVADO,83.13,1,5275,195
4196,2,2024-02-14T15:00:00+00,PIX,ESTORNO,APROVADO,103.45,1,5276,196
4197,2,2024-03-31T15:00:00+00,PIX,ESTORNO,APROVADO,95.24,1,5277,197
4198,2,2024-04-20T15:00:00+00,PIX,ESTORNO,APROVADO,117.01,1,5278,198
4199,2,2024-06-06T15:00:00+00,PIX,ESTORNO,APROVADO,108.18,1,5279,199
4200,2,2024-06-26T15:00:00+00,PIX,ESTORNO,APROVADO,98.54,1,5280,200
4201,2,2024-07-15T15:00:00+00,PIX,ESTORNO,APROVADO,135.49,1,5281,201
4202,2,2024-09-01T15:00:00+00,PIX,ESTORNO,APROVADO,139.60,1,5282,202
4203,2,2024-09-21T15:00:00+00,PIX,ESTORNO,APROVADO,143.71,1,5283,203
4204,2,2024-11-07T15:00:00+00,PIX,ESTORNO,APROVADO,147.82,1,5284,204
4205,2,2024-11-27T15:00:00+00,PIX,ESTORNO,APROVADO,151.93,1,5285,205
4206,2,2024-11-16T15:00:00+00,PIX,ESTORNO,APROVADO,156.04,1,5286,206
4207,2,2025-01-02T15:00:00+00,PIX,ESTORNO,APROVADO,160.15,1,5287,207
4208,2,2024-01-22T15:00:00+00,PIX,ESTORNO,APROVADO,164.26,1,5288,208
4209,2,2024-03-10T15:00:00+00,PIX,ESTORNO,APROVADO,168.37,1,5289,209
4210,2,2024-03-28T15:00:00+00,PIX,ESTORNO,APROVADO,172.48,1,5290,210
4211,2,2024-04-17T15:00:00+00,PIX,ESTORNO,APROVADO,176.59,1,5291,211
4212,2,2024-06-03T15:00:00+00,PIX,ESTORNO,APROVADO,180.70,1,5292,212
4213,2,2024-06-23T15:00:00+00,PIX,ESTORNO,APROVADO,31.37,1,5293,213
4214,2,2024-08-09T15:00:00+00,PIX,ESTORNO,APROVADO,35.48,1,5294,214
4215,2,2024-08-29T15:00:00+00,PIX,ESTORNO,APROVADO,39.59,1,5295,215
4216,2,2024-09-18T15:00:00+00,PIX,ESTORNO,APROVADO,43.70,1,5296,216
4217,2,2024-11-04T15:00:00+00,PIX,ESTORNO,APROVADO,47.81,1,5297,217
4218,2,2024-11-24T15:00:00+00,PIX,ESTORNO,APROVADO,51.92,1,5298,218
4219,2,2024-11-13T15:00:00+00,PIX,ESTORNO,APROVADO,56.03,1,5299,219
4220,2,2024-12-30T15:00:00+00,PIX,ESTORNO,APROVADO,60.14,1,5300,220
4221,2,2024-01-19T15:00:00+00,PIX,ESTORNO,APROVADO,64.25,1,5301,221
4222,2,2024-03-07T15:00:00+00,PIX,ESTORNO,APROVADO,68.36,1,5302,222
4223,2,2024-03-25T15:00:00+00,PIX,ESTORNO,APROVADO,72.47,1,5303,223
4224,2,2024-04-14T15:00:00+00,PIX,ESTORNO,APROVADO,76.58,1,5304,224
4225,2,2024-05-31T15:00:00+00,PIX,ESTORNO,APROVADO,80.69,1,5305,225
4226,2,2024-06-20T15:00:00+00,PIX,ESTORNO,APROVADO,84.80,1,5306,226
4227,2,2024-08-06T15:00:00+00,PIX,ESTORNO,APROVADO,88.91,1,5307,227
4228,2,2024-08-26T15:00:00+00,PIX,ESTORNO,APROVADO,93.02,1,5308,228
4229,2,2024-09-15T15:00:00+00,PIX,ESTORNO,APROVADO,97.13,1,5309,229
4230,2,2024-11-01T15:00:00+00,PIX,ESTORNO,APROVADO,101.24,1,5310,230
4231,2,2024-11-21T15:00:00+00,PIX,ESTORNO,APROVADO,105.35,1,5311,231
4232,2,2024-12-08T15:00:00+00,PIX,ESTORNO,APROVADO,87.57,1,5312,232
4233,2,2024-12-27T15:00:00+00,PIX,ESTORNO,APROVADO,107.90,1,5313,233
4234,2,2024-01-16T15:00:00+00,PIX,ESTORNO,APROVADO,100.03,1,5314,234
4235,2,2024-03-04T15:00:00+00,PIX,ESTORNO,APROVADO,91.35,1,5315,235
4236,2,2024-03-22T15:00:00+00,PIX,ESTORNO,APROVADO,113.31,1,5316,236
4237,2,2024-05-09T15:00:00+00,PIX,ESTORNO,APROVADO,104.01,1,5317,237
4238,2,2024-05-28T15:00:00+00,PIX,ESTORNO,APROVADO,127.42,1,5318,238
4239,2,2024-06-17T15:00:00+00,PIX,ESTORNO,APROVADO,117.50,1,5319,239
4240,2,2024-08-03T15:00:00+00,PIX,ESTORNO,APROVADO,106.76,1,5320,240
4241,2,2024-08-23T15:00:00+00,PIX,ESTORNO,APROVADO,131.81,1,5321,241
4242,2,2024-10-10T15:00:00+00,PIX,ESTORNO,APROVADO,120.45,1,5322,242
4243,2,2024-10-29T15:00:00+00,PIX,ESTORNO,APROVADO,146.94,1,5323,243
4244,2,2024-11-18T15:00:00+00,PIX,ESTORNO,APROVADO,134.97,1,5324,244
4245,2,2024-12-05T15:00:00+00,PIX,ESTORNO,APROVADO,122.17,1,5325,245
4246,2,2024-12-24T15:00:00+00,PIX,ESTORNO,APROVADO,150.30,1,5326,246
4247,2,2024-01-13T15:00:00+00,PIX,ESTORNO,APROVADO,136.89,1,5327,247
4248,2,2024-03-01T15:00:00+00,PIX,ESTORNO,APROVADO,166.46,1,5328,248
4249,2,2024-03-19T15:00:00+00,PIX,ESTORNO,APROVADO,152.44,1,5329,249
4250,2,2024-05-06T15:00:00+00,PIX,ESTORNO,APROVADO,137.58,1,5330,250
4251,2,2024-05-25T15:00:00+00,PIX,ESTORNO,APROVADO,34.11,1,5331,251
4252,2,2024-06-14T15:00:00+00,PIX,ESTORNO,APROVADO,38.22,1,5332,252
4253,2,2024-07-31T15:00:00+00,PIX,ESTORNO,APROVADO,42.33,1,5333,253
4254,2,2024-08-20T15:00:00+00,PIX,ESTORNO,APROVADO,46.44,1,5334,254
4255,2,2024-10-07T15:00:00+00,PIX,ESTORNO,APROVADO,50.55,1,5335,255
4256,2,2024-10-26T15:00:00+00,PIX,ESTORNO,APROVADO,54.66,1,5336,256
4257,2,2024-11-15T15:00:00+00,PIX,ESTORNO,APROVADO,58.77,1,5337,257
4258,2,2024-12-02T15:00:00+00,PIX,ESTORNO,APROVADO,62.88,1,5338,258
4259,2,2024-12-21T15:00:00+00,PIX,ESTORNO,APROVADO,66.99,1,5339,259
4260,2,2024-02-07T15:00:00+00,PIX,ESTORNO,APROVADO,71.10,1,5340,260
4261,2,2024-02-27T15:00:00+00,PIX,ESTORNO,APROVADO,75.21,1,5341,261
4262,2,2024-03-16T15:00:00+00,PIX,ESTORNO,APROVADO,79.32,1,5342,262
4263,2,2024-05-03T15:00:00+00,PIX,ESTORNO,APROVADO,83.43,1,5343,263
4264,2,2024-05-22T15:00:00+00,PIX,ESTORNO,APROVADO,87.54,1,5344,264
4265,2,2024-07-09T15:00:00+00,PIX,ESTORNO,APROVADO,91.65,1,5345,265
4266,2,2024-07-28T15:00:00+00,PIX,ESTORNO,APROVADO,95.76,1,5346,266
4267,2,2024-08-17T15:00:00+00,PIX,ESTORNO,APROVADO,99.87,1,5347,267
4268,2,2024-10-04T15:00:00+00,PIX,ESTORNO,APROVADO,103.98,1,5348,268
4269,2,2024-10-23T15:00:00+00,PIX,ESTORNO,APROVADO,108.09,1,5349,269
4270,2,2024-12-10T15:00:00+00,PIX,ESTORNO,APROVADO,112.20,1,5350,270
4271,2,2024-11-29T15:00:00+00,PIX,ESTORNO,APROVADO,116.31,1,5351,271
4272,2,2024-12-18T15:00:00+00,PIX,ESTORNO,APROVADO,120.42,1,5352,272
4273,2,2024-02-04T15:00:00+00,PIX,ESTORNO,APROVADO,124.53,1,5353,273
4274,2,2024-02-24T15:00:00+00,PIX,ESTORNO,APROVADO,128.64,1,5354,274
4275,2,2024-03-13T15:00:00+00,PIX,ESTORNO,APROVADO,132.75,1,5355,275
4276,2,2024-04-30T15:00:00+00,PIX,ESTORNO,APROVADO,136.86,1,5356,276
4277,2,2024-05-19T15:00:00+00,PIX,ESTORNO,APROVADO,140.97,1,5357,277
4278,2,2024-07-06T15:00:00+00,PIX,ESTORNO,APROVADO,145.08,1,5358,278
4279,2,2024-07-25T15:00:00+00,PIX,ESTORNO,APROVADO,149.19,1,5359,279
4280,2,2024-08-14T15:00:00+00,PIX,ESTORNO,APROVADO,153.30,1,5360,280
4281,2,2024-10-01T15:00:00+00,PIX,ESTORNO,APROVADO,157.41,1,5361,281
4282,2,2024-10-20T15:00:00+00,PIX,ESTORNO,APROVADO,129.22,1,5362,282
4283,2,2024-12-07T15:00:00+00,PIX,ESTORNO,APROVADO,157.35,1,5363,283
4284,2,2024-11-26T15:00:00+00,PIX,ESTORNO,APROVADO,144.28,1,5364,284
4285,2,2024-12-15T15:00:00+00,PIX,ESTORNO,APROVADO,130.39,1,5365,285
4286,2,2024-02-01T15:00:00+00,PIX,ESTORNO,APROVADO,160.17,1,5366,286
4287,2,2024-02-21T15:00:00+00,PIX,ESTORNO,APROVADO,145.66,1,5367,287
4288,2,2024-04-07T15:00:00+00,PIX,ESTORNO,APROVADO,31.11,1,5368,288
4289,2,2024-04-27T15:00:00+00,PIX,ESTORNO,APROVADO,31.33,1,5369,289
4290,2,2024-05-16T15:00:00+00,PIX,ESTORNO,APROVADO,30.72,1,5370,290
4291,2,2024-07-03T15:00:00+00,PIX,ESTORNO,APROVADO,40.57,1,5371,291
4292,2,2024-07-22T15:00:00+00,PIX,ESTORNO,APROVADO,39.35,1,5372,292
4293,2,2024-09-08T15:00:00+00,PIX,ESTORNO,APROVADO,50.63,1,5373,293
4294,2,2024-09-28T15:00:00+00,PIX,ESTORNO,APROVADO,48.79,1,5374,294
4295,2,2024-10-17T15:00:00+00,PIX,ESTORNO,APROVADO,46.14,1,5375,295
4296,2,2024-12-04T15:00:00+00,PIX,ESTORNO,APROVADO,59.06,1,5376,296
4297,2,2024-11-23T15:00:00+00,PIX,ESTORNO,APROVADO,55.79,1,5377,297
4298,2,2025-01-09T15:00:00+00,PIX,ESTORNO,APROVADO,70.15,1,5378,298
4299,2,2024-01-29T15:00:00+00,PIX,ESTORNO,APROVADO,66.26,1,5379,299
4300,2,2024-02-18T15:00:00+00,PIX,ESTORNO,APROVADO,61.55,1,5380,300
4301,2,2024-04-04T15:00:00+00,PIX,ESTORNO,APROVADO,86.17,1,5381,301
4302,2,2024-04-24T15:00:00+00,PIX,ESTORNO,APROVADO,90.28,1,5382,302
4303,2,2024-05-13T15:00:00+00,PIX,ESTORNO,APROVADO,94.39,1,5383,303
4304,2,2024-06-30T15:00:00+00,PIX,ESTORNO,APROVADO,98.50,1,5384,304
4305,2,2024-07-19T15:00:00+00,PIX,ESTORNO,APROVADO,102.61,1,5385,305
4306,2,2024-09-05T15:00:00+00,PIX,ESTORNO,APROVADO,106.72,1,5386,306
4307,2,2024-09-25T15:00:00+00,PIX,ESTORNO,APROVADO,110.83,1,5387,307
4308,2,2024-10-14T15:00:00+00,PIX,ESTORNO,APROVADO,114.94,1,5388,308
4309,2,2024-12-01T15:00:00+00,PIX,ESTORNO,APROVADO,119.05,1,5389,309
4310,2,2024-11-20T15:00:00+00,PIX,ESTORNO,APROVADO,123.16,1,5390,310
4311,2,2025-01-06T15:00:00+00,PIX,ESTORNO,APROVADO,127.27,1,5391,311
4312,2,2024-01-26T15:00:00+00,PIX,ESTORNO,APROVADO,131.38,1,5392,312
4313,2,2024-02-15T15:00:00+00,PIX,ESTORNO,APROVADO,135.49,1,5393,313
4314,2,2024-04-01T15:00:00+00,PIX,ESTORNO,APROVADO,139.60,1,5394,314
4315,2,2024-04-21T15:00:00+00,PIX,ESTORNO,APROVADO,143.71,1,5395,315
4316,2,2024-06-07T15:00:00+00,PIX,ESTORNO,APROVADO,147.82,1,5396,316
4317,2,2024-06-27T15:00:00+00,PIX,ESTORNO,APROVADO,151.93,1,5397,317
4318,2,2024-07-16T15:00:00+00,PIX,ESTORNO,APROVADO,156.04,1,5398,318
4319,2,2024-09-02T15:00:00+00,PIX,ESTORNO,APROVADO,160.15,1,5399,319
4320,2,2024-09-22T15:00:00+00,PIX,ESTORNO,APROVADO,164.26,1,5400,320
4321,2,2024-11-08T15:00:00+00,PIX,ESTORNO,APROVADO,168.37,1,5401,321
4322,2,2024-11-28T15:00:00+00,PIX,ESTORNO,APROVADO,172.48,1,5402,322
4323,2,2024-11-17T15:00:00+00,PIX,ESTORNO,APROVADO,176.59,1,5403,323
4324,2,2025-01-03T15:00:00+00,PIX,ESTORNO,APROVADO,180.70,1,5404,324
4325,2,2024-01-23T15:00:00+00,PIX,ESTORNO,APROVADO,31.37,1,5405,325
4326,2,2024-03-11T15:00:00+00,PIX,ESTORNO,APROVADO,35.48,1,5406,326
4327,2,2024-03-29T15:00:00+00,PIX,ESTORNO,APROVADO,39.59,1,5407,327
4328,2,2024-04-18T15:00:00+00,PIX,ESTORNO,APROVADO,43.70,1,5408,328
4329,2,2024-06-04T15:00:00+00,PIX,ESTORNO,APROVADO,47.81,1,5409,329
4330,2,2024-06-24T15:00:00+00,PIX,ESTORNO,APROVADO,51.92,1,5410,330
4331,2,2024-07-13T15:00:00+00,PIX,ESTORNO,APROVADO,56.03,1,5411,331
4332,2,2024-08-30T15:00:00+00,PIX,ESTORNO,APROVADO,48.12,1,5412,332
4333,2,2024-09-19T15:00:00+00,PIX,ESTORNO,APROVADO,61.04,1,5413,333
4334,2,2024-11-05T15:00:00+00,PIX,ESTORNO,APROVADO,58.11,1,5414,334
4335,2,2024-11-25T15:00:00+00,PIX,ESTORNO,APROVADO,54.36,1,5415,335
4336,2,2024-11-14T15:00:00+00,PIX,ESTORNO,APROVADO,68.93,1,5416,336
4337,2,2024-12-31T15:00:00+00,PIX,ESTORNO,APROVADO,64.56,1,5417,337
4338,2,2024-01-20T15:00:00+00,PIX,ESTORNO,APROVADO,80.56,1,5418,338
4339,2,2024-03-08T15:00:00+00,PIX,ESTORNO,APROVADO,75.58,1,5419,339
4340,2,2024-03-26T15:00:00+00,PIX,ESTORNO,APROVADO,69.77,1,5420,340
4341,2,2024-04-15T15:00:00+00,PIX,ESTORNO,APROVADO,87.42,1,5421,341
4342,2,2024-06-01T15:00:00+00,PIX,ESTORNO,APROVADO,81.00,1,5422,342
4343,2,2024-06-21T15:00:00+00,PIX,ESTORNO,APROVADO,100.09,1,5423,343
4344,2,2024-08-07T15:00:00+00,PIX,ESTORNO,APROVADO,93.05,1,5424,344
4345,2,2024-08-27T15:00:00+00,PIX,ESTORNO,APROVADO,85.18,1,5425,345
4346,2,2024-09-16T15:00:00+00,PIX,ESTORNO,APROVADO,105.92,1,5426,346
4347,2,2024-11-02T15:00:00+00,PIX,ESTORNO,APROVADO,97.44,1,5427,347
4348,2,2024-11-22T15:00:00+00,PIX,ESTORNO,APROVADO,119.61,1,5428,348
4349,2,2024-12-09T15:00:00+00,PIX,ESTORNO,APROVADO,110.51,1,5429,349
4350,2,2024-12-28T15:00:00+00,PIX,ESTORNO,APROVADO,100.59,1,5430,350
4351,2,2024-01-17T15:00:00+00,PIX,ESTORNO,APROVADO,138.23,1,5431,351
4352,2,2024-03-05T15:00:00+00,PIX,ESTORNO,APROVADO,142.34,1,5432,352
4353,2,2024-03-23T15:00:00+00,PIX,ESTORNO,APROVADO,146.45,1,5433,353
4354,2,2024-05-10T15:00:00+00,PIX,ESTORNO,APROVADO,150.56,1,5434,354
4355,2,2024-05-29T15:00:00+00,PIX,ESTORNO,APROVADO,154.67,1,5435,355
4356,2,2024-06-18T15:00:00+00,PIX,ESTORNO,APROVADO,158.78,1,5436,356
4357,2,2024-08-04T15:00:00+00,PIX,ESTORNO,APROVADO,162.89,1,5437,357
4358,2,2024-08-24T15:00:00+00,PIX,ESTORNO,APROVADO,167.00,1,5438,358
4359,2,2024-09-13T15:00:00+00,PIX,ESTORNO,APROVADO,171.11,1,5439,359
4360,2,2024-10-30T15:00:00+00,PIX,ESTORNO,APROVADO,175.22,1,5440,360
4361,2,2024-11-19T15:00:00+00,PIX,ESTORNO,APROVADO,179.33,1,5441,361
4362,2,2024-12-06T15:00:00+00,PIX,ESTORNO,APROVADO,183.44,1,5442,362
4363,2,2024-12-25T15:00:00+00,PIX,ESTORNO,APROVADO,34.11,1,5443,363
4364,2,2024-01-14T15:00:00+00,PIX,ESTORNO,APROVADO,38.22,1,5444,364
4365,2,2024-03-02T15:00:00+00,PIX,ESTORNO,APROVADO,42.33,1,5445,365
4366,2,2024-03-20T15:00:00+00,PIX,ESTORNO,APROVADO,46.44,1,5446,366
4367,2,2024-05-07T15:00:00+00,PIX,ESTORNO,APROVADO,50.55,1,5447,367
4368,2,2024-05-26T15:00:00+00,PIX,ESTORNO,APROVADO,54.66,1,5448,368
4369,2,2024-06-15T15:00:00+00,PIX,ESTORNO,APROVADO,58.77,1,5449,369
4370,2,2024-08-01T15:00:00+00,PIX,ESTORNO,APROVADO,62.88,1,5450,370
4371,2,2024-08-21T15:00:00+00,PIX,ESTORNO,APROVADO,66.99,1,5451,371
4372,2,2024-10-08T15:00:00+00,PIX,ESTORNO,APROVADO,71.10,1,5452,372
4373,2,2024-10-27T15:00:00+00,PIX,ESTORNO,APROVADO,75.21,1,5453,373
4374,2,2024-11-16T15:00:00+00,PIX,ESTORNO,APROVADO,79.32,1,5454,374
4375,2,2024-12-03T15:00:00+00,PIX,ESTORNO,APROVADO,83.43,1,5455,375
4376,2,2024-12-22T15:00:00+00,PIX,ESTORNO,APROVADO,87.54,1,5456,376
4377,2,2024-02-08T15:00:00+00,PIX,ESTORNO,APROVADO,91.65,1,5457,377
4378,2,2024-02-28T15:00:00+00,PIX,ESTORNO,APROVADO,95.76,1,5458,378
4379,2,2024-03-17T15:00:00+00,PIX,ESTORNO,APROVADO,99.87,1,5459,379
4380,2,2024-05-04T15:00:00+00,PIX,ESTORNO,APROVADO,103.98,1,5460,380
4381,2,2024-05-23T15:00:00+00,PIX,ESTORNO,APROVADO,108.09,1,5461,381
4382,2,2024-07-10T15:00:00+00,PIX,ESTORNO,APROVADO,89.76,1,5462,382
4383,2,2024-07-29T15:00:00+00,PIX,ESTORNO,APROVADO,110.50,1,5463,383
4384,2,2024-08-18T15:00:00+00,PIX,ESTORNO,APROVADO,102.36,1,5464,384
4385,2,2024-10-05T15:00:00+00,PIX,ESTORNO,APROVADO,93.40,1,5465,385
4386,2,2024-10-24T15:00:00+00,PIX,ESTORNO,APROVADO,115.78,1,5466,386
4387,2,2024-11-13T15:00:00+00,PIX,ESTORNO,APROVADO,106.20,1,5467,387
4388,2,2024-11-30T15:00:00+00,PIX,ESTORNO,APROVADO,130.02,1,5468,388
4389,2,2024-12-19T15:00:00+00,PIX,ESTORNO,APROVADO,119.83,1,5469,389
4390,2,2024-02-05T15:00:00+00,PIX,ESTORNO,APROVADO,108.81,1,5470,390
4391,2,2024-02-25T15:00:00+00,PIX,ESTORNO,APROVADO,134.28,1,5471,391
4392,2,2024-03-14T15:00:00+00,PIX,ESTORNO,APROVADO,122.64,1,5472,392
4393,2,2024-05-01T15:00:00+00,PIX,ESTORNO,APROVADO,149.54,1,5473,393
4394,2,2024-05-20T15:00:00+00,PIX,ESTORNO,APROVADO,137.30,1,5474,394
4395,2,2024-07-07T15:00:00+00,PIX,ESTORNO,APROVADO,124.23,1,5475,395
4396,2,2024-07-26T15:00:00+00,PIX,ESTORNO,APROVADO,152.77,1,5476,396
4397,2,2024-08-15T15:00:00+00,PIX,ESTORNO,APROVADO,139.08,1,5477,397
4398,2,2024-10-02T15:00:00+00,PIX,ESTORNO,APROVADO,169.07,1,5478,398
4399,2,2024-10-21T15:00:00+00,PIX,ESTORNO,APROVADO,154.76,1,5479,399
4400,2,2024-12-08T15:00:00+00,PIX,ESTORNO,APROVADO,24.56,1,5480,400
4401,2,2024-11-27T15:00:00+00,PIX,ESTORNO,APROVADO,36.85,1,5481,401
4402,2,2024-12-16T15:00:00+00,PIX,ESTORNO,APROVADO,40.96,1,5482,402
4403,2,2024-02-02T15:00:00+00,PIX,ESTORNO,APROVADO,45.07,1,5483,403
4404,2,2024-02-22T15:00:00+00,PIX,ESTORNO,APROVADO,49.18,1,5484,404
4405,2,2024-04-08T15:00:00+00,PIX,ESTORNO,APROVADO,53.29,1,5485,405
4406,2,2024-04-28T15:00:00+00,PIX,ESTORNO,APROVADO,57.40,1,5486,406
4407,2,2024-05-17T15:00:00+00,PIX,ESTORNO,APROVADO,61.51,1,5487,407
4408,2,2024-07-04T15:00:00+00,PIX,ESTORNO,APROVADO,65.62,1,5488,408
4409,2,2024-07-23T15:00:00+00,PIX,ESTORNO,APROVADO,69.73,1,5489,409
4410,2,2024-09-09T15:00:00+00,PIX,ESTORNO,APROVADO,73.84,1,5490,410
4411,2,2024-09-29T15:00:00+00,PIX,ESTORNO,APROVADO,77.95,1,5491,411
4412,2,2024-10-18T15:00:00+00,PIX,ESTORNO,APROVADO,82.06,1,5492,412
4413,2,2024-12-05T15:00:00+00,PIX,ESTORNO,APROVADO,86.17,1,5493,413
4414,2,2024-11-24T15:00:00+00,PIX,ESTORNO,APROVADO,90.28,1,5494,414
4415,2,2024-12-13T15:00:00+00,PIX,ESTORNO,APROVADO,94.39,1,5495,415
4416,2,2024-01-30T15:00:00+00,PIX,ESTORNO,APROVADO,98.50,1,5496,416
4417,2,2024-02-19T15:00:00+00,PIX,ESTORNO,APROVADO,102.61,1,5497,417
4418,2,2024-04-05T15:00:00+00,PIX,ESTORNO,APROVADO,106.72,1,5498,418
4419,2,2024-04-25T15:00:00+00,PIX,ESTORNO,APROVADO,110.83,1,5499,419
4420,2,2024-05-14T15:00:00+00,PIX,ESTORNO,APROVADO,114.94,1,5500,420
4421,2,2024-07-01T15:00:00+00,PIX,ESTORNO,APROVADO,665.12,1,5501,421
4422,2,2024-07-20T15:00:00+00,PIX,ESTORNO,APROVADO,1224.89,1,5502,422
4423,2,2024-09-06T15:00:00+00,PIX,ESTORNO,APROVADO,1817.54,1,5503,423
4424,2,2024-09-26T15:00:00+00,PIX,ESTORNO,APROVADO,1205.71,1,5504,424
4425,2,2024-10-15T15:00:00+00,PIX,ESTORNO,APROVADO,747.32,1,5505,425
4426,2,2024-12-02T15:00:00+00,PIX,ESTORNO,APROVADO,1372.85,1,5506,426
4427,2,2024-11-21T15:00:00+00,PIX,ESTORNO,APROVADO,2031.26,1,5507,427
4428,2,2025-01-07T15:00:00+00,PIX,ESTORNO,APROVADO,1353.67,1,5508,428
4429,2,2024-01-27T15:00:00+00,PIX,ESTORNO,APROVADO,829.52,1,5509,429
4430,2,2024-02-16T15:00:00+00,PIX,ESTORNO,APROVADO,1520.81,1,5510,430
4431,2,2024-04-02T15:00:00+00,PIX,ESTORNO,APROVADO,2052.41,1,5511,431
4432,2,2024-04-22T15:00:00+00,PIX,ESTORNO,APROVADO,1076.87,1,5512,432
4433,2,2024-06-08T15:00:00+00,PIX,ESTORNO,APROVADO,423.12,1,5513,433
4434,2,2024-06-28T15:00:00+00,PIX,ESTORNO,APROVADO,755.79,1,5514,434
4435,2,2024-07-17T15:00:00+00,PIX,ESTORNO,APROVADO,1103.54,1,5515,435
4436,2,2024-09-03T15:00:00+00,PIX,ESTORNO,APROVADO,1344.01,1,5516,436
4437,2,2024-09-23T15:00:00+00,PIX,ESTORNO,APROVADO,173.20,1,5517,437
4438,2,2024-11-09T15:00:00+00,PIX,ESTORNO,APROVADO,399.34,1,5518,438
4439,2,2024-11-29T15:00:00+00,PIX,ESTORNO,APROVADO,554.13,1,5519,439
4440,2,2024-11-18T15:00:00+00,PIX,ESTORNO,APROVADO,325.89,1,5520,440
4441,2,2025-01-04T15:00:00+00,PIX,ESTORNO,APROVADO,267.38,1,5521,441
4442,2,2024-01-24T15:00:00+00,PIX,ESTORNO,APROVADO,448.21,1,5522,442
4443,2,2024-02-13T15:00:00+00,PIX,ESTORNO,APROVADO,819.11,1,5523,443
4444,2,2024-03-30T15:00:00+00,PIX,ESTORNO,APROVADO,475.71,1,5524,444
4445,2,2024-04-19T15:00:00+00,PIX,ESTORNO,APROVADO,345.89,1,5525,445
4446,2,2024-06-05T15:00:00+00,PIX,ESTORNO,APROVADO,635.67,1,5526,446
4447,2,2024-06-25T15:00:00+00,PIX,ESTORNO,APROVADO,850.62,1,5527,447
4448,2,2024-07-14T15:00:00+00,PIX,ESTORNO,APROVADO,671.97,1,5528,448
4449,2,2024-08-31T15:00:00+00,PIX,ESTORNO,APROVADO,386.75,1,5529,449
4450,2,2024-09-20T15:00:00+00,PIX,ESTORNO,APROVADO,794.85,1,5530,450
4451,2,2024-11-06T15:00:00+00,PIX,ESTORNO,APROVADO,1318.86,1,5531,451
4452,2,2024-11-26T15:00:00+00,PIX,ESTORNO,APROVADO,860.47,1,5532,452
4453,2,2024-11-15T15:00:00+00,PIX,ESTORNO,APROVADO,555.52,1,5533,453
4454,2,2025-01-01T15:00:00+00,PIX,ESTORNO,APROVADO,1027.61,1,5534,454
4455,2,2024-01-21T15:00:00+00,PIX,ESTORNO,APROVADO,1532.58,1,5535,455
4456,2,2024-03-09T15:00:00+00,PIX,ESTORNO,APROVADO,1008.43,1,5536,456
4457,2,2024-03-27T15:00:00+00,PIX,ESTORNO,APROVADO,637.72,1,5537,457
4458,2,2024-04-16T15:00:00+00,PIX,ESTORNO,APROVADO,1175.57,1,5538,458
4459,2,2024-06-02T15:00:00+00,PIX,ESTORNO,APROVADO,1746.30,1,5539,459
4460,2,2024-06-22T15:00:00+00,PIX,ESTORNO,APROVADO,1156.39,1,5540,460
4461,2,2024-08-08T15:00:00+00,PIX,ESTORNO,APROVADO,719.92,1,5541,461
4462,2,2024-08-28T15:00:00+00,PIX,ESTORNO,APROVADO,1323.53,1,5542,462
4463,2,2024-09-17T15:00:00+00,PIX,ESTORNO,APROVADO,1960.02,1,5543,463
4464,2,2024-11-03T15:00:00+00,PIX,ESTORNO,APROVADO,1304.35,1,5544,464
4465,2,2024-11-23T15:00:00+00,PIX,ESTORNO,APROVADO,802.12,1,5545,465
4466,2,2024-12-10T15:00:00+00,PIX,ESTORNO,APROVADO,1471.49,1,5546,466
4467,2,2024-12-29T15:00:00+00,PIX,ESTORNO,APROVADO,2173.74,1,5547,467
4468,2,2024-01-18T15:00:00+00,PIX,ESTORNO,APROVADO,1452.31,1,5548,468
4469,2,2024-03-06T15:00:00+00,PIX,ESTORNO,APROVADO,424.00,1,5549,469
4470,2,2024-03-24T15:00:00+00,PIX,ESTORNO,APROVADO,852.25,1,5550,470
4471,2,2024-04-13T15:00:00+00,PIX,ESTORNO,APROVADO,1313.38,1,5551,471
4472,2,2024-05-30T15:00:00+00,PIX,ESTORNO,APROVADO,1446.83,1,5552,472
4473,2,2024-06-19T15:00:00+00,PIX,ESTORNO,APROVADO,506.20,1,5553,473
4474,2,2024-08-05T15:00:00+00,PIX,ESTORNO,APROVADO,1000.21,1,5554,474
4475,2,2024-08-25T15:00:00+00,PIX,ESTORNO,APROVADO,606.46,1,5555,475
4476,2,2024-09-14T15:00:00+00,PIX,ESTORNO,APROVADO,367.27,1,5556,476
4477,2,2024-10-31T15:00:00+00,PIX,ESTORNO,APROVADO,281.52,1,5557,477
4478,2,2024-11-20T15:00:00+00,PIX,ESTORNO,APROVADO,534.41,1,5558,478
4479,2,2024-12-07T15:00:00+00,PIX,ESTORNO,APROVADO,820.18,1,5559,479
4480,2,2024-12-26T15:00:00+00,PIX,ESTORNO,APROVADO,515.23,1,5560,480
4481,2,2024-01-15T15:00:00+00,PIX,ESTORNO,APROVADO,326.82,1,5561,481
4482,2,2024-03-03T15:00:00+00,PIX,ESTORNO,APROVADO,524.39,1,5562,482
4483,2,2024-03-21T15:00:00+00,PIX,ESTORNO,APROVADO,950.72,1,5563,483
4484,2,2024-05-08T15:00:00+00,PIX,ESTORNO,APROVADO,559.04,1,5564,484
4485,2,2024-05-27T15:00:00+00,PIX,ESTORNO,APROVADO,393.56,1,5565,485
4486,2,2024-06-16T15:00:00+00,PIX,ESTORNO,APROVADO,721.66,1,5566,486
4487,2,2024-08-02T15:00:00+00,PIX,ESTORNO,APROVADO,960.78,1,5567,487
4488,2,2024-08-22T15:00:00+00,PIX,ESTORNO,APROVADO,765.11,1,5568,488
4489,2,2024-10-09T15:00:00+00,PIX,ESTORNO,APROVADO,431.70,1,5569,489
4490,2,2024-10-28T15:00:00+00,PIX,ESTORNO,APROVADO,852.78,1,5570,490
4491,2,2024-11-17T15:00:00+00,PIX,ESTORNO,APROVADO,1272.17,1,5571,491
4492,2,2024-12-04T15:00:00+00,PIX,ESTORNO,APROVADO,760.98,1,5572,492
4493,2,2024-12-23T15:00:00+00,PIX,ESTORNO,APROVADO,560.13,1,5573,493
4494,2,2024-02-09T15:00:00+00,PIX,ESTORNO,APROVADO,923.48,1,5574,494
4495,2,2024-02-29T15:00:00+00,PIX,ESTORNO,APROVADO,1451.78,1,5575,495
4496,2,2024-03-18T15:00:00+00,PIX,ESTORNO,APROVADO,989.20,1,5576,496
4497,2,2024-05-05T15:00:00+00,PIX,ESTORNO,APROVADO,531.87,1,5577,497
4498,2,2024-05-24T15:00:00+00,PIX,ESTORNO,APROVADO,1172.54,1,5578,498
4499,2,2024-06-13T15:00:00+00,PIX,ESTORNO,APROVADO,1550.92,1,5579,499
4500,2,2024-07-30T15:00:00+00,PIX,ESTORNO,APROVADO,981.35,1,5580,500
4501,2,2024-08-19T15:00:00+00,PIX,ESTORNO,APROVADO,774.72,1,5581,501
4502,2,2024-10-06T15:00:00+00,PIX,ESTORNO,APROVADO,1422.17,1,5582,502
4503,2,2024-10-25T15:00:00+00,PIX,ESTORNO,APROVADO,2102.50,1,5583,503
4504,2,2024-11-14T15:00:00+00,PIX,ESTORNO,APROVADO,1402.99,1,5584,504
4505,2,2024-12-01T15:00:00+00,PIX,ESTORNO,APROVADO,856.92,1,5585,505
4506,2,2024-12-20T15:00:00+00,PIX,ESTORNO,APROVADO,802.93,1,5586,506
4507,2,2024-02-06T15:00:00+00,PIX,ESTORNO,APROVADO,1242.14,1,5587,507
4508,2,2024-02-26T15:00:00+00,PIX,ESTORNO,APROVADO,1397.51,1,5588,508
4509,2,2024-03-15T15:00:00+00,PIX,ESTORNO,APROVADO,478.80,1,5589,509
4510,2,2024-05-02T15:00:00+00,PIX,ESTORNO,APROVADO,950.89,1,5590,510
4511,2,2024-05-21T15:00:00+00,PIX,ESTORNO,APROVADO,1455.86,1,5591,511
4512,2,2024-07-08T15:00:00+00,PIX,ESTORNO,APROVADO,317.95,1,5592,512
4513,2,2024-07-27T15:00:00+00,PIX,ESTORNO,APROVADO,254.12,1,5593,513
4514,2,2024-08-16T15:00:00+00,PIX,ESTORNO,APROVADO,485.09,1,5594,514
4515,2,2024-10-03T15:00:00+00,PIX,ESTORNO,APROVADO,748.94,1,5595,515
4516,2,2024-10-22T15:00:00+00,PIX,ESTORNO,APROVADO,465.91,1,5596,516
4517,2,2024-12-09T15:00:00+00,PIX,ESTORNO,APROVADO,336.32,1,5597,517
4518,2,2024-11-28T15:00:00+00,PIX,ESTORNO,APROVADO,633.05,1,5598,518
4519,2,2024-12-17T15:00:00+00,PIX,ESTORNO,APROVADO,962.66,1,5599,519
4520,2,2024-02-03T15:00:00+00,PIX,ESTORNO,APROVADO,613.87,1,5600,520
4521,2,2024-02-23T15:00:00+00,PIX,ESTORNO,APROVADO,418.52,1,5601,521
4522,2,2024-04-09T15:00:00+00,PIX,ESTORNO,APROVADO,781.01,1,5602,522
4523,2,2024-04-29T15:00:00+00,PIX,ESTORNO,APROVADO,1176.38,1,5603,523
4524,2,2024-05-18T15:00:00+00,PIX,ESTORNO,APROVADO,761.83,1,5604,524
4525,2,2024-07-05T15:00:00+00,PIX,ESTORNO,APROVADO,500.72,1,5605,525
4526,2,2024-07-24T15:00:00+00,PIX,ESTORNO,APROVADO,928.97,1,5606,526
4527,2,2024-08-13T15:00:00+00,PIX,ESTORNO,APROVADO,1390.10,1,5607,527
4528,2,2024-09-30T15:00:00+00,PIX,ESTORNO,APROVADO,909.79,1,5608,528
4529,2,2024-10-19T15:00:00+00,PIX,ESTORNO,APROVADO,582.92,1,5609,529
4530,2,2024-12-06T15:00:00+00,PIX,ESTORNO,APROVADO,1076.93,1,5610,530
4531,2,2024-11-25T15:00:00+00,PIX,ESTORNO,APROVADO,1463.05,1,5611,531
4532,2,2024-12-14T15:00:00+00,PIX,ESTORNO,APROVADO,839.36,1,5612,532
4533,2,2024-01-31T15:00:00+00,PIX,ESTORNO,APROVADO,610.53,1,5613,533
4534,2,2024-02-20T15:00:00+00,PIX,ESTORNO,APROVADO,1004.56,1,5614,534
4535,2,2024-04-06T15:00:00+00,PIX,ESTORNO,APROVADO,1574.04,1,5615,535
4536,2,2024-04-26T15:00:00+00,PIX,ESTORNO,APROVADO,1077.47,1,5616,536
4537,2,2024-05-15T15:00:00+00,PIX,ESTORNO,APROVADO,574.07,1,5617,537
4538,2,2024-07-02T15:00:00+00,PIX,ESTORNO,APROVADO,1263.53,1,5618,538
4539,2,2024-07-21T15:00:00+00,PIX,ESTORNO,APROVADO,1668.16,1,5619,539
4540,2,2024-09-07T15:00:00+00,PIX,ESTORNO,APROVADO,1049.52,1,5620,540
4541,2,2024-09-27T15:00:00+00,PIX,ESTORNO,APROVADO,720.30,1,5621,541
4542,2,2024-10-16T15:00:00+00,PIX,ESTORNO,APROVADO,1171.86,1,5622,542
4543,2,2024-12-03T15:00:00+00,PIX,ESTORNO,APROVADO,2068.60,1,5623,543
4544,2,2024-11-22T15:00:00+00,PIX,ESTORNO,APROVADO,1144.33,1,5624,544
4545,2,2025-01-08T15:00:00+00,PIX,ESTORNO,APROVADO,361.49,1,5625,545
4546,2,2024-01-28T15:00:00+00,PIX,ESTORNO,APROVADO,800.91,1,5626,546
4547,2,2024-02-17T15:00:00+00,PIX,ESTORNO,APROVADO,1091.49,1,5627,547
4548,2,2024-04-03T15:00:00+00,PIX,ESTORNO,APROVADO,1418.86,1,5628,548
4549,2,2024-04-23T15:00:00+00,PIX,ESTORNO,APROVADO,184.53,1,5629,549
4550,2,2024-06-09T15:00:00+00,PIX,ESTORNO,APROVADO,400.29,1,5630,550
4551,2,2024-06-29T15:00:00+00,PIX,ESTORNO,APROVADO,677.70,1,5631,551
4552,2,2024-07-18T15:00:00+00,PIX,ESTORNO,APROVADO,416.59,1,5632,552
4553,2,2024-09-04T15:00:00+00,PIX,ESTORNO,APROVADO,308.92,1,5633,553
4554,2,2024-09-24T15:00:00+00,PIX,ESTORNO,APROVADO,583.73,1,5634,554
4555,2,2024-10-13T15:00:00+00,PIX,ESTORNO,APROVADO,891.42,1,5635,555
4556,2,2024-11-30T15:00:00+00,PIX,ESTORNO,APROVADO,564.55,1,5636,556
4557,2,2024-11-19T15:00:00+00,PIX,ESTORNO,APROVADO,391.12,1,5637,557
4558,2,2025-01-05T15:00:00+00,PIX,ESTORNO,APROVADO,731.69,1,5638,558
4559,2,2024-01-25T15:00:00+00,PIX,ESTORNO,APROVADO,1105.14,1,5639,559
4560,2,2024-02-14T15:00:00+00,PIX,ESTORNO,APROVADO,712.51,1,5640,560
4561,2,2024-03-31T15:00:00+00,PIX,ESTORNO,APROVADO,473.32,1,5641,561
4562,2,2024-04-20T15:00:00+00,PIX,ESTORNO,APROVADO,879.65,1,5642,562
4563,2,2024-06-06T15:00:00+00,PIX,ESTORNO,APROVADO,1318.86,1,5643,563
4564,2,2024-06-26T15:00:00+00,PIX,ESTORNO,APROVADO,860.47,1,5644,564
4565,2,2024-07-15T15:00:00+00,PIX,ESTORNO,APROVADO,555.52,1,5645,565
4566,2,2024-09-01T15:00:00+00,PIX,ESTORNO,APROVADO,1027.61,1,5646,566
4567,2,2024-09-21T15:00:00+00,PIX,ESTORNO,APROVADO,1532.58,1,5647,567
4568,2,2024-11-07T15:00:00+00,PIX,ESTORNO,APROVADO,1008.43,1,5648,568
4569,2,2024-11-27T15:00:00+00,PIX,ESTORNO,APROVADO,637.72,1,5649,569
4570,2,2024-11-16T15:00:00+00,PIX,ESTORNO,APROVADO,1175.57,1,5650,570
4571,2,2025-01-02T15:00:00+00,PIX,ESTORNO,APROVADO,1746.30,1,5651,571
4572,2,2024-01-22T15:00:00+00,PIX,ESTORNO,APROVADO,1156.39,1,5652,572
4573,2,2024-03-10T15:00:00+00,PIX,ESTORNO,APROVADO,719.92,1,5653,573
4574,2,2024-03-28T15:00:00+00,PIX,ESTORNO,APROVADO,1323.53,1,5654,574
4575,2,2024-04-17T15:00:00+00,PIX,ESTORNO,APROVADO,1960.02,1,5655,575
4576,2,2024-06-03T15:00:00+00,PIX,ESTORNO,APROVADO,1304.35,1,5656,576
4577,2,2024-06-23T15:00:00+00,PIX,ESTORNO,APROVADO,802.12,1,5657,577
4578,2,2024-08-09T15:00:00+00,PIX,ESTORNO,APROVADO,1471.49,1,5658,578
4579,2,2024-08-29T15:00:00+00,PIX,ESTORNO,APROVADO,2173.74,1,5659,579
4580,2,2024-09-18T15:00:00+00,PIX,ESTORNO,APROVADO,1452.31,1,5660,580
4581,2,2024-11-04T15:00:00+00,PIX,ESTORNO,APROVADO,409.27,1,5661,581
4582,2,2024-11-24T15:00:00+00,PIX,ESTORNO,APROVADO,672.60,1,5662,582
4583,2,2024-11-13T15:00:00+00,PIX,ESTORNO,APROVADO,1233.45,1,5663,583
4584,2,2024-12-30T15:00:00+00,PIX,ESTORNO,APROVADO,1227.58,1,5664,584
4585,2,2024-01-19T15:00:00+00,PIX,ESTORNO,APROVADO,409.19,1,5665,585
4586,2,2024-03-07T15:00:00+00,PIX,ESTORNO,APROVADO,886.90,1,5666,586
4587,2,2024-03-25T15:00:00+00,PIX,ESTORNO,APROVADO,465.09,1,5667,587
4588,2,2024-04-14T15:00:00+00,PIX,ESTORNO,APROVADO,345.84,1,5668,588
4589,2,2024-05-31T15:00:00+00,PIX,ESTORNO,APROVADO,229.48,1,5669,589
4590,2,2024-06-20T15:00:00+00,PIX,ESTORNO,APROVADO,470.57,1,5670,590
4591,2,2024-08-06T15:00:00+00,PIX,ESTORNO,APROVADO,712.39,1,5671,591
4592,2,2024-08-26T15:00:00+00,PIX,ESTORNO,APROVADO,408.31,1,5672,592
4593,2,2024-09-15T15:00:00+00,PIX,ESTORNO,APROVADO,333.26,1,5673,593
4594,2,2024-11-01T15:00:00+00,PIX,ESTORNO,APROVADO,558.50,1,5674,594
4595,2,2024-11-21T15:00:00+00,PIX,ESTORNO,APROVADO,901.89,1,5675,595
4596,2,2024-12-08T15:00:00+00,PIX,ESTORNO,APROVADO,592.16,1,5676,596
4597,2,2024-12-27T15:00:00+00,PIX,ESTORNO,APROVADO,341.98,1,5677,597
4598,2,2024-01-16T15:00:00+00,PIX,ESTORNO,APROVADO,763.19,1,5678,598
4599,2,2024-03-04T15:00:00+00,PIX,ESTORNO,APROVADO,1023.18,1,5679,599
4600,2,2024-03-22T15:00:00+00,PIX,ESTORNO,APROVADO,636.11,1,5680,600
