item_pedido_id,pedido_id,numero_item,produto_id,quantidade,preco_unitario,valor_bruto_item
1,1,1,21,2,58.77,117.54
2,1,2,38,3,82.06,246.18
3,1,3,55,4,105.35,421.40
4,2,1,24,5,62.88,314.40
5,2,2,41,6,86.17,517.02
6,2,3,58,7,109.46,766.22
7,3,1,27,8,66.99,535.92
8,3,2,44,1,90.28,90.28
9,3,3,61,2,113.57,227.14
10,4,1,30,3,71.10,213.30
11,4,2,47,4,94.39,377.56
12,4,3,64,5,117.68,588.40
13,5,1,33,6,75.21,451.26
14,5,2,50,7,98.50,689.50
15,5,3,67,8,121.79,974.32
16,6,1,36,1,79.32,79.32
17,6,2,53,2,102.61,205.22
18,6,3,70,3,125.90,377.70
19,7,1,39,4,83.43,333.72
20,7,2,56,5,106.72,533.60
21,7,3,73,6,130.01,780.06
22,8,1,42,7,87.54,612.78
23,8,2,59,8,110.83,886.64
24,8,3,76,1,134.12,134.12
25,9,1,45,2,91.65,183.30
26,9,2,62,3,114.94,344.82
27,9,3,79,4,138.23,552.92
28,10,1,48,5,95.76,478.80
29,10,2,65,6,119.05,714.30
30,10,3,82,7,142.34,996.38
31,11,1,51,8,99.87,798.96
32,11,2,68,1,123.16,123.16
33,11,3,85,2,146.45,292.90
34,12,1,54,3,103.98,311.94
35,12,2,71,4,127.27,509.08
36,12,3,88,5,150.56,752.80
37,13,1,57,6,108.09,648.54
38,13,2,74,7,131.38,919.66
39,13,3,91,8,154.67,1237.36
40,14,1,60,1,112.20,112.20
41,14,2,77,2,135.49,270.98
42,14,3,94,3,158.78,476.34
43,15,1,63,4,116.31,465.24
44,15,2,80,5,139.60,698.00
45,15,3,97,6,162.89,977.34
46,16,1,66,7,120.42,842.94
47,16,2,83,8,143.71,1149.68
48,16,3,100,1,167.00,167.00
49,17,1,69,2,124.53,249.06
50,17,2,86,3,147.82,443.46
51,17,3,103,4,171.11,684.44
52,18,1,72,5,128.64,643.20
53,18,2,89,6,151.93,911.58
54,18,3,106,7,175.22,1226.54
55,19,1,75,8,132.75,1062.00
56,19,2,92,1,156.04,156.04
57,19,3,109,2,179.33,358.66
58,20,1,78,3,136.86,410.58
59,20,2,95,4,160.15,640.60
60,20,3,112,5,183.44,917.20
61,21,1,81,6,140.97,845.82
62,21,2,98,7,164.26,1149.82
63,21,3,3,8,34.11,272.88
64,22,1,84,1,145.08,145.08
65,22,2,101,2,168.37,336.74
66,22,3,6,3,38.22,114.66
67,23,1,87,4,149.19,596.76
68,23,2,104,5,172.48,862.40
69,23,3,9,6,42.33,253.98
70,24,1,90,7,153.30,1073.10
71,24,2,107,8,176.59,1412.72
72,24,3,12,1,46.44,46.44
73,25,1,93,2,157.41,314.82
74,25,2,110,3,180.70,542.10
75,25,3,15,4,50.55,202.20
76,26,1,96,5,161.52,807.60
77,26,2,1,6,31.37,188.22
78,26,3,18,7,54.66,382.62
79,27,1,99,8,165.63,1325.04
80,27,2,4,1,35.48,35.48
81,27,3,21,2,58.77,117.54
82,28,1,102,3,169.74,509.22
83,28,2,7,4,39.59,158.36
84,28,3,24,5,62.88,314.40
85,29,1,105,6,173.85,1043.10
86,29,2,10,7,43.70,305.90
87,29,3,27,8,66.99,535.92
88,30,1,108,1,177.96,177.96
89,30,2,13,2,47.81,95.62
90,30,3,30,3,71.10,213.30
91,31,1,111,4,182.07,728.28
92,31,2,16,5,51.92,259.60
93,31,3,33,6,75.21,451.26
94,32,1,2,7,32.74,229.18
95,32,2,19,8,56.03,448.24
96,32,3,36,1,79.32,79.32
97,33,1,5,2,36.85,73.70
98,33,2,22,3,60.14,180.42
99,33,3,39,4,83.43,333.72
100,34,1,8,5,40.96,204.80
101,34,2,25,6,64.25,385.50
102,34,3,42,7,87.54,612.78
103,35,1,11,8,45.07,360.56
104,35,2,28,1,68.36,68.36
105,35,3,45,2,91.65,183.30
106,36,1,14,3,49.18,147.54
107,36,2,31,4,72.47,289.88
108,36,3,48,5,95.76,478.80
109,37,1,17,6,53.29,319.74
110,37,2,34,7,76.58,536.06
111,37,3,51,8,99.87,798.96
112,38,1,20,1,57.40,57.40
113,38,2,37,2,80.69,161.38
114,38,3,54,3,103.98,311.94
115,39,1,23,4,61.51,246.04
116,39,2,40,5,84.80,424.00
117,39,3,57,6,108.09,648.54
118,40,1,26,7,65.62,459.34
119,40,2,43,8,88.91,711.28
120,40,3,60,1,112.20,112.20
121,41,1,29,2,69.73,139.46
122,41,2,46,3,93.02,279.06
123,41,3,63,4,116.31,465.24
124,42,1,32,5,73.84,369.20
125,42,2,49,6,97.13,582.78
126,42,3,66,7,120.42,842.94
127,43,1,35,8,77.95,623.60
128,43,2,52,1,101.24,101.24
129,43,3,69,2,124.53,249.06
130,44,1,38,3,82.06,246.18
131,44,2,55,4,105.35,421.40
132,44,3,72,5,128.64,643.20
133,45,1,41,6,86.17,517.02
134,45,2,58,7,109.46,766.22
135,45,3,75,8,132.75,1062.00
136,46,1,44,1,90.28,90.28
137,46,2,61,2,113.57,227.14
138,46,3,78,3,136.86,410.58
139,47,1,47,4,94.39,377.56
140,47,2,64,5,117.68,588.40
141,47,3,81,6,140.97,845.82
142,48,1,50,7,98.50,689.50
143,48,2,67,8,121.79,974.32
144,48,3,84,1,145.08,145.08
145,49,1,53,2,102.61,205.22
146,49,2,70,3,125.90,377.70
147,49,3,87,4,149.19,596.76
148,50,1,56,5,106.72,533.60
149,50,2,73,6,130.01,780.06
150,50,3,90,7,153.30,1073.10
151,51,1,59,8,110.83,886.64
152,51,2,76,1,134.12,134.12
153,51,3,93,2,157.41,314.82
154,52,1,62,3,114.94,344.82
155,52,2,79,4,138.23,552.92
156,52,3,96,5,161.52,807.60
157,53,1,65,6,119.05,714.30
158,53,2,82,7,142.34,996.38
159,53,3,99,8,165.63,1325.04
160,54,1,68,1,123.16,123.16
161,54,2,85,2,146.45,292.90
162,54,3,102,3,169.74,509.22
163,55,1,71,4,127.27,509.08
164,55,2,88,5,150.56,752.80
165,55,3,105,6,173.85,1043.10
166,56,1,74,7,131.38,919.66
167,56,2,91,8,154.67,1237.36
168,56,3,108,1,177.96,177.96
169,57,1,77,2,135.49,270.98
170,57,2,94,3,158.78,476.34
171,57,3,111,4,182.07,728.28
172,58,1,80,5,139.60,698.00
173,58,2,97,6,162.89,977.34
174,58,3,2,7,32.74,229.18
175,59,1,83,8,143.71,1149.68
176,59,2,100,1,167.00,167.00
177,59,3,5,2,36.85,73.70
178,60,1,86,3,147.82,443.46
179,60,2,103,4,171.11,684.44
180,60,3,8,5,40.96,204.80
181,61,1,89,6,151.93,911.58
182,61,2,106,7,175.22,1226.54
183,61,3,11,8,45.07,360.56
184,62,1,92,1,156.04,156.04
185,62,2,109,2,179.33,358.66
186,62,3,14,3,49.18,147.54
187,63,1,95,4,160.15,640.60
188,63,2,112,5,183.44,917.20
189,63,3,17,6,53.29,319.74
190,64,1,98,7,164.26,1149.82
191,64,2,3,8,34.11,272.88
192,64,3,20,1,57.40,57.40
193,65,1,101,2,168.37,336.74
194,65,2,6,3,38.22,114.66
195,65,3,23,4,61.51,246.04
196,66,1,104,5,172.48,862.40
197,66,2,9,6,42.33,253.98
198,66,3,26,7,65.62,459.34
199,67,1,107,8,176.59,1412.72
200,67,2,12,1,46.44,46.44
201,67,3,29,2,69.73,139.46
202,68,1,110,3,180.70,542.10
203,68,2,15,4,50.55,202.20
204,68,3,32,5,73.84,369.20
205,69,1,1,6,31.37,188.22
206,69,2,18,7,54.66,382.62
207,69,3,35,8,77.95,623.60
208,70,1,4,1,35.48,35.48
209,70,2,21,2,58.77,117.54
210,70,3,38,3,82.06,246.18
211,71,1,7,4,39.59,158.36
212,71,2,24,5,62.88,314.40
213,71,3,41,6,86.17,517.02
214,72,1,10,7,43.70,305.90
215,72,2,27,8,66.99,535.92
216,72,3,44,1,90.28,90.28
217,73,1,13,2,47.81,95.62
218,73,2,30,3,71.10,213.30
219,73,3,47,4,94.39,377.56
220,74,1,16,5,51.92,259.60
221,74,2,33,6,75.21,451.26
222,74,3,50,7,98.50,689.50
223,75,1,19,8,56.03,448.24
224,75,2,36,1,79.32,79.32
225,75,3,53,2,102.61,205.22
226,76,1,22,3,60.14,180.42
227,76,2,39,4,83.43,333.72
228,76,3,56,5,106.72,533.60
229,77,1,25,6,64.25,385.50
230,77,2,42,7,87.54,612.78
231,77,3,59,8,110.83,886.64
232,78,1,28,1,68.36,68.36
233,78,2,45,2,91.65,183.30
234,78,3,62,3,114.94,344.82
235,79,1,31,4,72.47,289.88
236,79,2,48,5,95.76,478.80
237,79,3,65,6,119.05,714.30
238,80,1,34,7,76.58,536.06
239,80,2,51,8,99.87,798.96
240,80,3,68,1,123.16,123.16
241,81,1,37,2,80.69,161.38
242,81,2,54,3,103.98,311.94
243,81,3,71,4,127.27,509.08
244,82,1,40,5,84.80,424.00
245,82,2,57,6,108.09,648.54
246,82,3,74,7,131.38,919.66
247,83,1,43,8,88.91,711.28
248,83,2,60,1,112.20,112.20
249,83,3,77,2,135.49,270.98
250,84,1,46,3,93.02,279.06
251,84,2,63,4,116.31,465.24
252,84,3,80,5,139.60,698.00
253,85,1,49,6,97.13,582.78
254,85,2,66,7,120.42,842.94
255,85,3,83,8,143.71,1149.68
256,86,1,52,1,101.24,101.24
257,86,2,69,2,124.53,249.06
258,86,3,86,3,147.82,443.46
259,87,1,55,4,105.35,421.40
260,87,2,72,5,128.64,643.20
261,87,3,89,6,151.93,911.58
262,88,1,58,7,109.46,766.22
263,88,2,75,8,132.75,1062.00
264,88,3,92,1,156.04,156.04
265,89,1,61,2,113.57,227.14
266,89,2,78,3,136.86,410.58
267,89,3,95,4,160.15,640.60
268,90,1,64,5,117.68,588.40
269,90,2,81,6,140.97,845.82
270,90,3,98,7,164.26,1149.82
271,91,1,67,8,121.79,974.32
272,91,2,84,1,145.08,145.08
273,91,3,101,2,168.37,336.74
274,92,1,70,3,125.90,377.70
275,92,2,87,4,149.19,596.76
276,92,3,104,5,172.48,862.40
277,93,1,73,6,130.01,780.06
278,93,2,90,7,153.30,1073.10
279,93,3,107,8,176.59,1412.72
280,94,1,76,1,134.12,134.12
281,94,2,93,2,157.41,314.82
282,94,3,110,3,180.70,542.10
283,95,1,79,4,138.23,552.92
284,95,2,96,5,161.52,807.60
285,95,3,1,6,31.37,188.22
286,96,1,82,7,142.34,996.38
287,96,2,99,8,165.63,1325.04
288,96,3,4,1,35.48,35.48
289,97,1,85,2,146.45,292.90
290,97,2,102,3,169.74,509.22
291,97,3,7,4,39.59,158.36
292,98,1,88,5,150.56,752.80
293,98,2,105,6,173.85,1043.10
294,98,3,10,7,43.70,305.90
295,99,1,91,8,154.67,1237.36
296,99,2,108,1,177.96,177.96
297,99,3,13,2,47.81,95.62
298,100,1,94,3,158.78,476.34
299,100,2,111,4,182.07,728.28
300,100,3,16,5,51.92,259.60
301,101,1,97,6,162.89,977.34
302,101,2,2,7,32.74,229.18
303,101,3,19,8,56.03,448.24
304,102,1,100,1,167.00,167.00
305,102,2,5,2,36.85,73.70
306,102,3,22,3,60.14,180.42
307,103,1,103,4,171.11,684.44
308,103,2,8,5,40.96,204.80
309,103,3,25,6,64.25,385.50
310,104,1,106,7,175.22,1226.54
311,104,2,11,8,45.07,360.56
312,104,3,28,1,68.36,68.36
313,105,1,109,2,179.33,358.66
314,105,2,14,3,49.18,147.54
315,105,3,31,4,72.47,289.88
316,106,1,112,5,183.44,917.20
317,106,2,17,6,53.29,319.74
318,106,3,34,7,76.58,536.06
319,107,1,3,8,34.11,272.88
320,107,2,20,1,57.40,57.40
321,107,3,37,2,80.69,161.38
322,108,1,6,3,38.22,114.66
323,108,2,23,4,61.51,246.04
324,108,3,40,5,84.80,424.00
325,109,1,9,6,42.33,253.98
326,109,2,26,7,65.62,459.34
327,109,3,43,8,88.91,711.28
328,110,1,12,1,46.44,46.44
329,110,2,29,2,69.73,139.46
330,110,3,46,3,93.02,279.06
331,111,1,15,4,50.55,202.20
332,111,2,32,5,73.84,369.20
333,111,3,49,6,97.13,582.78
334,112,1,18,7,54.66,382.62
335,112,2,35,8,77.95,623.60
336,112,3,52,1,101.24,101.24
337,113,1,21,2,58.77,117.54
338,113,2,38,3,82.06,246.18
339,113,3,55,4,105.35,421.40
340,114,1,24,5,62.88,314.40
341,114,2,41,6,86.17,517.02
342,114,3,58,7,109.46,766.22
343,115,1,27,8,66.99,535.92
344,115,2,44,1,90.28,90.28
345,115,3,61,2,113.57,227.14
346,116,1,30,3,71.10,213.30
347,116,2,47,4,94.39,377.56
348,116,3,64,5,117.68,588.40
349,117,1,33,6,75.21,451.26
350,117,2,50,7,98.50,689.50
351,117,3,67,8,121.79,974.32
352,118,1,36,1,79.32,79.32
353,118,2,53,2,102.61,205.22
354,118,3,70,3,125.90,377.70
355,119,1,39,4,83.43,333.72
356,119,2,56,5,106.72,533.60
357,119,3,73,6,130.01,780.06
358,120,1,42,7,87.54,612.78
359,120,2,59,8,110.83,886.64
360,120,3,76,1,134.12,134.12
361,121,1,45,2,91.65,183.30
362,121,2,62,3,114.94,344.82
363,121,3,79,4,138.23,552.92
364,122,1,48,5,95.76,478.80
365,122,2,65,6,119.05,714.30
366,122,3,82,7,142.34,996.38
367,123,1,51,8,99.87,798.96
368,123,2,68,1,123.16,123.16
369,123,3,85,2,146.45,292.90
370,124,1,54,3,103.98,311.94
371,124,2,71,4,127.27,509.08
372,124,3,88,5,150.56,752.80
373,125,1,57,6,108.09,648.54
374,125,2,74,7,131.38,919.66
375,125,3,91,8,154.67,1237.36
376,126,1,60,1,112.20,112.20
377,126,2,77,2,135.49,270.98
378,126,3,94,3,158.78,476.34
379,127,1,63,4,116.31,465.24
380,127,2,80,5,139.60,698.00
381,127,3,97,6,162.89,977.34
382,128,1,66,7,120.42,842.94
383,128,2,83,8,143.71,1149.68
384,128,3,100,1,167.00,167.00
385,129,1,69,2,124.53,249.06
386,129,2,86,3,147.82,443.46
387,129,3,103,4,171.11,684.44
388,130,1,72,5,128.64,643.20
389,130,2,89,6,151.93,911.58
390,130,3,106,7,175.22,1226.54
391,131,1,75,8,132.75,1062.00
392,131,2,92,1,156.04,156.04
393,131,3,109,2,179.33,358.66
394,132,1,78,3,136.86,410.58
395,132,2,95,4,160.15,640.60
396,132,3,112,5,183.44,917.20
397,133,1,81,6,140.97,845.82
398,133,2,98,7,164.26,1149.82
399,133,3,3,8,34.11,272.88
400,134,1,84,1,145.08,145.08
401,134,2,101,2,168.37,336.74
402,134,3,6,3,38.22,114.66
403,135,1,87,4,149.19,596.76
404,135,2,104,5,172.48,862.40
405,135,3,9,6,42.33,253.98
406,136,1,90,7,153.30,1073.10
407,136,2,107,8,176.59,1412.72
408,136,3,12,1,46.44,46.44
409,137,1,93,2,157.41,314.82
410,137,2,110,3,180.70,542.10
411,137,3,15,4,50.55,202.20
412,138,1,96,5,161.52,807.60
413,138,2,1,6,31.37,188.22
414,138,3,18,7,54.66,382.62
415,139,1,99,8,165.63,1325.04
416,139,2,4,1,35.48,35.48
417,139,3,21,2,58.77,117.54
418,140,1,102,3,169.74,509.22
419,140,2,7,4,39.59,158.36
420,140,3,24,5,62.88,314.40
421,141,1,105,6,173.85,1043.10
422,141,2,10,7,43.70,305.90
423,141,3,27,8,66.99,535.92
424,142,1,108,1,177.96,177.96
425,142,2,13,2,47.81,95.62
426,142,3,30,3,71.10,213.30
427,143,1,111,4,182.07,728.28
428,143,2,16,5,51.92,259.60
429,143,3,33,6,75.21,451.26
430,144,1,2,7,32.74,229.18
431,144,2,19,8,56.03,448.24
432,144,3,36,1,79.32,79.32
433,145,1,5,2,36.85,73.70
434,145,2,22,3,60.14,180.42
435,145,3,39,4,83.43,333.72
436,146,1,8,5,40.96,204.80
437,146,2,25,6,64.25,385.50
438,146,3,42,7,87.54,612.78
439,147,1,11,8,45.07,360.56
440,147,2,28,1,68.36,68.36
441,147,3,45,2,91.65,183.30
442,148,1,14,3,49.18,147.54
443,148,2,31,4,72.47,289.88
444,148,3,48,5,95.76,478.80
445,149,1,17,6,53.29,319.74
446,149,2,34,7,76.58,536.06
447,149,3,51,8,99.87,798.96
448,150,1,20,1,57.40,57.40
449,150,2,37,2,80.69,161.38
450,150,3,54,3,103.98,311.94
451,151,1,23,4,61.51,246.04
452,151,2,40,5,84.80,424.00
453,151,3,57,6,108.09,648.54
454,152,1,26,7,65.62,459.34
455,152,2,43,8,88.91,711.28
456,152,3,60,1,112.20,112.20
457,153,1,29,2,69.73,139.46
458,153,2,46,3,93.02,279.06
459,153,3,63,4,116.31,465.24
460,154,1,32,5,73.84,369.20
461,154,2,49,6,97.13,582.78
462,154,3,66,7,120.42,842.94
463,155,1,35,8,77.95,623.60
464,155,2,52,1,101.24,101.24
465,155,3,69,2,124.53,249.06
466,156,1,38,3,82.06,246.18
467,156,2,55,4,105.35,421.40
468,156,3,72,5,128.64,643.20
469,157,1,41,6,86.17,517.02
470,157,2,58,7,109.46,766.22
471,157,3,75,8,132.75,1062.00
472,158,1,44,1,90.28,90.28
473,158,2,61,2,113.57,227.14
474,158,3,78,3,136.86,410.58
475,159,1,47,4,94.39,377.56
476,159,2,64,5,117.68,588.40
477,159,3,81,6,140.97,845.82
478,160,1,50,7,98.50,689.50
479,160,2,67,8,121.79,974.32
480,160,3,84,1,145.08,145.08
481,161,1,53,2,102.61,205.22
482,161,2,70,3,125.90,377.70
483,161,3,87,4,149.19,596.76
484,162,1,56,5,106.72,533.60
485,162,2,73,6,130.01,780.06
486,162,3,90,7,153.30,1073.10
487,163,1,59,8,110.83,886.64
488,163,2,76,1,134.12,134.12
489,163,3,93,2,157.41,314.82
490,164,1,62,3,114.94,344.82
491,164,2,79,4,138.23,552.92
492,164,3,96,5,161.52,807.60
493,165,1,65,6,119.05,714.30
494,165,2,82,7,142.34,996.38
495,165,3,99,8,165.63,1325.04
496,166,1,68,1,123.16,123.16
497,166,2,85,2,146.45,292.90
498,166,3,102,3,169.74,509.22
499,167,1,71,4,127.27,509.08
500,167,2,88,5,150.56,752.80
501,167,3,105,6,173.85,1043.10
502,168,1,74,7,131.38,919.66
503,168,2,91,8,154.67,1237.36
504,168,3,108,1,177.96,177.96
505,169,1,77,2,135.49,270.98
506,169,2,94,3,158.78,476.34
507,169,3,111,4,182.07,728.28
508,170,1,80,5,139.60,698.00
509,170,2,97,6,162.89,977.34
510,170,3,2,7,32.74,229.18
511,171,1,83,8,143.71,1149.68
512,171,2,100,1,167.00,167.00
513,171,3,5,2,36.85,73.70
514,172,1,86,3,147.82,443.46
515,172,2,103,4,171.11,684.44
516,172,3,8,5,40.96,204.80
517,173,1,89,6,151.93,911.58
518,173,2,106,7,175.22,1226.54
519,173,3,11,8,45.07,360.56
520,174,1,92,1,156.04,156.04
521,174,2,109,2,179.33,358.66
522,174,3,14,3,49.18,147.54
523,175,1,95,4,160.15,640.60
524,175,2,112,5,183.44,917.20
525,175,3,17,6,53.29,319.74
526,176,1,98,7,164.26,1149.82
527,176,2,3,8,34.11,272.88
528,176,3,20,1,57.40,57.40
529,177,1,101,2,168.37,336.74
530,177,2,6,3,38.22,114.66
531,177,3,23,4,61.51,246.04
532,178,1,104,5,172.48,862.40
533,178,2,9,6,42.33,253.98
534,178,3,26,7,65.62,459.34
535,179,1,107,8,176.59,1412.72
536,179,2,12,1,46.44,46.44
537,179,3,29,2,69.73,139.46
538,180,1,110,3,180.70,542.10
539,180,2,15,4,50.55,202.20
540,180,3,32,5,73.84,369.20
541,181,1,1,6,31.37,188.22
542,181,2,18,7,54.66,382.62
543,181,3,35,8,77.95,623.60
544,182,1,4,1,35.48,35.48
545,182,2,21,2,58.77,117.54
546,182,3,38,3,82.06,246.18
547,183,1,7,4,39.59,158.36
548,183,2,24,5,62.88,314.40
549,183,3,41,6,86.17,517.02
550,184,1,10,7,43.70,305.90
551,184,2,27,8,66.99,535.92
552,184,3,44,1,90.28,90.28
553,185,1,13,2,47.81,95.62
554,185,2,30,3,71.10,213.30
555,185,3,47,4,94.39,377.56
556,186,1,16,5,51.92,259.60
557,186,2,33,6,75.21,451.26
558,186,3,50,7,98.50,689.50
559,187,1,19,8,56.03,448.24
560,187,2,36,1,79.32,79.32
561,187,3,53,2,102.61,205.22
562,188,1,22,3,60.14,180.42
563,188,2,39,4,83.43,333.72
564,188,3,56,5,106.72,533.60
565,189,1,25,6,64.25,385.50
566,189,2,42,7,87.54,612.78
567,189,3,59,8,110.83,886.64
568,190,1,28,1,68.36,68.36
569,190,2,45,2,91.65,183.30
570,190,3,62,3,114.94,344.82
571,191,1,31,4,72.47,289.88
572,191,2,48,5,95.76,478.80
573,191,3,65,6,119.05,714.30
574,192,1,34,7,76.58,536.06
575,192,2,51,8,99.87,798.96
576,192,3,68,1,123.16,123.16
577,193,1,37,2,80.69,161.38
578,193,2,54,3,103.98,311.94
579,193,3,71,4,127.27,509.08
580,194,1,40,5,84.80,424.00
581,194,2,57,6,108.09,648.54
582,194,3,74,7,131.38,919.66
583,195,1,43,8,88.91,711.28
584,195,2,60,1,112.20,112.20
585,195,3,77,2,135.49,270.98
586,196,1,46,3,93.02,279.06
587,196,2,63,4,116.31,465.24
588,196,3,80,5,139.60,698.00
589,197,1,49,6,97.13,582.78
590,197,2,66,7,120.42,842.94
591,197,3,83,8,143.71,1149.68
592,198,1,52,1,101.24,101.24
593,198,2,69,2,124.53,249.06
594,198,3,86,3,147.82,443.46
595,199,1,55,4,105.35,421.40
596,199,2,72,5,128.64,643.20
597,199,3,89,6,151.93,911.58
598,200,1,58,7,109.46,766.22
599,200,2,75,8,132.75,1062.00
600,200,3,92,1,156.04,156.04
601,201,1,61,2,113.57,227.14
602,201,2,78,3,136.86,410.58
603,201,3,95,4,160.15,640.60
604,202,1,64,5,117.68,588.40
605,202,2,81,6,140.97,845.82
606,202,3,98,7,164.26,1149.82
607,203,1,67,8,121.79,974.32
608,203,2,84,1,145.08,145.08
609,203,3,101,2,168.37,336.74
610,204,1,70,3,125.90,377.70
611,204,2,87,4,149.19,596.76
612,204,3,104,5,172.48,862.40
613,205,1,73,6,130.01,780.06
614,205,2,90,7,153.30,1073.10
615,205,3,107,8,176.59,1412.72
616,206,1,76,1,134.12,134.12
617,206,2,93,2,157.41,314.82
618,206,3,110,3,180.70,542.10
619,207,1,79,4,138.23,552.92
620,207,2,96,5,161.52,807.60
621,207,3,1,6,31.37,188.22
622,208,1,82,7,142.34,996.38
623,208,2,99,8,165.63,1325.04
624,208,3,4,1,35.48,35.48
625,209,1,85,2,146.45,292.90
626,209,2,102,3,169.74,509.22
627,209,3,7,4,39.59,158.36
628,210,1,88,5,150.56,752.80
629,210,2,105,6,173.85,1043.10
630,210,3,10,7,43.70,305.90
631,211,1,91,8,154.67,1237.36
632,211,2,108,1,177.96,177.96
633,211,3,13,2,47.81,95.62
634,212,1,94,3,158.78,476.34
635,212,2,111,4,182.07,728.28
636,212,3,16,5,51.92,259.60
637,213,1,97,6,162.89,977.34
638,213,2,2,7,32.74,229.18
639,213,3,19,8,56.03,448.24
640,214,1,100,1,167.00,167.00
641,214,2,5,2,36.85,73.70
642,214,3,22,3,60.14,180.42
643,215,1,103,4,171.11,684.44
644,215,2,8,5,40.96,204.80
645,215,3,25,6,64.25,385.50
646,216,1,106,7,175.22,1226.54
647,216,2,11,8,45.07,360.56
648,216,3,28,1,68.36,68.36
649,217,1,109,2,179.33,358.66
650,217,2,14,3,49.18,147.54
651,217,3,31,4,72.47,289.88
652,218,1,112,5,183.44,917.20
653,218,2,17,6,53.29,319.74
654,218,3,34,7,76.58,536.06
655,219,1,3,8,34.11,272.88
656,219,2,20,1,57.40,57.40
657,219,3,37,2,80.69,161.38
658,220,1,6,3,38.22,114.66
659,220,2,23,4,61.51,246.04
660,220,3,40,5,84.80,424.00
661,221,1,9,6,42.33,253.98
662,221,2,26,7,65.62,459.34
663,221,3,43,8,88.91,711.28
664,222,1,12,1,46.44,46.44
665,222,2,29,2,69.73,139.46
666,222,3,46,3,93.02,279.06
667,223,1,15,4,50.55,202.20
668,223,2,32,5,73.84,369.20
669,223,3,49,6,97.13,582.78
670,224,1,18,7,54.66,382.62
671,224,2,35,8,77.95,623.60
672,224,3,52,1,101.24,101.24
673,225,1,21,2,58.77,117.54
674,225,2,38,3,82.06,246.18
675,225,3,55,4,105.35,421.40
676,226,1,24,5,62.88,314.40
677,226,2,41,6,86.17,517.02
678,226,3,58,7,109.46,766.22
679,227,1,27,8,66.99,535.92
680,227,2,44,1,90.28,90.28
681,227,3,61,2,113.57,227.14
682,228,1,30,3,71.10,213.30
683,228,2,47,4,94.39,377.56
684,228,3,64,5,117.68,588.40
685,229,1,33,6,75.21,451.26
686,229,2,50,7,98.50,689.50
687,229,3,67,8,121.79,974.32
688,230,1,36,1,79.32,79.32
689,230,2,53,2,102.61,205.22
690,230,3,70,3,125.90,377.70
691,231,1,39,4,83.43,333.72
692,231,2,56,5,106.72,533.60
693,231,3,73,6,130.01,780.06
694,232,1,42,7,87.54,612.78
695,232,2,59,8,110.83,886.64
696,232,3,76,1,134.12,134.12
697,233,1,45,2,91.65,183.30
698,233,2,62,3,114.94,344.82
699,233,3,79,4,138.23,552.92
700,234,1,48,5,95.76,478.80
701,234,2,65,6,119.05,714.30
702,234,3,82,7,142.34,996.38
703,235,1,51,8,99.87,798.96
704,235,2,68,1,123.16,123.16
705,235,3,85,2,146.45,292.90
706,236,1,54,3,103.98,311.94
707,236,2,71,4,127.27,509.08
708,236,3,88,5,150.56,752.80
709,237,1,57,6,108.09,648.54
710,237,2,74,7,131.38,919.66
711,237,3,91,8,154.67,1237.36
712,238,1,60,1,112.20,112.20
713,238,2,77,2,135.49,270.98
714,238,3,94,3,158.78,476.34
715,239,1,63,4,116.31,465.24
716,239,2,80,5,139.60,698.00
717,239,3,97,6,162.89,977.34
718,240,1,66,7,120.42,842.94
719,240,2,83,8,143.71,1149.68
720,240,3,100,1,167.00,167.00
721,241,1,69,2,124.53,249.06
722,241,2,86,3,147.82,443.46
723,241,3,103,4,171.11,684.44
724,242,1,72,5,128.64,643.20
725,242,2,89,6,151.93,911.58
726,242,3,106,7,175.22,1226.54
727,243,1,75,8,132.75,1062.00
728,243,2,92,1,156.04,156.04
729,243,3,109,2,179.33,358.66
730,244,1,78,3,136.86,410.58
731,244,2,95,4,160.15,640.60
732,244,3,112,5,183.44,917.20
733,245,1,81,6,140.97,845.82
734,245,2,98,7,164.26,1149.82
735,245,3,3,8,34.11,272.88
736,246,1,84,1,145.08,145.08
737,246,2,101,2,168.37,336.74
738,246,3,6,3,38.22,114.66
739,247,1,87,4,149.19,596.76
740,247,2,104,5,172.48,862.40
741,247,3,9,6,42.33,253.98
742,248,1,90,7,153.30,1073.10
743,248,2,107,8,176.59,1412.72
744,248,3,12,1,46.44,46.44
745,249,1,93,2,157.41,314.82
746,249,2,110,3,180.70,542.10
747,249,3,15,4,50.55,202.20
748,250,1,96,5,161.52,807.60
749,250,2,1,6,31.37,188.22
750,250,3,18,7,54.66,382.62
751,251,1,99,8,165.63,1325.04
752,251,2,4,1,35.48,35.48
753,251,3,21,2,58.77,117.54
754,252,1,102,3,169.74,509.22
755,252,2,7,4,39.59,158.36
756,252,3,24,5,62.88,314.40
757,253,1,105,6,173.85,1043.10
758,253,2,10,7,43.70,305.90
759,253,3,27,8,66.99,535.92
760,254,1,108,1,177.96,177.96
761,254,2,13,2,47.81,95.62
762,254,3,30,3,71.10,213.30
763,255,1,111,4,182.07,728.28
764,255,2,16,5,51.92,259.60
765,255,3,33,6,75.21,451.26
766,256,1,2,7,32.74,229.18
767,256,2,19,8,56.03,448.24
768,256,3,36,1,79.32,79.32
769,257,1,5,2,36.85,73.70
770,257,2,22,3,60.14,180.42
771,257,3,39,4,83.43,333.72
772,258,1,8,5,40.96,204.80
773,258,2,25,6,64.25,385.50
774,258,3,42,7,87.54,612.78
775,259,1,11,8,45.07,360.56
776,259,2,28,1,68.36,68.36
777,259,3,45,2,91.65,183.30
778,260,1,14,3,49.18,147.54
779,260,2,31,4,72.47,289.88
780,260,3,48,5,95.76,478.80
781,261,1,17,6,53.29,319.74
782,261,2,34,7,76.58,536.06
783,261,3,51,8,99.87,798.96
784,262,1,20,1,57.40,57.40
785,262,2,37,2,80.69,161.38
786,262,3,54,3,103.98,311.94
787,263,1,23,4,61.51,246.04
788,263,2,40,5,84.80,424.00
789,263,3,57,6,108.09,648.54
790,264,1,26,7,65.62,459.34
791,264,2,43,8,88.91,711.28
792,264,3,60,1,112.20,112.20
793,265,1,29,2,69.73,139.46
794,265,2,46,3,93.02,279.06
795,265,3,63,4,116.31,465.24
796,266,1,32,5,73.84,369.20
797,266,2,49,6,97.13,582.78
798,266,3,66,7,120.42,842.94
799,267,1,35,8,77.95,623.60
800,267,2,52,1,101.24,101.24
801,267,3,69,2,124.53,249.06
802,268,1,38,3,82.06,246.18
803,268,2,55,4,105.35,421.40
804,268,3,72,5,128.64,643.20
805,269,1,41,6,86.17,517.02
806,269,2,58,7,109.46,766.22
807,269,3,75,8,132.75,1062.00
808,270,1,44,1,90.28,90.28
809,270,2,61,2,113.57,227.14
810,270,3,78,3,136.86,410.58
811,271,1,47,4,94.39,377.56
812,271,2,64,5,117.68,588.40
813,271,3,81,6,140.97,845.82
814,272,1,50,7,98.50,689.50
815,272,2,67,8,121.79,974.32
816,272,3,84,1,145.08,145.08
817,273,1,53,2,102.61,205.22
818,273,2,70,3,125.90,377.70
819,273,3,87,4,149.19,596.76
820,274,1,56,5,106.72,533.60
821,274,2,73,6,130.01,780.06
822,274,3,90,7,153.30,1073.10
823,275,1,59,8,110.83,886.64
824,275,2,76,1,134.12,134.12
825,275,3,93,2,157.41,314.82
826,276,1,62,3,114.94,344.82
827,276,2,79,4,138.23,552.92
828,276,3,96,5,161.52,807.60
829,277,1,65,6,119.05,714.30
830,277,2,82,7,142.34,996.38
831,277,3,99,8,165.63,1325.04
832,278,1,68,1,123.16,123.16
833,278,2,85,2,146.45,292.90
834,278,3,102,3,169.74,509.22
835,279,1,71,4,127.27,509.08
836,279,2,88,5,150.56,752.80
837,279,3,105,6,173.85,1043.10
838,280,1,74,7,131.38,919.66
839,280,2,91,8,154.67,1237.36
840,280,3,108,1,177.96,177.96
841,281,1,77,2,135.49,270.98
842,281,2,94,3,158.78,476.34
843,281,3,111,4,182.07,728.28
844,282,1,80,5,139.60,698.00
845,282,2,97,6,162.89,977.34
846,282,3,2,7,32.74,229.18
847,283,1,83,8,143.71,1149.68
848,283,2,100,1,167.00,167.00
849,283,3,5,2,36.85,73.70
850,284,1,86,3,147.82,443.46
851,284,2,103,4,171.11,684.44
852,284,3,8,5,40.96,204.80
853,285,1,89,6,151.93,911.58
854,285,2,106,7,175.22,1226.54
855,285,3,11,8,45.07,360.56
856,286,1,92,1,156.04,156.04
857,286,2,109,2,179.33,358.66
858,286,3,14,3,49.18,147.54
859,287,1,95,4,160.15,640.60
860,287,2,112,5,183.44,917.20
861,287,3,17,6,53.29,319.74
862,288,1,98,7,164.26,1149.82
863,288,2,3,8,34.11,272.88
864,288,3,20,1,57.40,57.40
865,289,1,101,2,168.37,336.74
866,289,2,6,3,38.22,114.66
867,289,3,23,4,61.51,246.04
868,290,1,104,5,172.48,862.40
869,290,2,9,6,42.33,253.98
870,290,3,26,7,65.62,459.34
871,291,1,107,8,176.59,1412.72
872,291,2,12,1,46.44,46.44
873,291,3,29,2,69.73,139.46
874,292,1,110,3,180.70,542.10
875,292,2,15,4,50.55,202.20
876,292,3,32,5,73.84,369.20
877,293,1,1,6,31.37,188.22
878,293,2,18,7,54.66,382.62
879,293,3,35,8,77.95,623.60
880,294,1,4,1,35.48,35.48
881,294,2,21,2,58.77,117.54
882,294,3,38,3,82.06,246.18
883,295,1,7,4,39.59,158.36
884,295,2,24,5,62.88,314.40
885,295,3,41,6,86.17,517.02
886,296,1,10,7,43.70,305.90
887,296,2,27,8,66.99,535.92
888,296,3,44,1,90.28,90.28
889,297,1,13,2,47.81,95.62
890,297,2,30,3,71.10,213.30
891,297,3,47,4,94.39,377.56
892,298,1,16,5,51.92,259.60
893,298,2,33,6,75.21,451.26
894,298,3,50,7,98.50,689.50
895,299,1,19,8,56.03,448.24
896,299,2,36,1,79.32,79.32
897,299,3,53,2,102.61,205.22
898,300,1,22,3,60.14,180.42
899,300,2,39,4,83.43,333.72
900,300,3,56,5,106.72,533.60
901,301,1,25,6,64.25,385.50
902,301,2,42,7,87.54,612.78
903,301,3,59,8,110.83,886.64
904,302,1,28,1,68.36,68.36
905,302,2,45,2,91.65,183.30
906,302,3,62,3,114.94,344.82
907,303,1,31,4,72.47,289.88
908,303,2,48,5,95.76,478.80
909,303,3,65,6,119.05,714.30
910,304,1,34,7,76.58,536.06
911,304,2,51,8,99.87,798.96
912,304,3,68,1,123.16,123.16
913,305,1,37,2,80.69,161.38
914,305,2,54,3,103.98,311.94
915,305,3,71,4,127.27,509.08
916,306,1,40,5,84.80,424.00
917,306,2,57,6,108.09,648.54
918,306,3,74,7,131.38,919.66
919,307,1,43,8,88.91,711.28
920,307,2,60,1,112.20,112.20
921,307,3,77,2,135.49,270.98
922,308,1,46,3,93.02,279.06
923,308,2,63,4,116.31,465.24
924,308,3,80,5,139.60,698.00
925,309,1,49,6,97.13,582.78
926,309,2,66,7,120.42,842.94
927,309,3,83,8,143.71,1149.68
928,310,1,52,1,101.24,101.24
929,310,2,69,2,124.53,249.06
930,310,3,86,3,147.82,443.46
931,311,1,55,4,105.35,421.40
932,311,2,72,5,128.64,643.20
933,311,3,89,6,151.93,911.58
934,312,1,58,7,109.46,766.22
935,312,2,75,8,132.75,1062.00
936,312,3,92,1,156.04,156.04
937,313,1,61,2,113.57,227.14
938,313,2,78,3,136.86,410.58
939,313,3,95,4,160.15,640.60
940,314,1,64,5,117.68,588.40
941,314,2,81,6,140.97,845.82
942,314,3,98,7,164.26,1149.82
943,315,1,67,8,121.79,974.32
944,315,2,84,1,145.08,145.08
945,315,3,101,2,168.37,336.74
946,316,1,70,3,125.90,377.70
947,316,2,87,4,149.19,596.76
948,316,3,104,5,172.48,862.40
949,317,1,73,6,130.01,780.06
950,317,2,90,7,153.30,1073.10
951,317,3,107,8,176.59,1412.72
952,318,1,76,1,134.12,134.12
953,318,2,93,2,157.41,314.82
954,318,3,110,3,180.70,542.10
955,319,1,79,4,138.23,552.92
956,319,2,96,5,161.52,807.60
957,319,3,1,6,31.37,188.22
958,320,1,82,7,142.34,996.38
959,320,2,99,8,165.63,1325.04
960,320,3,4,1,35.48,35.48
961,321,1,85,2,146.45,292.90
962,321,2,102,3,169.74,509.22
963,321,3,7,4,39.59,158.36
964,322,1,88,5,150.56,752.80
965,322,2,105,6,173.85,1043.10
966,322,3,10,7,43.70,305.90
967,323,1,91,8,154.67,1237.36
968,323,2,108,1,177.96,177.96
969,323,3,13,2,47.81,95.62
970,324,1,94,3,158.78,476.34
971,324,2,111,4,182.07,728.28
972,324,3,16,5,51.92,259.60
973,325,1,97,6,162.89,977.34
974,325,2,2,7,32.74,229.18
975,325,3,19,8,56.03,448.24
976,326,1,100,1,167.00,167.00
977,326,2,5,2,36.85,73.70
978,326,3,22,3,60.14,180.42
979,327,1,103,4,171.11,684.44
980,327,2,8,5,40.96,204.80
981,327,3,25,6,64.25,385.50
982,328,1,106,7,175.22,1226.54
983,328,2,11,8,45.07,360.56
984,328,3,28,1,68.36,68.36
985,329,1,109,2,179.33,358.66
986,329,2,14,3,49.18,147.54
987,329,3,31,4,72.47,289.88
988,330,1,112,5,183.44,917.20
989,330,2,17,6,53.29,319.74
990,330,3,34,7,76.58,536.06
991,331,1,3,8,34.11,272.88
992,331,2,20,1,57.40,57.40
993,331,3,37,2,80.69,161.38
994,332,1,6,3,38.22,114.66
995,332,2,23,4,61.51,246.04
996,332,3,40,5,84.80,424.00
997,333,1,9,6,42.33,253.98
998,333,2,26,7,65.62,459.34
999,333,3,43,8,88.91,711.28
1000,334,1,12,1,46.44,46.44
1001,334,2,29,2,69.73,139.46
1002,334,3,46,3,93.02,279.06
1003,335,1,15,4,50.55,202.20
1004,335,2,32,5,73.84,369.20
1005,335,3,49,6,97.13,582.78
1006,336,1,18,7,54.66,382.62
1007,336,2,35,8,77.95,623.60
1008,336,3,52,1,101.24,101.24
1009,337,1,21,2,58.77,117.54
1010,337,2,38,3,82.06,246.18
1011,337,3,55,4,105.35,421.40
1012,338,1,24,5,62.88,314.40
1013,338,2,41,6,86.17,517.02
1014,338,3,58,7,109.46,766.22
1015,339,1,27,8,66.99,535.92
1016,339,2,44,1,90.28,90.28
1017,339,3,61,2,113.57,227.14
1018,340,1,30,3,71.10,213.30
1019,340,2,47,4,94.39,377.56
1020,340,3,64,5,117.68,588.40
1021,341,1,33,6,75.21,451.26
1022,341,2,50,7,98.50,689.50
1023,341,3,67,8,121.79,974.32
1024,342,1,36,1,79.32,79.32
1025,342,2,53,2,102.61,205.22
1026,342,3,70,3,125.90,377.70
1027,343,1,39,4,83.43,333.72
1028,343,2,56,5,106.72,533.60
1029,343,3,73,6,130.01,780.06
1030,344,1,42,7,87.54,612.78
1031,344,2,59,8,110.83,886.64
1032,344,3,76,1,134.12,134.12
1033,345,1,45,2,91.65,183.30
1034,345,2,62,3,114.94,344.82
1035,345,3,79,4,138.23,552.92
1036,346,1,48,5,95.76,478.80
1037,346,2,65,6,119.05,714.30
1038,346,3,82,7,142.34,996.38
1039,347,1,51,8,99.87,798.96
1040,347,2,68,1,123.16,123.16
1041,347,3,85,2,146.45,292.90
1042,348,1,54,3,103.98,311.94
1043,348,2,71,4,127.27,509.08
1044,348,3,88,5,150.56,752.80
1045,349,1,57,6,108.09,648.54
1046,349,2,74,7,131.38,919.66
1047,349,3,91,8,154.67,1237.36
1048,350,1,60,1,112.20,112.20
1049,350,2,77,2,135.49,270.98
1050,350,3,94,3,158.78,476.34
1051,351,1,63,4,116.31,465.24
1052,351,2,80,5,139.60,698.00
1053,351,3,97,6,162.89,977.34
1054,352,1,66,7,120.42,842.94
1055,352,2,83,8,143.71,1149.68
1056,352,3,100,1,167.00,167.00
1057,353,1,69,2,124.53,249.06
1058,353,2,86,3,147.82,443.46
1059,353,3,103,4,171.11,684.44
1060,354,1,72,5,128.64,643.20
1061,354,2,89,6,151.93,911.58
1062,354,3,106,7,175.22,1226.54
1063,355,1,75,8,132.75,1062.00
1064,355,2,92,1,156.04,156.04
1065,355,3,109,2,179.33,358.66
1066,356,1,78,3,136.86,410.58
1067,356,2,95,4,160.15,640.60
1068,356,3,112,5,183.44,917.20
1069,357,1,81,6,140.97,845.82
1070,357,2,98,7,164.26,1149.82
1071,357,3,3,8,34.11,272.88
1072,358,1,84,1,145.08,145.08
1073,358,2,101,2,168.37,336.74
1074,358,3,6,3,38.22,114.66
1075,359,1,87,4,149.19,596.76
1076,359,2,104,5,172.48,862.40
1077,359,3,9,6,42.33,253.98
1078,360,1,90,7,153.30,1073.10
1079,360,2,107,8,176.59,1412.72
1080,360,3,12,1,46.44,46.44
1081,361,1,93,2,157.41,314.82
1082,361,2,110,3,180.70,542.10
1083,361,3,15,4,50.55,202.20
1084,362,1,96,5,161.52,807.60
1085,362,2,1,6,31.37,188.22
1086,362,3,18,7,54.66,382.62
1087,363,1,99,8,165.63,1325.04
1088,363,2,4,1,35.48,35.48
1089,363,3,21,2,58.77,117.54
1090,364,1,102,3,169.74,509.22
1091,364,2,7,4,39.59,158.36
1092,364,3,24,5,62.88,314.40
1093,365,1,105,6,173.85,1043.10
1094,365,2,10,7,43.70,305.90
1095,365,3,27,8,66.99,535.92
1096,366,1,108,1,177.96,177.96
1097,366,2,13,2,47.81,95.62
1098,366,3,30,3,71.10,213.30
1099,367,1,111,4,182.07,728.28
1100,367,2,16,5,51.92,259.60
1101,367,3,33,6,75.21,451.26
1102,368,1,2,7,32.74,229.18
1103,368,2,19,8,56.03,448.24
1104,368,3,36,1,79.32,79.32
1105,369,1,5,2,36.85,73.70
1106,369,2,22,3,60.14,180.42
1107,369,3,39,4,83.43,333.72
1108,370,1,8,5,40.96,204.80
1109,370,2,25,6,64.25,385.50
1110,370,3,42,7,87.54,612.78
1111,371,1,11,8,45.07,360.56
1112,371,2,28,1,68.36,68.36
1113,371,3,45,2,91.65,183.30
1114,372,1,14,3,49.18,147.54
1115,372,2,31,4,72.47,289.88
1116,372,3,48,5,95.76,478.80
1117,373,1,17,6,53.29,319.74
1118,373,2,34,7,76.58,536.06
1119,373,3,51,8,99.87,798.96
1120,374,1,20,1,57.40,57.40
1121,374,2,37,2,80.69,161.38
1122,374,3,54,3,103.98,311.94
1123,375,1,23,4,61.51,246.04
1124,375,2,40,5,84.80,424.00
1125,375,3,57,6,108.09,648.54
1126,376,1,26,7,65.62,459.34
1127,376,2,43,8,88.91,711.28
1128,376,3,60,1,112.20,112.20
1129,377,1,29,2,69.73,139.46
1130,377,2,46,3,93.02,279.06
1131,377,3,63,4,116.31,465.24
1132,378,1,32,5,73.84,369.20
1133,378,2,49,6,97.13,582.78
1134,378,3,66,7,120.42,842.94
1135,379,1,35,8,77.95,623.60
1136,379,2,52,1,101.24,101.24
1137,379,3,69,2,124.53,249.06
1138,380,1,38,3,82.06,246.18
1139,380,2,55,4,105.35,421.40
1140,380,3,72,5,128.64,643.20
1141,381,1,41,6,86.17,517.02
1142,381,2,58,7,109.46,766.22
1143,381,3,75,8,132.75,1062.00
1144,382,1,44,1,90.28,90.28
1145,382,2,61,2,113.57,227.14
1146,382,3,78,3,136.86,410.58
1147,383,1,47,4,94.39,377.56
1148,383,2,64,5,117.68,588.40
1149,383,3,81,6,140.97,845.82
1150,384,1,50,7,98.50,689.50
1151,384,2,67,8,121.79,974.32
1152,384,3,84,1,145.08,145.08
1153,385,1,53,2,102.61,205.22
1154,385,2,70,3,125.90,377.70
1155,385,3,87,4,149.19,596.76
1156,386,1,56,5,106.72,533.60
1157,386,2,73,6,130.01,780.06
1158,386,3,90,7,153.30,1073.10
1159,387,1,59,8,110.83,886.64
1160,387,2,76,1,134.12,134.12
1161,387,3,93,2,157.41,314.82
1162,388,1,62,3,114.94,344.82
1163,388,2,79,4,138.23,552.92
1164,388,3,96,5,161.52,807.60
1165,389,1,65,6,119.05,714.30
1166,389,2,82,7,142.34,996.38
1167,389,3,99,8,165.63,1325.04
1168,390,1,68,1,123.16,123.16
1169,390,2,85,2,146.45,292.90
1170,390,3,102,3,169.74,509.22
1171,391,1,71,4,127.27,509.08
1172,391,2,88,5,150.56,752.80
1173,391,3,105,6,173.85,1043.10
1174,392,1,74,7,131.38,919.66
1175,392,2,91,8,154.67,1237.36
1176,392,3,108,1,177.96,177.96
1177,393,1,77,2,135.49,270.98
1178,393,2,94,3,158.78,476.34
1179,393,3,111,4,182.07,728.28
1180,394,1,80,5,139.60,698.00
1181,394,2,97,6,162.89,977.34
1182,394,3,2,7,32.74,229.18
1183,395,1,83,8,143.71,1149.68
1184,395,2,100,1,167.00,167.00
1185,395,3,5,2,36.85,73.70
1186,396,1,86,3,147.82,443.46
1187,396,2,103,4,171.11,684.44
1188,396,3,8,5,40.96,204.80
1189,397,1,89,6,151.93,911.58
1190,397,2,106,7,175.22,1226.54
1191,397,3,11,8,45.07,360.56
1192,398,1,92,1,156.04,156.04
1193,398,2,109,2,179.33,358.66
1194,398,3,14,3,49.18,147.54
1195,399,1,95,4,160.15,640.60
1196,399,2,112,5,183.44,917.20
1197,399,3,17,6,53.29,319.74
1198,400,1,98,7,164.26,1149.82
1199,400,2,3,8,34.11,272.88
1200,400,3,20,1,57.40,57.40
1201,401,1,101,2,168.37,336.74
1202,401,2,6,3,38.22,114.66
1203,401,3,23,4,61.51,246.04
1204,402,1,104,5,172.48,862.40
1205,402,2,9,6,42.33,253.98
1206,402,3,26,7,65.62,459.34
1207,403,1,107,8,176.59,1412.72
1208,403,2,12,1,46.44,46.44
1209,403,3,29,2,69.73,139.46
1210,404,1,110,3,180.70,542.10
1211,404,2,15,4,50.55,202.20
1212,404,3,32,5,73.84,369.20
1213,405,1,1,6,31.37,188.22
1214,405,2,18,7,54.66,382.62
1215,405,3,35,8,77.95,623.60
1216,406,1,4,1,35.48,35.48
1217,406,2,21,2,58.77,117.54
1218,406,3,38,3,82.06,246.18
1219,407,1,7,4,39.59,158.36
1220,407,2,24,5,62.88,314.40
1221,407,3,41,6,86.17,517.02
1222,408,1,10,7,43.70,305.90
1223,408,2,27,8,66.99,535.92
1224,408,3,44,1,90.28,90.28
1225,409,1,13,2,47.81,95.62
1226,409,2,30,3,71.10,213.30
1227,409,3,47,4,94.39,377.56
1228,410,1,16,5,51.92,259.60
1229,410,2,33,6,75.21,451.26
1230,410,3,50,7,98.50,689.50
1231,411,1,19,8,56.03,448.24
1232,411,2,36,1,79.32,79.32
1233,411,3,53,2,102.61,205.22
1234,412,1,22,3,60.14,180.42
1235,412,2,39,4,83.43,333.72
1236,412,3,56,5,106.72,533.60
1237,413,1,25,6,64.25,385.50
1238,413,2,42,7,87.54,612.78
1239,413,3,59,8,110.83,886.64
1240,414,1,28,1,68.36,68.36
1241,414,2,45,2,91.65,183.30
1242,414,3,62,3,114.94,344.82
1243,415,1,31,4,72.47,289.88
1244,415,2,48,5,95.76,478.80
1245,415,3,65,6,119.05,714.30
1246,416,1,34,7,76.58,536.06
1247,416,2,51,8,99.87,798.96
1248,416,3,68,1,123.16,123.16
1249,417,1,37,2,80.69,161.38
1250,417,2,54,3,103.98,311.94
1251,417,3,71,4,127.27,509.08
1252,418,1,40,5,84.80,424.00
1253,418,2,57,6,108.09,648.54
1254,418,3,74,7,131.38,919.66
1255,419,1,43,8,88.91,711.28
1256,419,2,60,1,112.20,112.20
1257,419,3,77,2,135.49,270.98
1258,420,1,46,3,93.02,279.06
1259,420,2,63,4,116.31,465.24
1260,420,3,80,5,139.60,698.00
1261,421,1,49,6,97.13,582.78
1262,421,2,66,7,120.42,842.94
1263,421,3,83,8,143.71,1149.68
1264,422,1,52,1,101.24,101.24
1265,422,2,69,2,124.53,249.06
1266,422,3,86,3,147.82,443.46
1267,423,1,55,4,105.35,421.40
1268,423,2,72,5,128.64,643.20
1269,423,3,89,6,151.93,911.58
1270,424,1,58,7,109.46,766.22
1271,424,2,75,8,132.75,1062.00
1272,424,3,92,1,156.04,156.04
1273,425,1,61,2,113.57,227.14
1274,425,2,78,3,136.86,410.58
1275,425,3,95,4,160.15,640.60
1276,426,1,64,5,117.68,588.40
1277,426,2,81,6,140.97,845.82
1278,426,3,98,7,164.26,1149.82
1279,427,1,67,8,121.79,974.32
1280,427,2,84,1,145.08,145.08
1281,427,3,101,2,168.37,336.74
1282,428,1,70,3,125.90,377.70
1283,428,2,87,4,149.19,596.76
1284,428,3,104,5,172.48,862.40
1285,429,1,73,6,130.01,780.06
1286,429,2,90,7,153.30,1073.10
1287,429,3,107,8,176.59,1412.72
1288,430,1,76,1,134.12,134.12
1289,430,2,93,2,157.41,314.82
1290,430,3,110,3,180.70,542.10
1291,431,1,79,4,138.23,552.92
1292,431,2,96,5,161.52,807.60
1293,431,3,1,6,31.37,188.22
1294,432,1,82,7,142.34,996.38
1295,432,2,99,8,165.63,1325.04
1296,432,3,4,1,35.48,35.48
1297,433,1,85,2,146.45,292.90
1298,433,2,102,3,169.74,509.22
1299,433,3,7,4,39.59,158.36
1300,434,1,88,5,150.56,752.80
1301,434,2,105,6,173.85,1043.10
1302,434,3,10,7,43.70,305.90
1303,435,1,91,8,154.67,1237.36
1304,435,2,108,1,177.96,177.96
1305,435,3,13,2,47.81,95.62
1306,436,1,94,3,158.78,476.34
1307,436,2,111,4,182.07,728.28
1308,436,3,16,5,51.92,259.60
1309,437,1,97,6,162.89,977.34
1310,437,2,2,7,32.74,229.18
1311,437,3,19,8,56.03,448.24
1312,438,1,100,1,167.00,167.00
1313,438,2,5,2,36.85,73.70
1314,438,3,22,3,60.14,180.42
1315,439,1,103,4,171.11,684.44
1316,439,2,8,5,40.96,204.80
1317,439,3,25,6,64.25,385.50
1318,440,1,106,7,175.22,1226.54
1319,440,2,11,8,45.07,360.56
1320,440,3,28,1,68.36,68.36
1321,441,1,109,2,179.33,358.66
1322,441,2,14,3,49.18,147.54
1323,441,3,31,4,72.47,289.88
1324,442,1,112,5,183.44,917.20
1325,442,2,17,6,53.29,319.74
1326,442,3,34,7,76.58,536.06
1327,443,1,3,8,34.11,272.88
1328,443,2,20,1,57.40,57.40
1329,443,3,37,2,80.69,161.38
1330,444,1,6,3,38.22,114.66
1331,444,2,23,4,61.51,246.04
1332,444,3,40,5,84.80,424.00
1333,445,1,9,6,42.33,253.98
1334,445,2,26,7,65.62,459.34
1335,445,3,43,8,88.91,711.28
1336,446,1,12,1,46.44,46.44
1337,446,2,29,2,69.73,139.46
1338,446,3,46,3,93.02,279.06
1339,447,1,15,4,50.55,202.20
1340,447,2,32,5,73.84,369.20
1341,447,3,49,6,97.13,582.78
1342,448,1,18,7,54.66,382.62
1343,448,2,35,8,77.95,623.60
1344,448,3,52,1,101.24,101.24
1345,449,1,21,2,58.77,117.54
1346,449,2,38,3,82.06,246.18
1347,449,3,55,4,105.35,421.40
1348,450,1,24,5,62.88,314.40
1349,450,2,41,6,86.17,517.02
1350,450,3,58,7,109.46,766.22
1351,451,1,27,8,66.99,535.92
1352,451,2,44,1,90.28,90.28
1353,451,3,61,2,113.57,227.14
1354,452,1,30,3,71.10,213.30
1355,452,2,47,4,94.39,377.56
1356,452,3,64,5,117.68,588.40
1357,453,1,33,6,75.21,451.26
1358,453,2,50,7,98.50,689.50
1359,453,3,67,8,121.79,974.32
1360,454,1,36,1,79.32,79.32
1361,454,2,53,2,102.61,205.22
1362,454,3,70,3,125.90,377.70
1363,455,1,39,4,83.43,333.72
1364,455,2,56,5,106.72,533.60
1365,455,3,73,6,130.01,780.06
1366,456,1,42,7,87.54,612.78
1367,456,2,59,8,110.83,886.64
1368,456,3,76,1,134.12,134.12
1369,457,1,45,2,91.65,183.30
1370,457,2,62,3,114.94,344.82
1371,457,3,79,4,138.23,552.92
1372,458,1,48,5,95.76,478.80
1373,458,2,65,6,119.05,714.30
1374,458,3,82,7,142.34,996.38
1375,459,1,51,8,99.87,798.96
1376,459,2,68,1,123.16,123.16
1377,459,3,85,2,146.45,292.90
1378,460,1,54,3,103.98,311.94
1379,460,2,71,4,127.27,509.08
1380,460,3,88,5,150.56,752.80
1381,461,1,57,6,108.09,648.54
1382,461,2,74,7,131.38,919.66
1383,461,3,91,8,154.67,1237.36
1384,462,1,60,1,112.20,112.20
1385,462,2,77,2,135.49,270.98
1386,462,3,94,3,158.78,476.34
1387,463,1,63,4,116.31,465.24
1388,463,2,80,5,139.60,698.00
1389,463,3,97,6,162.89,977.34
1390,464,1,66,7,120.42,842.94
1391,464,2,83,8,143.71,1149.68
1392,464,3,100,1,167.00,167.00
1393,465,1,69,2,124.53,249.06
1394,465,2,86,3,147.82,443.46
1395,465,3,103,4,171.11,684.44
1396,466,1,72,5,128.64,643.20
1397,466,2,89,6,151.93,911.58
1398,466,3,106,7,175.22,1226.54
1399,467,1,75,8,132.75,1062.00
1400,467,2,92,1,156.04,156.04
1401,467,3,109,2,179.33,358.66
1402,468,1,78,3,136.86,410.58
1403,468,2,95,4,160.15,640.60
1404,468,3,112,5,183.44,917.20
1405,469,1,81,6,140.97,845.82
1406,469,2,98,7,164.26,1149.82
1407,469,3,3,8,34.11,272.88
1408,470,1,84,1,145.08,145.08
1409,470,2,101,2,168.37,336.74
1410,470,3,6,3,38.22,114.66
1411,471,1,87,4,149.19,596.76
1412,471,2,104,5,172.48,862.40
1413,471,3,9,6,42.33,253.98
1414,472,1,90,7,153.30,1073.10
1415,472,2,107,8,176.59,1412.72
1416,472,3,12,1,46.44,46.44
1417,473,1,93,2,157.41,314.82
1418,473,2,110,3,180.70,542.10
1419,473,3,15,4,50.55,202.20
1420,474,1,96,5,161.52,807.60
1421,474,2,1,6,31.37,188.22
1422,474,3,18,7,54.66,382.62
1423,475,1,99,8,165.63,1325.04
1424,475,2,4,1,35.48,35.48
1425,475,3,21,2,58.77,117.54
1426,476,1,102,3,169.74,509.22
1427,476,2,7,4,39.59,158.36
1428,476,3,24,5,62.88,314.40
1429,477,1,105,6,173.85,1043.10
1430,477,2,10,7,43.70,305.90
1431,477,3,27,8,66.99,535.92
1432,478,1,108,1,177.96,177.96
1433,478,2,13,2,47.81,95.62
1434,478,3,30,3,71.10,213.30
1435,479,1,111,4,182.07,728.28
1436,479,2,16,5,51.92,259.60
1437,479,3,33,6,75.21,451.26
1438,480,1,2,7,32.74,229.18
1439,480,2,19,8,56.03,448.24
1440,480,3,36,1,79.32,79.32
1441,481,1,5,2,36.85,73.70
1442,481,2,22,3,60.14,180.42
1443,481,3,39,4,83.43,333.72
1444,482,1,8,5,40.96,204.80
1445,482,2,25,6,64.25,385.50
1446,482,3,42,7,87.54,612.78
1447,483,1,11,8,45.07,360.56
1448,483,2,28,1,68.36,68.36
1449,483,3,45,2,91.65,183.30
1450,484,1,14,3,49.18,147.54
1451,484,2,31,4,72.47,289.88
1452,484,3,48,5,95.76,478.80
1453,485,1,17,6,53.29,319.74
1454,485,2,34,7,76.58,536.06
1455,485,3,51,8,99.87,798.96
1456,486,1,20,1,57.40,57.40
1457,486,2,37,2,80.69,161.38
1458,486,3,54,3,103.98,311.94
1459,487,1,23,4,61.51,246.04
1460,487,2,40,5,84.80,424.00
1461,487,3,57,6,108.09,648.54
1462,488,1,26,7,65.62,459.34
1463,488,2,43,8,88.91,711.28
1464,488,3,60,1,112.20,112.20
1465,489,1,29,2,69.73,139.46
1466,489,2,46,3,93.02,279.06
1467,489,3,63,4,116.31,465.24
1468,490,1,32,5,73.84,369.20
1469,490,2,49,6,97.13,582.78
1470,490,3,66,7,120.42,842.94
1471,491,1,35,8,77.95,623.60
1472,491,2,52,1,101.24,101.24
1473,491,3,69,2,124.53,249.06
1474,492,1,38,3,82.06,246.18
1475,492,2,55,4,105.35,421.40
1476,492,3,72,5,128.64,643.20
1477,493,1,41,6,86.17,517.02
1478,493,2,58,7,109.46,766.22
1479,493,3,75,8,132.75,1062.00
1480,494,1,44,1,90.28,90.28
1481,494,2,61,2,113.57,227.14
1482,494,3,78,3,136.86,410.58
1483,495,1,47,4,94.39,377.56
1484,495,2,64,5,117.68,588.40
1485,495,3,81,6,140.97,845.82
1486,496,1,50,7,98.50,689.50
1487,496,2,67,8,121.79,974.32
1488,496,3,84,1,145.08,145.08
1489,497,1,53,2,102.61,205.22
1490,497,2,70,3,125.90,377.70
1491,497,3,87,4,149.19,596.76
1492,498,1,56,5,106.72,533.60
1493,498,2,73,6,130.01,780.06
1494,498,3,90,7,153.30,1073.10
1495,499,1,59,8,110.83,886.64
1496,499,2,76,1,134.12,134.12
1497,499,3,93,2,157.41,314.82
1498,500,1,62,3,114.94,344.82
1499,500,2,79,4,138.23,552.92
1500,500,3,96,5,161.52,807.60
1501,501,1,65,6,119.05,714.30
1502,501,2,82,7,142.34,996.38
1503,501,3,99,8,165.63,1325.04
1504,502,1,68,1,123.16,123.16
1505,502,2,85,2,146.45,292.90
1506,502,3,102,3,169.74,509.22
1507,503,1,71,4,127.27,509.08
1508,503,2,88,5,150.56,752.80
1509,503,3,105,6,173.85,1043.10
1510,504,1,74,7,131.38,919.66
1511,504,2,91,8,154.67,1237.36
1512,504,3,108,1,177.96,177.96
1513,505,1,77,2,135.49,270.98
1514,505,2,94,3,158.78,476.34
1515,505,3,111,4,182.07,728.28
1516,506,1,80,5,139.60,698.00
1517,506,2,97,6,162.89,977.34
1518,506,3,2,7,32.74,229.18
1519,507,1,83,8,143.71,1149.68
1520,507,2,100,1,167.00,167.00
1521,507,3,5,2,36.85,73.70
1522,508,1,86,3,147.82,443.46
1523,508,2,103,4,171.11,684.44
1524,508,3,8,5,40.96,204.80
1525,509,1,89,6,151.93,911.58
1526,509,2,106,7,175.22,1226.54
1527,509,3,11,8,45.07,360.56
1528,510,1,92,1,156.04,156.04
1529,510,2,109,2,179.33,358.66
1530,510,3,14,3,49.18,147.54
1531,511,1,95,4,160.15,640.60
1532,511,2,112,5,183.44,917.20
1533,511,3,17,6,53.29,319.74
1534,512,1,98,7,164.26,1149.82
1535,512,2,3,8,34.11,272.88
1536,512,3,20,1,57.40,57.40
1537,513,1,101,2,168.37,336.74
1538,513,2,6,3,38.22,114.66
1539,513,3,23,4,61.51,246.04
1540,514,1,104,5,172.48,862.40
1541,514,2,9,6,42.33,253.98
1542,514,3,26,7,65.62,459.34
1543,515,1,107,8,176.59,1412.72
1544,515,2,12,1,46.44,46.44
1545,515,3,29,2,69.73,139.46
1546,516,1,110,3,180.70,542.10
1547,516,2,15,4,50.55,202.20
1548,516,3,32,5,73.84,369.20
1549,517,1,1,6,31.37,188.22
1550,517,2,18,7,54.66,382.62
1551,517,3,35,8,77.95,623.60
1552,518,1,4,1,35.48,35.48
1553,518,2,21,2,58.77,117.54
1554,518,3,38,3,82.06,246.18
1555,519,1,7,4,39.59,158.36
1556,519,2,24,5,62.88,314.40
1557,519,3,41,6,86.17,517.02
1558,520,1,10,7,43.70,305.90
1559,520,2,27,8,66.99,535.92
1560,520,3,44,1,90.28,90.28
1561,521,1,13,2,47.81,95.62
1562,521,2,30,3,71.10,213.30
1563,521,3,47,4,94.39,377.56
1564,522,1,16,5,51.92,259.60
1565,522,2,33,6,75.21,451.26
1566,522,3,50,7,98.50,689.50
1567,523,1,19,8,56.03,448.24
1568,523,2,36,1,79.32,79.32
1569,523,3,53,2,102.61,205.22
1570,524,1,22,3,60.14,180.42
1571,524,2,39,4,83.43,333.72
1572,524,3,56,5,106.72,533.60
1573,525,1,25,6,64.25,385.50
1574,525,2,42,7,87.54,612.78
1575,525,3,59,8,110.83,886.64
1576,526,1,28,1,68.36,68.36
1577,526,2,45,2,91.65,183.30
1578,526,3,62,3,114.94,344.82
1579,527,1,31,4,72.47,289.88
1580,527,2,48,5,95.76,478.80
1581,527,3,65,6,119.05,714.30
1582,528,1,34,7,76.58,536.06
1583,528,2,51,8,99.87,798.96
1584,528,3,68,1,123.16,123.16
1585,529,1,37,2,80.69,161.38
1586,529,2,54,3,103.98,311.94
1587,529,3,71,4,127.27,509.08
1588,530,1,40,5,84.80,424.00
1589,530,2,57,6,108.09,648.54
1590,530,3,74,7,131.38,919.66
1591,531,1,43,8,88.91,711.28
1592,531,2,60,1,112.20,112.20
1593,531,3,77,2,135.49,270.98
1594,532,1,46,3,93.02,279.06
1595,532,2,63,4,116.31,465.24
1596,532,3,80,5,139.60,698.00
1597,533,1,49,6,97.13,582.78
1598,533,2,66,7,120.42,842.94
1599,533,3,83,8,143.71,1149.68
1600,534,1,52,1,101.24,101.24
1601,534,2,69,2,124.53,249.06
1602,534,3,86,3,147.82,443.46
1603,535,1,55,4,105.35,421.40
1604,535,2,72,5,128.64,643.20
1605,535,3,89,6,151.93,911.58
1606,536,1,58,7,109.46,766.22
1607,536,2,75,8,132.75,1062.00
1608,536,3,92,1,156.04,156.04
1609,537,1,61,2,113.57,227.14
1610,537,2,78,3,136.86,410.58
1611,537,3,95,4,160.15,640.60
1612,538,1,64,5,117.68,588.40
1613,538,2,81,6,140.97,845.82
1614,538,3,98,7,164.26,1149.82
1615,539,1,67,8,121.79,974.32
1616,539,2,84,1,145.08,145.08
1617,539,3,101,2,168.37,336.74
1618,540,1,70,3,125.90,377.70
1619,540,2,87,4,149.19,596.76
1620,540,3,104,5,172.48,862.40
1621,541,1,73,6,130.01,780.06
1622,541,2,90,7,153.30,1073.10
1623,541,3,107,8,176.59,1412.72
1624,542,1,76,1,134.12,134.12
1625,542,2,93,2,157.41,314.82
1626,542,3,110,3,180.70,542.10
1627,543,1,79,4,138.23,552.92
1628,543,2,96,5,161.52,807.60
1629,543,3,1,6,31.37,188.22
1630,544,1,82,7,142.34,996.38
1631,544,2,99,8,165.63,1325.04
1632,544,3,4,1,35.48,35.48
1633,545,1,85,2,146.45,292.90
1634,545,2,102,3,169.74,509.22
1635,545,3,7,4,39.59,158.36
1636,546,1,88,5,150.56,752.80
1637,546,2,105,6,173.85,1043.10
1638,546,3,10,7,43.70,305.90
1639,547,1,91,8,154.67,1237.36
1640,547,2,108,1,177.96,177.96
1641,547,3,13,2,47.81,95.62
1642,548,1,94,3,158.78,476.34
1643,548,2,111,4,182.07,728.28
1644,548,3,16,5,51.92,259.60
1645,549,1,97,6,162.89,977.34
1646,549,2,2,7,32.74,229.18
1647,549,3,19,8,56.03,448.24
1648,550,1,100,1,167.00,167.00
1649,550,2,5,2,36.85,73.70
1650,550,3,22,3,60.14,180.42
1651,551,1,103,4,171.11,684.44
1652,551,2,8,5,40.96,204.80
1653,551,3,25,6,64.25,385.50
1654,552,1,106,7,175.22,1226.54
1655,552,2,11,8,45.07,360.56
1656,552,3,28,1,68.36,68.36
1657,553,1,109,2,179.33,358.66
1658,553,2,14,3,49.18,147.54
1659,553,3,31,4,72.47,289.88
1660,554,1,112,5,183.44,917.20
1661,554,2,17,6,53.29,319.74
1662,554,3,34,7,76.58,536.06
1663,555,1,3,8,34.11,272.88
1664,555,2,20,1,57.40,57.40
1665,555,3,37,2,80.69,161.38
1666,556,1,6,3,38.22,114.66
1667,556,2,23,4,61.51,246.04
1668,556,3,40,5,84.80,424.00
1669,557,1,9,6,42.33,253.98
1670,557,2,26,7,65.62,459.34
1671,557,3,43,8,88.91,711.28
1672,558,1,12,1,46.44,46.44
1673,558,2,29,2,69.73,139.46
1674,558,3,46,3,93.02,279.06
1675,559,1,15,4,50.55,202.20
1676,559,2,32,5,73.84,369.20
1677,559,3,49,6,97.13,582.78
1678,560,1,18,7,54.66,382.62
1679,560,2,35,8,77.95,623.60
1680,560,3,52,1,101.24,101.24
1681,561,1,21,2,58.77,117.54
1682,561,2,38,3,82.06,246.18
1683,561,3,55,4,105.35,421.40
1684,562,1,24,5,62.88,314.40
1685,562,2,41,6,86.17,517.02
1686,562,3,58,7,109.46,766.22
1687,563,1,27,8,66.99,535.92
1688,563,2,44,1,90.28,90.28
1689,563,3,61,2,113.57,227.14
1690,564,1,30,3,71.10,213.30
1691,564,2,47,4,94.39,377.56
1692,564,3,64,5,117.68,588.40
1693,565,1,33,6,75.21,451.26
1694,565,2,50,7,98.50,689.50
1695,565,3,67,8,121.79,974.32
1696,566,1,36,1,79.32,79.32
1697,566,2,53,2,102.61,205.22
1698,566,3,70,3,125.90,377.70
1699,567,1,39,4,83.43,333.72
1700,567,2,56,5,106.72,533.60
1701,567,3,73,6,130.01,780.06
1702,568,1,42,7,87.54,612.78
1703,568,2,59,8,110.83,886.64
1704,568,3,76,1,134.12,134.12
1705,569,1,45,2,91.65,183.30
1706,569,2,62,3,114.94,344.82
1707,569,3,79,4,138.23,552.92
1708,570,1,48,5,95.76,478.80
1709,570,2,65,6,119.05,714.30
1710,570,3,82,7,142.34,996.38
1711,571,1,51,8,99.87,798.96
1712,571,2,68,1,123.16,123.16
1713,571,3,85,2,146.45,292.90
1714,572,1,54,3,103.98,311.94
1715,572,2,71,4,127.27,509.08
1716,572,3,88,5,150.56,752.80
1717,573,1,57,6,108.09,648.54
1718,573,2,74,7,131.38,919.66
1719,573,3,91,8,154.67,1237.36
1720,574,1,60,1,112.20,112.20
1721,574,2,77,2,135.49,270.98
1722,574,3,94,3,158.78,476.34
1723,575,1,63,4,116.31,465.24
1724,575,2,80,5,139.60,698.00
1725,575,3,97,6,162.89,977.34
1726,576,1,66,7,120.42,842.94
1727,576,2,83,8,143.71,1149.68
1728,576,3,100,1,167.00,167.00
1729,577,1,69,2,124.53,249.06
1730,577,2,86,3,147.82,443.46
1731,577,3,103,4,171.11,684.44
1732,578,1,72,5,128.64,643.20
1733,578,2,89,6,151.93,911.58
1734,578,3,106,7,175.22,1226.54
1735,579,1,75,8,132.75,1062.00
1736,579,2,92,1,156.04,156.04
1737,579,3,109,2,179.33,358.66
1738,580,1,78,3,136.86,410.58
1739,580,2,95,4,160.15,640.60
1740,580,3,112,5,183.44,917.20
1741,581,1,81,6,140.97,845.82
1742,581,2,98,7,164.26,1149.82
1743,581,3,3,8,34.11,272.88
1744,582,1,84,1,145.08,145.08
1745,582,2,101,2,168.37,336.74
1746,582,3,6,3,38.22,114.66
1747,583,1,87,4,149.19,596.76
1748,583,2,104,5,172.48,862.40
1749,583,3,9,6,42.33,253.98
1750,584,1,90,7,153.30,1073.10
1751,584,2,107,8,176.59,1412.72
1752,584,3,12,1,46.44,46.44
1753,585,1,93,2,157.41,314.82
1754,585,2,110,3,180.70,542.10
1755,585,3,15,4,50.55,202.20
1756,586,1,96,5,161.52,807.60
1757,586,2,1,6,31.37,188.22
1758,586,3,18,7,54.66,382.62
1759,587,1,99,8,165.63,1325.04
1760,587,2,4,1,35.48,35.48
1761,587,3,21,2,58.77,117.54
1762,588,1,102,3,169.74,509.22
1763,588,2,7,4,39.59,158.36
1764,588,3,24,5,62.88,314.40
1765,589,1,105,6,173.85,1043.10
1766,589,2,10,7,43.70,305.90
1767,589,3,27,8,66.99,535.92
1768,590,1,108,1,177.96,177.96
1769,590,2,13,2,47.81,95.62
1770,590,3,30,3,71.10,213.30
1771,591,1,111,4,182.07,728.28
1772,591,2,16,5,51.92,259.60
1773,591,3,33,6,75.21,451.26
1774,592,1,2,7,32.74,229.18
1775,592,2,19,8,56.03,448.24
1776,592,3,36,1,79.32,79.32
1777,593,1,5,2,36.85,73.70
1778,593,2,22,3,60.14,180.42
1779,593,3,39,4,83.43,333.72
1780,594,1,8,5,40.96,204.80
1781,594,2,25,6,64.25,385.50
1782,594,3,42,7,87.54,612.78
1783,595,1,11,8,45.07,360.56
1784,595,2,28,1,68.36,68.36
1785,595,3,45,2,91.65,183.30
1786,596,1,14,3,49.18,147.54
1787,596,2,31,4,72.47,289.88
1788,596,3,48,5,95.76,478.80
1789,597,1,17,6,53.29,319.74
1790,597,2,34,7,76.58,536.06
1791,597,3,51,8,99.87,798.96
1792,598,1,20,1,57.40,57.40
1793,598,2,37,2,80.69,161.38
1794,598,3,54,3,103.98,311.94
1795,599,1,23,4,61.51,246.04
1796,599,2,40,5,84.80,424.00
1797,599,3,57,6,108.09,648.54
1798,600,1,26,7,65.62,459.34
1799,600,2,43,8,88.91,711.28
1800,600,3,60,1,112.20,112.20
1801,601,1,29,2,69.73,139.46
1802,601,2,46,3,93.02,279.06
1803,601,3,63,4,116.31,465.24
1804,602,1,32,5,73.84,369.20
1805,602,2,49,6,97.13,582.78
1806,602,3,66,7,120.42,842.94
1807,603,1,35,8,77.95,623.60
1808,603,2,52,1,101.24,101.24
1809,603,3,69,2,124.53,249.06
1810,604,1,38,3,82.06,246.18
1811,604,2,55,4,105.35,421.40
1812,604,3,72,5,128.64,643.20
1813,605,1,41,6,86.17,517.02
1814,605,2,58,7,109.46,766.22
1815,605,3,75,8,132.75,1062.00
1816,606,1,44,1,90.28,90.28
1817,606,2,61,2,113.57,227.14
1818,606,3,78,3,136.86,410.58
1819,607,1,47,4,94.39,377.56
1820,607,2,64,5,117.68,588.40
1821,607,3,81,6,140.97,845.82
1822,608,1,50,7,98.50,689.50
1823,608,2,67,8,121.79,974.32
1824,608,3,84,1,145.08,145.08
1825,609,1,53,2,102.61,205.22
1826,609,2,70,3,125.90,377.70
1827,609,3,87,4,149.19,596.76
1828,610,1,56,5,106.72,533.60
1829,610,2,73,6,130.01,780.06
1830,610,3,90,7,153.30,1073.10
1831,611,1,59,8,110.83,886.64
1832,611,2,76,1,134.12,134.12
1833,611,3,93,2,157.41,314.82
1834,612,1,62,3,114.94,344.82
1835,612,2,79,4,138.23,552.92
1836,612,3,96,5,161.52,807.60
1837,613,1,65,6,119.05,714.30
1838,613,2,82,7,142.34,996.38
1839,613,3,99,8,165.63,1325.04
1840,614,1,68,1,123.16,123.16
1841,614,2,85,2,146.45,292.90
1842,614,3,102,3,169.74,509.22
1843,615,1,71,4,127.27,509.08
1844,615,2,88,5,150.56,752.80
1845,615,3,105,6,173.85,1043.10
1846,616,1,74,7,131.38,919.66
1847,616,2,91,8,154.67,1237.36
1848,616,3,108,1,177.96,177.96
1849,617,1,77,2,135.49,270.98
1850,617,2,94,3,158.78,476.34
1851,617,3,111,4,182.07,728.28
1852,618,1,80,5,139.60,698.00
1853,618,2,97,6,162.89,977.34
1854,618,3,2,7,32.74,229.18
1855,619,1,83,8,143.71,1149.68
1856,619,2,100,1,167.00,167.00
1857,619,3,5,2,36.85,73.70
1858,620,1,86,3,147.82,443.46
1859,620,2,103,4,171.11,684.44
1860,620,3,8,5,40.96,204.80
1861,621,1,89,6,151.93,911.58
1862,621,2,106,7,175.22,1226.54
1863,621,3,11,8,45.07,360.56
1864,622,1,92,1,156.04,156.04
1865,622,2,109,2,179.33,358.66
1866,622,3,14,3,49.18,147.54
1867,623,1,95,4,160.15,640.60
1868,623,2,112,5,183.44,917.20
1869,623,3,17,6,53.29,319.74
1870,624,1,98,7,164.26,1149.82
1871,624,2,3,8,34.11,272.88
1872,624,3,20,1,57.40,57.40
1873,625,1,101,2,168.37,336.74
1874,625,2,6,3,38.22,114.66
1875,625,3,23,4,61.51,246.04
1876,626,1,104,5,172.48,862.40
1877,626,2,9,6,42.33,253.98
1878,626,3,26,7,65.62,459.34
1879,627,1,107,8,176.59,1412.72
1880,627,2,12,1,46.44,46.44
1881,627,3,29,2,69.73,139.46
1882,628,1,110,3,180.70,542.10
1883,628,2,15,4,50.55,202.20
1884,628,3,32,5,73.84,369.20
1885,629,1,1,6,31.37,188.22
1886,629,2,18,7,54.66,382.62
1887,629,3,35,8,77.95,623.60
1888,630,1,4,1,35.48,35.48
1889,630,2,21,2,58.77,117.54
1890,630,3,38,3,82.06,246.18
1891,631,1,7,4,39.59,158.36
1892,631,2,24,5,62.88,314.40
1893,631,3,41,6,86.17,517.02
1894,632,1,10,7,43.70,305.90
1895,632,2,27,8,66.99,535.92
1896,632,3,44,1,90.28,90.28
1897,633,1,13,2,47.81,95.62
1898,633,2,30,3,71.10,213.30
1899,633,3,47,4,94.39,377.56
1900,634,1,16,5,51.92,259.60
1901,634,2,33,6,75.21,451.26
1902,634,3,50,7,98.50,689.50
1903,635,1,19,8,56.03,448.24
1904,635,2,36,1,79.32,79.32
1905,635,3,53,2,102.61,205.22
1906,636,1,22,3,60.14,180.42
1907,636,2,39,4,83.43,333.72
1908,636,3,56,5,106.72,533.60
1909,637,1,25,6,64.25,385.50
1910,637,2,42,7,87.54,612.78
1911,637,3,59,8,110.83,886.64
1912,638,1,28,1,68.36,68.36
1913,638,2,45,2,91.65,183.30
1914,638,3,62,3,114.94,344.82
1915,639,1,31,4,72.47,289.88
1916,639,2,48,5,95.76,478.80
1917,639,3,65,6,119.05,714.30
1918,640,1,34,7,76.58,536.06
1919,640,2,51,8,99.87,798.96
1920,640,3,68,1,123.16,123.16
1921,641,1,37,2,80.69,161.38
1922,641,2,54,3,103.98,311.94
1923,641,3,71,4,127.27,509.08
1924,642,1,40,5,84.80,424.00
1925,642,2,57,6,108.09,648.54
1926,642,3,74,7,131.38,919.66
1927,643,1,43,8,88.91,711.28
1928,643,2,60,1,112.20,112.20
1929,643,3,77,2,135.49,270.98
1930,644,1,46,3,93.02,279.06
1931,644,2,63,4,116.31,465.24
1932,644,3,80,5,139.60,698.00
1933,645,1,49,6,97.13,582.78
1934,645,2,66,7,120.42,842.94
1935,645,3,83,8,143.71,1149.68
1936,646,1,52,1,101.24,101.24
1937,646,2,69,2,124.53,249.06
1938,646,3,86,3,147.82,443.46
1939,647,1,55,4,105.35,421.40
1940,647,2,72,5,128.64,643.20
1941,647,3,89,6,151.93,911.58
1942,648,1,58,7,109.46,766.22
1943,648,2,75,8,132.75,1062.00
1944,648,3,92,1,156.04,156.04
1945,649,1,61,2,113.57,227.14
1946,649,2,78,3,136.86,410.58
1947,649,3,95,4,160.15,640.60
1948,650,1,64,5,117.68,588.40
1949,650,2,81,6,140.97,845.82
1950,650,3,98,7,164.26,1149.82
1951,651,1,67,8,121.79,974.32
1952,651,2,84,1,145.08,145.08
1953,651,3,101,2,168.37,336.74
1954,652,1,70,3,125.90,377.70
1955,652,2,87,4,149.19,596.76
1956,652,3,104,5,172.48,862.40
1957,653,1,73,6,130.01,780.06
1958,653,2,90,7,153.30,1073.10
1959,653,3,107,8,176.59,1412.72
1960,654,1,76,1,134.12,134.12
1961,654,2,93,2,157.41,314.82
1962,654,3,110,3,180.70,542.10
1963,655,1,79,4,138.23,552.92
1964,655,2,96,5,161.52,807.60
1965,655,3,1,6,31.37,188.22
1966,656,1,82,7,142.34,996.38
1967,656,2,99,8,165.63,1325.04
1968,656,3,4,1,35.48,35.48
1969,657,1,85,2,146.45,292.90
1970,657,2,102,3,169.74,509.22
1971,657,3,7,4,39.59,158.36
1972,658,1,88,5,150.56,752.80
1973,658,2,105,6,173.85,1043.10
1974,658,3,10,7,43.70,305.90
1975,659,1,91,8,154.67,1237.36
1976,659,2,108,1,177.96,177.96
1977,659,3,13,2,47.81,95.62
1978,660,1,94,3,158.78,476.34
1979,660,2,111,4,182.07,728.28
1980,660,3,16,5,51.92,259.60
1981,661,1,97,6,162.89,977.34
1982,661,2,2,7,32.74,229.18
1983,661,3,19,8,56.03,448.24
1984,662,1,100,1,167.00,167.00
1985,662,2,5,2,36.85,73.70
1986,662,3,22,3,60.14,180.42
1987,663,1,103,4,171.11,684.44
1988,663,2,8,5,40.96,204.80
1989,663,3,25,6,64.25,385.50
1990,664,1,106,7,175.22,1226.54
1991,664,2,11,8,45.07,360.56
1992,664,3,28,1,68.36,68.36
1993,665,1,109,2,179.33,358.66
1994,665,2,14,3,49.18,147.54
1995,665,3,31,4,72.47,289.88
1996,666,1,112,5,183.44,917.20
1997,666,2,17,6,53.29,319.74
1998,666,3,34,7,76.58,536.06
1999,667,1,3,8,34.11,272.88
2000,667,2,20,1,57.40,57.40
2001,667,3,37,2,80.69,161.38
2002,668,1,6,3,38.22,114.66
2003,668,2,23,4,61.51,246.04
2004,668,3,40,5,84.80,424.00
2005,669,1,9,6,42.33,253.98
2006,669,2,26,7,65.62,459.34
2007,669,3,43,8,88.91,711.28
2008,670,1,12,1,46.44,46.44
2009,670,2,29,2,69.73,139.46
2010,670,3,46,3,93.02,279.06
2011,671,1,15,4,50.55,202.20
2012,671,2,32,5,73.84,369.20
2013,671,3,49,6,97.13,582.78
2014,672,1,18,7,54.66,382.62
2015,672,2,35,8,77.95,623.60
2016,672,3,52,1,101.24,101.24
2017,673,1,21,2,58.77,117.54
2018,673,2,38,3,82.06,246.18
2019,673,3,55,4,105.35,421.40
2020,674,1,24,5,62.88,314.40
2021,674,2,41,6,86.17,517.02
2022,674,3,58,7,109.46,766.22
2023,675,1,27,8,66.99,535.92
2024,675,2,44,1,90.28,90.28
2025,675,3,61,2,113.57,227.14
2026,676,1,30,3,71.10,213.30
2027,676,2,47,4,94.39,377.56
2028,676,3,64,5,117.68,588.40
2029,677,1,33,6,75.21,451.26
2030,677,2,50,7,98.50,689.50
2031,677,3,67,8,121.79,974.32
2032,678,1,36,1,79.32,79.32
2033,678,2,53,2,102.61,205.22
2034,678,3,70,3,125.90,377.70
2035,679,1,39,4,83.43,333.72
2036,679,2,56,5,106.72,533.60
2037,679,3,73,6,130.01,780.06
2038,680,1,42,7,87.54,612.78
2039,680,2,59,8,110.83,886.64
2040,680,3,76,1,134.12,134.12
2041,681,1,45,2,91.65,183.30
2042,681,2,62,3,114.94,344.82
2043,681,3,79,4,138.23,552.92
2044,682,1,48,5,95.76,478.80
2045,682,2,65,6,119.05,714.30
2046,682,3,82,7,142.34,996.38
2047,683,1,51,8,99.87,798.96
2048,683,2,68,1,123.16,123.16
2049,683,3,85,2,146.45,292.90
2050,684,1,54,3,103.98,311.94
2051,684,2,71,4,127.27,509.08
2052,684,3,88,5,150.56,752.80
2053,685,1,57,6,108.09,648.54
2054,685,2,74,7,131.38,919.66
2055,685,3,91,8,154.67,1237.36
2056,686,1,60,1,112.20,112.20
2057,686,2,77,2,135.49,270.98
2058,686,3,94,3,158.78,476.34
2059,687,1,63,4,116.31,465.24
2060,687,2,80,5,139.60,698.00
2061,687,3,97,6,162.89,977.34
2062,688,1,66,7,120.42,842.94
2063,688,2,83,8,143.71,1149.68
2064,688,3,100,1,167.00,167.00
2065,689,1,69,2,124.53,249.06
2066,689,2,86,3,147.82,443.46
2067,689,3,103,4,171.11,684.44
2068,690,1,72,5,128.64,643.20
2069,690,2,89,6,151.93,911.58
2070,690,3,106,7,175.22,1226.54
2071,691,1,75,8,132.75,1062.00
2072,691,2,92,1,156.04,156.04
2073,691,3,109,2,179.33,358.66
2074,692,1,78,3,136.86,410.58
2075,692,2,95,4,160.15,640.60
2076,692,3,112,5,183.44,917.20
2077,693,1,81,6,140.97,845.82
2078,693,2,98,7,164.26,1149.82
2079,693,3,3,8,34.11,272.88
2080,694,1,84,1,145.08,145.08
2081,694,2,101,2,168.37,336.74
2082,694,3,6,3,38.22,114.66
2083,695,1,87,4,149.19,596.76
2084,695,2,104,5,172.48,862.40
2085,695,3,9,6,42.33,253.98
2086,696,1,90,7,153.30,1073.10
2087,696,2,107,8,176.59,1412.72
2088,696,3,12,1,46.44,46.44
2089,697,1,93,2,157.41,314.82
2090,697,2,110,3,180.70,542.10
2091,697,3,15,4,50.55,202.20
2092,698,1,96,5,161.52,807.60
2093,698,2,1,6,31.37,188.22
2094,698,3,18,7,54.66,382.62
2095,699,1,99,8,165.63,1325.04
2096,699,2,4,1,35.48,35.48
2097,699,3,21,2,58.77,117.54
2098,700,1,102,3,169.74,509.22
2099,700,2,7,4,39.59,158.36
2100,700,3,24,5,62.88,314.40
2101,701,1,105,6,173.85,1043.10
2102,701,2,10,7,43.70,305.90
2103,701,3,27,8,66.99,535.92
2104,702,1,108,1,177.96,177.96
2105,702,2,13,2,47.81,95.62
2106,702,3,30,3,71.10,213.30
2107,703,1,111,4,182.07,728.28
2108,703,2,16,5,51.92,259.60
2109,703,3,33,6,75.21,451.26
2110,704,1,2,7,32.74,229.18
2111,704,2,19,8,56.03,448.24
2112,704,3,36,1,79.32,79.32
2113,705,1,5,2,36.85,73.70
2114,705,2,22,3,60.14,180.42
2115,705,3,39,4,83.43,333.72
2116,706,1,8,5,40.96,204.80
2117,706,2,25,6,64.25,385.50
2118,706,3,42,7,87.54,612.78
2119,707,1,11,8,45.07,360.56
2120,707,2,28,1,68.36,68.36
2121,707,3,45,2,91.65,183.30
2122,708,1,14,3,49.18,147.54
2123,708,2,31,4,72.47,289.88
2124,708,3,48,5,95.76,478.80
2125,709,1,17,6,53.29,319.74
2126,709,2,34,7,76.58,536.06
2127,709,3,51,8,99.87,798.96
2128,710,1,20,1,57.40,57.40
2129,710,2,37,2,80.69,161.38
2130,710,3,54,3,103.98,311.94
2131,711,1,23,4,61.51,246.04
2132,711,2,40,5,84.80,424.00
2133,711,3,57,6,108.09,648.54
2134,712,1,26,7,65.62,459.34
2135,712,2,43,8,88.91,711.28
2136,712,3,60,1,112.20,112.20
2137,713,1,29,2,69.73,139.46
2138,713,2,46,3,93.02,279.06
2139,713,3,63,4,116.31,465.24
2140,714,1,32,5,73.84,369.20
2141,714,2,49,6,97.13,582.78
2142,714,3,66,7,120.42,842.94
2143,715,1,35,8,77.95,623.60
2144,715,2,52,1,101.24,101.24
2145,715,3,69,2,124.53,249.06
2146,716,1,38,3,82.06,246.18
2147,716,2,55,4,105.35,421.40
2148,716,3,72,5,128.64,643.20
2149,717,1,41,6,86.17,517.02
2150,717,2,58,7,109.46,766.22
2151,717,3,75,8,132.75,1062.00
2152,718,1,44,1,90.28,90.28
2153,718,2,61,2,113.57,227.14
2154,718,3,78,3,136.86,410.58
2155,719,1,47,4,94.39,377.56
2156,719,2,64,5,117.68,588.40
2157,719,3,81,6,140.97,845.82
2158,720,1,50,7,98.50,689.50
2159,720,2,67,8,121.79,974.32
2160,720,3,84,1,145.08,145.08
2161,721,1,53,2,102.61,205.22
2162,721,2,70,3,125.90,377.70
2163,721,3,87,4,149.19,596.76
2164,722,1,56,5,106.72,533.60
2165,722,2,73,6,130.01,780.06
2166,722,3,90,7,153.30,1073.10
2167,723,1,59,8,110.83,886.64
2168,723,2,76,1,134.12,134.12
2169,723,3,93,2,157.41,314.82
2170,724,1,62,3,114.94,344.82
2171,724,2,79,4,138.23,552.92
2172,724,3,96,5,161.52,807.60
2173,725,1,65,6,119.05,714.30
2174,725,2,82,7,142.34,996.38
2175,725,3,99,8,165.63,1325.04
2176,726,1,68,1,123.16,123.16
2177,726,2,85,2,146.45,292.90
2178,726,3,102,3,169.74,509.22
2179,727,1,71,4,127.27,509.08
2180,727,2,88,5,150.56,752.80
2181,727,3,105,6,173.85,1043.10
2182,728,1,74,7,131.38,919.66
2183,728,2,91,8,154.67,1237.36
2184,728,3,108,1,177.96,177.96
2185,729,1,77,2,135.49,270.98
2186,729,2,94,3,158.78,476.34
2187,729,3,111,4,182.07,728.28
2188,730,1,80,5,139.60,698.00
2189,730,2,97,6,162.89,977.34
2190,730,3,2,7,32.74,229.18
2191,731,1,83,8,143.71,1149.68
2192,731,2,100,1,167.00,167.00
2193,731,3,5,2,36.85,73.70
2194,732,1,86,3,147.82,443.46
2195,732,2,103,4,171.11,684.44
2196,732,3,8,5,40.96,204.80
2197,733,1,89,6,151.93,911.58
2198,733,2,106,7,175.22,1226.54
2199,733,3,11,8,45.07,360.56
2200,734,1,92,1,156.04,156.04
2201,734,2,109,2,179.33,358.66
2202,734,3,14,3,49.18,147.54
2203,735,1,95,4,160.15,640.60
2204,735,2,112,5,183.44,917.20
2205,735,3,17,6,53.29,319.74
2206,736,1,98,7,164.26,1149.82
2207,736,2,3,8,34.11,272.88
2208,736,3,20,1,57.40,57.40
2209,737,1,101,2,168.37,336.74
2210,737,2,6,3,38.22,114.66
2211,737,3,23,4,61.51,246.04
2212,738,1,104,5,172.48,862.40
2213,738,2,9,6,42.33,253.98
2214,738,3,26,7,65.62,459.34
2215,739,1,107,8,176.59,1412.72
2216,739,2,12,1,46.44,46.44
2217,739,3,29,2,69.73,139.46
2218,740,1,110,3,180.70,542.10
2219,740,2,15,4,50.55,202.20
2220,740,3,32,5,73.84,369.20
2221,741,1,1,6,31.37,188.22
2222,741,2,18,7,54.66,382.62
2223,741,3,35,8,77.95,623.60
2224,742,1,4,1,35.48,35.48
2225,742,2,21,2,58.77,117.54
2226,742,3,38,3,82.06,246.18
2227,743,1,7,4,39.59,158.36
2228,743,2,24,5,62.88,314.40
2229,743,3,41,6,86.17,517.02
2230,744,1,10,7,43.70,305.90
2231,744,2,27,8,66.99,535.92
2232,744,3,44,1,90.28,90.28
2233,745,1,13,2,47.81,95.62
2234,745,2,30,3,71.10,213.30
2235,745,3,47,4,94.39,377.56
2236,746,1,16,5,51.92,259.60
2237,746,2,33,6,75.21,451.26
2238,746,3,50,7,98.50,689.50
2239,747,1,19,8,56.03,448.24
2240,747,2,36,1,79.32,79.32
2241,747,3,53,2,102.61,205.22
2242,748,1,22,3,60.14,180.42
2243,748,2,39,4,83.43,333.72
2244,748,3,56,5,106.72,533.60
2245,749,1,25,6,64.25,385.50
2246,749,2,42,7,87.54,612.78
2247,749,3,59,8,110.83,886.64
2248,750,1,28,1,68.36,68.36
2249,750,2,45,2,91.65,183.30
2250,750,3,62,3,114.94,344.82
2251,751,1,31,4,72.47,289.88
2252,751,2,48,5,95.76,478.80
2253,751,3,65,6,119.05,714.30
2254,752,1,34,7,76.58,536.06
2255,752,2,51,8,99.87,798.96
2256,752,3,68,1,123.16,123.16
2257,753,1,37,2,80.69,161.38
2258,753,2,54,3,103.98,311.94
2259,753,3,71,4,127.27,509.08
2260,754,1,40,5,84.80,424.00
2261,754,2,57,6,108.09,648.54
2262,754,3,74,7,131.38,919.66
2263,755,1,43,8,88.91,711.28
2264,755,2,60,1,112.20,112.20
2265,755,3,77,2,135.49,270.98
2266,756,1,46,3,93.02,279.06
2267,756,2,63,4,116.31,465.24
2268,756,3,80,5,139.60,698.00
2269,757,1,49,6,97.13,582.78
2270,757,2,66,7,120.42,842.94
2271,757,3,83,8,143.71,1149.68
2272,758,1,52,1,101.24,101.24
2273,758,2,69,2,124.53,249.06
2274,758,3,86,3,147.82,443.46
2275,759,1,55,4,105.35,421.40
2276,759,2,72,5,128.64,643.20
2277,759,3,89,6,151.93,911.58
2278,760,1,58,7,109.46,766.22
2279,760,2,75,8,132.75,1062.00
2280,760,3,92,1,156.04,156.04
2281,761,1,61,2,113.57,227.14
2282,761,2,78,3,136.86,410.58
2283,761,3,95,4,160.15,640.60
2284,762,1,64,5,117.68,588.40
2285,762,2,81,6,140.97,845.82
2286,762,3,98,7,164.26,1149.82
2287,763,1,67,8,121.79,974.32
2288,763,2,84,1,145.08,145.08
2289,763,3,101,2,168.37,336.74
2290,764,1,70,3,125.90,377.70
2291,764,2,87,4,149.19,596.76
2292,764,3,104,5,172.48,862.40
2293,765,1,73,6,130.01,780.06
2294,765,2,90,7,153.30,1073.10
2295,765,3,107,8,176.59,1412.72
2296,766,1,76,1,134.12,134.12
2297,766,2,93,2,157.41,314.82
2298,766,3,110,3,180.70,542.10
2299,767,1,79,4,138.23,552.92
2300,767,2,96,5,161.52,807.60
2301,767,3,1,6,31.37,188.22
2302,768,1,82,7,142.34,996.38
2303,768,2,99,8,165.63,1325.04
2304,768,3,4,1,35.48,35.48
2305,769,1,85,2,146.45,292.90
2306,769,2,102,3,169.74,509.22
2307,769,3,7,4,39.59,158.36
2308,770,1,88,5,150.56,752.80
2309,770,2,105,6,173.85,1043.10
2310,770,3,10,7,43.70,305.90
2311,771,1,91,8,154.67,1237.36
2312,771,2,108,1,177.96,177.96
2313,771,3,13,2,47.81,95.62
2314,772,1,94,3,158.78,476.34
2315,772,2,111,4,182.07,728.28
2316,772,3,16,5,51.92,259.60
2317,773,1,97,6,162.89,977.34
2318,773,2,2,7,32.74,229.18
2319,773,3,19,8,56.03,448.24
2320,774,1,100,1,167.00,167.00
2321,774,2,5,2,36.85,73.70
2322,774,3,22,3,60.14,180.42
2323,775,1,103,4,171.11,684.44
2324,775,2,8,5,40.96,204.80
2325,775,3,25,6,64.25,385.50
2326,776,1,106,7,175.22,1226.54
2327,776,2,11,8,45.07,360.56
2328,776,3,28,1,68.36,68.36
2329,777,1,109,2,179.33,358.66
2330,777,2,14,3,49.18,147.54
2331,777,3,31,4,72.47,289.88
2332,778,1,112,5,183.44,917.20
2333,778,2,17,6,53.29,319.74
2334,778,3,34,7,76.58,536.06
2335,779,1,3,8,34.11,272.88
2336,779,2,20,1,57.40,57.40
2337,779,3,37,2,80.69,161.38
2338,780,1,6,3,38.22,114.66
2339,780,2,23,4,61.51,246.04
2340,780,3,40,5,84.80,424.00
2341,781,1,9,6,42.33,253.98
2342,781,2,26,7,65.62,459.34
2343,781,3,43,8,88.91,711.28
2344,782,1,12,1,46.44,46.44
2345,782,2,29,2,69.73,139.46
2346,782,3,46,3,93.02,279.06
2347,783,1,15,4,50.55,202.20
2348,783,2,32,5,73.84,369.20
2349,783,3,49,6,97.13,582.78
2350,784,1,18,7,54.66,382.62
2351,784,2,35,8,77.95,623.60
2352,784,3,52,1,101.24,101.24
2353,785,1,21,2,58.77,117.54
2354,785,2,38,3,82.06,246.18
2355,785,3,55,4,105.35,421.40
2356,786,1,24,5,62.88,314.40
2357,786,2,41,6,86.17,517.02
2358,786,3,58,7,109.46,766.22
2359,787,1,27,8,66.99,535.92
2360,787,2,44,1,90.28,90.28
2361,787,3,61,2,113.57,227.14
2362,788,1,30,3,71.10,213.30
2363,788,2,47,4,94.39,377.56
2364,788,3,64,5,117.68,588.40
2365,789,1,33,6,75.21,451.26
2366,789,2,50,7,98.50,689.50
2367,789,3,67,8,121.79,974.32
2368,790,1,36,1,79.32,79.32
2369,790,2,53,2,102.61,205.22
2370,790,3,70,3,125.90,377.70
2371,791,1,39,4,83.43,333.72
2372,791,2,56,5,106.72,533.60
2373,791,3,73,6,130.01,780.06
2374,792,1,42,7,87.54,612.78
2375,792,2,59,8,110.83,886.64
2376,792,3,76,1,134.12,134.12
2377,793,1,45,2,91.65,183.30
2378,793,2,62,3,114.94,344.82
2379,793,3,79,4,138.23,552.92
2380,794,1,48,5,95.76,478.80
2381,794,2,65,6,119.05,714.30
2382,794,3,82,7,142.34,996.38
2383,795,1,51,8,99.87,798.96
2384,795,2,68,1,123.16,123.16
2385,795,3,85,2,146.45,292.90
2386,796,1,54,3,103.98,311.94
2387,796,2,71,4,127.27,509.08
2388,796,3,88,5,150.56,752.80
2389,797,1,57,6,108.09,648.54
2390,797,2,74,7,131.38,919.66
2391,797,3,91,8,154.67,1237.36
2392,798,1,60,1,112.20,112.20
2393,798,2,77,2,135.49,270.98
2394,798,3,94,3,158.78,476.34
2395,799,1,63,4,116.31,465.24
2396,799,2,80,5,139.60,698.00
2397,799,3,97,6,162.89,977.34
2398,800,1,66,7,120.42,842.94
2399,800,2,83,8,143.71,1149.68
2400,800,3,100,1,167.00,167.00
2401,801,1,69,2,124.53,249.06
2402,801,2,86,3,147.82,443.46
2403,801,3,103,4,171.11,684.44
2404,802,1,72,5,128.64,643.20
2405,802,2,89,6,151.93,911.58
2406,802,3,106,7,175.22,1226.54
2407,803,1,75,8,132.75,1062.00
2408,803,2,92,1,156.04,156.04
2409,803,3,109,2,179.33,358.66
2410,804,1,78,3,136.86,410.58
2411,804,2,95,4,160.15,640.60
2412,804,3,112,5,183.44,917.20
2413,805,1,81,6,140.97,845.82
2414,805,2,98,7,164.26,1149.82
2415,805,3,3,8,34.11,272.88
2416,806,1,84,1,145.08,145.08
2417,806,2,101,2,168.37,336.74
2418,806,3,6,3,38.22,114.66
2419,807,1,87,4,149.19,596.76
2420,807,2,104,5,172.48,862.40
2421,807,3,9,6,42.33,253.98
2422,808,1,90,7,153.30,1073.10
2423,808,2,107,8,176.59,1412.72
2424,808,3,12,1,46.44,46.44
2425,809,1,93,2,157.41,314.82
2426,809,2,110,3,180.70,542.10
2427,809,3,15,4,50.55,202.20
2428,810,1,96,5,161.52,807.60
2429,810,2,1,6,31.37,188.22
2430,810,3,18,7,54.66,382.62
2431,811,1,99,8,165.63,1325.04
2432,811,2,4,1,35.48,35.48
2433,811,3,21,2,58.77,117.54
2434,812,1,102,3,169.74,509.22
2435,812,2,7,4,39.59,158.36
2436,812,3,24,5,62.88,314.40
2437,813,1,105,6,173.85,1043.10
2438,813,2,10,7,43.70,305.90
2439,813,3,27,8,66.99,535.92
2440,814,1,108,1,177.96,177.96
2441,814,2,13,2,47.81,95.62
2442,814,3,30,3,71.10,213.30
2443,815,1,111,4,182.07,728.28
2444,815,2,16,5,51.92,259.60
2445,815,3,33,6,75.21,451.26
2446,816,1,2,7,32.74,229.18
2447,816,2,19,8,56.03,448.24
2448,816,3,36,1,79.32,79.32
2449,817,1,5,2,36.85,73.70
2450,817,2,22,3,60.14,180.42
2451,817,3,39,4,83.43,333.72
2452,818,1,8,5,40.96,204.80
2453,818,2,25,6,64.25,385.50
2454,818,3,42,7,87.54,612.78
2455,819,1,11,8,45.07,360.56
2456,819,2,28,1,68.36,68.36
2457,819,3,45,2,91.65,183.30
2458,820,1,14,3,49.18,147.54
2459,820,2,31,4,72.47,289.88
2460,820,3,48,5,95.76,478.80
2461,821,1,17,6,53.29,319.74
2462,821,2,34,7,76.58,536.06
2463,821,3,51,8,99.87,798.96
2464,822,1,20,1,57.40,57.40
2465,822,2,37,2,80.69,161.38
2466,822,3,54,3,103.98,311.94
2467,823,1,23,4,61.51,246.04
2468,823,2,40,5,84.80,424.00
2469,823,3,57,6,108.09,648.54
2470,824,1,26,7,65.62,459.34
2471,824,2,43,8,88.91,711.28
2472,824,3,60,1,112.20,112.20
2473,825,1,29,2,69.73,139.46
2474,825,2,46,3,93.02,279.06
2475,825,3,63,4,116.31,465.24
2476,826,1,32,5,73.84,369.20
2477,826,2,49,6,97.13,582.78
2478,826,3,66,7,120.42,842.94
2479,827,1,35,8,77.95,623.60
2480,827,2,52,1,101.24,101.24
2481,827,3,69,2,124.53,249.06
2482,828,1,38,3,82.06,246.18
2483,828,2,55,4,105.35,421.40
2484,828,3,72,5,128.64,643.20
2485,829,1,41,6,86.17,517.02
2486,829,2,58,7,109.46,766.22
2487,829,3,75,8,132.75,1062.00
2488,830,1,44,1,90.28,90.28
2489,830,2,61,2,113.57,227.14
2490,830,3,78,3,136.86,410.58
2491,831,1,47,4,94.39,377.56
2492,831,2,64,5,117.68,588.40
2493,831,3,81,6,140.97,845.82
2494,832,1,50,7,98.50,689.50
2495,832,2,67,8,121.79,974.32
2496,832,3,84,1,145.08,145.08
2497,833,1,53,2,102.61,205.22
2498,833,2,70,3,125.90,377.70
2499,833,3,87,4,149.19,596.76
2500,834,1,56,5,106.72,533.60
2501,834,2,73,6,130.01,780.06
2502,834,3,90,7,153.30,1073.10
2503,835,1,59,8,110.83,886.64
2504,835,2,76,1,134.12,134.12
2505,835,3,93,2,157.41,314.82
2506,836,1,62,3,114.94,344.82
2507,836,2,79,4,138.23,552.92
2508,836,3,96,5,161.52,807.60
2509,837,1,65,6,119.05,714.30
2510,837,2,82,7,142.34,996.38
2511,837,3,99,8,165.63,1325.04
2512,838,1,68,1,123.16,123.16
2513,838,2,85,2,146.45,292.90
2514,838,3,102,3,169.74,509.22
2515,839,1,71,4,127.27,509.08
2516,839,2,88,5,150.56,752.80
2517,839,3,105,6,173.85,1043.10
2518,840,1,74,7,131.38,919.66
2519,840,2,91,8,154.67,1237.36
2520,840,3,108,1,177.96,177.96
2521,841,1,77,2,135.49,270.98
2522,841,2,94,3,158.78,476.34
2523,841,3,111,4,182.07,728.28
2524,842,1,80,5,139.60,698.00
2525,842,2,97,6,162.89,977.34
2526,842,3,2,7,32.74,229.18
2527,843,1,83,8,143.71,1149.68
2528,843,2,100,1,167.00,167.00
2529,843,3,5,2,36.85,73.70
2530,844,1,86,3,147.82,443.46
2531,844,2,103,4,171.11,684.44
2532,844,3,8,5,40.96,204.80
2533,845,1,89,6,151.93,911.58
2534,845,2,106,7,175.22,1226.54
2535,845,3,11,8,45.07,360.56
2536,846,1,92,1,156.04,156.04
2537,846,2,109,2,179.33,358.66
2538,846,3,14,3,49.18,147.54
2539,847,1,95,4,160.15,640.60
2540,847,2,112,5,183.44,917.20
2541,847,3,17,6,53.29,319.74
2542,848,1,98,7,164.26,1149.82
2543,848,2,3,8,34.11,272.88
2544,848,3,20,1,57.40,57.40
2545,849,1,101,2,168.37,336.74
2546,849,2,6,3,38.22,114.66
2547,849,3,23,4,61.51,246.04
2548,850,1,104,5,172.48,862.40
2549,850,2,9,6,42.33,253.98
2550,850,3,26,7,65.62,459.34
2551,851,1,107,8,176.59,1412.72
2552,851,2,12,1,46.44,46.44
2553,851,3,29,2,69.73,139.46
2554,852,1,110,3,180.70,542.10
2555,852,2,15,4,50.55,202.20
2556,852,3,32,5,73.84,369.20
2557,853,1,1,6,31.37,188.22
2558,853,2,18,7,54.66,382.62
2559,853,3,35,8,77.95,623.60
2560,854,1,4,1,35.48,35.48
2561,854,2,21,2,58.77,117.54
2562,854,3,38,3,82.06,246.18
2563,855,1,7,4,39.59,158.36
2564,855,2,24,5,62.88,314.40
2565,855,3,41,6,86.17,517.02
2566,856,1,10,7,43.70,305.90
2567,856,2,27,8,66.99,535.92
2568,856,3,44,1,90.28,90.28
2569,857,1,13,2,47.81,95.62
2570,857,2,30,3,71.10,213.30
2571,857,3,47,4,94.39,377.56
2572,858,1,16,5,51.92,259.60
2573,858,2,33,6,75.21,451.26
2574,858,3,50,7,98.50,689.50
2575,859,1,19,8,56.03,448.24
2576,859,2,36,1,79.32,79.32
2577,859,3,53,2,102.61,205.22
2578,860,1,22,3,60.14,180.42
2579,860,2,39,4,83.43,333.72
2580,860,3,56,5,106.72,533.60
2581,861,1,25,6,64.25,385.50
2582,861,2,42,7,87.54,612.78
2583,861,3,59,8,110.83,886.64
2584,862,1,28,1,68.36,68.36
2585,862,2,45,2,91.65,183.30
2586,862,3,62,3,114.94,344.82
2587,863,1,31,4,72.47,289.88
2588,863,2,48,5,95.76,478.80
2589,863,3,65,6,119.05,714.30
2590,864,1,34,7,76.58,536.06
2591,864,2,51,8,99.87,798.96
2592,864,3,68,1,123.16,123.16
2593,865,1,37,2,80.69,161.38
2594,865,2,54,3,103.98,311.94
2595,865,3,71,4,127.27,509.08
2596,866,1,40,5,84.80,424.00
2597,866,2,57,6,108.09,648.54
2598,866,3,74,7,131.38,919.66
2599,867,1,43,8,88.91,711.28
2600,867,2,60,1,112.20,112.20
2601,867,3,77,2,135.49,270.98
2602,868,1,46,3,93.02,279.06
2603,868,2,63,4,116.31,465.24
2604,868,3,80,5,139.60,698.00
2605,869,1,49,6,97.13,582.78
2606,869,2,66,7,120.42,842.94
2607,869,3,83,8,143.71,1149.68
2608,870,1,52,1,101.24,101.24
2609,870,2,69,2,124.53,249.06
2610,870,3,86,3,147.82,443.46
2611,871,1,55,4,105.35,421.40
2612,871,2,72,5,128.64,643.20
2613,871,3,89,6,151.93,911.58
2614,872,1,58,7,109.46,766.22
2615,872,2,75,8,132.75,1062.00
2616,872,3,92,1,156.04,156.04
2617,873,1,61,2,113.57,227.14
2618,873,2,78,3,136.86,410.58
2619,873,3,95,4,160.15,640.60
2620,874,1,64,5,117.68,588.40
2621,874,2,81,6,140.97,845.82
2622,874,3,98,7,164.26,1149.82
2623,875,1,67,8,121.79,974.32
2624,875,2,84,1,145.08,145.08
2625,875,3,101,2,168.37,336.74
2626,876,1,70,3,125.90,377.70
2627,876,2,87,4,149.19,596.76
2628,876,3,104,5,172.48,862.40
2629,877,1,73,6,130.01,780.06
2630,877,2,90,7,153.30,1073.10
2631,877,3,107,8,176.59,1412.72
2632,878,1,76,1,134.12,134.12
2633,878,2,93,2,157.41,314.82
2634,878,3,110,3,180.70,542.10
2635,879,1,79,4,138.23,552.92
2636,879,2,96,5,161.52,807.60
2637,879,3,1,6,31.37,188.22
2638,880,1,82,7,142.34,996.38
2639,880,2,99,8,165.63,1325.04
2640,880,3,4,1,35.48,35.48
2641,881,1,85,2,146.45,292.90
2642,881,2,102,3,169.74,509.22
2643,881,3,7,4,39.59,158.36
2644,882,1,88,5,150.56,752.80
2645,882,2,105,6,173.85,1043.10
2646,882,3,10,7,43.70,305.90
2647,883,1,91,8,154.67,1237.36
2648,883,2,108,1,177.96,177.96
2649,883,3,13,2,47.81,95.62
2650,884,1,94,3,158.78,476.34
2651,884,2,111,4,182.07,728.28
2652,884,3,16,5,51.92,259.60
2653,885,1,97,6,162.89,977.34
2654,885,2,2,7,32.74,229.18
2655,885,3,19,8,56.03,448.24
2656,886,1,100,1,167.00,167.00
2657,886,2,5,2,36.85,73.70
2658,886,3,22,3,60.14,180.42
2659,887,1,103,4,171.11,684.44
2660,887,2,8,5,40.96,204.80
2661,887,3,25,6,64.25,385.50
2662,888,1,106,7,175.22,1226.54
2663,888,2,11,8,45.07,360.56
2664,888,3,28,1,68.36,68.36
2665,889,1,109,2,179.33,358.66
2666,889,2,14,3,49.18,147.54
2667,889,3,31,4,72.47,289.88
2668,890,1,112,5,183.44,917.20
2669,890,2,17,6,53.29,319.74
2670,890,3,34,7,76.58,536.06
2671,891,1,3,8,34.11,272.88
2672,891,2,20,1,57.40,57.40
2673,891,3,37,2,80.69,161.38
2674,892,1,6,3,38.22,114.66
2675,892,2,23,4,61.51,246.04
2676,892,3,40,5,84.80,424.00
2677,893,1,9,6,42.33,253.98
2678,893,2,26,7,65.62,459.34
2679,893,3,43,8,88.91,711.28
2680,894,1,12,1,46.44,46.44
2681,894,2,29,2,69.73,139.46
2682,894,3,46,3,93.02,279.06
2683,895,1,15,4,50.55,202.20
2684,895,2,32,5,73.84,369.20
2685,895,3,49,6,97.13,582.78
2686,896,1,18,7,54.66,382.62
2687,896,2,35,8,77.95,623.60
2688,896,3,52,1,101.24,101.24
2689,897,1,21,2,58.77,117.54
2690,897,2,38,3,82.06,246.18
2691,897,3,55,4,105.35,421.40
2692,898,1,24,5,62.88,314.40
2693,898,2,41,6,86.17,517.02
2694,898,3,58,7,109.46,766.22
2695,899,1,27,8,66.99,535.92
2696,899,2,44,1,90.28,90.28
2697,899,3,61,2,113.57,227.14
2698,900,1,30,3,71.10,213.30
2699,900,2,47,4,94.39,377.56
2700,900,3,64,5,117.68,588.40
2701,901,1,33,6,75.21,451.26
2702,901,2,50,7,98.50,689.50
2703,901,3,67,8,121.79,974.32
2704,902,1,36,1,79.32,79.32
2705,902,2,53,2,102.61,205.22
2706,902,3,70,3,125.90,377.70
2707,903,1,39,4,83.43,333.72
2708,903,2,56,5,106.72,533.60
2709,903,3,73,6,130.01,780.06
2710,904,1,42,7,87.54,612.78
2711,904,2,59,8,110.83,886.64
2712,904,3,76,1,134.12,134.12
2713,905,1,45,2,91.65,183.30
2714,905,2,62,3,114.94,344.82
2715,905,3,79,4,138.23,552.92
2716,906,1,48,5,95.76,478.80
2717,906,2,65,6,119.05,714.30
2718,906,3,82,7,142.34,996.38
2719,907,1,51,8,99.87,798.96
2720,907,2,68,1,123.16,123.16
2721,907,3,85,2,146.45,292.90
2722,908,1,54,3,103.98,311.94
2723,908,2,71,4,127.27,509.08
2724,908,3,88,5,150.56,752.80
2725,909,1,57,6,108.09,648.54
2726,909,2,74,7,131.38,919.66
2727,909,3,91,8,154.67,1237.36
2728,910,1,60,1,112.20,112.20
2729,910,2,77,2,135.49,270.98
2730,910,3,94,3,158.78,476.34
2731,911,1,63,4,116.31,465.24
2732,911,2,80,5,139.60,698.00
2733,911,3,97,6,162.89,977.34
2734,912,1,66,7,120.42,842.94
2735,912,2,83,8,143.71,1149.68
2736,912,3,100,1,167.00,167.00
2737,913,1,69,2,124.53,249.06
2738,913,2,86,3,147.82,443.46
2739,913,3,103,4,171.11,684.44
2740,914,1,72,5,128.64,643.20
2741,914,2,89,6,151.93,911.58
2742,914,3,106,7,175.22,1226.54
2743,915,1,75,8,132.75,1062.00
2744,915,2,92,1,156.04,156.04
2745,915,3,109,2,179.33,358.66
2746,916,1,78,3,136.86,410.58
2747,916,2,95,4,160.15,640.60
2748,916,3,112,5,183.44,917.20
2749,917,1,81,6,140.97,845.82
2750,917,2,98,7,164.26,1149.82
2751,917,3,3,8,34.11,272.88
2752,918,1,84,1,145.08,145.08
2753,918,2,101,2,168.37,336.74
2754,918,3,6,3,38.22,114.66
2755,919,1,87,4,149.19,596.76
2756,919,2,104,5,172.48,862.40
2757,919,3,9,6,42.33,253.98
2758,920,1,90,7,153.30,1073.10
2759,920,2,107,8,176.59,1412.72
2760,920,3,12,1,46.44,46.44
2761,921,1,93,2,157.41,314.82
2762,921,2,110,3,180.70,542.10
2763,921,3,15,4,50.55,202.20
2764,922,1,96,5,161.52,807.60
2765,922,2,1,6,31.37,188.22
2766,922,3,18,7,54.66,382.62
2767,923,1,99,8,165.63,1325.04
2768,923,2,4,1,35.48,35.48
2769,923,3,21,2,58.77,117.54
2770,924,1,102,3,169.74,509.22
2771,924,2,7,4,39.59,158.36
2772,924,3,24,5,62.88,314.40
2773,925,1,105,6,173.85,1043.10
2774,925,2,10,7,43.70,305.90
2775,925,3,27,8,66.99,535.92
2776,926,1,108,1,177.96,177.96
2777,926,2,13,2,47.81,95.62
2778,926,3,30,3,71.10,213.30
2779,927,1,111,4,182.07,728.28
2780,927,2,16,5,51.92,259.60
2781,927,3,33,6,75.21,451.26
2782,928,1,2,7,32.74,229.18
2783,928,2,19,8,56.03,448.24
2784,928,3,36,1,79.32,79.32
2785,929,1,5,2,36.85,73.70
2786,929,2,22,3,60.14,180.42
2787,929,3,39,4,83.43,333.72
2788,930,1,8,5,40.96,204.80
2789,930,2,25,6,64.25,385.50
2790,930,3,42,7,87.54,612.78
2791,931,1,11,8,45.07,360.56
2792,931,2,28,1,68.36,68.36
2793,931,3,45,2,91.65,183.30
2794,932,1,14,3,49.18,147.54
2795,932,2,31,4,72.47,289.88
2796,932,3,48,5,95.76,478.80
2797,933,1,17,6,53.29,319.74
2798,933,2,34,7,76.58,536.06
2799,933,3,51,8,99.87,798.96
2800,934,1,20,1,57.40,57.40
2801,934,2,37,2,80.69,161.38
2802,934,3,54,3,103.98,311.94
2803,935,1,23,4,61.51,246.04
2804,935,2,40,5,84.80,424.00
2805,935,3,57,6,108.09,648.54
2806,936,1,26,7,65.62,459.34
2807,936,2,43,8,88.91,711.28
2808,936,3,60,1,112.20,112.20
2809,937,1,29,2,69.73,139.46
2810,937,2,46,3,93.02,279.06
2811,937,3,63,4,116.31,465.24
2812,938,1,32,5,73.84,369.20
2813,938,2,49,6,97.13,582.78
2814,938,3,66,7,120.42,842.94
2815,939,1,35,8,77.95,623.60
2816,939,2,52,1,101.24,101.24
2817,939,3,69,2,124.53,249.06
2818,940,1,38,3,82.06,246.18
2819,940,2,55,4,105.35,421.40
2820,940,3,72,5,128.64,643.20
2821,941,1,41,6,86.17,517.02
2822,941,2,58,7,109.46,766.22
2823,941,3,75,8,132.75,1062.00
2824,942,1,44,1,90.28,90.28
2825,942,2,61,2,113.57,227.14
2826,942,3,78,3,136.86,410.58
2827,943,1,47,4,94.39,377.56
2828,943,2,64,5,117.68,588.40
2829,943,3,81,6,140.97,845.82
2830,944,1,50,7,98.50,689.50
2831,944,2,67,8,121.79,974.32
2832,944,3,84,1,145.08,145.08
2833,945,1,53,2,102.61,205.22
2834,945,2,70,3,125.90,377.70
2835,945,3,87,4,149.19,596.76
2836,946,1,56,5,106.72,533.60
2837,946,2,73,6,130.01,780.06
2838,946,3,90,7,153.30,1073.10
2839,947,1,59,8,110.83,886.64
2840,947,2,76,1,134.12,134.12
2841,947,3,93,2,157.41,314.82
2842,948,1,62,3,114.94,344.82
2843,948,2,79,4,138.23,552.92
2844,948,3,96,5,161.52,807.60
2845,949,1,65,6,119.05,714.30
2846,949,2,82,7,142.34,996.38
2847,949,3,99,8,165.63,1325.04
2848,950,1,68,1,123.16,123.16
2849,950,2,85,2,146.45,292.90
2850,950,3,102,3,169.74,509.22
2851,951,1,71,4,127.27,509.08
2852,951,2,88,5,150.56,752.80
2853,951,3,105,6,173.85,1043.10
2854,952,1,74,7,131.38,919.66
2855,952,2,91,8,154.67,1237.36
2856,952,3,108,1,177.96,177.96
2857,953,1,77,2,135.49,270.98
2858,953,2,94,3,158.78,476.34
2859,953,3,111,4,182.07,728.28
2860,954,1,80,5,139.60,698.00
2861,954,2,97,6,162.89,977.34
2862,954,3,2,7,32.74,229.18
2863,955,1,83,8,143.71,1149.68
2864,955,2,100,1,167.00,167.00
2865,955,3,5,2,36.85,73.70
2866,956,1,86,3,147.82,443.46
2867,956,2,103,4,171.11,684.44
2868,956,3,8,5,40.96,204.80
2869,957,1,89,6,151.93,911.58
2870,957,2,106,7,175.22,1226.54
2871,957,3,11,8,45.07,360.56
2872,958,1,92,1,156.04,156.04
2873,958,2,109,2,179.33,358.66
2874,958,3,14,3,49.18,147.54
2875,959,1,95,4,160.15,640.60
2876,959,2,112,5,183.44,917.20
2877,959,3,17,6,53.29,319.74
2878,960,1,98,7,164.26,1149.82
2879,960,2,3,8,34.11,272.88
2880,960,3,20,1,57.40,57.40
2881,961,1,101,2,168.37,336.74
2882,961,2,6,3,38.22,114.66
2883,961,3,23,4,61.51,246.04
2884,962,1,104,5,172.48,862.40
2885,962,2,9,6,42.33,253.98
2886,962,3,26,7,65.62,459.34
2887,963,1,107,8,176.59,1412.72
2888,963,2,12,1,46.44,46.44
2889,963,3,29,2,69.73,139.46
2890,964,1,110,3,180.70,542.10
2891,964,2,15,4,50.55,202.20
2892,964,3,32,5,73.84,369.20
2893,965,1,1,6,31.37,188.22
2894,965,2,18,7,54.66,382.62
2895,965,3,35,8,77.95,623.60
2896,966,1,4,1,35.48,35.48
2897,966,2,21,2,58.77,117.54
2898,966,3,38,3,82.06,246.18
2899,967,1,7,4,39.59,158.36
2900,967,2,24,5,62.88,314.40
2901,967,3,41,6,86.17,517.02
2902,968,1,10,7,43.70,305.90
2903,968,2,27,8,66.99,535.92
2904,968,3,44,1,90.28,90.28
2905,969,1,13,2,47.81,95.62
2906,969,2,30,3,71.10,213.30
2907,969,3,47,4,94.39,377.56
2908,970,1,16,5,51.92,259.60
2909,970,2,33,6,75.21,451.26
2910,970,3,50,7,98.50,689.50
2911,971,1,19,8,56.03,448.24
2912,971,2,36,1,79.32,79.32
2913,971,3,53,2,102.61,205.22
2914,972,1,22,3,60.14,180.42
2915,972,2,39,4,83.43,333.72
2916,972,3,56,5,106.72,533.60
2917,973,1,25,6,64.25,385.50
2918,973,2,42,7,87.54,612.78
2919,973,3,59,8,110.83,886.64
2920,974,1,28,1,68.36,68.36
2921,974,2,45,2,91.65,183.30
2922,974,3,62,3,114.94,344.82
2923,975,1,31,4,72.47,289.88
2924,975,2,48,5,95.76,478.80
2925,975,3,65,6,119.05,714.30
2926,976,1,34,7,76.58,536.06
2927,976,2,51,8,99.87,798.96
2928,976,3,68,1,123.16,123.16
2929,977,1,37,2,80.69,161.38
2930,977,2,54,3,103.98,311.94
2931,977,3,71,4,127.27,509.08
2932,978,1,40,5,84.80,424.00
2933,978,2,57,6,108.09,648.54
2934,978,3,74,7,131.38,919.66
2935,979,1,43,8,88.91,711.28
2936,979,2,60,1,112.20,112.20
2937,979,3,77,2,135.49,270.98
2938,980,1,46,3,93.02,279.06
2939,980,2,63,4,116.31,465.24
2940,980,3,80,5,139.60,698.00
2941,981,1,49,6,97.13,582.78
2942,981,2,66,7,120.42,842.94
2943,981,3,83,8,143.71,1149.68
2944,982,1,52,1,101.24,101.24
2945,982,2,69,2,124.53,249.06
2946,982,3,86,3,147.82,443.46
2947,983,1,55,4,105.35,421.40
2948,983,2,72,5,128.64,643.20
2949,983,3,89,6,151.93,911.58
2950,984,1,58,7,109.46,766.22
2951,984,2,75,8,132.75,1062.00
2952,984,3,92,1,156.04,156.04
2953,985,1,61,2,113.57,227.14
2954,985,2,78,3,136.86,410.58
2955,985,3,95,4,160.15,640.60
2956,986,1,64,5,117.68,588.40
2957,986,2,81,6,140.97,845.82
2958,986,3,98,7,164.26,1149.82
2959,987,1,67,8,121.79,974.32
2960,987,2,84,1,145.08,145.08
2961,987,3,101,2,168.37,336.74
2962,988,1,70,3,125.90,377.70
2963,988,2,87,4,149.19,596.76
2964,988,3,104,5,172.48,862.40
2965,989,1,73,6,130.01,780.06
2966,989,2,90,7,153.30,1073.10
2967,989,3,107,8,176.59,1412.72
2968,990,1,76,1,134.12,134.12
2969,990,2,93,2,157.41,314.82
2970,990,3,110,3,180.70,542.10
2971,991,1,79,4,138.23,552.92
2972,991,2,96,5,161.52,807.60
2973,991,3,1,6,31.37,188.22
2974,992,1,82,7,142.34,996.38
2975,992,2,99,8,165.63,1325.04
2976,992,3,4,1,35.48,35.48
2977,993,1,85,2,146.45,292.90
2978,993,2,102,3,169.74,509.22
2979,993,3,7,4,39.59,158.36
2980,994,1,88,5,150.56,752.80
2981,994,2,105,6,173.85,1043.10
2982,994,3,10,7,43.70,305.90
2983,995,1,91,8,154.67,1237.36
2984,995,2,108,1,177.96,177.96
2985,995,3,13,2,47.81,95.62
2986,996,1,94,3,158.78,476.34
2987,996,2,111,4,182.07,728.28
2988,996,3,16,5,51.92,259.60
2989,997,1,97,6,162.89,977.34
2990,997,2,2,7,32.74,229.18
2991,997,3,19,8,56.03,448.24
2992,998,1,100,1,167.00,167.00
2993,998,2,5,2,36.85,73.70
2994,998,3,22,3,60.14,180.42
2995,999,1,103,4,171.11,684.44
2996,999,2,8,5,40.96,204.80
2997,999,3,25,6,64.25,385.50
2998,1000,1,106,7,175.22,1226.54
2999,1000,2,11,8,45.07,360.56
3000,1000,3,28,1,68.36,68.36
3001,1001,1,109,2,179.33,358.66
3002,1001,2,14,3,49.18,147.54
3003,1001,3,31,4,72.47,289.88
3004,1002,1,112,5,183.44,917.20
3005,1002,2,17,6,53.29,319.74
3006,1002,3,34,7,76.58,536.06
3007,1003,1,3,8,34.11,272.88
3008,1003,2,20,1,57.40,57.40
3009,1003,3,37,2,80.69,161.38
3010,1004,1,6,3,38.22,114.66
3011,1004,2,23,4,61.51,246.04
3012,1004,3,40,5,84.80,424.00
3013,1005,1,9,6,42.33,253.98
3014,1005,2,26,7,65.62,459.34
3015,1005,3,43,8,88.91,711.28
3016,1006,1,12,1,46.44,46.44
3017,1006,2,29,2,69.73,139.46
3018,1006,3,46,3,93.02,279.06
3019,1007,1,15,4,50.55,202.20
3020,1007,2,32,5,73.84,369.20
3021,1007,3,49,6,97.13,582.78
3022,1008,1,18,7,54.66,382.62
3023,1008,2,35,8,77.95,623.60
3024,1008,3,52,1,101.24,101.24
3025,1009,1,21,2,58.77,117.54
3026,1009,2,38,3,82.06,246.18
3027,1009,3,55,4,105.35,421.40
3028,1010,1,24,5,62.88,314.40
3029,1010,2,41,6,86.17,517.02
3030,1010,3,58,7,109.46,766.22
3031,1011,1,27,8,66.99,535.92
3032,1011,2,44,1,90.28,90.28
3033,1011,3,61,2,113.57,227.14
3034,1012,1,30,3,71.10,213.30
3035,1012,2,47,4,94.39,377.56
3036,1012,3,64,5,117.68,588.40
3037,1013,1,33,6,75.21,451.26
3038,1013,2,50,7,98.50,689.50
3039,1013,3,67,8,121.79,974.32
3040,1014,1,36,1,79.32,79.32
3041,1014,2,53,2,102.61,205.22
3042,1014,3,70,3,125.90,377.70
3043,1015,1,39,4,83.43,333.72
3044,1015,2,56,5,106.72,533.60
3045,1015,3,73,6,130.01,780.06
3046,1016,1,42,7,87.54,612.78
3047,1016,2,59,8,110.83,886.64
3048,1016,3,76,1,134.12,134.12
3049,1017,1,45,2,91.65,183.30
3050,1017,2,62,3,114.94,344.82
3051,1017,3,79,4,138.23,552.92
3052,1018,1,48,5,95.76,478.80
3053,1018,2,65,6,119.05,714.30
3054,1018,3,82,7,142.34,996.38
3055,1019,1,51,8,99.87,798.96
3056,1019,2,68,1,123.16,123.16
3057,1019,3,85,2,146.45,292.90
3058,1020,1,54,3,103.98,311.94
3059,1020,2,71,4,127.27,509.08
3060,1020,3,88,5,150.56,752.80
3061,1021,1,57,6,108.09,648.54
3062,1021,2,74,7,131.38,919.66
3063,1021,3,91,8,154.67,1237.36
3064,1022,1,60,1,112.20,112.20
3065,1022,2,77,2,135.49,270.98
3066,1022,3,94,3,158.78,476.34
3067,1023,1,63,4,116.31,465.24
3068,1023,2,80,5,139.60,698.00
3069,1023,3,97,6,162.89,977.34
3070,1024,1,66,7,120.42,842.94
3071,1024,2,83,8,143.71,1149.68
3072,1024,3,100,1,167.00,167.00
3073,1025,1,69,2,124.53,249.06
3074,1025,2,86,3,147.82,443.46
3075,1025,3,103,4,171.11,684.44
3076,1026,1,72,5,128.64,643.20
3077,1026,2,89,6,151.93,911.58
3078,1026,3,106,7,175.22,1226.54
3079,1027,1,75,8,132.75,1062.00
3080,1027,2,92,1,156.04,156.04
3081,1027,3,109,2,179.33,358.66
3082,1028,1,78,3,136.86,410.58
3083,1028,2,95,4,160.15,640.60
3084,1028,3,112,5,183.44,917.20
3085,1029,1,81,6,140.97,845.82
3086,1029,2,98,7,164.26,1149.82
3087,1029,3,3,8,34.11,272.88
3088,1030,1,84,1,145.08,145.08
3089,1030,2,101,2,168.37,336.74
3090,1030,3,6,3,38.22,114.66
3091,1031,1,87,4,149.19,596.76
3092,1031,2,104,5,172.48,862.40
3093,1031,3,9,6,42.33,253.98
3094,1032,1,90,7,153.30,1073.10
3095,1032,2,107,8,176.59,1412.72
3096,1032,3,12,1,46.44,46.44
3097,1033,1,93,2,157.41,314.82
3098,1033,2,110,3,180.70,542.10
3099,1033,3,15,4,50.55,202.20
3100,1034,1,96,5,161.52,807.60
3101,1034,2,1,6,31.37,188.22
3102,1034,3,18,7,54.66,382.62
3103,1035,1,99,8,165.63,1325.04
3104,1035,2,4,1,35.48,35.48
3105,1035,3,21,2,58.77,117.54
3106,1036,1,102,3,169.74,509.22
3107,1036,2,7,4,39.59,158.36
3108,1036,3,24,5,62.88,314.40
3109,1037,1,105,6,173.85,1043.10
3110,1037,2,10,7,43.70,305.90
3111,1037,3,27,8,66.99,535.92
3112,1038,1,108,1,177.96,177.96
3113,1038,2,13,2,47.81,95.62
3114,1038,3,30,3,71.10,213.30
3115,1039,1,111,4,182.07,728.28
3116,1039,2,16,5,51.92,259.60
3117,1039,3,33,6,75.21,451.26
3118,1040,1,2,7,32.74,229.18
3119,1040,2,19,8,56.03,448.24
3120,1040,3,36,1,79.32,79.32
3121,1041,1,5,2,36.85,73.70
3122,1041,2,22,3,60.14,180.42
3123,1041,3,39,4,83.43,333.72
3124,1042,1,8,5,40.96,204.80
3125,1042,2,25,6,64.25,385.50
3126,1042,3,42,7,87.54,612.78
3127,1043,1,11,8,45.07,360.56
3128,1043,2,28,1,68.36,68.36
3129,1043,3,45,2,91.65,183.30
3130,1044,1,14,3,49.18,147.54
3131,1044,2,31,4,72.47,289.88
3132,1044,3,48,5,95.76,478.80
3133,1045,1,17,6,53.29,319.74
3134,1045,2,34,7,76.58,536.06
3135,1045,3,51,8,99.87,798.96
3136,1046,1,20,1,57.40,57.40
3137,1046,2,37,2,80.69,161.38
3138,1046,3,54,3,103.98,311.94
3139,1047,1,23,4,61.51,246.04
3140,1047,2,40,5,84.80,424.00
3141,1047,3,57,6,108.09,648.54
3142,1048,1,26,7,65.62,459.34
3143,1048,2,43,8,88.91,711.28
3144,1048,3,60,1,112.20,112.20
3145,1049,1,29,2,69.73,139.46
3146,1049,2,46,3,93.02,279.06
3147,1049,3,63,4,116.31,465.24
3148,1050,1,32,5,73.84,369.20
3149,1050,2,49,6,97.13,582.78
3150,1050,3,66,7,120.42,842.94
3151,1051,1,35,8,77.95,623.60
3152,1051,2,52,1,101.24,101.24
3153,1051,3,69,2,124.53,249.06
3154,1052,1,38,3,82.06,246.18
3155,1052,2,55,4,105.35,421.40
3156,1052,3,72,5,128.64,643.20
3157,1053,1,41,6,86.17,517.02
3158,1053,2,58,7,109.46,766.22
3159,1053,3,75,8,132.75,1062.00
3160,1054,1,44,1,90.28,90.28
3161,1054,2,61,2,113.57,227.14
3162,1054,3,78,3,136.86,410.58
3163,1055,1,47,4,94.39,377.56
3164,1055,2,64,5,117.68,588.40
3165,1055,3,81,6,140.97,845.82
3166,1056,1,50,7,98.50,689.50
3167,1056,2,67,8,121.79,974.32
3168,1056,3,84,1,145.08,145.08
3169,1057,1,53,2,102.61,205.22
3170,1057,2,70,3,125.90,377.70
3171,1057,3,87,4,149.19,596.76
3172,1058,1,56,5,106.72,533.60
3173,1058,2,73,6,130.01,780.06
3174,1058,3,90,7,153.30,1073.10
3175,1059,1,59,8,110.83,886.64
3176,1059,2,76,1,134.12,134.12
3177,1059,3,93,2,157.41,314.82
3178,1060,1,62,3,114.94,344.82
3179,1060,2,79,4,138.23,552.92
3180,1060,3,96,5,161.52,807.60
3181,1061,1,65,6,119.05,714.30
3182,1061,2,82,7,142.34,996.38
3183,1061,3,99,8,165.63,1325.04
3184,1062,1,68,1,123.16,123.16
3185,1062,2,85,2,146.45,292.90
3186,1062,3,102,3,169.74,509.22
3187,1063,1,71,4,127.27,509.08
3188,1063,2,88,5,150.56,752.80
3189,1063,3,105,6,173.85,1043.10
3190,1064,1,74,7,131.38,919.66
3191,1064,2,91,8,154.67,1237.36
3192,1064,3,108,1,177.96,177.96
3193,1065,1,77,2,135.49,270.98
3194,1065,2,94,3,158.78,476.34
3195,1065,3,111,4,182.07,728.28
3196,1066,1,80,5,139.60,698.00
3197,1066,2,97,6,162.89,977.34
3198,1066,3,2,7,32.74,229.18
3199,1067,1,83,8,143.71,1149.68
3200,1067,2,100,1,167.00,167.00
3201,1067,3,5,2,36.85,73.70
3202,1068,1,86,3,147.82,443.46
3203,1068,2,103,4,171.11,684.44
3204,1068,3,8,5,40.96,204.80
3205,1069,1,89,6,151.93,911.58
3206,1069,2,106,7,175.22,1226.54
3207,1069,3,11,8,45.07,360.56
3208,1070,1,92,1,156.04,156.04
3209,1070,2,109,2,179.33,358.66
3210,1070,3,14,3,49.18,147.54
3211,1071,1,95,4,160.15,640.60
3212,1071,2,112,5,183.44,917.20
3213,1071,3,17,6,53.29,319.74
3214,1072,1,98,7,164.26,1149.82
3215,1072,2,3,8,34.11,272.88
3216,1072,3,20,1,57.40,57.40
3217,1073,1,101,2,168.37,336.74
3218,1073,2,6,3,38.22,114.66
3219,1073,3,23,4,61.51,246.04
3220,1074,1,104,5,172.48,862.40
3221,1074,2,9,6,42.33,253.98
3222,1074,3,26,7,65.62,459.34
3223,1075,1,107,8,176.59,1412.72
3224,1075,2,12,1,46.44,46.44
3225,1075,3,29,2,69.73,139.46
3226,1076,1,110,3,180.70,542.10
3227,1076,2,15,4,50.55,202.20
3228,1076,3,32,5,73.84,369.20
3229,1077,1,1,6,31.37,188.22
3230,1077,2,18,7,54.66,382.62
3231,1077,3,35,8,77.95,623.60
3232,1078,1,4,1,35.48,35.48
3233,1078,2,21,2,58.77,117.54
3234,1078,3,38,3,82.06,246.18
3235,1079,1,7,4,39.59,158.36
3236,1079,2,24,5,62.88,314.40
3237,1079,3,41,6,86.17,517.02
3238,1080,1,10,7,43.70,305.90
3239,1080,2,27,8,66.99,535.92
3240,1080,3,44,1,90.28,90.28
3241,1081,1,13,2,47.81,95.62
3242,1081,2,30,3,71.10,213.30
3243,1081,3,47,4,94.39,377.56
3244,1082,1,16,5,51.92,259.60
3245,1082,2,33,6,75.21,451.26
3246,1082,3,50,7,98.50,689.50
3247,1083,1,19,8,56.03,448.24
3248,1083,2,36,1,79.32,79.32
3249,1083,3,53,2,102.61,205.22
3250,1084,1,22,3,60.14,180.42
3251,1084,2,39,4,83.43,333.72
3252,1084,3,56,5,106.72,533.60
3253,1085,1,25,6,64.25,385.50
3254,1085,2,42,7,87.54,612.78
3255,1085,3,59,8,110.83,886.64
3256,1086,1,28,1,68.36,68.36
3257,1086,2,45,2,91.65,183.30
3258,1086,3,62,3,114.94,344.82
3259,1087,1,31,4,72.47,289.88
3260,1087,2,48,5,95.76,478.80
3261,1087,3,65,6,119.05,714.30
3262,1088,1,34,7,76.58,536.06
3263,1088,2,51,8,99.87,798.96
3264,1088,3,68,1,123.16,123.16
3265,1089,1,37,2,80.69,161.38
3266,1089,2,54,3,103.98,311.94
3267,1089,3,71,4,127.27,509.08
3268,1090,1,40,5,84.80,424.00
3269,1090,2,57,6,108.09,648.54
3270,1090,3,74,7,131.38,919.66
3271,1091,1,43,8,88.91,711.28
3272,1091,2,60,1,112.20,112.20
3273,1091,3,77,2,135.49,270.98
3274,1092,1,46,3,93.02,279.06
3275,1092,2,63,4,116.31,465.24
3276,1092,3,80,5,139.60,698.00
3277,1093,1,49,6,97.13,582.78
3278,1093,2,66,7,120.42,842.94
3279,1093,3,83,8,143.71,1149.68
3280,1094,1,52,1,101.24,101.24
3281,1094,2,69,2,124.53,249.06
3282,1094,3,86,3,147.82,443.46
3283,1095,1,55,4,105.35,421.40
3284,1095,2,72,5,128.64,643.20
3285,1095,3,89,6,151.93,911.58
3286,1096,1,58,7,109.46,766.22
3287,1096,2,75,8,132.75,1062.00
3288,1096,3,92,1,156.04,156.04
3289,1097,1,61,2,113.57,227.14
3290,1097,2,78,3,136.86,410.58
3291,1097,3,95,4,160.15,640.60
3292,1098,1,64,5,117.68,588.40
3293,1098,2,81,6,140.97,845.82
3294,1098,3,98,7,164.26,1149.82
3295,1099,1,67,8,121.79,974.32
3296,1099,2,84,1,145.08,145.08
3297,1099,3,101,2,168.37,336.74
3298,1100,1,70,3,125.90,377.70
3299,1100,2,87,4,149.19,596.76
3300,1100,3,104,5,172.48,862.40
3301,1101,1,73,6,130.01,780.06
3302,1101,2,90,7,153.30,1073.10
3303,1101,3,107,8,176.59,1412.72
3304,1102,1,76,1,134.12,134.12
3305,1102,2,93,2,157.41,314.82
3306,1102,3,110,3,180.70,542.10
3307,1103,1,79,4,138.23,552.92
3308,1103,2,96,5,161.52,807.60
3309,1103,3,1,6,31.37,188.22
3310,1104,1,82,7,142.34,996.38
3311,1104,2,99,8,165.63,1325.04
3312,1104,3,4,1,35.48,35.48
3313,1105,1,85,2,146.45,292.90
3314,1105,2,102,3,169.74,509.22
3315,1105,3,7,4,39.59,158.36
3316,1106,1,88,5,150.56,752.80
3317,1106,2,105,6,173.85,1043.10
3318,1106,3,10,7,43.70,305.90
3319,1107,1,91,8,154.67,1237.36
3320,1107,2,108,1,177.96,177.96
3321,1107,3,13,2,47.81,95.62
3322,1108,1,94,3,158.78,476.34
3323,1108,2,111,4,182.07,728.28
3324,1108,3,16,5,51.92,259.60
3325,1109,1,97,6,162.89,977.34
3326,1109,2,2,7,32.74,229.18
3327,1109,3,19,8,56.03,448.24
3328,1110,1,100,1,167.00,167.00
3329,1110,2,5,2,36.85,73.70
3330,1110,3,22,3,60.14,180.42
3331,1111,1,103,4,171.11,684.44
3332,1111,2,8,5,40.96,204.80
3333,1111,3,25,6,64.25,385.50
3334,1112,1,106,7,175.22,1226.54
3335,1112,2,11,8,45.07,360.56
3336,1112,3,28,1,68.36,68.36
3337,1113,1,109,2,179.33,358.66
3338,1113,2,14,3,49.18,147.54
3339,1113,3,31,4,72.47,289.88
3340,1114,1,112,5,183.44,917.20
3341,1114,2,17,6,53.29,319.74
3342,1114,3,34,7,76.58,536.06
3343,1115,1,3,8,34.11,272.88
3344,1115,2,20,1,57.40,57.40
3345,1115,3,37,2,80.69,161.38
3346,1116,1,6,3,38.22,114.66
3347,1116,2,23,4,61.51,246.04
3348,1116,3,40,5,84.80,424.00
3349,1117,1,9,6,42.33,253.98
3350,1117,2,26,7,65.62,459.34
3351,1117,3,43,8,88.91,711.28
3352,1118,1,12,1,46.44,46.44
3353,1118,2,29,2,69.73,139.46
3354,1118,3,46,3,93.02,279.06
3355,1119,1,15,4,50.55,202.20
3356,1119,2,32,5,73.84,369.20
3357,1119,3,49,6,97.13,582.78
3358,1120,1,18,7,54.66,382.62
3359,1120,2,35,8,77.95,623.60
3360,1120,3,52,1,101.24,101.24
3361,1121,1,21,2,58.77,117.54
3362,1121,2,38,3,82.06,246.18
3363,1121,3,55,4,105.35,421.40
3364,1122,1,24,5,62.88,314.40
3365,1122,2,41,6,86.17,517.02
3366,1122,3,58,7,109.46,766.22
3367,1123,1,27,8,66.99,535.92
3368,1123,2,44,1,90.28,90.28
3369,1123,3,61,2,113.57,227.14
3370,1124,1,30,3,71.10,213.30
3371,1124,2,47,4,94.39,377.56
3372,1124,3,64,5,117.68,588.40
3373,1125,1,33,6,75.21,451.26
3374,1125,2,50,7,98.50,689.50
3375,1125,3,67,8,121.79,974.32
3376,1126,1,36,1,79.32,79.32
3377,1126,2,53,2,102.61,205.22
3378,1126,3,70,3,125.90,377.70
3379,1127,1,39,4,83.43,333.72
3380,1127,2,56,5,106.72,533.60
3381,1127,3,73,6,130.01,780.06
3382,1128,1,42,7,87.54,612.78
3383,1128,2,59,8,110.83,886.64
3384,1128,3,76,1,134.12,134.12
3385,1129,1,45,2,91.65,183.30
3386,1129,2,62,3,114.94,344.82
3387,1129,3,79,4,138.23,552.92
3388,1130,1,48,5,95.76,478.80
3389,1130,2,65,6,119.05,714.30
3390,1130,3,82,7,142.34,996.38
3391,1131,1,51,8,99.87,798.96
3392,1131,2,68,1,123.16,123.16
3393,1131,3,85,2,146.45,292.90
3394,1132,1,54,3,103.98,311.94
3395,1132,2,71,4,127.27,509.08
3396,1132,3,88,5,150.56,752.80
3397,1133,1,57,6,108.09,648.54
3398,1133,2,74,7,131.38,919.66
3399,1133,3,91,8,154.67,1237.36
3400,1134,1,60,1,112.20,112.20
3401,1134,2,77,2,135.49,270.98
3402,1134,3,94,3,158.78,476.34
3403,1135,1,63,4,116.31,465.24
3404,1135,2,80,5,139.60,698.00
3405,1135,3,97,6,162.89,977.34
3406,1136,1,66,7,120.42,842.94
3407,1136,2,83,8,143.71,1149.68
3408,1136,3,100,1,167.00,167.00
3409,1137,1,69,2,124.53,249.06
3410,1137,2,86,3,147.82,443.46
3411,1137,3,103,4,171.11,684.44
3412,1138,1,72,5,128.64,643.20
3413,1138,2,89,6,151.93,911.58
3414,1138,3,106,7,175.22,1226.54
3415,1139,1,75,8,132.75,1062.00
3416,1139,2,92,1,156.04,156.04
3417,1139,3,109,2,179.33,358.66
3418,1140,1,78,3,136.86,410.58
3419,1140,2,95,4,160.15,640.60
3420,1140,3,112,5,183.44,917.20
3421,1141,1,81,6,140.97,845.82
3422,1141,2,98,7,164.26,1149.82
3423,1141,3,3,8,34.11,272.88
3424,1142,1,84,1,145.08,145.08
3425,1142,2,101,2,168.37,336.74
3426,1142,3,6,3,38.22,114.66
3427,1143,1,87,4,149.19,596.76
3428,1143,2,104,5,172.48,862.40
3429,1143,3,9,6,42.33,253.98
3430,1144,1,90,7,153.30,1073.10
3431,1144,2,107,8,176.59,1412.72
3432,1144,3,12,1,46.44,46.44
3433,1145,1,93,2,157.41,314.82
3434,1145,2,110,3,180.70,542.10
3435,1145,3,15,4,50.55,202.20
3436,1146,1,96,5,161.52,807.60
3437,1146,2,1,6,31.37,188.22
3438,1146,3,18,7,54.66,382.62
3439,1147,1,99,8,165.63,1325.04
3440,1147,2,4,1,35.48,35.48
3441,1147,3,21,2,58.77,117.54
3442,1148,1,102,3,169.74,509.22
3443,1148,2,7,4,39.59,158.36
3444,1148,3,24,5,62.88,314.40
3445,1149,1,105,6,173.85,1043.10
3446,1149,2,10,7,43.70,305.90
3447,1149,3,27,8,66.99,535.92
3448,1150,1,108,1,177.96,177.96
3449,1150,2,13,2,47.81,95.62
3450,1150,3,30,3,71.10,213.30
3451,1151,1,111,4,182.07,728.28
3452,1151,2,16,5,51.92,259.60
3453,1151,3,33,6,75.21,451.26
3454,1152,1,2,7,32.74,229.18
3455,1152,2,19,8,56.03,448.24
3456,1152,3,36,1,79.32,79.32
3457,1153,1,5,2,36.85,73.70
3458,1153,2,22,3,60.14,180.42
3459,1153,3,39,4,83.43,333.72
3460,1154,1,8,5,40.96,204.80
3461,1154,2,25,6,64.25,385.50
3462,1154,3,42,7,87.54,612.78
3463,1155,1,11,8,45.07,360.56
3464,1155,2,28,1,68.36,68.36
3465,1155,3,45,2,91.65,183.30
3466,1156,1,14,3,49.18,147.54
3467,1156,2,31,4,72.47,289.88
3468,1156,3,48,5,95.76,478.80
3469,1157,1,17,6,53.29,319.74
3470,1157,2,34,7,76.58,536.06
3471,1157,3,51,8,99.87,798.96
3472,1158,1,20,1,57.40,57.40
3473,1158,2,37,2,80.69,161.38
3474,1158,3,54,3,103.98,311.94
3475,1159,1,23,4,61.51,246.04
3476,1159,2,40,5,84.80,424.00
3477,1159,3,57,6,108.09,648.54
3478,1160,1,26,7,65.62,459.34
3479,1160,2,43,8,88.91,711.28
3480,1160,3,60,1,112.20,112.20
3481,1161,1,29,2,69.73,139.46
3482,1161,2,46,3,93.02,279.06
3483,1161,3,63,4,116.31,465.24
3484,1162,1,32,5,73.84,369.20
3485,1162,2,49,6,97.13,582.78
3486,1162,3,66,7,120.42,842.94
3487,1163,1,35,8,77.95,623.60
3488,1163,2,52,1,101.24,101.24
3489,1163,3,69,2,124.53,249.06
3490,1164,1,38,3,82.06,246.18
3491,1164,2,55,4,105.35,421.40
3492,1164,3,72,5,128.64,643.20
3493,1165,1,41,6,86.17,517.02
3494,1165,2,58,7,109.46,766.22
3495,1165,3,75,8,132.75,1062.00
3496,1166,1,44,1,90.28,90.28
3497,1166,2,61,2,113.57,227.14
3498,1166,3,78,3,136.86,410.58
3499,1167,1,47,4,94.39,377.56
3500,1167,2,64,5,117.68,588.40
3501,1167,3,81,6,140.97,845.82
3502,1168,1,50,7,98.50,689.50
3503,1168,2,67,8,121.79,974.32
3504,1168,3,84,1,145.08,145.08
3505,1169,1,53,2,102.61,205.22
3506,1169,2,70,3,125.90,377.70
3507,1169,3,87,4,149.19,596.76
3508,1170,1,56,5,106.72,533.60
3509,1170,2,73,6,130.01,780.06
3510,1170,3,90,7,153.30,1073.10
3511,1171,1,59,8,110.83,886.64
3512,1171,2,76,1,134.12,134.12
3513,1171,3,93,2,157.41,314.82
3514,1172,1,62,3,114.94,344.82
3515,1172,2,79,4,138.23,552.92
3516,1172,3,96,5,161.52,807.60
3517,1173,1,65,6,119.05,714.30
3518,1173,2,82,7,142.34,996.38
3519,1173,3,99,8,165.63,1325.04
3520,1174,1,68,1,123.16,123.16
3521,1174,2,85,2,146.45,292.90
3522,1174,3,102,3,169.74,509.22
3523,1175,1,71,4,127.27,509.08
3524,1175,2,88,5,150.56,752.80
3525,1175,3,105,6,173.85,1043.10
3526,1176,1,74,7,131.38,919.66
3527,1176,2,91,8,154.67,1237.36
3528,1176,3,108,1,177.96,177.96
3529,1177,1,77,2,135.49,270.98
3530,1177,2,94,3,158.78,476.34
3531,1177,3,111,4,182.07,728.28
3532,1178,1,80,5,139.60,698.00
3533,1178,2,97,6,162.89,977.34
3534,1178,3,2,7,32.74,229.18
3535,1179,1,83,8,143.71,1149.68
3536,1179,2,100,1,167.00,167.00
3537,1179,3,5,2,36.85,73.70
3538,1180,1,86,3,147.82,443.46
3539,1180,2,103,4,171.11,684.44
3540,1180,3,8,5,40.96,204.80
3541,1181,1,89,6,151.93,911.58
3542,1181,2,106,7,175.22,1226.54
3543,1181,3,11,8,45.07,360.56
3544,1182,1,92,1,156.04,156.04
3545,1182,2,109,2,179.33,358.66
3546,1182,3,14,3,49.18,147.54
3547,1183,1,95,4,160.15,640.60
3548,1183,2,112,5,183.44,917.20
3549,1183,3,17,6,53.29,319.74
3550,1184,1,98,7,164.26,1149.82
3551,1184,2,3,8,34.11,272.88
3552,1184,3,20,1,57.40,57.40
3553,1185,1,101,2,168.37,336.74
3554,1185,2,6,3,38.22,114.66
3555,1185,3,23,4,61.51,246.04
3556,1186,1,104,5,172.48,862.40
3557,1186,2,9,6,42.33,253.98
3558,1186,3,26,7,65.62,459.34
3559,1187,1,107,8,176.59,1412.72
3560,1187,2,12,1,46.44,46.44
3561,1187,3,29,2,69.73,139.46
3562,1188,1,110,3,180.70,542.10
3563,1188,2,15,4,50.55,202.20
3564,1188,3,32,5,73.84,369.20
3565,1189,1,1,6,31.37,188.22
3566,1189,2,18,7,54.66,382.62
3567,1189,3,35,8,77.95,623.60
3568,1190,1,4,1,35.48,35.48
3569,1190,2,21,2,58.77,117.54
3570,1190,3,38,3,82.06,246.18
3571,1191,1,7,4,39.59,158.36
3572,1191,2,24,5,62.88,314.40
3573,1191,3,41,6,86.17,517.02
3574,1192,1,10,7,43.70,305.90
3575,1192,2,27,8,66.99,535.92
3576,1192,3,44,1,90.28,90.28
3577,1193,1,13,2,47.81,95.62
3578,1193,2,30,3,71.10,213.30
3579,1193,3,47,4,94.39,377.56
3580,1194,1,16,5,51.92,259.60
3581,1194,2,33,6,75.21,451.26
3582,1194,3,50,7,98.50,689.50
3583,1195,1,19,8,56.03,448.24
3584,1195,2,36,1,79.32,79.32
3585,1195,3,53,2,102.61,205.22
3586,1196,1,22,3,60.14,180.42
3587,1196,2,39,4,83.43,333.72
3588,1196,3,56,5,106.72,533.60
3589,1197,1,25,6,64.25,385.50
3590,1197,2,42,7,87.54,612.78
3591,1197,3,59,8,110.83,886.64
3592,1198,1,28,1,68.36,68.36
3593,1198,2,45,2,91.65,183.30
3594,1198,3,62,3,114.94,344.82
3595,1199,1,31,4,72.47,289.88
3596,1199,2,48,5,95.76,478.80
3597,1199,3,65,6,119.05,714.30
3598,1200,1,34,7,76.58,536.06
3599,1200,2,51,8,99.87,798.96
3600,1200,3,68,1,123.16,123.16
3601,1201,1,37,2,80.69,161.38
3602,1201,2,54,3,103.98,311.94
3603,1201,3,71,4,127.27,509.08
3604,1202,1,40,5,84.80,424.00
3605,1202,2,57,6,108.09,648.54
3606,1202,3,74,7,131.38,919.66
3607,1203,1,43,8,88.91,711.28
3608,1203,2,60,1,112.20,112.20
3609,1203,3,77,2,135.49,270.98
3610,1204,1,46,3,93.02,279.06
3611,1204,2,63,4,116.31,465.24
3612,1204,3,80,5,139.60,698.00
3613,1205,1,49,6,97.13,582.78
3614,1205,2,66,7,120.42,842.94
3615,1205,3,83,8,143.71,1149.68
3616,1206,1,52,1,101.24,101.24
3617,1206,2,69,2,124.53,249.06
3618,1206,3,86,3,147.82,443.46
3619,1207,1,55,4,105.35,421.40
3620,1207,2,72,5,128.64,643.20
3621,1207,3,89,6,151.93,911.58
3622,1208,1,58,7,109.46,766.22
3623,1208,2,75,8,132.75,1062.00
3624,1208,3,92,1,156.04,156.04
3625,1209,1,61,2,113.57,227.14
3626,1209,2,78,3,136.86,410.58
3627,1209,3,95,4,160.15,640.60
3628,1210,1,64,5,117.68,588.40
3629,1210,2,81,6,140.97,845.82
3630,1210,3,98,7,164.26,1149.82
3631,1211,1,67,8,121.79,974.32
3632,1211,2,84,1,145.08,145.08
3633,1211,3,101,2,168.37,336.74
3634,1212,1,70,3,125.90,377.70
3635,1212,2,87,4,149.19,596.76
3636,1212,3,104,5,172.48,862.40
3637,1213,1,73,6,130.01,780.06
3638,1213,2,90,7,153.30,1073.10
3639,1213,3,107,8,176.59,1412.72
3640,1214,1,76,1,134.12,134.12
3641,1214,2,93,2,157.41,314.82
3642,1214,3,110,3,180.70,542.10
3643,1215,1,79,4,138.23,552.92
3644,1215,2,96,5,161.52,807.60
3645,1215,3,1,6,31.37,188.22
3646,1216,1,82,7,142.34,996.38
3647,1216,2,99,8,165.63,1325.04
3648,1216,3,4,1,35.48,35.48
3649,1217,1,85,2,146.45,292.90
3650,1217,2,102,3,169.74,509.22
3651,1217,3,7,4,39.59,158.36
3652,1218,1,88,5,150.56,752.80
3653,1218,2,105,6,173.85,1043.10
3654,1218,3,10,7,43.70,305.90
3655,1219,1,91,8,154.67,1237.36
3656,1219,2,108,1,177.96,177.96
3657,1219,3,13,2,47.81,95.62
3658,1220,1,94,3,158.78,476.34
3659,1220,2,111,4,182.07,728.28
3660,1220,3,16,5,51.92,259.60
3661,1221,1,97,6,162.89,977.34
3662,1221,2,2,7,32.74,229.18
3663,1221,3,19,8,56.03,448.24
3664,1222,1,100,1,167.00,167.00
3665,1222,2,5,2,36.85,73.70
3666,1222,3,22,3,60.14,180.42
3667,1223,1,103,4,171.11,684.44
3668,1223,2,8,5,40.96,204.80
3669,1223,3,25,6,64.25,385.50
3670,1224,1,106,7,175.22,1226.54
3671,1224,2,11,8,45.07,360.56
3672,1224,3,28,1,68.36,68.36
3673,1225,1,109,2,179.33,358.66
3674,1225,2,14,3,49.18,147.54
3675,1225,3,31,4,72.47,289.88
3676,1226,1,112,5,183.44,917.20
3677,1226,2,17,6,53.29,319.74
3678,1226,3,34,7,76.58,536.06
3679,1227,1,3,8,34.11,272.88
3680,1227,2,20,1,57.40,57.40
3681,1227,3,37,2,80.69,161.38
3682,1228,1,6,3,38.22,114.66
3683,1228,2,23,4,61.51,246.04
3684,1228,3,40,5,84.80,424.00
3685,1229,1,9,6,42.33,253.98
3686,1229,2,26,7,65.62,459.34
3687,1229,3,43,8,88.91,711.28
3688,1230,1,12,1,46.44,46.44
3689,1230,2,29,2,69.73,139.46
3690,1230,3,46,3,93.02,279.06
3691,1231,1,15,4,50.55,202.20
3692,1231,2,32,5,73.84,369.20
3693,1231,3,49,6,97.13,582.78
3694,1232,1,18,7,54.66,382.62
3695,1232,2,35,8,77.95,623.60
3696,1232,3,52,1,101.24,101.24
3697,1233,1,21,2,58.77,117.54
3698,1233,2,38,3,82.06,246.18
3699,1233,3,55,4,105.35,421.40
3700,1234,1,24,5,62.88,314.40
3701,1234,2,41,6,86.17,517.02
3702,1234,3,58,7,109.46,766.22
3703,1235,1,27,8,66.99,535.92
3704,1235,2,44,1,90.28,90.28
3705,1235,3,61,2,113.57,227.14
3706,1236,1,30,3,71.10,213.30
3707,1236,2,47,4,94.39,377.56
3708,1236,3,64,5,117.68,588.40
3709,1237,1,33,6,75.21,451.26
3710,1237,2,50,7,98.50,689.50
3711,1237,3,67,8,121.79,974.32
3712,1238,1,36,1,79.32,79.32
3713,1238,2,53,2,102.61,205.22
3714,1238,3,70,3,125.90,377.70
3715,1239,1,39,4,83.43,333.72
3716,1239,2,56,5,106.72,533.60
3717,1239,3,73,6,130.01,780.06
3718,1240,1,42,7,87.54,612.78
3719,1240,2,59,8,110.83,886.64
3720,1240,3,76,1,134.12,134.12
3721,1241,1,45,2,91.65,183.30
3722,1241,2,62,3,114.94,344.82
3723,1241,3,79,4,138.23,552.92
3724,1242,1,48,5,95.76,478.80
3725,1242,2,65,6,119.05,714.30
3726,1242,3,82,7,142.34,996.38
3727,1243,1,51,8,99.87,798.96
3728,1243,2,68,1,123.16,123.16
3729,1243,3,85,2,146.45,292.90
3730,1244,1,54,3,103.98,311.94
3731,1244,2,71,4,127.27,509.08
3732,1244,3,88,5,150.56,752.80
3733,1245,1,57,6,108.09,648.54
3734,1245,2,74,7,131.38,919.66
3735,1245,3,91,8,154.67,1237.36
3736,1246,1,60,1,112.20,112.20
3737,1246,2,77,2,135.49,270.98
3738,1246,3,94,3,158.78,476.34
3739,1247,1,63,4,116.31,465.24
3740,1247,2,80,5,139.60,698.00
3741,1247,3,97,6,162.89,977.34
3742,1248,1,66,7,120.42,842.94
3743,1248,2,83,8,143.71,1149.68
3744,1248,3,100,1,167.00,167.00
3745,1249,1,69,2,124.53,249.06
3746,1249,2,86,3,147.82,443.46
3747,1249,3,103,4,171.11,684.44
3748,1250,1,72,5,128.64,643.20
3749,1250,2,89,6,151.93,911.58
3750,1250,3,106,7,175.22,1226.54
3751,1251,1,75,8,132.75,1062.00
3752,1251,2,92,1,156.04,156.04
3753,1251,3,109,2,179.33,358.66
3754,1252,1,78,3,136.86,410.58
3755,1252,2,95,4,160.15,640.60
3756,1252,3,112,5,183.44,917.20
3757,1253,1,81,6,140.97,845.82
3758,1253,2,98,7,164.26,1149.82
3759,1253,3,3,8,34.11,272.88
3760,1254,1,84,1,145.08,145.08
3761,1254,2,101,2,168.37,336.74
3762,1254,3,6,3,38.22,114.66
3763,1255,1,87,4,149.19,596.76
3764,1255,2,104,5,172.48,862.40
3765,1255,3,9,6,42.33,253.98
3766,1256,1,90,7,153.30,1073.10
3767,1256,2,107,8,176.59,1412.72
3768,1256,3,12,1,46.44,46.44
3769,1257,1,93,2,157.41,314.82
3770,1257,2,110,3,180.70,542.10
3771,1257,3,15,4,50.55,202.20
3772,1258,1,96,5,161.52,807.60
3773,1258,2,1,6,31.37,188.22
3774,1258,3,18,7,54.66,382.62
3775,1259,1,99,8,165.63,1325.04
3776,1259,2,4,1,35.48,35.48
3777,1259,3,21,2,58.77,117.54
3778,1260,1,102,3,169.74,509.22
3779,1260,2,7,4,39.59,158.36
3780,1260,3,24,5,62.88,314.40
3781,1261,1,105,6,173.85,1043.10
3782,1261,2,10,7,43.70,305.90
3783,1261,3,27,8,66.99,535.92
3784,1262,1,108,1,177.96,177.96
3785,1262,2,13,2,47.81,95.62
3786,1262,3,30,3,71.10,213.30
3787,1263,1,111,4,182.07,728.28
3788,1263,2,16,5,51.92,259.60
3789,1263,3,33,6,75.21,451.26
3790,1264,1,2,7,32.74,229.18
3791,1264,2,19,8,56.03,448.24
3792,1264,3,36,1,79.32,79.32
3793,1265,1,5,2,36.85,73.70
3794,1265,2,22,3,60.14,180.42
3795,1265,3,39,4,83.43,333.72
3796,1266,1,8,5,40.96,204.80
3797,1266,2,25,6,64.25,385.50
3798,1266,3,42,7,87.54,612.78
3799,1267,1,11,8,45.07,360.56
3800,1267,2,28,1,68.36,68.36
3801,1267,3,45,2,91.65,183.30
3802,1268,1,14,3,49.18,147.54
3803,1268,2,31,4,72.47,289.88
3804,1268,3,48,5,95.76,478.80
3805,1269,1,17,6,53.29,319.74
3806,1269,2,34,7,76.58,536.06
3807,1269,3,51,8,99.87,798.96
3808,1270,1,20,1,57.40,57.40
3809,1270,2,37,2,80.69,161.38
3810,1270,3,54,3,103.98,311.94
3811,1271,1,23,4,61.51,246.04
3812,1271,2,40,5,84.80,424.00
3813,1271,3,57,6,108.09,648.54
3814,1272,1,26,7,65.62,459.34
3815,1272,2,43,8,88.91,711.28
3816,1272,3,60,1,112.20,112.20
3817,1273,1,29,2,69.73,139.46
3818,1273,2,46,3,93.02,279.06
3819,1273,3,63,4,116.31,465.24
3820,1274,1,32,5,73.84,369.20
3821,1274,2,49,6,97.13,582.78
3822,1274,3,66,7,120.42,842.94
3823,1275,1,35,8,77.95,623.60
3824,1275,2,52,1,101.24,101.24
3825,1275,3,69,2,124.53,249.06
3826,1276,1,38,3,82.06,246.18
3827,1276,2,55,4,105.35,421.40
3828,1276,3,72,5,128.64,643.20
3829,1277,1,41,6,86.17,517.02
3830,1277,2,58,7,109.46,766.22
3831,1277,3,75,8,132.75,1062.00
3832,1278,1,44,1,90.28,90.28
3833,1278,2,61,2,113.57,227.14
3834,1278,3,78,3,136.86,410.58
3835,1279,1,47,4,94.39,377.56
3836,1279,2,64,5,117.68,588.40
3837,1279,3,81,6,140.97,845.82
3838,1280,1,50,7,98.50,689.50
3839,1280,2,67,8,121.79,974.32
3840,1280,3,84,1,145.08,145.08
3841,1281,1,53,2,102.61,205.22
3842,1281,2,70,3,125.90,377.70
3843,1281,3,87,4,149.19,596.76
3844,1282,1,56,5,106.72,533.60
3845,1282,2,73,6,130.01,780.06
3846,1282,3,90,7,153.30,1073.10
3847,1283,1,59,8,110.83,886.64
3848,1283,2,76,1,134.12,134.12
3849,1283,3,93,2,157.41,314.82
3850,1284,1,62,3,114.94,344.82
3851,1284,2,79,4,138.23,552.92
3852,1284,3,96,5,161.52,807.60
3853,1285,1,65,6,119.05,714.30
3854,1285,2,82,7,142.34,996.38
3855,1285,3,99,8,165.63,1325.04
3856,1286,1,68,1,123.16,123.16
3857,1286,2,85,2,146.45,292.90
3858,1286,3,102,3,169.74,509.22
3859,1287,1,71,4,127.27,509.08
3860,1287,2,88,5,150.56,752.80
3861,1287,3,105,6,173.85,1043.10
3862,1288,1,74,7,131.38,919.66
3863,1288,2,91,8,154.67,1237.36
3864,1288,3,108,1,177.96,177.96
3865,1289,1,77,2,135.49,270.98
3866,1289,2,94,3,158.78,476.34
3867,1289,3,111,4,182.07,728.28
3868,1290,1,80,5,139.60,698.00
3869,1290,2,97,6,162.89,977.34
3870,1290,3,2,7,32.74,229.18
3871,1291,1,83,8,143.71,1149.68
3872,1291,2,100,1,167.00,167.00
3873,1291,3,5,2,36.85,73.70
3874,1292,1,86,3,147.82,443.46
3875,1292,2,103,4,171.11,684.44
3876,1292,3,8,5,40.96,204.80
3877,1293,1,89,6,151.93,911.58
3878,1293,2,106,7,175.22,1226.54
3879,1293,3,11,8,45.07,360.56
3880,1294,1,92,1,156.04,156.04
3881,1294,2,109,2,179.33,358.66
3882,1294,3,14,3,49.18,147.54
3883,1295,1,95,4,160.15,640.60
3884,1295,2,112,5,183.44,917.20
3885,1295,3,17,6,53.29,319.74
3886,1296,1,98,7,164.26,1149.82
3887,1296,2,3,8,34.11,272.88
3888,1296,3,20,1,57.40,57.40
3889,1297,1,101,2,168.37,336.74
3890,1297,2,6,3,38.22,114.66
3891,1297,3,23,4,61.51,246.04
3892,1298,1,104,5,172.48,862.40
3893,1298,2,9,6,42.33,253.98
3894,1298,3,26,7,65.62,459.34
3895,1299,1,107,8,176.59,1412.72
3896,1299,2,12,1,46.44,46.44
3897,1299,3,29,2,69.73,139.46
3898,1300,1,110,3,180.70,542.10
3899,1300,2,15,4,50.55,202.20
3900,1300,3,32,5,73.84,369.20
3901,1301,1,1,6,31.37,188.22
3902,1301,2,18,7,54.66,382.62
3903,1301,3,35,8,77.95,623.60
3904,1302,1,4,1,35.48,35.48
3905,1302,2,21,2,58.77,117.54
3906,1302,3,38,3,82.06,246.18
3907,1303,1,7,4,39.59,158.36
3908,1303,2,24,5,62.88,314.40
3909,1303,3,41,6,86.17,517.02
3910,1304,1,10,7,43.70,305.90
3911,1304,2,27,8,66.99,535.92
3912,1304,3,44,1,90.28,90.28
3913,1305,1,13,2,47.81,95.62
3914,1305,2,30,3,71.10,213.30
3915,1305,3,47,4,94.39,377.56
3916,1306,1,16,5,51.92,259.60
3917,1306,2,33,6,75.21,451.26
3918,1306,3,50,7,98.50,689.50
3919,1307,1,19,8,56.03,448.24
3920,1307,2,36,1,79.32,79.32
3921,1307,3,53,2,102.61,205.22
3922,1308,1,22,3,60.14,180.42
3923,1308,2,39,4,83.43,333.72
3924,1308,3,56,5,106.72,533.60
3925,1309,1,25,6,64.25,385.50
3926,1309,2,42,7,87.54,612.78
3927,1309,3,59,8,110.83,886.64
3928,1310,1,28,1,68.36,68.36
3929,1310,2,45,2,91.65,183.30
3930,1310,3,62,3,114.94,344.82
3931,1311,1,31,4,72.47,289.88
3932,1311,2,48,5,95.76,478.80
3933,1311,3,65,6,119.05,714.30
3934,1312,1,34,7,76.58,536.06
3935,1312,2,51,8,99.87,798.96
3936,1312,3,68,1,123.16,123.16
3937,1313,1,37,2,80.69,161.38
3938,1313,2,54,3,103.98,311.94
3939,1313,3,71,4,127.27,509.08
3940,1314,1,40,5,84.80,424.00
3941,1314,2,57,6,108.09,648.54
3942,1314,3,74,7,131.38,919.66
3943,1315,1,43,8,88.91,711.28
3944,1315,2,60,1,112.20,112.20
3945,1315,3,77,2,135.49,270.98
3946,1316,1,46,3,93.02,279.06
3947,1316,2,63,4,116.31,465.24
3948,1316,3,80,5,139.60,698.00
3949,1317,1,49,6,97.13,582.78
3950,1317,2,66,7,120.42,842.94
3951,1317,3,83,8,143.71,1149.68
3952,1318,1,52,1,101.24,101.24
3953,1318,2,69,2,124.53,249.06
3954,1318,3,86,3,147.82,443.46
3955,1319,1,55,4,105.35,421.40
3956,1319,2,72,5,128.64,643.20
3957,1319,3,89,6,151.93,911.58
3958,1320,1,58,7,109.46,766.22
3959,1320,2,75,8,132.75,1062.00
3960,1320,3,92,1,156.04,156.04
3961,1321,1,61,2,113.57,227.14
3962,1321,2,78,3,136.86,410.58
3963,1321,3,95,4,160.15,640.60
3964,1322,1,64,5,117.68,588.40
3965,1322,2,81,6,140.97,845.82
3966,1322,3,98,7,164.26,1149.82
3967,1323,1,67,8,121.79,974.32
3968,1323,2,84,1,145.08,145.08
3969,1323,3,101,2,168.37,336.74
3970,1324,1,70,3,125.90,377.70
3971,1324,2,87,4,149.19,596.76
3972,1324,3,104,5,172.48,862.40
3973,1325,1,73,6,130.01,780.06
3974,1325,2,90,7,153.30,1073.10
3975,1325,3,107,8,176.59,1412.72
3976,1326,1,76,1,134.12,134.12
3977,1326,2,93,2,157.41,314.82
3978,1326,3,110,3,180.70,542.10
3979,1327,1,79,4,138.23,552.92
3980,1327,2,96,5,161.52,807.60
3981,1327,3,1,6,31.37,188.22
3982,1328,1,82,7,142.34,996.38
3983,1328,2,99,8,165.63,1325.04
3984,1328,3,4,1,35.48,35.48
3985,1329,1,85,2,146.45,292.90
3986,1329,2,102,3,169.74,509.22
3987,1329,3,7,4,39.59,158.36
3988,1330,1,88,5,150.56,752.80
3989,1330,2,105,6,173.85,1043.10
3990,1330,3,10,7,43.70,305.90
3991,1331,1,91,8,154.67,1237.36
3992,1331,2,108,1,177.96,177.96
3993,1331,3,13,2,47.81,95.62
3994,1332,1,94,3,158.78,476.34
3995,1332,2,111,4,182.07,728.28
3996,1332,3,16,5,51.92,259.60
3997,1333,1,97,6,162.89,977.34
3998,1333,2,2,7,32.74,229.18
3999,1333,3,19,8,56.03,448.24
4000,1334,1,100,1,167.00,167.00
4001,1334,2,5,2,36.85,73.70
4002,1334,3,22,3,60.14,180.42
4003,1335,1,103,4,171.11,684.44
4004,1335,2,8,5,40.96,204.80
4005,1335,3,25,6,64.25,385.50
4006,1336,1,106,7,175.22,1226.54
4007,1336,2,11,8,45.07,360.56
4008,1336,3,28,1,68.36,68.36
4009,1337,1,109,2,179.33,358.66
4010,1337,2,14,3,49.18,147.54
4011,1337,3,31,4,72.47,289.88
4012,1338,1,112,5,183.44,917.20
4013,1338,2,17,6,53.29,319.74
4014,1338,3,34,7,76.58,536.06
4015,1339,1,3,8,34.11,272.88
4016,1339,2,20,1,57.40,57.40
4017,1339,3,37,2,80.69,161.38
4018,1340,1,6,3,38.22,114.66
4019,1340,2,23,4,61.51,246.04
4020,1340,3,40,5,84.80,424.00
4021,1341,1,9,6,42.33,253.98
4022,1341,2,26,7,65.62,459.34
4023,1341,3,43,8,88.91,711.28
4024,1342,1,12,1,46.44,46.44
4025,1342,2,29,2,69.73,139.46
4026,1342,3,46,3,93.02,279.06
4027,1343,1,15,4,50.55,202.20
4028,1343,2,32,5,73.84,369.20
4029,1343,3,49,6,97.13,582.78
4030,1344,1,18,7,54.66,382.62
4031,1344,2,35,8,77.95,623.60
4032,1344,3,52,1,101.24,101.24
4033,1345,1,21,2,58.77,117.54
4034,1345,2,38,3,82.06,246.18
4035,1345,3,55,4,105.35,421.40
4036,1346,1,24,5,62.88,314.40
4037,1346,2,41,6,86.17,517.02
4038,1346,3,58,7,109.46,766.22
4039,1347,1,27,8,66.99,535.92
4040,1347,2,44,1,90.28,90.28
4041,1347,3,61,2,113.57,227.14
4042,1348,1,30,3,71.10,213.30
4043,1348,2,47,4,94.39,377.56
4044,1348,3,64,5,117.68,588.40
4045,1349,1,33,6,75.21,451.26
4046,1349,2,50,7,98.50,689.50
4047,1349,3,67,8,121.79,974.32
4048,1350,1,36,1,79.32,79.32
4049,1350,2,53,2,102.61,205.22
4050,1350,3,70,3,125.90,377.70
4051,1351,1,39,4,83.43,333.72
4052,1351,2,56,5,106.72,533.60
4053,1351,3,73,6,130.01,780.06
4054,1352,1,42,7,87.54,612.78
4055,1352,2,59,8,110.83,886.64
4056,1352,3,76,1,134.12,134.12
4057,1353,1,45,2,91.65,183.30
4058,1353,2,62,3,114.94,344.82
4059,1353,3,79,4,138.23,552.92
4060,1354,1,48,5,95.76,478.80
4061,1354,2,65,6,119.05,714.30
4062,1354,3,82,7,142.34,996.38
4063,1355,1,51,8,99.87,798.96
4064,1355,2,68,1,123.16,123.16
4065,1355,3,85,2,146.45,292.90
4066,1356,1,54,3,103.98,311.94
4067,1356,2,71,4,127.27,509.08
4068,1356,3,88,5,150.56,752.80
4069,1357,1,57,6,108.09,648.54
4070,1357,2,74,7,131.38,919.66
4071,1357,3,91,8,154.67,1237.36
4072,1358,1,60,1,112.20,112.20
4073,1358,2,77,2,135.49,270.98
4074,1358,3,94,3,158.78,476.34
4075,1359,1,63,4,116.31,465.24
4076,1359,2,80,5,139.60,698.00
4077,1359,3,97,6,162.89,977.34
4078,1360,1,66,7,120.42,842.94
4079,1360,2,83,8,143.71,1149.68
4080,1360,3,100,1,167.00,167.00
4081,1361,1,69,2,124.53,249.06
4082,1361,2,86,3,147.82,443.46
4083,1361,3,103,4,171.11,684.44
4084,1362,1,72,5,128.64,643.20
4085,1362,2,89,6,151.93,911.58
4086,1362,3,106,7,175.22,1226.54
4087,1363,1,75,8,132.75,1062.00
4088,1363,2,92,1,156.04,156.04
4089,1363,3,109,2,179.33,358.66
4090,1364,1,78,3,136.86,410.58
4091,1364,2,95,4,160.15,640.60
4092,1364,3,112,5,183.44,917.20
4093,1365,1,81,6,140.97,845.82
4094,1365,2,98,7,164.26,1149.82
4095,1365,3,3,8,34.11,272.88
4096,1366,1,84,1,145.08,145.08
4097,1366,2,101,2,168.37,336.74
4098,1366,3,6,3,38.22,114.66
4099,1367,1,87,4,149.19,596.76
4100,1367,2,104,5,172.48,862.40
4101,1367,3,9,6,42.33,253.98
4102,1368,1,90,7,153.30,1073.10
4103,1368,2,107,8,176.59,1412.72
4104,1368,3,12,1,46.44,46.44
4105,1369,1,93,2,157.41,314.82
4106,1369,2,110,3,180.70,542.10
4107,1369,3,15,4,50.55,202.20
4108,1370,1,96,5,161.52,807.60
4109,1370,2,1,6,31.37,188.22
4110,1370,3,18,7,54.66,382.62
4111,1371,1,99,8,165.63,1325.04
4112,1371,2,4,1,35.48,35.48
4113,1371,3,21,2,58.77,117.54
4114,1372,1,102,3,169.74,509.22
4115,1372,2,7,4,39.59,158.36
4116,1372,3,24,5,62.88,314.40
4117,1373,1,105,6,173.85,1043.10
4118,1373,2,10,7,43.70,305.90
4119,1373,3,27,8,66.99,535.92
4120,1374,1,108,1,177.96,177.96
4121,1374,2,13,2,47.81,95.62
4122,1374,3,30,3,71.10,213.30
4123,1375,1,111,4,182.07,728.28
4124,1375,2,16,5,51.92,259.60
4125,1375,3,33,6,75.21,451.26
4126,1376,1,2,7,32.74,229.18
4127,1376,2,19,8,56.03,448.24
4128,1376,3,36,1,79.32,79.32
4129,1377,1,5,2,36.85,73.70
4130,1377,2,22,3,60.14,180.42
4131,1377,3,39,4,83.43,333.72
4132,1378,1,8,5,40.96,204.80
4133,1378,2,25,6,64.25,385.50
4134,1378,3,42,7,87.54,612.78
4135,1379,1,11,8,45.07,360.56
4136,1379,2,28,1,68.36,68.36
4137,1379,3,45,2,91.65,183.30
4138,1380,1,14,3,49.18,147.54
4139,1380,2,31,4,72.47,289.88
4140,1380,3,48,5,95.76,478.80
4141,1381,1,17,6,53.29,319.74
4142,1381,2,34,7,76.58,536.06
4143,1381,3,51,8,99.87,798.96
4144,1382,1,20,1,57.40,57.40
4145,1382,2,37,2,80.69,161.38
4146,1382,3,54,3,103.98,311.94
4147,1383,1,23,4,61.51,246.04
4148,1383,2,40,5,84.80,424.00
4149,1383,3,57,6,108.09,648.54
4150,1384,1,26,7,65.62,459.34
4151,1384,2,43,8,88.91,711.28
4152,1384,3,60,1,112.20,112.20
4153,1385,1,29,2,69.73,139.46
4154,1385,2,46,3,93.02,279.06
4155,1385,3,63,4,116.31,465.24
4156,1386,1,32,5,73.84,369.20
4157,1386,2,49,6,97.13,582.78
4158,1386,3,66,7,120.42,842.94
4159,1387,1,35,8,77.95,623.60
4160,1387,2,52,1,101.24,101.24
4161,1387,3,69,2,124.53,249.06
4162,1388,1,38,3,82.06,246.18
4163,1388,2,55,4,105.35,421.40
4164,1388,3,72,5,128.64,643.20
4165,1389,1,41,6,86.17,517.02
4166,1389,2,58,7,109.46,766.22
4167,1389,3,75,8,132.75,1062.00
4168,1390,1,44,1,90.28,90.28
4169,1390,2,61,2,113.57,227.14
4170,1390,3,78,3,136.86,410.58
4171,1391,1,47,4,94.39,377.56
4172,1391,2,64,5,117.68,588.40
4173,1391,3,81,6,140.97,845.82
4174,1392,1,50,7,98.50,689.50
4175,1392,2,67,8,121.79,974.32
4176,1392,3,84,1,145.08,145.08
4177,1393,1,53,2,102.61,205.22
4178,1393,2,70,3,125.90,377.70
4179,1393,3,87,4,149.19,596.76
4180,1394,1,56,5,106.72,533.60
4181,1394,2,73,6,130.01,780.06
4182,1394,3,90,7,153.30,1073.10
4183,1395,1,59,8,110.83,886.64
4184,1395,2,76,1,134.12,134.12
4185,1395,3,93,2,157.41,314.82
4186,1396,1,62,3,114.94,344.82
4187,1396,2,79,4,138.23,552.92
4188,1396,3,96,5,161.52,807.60
4189,1397,1,65,6,119.05,714.30
4190,1397,2,82,7,142.34,996.38
4191,1397,3,99,8,165.63,1325.04
4192,1398,1,68,1,123.16,123.16
4193,1398,2,85,2,146.45,292.90
4194,1398,3,102,3,169.74,509.22
4195,1399,1,71,4,127.27,509.08
4196,1399,2,88,5,150.56,752.80
4197,1399,3,105,6,173.85,1043.10
4198,1400,1,74,7,131.38,919.66
4199,1400,2,91,8,154.67,1237.36
4200,1400,3,108,1,177.96,177.96
4201,1401,1,77,2,135.49,270.98
4202,1401,2,94,3,158.78,476.34
4203,1401,3,111,4,182.07,728.28
4204,1402,1,80,5,139.60,698.00
4205,1402,2,97,6,162.89,977.34
4206,1402,3,2,7,32.74,229.18
4207,1403,1,83,8,143.71,1149.68
4208,1403,2,100,1,167.00,167.00
4209,1403,3,5,2,36.85,73.70
4210,1404,1,86,3,147.82,443.46
4211,1404,2,103,4,171.11,684.44
4212,1404,3,8,5,40.96,204.80
4213,1405,1,89,6,151.93,911.58
4214,1405,2,106,7,175.22,1226.54
4215,1405,3,11,8,45.07,360.56
4216,1406,1,92,1,156.04,156.04
4217,1406,2,109,2,179.33,358.66
4218,1406,3,14,3,49.18,147.54
4219,1407,1,95,4,160.15,640.60
4220,1407,2,112,5,183.44,917.20
4221,1407,3,17,6,53.29,319.74
4222,1408,1,98,7,164.26,1149.82
4223,1408,2,3,8,34.11,272.88
4224,1408,3,20,1,57.40,57.40
4225,1409,1,101,2,168.37,336.74
4226,1409,2,6,3,38.22,114.66
4227,1409,3,23,4,61.51,246.04
4228,1410,1,104,5,172.48,862.40
4229,1410,2,9,6,42.33,253.98
4230,1410,3,26,7,65.62,459.34
4231,1411,1,107,8,176.59,1412.72
4232,1411,2,12,1,46.44,46.44
4233,1411,3,29,2,69.73,139.46
4234,1412,1,110,3,180.70,542.10
4235,1412,2,15,4,50.55,202.20
4236,1412,3,32,5,73.84,369.20
4237,1413,1,1,6,31.37,188.22
4238,1413,2,18,7,54.66,382.62
4239,1413,3,35,8,77.95,623.60
4240,1414,1,4,1,35.48,35.48
4241,1414,2,21,2,58.77,117.54
4242,1414,3,38,3,82.06,246.18
4243,1415,1,7,4,39.59,158.36
4244,1415,2,24,5,62.88,314.40
4245,1415,3,41,6,86.17,517.02
4246,1416,1,10,7,43.70,305.90
4247,1416,2,27,8,66.99,535.92
4248,1416,3,44,1,90.28,90.28
4249,1417,1,13,2,47.81,95.62
4250,1417,2,30,3,71.10,213.30
4251,1417,3,47,4,94.39,377.56
4252,1418,1,16,5,51.92,259.60
4253,1418,2,33,6,75.21,451.26
4254,1418,3,50,7,98.50,689.50
4255,1419,1,19,8,56.03,448.24
4256,1419,2,36,1,79.32,79.32
4257,1419,3,53,2,102.61,205.22
4258,1420,1,22,3,60.14,180.42
4259,1420,2,39,4,83.43,333.72
4260,1420,3,56,5,106.72,533.60
4261,1421,1,25,6,64.25,385.50
4262,1421,2,42,7,87.54,612.78
4263,1421,3,59,8,110.83,886.64
4264,1422,1,28,1,68.36,68.36
4265,1422,2,45,2,91.65,183.30
4266,1422,3,62,3,114.94,344.82
4267,1423,1,31,4,72.47,289.88
4268,1423,2,48,5,95.76,478.80
4269,1423,3,65,6,119.05,714.30
4270,1424,1,34,7,76.58,536.06
4271,1424,2,51,8,99.87,798.96
4272,1424,3,68,1,123.16,123.16
4273,1425,1,37,2,80.69,161.38
4274,1425,2,54,3,103.98,311.94
4275,1425,3,71,4,127.27,509.08
4276,1426,1,40,5,84.80,424.00
4277,1426,2,57,6,108.09,648.54
4278,1426,3,74,7,131.38,919.66
4279,1427,1,43,8,88.91,711.28
4280,1427,2,60,1,112.20,112.20
4281,1427,3,77,2,135.49,270.98
4282,1428,1,46,3,93.02,279.06
4283,1428,2,63,4,116.31,465.24
4284,1428,3,80,5,139.60,698.00
4285,1429,1,49,6,97.13,582.78
4286,1429,2,66,7,120.42,842.94
4287,1429,3,83,8,143.71,1149.68
4288,1430,1,52,1,101.24,101.24
4289,1430,2,69,2,124.53,249.06
4290,1430,3,86,3,147.82,443.46
4291,1431,1,55,4,105.35,421.40
4292,1431,2,72,5,128.64,643.20
4293,1431,3,89,6,151.93,911.58
4294,1432,1,58,7,109.46,766.22
4295,1432,2,75,8,132.75,1062.00
4296,1432,3,92,1,156.04,156.04
4297,1433,1,61,2,113.57,227.14
4298,1433,2,78,3,136.86,410.58
4299,1433,3,95,4,160.15,640.60
4300,1434,1,64,5,117.68,588.40
4301,1434,2,81,6,140.97,845.82
4302,1434,3,98,7,164.26,1149.82
4303,1435,1,67,8,121.79,974.32
4304,1435,2,84,1,145.08,145.08
4305,1435,3,101,2,168.37,336.74
4306,1436,1,70,3,125.90,377.70
4307,1436,2,87,4,149.19,596.76
4308,1436,3,104,5,172.48,862.40
4309,1437,1,73,6,130.01,780.06
4310,1437,2,90,7,153.30,1073.10
4311,1437,3,107,8,176.59,1412.72
4312,1438,1,76,1,134.12,134.12
4313,1438,2,93,2,157.41,314.82
4314,1438,3,110,3,180.70,542.10
4315,1439,1,79,4,138.23,552.92
4316,1439,2,96,5,161.52,807.60
4317,1439,3,1,6,31.37,188.22
4318,1440,1,82,7,142.34,996.38
4319,1440,2,99,8,165.63,1325.04
4320,1440,3,4,1,35.48,35.48
4321,1441,1,85,2,146.45,292.90
4322,1441,2,102,3,169.74,509.22
4323,1441,3,7,4,39.59,158.36
4324,1442,1,88,5,150.56,752.80
4325,1442,2,105,6,173.85,1043.10
4326,1442,3,10,7,43.70,305.90
4327,1443,1,91,8,154.67,1237.36
4328,1443,2,108,1,177.96,177.96
4329,1443,3,13,2,47.81,95.62
4330,1444,1,94,3,158.78,476.34
4331,1444,2,111,4,182.07,728.28
4332,1444,3,16,5,51.92,259.60
4333,1445,1,97,6,162.89,977.34
4334,1445,2,2,7,32.74,229.18
4335,1445,3,19,8,56.03,448.24
4336,1446,1,100,1,167.00,167.00
4337,1446,2,5,2,36.85,73.70
4338,1446,3,22,3,60.14,180.42
4339,1447,1,103,4,171.11,684.44
4340,1447,2,8,5,40.96,204.80
4341,1447,3,25,6,64.25,385.50
4342,1448,1,106,7,175.22,1226.54
4343,1448,2,11,8,45.07,360.56
4344,1448,3,28,1,68.36,68.36
4345,1449,1,109,2,179.33,358.66
4346,1449,2,14,3,49.18,147.54
4347,1449,3,31,4,72.47,289.88
4348,1450,1,112,5,183.44,917.20
4349,1450,2,17,6,53.29,319.74
4350,1450,3,34,7,76.58,536.06
4351,1451,1,3,8,34.11,272.88
4352,1451,2,20,1,57.40,57.40
4353,1451,3,37,2,80.69,161.38
4354,1452,1,6,3,38.22,114.66
4355,1452,2,23,4,61.51,246.04
4356,1452,3,40,5,84.80,424.00
4357,1453,1,9,6,42.33,253.98
4358,1453,2,26,7,65.62,459.34
4359,1453,3,43,8,88.91,711.28
4360,1454,1,12,1,46.44,46.44
4361,1454,2,29,2,69.73,139.46
4362,1454,3,46,3,93.02,279.06
4363,1455,1,15,4,50.55,202.20
4364,1455,2,32,5,73.84,369.20
4365,1455,3,49,6,97.13,582.78
4366,1456,1,18,7,54.66,382.62
4367,1456,2,35,8,77.95,623.60
4368,1456,3,52,1,101.24,101.24
4369,1457,1,21,2,58.77,117.54
4370,1457,2,38,3,82.06,246.18
4371,1457,3,55,4,105.35,421.40
4372,1458,1,24,5,62.88,314.40
4373,1458,2,41,6,86.17,517.02
4374,1458,3,58,7,109.46,766.22
4375,1459,1,27,8,66.99,535.92
4376,1459,2,44,1,90.28,90.28
4377,1459,3,61,2,113.57,227.14
4378,1460,1,30,3,71.10,213.30
4379,1460,2,47,4,94.39,377.56
4380,1460,3,64,5,117.68,588.40
4381,1461,1,33,6,75.21,451.26
4382,1461,2,50,7,98.50,689.50
4383,1461,3,67,8,121.79,974.32
4384,1462,1,36,1,79.32,79.32
4385,1462,2,53,2,102.61,205.22
4386,1462,3,70,3,125.90,377.70
4387,1463,1,39,4,83.43,333.72
4388,1463,2,56,5,106.72,533.60
4389,1463,3,73,6,130.01,780.06
4390,1464,1,42,7,87.54,612.78
4391,1464,2,59,8,110.83,886.64
4392,1464,3,76,1,134.12,134.12
4393,1465,1,45,2,91.65,183.30
4394,1465,2,62,3,114.94,344.82
4395,1465,3,79,4,138.23,552.92
4396,1466,1,48,5,95.76,478.80
4397,1466,2,65,6,119.05,714.30
4398,1466,3,82,7,142.34,996.38
4399,1467,1,51,8,99.87,798.96
4400,1467,2,68,1,123.16,123.16
4401,1467,3,85,2,146.45,292.90
4402,1468,1,54,3,103.98,311.94
4403,1468,2,71,4,127.27,509.08
4404,1468,3,88,5,150.56,752.80
4405,1469,1,57,6,108.09,648.54
4406,1469,2,74,7,131.38,919.66
4407,1469,3,91,8,154.67,1237.36
4408,1470,1,60,1,112.20,112.20
4409,1470,2,77,2,135.49,270.98
4410,1470,3,94,3,158.78,476.34
4411,1471,1,63,4,116.31,465.24
4412,1471,2,80,5,139.60,698.00
4413,1471,3,97,6,162.89,977.34
4414,1472,1,66,7,120.42,842.94
4415,1472,2,83,8,143.71,1149.68
4416,1472,3,100,1,167.00,167.00
4417,1473,1,69,2,124.53,249.06
4418,1473,2,86,3,147.82,443.46
4419,1473,3,103,4,171.11,684.44
4420,1474,1,72,5,128.64,643.20
4421,1474,2,89,6,151.93,911.58
4422,1474,3,106,7,175.22,1226.54
4423,1475,1,75,8,132.75,1062.00
4424,1475,2,92,1,156.04,156.04
4425,1475,3,109,2,179.33,358.66
4426,1476,1,78,3,136.86,410.58
4427,1476,2,95,4,160.15,640.60
4428,1476,3,112,5,183.44,917.20
4429,1477,1,81,6,140.97,845.82
4430,1477,2,98,7,164.26,1149.82
4431,1477,3,3,8,34.11,272.88
4432,1478,1,84,1,145.08,145.08
4433,1478,2,101,2,168.37,336.74
4434,1478,3,6,3,38.22,114.66
4435,1479,1,87,4,149.19,596.76
4436,1479,2,104,5,172.48,862.40
4437,1479,3,9,6,42.33,253.98
4438,1480,1,90,7,153.30,1073.10
4439,1480,2,107,8,176.59,1412.72
4440,1480,3,12,1,46.44,46.44
4441,1481,1,93,2,157.41,314.82
4442,1481,2,110,3,180.70,542.10
4443,1481,3,15,4,50.55,202.20
4444,1482,1,96,5,161.52,807.60
4445,1482,2,1,6,31.37,188.22
4446,1482,3,18,7,54.66,382.62
4447,1483,1,99,8,165.63,1325.04
4448,1483,2,4,1,35.48,35.48
4449,1483,3,21,2,58.77,117.54
4450,1484,1,102,3,169.74,509.22
4451,1484,2,7,4,39.59,158.36
4452,1484,3,24,5,62.88,314.40
4453,1485,1,105,6,173.85,1043.10
4454,1485,2,10,7,43.70,305.90
4455,1485,3,27,8,66.99,535.92
4456,1486,1,108,1,177.96,177.96
4457,1486,2,13,2,47.81,95.62
4458,1486,3,30,3,71.10,213.30
4459,1487,1,111,4,182.07,728.28
4460,1487,2,16,5,51.92,259.60
4461,1487,3,33,6,75.21,451.26
4462,1488,1,2,7,32.74,229.18
4463,1488,2,19,8,56.03,448.24
4464,1488,3,36,1,79.32,79.32
4465,1489,1,5,2,36.85,73.70
4466,1489,2,22,3,60.14,180.42
4467,1489,3,39,4,83.43,333.72
4468,1490,1,8,5,40.96,204.80
4469,1490,2,25,6,64.25,385.50
4470,1490,3,42,7,87.54,612.78
4471,1491,1,11,8,45.07,360.56
4472,1491,2,28,1,68.36,68.36
4473,1491,3,45,2,91.65,183.30
4474,1492,1,14,3,49.18,147.54
4475,1492,2,31,4,72.47,289.88
4476,1492,3,48,5,95.76,478.80
4477,1493,1,17,6,53.29,319.74
4478,1493,2,34,7,76.58,536.06
4479,1493,3,51,8,99.87,798.96
4480,1494,1,20,1,57.40,57.40
4481,1494,2,37,2,80.69,161.38
4482,1494,3,54,3,103.98,311.94
4483,1495,1,23,4,61.51,246.04
4484,1495,2,40,5,84.80,424.00
4485,1495,3,57,6,108.09,648.54
4486,1496,1,26,7,65.62,459.34
4487,1496,2,43,8,88.91,711.28
4488,1496,3,60,1,112.20,112.20
4489,1497,1,29,2,69.73,139.46
4490,1497,2,46,3,93.02,279.06
4491,1497,3,63,4,116.31,465.24
4492,1498,1,32,5,73.84,369.20
4493,1498,2,49,6,97.13,582.78
4494,1498,3,66,7,120.42,842.94
4495,1499,1,35,8,77.95,623.60
4496,1499,2,52,1,101.24,101.24
4497,1499,3,69,2,124.53,249.06
4498,1500,1,38,3,82.06,246.18
4499,1500,2,55,4,105.35,421.40
4500,1500,3,72,5,128.64,643.20
4501,1501,1,41,6,86.17,517.02
4502,1501,2,58,7,109.46,766.22
4503,1501,3,75,8,132.75,1062.00
4504,1502,1,44,1,90.28,90.28
4505,1502,2,61,2,113.57,227.14
4506,1502,3,78,3,136.86,410.58
4507,1503,1,47,4,94.39,377.56
4508,1503,2,64,5,117.68,588.40
4509,1503,3,81,6,140.97,845.82
4510,1504,1,50,7,98.50,689.50
4511,1504,2,67,8,121.79,974.32
4512,1504,3,84,1,145.08,145.08
4513,1505,1,53,2,102.61,205.22
4514,1505,2,70,3,125.90,377.70
4515,1505,3,87,4,149.19,596.76
4516,1506,1,56,5,106.72,533.60
4517,1506,2,73,6,130.01,780.06
4518,1506,3,90,7,153.30,1073.10
4519,1507,1,59,8,110.83,886.64
4520,1507,2,76,1,134.12,134.12
4521,1507,3,93,2,157.41,314.82
4522,1508,1,62,3,114.94,344.82
4523,1508,2,79,4,138.23,552.92
4524,1508,3,96,5,161.52,807.60
4525,1509,1,65,6,119.05,714.30
4526,1509,2,82,7,142.34,996.38
4527,1509,3,99,8,165.63,1325.04
4528,1510,1,68,1,123.16,123.16
4529,1510,2,85,2,146.45,292.90
4530,1510,3,102,3,169.74,509.22
4531,1511,1,71,4,127.27,509.08
4532,1511,2,88,5,150.56,752.80
4533,1511,3,105,6,173.85,1043.10
4534,1512,1,74,7,131.38,919.66
4535,1512,2,91,8,154.67,1237.36
4536,1512,3,108,1,177.96,177.96
4537,1513,1,77,2,135.49,270.98
4538,1513,2,94,3,158.78,476.34
4539,1513,3,111,4,182.07,728.28
4540,1514,1,80,5,139.60,698.00
4541,1514,2,97,6,162.89,977.34
4542,1514,3,2,7,32.74,229.18
4543,1515,1,83,8,143.71,1149.68
4544,1515,2,100,1,167.00,167.00
4545,1515,3,5,2,36.85,73.70
4546,1516,1,86,3,147.82,443.46
4547,1516,2,103,4,171.11,684.44
4548,1516,3,8,5,40.96,204.80
4549,1517,1,89,6,151.93,911.58
4550,1517,2,106,7,175.22,1226.54
4551,1517,3,11,8,45.07,360.56
4552,1518,1,92,1,156.04,156.04
4553,1518,2,109,2,179.33,358.66
4554,1518,3,14,3,49.18,147.54
4555,1519,1,95,4,160.15,640.60
4556,1519,2,112,5,183.44,917.20
4557,1519,3,17,6,53.29,319.74
4558,1520,1,98,7,164.26,1149.82
4559,1520,2,3,8,34.11,272.88
4560,1520,3,20,1,57.40,57.40
4561,1521,1,101,2,168.37,336.74
4562,1521,2,6,3,38.22,114.66
4563,1521,3,23,4,61.51,246.04
4564,1522,1,104,5,172.48,862.40
4565,1522,2,9,6,42.33,253.98
4566,1522,3,26,7,65.62,459.34
4567,1523,1,107,8,176.59,1412.72
4568,1523,2,12,1,46.44,46.44
4569,1523,3,29,2,69.73,139.46
4570,1524,1,110,3,180.70,542.10
4571,1524,2,15,4,50.55,202.20
4572,1524,3,32,5,73.84,369.20
4573,1525,1,1,6,31.37,188.22
4574,1525,2,18,7,54.66,382.62
4575,1525,3,35,8,77.95,623.60
4576,1526,1,4,1,35.48,35.48
4577,1526,2,21,2,58.77,117.54
4578,1526,3,38,3,82.06,246.18
4579,1527,1,7,4,39.59,158.36
4580,1527,2,24,5,62.88,314.40
4581,1527,3,41,6,86.17,517.02
4582,1528,1,10,7,43.70,305.90
4583,1528,2,27,8,66.99,535.92
4584,1528,3,44,1,90.28,90.28
4585,1529,1,13,2,47.81,95.62
4586,1529,2,30,3,71.10,213.30
4587,1529,3,47,4,94.39,377.56
4588,1530,1,16,5,51.92,259.60
4589,1530,2,33,6,75.21,451.26
4590,1530,3,50,7,98.50,689.50
4591,1531,1,19,8,56.03,448.24
4592,1531,2,36,1,79.32,79.32
4593,1531,3,53,2,102.61,205.22
4594,1532,1,22,3,60.14,180.42
4595,1532,2,39,4,83.43,333.72
4596,1532,3,56,5,106.72,533.60
4597,1533,1,25,6,64.25,385.50
4598,1533,2,42,7,87.54,612.78
4599,1533,3,59,8,110.83,886.64
4600,1534,1,28,1,68.36,68.36
4601,1534,2,45,2,91.65,183.30
4602,1534,3,62,3,114.94,344.82
4603,1535,1,31,4,72.47,289.88
4604,1535,2,48,5,95.76,478.80
4605,1535,3,65,6,119.05,714.30
4606,1536,1,34,7,76.58,536.06
4607,1536,2,51,8,99.87,798.96
4608,1536,3,68,1,123.16,123.16
4609,1537,1,37,2,80.69,161.38
4610,1537,2,54,3,103.98,311.94
4611,1537,3,71,4,127.27,509.08
4612,1538,1,40,5,84.80,424.00
4613,1538,2,57,6,108.09,648.54
4614,1538,3,74,7,131.38,919.66
4615,1539,1,43,8,88.91,711.28
4616,1539,2,60,1,112.20,112.20
4617,1539,3,77,2,135.49,270.98
4618,1540,1,46,3,93.02,279.06
4619,1540,2,63,4,116.31,465.24
4620,1540,3,80,5,139.60,698.00
4621,1541,1,49,6,97.13,582.78
4622,1541,2,66,7,120.42,842.94
4623,1541,3,83,8,143.71,1149.68
4624,1542,1,52,1,101.24,101.24
4625,1542,2,69,2,124.53,249.06
4626,1542,3,86,3,147.82,443.46
4627,1543,1,55,4,105.35,421.40
4628,1543,2,72,5,128.64,643.20
4629,1543,3,89,6,151.93,911.58
4630,1544,1,58,7,109.46,766.22
4631,1544,2,75,8,132.75,1062.00
4632,1544,3,92,1,156.04,156.04
4633,1545,1,61,2,113.57,227.14
4634,1545,2,78,3,136.86,410.58
4635,1545,3,95,4,160.15,640.60
4636,1546,1,64,5,117.68,588.40
4637,1546,2,81,6,140.97,845.82
4638,1546,3,98,7,164.26,1149.82
4639,1547,1,67,8,121.79,974.32
4640,1547,2,84,1,145.08,145.08
4641,1547,3,101,2,168.37,336.74
4642,1548,1,70,3,125.90,377.70
4643,1548,2,87,4,149.19,596.76
4644,1548,3,104,5,172.48,862.40
4645,1549,1,73,6,130.01,780.06
4646,1549,2,90,7,153.30,1073.10
4647,1549,3,107,8,176.59,1412.72
4648,1550,1,76,1,134.12,134.12
4649,1550,2,93,2,157.41,314.82
4650,1550,3,110,3,180.70,542.10
4651,1551,1,79,4,138.23,552.92
4652,1551,2,96,5,161.52,807.60
4653,1551,3,1,6,31.37,188.22
4654,1552,1,82,7,142.34,996.38
4655,1552,2,99,8,165.63,1325.04
4656,1552,3,4,1,35.48,35.48
4657,1553,1,85,2,146.45,292.90
4658,1553,2,102,3,169.74,509.22
4659,1553,3,7,4,39.59,158.36
4660,1554,1,88,5,150.56,752.80
4661,1554,2,105,6,173.85,1043.10
4662,1554,3,10,7,43.70,305.90
4663,1555,1,91,8,154.67,1237.36
4664,1555,2,108,1,177.96,177.96
4665,1555,3,13,2,47.81,95.62
4666,1556,1,94,3,158.78,476.34
4667,1556,2,111,4,182.07,728.28
4668,1556,3,16,5,51.92,259.60
4669,1557,1,97,6,162.89,977.34
4670,1557,2,2,7,32.74,229.18
4671,1557,3,19,8,56.03,448.24
4672,1558,1,100,1,167.00,167.00
4673,1558,2,5,2,36.85,73.70
4674,1558,3,22,3,60.14,180.42
4675,1559,1,103,4,171.11,684.44
4676,1559,2,8,5,40.96,204.80
4677,1559,3,25,6,64.25,385.50
4678,1560,1,106,7,175.22,1226.54
4679,1560,2,11,8,45.07,360.56
4680,1560,3,28,1,68.36,68.36
4681,1561,1,109,2,179.33,358.66
4682,1561,2,14,3,49.18,147.54
4683,1561,3,31,4,72.47,289.88
4684,1562,1,112,5,183.44,917.20
4685,1562,2,17,6,53.29,319.74
4686,1562,3,34,7,76.58,536.06
4687,1563,1,3,8,34.11,272.88
4688,1563,2,20,1,57.40,57.40
4689,1563,3,37,2,80.69,161.38
4690,1564,1,6,3,38.22,114.66
4691,1564,2,23,4,61.51,246.04
4692,1564,3,40,5,84.80,424.00
4693,1565,1,9,6,42.33,253.98
4694,1565,2,26,7,65.62,459.34
4695,1565,3,43,8,88.91,711.28
4696,1566,1,12,1,46.44,46.44
4697,1566,2,29,2,69.73,139.46
4698,1566,3,46,3,93.02,279.06
4699,1567,1,15,4,50.55,202.20
4700,1567,2,32,5,73.84,369.20
4701,1567,3,49,6,97.13,582.78
4702,1568,1,18,7,54.66,382.62
4703,1568,2,35,8,77.95,623.60
4704,1568,3,52,1,101.24,101.24
4705,1569,1,21,2,58.77,117.54
4706,1569,2,38,3,82.06,246.18
4707,1569,3,55,4,105.35,421.40
4708,1570,1,24,5,62.88,314.40
4709,1570,2,41,6,86.17,517.02
4710,1570,3,58,7,109.46,766.22
4711,1571,1,27,8,66.99,535.92
4712,1571,2,44,1,90.28,90.28
4713,1571,3,61,2,113.57,227.14
4714,1572,1,30,3,71.10,213.30
4715,1572,2,47,4,94.39,377.56
4716,1572,3,64,5,117.68,588.40
4717,1573,1,33,6,75.21,451.26
4718,1573,2,50,7,98.50,689.50
4719,1573,3,67,8,121.79,974.32
4720,1574,1,36,1,79.32,79.32
4721,1574,2,53,2,102.61,205.22
4722,1574,3,70,3,125.90,377.70
4723,1575,1,39,4,83.43,333.72
4724,1575,2,56,5,106.72,533.60
4725,1575,3,73,6,130.01,780.06
4726,1576,1,42,7,87.54,612.78
4727,1576,2,59,8,110.83,886.64
4728,1576,3,76,1,134.12,134.12
4729,1577,1,45,2,91.65,183.30
4730,1577,2,62,3,114.94,344.82
4731,1577,3,79,4,138.23,552.92
4732,1578,1,48,5,95.76,478.80
4733,1578,2,65,6,119.05,714.30
4734,1578,3,82,7,142.34,996.38
4735,1579,1,51,8,99.87,798.96
4736,1579,2,68,1,123.16,123.16
4737,1579,3,85,2,146.45,292.90
4738,1580,1,54,3,103.98,311.94
4739,1580,2,71,4,127.27,509.08
4740,1580,3,88,5,150.56,752.80
4741,1581,1,57,6,108.09,648.54
4742,1581,2,74,7,131.38,919.66
4743,1581,3,91,8,154.67,1237.36
4744,1582,1,60,1,112.20,112.20
4745,1582,2,77,2,135.49,270.98
4746,1582,3,94,3,158.78,476.34
4747,1583,1,63,4,116.31,465.24
4748,1583,2,80,5,139.60,698.00
4749,1583,3,97,6,162.89,977.34
4750,1584,1,66,7,120.42,842.94
4751,1584,2,83,8,143.71,1149.68
4752,1584,3,100,1,167.00,167.00
4753,1585,1,69,2,124.53,249.06
4754,1585,2,86,3,147.82,443.46
4755,1585,3,103,4,171.11,684.44
4756,1586,1,72,5,128.64,643.20
4757,1586,2,89,6,151.93,911.58
4758,1586,3,106,7,175.22,1226.54
4759,1587,1,75,8,132.75,1062.00
4760,1587,2,92,1,156.04,156.04
4761,1587,3,109,2,179.33,358.66
4762,1588,1,78,3,136.86,410.58
4763,1588,2,95,4,160.15,640.60
4764,1588,3,112,5,183.44,917.20
4765,1589,1,81,6,140.97,845.82
4766,1589,2,98,7,164.26,1149.82
4767,1589,3,3,8,34.11,272.88
4768,1590,1,84,1,145.08,145.08
4769,1590,2,101,2,168.37,336.74
4770,1590,3,6,3,38.22,114.66
4771,1591,1,87,4,149.19,596.76
4772,1591,2,104,5,172.48,862.40
4773,1591,3,9,6,42.33,253.98
4774,1592,1,90,7,153.30,1073.10
4775,1592,2,107,8,176.59,1412.72
4776,1592,3,12,1,46.44,46.44
4777,1593,1,93,2,157.41,314.82
4778,1593,2,110,3,180.70,542.10
4779,1593,3,15,4,50.55,202.20
4780,1594,1,96,5,161.52,807.60
4781,1594,2,1,6,31.37,188.22
4782,1594,3,18,7,54.66,382.62
4783,1595,1,99,8,165.63,1325.04
4784,1595,2,4,1,35.48,35.48
4785,1595,3,21,2,58.77,117.54
4786,1596,1,102,3,169.74,509.22
4787,1596,2,7,4,39.59,158.36
4788,1596,3,24,5,62.88,314.40
4789,1597,1,105,6,173.85,1043.10
4790,1597,2,10,7,43.70,305.90
4791,1597,3,27,8,66.99,535.92
4792,1598,1,108,1,177.96,177.96
4793,1598,2,13,2,47.81,95.62
4794,1598,3,30,3,71.10,213.30
4795,1599,1,111,4,182.07,728.28
4796,1599,2,16,5,51.92,259.60
4797,1599,3,33,6,75.21,451.26
4798,1600,1,2,7,32.74,229.18
4799,1600,2,19,8,56.03,448.24
4800,1600,3,36,1,79.32,79.32
4801,1601,1,5,2,36.85,73.70
4802,1601,2,22,3,60.14,180.42
4803,1601,3,39,4,83.43,333.72
4804,1602,1,8,5,40.96,204.80
4805,1602,2,25,6,64.25,385.50
4806,1602,3,42,7,87.54,612.78
4807,1603,1,11,8,45.07,360.56
4808,1603,2,28,1,68.36,68.36
4809,1603,3,45,2,91.65,183.30
4810,1604,1,14,3,49.18,147.54
4811,1604,2,31,4,72.47,289.88
4812,1604,3,48,5,95.76,478.80
4813,1605,1,17,6,53.29,319.74
4814,1605,2,34,7,76.58,536.06
4815,1605,3,51,8,99.87,798.96
4816,1606,1,20,1,57.40,57.40
4817,1606,2,37,2,80.69,161.38
4818,1606,3,54,3,103.98,311.94
4819,1607,1,23,4,61.51,246.04
4820,1607,2,40,5,84.80,424.00
4821,1607,3,57,6,108.09,648.54
4822,1608,1,26,7,65.62,459.34
4823,1608,2,43,8,88.91,711.28
4824,1608,3,60,1,112.20,112.20
4825,1609,1,29,2,69.73,139.46
4826,1609,2,46,3,93.02,279.06
4827,1609,3,63,4,116.31,465.24
4828,1610,1,32,5,73.84,369.20
4829,1610,2,49,6,97.13,582.78
4830,1610,3,66,7,120.42,842.94
4831,1611,1,35,8,77.95,623.60
4832,1611,2,52,1,101.24,101.24
4833,1611,3,69,2,124.53,249.06
4834,1612,1,38,3,82.06,246.18
4835,1612,2,55,4,105.35,421.40
4836,1612,3,72,5,128.64,643.20
4837,1613,1,41,6,86.17,517.02
4838,1613,2,58,7,109.46,766.22
4839,1613,3,75,8,132.75,1062.00
4840,1614,1,44,1,90.28,90.28
4841,1614,2,61,2,113.57,227.14
4842,1614,3,78,3,136.86,410.58
4843,1615,1,47,4,94.39,377.56
4844,1615,2,64,5,117.68,588.40
4845,1615,3,81,6,140.97,845.82
4846,1616,1,50,7,98.50,689.50
4847,1616,2,67,8,121.79,974.32
4848,1616,3,84,1,145.08,145.08
4849,1617,1,53,2,102.61,205.22
4850,1617,2,70,3,125.90,377.70
4851,1617,3,87,4,149.19,596.76
4852,1618,1,56,5,106.72,533.60
4853,1618,2,73,6,130.01,780.06
4854,1618,3,90,7,153.30,1073.10
4855,1619,1,59,8,110.83,886.64
4856,1619,2,76,1,134.12,134.12
4857,1619,3,93,2,157.41,314.82
4858,1620,1,62,3,114.94,344.82
4859,1620,2,79,4,138.23,552.92
4860,1620,3,96,5,161.52,807.60
4861,1621,1,65,6,119.05,714.30
4862,1621,2,82,7,142.34,996.38
4863,1621,3,99,8,165.63,1325.04
4864,1622,1,68,1,123.16,123.16
4865,1622,2,85,2,146.45,292.90
4866,1622,3,102,3,169.74,509.22
4867,1623,1,71,4,127.27,509.08
4868,1623,2,88,5,150.56,752.80
4869,1623,3,105,6,173.85,1043.10
4870,1624,1,74,7,131.38,919.66
4871,1624,2,91,8,154.67,1237.36
4872,1624,3,108,1,177.96,177.96
4873,1625,1,77,2,135.49,270.98
4874,1625,2,94,3,158.78,476.34
4875,1625,3,111,4,182.07,728.28
4876,1626,1,80,5,139.60,698.00
4877,1626,2,97,6,162.89,977.34
4878,1626,3,2,7,32.74,229.18
4879,1627,1,83,8,143.71,1149.68
4880,1627,2,100,1,167.00,167.00
4881,1627,3,5,2,36.85,73.70
4882,1628,1,86,3,147.82,443.46
4883,1628,2,103,4,171.11,684.44
4884,1628,3,8,5,40.96,204.80
4885,1629,1,89,6,151.93,911.58
4886,1629,2,106,7,175.22,1226.54
4887,1629,3,11,8,45.07,360.56
4888,1630,1,92,1,156.04,156.04
4889,1630,2,109,2,179.33,358.66
4890,1630,3,14,3,49.18,147.54
4891,1631,1,95,4,160.15,640.60
4892,1631,2,112,5,183.44,917.20
4893,1631,3,17,6,53.29,319.74
4894,1632,1,98,7,164.26,1149.82
4895,1632,2,3,8,34.11,272.88
4896,1632,3,20,1,57.40,57.40
4897,1633,1,101,2,168.37,336.74
4898,1633,2,6,3,38.22,114.66
4899,1633,3,23,4,61.51,246.04
4900,1634,1,104,5,172.48,862.40
4901,1634,2,9,6,42.33,253.98
4902,1634,3,26,7,65.62,459.34
4903,1635,1,107,8,176.59,1412.72
4904,1635,2,12,1,46.44,46.44
4905,1635,3,29,2,69.73,139.46
4906,1636,1,110,3,180.70,542.10
4907,1636,2,15,4,50.55,202.20
4908,1636,3,32,5,73.84,369.20
4909,1637,1,1,6,31.37,188.22
4910,1637,2,18,7,54.66,382.62
4911,1637,3,35,8,77.95,623.60
4912,1638,1,4,1,35.48,35.48
4913,1638,2,21,2,58.77,117.54
4914,1638,3,38,3,82.06,246.18
4915,1639,1,7,4,39.59,158.36
4916,1639,2,24,5,62.88,314.40
4917,1639,3,41,6,86.17,517.02
4918,1640,1,10,7,43.70,305.90
4919,1640,2,27,8,66.99,535.92
4920,1640,3,44,1,90.28,90.28
4921,1641,1,13,2,47.81,95.62
4922,1641,2,30,3,71.10,213.30
4923,1641,3,47,4,94.39,377.56
4924,1642,1,16,5,51.92,259.60
4925,1642,2,33,6,75.21,451.26
4926,1642,3,50,7,98.50,689.50
4927,1643,1,19,8,56.03,448.24
4928,1643,2,36,1,79.32,79.32
4929,1643,3,53,2,102.61,205.22
4930,1644,1,22,3,60.14,180.42
4931,1644,2,39,4,83.43,333.72
4932,1644,3,56,5,106.72,533.60
4933,1645,1,25,6,64.25,385.50
4934,1645,2,42,7,87.54,612.78
4935,1645,3,59,8,110.83,886.64
4936,1646,1,28,1,68.36,68.36
4937,1646,2,45,2,91.65,183.30
4938,1646,3,62,3,114.94,344.82
4939,1647,1,31,4,72.47,289.88
4940,1647,2,48,5,95.76,478.80
4941,1647,3,65,6,119.05,714.30
4942,1648,1,34,7,76.58,536.06
4943,1648,2,51,8,99.87,798.96
4944,1648,3,68,1,123.16,123.16
4945,1649,1,37,2,80.69,161.38
4946,1649,2,54,3,103.98,311.94
4947,1649,3,71,4,127.27,509.08
4948,1650,1,40,5,84.80,424.00
4949,1650,2,57,6,108.09,648.54
4950,1650,3,74,7,131.38,919.66
4951,1651,1,43,8,88.91,711.28
4952,1651,2,60,1,112.20,112.20
4953,1651,3,77,2,135.49,270.98
4954,1652,1,46,3,93.02,279.06
4955,1652,2,63,4,116.31,465.24
4956,1652,3,80,5,139.60,698.00
4957,1653,1,49,6,97.13,582.78
4958,1653,2,66,7,120.42,842.94
4959,1653,3,83,8,143.71,1149.68
4960,1654,1,52,1,101.24,101.24
4961,1654,2,69,2,124.53,249.06
4962,1654,3,86,3,147.82,443.46
4963,1655,1,55,4,105.35,421.40
4964,1655,2,72,5,128.64,643.20
4965,1655,3,89,6,151.93,911.58
4966,1656,1,58,7,109.46,766.22
4967,1656,2,75,8,132.75,1062.00
4968,1656,3,92,1,156.04,156.04
4969,1657,1,61,2,113.57,227.14
4970,1657,2,78,3,136.86,410.58
4971,1657,3,95,4,160.15,640.60
4972,1658,1,64,5,117.68,588.40
4973,1658,2,81,6,140.97,845.82
4974,1658,3,98,7,164.26,1149.82
4975,1659,1,67,8,121.79,974.32
4976,1659,2,84,1,145.08,145.08
4977,1659,3,101,2,168.37,336.74
4978,1660,1,70,3,125.90,377.70
4979,1660,2,87,4,149.19,596.76
4980,1660,3,104,5,172.48,862.40
4981,1661,1,73,6,130.01,780.06
4982,1661,2,90,7,153.30,1073.10
4983,1661,3,107,8,176.59,1412.72
4984,1662,1,76,1,134.12,134.12
4985,1662,2,93,2,157.41,314.82
4986,1662,3,110,3,180.70,542.10
4987,1663,1,79,4,138.23,552.92
4988,1663,2,96,5,161.52,807.60
4989,1663,3,1,6,31.37,188.22
4990,1664,1,82,7,142.34,996.38
4991,1664,2,99,8,165.63,1325.04
4992,1664,3,4,1,35.48,35.48
4993,1665,1,85,2,146.45,292.90
4994,1665,2,102,3,169.74,509.22
4995,1665,3,7,4,39.59,158.36
4996,1666,1,88,5,150.56,752.80
4997,1666,2,105,6,173.85,1043.10
4998,1666,3,10,7,43.70,305.90
4999,1667,1,91,8,154.67,1237.36
5000,1667,2,108,1,177.96,177.96
5001,1667,3,13,2,47.81,95.62
5002,1668,1,94,3,158.78,476.34
5003,1668,2,111,4,182.07,728.28
5004,1668,3,16,5,51.92,259.60
5005,1669,1,97,6,162.89,977.34
5006,1669,2,2,7,32.74,229.18
5007,1669,3,19,8,56.03,448.24
5008,1670,1,100,1,167.00,167.00
5009,1670,2,5,2,36.85,73.70
5010,1670,3,22,3,60.14,180.42
5011,1671,1,103,4,171.11,684.44
5012,1671,2,8,5,40.96,204.80
5013,1671,3,25,6,64.25,385.50
5014,1672,1,106,7,175.22,1226.54
5015,1672,2,11,8,45.07,360.56
5016,1672,3,28,1,68.36,68.36
5017,1673,1,109,2,179.33,358.66
5018,1673,2,14,3,49.18,147.54
5019,1673,3,31,4,72.47,289.88
5020,1674,1,112,5,183.44,917.20
5021,1674,2,17,6,53.29,319.74
5022,1674,3,34,7,76.58,536.06
5023,1675,1,3,8,34.11,272.88
5024,1675,2,20,1,57.40,57.40
5025,1675,3,37,2,80.69,161.38
5026,1676,1,6,3,38.22,114.66
5027,1676,2,23,4,61.51,246.04
5028,1676,3,40,5,84.80,424.00
5029,1677,1,9,6,42.33,253.98
5030,1677,2,26,7,65.62,459.34
5031,1677,3,43,8,88.91,711.28
5032,1678,1,12,1,46.44,46.44
5033,1678,2,29,2,69.73,139.46
5034,1678,3,46,3,93.02,279.06
5035,1679,1,15,4,50.55,202.20
5036,1679,2,32,5,73.84,369.20
5037,1679,3,49,6,97.13,582.78
5038,1680,1,18,7,54.66,382.62
5039,1680,2,35,8,77.95,623.60
5040,1680,3,52,1,101.24,101.24
5041,1681,1,21,2,58.77,117.54
5042,1681,2,38,3,82.06,246.18
5043,1681,3,55,4,105.35,421.40
5044,1682,1,24,5,62.88,314.40
5045,1682,2,41,6,86.17,517.02
5046,1682,3,58,7,109.46,766.22
5047,1683,1,27,8,66.99,535.92
5048,1683,2,44,1,90.28,90.28
5049,1683,3,61,2,113.57,227.14
5050,1684,1,30,3,71.10,213.30
5051,1684,2,47,4,94.39,377.56
5052,1684,3,64,5,117.68,588.40
5053,1685,1,33,6,75.21,451.26
5054,1685,2,50,7,98.50,689.50
5055,1685,3,67,8,121.79,974.32
5056,1686,1,36,1,79.32,79.32
5057,1686,2,53,2,102.61,205.22
5058,1686,3,70,3,125.90,377.70
5059,1687,1,39,4,83.43,333.72
5060,1687,2,56,5,106.72,533.60
5061,1687,3,73,6,130.01,780.06
5062,1688,1,42,7,87.54,612.78
5063,1688,2,59,8,110.83,886.64
5064,1688,3,76,1,134.12,134.12
5065,1689,1,45,2,91.65,183.30
5066,1689,2,62,3,114.94,344.82
5067,1689,3,79,4,138.23,552.92
5068,1690,1,48,5,95.76,478.80
5069,1690,2,65,6,119.05,714.30
5070,1690,3,82,7,142.34,996.38
5071,1691,1,51,8,99.87,798.96
5072,1691,2,68,1,123.16,123.16
5073,1691,3,85,2,146.45,292.90
5074,1692,1,54,3,103.98,311.94
5075,1692,2,71,4,127.27,509.08
5076,1692,3,88,5,150.56,752.80
5077,1693,1,57,6,108.09,648.54
5078,1693,2,74,7,131.38,919.66
5079,1693,3,91,8,154.67,1237.36
5080,1694,1,60,1,112.20,112.20
5081,1694,2,77,2,135.49,270.98
5082,1694,3,94,3,158.78,476.34
5083,1695,1,63,4,116.31,465.24
5084,1695,2,80,5,139.60,698.00
5085,1695,3,97,6,162.89,977.34
5086,1696,1,66,7,120.42,842.94
5087,1696,2,83,8,143.71,1149.68
5088,1696,3,100,1,167.00,167.00
5089,1697,1,69,2,124.53,249.06
5090,1697,2,86,3,147.82,443.46
5091,1697,3,103,4,171.11,684.44
5092,1698,1,72,5,128.64,643.20
5093,1698,2,89,6,151.93,911.58
5094,1698,3,106,7,175.22,1226.54
5095,1699,1,75,8,132.75,1062.00
5096,1699,2,92,1,156.04,156.04
5097,1699,3,109,2,179.33,358.66
5098,1700,1,78,3,136.86,410.58
5099,1700,2,95,4,160.15,640.60
5100,1700,3,112,5,183.44,917.20
5101,1701,1,81,6,140.97,845.82
5102,1701,2,98,7,164.26,1149.82
5103,1701,3,3,8,34.11,272.88
5104,1702,1,84,1,145.08,145.08
5105,1702,2,101,2,168.37,336.74
5106,1702,3,6,3,38.22,114.66
5107,1703,1,87,4,149.19,596.76
5108,1703,2,104,5,172.48,862.40
5109,1703,3,9,6,42.33,253.98
5110,1704,1,90,7,153.30,1073.10
5111,1704,2,107,8,176.59,1412.72
5112,1704,3,12,1,46.44,46.44
5113,1705,1,93,2,157.41,314.82
5114,1705,2,110,3,180.70,542.10
5115,1705,3,15,4,50.55,202.20
5116,1706,1,96,5,161.52,807.60
5117,1706,2,1,6,31.37,188.22
5118,1706,3,18,7,54.66,382.62
5119,1707,1,99,8,165.63,1325.04
5120,1707,2,4,1,35.48,35.48
5121,1707,3,21,2,58.77,117.54
5122,1708,1,102,3,169.74,509.22
5123,1708,2,7,4,39.59,158.36
5124,1708,3,24,5,62.88,314.40
5125,1709,1,105,6,173.85,1043.10
5126,1709,2,10,7,43.70,305.90
5127,1709,3,27,8,66.99,535.92
5128,1710,1,108,1,177.96,177.96
5129,1710,2,13,2,47.81,95.62
5130,1710,3,30,3,71.10,213.30
5131,1711,1,111,4,182.07,728.28
5132,1711,2,16,5,51.92,259.60
5133,1711,3,33,6,75.21,451.26
5134,1712,1,2,7,32.74,229.18
5135,1712,2,19,8,56.03,448.24
5136,1712,3,36,1,79.32,79.32
5137,1713,1,5,2,36.85,73.70
5138,1713,2,22,3,60.14,180.42
5139,1713,3,39,4,83.43,333.72
5140,1714,1,8,5,40.96,204.80
5141,1714,2,25,6,64.25,385.50
5142,1714,3,42,7,87.54,612.78
5143,1715,1,11,8,45.07,360.56
5144,1715,2,28,1,68.36,68.36
5145,1715,3,45,2,91.65,183.30
5146,1716,1,14,3,49.18,147.54
5147,1716,2,31,4,72.47,289.88
5148,1716,3,48,5,95.76,478.80
5149,1717,1,17,6,53.29,319.74
5150,1717,2,34,7,76.58,536.06
5151,1717,3,51,8,99.87,798.96
5152,1718,1,20,1,57.40,57.40
5153,1718,2,37,2,80.69,161.38
5154,1718,3,54,3,103.98,311.94
5155,1719,1,23,4,61.51,246.04
5156,1719,2,40,5,84.80,424.00
5157,1719,3,57,6,108.09,648.54
5158,1720,1,26,7,65.62,459.34
5159,1720,2,43,8,88.91,711.28
5160,1720,3,60,1,112.20,112.20
5161,1721,1,29,2,69.73,139.46
5162,1721,2,46,3,93.02,279.06
5163,1721,3,63,4,116.31,465.24
5164,1722,1,32,5,73.84,369.20
5165,1722,2,49,6,97.13,582.78
5166,1722,3,66,7,120.42,842.94
5167,1723,1,35,8,77.95,623.60
5168,1723,2,52,1,101.24,101.24
5169,1723,3,69,2,124.53,249.06
5170,1724,1,38,3,82.06,246.18
5171,1724,2,55,4,105.35,421.40
5172,1724,3,72,5,128.64,643.20
5173,1725,1,41,6,86.17,517.02
5174,1725,2,58,7,109.46,766.22
5175,1725,3,75,8,132.75,1062.00
5176,1726,1,44,1,90.28,90.28
5177,1726,2,61,2,113.57,227.14
5178,1726,3,78,3,136.86,410.58
5179,1727,1,47,4,94.39,377.56
5180,1727,2,64,5,117.68,588.40
5181,1727,3,81,6,140.97,845.82
5182,1728,1,50,7,98.50,689.50
5183,1728,2,67,8,121.79,974.32
5184,1728,3,84,1,145.08,145.08
5185,1729,1,53,2,102.61,205.22
5186,1729,2,70,3,125.90,377.70
5187,1729,3,87,4,149.19,596.76
5188,1730,1,56,5,106.72,533.60
5189,1730,2,73,6,130.01,780.06
5190,1730,3,90,7,153.30,1073.10
5191,1731,1,59,8,110.83,886.64
5192,1731,2,76,1,134.12,134.12
5193,1731,3,93,2,157.41,314.82
5194,1732,1,62,3,114.94,344.82
5195,1732,2,79,4,138.23,552.92
5196,1732,3,96,5,161.52,807.60
5197,1733,1,65,6,119.05,714.30
5198,1733,2,82,7,142.34,996.38
5199,1733,3,99,8,165.63,1325.04
5200,1734,1,68,1,123.16,123.16
5201,1734,2,85,2,146.45,292.90
5202,1734,3,102,3,169.74,509.22
5203,1735,1,71,4,127.27,509.08
5204,1735,2,88,5,150.56,752.80
5205,1735,3,105,6,173.85,1043.10
5206,1736,1,74,7,131.38,919.66
5207,1736,2,91,8,154.67,1237.36
5208,1736,3,108,1,177.96,177.96
5209,1737,1,77,2,135.49,270.98
5210,1737,2,94,3,158.78,476.34
5211,1737,3,111,4,182.07,728.28
5212,1738,1,80,5,139.60,698.00
5213,1738,2,97,6,162.89,977.34
5214,1738,3,2,7,32.74,229.18
5215,1739,1,83,8,143.71,1149.68
5216,1739,2,100,1,167.00,167.00
5217,1739,3,5,2,36.85,73.70
5218,1740,1,86,3,147.82,443.46
5219,1740,2,103,4,171.11,684.44
5220,1740,3,8,5,40.96,204.80
5221,1741,1,89,6,151.93,911.58
5222,1741,2,106,7,175.22,1226.54
5223,1741,3,11,8,45.07,360.56
5224,1742,1,92,1,156.04,156.04
5225,1742,2,109,2,179.33,358.66
5226,1742,3,14,3,49.18,147.54
5227,1743,1,95,4,160.15,640.60
5228,1743,2,112,5,183.44,917.20
5229,1743,3,17,6,53.29,319.74
5230,1744,1,98,7,164.26,1149.82
5231,1744,2,3,8,34.11,272.88
5232,1744,3,20,1,57.40,57.40
5233,1745,1,101,2,168.37,336.74
5234,1745,2,6,3,38.22,114.66
5235,1745,3,23,4,61.51,246.04
5236,1746,1,104,5,172.48,862.40
5237,1746,2,9,6,42.33,253.98
5238,1746,3,26,7,65.62,459.34
5239,1747,1,107,8,176.59,1412.72
5240,1747,2,12,1,46.44,46.44
5241,1747,3,29,2,69.73,139.46
5242,1748,1,110,3,180.70,542.10
5243,1748,2,15,4,50.55,202.20
5244,1748,3,32,5,73.84,369.20
5245,1749,1,1,6,31.37,188.22
5246,1749,2,18,7,54.66,382.62
5247,1749,3,35,8,77.95,623.60
5248,1750,1,4,1,35.48,35.48
5249,1750,2,21,2,58.77,117.54
5250,1750,3,38,3,82.06,246.18
5251,1751,1,7,4,39.59,158.36
5252,1751,2,24,5,62.88,314.40
5253,1751,3,41,6,86.17,517.02
5254,1752,1,10,7,43.70,305.90
5255,1752,2,27,8,66.99,535.92
5256,1752,3,44,1,90.28,90.28
5257,1753,1,13,2,47.81,95.62
5258,1753,2,30,3,71.10,213.30
5259,1753,3,47,4,94.39,377.56
5260,1754,1,16,5,51.92,259.60
5261,1754,2,33,6,75.21,451.26
5262,1754,3,50,7,98.50,689.50
5263,1755,1,19,8,56.03,448.24
5264,1755,2,36,1,79.32,79.32
5265,1755,3,53,2,102.61,205.22
5266,1756,1,22,3,60.14,180.42
5267,1756,2,39,4,83.43,333.72
5268,1756,3,56,5,106.72,533.60
5269,1757,1,25,6,64.25,385.50
5270,1757,2,42,7,87.54,612.78
5271,1757,3,59,8,110.83,886.64
5272,1758,1,28,1,68.36,68.36
5273,1758,2,45,2,91.65,183.30
5274,1758,3,62,3,114.94,344.82
5275,1759,1,31,4,72.47,289.88
5276,1759,2,48,5,95.76,478.80
5277,1759,3,65,6,119.05,714.30
5278,1760,1,34,7,76.58,536.06
5279,1760,2,51,8,99.87,798.96
5280,1760,3,68,1,123.16,123.16
5281,1761,1,37,2,80.69,161.38
5282,1761,2,54,3,103.98,311.94
5283,1761,3,71,4,127.27,509.08
5284,1762,1,40,5,84.80,424.00
5285,1762,2,57,6,108.09,648.54
5286,1762,3,74,7,131.38,919.66
5287,1763,1,43,8,88.91,711.28
5288,1763,2,60,1,112.20,112.20
5289,1763,3,77,2,135.49,270.98
5290,1764,1,46,3,93.02,279.06
5291,1764,2,63,4,116.31,465.24
5292,1764,3,80,5,139.60,698.00
5293,1765,1,49,6,97.13,582.78
5294,1765,2,66,7,120.42,842.94
5295,1765,3,83,8,143.71,1149.68
5296,1766,1,52,1,101.24,101.24
5297,1766,2,69,2,124.53,249.06
5298,1766,3,86,3,147.82,443.46
5299,1767,1,55,4,105.35,421.40
5300,1767,2,72,5,128.64,643.20
5301,1767,3,89,6,151.93,911.58
5302,1768,1,58,7,109.46,766.22
5303,1768,2,75,8,132.75,1062.00
5304,1768,3,92,1,156.04,156.04
5305,1769,1,61,2,113.57,227.14
5306,1769,2,78,3,136.86,410.58
5307,1769,3,95,4,160.15,640.60
5308,1770,1,64,5,117.68,588.40
5309,1770,2,81,6,140.97,845.82
5310,1770,3,98,7,164.26,1149.82
5311,1771,1,67,8,121.79,974.32
5312,1771,2,84,1,145.08,145.08
5313,1771,3,101,2,168.37,336.74
5314,1772,1,70,3,125.90,377.70
5315,1772,2,87,4,149.19,596.76
5316,1772,3,104,5,172.48,862.40
5317,1773,1,73,6,130.01,780.06
5318,1773,2,90,7,153.30,1073.10
5319,1773,3,107,8,176.59,1412.72
5320,1774,1,76,1,134.12,134.12
5321,1774,2,93,2,157.41,314.82
5322,1774,3,110,3,180.70,542.10
5323,1775,1,79,4,138.23,552.92
5324,1775,2,96,5,161.52,807.60
5325,1775,3,1,6,31.37,188.22
5326,1776,1,82,7,142.34,996.38
5327,1776,2,99,8,165.63,1325.04
5328,1776,3,4,1,35.48,35.48
5329,1777,1,85,2,146.45,292.90
5330,1777,2,102,3,169.74,509.22
5331,1777,3,7,4,39.59,158.36
5332,1778,1,88,5,150.56,752.80
5333,1778,2,105,6,173.85,1043.10
5334,1778,3,10,7,43.70,305.90
5335,1779,1,91,8,154.67,1237.36
5336,1779,2,108,1,177.96,177.96
5337,1779,3,13,2,47.81,95.62
5338,1780,1,94,3,158.78,476.34
5339,1780,2,111,4,182.07,728.28
5340,1780,3,16,5,51.92,259.60
5341,1781,1,97,6,162.89,977.34
5342,1781,2,2,7,32.74,229.18
5343,1781,3,19,8,56.03,448.24
5344,1782,1,100,1,167.00,167.00
5345,1782,2,5,2,36.85,73.70
5346,1782,3,22,3,60.14,180.42
5347,1783,1,103,4,171.11,684.44
5348,1783,2,8,5,40.96,204.80
5349,1783,3,25,6,64.25,385.50
5350,1784,1,106,7,175.22,1226.54
5351,1784,2,11,8,45.07,360.56
5352,1784,3,28,1,68.36,68.36
5353,1785,1,109,2,179.33,358.66
5354,1785,2,14,3,49.18,147.54
5355,1785,3,31,4,72.47,289.88
5356,1786,1,112,5,183.44,917.20
5357,1786,2,17,6,53.29,319.74
5358,1786,3,34,7,76.58,536.06
5359,1787,1,3,8,34.11,272.88
5360,1787,2,20,1,57.40,57.40
5361,1787,3,37,2,80.69,161.38
5362,1788,1,6,3,38.22,114.66
5363,1788,2,23,4,61.51,246.04
5364,1788,3,40,5,84.80,424.00
5365,1789,1,9,6,42.33,253.98
5366,1789,2,26,7,65.62,459.34
5367,1789,3,43,8,88.91,711.28
5368,1790,1,12,1,46.44,46.44
5369,1790,2,29,2,69.73,139.46
5370,1790,3,46,3,93.02,279.06
5371,1791,1,15,4,50.55,202.20
5372,1791,2,32,5,73.84,369.20
5373,1791,3,49,6,97.13,582.78
5374,1792,1,18,7,54.66,382.62
5375,1792,2,35,8,77.95,623.60
5376,1792,3,52,1,101.24,101.24
5377,1793,1,21,2,58.77,117.54
5378,1793,2,38,3,82.06,246.18
5379,1793,3,55,4,105.35,421.40
5380,1794,1,24,5,62.88,314.40
5381,1794,2,41,6,86.17,517.02
5382,1794,3,58,7,109.46,766.22
5383,1795,1,27,8,66.99,535.92
5384,1795,2,44,1,90.28,90.28
5385,1795,3,61,2,113.57,227.14
5386,1796,1,30,3,71.10,213.30
5387,1796,2,47,4,94.39,377.56
5388,1796,3,64,5,117.68,588.40
5389,1797,1,33,6,75.21,451.26
5390,1797,2,50,7,98.50,689.50
5391,1797,3,67,8,121.79,974.32
5392,1798,1,36,1,79.32,79.32
5393,1798,2,53,2,102.61,205.22
5394,1798,3,70,3,125.90,377.70
5395,1799,1,39,4,83.43,333.72
5396,1799,2,56,5,106.72,533.60
5397,1799,3,73,6,130.01,780.06
5398,1800,1,42,7,87.54,612.78
5399,1800,2,59,8,110.83,886.64
5400,1800,3,76,1,134.12,134.12
5401,1801,1,45,2,91.65,183.30
5402,1801,2,62,3,114.94,344.82
5403,1801,3,79,4,138.23,552.92
5404,1802,1,48,5,95.76,478.80
5405,1802,2,65,6,119.05,714.30
5406,1802,3,82,7,142.34,996.38
5407,1803,1,51,8,99.87,798.96
5408,1803,2,68,1,123.16,123.16
5409,1803,3,85,2,146.45,292.90
5410,1804,1,54,3,103.98,311.94
5411,1804,2,71,4,127.27,509.08
5412,1804,3,88,5,150.56,752.80
5413,1805,1,57,6,108.09,648.54
5414,1805,2,74,7,131.38,919.66
5415,1805,3,91,8,154.67,1237.36
5416,1806,1,60,1,112.20,112.20
5417,1806,2,77,2,135.49,270.98
5418,1806,3,94,3,158.78,476.34
5419,1807,1,63,4,116.31,465.24
5420,1807,2,80,5,139.60,698.00
5421,1807,3,97,6,162.89,977.34
5422,1808,1,66,7,120.42,842.94
5423,1808,2,83,8,143.71,1149.68
5424,1808,3,100,1,167.00,167.00
5425,1809,1,69,2,124.53,249.06
5426,1809,2,86,3,147.82,443.46
5427,1809,3,103,4,171.11,684.44
5428,1810,1,72,5,128.64,643.20
5429,1810,2,89,6,151.93,911.58
5430,1810,3,106,7,175.22,1226.54
5431,1811,1,75,8,132.75,1062.00
5432,1811,2,92,1,156.04,156.04
5433,1811,3,109,2,179.33,358.66
5434,1812,1,78,3,136.86,410.58
5435,1812,2,95,4,160.15,640.60
5436,1812,3,112,5,183.44,917.20
5437,1813,1,81,6,140.97,845.82
5438,1813,2,98,7,164.26,1149.82
5439,1813,3,3,8,34.11,272.88
5440,1814,1,84,1,145.08,145.08
5441,1814,2,101,2,168.37,336.74
5442,1814,3,6,3,38.22,114.66
5443,1815,1,87,4,149.19,596.76
5444,1815,2,104,5,172.48,862.40
5445,1815,3,9,6,42.33,253.98
5446,1816,1,90,7,153.30,1073.10
5447,1816,2,107,8,176.59,1412.72
5448,1816,3,12,1,46.44,46.44
5449,1817,1,93,2,157.41,314.82
5450,1817,2,110,3,180.70,542.10
5451,1817,3,15,4,50.55,202.20
5452,1818,1,96,5,161.52,807.60
5453,1818,2,1,6,31.37,188.22
5454,1818,3,18,7,54.66,382.62
5455,1819,1,99,8,165.63,1325.04
5456,1819,2,4,1,35.48,35.48
5457,1819,3,21,2,58.77,117.54
5458,1820,1,102,3,169.74,509.22
5459,1820,2,7,4,39.59,158.36
5460,1820,3,24,5,62.88,314.40
5461,1821,1,105,6,173.85,1043.10
5462,1821,2,10,7,43.70,305.90
5463,1821,3,27,8,66.99,535.92
5464,1822,1,108,1,177.96,177.96
5465,1822,2,13,2,47.81,95.62
5466,1822,3,30,3,71.10,213.30
5467,1823,1,111,4,182.07,728.28
5468,1823,2,16,5,51.92,259.60
5469,1823,3,33,6,75.21,451.26
5470,1824,1,2,7,32.74,229.18
5471,1824,2,19,8,56.03,448.24
5472,1824,3,36,1,79.32,79.32
5473,1825,1,5,2,36.85,73.70
5474,1825,2,22,3,60.14,180.42
5475,1825,3,39,4,83.43,333.72
5476,1826,1,8,5,40.96,204.80
5477,1826,2,25,6,64.25,385.50
5478,1826,3,42,7,87.54,612.78
5479,1827,1,11,8,45.07,360.56
5480,1827,2,28,1,68.36,68.36
5481,1827,3,45,2,91.65,183.30
5482,1828,1,14,3,49.18,147.54
5483,1828,2,31,4,72.47,289.88
5484,1828,3,48,5,95.76,478.80
5485,1829,1,17,6,53.29,319.74
5486,1829,2,34,7,76.58,536.06
5487,1829,3,51,8,99.87,798.96
5488,1830,1,20,1,57.40,57.40
5489,1830,2,37,2,80.69,161.38
5490,1830,3,54,3,103.98,311.94
5491,1831,1,23,4,61.51,246.04
5492,1831,2,40,5,84.80,424.00
5493,1831,3,57,6,108.09,648.54
5494,1832,1,26,7,65.62,459.34
5495,1832,2,43,8,88.91,711.28
5496,1832,3,60,1,112.20,112.20
5497,1833,1,29,2,69.73,139.46
5498,1833,2,46,3,93.02,279.06
5499,1833,3,63,4,116.31,465.24
5500,1834,1,32,5,73.84,369.20
5501,1834,2,49,6,97.13,582.78
5502,1834,3,66,7,120.42,842.94
5503,1835,1,35,8,77.95,623.60
5504,1835,2,52,1,101.24,101.24
5505,1835,3,69,2,124.53,249.06
5506,1836,1,38,3,82.06,246.18
5507,1836,2,55,4,105.35,421.40
5508,1836,3,72,5,128.64,643.20
5509,1837,1,41,6,86.17,517.02
5510,1837,2,58,7,109.46,766.22
5511,1837,3,75,8,132.75,1062.00
5512,1838,1,44,1,90.28,90.28
5513,1838,2,61,2,113.57,227.14
5514,1838,3,78,3,136.86,410.58
5515,1839,1,47,4,94.39,377.56
5516,1839,2,64,5,117.68,588.40
5517,1839,3,81,6,140.97,845.82
5518,1840,1,50,7,98.50,689.50
5519,1840,2,67,8,121.79,974.32
5520,1840,3,84,1,145.08,145.08
5521,1841,1,53,2,102.61,205.22
5522,1841,2,70,3,125.90,377.70
5523,1841,3,87,4,149.19,596.76
5524,1842,1,56,5,106.72,533.60
5525,1842,2,73,6,130.01,780.06
5526,1842,3,90,7,153.30,1073.10
5527,1843,1,59,8,110.83,886.64
5528,1843,2,76,1,134.12,134.12
5529,1843,3,93,2,157.41,314.82
5530,1844,1,62,3,114.94,344.82
5531,1844,2,79,4,138.23,552.92
5532,1844,3,96,5,161.52,807.60
5533,1845,1,65,6,119.05,714.30
5534,1845,2,82,7,142.34,996.38
5535,1845,3,99,8,165.63,1325.04
5536,1846,1,68,1,123.16,123.16
5537,1846,2,85,2,146.45,292.90
5538,1846,3,102,3,169.74,509.22
5539,1847,1,71,4,127.27,509.08
5540,1847,2,88,5,150.56,752.80
5541,1847,3,105,6,173.85,1043.10
5542,1848,1,74,7,131.38,919.66
5543,1848,2,91,8,154.67,1237.36
5544,1848,3,108,1,177.96,177.96
5545,1849,1,77,2,135.49,270.98
5546,1849,2,94,3,158.78,476.34
5547,1849,3,111,4,182.07,728.28
5548,1850,1,80,5,139.60,698.00
5549,1850,2,97,6,162.89,977.34
5550,1850,3,2,7,32.74,229.18
5551,1851,1,83,8,143.71,1149.68
5552,1851,2,100,1,167.00,167.00
5553,1851,3,5,2,36.85,73.70
5554,1852,1,86,3,147.82,443.46
5555,1852,2,103,4,171.11,684.44
5556,1852,3,8,5,40.96,204.80
5557,1853,1,89,6,151.93,911.58
5558,1853,2,106,7,175.22,1226.54
5559,1853,3,11,8,45.07,360.56
5560,1854,1,92,1,156.04,156.04
5561,1854,2,109,2,179.33,358.66
5562,1854,3,14,3,49.18,147.54
5563,1855,1,95,4,160.15,640.60
5564,1855,2,112,5,183.44,917.20
5565,1855,3,17,6,53.29,319.74
5566,1856,1,98,7,164.26,1149.82
5567,1856,2,3,8,34.11,272.88
5568,1856,3,20,1,57.40,57.40
5569,1857,1,101,2,168.37,336.74
5570,1857,2,6,3,38.22,114.66
5571,1857,3,23,4,61.51,246.04
5572,1858,1,104,5,172.48,862.40
5573,1858,2,9,6,42.33,253.98
5574,1858,3,26,7,65.62,459.34
5575,1859,1,107,8,176.59,1412.72
5576,1859,2,12,1,46.44,46.44
5577,1859,3,29,2,69.73,139.46
5578,1860,1,110,3,180.70,542.10
5579,1860,2,15,4,50.55,202.20
5580,1860,3,32,5,73.84,369.20
5581,1861,1,1,6,31.37,188.22
5582,1861,2,18,7,54.66,382.62
5583,1861,3,35,8,77.95,623.60
5584,1862,1,4,1,35.48,35.48
5585,1862,2,21,2,58.77,117.54
5586,1862,3,38,3,82.06,246.18
5587,1863,1,7,4,39.59,158.36
5588,1863,2,24,5,62.88,314.40
5589,1863,3,41,6,86.17,517.02
5590,1864,1,10,7,43.70,305.90
5591,1864,2,27,8,66.99,535.92
5592,1864,3,44,1,90.28,90.28
5593,1865,1,13,2,47.81,95.62
5594,1865,2,30,3,71.10,213.30
5595,1865,3,47,4,94.39,377.56
5596,1866,1,16,5,51.92,259.60
5597,1866,2,33,6,75.21,451.26
5598,1866,3,50,7,98.50,689.50
5599,1867,1,19,8,56.03,448.24
5600,1867,2,36,1,79.32,79.32
5601,1867,3,53,2,102.61,205.22
5602,1868,1,22,3,60.14,180.42
5603,1868,2,39,4,83.43,333.72
5604,1868,3,56,5,106.72,533.60
5605,1869,1,25,6,64.25,385.50
5606,1869,2,42,7,87.54,612.78
5607,1869,3,59,8,110.83,886.64
5608,1870,1,28,1,68.36,68.36
5609,1870,2,45,2,91.65,183.30
5610,1870,3,62,3,114.94,344.82
5611,1871,1,31,4,72.47,289.88
5612,1871,2,48,5,95.76,478.80
5613,1871,3,65,6,119.05,714.30
5614,1872,1,34,7,76.58,536.06
5615,1872,2,51,8,99.87,798.96
5616,1872,3,68,1,123.16,123.16
5617,1873,1,37,2,80.69,161.38
5618,1873,2,54,3,103.98,311.94
5619,1873,3,71,4,127.27,509.08
5620,1874,1,40,5,84.80,424.00
5621,1874,2,57,6,108.09,648.54
5622,1874,3,74,7,131.38,919.66
5623,1875,1,43,8,88.91,711.28
5624,1875,2,60,1,112.20,112.20
5625,1875,3,77,2,135.49,270.98
5626,1876,1,46,3,93.02,279.06
5627,1876,2,63,4,116.31,465.24
5628,1876,3,80,5,139.60,698.00
5629,1877,1,49,6,97.13,582.78
5630,1877,2,66,7,120.42,842.94
5631,1877,3,83,8,143.71,1149.68
5632,1878,1,52,1,101.24,101.24
5633,1878,2,69,2,124.53,249.06
5634,1878,3,86,3,147.82,443.46
5635,1879,1,55,4,105.35,421.40
5636,1879,2,72,5,128.64,643.20
5637,1879,3,89,6,151.93,911.58
5638,1880,1,58,7,109.46,766.22
5639,1880,2,75,8,132.75,1062.00
5640,1880,3,92,1,156.04,156.04
5641,1881,1,61,2,113.57,227.14
5642,1881,2,78,3,136.86,410.58
5643,1881,3,95,4,160.15,640.60
5644,1882,1,64,5,117.68,588.40
5645,1882,2,81,6,140.97,845.82
5646,1882,3,98,7,164.26,1149.82
5647,1883,1,67,8,121.79,974.32
5648,1883,2,84,1,145.08,145.08
5649,1883,3,101,2,168.37,336.74
5650,1884,1,70,3,125.90,377.70
5651,1884,2,87,4,149.19,596.76
5652,1884,3,104,5,172.48,862.40
5653,1885,1,73,6,130.01,780.06
5654,1885,2,90,7,153.30,1073.10
5655,1885,3,107,8,176.59,1412.72
5656,1886,1,76,1,134.12,134.12
5657,1886,2,93,2,157.41,314.82
5658,1886,3,110,3,180.70,542.10
5659,1887,1,79,4,138.23,552.92
5660,1887,2,96,5,161.52,807.60
5661,1887,3,1,6,31.37,188.22
5662,1888,1,82,7,142.34,996.38
5663,1888,2,99,8,165.63,1325.04
5664,1888,3,4,1,35.48,35.48
5665,1889,1,85,2,146.45,292.90
5666,1889,2,102,3,169.74,509.22
5667,1889,3,7,4,39.59,158.36
5668,1890,1,88,5,150.56,752.80
5669,1890,2,105,6,173.85,1043.10
5670,1890,3,10,7,43.70,305.90
5671,1891,1,91,8,154.67,1237.36
5672,1891,2,108,1,177.96,177.96
5673,1891,3,13,2,47.81,95.62
5674,1892,1,94,3,158.78,476.34
5675,1892,2,111,4,182.07,728.28
5676,1892,3,16,5,51.92,259.60
5677,1893,1,97,6,162.89,977.34
5678,1893,2,2,7,32.74,229.18
5679,1893,3,19,8,56.03,448.24
5680,1894,1,100,1,167.00,167.00
5681,1894,2,5,2,36.85,73.70
5682,1894,3,22,3,60.14,180.42
5683,1895,1,103,4,171.11,684.44
5684,1895,2,8,5,40.96,204.80
5685,1895,3,25,6,64.25,385.50
5686,1896,1,106,7,175.22,1226.54
5687,1896,2,11,8,45.07,360.56
5688,1896,3,28,1,68.36,68.36
5689,1897,1,109,2,179.33,358.66
5690,1897,2,14,3,49.18,147.54
5691,1897,3,31,4,72.47,289.88
5692,1898,1,112,5,183.44,917.20
5693,1898,2,17,6,53.29,319.74
5694,1898,3,34,7,76.58,536.06
5695,1899,1,3,8,34.11,272.88
5696,1899,2,20,1,57.40,57.40
5697,1899,3,37,2,80.69,161.38
5698,1900,1,6,3,38.22,114.66
5699,1900,2,23,4,61.51,246.04
5700,1900,3,40,5,84.80,424.00
5701,1901,1,9,6,42.33,253.98
5702,1901,2,26,7,65.62,459.34
5703,1901,3,43,8,88.91,711.28
5704,1902,1,12,1,46.44,46.44
5705,1902,2,29,2,69.73,139.46
5706,1902,3,46,3,93.02,279.06
5707,1903,1,15,4,50.55,202.20
5708,1903,2,32,5,73.84,369.20
5709,1903,3,49,6,97.13,582.78
5710,1904,1,18,7,54.66,382.62
5711,1904,2,35,8,77.95,623.60
5712,1904,3,52,1,101.24,101.24
5713,1905,1,21,2,58.77,117.54
5714,1905,2,38,3,82.06,246.18
5715,1905,3,55,4,105.35,421.40
5716,1906,1,24,5,62.88,314.40
5717,1906,2,41,6,86.17,517.02
5718,1906,3,58,7,109.46,766.22
5719,1907,1,27,8,66.99,535.92
5720,1907,2,44,1,90.28,90.28
5721,1907,3,61,2,113.57,227.14
5722,1908,1,30,3,71.10,213.30
5723,1908,2,47,4,94.39,377.56
5724,1908,3,64,5,117.68,588.40
5725,1909,1,33,6,75.21,451.26
5726,1909,2,50,7,98.50,689.50
5727,1909,3,67,8,121.79,974.32
5728,1910,1,36,1,79.32,79.32
5729,1910,2,53,2,102.61,205.22
5730,1910,3,70,3,125.90,377.70
5731,1911,1,39,4,83.43,333.72
5732,1911,2,56,5,106.72,533.60
5733,1911,3,73,6,130.01,780.06
5734,1912,1,42,7,87.54,612.78
5735,1912,2,59,8,110.83,886.64
5736,1912,3,76,1,134.12,134.12
5737,1913,1,45,2,91.65,183.30
5738,1913,2,62,3,114.94,344.82
5739,1913,3,79,4,138.23,552.92
5740,1914,1,48,5,95.76,478.80
5741,1914,2,65,6,119.05,714.30
5742,1914,3,82,7,142.34,996.38
5743,1915,1,51,8,99.87,798.96
5744,1915,2,68,1,123.16,123.16
5745,1915,3,85,2,146.45,292.90
5746,1916,1,54,3,103.98,311.94
5747,1916,2,71,4,127.27,509.08
5748,1916,3,88,5,150.56,752.80
5749,1917,1,57,6,108.09,648.54
5750,1917,2,74,7,131.38,919.66
5751,1917,3,91,8,154.67,1237.36
5752,1918,1,60,1,112.20,112.20
5753,1918,2,77,2,135.49,270.98
5754,1918,3,94,3,158.78,476.34
5755,1919,1,63,4,116.31,465.24
5756,1919,2,80,5,139.60,698.00
5757,1919,3,97,6,162.89,977.34
5758,1920,1,66,7,120.42,842.94
5759,1920,2,83,8,143.71,1149.68
5760,1920,3,100,1,167.00,167.00
5761,1921,1,69,2,124.53,249.06
5762,1921,2,86,3,147.82,443.46
5763,1921,3,103,4,171.11,684.44
5764,1922,1,72,5,128.64,643.20
5765,1922,2,89,6,151.93,911.58
5766,1922,3,106,7,175.22,1226.54
5767,1923,1,75,8,132.75,1062.00
5768,1923,2,92,1,156.04,156.04
5769,1923,3,109,2,179.33,358.66
5770,1924,1,78,3,136.86,410.58
5771,1924,2,95,4,160.15,640.60
5772,1924,3,112,5,183.44,917.20
5773,1925,1,81,6,140.97,845.82
5774,1925,2,98,7,164.26,1149.82
5775,1925,3,3,8,34.11,272.88
5776,1926,1,84,1,145.08,145.08
5777,1926,2,101,2,168.37,336.74
5778,1926,3,6,3,38.22,114.66
5779,1927,1,87,4,149.19,596.76
5780,1927,2,104,5,172.48,862.40
5781,1927,3,9,6,42.33,253.98
5782,1928,1,90,7,153.30,1073.10
5783,1928,2,107,8,176.59,1412.72
5784,1928,3,12,1,46.44,46.44
5785,1929,1,93,2,157.41,314.82
5786,1929,2,110,3,180.70,542.10
5787,1929,3,15,4,50.55,202.20
5788,1930,1,96,5,161.52,807.60
5789,1930,2,1,6,31.37,188.22
5790,1930,3,18,7,54.66,382.62
5791,1931,1,99,8,165.63,1325.04
5792,1931,2,4,1,35.48,35.48
5793,1931,3,21,2,58.77,117.54
5794,1932,1,102,3,169.74,509.22
5795,1932,2,7,4,39.59,158.36
5796,1932,3,24,5,62.88,314.40
5797,1933,1,105,6,173.85,1043.10
5798,1933,2,10,7,43.70,305.90
5799,1933,3,27,8,66.99,535.92
5800,1934,1,108,1,177.96,177.96
5801,1934,2,13,2,47.81,95.62
5802,1934,3,30,3,71.10,213.30
5803,1935,1,111,4,182.07,728.28
5804,1935,2,16,5,51.92,259.60
5805,1935,3,33,6,75.21,451.26
5806,1936,1,2,7,32.74,229.18
5807,1936,2,19,8,56.03,448.24
5808,1936,3,36,1,79.32,79.32
5809,1937,1,5,2,36.85,73.70
5810,1937,2,22,3,60.14,180.42
5811,1937,3,39,4,83.43,333.72
5812,1938,1,8,5,40.96,204.80
5813,1938,2,25,6,64.25,385.50
5814,1938,3,42,7,87.54,612.78
5815,1939,1,11,8,45.07,360.56
5816,1939,2,28,1,68.36,68.36
5817,1939,3,45,2,91.65,183.30
5818,1940,1,14,3,49.18,147.54
5819,1940,2,31,4,72.47,289.88
5820,1940,3,48,5,95.76,478.80
5821,1941,1,17,6,53.29,319.74
5822,1941,2,34,7,76.58,536.06
5823,1941,3,51,8,99.87,798.96
5824,1942,1,20,1,57.40,57.40
5825,1942,2,37,2,80.69,161.38
5826,1942,3,54,3,103.98,311.94
5827,1943,1,23,4,61.51,246.04
5828,1943,2,40,5,84.80,424.00
5829,1943,3,57,6,108.09,648.54
5830,1944,1,26,7,65.62,459.34
5831,1944,2,43,8,88.91,711.28
5832,1944,3,60,1,112.20,112.20
5833,1945,1,29,2,69.73,139.46
5834,1945,2,46,3,93.02,279.06
5835,1945,3,63,4,116.31,465.24
5836,1946,1,32,5,73.84,369.20
5837,1946,2,49,6,97.13,582.78
5838,1946,3,66,7,120.42,842.94
5839,1947,1,35,8,77.95,623.60
5840,1947,2,52,1,101.24,101.24
5841,1947,3,69,2,124.53,249.06
5842,1948,1,38,3,82.06,246.18
5843,1948,2,55,4,105.35,421.40
5844,1948,3,72,5,128.64,643.20
5845,1949,1,41,6,86.17,517.02
5846,1949,2,58,7,109.46,766.22
5847,1949,3,75,8,132.75,1062.00
5848,1950,1,44,1,90.28,90.28
5849,1950,2,61,2,113.57,227.14
5850,1950,3,78,3,136.86,410.58
5851,1951,1,47,4,94.39,377.56
5852,1951,2,64,5,117.68,588.40
5853,1951,3,81,6,140.97,845.82
5854,1952,1,50,7,98.50,689.50
5855,1952,2,67,8,121.79,974.32
5856,1952,3,84,1,145.08,145.08
5857,1953,1,53,2,102.61,205.22
5858,1953,2,70,3,125.90,377.70
5859,1953,3,87,4,149.19,596.76
5860,1954,1,56,5,106.72,533.60
5861,1954,2,73,6,130.01,780.06
5862,1954,3,90,7,153.30,1073.10
5863,1955,1,59,8,110.83,886.64
5864,1955,2,76,1,134.12,134.12
5865,1955,3,93,2,157.41,314.82
5866,1956,1,62,3,114.94,344.82
5867,1956,2,79,4,138.23,552.92
5868,1956,3,96,5,161.52,807.60
5869,1957,1,65,6,119.05,714.30
5870,1957,2,82,7,142.34,996.38
5871,1957,3,99,8,165.63,1325.04
5872,1958,1,68,1,123.16,123.16
5873,1958,2,85,2,146.45,292.90
5874,1958,3,102,3,169.74,509.22
5875,1959,1,71,4,127.27,509.08
5876,1959,2,88,5,150.56,752.80
5877,1959,3,105,6,173.85,1043.10
5878,1960,1,74,7,131.38,919.66
5879,1960,2,91,8,154.67,1237.36
5880,1960,3,108,1,177.96,177.96
5881,1961,1,77,2,135.49,270.98
5882,1961,2,94,3,158.78,476.34
5883,1961,3,111,4,182.07,728.28
5884,1962,1,80,5,139.60,698.00
5885,1962,2,97,6,162.89,977.34
5886,1962,3,2,7,32.74,229.18
5887,1963,1,83,8,143.71,1149.68
5888,1963,2,100,1,167.00,167.00
5889,1963,3,5,2,36.85,73.70
5890,1964,1,86,3,147.82,443.46
5891,1964,2,103,4,171.11,684.44
5892,1964,3,8,5,40.96,204.80
5893,1965,1,89,6,151.93,911.58
5894,1965,2,106,7,175.22,1226.54
5895,1965,3,11,8,45.07,360.56
5896,1966,1,92,1,156.04,156.04
5897,1966,2,109,2,179.33,358.66
5898,1966,3,14,3,49.18,147.54
5899,1967,1,95,4,160.15,640.60
5900,1967,2,112,5,183.44,917.20
5901,1967,3,17,6,53.29,319.74
5902,1968,1,98,7,164.26,1149.82
5903,1968,2,3,8,34.11,272.88
5904,1968,3,20,1,57.40,57.40
5905,1969,1,101,2,168.37,336.74
5906,1969,2,6,3,38.22,114.66
5907,1969,3,23,4,61.51,246.04
5908,1970,1,104,5,172.48,862.40
5909,1970,2,9,6,42.33,253.98
5910,1970,3,26,7,65.62,459.34
5911,1971,1,107,8,176.59,1412.72
5912,1971,2,12,1,46.44,46.44
5913,1971,3,29,2,69.73,139.46
5914,1972,1,110,3,180.70,542.10
5915,1972,2,15,4,50.55,202.20
5916,1972,3,32,5,73.84,369.20
5917,1973,1,1,6,31.37,188.22
5918,1973,2,18,7,54.66,382.62
5919,1973,3,35,8,77.95,623.60
5920,1974,1,4,1,35.48,35.48
5921,1974,2,21,2,58.77,117.54
5922,1974,3,38,3,82.06,246.18
5923,1975,1,7,4,39.59,158.36
5924,1975,2,24,5,62.88,314.40
5925,1975,3,41,6,86.17,517.02
5926,1976,1,10,7,43.70,305.90
5927,1976,2,27,8,66.99,535.92
5928,1976,3,44,1,90.28,90.28
5929,1977,1,13,2,47.81,95.62
5930,1977,2,30,3,71.10,213.30
5931,1977,3,47,4,94.39,377.56
5932,1978,1,16,5,51.92,259.60
5933,1978,2,33,6,75.21,451.26
5934,1978,3,50,7,98.50,689.50
5935,1979,1,19,8,56.03,448.24
5936,1979,2,36,1,79.32,79.32
5937,1979,3,53,2,102.61,205.22
5938,1980,1,22,3,60.14,180.42
5939,1980,2,39,4,83.43,333.72
5940,1980,3,56,5,106.72,533.60
5941,1981,1,25,6,64.25,385.50
5942,1981,2,42,7,87.54,612.78
5943,1981,3,59,8,110.83,886.64
5944,1982,1,28,1,68.36,68.36
5945,1982,2,45,2,91.65,183.30
5946,1982,3,62,3,114.94,344.82
5947,1983,1,31,4,72.47,289.88
5948,1983,2,48,5,95.76,478.80
5949,1983,3,65,6,119.05,714.30
5950,1984,1,34,7,76.58,536.06
5951,1984,2,51,8,99.87,798.96
5952,1984,3,68,1,123.16,123.16
5953,1985,1,37,2,80.69,161.38
5954,1985,2,54,3,103.98,311.94
5955,1985,3,71,4,127.27,509.08
5956,1986,1,40,5,84.80,424.00
5957,1986,2,57,6,108.09,648.54
5958,1986,3,74,7,131.38,919.66
5959,1987,1,43,8,88.91,711.28
5960,1987,2,60,1,112.20,112.20
5961,1987,3,77,2,135.49,270.98
5962,1988,1,46,3,93.02,279.06
5963,1988,2,63,4,116.31,465.24
5964,1988,3,80,5,139.60,698.00
5965,1989,1,49,6,97.13,582.78
5966,1989,2,66,7,120.42,842.94
5967,1989,3,83,8,143.71,1149.68
5968,1990,1,52,1,101.24,101.24
5969,1990,2,69,2,124.53,249.06
5970,1990,3,86,3,147.82,443.46
5971,1991,1,55,4,105.35,421.40
5972,1991,2,72,5,128.64,643.20
5973,1991,3,89,6,151.93,911.58
5974,1992,1,58,7,109.46,766.22
5975,1992,2,75,8,132.75,1062.00
5976,1992,3,92,1,156.04,156.04
5977,1993,1,61,2,113.57,227.14
5978,1993,2,78,3,136.86,410.58
5979,1993,3,95,4,160.15,640.60
5980,1994,1,64,5,117.68,588.40
5981,1994,2,81,6,140.97,845.82
5982,1994,3,98,7,164.26,1149.82
5983,1995,1,67,8,121.79,974.32
5984,1995,2,84,1,145.08,145.08
5985,1995,3,101,2,168.37,336.74
5986,1996,1,70,3,125.90,377.70
5987,1996,2,87,4,149.19,596.76
5988,1996,3,104,5,172.48,862.40
5989,1997,1,73,6,130.01,780.06
5990,1997,2,90,7,153.30,1073.10
5991,1997,3,107,8,176.59,1412.72
5992,1998,1,76,1,134.12,134.12
5993,1998,2,93,2,157.41,314.82
5994,1998,3,110,3,180.70,542.10
5995,1999,1,79,4,138.23,552.92
5996,1999,2,96,5,161.52,807.60
5997,1999,3,1,6,31.37,188.22
5998,2000,1,82,7,142.34,996.38
5999,2000,2,99,8,165.63,1325.04
6000,2000,3,4,1,35.48,35.48
6001,2001,1,85,2,146.45,292.90
6002,2001,2,102,3,169.74,509.22
6003,2001,3,7,4,39.59,158.36
6004,2002,1,88,5,150.56,752.80
6005,2002,2,105,6,173.85,1043.10
6006,2002,3,10,7,43.70,305.90
6007,2003,1,91,8,154.67,1237.36
6008,2003,2,108,1,177.96,177.96
6009,2003,3,13,2,47.81,95.62
6010,2004,1,94,3,158.78,476.34
6011,2004,2,111,4,182.07,728.28
6012,2004,3,16,5,51.92,259.60
6013,2005,1,97,6,162.89,977.34
6014,2005,2,2,7,32.74,229.18
6015,2005,3,19,8,56.03,448.24
6016,2006,1,100,1,167.00,167.00
6017,2006,2,5,2,36.85,73.70
6018,2006,3,22,3,60.14,180.42
6019,2007,1,103,4,171.11,684.44
6020,2007,2,8,5,40.96,204.80
6021,2007,3,25,6,64.25,385.50
6022,2008,1,106,7,175.22,1226.54
6023,2008,2,11,8,45.07,360.56
6024,2008,3,28,1,68.36,68.36
6025,2009,1,109,2,179.33,358.66
6026,2009,2,14,3,49.18,147.54
6027,2009,3,31,4,72.47,289.88
6028,2010,1,112,5,183.44,917.20
6029,2010,2,17,6,53.29,319.74
6030,2010,3,34,7,76.58,536.06
6031,2011,1,3,8,34.11,272.88
6032,2011,2,20,1,57.40,57.40
6033,2011,3,37,2,80.69,161.38
6034,2012,1,6,3,38.22,114.66
6035,2012,2,23,4,61.51,246.04
6036,2012,3,40,5,84.80,424.00
6037,2013,1,9,6,42.33,253.98
6038,2013,2,26,7,65.62,459.34
6039,2013,3,43,8,88.91,711.28
6040,2014,1,12,1,46.44,46.44
6041,2014,2,29,2,69.73,139.46
6042,2014,3,46,3,93.02,279.06
6043,2015,1,15,4,50.55,202.20
6044,2015,2,32,5,73.84,369.20
6045,2015,3,49,6,97.13,582.78
6046,2016,1,18,7,54.66,382.62
6047,2016,2,35,8,77.95,623.60
6048,2016,3,52,1,101.24,101.24
6049,2017,1,21,2,58.77,117.54
6050,2017,2,38,3,82.06,246.18
6051,2017,3,55,4,105.35,421.40
6052,2018,1,24,5,62.88,314.40
6053,2018,2,41,6,86.17,517.02
6054,2018,3,58,7,109.46,766.22
6055,2019,1,27,8,66.99,535.92
6056,2019,2,44,1,90.28,90.28
6057,2019,3,61,2,113.57,227.14
6058,2020,1,30,3,71.10,213.30
6059,2020,2,47,4,94.39,377.56
6060,2020,3,64,5,117.68,588.40
6061,2021,1,33,6,75.21,451.26
6062,2021,2,50,7,98.50,689.50
6063,2021,3,67,8,121.79,974.32
6064,2022,1,36,1,79.32,79.32
6065,2022,2,53,2,102.61,205.22
6066,2022,3,70,3,125.90,377.70
6067,2023,1,39,4,83.43,333.72
6068,2023,2,56,5,106.72,533.60
6069,2023,3,73,6,130.01,780.06
6070,2024,1,42,7,87.54,612.78
6071,2024,2,59,8,110.83,886.64
6072,2024,3,76,1,134.12,134.12
6073,2025,1,45,2,91.65,183.30
6074,2025,2,62,3,114.94,344.82
6075,2025,3,79,4,138.23,552.92
6076,2026,1,48,5,95.76,478.80
6077,2026,2,65,6,119.05,714.30
6078,2026,3,82,7,142.34,996.38
6079,2027,1,51,8,99.87,798.96
6080,2027,2,68,1,123.16,123.16
6081,2027,3,85,2,146.45,292.90
6082,2028,1,54,3,103.98,311.94
6083,2028,2,71,4,127.27,509.08
6084,2028,3,88,5,150.56,752.80
6085,2029,1,57,6,108.09,648.54
6086,2029,2,74,7,131.38,919.66
6087,2029,3,91,8,154.67,1237.36
6088,2030,1,60,1,112.20,112.20
6089,2030,2,77,2,135.49,270.98
6090,2030,3,94,3,158.78,476.34
6091,2031,1,63,4,116.31,465.24
6092,2031,2,80,5,139.60,698.00
6093,2031,3,97,6,162.89,977.34
6094,2032,1,66,7,120.42,842.94
6095,2032,2,83,8,143.71,1149.68
6096,2032,3,100,1,167.00,167.00
6097,2033,1,69,2,124.53,249.06
6098,2033,2,86,3,147.82,443.46
6099,2033,3,103,4,171.11,684.44
6100,2034,1,72,5,128.64,643.20
6101,2034,2,89,6,151.93,911.58
6102,2034,3,106,7,175.22,1226.54
6103,2035,1,75,8,132.75,1062.00
6104,2035,2,92,1,156.04,156.04
6105,2035,3,109,2,179.33,358.66
6106,2036,1,78,3,136.86,410.58
6107,2036,2,95,4,160.15,640.60
6108,2036,3,112,5,183.44,917.20
6109,2037,1,81,6,140.97,845.82
6110,2037,2,98,7,164.26,1149.82
6111,2037,3,3,8,34.11,272.88
6112,2038,1,84,1,145.08,145.08
6113,2038,2,101,2,168.37,336.74
6114,2038,3,6,3,38.22,114.66
6115,2039,1,87,4,149.19,596.76
6116,2039,2,104,5,172.48,862.40
6117,2039,3,9,6,42.33,253.98
6118,2040,1,90,7,153.30,1073.10
6119,2040,2,107,8,176.59,1412.72
6120,2040,3,12,1,46.44,46.44
6121,2041,1,93,2,157.41,314.82
6122,2041,2,110,3,180.70,542.10
6123,2041,3,15,4,50.55,202.20
6124,2042,1,96,5,161.52,807.60
6125,2042,2,1,6,31.37,188.22
6126,2042,3,18,7,54.66,382.62
6127,2043,1,99,8,165.63,1325.04
6128,2043,2,4,1,35.48,35.48
6129,2043,3,21,2,58.77,117.54
6130,2044,1,102,3,169.74,509.22
6131,2044,2,7,4,39.59,158.36
6132,2044,3,24,5,62.88,314.40
6133,2045,1,105,6,173.85,1043.10
6134,2045,2,10,7,43.70,305.90
6135,2045,3,27,8,66.99,535.92
6136,2046,1,108,1,177.96,177.96
6137,2046,2,13,2,47.81,95.62
6138,2046,3,30,3,71.10,213.30
6139,2047,1,111,4,182.07,728.28
6140,2047,2,16,5,51.92,259.60
6141,2047,3,33,6,75.21,451.26
6142,2048,1,2,7,32.74,229.18
6143,2048,2,19,8,56.03,448.24
6144,2048,3,36,1,79.32,79.32
6145,2049,1,5,2,36.85,73.70
6146,2049,2,22,3,60.14,180.42
6147,2049,3,39,4,83.43,333.72
6148,2050,1,8,5,40.96,204.80
6149,2050,2,25,6,64.25,385.50
6150,2050,3,42,7,87.54,612.78
6151,2051,1,11,8,45.07,360.56
6152,2051,2,28,1,68.36,68.36
6153,2051,3,45,2,91.65,183.30
6154,2052,1,14,3,49.18,147.54
6155,2052,2,31,4,72.47,289.88
6156,2052,3,48,5,95.76,478.80
6157,2053,1,17,6,53.29,319.74
6158,2053,2,34,7,76.58,536.06
6159,2053,3,51,8,99.87,798.96
6160,2054,1,20,1,57.40,57.40
6161,2054,2,37,2,80.69,161.38
6162,2054,3,54,3,103.98,311.94
6163,2055,1,23,4,61.51,246.04
6164,2055,2,40,5,84.80,424.00
6165,2055,3,57,6,108.09,648.54
6166,2056,1,26,7,65.62,459.34
6167,2056,2,43,8,88.91,711.28
6168,2056,3,60,1,112.20,112.20
6169,2057,1,29,2,69.73,139.46
6170,2057,2,46,3,93.02,279.06
6171,2057,3,63,4,116.31,465.24
6172,2058,1,32,5,73.84,369.20
6173,2058,2,49,6,97.13,582.78
6174,2058,3,66,7,120.42,842.94
6175,2059,1,35,8,77.95,623.60
6176,2059,2,52,1,101.24,101.24
6177,2059,3,69,2,124.53,249.06
6178,2060,1,38,3,82.06,246.18
6179,2060,2,55,4,105.35,421.40
6180,2060,3,72,5,128.64,643.20
6181,2061,1,41,6,86.17,517.02
6182,2061,2,58,7,109.46,766.22
6183,2061,3,75,8,132.75,1062.00
6184,2062,1,44,1,90.28,90.28
6185,2062,2,61,2,113.57,227.14
6186,2062,3,78,3,136.86,410.58
6187,2063,1,47,4,94.39,377.56
6188,2063,2,64,5,117.68,588.40
6189,2063,3,81,6,140.97,845.82
6190,2064,1,50,7,98.50,689.50
6191,2064,2,67,8,121.79,974.32
6192,2064,3,84,1,145.08,145.08
6193,2065,1,53,2,102.61,205.22
6194,2065,2,70,3,125.90,377.70
6195,2065,3,87,4,149.19,596.76
6196,2066,1,56,5,106.72,533.60
6197,2066,2,73,6,130.01,780.06
6198,2066,3,90,7,153.30,1073.10
6199,2067,1,59,8,110.83,886.64
6200,2067,2,76,1,134.12,134.12
6201,2067,3,93,2,157.41,314.82
6202,2068,1,62,3,114.94,344.82
6203,2068,2,79,4,138.23,552.92
6204,2068,3,96,5,161.52,807.60
6205,2069,1,65,6,119.05,714.30
6206,2069,2,82,7,142.34,996.38
6207,2069,3,99,8,165.63,1325.04
6208,2070,1,68,1,123.16,123.16
6209,2070,2,85,2,146.45,292.90
6210,2070,3,102,3,169.74,509.22
6211,2071,1,71,4,127.27,509.08
6212,2071,2,88,5,150.56,752.80
6213,2071,3,105,6,173.85,1043.10
6214,2072,1,74,7,131.38,919.66
6215,2072,2,91,8,154.67,1237.36
6216,2072,3,108,1,177.96,177.96
6217,2073,1,77,2,135.49,270.98
6218,2073,2,94,3,158.78,476.34
6219,2073,3,111,4,182.07,728.28
6220,2074,1,80,5,139.60,698.00
6221,2074,2,97,6,162.89,977.34
6222,2074,3,2,7,32.74,229.18
6223,2075,1,83,8,143.71,1149.68
6224,2075,2,100,1,167.00,167.00
6225,2075,3,5,2,36.85,73.70
6226,2076,1,86,3,147.82,443.46
6227,2076,2,103,4,171.11,684.44
6228,2076,3,8,5,40.96,204.80
6229,2077,1,89,6,151.93,911.58
6230,2077,2,106,7,175.22,1226.54
6231,2077,3,11,8,45.07,360.56
6232,2078,1,92,1,156.04,156.04
6233,2078,2,109,2,179.33,358.66
6234,2078,3,14,3,49.18,147.54
6235,2079,1,95,4,160.15,640.60
6236,2079,2,112,5,183.44,917.20
6237,2079,3,17,6,53.29,319.74
6238,2080,1,98,7,164.26,1149.82
6239,2080,2,3,8,34.11,272.88
6240,2080,3,20,1,57.40,57.40
6241,2081,1,101,2,168.37,336.74
6242,2081,2,6,3,38.22,114.66
6243,2081,3,23,4,61.51,246.04
6244,2082,1,104,5,172.48,862.40
6245,2082,2,9,6,42.33,253.98
6246,2082,3,26,7,65.62,459.34
6247,2083,1,107,8,176.59,1412.72
6248,2083,2,12,1,46.44,46.44
6249,2083,3,29,2,69.73,139.46
6250,2084,1,110,3,180.70,542.10
6251,2084,2,15,4,50.55,202.20
6252,2084,3,32,5,73.84,369.20
6253,2085,1,1,6,31.37,188.22
6254,2085,2,18,7,54.66,382.62
6255,2085,3,35,8,77.95,623.60
6256,2086,1,4,1,35.48,35.48
6257,2086,2,21,2,58.77,117.54
6258,2086,3,38,3,82.06,246.18
6259,2087,1,7,4,39.59,158.36
6260,2087,2,24,5,62.88,314.40
6261,2087,3,41,6,86.17,517.02
6262,2088,1,10,7,43.70,305.90
6263,2088,2,27,8,66.99,535.92
6264,2088,3,44,1,90.28,90.28
6265,2089,1,13,2,47.81,95.62
6266,2089,2,30,3,71.10,213.30
6267,2089,3,47,4,94.39,377.56
6268,2090,1,16,5,51.92,259.60
6269,2090,2,33,6,75.21,451.26
6270,2090,3,50,7,98.50,689.50
6271,2091,1,19,8,56.03,448.24
6272,2091,2,36,1,79.32,79.32
6273,2091,3,53,2,102.61,205.22
6274,2092,1,22,3,60.14,180.42
6275,2092,2,39,4,83.43,333.72
6276,2092,3,56,5,106.72,533.60
6277,2093,1,25,6,64.25,385.50
6278,2093,2,42,7,87.54,612.78
6279,2093,3,59,8,110.83,886.64
6280,2094,1,28,1,68.36,68.36
6281,2094,2,45,2,91.65,183.30
6282,2094,3,62,3,114.94,344.82
6283,2095,1,31,4,72.47,289.88
6284,2095,2,48,5,95.76,478.80
6285,2095,3,65,6,119.05,714.30
6286,2096,1,34,7,76.58,536.06
6287,2096,2,51,8,99.87,798.96
6288,2096,3,68,1,123.16,123.16
6289,2097,1,37,2,80.69,161.38
6290,2097,2,54,3,103.98,311.94
6291,2097,3,71,4,127.27,509.08
6292,2098,1,40,5,84.80,424.00
6293,2098,2,57,6,108.09,648.54
6294,2098,3,74,7,131.38,919.66
6295,2099,1,43,8,88.91,711.28
6296,2099,2,60,1,112.20,112.20
6297,2099,3,77,2,135.49,270.98
6298,2100,1,46,3,93.02,279.06
6299,2100,2,63,4,116.31,465.24
6300,2100,3,80,5,139.60,698.00
6301,2101,1,49,6,97.13,582.78
6302,2101,2,66,7,120.42,842.94
6303,2101,3,83,8,143.71,1149.68
6304,2102,1,52,1,101.24,101.24
6305,2102,2,69,2,124.53,249.06
6306,2102,3,86,3,147.82,443.46
6307,2103,1,55,4,105.35,421.40
6308,2103,2,72,5,128.64,643.20
6309,2103,3,89,6,151.93,911.58
6310,2104,1,58,7,109.46,766.22
6311,2104,2,75,8,132.75,1062.00
6312,2104,3,92,1,156.04,156.04
6313,2105,1,61,2,113.57,227.14
6314,2105,2,78,3,136.86,410.58
6315,2105,3,95,4,160.15,640.60
6316,2106,1,64,5,117.68,588.40
6317,2106,2,81,6,140.97,845.82
6318,2106,3,98,7,164.26,1149.82
6319,2107,1,67,8,121.79,974.32
6320,2107,2,84,1,145.08,145.08
6321,2107,3,101,2,168.37,336.74
6322,2108,1,70,3,125.90,377.70
6323,2108,2,87,4,149.19,596.76
6324,2108,3,104,5,172.48,862.40
6325,2109,1,73,6,130.01,780.06
6326,2109,2,90,7,153.30,1073.10
6327,2109,3,107,8,176.59,1412.72
6328,2110,1,76,1,134.12,134.12
6329,2110,2,93,2,157.41,314.82
6330,2110,3,110,3,180.70,542.10
6331,2111,1,79,4,138.23,552.92
6332,2111,2,96,5,161.52,807.60
6333,2111,3,1,6,31.37,188.22
6334,2112,1,82,7,142.34,996.38
6335,2112,2,99,8,165.63,1325.04
6336,2112,3,4,1,35.48,35.48
6337,2113,1,85,2,146.45,292.90
6338,2113,2,102,3,169.74,509.22
6339,2113,3,7,4,39.59,158.36
6340,2114,1,88,5,150.56,752.80
6341,2114,2,105,6,173.85,1043.10
6342,2114,3,10,7,43.70,305.90
6343,2115,1,91,8,154.67,1237.36
6344,2115,2,108,1,177.96,177.96
6345,2115,3,13,2,47.81,95.62
6346,2116,1,94,3,158.78,476.34
6347,2116,2,111,4,182.07,728.28
6348,2116,3,16,5,51.92,259.60
6349,2117,1,97,6,162.89,977.34
6350,2117,2,2,7,32.74,229.18
6351,2117,3,19,8,56.03,448.24
6352,2118,1,100,1,167.00,167.00
6353,2118,2,5,2,36.85,73.70
6354,2118,3,22,3,60.14,180.42
6355,2119,1,103,4,171.11,684.44
6356,2119,2,8,5,40.96,204.80
6357,2119,3,25,6,64.25,385.50
6358,2120,1,106,7,175.22,1226.54
6359,2120,2,11,8,45.07,360.56
6360,2120,3,28,1,68.36,68.36
6361,2121,1,109,2,179.33,358.66
6362,2121,2,14,3,49.18,147.54
6363,2121,3,31,4,72.47,289.88
6364,2122,1,112,5,183.44,917.20
6365,2122,2,17,6,53.29,319.74
6366,2122,3,34,7,76.58,536.06
6367,2123,1,3,8,34.11,272.88
6368,2123,2,20,1,57.40,57.40
6369,2123,3,37,2,80.69,161.38
6370,2124,1,6,3,38.22,114.66
6371,2124,2,23,4,61.51,246.04
6372,2124,3,40,5,84.80,424.00
6373,2125,1,9,6,42.33,253.98
6374,2125,2,26,7,65.62,459.34
6375,2125,3,43,8,88.91,711.28
6376,2126,1,12,1,46.44,46.44
6377,2126,2,29,2,69.73,139.46
6378,2126,3,46,3,93.02,279.06
6379,2127,1,15,4,50.55,202.20
6380,2127,2,32,5,73.84,369.20
6381,2127,3,49,6,97.13,582.78
6382,2128,1,18,7,54.66,382.62
6383,2128,2,35,8,77.95,623.60
6384,2128,3,52,1,101.24,101.24
6385,2129,1,21,2,58.77,117.54
6386,2129,2,38,3,82.06,246.18
6387,2129,3,55,4,105.35,421.40
6388,2130,1,24,5,62.88,314.40
6389,2130,2,41,6,86.17,517.02
6390,2130,3,58,7,109.46,766.22
6391,2131,1,27,8,66.99,535.92
6392,2131,2,44,1,90.28,90.28
6393,2131,3,61,2,113.57,227.14
6394,2132,1,30,3,71.10,213.30
6395,2132,2,47,4,94.39,377.56
6396,2132,3,64,5,117.68,588.40
6397,2133,1,33,6,75.21,451.26
6398,2133,2,50,7,98.50,689.50
6399,2133,3,67,8,121.79,974.32
6400,2134,1,36,1,79.32,79.32
6401,2134,2,53,2,102.61,205.22
6402,2134,3,70,3,125.90,377.70
6403,2135,1,39,4,83.43,333.72
6404,2135,2,56,5,106.72,533.60
6405,2135,3,73,6,130.01,780.06
6406,2136,1,42,7,87.54,612.78
6407,2136,2,59,8,110.83,886.64
6408,2136,3,76,1,134.12,134.12
6409,2137,1,45,2,91.65,183.30
6410,2137,2,62,3,114.94,344.82
6411,2137,3,79,4,138.23,552.92
6412,2138,1,48,5,95.76,478.80
6413,2138,2,65,6,119.05,714.30
6414,2138,3,82,7,142.34,996.38
6415,2139,1,51,8,99.87,798.96
6416,2139,2,68,1,123.16,123.16
6417,2139,3,85,2,146.45,292.90
6418,2140,1,54,3,103.98,311.94
6419,2140,2,71,4,127.27,509.08
6420,2140,3,88,5,150.56,752.80
6421,2141,1,57,6,108.09,648.54
6422,2141,2,74,7,131.38,919.66
6423,2141,3,91,8,154.67,1237.36
6424,2142,1,60,1,112.20,112.20
6425,2142,2,77,2,135.49,270.98
6426,2142,3,94,3,158.78,476.34
6427,2143,1,63,4,116.31,465.24
6428,2143,2,80,5,139.60,698.00
6429,2143,3,97,6,162.89,977.34
6430,2144,1,66,7,120.42,842.94
6431,2144,2,83,8,143.71,1149.68
6432,2144,3,100,1,167.00,167.00
6433,2145,1,69,2,124.53,249.06
6434,2145,2,86,3,147.82,443.46
6435,2145,3,103,4,171.11,684.44
6436,2146,1,72,5,128.64,643.20
6437,2146,2,89,6,151.93,911.58
6438,2146,3,106,7,175.22,1226.54
6439,2147,1,75,8,132.75,1062.00
6440,2147,2,92,1,156.04,156.04
6441,2147,3,109,2,179.33,358.66
6442,2148,1,78,3,136.86,410.58
6443,2148,2,95,4,160.15,640.60
6444,2148,3,112,5,183.44,917.20
6445,2149,1,81,6,140.97,845.82
6446,2149,2,98,7,164.26,1149.82
6447,2149,3,3,8,34.11,272.88
6448,2150,1,84,1,145.08,145.08
6449,2150,2,101,2,168.37,336.74
6450,2150,3,6,3,38.22,114.66
6451,2151,1,87,4,149.19,596.76
6452,2151,2,104,5,172.48,862.40
6453,2151,3,9,6,42.33,253.98
6454,2152,1,90,7,153.30,1073.10
6455,2152,2,107,8,176.59,1412.72
6456,2152,3,12,1,46.44,46.44
6457,2153,1,93,2,157.41,314.82
6458,2153,2,110,3,180.70,542.10
6459,2153,3,15,4,50.55,202.20
6460,2154,1,96,5,161.52,807.60
6461,2154,2,1,6,31.37,188.22
6462,2154,3,18,7,54.66,382.62
6463,2155,1,99,8,165.63,1325.04
6464,2155,2,4,1,35.48,35.48
6465,2155,3,21,2,58.77,117.54
6466,2156,1,102,3,169.74,509.22
6467,2156,2,7,4,39.59,158.36
6468,2156,3,24,5,62.88,314.40
6469,2157,1,105,6,173.85,1043.10
6470,2157,2,10,7,43.70,305.90
6471,2157,3,27,8,66.99,535.92
6472,2158,1,108,1,177.96,177.96
6473,2158,2,13,2,47.81,95.62
6474,2158,3,30,3,71.10,213.30
6475,2159,1,111,4,182.07,728.28
6476,2159,2,16,5,51.92,259.60
6477,2159,3,33,6,75.21,451.26
6478,2160,1,2,7,32.74,229.18
6479,2160,2,19,8,56.03,448.24
6480,2160,3,36,1,79.32,79.32
6481,2161,1,5,2,36.85,73.70
6482,2161,2,22,3,60.14,180.42
6483,2161,3,39,4,83.43,333.72
6484,2162,1,8,5,40.96,204.80
6485,2162,2,25,6,64.25,385.50
6486,2162,3,42,7,87.54,612.78
6487,2163,1,11,8,45.07,360.56
6488,2163,2,28,1,68.36,68.36
6489,2163,3,45,2,91.65,183.30
6490,2164,1,14,3,49.18,147.54
6491,2164,2,31,4,72.47,289.88
6492,2164,3,48,5,95.76,478.80
6493,2165,1,17,6,53.29,319.74
6494,2165,2,34,7,76.58,536.06
6495,2165,3,51,8,99.87,798.96
6496,2166,1,20,1,57.40,57.40
6497,2166,2,37,2,80.69,161.38
6498,2166,3,54,3,103.98,311.94
6499,2167,1,23,4,61.51,246.04
6500,2167,2,40,5,84.80,424.00
6501,2167,3,57,6,108.09,648.54
6502,2168,1,26,7,65.62,459.34
6503,2168,2,43,8,88.91,711.28
6504,2168,3,60,1,112.20,112.20
6505,2169,1,29,2,69.73,139.46
6506,2169,2,46,3,93.02,279.06
6507,2169,3,63,4,116.31,465.24
6508,2170,1,32,5,73.84,369.20
6509,2170,2,49,6,97.13,582.78
6510,2170,3,66,7,120.42,842.94
6511,2171,1,35,8,77.95,623.60
6512,2171,2,52,1,101.24,101.24
6513,2171,3,69,2,124.53,249.06
6514,2172,1,38,3,82.06,246.18
6515,2172,2,55,4,105.35,421.40
6516,2172,3,72,5,128.64,643.20
6517,2173,1,41,6,86.17,517.02
6518,2173,2,58,7,109.46,766.22
6519,2173,3,75,8,132.75,1062.00
6520,2174,1,44,1,90.28,90.28
6521,2174,2,61,2,113.57,227.14
6522,2174,3,78,3,136.86,410.58
6523,2175,1,47,4,94.39,377.56
6524,2175,2,64,5,117.68,588.40
6525,2175,3,81,6,140.97,845.82
6526,2176,1,50,7,98.50,689.50
6527,2176,2,67,8,121.79,974.32
6528,2176,3,84,1,145.08,145.08
6529,2177,1,53,2,102.61,205.22
6530,2177,2,70,3,125.90,377.70
6531,2177,3,87,4,149.19,596.76
6532,2178,1,56,5,106.72,533.60
6533,2178,2,73,6,130.01,780.06
6534,2178,3,90,7,153.30,1073.10
6535,2179,1,59,8,110.83,886.64
6536,2179,2,76,1,134.12,134.12
6537,2179,3,93,2,157.41,314.82
6538,2180,1,62,3,114.94,344.82
6539,2180,2,79,4,138.23,552.92
6540,2180,3,96,5,161.52,807.60
6541,2181,1,65,6,119.05,714.30
6542,2181,2,82,7,142.34,996.38
6543,2181,3,99,8,165.63,1325.04
6544,2182,1,68,1,123.16,123.16
6545,2182,2,85,2,146.45,292.90
6546,2182,3,102,3,169.74,509.22
6547,2183,1,71,4,127.27,509.08
6548,2183,2,88,5,150.56,752.80
6549,2183,3,105,6,173.85,1043.10
6550,2184,1,74,7,131.38,919.66
6551,2184,2,91,8,154.67,1237.36
6552,2184,3,108,1,177.96,177.96
6553,2185,1,77,2,135.49,270.98
6554,2185,2,94,3,158.78,476.34
6555,2185,3,111,4,182.07,728.28
6556,2186,1,80,5,139.60,698.00
6557,2186,2,97,6,162.89,977.34
6558,2186,3,2,7,32.74,229.18
6559,2187,1,83,8,143.71,1149.68
6560,2187,2,100,1,167.00,167.00
6561,2187,3,5,2,36.85,73.70
6562,2188,1,86,3,147.82,443.46
6563,2188,2,103,4,171.11,684.44
6564,2188,3,8,5,40.96,204.80
6565,2189,1,89,6,151.93,911.58
6566,2189,2,106,7,175.22,1226.54
6567,2189,3,11,8,45.07,360.56
6568,2190,1,92,1,156.04,156.04
6569,2190,2,109,2,179.33,358.66
6570,2190,3,14,3,49.18,147.54
6571,2191,1,95,4,160.15,640.60
6572,2191,2,112,5,183.44,917.20
6573,2191,3,17,6,53.29,319.74
6574,2192,1,98,7,164.26,1149.82
6575,2192,2,3,8,34.11,272.88
6576,2192,3,20,1,57.40,57.40
6577,2193,1,101,2,168.37,336.74
6578,2193,2,6,3,38.22,114.66
6579,2193,3,23,4,61.51,246.04
6580,2194,1,104,5,172.48,862.40
6581,2194,2,9,6,42.33,253.98
6582,2194,3,26,7,65.62,459.34
6583,2195,1,107,8,176.59,1412.72
6584,2195,2,12,1,46.44,46.44
6585,2195,3,29,2,69.73,139.46
6586,2196,1,110,3,180.70,542.10
6587,2196,2,15,4,50.55,202.20
6588,2196,3,32,5,73.84,369.20
6589,2197,1,1,6,31.37,188.22
6590,2197,2,18,7,54.66,382.62
6591,2197,3,35,8,77.95,623.60
6592,2198,1,4,1,35.48,35.48
6593,2198,2,21,2,58.77,117.54
6594,2198,3,38,3,82.06,246.18
6595,2199,1,7,4,39.59,158.36
6596,2199,2,24,5,62.88,314.40
6597,2199,3,41,6,86.17,517.02
6598,2200,1,10,7,43.70,305.90
6599,2200,2,27,8,66.99,535.92
6600,2200,3,44,1,90.28,90.28
6601,2201,1,13,2,47.81,95.62
6602,2201,2,30,3,71.10,213.30
6603,2201,3,47,4,94.39,377.56
6604,2202,1,16,5,51.92,259.60
6605,2202,2,33,6,75.21,451.26
6606,2202,3,50,7,98.50,689.50
6607,2203,1,19,8,56.03,448.24
6608,2203,2,36,1,79.32,79.32
6609,2203,3,53,2,102.61,205.22
6610,2204,1,22,3,60.14,180.42
6611,2204,2,39,4,83.43,333.72
6612,2204,3,56,5,106.72,533.60
6613,2205,1,25,6,64.25,385.50
6614,2205,2,42,7,87.54,612.78
6615,2205,3,59,8,110.83,886.64
6616,2206,1,28,1,68.36,68.36
6617,2206,2,45,2,91.65,183.30
6618,2206,3,62,3,114.94,344.82
6619,2207,1,31,4,72.47,289.88
6620,2207,2,48,5,95.76,478.80
6621,2207,3,65,6,119.05,714.30
6622,2208,1,34,7,76.58,536.06
6623,2208,2,51,8,99.87,798.96
6624,2208,3,68,1,123.16,123.16
6625,2209,1,37,2,80.69,161.38
6626,2209,2,54,3,103.98,311.94
6627,2209,3,71,4,127.27,509.08
6628,2210,1,40,5,84.80,424.00
6629,2210,2,57,6,108.09,648.54
6630,2210,3,74,7,131.38,919.66
6631,2211,1,43,8,88.91,711.28
6632,2211,2,60,1,112.20,112.20
6633,2211,3,77,2,135.49,270.98
6634,2212,1,46,3,93.02,279.06
6635,2212,2,63,4,116.31,465.24
6636,2212,3,80,5,139.60,698.00
6637,2213,1,49,6,97.13,582.78
6638,2213,2,66,7,120.42,842.94
6639,2213,3,83,8,143.71,1149.68
6640,2214,1,52,1,101.24,101.24
6641,2214,2,69,2,124.53,249.06
6642,2214,3,86,3,147.82,443.46
6643,2215,1,55,4,105.35,421.40
6644,2215,2,72,5,128.64,643.20
6645,2215,3,89,6,151.93,911.58
6646,2216,1,58,7,109.46,766.22
6647,2216,2,75,8,132.75,1062.00
6648,2216,3,92,1,156.04,156.04
6649,2217,1,61,2,113.57,227.14
6650,2217,2,78,3,136.86,410.58
6651,2217,3,95,4,160.15,640.60
6652,2218,1,64,5,117.68,588.40
6653,2218,2,81,6,140.97,845.82
6654,2218,3,98,7,164.26,1149.82
6655,2219,1,67,8,121.79,974.32
6656,2219,2,84,1,145.08,145.08
6657,2219,3,101,2,168.37,336.74
6658,2220,1,70,3,125.90,377.70
6659,2220,2,87,4,149.19,596.76
6660,2220,3,104,5,172.48,862.40
6661,2221,1,73,6,130.01,780.06
6662,2221,2,90,7,153.30,1073.10
6663,2221,3,107,8,176.59,1412.72
6664,2222,1,76,1,134.12,134.12
6665,2222,2,93,2,157.41,314.82
6666,2222,3,110,3,180.70,542.10
6667,2223,1,79,4,138.23,552.92
6668,2223,2,96,5,161.52,807.60
6669,2223,3,1,6,31.37,188.22
6670,2224,1,82,7,142.34,996.38
6671,2224,2,99,8,165.63,1325.04
6672,2224,3,4,1,35.48,35.48
6673,2225,1,85,2,146.45,292.90
6674,2225,2,102,3,169.74,509.22
6675,2225,3,7,4,39.59,158.36
6676,2226,1,88,5,150.56,752.80
6677,2226,2,105,6,173.85,1043.10
6678,2226,3,10,7,43.70,305.90
6679,2227,1,91,8,154.67,1237.36
6680,2227,2,108,1,177.96,177.96
6681,2227,3,13,2,47.81,95.62
6682,2228,1,94,3,158.78,476.34
6683,2228,2,111,4,182.07,728.28
6684,2228,3,16,5,51.92,259.60
6685,2229,1,97,6,162.89,977.34
6686,2229,2,2,7,32.74,229.18
6687,2229,3,19,8,56.03,448.24
6688,2230,1,100,1,167.00,167.00
6689,2230,2,5,2,36.85,73.70
6690,2230,3,22,3,60.14,180.42
6691,2231,1,103,4,171.11,684.44
6692,2231,2,8,5,40.96,204.80
6693,2231,3,25,6,64.25,385.50
6694,2232,1,106,7,175.22,1226.54
6695,2232,2,11,8,45.07,360.56
6696,2232,3,28,1,68.36,68.36
6697,2233,1,109,2,179.33,358.66
6698,2233,2,14,3,49.18,147.54
6699,2233,3,31,4,72.47,289.88
6700,2234,1,112,5,183.44,917.20
6701,2234,2,17,6,53.29,319.74
6702,2234,3,34,7,76.58,536.06
6703,2235,1,3,8,34.11,272.88
6704,2235,2,20,1,57.40,57.40
6705,2235,3,37,2,80.69,161.38
6706,2236,1,6,3,38.22,114.66
6707,2236,2,23,4,61.51,246.04
6708,2236,3,40,5,84.80,424.00
6709,2237,1,9,6,42.33,253.98
6710,2237,2,26,7,65.62,459.34
6711,2237,3,43,8,88.91,711.28
6712,2238,1,12,1,46.44,46.44
6713,2238,2,29,2,69.73,139.46
6714,2238,3,46,3,93.02,279.06
6715,2239,1,15,4,50.55,202.20
6716,2239,2,32,5,73.84,369.20
6717,2239,3,49,6,97.13,582.78
6718,2240,1,18,7,54.66,382.62
6719,2240,2,35,8,77.95,623.60
6720,2240,3,52,1,101.24,101.24
6721,2241,1,21,2,58.77,117.54
6722,2241,2,38,3,82.06,246.18
6723,2241,3,55,4,105.35,421.40
6724,2242,1,24,5,62.88,314.40
6725,2242,2,41,6,86.17,517.02
6726,2242,3,58,7,109.46,766.22
6727,2243,1,27,8,66.99,535.92
6728,2243,2,44,1,90.28,90.28
6729,2243,3,61,2,113.57,227.14
6730,2244,1,30,3,71.10,213.30
6731,2244,2,47,4,94.39,377.56
6732,2244,3,64,5,117.68,588.40
6733,2245,1,33,6,75.21,451.26
6734,2245,2,50,7,98.50,689.50
6735,2245,3,67,8,121.79,974.32
6736,2246,1,36,1,79.32,79.32
6737,2246,2,53,2,102.61,205.22
6738,2246,3,70,3,125.90,377.70
6739,2247,1,39,4,83.43,333.72
6740,2247,2,56,5,106.72,533.60
6741,2247,3,73,6,130.01,780.06
6742,2248,1,42,7,87.54,612.78
6743,2248,2,59,8,110.83,886.64
6744,2248,3,76,1,134.12,134.12
6745,2249,1,45,2,91.65,183.30
6746,2249,2,62,3,114.94,344.82
6747,2249,3,79,4,138.23,552.92
6748,2250,1,48,5,95.76,478.80
6749,2250,2,65,6,119.05,714.30
6750,2250,3,82,7,142.34,996.38
6751,2251,1,51,8,99.87,798.96
6752,2251,2,68,1,123.16,123.16
6753,2251,3,85,2,146.45,292.90
6754,2252,1,54,3,103.98,311.94
6755,2252,2,71,4,127.27,509.08
6756,2252,3,88,5,150.56,752.80
6757,2253,1,57,6,108.09,648.54
6758,2253,2,74,7,131.38,919.66
6759,2253,3,91,8,154.67,1237.36
6760,2254,1,60,1,112.20,112.20
6761,2254,2,77,2,135.49,270.98
6762,2254,3,94,3,158.78,476.34
6763,2255,1,63,4,116.31,465.24
6764,2255,2,80,5,139.60,698.00
6765,2255,3,97,6,162.89,977.34
6766,2256,1,66,7,120.42,842.94
6767,2256,2,83,8,143.71,1149.68
6768,2256,3,100,1,167.00,167.00
6769,2257,1,69,2,124.53,249.06
6770,2257,2,86,3,147.82,443.46
6771,2257,3,103,4,171.11,684.44
6772,2258,1,72,5,128.64,643.20
6773,2258,2,89,6,151.93,911.58
6774,2258,3,106,7,175.22,1226.54
6775,2259,1,75,8,132.75,1062.00
6776,2259,2,92,1,156.04,156.04
6777,2259,3,109,2,179.33,358.66
6778,2260,1,78,3,136.86,410.58
6779,2260,2,95,4,160.15,640.60
6780,2260,3,112,5,183.44,917.20
6781,2261,1,81,6,140.97,845.82
6782,2261,2,98,7,164.26,1149.82
6783,2261,3,3,8,34.11,272.88
6784,2262,1,84,1,145.08,145.08
6785,2262,2,101,2,168.37,336.74
6786,2262,3,6,3,38.22,114.66
6787,2263,1,87,4,149.19,596.76
6788,2263,2,104,5,172.48,862.40
6789,2263,3,9,6,42.33,253.98
6790,2264,1,90,7,153.30,1073.10
6791,2264,2,107,8,176.59,1412.72
6792,2264,3,12,1,46.44,46.44
6793,2265,1,93,2,157.41,314.82
6794,2265,2,110,3,180.70,542.10
6795,2265,3,15,4,50.55,202.20
6796,2266,1,96,5,161.52,807.60
6797,2266,2,1,6,31.37,188.22
6798,2266,3,18,7,54.66,382.62
6799,2267,1,99,8,165.63,1325.04
6800,2267,2,4,1,35.48,35.48
6801,2267,3,21,2,58.77,117.54
6802,2268,1,102,3,169.74,509.22
6803,2268,2,7,4,39.59,158.36
6804,2268,3,24,5,62.88,314.40
6805,2269,1,105,6,173.85,1043.10
6806,2269,2,10,7,43.70,305.90
6807,2269,3,27,8,66.99,535.92
6808,2270,1,108,1,177.96,177.96
6809,2270,2,13,2,47.81,95.62
6810,2270,3,30,3,71.10,213.30
6811,2271,1,111,4,182.07,728.28
6812,2271,2,16,5,51.92,259.60
6813,2271,3,33,6,75.21,451.26
6814,2272,1,2,7,32.74,229.18
6815,2272,2,19,8,56.03,448.24
6816,2272,3,36,1,79.32,79.32
6817,2273,1,5,2,36.85,73.70
6818,2273,2,22,3,60.14,180.42
6819,2273,3,39,4,83.43,333.72
6820,2274,1,8,5,40.96,204.80
6821,2274,2,25,6,64.25,385.50
6822,2274,3,42,7,87.54,612.78
6823,2275,1,11,8,45.07,360.56
6824,2275,2,28,1,68.36,68.36
6825,2275,3,45,2,91.65,183.30
6826,2276,1,14,3,49.18,147.54
6827,2276,2,31,4,72.47,289.88
6828,2276,3,48,5,95.76,478.80
6829,2277,1,17,6,53.29,319.74
6830,2277,2,34,7,76.58,536.06
6831,2277,3,51,8,99.87,798.96
6832,2278,1,20,1,57.40,57.40
6833,2278,2,37,2,80.69,161.38
6834,2278,3,54,3,103.98,311.94
6835,2279,1,23,4,61.51,246.04
6836,2279,2,40,5,84.80,424.00
6837,2279,3,57,6,108.09,648.54
6838,2280,1,26,7,65.62,459.34
6839,2280,2,43,8,88.91,711.28
6840,2280,3,60,1,112.20,112.20
6841,2281,1,29,2,69.73,139.46
6842,2281,2,46,3,93.02,279.06
6843,2281,3,63,4,116.31,465.24
6844,2282,1,32,5,73.84,369.20
6845,2282,2,49,6,97.13,582.78
6846,2282,3,66,7,120.42,842.94
6847,2283,1,35,8,77.95,623.60
6848,2283,2,52,1,101.24,101.24
6849,2283,3,69,2,124.53,249.06
6850,2284,1,38,3,82.06,246.18
6851,2284,2,55,4,105.35,421.40
6852,2284,3,72,5,128.64,643.20
6853,2285,1,41,6,86.17,517.02
6854,2285,2,58,7,109.46,766.22
6855,2285,3,75,8,132.75,1062.00
6856,2286,1,44,1,90.28,90.28
6857,2286,2,61,2,113.57,227.14
6858,2286,3,78,3,136.86,410.58
6859,2287,1,47,4,94.39,377.56
6860,2287,2,64,5,117.68,588.40
6861,2287,3,81,6,140.97,845.82
6862,2288,1,50,7,98.50,689.50
6863,2288,2,67,8,121.79,974.32
6864,2288,3,84,1,145.08,145.08
6865,2289,1,53,2,102.61,205.22
6866,2289,2,70,3,125.90,377.70
6867,2289,3,87,4,149.19,596.76
6868,2290,1,56,5,106.72,533.60
6869,2290,2,73,6,130.01,780.06
6870,2290,3,90,7,153.30,1073.10
6871,2291,1,59,8,110.83,886.64
6872,2291,2,76,1,134.12,134.12
6873,2291,3,93,2,157.41,314.82
6874,2292,1,62,3,114.94,344.82
6875,2292,2,79,4,138.23,552.92
6876,2292,3,96,5,161.52,807.60
6877,2293,1,65,6,119.05,714.30
6878,2293,2,82,7,142.34,996.38
6879,2293,3,99,8,165.63,1325.04
6880,2294,1,68,1,123.16,123.16
6881,2294,2,85,2,146.45,292.90
6882,2294,3,102,3,169.74,509.22
6883,2295,1,71,4,127.27,509.08
6884,2295,2,88,5,150.56,752.80
6885,2295,3,105,6,173.85,1043.10
6886,2296,1,74,7,131.38,919.66
6887,2296,2,91,8,154.67,1237.36
6888,2296,3,108,1,177.96,177.96
6889,2297,1,77,2,135.49,270.98
6890,2297,2,94,3,158.78,476.34
6891,2297,3,111,4,182.07,728.28
6892,2298,1,80,5,139.60,698.00
6893,2298,2,97,6,162.89,977.34
6894,2298,3,2,7,32.74,229.18
6895,2299,1,83,8,143.71,1149.68
6896,2299,2,100,1,167.00,167.00
6897,2299,3,5,2,36.85,73.70
6898,2300,1,86,3,147.82,443.46
6899,2300,2,103,4,171.11,684.44
6900,2300,3,8,5,40.96,204.80
6901,2301,1,89,6,151.93,911.58
6902,2301,2,106,7,175.22,1226.54
6903,2301,3,11,8,45.07,360.56
6904,2302,1,92,1,156.04,156.04
6905,2302,2,109,2,179.33,358.66
6906,2302,3,14,3,49.18,147.54
6907,2303,1,95,4,160.15,640.60
6908,2303,2,112,5,183.44,917.20
6909,2303,3,17,6,53.29,319.74
6910,2304,1,98,7,164.26,1149.82
6911,2304,2,3,8,34.11,272.88
6912,2304,3,20,1,57.40,57.40
6913,2305,1,101,2,168.37,336.74
6914,2305,2,6,3,38.22,114.66
6915,2305,3,23,4,61.51,246.04
6916,2306,1,104,5,172.48,862.40
6917,2306,2,9,6,42.33,253.98
6918,2306,3,26,7,65.62,459.34
6919,2307,1,107,8,176.59,1412.72
6920,2307,2,12,1,46.44,46.44
6921,2307,3,29,2,69.73,139.46
6922,2308,1,110,3,180.70,542.10
6923,2308,2,15,4,50.55,202.20
6924,2308,3,32,5,73.84,369.20
6925,2309,1,1,6,31.37,188.22
6926,2309,2,18,7,54.66,382.62
6927,2309,3,35,8,77.95,623.60
6928,2310,1,4,1,35.48,35.48
6929,2310,2,21,2,58.77,117.54
6930,2310,3,38,3,82.06,246.18
6931,2311,1,7,4,39.59,158.36
6932,2311,2,24,5,62.88,314.40
6933,2311,3,41,6,86.17,517.02
6934,2312,1,10,7,43.70,305.90
6935,2312,2,27,8,66.99,535.92
6936,2312,3,44,1,90.28,90.28
6937,2313,1,13,2,47.81,95.62
6938,2313,2,30,3,71.10,213.30
6939,2313,3,47,4,94.39,377.56
6940,2314,1,16,5,51.92,259.60
6941,2314,2,33,6,75.21,451.26
6942,2314,3,50,7,98.50,689.50
6943,2315,1,19,8,56.03,448.24
6944,2315,2,36,1,79.32,79.32
6945,2315,3,53,2,102.61,205.22
6946,2316,1,22,3,60.14,180.42
6947,2316,2,39,4,83.43,333.72
6948,2316,3,56,5,106.72,533.60
6949,2317,1,25,6,64.25,385.50
6950,2317,2,42,7,87.54,612.78
6951,2317,3,59,8,110.83,886.64
6952,2318,1,28,1,68.36,68.36
6953,2318,2,45,2,91.65,183.30
6954,2318,3,62,3,114.94,344.82
6955,2319,1,31,4,72.47,289.88
6956,2319,2,48,5,95.76,478.80
6957,2319,3,65,6,119.05,714.30
6958,2320,1,34,7,76.58,536.06
6959,2320,2,51,8,99.87,798.96
6960,2320,3,68,1,123.16,123.16
6961,2321,1,37,2,80.69,161.38
6962,2321,2,54,3,103.98,311.94
6963,2321,3,71,4,127.27,509.08
6964,2322,1,40,5,84.80,424.00
6965,2322,2,57,6,108.09,648.54
6966,2322,3,74,7,131.38,919.66
6967,2323,1,43,8,88.91,711.28
6968,2323,2,60,1,112.20,112.20
6969,2323,3,77,2,135.49,270.98
6970,2324,1,46,3,93.02,279.06
6971,2324,2,63,4,116.31,465.24
6972,2324,3,80,5,139.60,698.00
6973,2325,1,49,6,97.13,582.78
6974,2325,2,66,7,120.42,842.94
6975,2325,3,83,8,143.71,1149.68
6976,2326,1,52,1,101.24,101.24
6977,2326,2,69,2,124.53,249.06
6978,2326,3,86,3,147.82,443.46
6979,2327,1,55,4,105.35,421.40
6980,2327,2,72,5,128.64,643.20
6981,2327,3,89,6,151.93,911.58
6982,2328,1,58,7,109.46,766.22
6983,2328,2,75,8,132.75,1062.00
6984,2328,3,92,1,156.04,156.04
6985,2329,1,61,2,113.57,227.14
6986,2329,2,78,3,136.86,410.58
6987,2329,3,95,4,160.15,640.60
6988,2330,1,64,5,117.68,588.40
6989,2330,2,81,6,140.97,845.82
6990,2330,3,98,7,164.26,1149.82
6991,2331,1,67,8,121.79,974.32
6992,2331,2,84,1,145.08,145.08
6993,2331,3,101,2,168.37,336.74
6994,2332,1,70,3,125.90,377.70
6995,2332,2,87,4,149.19,596.76
6996,2332,3,104,5,172.48,862.40
6997,2333,1,73,6,130.01,780.06
6998,2333,2,90,7,153.30,1073.10
6999,2333,3,107,8,176.59,1412.72
7000,2334,1,76,1,134.12,134.12
7001,2334,2,93,2,157.41,314.82
7002,2334,3,110,3,180.70,542.10
7003,2335,1,79,4,138.23,552.92
7004,2335,2,96,5,161.52,807.60
7005,2335,3,1,6,31.37,188.22
7006,2336,1,82,7,142.34,996.38
7007,2336,2,99,8,165.63,1325.04
7008,2336,3,4,1,35.48,35.48
7009,2337,1,85,2,146.45,292.90
7010,2337,2,102,3,169.74,509.22
7011,2337,3,7,4,39.59,158.36
7012,2338,1,88,5,150.56,752.80
7013,2338,2,105,6,173.85,1043.10
7014,2338,3,10,7,43.70,305.90
7015,2339,1,91,8,154.67,1237.36
7016,2339,2,108,1,177.96,177.96
7017,2339,3,13,2,47.81,95.62
7018,2340,1,94,3,158.78,476.34
7019,2340,2,111,4,182.07,728.28
7020,2340,3,16,5,51.92,259.60
7021,2341,1,97,6,162.89,977.34
7022,2341,2,2,7,32.74,229.18
7023,2341,3,19,8,56.03,448.24
7024,2342,1,100,1,167.00,167.00
7025,2342,2,5,2,36.85,73.70
7026,2342,3,22,3,60.14,180.42
7027,2343,1,103,4,171.11,684.44
7028,2343,2,8,5,40.96,204.80
7029,2343,3,25,6,64.25,385.50
7030,2344,1,106,7,175.22,1226.54
7031,2344,2,11,8,45.07,360.56
7032,2344,3,28,1,68.36,68.36
7033,2345,1,109,2,179.33,358.66
7034,2345,2,14,3,49.18,147.54
7035,2345,3,31,4,72.47,289.88
7036,2346,1,112,5,183.44,917.20
7037,2346,2,17,6,53.29,319.74
7038,2346,3,34,7,76.58,536.06
7039,2347,1,3,8,34.11,272.88
7040,2347,2,20,1,57.40,57.40
7041,2347,3,37,2,80.69,161.38
7042,2348,1,6,3,38.22,114.66
7043,2348,2,23,4,61.51,246.04
7044,2348,3,40,5,84.80,424.00
7045,2349,1,9,6,42.33,253.98
7046,2349,2,26,7,65.62,459.34
7047,2349,3,43,8,88.91,711.28
7048,2350,1,12,1,46.44,46.44
7049,2350,2,29,2,69.73,139.46
7050,2350,3,46,3,93.02,279.06
7051,2351,1,15,4,50.55,202.20
7052,2351,2,32,5,73.84,369.20
7053,2351,3,49,6,97.13,582.78
7054,2352,1,18,7,54.66,382.62
7055,2352,2,35,8,77.95,623.60
7056,2352,3,52,1,101.24,101.24
7057,2353,1,21,2,58.77,117.54
7058,2353,2,38,3,82.06,246.18
7059,2353,3,55,4,105.35,421.40
7060,2354,1,24,5,62.88,314.40
7061,2354,2,41,6,86.17,517.02
7062,2354,3,58,7,109.46,766.22
7063,2355,1,27,8,66.99,535.92
7064,2355,2,44,1,90.28,90.28
7065,2355,3,61,2,113.57,227.14
7066,2356,1,30,3,71.10,213.30
7067,2356,2,47,4,94.39,377.56
7068,2356,3,64,5,117.68,588.40
7069,2357,1,33,6,75.21,451.26
7070,2357,2,50,7,98.50,689.50
7071,2357,3,67,8,121.79,974.32
7072,2358,1,36,1,79.32,79.32
7073,2358,2,53,2,102.61,205.22
7074,2358,3,70,3,125.90,377.70
7075,2359,1,39,4,83.43,333.72
7076,2359,2,56,5,106.72,533.60
7077,2359,3,73,6,130.01,780.06
7078,2360,1,42,7,87.54,612.78
7079,2360,2,59,8,110.83,886.64
7080,2360,3,76,1,134.12,134.12
7081,2361,1,45,2,91.65,183.30
7082,2361,2,62,3,114.94,344.82
7083,2361,3,79,4,138.23,552.92
7084,2362,1,48,5,95.76,478.80
7085,2362,2,65,6,119.05,714.30
7086,2362,3,82,7,142.34,996.38
7087,2363,1,51,8,99.87,798.96
7088,2363,2,68,1,123.16,123.16
7089,2363,3,85,2,146.45,292.90
7090,2364,1,54,3,103.98,311.94
7091,2364,2,71,4,127.27,509.08
7092,2364,3,88,5,150.56,752.80
7093,2365,1,57,6,108.09,648.54
7094,2365,2,74,7,131.38,919.66
7095,2365,3,91,8,154.67,1237.36
7096,2366,1,60,1,112.20,112.20
7097,2366,2,77,2,135.49,270.98
7098,2366,3,94,3,158.78,476.34
7099,2367,1,63,4,116.31,465.24
7100,2367,2,80,5,139.60,698.00
7101,2367,3,97,6,162.89,977.34
7102,2368,1,66,7,120.42,842.94
7103,2368,2,83,8,143.71,1149.68
7104,2368,3,100,1,167.00,167.00
7105,2369,1,69,2,124.53,249.06
7106,2369,2,86,3,147.82,443.46
7107,2369,3,103,4,171.11,684.44
7108,2370,1,72,5,128.64,643.20
7109,2370,2,89,6,151.93,911.58
7110,2370,3,106,7,175.22,1226.54
7111,2371,1,75,8,132.75,1062.00
7112,2371,2,92,1,156.04,156.04
7113,2371,3,109,2,179.33,358.66
7114,2372,1,78,3,136.86,410.58
7115,2372,2,95,4,160.15,640.60
7116,2372,3,112,5,183.44,917.20
7117,2373,1,81,6,140.97,845.82
7118,2373,2,98,7,164.26,1149.82
7119,2373,3,3,8,34.11,272.88
7120,2374,1,84,1,145.08,145.08
7121,2374,2,101,2,168.37,336.74
7122,2374,3,6,3,38.22,114.66
7123,2375,1,87,4,149.19,596.76
7124,2375,2,104,5,172.48,862.40
7125,2375,3,9,6,42.33,253.98
7126,2376,1,90,7,153.30,1073.10
7127,2376,2,107,8,176.59,1412.72
7128,2376,3,12,1,46.44,46.44
7129,2377,1,93,2,157.41,314.82
7130,2377,2,110,3,180.70,542.10
7131,2377,3,15,4,50.55,202.20
7132,2378,1,96,5,161.52,807.60
7133,2378,2,1,6,31.37,188.22
7134,2378,3,18,7,54.66,382.62
7135,2379,1,99,8,165.63,1325.04
7136,2379,2,4,1,35.48,35.48
7137,2379,3,21,2,58.77,117.54
7138,2380,1,102,3,169.74,509.22
7139,2380,2,7,4,39.59,158.36
7140,2380,3,24,5,62.88,314.40
7141,2381,1,105,6,173.85,1043.10
7142,2381,2,10,7,43.70,305.90
7143,2381,3,27,8,66.99,535.92
7144,2382,1,108,1,177.96,177.96
7145,2382,2,13,2,47.81,95.62
7146,2382,3,30,3,71.10,213.30
7147,2383,1,111,4,182.07,728.28
7148,2383,2,16,5,51.92,259.60
7149,2383,3,33,6,75.21,451.26
7150,2384,1,2,7,32.74,229.18
7151,2384,2,19,8,56.03,448.24
7152,2384,3,36,1,79.32,79.32
7153,2385,1,5,2,36.85,73.70
7154,2385,2,22,3,60.14,180.42
7155,2385,3,39,4,83.43,333.72
7156,2386,1,8,5,40.96,204.80
7157,2386,2,25,6,64.25,385.50
7158,2386,3,42,7,87.54,612.78
7159,2387,1,11,8,45.07,360.56
7160,2387,2,28,1,68.36,68.36
7161,2387,3,45,2,91.65,183.30
7162,2388,1,14,3,49.18,147.54
7163,2388,2,31,4,72.47,289.88
7164,2388,3,48,5,95.76,478.80
7165,2389,1,17,6,53.29,319.74
7166,2389,2,34,7,76.58,536.06
7167,2389,3,51,8,99.87,798.96
7168,2390,1,20,1,57.40,57.40
7169,2390,2,37,2,80.69,161.38
7170,2390,3,54,3,103.98,311.94
7171,2391,1,23,4,61.51,246.04
7172,2391,2,40,5,84.80,424.00
7173,2391,3,57,6,108.09,648.54
7174,2392,1,26,7,65.62,459.34
7175,2392,2,43,8,88.91,711.28
7176,2392,3,60,1,112.20,112.20
7177,2393,1,29,2,69.73,139.46
7178,2393,2,46,3,93.02,279.06
7179,2393,3,63,4,116.31,465.24
7180,2394,1,32,5,73.84,369.20
7181,2394,2,49,6,97.13,582.78
7182,2394,3,66,7,120.42,842.94
7183,2395,1,35,8,77.95,623.60
7184,2395,2,52,1,101.24,101.24
7185,2395,3,69,2,124.53,249.06
7186,2396,1,38,3,82.06,246.18
7187,2396,2,55,4,105.35,421.40
7188,2396,3,72,5,128.64,643.20
7189,2397,1,41,6,86.17,517.02
7190,2397,2,58,7,109.46,766.22
7191,2397,3,75,8,132.75,1062.00
7192,2398,1,44,1,90.28,90.28
7193,2398,2,61,2,113.57,227.14
7194,2398,3,78,3,136.86,410.58
7195,2399,1,47,4,94.39,377.56
7196,2399,2,64,5,117.68,588.40
7197,2399,3,81,6,140.97,845.82
7198,2400,1,50,7,98.50,689.50
7199,2400,2,67,8,121.79,974.32
7200,2400,3,84,1,145.08,145.08
7201,2401,1,53,2,102.61,205.22
7202,2401,2,70,3,125.90,377.70
7203,2401,3,87,4,149.19,596.76
7204,2402,1,56,5,106.72,533.60
7205,2402,2,73,6,130.01,780.06
7206,2402,3,90,7,153.30,1073.10
7207,2403,1,59,8,110.83,886.64
7208,2403,2,76,1,134.12,134.12
7209,2403,3,93,2,157.41,314.82
7210,2404,1,62,3,114.94,344.82
7211,2404,2,79,4,138.23,552.92
7212,2404,3,96,5,161.52,807.60
7213,2405,1,65,6,119.05,714.30
7214,2405,2,82,7,142.34,996.38
7215,2405,3,99,8,165.63,1325.04
7216,2406,1,68,1,123.16,123.16
7217,2406,2,85,2,146.45,292.90
7218,2406,3,102,3,169.74,509.22
7219,2407,1,71,4,127.27,509.08
7220,2407,2,88,5,150.56,752.80
7221,2407,3,105,6,173.85,1043.10
7222,2408,1,74,7,131.38,919.66
7223,2408,2,91,8,154.67,1237.36
7224,2408,3,108,1,177.96,177.96
7225,2409,1,77,2,135.49,270.98
7226,2409,2,94,3,158.78,476.34
7227,2409,3,111,4,182.07,728.28
7228,2410,1,80,5,139.60,698.00
7229,2410,2,97,6,162.89,977.34
7230,2410,3,2,7,32.74,229.18
7231,2411,1,83,8,143.71,1149.68
7232,2411,2,100,1,167.00,167.00
7233,2411,3,5,2,36.85,73.70
7234,2412,1,86,3,147.82,443.46
7235,2412,2,103,4,171.11,684.44
7236,2412,3,8,5,40.96,204.80
7237,2413,1,89,6,151.93,911.58
7238,2413,2,106,7,175.22,1226.54
7239,2413,3,11,8,45.07,360.56
7240,2414,1,92,1,156.04,156.04
7241,2414,2,109,2,179.33,358.66
7242,2414,3,14,3,49.18,147.54
7243,2415,1,95,4,160.15,640.60
7244,2415,2,112,5,183.44,917.20
7245,2415,3,17,6,53.29,319.74
7246,2416,1,98,7,164.26,1149.82
7247,2416,2,3,8,34.11,272.88
7248,2416,3,20,1,57.40,57.40
7249,2417,1,101,2,168.37,336.74
7250,2417,2,6,3,38.22,114.66
7251,2417,3,23,4,61.51,246.04
7252,2418,1,104,5,172.48,862.40
7253,2418,2,9,6,42.33,253.98
7254,2418,3,26,7,65.62,459.34
7255,2419,1,107,8,176.59,1412.72
7256,2419,2,12,1,46.44,46.44
7257,2419,3,29,2,69.73,139.46
7258,2420,1,110,3,180.70,542.10
7259,2420,2,15,4,50.55,202.20
7260,2420,3,32,5,73.84,369.20
7261,2421,1,1,6,31.37,188.22
7262,2421,2,18,7,54.66,382.62
7263,2421,3,35,8,77.95,623.60
7264,2422,1,4,1,35.48,35.48
7265,2422,2,21,2,58.77,117.54
7266,2422,3,38,3,82.06,246.18
7267,2423,1,7,4,39.59,158.36
7268,2423,2,24,5,62.88,314.40
7269,2423,3,41,6,86.17,517.02
7270,2424,1,10,7,43.70,305.90
7271,2424,2,27,8,66.99,535.92
7272,2424,3,44,1,90.28,90.28
7273,2425,1,13,2,47.81,95.62
7274,2425,2,30,3,71.10,213.30
7275,2425,3,47,4,94.39,377.56
7276,2426,1,16,5,51.92,259.60
7277,2426,2,33,6,75.21,451.26
7278,2426,3,50,7,98.50,689.50
7279,2427,1,19,8,56.03,448.24
7280,2427,2,36,1,79.32,79.32
7281,2427,3,53,2,102.61,205.22
7282,2428,1,22,3,60.14,180.42
7283,2428,2,39,4,83.43,333.72
7284,2428,3,56,5,106.72,533.60
7285,2429,1,25,6,64.25,385.50
7286,2429,2,42,7,87.54,612.78
7287,2429,3,59,8,110.83,886.64
7288,2430,1,28,1,68.36,68.36
7289,2430,2,45,2,91.65,183.30
7290,2430,3,62,3,114.94,344.82
7291,2431,1,31,4,72.47,289.88
7292,2431,2,48,5,95.76,478.80
7293,2431,3,65,6,119.05,714.30
7294,2432,1,34,7,76.58,536.06
7295,2432,2,51,8,99.87,798.96
7296,2432,3,68,1,123.16,123.16
7297,2433,1,37,2,80.69,161.38
7298,2433,2,54,3,103.98,311.94
7299,2433,3,71,4,127.27,509.08
7300,2434,1,40,5,84.80,424.00
7301,2434,2,57,6,108.09,648.54
7302,2434,3,74,7,131.38,919.66
7303,2435,1,43,8,88.91,711.28
7304,2435,2,60,1,112.20,112.20
7305,2435,3,77,2,135.49,270.98
7306,2436,1,46,3,93.02,279.06
7307,2436,2,63,4,116.31,465.24
7308,2436,3,80,5,139.60,698.00
7309,2437,1,49,6,97.13,582.78
7310,2437,2,66,7,120.42,842.94
7311,2437,3,83,8,143.71,1149.68
7312,2438,1,52,1,101.24,101.24
7313,2438,2,69,2,124.53,249.06
7314,2438,3,86,3,147.82,443.46
7315,2439,1,55,4,105.35,421.40
7316,2439,2,72,5,128.64,643.20
7317,2439,3,89,6,151.93,911.58
7318,2440,1,58,7,109.46,766.22
7319,2440,2,75,8,132.75,1062.00
7320,2440,3,92,1,156.04,156.04
7321,2441,1,61,2,113.57,227.14
7322,2441,2,78,3,136.86,410.58
7323,2441,3,95,4,160.15,640.60
7324,2442,1,64,5,117.68,588.40
7325,2442,2,81,6,140.97,845.82
7326,2442,3,98,7,164.26,1149.82
7327,2443,1,67,8,121.79,974.32
7328,2443,2,84,1,145.08,145.08
7329,2443,3,101,2,168.37,336.74
7330,2444,1,70,3,125.90,377.70
7331,2444,2,87,4,149.19,596.76
7332,2444,3,104,5,172.48,862.40
7333,2445,1,73,6,130.01,780.06
7334,2445,2,90,7,153.30,1073.10
7335,2445,3,107,8,176.59,1412.72
7336,2446,1,76,1,134.12,134.12
7337,2446,2,93,2,157.41,314.82
7338,2446,3,110,3,180.70,542.10
7339,2447,1,79,4,138.23,552.92
7340,2447,2,96,5,161.52,807.60
7341,2447,3,1,6,31.37,188.22
7342,2448,1,82,7,142.34,996.38
7343,2448,2,99,8,165.63,1325.04
7344,2448,3,4,1,35.48,35.48
7345,2449,1,85,2,146.45,292.90
7346,2449,2,102,3,169.74,509.22
7347,2449,3,7,4,39.59,158.36
7348,2450,1,88,5,150.56,752.80
7349,2450,2,105,6,173.85,1043.10
7350,2450,3,10,7,43.70,305.90
7351,2451,1,91,8,154.67,1237.36
7352,2451,2,108,1,177.96,177.96
7353,2451,3,13,2,47.81,95.62
7354,2452,1,94,3,158.78,476.34
7355,2452,2,111,4,182.07,728.28
7356,2452,3,16,5,51.92,259.60
7357,2453,1,97,6,162.89,977.34
7358,2453,2,2,7,32.74,229.18
7359,2453,3,19,8,56.03,448.24
7360,2454,1,100,1,167.00,167.00
7361,2454,2,5,2,36.85,73.70
7362,2454,3,22,3,60.14,180.42
7363,2455,1,103,4,171.11,684.44
7364,2455,2,8,5,40.96,204.80
7365,2455,3,25,6,64.25,385.50
7366,2456,1,106,7,175.22,1226.54
7367,2456,2,11,8,45.07,360.56
7368,2456,3,28,1,68.36,68.36
7369,2457,1,109,2,179.33,358.66
7370,2457,2,14,3,49.18,147.54
7371,2457,3,31,4,72.47,289.88
7372,2458,1,112,5,183.44,917.20
7373,2458,2,17,6,53.29,319.74
7374,2458,3,34,7,76.58,536.06
7375,2459,1,3,8,34.11,272.88
7376,2459,2,20,1,57.40,57.40
7377,2459,3,37,2,80.69,161.38
7378,2460,1,6,3,38.22,114.66
7379,2460,2,23,4,61.51,246.04
7380,2460,3,40,5,84.80,424.00
7381,2461,1,9,6,42.33,253.98
7382,2461,2,26,7,65.62,459.34
7383,2461,3,43,8,88.91,711.28
7384,2462,1,12,1,46.44,46.44
7385,2462,2,29,2,69.73,139.46
7386,2462,3,46,3,93.02,279.06
7387,2463,1,15,4,50.55,202.20
7388,2463,2,32,5,73.84,369.20
7389,2463,3,49,6,97.13,582.78
7390,2464,1,18,7,54.66,382.62
7391,2464,2,35,8,77.95,623.60
7392,2464,3,52,1,101.24,101.24
7393,2465,1,21,2,58.77,117.54
7394,2465,2,38,3,82.06,246.18
7395,2465,3,55,4,105.35,421.40
7396,2466,1,24,5,62.88,314.40
7397,2466,2,41,6,86.17,517.02
7398,2466,3,58,7,109.46,766.22
7399,2467,1,27,8,66.99,535.92
7400,2467,2,44,1,90.28,90.28
7401,2467,3,61,2,113.57,227.14
7402,2468,1,30,3,71.10,213.30
7403,2468,2,47,4,94.39,377.56
7404,2468,3,64,5,117.68,588.40
7405,2469,1,33,6,75.21,451.26
7406,2469,2,50,7,98.50,689.50
7407,2469,3,67,8,121.79,974.32
7408,2470,1,36,1,79.32,79.32
7409,2470,2,53,2,102.61,205.22
7410,2470,3,70,3,125.90,377.70
7411,2471,1,39,4,83.43,333.72
7412,2471,2,56,5,106.72,533.60
7413,2471,3,73,6,130.01,780.06
7414,2472,1,42,7,87.54,612.78
7415,2472,2,59,8,110.83,886.64
7416,2472,3,76,1,134.12,134.12
7417,2473,1,45,2,91.65,183.30
7418,2473,2,62,3,114.94,344.82
7419,2473,3,79,4,138.23,552.92
7420,2474,1,48,5,95.76,478.80
7421,2474,2,65,6,119.05,714.30
7422,2474,3,82,7,142.34,996.38
7423,2475,1,51,8,99.87,798.96
7424,2475,2,68,1,123.16,123.16
7425,2475,3,85,2,146.45,292.90
7426,2476,1,54,3,103.98,311.94
7427,2476,2,71,4,127.27,509.08
7428,2476,3,88,5,150.56,752.80
7429,2477,1,57,6,108.09,648.54
7430,2477,2,74,7,131.38,919.66
7431,2477,3,91,8,154.67,1237.36
7432,2478,1,60,1,112.20,112.20
7433,2478,2,77,2,135.49,270.98
7434,2478,3,94,3,158.78,476.34
7435,2479,1,63,4,116.31,465.24
7436,2479,2,80,5,139.60,698.00
7437,2479,3,97,6,162.89,977.34
7438,2480,1,66,7,120.42,842.94
7439,2480,2,83,8,143.71,1149.68
7440,2480,3,100,1,167.00,167.00
7441,2481,1,69,2,124.53,249.06
7442,2481,2,86,3,147.82,443.46
7443,2481,3,103,4,171.11,684.44
7444,2482,1,72,5,128.64,643.20
7445,2482,2,89,6,151.93,911.58
7446,2482,3,106,7,175.22,1226.54
7447,2483,1,75,8,132.75,1062.00
7448,2483,2,92,1,156.04,156.04
7449,2483,3,109,2,179.33,358.66
7450,2484,1,78,3,136.86,410.58
7451,2484,2,95,4,160.15,640.60
7452,2484,3,112,5,183.44,917.20
7453,2485,1,81,6,140.97,845.82
7454,2485,2,98,7,164.26,1149.82
7455,2485,3,3,8,34.11,272.88
7456,2486,1,84,1,145.08,145.08
7457,2486,2,101,2,168.37,336.74
7458,2486,3,6,3,38.22,114.66
7459,2487,1,87,4,149.19,596.76
7460,2487,2,104,5,172.48,862.40
7461,2487,3,9,6,42.33,253.98
7462,2488,1,90,7,153.30,1073.10
7463,2488,2,107,8,176.59,1412.72
7464,2488,3,12,1,46.44,46.44
7465,2489,1,93,2,157.41,314.82
7466,2489,2,110,3,180.70,542.10
7467,2489,3,15,4,50.55,202.20
7468,2490,1,96,5,161.52,807.60
7469,2490,2,1,6,31.37,188.22
7470,2490,3,18,7,54.66,382.62
7471,2491,1,99,8,165.63,1325.04
7472,2491,2,4,1,35.48,35.48
7473,2491,3,21,2,58.77,117.54
7474,2492,1,102,3,169.74,509.22
7475,2492,2,7,4,39.59,158.36
7476,2492,3,24,5,62.88,314.40
7477,2493,1,105,6,173.85,1043.10
7478,2493,2,10,7,43.70,305.90
7479,2493,3,27,8,66.99,535.92
7480,2494,1,108,1,177.96,177.96
7481,2494,2,13,2,47.81,95.62
7482,2494,3,30,3,71.10,213.30
7483,2495,1,111,4,182.07,728.28
7484,2495,2,16,5,51.92,259.60
7485,2495,3,33,6,75.21,451.26
7486,2496,1,2,7,32.74,229.18
7487,2496,2,19,8,56.03,448.24
7488,2496,3,36,1,79.32,79.32
7489,2497,1,5,2,36.85,73.70
7490,2497,2,22,3,60.14,180.42
7491,2497,3,39,4,83.43,333.72
7492,2498,1,8,5,40.96,204.80
7493,2498,2,25,6,64.25,385.50
7494,2498,3,42,7,87.54,612.78
7495,2499,1,11,8,45.07,360.56
7496,2499,2,28,1,68.36,68.36
7497,2499,3,45,2,91.65,183.30
7498,2500,1,14,3,49.18,147.54
7499,2500,2,31,4,72.47,289.88
7500,2500,3,48,5,95.76,478.80
7501,2501,1,17,6,53.29,319.74
7502,2501,2,34,7,76.58,536.06
7503,2501,3,51,8,99.87,798.96
7504,2502,1,20,1,57.40,57.40
7505,2502,2,37,2,80.69,161.38
7506,2502,3,54,3,103.98,311.94
7507,2503,1,23,4,61.51,246.04
7508,2503,2,40,5,84.80,424.00
7509,2503,3,57,6,108.09,648.54
7510,2504,1,26,7,65.62,459.34
7511,2504,2,43,8,88.91,711.28
7512,2504,3,60,1,112.20,112.20
7513,2505,1,29,2,69.73,139.46
7514,2505,2,46,3,93.02,279.06
7515,2505,3,63,4,116.31,465.24
7516,2506,1,32,5,73.84,369.20
7517,2506,2,49,6,97.13,582.78
7518,2506,3,66,7,120.42,842.94
7519,2507,1,35,8,77.95,623.60
7520,2507,2,52,1,101.24,101.24
7521,2507,3,69,2,124.53,249.06
7522,2508,1,38,3,82.06,246.18
7523,2508,2,55,4,105.35,421.40
7524,2508,3,72,5,128.64,643.20
7525,2509,1,41,6,86.17,517.02
7526,2509,2,58,7,109.46,766.22
7527,2509,3,75,8,132.75,1062.00
7528,2510,1,44,1,90.28,90.28
7529,2510,2,61,2,113.57,227.14
7530,2510,3,78,3,136.86,410.58
7531,2511,1,47,4,94.39,377.56
7532,2511,2,64,5,117.68,588.40
7533,2511,3,81,6,140.97,845.82
7534,2512,1,50,7,98.50,689.50
7535,2512,2,67,8,121.79,974.32
7536,2512,3,84,1,145.08,145.08
7537,2513,1,53,2,102.61,205.22
7538,2513,2,70,3,125.90,377.70
7539,2513,3,87,4,149.19,596.76
7540,2514,1,56,5,106.72,533.60
7541,2514,2,73,6,130.01,780.06
7542,2514,3,90,7,153.30,1073.10
7543,2515,1,59,8,110.83,886.64
7544,2515,2,76,1,134.12,134.12
7545,2515,3,93,2,157.41,314.82
7546,2516,1,62,3,114.94,344.82
7547,2516,2,79,4,138.23,552.92
7548,2516,3,96,5,161.52,807.60
7549,2517,1,65,6,119.05,714.30
7550,2517,2,82,7,142.34,996.38
7551,2517,3,99,8,165.63,1325.04
7552,2518,1,68,1,123.16,123.16
7553,2518,2,85,2,146.45,292.90
7554,2518,3,102,3,169.74,509.22
7555,2519,1,71,4,127.27,509.08
7556,2519,2,88,5,150.56,752.80
7557,2519,3,105,6,173.85,1043.10
7558,2520,1,74,7,131.38,919.66
7559,2520,2,91,8,154.67,1237.36
7560,2520,3,108,1,177.96,177.96
7561,2521,1,77,2,135.49,270.98
7562,2521,2,94,3,158.78,476.34
7563,2521,3,111,4,182.07,728.28
7564,2522,1,80,5,139.60,698.00
7565,2522,2,97,6,162.89,977.34
7566,2522,3,2,7,32.74,229.18
7567,2523,1,83,8,143.71,1149.68
7568,2523,2,100,1,167.00,167.00
7569,2523,3,5,2,36.85,73.70
7570,2524,1,86,3,147.82,443.46
7571,2524,2,103,4,171.11,684.44
7572,2524,3,8,5,40.96,204.80
7573,2525,1,89,6,151.93,911.58
7574,2525,2,106,7,175.22,1226.54
7575,2525,3,11,8,45.07,360.56
7576,2526,1,92,1,156.04,156.04
7577,2526,2,109,2,179.33,358.66
7578,2526,3,14,3,49.18,147.54
7579,2527,1,95,4,160.15,640.60
7580,2527,2,112,5,183.44,917.20
7581,2527,3,17,6,53.29,319.74
7582,2528,1,98,7,164.26,1149.82
7583,2528,2,3,8,34.11,272.88
7584,2528,3,20,1,57.40,57.40
7585,2529,1,101,2,168.37,336.74
7586,2529,2,6,3,38.22,114.66
7587,2529,3,23,4,61.51,246.04
7588,2530,1,104,5,172.48,862.40
7589,2530,2,9,6,42.33,253.98
7590,2530,3,26,7,65.62,459.34
7591,2531,1,107,8,176.59,1412.72
7592,2531,2,12,1,46.44,46.44
7593,2531,3,29,2,69.73,139.46
7594,2532,1,110,3,180.70,542.10
7595,2532,2,15,4,50.55,202.20
7596,2532,3,32,5,73.84,369.20
7597,2533,1,1,6,31.37,188.22
7598,2533,2,18,7,54.66,382.62
7599,2533,3,35,8,77.95,623.60
7600,2534,1,4,1,35.48,35.48
7601,2534,2,21,2,58.77,117.54
7602,2534,3,38,3,82.06,246.18
7603,2535,1,7,4,39.59,158.36
7604,2535,2,24,5,62.88,314.40
7605,2535,3,41,6,86.17,517.02
7606,2536,1,10,7,43.70,305.90
7607,2536,2,27,8,66.99,535.92
7608,2536,3,44,1,90.28,90.28
7609,2537,1,13,2,47.81,95.62
7610,2537,2,30,3,71.10,213.30
7611,2537,3,47,4,94.39,377.56
7612,2538,1,16,5,51.92,259.60
7613,2538,2,33,6,75.21,451.26
7614,2538,3,50,7,98.50,689.50
7615,2539,1,19,8,56.03,448.24
7616,2539,2,36,1,79.32,79.32
7617,2539,3,53,2,102.61,205.22
7618,2540,1,22,3,60.14,180.42
7619,2540,2,39,4,83.43,333.72
7620,2540,3,56,5,106.72,533.60
7621,2541,1,25,6,64.25,385.50
7622,2541,2,42,7,87.54,612.78
7623,2541,3,59,8,110.83,886.64
7624,2542,1,28,1,68.36,68.36
7625,2542,2,45,2,91.65,183.30
7626,2542,3,62,3,114.94,344.82
7627,2543,1,31,4,72.47,289.88
7628,2543,2,48,5,95.76,478.80
7629,2543,3,65,6,119.05,714.30
7630,2544,1,34,7,76.58,536.06
7631,2544,2,51,8,99.87,798.96
7632,2544,3,68,1,123.16,123.16
7633,2545,1,37,2,80.69,161.38
7634,2545,2,54,3,103.98,311.94
7635,2545,3,71,4,127.27,509.08
7636,2546,1,40,5,84.80,424.00
7637,2546,2,57,6,108.09,648.54
7638,2546,3,74,7,131.38,919.66
7639,2547,1,43,8,88.91,711.28
7640,2547,2,60,1,112.20,112.20
7641,2547,3,77,2,135.49,270.98
7642,2548,1,46,3,93.02,279.06
7643,2548,2,63,4,116.31,465.24
7644,2548,3,80,5,139.60,698.00
7645,2549,1,49,6,97.13,582.78
7646,2549,2,66,7,120.42,842.94
7647,2549,3,83,8,143.71,1149.68
7648,2550,1,52,1,101.24,101.24
7649,2550,2,69,2,124.53,249.06
7650,2550,3,86,3,147.82,443.46
7651,2551,1,55,4,105.35,421.40
7652,2551,2,72,5,128.64,643.20
7653,2551,3,89,6,151.93,911.58
7654,2552,1,58,7,109.46,766.22
7655,2552,2,75,8,132.75,1062.00
7656,2552,3,92,1,156.04,156.04
7657,2553,1,61,2,113.57,227.14
7658,2553,2,78,3,136.86,410.58
7659,2553,3,95,4,160.15,640.60
7660,2554,1,64,5,117.68,588.40
7661,2554,2,81,6,140.97,845.82
7662,2554,3,98,7,164.26,1149.82
7663,2555,1,67,8,121.79,974.32
7664,2555,2,84,1,145.08,145.08
7665,2555,3,101,2,168.37,336.74
7666,2556,1,70,3,125.90,377.70
7667,2556,2,87,4,149.19,596.76
7668,2556,3,104,5,172.48,862.40
7669,2557,1,73,6,130.01,780.06
7670,2557,2,90,7,153.30,1073.10
7671,2557,3,107,8,176.59,1412.72
7672,2558,1,76,1,134.12,134.12
7673,2558,2,93,2,157.41,314.82
7674,2558,3,110,3,180.70,542.10
7675,2559,1,79,4,138.23,552.92
7676,2559,2,96,5,161.52,807.60
7677,2559,3,1,6,31.37,188.22
7678,2560,1,82,7,142.34,996.38
7679,2560,2,99,8,165.63,1325.04
7680,2560,3,4,1,35.48,35.48
7681,2561,1,85,2,146.45,292.90
7682,2561,2,102,3,169.74,509.22
7683,2561,3,7,4,39.59,158.36
7684,2562,1,88,5,150.56,752.80
7685,2562,2,105,6,173.85,1043.10
7686,2562,3,10,7,43.70,305.90
7687,2563,1,91,8,154.67,1237.36
7688,2563,2,108,1,177.96,177.96
7689,2563,3,13,2,47.81,95.62
7690,2564,1,94,3,158.78,476.34
7691,2564,2,111,4,182.07,728.28
7692,2564,3,16,5,51.92,259.60
7693,2565,1,97,6,162.89,977.34
7694,2565,2,2,7,32.74,229.18
7695,2565,3,19,8,56.03,448.24
7696,2566,1,100,1,167.00,167.00
7697,2566,2,5,2,36.85,73.70
7698,2566,3,22,3,60.14,180.42
7699,2567,1,103,4,171.11,684.44
7700,2567,2,8,5,40.96,204.80
7701,2567,3,25,6,64.25,385.50
7702,2568,1,106,7,175.22,1226.54
7703,2568,2,11,8,45.07,360.56
7704,2568,3,28,1,68.36,68.36
7705,2569,1,109,2,179.33,358.66
7706,2569,2,14,3,49.18,147.54
7707,2569,3,31,4,72.47,289.88
7708,2570,1,112,5,183.44,917.20
7709,2570,2,17,6,53.29,319.74
7710,2570,3,34,7,76.58,536.06
7711,2571,1,3,8,34.11,272.88
7712,2571,2,20,1,57.40,57.40
7713,2571,3,37,2,80.69,161.38
7714,2572,1,6,3,38.22,114.66
7715,2572,2,23,4,61.51,246.04
7716,2572,3,40,5,84.80,424.00
7717,2573,1,9,6,42.33,253.98
7718,2573,2,26,7,65.62,459.34
7719,2573,3,43,8,88.91,711.28
7720,2574,1,12,1,46.44,46.44
7721,2574,2,29,2,69.73,139.46
7722,2574,3,46,3,93.02,279.06
7723,2575,1,15,4,50.55,202.20
7724,2575,2,32,5,73.84,369.20
7725,2575,3,49,6,97.13,582.78
7726,2576,1,18,7,54.66,382.62
7727,2576,2,35,8,77.95,623.60
7728,2576,3,52,1,101.24,101.24
7729,2577,1,21,2,58.77,117.54
7730,2577,2,38,3,82.06,246.18
7731,2577,3,55,4,105.35,421.40
7732,2578,1,24,5,62.88,314.40
7733,2578,2,41,6,86.17,517.02
7734,2578,3,58,7,109.46,766.22
7735,2579,1,27,8,66.99,535.92
7736,2579,2,44,1,90.28,90.28
7737,2579,3,61,2,113.57,227.14
7738,2580,1,30,3,71.10,213.30
7739,2580,2,47,4,94.39,377.56
7740,2580,3,64,5,117.68,588.40
7741,2581,1,33,6,75.21,451.26
7742,2581,2,50,7,98.50,689.50
7743,2581,3,67,8,121.79,974.32
7744,2582,1,36,1,79.32,79.32
7745,2582,2,53,2,102.61,205.22
7746,2582,3,70,3,125.90,377.70
7747,2583,1,39,4,83.43,333.72
7748,2583,2,56,5,106.72,533.60
7749,2583,3,73,6,130.01,780.06
7750,2584,1,42,7,87.54,612.78
7751,2584,2,59,8,110.83,886.64
7752,2584,3,76,1,134.12,134.12
7753,2585,1,45,2,91.65,183.30
7754,2585,2,62,3,114.94,344.82
7755,2585,3,79,4,138.23,552.92
7756,2586,1,48,5,95.76,478.80
7757,2586,2,65,6,119.05,714.30
7758,2586,3,82,7,142.34,996.38
7759,2587,1,51,8,99.87,798.96
7760,2587,2,68,1,123.16,123.16
7761,2587,3,85,2,146.45,292.90
7762,2588,1,54,3,103.98,311.94
7763,2588,2,71,4,127.27,509.08
7764,2588,3,88,5,150.56,752.80
7765,2589,1,57,6,108.09,648.54
7766,2589,2,74,7,131.38,919.66
7767,2589,3,91,8,154.67,1237.36
7768,2590,1,60,1,112.20,112.20
7769,2590,2,77,2,135.49,270.98
7770,2590,3,94,3,158.78,476.34
7771,2591,1,63,4,116.31,465.24
7772,2591,2,80,5,139.60,698.00
7773,2591,3,97,6,162.89,977.34
7774,2592,1,66,7,120.42,842.94
7775,2592,2,83,8,143.71,1149.68
7776,2592,3,100,1,167.00,167.00
7777,2593,1,69,2,124.53,249.06
7778,2593,2,86,3,147.82,443.46
7779,2593,3,103,4,171.11,684.44
7780,2594,1,72,5,128.64,643.20
7781,2594,2,89,6,151.93,911.58
7782,2594,3,106,7,175.22,1226.54
7783,2595,1,75,8,132.75,1062.00
7784,2595,2,92,1,156.04,156.04
7785,2595,3,109,2,179.33,358.66
7786,2596,1,78,3,136.86,410.58
7787,2596,2,95,4,160.15,640.60
7788,2596,3,112,5,183.44,917.20
7789,2597,1,81,6,140.97,845.82
7790,2597,2,98,7,164.26,1149.82
7791,2597,3,3,8,34.11,272.88
7792,2598,1,84,1,145.08,145.08
7793,2598,2,101,2,168.37,336.74
7794,2598,3,6,3,38.22,114.66
7795,2599,1,87,4,149.19,596.76
7796,2599,2,104,5,172.48,862.40
7797,2599,3,9,6,42.33,253.98
7798,2600,1,90,7,153.30,1073.10
7799,2600,2,107,8,176.59,1412.72
7800,2600,3,12,1,46.44,46.44
7801,2601,1,93,2,157.41,314.82
7802,2601,2,110,3,180.70,542.10
7803,2601,3,15,4,50.55,202.20
7804,2602,1,96,5,161.52,807.60
7805,2602,2,1,6,31.37,188.22
7806,2602,3,18,7,54.66,382.62
7807,2603,1,99,8,165.63,1325.04
7808,2603,2,4,1,35.48,35.48
7809,2603,3,21,2,58.77,117.54
7810,2604,1,102,3,169.74,509.22
7811,2604,2,7,4,39.59,158.36
7812,2604,3,24,5,62.88,314.40
7813,2605,1,105,6,173.85,1043.10
7814,2605,2,10,7,43.70,305.90
7815,2605,3,27,8,66.99,535.92
7816,2606,1,108,1,177.96,177.96
7817,2606,2,13,2,47.81,95.62
7818,2606,3,30,3,71.10,213.30
7819,2607,1,111,4,182.07,728.28
7820,2607,2,16,5,51.92,259.60
7821,2607,3,33,6,75.21,451.26
7822,2608,1,2,7,32.74,229.18
7823,2608,2,19,8,56.03,448.24
7824,2608,3,36,1,79.32,79.32
7825,2609,1,5,2,36.85,73.70
7826,2609,2,22,3,60.14,180.42
7827,2609,3,39,4,83.43,333.72
7828,2610,1,8,5,40.96,204.80
7829,2610,2,25,6,64.25,385.50
7830,2610,3,42,7,87.54,612.78
7831,2611,1,11,8,45.07,360.56
7832,2611,2,28,1,68.36,68.36
7833,2611,3,45,2,91.65,183.30
7834,2612,1,14,3,49.18,147.54
7835,2612,2,31,4,72.47,289.88
7836,2612,3,48,5,95.76,478.80
7837,2613,1,17,6,53.29,319.74
7838,2613,2,34,7,76.58,536.06
7839,2613,3,51,8,99.87,798.96
7840,2614,1,20,1,57.40,57.40
7841,2614,2,37,2,80.69,161.38
7842,2614,3,54,3,103.98,311.94
7843,2615,1,23,4,61.51,246.04
7844,2615,2,40,5,84.80,424.00
7845,2615,3,57,6,108.09,648.54
7846,2616,1,26,7,65.62,459.34
7847,2616,2,43,8,88.91,711.28
7848,2616,3,60,1,112.20,112.20
7849,2617,1,29,2,69.73,139.46
7850,2617,2,46,3,93.02,279.06
7851,2617,3,63,4,116.31,465.24
7852,2618,1,32,5,73.84,369.20
7853,2618,2,49,6,97.13,582.78
7854,2618,3,66,7,120.42,842.94
7855,2619,1,35,8,77.95,623.60
7856,2619,2,52,1,101.24,101.24
7857,2619,3,69,2,124.53,249.06
7858,2620,1,38,3,82.06,246.18
7859,2620,2,55,4,105.35,421.40
7860,2620,3,72,5,128.64,643.20
7861,2621,1,41,6,86.17,517.02
7862,2621,2,58,7,109.46,766.22
7863,2621,3,75,8,132.75,1062.00
7864,2622,1,44,1,90.28,90.28
7865,2622,2,61,2,113.57,227.14
7866,2622,3,78,3,136.86,410.58
7867,2623,1,47,4,94.39,377.56
7868,2623,2,64,5,117.68,588.40
7869,2623,3,81,6,140.97,845.82
7870,2624,1,50,7,98.50,689.50
7871,2624,2,67,8,121.79,974.32
7872,2624,3,84,1,145.08,145.08
7873,2625,1,53,2,102.61,205.22
7874,2625,2,70,3,125.90,377.70
7875,2625,3,87,4,149.19,596.76
7876,2626,1,56,5,106.72,533.60
7877,2626,2,73,6,130.01,780.06
7878,2626,3,90,7,153.30,1073.10
7879,2627,1,59,8,110.83,886.64
7880,2627,2,76,1,134.12,134.12
7881,2627,3,93,2,157.41,314.82
7882,2628,1,62,3,114.94,344.82
7883,2628,2,79,4,138.23,552.92
7884,2628,3,96,5,161.52,807.60
7885,2629,1,65,6,119.05,714.30
7886,2629,2,82,7,142.34,996.38
7887,2629,3,99,8,165.63,1325.04
7888,2630,1,68,1,123.16,123.16
7889,2630,2,85,2,146.45,292.90
7890,2630,3,102,3,169.74,509.22
7891,2631,1,71,4,127.27,509.08
7892,2631,2,88,5,150.56,752.80
7893,2631,3,105,6,173.85,1043.10
7894,2632,1,74,7,131.38,919.66
7895,2632,2,91,8,154.67,1237.36
7896,2632,3,108,1,177.96,177.96
7897,2633,1,77,2,135.49,270.98
7898,2633,2,94,3,158.78,476.34
7899,2633,3,111,4,182.07,728.28
7900,2634,1,80,5,139.60,698.00
7901,2634,2,97,6,162.89,977.34
7902,2634,3,2,7,32.74,229.18
7903,2635,1,83,8,143.71,1149.68
7904,2635,2,100,1,167.00,167.00
7905,2635,3,5,2,36.85,73.70
7906,2636,1,86,3,147.82,443.46
7907,2636,2,103,4,171.11,684.44
7908,2636,3,8,5,40.96,204.80
7909,2637,1,89,6,151.93,911.58
7910,2637,2,106,7,175.22,1226.54
7911,2637,3,11,8,45.07,360.56
7912,2638,1,92,1,156.04,156.04
7913,2638,2,109,2,179.33,358.66
7914,2638,3,14,3,49.18,147.54
7915,2639,1,95,4,160.15,640.60
7916,2639,2,112,5,183.44,917.20
7917,2639,3,17,6,53.29,319.74
7918,2640,1,98,7,164.26,1149.82
7919,2640,2,3,8,34.11,272.88
7920,2640,3,20,1,57.40,57.40
7921,2641,1,101,2,168.37,336.74
7922,2641,2,6,3,38.22,114.66
7923,2641,3,23,4,61.51,246.04
7924,2642,1,104,5,172.48,862.40
7925,2642,2,9,6,42.33,253.98
7926,2642,3,26,7,65.62,459.34
7927,2643,1,107,8,176.59,1412.72
7928,2643,2,12,1,46.44,46.44
7929,2643,3,29,2,69.73,139.46
7930,2644,1,110,3,180.70,542.10
7931,2644,2,15,4,50.55,202.20
7932,2644,3,32,5,73.84,369.20
7933,2645,1,1,6,31.37,188.22
7934,2645,2,18,7,54.66,382.62
7935,2645,3,35,8,77.95,623.60
7936,2646,1,4,1,35.48,35.48
7937,2646,2,21,2,58.77,117.54
7938,2646,3,38,3,82.06,246.18
7939,2647,1,7,4,39.59,158.36
7940,2647,2,24,5,62.88,314.40
7941,2647,3,41,6,86.17,517.02
7942,2648,1,10,7,43.70,305.90
7943,2648,2,27,8,66.99,535.92
7944,2648,3,44,1,90.28,90.28
7945,2649,1,13,2,47.81,95.62
7946,2649,2,30,3,71.10,213.30
7947,2649,3,47,4,94.39,377.56
7948,2650,1,16,5,51.92,259.60
7949,2650,2,33,6,75.21,451.26
7950,2650,3,50,7,98.50,689.50
7951,2651,1,19,8,56.03,448.24
7952,2651,2,36,1,79.32,79.32
7953,2651,3,53,2,102.61,205.22
7954,2652,1,22,3,60.14,180.42
7955,2652,2,39,4,83.43,333.72
7956,2652,3,56,5,106.72,533.60
7957,2653,1,25,6,64.25,385.50
7958,2653,2,42,7,87.54,612.78
7959,2653,3,59,8,110.83,886.64
7960,2654,1,28,1,68.36,68.36
7961,2654,2,45,2,91.65,183.30
7962,2654,3,62,3,114.94,344.82
7963,2655,1,31,4,72.47,289.88
7964,2655,2,48,5,95.76,478.80
7965,2655,3,65,6,119.05,714.30
7966,2656,1,34,7,76.58,536.06
7967,2656,2,51,8,99.87,798.96
7968,2656,3,68,1,123.16,123.16
7969,2657,1,37,2,80.69,161.38
7970,2657,2,54,3,103.98,311.94
7971,2657,3,71,4,127.27,509.08
7972,2658,1,40,5,84.80,424.00
7973,2658,2,57,6,108.09,648.54
7974,2658,3,74,7,131.38,919.66
7975,2659,1,43,8,88.91,711.28
7976,2659,2,60,1,112.20,112.20
7977,2659,3,77,2,135.49,270.98
7978,2660,1,46,3,93.02,279.06
7979,2660,2,63,4,116.31,465.24
7980,2660,3,80,5,139.60,698.00
7981,2661,1,49,6,97.13,582.78
7982,2661,2,66,7,120.42,842.94
7983,2661,3,83,8,143.71,1149.68
7984,2662,1,52,1,101.24,101.24
7985,2662,2,69,2,124.53,249.06
7986,2662,3,86,3,147.82,443.46
7987,2663,1,55,4,105.35,421.40
7988,2663,2,72,5,128.64,643.20
7989,2663,3,89,6,151.93,911.58
7990,2664,1,58,7,109.46,766.22
7991,2664,2,75,8,132.75,1062.00
7992,2664,3,92,1,156.04,156.04
7993,2665,1,61,2,113.57,227.14
7994,2665,2,78,3,136.86,410.58
7995,2665,3,95,4,160.15,640.60
7996,2666,1,64,5,117.68,588.40
7997,2666,2,81,6,140.97,845.82
7998,2666,3,98,7,164.26,1149.82
7999,2667,1,67,8,121.79,974.32
8000,2667,2,84,1,145.08,145.08
8001,2667,3,101,2,168.37,336.74
8002,2668,1,70,3,125.90,377.70
8003,2668,2,87,4,149.19,596.76
8004,2668,3,104,5,172.48,862.40
8005,2669,1,73,6,130.01,780.06
8006,2669,2,90,7,153.30,1073.10
8007,2669,3,107,8,176.59,1412.72
8008,2670,1,76,1,134.12,134.12
8009,2670,2,93,2,157.41,314.82
8010,2670,3,110,3,180.70,542.10
8011,2671,1,79,4,138.23,552.92
8012,2671,2,96,5,161.52,807.60
8013,2671,3,1,6,31.37,188.22
8014,2672,1,82,7,142.34,996.38
8015,2672,2,99,8,165.63,1325.04
8016,2672,3,4,1,35.48,35.48
8017,2673,1,85,2,146.45,292.90
8018,2673,2,102,3,169.74,509.22
8019,2673,3,7,4,39.59,158.36
8020,2674,1,88,5,150.56,752.80
8021,2674,2,105,6,173.85,1043.10
8022,2674,3,10,7,43.70,305.90
8023,2675,1,91,8,154.67,1237.36
8024,2675,2,108,1,177.96,177.96
8025,2675,3,13,2,47.81,95.62
8026,2676,1,94,3,158.78,476.34
8027,2676,2,111,4,182.07,728.28
8028,2676,3,16,5,51.92,259.60
8029,2677,1,97,6,162.89,977.34
8030,2677,2,2,7,32.74,229.18
8031,2677,3,19,8,56.03,448.24
8032,2678,1,100,1,167.00,167.00
8033,2678,2,5,2,36.85,73.70
8034,2678,3,22,3,60.14,180.42
8035,2679,1,103,4,171.11,684.44
8036,2679,2,8,5,40.96,204.80
8037,2679,3,25,6,64.25,385.50
8038,2680,1,106,7,175.22,1226.54
8039,2680,2,11,8,45.07,360.56
8040,2680,3,28,1,68.36,68.36
8041,2681,1,109,2,179.33,358.66
8042,2681,2,14,3,49.18,147.54
8043,2681,3,31,4,72.47,289.88
8044,2682,1,112,5,183.44,917.20
8045,2682,2,17,6,53.29,319.74
8046,2682,3,34,7,76.58,536.06
8047,2683,1,3,8,34.11,272.88
8048,2683,2,20,1,57.40,57.40
8049,2683,3,37,2,80.69,161.38
8050,2684,1,6,3,38.22,114.66
8051,2684,2,23,4,61.51,246.04
8052,2684,3,40,5,84.80,424.00
8053,2685,1,9,6,42.33,253.98
8054,2685,2,26,7,65.62,459.34
8055,2685,3,43,8,88.91,711.28
8056,2686,1,12,1,46.44,46.44
8057,2686,2,29,2,69.73,139.46
8058,2686,3,46,3,93.02,279.06
8059,2687,1,15,4,50.55,202.20
8060,2687,2,32,5,73.84,369.20
8061,2687,3,49,6,97.13,582.78
8062,2688,1,18,7,54.66,382.62
8063,2688,2,35,8,77.95,623.60
8064,2688,3,52,1,101.24,101.24
8065,2689,1,21,2,58.77,117.54
8066,2689,2,38,3,82.06,246.18
8067,2689,3,55,4,105.35,421.40
8068,2690,1,24,5,62.88,314.40
8069,2690,2,41,6,86.17,517.02
8070,2690,3,58,7,109.46,766.22
8071,2691,1,27,8,66.99,535.92
8072,2691,2,44,1,90.28,90.28
8073,2691,3,61,2,113.57,227.14
8074,2692,1,30,3,71.10,213.30
8075,2692,2,47,4,94.39,377.56
8076,2692,3,64,5,117.68,588.40
8077,2693,1,33,6,75.21,451.26
8078,2693,2,50,7,98.50,689.50
8079,2693,3,67,8,121.79,974.32
8080,2694,1,36,1,79.32,79.32
8081,2694,2,53,2,102.61,205.22
8082,2694,3,70,3,125.90,377.70
8083,2695,1,39,4,83.43,333.72
8084,2695,2,56,5,106.72,533.60
8085,2695,3,73,6,130.01,780.06
8086,2696,1,42,7,87.54,612.78
8087,2696,2,59,8,110.83,886.64
8088,2696,3,76,1,134.12,134.12
8089,2697,1,45,2,91.65,183.30
8090,2697,2,62,3,114.94,344.82
8091,2697,3,79,4,138.23,552.92
8092,2698,1,48,5,95.76,478.80
8093,2698,2,65,6,119.05,714.30
8094,2698,3,82,7,142.34,996.38
8095,2699,1,51,8,99.87,798.96
8096,2699,2,68,1,123.16,123.16
8097,2699,3,85,2,146.45,292.90
8098,2700,1,54,3,103.98,311.94
8099,2700,2,71,4,127.27,509.08
8100,2700,3,88,5,150.56,752.80
8101,2701,1,57,6,108.09,648.54
8102,2701,2,74,7,131.38,919.66
8103,2701,3,91,8,154.67,1237.36
8104,2702,1,60,1,112.20,112.20
8105,2702,2,77,2,135.49,270.98
8106,2702,3,94,3,158.78,476.34
8107,2703,1,63,4,116.31,465.24
8108,2703,2,80,5,139.60,698.00
8109,2703,3,97,6,162.89,977.34
8110,2704,1,66,7,120.42,842.94
8111,2704,2,83,8,143.71,1149.68
8112,2704,3,100,1,167.00,167.00
8113,2705,1,69,2,124.53,249.06
8114,2705,2,86,3,147.82,443.46
8115,2705,3,103,4,171.11,684.44
8116,2706,1,72,5,128.64,643.20
8117,2706,2,89,6,151.93,911.58
8118,2706,3,106,7,175.22,1226.54
8119,2707,1,75,8,132.75,1062.00
8120,2707,2,92,1,156.04,156.04
8121,2707,3,109,2,179.33,358.66
8122,2708,1,78,3,136.86,410.58
8123,2708,2,95,4,160.15,640.60
8124,2708,3,112,5,183.44,917.20
8125,2709,1,81,6,140.97,845.82
8126,2709,2,98,7,164.26,1149.82
8127,2709,3,3,8,34.11,272.88
8128,2710,1,84,1,145.08,145.08
8129,2710,2,101,2,168.37,336.74
8130,2710,3,6,3,38.22,114.66
8131,2711,1,87,4,149.19,596.76
8132,2711,2,104,5,172.48,862.40
8133,2711,3,9,6,42.33,253.98
8134,2712,1,90,7,153.30,1073.10
8135,2712,2,107,8,176.59,1412.72
8136,2712,3,12,1,46.44,46.44
8137,2713,1,93,2,157.41,314.82
8138,2713,2,110,3,180.70,542.10
8139,2713,3,15,4,50.55,202.20
8140,2714,1,96,5,161.52,807.60
8141,2714,2,1,6,31.37,188.22
8142,2714,3,18,7,54.66,382.62
8143,2715,1,99,8,165.63,1325.04
8144,2715,2,4,1,35.48,35.48
8145,2715,3,21,2,58.77,117.54
8146,2716,1,102,3,169.74,509.22
8147,2716,2,7,4,39.59,158.36
8148,2716,3,24,5,62.88,314.40
8149,2717,1,105,6,173.85,1043.10
8150,2717,2,10,7,43.70,305.90
8151,2717,3,27,8,66.99,535.92
8152,2718,1,108,1,177.96,177.96
8153,2718,2,13,2,47.81,95.62
8154,2718,3,30,3,71.10,213.30
8155,2719,1,111,4,182.07,728.28
8156,2719,2,16,5,51.92,259.60
8157,2719,3,33,6,75.21,451.26
8158,2720,1,2,7,32.74,229.18
8159,2720,2,19,8,56.03,448.24
8160,2720,3,36,1,79.32,79.32
8161,2721,1,5,2,36.85,73.70
8162,2721,2,22,3,60.14,180.42
8163,2721,3,39,4,83.43,333.72
8164,2722,1,8,5,40.96,204.80
8165,2722,2,25,6,64.25,385.50
8166,2722,3,42,7,87.54,612.78
8167,2723,1,11,8,45.07,360.56
8168,2723,2,28,1,68.36,68.36
8169,2723,3,45,2,91.65,183.30
8170,2724,1,14,3,49.18,147.54
8171,2724,2,31,4,72.47,289.88
8172,2724,3,48,5,95.76,478.80
8173,2725,1,17,6,53.29,319.74
8174,2725,2,34,7,76.58,536.06
8175,2725,3,51,8,99.87,798.96
8176,2726,1,20,1,57.40,57.40
8177,2726,2,37,2,80.69,161.38
8178,2726,3,54,3,103.98,311.94
8179,2727,1,23,4,61.51,246.04
8180,2727,2,40,5,84.80,424.00
8181,2727,3,57,6,108.09,648.54
8182,2728,1,26,7,65.62,459.34
8183,2728,2,43,8,88.91,711.28
8184,2728,3,60,1,112.20,112.20
8185,2729,1,29,2,69.73,139.46
8186,2729,2,46,3,93.02,279.06
8187,2729,3,63,4,116.31,465.24
8188,2730,1,32,5,73.84,369.20
8189,2730,2,49,6,97.13,582.78
8190,2730,3,66,7,120.42,842.94
8191,2731,1,35,8,77.95,623.60
8192,2731,2,52,1,101.24,101.24
8193,2731,3,69,2,124.53,249.06
8194,2732,1,38,3,82.06,246.18
8195,2732,2,55,4,105.35,421.40
8196,2732,3,72,5,128.64,643.20
8197,2733,1,41,6,86.17,517.02
8198,2733,2,58,7,109.46,766.22
8199,2733,3,75,8,132.75,1062.00
8200,2734,1,44,1,90.28,90.28
8201,2734,2,61,2,113.57,227.14
8202,2734,3,78,3,136.86,410.58
8203,2735,1,47,4,94.39,377.56
8204,2735,2,64,5,117.68,588.40
8205,2735,3,81,6,140.97,845.82
8206,2736,1,50,7,98.50,689.50
8207,2736,2,67,8,121.79,974.32
8208,2736,3,84,1,145.08,145.08
8209,2737,1,53,2,102.61,205.22
8210,2737,2,70,3,125.90,377.70
8211,2737,3,87,4,149.19,596.76
8212,2738,1,56,5,106.72,533.60
8213,2738,2,73,6,130.01,780.06
8214,2738,3,90,7,153.30,1073.10
8215,2739,1,59,8,110.83,886.64
8216,2739,2,76,1,134.12,134.12
8217,2739,3,93,2,157.41,314.82
8218,2740,1,62,3,114.94,344.82
8219,2740,2,79,4,138.23,552.92
8220,2740,3,96,5,161.52,807.60
8221,2741,1,65,6,119.05,714.30
8222,2741,2,82,7,142.34,996.38
8223,2741,3,99,8,165.63,1325.04
8224,2742,1,68,1,123.16,123.16
8225,2742,2,85,2,146.45,292.90
8226,2742,3,102,3,169.74,509.22
8227,2743,1,71,4,127.27,509.08
8228,2743,2,88,5,150.56,752.80
8229,2743,3,105,6,173.85,1043.10
8230,2744,1,74,7,131.38,919.66
8231,2744,2,91,8,154.67,1237.36
8232,2744,3,108,1,177.96,177.96
8233,2745,1,77,2,135.49,270.98
8234,2745,2,94,3,158.78,476.34
8235,2745,3,111,4,182.07,728.28
8236,2746,1,80,5,139.60,698.00
8237,2746,2,97,6,162.89,977.34
8238,2746,3,2,7,32.74,229.18
8239,2747,1,83,8,143.71,1149.68
8240,2747,2,100,1,167.00,167.00
8241,2747,3,5,2,36.85,73.70
8242,2748,1,86,3,147.82,443.46
8243,2748,2,103,4,171.11,684.44
8244,2748,3,8,5,40.96,204.80
8245,2749,1,89,6,151.93,911.58
8246,2749,2,106,7,175.22,1226.54
8247,2749,3,11,8,45.07,360.56
8248,2750,1,92,1,156.04,156.04
8249,2750,2,109,2,179.33,358.66
8250,2750,3,14,3,49.18,147.54
8251,2751,1,95,4,160.15,640.60
8252,2751,2,112,5,183.44,917.20
8253,2751,3,17,6,53.29,319.74
8254,2752,1,98,7,164.26,1149.82
8255,2752,2,3,8,34.11,272.88
8256,2752,3,20,1,57.40,57.40
8257,2753,1,101,2,168.37,336.74
8258,2753,2,6,3,38.22,114.66
8259,2753,3,23,4,61.51,246.04
8260,2754,1,104,5,172.48,862.40
8261,2754,2,9,6,42.33,253.98
8262,2754,3,26,7,65.62,459.34
8263,2755,1,107,8,176.59,1412.72
8264,2755,2,12,1,46.44,46.44
8265,2755,3,29,2,69.73,139.46
8266,2756,1,110,3,180.70,542.10
8267,2756,2,15,4,50.55,202.20
8268,2756,3,32,5,73.84,369.20
8269,2757,1,1,6,31.37,188.22
8270,2757,2,18,7,54.66,382.62
8271,2757,3,35,8,77.95,623.60
8272,2758,1,4,1,35.48,35.48
8273,2758,2,21,2,58.77,117.54
8274,2758,3,38,3,82.06,246.18
8275,2759,1,7,4,39.59,158.36
8276,2759,2,24,5,62.88,314.40
8277,2759,3,41,6,86.17,517.02
8278,2760,1,10,7,43.70,305.90
8279,2760,2,27,8,66.99,535.92
8280,2760,3,44,1,90.28,90.28
8281,2761,1,13,2,47.81,95.62
8282,2761,2,30,3,71.10,213.30
8283,2761,3,47,4,94.39,377.56
8284,2762,1,16,5,51.92,259.60
8285,2762,2,33,6,75.21,451.26
8286,2762,3,50,7,98.50,689.50
8287,2763,1,19,8,56.03,448.24
8288,2763,2,36,1,79.32,79.32
8289,2763,3,53,2,102.61,205.22
8290,2764,1,22,3,60.14,180.42
8291,2764,2,39,4,83.43,333.72
8292,2764,3,56,5,106.72,533.60
8293,2765,1,25,6,64.25,385.50
8294,2765,2,42,7,87.54,612.78
8295,2765,3,59,8,110.83,886.64
8296,2766,1,28,1,68.36,68.36
8297,2766,2,45,2,91.65,183.30
8298,2766,3,62,3,114.94,344.82
8299,2767,1,31,4,72.47,289.88
8300,2767,2,48,5,95.76,478.80
8301,2767,3,65,6,119.05,714.30
8302,2768,1,34,7,76.58,536.06
8303,2768,2,51,8,99.87,798.96
8304,2768,3,68,1,123.16,123.16
8305,2769,1,37,2,80.69,161.38
8306,2769,2,54,3,103.98,311.94
8307,2769,3,71,4,127.27,509.08
8308,2770,1,40,5,84.80,424.00
8309,2770,2,57,6,108.09,648.54
8310,2770,3,74,7,131.38,919.66
8311,2771,1,43,8,88.91,711.28
8312,2771,2,60,1,112.20,112.20
8313,2771,3,77,2,135.49,270.98
8314,2772,1,46,3,93.02,279.06
8315,2772,2,63,4,116.31,465.24
8316,2772,3,80,5,139.60,698.00
8317,2773,1,49,6,97.13,582.78
8318,2773,2,66,7,120.42,842.94
8319,2773,3,83,8,143.71,1149.68
8320,2774,1,52,1,101.24,101.24
8321,2774,2,69,2,124.53,249.06
8322,2774,3,86,3,147.82,443.46
8323,2775,1,55,4,105.35,421.40
8324,2775,2,72,5,128.64,643.20
8325,2775,3,89,6,151.93,911.58
8326,2776,1,58,7,109.46,766.22
8327,2776,2,75,8,132.75,1062.00
8328,2776,3,92,1,156.04,156.04
8329,2777,1,61,2,113.57,227.14
8330,2777,2,78,3,136.86,410.58
8331,2777,3,95,4,160.15,640.60
8332,2778,1,64,5,117.68,588.40
8333,2778,2,81,6,140.97,845.82
8334,2778,3,98,7,164.26,1149.82
8335,2779,1,67,8,121.79,974.32
8336,2779,2,84,1,145.08,145.08
8337,2779,3,101,2,168.37,336.74
8338,2780,1,70,3,125.90,377.70
8339,2780,2,87,4,149.19,596.76
8340,2780,3,104,5,172.48,862.40
8341,2781,1,73,6,130.01,780.06
8342,2781,2,90,7,153.30,1073.10
8343,2781,3,107,8,176.59,1412.72
8344,2782,1,76,1,134.12,134.12
8345,2782,2,93,2,157.41,314.82
8346,2782,3,110,3,180.70,542.10
8347,2783,1,79,4,138.23,552.92
8348,2783,2,96,5,161.52,807.60
8349,2783,3,1,6,31.37,188.22
8350,2784,1,82,7,142.34,996.38
8351,2784,2,99,8,165.63,1325.04
8352,2784,3,4,1,35.48,35.48
8353,2785,1,85,2,146.45,292.90
8354,2785,2,102,3,169.74,509.22
8355,2785,3,7,4,39.59,158.36
8356,2786,1,88,5,150.56,752.80
8357,2786,2,105,6,173.85,1043.10
8358,2786,3,10,7,43.70,305.90
8359,2787,1,91,8,154.67,1237.36
8360,2787,2,108,1,177.96,177.96
8361,2787,3,13,2,47.81,95.62
8362,2788,1,94,3,158.78,476.34
8363,2788,2,111,4,182.07,728.28
8364,2788,3,16,5,51.92,259.60
8365,2789,1,97,6,162.89,977.34
8366,2789,2,2,7,32.74,229.18
8367,2789,3,19,8,56.03,448.24
8368,2790,1,100,1,167.00,167.00
8369,2790,2,5,2,36.85,73.70
8370,2790,3,22,3,60.14,180.42
8371,2791,1,103,4,171.11,684.44
8372,2791,2,8,5,40.96,204.80
8373,2791,3,25,6,64.25,385.50
8374,2792,1,106,7,175.22,1226.54
8375,2792,2,11,8,45.07,360.56
8376,2792,3,28,1,68.36,68.36
8377,2793,1,109,2,179.33,358.66
8378,2793,2,14,3,49.18,147.54
8379,2793,3,31,4,72.47,289.88
8380,2794,1,112,5,183.44,917.20
8381,2794,2,17,6,53.29,319.74
8382,2794,3,34,7,76.58,536.06
8383,2795,1,3,8,34.11,272.88
8384,2795,2,20,1,57.40,57.40
8385,2795,3,37,2,80.69,161.38
8386,2796,1,6,3,38.22,114.66
8387,2796,2,23,4,61.51,246.04
8388,2796,3,40,5,84.80,424.00
8389,2797,1,9,6,42.33,253.98
8390,2797,2,26,7,65.62,459.34
8391,2797,3,43,8,88.91,711.28
8392,2798,1,12,1,46.44,46.44
8393,2798,2,29,2,69.73,139.46
8394,2798,3,46,3,93.02,279.06
8395,2799,1,15,4,50.55,202.20
8396,2799,2,32,5,73.84,369.20
8397,2799,3,49,6,97.13,582.78
8398,2800,1,18,7,54.66,382.62
8399,2800,2,35,8,77.95,623.60
8400,2800,3,52,1,101.24,101.24
8401,2801,1,21,2,58.77,117.54
8402,2801,2,38,3,82.06,246.18
8403,2801,3,55,4,105.35,421.40
8404,2802,1,24,5,62.88,314.40
8405,2802,2,41,6,86.17,517.02
8406,2802,3,58,7,109.46,766.22
8407,2803,1,27,8,66.99,535.92
8408,2803,2,44,1,90.28,90.28
8409,2803,3,61,2,113.57,227.14
8410,2804,1,30,3,71.10,213.30
8411,2804,2,47,4,94.39,377.56
8412,2804,3,64,5,117.68,588.40
8413,2805,1,33,6,75.21,451.26
8414,2805,2,50,7,98.50,689.50
8415,2805,3,67,8,121.79,974.32
8416,2806,1,36,1,79.32,79.32
8417,2806,2,53,2,102.61,205.22
8418,2806,3,70,3,125.90,377.70
8419,2807,1,39,4,83.43,333.72
8420,2807,2,56,5,106.72,533.60
8421,2807,3,73,6,130.01,780.06
8422,2808,1,42,7,87.54,612.78
8423,2808,2,59,8,110.83,886.64
8424,2808,3,76,1,134.12,134.12
8425,2809,1,45,2,91.65,183.30
8426,2809,2,62,3,114.94,344.82
8427,2809,3,79,4,138.23,552.92
8428,2810,1,48,5,95.76,478.80
8429,2810,2,65,6,119.05,714.30
8430,2810,3,82,7,142.34,996.38
8431,2811,1,51,8,99.87,798.96
8432,2811,2,68,1,123.16,123.16
8433,2811,3,85,2,146.45,292.90
8434,2812,1,54,3,103.98,311.94
8435,2812,2,71,4,127.27,509.08
8436,2812,3,88,5,150.56,752.80
8437,2813,1,57,6,108.09,648.54
8438,2813,2,74,7,131.38,919.66
8439,2813,3,91,8,154.67,1237.36
8440,2814,1,60,1,112.20,112.20
8441,2814,2,77,2,135.49,270.98
8442,2814,3,94,3,158.78,476.34
8443,2815,1,63,4,116.31,465.24
8444,2815,2,80,5,139.60,698.00
8445,2815,3,97,6,162.89,977.34
8446,2816,1,66,7,120.42,842.94
8447,2816,2,83,8,143.71,1149.68
8448,2816,3,100,1,167.00,167.00
8449,2817,1,69,2,124.53,249.06
8450,2817,2,86,3,147.82,443.46
8451,2817,3,103,4,171.11,684.44
8452,2818,1,72,5,128.64,643.20
8453,2818,2,89,6,151.93,911.58
8454,2818,3,106,7,175.22,1226.54
8455,2819,1,75,8,132.75,1062.00
8456,2819,2,92,1,156.04,156.04
8457,2819,3,109,2,179.33,358.66
8458,2820,1,78,3,136.86,410.58
8459,2820,2,95,4,160.15,640.60
8460,2820,3,112,5,183.44,917.20
8461,2821,1,81,6,140.97,845.82
8462,2821,2,98,7,164.26,1149.82
8463,2821,3,3,8,34.11,272.88
8464,2822,1,84,1,145.08,145.08
8465,2822,2,101,2,168.37,336.74
8466,2822,3,6,3,38.22,114.66
8467,2823,1,87,4,149.19,596.76
8468,2823,2,104,5,172.48,862.40
8469,2823,3,9,6,42.33,253.98
8470,2824,1,90,7,153.30,1073.10
8471,2824,2,107,8,176.59,1412.72
8472,2824,3,12,1,46.44,46.44
8473,2825,1,93,2,157.41,314.82
8474,2825,2,110,3,180.70,542.10
8475,2825,3,15,4,50.55,202.20
8476,2826,1,96,5,161.52,807.60
8477,2826,2,1,6,31.37,188.22
8478,2826,3,18,7,54.66,382.62
8479,2827,1,99,8,165.63,1325.04
8480,2827,2,4,1,35.48,35.48
8481,2827,3,21,2,58.77,117.54
8482,2828,1,102,3,169.74,509.22
8483,2828,2,7,4,39.59,158.36
8484,2828,3,24,5,62.88,314.40
8485,2829,1,105,6,173.85,1043.10
8486,2829,2,10,7,43.70,305.90
8487,2829,3,27,8,66.99,535.92
8488,2830,1,108,1,177.96,177.96
8489,2830,2,13,2,47.81,95.62
8490,2830,3,30,3,71.10,213.30
8491,2831,1,111,4,182.07,728.28
8492,2831,2,16,5,51.92,259.60
8493,2831,3,33,6,75.21,451.26
8494,2832,1,2,7,32.74,229.18
8495,2832,2,19,8,56.03,448.24
8496,2832,3,36,1,79.32,79.32
8497,2833,1,5,2,36.85,73.70
8498,2833,2,22,3,60.14,180.42
8499,2833,3,39,4,83.43,333.72
8500,2834,1,8,5,40.96,204.80
8501,2834,2,25,6,64.25,385.50
8502,2834,3,42,7,87.54,612.78
8503,2835,1,11,8,45.07,360.56
8504,2835,2,28,1,68.36,68.36
8505,2835,3,45,2,91.65,183.30
8506,2836,1,14,3,49.18,147.54
8507,2836,2,31,4,72.47,289.88
8508,2836,3,48,5,95.76,478.80
8509,2837,1,17,6,53.29,319.74
8510,2837,2,34,7,76.58,536.06
8511,2837,3,51,8,99.87,798.96
8512,2838,1,20,1,57.40,57.40
8513,2838,2,37,2,80.69,161.38
8514,2838,3,54,3,103.98,311.94
8515,2839,1,23,4,61.51,246.04
8516,2839,2,40,5,84.80,424.00
8517,2839,3,57,6,108.09,648.54
8518,2840,1,26,7,65.62,459.34
8519,2840,2,43,8,88.91,711.28
8520,2840,3,60,1,112.20,112.20
8521,2841,1,29,2,69.73,139.46
8522,2841,2,46,3,93.02,279.06
8523,2841,3,63,4,116.31,465.24
8524,2842,1,32,5,73.84,369.20
8525,2842,2,49,6,97.13,582.78
8526,2842,3,66,7,120.42,842.94
8527,2843,1,35,8,77.95,623.60
8528,2843,2,52,1,101.24,101.24
8529,2843,3,69,2,124.53,249.06
8530,2844,1,38,3,82.06,246.18
8531,2844,2,55,4,105.35,421.40
8532,2844,3,72,5,128.64,643.20
8533,2845,1,41,6,86.17,517.02
8534,2845,2,58,7,109.46,766.22
8535,2845,3,75,8,132.75,1062.00
8536,2846,1,44,1,90.28,90.28
8537,2846,2,61,2,113.57,227.14
8538,2846,3,78,3,136.86,410.58
8539,2847,1,47,4,94.39,377.56
8540,2847,2,64,5,117.68,588.40
8541,2847,3,81,6,140.97,845.82
8542,2848,1,50,7,98.50,689.50
8543,2848,2,67,8,121.79,974.32
8544,2848,3,84,1,145.08,145.08
8545,2849,1,53,2,102.61,205.22
8546,2849,2,70,3,125.90,377.70
8547,2849,3,87,4,149.19,596.76
8548,2850,1,56,5,106.72,533.60
8549,2850,2,73,6,130.01,780.06
8550,2850,3,90,7,153.30,1073.10
8551,2851,1,59,8,110.83,886.64
8552,2851,2,76,1,134.12,134.12
8553,2851,3,93,2,157.41,314.82
8554,2852,1,62,3,114.94,344.82
8555,2852,2,79,4,138.23,552.92
8556,2852,3,96,5,161.52,807.60
8557,2853,1,65,6,119.05,714.30
8558,2853,2,82,7,142.34,996.38
8559,2853,3,99,8,165.63,1325.04
8560,2854,1,68,1,123.16,123.16
8561,2854,2,85,2,146.45,292.90
8562,2854,3,102,3,169.74,509.22
8563,2855,1,71,4,127.27,509.08
8564,2855,2,88,5,150.56,752.80
8565,2855,3,105,6,173.85,1043.10
8566,2856,1,74,7,131.38,919.66
8567,2856,2,91,8,154.67,1237.36
8568,2856,3,108,1,177.96,177.96
8569,2857,1,77,2,135.49,270.98
8570,2857,2,94,3,158.78,476.34
8571,2857,3,111,4,182.07,728.28
8572,2858,1,80,5,139.60,698.00
8573,2858,2,97,6,162.89,977.34
8574,2858,3,2,7,32.74,229.18
8575,2859,1,83,8,143.71,1149.68
8576,2859,2,100,1,167.00,167.00
8577,2859,3,5,2,36.85,73.70
8578,2860,1,86,3,147.82,443.46
8579,2860,2,103,4,171.11,684.44
8580,2860,3,8,5,40.96,204.80
8581,2861,1,89,6,151.93,911.58
8582,2861,2,106,7,175.22,1226.54
8583,2861,3,11,8,45.07,360.56
8584,2862,1,92,1,156.04,156.04
8585,2862,2,109,2,179.33,358.66
8586,2862,3,14,3,49.18,147.54
8587,2863,1,95,4,160.15,640.60
8588,2863,2,112,5,183.44,917.20
8589,2863,3,17,6,53.29,319.74
8590,2864,1,98,7,164.26,1149.82
8591,2864,2,3,8,34.11,272.88
8592,2864,3,20,1,57.40,57.40
8593,2865,1,101,2,168.37,336.74
8594,2865,2,6,3,38.22,114.66
8595,2865,3,23,4,61.51,246.04
8596,2866,1,104,5,172.48,862.40
8597,2866,2,9,6,42.33,253.98
8598,2866,3,26,7,65.62,459.34
8599,2867,1,107,8,176.59,1412.72
8600,2867,2,12,1,46.44,46.44
8601,2867,3,29,2,69.73,139.46
8602,2868,1,110,3,180.70,542.10
8603,2868,2,15,4,50.55,202.20
8604,2868,3,32,5,73.84,369.20
8605,2869,1,1,6,31.37,188.22
8606,2869,2,18,7,54.66,382.62
8607,2869,3,35,8,77.95,623.60
8608,2870,1,4,1,35.48,35.48
8609,2870,2,21,2,58.77,117.54
8610,2870,3,38,3,82.06,246.18
8611,2871,1,7,4,39.59,158.36
8612,2871,2,24,5,62.88,314.40
8613,2871,3,41,6,86.17,517.02
8614,2872,1,10,7,43.70,305.90
8615,2872,2,27,8,66.99,535.92
8616,2872,3,44,1,90.28,90.28
8617,2873,1,13,2,47.81,95.62
8618,2873,2,30,3,71.10,213.30
8619,2873,3,47,4,94.39,377.56
8620,2874,1,16,5,51.92,259.60
8621,2874,2,33,6,75.21,451.26
8622,2874,3,50,7,98.50,689.50
8623,2875,1,19,8,56.03,448.24
8624,2875,2,36,1,79.32,79.32
8625,2875,3,53,2,102.61,205.22
8626,2876,1,22,3,60.14,180.42
8627,2876,2,39,4,83.43,333.72
8628,2876,3,56,5,106.72,533.60
8629,2877,1,25,6,64.25,385.50
8630,2877,2,42,7,87.54,612.78
8631,2877,3,59,8,110.83,886.64
8632,2878,1,28,1,68.36,68.36
8633,2878,2,45,2,91.65,183.30
8634,2878,3,62,3,114.94,344.82
8635,2879,1,31,4,72.47,289.88
8636,2879,2,48,5,95.76,478.80
8637,2879,3,65,6,119.05,714.30
8638,2880,1,34,7,76.58,536.06
8639,2880,2,51,8,99.87,798.96
8640,2880,3,68,1,123.16,123.16
8641,2881,1,37,2,80.69,161.38
8642,2881,2,54,3,103.98,311.94
8643,2881,3,71,4,127.27,509.08
8644,2882,1,40,5,84.80,424.00
8645,2882,2,57,6,108.09,648.54
8646,2882,3,74,7,131.38,919.66
8647,2883,1,43,8,88.91,711.28
8648,2883,2,60,1,112.20,112.20
8649,2883,3,77,2,135.49,270.98
8650,2884,1,46,3,93.02,279.06
8651,2884,2,63,4,116.31,465.24
8652,2884,3,80,5,139.60,698.00
8653,2885,1,49,6,97.13,582.78
8654,2885,2,66,7,120.42,842.94
8655,2885,3,83,8,143.71,1149.68
8656,2886,1,52,1,101.24,101.24
8657,2886,2,69,2,124.53,249.06
8658,2886,3,86,3,147.82,443.46
8659,2887,1,55,4,105.35,421.40
8660,2887,2,72,5,128.64,643.20
8661,2887,3,89,6,151.93,911.58
8662,2888,1,58,7,109.46,766.22
8663,2888,2,75,8,132.75,1062.00
8664,2888,3,92,1,156.04,156.04
8665,2889,1,61,2,113.57,227.14
8666,2889,2,78,3,136.86,410.58
8667,2889,3,95,4,160.15,640.60
8668,2890,1,64,5,117.68,588.40
8669,2890,2,81,6,140.97,845.82
8670,2890,3,98,7,164.26,1149.82
8671,2891,1,67,8,121.79,974.32
8672,2891,2,84,1,145.08,145.08
8673,2891,3,101,2,168.37,336.74
8674,2892,1,70,3,125.90,377.70
8675,2892,2,87,4,149.19,596.76
8676,2892,3,104,5,172.48,862.40
8677,2893,1,73,6,130.01,780.06
8678,2893,2,90,7,153.30,1073.10
8679,2893,3,107,8,176.59,1412.72
8680,2894,1,76,1,134.12,134.12
8681,2894,2,93,2,157.41,314.82
8682,2894,3,110,3,180.70,542.10
8683,2895,1,79,4,138.23,552.92
8684,2895,2,96,5,161.52,807.60
8685,2895,3,1,6,31.37,188.22
8686,2896,1,82,7,142.34,996.38
8687,2896,2,99,8,165.63,1325.04
8688,2896,3,4,1,35.48,35.48
8689,2897,1,85,2,146.45,292.90
8690,2897,2,102,3,169.74,509.22
8691,2897,3,7,4,39.59,158.36
8692,2898,1,88,5,150.56,752.80
8693,2898,2,105,6,173.85,1043.10
8694,2898,3,10,7,43.70,305.90
8695,2899,1,91,8,154.67,1237.36
8696,2899,2,108,1,177.96,177.96
8697,2899,3,13,2,47.81,95.62
8698,2900,1,94,3,158.78,476.34
8699,2900,2,111,4,182.07,728.28
8700,2900,3,16,5,51.92,259.60
8701,2901,1,97,6,162.89,977.34
8702,2901,2,2,7,32.74,229.18
8703,2901,3,19,8,56.03,448.24
8704,2902,1,100,1,167.00,167.00
8705,2902,2,5,2,36.85,73.70
8706,2902,3,22,3,60.14,180.42
8707,2903,1,103,4,171.11,684.44
8708,2903,2,8,5,40.96,204.80
8709,2903,3,25,6,64.25,385.50
8710,2904,1,106,7,175.22,1226.54
8711,2904,2,11,8,45.07,360.56
8712,2904,3,28,1,68.36,68.36
8713,2905,1,109,2,179.33,358.66
8714,2905,2,14,3,49.18,147.54
8715,2905,3,31,4,72.47,289.88
8716,2906,1,112,5,183.44,917.20
8717,2906,2,17,6,53.29,319.74
8718,2906,3,34,7,76.58,536.06
8719,2907,1,3,8,34.11,272.88
8720,2907,2,20,1,57.40,57.40
8721,2907,3,37,2,80.69,161.38
8722,2908,1,6,3,38.22,114.66
8723,2908,2,23,4,61.51,246.04
8724,2908,3,40,5,84.80,424.00
8725,2909,1,9,6,42.33,253.98
8726,2909,2,26,7,65.62,459.34
8727,2909,3,43,8,88.91,711.28
8728,2910,1,12,1,46.44,46.44
8729,2910,2,29,2,69.73,139.46
8730,2910,3,46,3,93.02,279.06
8731,2911,1,15,4,50.55,202.20
8732,2911,2,32,5,73.84,369.20
8733,2911,3,49,6,97.13,582.78
8734,2912,1,18,7,54.66,382.62
8735,2912,2,35,8,77.95,623.60
8736,2912,3,52,1,101.24,101.24
8737,2913,1,21,2,58.77,117.54
8738,2913,2,38,3,82.06,246.18
8739,2913,3,55,4,105.35,421.40
8740,2914,1,24,5,62.88,314.40
8741,2914,2,41,6,86.17,517.02
8742,2914,3,58,7,109.46,766.22
8743,2915,1,27,8,66.99,535.92
8744,2915,2,44,1,90.28,90.28
8745,2915,3,61,2,113.57,227.14
8746,2916,1,30,3,71.10,213.30
8747,2916,2,47,4,94.39,377.56
8748,2916,3,64,5,117.68,588.40
8749,2917,1,33,6,75.21,451.26
8750,2917,2,50,7,98.50,689.50
8751,2917,3,67,8,121.79,974.32
8752,2918,1,36,1,79.32,79.32
8753,2918,2,53,2,102.61,205.22
8754,2918,3,70,3,125.90,377.70
8755,2919,1,39,4,83.43,333.72
8756,2919,2,56,5,106.72,533.60
8757,2919,3,73,6,130.01,780.06
8758,2920,1,42,7,87.54,612.78
8759,2920,2,59,8,110.83,886.64
8760,2920,3,76,1,134.12,134.12
8761,2921,1,45,2,91.65,183.30
8762,2921,2,62,3,114.94,344.82
8763,2921,3,79,4,138.23,552.92
8764,2922,1,48,5,95.76,478.80
8765,2922,2,65,6,119.05,714.30
8766,2922,3,82,7,142.34,996.38
8767,2923,1,51,8,99.87,798.96
8768,2923,2,68,1,123.16,123.16
8769,2923,3,85,2,146.45,292.90
8770,2924,1,54,3,103.98,311.94
8771,2924,2,71,4,127.27,509.08
8772,2924,3,88,5,150.56,752.80
8773,2925,1,57,6,108.09,648.54
8774,2925,2,74,7,131.38,919.66
8775,2925,3,91,8,154.67,1237.36
8776,2926,1,60,1,112.20,112.20
8777,2926,2,77,2,135.49,270.98
8778,2926,3,94,3,158.78,476.34
8779,2927,1,63,4,116.31,465.24
8780,2927,2,80,5,139.60,698.00
8781,2927,3,97,6,162.89,977.34
8782,2928,1,66,7,120.42,842.94
8783,2928,2,83,8,143.71,1149.68
8784,2928,3,100,1,167.00,167.00
8785,2929,1,69,2,124.53,249.06
8786,2929,2,86,3,147.82,443.46
8787,2929,3,103,4,171.11,684.44
8788,2930,1,72,5,128.64,643.20
8789,2930,2,89,6,151.93,911.58
8790,2930,3,106,7,175.22,1226.54
8791,2931,1,75,8,132.75,1062.00
8792,2931,2,92,1,156.04,156.04
8793,2931,3,109,2,179.33,358.66
8794,2932,1,78,3,136.86,410.58
8795,2932,2,95,4,160.15,640.60
8796,2932,3,112,5,183.44,917.20
8797,2933,1,81,6,140.97,845.82
8798,2933,2,98,7,164.26,1149.82
8799,2933,3,3,8,34.11,272.88
8800,2934,1,84,1,145.08,145.08
8801,2934,2,101,2,168.37,336.74
8802,2934,3,6,3,38.22,114.66
8803,2935,1,87,4,149.19,596.76
8804,2935,2,104,5,172.48,862.40
8805,2935,3,9,6,42.33,253.98
8806,2936,1,90,7,153.30,1073.10
8807,2936,2,107,8,176.59,1412.72
8808,2936,3,12,1,46.44,46.44
8809,2937,1,93,2,157.41,314.82
8810,2937,2,110,3,180.70,542.10
8811,2937,3,15,4,50.55,202.20
8812,2938,1,96,5,161.52,807.60
8813,2938,2,1,6,31.37,188.22
8814,2938,3,18,7,54.66,382.62
8815,2939,1,99,8,165.63,1325.04
8816,2939,2,4,1,35.48,35.48
8817,2939,3,21,2,58.77,117.54
8818,2940,1,102,3,169.74,509.22
8819,2940,2,7,4,39.59,158.36
8820,2940,3,24,5,62.88,314.40
8821,2941,1,105,6,173.85,1043.10
8822,2941,2,10,7,43.70,305.90
8823,2941,3,27,8,66.99,535.92
8824,2942,1,108,1,177.96,177.96
8825,2942,2,13,2,47.81,95.62
8826,2942,3,30,3,71.10,213.30
8827,2943,1,111,4,182.07,728.28
8828,2943,2,16,5,51.92,259.60
8829,2943,3,33,6,75.21,451.26
8830,2944,1,2,7,32.74,229.18
8831,2944,2,19,8,56.03,448.24
8832,2944,3,36,1,79.32,79.32
8833,2945,1,5,2,36.85,73.70
8834,2945,2,22,3,60.14,180.42
8835,2945,3,39,4,83.43,333.72
8836,2946,1,8,5,40.96,204.80
8837,2946,2,25,6,64.25,385.50
8838,2946,3,42,7,87.54,612.78
8839,2947,1,11,8,45.07,360.56
8840,2947,2,28,1,68.36,68.36
8841,2947,3,45,2,91.65,183.30
8842,2948,1,14,3,49.18,147.54
8843,2948,2,31,4,72.47,289.88
8844,2948,3,48,5,95.76,478.80
8845,2949,1,17,6,53.29,319.74
8846,2949,2,34,7,76.58,536.06
8847,2949,3,51,8,99.87,798.96
8848,2950,1,20,1,57.40,57.40
8849,2950,2,37,2,80.69,161.38
8850,2950,3,54,3,103.98,311.94
8851,2951,1,23,4,61.51,246.04
8852,2951,2,40,5,84.80,424.00
8853,2951,3,57,6,108.09,648.54
8854,2952,1,26,7,65.62,459.34
8855,2952,2,43,8,88.91,711.28
8856,2952,3,60,1,112.20,112.20
8857,2953,1,29,2,69.73,139.46
8858,2953,2,46,3,93.02,279.06
8859,2953,3,63,4,116.31,465.24
8860,2954,1,32,5,73.84,369.20
8861,2954,2,49,6,97.13,582.78
8862,2954,3,66,7,120.42,842.94
8863,2955,1,35,8,77.95,623.60
8864,2955,2,52,1,101.24,101.24
8865,2955,3,69,2,124.53,249.06
8866,2956,1,38,3,82.06,246.18
8867,2956,2,55,4,105.35,421.40
8868,2956,3,72,5,128.64,643.20
8869,2957,1,41,6,86.17,517.02
8870,2957,2,58,7,109.46,766.22
8871,2957,3,75,8,132.75,1062.00
8872,2958,1,44,1,90.28,90.28
8873,2958,2,61,2,113.57,227.14
8874,2958,3,78,3,136.86,410.58
8875,2959,1,47,4,94.39,377.56
8876,2959,2,64,5,117.68,588.40
8877,2959,3,81,6,140.97,845.82
8878,2960,1,50,7,98.50,689.50
8879,2960,2,67,8,121.79,974.32
8880,2960,3,84,1,145.08,145.08
8881,2961,1,53,2,102.61,205.22
8882,2961,2,70,3,125.90,377.70
8883,2961,3,87,4,149.19,596.76
8884,2962,1,56,5,106.72,533.60
8885,2962,2,73,6,130.01,780.06
8886,2962,3,90,7,153.30,1073.10
8887,2963,1,59,8,110.83,886.64
8888,2963,2,76,1,134.12,134.12
8889,2963,3,93,2,157.41,314.82
8890,2964,1,62,3,114.94,344.82
8891,2964,2,79,4,138.23,552.92
8892,2964,3,96,5,161.52,807.60
8893,2965,1,65,6,119.05,714.30
8894,2965,2,82,7,142.34,996.38
8895,2965,3,99,8,165.63,1325.04
8896,2966,1,68,1,123.16,123.16
8897,2966,2,85,2,146.45,292.90
8898,2966,3,102,3,169.74,509.22
8899,2967,1,71,4,127.27,509.08
8900,2967,2,88,5,150.56,752.80
8901,2967,3,105,6,173.85,1043.10
8902,2968,1,74,7,131.38,919.66
8903,2968,2,91,8,154.67,1237.36
8904,2968,3,108,1,177.96,177.96
8905,2969,1,77,2,135.49,270.98
8906,2969,2,94,3,158.78,476.34
8907,2969,3,111,4,182.07,728.28
8908,2970,1,80,5,139.60,698.00
8909,2970,2,97,6,162.89,977.34
8910,2970,3,2,7,32.74,229.18
8911,2971,1,83,8,143.71,1149.68
8912,2971,2,100,1,167.00,167.00
8913,2971,3,5,2,36.85,73.70
8914,2972,1,86,3,147.82,443.46
8915,2972,2,103,4,171.11,684.44
8916,2972,3,8,5,40.96,204.80
8917,2973,1,89,6,151.93,911.58
8918,2973,2,106,7,175.22,1226.54
8919,2973,3,11,8,45.07,360.56
8920,2974,1,92,1,156.04,156.04
8921,2974,2,109,2,179.33,358.66
8922,2974,3,14,3,49.18,147.54
8923,2975,1,95,4,160.15,640.60
8924,2975,2,112,5,183.44,917.20
8925,2975,3,17,6,53.29,319.74
8926,2976,1,98,7,164.26,1149.82
8927,2976,2,3,8,34.11,272.88
8928,2976,3,20,1,57.40,57.40
8929,2977,1,101,2,168.37,336.74
8930,2977,2,6,3,38.22,114.66
8931,2977,3,23,4,61.51,246.04
8932,2978,1,104,5,172.48,862.40
8933,2978,2,9,6,42.33,253.98
8934,2978,3,26,7,65.62,459.34
8935,2979,1,107,8,176.59,1412.72
8936,2979,2,12,1,46.44,46.44
8937,2979,3,29,2,69.73,139.46
8938,2980,1,110,3,180.70,542.10
8939,2980,2,15,4,50.55,202.20
8940,2980,3,32,5,73.84,369.20
8941,2981,1,1,6,31.37,188.22
8942,2981,2,18,7,54.66,382.62
8943,2981,3,35,8,77.95,623.60
8944,2982,1,4,1,35.48,35.48
8945,2982,2,21,2,58.77,117.54
8946,2982,3,38,3,82.06,246.18
8947,2983,1,7,4,39.59,158.36
8948,2983,2,24,5,62.88,314.40
8949,2983,3,41,6,86.17,517.02
8950,2984,1,10,7,43.70,305.90
8951,2984,2,27,8,66.99,535.92
8952,2984,3,44,1,90.28,90.28
8953,2985,1,13,2,47.81,95.62
8954,2985,2,30,3,71.10,213.30
8955,2985,3,47,4,94.39,377.56
8956,2986,1,16,5,51.92,259.60
8957,2986,2,33,6,75.21,451.26
8958,2986,3,50,7,98.50,689.50
8959,2987,1,19,8,56.03,448.24
8960,2987,2,36,1,79.32,79.32
8961,2987,3,53,2,102.61,205.22
8962,2988,1,22,3,60.14,180.42
8963,2988,2,39,4,83.43,333.72
8964,2988,3,56,5,106.72,533.60
8965,2989,1,25,6,64.25,385.50
8966,2989,2,42,7,87.54,612.78
8967,2989,3,59,8,110.83,886.64
8968,2990,1,28,1,68.36,68.36
8969,2990,2,45,2,91.65,183.30
8970,2990,3,62,3,114.94,344.82
8971,2991,1,31,4,72.47,289.88
8972,2991,2,48,5,95.76,478.80
8973,2991,3,65,6,119.05,714.30
8974,2992,1,34,7,76.58,536.06
8975,2992,2,51,8,99.87,798.96
8976,2992,3,68,1,123.16,123.16
8977,2993,1,37,2,80.69,161.38
8978,2993,2,54,3,103.98,311.94
8979,2993,3,71,4,127.27,509.08
8980,2994,1,40,5,84.80,424.00
8981,2994,2,57,6,108.09,648.54
8982,2994,3,74,7,131.38,919.66
8983,2995,1,43,8,88.91,711.28
8984,2995,2,60,1,112.20,112.20
8985,2995,3,77,2,135.49,270.98
8986,2996,1,46,3,93.02,279.06
8987,2996,2,63,4,116.31,465.24
8988,2996,3,80,5,139.60,698.00
8989,2997,1,49,6,97.13,582.78
8990,2997,2,66,7,120.42,842.94
8991,2997,3,83,8,143.71,1149.68
8992,2998,1,52,1,101.24,101.24
8993,2998,2,69,2,124.53,249.06
8994,2998,3,86,3,147.82,443.46
8995,2999,1,55,4,105.35,421.40
8996,2999,2,72,5,128.64,643.20
8997,2999,3,89,6,151.93,911.58
8998,3000,1,58,7,109.46,766.22
8999,3000,2,75,8,132.75,1062.00
9000,3000,3,92,1,156.04,156.04
9001,3001,1,61,2,113.57,227.14
9002,3001,2,78,3,136.86,410.58
9003,3001,3,95,4,160.15,640.60
9004,3002,1,64,5,117.68,588.40
9005,3002,2,81,6,140.97,845.82
9006,3002,3,98,7,164.26,1149.82
9007,3003,1,67,8,121.79,974.32
9008,3003,2,84,1,145.08,145.08
9009,3003,3,101,2,168.37,336.74
9010,3004,1,70,3,125.90,377.70
9011,3004,2,87,4,149.19,596.76
9012,3004,3,104,5,172.48,862.40
9013,3005,1,73,6,130.01,780.06
9014,3005,2,90,7,153.30,1073.10
9015,3005,3,107,8,176.59,1412.72
9016,3006,1,76,1,134.12,134.12
9017,3006,2,93,2,157.41,314.82
9018,3006,3,110,3,180.70,542.10
9019,3007,1,79,4,138.23,552.92
9020,3007,2,96,5,161.52,807.60
9021,3007,3,1,6,31.37,188.22
9022,3008,1,82,7,142.34,996.38
9023,3008,2,99,8,165.63,1325.04
9024,3008,3,4,1,35.48,35.48
9025,3009,1,85,2,146.45,292.90
9026,3009,2,102,3,169.74,509.22
9027,3009,3,7,4,39.59,158.36
9028,3010,1,88,5,150.56,752.80
9029,3010,2,105,6,173.85,1043.10
9030,3010,3,10,7,43.70,305.90
9031,3011,1,91,8,154.67,1237.36
9032,3011,2,108,1,177.96,177.96
9033,3011,3,13,2,47.81,95.62
9034,3012,1,94,3,158.78,476.34
9035,3012,2,111,4,182.07,728.28
9036,3012,3,16,5,51.92,259.60
9037,3013,1,97,6,162.89,977.34
9038,3013,2,2,7,32.74,229.18
9039,3013,3,19,8,56.03,448.24
9040,3014,1,100,1,167.00,167.00
9041,3014,2,5,2,36.85,73.70
9042,3014,3,22,3,60.14,180.42
9043,3015,1,103,4,171.11,684.44
9044,3015,2,8,5,40.96,204.80
9045,3015,3,25,6,64.25,385.50
9046,3016,1,106,7,175.22,1226.54
9047,3016,2,11,8,45.07,360.56
9048,3016,3,28,1,68.36,68.36
9049,3017,1,109,2,179.33,358.66
9050,3017,2,14,3,49.18,147.54
9051,3017,3,31,4,72.47,289.88
9052,3018,1,112,5,183.44,917.20
9053,3018,2,17,6,53.29,319.74
9054,3018,3,34,7,76.58,536.06
9055,3019,1,3,8,34.11,272.88
9056,3019,2,20,1,57.40,57.40
9057,3019,3,37,2,80.69,161.38
9058,3020,1,6,3,38.22,114.66
9059,3020,2,23,4,61.51,246.04
9060,3020,3,40,5,84.80,424.00
9061,3021,1,9,6,42.33,253.98
9062,3021,2,26,7,65.62,459.34
9063,3021,3,43,8,88.91,711.28
9064,3022,1,12,1,46.44,46.44
9065,3022,2,29,2,69.73,139.46
9066,3022,3,46,3,93.02,279.06
9067,3023,1,15,4,50.55,202.20
9068,3023,2,32,5,73.84,369.20
9069,3023,3,49,6,97.13,582.78
9070,3024,1,18,7,54.66,382.62
9071,3024,2,35,8,77.95,623.60
9072,3024,3,52,1,101.24,101.24
9073,3025,1,21,2,58.77,117.54
9074,3025,2,38,3,82.06,246.18
9075,3025,3,55,4,105.35,421.40
9076,3026,1,24,5,62.88,314.40
9077,3026,2,41,6,86.17,517.02
9078,3026,3,58,7,109.46,766.22
9079,3027,1,27,8,66.99,535.92
9080,3027,2,44,1,90.28,90.28
9081,3027,3,61,2,113.57,227.14
9082,3028,1,30,3,71.10,213.30
9083,3028,2,47,4,94.39,377.56
9084,3028,3,64,5,117.68,588.40
9085,3029,1,33,6,75.21,451.26
9086,3029,2,50,7,98.50,689.50
9087,3029,3,67,8,121.79,974.32
9088,3030,1,36,1,79.32,79.32
9089,3030,2,53,2,102.61,205.22
9090,3030,3,70,3,125.90,377.70
9091,3031,1,39,4,83.43,333.72
9092,3031,2,56,5,106.72,533.60
9093,3031,3,73,6,130.01,780.06
9094,3032,1,42,7,87.54,612.78
9095,3032,2,59,8,110.83,886.64
9096,3032,3,76,1,134.12,134.12
9097,3033,1,45,2,91.65,183.30
9098,3033,2,62,3,114.94,344.82
9099,3033,3,79,4,138.23,552.92
9100,3034,1,48,5,95.76,478.80
9101,3034,2,65,6,119.05,714.30
9102,3034,3,82,7,142.34,996.38
9103,3035,1,51,8,99.87,798.96
9104,3035,2,68,1,123.16,123.16
9105,3035,3,85,2,146.45,292.90
9106,3036,1,54,3,103.98,311.94
9107,3036,2,71,4,127.27,509.08
9108,3036,3,88,5,150.56,752.80
9109,3037,1,57,6,108.09,648.54
9110,3037,2,74,7,131.38,919.66
9111,3037,3,91,8,154.67,1237.36
9112,3038,1,60,1,112.20,112.20
9113,3038,2,77,2,135.49,270.98
9114,3038,3,94,3,158.78,476.34
9115,3039,1,63,4,116.31,465.24
9116,3039,2,80,5,139.60,698.00
9117,3039,3,97,6,162.89,977.34
9118,3040,1,66,7,120.42,842.94
9119,3040,2,83,8,143.71,1149.68
9120,3040,3,100,1,167.00,167.00
9121,3041,1,69,2,124.53,249.06
9122,3041,2,86,3,147.82,443.46
9123,3041,3,103,4,171.11,684.44
9124,3042,1,72,5,128.64,643.20
9125,3042,2,89,6,151.93,911.58
9126,3042,3,106,7,175.22,1226.54
9127,3043,1,75,8,132.75,1062.00
9128,3043,2,92,1,156.04,156.04
9129,3043,3,109,2,179.33,358.66
9130,3044,1,78,3,136.86,410.58
9131,3044,2,95,4,160.15,640.60
9132,3044,3,112,5,183.44,917.20
9133,3045,1,81,6,140.97,845.82
9134,3045,2,98,7,164.26,1149.82
9135,3045,3,3,8,34.11,272.88
9136,3046,1,84,1,145.08,145.08
9137,3046,2,101,2,168.37,336.74
9138,3046,3,6,3,38.22,114.66
9139,3047,1,87,4,149.19,596.76
9140,3047,2,104,5,172.48,862.40
9141,3047,3,9,6,42.33,253.98
9142,3048,1,90,7,153.30,1073.10
9143,3048,2,107,8,176.59,1412.72
9144,3048,3,12,1,46.44,46.44
9145,3049,1,93,2,157.41,314.82
9146,3049,2,110,3,180.70,542.10
9147,3049,3,15,4,50.55,202.20
9148,3050,1,96,5,161.52,807.60
9149,3050,2,1,6,31.37,188.22
9150,3050,3,18,7,54.66,382.62
9151,3051,1,99,8,165.63,1325.04
9152,3051,2,4,1,35.48,35.48
9153,3051,3,21,2,58.77,117.54
9154,3052,1,102,3,169.74,509.22
9155,3052,2,7,4,39.59,158.36
9156,3052,3,24,5,62.88,314.40
9157,3053,1,105,6,173.85,1043.10
9158,3053,2,10,7,43.70,305.90
9159,3053,3,27,8,66.99,535.92
9160,3054,1,108,1,177.96,177.96
9161,3054,2,13,2,47.81,95.62
9162,3054,3,30,3,71.10,213.30
9163,3055,1,111,4,182.07,728.28
9164,3055,2,16,5,51.92,259.60
9165,3055,3,33,6,75.21,451.26
9166,3056,1,2,7,32.74,229.18
9167,3056,2,19,8,56.03,448.24
9168,3056,3,36,1,79.32,79.32
9169,3057,1,5,2,36.85,73.70
9170,3057,2,22,3,60.14,180.42
9171,3057,3,39,4,83.43,333.72
9172,3058,1,8,5,40.96,204.80
9173,3058,2,25,6,64.25,385.50
9174,3058,3,42,7,87.54,612.78
9175,3059,1,11,8,45.07,360.56
9176,3059,2,28,1,68.36,68.36
9177,3059,3,45,2,91.65,183.30
9178,3060,1,14,3,49.18,147.54
9179,3060,2,31,4,72.47,289.88
9180,3060,3,48,5,95.76,478.80
9181,3061,1,17,6,53.29,319.74
9182,3061,2,34,7,76.58,536.06
9183,3061,3,51,8,99.87,798.96
9184,3062,1,20,1,57.40,57.40
9185,3062,2,37,2,80.69,161.38
9186,3062,3,54,3,103.98,311.94
9187,3063,1,23,4,61.51,246.04
9188,3063,2,40,5,84.80,424.00
9189,3063,3,57,6,108.09,648.54
9190,3064,1,26,7,65.62,459.34
9191,3064,2,43,8,88.91,711.28
9192,3064,3,60,1,112.20,112.20
9193,3065,1,29,2,69.73,139.46
9194,3065,2,46,3,93.02,279.06
9195,3065,3,63,4,116.31,465.24
9196,3066,1,32,5,73.84,369.20
9197,3066,2,49,6,97.13,582.78
9198,3066,3,66,7,120.42,842.94
9199,3067,1,35,8,77.95,623.60
9200,3067,2,52,1,101.24,101.24
9201,3067,3,69,2,124.53,249.06
9202,3068,1,38,3,82.06,246.18
9203,3068,2,55,4,105.35,421.40
9204,3068,3,72,5,128.64,643.20
9205,3069,1,41,6,86.17,517.02
9206,3069,2,58,7,109.46,766.22
9207,3069,3,75,8,132.75,1062.00
9208,3070,1,44,1,90.28,90.28
9209,3070,2,61,2,113.57,227.14
9210,3070,3,78,3,136.86,410.58
9211,3071,1,47,4,94.39,377.56
9212,3071,2,64,5,117.68,588.40
9213,3071,3,81,6,140.97,845.82
9214,3072,1,50,7,98.50,689.50
9215,3072,2,67,8,121.79,974.32
9216,3072,3,84,1,145.08,145.08
9217,3073,1,53,2,102.61,205.22
9218,3073,2,70,3,125.90,377.70
9219,3073,3,87,4,149.19,596.76
9220,3074,1,56,5,106.72,533.60
9221,3074,2,73,6,130.01,780.06
9222,3074,3,90,7,153.30,1073.10
9223,3075,1,59,8,110.83,886.64
9224,3075,2,76,1,134.12,134.12
9225,3075,3,93,2,157.41,314.82
9226,3076,1,62,3,114.94,344.82
9227,3076,2,79,4,138.23,552.92
9228,3076,3,96,5,161.52,807.60
9229,3077,1,65,6,119.05,714.30
9230,3077,2,82,7,142.34,996.38
9231,3077,3,99,8,165.63,1325.04
9232,3078,1,68,1,123.16,123.16
9233,3078,2,85,2,146.45,292.90
9234,3078,3,102,3,169.74,509.22
9235,3079,1,71,4,127.27,509.08
9236,3079,2,88,5,150.56,752.80
9237,3079,3,105,6,173.85,1043.10
9238,3080,1,74,7,131.38,919.66
9239,3080,2,91,8,154.67,1237.36
9240,3080,3,108,1,177.96,177.96
9241,3081,1,77,2,135.49,270.98
9242,3081,2,94,3,158.78,476.34
9243,3081,3,111,4,182.07,728.28
9244,3082,1,80,5,139.60,698.00
9245,3082,2,97,6,162.89,977.34
9246,3082,3,2,7,32.74,229.18
9247,3083,1,83,8,143.71,1149.68
9248,3083,2,100,1,167.00,167.00
9249,3083,3,5,2,36.85,73.70
9250,3084,1,86,3,147.82,443.46
9251,3084,2,103,4,171.11,684.44
9252,3084,3,8,5,40.96,204.80
9253,3085,1,89,6,151.93,911.58
9254,3085,2,106,7,175.22,1226.54
9255,3085,3,11,8,45.07,360.56
9256,3086,1,92,1,156.04,156.04
9257,3086,2,109,2,179.33,358.66
9258,3086,3,14,3,49.18,147.54
9259,3087,1,95,4,160.15,640.60
9260,3087,2,112,5,183.44,917.20
9261,3087,3,17,6,53.29,319.74
9262,3088,1,98,7,164.26,1149.82
9263,3088,2,3,8,34.11,272.88
9264,3088,3,20,1,57.40,57.40
9265,3089,1,101,2,168.37,336.74
9266,3089,2,6,3,38.22,114.66
9267,3089,3,23,4,61.51,246.04
9268,3090,1,104,5,172.48,862.40
9269,3090,2,9,6,42.33,253.98
9270,3090,3,26,7,65.62,459.34
9271,3091,1,107,8,176.59,1412.72
9272,3091,2,12,1,46.44,46.44
9273,3091,3,29,2,69.73,139.46
9274,3092,1,110,3,180.70,542.10
9275,3092,2,15,4,50.55,202.20
9276,3092,3,32,5,73.84,369.20
9277,3093,1,1,6,31.37,188.22
9278,3093,2,18,7,54.66,382.62
9279,3093,3,35,8,77.95,623.60
9280,3094,1,4,1,35.48,35.48
9281,3094,2,21,2,58.77,117.54
9282,3094,3,38,3,82.06,246.18
9283,3095,1,7,4,39.59,158.36
9284,3095,2,24,5,62.88,314.40
9285,3095,3,41,6,86.17,517.02
9286,3096,1,10,7,43.70,305.90
9287,3096,2,27,8,66.99,535.92
9288,3096,3,44,1,90.28,90.28
9289,3097,1,13,2,47.81,95.62
9290,3097,2,30,3,71.10,213.30
9291,3097,3,47,4,94.39,377.56
9292,3098,1,16,5,51.92,259.60
9293,3098,2,33,6,75.21,451.26
9294,3098,3,50,7,98.50,689.50
9295,3099,1,19,8,56.03,448.24
9296,3099,2,36,1,79.32,79.32
9297,3099,3,53,2,102.61,205.22
9298,3100,1,22,3,60.14,180.42
9299,3100,2,39,4,83.43,333.72
9300,3100,3,56,5,106.72,533.60
9301,3101,1,25,6,64.25,385.50
9302,3101,2,42,7,87.54,612.78
9303,3101,3,59,8,110.83,886.64
9304,3102,1,28,1,68.36,68.36
9305,3102,2,45,2,91.65,183.30
9306,3102,3,62,3,114.94,344.82
9307,3103,1,31,4,72.47,289.88
9308,3103,2,48,5,95.76,478.80
9309,3103,3,65,6,119.05,714.30
9310,3104,1,34,7,76.58,536.06
9311,3104,2,51,8,99.87,798.96
9312,3104,3,68,1,123.16,123.16
9313,3105,1,37,2,80.69,161.38
9314,3105,2,54,3,103.98,311.94
9315,3105,3,71,4,127.27,509.08
9316,3106,1,40,5,84.80,424.00
9317,3106,2,57,6,108.09,648.54
9318,3106,3,74,7,131.38,919.66
9319,3107,1,43,8,88.91,711.28
9320,3107,2,60,1,112.20,112.20
9321,3107,3,77,2,135.49,270.98
9322,3108,1,46,3,93.02,279.06
9323,3108,2,63,4,116.31,465.24
9324,3108,3,80,5,139.60,698.00
9325,3109,1,49,6,97.13,582.78
9326,3109,2,66,7,120.42,842.94
9327,3109,3,83,8,143.71,1149.68
9328,3110,1,52,1,101.24,101.24
9329,3110,2,69,2,124.53,249.06
9330,3110,3,86,3,147.82,443.46
9331,3111,1,55,4,105.35,421.40
9332,3111,2,72,5,128.64,643.20
9333,3111,3,89,6,151.93,911.58
9334,3112,1,58,7,109.46,766.22
9335,3112,2,75,8,132.75,1062.00
9336,3112,3,92,1,156.04,156.04
9337,3113,1,61,2,113.57,227.14
9338,3113,2,78,3,136.86,410.58
9339,3113,3,95,4,160.15,640.60
9340,3114,1,64,5,117.68,588.40
9341,3114,2,81,6,140.97,845.82
9342,3114,3,98,7,164.26,1149.82
9343,3115,1,67,8,121.79,974.32
9344,3115,2,84,1,145.08,145.08
9345,3115,3,101,2,168.37,336.74
9346,3116,1,70,3,125.90,377.70
9347,3116,2,87,4,149.19,596.76
9348,3116,3,104,5,172.48,862.40
9349,3117,1,73,6,130.01,780.06
9350,3117,2,90,7,153.30,1073.10
9351,3117,3,107,8,176.59,1412.72
9352,3118,1,76,1,134.12,134.12
9353,3118,2,93,2,157.41,314.82
9354,3118,3,110,3,180.70,542.10
9355,3119,1,79,4,138.23,552.92
9356,3119,2,96,5,161.52,807.60
9357,3119,3,1,6,31.37,188.22
9358,3120,1,82,7,142.34,996.38
9359,3120,2,99,8,165.63,1325.04
9360,3120,3,4,1,35.48,35.48
9361,3121,1,85,2,146.45,292.90
9362,3121,2,102,3,169.74,509.22
9363,3121,3,7,4,39.59,158.36
9364,3122,1,88,5,150.56,752.80
9365,3122,2,105,6,173.85,1043.10
9366,3122,3,10,7,43.70,305.90
9367,3123,1,91,8,154.67,1237.36
9368,3123,2,108,1,177.96,177.96
9369,3123,3,13,2,47.81,95.62
9370,3124,1,94,3,158.78,476.34
9371,3124,2,111,4,182.07,728.28
9372,3124,3,16,5,51.92,259.60
9373,3125,1,97,6,162.89,977.34
9374,3125,2,2,7,32.74,229.18
9375,3125,3,19,8,56.03,448.24
9376,3126,1,100,1,167.00,167.00
9377,3126,2,5,2,36.85,73.70
9378,3126,3,22,3,60.14,180.42
9379,3127,1,103,4,171.11,684.44
9380,3127,2,8,5,40.96,204.80
9381,3127,3,25,6,64.25,385.50
9382,3128,1,106,7,175.22,1226.54
9383,3128,2,11,8,45.07,360.56
9384,3128,3,28,1,68.36,68.36
9385,3129,1,109,2,179.33,358.66
9386,3129,2,14,3,49.18,147.54
9387,3129,3,31,4,72.47,289.88
9388,3130,1,112,5,183.44,917.20
9389,3130,2,17,6,53.29,319.74
9390,3130,3,34,7,76.58,536.06
9391,3131,1,3,8,34.11,272.88
9392,3131,2,20,1,57.40,57.40
9393,3131,3,37,2,80.69,161.38
9394,3132,1,6,3,38.22,114.66
9395,3132,2,23,4,61.51,246.04
9396,3132,3,40,5,84.80,424.00
9397,3133,1,9,6,42.33,253.98
9398,3133,2,26,7,65.62,459.34
9399,3133,3,43,8,88.91,711.28
9400,3134,1,12,1,46.44,46.44
9401,3134,2,29,2,69.73,139.46
9402,3134,3,46,3,93.02,279.06
9403,3135,1,15,4,50.55,202.20
9404,3135,2,32,5,73.84,369.20
9405,3135,3,49,6,97.13,582.78
9406,3136,1,18,7,54.66,382.62
9407,3136,2,35,8,77.95,623.60
9408,3136,3,52,1,101.24,101.24
9409,3137,1,21,2,58.77,117.54
9410,3137,2,38,3,82.06,246.18
9411,3137,3,55,4,105.35,421.40
9412,3138,1,24,5,62.88,314.40
9413,3138,2,41,6,86.17,517.02
9414,3138,3,58,7,109.46,766.22
9415,3139,1,27,8,66.99,535.92
9416,3139,2,44,1,90.28,90.28
9417,3139,3,61,2,113.57,227.14
9418,3140,1,30,3,71.10,213.30
9419,3140,2,47,4,94.39,377.56
9420,3140,3,64,5,117.68,588.40
9421,3141,1,33,6,75.21,451.26
9422,3141,2,50,7,98.50,689.50
9423,3141,3,67,8,121.79,974.32
9424,3142,1,36,1,79.32,79.32
9425,3142,2,53,2,102.61,205.22
9426,3142,3,70,3,125.90,377.70
9427,3143,1,39,4,83.43,333.72
9428,3143,2,56,5,106.72,533.60
9429,3143,3,73,6,130.01,780.06
9430,3144,1,42,7,87.54,612.78
9431,3144,2,59,8,110.83,886.64
9432,3144,3,76,1,134.12,134.12
9433,3145,1,45,2,91.65,183.30
9434,3145,2,62,3,114.94,344.82
9435,3145,3,79,4,138.23,552.92
9436,3146,1,48,5,95.76,478.80
9437,3146,2,65,6,119.05,714.30
9438,3146,3,82,7,142.34,996.38
9439,3147,1,51,8,99.87,798.96
9440,3147,2,68,1,123.16,123.16
9441,3147,3,85,2,146.45,292.90
9442,3148,1,54,3,103.98,311.94
9443,3148,2,71,4,127.27,509.08
9444,3148,3,88,5,150.56,752.80
9445,3149,1,57,6,108.09,648.54
9446,3149,2,74,7,131.38,919.66
9447,3149,3,91,8,154.67,1237.36
9448,3150,1,60,1,112.20,112.20
9449,3150,2,77,2,135.49,270.98
9450,3150,3,94,3,158.78,476.34
9451,3151,1,63,4,116.31,465.24
9452,3151,2,80,5,139.60,698.00
9453,3151,3,97,6,162.89,977.34
9454,3152,1,66,7,120.42,842.94
9455,3152,2,83,8,143.71,1149.68
9456,3152,3,100,1,167.00,167.00
9457,3153,1,69,2,124.53,249.06
9458,3153,2,86,3,147.82,443.46
9459,3153,3,103,4,171.11,684.44
9460,3154,1,72,5,128.64,643.20
9461,3154,2,89,6,151.93,911.58
9462,3154,3,106,7,175.22,1226.54
9463,3155,1,75,8,132.75,1062.00
9464,3155,2,92,1,156.04,156.04
9465,3155,3,109,2,179.33,358.66
9466,3156,1,78,3,136.86,410.58
9467,3156,2,95,4,160.15,640.60
9468,3156,3,112,5,183.44,917.20
9469,3157,1,81,6,140.97,845.82
9470,3157,2,98,7,164.26,1149.82
9471,3157,3,3,8,34.11,272.88
9472,3158,1,84,1,145.08,145.08
9473,3158,2,101,2,168.37,336.74
9474,3158,3,6,3,38.22,114.66
9475,3159,1,87,4,149.19,596.76
9476,3159,2,104,5,172.48,862.40
9477,3159,3,9,6,42.33,253.98
9478,3160,1,90,7,153.30,1073.10
9479,3160,2,107,8,176.59,1412.72
9480,3160,3,12,1,46.44,46.44
9481,3161,1,93,2,157.41,314.82
9482,3161,2,110,3,180.70,542.10
9483,3161,3,15,4,50.55,202.20
9484,3162,1,96,5,161.52,807.60
9485,3162,2,1,6,31.37,188.22
9486,3162,3,18,7,54.66,382.62
9487,3163,1,99,8,165.63,1325.04
9488,3163,2,4,1,35.48,35.48
9489,3163,3,21,2,58.77,117.54
9490,3164,1,102,3,169.74,509.22
9491,3164,2,7,4,39.59,158.36
9492,3164,3,24,5,62.88,314.40
9493,3165,1,105,6,173.85,1043.10
9494,3165,2,10,7,43.70,305.90
9495,3165,3,27,8,66.99,535.92
9496,3166,1,108,1,177.96,177.96
9497,3166,2,13,2,47.81,95.62
9498,3166,3,30,3,71.10,213.30
9499,3167,1,111,4,182.07,728.28
9500,3167,2,16,5,51.92,259.60
9501,3167,3,33,6,75.21,451.26
9502,3168,1,2,7,32.74,229.18
9503,3168,2,19,8,56.03,448.24
9504,3168,3,36,1,79.32,79.32
9505,3169,1,5,2,36.85,73.70
9506,3169,2,22,3,60.14,180.42
9507,3169,3,39,4,83.43,333.72
9508,3170,1,8,5,40.96,204.80
9509,3170,2,25,6,64.25,385.50
9510,3170,3,42,7,87.54,612.78
9511,3171,1,11,8,45.07,360.56
9512,3171,2,28,1,68.36,68.36
9513,3171,3,45,2,91.65,183.30
9514,3172,1,14,3,49.18,147.54
9515,3172,2,31,4,72.47,289.88
9516,3172,3,48,5,95.76,478.80
9517,3173,1,17,6,53.29,319.74
9518,3173,2,34,7,76.58,536.06
9519,3173,3,51,8,99.87,798.96
9520,3174,1,20,1,57.40,57.40
9521,3174,2,37,2,80.69,161.38
9522,3174,3,54,3,103.98,311.94
9523,3175,1,23,4,61.51,246.04
9524,3175,2,40,5,84.80,424.00
9525,3175,3,57,6,108.09,648.54
9526,3176,1,26,7,65.62,459.34
9527,3176,2,43,8,88.91,711.28
9528,3176,3,60,1,112.20,112.20
9529,3177,1,29,2,69.73,139.46
9530,3177,2,46,3,93.02,279.06
9531,3177,3,63,4,116.31,465.24
9532,3178,1,32,5,73.84,369.20
9533,3178,2,49,6,97.13,582.78
9534,3178,3,66,7,120.42,842.94
9535,3179,1,35,8,77.95,623.60
9536,3179,2,52,1,101.24,101.24
9537,3179,3,69,2,124.53,249.06
9538,3180,1,38,3,82.06,246.18
9539,3180,2,55,4,105.35,421.40
9540,3180,3,72,5,128.64,643.20
9541,3181,1,41,6,86.17,517.02
9542,3181,2,58,7,109.46,766.22
9543,3181,3,75,8,132.75,1062.00
9544,3182,1,44,1,90.28,90.28
9545,3182,2,61,2,113.57,227.14
9546,3182,3,78,3,136.86,410.58
9547,3183,1,47,4,94.39,377.56
9548,3183,2,64,5,117.68,588.40
9549,3183,3,81,6,140.97,845.82
9550,3184,1,50,7,98.50,689.50
9551,3184,2,67,8,121.79,974.32
9552,3184,3,84,1,145.08,145.08
9553,3185,1,53,2,102.61,205.22
9554,3185,2,70,3,125.90,377.70
9555,3185,3,87,4,149.19,596.76
9556,3186,1,56,5,106.72,533.60
9557,3186,2,73,6,130.01,780.06
9558,3186,3,90,7,153.30,1073.10
9559,3187,1,59,8,110.83,886.64
9560,3187,2,76,1,134.12,134.12
9561,3187,3,93,2,157.41,314.82
9562,3188,1,62,3,114.94,344.82
9563,3188,2,79,4,138.23,552.92
9564,3188,3,96,5,161.52,807.60
9565,3189,1,65,6,119.05,714.30
9566,3189,2,82,7,142.34,996.38
9567,3189,3,99,8,165.63,1325.04
9568,3190,1,68,1,123.16,123.16
9569,3190,2,85,2,146.45,292.90
9570,3190,3,102,3,169.74,509.22
9571,3191,1,71,4,127.27,509.08
9572,3191,2,88,5,150.56,752.80
9573,3191,3,105,6,173.85,1043.10
9574,3192,1,74,7,131.38,919.66
9575,3192,2,91,8,154.67,1237.36
9576,3192,3,108,1,177.96,177.96
9577,3193,1,77,2,135.49,270.98
9578,3193,2,94,3,158.78,476.34
9579,3193,3,111,4,182.07,728.28
9580,3194,1,80,5,139.60,698.00
9581,3194,2,97,6,162.89,977.34
9582,3194,3,2,7,32.74,229.18
9583,3195,1,83,8,143.71,1149.68
9584,3195,2,100,1,167.00,167.00
9585,3195,3,5,2,36.85,73.70
9586,3196,1,86,3,147.82,443.46
9587,3196,2,103,4,171.11,684.44
9588,3196,3,8,5,40.96,204.80
9589,3197,1,89,6,151.93,911.58
9590,3197,2,106,7,175.22,1226.54
9591,3197,3,11,8,45.07,360.56
9592,3198,1,92,1,156.04,156.04
9593,3198,2,109,2,179.33,358.66
9594,3198,3,14,3,49.18,147.54
9595,3199,1,95,4,160.15,640.60
9596,3199,2,112,5,183.44,917.20
9597,3199,3,17,6,53.29,319.74
9598,3200,1,98,7,164.26,1149.82
9599,3200,2,3,8,34.11,272.88
9600,3200,3,20,1,57.40,57.40
9601,3201,1,101,2,168.37,336.74
9602,3201,2,6,3,38.22,114.66
9603,3201,3,23,4,61.51,246.04
9604,3202,1,104,5,172.48,862.40
9605,3202,2,9,6,42.33,253.98
9606,3202,3,26,7,65.62,459.34
9607,3203,1,107,8,176.59,1412.72
9608,3203,2,12,1,46.44,46.44
9609,3203,3,29,2,69.73,139.46
9610,3204,1,110,3,180.70,542.10
9611,3204,2,15,4,50.55,202.20
9612,3204,3,32,5,73.84,369.20
9613,3205,1,1,6,31.37,188.22
9614,3205,2,18,7,54.66,382.62
9615,3205,3,35,8,77.95,623.60
9616,3206,1,4,1,35.48,35.48
9617,3206,2,21,2,58.77,117.54
9618,3206,3,38,3,82.06,246.18
9619,3207,1,7,4,39.59,158.36
9620,3207,2,24,5,62.88,314.40
9621,3207,3,41,6,86.17,517.02
9622,3208,1,10,7,43.70,305.90
9623,3208,2,27,8,66.99,535.92
9624,3208,3,44,1,90.28,90.28
9625,3209,1,13,2,47.81,95.62
9626,3209,2,30,3,71.10,213.30
9627,3209,3,47,4,94.39,377.56
9628,3210,1,16,5,51.92,259.60
9629,3210,2,33,6,75.21,451.26
9630,3210,3,50,7,98.50,689.50
9631,3211,1,19,8,56.03,448.24
9632,3211,2,36,1,79.32,79.32
9633,3211,3,53,2,102.61,205.22
9634,3212,1,22,3,60.14,180.42
9635,3212,2,39,4,83.43,333.72
9636,3212,3,56,5,106.72,533.60
9637,3213,1,25,6,64.25,385.50
9638,3213,2,42,7,87.54,612.78
9639,3213,3,59,8,110.83,886.64
9640,3214,1,28,1,68.36,68.36
9641,3214,2,45,2,91.65,183.30
9642,3214,3,62,3,114.94,344.82
9643,3215,1,31,4,72.47,289.88
9644,3215,2,48,5,95.76,478.80
9645,3215,3,65,6,119.05,714.30
9646,3216,1,34,7,76.58,536.06
9647,3216,2,51,8,99.87,798.96
9648,3216,3,68,1,123.16,123.16
9649,3217,1,37,2,80.69,161.38
9650,3217,2,54,3,103.98,311.94
9651,3217,3,71,4,127.27,509.08
9652,3218,1,40,5,84.80,424.00
9653,3218,2,57,6,108.09,648.54
9654,3218,3,74,7,131.38,919.66
9655,3219,1,43,8,88.91,711.28
9656,3219,2,60,1,112.20,112.20
9657,3219,3,77,2,135.49,270.98
9658,3220,1,46,3,93.02,279.06
9659,3220,2,63,4,116.31,465.24
9660,3220,3,80,5,139.60,698.00
9661,3221,1,49,6,97.13,582.78
9662,3221,2,66,7,120.42,842.94
9663,3221,3,83,8,143.71,1149.68
9664,3222,1,52,1,101.24,101.24
9665,3222,2,69,2,124.53,249.06
9666,3222,3,86,3,147.82,443.46
9667,3223,1,55,4,105.35,421.40
9668,3223,2,72,5,128.64,643.20
9669,3223,3,89,6,151.93,911.58
9670,3224,1,58,7,109.46,766.22
9671,3224,2,75,8,132.75,1062.00
9672,3224,3,92,1,156.04,156.04
9673,3225,1,61,2,113.57,227.14
9674,3225,2,78,3,136.86,410.58
9675,3225,3,95,4,160.15,640.60
9676,3226,1,64,5,117.68,588.40
9677,3226,2,81,6,140.97,845.82
9678,3226,3,98,7,164.26,1149.82
9679,3227,1,67,8,121.79,974.32
9680,3227,2,84,1,145.08,145.08
9681,3227,3,101,2,168.37,336.74
9682,3228,1,70,3,125.90,377.70
9683,3228,2,87,4,149.19,596.76
9684,3228,3,104,5,172.48,862.40
9685,3229,1,73,6,130.01,780.06
9686,3229,2,90,7,153.30,1073.10
9687,3229,3,107,8,176.59,1412.72
9688,3230,1,76,1,134.12,134.12
9689,3230,2,93,2,157.41,314.82
9690,3230,3,110,3,180.70,542.10
9691,3231,1,79,4,138.23,552.92
9692,3231,2,96,5,161.52,807.60
9693,3231,3,1,6,31.37,188.22
9694,3232,1,82,7,142.34,996.38
9695,3232,2,99,8,165.63,1325.04
9696,3232,3,4,1,35.48,35.48
9697,3233,1,85,2,146.45,292.90
9698,3233,2,102,3,169.74,509.22
9699,3233,3,7,4,39.59,158.36
9700,3234,1,88,5,150.56,752.80
9701,3234,2,105,6,173.85,1043.10
9702,3234,3,10,7,43.70,305.90
9703,3235,1,91,8,154.67,1237.36
9704,3235,2,108,1,177.96,177.96
9705,3235,3,13,2,47.81,95.62
9706,3236,1,94,3,158.78,476.34
9707,3236,2,111,4,182.07,728.28
9708,3236,3,16,5,51.92,259.60
9709,3237,1,97,6,162.89,977.34
9710,3237,2,2,7,32.74,229.18
9711,3237,3,19,8,56.03,448.24
9712,3238,1,100,1,167.00,167.00
9713,3238,2,5,2,36.85,73.70
9714,3238,3,22,3,60.14,180.42
9715,3239,1,103,4,171.11,684.44
9716,3239,2,8,5,40.96,204.80
9717,3239,3,25,6,64.25,385.50
9718,3240,1,106,7,175.22,1226.54
9719,3240,2,11,8,45.07,360.56
9720,3240,3,28,1,68.36,68.36
9721,3241,1,109,2,179.33,358.66
9722,3241,2,14,3,49.18,147.54
9723,3241,3,31,4,72.47,289.88
9724,3242,1,112,5,183.44,917.20
9725,3242,2,17,6,53.29,319.74
9726,3242,3,34,7,76.58,536.06
9727,3243,1,3,8,34.11,272.88
9728,3243,2,20,1,57.40,57.40
9729,3243,3,37,2,80.69,161.38
9730,3244,1,6,3,38.22,114.66
9731,3244,2,23,4,61.51,246.04
9732,3244,3,40,5,84.80,424.00
9733,3245,1,9,6,42.33,253.98
9734,3245,2,26,7,65.62,459.34
9735,3245,3,43,8,88.91,711.28
9736,3246,1,12,1,46.44,46.44
9737,3246,2,29,2,69.73,139.46
9738,3246,3,46,3,93.02,279.06
9739,3247,1,15,4,50.55,202.20
9740,3247,2,32,5,73.84,369.20
9741,3247,3,49,6,97.13,582.78
9742,3248,1,18,7,54.66,382.62
9743,3248,2,35,8,77.95,623.60
9744,3248,3,52,1,101.24,101.24
9745,3249,1,21,2,58.77,117.54
9746,3249,2,38,3,82.06,246.18
9747,3249,3,55,4,105.35,421.40
9748,3250,1,24,5,62.88,314.40
9749,3250,2,41,6,86.17,517.02
9750,3250,3,58,7,109.46,766.22
9751,3251,1,27,8,66.99,535.92
9752,3251,2,44,1,90.28,90.28
9753,3251,3,61,2,113.57,227.14
9754,3252,1,30,3,71.10,213.30
9755,3252,2,47,4,94.39,377.56
9756,3252,3,64,5,117.68,588.40
9757,3253,1,33,6,75.21,451.26
9758,3253,2,50,7,98.50,689.50
9759,3253,3,67,8,121.79,974.32
9760,3254,1,36,1,79.32,79.32
9761,3254,2,53,2,102.61,205.22
9762,3254,3,70,3,125.90,377.70
9763,3255,1,39,4,83.43,333.72
9764,3255,2,56,5,106.72,533.60
9765,3255,3,73,6,130.01,780.06
9766,3256,1,42,7,87.54,612.78
9767,3256,2,59,8,110.83,886.64
9768,3256,3,76,1,134.12,134.12
9769,3257,1,45,2,91.65,183.30
9770,3257,2,62,3,114.94,344.82
9771,3257,3,79,4,138.23,552.92
9772,3258,1,48,5,95.76,478.80
9773,3258,2,65,6,119.05,714.30
9774,3258,3,82,7,142.34,996.38
9775,3259,1,51,8,99.87,798.96
9776,3259,2,68,1,123.16,123.16
9777,3259,3,85,2,146.45,292.90
9778,3260,1,54,3,103.98,311.94
9779,3260,2,71,4,127.27,509.08
9780,3260,3,88,5,150.56,752.80
9781,3261,1,57,6,108.09,648.54
9782,3261,2,74,7,131.38,919.66
9783,3261,3,91,8,154.67,1237.36
9784,3262,1,60,1,112.20,112.20
9785,3262,2,77,2,135.49,270.98
9786,3262,3,94,3,158.78,476.34
9787,3263,1,63,4,116.31,465.24
9788,3263,2,80,5,139.60,698.00
9789,3263,3,97,6,162.89,977.34
9790,3264,1,66,7,120.42,842.94
9791,3264,2,83,8,143.71,1149.68
9792,3264,3,100,1,167.00,167.00
9793,3265,1,69,2,124.53,249.06
9794,3265,2,86,3,147.82,443.46
9795,3265,3,103,4,171.11,684.44
9796,3266,1,72,5,128.64,643.20
9797,3266,2,89,6,151.93,911.58
9798,3266,3,106,7,175.22,1226.54
9799,3267,1,75,8,132.75,1062.00
9800,3267,2,92,1,156.04,156.04
9801,3267,3,109,2,179.33,358.66
9802,3268,1,78,3,136.86,410.58
9803,3268,2,95,4,160.15,640.60
9804,3268,3,112,5,183.44,917.20
9805,3269,1,81,6,140.97,845.82
9806,3269,2,98,7,164.26,1149.82
9807,3269,3,3,8,34.11,272.88
9808,3270,1,84,1,145.08,145.08
9809,3270,2,101,2,168.37,336.74
9810,3270,3,6,3,38.22,114.66
9811,3271,1,87,4,149.19,596.76
9812,3271,2,104,5,172.48,862.40
9813,3271,3,9,6,42.33,253.98
9814,3272,1,90,7,153.30,1073.10
9815,3272,2,107,8,176.59,1412.72
9816,3272,3,12,1,46.44,46.44
9817,3273,1,93,2,157.41,314.82
9818,3273,2,110,3,180.70,542.10
9819,3273,3,15,4,50.55,202.20
9820,3274,1,96,5,161.52,807.60
9821,3274,2,1,6,31.37,188.22
9822,3274,3,18,7,54.66,382.62
9823,3275,1,99,8,165.63,1325.04
9824,3275,2,4,1,35.48,35.48
9825,3275,3,21,2,58.77,117.54
9826,3276,1,102,3,169.74,509.22
9827,3276,2,7,4,39.59,158.36
9828,3276,3,24,5,62.88,314.40
9829,3277,1,105,6,173.85,1043.10
9830,3277,2,10,7,43.70,305.90
9831,3277,3,27,8,66.99,535.92
9832,3278,1,108,1,177.96,177.96
9833,3278,2,13,2,47.81,95.62
9834,3278,3,30,3,71.10,213.30
9835,3279,1,111,4,182.07,728.28
9836,3279,2,16,5,51.92,259.60
9837,3279,3,33,6,75.21,451.26
9838,3280,1,2,7,32.74,229.18
9839,3280,2,19,8,56.03,448.24
9840,3280,3,36,1,79.32,79.32
9841,3281,1,5,2,36.85,73.70
9842,3281,2,22,3,60.14,180.42
9843,3281,3,39,4,83.43,333.72
9844,3282,1,8,5,40.96,204.80
9845,3282,2,25,6,64.25,385.50
9846,3282,3,42,7,87.54,612.78
9847,3283,1,11,8,45.07,360.56
9848,3283,2,28,1,68.36,68.36
9849,3283,3,45,2,91.65,183.30
9850,3284,1,14,3,49.18,147.54
9851,3284,2,31,4,72.47,289.88
9852,3284,3,48,5,95.76,478.80
9853,3285,1,17,6,53.29,319.74
9854,3285,2,34,7,76.58,536.06
9855,3285,3,51,8,99.87,798.96
9856,3286,1,20,1,57.40,57.40
9857,3286,2,37,2,80.69,161.38
9858,3286,3,54,3,103.98,311.94
9859,3287,1,23,4,61.51,246.04
9860,3287,2,40,5,84.80,424.00
9861,3287,3,57,6,108.09,648.54
9862,3288,1,26,7,65.62,459.34
9863,3288,2,43,8,88.91,711.28
9864,3288,3,60,1,112.20,112.20
9865,3289,1,29,2,69.73,139.46
9866,3289,2,46,3,93.02,279.06
9867,3289,3,63,4,116.31,465.24
9868,3290,1,32,5,73.84,369.20
9869,3290,2,49,6,97.13,582.78
9870,3290,3,66,7,120.42,842.94
9871,3291,1,35,8,77.95,623.60
9872,3291,2,52,1,101.24,101.24
9873,3291,3,69,2,124.53,249.06
9874,3292,1,38,3,82.06,246.18
9875,3292,2,55,4,105.35,421.40
9876,3292,3,72,5,128.64,643.20
9877,3293,1,41,6,86.17,517.02
9878,3293,2,58,7,109.46,766.22
9879,3293,3,75,8,132.75,1062.00
9880,3294,1,44,1,90.28,90.28
9881,3294,2,61,2,113.57,227.14
9882,3294,3,78,3,136.86,410.58
9883,3295,1,47,4,94.39,377.56
9884,3295,2,64,5,117.68,588.40
9885,3295,3,81,6,140.97,845.82
9886,3296,1,50,7,98.50,689.50
9887,3296,2,67,8,121.79,974.32
9888,3296,3,84,1,145.08,145.08
9889,3297,1,53,2,102.61,205.22
9890,3297,2,70,3,125.90,377.70
9891,3297,3,87,4,149.19,596.76
9892,3298,1,56,5,106.72,533.60
9893,3298,2,73,6,130.01,780.06
9894,3298,3,90,7,153.30,1073.10
9895,3299,1,59,8,110.83,886.64
9896,3299,2,76,1,134.12,134.12
9897,3299,3,93,2,157.41,314.82
9898,3300,1,62,3,114.94,344.82
9899,3300,2,79,4,138.23,552.92
9900,3300,3,96,5,161.52,807.60
9901,3301,1,65,6,119.05,714.30
9902,3301,2,82,7,142.34,996.38
9903,3301,3,99,8,165.63,1325.04
9904,3302,1,68,1,123.16,123.16
9905,3302,2,85,2,146.45,292.90
9906,3302,3,102,3,169.74,509.22
9907,3303,1,71,4,127.27,509.08
9908,3303,2,88,5,150.56,752.80
9909,3303,3,105,6,173.85,1043.10
9910,3304,1,74,7,131.38,919.66
9911,3304,2,91,8,154.67,1237.36
9912,3304,3,108,1,177.96,177.96
9913,3305,1,77,2,135.49,270.98
9914,3305,2,94,3,158.78,476.34
9915,3305,3,111,4,182.07,728.28
9916,3306,1,80,5,139.60,698.00
9917,3306,2,97,6,162.89,977.34
9918,3306,3,2,7,32.74,229.18
9919,3307,1,83,8,143.71,1149.68
9920,3307,2,100,1,167.00,167.00
9921,3307,3,5,2,36.85,73.70
9922,3308,1,86,3,147.82,443.46
9923,3308,2,103,4,171.11,684.44
9924,3308,3,8,5,40.96,204.80
9925,3309,1,89,6,151.93,911.58
9926,3309,2,106,7,175.22,1226.54
9927,3309,3,11,8,45.07,360.56
9928,3310,1,92,1,156.04,156.04
9929,3310,2,109,2,179.33,358.66
9930,3310,3,14,3,49.18,147.54
9931,3311,1,95,4,160.15,640.60
9932,3311,2,112,5,183.44,917.20
9933,3311,3,17,6,53.29,319.74
9934,3312,1,98,7,164.26,1149.82
9935,3312,2,3,8,34.11,272.88
9936,3312,3,20,1,57.40,57.40
9937,3313,1,101,2,168.37,336.74
9938,3313,2,6,3,38.22,114.66
9939,3313,3,23,4,61.51,246.04
9940,3314,1,104,5,172.48,862.40
9941,3314,2,9,6,42.33,253.98
9942,3314,3,26,7,65.62,459.34
9943,3315,1,107,8,176.59,1412.72
9944,3315,2,12,1,46.44,46.44
9945,3315,3,29,2,69.73,139.46
9946,3316,1,110,3,180.70,542.10
9947,3316,2,15,4,50.55,202.20
9948,3316,3,32,5,73.84,369.20
9949,3317,1,1,6,31.37,188.22
9950,3317,2,18,7,54.66,382.62
9951,3317,3,35,8,77.95,623.60
9952,3318,1,4,1,35.48,35.48
9953,3318,2,21,2,58.77,117.54
9954,3318,3,38,3,82.06,246.18
9955,3319,1,7,4,39.59,158.36
9956,3319,2,24,5,62.88,314.40
9957,3319,3,41,6,86.17,517.02
9958,3320,1,10,7,43.70,305.90
9959,3320,2,27,8,66.99,535.92
9960,3320,3,44,1,90.28,90.28
9961,3321,1,13,2,47.81,95.62
9962,3321,2,30,3,71.10,213.30
9963,3321,3,47,4,94.39,377.56
9964,3322,1,16,5,51.92,259.60
9965,3322,2,33,6,75.21,451.26
9966,3322,3,50,7,98.50,689.50
9967,3323,1,19,8,56.03,448.24
9968,3323,2,36,1,79.32,79.32
9969,3323,3,53,2,102.61,205.22
9970,3324,1,22,3,60.14,180.42
9971,3324,2,39,4,83.43,333.72
9972,3324,3,56,5,106.72,533.60
9973,3325,1,25,6,64.25,385.50
9974,3325,2,42,7,87.54,612.78
9975,3325,3,59,8,110.83,886.64
9976,3326,1,28,1,68.36,68.36
9977,3326,2,45,2,91.65,183.30
9978,3326,3,62,3,114.94,344.82
9979,3327,1,31,4,72.47,289.88
9980,3327,2,48,5,95.76,478.80
9981,3327,3,65,6,119.05,714.30
9982,3328,1,34,7,76.58,536.06
9983,3328,2,51,8,99.87,798.96
9984,3328,3,68,1,123.16,123.16
9985,3329,1,37,2,80.69,161.38
9986,3329,2,54,3,103.98,311.94
9987,3329,3,71,4,127.27,509.08
9988,3330,1,40,5,84.80,424.00
9989,3330,2,57,6,108.09,648.54
9990,3330,3,74,7,131.38,919.66
9991,3331,1,43,8,88.91,711.28
9992,3331,2,60,1,112.20,112.20
9993,3331,3,77,2,135.49,270.98
9994,3332,1,46,3,93.02,279.06
9995,3332,2,63,4,116.31,465.24
9996,3332,3,80,5,139.60,698.00
9997,3333,1,49,6,97.13,582.78
9998,3333,2,66,7,120.42,842.94
9999,3333,3,83,8,143.71,1149.68
10000,3334,1,52,1,101.24,101.24
10001,3334,2,69,2,124.53,249.06
10002,3334,3,86,3,147.82,443.46
10003,3335,1,55,4,105.35,421.40
10004,3335,2,72,5,128.64,643.20
10005,3335,3,89,6,151.93,911.58
10006,3336,1,58,7,109.46,766.22
10007,3336,2,75,8,132.75,1062.00
10008,3336,3,92,1,156.04,156.04
10009,3337,1,61,2,113.57,227.14
10010,3337,2,78,3,136.86,410.58
10011,3337,3,95,4,160.15,640.60
10012,3338,1,64,5,117.68,588.40
10013,3338,2,81,6,140.97,845.82
10014,3338,3,98,7,164.26,1149.82
10015,3339,1,67,8,121.79,974.32
10016,3339,2,84,1,145.08,145.08
10017,3339,3,101,2,168.37,336.74
10018,3340,1,70,3,125.90,377.70
10019,3340,2,87,4,149.19,596.76
10020,3340,3,104,5,172.48,862.40
10021,3341,1,73,6,130.01,780.06
10022,3341,2,90,7,153.30,1073.10
10023,3341,3,107,8,176.59,1412.72
10024,3342,1,76,1,134.12,134.12
10025,3342,2,93,2,157.41,314.82
10026,3342,3,110,3,180.70,542.10
10027,3343,1,79,4,138.23,552.92
10028,3343,2,96,5,161.52,807.60
10029,3343,3,1,6,31.37,188.22
10030,3344,1,82,7,142.34,996.38
10031,3344,2,99,8,165.63,1325.04
10032,3344,3,4,1,35.48,35.48
10033,3345,1,85,2,146.45,292.90
10034,3345,2,102,3,169.74,509.22
10035,3345,3,7,4,39.59,158.36
10036,3346,1,88,5,150.56,752.80
10037,3346,2,105,6,173.85,1043.10
10038,3346,3,10,7,43.70,305.90
10039,3347,1,91,8,154.67,1237.36
10040,3347,2,108,1,177.96,177.96
10041,3347,3,13,2,47.81,95.62
10042,3348,1,94,3,158.78,476.34
10043,3348,2,111,4,182.07,728.28
10044,3348,3,16,5,51.92,259.60
10045,3349,1,97,6,162.89,977.34
10046,3349,2,2,7,32.74,229.18
10047,3349,3,19,8,56.03,448.24
10048,3350,1,100,1,167.00,167.00
10049,3350,2,5,2,36.85,73.70
10050,3350,3,22,3,60.14,180.42
10051,3351,1,103,4,171.11,684.44
10052,3351,2,8,5,40.96,204.80
10053,3351,3,25,6,64.25,385.50
10054,3352,1,106,7,175.22,1226.54
10055,3352,2,11,8,45.07,360.56
10056,3352,3,28,1,68.36,68.36
10057,3353,1,109,2,179.33,358.66
10058,3353,2,14,3,49.18,147.54
10059,3353,3,31,4,72.47,289.88
10060,3354,1,112,5,183.44,917.20
10061,3354,2,17,6,53.29,319.74
10062,3354,3,34,7,76.58,536.06
10063,3355,1,3,8,34.11,272.88
10064,3355,2,20,1,57.40,57.40
10065,3355,3,37,2,80.69,161.38
10066,3356,1,6,3,38.22,114.66
10067,3356,2,23,4,61.51,246.04
10068,3356,3,40,5,84.80,424.00
10069,3357,1,9,6,42.33,253.98
10070,3357,2,26,7,65.62,459.34
10071,3357,3,43,8,88.91,711.28
10072,3358,1,12,1,46.44,46.44
10073,3358,2,29,2,69.73,139.46
10074,3358,3,46,3,93.02,279.06
10075,3359,1,15,4,50.55,202.20
10076,3359,2,32,5,73.84,369.20
10077,3359,3,49,6,97.13,582.78
10078,3360,1,18,7,54.66,382.62
10079,3360,2,35,8,77.95,623.60
10080,3360,3,52,1,101.24,101.24
10081,3361,1,21,2,58.77,117.54
10082,3361,2,38,3,82.06,246.18
10083,3361,3,55,4,105.35,421.40
10084,3362,1,24,5,62.88,314.40
10085,3362,2,41,6,86.17,517.02
10086,3362,3,58,7,109.46,766.22
10087,3363,1,27,8,66.99,535.92
10088,3363,2,44,1,90.28,90.28
10089,3363,3,61,2,113.57,227.14
10090,3364,1,30,3,71.10,213.30
10091,3364,2,47,4,94.39,377.56
10092,3364,3,64,5,117.68,588.40
10093,3365,1,33,6,75.21,451.26
10094,3365,2,50,7,98.50,689.50
10095,3365,3,67,8,121.79,974.32
10096,3366,1,36,1,79.32,79.32
10097,3366,2,53,2,102.61,205.22
10098,3366,3,70,3,125.90,377.70
10099,3367,1,39,4,83.43,333.72
10100,3367,2,56,5,106.72,533.60
10101,3367,3,73,6,130.01,780.06
10102,3368,1,42,7,87.54,612.78
10103,3368,2,59,8,110.83,886.64
10104,3368,3,76,1,134.12,134.12
10105,3369,1,45,2,91.65,183.30
10106,3369,2,62,3,114.94,344.82
10107,3369,3,79,4,138.23,552.92
10108,3370,1,48,5,95.76,478.80
10109,3370,2,65,6,119.05,714.30
10110,3370,3,82,7,142.34,996.38
10111,3371,1,51,8,99.87,798.96
10112,3371,2,68,1,123.16,123.16
10113,3371,3,85,2,146.45,292.90
10114,3372,1,54,3,103.98,311.94
10115,3372,2,71,4,127.27,509.08
10116,3372,3,88,5,150.56,752.80
10117,3373,1,57,6,108.09,648.54
10118,3373,2,74,7,131.38,919.66
10119,3373,3,91,8,154.67,1237.36
10120,3374,1,60,1,112.20,112.20
10121,3374,2,77,2,135.49,270.98
10122,3374,3,94,3,158.78,476.34
10123,3375,1,63,4,116.31,465.24
10124,3375,2,80,5,139.60,698.00
10125,3375,3,97,6,162.89,977.34
10126,3376,1,66,7,120.42,842.94
10127,3376,2,83,8,143.71,1149.68
10128,3376,3,100,1,167.00,167.00
10129,3377,1,69,2,124.53,249.06
10130,3377,2,86,3,147.82,443.46
10131,3377,3,103,4,171.11,684.44
10132,3378,1,72,5,128.64,643.20
10133,3378,2,89,6,151.93,911.58
10134,3378,3,106,7,175.22,1226.54
10135,3379,1,75,8,132.75,1062.00
10136,3379,2,92,1,156.04,156.04
10137,3379,3,109,2,179.33,358.66
10138,3380,1,78,3,136.86,410.58
10139,3380,2,95,4,160.15,640.60
10140,3380,3,112,5,183.44,917.20
10141,3381,1,81,6,140.97,845.82
10142,3381,2,98,7,164.26,1149.82
10143,3381,3,3,8,34.11,272.88
10144,3382,1,84,1,145.08,145.08
10145,3382,2,101,2,168.37,336.74
10146,3382,3,6,3,38.22,114.66
10147,3383,1,87,4,149.19,596.76
10148,3383,2,104,5,172.48,862.40
10149,3383,3,9,6,42.33,253.98
10150,3384,1,90,7,153.30,1073.10
10151,3384,2,107,8,176.59,1412.72
10152,3384,3,12,1,46.44,46.44
10153,3385,1,93,2,157.41,314.82
10154,3385,2,110,3,180.70,542.10
10155,3385,3,15,4,50.55,202.20
10156,3386,1,96,5,161.52,807.60
10157,3386,2,1,6,31.37,188.22
10158,3386,3,18,7,54.66,382.62
10159,3387,1,99,8,165.63,1325.04
10160,3387,2,4,1,35.48,35.48
10161,3387,3,21,2,58.77,117.54
10162,3388,1,102,3,169.74,509.22
10163,3388,2,7,4,39.59,158.36
10164,3388,3,24,5,62.88,314.40
10165,3389,1,105,6,173.85,1043.10
10166,3389,2,10,7,43.70,305.90
10167,3389,3,27,8,66.99,535.92
10168,3390,1,108,1,177.96,177.96
10169,3390,2,13,2,47.81,95.62
10170,3390,3,30,3,71.10,213.30
10171,3391,1,111,4,182.07,728.28
10172,3391,2,16,5,51.92,259.60
10173,3391,3,33,6,75.21,451.26
10174,3392,1,2,7,32.74,229.18
10175,3392,2,19,8,56.03,448.24
10176,3392,3,36,1,79.32,79.32
10177,3393,1,5,2,36.85,73.70
10178,3393,2,22,3,60.14,180.42
10179,3393,3,39,4,83.43,333.72
10180,3394,1,8,5,40.96,204.80
10181,3394,2,25,6,64.25,385.50
10182,3394,3,42,7,87.54,612.78
10183,3395,1,11,8,45.07,360.56
10184,3395,2,28,1,68.36,68.36
10185,3395,3,45,2,91.65,183.30
10186,3396,1,14,3,49.18,147.54
10187,3396,2,31,4,72.47,289.88
10188,3396,3,48,5,95.76,478.80
10189,3397,1,17,6,53.29,319.74
10190,3397,2,34,7,76.58,536.06
10191,3397,3,51,8,99.87,798.96
10192,3398,1,20,1,57.40,57.40
10193,3398,2,37,2,80.69,161.38
10194,3398,3,54,3,103.98,311.94
10195,3399,1,23,4,61.51,246.04
10196,3399,2,40,5,84.80,424.00
10197,3399,3,57,6,108.09,648.54
10198,3400,1,26,7,65.62,459.34
10199,3400,2,43,8,88.91,711.28
10200,3400,3,60,1,112.20,112.20
10201,3401,1,29,2,69.73,139.46
10202,3401,2,46,3,93.02,279.06
10203,3401,3,63,4,116.31,465.24
10204,3402,1,32,5,73.84,369.20
10205,3402,2,49,6,97.13,582.78
10206,3402,3,66,7,120.42,842.94
10207,3403,1,35,8,77.95,623.60
10208,3403,2,52,1,101.24,101.24
10209,3403,3,69,2,124.53,249.06
10210,3404,1,38,3,82.06,246.18
10211,3404,2,55,4,105.35,421.40
10212,3404,3,72,5,128.64,643.20
10213,3405,1,41,6,86.17,517.02
10214,3405,2,58,7,109.46,766.22
10215,3405,3,75,8,132.75,1062.00
10216,3406,1,44,1,90.28,90.28
10217,3406,2,61,2,113.57,227.14
10218,3406,3,78,3,136.86,410.58
10219,3407,1,47,4,94.39,377.56
10220,3407,2,64,5,117.68,588.40
10221,3407,3,81,6,140.97,845.82
10222,3408,1,50,7,98.50,689.50
10223,3408,2,67,8,121.79,974.32
10224,3408,3,84,1,145.08,145.08
10225,3409,1,53,2,102.61,205.22
10226,3409,2,70,3,125.90,377.70
10227,3409,3,87,4,149.19,596.76
10228,3410,1,56,5,106.72,533.60
10229,3410,2,73,6,130.01,780.06
10230,3410,3,90,7,153.30,1073.10
10231,3411,1,59,8,110.83,886.64
10232,3411,2,76,1,134.12,134.12
10233,3411,3,93,2,157.41,314.82
10234,3412,1,62,3,114.94,344.82
10235,3412,2,79,4,138.23,552.92
10236,3412,3,96,5,161.52,807.60
10237,3413,1,65,6,119.05,714.30
10238,3413,2,82,7,142.34,996.38
10239,3413,3,99,8,165.63,1325.04
10240,3414,1,68,1,123.16,123.16
10241,3414,2,85,2,146.45,292.90
10242,3414,3,102,3,169.74,509.22
10243,3415,1,71,4,127.27,509.08
10244,3415,2,88,5,150.56,752.80
10245,3415,3,105,6,173.85,1043.10
10246,3416,1,74,7,131.38,919.66
10247,3416,2,91,8,154.67,1237.36
10248,3416,3,108,1,177.96,177.96
10249,3417,1,77,2,135.49,270.98
10250,3417,2,94,3,158.78,476.34
10251,3417,3,111,4,182.07,728.28
10252,3418,1,80,5,139.60,698.00
10253,3418,2,97,6,162.89,977.34
10254,3418,3,2,7,32.74,229.18
10255,3419,1,83,8,143.71,1149.68
10256,3419,2,100,1,167.00,167.00
10257,3419,3,5,2,36.85,73.70
10258,3420,1,86,3,147.82,443.46
10259,3420,2,103,4,171.11,684.44
10260,3420,3,8,5,40.96,204.80
10261,3421,1,89,6,151.93,911.58
10262,3421,2,106,7,175.22,1226.54
10263,3421,3,11,8,45.07,360.56
10264,3422,1,92,1,156.04,156.04
10265,3422,2,109,2,179.33,358.66
10266,3422,3,14,3,49.18,147.54
10267,3423,1,95,4,160.15,640.60
10268,3423,2,112,5,183.44,917.20
10269,3423,3,17,6,53.29,319.74
10270,3424,1,98,7,164.26,1149.82
10271,3424,2,3,8,34.11,272.88
10272,3424,3,20,1,57.40,57.40
10273,3425,1,101,2,168.37,336.74
10274,3425,2,6,3,38.22,114.66
10275,3425,3,23,4,61.51,246.04
10276,3426,1,104,5,172.48,862.40
10277,3426,2,9,6,42.33,253.98
10278,3426,3,26,7,65.62,459.34
10279,3427,1,107,8,176.59,1412.72
10280,3427,2,12,1,46.44,46.44
10281,3427,3,29,2,69.73,139.46
10282,3428,1,110,3,180.70,542.10
10283,3428,2,15,4,50.55,202.20
10284,3428,3,32,5,73.84,369.20
10285,3429,1,1,6,31.37,188.22
10286,3429,2,18,7,54.66,382.62
10287,3429,3,35,8,77.95,623.60
10288,3430,1,4,1,35.48,35.48
10289,3430,2,21,2,58.77,117.54
10290,3430,3,38,3,82.06,246.18
10291,3431,1,7,4,39.59,158.36
10292,3431,2,24,5,62.88,314.40
10293,3431,3,41,6,86.17,517.02
10294,3432,1,10,7,43.70,305.90
10295,3432,2,27,8,66.99,535.92
10296,3432,3,44,1,90.28,90.28
10297,3433,1,13,2,47.81,95.62
10298,3433,2,30,3,71.10,213.30
10299,3433,3,47,4,94.39,377.56
10300,3434,1,16,5,51.92,259.60
10301,3434,2,33,6,75.21,451.26
10302,3434,3,50,7,98.50,689.50
10303,3435,1,19,8,56.03,448.24
10304,3435,2,36,1,79.32,79.32
10305,3435,3,53,2,102.61,205.22
10306,3436,1,22,3,60.14,180.42
10307,3436,2,39,4,83.43,333.72
10308,3436,3,56,5,106.72,533.60
10309,3437,1,25,6,64.25,385.50
10310,3437,2,42,7,87.54,612.78
10311,3437,3,59,8,110.83,886.64
10312,3438,1,28,1,68.36,68.36
10313,3438,2,45,2,91.65,183.30
10314,3438,3,62,3,114.94,344.82
10315,3439,1,31,4,72.47,289.88
10316,3439,2,48,5,95.76,478.80
10317,3439,3,65,6,119.05,714.30
10318,3440,1,34,7,76.58,536.06
10319,3440,2,51,8,99.87,798.96
10320,3440,3,68,1,123.16,123.16
10321,3441,1,37,2,80.69,161.38
10322,3441,2,54,3,103.98,311.94
10323,3441,3,71,4,127.27,509.08
10324,3442,1,40,5,84.80,424.00
10325,3442,2,57,6,108.09,648.54
10326,3442,3,74,7,131.38,919.66
10327,3443,1,43,8,88.91,711.28
10328,3443,2,60,1,112.20,112.20
10329,3443,3,77,2,135.49,270.98
10330,3444,1,46,3,93.02,279.06
10331,3444,2,63,4,116.31,465.24
10332,3444,3,80,5,139.60,698.00
10333,3445,1,49,6,97.13,582.78
10334,3445,2,66,7,120.42,842.94
10335,3445,3,83,8,143.71,1149.68
10336,3446,1,52,1,101.24,101.24
10337,3446,2,69,2,124.53,249.06
10338,3446,3,86,3,147.82,443.46
10339,3447,1,55,4,105.35,421.40
10340,3447,2,72,5,128.64,643.20
10341,3447,3,89,6,151.93,911.58
10342,3448,1,58,7,109.46,766.22
10343,3448,2,75,8,132.75,1062.00
10344,3448,3,92,1,156.04,156.04
10345,3449,1,61,2,113.57,227.14
10346,3449,2,78,3,136.86,410.58
10347,3449,3,95,4,160.15,640.60
10348,3450,1,64,5,117.68,588.40
10349,3450,2,81,6,140.97,845.82
10350,3450,3,98,7,164.26,1149.82
10351,3451,1,67,8,121.79,974.32
10352,3451,2,84,1,145.08,145.08
10353,3451,3,101,2,168.37,336.74
10354,3452,1,70,3,125.90,377.70
10355,3452,2,87,4,149.19,596.76
10356,3452,3,104,5,172.48,862.40
10357,3453,1,73,6,130.01,780.06
10358,3453,2,90,7,153.30,1073.10
10359,3453,3,107,8,176.59,1412.72
10360,3454,1,76,1,134.12,134.12
10361,3454,2,93,2,157.41,314.82
10362,3454,3,110,3,180.70,542.10
10363,3455,1,79,4,138.23,552.92
10364,3455,2,96,5,161.52,807.60
10365,3455,3,1,6,31.37,188.22
10366,3456,1,82,7,142.34,996.38
10367,3456,2,99,8,165.63,1325.04
10368,3456,3,4,1,35.48,35.48
10369,3457,1,85,2,146.45,292.90
10370,3457,2,102,3,169.74,509.22
10371,3457,3,7,4,39.59,158.36
10372,3458,1,88,5,150.56,752.80
10373,3458,2,105,6,173.85,1043.10
10374,3458,3,10,7,43.70,305.90
10375,3459,1,91,8,154.67,1237.36
10376,3459,2,108,1,177.96,177.96
10377,3459,3,13,2,47.81,95.62
10378,3460,1,94,3,158.78,476.34
10379,3460,2,111,4,182.07,728.28
10380,3460,3,16,5,51.92,259.60
10381,3461,1,97,6,162.89,977.34
10382,3461,2,2,7,32.74,229.18
10383,3461,3,19,8,56.03,448.24
10384,3462,1,100,1,167.00,167.00
10385,3462,2,5,2,36.85,73.70
10386,3462,3,22,3,60.14,180.42
10387,3463,1,103,4,171.11,684.44
10388,3463,2,8,5,40.96,204.80
10389,3463,3,25,6,64.25,385.50
10390,3464,1,106,7,175.22,1226.54
10391,3464,2,11,8,45.07,360.56
10392,3464,3,28,1,68.36,68.36
10393,3465,1,109,2,179.33,358.66
10394,3465,2,14,3,49.18,147.54
10395,3465,3,31,4,72.47,289.88
10396,3466,1,112,5,183.44,917.20
10397,3466,2,17,6,53.29,319.74
10398,3466,3,34,7,76.58,536.06
10399,3467,1,3,8,34.11,272.88
10400,3467,2,20,1,57.40,57.40
10401,3467,3,37,2,80.69,161.38
10402,3468,1,6,3,38.22,114.66
10403,3468,2,23,4,61.51,246.04
10404,3468,3,40,5,84.80,424.00
10405,3469,1,9,6,42.33,253.98
10406,3469,2,26,7,65.62,459.34
10407,3469,3,43,8,88.91,711.28
10408,3470,1,12,1,46.44,46.44
10409,3470,2,29,2,69.73,139.46
10410,3470,3,46,3,93.02,279.06
10411,3471,1,15,4,50.55,202.20
10412,3471,2,32,5,73.84,369.20
10413,3471,3,49,6,97.13,582.78
10414,3472,1,18,7,54.66,382.62
10415,3472,2,35,8,77.95,623.60
10416,3472,3,52,1,101.24,101.24
10417,3473,1,21,2,58.77,117.54
10418,3473,2,38,3,82.06,246.18
10419,3473,3,55,4,105.35,421.40
10420,3474,1,24,5,62.88,314.40
10421,3474,2,41,6,86.17,517.02
10422,3474,3,58,7,109.46,766.22
10423,3475,1,27,8,66.99,535.92
10424,3475,2,44,1,90.28,90.28
10425,3475,3,61,2,113.57,227.14
10426,3476,1,30,3,71.10,213.30
10427,3476,2,47,4,94.39,377.56
10428,3476,3,64,5,117.68,588.40
10429,3477,1,33,6,75.21,451.26
10430,3477,2,50,7,98.50,689.50
10431,3477,3,67,8,121.79,974.32
10432,3478,1,36,1,79.32,79.32
10433,3478,2,53,2,102.61,205.22
10434,3478,3,70,3,125.90,377.70
10435,3479,1,39,4,83.43,333.72
10436,3479,2,56,5,106.72,533.60
10437,3479,3,73,6,130.01,780.06
10438,3480,1,42,7,87.54,612.78
10439,3480,2,59,8,110.83,886.64
10440,3480,3,76,1,134.12,134.12
10441,3481,1,45,2,91.65,183.30
10442,3481,2,62,3,114.94,344.82
10443,3481,3,79,4,138.23,552.92
10444,3482,1,48,5,95.76,478.80
10445,3482,2,65,6,119.05,714.30
10446,3482,3,82,7,142.34,996.38
10447,3483,1,51,8,99.87,798.96
10448,3483,2,68,1,123.16,123.16
10449,3483,3,85,2,146.45,292.90
10450,3484,1,54,3,103.98,311.94
10451,3484,2,71,4,127.27,509.08
10452,3484,3,88,5,150.56,752.80
10453,3485,1,57,6,108.09,648.54
10454,3485,2,74,7,131.38,919.66
10455,3485,3,91,8,154.67,1237.36
10456,3486,1,60,1,112.20,112.20
10457,3486,2,77,2,135.49,270.98
10458,3486,3,94,3,158.78,476.34
10459,3487,1,63,4,116.31,465.24
10460,3487,2,80,5,139.60,698.00
10461,3487,3,97,6,162.89,977.34
10462,3488,1,66,7,120.42,842.94
10463,3488,2,83,8,143.71,1149.68
10464,3488,3,100,1,167.00,167.00
10465,3489,1,69,2,124.53,249.06
10466,3489,2,86,3,147.82,443.46
10467,3489,3,103,4,171.11,684.44
10468,3490,1,72,5,128.64,643.20
10469,3490,2,89,6,151.93,911.58
10470,3490,3,106,7,175.22,1226.54
10471,3491,1,75,8,132.75,1062.00
10472,3491,2,92,1,156.04,156.04
10473,3491,3,109,2,179.33,358.66
10474,3492,1,78,3,136.86,410.58
10475,3492,2,95,4,160.15,640.60
10476,3492,3,112,5,183.44,917.20
10477,3493,1,81,6,140.97,845.82
10478,3493,2,98,7,164.26,1149.82
10479,3493,3,3,8,34.11,272.88
10480,3494,1,84,1,145.08,145.08
10481,3494,2,101,2,168.37,336.74
10482,3494,3,6,3,38.22,114.66
10483,3495,1,87,4,149.19,596.76
10484,3495,2,104,5,172.48,862.40
10485,3495,3,9,6,42.33,253.98
10486,3496,1,90,7,153.30,1073.10
10487,3496,2,107,8,176.59,1412.72
10488,3496,3,12,1,46.44,46.44
10489,3497,1,93,2,157.41,314.82
10490,3497,2,110,3,180.70,542.10
10491,3497,3,15,4,50.55,202.20
10492,3498,1,96,5,161.52,807.60
10493,3498,2,1,6,31.37,188.22
10494,3498,3,18,7,54.66,382.62
10495,3499,1,99,8,165.63,1325.04
10496,3499,2,4,1,35.48,35.48
10497,3499,3,21,2,58.77,117.54
10498,3500,1,102,3,169.74,509.22
10499,3500,2,7,4,39.59,158.36
10500,3500,3,24,5,62.88,314.40
10501,3501,1,105,6,173.85,1043.10
10502,3501,2,10,7,43.70,305.90
10503,3501,3,27,8,66.99,535.92
10504,3502,1,108,1,177.96,177.96
10505,3502,2,13,2,47.81,95.62
10506,3502,3,30,3,71.10,213.30
10507,3503,1,111,4,182.07,728.28
10508,3503,2,16,5,51.92,259.60
10509,3503,3,33,6,75.21,451.26
10510,3504,1,2,7,32.74,229.18
10511,3504,2,19,8,56.03,448.24
10512,3504,3,36,1,79.32,79.32
10513,3505,1,5,2,36.85,73.70
10514,3505,2,22,3,60.14,180.42
10515,3505,3,39,4,83.43,333.72
10516,3506,1,8,5,40.96,204.80
10517,3506,2,25,6,64.25,385.50
10518,3506,3,42,7,87.54,612.78
10519,3507,1,11,8,45.07,360.56
10520,3507,2,28,1,68.36,68.36
10521,3507,3,45,2,91.65,183.30
10522,3508,1,14,3,49.18,147.54
10523,3508,2,31,4,72.47,289.88
10524,3508,3,48,5,95.76,478.80
10525,3509,1,17,6,53.29,319.74
10526,3509,2,34,7,76.58,536.06
10527,3509,3,51,8,99.87,798.96
10528,3510,1,20,1,57.40,57.40
10529,3510,2,37,2,80.69,161.38
10530,3510,3,54,3,103.98,311.94
10531,3511,1,23,4,61.51,246.04
10532,3511,2,40,5,84.80,424.00
10533,3511,3,57,6,108.09,648.54
10534,3512,1,26,7,65.62,459.34
10535,3512,2,43,8,88.91,711.28
10536,3512,3,60,1,112.20,112.20
10537,3513,1,29,2,69.73,139.46
10538,3513,2,46,3,93.02,279.06
10539,3513,3,63,4,116.31,465.24
10540,3514,1,32,5,73.84,369.20
10541,3514,2,49,6,97.13,582.78
10542,3514,3,66,7,120.42,842.94
10543,3515,1,35,8,77.95,623.60
10544,3515,2,52,1,101.24,101.24
10545,3515,3,69,2,124.53,249.06
10546,3516,1,38,3,82.06,246.18
10547,3516,2,55,4,105.35,421.40
10548,3516,3,72,5,128.64,643.20
10549,3517,1,41,6,86.17,517.02
10550,3517,2,58,7,109.46,766.22
10551,3517,3,75,8,132.75,1062.00
10552,3518,1,44,1,90.28,90.28
10553,3518,2,61,2,113.57,227.14
10554,3518,3,78,3,136.86,410.58
10555,3519,1,47,4,94.39,377.56
10556,3519,2,64,5,117.68,588.40
10557,3519,3,81,6,140.97,845.82
10558,3520,1,50,7,98.50,689.50
10559,3520,2,67,8,121.79,974.32
10560,3520,3,84,1,145.08,145.08
10561,3521,1,53,2,102.61,205.22
10562,3521,2,70,3,125.90,377.70
10563,3521,3,87,4,149.19,596.76
10564,3522,1,56,5,106.72,533.60
10565,3522,2,73,6,130.01,780.06
10566,3522,3,90,7,153.30,1073.10
10567,3523,1,59,8,110.83,886.64
10568,3523,2,76,1,134.12,134.12
10569,3523,3,93,2,157.41,314.82
10570,3524,1,62,3,114.94,344.82
10571,3524,2,79,4,138.23,552.92
10572,3524,3,96,5,161.52,807.60
10573,3525,1,65,6,119.05,714.30
10574,3525,2,82,7,142.34,996.38
10575,3525,3,99,8,165.63,1325.04
10576,3526,1,68,1,123.16,123.16
10577,3526,2,85,2,146.45,292.90
10578,3526,3,102,3,169.74,509.22
10579,3527,1,71,4,127.27,509.08
10580,3527,2,88,5,150.56,752.80
10581,3527,3,105,6,173.85,1043.10
10582,3528,1,74,7,131.38,919.66
10583,3528,2,91,8,154.67,1237.36
10584,3528,3,108,1,177.96,177.96
10585,3529,1,77,2,135.49,270.98
10586,3529,2,94,3,158.78,476.34
10587,3529,3,111,4,182.07,728.28
10588,3530,1,80,5,139.60,698.00
10589,3530,2,97,6,162.89,977.34
10590,3530,3,2,7,32.74,229.18
10591,3531,1,83,8,143.71,1149.68
10592,3531,2,100,1,167.00,167.00
10593,3531,3,5,2,36.85,73.70
10594,3532,1,86,3,147.82,443.46
10595,3532,2,103,4,171.11,684.44
10596,3532,3,8,5,40.96,204.80
10597,3533,1,89,6,151.93,911.58
10598,3533,2,106,7,175.22,1226.54
10599,3533,3,11,8,45.07,360.56
10600,3534,1,92,1,156.04,156.04
10601,3534,2,109,2,179.33,358.66
10602,3534,3,14,3,49.18,147.54
10603,3535,1,95,4,160.15,640.60
10604,3535,2,112,5,183.44,917.20
10605,3535,3,17,6,53.29,319.74
10606,3536,1,98,7,164.26,1149.82
10607,3536,2,3,8,34.11,272.88
10608,3536,3,20,1,57.40,57.40
10609,3537,1,101,2,168.37,336.74
10610,3537,2,6,3,38.22,114.66
10611,3537,3,23,4,61.51,246.04
10612,3538,1,104,5,172.48,862.40
10613,3538,2,9,6,42.33,253.98
10614,3538,3,26,7,65.62,459.34
10615,3539,1,107,8,176.59,1412.72
10616,3539,2,12,1,46.44,46.44
10617,3539,3,29,2,69.73,139.46
10618,3540,1,110,3,180.70,542.10
10619,3540,2,15,4,50.55,202.20
10620,3540,3,32,5,73.84,369.20
10621,3541,1,1,6,31.37,188.22
10622,3541,2,18,7,54.66,382.62
10623,3541,3,35,8,77.95,623.60
10624,3542,1,4,1,35.48,35.48
10625,3542,2,21,2,58.77,117.54
10626,3542,3,38,3,82.06,246.18
10627,3543,1,7,4,39.59,158.36
10628,3543,2,24,5,62.88,314.40
10629,3543,3,41,6,86.17,517.02
10630,3544,1,10,7,43.70,305.90
10631,3544,2,27,8,66.99,535.92
10632,3544,3,44,1,90.28,90.28
10633,3545,1,13,2,47.81,95.62
10634,3545,2,30,3,71.10,213.30
10635,3545,3,47,4,94.39,377.56
10636,3546,1,16,5,51.92,259.60
10637,3546,2,33,6,75.21,451.26
10638,3546,3,50,7,98.50,689.50
10639,3547,1,19,8,56.03,448.24
10640,3547,2,36,1,79.32,79.32
10641,3547,3,53,2,102.61,205.22
10642,3548,1,22,3,60.14,180.42
10643,3548,2,39,4,83.43,333.72
10644,3548,3,56,5,106.72,533.60
10645,3549,1,25,6,64.25,385.50
10646,3549,2,42,7,87.54,612.78
10647,3549,3,59,8,110.83,886.64
10648,3550,1,28,1,68.36,68.36
10649,3550,2,45,2,91.65,183.30
10650,3550,3,62,3,114.94,344.82
10651,3551,1,31,4,72.47,289.88
10652,3551,2,48,5,95.76,478.80
10653,3551,3,65,6,119.05,714.30
10654,3552,1,34,7,76.58,536.06
10655,3552,2,51,8,99.87,798.96
10656,3552,3,68,1,123.16,123.16
10657,3553,1,37,2,80.69,161.38
10658,3553,2,54,3,103.98,311.94
10659,3553,3,71,4,127.27,509.08
10660,3554,1,40,5,84.80,424.00
10661,3554,2,57,6,108.09,648.54
10662,3554,3,74,7,131.38,919.66
10663,3555,1,43,8,88.91,711.28
10664,3555,2,60,1,112.20,112.20
10665,3555,3,77,2,135.49,270.98
10666,3556,1,46,3,93.02,279.06
10667,3556,2,63,4,116.31,465.24
10668,3556,3,80,5,139.60,698.00
10669,3557,1,49,6,97.13,582.78
10670,3557,2,66,7,120.42,842.94
10671,3557,3,83,8,143.71,1149.68
10672,3558,1,52,1,101.24,101.24
10673,3558,2,69,2,124.53,249.06
10674,3558,3,86,3,147.82,443.46
10675,3559,1,55,4,105.35,421.40
10676,3559,2,72,5,128.64,643.20
10677,3559,3,89,6,151.93,911.58
10678,3560,1,58,7,109.46,766.22
10679,3560,2,75,8,132.75,1062.00
10680,3560,3,92,1,156.04,156.04
10681,3561,1,61,2,113.57,227.14
10682,3561,2,78,3,136.86,410.58
10683,3561,3,95,4,160.15,640.60
10684,3562,1,64,5,117.68,588.40
10685,3562,2,81,6,140.97,845.82
10686,3562,3,98,7,164.26,1149.82
10687,3563,1,67,8,121.79,974.32
10688,3563,2,84,1,145.08,145.08
10689,3563,3,101,2,168.37,336.74
10690,3564,1,70,3,125.90,377.70
10691,3564,2,87,4,149.19,596.76
10692,3564,3,104,5,172.48,862.40
10693,3565,1,73,6,130.01,780.06
10694,3565,2,90,7,153.30,1073.10
10695,3565,3,107,8,176.59,1412.72
10696,3566,1,76,1,134.12,134.12
10697,3566,2,93,2,157.41,314.82
10698,3566,3,110,3,180.70,542.10
10699,3567,1,79,4,138.23,552.92
10700,3567,2,96,5,161.52,807.60
10701,3567,3,1,6,31.37,188.22
10702,3568,1,82,7,142.34,996.38
10703,3568,2,99,8,165.63,1325.04
10704,3568,3,4,1,35.48,35.48
10705,3569,1,85,2,146.45,292.90
10706,3569,2,102,3,169.74,509.22
10707,3569,3,7,4,39.59,158.36
10708,3570,1,88,5,150.56,752.80
10709,3570,2,105,6,173.85,1043.10
10710,3570,3,10,7,43.70,305.90
10711,3571,1,91,8,154.67,1237.36
10712,3571,2,108,1,177.96,177.96
10713,3571,3,13,2,47.81,95.62
10714,3572,1,94,3,158.78,476.34
10715,3572,2,111,4,182.07,728.28
10716,3572,3,16,5,51.92,259.60
10717,3573,1,97,6,162.89,977.34
10718,3573,2,2,7,32.74,229.18
10719,3573,3,19,8,56.03,448.24
10720,3574,1,100,1,167.00,167.00
10721,3574,2,5,2,36.85,73.70
10722,3574,3,22,3,60.14,180.42
10723,3575,1,103,4,171.11,684.44
10724,3575,2,8,5,40.96,204.80
10725,3575,3,25,6,64.25,385.50
10726,3576,1,106,7,175.22,1226.54
10727,3576,2,11,8,45.07,360.56
10728,3576,3,28,1,68.36,68.36
10729,3577,1,109,2,179.33,358.66
10730,3577,2,14,3,49.18,147.54
10731,3577,3,31,4,72.47,289.88
10732,3578,1,112,5,183.44,917.20
10733,3578,2,17,6,53.29,319.74
10734,3578,3,34,7,76.58,536.06
10735,3579,1,3,8,34.11,272.88
10736,3579,2,20,1,57.40,57.40
10737,3579,3,37,2,80.69,161.38
10738,3580,1,6,3,38.22,114.66
10739,3580,2,23,4,61.51,246.04
10740,3580,3,40,5,84.80,424.00
10741,3581,1,9,6,42.33,253.98
10742,3581,2,26,7,65.62,459.34
10743,3581,3,43,8,88.91,711.28
10744,3582,1,12,1,46.44,46.44
10745,3582,2,29,2,69.73,139.46
10746,3582,3,46,3,93.02,279.06
10747,3583,1,15,4,50.55,202.20
10748,3583,2,32,5,73.84,369.20
10749,3583,3,49,6,97.13,582.78
10750,3584,1,18,7,54.66,382.62
10751,3584,2,35,8,77.95,623.60
10752,3584,3,52,1,101.24,101.24
10753,3585,1,21,2,58.77,117.54
10754,3585,2,38,3,82.06,246.18
10755,3585,3,55,4,105.35,421.40
10756,3586,1,24,5,62.88,314.40
10757,3586,2,41,6,86.17,517.02
10758,3586,3,58,7,109.46,766.22
10759,3587,1,27,8,66.99,535.92
10760,3587,2,44,1,90.28,90.28
10761,3587,3,61,2,113.57,227.14
10762,3588,1,30,3,71.10,213.30
10763,3588,2,47,4,94.39,377.56
10764,3588,3,64,5,117.68,588.40
10765,3589,1,33,6,75.21,451.26
10766,3589,2,50,7,98.50,689.50
10767,3589,3,67,8,121.79,974.32
10768,3590,1,36,1,79.32,79.32
10769,3590,2,53,2,102.61,205.22
10770,3590,3,70,3,125.90,377.70
10771,3591,1,39,4,83.43,333.72
10772,3591,2,56,5,106.72,533.60
10773,3591,3,73,6,130.01,780.06
10774,3592,1,42,7,87.54,612.78
10775,3592,2,59,8,110.83,886.64
10776,3592,3,76,1,134.12,134.12
10777,3593,1,45,2,91.65,183.30
10778,3593,2,62,3,114.94,344.82
10779,3593,3,79,4,138.23,552.92
10780,3594,1,48,5,95.76,478.80
10781,3594,2,65,6,119.05,714.30
10782,3594,3,82,7,142.34,996.38
10783,3595,1,51,8,99.87,798.96
10784,3595,2,68,1,123.16,123.16
10785,3595,3,85,2,146.45,292.90
10786,3596,1,54,3,103.98,311.94
10787,3596,2,71,4,127.27,509.08
10788,3596,3,88,5,150.56,752.80
10789,3597,1,57,6,108.09,648.54
10790,3597,2,74,7,131.38,919.66
10791,3597,3,91,8,154.67,1237.36
10792,3598,1,60,1,112.20,112.20
10793,3598,2,77,2,135.49,270.98
10794,3598,3,94,3,158.78,476.34
10795,3599,1,63,4,116.31,465.24
10796,3599,2,80,5,139.60,698.00
10797,3599,3,97,6,162.89,977.34
10798,3600,1,66,7,120.42,842.94
10799,3600,2,83,8,143.71,1149.68
10800,3600,3,100,1,167.00,167.00
10801,3601,1,69,2,124.53,249.06
10802,3601,2,86,3,147.82,443.46
10803,3602,1,72,4,128.64,514.56
10804,3602,2,89,5,151.93,759.65
10805,3603,1,75,6,132.75,796.50
10806,3603,2,92,7,156.04,1092.28
10807,3604,1,78,8,136.86,1094.88
10808,3604,2,95,1,160.15,160.15
10809,3605,1,81,2,140.97,281.94
10810,3605,2,98,3,164.26,492.78
10811,3606,1,84,4,145.08,580.32
10812,3606,2,101,5,168.37,841.85
10813,3607,1,87,6,149.19,895.14
10814,3607,2,104,7,172.48,1207.36
10815,3608,1,90,8,153.30,1226.40
10816,3608,2,107,1,176.59,176.59
10817,3609,1,93,2,157.41,314.82
10818,3609,2,110,3,180.70,542.10
10819,3610,1,96,4,161.52,646.08
10820,3610,2,1,5,31.37,156.85
10821,3611,1,99,6,165.63,993.78
10822,3611,2,4,7,35.48,248.36
10823,3612,1,102,8,169.74,1357.92
10824,3612,2,7,1,39.59,39.59
10825,3613,1,105,2,173.85,347.70
10826,3613,2,10,3,43.70,131.10
10827,3614,1,108,4,177.96,711.84
10828,3614,2,13,5,47.81,239.05
10829,3615,1,111,6,182.07,1092.42
10830,3615,2,16,7,51.92,363.44
10831,3616,1,2,8,32.74,261.92
10832,3616,2,19,1,56.03,56.03
10833,3617,1,5,2,36.85,73.70
10834,3617,2,22,3,60.14,180.42
10835,3618,1,8,4,40.96,163.84
10836,3618,2,25,5,64.25,321.25
10837,3619,1,11,6,45.07,270.42
10838,3619,2,28,7,68.36,478.52
10839,3620,1,14,8,49.18,393.44
10840,3620,2,31,1,72.47,72.47
10841,3621,1,17,2,53.29,106.58
10842,3621,2,34,3,76.58,229.74
10843,3622,1,20,4,57.40,229.60
10844,3622,2,37,5,80.69,403.45
10845,3623,1,23,6,61.51,369.06
10846,3623,2,40,7,84.80,593.60
10847,3624,1,26,8,65.62,524.96
10848,3624,2,43,1,88.91,88.91
10849,3625,1,29,2,69.73,139.46
10850,3625,2,46,3,93.02,279.06
10851,3626,1,32,4,73.84,295.36
10852,3626,2,49,5,97.13,485.65
10853,3627,1,35,6,77.95,467.70
10854,3627,2,52,7,101.24,708.68
10855,3628,1,38,8,82.06,656.48
10856,3628,2,55,1,105.35,105.35
10857,3629,1,41,2,86.17,172.34
10858,3629,2,58,3,109.46,328.38
10859,3630,1,44,4,90.28,361.12
10860,3630,2,61,5,113.57,567.85
10861,3631,1,47,6,94.39,566.34
10862,3631,2,64,7,117.68,823.76
10863,3632,1,50,8,98.50,788.00
10864,3632,2,67,1,121.79,121.79
10865,3633,1,53,2,102.61,205.22
10866,3633,2,70,3,125.90,377.70
10867,3634,1,56,4,106.72,426.88
10868,3634,2,73,5,130.01,650.05
10869,3635,1,59,6,110.83,664.98
10870,3635,2,76,7,134.12,938.84
10871,3636,1,62,8,114.94,919.52
10872,3636,2,79,1,138.23,138.23
10873,3637,1,65,2,119.05,238.10
10874,3637,2,82,3,142.34,427.02
10875,3638,1,68,4,123.16,492.64
10876,3638,2,85,5,146.45,732.25
10877,3639,1,71,6,127.27,763.62
10878,3639,2,88,7,150.56,1053.92
10879,3640,1,74,8,131.38,1051.04
10880,3640,2,91,1,154.67,154.67
10881,3641,1,77,2,135.49,270.98
10882,3641,2,94,3,158.78,476.34
10883,3642,1,80,4,139.60,558.40
10884,3642,2,97,5,162.89,814.45
10885,3643,1,83,6,143.71,862.26
10886,3643,2,100,7,167.00,1169.00
10887,3644,1,86,8,147.82,1182.56
10888,3644,2,103,1,171.11,171.11
10889,3645,1,89,2,151.93,303.86
10890,3645,2,106,3,175.22,525.66
10891,3646,1,92,4,156.04,624.16
10892,3646,2,109,5,179.33,896.65
10893,3647,1,95,6,160.15,960.90
10894,3647,2,112,7,183.44,1284.08
10895,3648,1,98,8,164.26,1314.08
10896,3648,2,3,1,34.11,34.11
10897,3649,1,101,2,168.37,336.74
10898,3649,2,6,3,38.22,114.66
10899,3650,1,104,4,172.48,689.92
10900,3650,2,9,5,42.33,211.65
10901,3651,1,107,6,176.59,1059.54
10902,3651,2,12,7,46.44,325.08
10903,3652,1,110,8,180.70,1445.60
10904,3652,2,15,1,50.55,50.55
10905,3653,1,1,2,31.37,62.74
10906,3653,2,18,3,54.66,163.98
10907,3654,1,4,4,35.48,141.92
10908,3654,2,21,5,58.77,293.85
10909,3655,1,7,6,39.59,237.54
10910,3655,2,24,7,62.88,440.16
10911,3656,1,10,8,43.70,349.60
10912,3656,2,27,1,66.99,66.99
10913,3657,1,13,2,47.81,95.62
10914,3657,2,30,3,71.10,213.30
10915,3658,1,16,4,51.92,207.68
10916,3658,2,33,5,75.21,376.05
10917,3659,1,19,6,56.03,336.18
10918,3659,2,36,7,79.32,555.24
10919,3660,1,22,8,60.14,481.12
10920,3660,2,39,1,83.43,83.43
10921,3661,1,25,2,64.25,128.50
10922,3661,2,42,3,87.54,262.62
10923,3662,1,28,4,68.36,273.44
10924,3662,2,45,5,91.65,458.25
10925,3663,1,31,6,72.47,434.82
10926,3663,2,48,7,95.76,670.32
10927,3664,1,34,8,76.58,612.64
10928,3664,2,51,1,99.87,99.87
10929,3665,1,37,2,80.69,161.38
10930,3665,2,54,3,103.98,311.94
10931,3666,1,40,4,84.80,339.20
10932,3666,2,57,5,108.09,540.45
10933,3667,1,43,6,88.91,533.46
10934,3667,2,60,7,112.20,785.40
10935,3668,1,46,8,93.02,744.16
10936,3668,2,63,1,116.31,116.31
10937,3669,1,49,2,97.13,194.26
10938,3669,2,66,3,120.42,361.26
10939,3670,1,52,4,101.24,404.96
10940,3670,2,69,5,124.53,622.65
10941,3671,1,55,6,105.35,632.10
10942,3671,2,72,7,128.64,900.48
10943,3672,1,58,8,109.46,875.68
10944,3672,2,75,1,132.75,132.75
10945,3673,1,61,2,113.57,227.14
10946,3673,2,78,3,136.86,410.58
10947,3674,1,64,4,117.68,470.72
10948,3674,2,81,5,140.97,704.85
10949,3675,1,67,6,121.79,730.74
10950,3675,2,84,7,145.08,1015.56
10951,3676,1,70,8,125.90,1007.20
10952,3676,2,87,1,149.19,149.19
10953,3677,1,73,2,130.01,260.02
10954,3677,2,90,3,153.30,459.90
10955,3678,1,76,4,134.12,536.48
10956,3678,2,93,5,157.41,787.05
10957,3679,1,79,6,138.23,829.38
10958,3679,2,96,7,161.52,1130.64
10959,3680,1,82,8,142.34,1138.72
10960,3680,2,99,1,165.63,165.63
10961,3681,1,85,2,146.45,292.90
10962,3681,2,102,3,169.74,509.22
10963,3682,1,88,4,150.56,602.24
10964,3682,2,105,5,173.85,869.25
10965,3683,1,91,6,154.67,928.02
10966,3683,2,108,7,177.96,1245.72
10967,3684,1,94,8,158.78,1270.24
10968,3684,2,111,1,182.07,182.07
10969,3685,1,97,2,162.89,325.78
10970,3685,2,2,3,32.74,98.22
10971,3686,1,100,4,167.00,668.00
10972,3686,2,5,5,36.85,184.25
10973,3687,1,103,6,171.11,1026.66
10974,3687,2,8,7,40.96,286.72
10975,3688,1,106,8,175.22,1401.76
10976,3688,2,11,1,45.07,45.07
10977,3689,1,109,2,179.33,358.66
10978,3689,2,14,3,49.18,147.54
10979,3690,1,112,4,183.44,733.76
10980,3690,2,17,5,53.29,266.45
10981,3691,1,3,6,34.11,204.66
10982,3691,2,20,7,57.40,401.80
10983,3692,1,6,8,38.22,305.76
10984,3692,2,23,1,61.51,61.51
10985,3693,1,9,2,42.33,84.66
10986,3693,2,26,3,65.62,196.86
10987,3694,1,12,4,46.44,185.76
10988,3694,2,29,5,69.73,348.65
10989,3695,1,15,6,50.55,303.30
10990,3695,2,32,7,73.84,516.88
10991,3696,1,18,8,54.66,437.28
10992,3696,2,35,1,77.95,77.95
10993,3697,1,21,2,58.77,117.54
10994,3697,2,38,3,82.06,246.18
10995,3698,1,24,4,62.88,251.52
10996,3698,2,41,5,86.17,430.85
10997,3699,1,27,6,66.99,401.94
10998,3699,2,44,7,90.28,631.96
10999,3700,1,30,8,71.10,568.80
11000,3700,2,47,1,94.39,94.39
11001,3701,1,33,2,75.21,150.42
11002,3701,2,50,3,98.50,295.50
11003,3702,1,36,4,79.32,317.28
11004,3702,2,53,5,102.61,513.05
11005,3703,1,39,6,83.43,500.58
11006,3703,2,56,7,106.72,747.04
11007,3704,1,42,8,87.54,700.32
11008,3704,2,59,1,110.83,110.83
11009,3705,1,45,2,91.65,183.30
11010,3705,2,62,3,114.94,344.82
11011,3706,1,48,4,95.76,383.04
11012,3706,2,65,5,119.05,595.25
11013,3707,1,51,6,99.87,599.22
11014,3707,2,68,7,123.16,862.12
11015,3708,1,54,8,103.98,831.84
11016,3708,2,71,1,127.27,127.27
11017,3709,1,57,2,108.09,216.18
11018,3709,2,74,3,131.38,394.14
11019,3710,1,60,4,112.20,448.80
11020,3710,2,77,5,135.49,677.45
11021,3711,1,63,6,116.31,697.86
11022,3711,2,80,7,139.60,977.20
11023,3712,1,66,8,120.42,963.36
11024,3712,2,83,1,143.71,143.71
11025,3713,1,69,2,124.53,249.06
11026,3713,2,86,3,147.82,443.46
11027,3714,1,72,4,128.64,514.56
11028,3714,2,89,5,151.93,759.65
11029,3715,1,75,6,132.75,796.50
11030,3715,2,92,7,156.04,1092.28
11031,3716,1,78,8,136.86,1094.88
11032,3716,2,95,1,160.15,160.15
11033,3717,1,81,2,140.97,281.94
11034,3717,2,98,3,164.26,492.78
11035,3718,1,84,4,145.08,580.32
11036,3718,2,101,5,168.37,841.85
11037,3719,1,87,6,149.19,895.14
11038,3719,2,104,7,172.48,1207.36
11039,3720,1,90,8,153.30,1226.40
11040,3720,2,107,1,176.59,176.59
11041,3721,1,93,2,157.41,314.82
11042,3721,2,110,3,180.70,542.10
11043,3722,1,96,4,161.52,646.08
11044,3722,2,1,5,31.37,156.85
11045,3723,1,99,6,165.63,993.78
11046,3723,2,4,7,35.48,248.36
11047,3724,1,102,8,169.74,1357.92
11048,3724,2,7,1,39.59,39.59
11049,3725,1,105,2,173.85,347.70
11050,3725,2,10,3,43.70,131.10
11051,3726,1,108,4,177.96,711.84
11052,3726,2,13,5,47.81,239.05
11053,3727,1,111,6,182.07,1092.42
11054,3727,2,16,7,51.92,363.44
11055,3728,1,2,8,32.74,261.92
11056,3728,2,19,1,56.03,56.03
11057,3729,1,5,2,36.85,73.70
11058,3729,2,22,3,60.14,180.42
11059,3730,1,8,4,40.96,163.84
11060,3730,2,25,5,64.25,321.25
11061,3731,1,11,6,45.07,270.42
11062,3731,2,28,7,68.36,478.52
11063,3732,1,14,8,49.18,393.44
11064,3732,2,31,1,72.47,72.47
11065,3733,1,17,2,53.29,106.58
11066,3733,2,34,3,76.58,229.74
11067,3734,1,20,4,57.40,229.60
11068,3734,2,37,5,80.69,403.45
11069,3735,1,23,6,61.51,369.06
11070,3735,2,40,7,84.80,593.60
11071,3736,1,26,8,65.62,524.96
11072,3736,2,43,1,88.91,88.91
11073,3737,1,29,2,69.73,139.46
11074,3737,2,46,3,93.02,279.06
11075,3738,1,32,4,73.84,295.36
11076,3738,2,49,5,97.13,485.65
11077,3739,1,35,6,77.95,467.70
11078,3739,2,52,7,101.24,708.68
11079,3740,1,38,8,82.06,656.48
11080,3740,2,55,1,105.35,105.35
11081,3741,1,41,2,86.17,172.34
11082,3741,2,58,3,109.46,328.38
11083,3742,1,44,4,90.28,361.12
11084,3742,2,61,5,113.57,567.85
11085,3743,1,47,6,94.39,566.34
11086,3743,2,64,7,117.68,823.76
11087,3744,1,50,8,98.50,788.00
11088,3744,2,67,1,121.79,121.79
11089,3745,1,53,2,102.61,205.22
11090,3745,2,70,3,125.90,377.70
11091,3746,1,56,4,106.72,426.88
11092,3746,2,73,5,130.01,650.05
11093,3747,1,59,6,110.83,664.98
11094,3747,2,76,7,134.12,938.84
11095,3748,1,62,8,114.94,919.52
11096,3748,2,79,1,138.23,138.23
11097,3749,1,65,2,119.05,238.10
11098,3749,2,82,3,142.34,427.02
11099,3750,1,68,4,123.16,492.64
11100,3750,2,85,5,146.45,732.25
11101,3751,1,71,6,127.27,763.62
11102,3751,2,88,7,150.56,1053.92
11103,3752,1,74,8,131.38,1051.04
11104,3752,2,91,1,154.67,154.67
11105,3753,1,77,2,135.49,270.98
11106,3753,2,94,3,158.78,476.34
11107,3754,1,80,4,139.60,558.40
11108,3754,2,97,5,162.89,814.45
11109,3755,1,83,6,143.71,862.26
11110,3755,2,100,7,167.00,1169.00
11111,3756,1,86,8,147.82,1182.56
11112,3756,2,103,1,171.11,171.11
11113,3757,1,89,2,151.93,303.86
11114,3757,2,106,3,175.22,525.66
11115,3758,1,92,4,156.04,624.16
11116,3758,2,109,5,179.33,896.65
11117,3759,1,95,6,160.15,960.90
11118,3759,2,112,7,183.44,1284.08
11119,3760,1,98,8,164.26,1314.08
11120,3760,2,3,1,34.11,34.11
11121,3761,1,101,2,168.37,336.74
11122,3761,2,6,3,38.22,114.66
11123,3762,1,104,4,172.48,689.92
11124,3762,2,9,5,42.33,211.65
11125,3763,1,107,6,176.59,1059.54
11126,3763,2,12,7,46.44,325.08
11127,3764,1,110,8,180.70,1445.60
11128,3764,2,15,1,50.55,50.55
11129,3765,1,1,2,31.37,62.74
11130,3765,2,18,3,54.66,163.98
11131,3766,1,4,4,35.48,141.92
11132,3766,2,21,5,58.77,293.85
11133,3767,1,7,6,39.59,237.54
11134,3767,2,24,7,62.88,440.16
11135,3768,1,10,8,43.70,349.60
11136,3768,2,27,1,66.99,66.99
11137,3769,1,13,2,47.81,95.62
11138,3769,2,30,3,71.10,213.30
11139,3770,1,16,4,51.92,207.68
11140,3770,2,33,5,75.21,376.05
11141,3771,1,19,6,56.03,336.18
11142,3771,2,36,7,79.32,555.24
11143,3772,1,22,8,60.14,481.12
11144,3772,2,39,1,83.43,83.43
11145,3773,1,25,2,64.25,128.50
11146,3773,2,42,3,87.54,262.62
11147,3774,1,28,4,68.36,273.44
11148,3774,2,45,5,91.65,458.25
11149,3775,1,31,6,72.47,434.82
11150,3775,2,48,7,95.76,670.32
11151,3776,1,34,8,76.58,612.64
11152,3776,2,51,1,99.87,99.87
11153,3777,1,37,2,80.69,161.38
11154,3777,2,54,3,103.98,311.94
11155,3778,1,40,4,84.80,339.20
11156,3778,2,57,5,108.09,540.45
11157,3779,1,43,6,88.91,533.46
11158,3779,2,60,7,112.20,785.40
11159,3780,1,46,8,93.02,744.16
11160,3780,2,63,1,116.31,116.31
11161,3781,1,49,2,97.13,194.26
11162,3781,2,66,3,120.42,361.26
11163,3782,1,52,4,101.24,404.96
11164,3782,2,69,5,124.53,622.65
11165,3783,1,55,6,105.35,632.10
11166,3783,2,72,7,128.64,900.48
11167,3784,1,58,8,109.46,875.68
11168,3784,2,75,1,132.75,132.75
11169,3785,1,61,2,113.57,227.14
11170,3785,2,78,3,136.86,410.58
11171,3786,1,64,4,117.68,470.72
11172,3786,2,81,5,140.97,704.85
11173,3787,1,67,6,121.79,730.74
11174,3787,2,84,7,145.08,1015.56
11175,3788,1,70,8,125.90,1007.20
11176,3788,2,87,1,149.19,149.19
11177,3789,1,73,2,130.01,260.02
11178,3789,2,90,3,153.30,459.90
11179,3790,1,76,4,134.12,536.48
11180,3790,2,93,5,157.41,787.05
11181,3791,1,79,6,138.23,829.38
11182,3791,2,96,7,161.52,1130.64
11183,3792,1,82,8,142.34,1138.72
11184,3792,2,99,1,165.63,165.63
11185,3793,1,85,2,146.45,292.90
11186,3793,2,102,3,169.74,509.22
11187,3794,1,88,4,150.56,602.24
11188,3794,2,105,5,173.85,869.25
11189,3795,1,91,6,154.67,928.02
11190,3795,2,108,7,177.96,1245.72
11191,3796,1,94,8,158.78,1270.24
11192,3796,2,111,1,182.07,182.07
11193,3797,1,97,2,162.89,325.78
11194,3797,2,2,3,32.74,98.22
11195,3798,1,100,4,167.00,668.00
11196,3798,2,5,5,36.85,184.25
11197,3799,1,103,6,171.11,1026.66
11198,3799,2,8,7,40.96,286.72
11199,3800,1,106,8,175.22,1401.76
11200,3800,2,11,1,45.07,45.07
11201,3801,1,109,2,179.33,358.66
11202,3801,2,14,3,49.18,147.54
11203,3802,1,112,4,183.44,733.76
11204,3802,2,17,5,53.29,266.45
11205,3803,1,3,6,34.11,204.66
11206,3803,2,20,7,57.40,401.80
11207,3804,1,6,8,38.22,305.76
11208,3804,2,23,1,61.51,61.51
11209,3805,1,9,2,42.33,84.66
11210,3805,2,26,3,65.62,196.86
11211,3806,1,12,4,46.44,185.76
11212,3806,2,29,5,69.73,348.65
11213,3807,1,15,6,50.55,303.30
11214,3807,2,32,7,73.84,516.88
11215,3808,1,18,8,54.66,437.28
11216,3808,2,35,1,77.95,77.95
11217,3809,1,21,2,58.77,117.54
11218,3809,2,38,3,82.06,246.18
11219,3810,1,24,4,62.88,251.52
11220,3810,2,41,5,86.17,430.85
11221,3811,1,27,6,66.99,401.94
11222,3811,2,44,7,90.28,631.96
11223,3812,1,30,8,71.10,568.80
11224,3812,2,47,1,94.39,94.39
11225,3813,1,33,2,75.21,150.42
11226,3813,2,50,3,98.50,295.50
11227,3814,1,36,4,79.32,317.28
11228,3814,2,53,5,102.61,513.05
11229,3815,1,39,6,83.43,500.58
11230,3815,2,56,7,106.72,747.04
11231,3816,1,42,8,87.54,700.32
11232,3816,2,59,1,110.83,110.83
11233,3817,1,45,2,91.65,183.30
11234,3817,2,62,3,114.94,344.82
11235,3818,1,48,4,95.76,383.04
11236,3818,2,65,5,119.05,595.25
11237,3819,1,51,6,99.87,599.22
11238,3819,2,68,7,123.16,862.12
11239,3820,1,54,8,103.98,831.84
11240,3820,2,71,1,127.27,127.27
11241,3821,1,57,2,108.09,216.18
11242,3821,2,74,3,131.38,394.14
11243,3822,1,60,4,112.20,448.80
11244,3822,2,77,5,135.49,677.45
11245,3823,1,63,6,116.31,697.86
11246,3823,2,80,7,139.60,977.20
11247,3824,1,66,8,120.42,963.36
11248,3824,2,83,1,143.71,143.71
11249,3825,1,69,2,124.53,249.06
11250,3825,2,86,3,147.82,443.46
11251,3826,1,72,4,128.64,514.56
11252,3826,2,89,5,151.93,759.65
11253,3827,1,75,6,132.75,796.50
11254,3827,2,92,7,156.04,1092.28
11255,3828,1,78,8,136.86,1094.88
11256,3828,2,95,1,160.15,160.15
11257,3829,1,81,2,140.97,281.94
11258,3829,2,98,3,164.26,492.78
11259,3830,1,84,4,145.08,580.32
11260,3830,2,101,5,168.37,841.85
11261,3831,1,87,6,149.19,895.14
11262,3831,2,104,7,172.48,1207.36
11263,3832,1,90,8,153.30,1226.40
11264,3832,2,107,1,176.59,176.59
11265,3833,1,93,2,157.41,314.82
11266,3833,2,110,3,180.70,542.10
11267,3834,1,96,4,161.52,646.08
11268,3834,2,1,5,31.37,156.85
11269,3835,1,99,6,165.63,993.78
11270,3835,2,4,7,35.48,248.36
11271,3836,1,102,8,169.74,1357.92
11272,3836,2,7,1,39.59,39.59
11273,3837,1,105,2,173.85,347.70
11274,3837,2,10,3,43.70,131.10
11275,3838,1,108,4,177.96,711.84
11276,3838,2,13,5,47.81,239.05
11277,3839,1,111,6,182.07,1092.42
11278,3839,2,16,7,51.92,363.44
11279,3840,1,2,8,32.74,261.92
11280,3840,2,19,1,56.03,56.03
11281,3841,1,5,2,36.85,73.70
11282,3841,2,22,3,60.14,180.42
11283,3842,1,8,4,40.96,163.84
11284,3842,2,25,5,64.25,321.25
11285,3843,1,11,6,45.07,270.42
11286,3843,2,28,7,68.36,478.52
11287,3844,1,14,8,49.18,393.44
11288,3844,2,31,1,72.47,72.47
11289,3845,1,17,2,53.29,106.58
11290,3845,2,34,3,76.58,229.74
11291,3846,1,20,4,57.40,229.60
11292,3846,2,37,5,80.69,403.45
11293,3847,1,23,6,61.51,369.06
11294,3847,2,40,7,84.80,593.60
11295,3848,1,26,8,65.62,524.96
11296,3848,2,43,1,88.91,88.91
11297,3849,1,29,2,69.73,139.46
11298,3849,2,46,3,93.02,279.06
11299,3850,1,32,4,73.84,295.36
11300,3850,2,49,5,97.13,485.65
11301,3851,1,35,6,77.95,467.70
11302,3851,2,52,7,101.24,708.68
11303,3852,1,38,8,82.06,656.48
11304,3852,2,55,1,105.35,105.35
11305,3853,1,41,2,86.17,172.34
11306,3853,2,58,3,109.46,328.38
11307,3854,1,44,4,90.28,361.12
11308,3854,2,61,5,113.57,567.85
11309,3855,1,47,6,94.39,566.34
11310,3855,2,64,7,117.68,823.76
11311,3856,1,50,8,98.50,788.00
11312,3856,2,67,1,121.79,121.79
11313,3857,1,53,2,102.61,205.22
11314,3857,2,70,3,125.90,377.70
11315,3858,1,56,4,106.72,426.88
11316,3858,2,73,5,130.01,650.05
11317,3859,1,59,6,110.83,664.98
11318,3859,2,76,7,134.12,938.84
11319,3860,1,62,8,114.94,919.52
11320,3860,2,79,1,138.23,138.23
11321,3861,1,65,2,119.05,238.10
11322,3861,2,82,3,142.34,427.02
11323,3862,1,68,4,123.16,492.64
11324,3862,2,85,5,146.45,732.25
11325,3863,1,71,6,127.27,763.62
11326,3863,2,88,7,150.56,1053.92
11327,3864,1,74,8,131.38,1051.04
11328,3864,2,91,1,154.67,154.67
11329,3865,1,77,2,135.49,270.98
11330,3865,2,94,3,158.78,476.34
11331,3866,1,80,4,139.60,558.40
11332,3866,2,97,5,162.89,814.45
11333,3867,1,83,6,143.71,862.26
11334,3867,2,100,7,167.00,1169.00
11335,3868,1,86,8,147.82,1182.56
11336,3868,2,103,1,171.11,171.11
11337,3869,1,89,2,151.93,303.86
11338,3869,2,106,3,175.22,525.66
11339,3870,1,92,4,156.04,624.16
11340,3870,2,109,5,179.33,896.65
11341,3871,1,95,6,160.15,960.90
11342,3871,2,112,7,183.44,1284.08
11343,3872,1,98,8,164.26,1314.08
11344,3872,2,3,1,34.11,34.11
11345,3873,1,101,2,168.37,336.74
11346,3873,2,6,3,38.22,114.66
11347,3874,1,104,4,172.48,689.92
11348,3874,2,9,5,42.33,211.65
11349,3875,1,107,6,176.59,1059.54
11350,3875,2,12,7,46.44,325.08
11351,3876,1,110,8,180.70,1445.60
11352,3876,2,15,1,50.55,50.55
11353,3877,1,1,2,31.37,62.74
11354,3877,2,18,3,54.66,163.98
11355,3878,1,4,4,35.48,141.92
11356,3878,2,21,5,58.77,293.85
11357,3879,1,7,6,39.59,237.54
11358,3879,2,24,7,62.88,440.16
11359,3880,1,10,8,43.70,349.60
11360,3880,2,27,1,66.99,66.99
11361,3881,1,13,2,47.81,95.62
11362,3881,2,30,3,71.10,213.30
11363,3882,1,16,4,51.92,207.68
11364,3882,2,33,5,75.21,376.05
11365,3883,1,19,6,56.03,336.18
11366,3883,2,36,7,79.32,555.24
11367,3884,1,22,8,60.14,481.12
11368,3884,2,39,1,83.43,83.43
11369,3885,1,25,2,64.25,128.50
11370,3885,2,42,3,87.54,262.62
11371,3886,1,28,4,68.36,273.44
11372,3886,2,45,5,91.65,458.25
11373,3887,1,31,6,72.47,434.82
11374,3887,2,48,7,95.76,670.32
11375,3888,1,34,8,76.58,612.64
11376,3888,2,51,1,99.87,99.87
11377,3889,1,37,2,80.69,161.38
11378,3889,2,54,3,103.98,311.94
11379,3890,1,40,4,84.80,339.20
11380,3890,2,57,5,108.09,540.45
11381,3891,1,43,6,88.91,533.46
11382,3891,2,60,7,112.20,785.40
11383,3892,1,46,8,93.02,744.16
11384,3892,2,63,1,116.31,116.31
11385,3893,1,49,2,97.13,194.26
11386,3893,2,66,3,120.42,361.26
11387,3894,1,52,4,101.24,404.96
11388,3894,2,69,5,124.53,622.65
11389,3895,1,55,6,105.35,632.10
11390,3895,2,72,7,128.64,900.48
11391,3896,1,58,8,109.46,875.68
11392,3896,2,75,1,132.75,132.75
11393,3897,1,61,2,113.57,227.14
11394,3897,2,78,3,136.86,410.58
11395,3898,1,64,4,117.68,470.72
11396,3898,2,81,5,140.97,704.85
11397,3899,1,67,6,121.79,730.74
11398,3899,2,84,7,145.08,1015.56
11399,3900,1,70,8,125.90,1007.20
11400,3900,2,87,1,149.19,149.19
11401,3901,1,73,2,130.01,260.02
11402,3901,2,90,3,153.30,459.90
11403,3902,1,76,4,134.12,536.48
11404,3902,2,93,5,157.41,787.05
11405,3903,1,79,6,138.23,829.38
11406,3903,2,96,7,161.52,1130.64
11407,3904,1,82,8,142.34,1138.72
11408,3904,2,99,1,165.63,165.63
11409,3905,1,85,2,146.45,292.90
11410,3905,2,102,3,169.74,509.22
11411,3906,1,88,4,150.56,602.24
11412,3906,2,105,5,173.85,869.25
11413,3907,1,91,6,154.67,928.02
11414,3907,2,108,7,177.96,1245.72
11415,3908,1,94,8,158.78,1270.24
11416,3908,2,111,1,182.07,182.07
11417,3909,1,97,2,162.89,325.78
11418,3909,2,2,3,32.74,98.22
11419,3910,1,100,4,167.00,668.00
11420,3910,2,5,5,36.85,184.25
11421,3911,1,103,6,171.11,1026.66
11422,3911,2,8,7,40.96,286.72
11423,3912,1,106,8,175.22,1401.76
11424,3912,2,11,1,45.07,45.07
11425,3913,1,109,2,179.33,358.66
11426,3913,2,14,3,49.18,147.54
11427,3914,1,112,4,183.44,733.76
11428,3914,2,17,5,53.29,266.45
11429,3915,1,3,6,34.11,204.66
11430,3915,2,20,7,57.40,401.80
11431,3916,1,6,8,38.22,305.76
11432,3916,2,23,1,61.51,61.51
11433,3917,1,9,2,42.33,84.66
11434,3917,2,26,3,65.62,196.86
11435,3918,1,12,4,46.44,185.76
11436,3918,2,29,5,69.73,348.65
11437,3919,1,15,6,50.55,303.30
11438,3919,2,32,7,73.84,516.88
11439,3920,1,18,8,54.66,437.28
11440,3920,2,35,1,77.95,77.95
11441,3921,1,21,2,58.77,117.54
11442,3921,2,38,3,82.06,246.18
11443,3922,1,24,4,62.88,251.52
11444,3922,2,41,5,86.17,430.85
11445,3923,1,27,6,66.99,401.94
11446,3923,2,44,7,90.28,631.96
11447,3924,1,30,8,71.10,568.80
11448,3924,2,47,1,94.39,94.39
11449,3925,1,33,2,75.21,150.42
11450,3925,2,50,3,98.50,295.50
11451,3926,1,36,4,79.32,317.28
11452,3926,2,53,5,102.61,513.05
11453,3927,1,39,6,83.43,500.58
11454,3927,2,56,7,106.72,747.04
11455,3928,1,42,8,87.54,700.32
11456,3928,2,59,1,110.83,110.83
11457,3929,1,45,2,91.65,183.30
11458,3929,2,62,3,114.94,344.82
11459,3930,1,48,4,95.76,383.04
11460,3930,2,65,5,119.05,595.25
11461,3931,1,51,6,99.87,599.22
11462,3931,2,68,7,123.16,862.12
11463,3932,1,54,8,103.98,831.84
11464,3932,2,71,1,127.27,127.27
11465,3933,1,57,2,108.09,216.18
11466,3933,2,74,3,131.38,394.14
11467,3934,1,60,4,112.20,448.80
11468,3934,2,77,5,135.49,677.45
11469,3935,1,63,6,116.31,697.86
11470,3935,2,80,7,139.60,977.20
11471,3936,1,66,8,120.42,963.36
11472,3936,2,83,1,143.71,143.71
11473,3937,1,69,2,124.53,249.06
11474,3937,2,86,3,147.82,443.46
11475,3938,1,72,4,128.64,514.56
11476,3938,2,89,5,151.93,759.65
11477,3939,1,75,6,132.75,796.50
11478,3939,2,92,7,156.04,1092.28
11479,3940,1,78,8,136.86,1094.88
11480,3940,2,95,1,160.15,160.15
11481,3941,1,81,2,140.97,281.94
11482,3941,2,98,3,164.26,492.78
11483,3942,1,84,4,145.08,580.32
11484,3942,2,101,5,168.37,841.85
11485,3943,1,87,6,149.19,895.14
11486,3943,2,104,7,172.48,1207.36
11487,3944,1,90,8,153.30,1226.40
11488,3944,2,107,1,176.59,176.59
11489,3945,1,93,2,157.41,314.82
11490,3945,2,110,3,180.70,542.10
11491,3946,1,96,4,161.52,646.08
11492,3946,2,1,5,31.37,156.85
11493,3947,1,99,6,165.63,993.78
11494,3947,2,4,7,35.48,248.36
11495,3948,1,102,8,169.74,1357.92
11496,3948,2,7,1,39.59,39.59
11497,3949,1,105,2,173.85,347.70
11498,3949,2,10,3,43.70,131.10
11499,3950,1,108,4,177.96,711.84
11500,3950,2,13,5,47.81,239.05
11501,3951,1,111,6,182.07,1092.42
11502,3951,2,16,7,51.92,363.44
11503,3952,1,2,8,32.74,261.92
11504,3952,2,19,1,56.03,56.03
11505,3953,1,5,2,36.85,73.70
11506,3953,2,22,3,60.14,180.42
11507,3954,1,8,4,40.96,163.84
11508,3954,2,25,5,64.25,321.25
11509,3955,1,11,6,45.07,270.42
11510,3955,2,28,7,68.36,478.52
11511,3956,1,14,8,49.18,393.44
11512,3956,2,31,1,72.47,72.47
11513,3957,1,17,2,53.29,106.58
11514,3957,2,34,3,76.58,229.74
11515,3958,1,20,4,57.40,229.60
11516,3958,2,37,5,80.69,403.45
11517,3959,1,23,6,61.51,369.06
11518,3959,2,40,7,84.80,593.60
11519,3960,1,26,8,65.62,524.96
11520,3960,2,43,1,88.91,88.91
11521,3961,1,29,2,69.73,139.46
11522,3961,2,46,3,93.02,279.06
11523,3962,1,32,4,73.84,295.36
11524,3962,2,49,5,97.13,485.65
11525,3963,1,35,6,77.95,467.70
11526,3963,2,52,7,101.24,708.68
11527,3964,1,38,8,82.06,656.48
11528,3964,2,55,1,105.35,105.35
11529,3965,1,41,2,86.17,172.34
11530,3965,2,58,3,109.46,328.38
11531,3966,1,44,4,90.28,361.12
11532,3966,2,61,5,113.57,567.85
11533,3967,1,47,6,94.39,566.34
11534,3967,2,64,7,117.68,823.76
11535,3968,1,50,8,98.50,788.00
11536,3968,2,67,1,121.79,121.79
11537,3969,1,53,2,102.61,205.22
11538,3969,2,70,3,125.90,377.70
11539,3970,1,56,4,106.72,426.88
11540,3970,2,73,5,130.01,650.05
11541,3971,1,59,6,110.83,664.98
11542,3971,2,76,7,134.12,938.84
11543,3972,1,62,8,114.94,919.52
11544,3972,2,79,1,138.23,138.23
11545,3973,1,65,2,119.05,238.10
11546,3973,2,82,3,142.34,427.02
11547,3974,1,68,4,123.16,492.64
11548,3974,2,85,5,146.45,732.25
11549,3975,1,71,6,127.27,763.62
11550,3975,2,88,7,150.56,1053.92
11551,3976,1,74,8,131.38,1051.04
11552,3976,2,91,1,154.67,154.67
11553,3977,1,77,2,135.49,270.98
11554,3977,2,94,3,158.78,476.34
11555,3978,1,80,4,139.60,558.40
11556,3978,2,97,5,162.89,814.45
11557,3979,1,83,6,143.71,862.26
11558,3979,2,100,7,167.00,1169.00
11559,3980,1,86,8,147.82,1182.56
11560,3980,2,103,1,171.11,171.11
11561,3981,1,89,2,151.93,303.86
11562,3981,2,106,3,175.22,525.66
11563,3982,1,92,4,156.04,624.16
11564,3982,2,109,5,179.33,896.65
11565,3983,1,95,6,160.15,960.90
11566,3983,2,112,7,183.44,1284.08
11567,3984,1,98,8,164.26,1314.08
11568,3984,2,3,1,34.11,34.11
11569,3985,1,101,2,168.37,336.74
11570,3985,2,6,3,38.22,114.66
11571,3986,1,104,4,172.48,689.92
11572,3986,2,9,5,42.33,211.65
11573,3987,1,107,6,176.59,1059.54
11574,3987,2,12,7,46.44,325.08
11575,3988,1,110,8,180.70,1445.60
11576,3988,2,15,1,50.55,50.55
11577,3989,1,1,2,31.37,62.74
11578,3989,2,18,3,54.66,163.98
11579,3990,1,4,4,35.48,141.92
11580,3990,2,21,5,58.77,293.85
11581,3991,1,7,6,39.59,237.54
11582,3991,2,24,7,62.88,440.16
11583,3992,1,10,8,43.70,349.60
11584,3992,2,27,1,66.99,66.99
11585,3993,1,13,2,47.81,95.62
11586,3993,2,30,3,71.10,213.30
11587,3994,1,16,4,51.92,207.68
11588,3994,2,33,5,75.21,376.05
11589,3995,1,19,6,56.03,336.18
11590,3995,2,36,7,79.32,555.24
11591,3996,1,22,8,60.14,481.12
11592,3996,2,39,1,83.43,83.43
11593,3997,1,25,2,64.25,128.50
11594,3997,2,42,3,87.54,262.62
11595,3998,1,28,4,68.36,273.44
11596,3998,2,45,5,91.65,458.25
11597,3999,1,31,6,72.47,434.82
11598,3999,2,48,7,95.76,670.32
11599,4000,1,34,8,76.58,612.64
11600,4000,2,51,1,99.87,99.87
11601,4001,1,37,2,80.69,161.38
11602,4001,2,54,3,103.98,311.94
11603,4002,1,40,4,84.80,339.20
11604,4002,2,57,5,108.09,540.45
11605,4003,1,43,6,88.91,533.46
11606,4003,2,60,7,112.20,785.40
11607,4004,1,46,8,93.02,744.16
11608,4004,2,63,1,116.31,116.31
11609,4005,1,49,2,97.13,194.26
11610,4005,2,66,3,120.42,361.26
11611,4006,1,52,4,101.24,404.96
11612,4006,2,69,5,124.53,622.65
11613,4007,1,55,6,105.35,632.10
11614,4007,2,72,7,128.64,900.48
11615,4008,1,58,8,109.46,875.68
11616,4008,2,75,1,132.75,132.75
11617,4009,1,61,2,113.57,227.14
11618,4009,2,78,3,136.86,410.58
11619,4010,1,64,4,117.68,470.72
11620,4010,2,81,5,140.97,704.85
11621,4011,1,67,6,121.79,730.74
11622,4011,2,84,7,145.08,1015.56
11623,4012,1,70,8,125.90,1007.20
11624,4012,2,87,1,149.19,149.19
11625,4013,1,73,2,130.01,260.02
11626,4013,2,90,3,153.30,459.90
11627,4014,1,76,4,134.12,536.48
11628,4014,2,93,5,157.41,787.05
11629,4015,1,79,6,138.23,829.38
11630,4015,2,96,7,161.52,1130.64
11631,4016,1,82,8,142.34,1138.72
11632,4016,2,99,1,165.63,165.63
11633,4017,1,85,2,146.45,292.90
11634,4017,2,102,3,169.74,509.22
11635,4018,1,88,4,150.56,602.24
11636,4018,2,105,5,173.85,869.25
11637,4019,1,91,6,154.67,928.02
11638,4019,2,108,7,177.96,1245.72
11639,4020,1,94,8,158.78,1270.24
11640,4020,2,111,1,182.07,182.07
11641,4021,1,97,2,162.89,325.78
11642,4021,2,2,3,32.74,98.22
11643,4022,1,100,4,167.00,668.00
11644,4022,2,5,5,36.85,184.25
11645,4023,1,103,6,171.11,1026.66
11646,4023,2,8,7,40.96,286.72
11647,4024,1,106,8,175.22,1401.76
11648,4024,2,11,1,45.07,45.07
11649,4025,1,109,2,179.33,358.66
11650,4025,2,14,3,49.18,147.54
11651,4026,1,112,4,183.44,733.76
11652,4026,2,17,5,53.29,266.45
11653,4027,1,3,6,34.11,204.66
11654,4027,2,20,7,57.40,401.80
11655,4028,1,6,8,38.22,305.76
11656,4028,2,23,1,61.51,61.51
11657,4029,1,9,2,42.33,84.66
11658,4029,2,26,3,65.62,196.86
11659,4030,1,12,4,46.44,185.76
11660,4030,2,29,5,69.73,348.65
11661,4031,1,15,6,50.55,303.30
11662,4031,2,32,7,73.84,516.88
11663,4032,1,18,8,54.66,437.28
11664,4032,2,35,1,77.95,77.95
11665,4033,1,21,2,58.77,117.54
11666,4033,2,38,3,82.06,246.18
11667,4034,1,24,4,62.88,251.52
11668,4034,2,41,5,86.17,430.85
11669,4035,1,27,6,66.99,401.94
11670,4035,2,44,7,90.28,631.96
11671,4036,1,30,8,71.10,568.80
11672,4036,2,47,1,94.39,94.39
11673,4037,1,33,2,75.21,150.42
11674,4037,2,50,3,98.50,295.50
11675,4038,1,36,4,79.32,317.28
11676,4038,2,53,5,102.61,513.05
11677,4039,1,39,6,83.43,500.58
11678,4039,2,56,7,106.72,747.04
11679,4040,1,42,8,87.54,700.32
11680,4040,2,59,1,110.83,110.83
11681,4041,1,45,2,91.65,183.30
11682,4041,2,62,3,114.94,344.82
11683,4042,1,48,4,95.76,383.04
11684,4042,2,65,5,119.05,595.25
11685,4043,1,51,6,99.87,599.22
11686,4043,2,68,7,123.16,862.12
11687,4044,1,54,8,103.98,831.84
11688,4044,2,71,1,127.27,127.27
11689,4045,1,57,2,108.09,216.18
11690,4045,2,74,3,131.38,394.14
11691,4046,1,60,4,112.20,448.80
11692,4046,2,77,5,135.49,677.45
11693,4047,1,63,6,116.31,697.86
11694,4047,2,80,7,139.60,977.20
11695,4048,1,66,8,120.42,963.36
11696,4048,2,83,1,143.71,143.71
11697,4049,1,69,2,124.53,249.06
11698,4049,2,86,3,147.82,443.46
11699,4050,1,72,4,128.64,514.56
11700,4050,2,89,5,151.93,759.65
11701,4051,1,75,6,132.75,796.50
11702,4051,2,92,7,156.04,1092.28
11703,4052,1,78,8,136.86,1094.88
11704,4052,2,95,1,160.15,160.15
11705,4053,1,81,2,140.97,281.94
11706,4053,2,98,3,164.26,492.78
11707,4054,1,84,4,145.08,580.32
11708,4054,2,101,5,168.37,841.85
11709,4055,1,87,6,149.19,895.14
11710,4055,2,104,7,172.48,1207.36
11711,4056,1,90,8,153.30,1226.40
11712,4056,2,107,1,176.59,176.59
11713,4057,1,93,2,157.41,314.82
11714,4057,2,110,3,180.70,542.10
11715,4058,1,96,4,161.52,646.08
11716,4058,2,1,5,31.37,156.85
11717,4059,1,99,6,165.63,993.78
11718,4059,2,4,7,35.48,248.36
11719,4060,1,102,8,169.74,1357.92
11720,4060,2,7,1,39.59,39.59
11721,4061,1,105,2,173.85,347.70
11722,4061,2,10,3,43.70,131.10
11723,4062,1,108,4,177.96,711.84
11724,4062,2,13,5,47.81,239.05
11725,4063,1,111,6,182.07,1092.42
11726,4063,2,16,7,51.92,363.44
11727,4064,1,2,8,32.74,261.92
11728,4064,2,19,1,56.03,56.03
11729,4065,1,5,2,36.85,73.70
11730,4065,2,22,3,60.14,180.42
11731,4066,1,8,4,40.96,163.84
11732,4066,2,25,5,64.25,321.25
11733,4067,1,11,6,45.07,270.42
11734,4067,2,28,7,68.36,478.52
11735,4068,1,14,8,49.18,393.44
11736,4068,2,31,1,72.47,72.47
11737,4069,1,17,2,53.29,106.58
11738,4069,2,34,3,76.58,229.74
11739,4070,1,20,4,57.40,229.60
11740,4070,2,37,5,80.69,403.45
11741,4071,1,23,6,61.51,369.06
11742,4071,2,40,7,84.80,593.60
11743,4072,1,26,8,65.62,524.96
11744,4072,2,43,1,88.91,88.91
11745,4073,1,29,2,69.73,139.46
11746,4073,2,46,3,93.02,279.06
11747,4074,1,32,4,73.84,295.36
11748,4074,2,49,5,97.13,485.65
11749,4075,1,35,6,77.95,467.70
11750,4075,2,52,7,101.24,708.68
11751,4076,1,38,8,82.06,656.48
11752,4076,2,55,1,105.35,105.35
11753,4077,1,41,2,86.17,172.34
11754,4077,2,58,3,109.46,328.38
11755,4078,1,44,4,90.28,361.12
11756,4078,2,61,5,113.57,567.85
11757,4079,1,47,6,94.39,566.34
11758,4079,2,64,7,117.68,823.76
11759,4080,1,50,8,98.50,788.00
11760,4080,2,67,1,121.79,121.79
11761,4081,1,53,2,102.61,205.22
11762,4081,2,70,3,125.90,377.70
11763,4082,1,56,4,106.72,426.88
11764,4082,2,73,5,130.01,650.05
11765,4083,1,59,6,110.83,664.98
11766,4083,2,76,7,134.12,938.84
11767,4084,1,62,8,114.94,919.52
11768,4084,2,79,1,138.23,138.23
11769,4085,1,65,2,119.05,238.10
11770,4085,2,82,3,142.34,427.02
11771,4086,1,68,4,123.16,492.64
11772,4086,2,85,5,146.45,732.25
11773,4087,1,71,6,127.27,763.62
11774,4087,2,88,7,150.56,1053.92
11775,4088,1,74,8,131.38,1051.04
11776,4088,2,91,1,154.67,154.67
11777,4089,1,77,2,135.49,270.98
11778,4089,2,94,3,158.78,476.34
11779,4090,1,80,4,139.60,558.40
11780,4090,2,97,5,162.89,814.45
11781,4091,1,83,6,143.71,862.26
11782,4091,2,100,7,167.00,1169.00
11783,4092,1,86,8,147.82,1182.56
11784,4092,2,103,1,171.11,171.11
11785,4093,1,89,2,151.93,303.86
11786,4093,2,106,3,175.22,525.66
11787,4094,1,92,4,156.04,624.16
11788,4094,2,109,5,179.33,896.65
11789,4095,1,95,6,160.15,960.90
11790,4095,2,112,7,183.44,1284.08
11791,4096,1,98,8,164.26,1314.08
11792,4096,2,3,1,34.11,34.11
11793,4097,1,101,2,168.37,336.74
11794,4097,2,6,3,38.22,114.66
11795,4098,1,104,4,172.48,689.92
11796,4098,2,9,5,42.33,211.65
11797,4099,1,107,6,176.59,1059.54
11798,4099,2,12,7,46.44,325.08
11799,4100,1,110,8,180.70,1445.60
11800,4100,2,15,1,50.55,50.55
11801,4101,1,1,2,31.37,62.74
11802,4101,2,18,3,54.66,163.98
11803,4102,1,4,4,35.48,141.92
11804,4102,2,21,5,58.77,293.85
11805,4103,1,7,6,39.59,237.54
11806,4103,2,24,7,62.88,440.16
11807,4104,1,10,8,43.70,349.60
11808,4104,2,27,1,66.99,66.99
11809,4105,1,13,2,47.81,95.62
11810,4105,2,30,3,71.10,213.30
11811,4106,1,16,4,51.92,207.68
11812,4106,2,33,5,75.21,376.05
11813,4107,1,19,6,56.03,336.18
11814,4107,2,36,7,79.32,555.24
11815,4108,1,22,8,60.14,481.12
11816,4108,2,39,1,83.43,83.43
11817,4109,1,25,2,64.25,128.50
11818,4109,2,42,3,87.54,262.62
11819,4110,1,28,4,68.36,273.44
11820,4110,2,45,5,91.65,458.25
11821,4111,1,31,6,72.47,434.82
11822,4111,2,48,7,95.76,670.32
11823,4112,1,34,8,76.58,612.64
11824,4112,2,51,1,99.87,99.87
11825,4113,1,37,2,80.69,161.38
11826,4113,2,54,3,103.98,311.94
11827,4114,1,40,4,84.80,339.20
11828,4114,2,57,5,108.09,540.45
11829,4115,1,43,6,88.91,533.46
11830,4115,2,60,7,112.20,785.40
11831,4116,1,46,8,93.02,744.16
11832,4116,2,63,1,116.31,116.31
11833,4117,1,49,2,97.13,194.26
11834,4117,2,66,3,120.42,361.26
11835,4118,1,52,4,101.24,404.96
11836,4118,2,69,5,124.53,622.65
11837,4119,1,55,6,105.35,632.10
11838,4119,2,72,7,128.64,900.48
11839,4120,1,58,8,109.46,875.68
11840,4120,2,75,1,132.75,132.75
11841,4121,1,61,2,113.57,227.14
11842,4121,2,78,3,136.86,410.58
11843,4122,1,64,4,117.68,470.72
11844,4122,2,81,5,140.97,704.85
11845,4123,1,67,6,121.79,730.74
11846,4123,2,84,7,145.08,1015.56
11847,4124,1,70,8,125.90,1007.20
11848,4124,2,87,1,149.19,149.19
11849,4125,1,73,2,130.01,260.02
11850,4125,2,90,3,153.30,459.90
11851,4126,1,76,4,134.12,536.48
11852,4126,2,93,5,157.41,787.05
11853,4127,1,79,6,138.23,829.38
11854,4127,2,96,7,161.52,1130.64
11855,4128,1,82,8,142.34,1138.72
11856,4128,2,99,1,165.63,165.63
11857,4129,1,85,2,146.45,292.90
11858,4129,2,102,3,169.74,509.22
11859,4130,1,88,4,150.56,602.24
11860,4130,2,105,5,173.85,869.25
11861,4131,1,91,6,154.67,928.02
11862,4131,2,108,7,177.96,1245.72
11863,4132,1,94,8,158.78,1270.24
11864,4132,2,111,1,182.07,182.07
11865,4133,1,97,2,162.89,325.78
11866,4133,2,2,3,32.74,98.22
11867,4134,1,100,4,167.00,668.00
11868,4134,2,5,5,36.85,184.25
11869,4135,1,103,6,171.11,1026.66
11870,4135,2,8,7,40.96,286.72
11871,4136,1,106,8,175.22,1401.76
11872,4136,2,11,1,45.07,45.07
11873,4137,1,109,2,179.33,358.66
11874,4137,2,14,3,49.18,147.54
11875,4138,1,112,4,183.44,733.76
11876,4138,2,17,5,53.29,266.45
11877,4139,1,3,6,34.11,204.66
11878,4139,2,20,7,57.40,401.80
11879,4140,1,6,8,38.22,305.76
11880,4140,2,23,1,61.51,61.51
11881,4141,1,9,2,42.33,84.66
11882,4141,2,26,3,65.62,196.86
11883,4142,1,12,4,46.44,185.76
11884,4142,2,29,5,69.73,348.65
11885,4143,1,15,6,50.55,303.30
11886,4143,2,32,7,73.84,516.88
11887,4144,1,18,8,54.66,437.28
11888,4144,2,35,1,77.95,77.95
11889,4145,1,21,2,58.77,117.54
11890,4145,2,38,3,82.06,246.18
11891,4146,1,24,4,62.88,251.52
11892,4146,2,41,5,86.17,430.85
11893,4147,1,27,6,66.99,401.94
11894,4147,2,44,7,90.28,631.96
11895,4148,1,30,8,71.10,568.80
11896,4148,2,47,1,94.39,94.39
11897,4149,1,33,2,75.21,150.42
11898,4149,2,50,3,98.50,295.50
11899,4150,1,36,4,79.32,317.28
11900,4150,2,53,5,102.61,513.05
11901,4151,1,39,6,83.43,500.58
11902,4151,2,56,7,106.72,747.04
11903,4152,1,42,8,87.54,700.32
11904,4152,2,59,1,110.83,110.83
11905,4153,1,45,2,91.65,183.30
11906,4153,2,62,3,114.94,344.82
11907,4154,1,48,4,95.76,383.04
11908,4154,2,65,5,119.05,595.25
11909,4155,1,51,6,99.87,599.22
11910,4155,2,68,7,123.16,862.12
11911,4156,1,54,8,103.98,831.84
11912,4156,2,71,1,127.27,127.27
11913,4157,1,57,2,108.09,216.18
11914,4157,2,74,3,131.38,394.14
11915,4158,1,60,4,112.20,448.80
11916,4158,2,77,5,135.49,677.45
11917,4159,1,63,6,116.31,697.86
11918,4159,2,80,7,139.60,977.20
11919,4160,1,66,8,120.42,963.36
11920,4160,2,83,1,143.71,143.71
11921,4161,1,69,2,124.53,249.06
11922,4161,2,86,3,147.82,443.46
11923,4162,1,72,4,128.64,514.56
11924,4162,2,89,5,151.93,759.65
11925,4163,1,75,6,132.75,796.50
11926,4163,2,92,7,156.04,1092.28
11927,4164,1,78,8,136.86,1094.88
11928,4164,2,95,1,160.15,160.15
11929,4165,1,81,2,140.97,281.94
11930,4165,2,98,3,164.26,492.78
11931,4166,1,84,4,145.08,580.32
11932,4166,2,101,5,168.37,841.85
11933,4167,1,87,6,149.19,895.14
11934,4167,2,104,7,172.48,1207.36
11935,4168,1,90,8,153.30,1226.40
11936,4168,2,107,1,176.59,176.59
11937,4169,1,93,2,157.41,314.82
11938,4169,2,110,3,180.70,542.10
11939,4170,1,96,4,161.52,646.08
11940,4170,2,1,5,31.37,156.85
11941,4171,1,99,6,165.63,993.78
11942,4171,2,4,7,35.48,248.36
11943,4172,1,102,8,169.74,1357.92
11944,4172,2,7,1,39.59,39.59
11945,4173,1,105,2,173.85,347.70
11946,4173,2,10,3,43.70,131.10
11947,4174,1,108,4,177.96,711.84
11948,4174,2,13,5,47.81,239.05
11949,4175,1,111,6,182.07,1092.42
11950,4175,2,16,7,51.92,363.44
11951,4176,1,2,8,32.74,261.92
11952,4176,2,19,1,56.03,56.03
11953,4177,1,5,2,36.85,73.70
11954,4177,2,22,3,60.14,180.42
11955,4178,1,8,4,40.96,163.84
11956,4178,2,25,5,64.25,321.25
11957,4179,1,11,6,45.07,270.42
11958,4179,2,28,7,68.36,478.52
11959,4180,1,14,8,49.18,393.44
11960,4180,2,31,1,72.47,72.47
11961,4181,1,17,2,53.29,106.58
11962,4181,2,34,3,76.58,229.74
11963,4182,1,20,4,57.40,229.60
11964,4182,2,37,5,80.69,403.45
11965,4183,1,23,6,61.51,369.06
11966,4183,2,40,7,84.80,593.60
11967,4184,1,26,8,65.62,524.96
11968,4184,2,43,1,88.91,88.91
11969,4185,1,29,2,69.73,139.46
11970,4185,2,46,3,93.02,279.06
11971,4186,1,32,4,73.84,295.36
11972,4186,2,49,5,97.13,485.65
11973,4187,1,35,6,77.95,467.70
11974,4187,2,52,7,101.24,708.68
11975,4188,1,38,8,82.06,656.48
11976,4188,2,55,1,105.35,105.35
11977,4189,1,41,2,86.17,172.34
11978,4189,2,58,3,109.46,328.38
11979,4190,1,44,4,90.28,361.12
11980,4190,2,61,5,113.57,567.85
11981,4191,1,47,6,94.39,566.34
11982,4191,2,64,7,117.68,823.76
11983,4192,1,50,8,98.50,788.00
11984,4192,2,67,1,121.79,121.79
11985,4193,1,53,2,102.61,205.22
11986,4193,2,70,3,125.90,377.70
11987,4194,1,56,4,106.72,426.88
11988,4194,2,73,5,130.01,650.05
11989,4195,1,59,6,110.83,664.98
11990,4195,2,76,7,134.12,938.84
11991,4196,1,62,8,114.94,919.52
11992,4196,2,79,1,138.23,138.23
11993,4197,1,65,2,119.05,238.10
11994,4197,2,82,3,142.34,427.02
11995,4198,1,68,4,123.16,492.64
11996,4198,2,85,5,146.45,732.25
11997,4199,1,71,6,127.27,763.62
11998,4199,2,88,7,150.56,1053.92
11999,4200,1,74,8,131.38,1051.04
12000,4200,2,91,1,154.67,154.67
12001,4201,1,77,2,135.49,270.98
12002,4201,2,94,3,158.78,476.34
12003,4202,1,80,4,139.60,558.40
12004,4202,2,97,5,162.89,814.45
12005,4203,1,83,6,143.71,862.26
12006,4203,2,100,7,167.00,1169.00
12007,4204,1,86,8,147.82,1182.56
12008,4204,2,103,1,171.11,171.11
12009,4205,1,89,2,151.93,303.86
12010,4205,2,106,3,175.22,525.66
12011,4206,1,92,4,156.04,624.16
12012,4206,2,109,5,179.33,896.65
12013,4207,1,95,6,160.15,960.90
12014,4207,2,112,7,183.44,1284.08
12015,4208,1,98,8,164.26,1314.08
12016,4208,2,3,1,34.11,34.11
12017,4209,1,101,2,168.37,336.74
12018,4209,2,6,3,38.22,114.66
12019,4210,1,104,4,172.48,689.92
12020,4210,2,9,5,42.33,211.65
12021,4211,1,107,6,176.59,1059.54
12022,4211,2,12,7,46.44,325.08
12023,4212,1,110,8,180.70,1445.60
12024,4212,2,15,1,50.55,50.55
12025,4213,1,1,2,31.37,62.74
12026,4213,2,18,3,54.66,163.98
12027,4214,1,4,4,35.48,141.92
12028,4214,2,21,5,58.77,293.85
12029,4215,1,7,6,39.59,237.54
12030,4215,2,24,7,62.88,440.16
12031,4216,1,10,8,43.70,349.60
12032,4216,2,27,1,66.99,66.99
12033,4217,1,13,2,47.81,95.62
12034,4217,2,30,3,71.10,213.30
12035,4218,1,16,4,51.92,207.68
12036,4218,2,33,5,75.21,376.05
12037,4219,1,19,6,56.03,336.18
12038,4219,2,36,7,79.32,555.24
12039,4220,1,22,8,60.14,481.12
12040,4220,2,39,1,83.43,83.43
12041,4221,1,25,2,64.25,128.50
12042,4221,2,42,3,87.54,262.62
12043,4222,1,28,4,68.36,273.44
12044,4222,2,45,5,91.65,458.25
12045,4223,1,31,6,72.47,434.82
12046,4223,2,48,7,95.76,670.32
12047,4224,1,34,8,76.58,612.64
12048,4224,2,51,1,99.87,99.87
12049,4225,1,37,2,80.69,161.38
12050,4225,2,54,3,103.98,311.94
12051,4226,1,40,4,84.80,339.20
12052,4226,2,57,5,108.09,540.45
12053,4227,1,43,6,88.91,533.46
12054,4227,2,60,7,112.20,785.40
12055,4228,1,46,8,93.02,744.16
12056,4228,2,63,1,116.31,116.31
12057,4229,1,49,2,97.13,194.26
12058,4229,2,66,3,120.42,361.26
12059,4230,1,52,4,101.24,404.96
12060,4230,2,69,5,124.53,622.65
12061,4231,1,55,6,105.35,632.10
12062,4231,2,72,7,128.64,900.48
12063,4232,1,58,8,109.46,875.68
12064,4232,2,75,1,132.75,132.75
12065,4233,1,61,2,113.57,227.14
12066,4233,2,78,3,136.86,410.58
12067,4234,1,64,4,117.68,470.72
12068,4234,2,81,5,140.97,704.85
12069,4235,1,67,6,121.79,730.74
12070,4235,2,84,7,145.08,1015.56
12071,4236,1,70,8,125.90,1007.20
12072,4236,2,87,1,149.19,149.19
12073,4237,1,73,2,130.01,260.02
12074,4237,2,90,3,153.30,459.90
12075,4238,1,76,4,134.12,536.48
12076,4238,2,93,5,157.41,787.05
12077,4239,1,79,6,138.23,829.38
12078,4239,2,96,7,161.52,1130.64
12079,4240,1,82,8,142.34,1138.72
12080,4240,2,99,1,165.63,165.63
12081,4241,1,85,2,146.45,292.90
12082,4241,2,102,3,169.74,509.22
12083,4242,1,88,4,150.56,602.24
12084,4242,2,105,5,173.85,869.25
12085,4243,1,91,6,154.67,928.02
12086,4243,2,108,7,177.96,1245.72
12087,4244,1,94,8,158.78,1270.24
12088,4244,2,111,1,182.07,182.07
12089,4245,1,97,2,162.89,325.78
12090,4245,2,2,3,32.74,98.22
12091,4246,1,100,4,167.00,668.00
12092,4246,2,5,5,36.85,184.25
12093,4247,1,103,6,171.11,1026.66
12094,4247,2,8,7,40.96,286.72
12095,4248,1,106,8,175.22,1401.76
12096,4248,2,11,1,45.07,45.07
12097,4249,1,109,2,179.33,358.66
12098,4249,2,14,3,49.18,147.54
12099,4250,1,112,4,183.44,733.76
12100,4250,2,17,5,53.29,266.45
12101,4251,1,3,6,34.11,204.66
12102,4251,2,20,7,57.40,401.80
12103,4252,1,6,8,38.22,305.76
12104,4252,2,23,1,61.51,61.51
12105,4253,1,9,2,42.33,84.66
12106,4253,2,26,3,65.62,196.86
12107,4254,1,12,4,46.44,185.76
12108,4254,2,29,5,69.73,348.65
12109,4255,1,15,6,50.55,303.30
12110,4255,2,32,7,73.84,516.88
12111,4256,1,18,8,54.66,437.28
12112,4256,2,35,1,77.95,77.95
12113,4257,1,21,2,58.77,117.54
12114,4257,2,38,3,82.06,246.18
12115,4258,1,24,4,62.88,251.52
12116,4258,2,41,5,86.17,430.85
12117,4259,1,27,6,66.99,401.94
12118,4259,2,44,7,90.28,631.96
12119,4260,1,30,8,71.10,568.80
12120,4260,2,47,1,94.39,94.39
12121,4261,1,33,2,75.21,150.42
12122,4261,2,50,3,98.50,295.50
12123,4262,1,36,4,79.32,317.28
12124,4262,2,53,5,102.61,513.05
12125,4263,1,39,6,83.43,500.58
12126,4263,2,56,7,106.72,747.04
12127,4264,1,42,8,87.54,700.32
12128,4264,2,59,1,110.83,110.83
12129,4265,1,45,2,91.65,183.30
12130,4265,2,62,3,114.94,344.82
12131,4266,1,48,4,95.76,383.04
12132,4266,2,65,5,119.05,595.25
12133,4267,1,51,6,99.87,599.22
12134,4267,2,68,7,123.16,862.12
12135,4268,1,54,8,103.98,831.84
12136,4268,2,71,1,127.27,127.27
12137,4269,1,57,2,108.09,216.18
12138,4269,2,74,3,131.38,394.14
12139,4270,1,60,4,112.20,448.80
12140,4270,2,77,5,135.49,677.45
12141,4271,1,63,6,116.31,697.86
12142,4271,2,80,7,139.60,977.20
12143,4272,1,66,8,120.42,963.36
12144,4272,2,83,1,143.71,143.71
12145,4273,1,69,2,124.53,249.06
12146,4273,2,86,3,147.82,443.46
12147,4274,1,72,4,128.64,514.56
12148,4274,2,89,5,151.93,759.65
12149,4275,1,75,6,132.75,796.50
12150,4275,2,92,7,156.04,1092.28
12151,4276,1,78,8,136.86,1094.88
12152,4276,2,95,1,160.15,160.15
12153,4277,1,81,2,140.97,281.94
12154,4277,2,98,3,164.26,492.78
12155,4278,1,84,4,145.08,580.32
12156,4278,2,101,5,168.37,841.85
12157,4279,1,87,6,149.19,895.14
12158,4279,2,104,7,172.48,1207.36
12159,4280,1,90,8,153.30,1226.40
12160,4280,2,107,1,176.59,176.59
12161,4281,1,93,2,157.41,314.82
12162,4281,2,110,3,180.70,542.10
12163,4282,1,96,4,161.52,646.08
12164,4282,2,1,5,31.37,156.85
12165,4283,1,99,6,165.63,993.78
12166,4283,2,4,7,35.48,248.36
12167,4284,1,102,8,169.74,1357.92
12168,4284,2,7,1,39.59,39.59
12169,4285,1,105,2,173.85,347.70
12170,4285,2,10,3,43.70,131.10
12171,4286,1,108,4,177.96,711.84
12172,4286,2,13,5,47.81,239.05
12173,4287,1,111,6,182.07,1092.42
12174,4287,2,16,7,51.92,363.44
12175,4288,1,2,8,32.74,261.92
12176,4288,2,19,1,56.03,56.03
12177,4289,1,5,2,36.85,73.70
12178,4289,2,22,3,60.14,180.42
12179,4290,1,8,4,40.96,163.84
12180,4290,2,25,5,64.25,321.25
12181,4291,1,11,6,45.07,270.42
12182,4291,2,28,7,68.36,478.52
12183,4292,1,14,8,49.18,393.44
12184,4292,2,31,1,72.47,72.47
12185,4293,1,17,2,53.29,106.58
12186,4293,2,34,3,76.58,229.74
12187,4294,1,20,4,57.40,229.60
12188,4294,2,37,5,80.69,403.45
12189,4295,1,23,6,61.51,369.06
12190,4295,2,40,7,84.80,593.60
12191,4296,1,26,8,65.62,524.96
12192,4296,2,43,1,88.91,88.91
12193,4297,1,29,2,69.73,139.46
12194,4297,2,46,3,93.02,279.06
12195,4298,1,32,4,73.84,295.36
12196,4298,2,49,5,97.13,485.65
12197,4299,1,35,6,77.95,467.70
12198,4299,2,52,7,101.24,708.68
12199,4300,1,38,8,82.06,656.48
12200,4300,2,55,1,105.35,105.35
12201,4301,1,41,2,86.17,172.34
12202,4301,2,58,3,109.46,328.38
12203,4302,1,44,4,90.28,361.12
12204,4302,2,61,5,113.57,567.85
12205,4303,1,47,6,94.39,566.34
12206,4303,2,64,7,117.68,823.76
12207,4304,1,50,8,98.50,788.00
12208,4304,2,67,1,121.79,121.79
12209,4305,1,53,2,102.61,205.22
12210,4305,2,70,3,125.90,377.70
12211,4306,1,56,4,106.72,426.88
12212,4306,2,73,5,130.01,650.05
12213,4307,1,59,6,110.83,664.98
12214,4307,2,76,7,134.12,938.84
12215,4308,1,62,8,114.94,919.52
12216,4308,2,79,1,138.23,138.23
12217,4309,1,65,2,119.05,238.10
12218,4309,2,82,3,142.34,427.02
12219,4310,1,68,4,123.16,492.64
12220,4310,2,85,5,146.45,732.25
12221,4311,1,71,6,127.27,763.62
12222,4311,2,88,7,150.56,1053.92
12223,4312,1,74,8,131.38,1051.04
12224,4312,2,91,1,154.67,154.67
12225,4313,1,77,2,135.49,270.98
12226,4313,2,94,3,158.78,476.34
12227,4314,1,80,4,139.60,558.40
12228,4314,2,97,5,162.89,814.45
12229,4315,1,83,6,143.71,862.26
12230,4315,2,100,7,167.00,1169.00
12231,4316,1,86,8,147.82,1182.56
12232,4316,2,103,1,171.11,171.11
12233,4317,1,89,2,151.93,303.86
12234,4317,2,106,3,175.22,525.66
12235,4318,1,92,4,156.04,624.16
12236,4318,2,109,5,179.33,896.65
12237,4319,1,95,6,160.15,960.90
12238,4319,2,112,7,183.44,1284.08
12239,4320,1,98,8,164.26,1314.08
12240,4320,2,3,1,34.11,34.11
12241,4321,1,101,2,168.37,336.74
12242,4321,2,6,3,38.22,114.66
12243,4322,1,104,4,172.48,689.92
12244,4322,2,9,5,42.33,211.65
12245,4323,1,107,6,176.59,1059.54
12246,4323,2,12,7,46.44,325.08
12247,4324,1,110,8,180.70,1445.60
12248,4324,2,15,1,50.55,50.55
12249,4325,1,1,2,31.37,62.74
12250,4325,2,18,3,54.66,163.98
12251,4326,1,4,4,35.48,141.92
12252,4326,2,21,5,58.77,293.85
12253,4327,1,7,6,39.59,237.54
12254,4327,2,24,7,62.88,440.16
12255,4328,1,10,8,43.70,349.60
12256,4328,2,27,1,66.99,66.99
12257,4329,1,13,2,47.81,95.62
12258,4329,2,30,3,71.10,213.30
12259,4330,1,16,4,51.92,207.68
12260,4330,2,33,5,75.21,376.05
12261,4331,1,19,6,56.03,336.18
12262,4331,2,36,7,79.32,555.24
12263,4332,1,22,8,60.14,481.12
12264,4332,2,39,1,83.43,83.43
12265,4333,1,25,2,64.25,128.50
12266,4333,2,42,3,87.54,262.62
12267,4334,1,28,4,68.36,273.44
12268,4334,2,45,5,91.65,458.25
12269,4335,1,31,6,72.47,434.82
12270,4335,2,48,7,95.76,670.32
12271,4336,1,34,8,76.58,612.64
12272,4336,2,51,1,99.87,99.87
12273,4337,1,37,2,80.69,161.38
12274,4337,2,54,3,103.98,311.94
12275,4338,1,40,4,84.80,339.20
12276,4338,2,57,5,108.09,540.45
12277,4339,1,43,6,88.91,533.46
12278,4339,2,60,7,112.20,785.40
12279,4340,1,46,8,93.02,744.16
12280,4340,2,63,1,116.31,116.31
12281,4341,1,49,2,97.13,194.26
12282,4341,2,66,3,120.42,361.26
12283,4342,1,52,4,101.24,404.96
12284,4342,2,69,5,124.53,622.65
12285,4343,1,55,6,105.35,632.10
12286,4343,2,72,7,128.64,900.48
12287,4344,1,58,8,109.46,875.68
12288,4344,2,75,1,132.75,132.75
12289,4345,1,61,2,113.57,227.14
12290,4345,2,78,3,136.86,410.58
12291,4346,1,64,4,117.68,470.72
12292,4346,2,81,5,140.97,704.85
12293,4347,1,67,6,121.79,730.74
12294,4347,2,84,7,145.08,1015.56
12295,4348,1,70,8,125.90,1007.20
12296,4348,2,87,1,149.19,149.19
12297,4349,1,73,2,130.01,260.02
12298,4349,2,90,3,153.30,459.90
12299,4350,1,76,4,134.12,536.48
12300,4350,2,93,5,157.41,787.05
12301,4351,1,79,6,138.23,829.38
12302,4351,2,96,7,161.52,1130.64
12303,4352,1,82,8,142.34,1138.72
12304,4352,2,99,1,165.63,165.63
12305,4353,1,85,2,146.45,292.90
12306,4353,2,102,3,169.74,509.22
12307,4354,1,88,4,150.56,602.24
12308,4354,2,105,5,173.85,869.25
12309,4355,1,91,6,154.67,928.02
12310,4355,2,108,7,177.96,1245.72
12311,4356,1,94,8,158.78,1270.24
12312,4356,2,111,1,182.07,182.07
12313,4357,1,97,2,162.89,325.78
12314,4357,2,2,3,32.74,98.22
12315,4358,1,100,4,167.00,668.00
12316,4358,2,5,5,36.85,184.25
12317,4359,1,103,6,171.11,1026.66
12318,4359,2,8,7,40.96,286.72
12319,4360,1,106,8,175.22,1401.76
12320,4360,2,11,1,45.07,45.07
12321,4361,1,109,2,179.33,358.66
12322,4361,2,14,3,49.18,147.54
12323,4362,1,112,4,183.44,733.76
12324,4362,2,17,5,53.29,266.45
12325,4363,1,3,6,34.11,204.66
12326,4363,2,20,7,57.40,401.80
12327,4364,1,6,8,38.22,305.76
12328,4364,2,23,1,61.51,61.51
12329,4365,1,9,2,42.33,84.66
12330,4365,2,26,3,65.62,196.86
12331,4366,1,12,4,46.44,185.76
12332,4366,2,29,5,69.73,348.65
12333,4367,1,15,6,50.55,303.30
12334,4367,2,32,7,73.84,516.88
12335,4368,1,18,8,54.66,437.28
12336,4368,2,35,1,77.95,77.95
12337,4369,1,21,2,58.77,117.54
12338,4369,2,38,3,82.06,246.18
12339,4370,1,24,4,62.88,251.52
12340,4370,2,41,5,86.17,430.85
12341,4371,1,27,6,66.99,401.94
12342,4371,2,44,7,90.28,631.96
12343,4372,1,30,8,71.10,568.80
12344,4372,2,47,1,94.39,94.39
12345,4373,1,33,2,75.21,150.42
12346,4373,2,50,3,98.50,295.50
12347,4374,1,36,4,79.32,317.28
12348,4374,2,53,5,102.61,513.05
12349,4375,1,39,6,83.43,500.58
12350,4375,2,56,7,106.72,747.04
12351,4376,1,42,8,87.54,700.32
12352,4376,2,59,1,110.83,110.83
12353,4377,1,45,2,91.65,183.30
12354,4377,2,62,3,114.94,344.82
12355,4378,1,48,4,95.76,383.04
12356,4378,2,65,5,119.05,595.25
12357,4379,1,51,6,99.87,599.22
12358,4379,2,68,7,123.16,862.12
12359,4380,1,54,8,103.98,831.84
12360,4380,2,71,1,127.27,127.27
12361,4381,1,57,2,108.09,216.18
12362,4381,2,74,3,131.38,394.14
12363,4382,1,60,4,112.20,448.80
12364,4382,2,77,5,135.49,677.45
12365,4383,1,63,6,116.31,697.86
12366,4383,2,80,7,139.60,977.20
12367,4384,1,66,8,120.42,963.36
12368,4384,2,83,1,143.71,143.71
12369,4385,1,69,2,124.53,249.06
12370,4385,2,86,3,147.82,443.46
12371,4386,1,72,4,128.64,514.56
12372,4386,2,89,5,151.93,759.65
12373,4387,1,75,6,132.75,796.50
12374,4387,2,92,7,156.04,1092.28
12375,4388,1,78,8,136.86,1094.88
12376,4388,2,95,1,160.15,160.15
12377,4389,1,81,2,140.97,281.94
12378,4389,2,98,3,164.26,492.78
12379,4390,1,84,4,145.08,580.32
12380,4390,2,101,5,168.37,841.85
12381,4391,1,87,6,149.19,895.14
12382,4391,2,104,7,172.48,1207.36
12383,4392,1,90,8,153.30,1226.40
12384,4392,2,107,1,176.59,176.59
12385,4393,1,93,2,157.41,314.82
12386,4393,2,110,3,180.70,542.10
12387,4394,1,96,4,161.52,646.08
12388,4394,2,1,5,31.37,156.85
12389,4395,1,99,6,165.63,993.78
12390,4395,2,4,7,35.48,248.36
12391,4396,1,102,8,169.74,1357.92
12392,4396,2,7,1,39.59,39.59
12393,4397,1,105,2,173.85,347.70
12394,4397,2,10,3,43.70,131.10
12395,4398,1,108,4,177.96,711.84
12396,4398,2,13,5,47.81,239.05
12397,4399,1,111,6,182.07,1092.42
12398,4399,2,16,7,51.92,363.44
12399,4400,1,2,8,32.74,261.92
12400,4400,2,19,1,56.03,56.03
12401,4401,1,5,2,36.85,73.70
12402,4401,2,22,3,60.14,180.42
12403,4402,1,8,4,40.96,163.84
12404,4402,2,25,5,64.25,321.25
12405,4403,1,11,6,45.07,270.42
12406,4403,2,28,7,68.36,478.52
12407,4404,1,14,8,49.18,393.44
12408,4404,2,31,1,72.47,72.47
12409,4405,1,17,2,53.29,106.58
12410,4405,2,34,3,76.58,229.74
12411,4406,1,20,4,57.40,229.60
12412,4406,2,37,5,80.69,403.45
12413,4407,1,23,6,61.51,369.06
12414,4407,2,40,7,84.80,593.60
12415,4408,1,26,8,65.62,524.96
12416,4408,2,43,1,88.91,88.91
12417,4409,1,29,2,69.73,139.46
12418,4409,2,46,3,93.02,279.06
12419,4410,1,32,4,73.84,295.36
12420,4410,2,49,5,97.13,485.65
12421,4411,1,35,6,77.95,467.70
12422,4411,2,52,7,101.24,708.68
12423,4412,1,38,8,82.06,656.48
12424,4412,2,55,1,105.35,105.35
12425,4413,1,41,2,86.17,172.34
12426,4413,2,58,3,109.46,328.38
12427,4414,1,44,4,90.28,361.12
12428,4414,2,61,5,113.57,567.85
12429,4415,1,47,6,94.39,566.34
12430,4415,2,64,7,117.68,823.76
12431,4416,1,50,8,98.50,788.00
12432,4416,2,67,1,121.79,121.79
12433,4417,1,53,2,102.61,205.22
12434,4417,2,70,3,125.90,377.70
12435,4418,1,56,4,106.72,426.88
12436,4418,2,73,5,130.01,650.05
12437,4419,1,59,6,110.83,664.98
12438,4419,2,76,7,134.12,938.84
12439,4420,1,62,8,114.94,919.52
12440,4420,2,79,1,138.23,138.23
12441,4421,1,65,2,119.05,238.10
12442,4421,2,82,3,142.34,427.02
12443,4422,1,68,4,123.16,492.64
12444,4422,2,85,5,146.45,732.25
12445,4423,1,71,6,127.27,763.62
12446,4423,2,88,7,150.56,1053.92
12447,4424,1,74,8,131.38,1051.04
12448,4424,2,91,1,154.67,154.67
12449,4425,1,77,2,135.49,270.98
12450,4425,2,94,3,158.78,476.34
12451,4426,1,80,4,139.60,558.40
12452,4426,2,97,5,162.89,814.45
12453,4427,1,83,6,143.71,862.26
12454,4427,2,100,7,167.00,1169.00
12455,4428,1,86,8,147.82,1182.56
12456,4428,2,103,1,171.11,171.11
12457,4429,1,89,2,151.93,303.86
12458,4429,2,106,3,175.22,525.66
12459,4430,1,92,4,156.04,624.16
12460,4430,2,109,5,179.33,896.65
12461,4431,1,95,6,160.15,960.90
12462,4431,2,112,7,183.44,1284.08
12463,4432,1,98,8,164.26,1314.08
12464,4432,2,3,1,34.11,34.11
12465,4433,1,101,2,168.37,336.74
12466,4433,2,6,3,38.22,114.66
12467,4434,1,104,4,172.48,689.92
12468,4434,2,9,5,42.33,211.65
12469,4435,1,107,6,176.59,1059.54
12470,4435,2,12,7,46.44,325.08
12471,4436,1,110,8,180.70,1445.60
12472,4436,2,15,1,50.55,50.55
12473,4437,1,1,2,31.37,62.74
12474,4437,2,18,3,54.66,163.98
12475,4438,1,4,4,35.48,141.92
12476,4438,2,21,5,58.77,293.85
12477,4439,1,7,6,39.59,237.54
12478,4439,2,24,7,62.88,440.16
12479,4440,1,10,8,43.70,349.60
12480,4440,2,27,1,66.99,66.99
12481,4441,1,13,2,47.81,95.62
12482,4441,2,30,3,71.10,213.30
12483,4442,1,16,4,51.92,207.68
12484,4442,2,33,5,75.21,376.05
12485,4443,1,19,6,56.03,336.18
12486,4443,2,36,7,79.32,555.24
12487,4444,1,22,8,60.14,481.12
12488,4444,2,39,1,83.43,83.43
12489,4445,1,25,2,64.25,128.50
12490,4445,2,42,3,87.54,262.62
12491,4446,1,28,4,68.36,273.44
12492,4446,2,45,5,91.65,458.25
12493,4447,1,31,6,72.47,434.82
12494,4447,2,48,7,95.76,670.32
12495,4448,1,34,8,76.58,612.64
12496,4448,2,51,1,99.87,99.87
12497,4449,1,37,2,80.69,161.38
12498,4449,2,54,3,103.98,311.94
12499,4450,1,40,4,84.80,339.20
12500,4450,2,57,5,108.09,540.45
12501,4451,1,43,6,88.91,533.46
12502,4451,2,60,7,112.20,785.40
12503,4452,1,46,8,93.02,744.16
12504,4452,2,63,1,116.31,116.31
12505,4453,1,49,2,97.13,194.26
12506,4453,2,66,3,120.42,361.26
12507,4454,1,52,4,101.24,404.96
12508,4454,2,69,5,124.53,622.65
12509,4455,1,55,6,105.35,632.10
12510,4455,2,72,7,128.64,900.48
12511,4456,1,58,8,109.46,875.68
12512,4456,2,75,1,132.75,132.75
12513,4457,1,61,2,113.57,227.14
12514,4457,2,78,3,136.86,410.58
12515,4458,1,64,4,117.68,470.72
12516,4458,2,81,5,140.97,704.85
12517,4459,1,67,6,121.79,730.74
12518,4459,2,84,7,145.08,1015.56
12519,4460,1,70,8,125.90,1007.20
12520,4460,2,87,1,149.19,149.19
12521,4461,1,73,2,130.01,260.02
12522,4461,2,90,3,153.30,459.90
12523,4462,1,76,4,134.12,536.48
12524,4462,2,93,5,157.41,787.05
12525,4463,1,79,6,138.23,829.38
12526,4463,2,96,7,161.52,1130.64
12527,4464,1,82,8,142.34,1138.72
12528,4464,2,99,1,165.63,165.63
12529,4465,1,85,2,146.45,292.90
12530,4465,2,102,3,169.74,509.22
12531,4466,1,88,4,150.56,602.24
12532,4466,2,105,5,173.85,869.25
12533,4467,1,91,6,154.67,928.02
12534,4467,2,108,7,177.96,1245.72
12535,4468,1,94,8,158.78,1270.24
12536,4468,2,111,1,182.07,182.07
12537,4469,1,97,2,162.89,325.78
12538,4469,2,2,3,32.74,98.22
12539,4470,1,100,4,167.00,668.00
12540,4470,2,5,5,36.85,184.25
12541,4471,1,103,6,171.11,1026.66
12542,4471,2,8,7,40.96,286.72
12543,4472,1,106,8,175.22,1401.76
12544,4472,2,11,1,45.07,45.07
12545,4473,1,109,2,179.33,358.66
12546,4473,2,14,3,49.18,147.54
12547,4474,1,112,4,183.44,733.76
12548,4474,2,17,5,53.29,266.45
12549,4475,1,3,6,34.11,204.66
12550,4475,2,20,7,57.40,401.80
12551,4476,1,6,8,38.22,305.76
12552,4476,2,23,1,61.51,61.51
12553,4477,1,9,2,42.33,84.66
12554,4477,2,26,3,65.62,196.86
12555,4478,1,12,4,46.44,185.76
12556,4478,2,29,5,69.73,348.65
12557,4479,1,15,6,50.55,303.30
12558,4479,2,32,7,73.84,516.88
12559,4480,1,18,8,54.66,437.28
12560,4480,2,35,1,77.95,77.95
12561,4481,1,21,2,58.77,117.54
12562,4481,2,38,3,82.06,246.18
12563,4482,1,24,4,62.88,251.52
12564,4482,2,41,5,86.17,430.85
12565,4483,1,27,6,66.99,401.94
12566,4483,2,44,7,90.28,631.96
12567,4484,1,30,8,71.10,568.80
12568,4484,2,47,1,94.39,94.39
12569,4485,1,33,2,75.21,150.42
12570,4485,2,50,3,98.50,295.50
12571,4486,1,36,4,79.32,317.28
12572,4486,2,53,5,102.61,513.05
12573,4487,1,39,6,83.43,500.58
12574,4487,2,56,7,106.72,747.04
12575,4488,1,42,8,87.54,700.32
12576,4488,2,59,1,110.83,110.83
12577,4489,1,45,2,91.65,183.30
12578,4489,2,62,3,114.94,344.82
12579,4490,1,48,4,95.76,383.04
12580,4490,2,65,5,119.05,595.25
12581,4491,1,51,6,99.87,599.22
12582,4491,2,68,7,123.16,862.12
12583,4492,1,54,8,103.98,831.84
12584,4492,2,71,1,127.27,127.27
12585,4493,1,57,2,108.09,216.18
12586,4493,2,74,3,131.38,394.14
12587,4494,1,60,4,112.20,448.80
12588,4494,2,77,5,135.49,677.45
12589,4495,1,63,6,116.31,697.86
12590,4495,2,80,7,139.60,977.20
12591,4496,1,66,8,120.42,963.36
12592,4496,2,83,1,143.71,143.71
12593,4497,1,69,2,124.53,249.06
12594,4497,2,86,3,147.82,443.46
12595,4498,1,72,4,128.64,514.56
12596,4498,2,89,5,151.93,759.65
12597,4499,1,75,6,132.75,796.50
12598,4499,2,92,7,156.04,1092.28
12599,4500,1,78,8,136.86,1094.88
12600,4500,2,95,1,160.15,160.15
12601,4501,1,81,2,140.97,281.94
12602,4501,2,98,3,164.26,492.78
12603,4502,1,84,4,145.08,580.32
12604,4502,2,101,5,168.37,841.85
12605,4503,1,87,6,149.19,895.14
12606,4503,2,104,7,172.48,1207.36
12607,4504,1,90,8,153.30,1226.40
12608,4504,2,107,1,176.59,176.59
12609,4505,1,93,2,157.41,314.82
12610,4505,2,110,3,180.70,542.10
12611,4506,1,96,4,161.52,646.08
12612,4506,2,1,5,31.37,156.85
12613,4507,1,99,6,165.63,993.78
12614,4507,2,4,7,35.48,248.36
12615,4508,1,102,8,169.74,1357.92
12616,4508,2,7,1,39.59,39.59
12617,4509,1,105,2,173.85,347.70
12618,4509,2,10,3,43.70,131.10
12619,4510,1,108,4,177.96,711.84
12620,4510,2,13,5,47.81,239.05
12621,4511,1,111,6,182.07,1092.42
12622,4511,2,16,7,51.92,363.44
12623,4512,1,2,8,32.74,261.92
12624,4512,2,19,1,56.03,56.03
12625,4513,1,5,2,36.85,73.70
12626,4513,2,22,3,60.14,180.42
12627,4514,1,8,4,40.96,163.84
12628,4514,2,25,5,64.25,321.25
12629,4515,1,11,6,45.07,270.42
12630,4515,2,28,7,68.36,478.52
12631,4516,1,14,8,49.18,393.44
12632,4516,2,31,1,72.47,72.47
12633,4517,1,17,2,53.29,106.58
12634,4517,2,34,3,76.58,229.74
12635,4518,1,20,4,57.40,229.60
12636,4518,2,37,5,80.69,403.45
12637,4519,1,23,6,61.51,369.06
12638,4519,2,40,7,84.80,593.60
12639,4520,1,26,8,65.62,524.96
12640,4520,2,43,1,88.91,88.91
12641,4521,1,29,2,69.73,139.46
12642,4521,2,46,3,93.02,279.06
12643,4522,1,32,4,73.84,295.36
12644,4522,2,49,5,97.13,485.65
12645,4523,1,35,6,77.95,467.70
12646,4523,2,52,7,101.24,708.68
12647,4524,1,38,8,82.06,656.48
12648,4524,2,55,1,105.35,105.35
12649,4525,1,41,2,86.17,172.34
12650,4525,2,58,3,109.46,328.38
12651,4526,1,44,4,90.28,361.12
12652,4526,2,61,5,113.57,567.85
12653,4527,1,47,6,94.39,566.34
12654,4527,2,64,7,117.68,823.76
12655,4528,1,50,8,98.50,788.00
12656,4528,2,67,1,121.79,121.79
12657,4529,1,53,2,102.61,205.22
12658,4529,2,70,3,125.90,377.70
12659,4530,1,56,4,106.72,426.88
12660,4530,2,73,5,130.01,650.05
12661,4531,1,59,6,110.83,664.98
12662,4531,2,76,7,134.12,938.84
12663,4532,1,62,8,114.94,919.52
12664,4532,2,79,1,138.23,138.23
12665,4533,1,65,2,119.05,238.10
12666,4533,2,82,3,142.34,427.02
12667,4534,1,68,4,123.16,492.64
12668,4534,2,85,5,146.45,732.25
12669,4535,1,71,6,127.27,763.62
12670,4535,2,88,7,150.56,1053.92
12671,4536,1,74,8,131.38,1051.04
12672,4536,2,91,1,154.67,154.67
12673,4537,1,77,2,135.49,270.98
12674,4537,2,94,3,158.78,476.34
12675,4538,1,80,4,139.60,558.40
12676,4538,2,97,5,162.89,814.45
12677,4539,1,83,6,143.71,862.26
12678,4539,2,100,7,167.00,1169.00
12679,4540,1,86,8,147.82,1182.56
12680,4540,2,103,1,171.11,171.11
12681,4541,1,89,2,151.93,303.86
12682,4541,2,106,3,175.22,525.66
12683,4542,1,92,4,156.04,624.16
12684,4542,2,109,5,179.33,896.65
12685,4543,1,95,6,160.15,960.90
12686,4543,2,112,7,183.44,1284.08
12687,4544,1,98,8,164.26,1314.08
12688,4544,2,3,1,34.11,34.11
12689,4545,1,101,2,168.37,336.74
12690,4545,2,6,3,38.22,114.66
12691,4546,1,104,4,172.48,689.92
12692,4546,2,9,5,42.33,211.65
12693,4547,1,107,6,176.59,1059.54
12694,4547,2,12,7,46.44,325.08
12695,4548,1,110,8,180.70,1445.60
12696,4548,2,15,1,50.55,50.55
12697,4549,1,1,2,31.37,62.74
12698,4549,2,18,3,54.66,163.98
12699,4550,1,4,4,35.48,141.92
12700,4550,2,21,5,58.77,293.85
12701,4551,1,7,6,39.59,237.54
12702,4551,2,24,7,62.88,440.16
12703,4552,1,10,8,43.70,349.60
12704,4552,2,27,1,66.99,66.99
12705,4553,1,13,2,47.81,95.62
12706,4553,2,30,3,71.10,213.30
12707,4554,1,16,4,51.92,207.68
12708,4554,2,33,5,75.21,376.05
12709,4555,1,19,6,56.03,336.18
12710,4555,2,36,7,79.32,555.24
12711,4556,1,22,8,60.14,481.12
12712,4556,2,39,1,83.43,83.43
12713,4557,1,25,2,64.25,128.50
12714,4557,2,42,3,87.54,262.62
12715,4558,1,28,4,68.36,273.44
12716,4558,2,45,5,91.65,458.25
12717,4559,1,31,6,72.47,434.82
12718,4559,2,48,7,95.76,670.32
12719,4560,1,34,8,76.58,612.64
12720,4560,2,51,1,99.87,99.87
12721,4561,1,37,2,80.69,161.38
12722,4561,2,54,3,103.98,311.94
12723,4562,1,40,4,84.80,339.20
12724,4562,2,57,5,108.09,540.45
12725,4563,1,43,6,88.91,533.46
12726,4563,2,60,7,112.20,785.40
12727,4564,1,46,8,93.02,744.16
12728,4564,2,63,1,116.31,116.31
12729,4565,1,49,2,97.13,194.26
12730,4565,2,66,3,120.42,361.26
12731,4566,1,52,4,101.24,404.96
12732,4566,2,69,5,124.53,622.65
12733,4567,1,55,6,105.35,632.10
12734,4567,2,72,7,128.64,900.48
12735,4568,1,58,8,109.46,875.68
12736,4568,2,75,1,132.75,132.75
12737,4569,1,61,2,113.57,227.14
12738,4569,2,78,3,136.86,410.58
12739,4570,1,64,4,117.68,470.72
12740,4570,2,81,5,140.97,704.85
12741,4571,1,67,6,121.79,730.74
12742,4571,2,84,7,145.08,1015.56
12743,4572,1,70,8,125.90,1007.20
12744,4572,2,87,1,149.19,149.19
12745,4573,1,73,2,130.01,260.02
12746,4573,2,90,3,153.30,459.90
12747,4574,1,76,4,134.12,536.48
12748,4574,2,93,5,157.41,787.05
12749,4575,1,79,6,138.23,829.38
12750,4575,2,96,7,161.52,1130.64
12751,4576,1,82,8,142.34,1138.72
12752,4576,2,99,1,165.63,165.63
12753,4577,1,85,2,146.45,292.90
12754,4577,2,102,3,169.74,509.22
12755,4578,1,88,4,150.56,602.24
12756,4578,2,105,5,173.85,869.25
12757,4579,1,91,6,154.67,928.02
12758,4579,2,108,7,177.96,1245.72
12759,4580,1,94,8,158.78,1270.24
12760,4580,2,111,1,182.07,182.07
12761,4581,1,97,2,162.89,325.78
12762,4581,2,2,3,32.74,98.22
12763,4582,1,100,4,167.00,668.00
12764,4582,2,5,5,36.85,184.25
12765,4583,1,103,6,171.11,1026.66
12766,4583,2,8,7,40.96,286.72
12767,4584,1,106,8,175.22,1401.76
12768,4584,2,11,1,45.07,45.07
12769,4585,1,109,2,179.33,358.66
12770,4585,2,14,3,49.18,147.54
12771,4586,1,112,4,183.44,733.76
12772,4586,2,17,5,53.29,266.45
12773,4587,1,3,6,34.11,204.66
12774,4587,2,20,7,57.40,401.80
12775,4588,1,6,8,38.22,305.76
12776,4588,2,23,1,61.51,61.51
12777,4589,1,9,2,42.33,84.66
12778,4589,2,26,3,65.62,196.86
12779,4590,1,12,4,46.44,185.76
12780,4590,2,29,5,69.73,348.65
12781,4591,1,15,6,50.55,303.30
12782,4591,2,32,7,73.84,516.88
12783,4592,1,18,8,54.66,437.28
12784,4592,2,35,1,77.95,77.95
12785,4593,1,21,2,58.77,117.54
12786,4593,2,38,3,82.06,246.18
12787,4594,1,24,4,62.88,251.52
12788,4594,2,41,5,86.17,430.85
12789,4595,1,27,6,66.99,401.94
12790,4595,2,44,7,90.28,631.96
12791,4596,1,30,8,71.10,568.80
12792,4596,2,47,1,94.39,94.39
12793,4597,1,33,2,75.21,150.42
12794,4597,2,50,3,98.50,295.50
12795,4598,1,36,4,79.32,317.28
12796,4598,2,53,5,102.61,513.05
12797,4599,1,39,6,83.43,500.58
12798,4599,2,56,7,106.72,747.04
12799,4600,1,42,8,87.54,700.32
12800,4600,2,59,1,110.83,110.83
12801,4601,1,45,2,91.65,183.30
12802,4601,2,62,3,114.94,344.82
12803,4602,1,48,4,95.76,383.04
12804,4602,2,65,5,119.05,595.25
12805,4603,1,51,6,99.87,599.22
12806,4603,2,68,7,123.16,862.12
12807,4604,1,54,8,103.98,831.84
12808,4604,2,71,1,127.27,127.27
12809,4605,1,57,2,108.09,216.18
12810,4605,2,74,3,131.38,394.14
12811,4606,1,60,4,112.20,448.80
12812,4606,2,77,5,135.49,677.45
12813,4607,1,63,6,116.31,697.86
12814,4607,2,80,7,139.60,977.20
12815,4608,1,66,8,120.42,963.36
12816,4608,2,83,1,143.71,143.71
12817,4609,1,69,2,124.53,249.06
12818,4609,2,86,3,147.82,443.46
12819,4610,1,72,4,128.64,514.56
12820,4610,2,89,5,151.93,759.65
12821,4611,1,75,6,132.75,796.50
12822,4611,2,92,7,156.04,1092.28
12823,4612,1,78,8,136.86,1094.88
12824,4612,2,95,1,160.15,160.15
12825,4613,1,81,2,140.97,281.94
12826,4613,2,98,3,164.26,492.78
12827,4614,1,84,4,145.08,580.32
12828,4614,2,101,5,168.37,841.85
12829,4615,1,87,6,149.19,895.14
12830,4615,2,104,7,172.48,1207.36
12831,4616,1,90,8,153.30,1226.40
12832,4616,2,107,1,176.59,176.59
12833,4617,1,93,2,157.41,314.82
12834,4617,2,110,3,180.70,542.10
12835,4618,1,96,4,161.52,646.08
12836,4618,2,1,5,31.37,156.85
12837,4619,1,99,6,165.63,993.78
12838,4619,2,4,7,35.48,248.36
12839,4620,1,102,8,169.74,1357.92
12840,4620,2,7,1,39.59,39.59
12841,4621,1,105,2,173.85,347.70
12842,4621,2,10,3,43.70,131.10
12843,4622,1,108,4,177.96,711.84
12844,4622,2,13,5,47.81,239.05
12845,4623,1,111,6,182.07,1092.42
12846,4623,2,16,7,51.92,363.44
12847,4624,1,2,8,32.74,261.92
12848,4624,2,19,1,56.03,56.03
12849,4625,1,5,2,36.85,73.70
12850,4625,2,22,3,60.14,180.42
12851,4626,1,8,4,40.96,163.84
12852,4626,2,25,5,64.25,321.25
12853,4627,1,11,6,45.07,270.42
12854,4627,2,28,7,68.36,478.52
12855,4628,1,14,8,49.18,393.44
12856,4628,2,31,1,72.47,72.47
12857,4629,1,17,2,53.29,106.58
12858,4629,2,34,3,76.58,229.74
12859,4630,1,20,4,57.40,229.60
12860,4630,2,37,5,80.69,403.45
12861,4631,1,23,6,61.51,369.06
12862,4631,2,40,7,84.80,593.60
12863,4632,1,26,8,65.62,524.96
12864,4632,2,43,1,88.91,88.91
12865,4633,1,29,2,69.73,139.46
12866,4633,2,46,3,93.02,279.06
12867,4634,1,32,4,73.84,295.36
12868,4634,2,49,5,97.13,485.65
12869,4635,1,35,6,77.95,467.70
12870,4635,2,52,7,101.24,708.68
12871,4636,1,38,8,82.06,656.48
12872,4636,2,55,1,105.35,105.35
12873,4637,1,41,2,86.17,172.34
12874,4637,2,58,3,109.46,328.38
12875,4638,1,44,4,90.28,361.12
12876,4638,2,61,5,113.57,567.85
12877,4639,1,47,6,94.39,566.34
12878,4639,2,64,7,117.68,823.76
12879,4640,1,50,8,98.50,788.00
12880,4640,2,67,1,121.79,121.79
12881,4641,1,53,2,102.61,205.22
12882,4641,2,70,3,125.90,377.70
12883,4642,1,56,4,106.72,426.88
12884,4642,2,73,5,130.01,650.05
12885,4643,1,59,6,110.83,664.98
12886,4643,2,76,7,134.12,938.84
12887,4644,1,62,8,114.94,919.52
12888,4644,2,79,1,138.23,138.23
12889,4645,1,65,2,119.05,238.10
12890,4645,2,82,3,142.34,427.02
12891,4646,1,68,4,123.16,492.64
12892,4646,2,85,5,146.45,732.25
12893,4647,1,71,6,127.27,763.62
12894,4647,2,88,7,150.56,1053.92
12895,4648,1,74,8,131.38,1051.04
12896,4648,2,91,1,154.67,154.67
12897,4649,1,77,2,135.49,270.98
12898,4649,2,94,3,158.78,476.34
12899,4650,1,80,4,139.60,558.40
12900,4650,2,97,5,162.89,814.45
12901,4651,1,83,6,143.71,862.26
12902,4651,2,100,7,167.00,1169.00
12903,4652,1,86,8,147.82,1182.56
12904,4652,2,103,1,171.11,171.11
12905,4653,1,89,2,151.93,303.86
12906,4653,2,106,3,175.22,525.66
12907,4654,1,92,4,156.04,624.16
12908,4654,2,109,5,179.33,896.65
12909,4655,1,95,6,160.15,960.90
12910,4655,2,112,7,183.44,1284.08
12911,4656,1,98,8,164.26,1314.08
12912,4656,2,3,1,34.11,34.11
12913,4657,1,101,2,168.37,336.74
12914,4657,2,6,3,38.22,114.66
12915,4658,1,104,4,172.48,689.92
12916,4658,2,9,5,42.33,211.65
12917,4659,1,107,6,176.59,1059.54
12918,4659,2,12,7,46.44,325.08
12919,4660,1,110,8,180.70,1445.60
12920,4660,2,15,1,50.55,50.55
12921,4661,1,1,2,31.37,62.74
12922,4661,2,18,3,54.66,163.98
12923,4662,1,4,4,35.48,141.92
12924,4662,2,21,5,58.77,293.85
12925,4663,1,7,6,39.59,237.54
12926,4663,2,24,7,62.88,440.16
12927,4664,1,10,8,43.70,349.60
12928,4664,2,27,1,66.99,66.99
12929,4665,1,13,2,47.81,95.62
12930,4665,2,30,3,71.10,213.30
12931,4666,1,16,4,51.92,207.68
12932,4666,2,33,5,75.21,376.05
12933,4667,1,19,6,56.03,336.18
12934,4667,2,36,7,79.32,555.24
12935,4668,1,22,8,60.14,481.12
12936,4668,2,39,1,83.43,83.43
12937,4669,1,25,2,64.25,128.50
12938,4669,2,42,3,87.54,262.62
12939,4670,1,28,4,68.36,273.44
12940,4670,2,45,5,91.65,458.25
12941,4671,1,31,6,72.47,434.82
12942,4671,2,48,7,95.76,670.32
12943,4672,1,34,8,76.58,612.64
12944,4672,2,51,1,99.87,99.87
12945,4673,1,37,2,80.69,161.38
12946,4673,2,54,3,103.98,311.94
12947,4674,1,40,4,84.80,339.20
12948,4674,2,57,5,108.09,540.45
12949,4675,1,43,6,88.91,533.46
12950,4675,2,60,7,112.20,785.40
12951,4676,1,46,8,93.02,744.16
12952,4676,2,63,1,116.31,116.31
12953,4677,1,49,2,97.13,194.26
12954,4677,2,66,3,120.42,361.26
12955,4678,1,52,4,101.24,404.96
12956,4678,2,69,5,124.53,622.65
12957,4679,1,55,6,105.35,632.10
12958,4679,2,72,7,128.64,900.48
12959,4680,1,58,8,109.46,875.68
12960,4680,2,75,1,132.75,132.75
12961,4681,1,61,2,113.57,227.14
12962,4681,2,78,3,136.86,410.58
12963,4682,1,64,4,117.68,470.72
12964,4682,2,81,5,140.97,704.85
12965,4683,1,67,6,121.79,730.74
12966,4683,2,84,7,145.08,1015.56
12967,4684,1,70,8,125.90,1007.20
12968,4684,2,87,1,149.19,149.19
12969,4685,1,73,2,130.01,260.02
12970,4685,2,90,3,153.30,459.90
12971,4686,1,76,4,134.12,536.48
12972,4686,2,93,5,157.41,787.05
12973,4687,1,79,6,138.23,829.38
12974,4687,2,96,7,161.52,1130.64
12975,4688,1,82,8,142.34,1138.72
12976,4688,2,99,1,165.63,165.63
12977,4689,1,85,2,146.45,292.90
12978,4689,2,102,3,169.74,509.22
12979,4690,1,88,4,150.56,602.24
12980,4690,2,105,5,173.85,869.25
12981,4691,1,91,6,154.67,928.02
12982,4691,2,108,7,177.96,1245.72
12983,4692,1,94,8,158.78,1270.24
12984,4692,2,111,1,182.07,182.07
12985,4693,1,97,2,162.89,325.78
12986,4693,2,2,3,32.74,98.22
12987,4694,1,100,4,167.00,668.00
12988,4694,2,5,5,36.85,184.25
12989,4695,1,103,6,171.11,1026.66
12990,4695,2,8,7,40.96,286.72
12991,4696,1,106,8,175.22,1401.76
12992,4696,2,11,1,45.07,45.07
12993,4697,1,109,2,179.33,358.66
12994,4697,2,14,3,49.18,147.54
12995,4698,1,112,4,183.44,733.76
12996,4698,2,17,5,53.29,266.45
12997,4699,1,3,6,34.11,204.66
12998,4699,2,20,7,57.40,401.80
12999,4700,1,6,8,38.22,305.76
13000,4700,2,23,1,61.51,61.51
13001,4701,1,9,2,42.33,84.66
13002,4701,2,26,3,65.62,196.86
13003,4702,1,12,4,46.44,185.76
13004,4702,2,29,5,69.73,348.65
13005,4703,1,15,6,50.55,303.30
13006,4703,2,32,7,73.84,516.88
13007,4704,1,18,8,54.66,437.28
13008,4704,2,35,1,77.95,77.95
13009,4705,1,21,2,58.77,117.54
13010,4705,2,38,3,82.06,246.18
13011,4706,1,24,4,62.88,251.52
13012,4706,2,41,5,86.17,430.85
13013,4707,1,27,6,66.99,401.94
13014,4707,2,44,7,90.28,631.96
13015,4708,1,30,8,71.10,568.80
13016,4708,2,47,1,94.39,94.39
13017,4709,1,33,2,75.21,150.42
13018,4709,2,50,3,98.50,295.50
13019,4710,1,36,4,79.32,317.28
13020,4710,2,53,5,102.61,513.05
13021,4711,1,39,6,83.43,500.58
13022,4711,2,56,7,106.72,747.04
13023,4712,1,42,8,87.54,700.32
13024,4712,2,59,1,110.83,110.83
13025,4713,1,45,2,91.65,183.30
13026,4713,2,62,3,114.94,344.82
13027,4714,1,48,4,95.76,383.04
13028,4714,2,65,5,119.05,595.25
13029,4715,1,51,6,99.87,599.22
13030,4715,2,68,7,123.16,862.12
13031,4716,1,54,8,103.98,831.84
13032,4716,2,71,1,127.27,127.27
13033,4717,1,57,2,108.09,216.18
13034,4717,2,74,3,131.38,394.14
13035,4718,1,60,4,112.20,448.80
13036,4718,2,77,5,135.49,677.45
13037,4719,1,63,6,116.31,697.86
13038,4719,2,80,7,139.60,977.20
13039,4720,1,66,8,120.42,963.36
13040,4720,2,83,1,143.71,143.71
13041,4721,1,69,2,124.53,249.06
13042,4721,2,86,3,147.82,443.46
13043,4722,1,72,4,128.64,514.56
13044,4722,2,89,5,151.93,759.65
13045,4723,1,75,6,132.75,796.50
13046,4723,2,92,7,156.04,1092.28
13047,4724,1,78,8,136.86,1094.88
13048,4724,2,95,1,160.15,160.15
13049,4725,1,81,2,140.97,281.94
13050,4725,2,98,3,164.26,492.78
13051,4726,1,84,4,145.08,580.32
13052,4726,2,101,5,168.37,841.85
13053,4727,1,87,6,149.19,895.14
13054,4727,2,104,7,172.48,1207.36
13055,4728,1,90,8,153.30,1226.40
13056,4728,2,107,1,176.59,176.59
13057,4729,1,93,2,157.41,314.82
13058,4729,2,110,3,180.70,542.10
13059,4730,1,96,4,161.52,646.08
13060,4730,2,1,5,31.37,156.85
13061,4731,1,99,6,165.63,993.78
13062,4731,2,4,7,35.48,248.36
13063,4732,1,102,8,169.74,1357.92
13064,4732,2,7,1,39.59,39.59
13065,4733,1,105,2,173.85,347.70
13066,4733,2,10,3,43.70,131.10
13067,4734,1,108,4,177.96,711.84
13068,4734,2,13,5,47.81,239.05
13069,4735,1,111,6,182.07,1092.42
13070,4735,2,16,7,51.92,363.44
13071,4736,1,2,8,32.74,261.92
13072,4736,2,19,1,56.03,56.03
13073,4737,1,5,2,36.85,73.70
13074,4737,2,22,3,60.14,180.42
13075,4738,1,8,4,40.96,163.84
13076,4738,2,25,5,64.25,321.25
13077,4739,1,11,6,45.07,270.42
13078,4739,2,28,7,68.36,478.52
13079,4740,1,14,8,49.18,393.44
13080,4740,2,31,1,72.47,72.47
13081,4741,1,17,2,53.29,106.58
13082,4741,2,34,3,76.58,229.74
13083,4742,1,20,4,57.40,229.60
13084,4742,2,37,5,80.69,403.45
13085,4743,1,23,6,61.51,369.06
13086,4743,2,40,7,84.80,593.60
13087,4744,1,26,8,65.62,524.96
13088,4744,2,43,1,88.91,88.91
13089,4745,1,29,2,69.73,139.46
13090,4745,2,46,3,93.02,279.06
13091,4746,1,32,4,73.84,295.36
13092,4746,2,49,5,97.13,485.65
13093,4747,1,35,6,77.95,467.70
13094,4747,2,52,7,101.24,708.68
13095,4748,1,38,8,82.06,656.48
13096,4748,2,55,1,105.35,105.35
13097,4749,1,41,2,86.17,172.34
13098,4749,2,58,3,109.46,328.38
13099,4750,1,44,4,90.28,361.12
13100,4750,2,61,5,113.57,567.85
13101,4751,1,47,6,94.39,566.34
13102,4751,2,64,7,117.68,823.76
13103,4752,1,50,8,98.50,788.00
13104,4752,2,67,1,121.79,121.79
13105,4753,1,53,2,102.61,205.22
13106,4753,2,70,3,125.90,377.70
13107,4754,1,56,4,106.72,426.88
13108,4754,2,73,5,130.01,650.05
13109,4755,1,59,6,110.83,664.98
13110,4755,2,76,7,134.12,938.84
13111,4756,1,62,8,114.94,919.52
13112,4756,2,79,1,138.23,138.23
13113,4757,1,65,2,119.05,238.10
13114,4757,2,82,3,142.34,427.02
13115,4758,1,68,4,123.16,492.64
13116,4758,2,85,5,146.45,732.25
13117,4759,1,71,6,127.27,763.62
13118,4759,2,88,7,150.56,1053.92
13119,4760,1,74,8,131.38,1051.04
13120,4760,2,91,1,154.67,154.67
13121,4761,1,77,2,135.49,270.98
13122,4761,2,94,3,158.78,476.34
13123,4762,1,80,4,139.60,558.40
13124,4762,2,97,5,162.89,814.45
13125,4763,1,83,6,143.71,862.26
13126,4763,2,100,7,167.00,1169.00
13127,4764,1,86,8,147.82,1182.56
13128,4764,2,103,1,171.11,171.11
13129,4765,1,89,2,151.93,303.86
13130,4765,2,106,3,175.22,525.66
13131,4766,1,92,4,156.04,624.16
13132,4766,2,109,5,179.33,896.65
13133,4767,1,95,6,160.15,960.90
13134,4767,2,112,7,183.44,1284.08
13135,4768,1,98,8,164.26,1314.08
13136,4768,2,3,1,34.11,34.11
13137,4769,1,101,2,168.37,336.74
13138,4769,2,6,3,38.22,114.66
13139,4770,1,104,4,172.48,689.92
13140,4770,2,9,5,42.33,211.65
13141,4771,1,107,6,176.59,1059.54
13142,4771,2,12,7,46.44,325.08
13143,4772,1,110,8,180.70,1445.60
13144,4772,2,15,1,50.55,50.55
13145,4773,1,1,2,31.37,62.74
13146,4773,2,18,3,54.66,163.98
13147,4774,1,4,4,35.48,141.92
13148,4774,2,21,5,58.77,293.85
13149,4775,1,7,6,39.59,237.54
13150,4775,2,24,7,62.88,440.16
13151,4776,1,10,8,43.70,349.60
13152,4776,2,27,1,66.99,66.99
13153,4777,1,13,2,47.81,95.62
13154,4777,2,30,3,71.10,213.30
13155,4778,1,16,4,51.92,207.68
13156,4778,2,33,5,75.21,376.05
13157,4779,1,19,6,56.03,336.18
13158,4779,2,36,7,79.32,555.24
13159,4780,1,22,8,60.14,481.12
13160,4780,2,39,1,83.43,83.43
13161,4781,1,25,2,64.25,128.50
13162,4781,2,42,3,87.54,262.62
13163,4782,1,28,4,68.36,273.44
13164,4782,2,45,5,91.65,458.25
13165,4783,1,31,6,72.47,434.82
13166,4783,2,48,7,95.76,670.32
13167,4784,1,34,8,76.58,612.64
13168,4784,2,51,1,99.87,99.87
13169,4785,1,37,2,80.69,161.38
13170,4785,2,54,3,103.98,311.94
13171,4786,1,40,4,84.80,339.20
13172,4786,2,57,5,108.09,540.45
13173,4787,1,43,6,88.91,533.46
13174,4787,2,60,7,112.20,785.40
13175,4788,1,46,8,93.02,744.16
13176,4788,2,63,1,116.31,116.31
13177,4789,1,49,2,97.13,194.26
13178,4789,2,66,3,120.42,361.26
13179,4790,1,52,4,101.24,404.96
13180,4790,2,69,5,124.53,622.65
13181,4791,1,55,6,105.35,632.10
13182,4791,2,72,7,128.64,900.48
13183,4792,1,58,8,109.46,875.68
13184,4792,2,75,1,132.75,132.75
13185,4793,1,61,2,113.57,227.14
13186,4793,2,78,3,136.86,410.58
13187,4794,1,64,4,117.68,470.72
13188,4794,2,81,5,140.97,704.85
13189,4795,1,67,6,121.79,730.74
13190,4795,2,84,7,145.08,1015.56
13191,4796,1,70,8,125.90,1007.20
13192,4796,2,87,1,149.19,149.19
13193,4797,1,73,2,130.01,260.02
13194,4797,2,90,3,153.30,459.90
13195,4798,1,76,4,134.12,536.48
13196,4798,2,93,5,157.41,787.05
13197,4799,1,79,6,138.23,829.38
13198,4799,2,96,7,161.52,1130.64
13199,4800,1,82,8,142.34,1138.72
13200,4800,2,99,1,165.63,165.63
13201,4801,1,85,2,146.45,292.90
13202,4801,2,102,3,169.74,509.22
13203,4802,1,88,4,150.56,602.24
13204,4802,2,105,5,173.85,869.25
13205,4803,1,91,6,154.67,928.02
13206,4803,2,108,7,177.96,1245.72
13207,4804,1,94,8,158.78,1270.24
13208,4804,2,111,1,182.07,182.07
13209,4805,1,97,2,162.89,325.78
13210,4805,2,2,3,32.74,98.22
13211,4806,1,100,4,167.00,668.00
13212,4806,2,5,5,36.85,184.25
13213,4807,1,103,6,171.11,1026.66
13214,4807,2,8,7,40.96,286.72
13215,4808,1,106,8,175.22,1401.76
13216,4808,2,11,1,45.07,45.07
13217,4809,1,109,2,179.33,358.66
13218,4809,2,14,3,49.18,147.54
13219,4810,1,112,4,183.44,733.76
13220,4810,2,17,5,53.29,266.45
13221,4811,1,3,6,34.11,204.66
13222,4811,2,20,7,57.40,401.80
13223,4812,1,6,8,38.22,305.76
13224,4812,2,23,1,61.51,61.51
13225,4813,1,9,2,42.33,84.66
13226,4813,2,26,3,65.62,196.86
13227,4814,1,12,4,46.44,185.76
13228,4814,2,29,5,69.73,348.65
13229,4815,1,15,6,50.55,303.30
13230,4815,2,32,7,73.84,516.88
13231,4816,1,18,8,54.66,437.28
13232,4816,2,35,1,77.95,77.95
13233,4817,1,21,2,58.77,117.54
13234,4817,2,38,3,82.06,246.18
13235,4818,1,24,4,62.88,251.52
13236,4818,2,41,5,86.17,430.85
13237,4819,1,27,6,66.99,401.94
13238,4819,2,44,7,90.28,631.96
13239,4820,1,30,8,71.10,568.80
13240,4820,2,47,1,94.39,94.39
13241,4821,1,33,2,75.21,150.42
13242,4821,2,50,3,98.50,295.50
13243,4822,1,36,4,79.32,317.28
13244,4822,2,53,5,102.61,513.05
13245,4823,1,39,6,83.43,500.58
13246,4823,2,56,7,106.72,747.04
13247,4824,1,42,8,87.54,700.32
13248,4824,2,59,1,110.83,110.83
13249,4825,1,45,2,91.65,183.30
13250,4825,2,62,3,114.94,344.82
13251,4826,1,48,4,95.76,383.04
13252,4826,2,65,5,119.05,595.25
13253,4827,1,51,6,99.87,599.22
13254,4827,2,68,7,123.16,862.12
13255,4828,1,54,8,103.98,831.84
13256,4828,2,71,1,127.27,127.27
13257,4829,1,57,2,108.09,216.18
13258,4829,2,74,3,131.38,394.14
13259,4830,1,60,4,112.20,448.80
13260,4830,2,77,5,135.49,677.45
13261,4831,1,63,6,116.31,697.86
13262,4831,2,80,7,139.60,977.20
13263,4832,1,66,8,120.42,963.36
13264,4832,2,83,1,143.71,143.71
13265,4833,1,69,2,124.53,249.06
13266,4833,2,86,3,147.82,443.46
13267,4834,1,72,4,128.64,514.56
13268,4834,2,89,5,151.93,759.65
13269,4835,1,75,6,132.75,796.50
13270,4835,2,92,7,156.04,1092.28
13271,4836,1,78,8,136.86,1094.88
13272,4836,2,95,1,160.15,160.15
13273,4837,1,81,2,140.97,281.94
13274,4837,2,98,3,164.26,492.78
13275,4838,1,84,4,145.08,580.32
13276,4838,2,101,5,168.37,841.85
13277,4839,1,87,6,149.19,895.14
13278,4839,2,104,7,172.48,1207.36
13279,4840,1,90,8,153.30,1226.40
13280,4840,2,107,1,176.59,176.59
13281,4841,1,93,2,157.41,314.82
13282,4841,2,110,3,180.70,542.10
13283,4842,1,96,4,161.52,646.08
13284,4842,2,1,5,31.37,156.85
13285,4843,1,99,6,165.63,993.78
13286,4843,2,4,7,35.48,248.36
13287,4844,1,102,8,169.74,1357.92
13288,4844,2,7,1,39.59,39.59
13289,4845,1,105,2,173.85,347.70
13290,4845,2,10,3,43.70,131.10
13291,4846,1,108,4,177.96,711.84
13292,4846,2,13,5,47.81,239.05
13293,4847,1,111,6,182.07,1092.42
13294,4847,2,16,7,51.92,363.44
13295,4848,1,2,8,32.74,261.92
13296,4848,2,19,1,56.03,56.03
13297,4849,1,5,2,36.85,73.70
13298,4849,2,22,3,60.14,180.42
13299,4850,1,8,4,40.96,163.84
13300,4850,2,25,5,64.25,321.25
13301,4851,1,11,6,45.07,270.42
13302,4851,2,28,7,68.36,478.52
13303,4852,1,14,8,49.18,393.44
13304,4852,2,31,1,72.47,72.47
13305,4853,1,17,2,53.29,106.58
13306,4853,2,34,3,76.58,229.74
13307,4854,1,20,4,57.40,229.60
13308,4854,2,37,5,80.69,403.45
13309,4855,1,23,6,61.51,369.06
13310,4855,2,40,7,84.80,593.60
13311,4856,1,26,8,65.62,524.96
13312,4856,2,43,1,88.91,88.91
13313,4857,1,29,2,69.73,139.46
13314,4857,2,46,3,93.02,279.06
13315,4858,1,32,4,73.84,295.36
13316,4858,2,49,5,97.13,485.65
13317,4859,1,35,6,77.95,467.70
13318,4859,2,52,7,101.24,708.68
13319,4860,1,38,8,82.06,656.48
13320,4860,2,55,1,105.35,105.35
13321,4861,1,41,2,86.17,172.34
13322,4861,2,58,3,109.46,328.38
13323,4862,1,44,4,90.28,361.12
13324,4862,2,61,5,113.57,567.85
13325,4863,1,47,6,94.39,566.34
13326,4863,2,64,7,117.68,823.76
13327,4864,1,50,8,98.50,788.00
13328,4864,2,67,1,121.79,121.79
13329,4865,1,53,2,102.61,205.22
13330,4865,2,70,3,125.90,377.70
13331,4866,1,56,4,106.72,426.88
13332,4866,2,73,5,130.01,650.05
13333,4867,1,59,6,110.83,664.98
13334,4867,2,76,7,134.12,938.84
13335,4868,1,62,8,114.94,919.52
13336,4868,2,79,1,138.23,138.23
13337,4869,1,65,2,119.05,238.10
13338,4869,2,82,3,142.34,427.02
13339,4870,1,68,4,123.16,492.64
13340,4870,2,85,5,146.45,732.25
13341,4871,1,71,6,127.27,763.62
13342,4871,2,88,7,150.56,1053.92
13343,4872,1,74,8,131.38,1051.04
13344,4872,2,91,1,154.67,154.67
13345,4873,1,77,2,135.49,270.98
13346,4873,2,94,3,158.78,476.34
13347,4874,1,80,4,139.60,558.40
13348,4874,2,97,5,162.89,814.45
13349,4875,1,83,6,143.71,862.26
13350,4875,2,100,7,167.00,1169.00
13351,4876,1,86,8,147.82,1182.56
13352,4876,2,103,1,171.11,171.11
13353,4877,1,89,2,151.93,303.86
13354,4877,2,106,3,175.22,525.66
13355,4878,1,92,4,156.04,624.16
13356,4878,2,109,5,179.33,896.65
13357,4879,1,95,6,160.15,960.90
13358,4879,2,112,7,183.44,1284.08
13359,4880,1,98,8,164.26,1314.08
13360,4880,2,3,1,34.11,34.11
13361,4881,1,101,2,168.37,336.74
13362,4881,2,6,3,38.22,114.66
13363,4882,1,104,4,172.48,689.92
13364,4882,2,9,5,42.33,211.65
13365,4883,1,107,6,176.59,1059.54
13366,4883,2,12,7,46.44,325.08
13367,4884,1,110,8,180.70,1445.60
13368,4884,2,15,1,50.55,50.55
13369,4885,1,1,2,31.37,62.74
13370,4885,2,18,3,54.66,163.98
13371,4886,1,4,4,35.48,141.92
13372,4886,2,21,5,58.77,293.85
13373,4887,1,7,6,39.59,237.54
13374,4887,2,24,7,62.88,440.16
13375,4888,1,10,8,43.70,349.60
13376,4888,2,27,1,66.99,66.99
13377,4889,1,13,2,47.81,95.62
13378,4889,2,30,3,71.10,213.30
13379,4890,1,16,4,51.92,207.68
13380,4890,2,33,5,75.21,376.05
13381,4891,1,19,6,56.03,336.18
13382,4891,2,36,7,79.32,555.24
13383,4892,1,22,8,60.14,481.12
13384,4892,2,39,1,83.43,83.43
13385,4893,1,25,2,64.25,128.50
13386,4893,2,42,3,87.54,262.62
13387,4894,1,28,4,68.36,273.44
13388,4894,2,45,5,91.65,458.25
13389,4895,1,31,6,72.47,434.82
13390,4895,2,48,7,95.76,670.32
13391,4896,1,34,8,76.58,612.64
13392,4896,2,51,1,99.87,99.87
13393,4897,1,37,2,80.69,161.38
13394,4897,2,54,3,103.98,311.94
13395,4898,1,40,4,84.80,339.20
13396,4898,2,57,5,108.09,540.45
13397,4899,1,43,6,88.91,533.46
13398,4899,2,60,7,112.20,785.40
13399,4900,1,46,8,93.02,744.16
13400,4900,2,63,1,116.31,116.31
13401,4901,1,49,2,97.13,194.26
13402,4901,2,66,3,120.42,361.26
13403,4902,1,52,4,101.24,404.96
13404,4902,2,69,5,124.53,622.65
13405,4903,1,55,6,105.35,632.10
13406,4903,2,72,7,128.64,900.48
13407,4904,1,58,8,109.46,875.68
13408,4904,2,75,1,132.75,132.75
13409,4905,1,61,2,113.57,227.14
13410,4905,2,78,3,136.86,410.58
13411,4906,1,64,4,117.68,470.72
13412,4906,2,81,5,140.97,704.85
13413,4907,1,67,6,121.79,730.74
13414,4907,2,84,7,145.08,1015.56
13415,4908,1,70,8,125.90,1007.20
13416,4908,2,87,1,149.19,149.19
13417,4909,1,73,2,130.01,260.02
13418,4909,2,90,3,153.30,459.90
13419,4910,1,76,4,134.12,536.48
13420,4910,2,93,5,157.41,787.05
13421,4911,1,79,6,138.23,829.38
13422,4911,2,96,7,161.52,1130.64
13423,4912,1,82,8,142.34,1138.72
13424,4912,2,99,1,165.63,165.63
13425,4913,1,85,2,146.45,292.90
13426,4913,2,102,3,169.74,509.22
13427,4914,1,88,4,150.56,602.24
13428,4914,2,105,5,173.85,869.25
13429,4915,1,91,6,154.67,928.02
13430,4915,2,108,7,177.96,1245.72
13431,4916,1,94,8,158.78,1270.24
13432,4916,2,111,1,182.07,182.07
13433,4917,1,97,2,162.89,325.78
13434,4917,2,2,3,32.74,98.22
13435,4918,1,100,4,167.00,668.00
13436,4918,2,5,5,36.85,184.25
13437,4919,1,103,6,171.11,1026.66
13438,4919,2,8,7,40.96,286.72
13439,4920,1,106,8,175.22,1401.76
13440,4920,2,11,1,45.07,45.07
13441,4921,1,109,2,179.33,358.66
13442,4921,2,14,3,49.18,147.54
13443,4922,1,112,4,183.44,733.76
13444,4922,2,17,5,53.29,266.45
13445,4923,1,3,6,34.11,204.66
13446,4923,2,20,7,57.40,401.80
13447,4924,1,6,8,38.22,305.76
13448,4924,2,23,1,61.51,61.51
13449,4925,1,9,2,42.33,84.66
13450,4925,2,26,3,65.62,196.86
13451,4926,1,12,4,46.44,185.76
13452,4926,2,29,5,69.73,348.65
13453,4927,1,15,6,50.55,303.30
13454,4927,2,32,7,73.84,516.88
13455,4928,1,18,8,54.66,437.28
13456,4928,2,35,1,77.95,77.95
13457,4929,1,21,2,58.77,117.54
13458,4929,2,38,3,82.06,246.18
13459,4930,1,24,4,62.88,251.52
13460,4930,2,41,5,86.17,430.85
13461,4931,1,27,6,66.99,401.94
13462,4931,2,44,7,90.28,631.96
13463,4932,1,30,8,71.10,568.80
13464,4932,2,47,1,94.39,94.39
13465,4933,1,33,2,75.21,150.42
13466,4933,2,50,3,98.50,295.50
13467,4934,1,36,4,79.32,317.28
13468,4934,2,53,5,102.61,513.05
13469,4935,1,39,6,83.43,500.58
13470,4935,2,56,7,106.72,747.04
13471,4936,1,42,8,87.54,700.32
13472,4936,2,59,1,110.83,110.83
13473,4937,1,45,2,91.65,183.30
13474,4937,2,62,3,114.94,344.82
13475,4938,1,48,4,95.76,383.04
13476,4938,2,65,5,119.05,595.25
13477,4939,1,51,6,99.87,599.22
13478,4939,2,68,7,123.16,862.12
13479,4940,1,54,8,103.98,831.84
13480,4940,2,71,1,127.27,127.27
13481,4941,1,57,2,108.09,216.18
13482,4941,2,74,3,131.38,394.14
13483,4942,1,60,4,112.20,448.80
13484,4942,2,77,5,135.49,677.45
13485,4943,1,63,6,116.31,697.86
13486,4943,2,80,7,139.60,977.20
13487,4944,1,66,8,120.42,963.36
13488,4944,2,83,1,143.71,143.71
13489,4945,1,69,2,124.53,249.06
13490,4945,2,86,3,147.82,443.46
13491,4946,1,72,4,128.64,514.56
13492,4946,2,89,5,151.93,759.65
13493,4947,1,75,6,132.75,796.50
13494,4947,2,92,7,156.04,1092.28
13495,4948,1,78,8,136.86,1094.88
13496,4948,2,95,1,160.15,160.15
13497,4949,1,81,2,140.97,281.94
13498,4949,2,98,3,164.26,492.78
13499,4950,1,84,4,145.08,580.32
13500,4950,2,101,5,168.37,841.85
13501,4951,1,87,6,149.19,895.14
13502,4951,2,104,7,172.48,1207.36
13503,4952,1,90,8,153.30,1226.40
13504,4952,2,107,1,176.59,176.59
13505,4953,1,93,2,157.41,314.82
13506,4953,2,110,3,180.70,542.10
13507,4954,1,96,4,161.52,646.08
13508,4954,2,1,5,31.37,156.85
13509,4955,1,99,6,165.63,993.78
13510,4955,2,4,7,35.48,248.36
13511,4956,1,102,8,169.74,1357.92
13512,4956,2,7,1,39.59,39.59
13513,4957,1,105,2,173.85,347.70
13514,4957,2,10,3,43.70,131.10
13515,4958,1,108,4,177.96,711.84
13516,4958,2,13,5,47.81,239.05
13517,4959,1,111,6,182.07,1092.42
13518,4959,2,16,7,51.92,363.44
13519,4960,1,2,8,32.74,261.92
13520,4960,2,19,1,56.03,56.03
13521,4961,1,5,2,36.85,73.70
13522,4961,2,22,3,60.14,180.42
13523,4962,1,8,4,40.96,163.84
13524,4962,2,25,5,64.25,321.25
13525,4963,1,11,6,45.07,270.42
13526,4963,2,28,7,68.36,478.52
13527,4964,1,14,8,49.18,393.44
13528,4964,2,31,1,72.47,72.47
13529,4965,1,17,2,53.29,106.58
13530,4965,2,34,3,76.58,229.74
13531,4966,1,20,4,57.40,229.60
13532,4966,2,37,5,80.69,403.45
13533,4967,1,23,6,61.51,369.06
13534,4967,2,40,7,84.80,593.60
13535,4968,1,26,8,65.62,524.96
13536,4968,2,43,1,88.91,88.91
13537,4969,1,29,2,69.73,139.46
13538,4969,2,46,3,93.02,279.06
13539,4970,1,32,4,73.84,295.36
13540,4970,2,49,5,97.13,485.65
13541,4971,1,35,6,77.95,467.70
13542,4971,2,52,7,101.24,708.68
13543,4972,1,38,8,82.06,656.48
13544,4972,2,55,1,105.35,105.35
13545,4973,1,41,2,86.17,172.34
13546,4973,2,58,3,109.46,328.38
13547,4974,1,44,4,90.28,361.12
13548,4974,2,61,5,113.57,567.85
13549,4975,1,47,6,94.39,566.34
13550,4975,2,64,7,117.68,823.76
13551,4976,1,50,8,98.50,788.00
13552,4976,2,67,1,121.79,121.79
13553,4977,1,53,2,102.61,205.22
13554,4977,2,70,3,125.90,377.70
13555,4978,1,56,4,106.72,426.88
13556,4978,2,73,5,130.01,650.05
13557,4979,1,59,6,110.83,664.98
13558,4979,2,76,7,134.12,938.84
13559,4980,1,62,8,114.94,919.52
13560,4980,2,79,1,138.23,138.23
13561,4981,1,65,2,119.05,238.10
13562,4981,2,82,3,142.34,427.02
13563,4982,1,68,4,123.16,492.64
13564,4982,2,85,5,146.45,732.25
13565,4983,1,71,6,127.27,763.62
13566,4983,2,88,7,150.56,1053.92
13567,4984,1,74,8,131.38,1051.04
13568,4984,2,91,1,154.67,154.67
13569,4985,1,77,2,135.49,270.98
13570,4985,2,94,3,158.78,476.34
13571,4986,1,80,4,139.60,558.40
13572,4986,2,97,5,162.89,814.45
13573,4987,1,83,6,143.71,862.26
13574,4987,2,100,7,167.00,1169.00
13575,4988,1,86,8,147.82,1182.56
13576,4988,2,103,1,171.11,171.11
13577,4989,1,89,2,151.93,303.86
13578,4989,2,106,3,175.22,525.66
13579,4990,1,92,4,156.04,624.16
13580,4990,2,109,5,179.33,896.65
13581,4991,1,95,6,160.15,960.90
13582,4991,2,112,7,183.44,1284.08
13583,4992,1,98,8,164.26,1314.08
13584,4992,2,3,1,34.11,34.11
13585,4993,1,101,2,168.37,336.74
13586,4993,2,6,3,38.22,114.66
13587,4994,1,104,4,172.48,689.92
13588,4994,2,9,5,42.33,211.65
13589,4995,1,107,6,176.59,1059.54
13590,4995,2,12,7,46.44,325.08
13591,4996,1,110,8,180.70,1445.60
13592,4996,2,15,1,50.55,50.55
13593,4997,1,1,2,31.37,62.74
13594,4997,2,18,3,54.66,163.98
13595,4998,1,4,4,35.48,141.92
13596,4998,2,21,5,58.77,293.85
13597,4999,1,7,6,39.59,237.54
13598,4999,2,24,7,62.88,440.16
13599,5000,1,10,8,43.70,349.60
13600,5000,2,27,1,66.99,66.99
13601,5001,1,13,2,47.81,95.62
13602,5001,2,30,3,71.10,213.30
13603,5002,1,16,4,51.92,207.68
13604,5002,2,33,5,75.21,376.05
13605,5003,1,19,6,56.03,336.18
13606,5003,2,36,7,79.32,555.24
13607,5004,1,22,8,60.14,481.12
13608,5004,2,39,1,83.43,83.43
13609,5005,1,25,2,64.25,128.50
13610,5005,2,42,3,87.54,262.62
13611,5006,1,28,4,68.36,273.44
13612,5006,2,45,5,91.65,458.25
13613,5007,1,31,6,72.47,434.82
13614,5007,2,48,7,95.76,670.32
13615,5008,1,34,8,76.58,612.64
13616,5008,2,51,1,99.87,99.87
13617,5009,1,37,2,80.69,161.38
13618,5009,2,54,3,103.98,311.94
13619,5010,1,40,4,84.80,339.20
13620,5010,2,57,5,108.09,540.45
13621,5011,1,43,6,88.91,533.46
13622,5011,2,60,7,112.20,785.40
13623,5012,1,46,8,93.02,744.16
13624,5012,2,63,1,116.31,116.31
13625,5013,1,49,2,97.13,194.26
13626,5013,2,66,3,120.42,361.26
13627,5014,1,52,4,101.24,404.96
13628,5014,2,69,5,124.53,622.65
13629,5015,1,55,6,105.35,632.10
13630,5015,2,72,7,128.64,900.48
13631,5016,1,58,8,109.46,875.68
13632,5016,2,75,1,132.75,132.75
13633,5017,1,61,2,113.57,227.14
13634,5017,2,78,3,136.86,410.58
13635,5018,1,64,4,117.68,470.72
13636,5018,2,81,5,140.97,704.85
13637,5019,1,67,6,121.79,730.74
13638,5019,2,84,7,145.08,1015.56
13639,5020,1,70,8,125.90,1007.20
13640,5020,2,87,1,149.19,149.19
13641,5021,1,73,2,130.01,260.02
13642,5021,2,90,3,153.30,459.90
13643,5022,1,76,4,134.12,536.48
13644,5022,2,93,5,157.41,787.05
13645,5023,1,79,6,138.23,829.38
13646,5023,2,96,7,161.52,1130.64
13647,5024,1,82,8,142.34,1138.72
13648,5024,2,99,1,165.63,165.63
13649,5025,1,85,2,146.45,292.90
13650,5025,2,102,3,169.74,509.22
13651,5026,1,88,4,150.56,602.24
13652,5026,2,105,5,173.85,869.25
13653,5027,1,91,6,154.67,928.02
13654,5027,2,108,7,177.96,1245.72
13655,5028,1,94,8,158.78,1270.24
13656,5028,2,111,1,182.07,182.07
13657,5029,1,97,2,162.89,325.78
13658,5029,2,2,3,32.74,98.22
13659,5030,1,100,4,167.00,668.00
13660,5030,2,5,5,36.85,184.25
13661,5031,1,103,6,171.11,1026.66
13662,5031,2,8,7,40.96,286.72
13663,5032,1,106,8,175.22,1401.76
13664,5032,2,11,1,45.07,45.07
13665,5033,1,109,2,179.33,358.66
13666,5033,2,14,3,49.18,147.54
13667,5034,1,112,4,183.44,733.76
13668,5034,2,17,5,53.29,266.45
13669,5035,1,3,6,34.11,204.66
13670,5035,2,20,7,57.40,401.80
13671,5036,1,6,8,38.22,305.76
13672,5036,2,23,1,61.51,61.51
13673,5037,1,9,2,42.33,84.66
13674,5037,2,26,3,65.62,196.86
13675,5038,1,12,4,46.44,185.76
13676,5038,2,29,5,69.73,348.65
13677,5039,1,15,6,50.55,303.30
13678,5039,2,32,7,73.84,516.88
13679,5040,1,18,8,54.66,437.28
13680,5040,2,35,1,77.95,77.95
13681,5041,1,21,2,58.77,117.54
13682,5041,2,38,3,82.06,246.18
13683,5042,1,24,4,62.88,251.52
13684,5042,2,41,5,86.17,430.85
13685,5043,1,27,6,66.99,401.94
13686,5043,2,44,7,90.28,631.96
13687,5044,1,30,8,71.10,568.80
13688,5044,2,47,1,94.39,94.39
13689,5045,1,33,2,75.21,150.42
13690,5045,2,50,3,98.50,295.50
13691,5046,1,36,4,79.32,317.28
13692,5046,2,53,5,102.61,513.05
13693,5047,1,39,6,83.43,500.58
13694,5047,2,56,7,106.72,747.04
13695,5048,1,42,8,87.54,700.32
13696,5048,2,59,1,110.83,110.83
13697,5049,1,45,2,91.65,183.30
13698,5049,2,62,3,114.94,344.82
13699,5050,1,48,4,95.76,383.04
13700,5050,2,65,5,119.05,595.25
13701,5051,1,51,6,99.87,599.22
13702,5051,2,68,7,123.16,862.12
13703,5052,1,54,8,103.98,831.84
13704,5052,2,71,1,127.27,127.27
13705,5053,1,57,2,108.09,216.18
13706,5053,2,74,3,131.38,394.14
13707,5054,1,60,4,112.20,448.80
13708,5054,2,77,5,135.49,677.45
13709,5055,1,63,6,116.31,697.86
13710,5055,2,80,7,139.60,977.20
13711,5056,1,66,8,120.42,963.36
13712,5056,2,83,1,143.71,143.71
13713,5057,1,69,2,124.53,249.06
13714,5057,2,86,3,147.82,443.46
13715,5058,1,72,4,128.64,514.56
13716,5058,2,89,5,151.93,759.65
13717,5059,1,75,6,132.75,796.50
13718,5059,2,92,7,156.04,1092.28
13719,5060,1,78,8,136.86,1094.88
13720,5060,2,95,1,160.15,160.15
13721,5061,1,81,2,140.97,281.94
13722,5061,2,98,3,164.26,492.78
13723,5062,1,84,4,145.08,580.32
13724,5062,2,101,5,168.37,841.85
13725,5063,1,87,6,149.19,895.14
13726,5063,2,104,7,172.48,1207.36
13727,5064,1,90,8,153.30,1226.40
13728,5064,2,107,1,176.59,176.59
13729,5065,1,93,2,157.41,314.82
13730,5065,2,110,3,180.70,542.10
13731,5066,1,96,4,161.52,646.08
13732,5066,2,1,5,31.37,156.85
13733,5067,1,99,6,165.63,993.78
13734,5067,2,4,7,35.48,248.36
13735,5068,1,102,8,169.74,1357.92
13736,5068,2,7,1,39.59,39.59
13737,5069,1,105,2,173.85,347.70
13738,5069,2,10,3,43.70,131.10
13739,5070,1,108,4,177.96,711.84
13740,5070,2,13,5,47.81,239.05
13741,5071,1,111,6,182.07,1092.42
13742,5071,2,16,7,51.92,363.44
13743,5072,1,2,8,32.74,261.92
13744,5072,2,19,1,56.03,56.03
13745,5073,1,5,2,36.85,73.70
13746,5073,2,22,3,60.14,180.42
13747,5074,1,8,4,40.96,163.84
13748,5074,2,25,5,64.25,321.25
13749,5075,1,11,6,45.07,270.42
13750,5075,2,28,7,68.36,478.52
13751,5076,1,14,8,49.18,393.44
13752,5076,2,31,1,72.47,72.47
13753,5077,1,17,2,53.29,106.58
13754,5077,2,34,3,76.58,229.74
13755,5078,1,20,4,57.40,229.60
13756,5078,2,37,5,80.69,403.45
13757,5079,1,23,6,61.51,369.06
13758,5079,2,40,7,84.80,593.60
13759,5080,1,26,8,65.62,524.96
13760,5080,2,43,1,88.91,88.91
13761,5081,1,29,2,69.73,139.46
13762,5081,2,46,3,93.02,279.06
13763,5082,1,32,4,73.84,295.36
13764,5082,2,49,5,97.13,485.65
13765,5083,1,35,6,77.95,467.70
13766,5083,2,52,7,101.24,708.68
13767,5084,1,38,8,82.06,656.48
13768,5084,2,55,1,105.35,105.35
13769,5085,1,41,2,86.17,172.34
13770,5085,2,58,3,109.46,328.38
13771,5086,1,44,4,90.28,361.12
13772,5086,2,61,5,113.57,567.85
13773,5087,1,47,6,94.39,566.34
13774,5087,2,64,7,117.68,823.76
13775,5088,1,50,8,98.50,788.00
13776,5088,2,67,1,121.79,121.79
13777,5089,1,53,2,102.61,205.22
13778,5089,2,70,3,125.90,377.70
13779,5090,1,56,4,106.72,426.88
13780,5090,2,73,5,130.01,650.05
13781,5091,1,59,6,110.83,664.98
13782,5091,2,76,7,134.12,938.84
13783,5092,1,62,8,114.94,919.52
13784,5092,2,79,1,138.23,138.23
13785,5093,1,65,2,119.05,238.10
13786,5093,2,82,3,142.34,427.02
13787,5094,1,68,4,123.16,492.64
13788,5094,2,85,5,146.45,732.25
13789,5095,1,71,6,127.27,763.62
13790,5095,2,88,7,150.56,1053.92
13791,5096,1,74,8,131.38,1051.04
13792,5096,2,91,1,154.67,154.67
13793,5097,1,77,2,135.49,270.98
13794,5097,2,94,3,158.78,476.34
13795,5098,1,80,4,139.60,558.40
13796,5098,2,97,5,162.89,814.45
13797,5099,1,83,6,143.71,862.26
13798,5099,2,100,7,167.00,1169.00
13799,5100,1,86,8,147.82,1182.56
13800,5100,2,103,1,171.11,171.11
13801,5101,1,89,2,151.93,303.86
13802,5101,2,106,3,175.22,525.66
13803,5102,1,92,4,156.04,624.16
13804,5102,2,109,5,179.33,896.65
13805,5103,1,95,6,160.15,960.90
13806,5103,2,112,7,183.44,1284.08
13807,5104,1,98,8,164.26,1314.08
13808,5104,2,3,1,34.11,34.11
13809,5105,1,101,2,168.37,336.74
13810,5105,2,6,3,38.22,114.66
13811,5106,1,104,4,172.48,689.92
13812,5106,2,9,5,42.33,211.65
13813,5107,1,107,6,176.59,1059.54
13814,5107,2,12,7,46.44,325.08
13815,5108,1,110,8,180.70,1445.60
13816,5108,2,15,1,50.55,50.55
13817,5109,1,1,2,31.37,62.74
13818,5109,2,18,3,54.66,163.98
13819,5110,1,4,4,35.48,141.92
13820,5110,2,21,5,58.77,293.85
13821,5111,1,7,6,39.59,237.54
13822,5111,2,24,7,62.88,440.16
13823,5112,1,10,8,43.70,349.60
13824,5112,2,27,1,66.99,66.99
13825,5113,1,13,2,47.81,95.62
13826,5113,2,30,3,71.10,213.30
13827,5114,1,16,4,51.92,207.68
13828,5114,2,33,5,75.21,376.05
13829,5115,1,19,6,56.03,336.18
13830,5115,2,36,7,79.32,555.24
13831,5116,1,22,8,60.14,481.12
13832,5116,2,39,1,83.43,83.43
13833,5117,1,25,2,64.25,128.50
13834,5117,2,42,3,87.54,262.62
13835,5118,1,28,4,68.36,273.44
13836,5118,2,45,5,91.65,458.25
13837,5119,1,31,6,72.47,434.82
13838,5119,2,48,7,95.76,670.32
13839,5120,1,34,8,76.58,612.64
13840,5120,2,51,1,99.87,99.87
13841,5121,1,37,2,80.69,161.38
13842,5121,2,54,3,103.98,311.94
13843,5122,1,40,4,84.80,339.20
13844,5122,2,57,5,108.09,540.45
13845,5123,1,43,6,88.91,533.46
13846,5123,2,60,7,112.20,785.40
13847,5124,1,46,8,93.02,744.16
13848,5124,2,63,1,116.31,116.31
13849,5125,1,49,2,97.13,194.26
13850,5125,2,66,3,120.42,361.26
13851,5126,1,52,4,101.24,404.96
13852,5126,2,69,5,124.53,622.65
13853,5127,1,55,6,105.35,632.10
13854,5127,2,72,7,128.64,900.48
13855,5128,1,58,8,109.46,875.68
13856,5128,2,75,1,132.75,132.75
13857,5129,1,61,2,113.57,227.14
13858,5129,2,78,3,136.86,410.58
13859,5130,1,64,4,117.68,470.72
13860,5130,2,81,5,140.97,704.85
13861,5131,1,67,6,121.79,730.74
13862,5131,2,84,7,145.08,1015.56
13863,5132,1,70,8,125.90,1007.20
13864,5132,2,87,1,149.19,149.19
13865,5133,1,73,2,130.01,260.02
13866,5133,2,90,3,153.30,459.90
13867,5134,1,76,4,134.12,536.48
13868,5134,2,93,5,157.41,787.05
13869,5135,1,79,6,138.23,829.38
13870,5135,2,96,7,161.52,1130.64
13871,5136,1,82,8,142.34,1138.72
13872,5136,2,99,1,165.63,165.63
13873,5137,1,85,2,146.45,292.90
13874,5137,2,102,3,169.74,509.22
13875,5138,1,88,4,150.56,602.24
13876,5138,2,105,5,173.85,869.25
13877,5139,1,91,6,154.67,928.02
13878,5139,2,108,7,177.96,1245.72
13879,5140,1,94,8,158.78,1270.24
13880,5140,2,111,1,182.07,182.07
13881,5141,1,97,2,162.89,325.78
13882,5141,2,2,3,32.74,98.22
13883,5142,1,100,4,167.00,668.00
13884,5142,2,5,5,36.85,184.25
13885,5143,1,103,6,171.11,1026.66
13886,5143,2,8,7,40.96,286.72
13887,5144,1,106,8,175.22,1401.76
13888,5144,2,11,1,45.07,45.07
13889,5145,1,109,2,179.33,358.66
13890,5145,2,14,3,49.18,147.54
13891,5146,1,112,4,183.44,733.76
13892,5146,2,17,5,53.29,266.45
13893,5147,1,3,6,34.11,204.66
13894,5147,2,20,7,57.40,401.80
13895,5148,1,6,8,38.22,305.76
13896,5148,2,23,1,61.51,61.51
13897,5149,1,9,2,42.33,84.66
13898,5149,2,26,3,65.62,196.86
13899,5150,1,12,4,46.44,185.76
13900,5150,2,29,5,69.73,348.65
13901,5151,1,15,6,50.55,303.30
13902,5151,2,32,7,73.84,516.88
13903,5152,1,18,8,54.66,437.28
13904,5152,2,35,1,77.95,77.95
13905,5153,1,21,2,58.77,117.54
13906,5153,2,38,3,82.06,246.18
13907,5154,1,24,4,62.88,251.52
13908,5154,2,41,5,86.17,430.85
13909,5155,1,27,6,66.99,401.94
13910,5155,2,44,7,90.28,631.96
13911,5156,1,30,8,71.10,568.80
13912,5156,2,47,1,94.39,94.39
13913,5157,1,33,2,75.21,150.42
13914,5157,2,50,3,98.50,295.50
13915,5158,1,36,4,79.32,317.28
13916,5158,2,53,5,102.61,513.05
13917,5159,1,39,6,83.43,500.58
13918,5159,2,56,7,106.72,747.04
13919,5160,1,42,8,87.54,700.32
13920,5160,2,59,1,110.83,110.83
13921,5161,1,45,2,91.65,183.30
13922,5161,2,62,3,114.94,344.82
13923,5162,1,48,4,95.76,383.04
13924,5162,2,65,5,119.05,595.25
13925,5163,1,51,6,99.87,599.22
13926,5163,2,68,7,123.16,862.12
13927,5164,1,54,8,103.98,831.84
13928,5164,2,71,1,127.27,127.27
13929,5165,1,57,2,108.09,216.18
13930,5165,2,74,3,131.38,394.14
13931,5166,1,60,4,112.20,448.80
13932,5166,2,77,5,135.49,677.45
13933,5167,1,63,6,116.31,697.86
13934,5167,2,80,7,139.60,977.20
13935,5168,1,66,8,120.42,963.36
13936,5168,2,83,1,143.71,143.71
13937,5169,1,69,2,124.53,249.06
13938,5169,2,86,3,147.82,443.46
13939,5170,1,72,4,128.64,514.56
13940,5170,2,89,5,151.93,759.65
13941,5171,1,75,6,132.75,796.50
13942,5171,2,92,7,156.04,1092.28
13943,5172,1,78,8,136.86,1094.88
13944,5172,2,95,1,160.15,160.15
13945,5173,1,81,2,140.97,281.94
13946,5173,2,98,3,164.26,492.78
13947,5174,1,84,4,145.08,580.32
13948,5174,2,101,5,168.37,841.85
13949,5175,1,87,6,149.19,895.14
13950,5175,2,104,7,172.48,1207.36
13951,5176,1,90,8,153.30,1226.40
13952,5176,2,107,1,176.59,176.59
13953,5177,1,93,2,157.41,314.82
13954,5177,2,110,3,180.70,542.10
13955,5178,1,96,4,161.52,646.08
13956,5178,2,1,5,31.37,156.85
13957,5179,1,99,6,165.63,993.78
13958,5179,2,4,7,35.48,248.36
13959,5180,1,102,8,169.74,1357.92
13960,5180,2,7,1,39.59,39.59
13961,5181,1,105,2,173.85,347.70
13962,5181,2,10,3,43.70,131.10
13963,5182,1,108,4,177.96,711.84
13964,5182,2,13,5,47.81,239.05
13965,5183,1,111,6,182.07,1092.42
13966,5183,2,16,7,51.92,363.44
13967,5184,1,2,8,32.74,261.92
13968,5184,2,19,1,56.03,56.03
13969,5185,1,5,2,36.85,73.70
13970,5185,2,22,3,60.14,180.42
13971,5186,1,8,4,40.96,163.84
13972,5186,2,25,5,64.25,321.25
13973,5187,1,11,6,45.07,270.42
13974,5187,2,28,7,68.36,478.52
13975,5188,1,14,8,49.18,393.44
13976,5188,2,31,1,72.47,72.47
13977,5189,1,17,2,53.29,106.58
13978,5189,2,34,3,76.58,229.74
13979,5190,1,20,4,57.40,229.60
13980,5190,2,37,5,80.69,403.45
13981,5191,1,23,6,61.51,369.06
13982,5191,2,40,7,84.80,593.60
13983,5192,1,26,8,65.62,524.96
13984,5192,2,43,1,88.91,88.91
13985,5193,1,29,2,69.73,139.46
13986,5193,2,46,3,93.02,279.06
13987,5194,1,32,4,73.84,295.36
13988,5194,2,49,5,97.13,485.65
13989,5195,1,35,6,77.95,467.70
13990,5195,2,52,7,101.24,708.68
13991,5196,1,38,8,82.06,656.48
13992,5196,2,55,1,105.35,105.35
13993,5197,1,41,2,86.17,172.34
13994,5197,2,58,3,109.46,328.38
13995,5198,1,44,4,90.28,361.12
13996,5198,2,61,5,113.57,567.85
13997,5199,1,47,6,94.39,566.34
13998,5199,2,64,7,117.68,823.76
13999,5200,1,50,8,98.50,788.00
14000,5200,2,67,1,121.79,121.79
14001,5201,1,53,2,102.61,205.22
14002,5201,2,70,3,125.90,377.70
14003,5202,1,56,4,106.72,426.88
14004,5202,2,73,5,130.01,650.05
14005,5203,1,59,6,110.83,664.98
14006,5203,2,76,7,134.12,938.84
14007,5204,1,62,8,114.94,919.52
14008,5204,2,79,1,138.23,138.23
14009,5205,1,65,2,119.05,238.10
14010,5205,2,82,3,142.34,427.02
14011,5206,1,68,4,123.16,492.64
14012,5206,2,85,5,146.45,732.25
14013,5207,1,71,6,127.27,763.62
14014,5207,2,88,7,150.56,1053.92
14015,5208,1,74,8,131.38,1051.04
14016,5208,2,91,1,154.67,154.67
14017,5209,1,77,2,135.49,270.98
14018,5209,2,94,3,158.78,476.34
14019,5210,1,80,4,139.60,558.40
14020,5210,2,97,5,162.89,814.45
14021,5211,1,83,6,143.71,862.26
14022,5211,2,100,7,167.00,1169.00
14023,5212,1,86,8,147.82,1182.56
14024,5212,2,103,1,171.11,171.11
14025,5213,1,89,2,151.93,303.86
14026,5213,2,106,3,175.22,525.66
14027,5214,1,92,4,156.04,624.16
14028,5214,2,109,5,179.33,896.65
14029,5215,1,95,6,160.15,960.90
14030,5215,2,112,7,183.44,1284.08
14031,5216,1,98,8,164.26,1314.08
14032,5216,2,3,1,34.11,34.11
14033,5217,1,101,2,168.37,336.74
14034,5217,2,6,3,38.22,114.66
14035,5218,1,104,4,172.48,689.92
14036,5218,2,9,5,42.33,211.65
14037,5219,1,107,6,176.59,1059.54
14038,5219,2,12,7,46.44,325.08
14039,5220,1,110,8,180.70,1445.60
14040,5220,2,15,1,50.55,50.55
14041,5221,1,1,2,31.37,62.74
14042,5221,2,18,3,54.66,163.98
14043,5222,1,4,4,35.48,141.92
14044,5222,2,21,5,58.77,293.85
14045,5223,1,7,6,39.59,237.54
14046,5223,2,24,7,62.88,440.16
14047,5224,1,10,8,43.70,349.60
14048,5224,2,27,1,66.99,66.99
14049,5225,1,13,2,47.81,95.62
14050,5225,2,30,3,71.10,213.30
14051,5226,1,16,4,51.92,207.68
14052,5226,2,33,5,75.21,376.05
14053,5227,1,19,6,56.03,336.18
14054,5227,2,36,7,79.32,555.24
14055,5228,1,22,8,60.14,481.12
14056,5228,2,39,1,83.43,83.43
14057,5229,1,25,2,64.25,128.50
14058,5229,2,42,3,87.54,262.62
14059,5230,1,28,4,68.36,273.44
14060,5230,2,45,5,91.65,458.25
14061,5231,1,31,6,72.47,434.82
14062,5231,2,48,7,95.76,670.32
14063,5232,1,34,8,76.58,612.64
14064,5232,2,51,1,99.87,99.87
14065,5233,1,37,2,80.69,161.38
14066,5233,2,54,3,103.98,311.94
14067,5234,1,40,4,84.80,339.20
14068,5234,2,57,5,108.09,540.45
14069,5235,1,43,6,88.91,533.46
14070,5235,2,60,7,112.20,785.40
14071,5236,1,46,8,93.02,744.16
14072,5236,2,63,1,116.31,116.31
14073,5237,1,49,2,97.13,194.26
14074,5237,2,66,3,120.42,361.26
14075,5238,1,52,4,101.24,404.96
14076,5238,2,69,5,124.53,622.65
14077,5239,1,55,6,105.35,632.10
14078,5239,2,72,7,128.64,900.48
14079,5240,1,58,8,109.46,875.68
14080,5240,2,75,1,132.75,132.75
14081,5241,1,61,2,113.57,227.14
14082,5241,2,78,3,136.86,410.58
14083,5242,1,64,4,117.68,470.72
14084,5242,2,81,5,140.97,704.85
14085,5243,1,67,6,121.79,730.74
14086,5243,2,84,7,145.08,1015.56
14087,5244,1,70,8,125.90,1007.20
14088,5244,2,87,1,149.19,149.19
14089,5245,1,73,2,130.01,260.02
14090,5245,2,90,3,153.30,459.90
14091,5246,1,76,4,134.12,536.48
14092,5246,2,93,5,157.41,787.05
14093,5247,1,79,6,138.23,829.38
14094,5247,2,96,7,161.52,1130.64
14095,5248,1,82,8,142.34,1138.72
14096,5248,2,99,1,165.63,165.63
14097,5249,1,85,2,146.45,292.90
14098,5249,2,102,3,169.74,509.22
14099,5250,1,88,4,150.56,602.24
14100,5250,2,105,5,173.85,869.25
14101,5251,1,91,6,154.67,928.02
14102,5251,2,108,7,177.96,1245.72
14103,5252,1,94,8,158.78,1270.24
14104,5252,2,111,1,182.07,182.07
14105,5253,1,97,2,162.89,325.78
14106,5253,2,2,3,32.74,98.22
14107,5254,1,100,4,167.00,668.00
14108,5254,2,5,5,36.85,184.25
14109,5255,1,103,6,171.11,1026.66
14110,5255,2,8,7,40.96,286.72
14111,5256,1,106,8,175.22,1401.76
14112,5256,2,11,1,45.07,45.07
14113,5257,1,109,2,179.33,358.66
14114,5257,2,14,3,49.18,147.54
14115,5258,1,112,4,183.44,733.76
14116,5258,2,17,5,53.29,266.45
14117,5259,1,3,6,34.11,204.66
14118,5259,2,20,7,57.40,401.80
14119,5260,1,6,8,38.22,305.76
14120,5260,2,23,1,61.51,61.51
14121,5261,1,9,2,42.33,84.66
14122,5261,2,26,3,65.62,196.86
14123,5262,1,12,4,46.44,185.76
14124,5262,2,29,5,69.73,348.65
14125,5263,1,15,6,50.55,303.30
14126,5263,2,32,7,73.84,516.88
14127,5264,1,18,8,54.66,437.28
14128,5264,2,35,1,77.95,77.95
14129,5265,1,21,2,58.77,117.54
14130,5265,2,38,3,82.06,246.18
14131,5266,1,24,4,62.88,251.52
14132,5266,2,41,5,86.17,430.85
14133,5267,1,27,6,66.99,401.94
14134,5267,2,44,7,90.28,631.96
14135,5268,1,30,8,71.10,568.80
14136,5268,2,47,1,94.39,94.39
14137,5269,1,33,2,75.21,150.42
14138,5269,2,50,3,98.50,295.50
14139,5270,1,36,4,79.32,317.28
14140,5270,2,53,5,102.61,513.05
14141,5271,1,39,6,83.43,500.58
14142,5271,2,56,7,106.72,747.04
14143,5272,1,42,8,87.54,700.32
14144,5272,2,59,1,110.83,110.83
14145,5273,1,45,2,91.65,183.30
14146,5273,2,62,3,114.94,344.82
14147,5274,1,48,4,95.76,383.04
14148,5274,2,65,5,119.05,595.25
14149,5275,1,51,6,99.87,599.22
14150,5275,2,68,7,123.16,862.12
14151,5276,1,54,8,103.98,831.84
14152,5276,2,71,1,127.27,127.27
14153,5277,1,57,2,108.09,216.18
14154,5277,2,74,3,131.38,394.14
14155,5278,1,60,4,112.20,448.80
14156,5278,2,77,5,135.49,677.45
14157,5279,1,63,6,116.31,697.86
14158,5279,2,80,7,139.60,977.20
14159,5280,1,66,8,120.42,963.36
14160,5280,2,83,1,143.71,143.71
14161,5281,1,69,2,124.53,249.06
14162,5281,2,86,3,147.82,443.46
14163,5282,1,72,4,128.64,514.56
14164,5282,2,89,5,151.93,759.65
14165,5283,1,75,6,132.75,796.50
14166,5283,2,92,7,156.04,1092.28
14167,5284,1,78,8,136.86,1094.88
14168,5284,2,95,1,160.15,160.15
14169,5285,1,81,2,140.97,281.94
14170,5285,2,98,3,164.26,492.78
14171,5286,1,84,4,145.08,580.32
14172,5286,2,101,5,168.37,841.85
14173,5287,1,87,6,149.19,895.14
14174,5287,2,104,7,172.48,1207.36
14175,5288,1,90,8,153.30,1226.40
14176,5288,2,107,1,176.59,176.59
14177,5289,1,93,2,157.41,314.82
14178,5289,2,110,3,180.70,542.10
14179,5290,1,96,4,161.52,646.08
14180,5290,2,1,5,31.37,156.85
14181,5291,1,99,6,165.63,993.78
14182,5291,2,4,7,35.48,248.36
14183,5292,1,102,8,169.74,1357.92
14184,5292,2,7,1,39.59,39.59
14185,5293,1,105,2,173.85,347.70
14186,5293,2,10,3,43.70,131.10
14187,5294,1,108,4,177.96,711.84
14188,5294,2,13,5,47.81,239.05
14189,5295,1,111,6,182.07,1092.42
14190,5295,2,16,7,51.92,363.44
14191,5296,1,2,8,32.74,261.92
14192,5296,2,19,1,56.03,56.03
14193,5297,1,5,2,36.85,73.70
14194,5297,2,22,3,60.14,180.42
14195,5298,1,8,4,40.96,163.84
14196,5298,2,25,5,64.25,321.25
14197,5299,1,11,6,45.07,270.42
14198,5299,2,28,7,68.36,478.52
14199,5300,1,14,8,49.18,393.44
14200,5300,2,31,1,72.47,72.47
14201,5301,1,17,2,53.29,106.58
14202,5301,2,34,3,76.58,229.74
14203,5302,1,20,4,57.40,229.60
14204,5302,2,37,5,80.69,403.45
14205,5303,1,23,6,61.51,369.06
14206,5303,2,40,7,84.80,593.60
14207,5304,1,26,8,65.62,524.96
14208,5304,2,43,1,88.91,88.91
14209,5305,1,29,2,69.73,139.46
14210,5305,2,46,3,93.02,279.06
14211,5306,1,32,4,73.84,295.36
14212,5306,2,49,5,97.13,485.65
14213,5307,1,35,6,77.95,467.70
14214,5307,2,52,7,101.24,708.68
14215,5308,1,38,8,82.06,656.48
14216,5308,2,55,1,105.35,105.35
14217,5309,1,41,2,86.17,172.34
14218,5309,2,58,3,109.46,328.38
14219,5310,1,44,4,90.28,361.12
14220,5310,2,61,5,113.57,567.85
14221,5311,1,47,6,94.39,566.34
14222,5311,2,64,7,117.68,823.76
14223,5312,1,50,8,98.50,788.00
14224,5312,2,67,1,121.79,121.79
14225,5313,1,53,2,102.61,205.22
14226,5313,2,70,3,125.90,377.70
14227,5314,1,56,4,106.72,426.88
14228,5314,2,73,5,130.01,650.05
14229,5315,1,59,6,110.83,664.98
14230,5315,2,76,7,134.12,938.84
14231,5316,1,62,8,114.94,919.52
14232,5316,2,79,1,138.23,138.23
14233,5317,1,65,2,119.05,238.10
14234,5317,2,82,3,142.34,427.02
14235,5318,1,68,4,123.16,492.64
14236,5318,2,85,5,146.45,732.25
14237,5319,1,71,6,127.27,763.62
14238,5319,2,88,7,150.56,1053.92
14239,5320,1,74,8,131.38,1051.04
14240,5320,2,91,1,154.67,154.67
14241,5321,1,77,2,135.49,270.98
14242,5321,2,94,3,158.78,476.34
14243,5322,1,80,4,139.60,558.40
14244,5322,2,97,5,162.89,814.45
14245,5323,1,83,6,143.71,862.26
14246,5323,2,100,7,167.00,1169.00
14247,5324,1,86,8,147.82,1182.56
14248,5324,2,103,1,171.11,171.11
14249,5325,1,89,2,151.93,303.86
14250,5325,2,106,3,175.22,525.66
14251,5326,1,92,4,156.04,624.16
14252,5326,2,109,5,179.33,896.65
14253,5327,1,95,6,160.15,960.90
14254,5327,2,112,7,183.44,1284.08
14255,5328,1,98,8,164.26,1314.08
14256,5328,2,3,1,34.11,34.11
14257,5329,1,101,2,168.37,336.74
14258,5329,2,6,3,38.22,114.66
14259,5330,1,104,4,172.48,689.92
14260,5330,2,9,5,42.33,211.65
14261,5331,1,107,6,176.59,1059.54
14262,5331,2,12,7,46.44,325.08
14263,5332,1,110,8,180.70,1445.60
14264,5332,2,15,1,50.55,50.55
14265,5333,1,1,2,31.37,62.74
14266,5333,2,18,3,54.66,163.98
14267,5334,1,4,4,35.48,141.92
14268,5334,2,21,5,58.77,293.85
14269,5335,1,7,6,39.59,237.54
14270,5335,2,24,7,62.88,440.16
14271,5336,1,10,8,43.70,349.60
14272,5336,2,27,1,66.99,66.99
14273,5337,1,13,2,47.81,95.62
14274,5337,2,30,3,71.10,213.30
14275,5338,1,16,4,51.92,207.68
14276,5338,2,33,5,75.21,376.05
14277,5339,1,19,6,56.03,336.18
14278,5339,2,36,7,79.32,555.24
14279,5340,1,22,8,60.14,481.12
14280,5340,2,39,1,83.43,83.43
14281,5341,1,25,2,64.25,128.50
14282,5341,2,42,3,87.54,262.62
14283,5342,1,28,4,68.36,273.44
14284,5342,2,45,5,91.65,458.25
14285,5343,1,31,6,72.47,434.82
14286,5343,2,48,7,95.76,670.32
14287,5344,1,34,8,76.58,612.64
14288,5344,2,51,1,99.87,99.87
14289,5345,1,37,2,80.69,161.38
14290,5345,2,54,3,103.98,311.94
14291,5346,1,40,4,84.80,339.20
14292,5346,2,57,5,108.09,540.45
14293,5347,1,43,6,88.91,533.46
14294,5347,2,60,7,112.20,785.40
14295,5348,1,46,8,93.02,744.16
14296,5348,2,63,1,116.31,116.31
14297,5349,1,49,2,97.13,194.26
14298,5349,2,66,3,120.42,361.26
14299,5350,1,52,4,101.24,404.96
14300,5350,2,69,5,124.53,622.65
14301,5351,1,55,6,105.35,632.10
14302,5351,2,72,7,128.64,900.48
14303,5352,1,58,8,109.46,875.68
14304,5352,2,75,1,132.75,132.75
14305,5353,1,61,2,113.57,227.14
14306,5353,2,78,3,136.86,410.58
14307,5354,1,64,4,117.68,470.72
14308,5354,2,81,5,140.97,704.85
14309,5355,1,67,6,121.79,730.74
14310,5355,2,84,7,145.08,1015.56
14311,5356,1,70,8,125.90,1007.20
14312,5356,2,87,1,149.19,149.19
14313,5357,1,73,2,130.01,260.02
14314,5357,2,90,3,153.30,459.90
14315,5358,1,76,4,134.12,536.48
14316,5358,2,93,5,157.41,787.05
14317,5359,1,79,6,138.23,829.38
14318,5359,2,96,7,161.52,1130.64
14319,5360,1,82,8,142.34,1138.72
14320,5360,2,99,1,165.63,165.63
14321,5361,1,85,2,146.45,292.90
14322,5361,2,102,3,169.74,509.22
14323,5362,1,88,4,150.56,602.24
14324,5362,2,105,5,173.85,869.25
14325,5363,1,91,6,154.67,928.02
14326,5363,2,108,7,177.96,1245.72
14327,5364,1,94,8,158.78,1270.24
14328,5364,2,111,1,182.07,182.07
14329,5365,1,97,2,162.89,325.78
14330,5365,2,2,3,32.74,98.22
14331,5366,1,100,4,167.00,668.00
14332,5366,2,5,5,36.85,184.25
14333,5367,1,103,6,171.11,1026.66
14334,5367,2,8,7,40.96,286.72
14335,5368,1,106,8,175.22,1401.76
14336,5368,2,11,1,45.07,45.07
14337,5369,1,109,2,179.33,358.66
14338,5369,2,14,3,49.18,147.54
14339,5370,1,112,4,183.44,733.76
14340,5370,2,17,5,53.29,266.45
14341,5371,1,3,6,34.11,204.66
14342,5371,2,20,7,57.40,401.80
14343,5372,1,6,8,38.22,305.76
14344,5372,2,23,1,61.51,61.51
14345,5373,1,9,2,42.33,84.66
14346,5373,2,26,3,65.62,196.86
14347,5374,1,12,4,46.44,185.76
14348,5374,2,29,5,69.73,348.65
14349,5375,1,15,6,50.55,303.30
14350,5375,2,32,7,73.84,516.88
14351,5376,1,18,8,54.66,437.28
14352,5376,2,35,1,77.95,77.95
14353,5377,1,21,2,58.77,117.54
14354,5377,2,38,3,82.06,246.18
14355,5378,1,24,4,62.88,251.52
14356,5378,2,41,5,86.17,430.85
14357,5379,1,27,6,66.99,401.94
14358,5379,2,44,7,90.28,631.96
14359,5380,1,30,8,71.10,568.80
14360,5380,2,47,1,94.39,94.39
14361,5381,1,33,2,75.21,150.42
14362,5381,2,50,3,98.50,295.50
14363,5382,1,36,4,79.32,317.28
14364,5382,2,53,5,102.61,513.05
14365,5383,1,39,6,83.43,500.58
14366,5383,2,56,7,106.72,747.04
14367,5384,1,42,8,87.54,700.32
14368,5384,2,59,1,110.83,110.83
14369,5385,1,45,2,91.65,183.30
14370,5385,2,62,3,114.94,344.82
14371,5386,1,48,4,95.76,383.04
14372,5386,2,65,5,119.05,595.25
14373,5387,1,51,6,99.87,599.22
14374,5387,2,68,7,123.16,862.12
14375,5388,1,54,8,103.98,831.84
14376,5388,2,71,1,127.27,127.27
14377,5389,1,57,2,108.09,216.18
14378,5389,2,74,3,131.38,394.14
14379,5390,1,60,4,112.20,448.80
14380,5390,2,77,5,135.49,677.45
14381,5391,1,63,6,116.31,697.86
14382,5391,2,80,7,139.60,977.20
14383,5392,1,66,8,120.42,963.36
14384,5392,2,83,1,143.71,143.71
14385,5393,1,69,2,124.53,249.06
14386,5393,2,86,3,147.82,443.46
14387,5394,1,72,4,128.64,514.56
14388,5394,2,89,5,151.93,759.65
14389,5395,1,75,6,132.75,796.50
14390,5395,2,92,7,156.04,1092.28
14391,5396,1,78,8,136.86,1094.88
14392,5396,2,95,1,160.15,160.15
14393,5397,1,81,2,140.97,281.94
14394,5397,2,98,3,164.26,492.78
14395,5398,1,84,4,145.08,580.32
14396,5398,2,101,5,168.37,841.85
14397,5399,1,87,6,149.19,895.14
14398,5399,2,104,7,172.48,1207.36
14399,5400,1,90,8,153.30,1226.40
14400,5400,2,107,1,176.59,176.59
14401,5401,1,93,2,157.41,314.82
14402,5401,2,110,3,180.70,542.10
14403,5402,1,96,4,161.52,646.08
14404,5402,2,1,5,31.37,156.85
14405,5403,1,99,6,165.63,993.78
14406,5403,2,4,7,35.48,248.36
14407,5404,1,102,8,169.74,1357.92
14408,5404,2,7,1,39.59,39.59
14409,5405,1,105,2,173.85,347.70
14410,5405,2,10,3,43.70,131.10
14411,5406,1,108,4,177.96,711.84
14412,5406,2,13,5,47.81,239.05
14413,5407,1,111,6,182.07,1092.42
14414,5407,2,16,7,51.92,363.44
14415,5408,1,2,8,32.74,261.92
14416,5408,2,19,1,56.03,56.03
14417,5409,1,5,2,36.85,73.70
14418,5409,2,22,3,60.14,180.42
14419,5410,1,8,4,40.96,163.84
14420,5410,2,25,5,64.25,321.25
14421,5411,1,11,6,45.07,270.42
14422,5411,2,28,7,68.36,478.52
14423,5412,1,14,8,49.18,393.44
14424,5412,2,31,1,72.47,72.47
14425,5413,1,17,2,53.29,106.58
14426,5413,2,34,3,76.58,229.74
14427,5414,1,20,4,57.40,229.60
14428,5414,2,37,5,80.69,403.45
14429,5415,1,23,6,61.51,369.06
14430,5415,2,40,7,84.80,593.60
14431,5416,1,26,8,65.62,524.96
14432,5416,2,43,1,88.91,88.91
14433,5417,1,29,2,69.73,139.46
14434,5417,2,46,3,93.02,279.06
14435,5418,1,32,4,73.84,295.36
14436,5418,2,49,5,97.13,485.65
14437,5419,1,35,6,77.95,467.70
14438,5419,2,52,7,101.24,708.68
14439,5420,1,38,8,82.06,656.48
14440,5420,2,55,1,105.35,105.35
14441,5421,1,41,2,86.17,172.34
14442,5421,2,58,3,109.46,328.38
14443,5422,1,44,4,90.28,361.12
14444,5422,2,61,5,113.57,567.85
14445,5423,1,47,6,94.39,566.34
14446,5423,2,64,7,117.68,823.76
14447,5424,1,50,8,98.50,788.00
14448,5424,2,67,1,121.79,121.79
14449,5425,1,53,2,102.61,205.22
14450,5425,2,70,3,125.90,377.70
14451,5426,1,56,4,106.72,426.88
14452,5426,2,73,5,130.01,650.05
14453,5427,1,59,6,110.83,664.98
14454,5427,2,76,7,134.12,938.84
14455,5428,1,62,8,114.94,919.52
14456,5428,2,79,1,138.23,138.23
14457,5429,1,65,2,119.05,238.10
14458,5429,2,82,3,142.34,427.02
14459,5430,1,68,4,123.16,492.64
14460,5430,2,85,5,146.45,732.25
14461,5431,1,71,6,127.27,763.62
14462,5431,2,88,7,150.56,1053.92
14463,5432,1,74,8,131.38,1051.04
14464,5432,2,91,1,154.67,154.67
14465,5433,1,77,2,135.49,270.98
14466,5433,2,94,3,158.78,476.34
14467,5434,1,80,4,139.60,558.40
14468,5434,2,97,5,162.89,814.45
14469,5435,1,83,6,143.71,862.26
14470,5435,2,100,7,167.00,1169.00
14471,5436,1,86,8,147.82,1182.56
14472,5436,2,103,1,171.11,171.11
14473,5437,1,89,2,151.93,303.86
14474,5437,2,106,3,175.22,525.66
14475,5438,1,92,4,156.04,624.16
14476,5438,2,109,5,179.33,896.65
14477,5439,1,95,6,160.15,960.90
14478,5439,2,112,7,183.44,1284.08
14479,5440,1,98,8,164.26,1314.08
14480,5440,2,3,1,34.11,34.11
14481,5441,1,101,2,168.37,336.74
14482,5441,2,6,3,38.22,114.66
14483,5442,1,104,4,172.48,689.92
14484,5442,2,9,5,42.33,211.65
14485,5443,1,107,6,176.59,1059.54
14486,5443,2,12,7,46.44,325.08
14487,5444,1,110,8,180.70,1445.60
14488,5444,2,15,1,50.55,50.55
14489,5445,1,1,2,31.37,62.74
14490,5445,2,18,3,54.66,163.98
14491,5446,1,4,4,35.48,141.92
14492,5446,2,21,5,58.77,293.85
14493,5447,1,7,6,39.59,237.54
14494,5447,2,24,7,62.88,440.16
14495,5448,1,10,8,43.70,349.60
14496,5448,2,27,1,66.99,66.99
14497,5449,1,13,2,47.81,95.62
14498,5449,2,30,3,71.10,213.30
14499,5450,1,16,4,51.92,207.68
14500,5450,2,33,5,75.21,376.05
14501,5451,1,19,6,56.03,336.18
14502,5451,2,36,7,79.32,555.24
14503,5452,1,22,8,60.14,481.12
14504,5452,2,39,1,83.43,83.43
14505,5453,1,25,2,64.25,128.50
14506,5453,2,42,3,87.54,262.62
14507,5454,1,28,4,68.36,273.44
14508,5454,2,45,5,91.65,458.25
14509,5455,1,31,6,72.47,434.82
14510,5455,2,48,7,95.76,670.32
14511,5456,1,34,8,76.58,612.64
14512,5456,2,51,1,99.87,99.87
14513,5457,1,37,2,80.69,161.38
14514,5457,2,54,3,103.98,311.94
14515,5458,1,40,4,84.80,339.20
14516,5458,2,57,5,108.09,540.45
14517,5459,1,43,6,88.91,533.46
14518,5459,2,60,7,112.20,785.40
14519,5460,1,46,8,93.02,744.16
14520,5460,2,63,1,116.31,116.31
14521,5461,1,49,2,97.13,194.26
14522,5461,2,66,3,120.42,361.26
14523,5462,1,52,4,101.24,404.96
14524,5462,2,69,5,124.53,622.65
14525,5463,1,55,6,105.35,632.10
14526,5463,2,72,7,128.64,900.48
14527,5464,1,58,8,109.46,875.68
14528,5464,2,75,1,132.75,132.75
14529,5465,1,61,2,113.57,227.14
14530,5465,2,78,3,136.86,410.58
14531,5466,1,64,4,117.68,470.72
14532,5466,2,81,5,140.97,704.85
14533,5467,1,67,6,121.79,730.74
14534,5467,2,84,7,145.08,1015.56
14535,5468,1,70,8,125.90,1007.20
14536,5468,2,87,1,149.19,149.19
14537,5469,1,73,2,130.01,260.02
14538,5469,2,90,3,153.30,459.90
14539,5470,1,76,4,134.12,536.48
14540,5470,2,93,5,157.41,787.05
14541,5471,1,79,6,138.23,829.38
14542,5471,2,96,7,161.52,1130.64
14543,5472,1,82,8,142.34,1138.72
14544,5472,2,99,1,165.63,165.63
14545,5473,1,85,2,146.45,292.90
14546,5473,2,102,3,169.74,509.22
14547,5474,1,88,4,150.56,602.24
14548,5474,2,105,5,173.85,869.25
14549,5475,1,91,6,154.67,928.02
14550,5475,2,108,7,177.96,1245.72
14551,5476,1,94,8,158.78,1270.24
14552,5476,2,111,1,182.07,182.07
14553,5477,1,97,2,162.89,325.78
14554,5477,2,2,3,32.74,98.22
14555,5478,1,100,4,167.00,668.00
14556,5478,2,5,5,36.85,184.25
14557,5479,1,103,6,171.11,1026.66
14558,5479,2,8,7,40.96,286.72
14559,5480,1,106,8,175.22,1401.76
14560,5480,2,11,1,45.07,45.07
14561,5481,1,109,2,179.33,358.66
14562,5481,2,14,3,49.18,147.54
14563,5482,1,112,4,183.44,733.76
14564,5482,2,17,5,53.29,266.45
14565,5483,1,3,6,34.11,204.66
14566,5483,2,20,7,57.40,401.80
14567,5484,1,6,8,38.22,305.76
14568,5484,2,23,1,61.51,61.51
14569,5485,1,9,2,42.33,84.66
14570,5485,2,26,3,65.62,196.86
14571,5486,1,12,4,46.44,185.76
14572,5486,2,29,5,69.73,348.65
14573,5487,1,15,6,50.55,303.30
14574,5487,2,32,7,73.84,516.88
14575,5488,1,18,8,54.66,437.28
14576,5488,2,35,1,77.95,77.95
14577,5489,1,21,2,58.77,117.54
14578,5489,2,38,3,82.06,246.18
14579,5490,1,24,4,62.88,251.52
14580,5490,2,41,5,86.17,430.85
14581,5491,1,27,6,66.99,401.94
14582,5491,2,44,7,90.28,631.96
14583,5492,1,30,8,71.10,568.80
14584,5492,2,47,1,94.39,94.39
14585,5493,1,33,2,75.21,150.42
14586,5493,2,50,3,98.50,295.50
14587,5494,1,36,4,79.32,317.28
14588,5494,2,53,5,102.61,513.05
14589,5495,1,39,6,83.43,500.58
14590,5495,2,56,7,106.72,747.04
14591,5496,1,42,8,87.54,700.32
14592,5496,2,59,1,110.83,110.83
14593,5497,1,45,2,91.65,183.30
14594,5497,2,62,3,114.94,344.82
14595,5498,1,48,4,95.76,383.04
14596,5498,2,65,5,119.05,595.25
14597,5499,1,51,6,99.87,599.22
14598,5499,2,68,7,123.16,862.12
14599,5500,1,54,8,103.98,831.84
14600,5500,2,71,1,127.27,127.27
14601,5501,1,57,2,108.09,216.18
14602,5501,2,74,3,131.38,394.14
14603,5502,1,60,4,112.20,448.80
14604,5502,2,77,5,135.49,677.45
14605,5503,1,63,6,116.31,697.86
14606,5503,2,80,7,139.60,977.20
14607,5504,1,66,8,120.42,963.36
14608,5504,2,83,1,143.71,143.71
14609,5505,1,69,2,124.53,249.06
14610,5505,2,86,3,147.82,443.46
14611,5506,1,72,4,128.64,514.56
14612,5506,2,89,5,151.93,759.65
14613,5507,1,75,6,132.75,796.50
14614,5507,2,92,7,156.04,1092.28
14615,5508,1,78,8,136.86,1094.88
14616,5508,2,95,1,160.15,160.15
14617,5509,1,81,2,140.97,281.94
14618,5509,2,98,3,164.26,492.78
14619,5510,1,84,4,145.08,580.32
14620,5510,2,101,5,168.37,841.85
14621,5511,1,87,6,149.19,895.14
14622,5511,2,104,7,172.48,1207.36
14623,5512,1,90,8,153.30,1226.40
14624,5512,2,107,1,176.59,176.59
14625,5513,1,93,2,157.41,314.82
14626,5513,2,110,3,180.70,542.10
14627,5514,1,96,4,161.52,646.08
14628,5514,2,1,5,31.37,156.85
14629,5515,1,99,6,165.63,993.78
14630,5515,2,4,7,35.48,248.36
14631,5516,1,102,8,169.74,1357.92
14632,5516,2,7,1,39.59,39.59
14633,5517,1,105,2,173.85,347.70
14634,5517,2,10,3,43.70,131.10
14635,5518,1,108,4,177.96,711.84
14636,5518,2,13,5,47.81,239.05
14637,5519,1,111,6,182.07,1092.42
14638,5519,2,16,7,51.92,363.44
14639,5520,1,2,8,32.74,261.92
14640,5520,2,19,1,56.03,56.03
14641,5521,1,5,2,36.85,73.70
14642,5521,2,22,3,60.14,180.42
14643,5522,1,8,4,40.96,163.84
14644,5522,2,25,5,64.25,321.25
14645,5523,1,11,6,45.07,270.42
14646,5523,2,28,7,68.36,478.52
14647,5524,1,14,8,49.18,393.44
14648,5524,2,31,1,72.47,72.47
14649,5525,1,17,2,53.29,106.58
14650,5525,2,34,3,76.58,229.74
14651,5526,1,20,4,57.40,229.60
14652,5526,2,37,5,80.69,403.45
14653,5527,1,23,6,61.51,369.06
14654,5527,2,40,7,84.80,593.60
14655,5528,1,26,8,65.62,524.96
14656,5528,2,43,1,88.91,88.91
14657,5529,1,29,2,69.73,139.46
14658,5529,2,46,3,93.02,279.06
14659,5530,1,32,4,73.84,295.36
14660,5530,2,49,5,97.13,485.65
14661,5531,1,35,6,77.95,467.70
14662,5531,2,52,7,101.24,708.68
14663,5532,1,38,8,82.06,656.48
14664,5532,2,55,1,105.35,105.35
14665,5533,1,41,2,86.17,172.34
14666,5533,2,58,3,109.46,328.38
14667,5534,1,44,4,90.28,361.12
14668,5534,2,61,5,113.57,567.85
14669,5535,1,47,6,94.39,566.34
14670,5535,2,64,7,117.68,823.76
14671,5536,1,50,8,98.50,788.00
14672,5536,2,67,1,121.79,121.79
14673,5537,1,53,2,102.61,205.22
14674,5537,2,70,3,125.90,377.70
14675,5538,1,56,4,106.72,426.88
14676,5538,2,73,5,130.01,650.05
14677,5539,1,59,6,110.83,664.98
14678,5539,2,76,7,134.12,938.84
14679,5540,1,62,8,114.94,919.52
14680,5540,2,79,1,138.23,138.23
14681,5541,1,65,2,119.05,238.10
14682,5541,2,82,3,142.34,427.02
14683,5542,1,68,4,123.16,492.64
14684,5542,2,85,5,146.45,732.25
14685,5543,1,71,6,127.27,763.62
14686,5543,2,88,7,150.56,1053.92
14687,5544,1,74,8,131.38,1051.04
14688,5544,2,91,1,154.67,154.67
14689,5545,1,77,2,135.49,270.98
14690,5545,2,94,3,158.78,476.34
14691,5546,1,80,4,139.60,558.40
14692,5546,2,97,5,162.89,814.45
14693,5547,1,83,6,143.71,862.26
14694,5547,2,100,7,167.00,1169.00
14695,5548,1,86,8,147.82,1182.56
14696,5548,2,103,1,171.11,171.11
14697,5549,1,89,2,151.93,303.86
14698,5549,2,106,3,175.22,525.66
14699,5550,1,92,4,156.04,624.16
14700,5550,2,109,5,179.33,896.65
14701,5551,1,95,6,160.15,960.90
14702,5551,2,112,7,183.44,1284.08
14703,5552,1,98,8,164.26,1314.08
14704,5552,2,3,1,34.11,34.11
14705,5553,1,101,2,168.37,336.74
14706,5553,2,6,3,38.22,114.66
14707,5554,1,104,4,172.48,689.92
14708,5554,2,9,5,42.33,211.65
14709,5555,1,107,6,176.59,1059.54
14710,5555,2,12,7,46.44,325.08
14711,5556,1,110,8,180.70,1445.60
14712,5556,2,15,1,50.55,50.55
14713,5557,1,1,2,31.37,62.74
14714,5557,2,18,3,54.66,163.98
14715,5558,1,4,4,35.48,141.92
14716,5558,2,21,5,58.77,293.85
14717,5559,1,7,6,39.59,237.54
14718,5559,2,24,7,62.88,440.16
14719,5560,1,10,8,43.70,349.60
14720,5560,2,27,1,66.99,66.99
14721,5561,1,13,2,47.81,95.62
14722,5561,2,30,3,71.10,213.30
14723,5562,1,16,4,51.92,207.68
14724,5562,2,33,5,75.21,376.05
14725,5563,1,19,6,56.03,336.18
14726,5563,2,36,7,79.32,555.24
14727,5564,1,22,8,60.14,481.12
14728,5564,2,39,1,83.43,83.43
14729,5565,1,25,2,64.25,128.50
14730,5565,2,42,3,87.54,262.62
14731,5566,1,28,4,68.36,273.44
14732,5566,2,45,5,91.65,458.25
14733,5567,1,31,6,72.47,434.82
14734,5567,2,48,7,95.76,670.32
14735,5568,1,34,8,76.58,612.64
14736,5568,2,51,1,99.87,99.87
14737,5569,1,37,2,80.69,161.38
14738,5569,2,54,3,103.98,311.94
14739,5570,1,40,4,84.80,339.20
14740,5570,2,57,5,108.09,540.45
14741,5571,1,43,6,88.91,533.46
14742,5571,2,60,7,112.20,785.40
14743,5572,1,46,8,93.02,744.16
14744,5572,2,63,1,116.31,116.31
14745,5573,1,49,2,97.13,194.26
14746,5573,2,66,3,120.42,361.26
14747,5574,1,52,4,101.24,404.96
14748,5574,2,69,5,124.53,622.65
14749,5575,1,55,6,105.35,632.10
14750,5575,2,72,7,128.64,900.48
14751,5576,1,58,8,109.46,875.68
14752,5576,2,75,1,132.75,132.75
14753,5577,1,61,2,113.57,227.14
14754,5577,2,78,3,136.86,410.58
14755,5578,1,64,4,117.68,470.72
14756,5578,2,81,5,140.97,704.85
14757,5579,1,67,6,121.79,730.74
14758,5579,2,84,7,145.08,1015.56
14759,5580,1,70,8,125.90,1007.20
14760,5580,2,87,1,149.19,149.19
14761,5581,1,73,2,130.01,260.02
14762,5581,2,90,3,153.30,459.90
14763,5582,1,76,4,134.12,536.48
14764,5582,2,93,5,157.41,787.05
14765,5583,1,79,6,138.23,829.38
14766,5583,2,96,7,161.52,1130.64
14767,5584,1,82,8,142.34,1138.72
14768,5584,2,99,1,165.63,165.63
14769,5585,1,85,2,146.45,292.90
14770,5585,2,102,3,169.74,509.22
14771,5586,1,88,4,150.56,602.24
14772,5586,2,105,5,173.85,869.25
14773,5587,1,91,6,154.67,928.02
14774,5587,2,108,7,177.96,1245.72
14775,5588,1,94,8,158.78,1270.24
14776,5588,2,111,1,182.07,182.07
14777,5589,1,97,2,162.89,325.78
14778,5589,2,2,3,32.74,98.22
14779,5590,1,100,4,167.00,668.00
14780,5590,2,5,5,36.85,184.25
14781,5591,1,103,6,171.11,1026.66
14782,5591,2,8,7,40.96,286.72
14783,5592,1,106,8,175.22,1401.76
14784,5592,2,11,1,45.07,45.07
14785,5593,1,109,2,179.33,358.66
14786,5593,2,14,3,49.18,147.54
14787,5594,1,112,4,183.44,733.76
14788,5594,2,17,5,53.29,266.45
14789,5595,1,3,6,34.11,204.66
14790,5595,2,20,7,57.40,401.80
14791,5596,1,6,8,38.22,305.76
14792,5596,2,23,1,61.51,61.51
14793,5597,1,9,2,42.33,84.66
14794,5597,2,26,3,65.62,196.86
14795,5598,1,12,4,46.44,185.76
14796,5598,2,29,5,69.73,348.65
14797,5599,1,15,6,50.55,303.30
14798,5599,2,32,7,73.84,516.88
14799,5600,1,18,8,54.66,437.28
14800,5600,2,35,1,77.95,77.95
14801,5601,1,21,2,58.77,117.54
14802,5601,2,38,3,82.06,246.18
14803,5602,1,24,4,62.88,251.52
14804,5602,2,41,5,86.17,430.85
14805,5603,1,27,6,66.99,401.94
14806,5603,2,44,7,90.28,631.96
14807,5604,1,30,8,71.10,568.80
14808,5604,2,47,1,94.39,94.39
14809,5605,1,33,2,75.21,150.42
14810,5605,2,50,3,98.50,295.50
14811,5606,1,36,4,79.32,317.28
14812,5606,2,53,5,102.61,513.05
14813,5607,1,39,6,83.43,500.58
14814,5607,2,56,7,106.72,747.04
14815,5608,1,42,8,87.54,700.32
14816,5608,2,59,1,110.83,110.83
14817,5609,1,45,2,91.65,183.30
14818,5609,2,62,3,114.94,344.82
14819,5610,1,48,4,95.76,383.04
14820,5610,2,65,5,119.05,595.25
14821,5611,1,51,6,99.87,599.22
14822,5611,2,68,7,123.16,862.12
14823,5612,1,54,8,103.98,831.84
14824,5612,2,71,1,127.27,127.27
14825,5613,1,57,2,108.09,216.18
14826,5613,2,74,3,131.38,394.14
14827,5614,1,60,4,112.20,448.80
14828,5614,2,77,5,135.49,677.45
14829,5615,1,63,6,116.31,697.86
14830,5615,2,80,7,139.60,977.20
14831,5616,1,66,8,120.42,963.36
14832,5616,2,83,1,143.71,143.71
14833,5617,1,69,2,124.53,249.06
14834,5617,2,86,3,147.82,443.46
14835,5618,1,72,4,128.64,514.56
14836,5618,2,89,5,151.93,759.65
14837,5619,1,75,6,132.75,796.50
14838,5619,2,92,7,156.04,1092.28
14839,5620,1,78,8,136.86,1094.88
14840,5620,2,95,1,160.15,160.15
14841,5621,1,81,2,140.97,281.94
14842,5621,2,98,3,164.26,492.78
14843,5622,1,84,4,145.08,580.32
14844,5622,2,101,5,168.37,841.85
14845,5623,1,87,6,149.19,895.14
14846,5623,2,104,7,172.48,1207.36
14847,5624,1,90,8,153.30,1226.40
14848,5624,2,107,1,176.59,176.59
14849,5625,1,93,2,157.41,314.82
14850,5625,2,110,3,180.70,542.10
14851,5626,1,96,4,161.52,646.08
14852,5626,2,1,5,31.37,156.85
14853,5627,1,99,6,165.63,993.78
14854,5627,2,4,7,35.48,248.36
14855,5628,1,102,8,169.74,1357.92
14856,5628,2,7,1,39.59,39.59
14857,5629,1,105,2,173.85,347.70
14858,5629,2,10,3,43.70,131.10
14859,5630,1,108,4,177.96,711.84
14860,5630,2,13,5,47.81,239.05
14861,5631,1,111,6,182.07,1092.42
14862,5631,2,16,7,51.92,363.44
14863,5632,1,2,8,32.74,261.92
14864,5632,2,19,1,56.03,56.03
14865,5633,1,5,2,36.85,73.70
14866,5633,2,22,3,60.14,180.42
14867,5634,1,8,4,40.96,163.84
14868,5634,2,25,5,64.25,321.25
14869,5635,1,11,6,45.07,270.42
14870,5635,2,28,7,68.36,478.52
14871,5636,1,14,8,49.18,393.44
14872,5636,2,31,1,72.47,72.47
14873,5637,1,17,2,53.29,106.58
14874,5637,2,34,3,76.58,229.74
14875,5638,1,20,4,57.40,229.60
14876,5638,2,37,5,80.69,403.45
14877,5639,1,23,6,61.51,369.06
14878,5639,2,40,7,84.80,593.60
14879,5640,1,26,8,65.62,524.96
14880,5640,2,43,1,88.91,88.91
14881,5641,1,29,2,69.73,139.46
14882,5641,2,46,3,93.02,279.06
14883,5642,1,32,4,73.84,295.36
14884,5642,2,49,5,97.13,485.65
14885,5643,1,35,6,77.95,467.70
14886,5643,2,52,7,101.24,708.68
14887,5644,1,38,8,82.06,656.48
14888,5644,2,55,1,105.35,105.35
14889,5645,1,41,2,86.17,172.34
14890,5645,2,58,3,109.46,328.38
14891,5646,1,44,4,90.28,361.12
14892,5646,2,61,5,113.57,567.85
14893,5647,1,47,6,94.39,566.34
14894,5647,2,64,7,117.68,823.76
14895,5648,1,50,8,98.50,788.00
14896,5648,2,67,1,121.79,121.79
14897,5649,1,53,2,102.61,205.22
14898,5649,2,70,3,125.90,377.70
14899,5650,1,56,4,106.72,426.88
14900,5650,2,73,5,130.01,650.05
14901,5651,1,59,6,110.83,664.98
14902,5651,2,76,7,134.12,938.84
14903,5652,1,62,8,114.94,919.52
14904,5652,2,79,1,138.23,138.23
14905,5653,1,65,2,119.05,238.10
14906,5653,2,82,3,142.34,427.02
14907,5654,1,68,4,123.16,492.64
14908,5654,2,85,5,146.45,732.25
14909,5655,1,71,6,127.27,763.62
14910,5655,2,88,7,150.56,1053.92
14911,5656,1,74,8,131.38,1051.04
14912,5656,2,91,1,154.67,154.67
14913,5657,1,77,2,135.49,270.98
14914,5657,2,94,3,158.78,476.34
14915,5658,1,80,4,139.60,558.40
14916,5658,2,97,5,162.89,814.45
14917,5659,1,83,6,143.71,862.26
14918,5659,2,100,7,167.00,1169.00
14919,5660,1,86,8,147.82,1182.56
14920,5660,2,103,1,171.11,171.11
14921,5661,1,89,2,151.93,303.86
14922,5661,2,106,3,175.22,525.66
14923,5662,1,92,4,156.04,624.16
14924,5662,2,109,5,179.33,896.65
14925,5663,1,95,6,160.15,960.90
14926,5663,2,112,7,183.44,1284.08
14927,5664,1,98,8,164.26,1314.08
14928,5664,2,3,1,34.11,34.11
14929,5665,1,101,2,168.37,336.74
14930,5665,2,6,3,38.22,114.66
14931,5666,1,104,4,172.48,689.92
14932,5666,2,9,5,42.33,211.65
14933,5667,1,107,6,176.59,1059.54
14934,5667,2,12,7,46.44,325.08
14935,5668,1,110,8,180.70,1445.60
14936,5668,2,15,1,50.55,50.55
14937,5669,1,1,2,31.37,62.74
14938,5669,2,18,3,54.66,163.98
14939,5670,1,4,4,35.48,141.92
14940,5670,2,21,5,58.77,293.85
14941,5671,1,7,6,39.59,237.54
14942,5671,2,24,7,62.88,440.16
14943,5672,1,10,8,43.70,349.60
14944,5672,2,27,1,66.99,66.99
14945,5673,1,13,2,47.81,95.62
14946,5673,2,30,3,71.10,213.30
14947,5674,1,16,4,51.92,207.68
14948,5674,2,33,5,75.21,376.05
14949,5675,1,19,6,56.03,336.18
14950,5675,2,36,7,79.32,555.24
14951,5676,1,22,8,60.14,481.12
14952,5676,2,39,1,83.43,83.43
14953,5677,1,25,2,64.25,128.50
14954,5677,2,42,3,87.54,262.62
14955,5678,1,28,4,68.36,273.44
14956,5678,2,45,5,91.65,458.25
14957,5679,1,31,6,72.47,434.82
14958,5679,2,48,7,95.76,670.32
14959,5680,1,34,8,76.58,612.64
14960,5680,2,51,1,99.87,99.87
14961,5681,1,37,2,80.69,161.38
14962,5681,2,54,3,103.98,311.94
14963,5682,1,40,4,84.80,339.20
14964,5682,2,57,5,108.09,540.45
14965,5683,1,43,6,88.91,533.46
14966,5683,2,60,7,112.20,785.40
14967,5684,1,46,8,93.02,744.16
14968,5684,2,63,1,116.31,116.31
14969,5685,1,49,2,97.13,194.26
14970,5685,2,66,3,120.42,361.26
14971,5686,1,52,4,101.24,404.96
14972,5686,2,69,5,124.53,622.65
14973,5687,1,55,6,105.35,632.10
14974,5687,2,72,7,128.64,900.48
14975,5688,1,58,8,109.46,875.68
14976,5688,2,75,1,132.75,132.75
14977,5689,1,61,2,113.57,227.14
14978,5689,2,78,3,136.86,410.58
14979,5690,1,64,4,117.68,470.72
14980,5690,2,81,5,140.97,704.85
14981,5691,1,67,6,121.79,730.74
14982,5691,2,84,7,145.08,1015.56
14983,5692,1,70,8,125.90,1007.20
14984,5692,2,87,1,149.19,149.19
14985,5693,1,73,2,130.01,260.02
14986,5693,2,90,3,153.30,459.90
14987,5694,1,76,4,134.12,536.48
14988,5694,2,93,5,157.41,787.05
14989,5695,1,79,6,138.23,829.38
14990,5695,2,96,7,161.52,1130.64
14991,5696,1,82,8,142.34,1138.72
14992,5696,2,99,1,165.63,165.63
14993,5697,1,85,2,146.45,292.90
14994,5697,2,102,3,169.74,509.22
14995,5698,1,88,4,150.56,602.24
14996,5698,2,105,5,173.85,869.25
14997,5699,1,91,6,154.67,928.02
14998,5699,2,108,7,177.96,1245.72
14999,5700,1,94,8,158.78,1270.24
15000,5700,2,111,1,182.07,182.07
15001,5701,1,97,2,162.89,325.78
15002,5701,2,2,3,32.74,98.22
15003,5702,1,100,4,167.00,668.00
15004,5702,2,5,5,36.85,184.25
15005,5703,1,103,6,171.11,1026.66
15006,5703,2,8,7,40.96,286.72
15007,5704,1,106,8,175.22,1401.76
15008,5704,2,11,1,45.07,45.07
15009,5705,1,109,2,179.33,358.66
15010,5705,2,14,3,49.18,147.54
15011,5706,1,112,4,183.44,733.76
15012,5706,2,17,5,53.29,266.45
15013,5707,1,3,6,34.11,204.66
15014,5707,2,20,7,57.40,401.80
15015,5708,1,6,8,38.22,305.76
15016,5708,2,23,1,61.51,61.51
15017,5709,1,9,2,42.33,84.66
15018,5709,2,26,3,65.62,196.86
15019,5710,1,12,4,46.44,185.76
15020,5710,2,29,5,69.73,348.65
15021,5711,1,15,6,50.55,303.30
15022,5711,2,32,7,73.84,516.88
15023,5712,1,18,8,54.66,437.28
15024,5712,2,35,1,77.95,77.95
15025,5713,1,21,2,58.77,117.54
15026,5713,2,38,3,82.06,246.18
15027,5714,1,24,4,62.88,251.52
15028,5714,2,41,5,86.17,430.85
15029,5715,1,27,6,66.99,401.94
15030,5715,2,44,7,90.28,631.96
15031,5716,1,30,8,71.10,568.80
15032,5716,2,47,1,94.39,94.39
15033,5717,1,33,2,75.21,150.42
15034,5717,2,50,3,98.50,295.50
15035,5718,1,36,4,79.32,317.28
15036,5718,2,53,5,102.61,513.05
15037,5719,1,39,6,83.43,500.58
15038,5719,2,56,7,106.72,747.04
15039,5720,1,42,8,87.54,700.32
15040,5720,2,59,1,110.83,110.83
15041,5721,1,45,2,91.65,183.30
15042,5721,2,62,3,114.94,344.82
15043,5722,1,48,4,95.76,383.04
15044,5722,2,65,5,119.05,595.25
15045,5723,1,51,6,99.87,599.22
15046,5723,2,68,7,123.16,862.12
15047,5724,1,54,8,103.98,831.84
15048,5724,2,71,1,127.27,127.27
15049,5725,1,57,2,108.09,216.18
15050,5725,2,74,3,131.38,394.14
15051,5726,1,60,4,112.20,448.80
15052,5726,2,77,5,135.49,677.45
15053,5727,1,63,6,116.31,697.86
15054,5727,2,80,7,139.60,977.20
15055,5728,1,66,8,120.42,963.36
15056,5728,2,83,1,143.71,143.71
15057,5729,1,69,2,124.53,249.06
15058,5729,2,86,3,147.82,443.46
15059,5730,1,72,4,128.64,514.56
15060,5730,2,89,5,151.93,759.65
15061,5731,1,75,6,132.75,796.50
15062,5731,2,92,7,156.04,1092.28
15063,5732,1,78,8,136.86,1094.88
15064,5732,2,95,1,160.15,160.15
15065,5733,1,81,2,140.97,281.94
15066,5733,2,98,3,164.26,492.78
15067,5734,1,84,4,145.08,580.32
15068,5734,2,101,5,168.37,841.85
15069,5735,1,87,6,149.19,895.14
15070,5735,2,104,7,172.48,1207.36
15071,5736,1,90,8,153.30,1226.40
15072,5736,2,107,1,176.59,176.59
15073,5737,1,93,2,157.41,314.82
15074,5737,2,110,3,180.70,542.10
15075,5738,1,96,4,161.52,646.08
15076,5738,2,1,5,31.37,156.85
15077,5739,1,99,6,165.63,993.78
15078,5739,2,4,7,35.48,248.36
15079,5740,1,102,8,169.74,1357.92
15080,5740,2,7,1,39.59,39.59
15081,5741,1,105,2,173.85,347.70
15082,5741,2,10,3,43.70,131.10
15083,5742,1,108,4,177.96,711.84
15084,5742,2,13,5,47.81,239.05
15085,5743,1,111,6,182.07,1092.42
15086,5743,2,16,7,51.92,363.44
15087,5744,1,2,8,32.74,261.92
15088,5744,2,19,1,56.03,56.03
15089,5745,1,5,2,36.85,73.70
15090,5745,2,22,3,60.14,180.42
15091,5746,1,8,4,40.96,163.84
15092,5746,2,25,5,64.25,321.25
15093,5747,1,11,6,45.07,270.42
15094,5747,2,28,7,68.36,478.52
15095,5748,1,14,8,49.18,393.44
15096,5748,2,31,1,72.47,72.47
15097,5749,1,17,2,53.29,106.58
15098,5749,2,34,3,76.58,229.74
15099,5750,1,20,4,57.40,229.60
15100,5750,2,37,5,80.69,403.45
15101,5751,1,23,6,61.51,369.06
15102,5751,2,40,7,84.80,593.60
15103,5752,1,26,8,65.62,524.96
15104,5752,2,43,1,88.91,88.91
15105,5753,1,29,2,69.73,139.46
15106,5753,2,46,3,93.02,279.06
15107,5754,1,32,4,73.84,295.36
15108,5754,2,49,5,97.13,485.65
15109,5755,1,35,6,77.95,467.70
15110,5755,2,52,7,101.24,708.68
15111,5756,1,38,8,82.06,656.48
15112,5756,2,55,1,105.35,105.35
15113,5757,1,41,2,86.17,172.34
15114,5757,2,58,3,109.46,328.38
15115,5758,1,44,4,90.28,361.12
15116,5758,2,61,5,113.57,567.85
15117,5759,1,47,6,94.39,566.34
15118,5759,2,64,7,117.68,823.76
15119,5760,1,50,8,98.50,788.00
15120,5760,2,67,1,121.79,121.79
15121,5761,1,53,2,102.61,205.22
15122,5761,2,70,3,125.90,377.70
15123,5762,1,56,4,106.72,426.88
15124,5762,2,73,5,130.01,650.05
15125,5763,1,59,6,110.83,664.98
15126,5763,2,76,7,134.12,938.84
15127,5764,1,62,8,114.94,919.52
15128,5764,2,79,1,138.23,138.23
15129,5765,1,65,2,119.05,238.10
15130,5765,2,82,3,142.34,427.02
15131,5766,1,68,4,123.16,492.64
15132,5766,2,85,5,146.45,732.25
15133,5767,1,71,6,127.27,763.62
15134,5767,2,88,7,150.56,1053.92
15135,5768,1,74,8,131.38,1051.04
15136,5768,2,91,1,154.67,154.67
15137,5769,1,77,2,135.49,270.98
15138,5769,2,94,3,158.78,476.34
15139,5770,1,80,4,139.60,558.40
15140,5770,2,97,5,162.89,814.45
15141,5771,1,83,6,143.71,862.26
15142,5771,2,100,7,167.00,1169.00
15143,5772,1,86,8,147.82,1182.56
15144,5772,2,103,1,171.11,171.11
15145,5773,1,89,2,151.93,303.86
15146,5773,2,106,3,175.22,525.66
15147,5774,1,92,4,156.04,624.16
15148,5774,2,109,5,179.33,896.65
15149,5775,1,95,6,160.15,960.90
15150,5775,2,112,7,183.44,1284.08
15151,5776,1,98,8,164.26,1314.08
15152,5776,2,3,1,34.11,34.11
15153,5777,1,101,2,168.37,336.74
15154,5777,2,6,3,38.22,114.66
15155,5778,1,104,4,172.48,689.92
15156,5778,2,9,5,42.33,211.65
15157,5779,1,107,6,176.59,1059.54
15158,5779,2,12,7,46.44,325.08
15159,5780,1,110,8,180.70,1445.60
15160,5780,2,15,1,50.55,50.55
15161,5781,1,1,2,31.37,62.74
15162,5781,2,18,3,54.66,163.98
15163,5782,1,4,4,35.48,141.92
15164,5782,2,21,5,58.77,293.85
15165,5783,1,7,6,39.59,237.54
15166,5783,2,24,7,62.88,440.16
15167,5784,1,10,8,43.70,349.60
15168,5784,2,27,1,66.99,66.99
15169,5785,1,13,2,47.81,95.62
15170,5785,2,30,3,71.10,213.30
15171,5786,1,16,4,51.92,207.68
15172,5786,2,33,5,75.21,376.05
15173,5787,1,19,6,56.03,336.18
15174,5787,2,36,7,79.32,555.24
15175,5788,1,22,8,60.14,481.12
15176,5788,2,39,1,83.43,83.43
15177,5789,1,25,2,64.25,128.50
15178,5789,2,42,3,87.54,262.62
15179,5790,1,28,4,68.36,273.44
15180,5790,2,45,5,91.65,458.25
15181,5791,1,31,6,72.47,434.82
15182,5791,2,48,7,95.76,670.32
15183,5792,1,34,8,76.58,612.64
15184,5792,2,51,1,99.87,99.87
15185,5793,1,37,2,80.69,161.38
15186,5793,2,54,3,103.98,311.94
15187,5794,1,40,4,84.80,339.20
15188,5794,2,57,5,108.09,540.45
15189,5795,1,43,6,88.91,533.46
15190,5795,2,60,7,112.20,785.40
15191,5796,1,46,8,93.02,744.16
15192,5796,2,63,1,116.31,116.31
15193,5797,1,49,2,97.13,194.26
15194,5797,2,66,3,120.42,361.26
15195,5798,1,52,4,101.24,404.96
15196,5798,2,69,5,124.53,622.65
15197,5799,1,55,6,105.35,632.10
15198,5799,2,72,7,128.64,900.48
15199,5800,1,58,8,109.46,875.68
15200,5800,2,75,1,132.75,132.75
15201,5801,1,61,2,113.57,227.14
15202,5801,2,78,3,136.86,410.58
15203,5802,1,64,4,117.68,470.72
15204,5802,2,81,5,140.97,704.85
15205,5803,1,67,6,121.79,730.74
15206,5803,2,84,7,145.08,1015.56
15207,5804,1,70,8,125.90,1007.20
15208,5804,2,87,1,149.19,149.19
15209,5805,1,73,2,130.01,260.02
15210,5805,2,90,3,153.30,459.90
15211,5806,1,76,4,134.12,536.48
15212,5806,2,93,5,157.41,787.05
15213,5807,1,79,6,138.23,829.38
15214,5807,2,96,7,161.52,1130.64
15215,5808,1,82,8,142.34,1138.72
15216,5808,2,99,1,165.63,165.63
15217,5809,1,85,2,146.45,292.90
15218,5809,2,102,3,169.74,509.22
15219,5810,1,88,4,150.56,602.24
15220,5810,2,105,5,173.85,869.25
15221,5811,1,91,6,154.67,928.02
15222,5811,2,108,7,177.96,1245.72
15223,5812,1,94,8,158.78,1270.24
15224,5812,2,111,1,182.07,182.07
15225,5813,1,97,2,162.89,325.78
15226,5813,2,2,3,32.74,98.22
15227,5814,1,100,4,167.00,668.00
15228,5814,2,5,5,36.85,184.25
15229,5815,1,103,6,171.11,1026.66
15230,5815,2,8,7,40.96,286.72
15231,5816,1,106,8,175.22,1401.76
15232,5816,2,11,1,45.07,45.07
15233,5817,1,109,2,179.33,358.66
15234,5817,2,14,3,49.18,147.54
15235,5818,1,112,4,183.44,733.76
15236,5818,2,17,5,53.29,266.45
15237,5819,1,3,6,34.11,204.66
15238,5819,2,20,7,57.40,401.80
15239,5820,1,6,8,38.22,305.76
15240,5820,2,23,1,61.51,61.51
15241,5821,1,9,2,42.33,84.66
15242,5821,2,26,3,65.62,196.86
15243,5822,1,12,4,46.44,185.76
15244,5822,2,29,5,69.73,348.65
15245,5823,1,15,6,50.55,303.30
15246,5823,2,32,7,73.84,516.88
15247,5824,1,18,8,54.66,437.28
15248,5824,2,35,1,77.95,77.95
15249,5825,1,21,2,58.77,117.54
15250,5825,2,38,3,82.06,246.18
15251,5826,1,24,4,62.88,251.52
15252,5826,2,41,5,86.17,430.85
15253,5827,1,27,6,66.99,401.94
15254,5827,2,44,7,90.28,631.96
15255,5828,1,30,8,71.10,568.80
15256,5828,2,47,1,94.39,94.39
15257,5829,1,33,2,75.21,150.42
15258,5829,2,50,3,98.50,295.50
15259,5830,1,36,4,79.32,317.28
15260,5830,2,53,5,102.61,513.05
15261,5831,1,39,6,83.43,500.58
15262,5831,2,56,7,106.72,747.04
15263,5832,1,42,8,87.54,700.32
15264,5832,2,59,1,110.83,110.83
15265,5833,1,45,2,91.65,183.30
15266,5833,2,62,3,114.94,344.82
15267,5834,1,48,4,95.76,383.04
15268,5834,2,65,5,119.05,595.25
15269,5835,1,51,6,99.87,599.22
15270,5835,2,68,7,123.16,862.12
15271,5836,1,54,8,103.98,831.84
15272,5836,2,71,1,127.27,127.27
15273,5837,1,57,2,108.09,216.18
15274,5837,2,74,3,131.38,394.14
15275,5838,1,60,4,112.20,448.80
15276,5838,2,77,5,135.49,677.45
15277,5839,1,63,6,116.31,697.86
15278,5839,2,80,7,139.60,977.20
15279,5840,1,66,8,120.42,963.36
15280,5840,2,83,1,143.71,143.71
15281,5841,1,69,2,124.53,249.06
15282,5841,2,86,3,147.82,443.46
15283,5842,1,72,4,128.64,514.56
15284,5842,2,89,5,151.93,759.65
15285,5843,1,75,6,132.75,796.50
15286,5843,2,92,7,156.04,1092.28
15287,5844,1,78,8,136.86,1094.88
15288,5844,2,95,1,160.15,160.15
15289,5845,1,81,2,140.97,281.94
15290,5845,2,98,3,164.26,492.78
15291,5846,1,84,4,145.08,580.32
15292,5846,2,101,5,168.37,841.85
15293,5847,1,87,6,149.19,895.14
15294,5847,2,104,7,172.48,1207.36
15295,5848,1,90,8,153.30,1226.40
15296,5848,2,107,1,176.59,176.59
15297,5849,1,93,2,157.41,314.82
15298,5849,2,110,3,180.70,542.10
15299,5850,1,96,4,161.52,646.08
15300,5850,2,1,5,31.37,156.85
15301,5851,1,99,6,165.63,993.78
15302,5851,2,4,7,35.48,248.36
15303,5852,1,102,8,169.74,1357.92
15304,5852,2,7,1,39.59,39.59
15305,5853,1,105,2,173.85,347.70
15306,5853,2,10,3,43.70,131.10
15307,5854,1,108,4,177.96,711.84
15308,5854,2,13,5,47.81,239.05
15309,5855,1,111,6,182.07,1092.42
15310,5855,2,16,7,51.92,363.44
15311,5856,1,2,8,32.74,261.92
15312,5856,2,19,1,56.03,56.03
15313,5857,1,5,2,36.85,73.70
15314,5857,2,22,3,60.14,180.42
15315,5858,1,8,4,40.96,163.84
15316,5858,2,25,5,64.25,321.25
15317,5859,1,11,6,45.07,270.42
15318,5859,2,28,7,68.36,478.52
15319,5860,1,14,8,49.18,393.44
15320,5860,2,31,1,72.47,72.47
15321,5861,1,17,2,53.29,106.58
15322,5861,2,34,3,76.58,229.74
15323,5862,1,20,4,57.40,229.60
15324,5862,2,37,5,80.69,403.45
15325,5863,1,23,6,61.51,369.06
15326,5863,2,40,7,84.80,593.60
15327,5864,1,26,8,65.62,524.96
15328,5864,2,43,1,88.91,88.91
15329,5865,1,29,2,69.73,139.46
15330,5865,2,46,3,93.02,279.06
15331,5866,1,32,4,73.84,295.36
15332,5866,2,49,5,97.13,485.65
15333,5867,1,35,6,77.95,467.70
15334,5867,2,52,7,101.24,708.68
15335,5868,1,38,8,82.06,656.48
15336,5868,2,55,1,105.35,105.35
15337,5869,1,41,2,86.17,172.34
15338,5869,2,58,3,109.46,328.38
15339,5870,1,44,4,90.28,361.12
15340,5870,2,61,5,113.57,567.85
15341,5871,1,47,6,94.39,566.34
15342,5871,2,64,7,117.68,823.76
15343,5872,1,50,8,98.50,788.00
15344,5872,2,67,1,121.79,121.79
15345,5873,1,53,2,102.61,205.22
15346,5873,2,70,3,125.90,377.70
15347,5874,1,56,4,106.72,426.88
15348,5874,2,73,5,130.01,650.05
15349,5875,1,59,6,110.83,664.98
15350,5875,2,76,7,134.12,938.84
15351,5876,1,62,8,114.94,919.52
15352,5876,2,79,1,138.23,138.23
15353,5877,1,65,2,119.05,238.10
15354,5877,2,82,3,142.34,427.02
15355,5878,1,68,4,123.16,492.64
15356,5878,2,85,5,146.45,732.25
15357,5879,1,71,6,127.27,763.62
15358,5879,2,88,7,150.56,1053.92
15359,5880,1,74,8,131.38,1051.04
15360,5880,2,91,1,154.67,154.67
15361,5881,1,77,2,135.49,270.98
15362,5881,2,94,3,158.78,476.34
15363,5882,1,80,4,139.60,558.40
15364,5882,2,97,5,162.89,814.45
15365,5883,1,83,6,143.71,862.26
15366,5883,2,100,7,167.00,1169.00
15367,5884,1,86,8,147.82,1182.56
15368,5884,2,103,1,171.11,171.11
15369,5885,1,89,2,151.93,303.86
15370,5885,2,106,3,175.22,525.66
15371,5886,1,92,4,156.04,624.16
15372,5886,2,109,5,179.33,896.65
15373,5887,1,95,6,160.15,960.90
15374,5887,2,112,7,183.44,1284.08
15375,5888,1,98,8,164.26,1314.08
15376,5888,2,3,1,34.11,34.11
15377,5889,1,101,2,168.37,336.74
15378,5889,2,6,3,38.22,114.66
15379,5890,1,104,4,172.48,689.92
15380,5890,2,9,5,42.33,211.65
15381,5891,1,107,6,176.59,1059.54
15382,5891,2,12,7,46.44,325.08
15383,5892,1,110,8,180.70,1445.60
15384,5892,2,15,1,50.55,50.55
15385,5893,1,1,2,31.37,62.74
15386,5893,2,18,3,54.66,163.98
15387,5894,1,4,4,35.48,141.92
15388,5894,2,21,5,58.77,293.85
15389,5895,1,7,6,39.59,237.54
15390,5895,2,24,7,62.88,440.16
15391,5896,1,10,8,43.70,349.60
15392,5896,2,27,1,66.99,66.99
15393,5897,1,13,2,47.81,95.62
15394,5897,2,30,3,71.10,213.30
15395,5898,1,16,4,51.92,207.68
15396,5898,2,33,5,75.21,376.05
15397,5899,1,19,6,56.03,336.18
15398,5899,2,36,7,79.32,555.24
15399,5900,1,22,8,60.14,481.12
15400,5900,2,39,1,83.43,83.43
15401,5901,1,25,2,64.25,128.50
15402,5901,2,42,3,87.54,262.62
15403,5902,1,28,4,68.36,273.44
15404,5902,2,45,5,91.65,458.25
15405,5903,1,31,6,72.47,434.82
15406,5903,2,48,7,95.76,670.32
15407,5904,1,34,8,76.58,612.64
15408,5904,2,51,1,99.87,99.87
15409,5905,1,37,2,80.69,161.38
15410,5905,2,54,3,103.98,311.94
15411,5906,1,40,4,84.80,339.20
15412,5906,2,57,5,108.09,540.45
15413,5907,1,43,6,88.91,533.46
15414,5907,2,60,7,112.20,785.40
15415,5908,1,46,8,93.02,744.16
15416,5908,2,63,1,116.31,116.31
15417,5909,1,49,2,97.13,194.26
15418,5909,2,66,3,120.42,361.26
15419,5910,1,52,4,101.24,404.96
15420,5910,2,69,5,124.53,622.65
15421,5911,1,55,6,105.35,632.10
15422,5911,2,72,7,128.64,900.48
15423,5912,1,58,8,109.46,875.68
15424,5912,2,75,1,132.75,132.75
15425,5913,1,61,2,113.57,227.14
15426,5913,2,78,3,136.86,410.58
15427,5914,1,64,4,117.68,470.72
15428,5914,2,81,5,140.97,704.85
15429,5915,1,67,6,121.79,730.74
15430,5915,2,84,7,145.08,1015.56
15431,5916,1,70,8,125.90,1007.20
15432,5916,2,87,1,149.19,149.19
15433,5917,1,73,2,130.01,260.02
15434,5917,2,90,3,153.30,459.90
15435,5918,1,76,4,134.12,536.48
15436,5918,2,93,5,157.41,787.05
15437,5919,1,79,6,138.23,829.38
15438,5919,2,96,7,161.52,1130.64
15439,5920,1,82,8,142.34,1138.72
15440,5920,2,99,1,165.63,165.63
15441,5921,1,85,2,146.45,292.90
15442,5921,2,102,3,169.74,509.22
15443,5922,1,88,4,150.56,602.24
15444,5922,2,105,5,173.85,869.25
15445,5923,1,91,6,154.67,928.02
15446,5923,2,108,7,177.96,1245.72
15447,5924,1,94,8,158.78,1270.24
15448,5924,2,111,1,182.07,182.07
15449,5925,1,97,2,162.89,325.78
15450,5925,2,2,3,32.74,98.22
15451,5926,1,100,4,167.00,668.00
15452,5926,2,5,5,36.85,184.25
15453,5927,1,103,6,171.11,1026.66
15454,5927,2,8,7,40.96,286.72
15455,5928,1,106,8,175.22,1401.76
15456,5928,2,11,1,45.07,45.07
15457,5929,1,109,2,179.33,358.66
15458,5929,2,14,3,49.18,147.54
15459,5930,1,112,4,183.44,733.76
15460,5930,2,17,5,53.29,266.45
15461,5931,1,3,6,34.11,204.66
15462,5931,2,20,7,57.40,401.80
15463,5932,1,6,8,38.22,305.76
15464,5932,2,23,1,61.51,61.51
15465,5933,1,9,2,42.33,84.66
15466,5933,2,26,3,65.62,196.86
15467,5934,1,12,4,46.44,185.76
15468,5934,2,29,5,69.73,348.65
15469,5935,1,15,6,50.55,303.30
15470,5935,2,32,7,73.84,516.88
15471,5936,1,18,8,54.66,437.28
15472,5936,2,35,1,77.95,77.95
15473,5937,1,21,2,58.77,117.54
15474,5937,2,38,3,82.06,246.18
15475,5938,1,24,4,62.88,251.52
15476,5938,2,41,5,86.17,430.85
15477,5939,1,27,6,66.99,401.94
15478,5939,2,44,7,90.28,631.96
15479,5940,1,30,8,71.10,568.80
15480,5940,2,47,1,94.39,94.39
15481,5941,1,33,2,75.21,150.42
15482,5941,2,50,3,98.50,295.50
15483,5942,1,36,4,79.32,317.28
15484,5942,2,53,5,102.61,513.05
15485,5943,1,39,6,83.43,500.58
15486,5943,2,56,7,106.72,747.04
15487,5944,1,42,8,87.54,700.32
15488,5944,2,59,1,110.83,110.83
15489,5945,1,45,2,91.65,183.30
15490,5945,2,62,3,114.94,344.82
15491,5946,1,48,4,95.76,383.04
15492,5946,2,65,5,119.05,595.25
15493,5947,1,51,6,99.87,599.22
15494,5947,2,68,7,123.16,862.12
15495,5948,1,54,8,103.98,831.84
15496,5948,2,71,1,127.27,127.27
15497,5949,1,57,2,108.09,216.18
15498,5949,2,74,3,131.38,394.14
15499,5950,1,60,4,112.20,448.80
15500,5950,2,77,5,135.49,677.45
15501,5951,1,63,6,116.31,697.86
15502,5951,2,80,7,139.60,977.20
15503,5952,1,66,8,120.42,963.36
15504,5952,2,83,1,143.71,143.71
15505,5953,1,69,2,124.53,249.06
15506,5953,2,86,3,147.82,443.46
15507,5954,1,72,4,128.64,514.56
15508,5954,2,89,5,151.93,759.65
15509,5955,1,75,6,132.75,796.50
15510,5955,2,92,7,156.04,1092.28
15511,5956,1,78,8,136.86,1094.88
15512,5956,2,95,1,160.15,160.15
15513,5957,1,81,2,140.97,281.94
15514,5957,2,98,3,164.26,492.78
15515,5958,1,84,4,145.08,580.32
15516,5958,2,101,5,168.37,841.85
15517,5959,1,87,6,149.19,895.14
15518,5959,2,104,7,172.48,1207.36
15519,5960,1,90,8,153.30,1226.40
15520,5960,2,107,1,176.59,176.59
15521,5961,1,93,2,157.41,314.82
15522,5961,2,110,3,180.70,542.10
15523,5962,1,96,4,161.52,646.08
15524,5962,2,1,5,31.37,156.85
15525,5963,1,99,6,165.63,993.78
15526,5963,2,4,7,35.48,248.36
15527,5964,1,102,8,169.74,1357.92
15528,5964,2,7,1,39.59,39.59
15529,5965,1,105,2,173.85,347.70
15530,5965,2,10,3,43.70,131.10
15531,5966,1,108,4,177.96,711.84
15532,5966,2,13,5,47.81,239.05
15533,5967,1,111,6,182.07,1092.42
15534,5967,2,16,7,51.92,363.44
15535,5968,1,2,8,32.74,261.92
15536,5968,2,19,1,56.03,56.03
15537,5969,1,5,2,36.85,73.70
15538,5969,2,22,3,60.14,180.42
15539,5970,1,8,4,40.96,163.84
15540,5970,2,25,5,64.25,321.25
15541,5971,1,11,6,45.07,270.42
15542,5971,2,28,7,68.36,478.52
15543,5972,1,14,8,49.18,393.44
15544,5972,2,31,1,72.47,72.47
15545,5973,1,17,2,53.29,106.58
15546,5973,2,34,3,76.58,229.74
15547,5974,1,20,4,57.40,229.60
15548,5974,2,37,5,80.69,403.45
15549,5975,1,23,6,61.51,369.06
15550,5975,2,40,7,84.80,593.60
15551,5976,1,26,8,65.62,524.96
15552,5976,2,43,1,88.91,88.91
15553,5977,1,29,2,69.73,139.46
15554,5977,2,46,3,93.02,279.06
15555,5978,1,32,4,73.84,295.36
15556,5978,2,49,5,97.13,485.65
15557,5979,1,35,6,77.95,467.70
15558,5979,2,52,7,101.24,708.68
15559,5980,1,38,8,82.06,656.48
15560,5980,2,55,1,105.35,105.35
15561,5981,1,41,2,86.17,172.34
15562,5981,2,58,3,109.46,328.38
15563,5982,1,44,4,90.28,361.12
15564,5982,2,61,5,113.57,567.85
15565,5983,1,47,6,94.39,566.34
15566,5983,2,64,7,117.68,823.76
15567,5984,1,50,8,98.50,788.00
15568,5984,2,67,1,121.79,121.79
15569,5985,1,53,2,102.61,205.22
15570,5985,2,70,3,125.90,377.70
15571,5986,1,56,4,106.72,426.88
15572,5986,2,73,5,130.01,650.05
15573,5987,1,59,6,110.83,664.98
15574,5987,2,76,7,134.12,938.84
15575,5988,1,62,8,114.94,919.52
15576,5988,2,79,1,138.23,138.23
15577,5989,1,65,2,119.05,238.10
15578,5989,2,82,3,142.34,427.02
15579,5990,1,68,4,123.16,492.64
15580,5990,2,85,5,146.45,732.25
15581,5991,1,71,6,127.27,763.62
15582,5991,2,88,7,150.56,1053.92
15583,5992,1,74,8,131.38,1051.04
15584,5992,2,91,1,154.67,154.67
15585,5993,1,77,2,135.49,270.98
15586,5993,2,94,3,158.78,476.34
15587,5994,1,80,4,139.60,558.40
15588,5994,2,97,5,162.89,814.45
15589,5995,1,83,6,143.71,862.26
15590,5995,2,100,7,167.00,1169.00
15591,5996,1,86,8,147.82,1182.56
15592,5996,2,103,1,171.11,171.11
15593,5997,1,89,2,151.93,303.86
15594,5997,2,106,3,175.22,525.66
15595,5998,1,92,4,156.04,624.16
15596,5998,2,109,5,179.33,896.65
15597,5999,1,95,6,160.15,960.90
15598,5999,2,112,7,183.44,1284.08
15599,6000,1,98,8,164.26,1314.08
15600,6000,2,3,1,34.11,34.11
15601,6001,1,101,2,168.37,336.74
15602,6001,2,6,3,38.22,114.66
15603,6002,1,104,4,172.48,689.92
15604,6002,2,9,5,42.33,211.65
15605,6003,1,107,6,176.59,1059.54
15606,6003,2,12,7,46.44,325.08
15607,6004,1,110,8,180.70,1445.60
15608,6004,2,15,1,50.55,50.55
15609,6005,1,1,2,31.37,62.74
15610,6005,2,18,3,54.66,163.98
15611,6006,1,4,4,35.48,141.92
15612,6006,2,21,5,58.77,293.85
15613,6007,1,7,6,39.59,237.54
15614,6007,2,24,7,62.88,440.16
15615,6008,1,10,8,43.70,349.60
15616,6008,2,27,1,66.99,66.99
15617,6009,1,13,2,47.81,95.62
15618,6009,2,30,3,71.10,213.30
15619,6010,1,16,4,51.92,207.68
15620,6010,2,33,5,75.21,376.05
15621,6011,1,19,6,56.03,336.18
15622,6011,2,36,7,79.32,555.24
15623,6012,1,22,8,60.14,481.12
15624,6012,2,39,1,83.43,83.43
15625,6013,1,25,2,64.25,128.50
15626,6013,2,42,3,87.54,262.62
15627,6014,1,28,4,68.36,273.44
15628,6014,2,45,5,91.65,458.25
15629,6015,1,31,6,72.47,434.82
15630,6015,2,48,7,95.76,670.32
15631,6016,1,34,8,76.58,612.64
15632,6016,2,51,1,99.87,99.87
15633,6017,1,37,2,80.69,161.38
15634,6017,2,54,3,103.98,311.94
15635,6018,1,40,4,84.80,339.20
15636,6018,2,57,5,108.09,540.45
15637,6019,1,43,6,88.91,533.46
15638,6019,2,60,7,112.20,785.40
15639,6020,1,46,8,93.02,744.16
15640,6020,2,63,1,116.31,116.31
15641,6021,1,49,2,97.13,194.26
15642,6021,2,66,3,120.42,361.26
15643,6022,1,52,4,101.24,404.96
15644,6022,2,69,5,124.53,622.65
15645,6023,1,55,6,105.35,632.10
15646,6023,2,72,7,128.64,900.48
15647,6024,1,58,8,109.46,875.68
15648,6024,2,75,1,132.75,132.75
15649,6025,1,61,2,113.57,227.14
15650,6025,2,78,3,136.86,410.58
15651,6026,1,64,4,117.68,470.72
15652,6026,2,81,5,140.97,704.85
15653,6027,1,67,6,121.79,730.74
15654,6027,2,84,7,145.08,1015.56
15655,6028,1,70,8,125.90,1007.20
15656,6028,2,87,1,149.19,149.19
15657,6029,1,73,2,130.01,260.02
15658,6029,2,90,3,153.30,459.90
15659,6030,1,76,4,134.12,536.48
15660,6030,2,93,5,157.41,787.05
15661,6031,1,79,6,138.23,829.38
15662,6031,2,96,7,161.52,1130.64
15663,6032,1,82,8,142.34,1138.72
15664,6032,2,99,1,165.63,165.63
15665,6033,1,85,2,146.45,292.90
15666,6033,2,102,3,169.74,509.22
15667,6034,1,88,4,150.56,602.24
15668,6034,2,105,5,173.85,869.25
15669,6035,1,91,6,154.67,928.02
15670,6035,2,108,7,177.96,1245.72
15671,6036,1,94,8,158.78,1270.24
15672,6036,2,111,1,182.07,182.07
15673,6037,1,97,2,162.89,325.78
15674,6037,2,2,3,32.74,98.22
15675,6038,1,100,4,167.00,668.00
15676,6038,2,5,5,36.85,184.25
15677,6039,1,103,6,171.11,1026.66
15678,6039,2,8,7,40.96,286.72
15679,6040,1,106,8,175.22,1401.76
15680,6040,2,11,1,45.07,45.07
15681,6041,1,109,2,179.33,358.66
15682,6041,2,14,3,49.18,147.54
15683,6042,1,112,4,183.44,733.76
15684,6042,2,17,5,53.29,266.45
15685,6043,1,3,6,34.11,204.66
15686,6043,2,20,7,57.40,401.80
15687,6044,1,6,8,38.22,305.76
15688,6044,2,23,1,61.51,61.51
15689,6045,1,9,2,42.33,84.66
15690,6045,2,26,3,65.62,196.86
15691,6046,1,12,4,46.44,185.76
15692,6046,2,29,5,69.73,348.65
15693,6047,1,15,6,50.55,303.30
15694,6047,2,32,7,73.84,516.88
15695,6048,1,18,8,54.66,437.28
15696,6048,2,35,1,77.95,77.95
15697,6049,1,21,2,58.77,117.54
15698,6049,2,38,3,82.06,246.18
15699,6050,1,24,4,62.88,251.52
15700,6050,2,41,5,86.17,430.85
15701,6051,1,27,6,66.99,401.94
15702,6051,2,44,7,90.28,631.96
15703,6052,1,30,8,71.10,568.80
15704,6052,2,47,1,94.39,94.39
15705,6053,1,33,2,75.21,150.42
15706,6053,2,50,3,98.50,295.50
15707,6054,1,36,4,79.32,317.28
15708,6054,2,53,5,102.61,513.05
15709,6055,1,39,6,83.43,500.58
15710,6055,2,56,7,106.72,747.04
15711,6056,1,42,8,87.54,700.32
15712,6056,2,59,1,110.83,110.83
15713,6057,1,45,2,91.65,183.30
15714,6057,2,62,3,114.94,344.82
15715,6058,1,48,4,95.76,383.04
15716,6058,2,65,5,119.05,595.25
15717,6059,1,51,6,99.87,599.22
15718,6059,2,68,7,123.16,862.12
15719,6060,1,54,8,103.98,831.84
15720,6060,2,71,1,127.27,127.27
15721,6061,1,57,2,108.09,216.18
15722,6061,2,74,3,131.38,394.14
15723,6062,1,60,4,112.20,448.80
15724,6062,2,77,5,135.49,677.45
15725,6063,1,63,6,116.31,697.86
15726,6063,2,80,7,139.60,977.20
15727,6064,1,66,8,120.42,963.36
15728,6064,2,83,1,143.71,143.71
15729,6065,1,69,2,124.53,249.06
15730,6065,2,86,3,147.82,443.46
15731,6066,1,72,4,128.64,514.56
15732,6066,2,89,5,151.93,759.65
15733,6067,1,75,6,132.75,796.50
15734,6067,2,92,7,156.04,1092.28
15735,6068,1,78,8,136.86,1094.88
15736,6068,2,95,1,160.15,160.15
15737,6069,1,81,2,140.97,281.94
15738,6069,2,98,3,164.26,492.78
15739,6070,1,84,4,145.08,580.32
15740,6070,2,101,5,168.37,841.85
15741,6071,1,87,6,149.19,895.14
15742,6071,2,104,7,172.48,1207.36
15743,6072,1,90,8,153.30,1226.40
15744,6072,2,107,1,176.59,176.59
15745,6073,1,93,2,157.41,314.82
15746,6073,2,110,3,180.70,542.10
15747,6074,1,96,4,161.52,646.08
15748,6074,2,1,5,31.37,156.85
15749,6075,1,99,6,165.63,993.78
15750,6075,2,4,7,35.48,248.36
15751,6076,1,102,8,169.74,1357.92
15752,6076,2,7,1,39.59,39.59
15753,6077,1,105,2,173.85,347.70
15754,6077,2,10,3,43.70,131.10
15755,6078,1,108,4,177.96,711.84
15756,6078,2,13,5,47.81,239.05
15757,6079,1,111,6,182.07,1092.42
15758,6079,2,16,7,51.92,363.44
15759,6080,1,2,8,32.74,261.92
15760,6080,2,19,1,56.03,56.03
15761,6081,1,5,2,36.85,73.70
15762,6081,2,22,3,60.14,180.42
15763,6082,1,8,4,40.96,163.84
15764,6082,2,25,5,64.25,321.25
15765,6083,1,11,6,45.07,270.42
15766,6083,2,28,7,68.36,478.52
15767,6084,1,14,8,49.18,393.44
15768,6084,2,31,1,72.47,72.47
15769,6085,1,17,2,53.29,106.58
15770,6085,2,34,3,76.58,229.74
15771,6086,1,20,4,57.40,229.60
15772,6086,2,37,5,80.69,403.45
15773,6087,1,23,6,61.51,369.06
15774,6087,2,40,7,84.80,593.60
15775,6088,1,26,8,65.62,524.96
15776,6088,2,43,1,88.91,88.91
15777,6089,1,29,2,69.73,139.46
15778,6089,2,46,3,93.02,279.06
15779,6090,1,32,4,73.84,295.36
15780,6090,2,49,5,97.13,485.65
15781,6091,1,35,6,77.95,467.70
15782,6091,2,52,7,101.24,708.68
15783,6092,1,38,8,82.06,656.48
15784,6092,2,55,1,105.35,105.35
15785,6093,1,41,2,86.17,172.34
15786,6093,2,58,3,109.46,328.38
15787,6094,1,44,4,90.28,361.12
15788,6094,2,61,5,113.57,567.85
15789,6095,1,47,6,94.39,566.34
15790,6095,2,64,7,117.68,823.76
15791,6096,1,50,8,98.50,788.00
15792,6096,2,67,1,121.79,121.79
15793,6097,1,53,2,102.61,205.22
15794,6097,2,70,3,125.90,377.70
15795,6098,1,56,4,106.72,426.88
15796,6098,2,73,5,130.01,650.05
15797,6099,1,59,6,110.83,664.98
15798,6099,2,76,7,134.12,938.84
15799,6100,1,62,8,114.94,919.52
15800,6100,2,79,1,138.23,138.23
15801,6101,1,65,2,119.05,238.10
15802,6101,2,82,3,142.34,427.02
15803,6102,1,68,4,123.16,492.64
15804,6102,2,85,5,146.45,732.25
15805,6103,1,71,6,127.27,763.62
15806,6103,2,88,7,150.56,1053.92
15807,6104,1,74,8,131.38,1051.04
15808,6104,2,91,1,154.67,154.67
15809,6105,1,77,2,135.49,270.98
15810,6105,2,94,3,158.78,476.34
15811,6106,1,80,4,139.60,558.40
15812,6106,2,97,5,162.89,814.45
15813,6107,1,83,6,143.71,862.26
15814,6107,2,100,7,167.00,1169.00
15815,6108,1,86,8,147.82,1182.56
15816,6108,2,103,1,171.11,171.11
15817,6109,1,89,2,151.93,303.86
15818,6109,2,106,3,175.22,525.66
15819,6110,1,92,4,156.04,624.16
15820,6110,2,109,5,179.33,896.65
15821,6111,1,95,6,160.15,960.90
15822,6111,2,112,7,183.44,1284.08
15823,6112,1,98,8,164.26,1314.08
15824,6112,2,3,1,34.11,34.11
15825,6113,1,101,2,168.37,336.74
15826,6113,2,6,3,38.22,114.66
15827,6114,1,104,4,172.48,689.92
15828,6114,2,9,5,42.33,211.65
15829,6115,1,107,6,176.59,1059.54
15830,6115,2,12,7,46.44,325.08
15831,6116,1,110,8,180.70,1445.60
15832,6116,2,15,1,50.55,50.55
15833,6117,1,1,2,31.37,62.74
15834,6117,2,18,3,54.66,163.98
15835,6118,1,4,4,35.48,141.92
15836,6118,2,21,5,58.77,293.85
15837,6119,1,7,6,39.59,237.54
15838,6119,2,24,7,62.88,440.16
15839,6120,1,10,8,43.70,349.60
15840,6120,2,27,1,66.99,66.99
15841,6121,1,13,2,47.81,95.62
15842,6121,2,30,3,71.10,213.30
15843,6122,1,16,4,51.92,207.68
15844,6122,2,33,5,75.21,376.05
15845,6123,1,19,6,56.03,336.18
15846,6123,2,36,7,79.32,555.24
15847,6124,1,22,8,60.14,481.12
15848,6124,2,39,1,83.43,83.43
15849,6125,1,25,2,64.25,128.50
15850,6125,2,42,3,87.54,262.62
15851,6126,1,28,4,68.36,273.44
15852,6126,2,45,5,91.65,458.25
15853,6127,1,31,6,72.47,434.82
15854,6127,2,48,7,95.76,670.32
15855,6128,1,34,8,76.58,612.64
15856,6128,2,51,1,99.87,99.87
15857,6129,1,37,2,80.69,161.38
15858,6129,2,54,3,103.98,311.94
15859,6130,1,40,4,84.80,339.20
15860,6130,2,57,5,108.09,540.45
15861,6131,1,43,6,88.91,533.46
15862,6131,2,60,7,112.20,785.40
15863,6132,1,46,8,93.02,744.16
15864,6132,2,63,1,116.31,116.31
15865,6133,1,49,2,97.13,194.26
15866,6133,2,66,3,120.42,361.26
15867,6134,1,52,4,101.24,404.96
15868,6134,2,69,5,124.53,622.65
15869,6135,1,55,6,105.35,632.10
15870,6135,2,72,7,128.64,900.48
15871,6136,1,58,8,109.46,875.68
15872,6136,2,75,1,132.75,132.75
15873,6137,1,61,2,113.57,227.14
15874,6137,2,78,3,136.86,410.58
15875,6138,1,64,4,117.68,470.72
15876,6138,2,81,5,140.97,704.85
15877,6139,1,67,6,121.79,730.74
15878,6139,2,84,7,145.08,1015.56
15879,6140,1,70,8,125.90,1007.20
15880,6140,2,87,1,149.19,149.19
15881,6141,1,73,2,130.01,260.02
15882,6141,2,90,3,153.30,459.90
15883,6142,1,76,4,134.12,536.48
15884,6142,2,93,5,157.41,787.05
15885,6143,1,79,6,138.23,829.38
15886,6143,2,96,7,161.52,1130.64
15887,6144,1,82,8,142.34,1138.72
15888,6144,2,99,1,165.63,165.63
15889,6145,1,85,2,146.45,292.90
15890,6145,2,102,3,169.74,509.22
15891,6146,1,88,4,150.56,602.24
15892,6146,2,105,5,173.85,869.25
15893,6147,1,91,6,154.67,928.02
15894,6147,2,108,7,177.96,1245.72
15895,6148,1,94,8,158.78,1270.24
15896,6148,2,111,1,182.07,182.07
15897,6149,1,97,2,162.89,325.78
15898,6149,2,2,3,32.74,98.22
15899,6150,1,100,4,167.00,668.00
15900,6150,2,5,5,36.85,184.25
15901,6151,1,103,6,171.11,1026.66
15902,6151,2,8,7,40.96,286.72
15903,6152,1,106,8,175.22,1401.76
15904,6152,2,11,1,45.07,45.07
15905,6153,1,109,2,179.33,358.66
15906,6153,2,14,3,49.18,147.54
15907,6154,1,112,4,183.44,733.76
15908,6154,2,17,5,53.29,266.45
15909,6155,1,3,6,34.11,204.66
15910,6155,2,20,7,57.40,401.80
15911,6156,1,6,8,38.22,305.76
15912,6156,2,23,1,61.51,61.51
15913,6157,1,9,2,42.33,84.66
15914,6157,2,26,3,65.62,196.86
15915,6158,1,12,4,46.44,185.76
15916,6158,2,29,5,69.73,348.65
15917,6159,1,15,6,50.55,303.30
15918,6159,2,32,7,73.84,516.88
15919,6160,1,18,8,54.66,437.28
15920,6160,2,35,1,77.95,77.95
15921,6161,1,21,2,58.77,117.54
15922,6161,2,38,3,82.06,246.18
15923,6162,1,24,4,62.88,251.52
15924,6162,2,41,5,86.17,430.85
15925,6163,1,27,6,66.99,401.94
15926,6163,2,44,7,90.28,631.96
15927,6164,1,30,8,71.10,568.80
15928,6164,2,47,1,94.39,94.39
15929,6165,1,33,2,75.21,150.42
15930,6165,2,50,3,98.50,295.50
15931,6166,1,36,4,79.32,317.28
15932,6166,2,53,5,102.61,513.05
15933,6167,1,39,6,83.43,500.58
15934,6167,2,56,7,106.72,747.04
15935,6168,1,42,8,87.54,700.32
15936,6168,2,59,1,110.83,110.83
15937,6169,1,45,2,91.65,183.30
15938,6169,2,62,3,114.94,344.82
15939,6170,1,48,4,95.76,383.04
15940,6170,2,65,5,119.05,595.25
15941,6171,1,51,6,99.87,599.22
15942,6171,2,68,7,123.16,862.12
15943,6172,1,54,8,103.98,831.84
15944,6172,2,71,1,127.27,127.27
15945,6173,1,57,2,108.09,216.18
15946,6173,2,74,3,131.38,394.14
15947,6174,1,60,4,112.20,448.80
15948,6174,2,77,5,135.49,677.45
15949,6175,1,63,6,116.31,697.86
15950,6175,2,80,7,139.60,977.20
15951,6176,1,66,8,120.42,963.36
15952,6176,2,83,1,143.71,143.71
15953,6177,1,69,2,124.53,249.06
15954,6177,2,86,3,147.82,443.46
15955,6178,1,72,4,128.64,514.56
15956,6178,2,89,5,151.93,759.65
15957,6179,1,75,6,132.75,796.50
15958,6179,2,92,7,156.04,1092.28
15959,6180,1,78,8,136.86,1094.88
15960,6180,2,95,1,160.15,160.15
15961,6181,1,81,2,140.97,281.94
15962,6181,2,98,3,164.26,492.78
15963,6182,1,84,4,145.08,580.32
15964,6182,2,101,5,168.37,841.85
15965,6183,1,87,6,149.19,895.14
15966,6183,2,104,7,172.48,1207.36
15967,6184,1,90,8,153.30,1226.40
15968,6184,2,107,1,176.59,176.59
15969,6185,1,93,2,157.41,314.82
15970,6185,2,110,3,180.70,542.10
15971,6186,1,96,4,161.52,646.08
15972,6186,2,1,5,31.37,156.85
15973,6187,1,99,6,165.63,993.78
15974,6187,2,4,7,35.48,248.36
15975,6188,1,102,8,169.74,1357.92
15976,6188,2,7,1,39.59,39.59
15977,6189,1,105,2,173.85,347.70
15978,6189,2,10,3,43.70,131.10
15979,6190,1,108,4,177.96,711.84
15980,6190,2,13,5,47.81,239.05
15981,6191,1,111,6,182.07,1092.42
15982,6191,2,16,7,51.92,363.44
15983,6192,1,2,8,32.74,261.92
15984,6192,2,19,1,56.03,56.03
15985,6193,1,5,2,36.85,73.70
15986,6193,2,22,3,60.14,180.42
15987,6194,1,8,4,40.96,163.84
15988,6194,2,25,5,64.25,321.25
15989,6195,1,11,6,45.07,270.42
15990,6195,2,28,7,68.36,478.52
15991,6196,1,14,8,49.18,393.44
15992,6196,2,31,1,72.47,72.47
15993,6197,1,17,2,53.29,106.58
15994,6197,2,34,3,76.58,229.74
15995,6198,1,20,4,57.40,229.60
15996,6198,2,37,5,80.69,403.45
15997,6199,1,23,6,61.51,369.06
15998,6199,2,40,7,84.80,593.60
15999,6200,1,26,8,65.62,524.96
16000,6200,2,43,1,88.91,88.91
16001,6201,1,29,2,69.73,139.46
16002,6201,2,46,3,93.02,279.06
16003,6202,1,32,4,73.84,295.36
16004,6202,2,49,5,97.13,485.65
16005,6203,1,35,6,77.95,467.70
16006,6203,2,52,7,101.24,708.68
16007,6204,1,38,8,82.06,656.48
16008,6204,2,55,1,105.35,105.35
16009,6205,1,41,2,86.17,172.34
16010,6205,2,58,3,109.46,328.38
16011,6206,1,44,4,90.28,361.12
16012,6206,2,61,5,113.57,567.85
16013,6207,1,47,6,94.39,566.34
16014,6207,2,64,7,117.68,823.76
16015,6208,1,50,8,98.50,788.00
16016,6208,2,67,1,121.79,121.79
16017,6209,1,53,2,102.61,205.22
16018,6209,2,70,3,125.90,377.70
16019,6210,1,56,4,106.72,426.88
16020,6210,2,73,5,130.01,650.05
16021,6211,1,59,6,110.83,664.98
16022,6211,2,76,7,134.12,938.84
16023,6212,1,62,8,114.94,919.52
16024,6212,2,79,1,138.23,138.23
16025,6213,1,65,2,119.05,238.10
16026,6213,2,82,3,142.34,427.02
16027,6214,1,68,4,123.16,492.64
16028,6214,2,85,5,146.45,732.25
16029,6215,1,71,6,127.27,763.62
16030,6215,2,88,7,150.56,1053.92
16031,6216,1,74,8,131.38,1051.04
16032,6216,2,91,1,154.67,154.67
16033,6217,1,77,2,135.49,270.98
16034,6217,2,94,3,158.78,476.34
16035,6218,1,80,4,139.60,558.40
16036,6218,2,97,5,162.89,814.45
16037,6219,1,83,6,143.71,862.26
16038,6219,2,100,7,167.00,1169.00
16039,6220,1,86,8,147.82,1182.56
16040,6220,2,103,1,171.11,171.11
16041,6221,1,89,2,151.93,303.86
16042,6221,2,106,3,175.22,525.66
16043,6222,1,92,4,156.04,624.16
16044,6222,2,109,5,179.33,896.65
16045,6223,1,95,6,160.15,960.90
16046,6223,2,112,7,183.44,1284.08
16047,6224,1,98,8,164.26,1314.08
16048,6224,2,3,1,34.11,34.11
16049,6225,1,101,2,168.37,336.74
16050,6225,2,6,3,38.22,114.66
16051,6226,1,104,4,172.48,689.92
16052,6226,2,9,5,42.33,211.65
16053,6227,1,107,6,176.59,1059.54
16054,6227,2,12,7,46.44,325.08
16055,6228,1,110,8,180.70,1445.60
16056,6228,2,15,1,50.55,50.55
16057,6229,1,1,2,31.37,62.74
16058,6229,2,18,3,54.66,163.98
16059,6230,1,4,4,35.48,141.92
16060,6230,2,21,5,58.77,293.85
16061,6231,1,7,6,39.59,237.54
16062,6231,2,24,7,62.88,440.16
16063,6232,1,10,8,43.70,349.60
16064,6232,2,27,1,66.99,66.99
16065,6233,1,13,2,47.81,95.62
16066,6233,2,30,3,71.10,213.30
16067,6234,1,16,4,51.92,207.68
16068,6234,2,33,5,75.21,376.05
16069,6235,1,19,6,56.03,336.18
16070,6235,2,36,7,79.32,555.24
16071,6236,1,22,8,60.14,481.12
16072,6236,2,39,1,83.43,83.43
16073,6237,1,25,2,64.25,128.50
16074,6237,2,42,3,87.54,262.62
16075,6238,1,28,4,68.36,273.44
16076,6238,2,45,5,91.65,458.25
16077,6239,1,31,6,72.47,434.82
16078,6239,2,48,7,95.76,670.32
16079,6240,1,34,8,76.58,612.64
16080,6240,2,51,1,99.87,99.87
16081,6241,1,37,2,80.69,161.38
16082,6241,2,54,3,103.98,311.94
16083,6242,1,40,4,84.80,339.20
16084,6242,2,57,5,108.09,540.45
16085,6243,1,43,6,88.91,533.46
16086,6243,2,60,7,112.20,785.40
16087,6244,1,46,8,93.02,744.16
16088,6244,2,63,1,116.31,116.31
16089,6245,1,49,2,97.13,194.26
16090,6245,2,66,3,120.42,361.26
16091,6246,1,52,4,101.24,404.96
16092,6246,2,69,5,124.53,622.65
16093,6247,1,55,6,105.35,632.10
16094,6247,2,72,7,128.64,900.48
16095,6248,1,58,8,109.46,875.68
16096,6248,2,75,1,132.75,132.75
16097,6249,1,61,2,113.57,227.14
16098,6249,2,78,3,136.86,410.58
16099,6250,1,64,4,117.68,470.72
16100,6250,2,81,5,140.97,704.85
16101,6251,1,67,6,121.79,730.74
16102,6251,2,84,7,145.08,1015.56
16103,6252,1,70,8,125.90,1007.20
16104,6252,2,87,1,149.19,149.19
16105,6253,1,73,2,130.01,260.02
16106,6253,2,90,3,153.30,459.90
16107,6254,1,76,4,134.12,536.48
16108,6254,2,93,5,157.41,787.05
16109,6255,1,79,6,138.23,829.38
16110,6255,2,96,7,161.52,1130.64
16111,6256,1,82,8,142.34,1138.72
16112,6256,2,99,1,165.63,165.63
16113,6257,1,85,2,146.45,292.90
16114,6257,2,102,3,169.74,509.22
16115,6258,1,88,4,150.56,602.24
16116,6258,2,105,5,173.85,869.25
16117,6259,1,91,6,154.67,928.02
16118,6259,2,108,7,177.96,1245.72
16119,6260,1,94,8,158.78,1270.24
16120,6260,2,111,1,182.07,182.07
16121,6261,1,97,2,162.89,325.78
16122,6261,2,2,3,32.74,98.22
16123,6262,1,100,4,167.00,668.00
16124,6262,2,5,5,36.85,184.25
16125,6263,1,103,6,171.11,1026.66
16126,6263,2,8,7,40.96,286.72
16127,6264,1,106,8,175.22,1401.76
16128,6264,2,11,1,45.07,45.07
16129,6265,1,109,2,179.33,358.66
16130,6265,2,14,3,49.18,147.54
16131,6266,1,112,4,183.44,733.76
16132,6266,2,17,5,53.29,266.45
16133,6267,1,3,6,34.11,204.66
16134,6267,2,20,7,57.40,401.80
16135,6268,1,6,8,38.22,305.76
16136,6268,2,23,1,61.51,61.51
16137,6269,1,9,2,42.33,84.66
16138,6269,2,26,3,65.62,196.86
16139,6270,1,12,4,46.44,185.76
16140,6270,2,29,5,69.73,348.65
16141,6271,1,15,6,50.55,303.30
16142,6271,2,32,7,73.84,516.88
16143,6272,1,18,8,54.66,437.28
16144,6272,2,35,1,77.95,77.95
16145,6273,1,21,2,58.77,117.54
16146,6273,2,38,3,82.06,246.18
16147,6274,1,24,4,62.88,251.52
16148,6274,2,41,5,86.17,430.85
16149,6275,1,27,6,66.99,401.94
16150,6275,2,44,7,90.28,631.96
16151,6276,1,30,8,71.10,568.80
16152,6276,2,47,1,94.39,94.39
16153,6277,1,33,2,75.21,150.42
16154,6277,2,50,3,98.50,295.50
16155,6278,1,36,4,79.32,317.28
16156,6278,2,53,5,102.61,513.05
16157,6279,1,39,6,83.43,500.58
16158,6279,2,56,7,106.72,747.04
16159,6280,1,42,8,87.54,700.32
16160,6280,2,59,1,110.83,110.83
16161,6281,1,45,2,91.65,183.30
16162,6281,2,62,3,114.94,344.82
16163,6282,1,48,4,95.76,383.04
16164,6282,2,65,5,119.05,595.25
16165,6283,1,51,6,99.87,599.22
16166,6283,2,68,7,123.16,862.12
16167,6284,1,54,8,103.98,831.84
16168,6284,2,71,1,127.27,127.27
16169,6285,1,57,2,108.09,216.18
16170,6285,2,74,3,131.38,394.14
16171,6286,1,60,4,112.20,448.80
16172,6286,2,77,5,135.49,677.45
16173,6287,1,63,6,116.31,697.86
16174,6287,2,80,7,139.60,977.20
16175,6288,1,66,8,120.42,963.36
16176,6288,2,83,1,143.71,143.71
16177,6289,1,69,2,124.53,249.06
16178,6289,2,86,3,147.82,443.46
16179,6290,1,72,4,128.64,514.56
16180,6290,2,89,5,151.93,759.65
16181,6291,1,75,6,132.75,796.50
16182,6291,2,92,7,156.04,1092.28
16183,6292,1,78,8,136.86,1094.88
16184,6292,2,95,1,160.15,160.15
16185,6293,1,81,2,140.97,281.94
16186,6293,2,98,3,164.26,492.78
16187,6294,1,84,4,145.08,580.32
16188,6294,2,101,5,168.37,841.85
16189,6295,1,87,6,149.19,895.14
16190,6295,2,104,7,172.48,1207.36
16191,6296,1,90,8,153.30,1226.40
16192,6296,2,107,1,176.59,176.59
16193,6297,1,93,2,157.41,314.82
16194,6297,2,110,3,180.70,542.10
16195,6298,1,96,4,161.52,646.08
16196,6298,2,1,5,31.37,156.85
16197,6299,1,99,6,165.63,993.78
16198,6299,2,4,7,35.48,248.36
16199,6300,1,102,8,169.74,1357.92
16200,6300,2,7,1,39.59,39.59
16201,6301,1,105,2,173.85,347.70
16202,6301,2,10,3,43.70,131.10
16203,6302,1,108,4,177.96,711.84
16204,6302,2,13,5,47.81,239.05
16205,6303,1,111,6,182.07,1092.42
16206,6303,2,16,7,51.92,363.44
16207,6304,1,2,8,32.74,261.92
16208,6304,2,19,1,56.03,56.03
16209,6305,1,5,2,36.85,73.70
16210,6305,2,22,3,60.14,180.42
16211,6306,1,8,4,40.96,163.84
16212,6306,2,25,5,64.25,321.25
16213,6307,1,11,6,45.07,270.42
16214,6307,2,28,7,68.36,478.52
16215,6308,1,14,8,49.18,393.44
16216,6308,2,31,1,72.47,72.47
16217,6309,1,17,2,53.29,106.58
16218,6309,2,34,3,76.58,229.74
16219,6310,1,20,4,57.40,229.60
16220,6310,2,37,5,80.69,403.45
16221,6311,1,23,6,61.51,369.06
16222,6311,2,40,7,84.80,593.60
16223,6312,1,26,8,65.62,524.96
16224,6312,2,43,1,88.91,88.91
16225,6313,1,29,2,69.73,139.46
16226,6313,2,46,3,93.02,279.06
16227,6314,1,32,4,73.84,295.36
16228,6314,2,49,5,97.13,485.65
16229,6315,1,35,6,77.95,467.70
16230,6315,2,52,7,101.24,708.68
16231,6316,1,38,8,82.06,656.48
16232,6316,2,55,1,105.35,105.35
16233,6317,1,41,2,86.17,172.34
16234,6317,2,58,3,109.46,328.38
16235,6318,1,44,4,90.28,361.12
16236,6318,2,61,5,113.57,567.85
16237,6319,1,47,6,94.39,566.34
16238,6319,2,64,7,117.68,823.76
16239,6320,1,50,8,98.50,788.00
16240,6320,2,67,1,121.79,121.79
16241,6321,1,53,2,102.61,205.22
16242,6321,2,70,3,125.90,377.70
16243,6322,1,56,4,106.72,426.88
16244,6322,2,73,5,130.01,650.05
16245,6323,1,59,6,110.83,664.98
16246,6323,2,76,7,134.12,938.84
16247,6324,1,62,8,114.94,919.52
16248,6324,2,79,1,138.23,138.23
16249,6325,1,65,2,119.05,238.10
16250,6325,2,82,3,142.34,427.02
16251,6326,1,68,4,123.16,492.64
16252,6326,2,85,5,146.45,732.25
16253,6327,1,71,6,127.27,763.62
16254,6327,2,88,7,150.56,1053.92
16255,6328,1,74,8,131.38,1051.04
16256,6328,2,91,1,154.67,154.67
16257,6329,1,77,2,135.49,270.98
16258,6329,2,94,3,158.78,476.34
16259,6330,1,80,4,139.60,558.40
16260,6330,2,97,5,162.89,814.45
16261,6331,1,83,6,143.71,862.26
16262,6331,2,100,7,167.00,1169.00
16263,6332,1,86,8,147.82,1182.56
16264,6332,2,103,1,171.11,171.11
16265,6333,1,89,2,151.93,303.86
16266,6333,2,106,3,175.22,525.66
16267,6334,1,92,4,156.04,624.16
16268,6334,2,109,5,179.33,896.65
16269,6335,1,95,6,160.15,960.90
16270,6335,2,112,7,183.44,1284.08
16271,6336,1,98,8,164.26,1314.08
16272,6336,2,3,1,34.11,34.11
16273,6337,1,101,2,168.37,336.74
16274,6337,2,6,3,38.22,114.66
16275,6338,1,104,4,172.48,689.92
16276,6338,2,9,5,42.33,211.65
16277,6339,1,107,6,176.59,1059.54
16278,6339,2,12,7,46.44,325.08
16279,6340,1,110,8,180.70,1445.60
16280,6340,2,15,1,50.55,50.55
16281,6341,1,1,2,31.37,62.74
16282,6341,2,18,3,54.66,163.98
16283,6342,1,4,4,35.48,141.92
16284,6342,2,21,5,58.77,293.85
16285,6343,1,7,6,39.59,237.54
16286,6343,2,24,7,62.88,440.16
16287,6344,1,10,8,43.70,349.60
16288,6344,2,27,1,66.99,66.99
16289,6345,1,13,2,47.81,95.62
16290,6345,2,30,3,71.10,213.30
16291,6346,1,16,4,51.92,207.68
16292,6346,2,33,5,75.21,376.05
16293,6347,1,19,6,56.03,336.18
16294,6347,2,36,7,79.32,555.24
16295,6348,1,22,8,60.14,481.12
16296,6348,2,39,1,83.43,83.43
16297,6349,1,25,2,64.25,128.50
16298,6349,2,42,3,87.54,262.62
16299,6350,1,28,4,68.36,273.44
16300,6350,2,45,5,91.65,458.25
16301,6351,1,31,6,72.47,434.82
16302,6351,2,48,7,95.76,670.32
16303,6352,1,34,8,76.58,612.64
16304,6352,2,51,1,99.87,99.87
16305,6353,1,37,2,80.69,161.38
16306,6353,2,54,3,103.98,311.94
16307,6354,1,40,4,84.80,339.20
16308,6354,2,57,5,108.09,540.45
16309,6355,1,43,6,88.91,533.46
16310,6355,2,60,7,112.20,785.40
16311,6356,1,46,8,93.02,744.16
16312,6356,2,63,1,116.31,116.31
16313,6357,1,49,2,97.13,194.26
16314,6357,2,66,3,120.42,361.26
16315,6358,1,52,4,101.24,404.96
16316,6358,2,69,5,124.53,622.65
16317,6359,1,55,6,105.35,632.10
16318,6359,2,72,7,128.64,900.48
16319,6360,1,58,8,109.46,875.68
16320,6360,2,75,1,132.75,132.75
16321,6361,1,61,2,113.57,227.14
16322,6361,2,78,3,136.86,410.58
16323,6362,1,64,4,117.68,470.72
16324,6362,2,81,5,140.97,704.85
16325,6363,1,67,6,121.79,730.74
16326,6363,2,84,7,145.08,1015.56
16327,6364,1,70,8,125.90,1007.20
16328,6364,2,87,1,149.19,149.19
16329,6365,1,73,2,130.01,260.02
16330,6365,2,90,3,153.30,459.90
16331,6366,1,76,4,134.12,536.48
16332,6366,2,93,5,157.41,787.05
16333,6367,1,79,6,138.23,829.38
16334,6367,2,96,7,161.52,1130.64
16335,6368,1,82,8,142.34,1138.72
16336,6368,2,99,1,165.63,165.63
16337,6369,1,85,2,146.45,292.90
16338,6369,2,102,3,169.74,509.22
16339,6370,1,88,4,150.56,602.24
16340,6370,2,105,5,173.85,869.25
16341,6371,1,91,6,154.67,928.02
16342,6371,2,108,7,177.96,1245.72
16343,6372,1,94,8,158.78,1270.24
16344,6372,2,111,1,182.07,182.07
16345,6373,1,97,2,162.89,325.78
16346,6373,2,2,3,32.74,98.22
16347,6374,1,100,4,167.00,668.00
16348,6374,2,5,5,36.85,184.25
16349,6375,1,103,6,171.11,1026.66
16350,6375,2,8,7,40.96,286.72
16351,6376,1,106,8,175.22,1401.76
16352,6376,2,11,1,45.07,45.07
16353,6377,1,109,2,179.33,358.66
16354,6377,2,14,3,49.18,147.54
16355,6378,1,112,4,183.44,733.76
16356,6378,2,17,5,53.29,266.45
16357,6379,1,3,6,34.11,204.66
16358,6379,2,20,7,57.40,401.80
16359,6380,1,6,8,38.22,305.76
16360,6380,2,23,1,61.51,61.51
16361,6381,1,9,2,42.33,84.66
16362,6381,2,26,3,65.62,196.86
16363,6382,1,12,4,46.44,185.76
16364,6382,2,29,5,69.73,348.65
16365,6383,1,15,6,50.55,303.30
16366,6383,2,32,7,73.84,516.88
16367,6384,1,18,8,54.66,437.28
16368,6384,2,35,1,77.95,77.95
16369,6385,1,21,2,58.77,117.54
16370,6385,2,38,3,82.06,246.18
16371,6386,1,24,4,62.88,251.52
16372,6386,2,41,5,86.17,430.85
16373,6387,1,27,6,66.99,401.94
16374,6387,2,44,7,90.28,631.96
16375,6388,1,30,8,71.10,568.80
16376,6388,2,47,1,94.39,94.39
16377,6389,1,33,2,75.21,150.42
16378,6389,2,50,3,98.50,295.50
16379,6390,1,36,4,79.32,317.28
16380,6390,2,53,5,102.61,513.05
16381,6391,1,39,6,83.43,500.58
16382,6391,2,56,7,106.72,747.04
16383,6392,1,42,8,87.54,700.32
16384,6392,2,59,1,110.83,110.83
16385,6393,1,45,2,91.65,183.30
16386,6393,2,62,3,114.94,344.82
16387,6394,1,48,4,95.76,383.04
16388,6394,2,65,5,119.05,595.25
16389,6395,1,51,6,99.87,599.22
16390,6395,2,68,7,123.16,862.12
16391,6396,1,54,8,103.98,831.84
16392,6396,2,71,1,127.27,127.27
16393,6397,1,57,2,108.09,216.18
16394,6397,2,74,3,131.38,394.14
16395,6398,1,60,4,112.20,448.80
16396,6398,2,77,5,135.49,677.45
16397,6399,1,63,6,116.31,697.86
16398,6399,2,80,7,139.60,977.20
16399,6400,1,66,8,120.42,963.36
16400,6400,2,83,1,143.71,143.71
16401,6401,1,69,2,124.53,249.06
16402,6401,2,86,3,147.82,443.46
16403,6402,1,72,4,128.64,514.56
16404,6402,2,89,5,151.93,759.65
16405,6403,1,75,6,132.75,796.50
16406,6403,2,92,7,156.04,1092.28
16407,6404,1,78,8,136.86,1094.88
16408,6404,2,95,1,160.15,160.15
16409,6405,1,81,2,140.97,281.94
16410,6405,2,98,3,164.26,492.78
16411,6406,1,84,4,145.08,580.32
16412,6406,2,101,5,168.37,841.85
16413,6407,1,87,6,149.19,895.14
16414,6407,2,104,7,172.48,1207.36
16415,6408,1,90,8,153.30,1226.40
16416,6408,2,107,1,176.59,176.59
16417,6409,1,93,2,157.41,314.82
16418,6409,2,110,3,180.70,542.10
16419,6410,1,96,4,161.52,646.08
16420,6410,2,1,5,31.37,156.85
16421,6411,1,99,6,165.63,993.78
16422,6411,2,4,7,35.48,248.36
16423,6412,1,102,8,169.74,1357.92
16424,6412,2,7,1,39.59,39.59
16425,6413,1,105,2,173.85,347.70
16426,6413,2,10,3,43.70,131.10
16427,6414,1,108,4,177.96,711.84
16428,6414,2,13,5,47.81,239.05
16429,6415,1,111,6,182.07,1092.42
16430,6415,2,16,7,51.92,363.44
16431,6416,1,2,8,32.74,261.92
16432,6416,2,19,1,56.03,56.03
16433,6417,1,5,2,36.85,73.70
16434,6417,2,22,3,60.14,180.42
16435,6418,1,8,4,40.96,163.84
16436,6418,2,25,5,64.25,321.25
16437,6419,1,11,6,45.07,270.42
16438,6419,2,28,7,68.36,478.52
16439,6420,1,14,8,49.18,393.44
16440,6420,2,31,1,72.47,72.47
16441,6421,1,17,2,53.29,106.58
16442,6421,2,34,3,76.58,229.74
16443,6422,1,20,4,57.40,229.60
16444,6422,2,37,5,80.69,403.45
16445,6423,1,23,6,61.51,369.06
16446,6423,2,40,7,84.80,593.60
16447,6424,1,26,8,65.62,524.96
16448,6424,2,43,1,88.91,88.91
16449,6425,1,29,2,69.73,139.46
16450,6425,2,46,3,93.02,279.06
16451,6426,1,32,4,73.84,295.36
16452,6426,2,49,5,97.13,485.65
16453,6427,1,35,6,77.95,467.70
16454,6427,2,52,7,101.24,708.68
16455,6428,1,38,8,82.06,656.48
16456,6428,2,55,1,105.35,105.35
16457,6429,1,41,2,86.17,172.34
16458,6429,2,58,3,109.46,328.38
16459,6430,1,44,4,90.28,361.12
16460,6430,2,61,5,113.57,567.85
16461,6431,1,47,6,94.39,566.34
16462,6431,2,64,7,117.68,823.76
16463,6432,1,50,8,98.50,788.00
16464,6432,2,67,1,121.79,121.79
16465,6433,1,53,2,102.61,205.22
16466,6433,2,70,3,125.90,377.70
16467,6434,1,56,4,106.72,426.88
16468,6434,2,73,5,130.01,650.05
16469,6435,1,59,6,110.83,664.98
16470,6435,2,76,7,134.12,938.84
16471,6436,1,62,8,114.94,919.52
16472,6436,2,79,1,138.23,138.23
16473,6437,1,65,2,119.05,238.10
16474,6437,2,82,3,142.34,427.02
16475,6438,1,68,4,123.16,492.64
16476,6438,2,85,5,146.45,732.25
16477,6439,1,71,6,127.27,763.62
16478,6439,2,88,7,150.56,1053.92
16479,6440,1,74,8,131.38,1051.04
16480,6440,2,91,1,154.67,154.67
16481,6441,1,77,2,135.49,270.98
16482,6441,2,94,3,158.78,476.34
16483,6442,1,80,4,139.60,558.40
16484,6442,2,97,5,162.89,814.45
16485,6443,1,83,6,143.71,862.26
16486,6443,2,100,7,167.00,1169.00
16487,6444,1,86,8,147.82,1182.56
16488,6444,2,103,1,171.11,171.11
16489,6445,1,89,2,151.93,303.86
16490,6445,2,106,3,175.22,525.66
16491,6446,1,92,4,156.04,624.16
16492,6446,2,109,5,179.33,896.65
16493,6447,1,95,6,160.15,960.90
16494,6447,2,112,7,183.44,1284.08
16495,6448,1,98,8,164.26,1314.08
16496,6448,2,3,1,34.11,34.11
16497,6449,1,101,2,168.37,336.74
16498,6449,2,6,3,38.22,114.66
16499,6450,1,104,4,172.48,689.92
16500,6450,2,9,5,42.33,211.65
16501,6451,1,107,6,176.59,1059.54
16502,6451,2,12,7,46.44,325.08
16503,6452,1,110,8,180.70,1445.60
16504,6452,2,15,1,50.55,50.55
16505,6453,1,1,2,31.37,62.74
16506,6453,2,18,3,54.66,163.98
16507,6454,1,4,4,35.48,141.92
16508,6454,2,21,5,58.77,293.85
16509,6455,1,7,6,39.59,237.54
16510,6455,2,24,7,62.88,440.16
16511,6456,1,10,8,43.70,349.60
16512,6456,2,27,1,66.99,66.99
16513,6457,1,13,2,47.81,95.62
16514,6457,2,30,3,71.10,213.30
16515,6458,1,16,4,51.92,207.68
16516,6458,2,33,5,75.21,376.05
16517,6459,1,19,6,56.03,336.18
16518,6459,2,36,7,79.32,555.24
16519,6460,1,22,8,60.14,481.12
16520,6460,2,39,1,83.43,83.43
16521,6461,1,25,2,64.25,128.50
16522,6461,2,42,3,87.54,262.62
16523,6462,1,28,4,68.36,273.44
16524,6462,2,45,5,91.65,458.25
16525,6463,1,31,6,72.47,434.82
16526,6463,2,48,7,95.76,670.32
16527,6464,1,34,8,76.58,612.64
16528,6464,2,51,1,99.87,99.87
16529,6465,1,37,2,80.69,161.38
16530,6465,2,54,3,103.98,311.94
16531,6466,1,40,4,84.80,339.20
16532,6466,2,57,5,108.09,540.45
16533,6467,1,43,6,88.91,533.46
16534,6467,2,60,7,112.20,785.40
16535,6468,1,46,8,93.02,744.16
16536,6468,2,63,1,116.31,116.31
16537,6469,1,49,2,97.13,194.26
16538,6469,2,66,3,120.42,361.26
16539,6470,1,52,4,101.24,404.96
16540,6470,2,69,5,124.53,622.65
16541,6471,1,55,6,105.35,632.10
16542,6471,2,72,7,128.64,900.48
16543,6472,1,58,8,109.46,875.68
16544,6472,2,75,1,132.75,132.75
16545,6473,1,61,2,113.57,227.14
16546,6473,2,78,3,136.86,410.58
16547,6474,1,64,4,117.68,470.72
16548,6474,2,81,5,140.97,704.85
16549,6475,1,67,6,121.79,730.74
16550,6475,2,84,7,145.08,1015.56
16551,6476,1,70,8,125.90,1007.20
16552,6476,2,87,1,149.19,149.19
16553,6477,1,73,2,130.01,260.02
16554,6477,2,90,3,153.30,459.90
16555,6478,1,76,4,134.12,536.48
16556,6478,2,93,5,157.41,787.05
16557,6479,1,79,6,138.23,829.38
16558,6479,2,96,7,161.52,1130.64
16559,6480,1,82,8,142.34,1138.72
16560,6480,2,99,1,165.63,165.63
16561,6481,1,85,2,146.45,292.90
16562,6481,2,102,3,169.74,509.22
16563,6482,1,88,4,150.56,602.24
16564,6482,2,105,5,173.85,869.25
16565,6483,1,91,6,154.67,928.02
16566,6483,2,108,7,177.96,1245.72
16567,6484,1,94,8,158.78,1270.24
16568,6484,2,111,1,182.07,182.07
16569,6485,1,97,2,162.89,325.78
16570,6485,2,2,3,32.74,98.22
16571,6486,1,100,4,167.00,668.00
16572,6486,2,5,5,36.85,184.25
16573,6487,1,103,6,171.11,1026.66
16574,6487,2,8,7,40.96,286.72
16575,6488,1,106,8,175.22,1401.76
16576,6488,2,11,1,45.07,45.07
16577,6489,1,109,2,179.33,358.66
16578,6489,2,14,3,49.18,147.54
16579,6490,1,112,4,183.44,733.76
16580,6490,2,17,5,53.29,266.45
16581,6491,1,3,6,34.11,204.66
16582,6491,2,20,7,57.40,401.80
16583,6492,1,6,8,38.22,305.76
16584,6492,2,23,1,61.51,61.51
16585,6493,1,9,2,42.33,84.66
16586,6493,2,26,3,65.62,196.86
16587,6494,1,12,4,46.44,185.76
16588,6494,2,29,5,69.73,348.65
16589,6495,1,15,6,50.55,303.30
16590,6495,2,32,7,73.84,516.88
16591,6496,1,18,8,54.66,437.28
16592,6496,2,35,1,77.95,77.95
16593,6497,1,21,2,58.77,117.54
16594,6497,2,38,3,82.06,246.18
16595,6498,1,24,4,62.88,251.52
16596,6498,2,41,5,86.17,430.85
16597,6499,1,27,6,66.99,401.94
16598,6499,2,44,7,90.28,631.96
16599,6500,1,30,8,71.10,568.80
16600,6500,2,47,1,94.39,94.39
16601,6501,1,33,2,75.21,150.42
16602,6501,2,50,3,98.50,295.50
16603,6502,1,36,4,79.32,317.28
16604,6502,2,53,5,102.61,513.05
16605,6503,1,39,6,83.43,500.58
16606,6503,2,56,7,106.72,747.04
16607,6504,1,42,8,87.54,700.32
16608,6504,2,59,1,110.83,110.83
16609,6505,1,45,2,91.65,183.30
16610,6505,2,62,3,114.94,344.82
16611,6506,1,48,4,95.76,383.04
16612,6506,2,65,5,119.05,595.25
16613,6507,1,51,6,99.87,599.22
16614,6507,2,68,7,123.16,862.12
16615,6508,1,54,8,103.98,831.84
16616,6508,2,71,1,127.27,127.27
16617,6509,1,57,2,108.09,216.18
16618,6509,2,74,3,131.38,394.14
16619,6510,1,60,4,112.20,448.80
16620,6510,2,77,5,135.49,677.45
16621,6511,1,63,6,116.31,697.86
16622,6511,2,80,7,139.60,977.20
16623,6512,1,66,8,120.42,963.36
16624,6512,2,83,1,143.71,143.71
16625,6513,1,69,2,124.53,249.06
16626,6513,2,86,3,147.82,443.46
16627,6514,1,72,4,128.64,514.56
16628,6514,2,89,5,151.93,759.65
16629,6515,1,75,6,132.75,796.50
16630,6515,2,92,7,156.04,1092.28
16631,6516,1,78,8,136.86,1094.88
16632,6516,2,95,1,160.15,160.15
16633,6517,1,81,2,140.97,281.94
16634,6517,2,98,3,164.26,492.78
16635,6518,1,84,4,145.08,580.32
16636,6518,2,101,5,168.37,841.85
16637,6519,1,87,6,149.19,895.14
16638,6519,2,104,7,172.48,1207.36
16639,6520,1,90,8,153.30,1226.40
16640,6520,2,107,1,176.59,176.59
16641,6521,1,93,2,157.41,314.82
16642,6521,2,110,3,180.70,542.10
16643,6522,1,96,4,161.52,646.08
16644,6522,2,1,5,31.37,156.85
16645,6523,1,99,6,165.63,993.78
16646,6523,2,4,7,35.48,248.36
16647,6524,1,102,8,169.74,1357.92
16648,6524,2,7,1,39.59,39.59
16649,6525,1,105,2,173.85,347.70
16650,6525,2,10,3,43.70,131.10
16651,6526,1,108,4,177.96,711.84
16652,6526,2,13,5,47.81,239.05
16653,6527,1,111,6,182.07,1092.42
16654,6527,2,16,7,51.92,363.44
16655,6528,1,2,8,32.74,261.92
16656,6528,2,19,1,56.03,56.03
16657,6529,1,5,2,36.85,73.70
16658,6529,2,22,3,60.14,180.42
16659,6530,1,8,4,40.96,163.84
16660,6530,2,25,5,64.25,321.25
16661,6531,1,11,6,45.07,270.42
16662,6531,2,28,7,68.36,478.52
16663,6532,1,14,8,49.18,393.44
16664,6532,2,31,1,72.47,72.47
16665,6533,1,17,2,53.29,106.58
16666,6533,2,34,3,76.58,229.74
16667,6534,1,20,4,57.40,229.60
16668,6534,2,37,5,80.69,403.45
16669,6535,1,23,6,61.51,369.06
16670,6535,2,40,7,84.80,593.60
16671,6536,1,26,8,65.62,524.96
16672,6536,2,43,1,88.91,88.91
16673,6537,1,29,2,69.73,139.46
16674,6537,2,46,3,93.02,279.06
16675,6538,1,32,4,73.84,295.36
16676,6538,2,49,5,97.13,485.65
16677,6539,1,35,6,77.95,467.70
16678,6539,2,52,7,101.24,708.68
16679,6540,1,38,8,82.06,656.48
16680,6540,2,55,1,105.35,105.35
16681,6541,1,41,2,86.17,172.34
16682,6541,2,58,3,109.46,328.38
16683,6542,1,44,4,90.28,361.12
16684,6542,2,61,5,113.57,567.85
16685,6543,1,47,6,94.39,566.34
16686,6543,2,64,7,117.68,823.76
16687,6544,1,50,8,98.50,788.00
16688,6544,2,67,1,121.79,121.79
16689,6545,1,53,2,102.61,205.22
16690,6545,2,70,3,125.90,377.70
16691,6546,1,56,4,106.72,426.88
16692,6546,2,73,5,130.01,650.05
16693,6547,1,59,6,110.83,664.98
16694,6547,2,76,7,134.12,938.84
16695,6548,1,62,8,114.94,919.52
16696,6548,2,79,1,138.23,138.23
16697,6549,1,65,2,119.05,238.10
16698,6549,2,82,3,142.34,427.02
16699,6550,1,68,4,123.16,492.64
16700,6550,2,85,5,146.45,732.25
16701,6551,1,71,6,127.27,763.62
16702,6551,2,88,7,150.56,1053.92
16703,6552,1,74,8,131.38,1051.04
16704,6552,2,91,1,154.67,154.67
16705,6553,1,77,2,135.49,270.98
16706,6553,2,94,3,158.78,476.34
16707,6554,1,80,4,139.60,558.40
16708,6554,2,97,5,162.89,814.45
16709,6555,1,83,6,143.71,862.26
16710,6555,2,100,7,167.00,1169.00
16711,6556,1,86,8,147.82,1182.56
16712,6556,2,103,1,171.11,171.11
16713,6557,1,89,2,151.93,303.86
16714,6557,2,106,3,175.22,525.66
16715,6558,1,92,4,156.04,624.16
16716,6558,2,109,5,179.33,896.65
16717,6559,1,95,6,160.15,960.90
16718,6559,2,112,7,183.44,1284.08
16719,6560,1,98,8,164.26,1314.08
16720,6560,2,3,1,34.11,34.11
16721,6561,1,101,2,168.37,336.74
16722,6561,2,6,3,38.22,114.66
16723,6562,1,104,4,172.48,689.92
16724,6562,2,9,5,42.33,211.65
16725,6563,1,107,6,176.59,1059.54
16726,6563,2,12,7,46.44,325.08
16727,6564,1,110,8,180.70,1445.60
16728,6564,2,15,1,50.55,50.55
16729,6565,1,1,2,31.37,62.74
16730,6565,2,18,3,54.66,163.98
16731,6566,1,4,4,35.48,141.92
16732,6566,2,21,5,58.77,293.85
16733,6567,1,7,6,39.59,237.54
16734,6567,2,24,7,62.88,440.16
16735,6568,1,10,8,43.70,349.60
16736,6568,2,27,1,66.99,66.99
16737,6569,1,13,2,47.81,95.62
16738,6569,2,30,3,71.10,213.30
16739,6570,1,16,4,51.92,207.68
16740,6570,2,33,5,75.21,376.05
16741,6571,1,19,6,56.03,336.18
16742,6571,2,36,7,79.32,555.24
16743,6572,1,22,8,60.14,481.12
16744,6572,2,39,1,83.43,83.43
16745,6573,1,25,2,64.25,128.50
16746,6573,2,42,3,87.54,262.62
16747,6574,1,28,4,68.36,273.44
16748,6574,2,45,5,91.65,458.25
16749,6575,1,31,6,72.47,434.82
16750,6575,2,48,7,95.76,670.32
16751,6576,1,34,8,76.58,612.64
16752,6576,2,51,1,99.87,99.87
16753,6577,1,37,2,80.69,161.38
16754,6577,2,54,3,103.98,311.94
16755,6578,1,40,4,84.80,339.20
16756,6578,2,57,5,108.09,540.45
16757,6579,1,43,6,88.91,533.46
16758,6579,2,60,7,112.20,785.40
16759,6580,1,46,8,93.02,744.16
16760,6580,2,63,1,116.31,116.31
16761,6581,1,49,2,97.13,194.26
16762,6581,2,66,3,120.42,361.26
16763,6582,1,52,4,101.24,404.96
16764,6582,2,69,5,124.53,622.65
16765,6583,1,55,6,105.35,632.10
16766,6583,2,72,7,128.64,900.48
16767,6584,1,58,8,109.46,875.68
16768,6584,2,75,1,132.75,132.75
16769,6585,1,61,2,113.57,227.14
16770,6585,2,78,3,136.86,410.58
16771,6586,1,64,4,117.68,470.72
16772,6586,2,81,5,140.97,704.85
16773,6587,1,67,6,121.79,730.74
16774,6587,2,84,7,145.08,1015.56
16775,6588,1,70,8,125.90,1007.20
16776,6588,2,87,1,149.19,149.19
16777,6589,1,73,2,130.01,260.02
16778,6589,2,90,3,153.30,459.90
16779,6590,1,76,4,134.12,536.48
16780,6590,2,93,5,157.41,787.05
16781,6591,1,79,6,138.23,829.38
16782,6591,2,96,7,161.52,1130.64
16783,6592,1,82,8,142.34,1138.72
16784,6592,2,99,1,165.63,165.63
16785,6593,1,85,2,146.45,292.90
16786,6593,2,102,3,169.74,509.22
16787,6594,1,88,4,150.56,602.24
16788,6594,2,105,5,173.85,869.25
16789,6595,1,91,6,154.67,928.02
16790,6595,2,108,7,177.96,1245.72
16791,6596,1,94,8,158.78,1270.24
16792,6596,2,111,1,182.07,182.07
16793,6597,1,97,2,162.89,325.78
16794,6597,2,2,3,32.74,98.22
16795,6598,1,100,4,167.00,668.00
16796,6598,2,5,5,36.85,184.25
16797,6599,1,103,6,171.11,1026.66
16798,6599,2,8,7,40.96,286.72
16799,6600,1,106,8,175.22,1401.76
16800,6600,2,11,1,45.07,45.07
16801,6601,1,109,2,179.33,358.66
16802,6601,2,14,3,49.18,147.54
16803,6602,1,112,4,183.44,733.76
16804,6602,2,17,5,53.29,266.45
16805,6603,1,3,6,34.11,204.66
16806,6603,2,20,7,57.40,401.80
16807,6604,1,6,8,38.22,305.76
16808,6604,2,23,1,61.51,61.51
16809,6605,1,9,2,42.33,84.66
16810,6605,2,26,3,65.62,196.86
16811,6606,1,12,4,46.44,185.76
16812,6606,2,29,5,69.73,348.65
16813,6607,1,15,6,50.55,303.30
16814,6607,2,32,7,73.84,516.88
16815,6608,1,18,8,54.66,437.28
16816,6608,2,35,1,77.95,77.95
16817,6609,1,21,2,58.77,117.54
16818,6609,2,38,3,82.06,246.18
16819,6610,1,24,4,62.88,251.52
16820,6610,2,41,5,86.17,430.85
16821,6611,1,27,6,66.99,401.94
16822,6611,2,44,7,90.28,631.96
16823,6612,1,30,8,71.10,568.80
16824,6612,2,47,1,94.39,94.39
16825,6613,1,33,2,75.21,150.42
16826,6613,2,50,3,98.50,295.50
16827,6614,1,36,4,79.32,317.28
16828,6614,2,53,5,102.61,513.05
16829,6615,1,39,6,83.43,500.58
16830,6615,2,56,7,106.72,747.04
16831,6616,1,42,8,87.54,700.32
16832,6616,2,59,1,110.83,110.83
16833,6617,1,45,2,91.65,183.30
16834,6617,2,62,3,114.94,344.82
16835,6618,1,48,4,95.76,383.04
16836,6618,2,65,5,119.05,595.25
16837,6619,1,51,6,99.87,599.22
16838,6619,2,68,7,123.16,862.12
16839,6620,1,54,8,103.98,831.84
16840,6620,2,71,1,127.27,127.27
16841,6621,1,57,2,108.09,216.18
16842,6621,2,74,3,131.38,394.14
16843,6622,1,60,4,112.20,448.80
16844,6622,2,77,5,135.49,677.45
16845,6623,1,63,6,116.31,697.86
16846,6623,2,80,7,139.60,977.20
16847,6624,1,66,8,120.42,963.36
16848,6624,2,83,1,143.71,143.71
16849,6625,1,69,2,124.53,249.06
16850,6625,2,86,3,147.82,443.46
16851,6626,1,72,4,128.64,514.56
16852,6626,2,89,5,151.93,759.65
16853,6627,1,75,6,132.75,796.50
16854,6627,2,92,7,156.04,1092.28
16855,6628,1,78,8,136.86,1094.88
16856,6628,2,95,1,160.15,160.15
16857,6629,1,81,2,140.97,281.94
16858,6629,2,98,3,164.26,492.78
16859,6630,1,84,4,145.08,580.32
16860,6630,2,101,5,168.37,841.85
16861,6631,1,87,6,149.19,895.14
16862,6631,2,104,7,172.48,1207.36
16863,6632,1,90,8,153.30,1226.40
16864,6632,2,107,1,176.59,176.59
16865,6633,1,93,2,157.41,314.82
16866,6633,2,110,3,180.70,542.10
16867,6634,1,96,4,161.52,646.08
16868,6634,2,1,5,31.37,156.85
16869,6635,1,99,6,165.63,993.78
16870,6635,2,4,7,35.48,248.36
16871,6636,1,102,8,169.74,1357.92
16872,6636,2,7,1,39.59,39.59
16873,6637,1,105,2,173.85,347.70
16874,6637,2,10,3,43.70,131.10
16875,6638,1,108,4,177.96,711.84
16876,6638,2,13,5,47.81,239.05
16877,6639,1,111,6,182.07,1092.42
16878,6639,2,16,7,51.92,363.44
16879,6640,1,2,8,32.74,261.92
16880,6640,2,19,1,56.03,56.03
16881,6641,1,5,2,36.85,73.70
16882,6641,2,22,3,60.14,180.42
16883,6642,1,8,4,40.96,163.84
16884,6642,2,25,5,64.25,321.25
16885,6643,1,11,6,45.07,270.42
16886,6643,2,28,7,68.36,478.52
16887,6644,1,14,8,49.18,393.44
16888,6644,2,31,1,72.47,72.47
16889,6645,1,17,2,53.29,106.58
16890,6645,2,34,3,76.58,229.74
16891,6646,1,20,4,57.40,229.60
16892,6646,2,37,5,80.69,403.45
16893,6647,1,23,6,61.51,369.06
16894,6647,2,40,7,84.80,593.60
16895,6648,1,26,8,65.62,524.96
16896,6648,2,43,1,88.91,88.91
16897,6649,1,29,2,69.73,139.46
16898,6649,2,46,3,93.02,279.06
16899,6650,1,32,4,73.84,295.36
16900,6650,2,49,5,97.13,485.65
16901,6651,1,35,6,77.95,467.70
16902,6651,2,52,7,101.24,708.68
16903,6652,1,38,8,82.06,656.48
16904,6652,2,55,1,105.35,105.35
16905,6653,1,41,2,86.17,172.34
16906,6653,2,58,3,109.46,328.38
16907,6654,1,44,4,90.28,361.12
16908,6654,2,61,5,113.57,567.85
16909,6655,1,47,6,94.39,566.34
16910,6655,2,64,7,117.68,823.76
16911,6656,1,50,8,98.50,788.00
16912,6656,2,67,1,121.79,121.79
16913,6657,1,53,2,102.61,205.22
16914,6657,2,70,3,125.90,377.70
16915,6658,1,56,4,106.72,426.88
16916,6658,2,73,5,130.01,650.05
16917,6659,1,59,6,110.83,664.98
16918,6659,2,76,7,134.12,938.84
16919,6660,1,62,8,114.94,919.52
16920,6660,2,79,1,138.23,138.23
16921,6661,1,65,2,119.05,238.10
16922,6661,2,82,3,142.34,427.02
16923,6662,1,68,4,123.16,492.64
16924,6662,2,85,5,146.45,732.25
16925,6663,1,71,6,127.27,763.62
16926,6663,2,88,7,150.56,1053.92
16927,6664,1,74,8,131.38,1051.04
16928,6664,2,91,1,154.67,154.67
16929,6665,1,77,2,135.49,270.98
16930,6665,2,94,3,158.78,476.34
16931,6666,1,80,4,139.60,558.40
16932,6666,2,97,5,162.89,814.45
16933,6667,1,83,6,143.71,862.26
16934,6667,2,100,7,167.00,1169.00
16935,6668,1,86,8,147.82,1182.56
16936,6668,2,103,1,171.11,171.11
16937,6669,1,89,2,151.93,303.86
16938,6669,2,106,3,175.22,525.66
16939,6670,1,92,4,156.04,624.16
16940,6670,2,109,5,179.33,896.65
16941,6671,1,95,6,160.15,960.90
16942,6671,2,112,7,183.44,1284.08
16943,6672,1,98,8,164.26,1314.08
16944,6672,2,3,1,34.11,34.11
16945,6673,1,101,2,168.37,336.74
16946,6673,2,6,3,38.22,114.66
16947,6674,1,104,4,172.48,689.92
16948,6674,2,9,5,42.33,211.65
16949,6675,1,107,6,176.59,1059.54
16950,6675,2,12,7,46.44,325.08
16951,6676,1,110,8,180.70,1445.60
16952,6676,2,15,1,50.55,50.55
16953,6677,1,1,2,31.37,62.74
16954,6677,2,18,3,54.66,163.98
16955,6678,1,4,4,35.48,141.92
16956,6678,2,21,5,58.77,293.85
16957,6679,1,7,6,39.59,237.54
16958,6679,2,24,7,62.88,440.16
16959,6680,1,10,8,43.70,349.60
16960,6680,2,27,1,66.99,66.99
16961,6681,1,13,2,47.81,95.62
16962,6681,2,30,3,71.10,213.30
16963,6682,1,16,4,51.92,207.68
16964,6682,2,33,5,75.21,376.05
16965,6683,1,19,6,56.03,336.18
16966,6683,2,36,7,79.32,555.24
16967,6684,1,22,8,60.14,481.12
16968,6684,2,39,1,83.43,83.43
16969,6685,1,25,2,64.25,128.50
16970,6685,2,42,3,87.54,262.62
16971,6686,1,28,4,68.36,273.44
16972,6686,2,45,5,91.65,458.25
16973,6687,1,31,6,72.47,434.82
16974,6687,2,48,7,95.76,670.32
16975,6688,1,34,8,76.58,612.64
16976,6688,2,51,1,99.87,99.87
16977,6689,1,37,2,80.69,161.38
16978,6689,2,54,3,103.98,311.94
16979,6690,1,40,4,84.80,339.20
16980,6690,2,57,5,108.09,540.45
16981,6691,1,43,6,88.91,533.46
16982,6691,2,60,7,112.20,785.40
16983,6692,1,46,8,93.02,744.16
16984,6692,2,63,1,116.31,116.31
16985,6693,1,49,2,97.13,194.26
16986,6693,2,66,3,120.42,361.26
16987,6694,1,52,4,101.24,404.96
16988,6694,2,69,5,124.53,622.65
16989,6695,1,55,6,105.35,632.10
16990,6695,2,72,7,128.64,900.48
16991,6696,1,58,8,109.46,875.68
16992,6696,2,75,1,132.75,132.75
16993,6697,1,61,2,113.57,227.14
16994,6697,2,78,3,136.86,410.58
16995,6698,1,64,4,117.68,470.72
16996,6698,2,81,5,140.97,704.85
16997,6699,1,67,6,121.79,730.74
16998,6699,2,84,7,145.08,1015.56
16999,6700,1,70,8,125.90,1007.20
17000,6700,2,87,1,149.19,149.19
17001,6701,1,73,2,130.01,260.02
17002,6701,2,90,3,153.30,459.90
17003,6702,1,76,4,134.12,536.48
17004,6702,2,93,5,157.41,787.05
17005,6703,1,79,6,138.23,829.38
17006,6703,2,96,7,161.52,1130.64
17007,6704,1,82,8,142.34,1138.72
17008,6704,2,99,1,165.63,165.63
17009,6705,1,85,2,146.45,292.90
17010,6705,2,102,3,169.74,509.22
17011,6706,1,88,4,150.56,602.24
17012,6706,2,105,5,173.85,869.25
17013,6707,1,91,6,154.67,928.02
17014,6707,2,108,7,177.96,1245.72
17015,6708,1,94,8,158.78,1270.24
17016,6708,2,111,1,182.07,182.07
17017,6709,1,97,2,162.89,325.78
17018,6709,2,2,3,32.74,98.22
17019,6710,1,100,4,167.00,668.00
17020,6710,2,5,5,36.85,184.25
17021,6711,1,103,6,171.11,1026.66
17022,6711,2,8,7,40.96,286.72
17023,6712,1,106,8,175.22,1401.76
17024,6712,2,11,1,45.07,45.07
17025,6713,1,109,2,179.33,358.66
17026,6713,2,14,3,49.18,147.54
17027,6714,1,112,4,183.44,733.76
17028,6714,2,17,5,53.29,266.45
17029,6715,1,3,6,34.11,204.66
17030,6715,2,20,7,57.40,401.80
17031,6716,1,6,8,38.22,305.76
17032,6716,2,23,1,61.51,61.51
17033,6717,1,9,2,42.33,84.66
17034,6717,2,26,3,65.62,196.86
17035,6718,1,12,4,46.44,185.76
17036,6718,2,29,5,69.73,348.65
17037,6719,1,15,6,50.55,303.30
17038,6719,2,32,7,73.84,516.88
17039,6720,1,18,8,54.66,437.28
17040,6720,2,35,1,77.95,77.95
17041,6721,1,21,2,58.77,117.54
17042,6721,2,38,3,82.06,246.18
17043,6722,1,24,4,62.88,251.52
17044,6722,2,41,5,86.17,430.85
17045,6723,1,27,6,66.99,401.94
17046,6723,2,44,7,90.28,631.96
17047,6724,1,30,8,71.10,568.80
17048,6724,2,47,1,94.39,94.39
17049,6725,1,33,2,75.21,150.42
17050,6725,2,50,3,98.50,295.50
17051,6726,1,36,4,79.32,317.28
17052,6726,2,53,5,102.61,513.05
17053,6727,1,39,6,83.43,500.58
17054,6727,2,56,7,106.72,747.04
17055,6728,1,42,8,87.54,700.32
17056,6728,2,59,1,110.83,110.83
17057,6729,1,45,2,91.65,183.30
17058,6729,2,62,3,114.94,344.82
17059,6730,1,48,4,95.76,383.04
17060,6730,2,65,5,119.05,595.25
17061,6731,1,51,6,99.87,599.22
17062,6731,2,68,7,123.16,862.12
17063,6732,1,54,8,103.98,831.84
17064,6732,2,71,1,127.27,127.27
17065,6733,1,57,2,108.09,216.18
17066,6733,2,74,3,131.38,394.14
17067,6734,1,60,4,112.20,448.80
17068,6734,2,77,5,135.49,677.45
17069,6735,1,63,6,116.31,697.86
17070,6735,2,80,7,139.60,977.20
17071,6736,1,66,8,120.42,963.36
17072,6736,2,83,1,143.71,143.71
17073,6737,1,69,2,124.53,249.06
17074,6737,2,86,3,147.82,443.46
17075,6738,1,72,4,128.64,514.56
17076,6738,2,89,5,151.93,759.65
17077,6739,1,75,6,132.75,796.50
17078,6739,2,92,7,156.04,1092.28
17079,6740,1,78,8,136.86,1094.88
17080,6740,2,95,1,160.15,160.15
17081,6741,1,81,2,140.97,281.94
17082,6741,2,98,3,164.26,492.78
17083,6742,1,84,4,145.08,580.32
17084,6742,2,101,5,168.37,841.85
17085,6743,1,87,6,149.19,895.14
17086,6743,2,104,7,172.48,1207.36
17087,6744,1,90,8,153.30,1226.40
17088,6744,2,107,1,176.59,176.59
17089,6745,1,93,2,157.41,314.82
17090,6745,2,110,3,180.70,542.10
17091,6746,1,96,4,161.52,646.08
17092,6746,2,1,5,31.37,156.85
17093,6747,1,99,6,165.63,993.78
17094,6747,2,4,7,35.48,248.36
17095,6748,1,102,8,169.74,1357.92
17096,6748,2,7,1,39.59,39.59
17097,6749,1,105,2,173.85,347.70
17098,6749,2,10,3,43.70,131.10
17099,6750,1,108,4,177.96,711.84
17100,6750,2,13,5,47.81,239.05
17101,6751,1,111,6,182.07,1092.42
17102,6751,2,16,7,51.92,363.44
17103,6752,1,2,8,32.74,261.92
17104,6752,2,19,1,56.03,56.03
17105,6753,1,5,2,36.85,73.70
17106,6753,2,22,3,60.14,180.42
17107,6754,1,8,4,40.96,163.84
17108,6754,2,25,5,64.25,321.25
17109,6755,1,11,6,45.07,270.42
17110,6755,2,28,7,68.36,478.52
17111,6756,1,14,8,49.18,393.44
17112,6756,2,31,1,72.47,72.47
17113,6757,1,17,2,53.29,106.58
17114,6757,2,34,3,76.58,229.74
17115,6758,1,20,4,57.40,229.60
17116,6758,2,37,5,80.69,403.45
17117,6759,1,23,6,61.51,369.06
17118,6759,2,40,7,84.80,593.60
17119,6760,1,26,8,65.62,524.96
17120,6760,2,43,1,88.91,88.91
17121,6761,1,29,2,69.73,139.46
17122,6761,2,46,3,93.02,279.06
17123,6762,1,32,4,73.84,295.36
17124,6762,2,49,5,97.13,485.65
17125,6763,1,35,6,77.95,467.70
17126,6763,2,52,7,101.24,708.68
17127,6764,1,38,8,82.06,656.48
17128,6764,2,55,1,105.35,105.35
17129,6765,1,41,2,86.17,172.34
17130,6765,2,58,3,109.46,328.38
17131,6766,1,44,4,90.28,361.12
17132,6766,2,61,5,113.57,567.85
17133,6767,1,47,6,94.39,566.34
17134,6767,2,64,7,117.68,823.76
17135,6768,1,50,8,98.50,788.00
17136,6768,2,67,1,121.79,121.79
17137,6769,1,53,2,102.61,205.22
17138,6769,2,70,3,125.90,377.70
17139,6770,1,56,4,106.72,426.88
17140,6770,2,73,5,130.01,650.05
17141,6771,1,59,6,110.83,664.98
17142,6771,2,76,7,134.12,938.84
17143,6772,1,62,8,114.94,919.52
17144,6772,2,79,1,138.23,138.23
17145,6773,1,65,2,119.05,238.10
17146,6773,2,82,3,142.34,427.02
17147,6774,1,68,4,123.16,492.64
17148,6774,2,85,5,146.45,732.25
17149,6775,1,71,6,127.27,763.62
17150,6775,2,88,7,150.56,1053.92
17151,6776,1,74,8,131.38,1051.04
17152,6776,2,91,1,154.67,154.67
17153,6777,1,77,2,135.49,270.98
17154,6777,2,94,3,158.78,476.34
17155,6778,1,80,4,139.60,558.40
17156,6778,2,97,5,162.89,814.45
17157,6779,1,83,6,143.71,862.26
17158,6779,2,100,7,167.00,1169.00
17159,6780,1,86,8,147.82,1182.56
17160,6780,2,103,1,171.11,171.11
17161,6781,1,89,2,151.93,303.86
17162,6781,2,106,3,175.22,525.66
17163,6782,1,92,4,156.04,624.16
17164,6782,2,109,5,179.33,896.65
17165,6783,1,95,6,160.15,960.90
17166,6783,2,112,7,183.44,1284.08
17167,6784,1,98,8,164.26,1314.08
17168,6784,2,3,1,34.11,34.11
17169,6785,1,101,2,168.37,336.74
17170,6785,2,6,3,38.22,114.66
17171,6786,1,104,4,172.48,689.92
17172,6786,2,9,5,42.33,211.65
17173,6787,1,107,6,176.59,1059.54
17174,6787,2,12,7,46.44,325.08
17175,6788,1,110,8,180.70,1445.60
17176,6788,2,15,1,50.55,50.55
17177,6789,1,1,2,31.37,62.74
17178,6789,2,18,3,54.66,163.98
17179,6790,1,4,4,35.48,141.92
17180,6790,2,21,5,58.77,293.85
17181,6791,1,7,6,39.59,237.54
17182,6791,2,24,7,62.88,440.16
17183,6792,1,10,8,43.70,349.60
17184,6792,2,27,1,66.99,66.99
17185,6793,1,13,2,47.81,95.62
17186,6793,2,30,3,71.10,213.30
17187,6794,1,16,4,51.92,207.68
17188,6794,2,33,5,75.21,376.05
17189,6795,1,19,6,56.03,336.18
17190,6795,2,36,7,79.32,555.24
17191,6796,1,22,8,60.14,481.12
17192,6796,2,39,1,83.43,83.43
17193,6797,1,25,2,64.25,128.50
17194,6797,2,42,3,87.54,262.62
17195,6798,1,28,4,68.36,273.44
17196,6798,2,45,5,91.65,458.25
17197,6799,1,31,6,72.47,434.82
17198,6799,2,48,7,95.76,670.32
17199,6800,1,34,8,76.58,612.64
17200,6800,2,51,1,99.87,99.87
17201,6801,1,37,2,80.69,161.38
17202,6801,2,54,3,103.98,311.94
17203,6802,1,40,4,84.80,339.20
17204,6802,2,57,5,108.09,540.45
17205,6803,1,43,6,88.91,533.46
17206,6803,2,60,7,112.20,785.40
17207,6804,1,46,8,93.02,744.16
17208,6804,2,63,1,116.31,116.31
17209,6805,1,49,2,97.13,194.26
17210,6805,2,66,3,120.42,361.26
17211,6806,1,52,4,101.24,404.96
17212,6806,2,69,5,124.53,622.65
17213,6807,1,55,6,105.35,632.10
17214,6807,2,72,7,128.64,900.48
17215,6808,1,58,8,109.46,875.68
17216,6808,2,75,1,132.75,132.75
17217,6809,1,61,2,113.57,227.14
17218,6809,2,78,3,136.86,410.58
17219,6810,1,64,4,117.68,470.72
17220,6810,2,81,5,140.97,704.85
17221,6811,1,67,6,121.79,730.74
17222,6811,2,84,7,145.08,1015.56
17223,6812,1,70,8,125.90,1007.20
17224,6812,2,87,1,149.19,149.19
17225,6813,1,73,2,130.01,260.02
17226,6813,2,90,3,153.30,459.90
17227,6814,1,76,4,134.12,536.48
17228,6814,2,93,5,157.41,787.05
17229,6815,1,79,6,138.23,829.38
17230,6815,2,96,7,161.52,1130.64
17231,6816,1,82,8,142.34,1138.72
17232,6816,2,99,1,165.63,165.63
17233,6817,1,85,2,146.45,292.90
17234,6817,2,102,3,169.74,509.22
17235,6818,1,88,4,150.56,602.24
17236,6818,2,105,5,173.85,869.25
17237,6819,1,91,6,154.67,928.02
17238,6819,2,108,7,177.96,1245.72
17239,6820,1,94,8,158.78,1270.24
17240,6820,2,111,1,182.07,182.07
17241,6821,1,97,2,162.89,325.78
17242,6821,2,2,3,32.74,98.22
17243,6822,1,100,4,167.00,668.00
17244,6822,2,5,5,36.85,184.25
17245,6823,1,103,6,171.11,1026.66
17246,6823,2,8,7,40.96,286.72
17247,6824,1,106,8,175.22,1401.76
17248,6824,2,11,1,45.07,45.07
17249,6825,1,109,2,179.33,358.66
17250,6825,2,14,3,49.18,147.54
17251,6826,1,112,4,183.44,733.76
17252,6826,2,17,5,53.29,266.45
17253,6827,1,3,6,34.11,204.66
17254,6827,2,20,7,57.40,401.80
17255,6828,1,6,8,38.22,305.76
17256,6828,2,23,1,61.51,61.51
17257,6829,1,9,2,42.33,84.66
17258,6829,2,26,3,65.62,196.86
17259,6830,1,12,4,46.44,185.76
17260,6830,2,29,5,69.73,348.65
17261,6831,1,15,6,50.55,303.30
17262,6831,2,32,7,73.84,516.88
17263,6832,1,18,8,54.66,437.28
17264,6832,2,35,1,77.95,77.95
17265,6833,1,21,2,58.77,117.54
17266,6833,2,38,3,82.06,246.18
17267,6834,1,24,4,62.88,251.52
17268,6834,2,41,5,86.17,430.85
17269,6835,1,27,6,66.99,401.94
17270,6835,2,44,7,90.28,631.96
17271,6836,1,30,8,71.10,568.80
17272,6836,2,47,1,94.39,94.39
17273,6837,1,33,2,75.21,150.42
17274,6837,2,50,3,98.50,295.50
17275,6838,1,36,4,79.32,317.28
17276,6838,2,53,5,102.61,513.05
17277,6839,1,39,6,83.43,500.58
17278,6839,2,56,7,106.72,747.04
17279,6840,1,42,8,87.54,700.32
17280,6840,2,59,1,110.83,110.83
17281,6841,1,45,2,91.65,183.30
17282,6841,2,62,3,114.94,344.82
17283,6842,1,48,4,95.76,383.04
17284,6842,2,65,5,119.05,595.25
17285,6843,1,51,6,99.87,599.22
17286,6843,2,68,7,123.16,862.12
17287,6844,1,54,8,103.98,831.84
17288,6844,2,71,1,127.27,127.27
17289,6845,1,57,2,108.09,216.18
17290,6845,2,74,3,131.38,394.14
17291,6846,1,60,4,112.20,448.80
17292,6846,2,77,5,135.49,677.45
17293,6847,1,63,6,116.31,697.86
17294,6847,2,80,7,139.60,977.20
17295,6848,1,66,8,120.42,963.36
17296,6848,2,83,1,143.71,143.71
17297,6849,1,69,2,124.53,249.06
17298,6849,2,86,3,147.82,443.46
17299,6850,1,72,4,128.64,514.56
17300,6850,2,89,5,151.93,759.65
17301,6851,1,75,6,132.75,796.50
17302,6851,2,92,7,156.04,1092.28
17303,6852,1,78,8,136.86,1094.88
17304,6852,2,95,1,160.15,160.15
17305,6853,1,81,2,140.97,281.94
17306,6853,2,98,3,164.26,492.78
17307,6854,1,84,4,145.08,580.32
17308,6854,2,101,5,168.37,841.85
17309,6855,1,87,6,149.19,895.14
17310,6855,2,104,7,172.48,1207.36
17311,6856,1,90,8,153.30,1226.40
17312,6856,2,107,1,176.59,176.59
17313,6857,1,93,2,157.41,314.82
17314,6857,2,110,3,180.70,542.10
17315,6858,1,96,4,161.52,646.08
17316,6858,2,1,5,31.37,156.85
17317,6859,1,99,6,165.63,993.78
17318,6859,2,4,7,35.48,248.36
17319,6860,1,102,8,169.74,1357.92
17320,6860,2,7,1,39.59,39.59
17321,6861,1,105,2,173.85,347.70
17322,6861,2,10,3,43.70,131.10
17323,6862,1,108,4,177.96,711.84
17324,6862,2,13,5,47.81,239.05
17325,6863,1,111,6,182.07,1092.42
17326,6863,2,16,7,51.92,363.44
17327,6864,1,2,8,32.74,261.92
17328,6864,2,19,1,56.03,56.03
17329,6865,1,5,2,36.85,73.70
17330,6865,2,22,3,60.14,180.42
17331,6866,1,8,4,40.96,163.84
17332,6866,2,25,5,64.25,321.25
17333,6867,1,11,6,45.07,270.42
17334,6867,2,28,7,68.36,478.52
17335,6868,1,14,8,49.18,393.44
17336,6868,2,31,1,72.47,72.47
17337,6869,1,17,2,53.29,106.58
17338,6869,2,34,3,76.58,229.74
17339,6870,1,20,4,57.40,229.60
17340,6870,2,37,5,80.69,403.45
17341,6871,1,23,6,61.51,369.06
17342,6871,2,40,7,84.80,593.60
17343,6872,1,26,8,65.62,524.96
17344,6872,2,43,1,88.91,88.91
17345,6873,1,29,2,69.73,139.46
17346,6873,2,46,3,93.02,279.06
17347,6874,1,32,4,73.84,295.36
17348,6874,2,49,5,97.13,485.65
17349,6875,1,35,6,77.95,467.70
17350,6875,2,52,7,101.24,708.68
17351,6876,1,38,8,82.06,656.48
17352,6876,2,55,1,105.35,105.35
17353,6877,1,41,2,86.17,172.34
17354,6877,2,58,3,109.46,328.38
17355,6878,1,44,4,90.28,361.12
17356,6878,2,61,5,113.57,567.85
17357,6879,1,47,6,94.39,566.34
17358,6879,2,64,7,117.68,823.76
17359,6880,1,50,8,98.50,788.00
17360,6880,2,67,1,121.79,121.79
17361,6881,1,53,2,102.61,205.22
17362,6881,2,70,3,125.90,377.70
17363,6882,1,56,4,106.72,426.88
17364,6882,2,73,5,130.01,650.05
17365,6883,1,59,6,110.83,664.98
17366,6883,2,76,7,134.12,938.84
17367,6884,1,62,8,114.94,919.52
17368,6884,2,79,1,138.23,138.23
17369,6885,1,65,2,119.05,238.10
17370,6885,2,82,3,142.34,427.02
17371,6886,1,68,4,123.16,492.64
17372,6886,2,85,5,146.45,732.25
17373,6887,1,71,6,127.27,763.62
17374,6887,2,88,7,150.56,1053.92
17375,6888,1,74,8,131.38,1051.04
17376,6888,2,91,1,154.67,154.67
17377,6889,1,77,2,135.49,270.98
17378,6889,2,94,3,158.78,476.34
17379,6890,1,80,4,139.60,558.40
17380,6890,2,97,5,162.89,814.45
17381,6891,1,83,6,143.71,862.26
17382,6891,2,100,7,167.00,1169.00
17383,6892,1,86,8,147.82,1182.56
17384,6892,2,103,1,171.11,171.11
17385,6893,1,89,2,151.93,303.86
17386,6893,2,106,3,175.22,525.66
17387,6894,1,92,4,156.04,624.16
17388,6894,2,109,5,179.33,896.65
17389,6895,1,95,6,160.15,960.90
17390,6895,2,112,7,183.44,1284.08
17391,6896,1,98,8,164.26,1314.08
17392,6896,2,3,1,34.11,34.11
17393,6897,1,101,2,168.37,336.74
17394,6897,2,6,3,38.22,114.66
17395,6898,1,104,4,172.48,689.92
17396,6898,2,9,5,42.33,211.65
17397,6899,1,107,6,176.59,1059.54
17398,6899,2,12,7,46.44,325.08
17399,6900,1,110,8,180.70,1445.60
17400,6900,2,15,1,50.55,50.55
17401,6901,1,1,2,31.37,62.74
17402,6901,2,18,3,54.66,163.98
17403,6902,1,4,4,35.48,141.92
17404,6902,2,21,5,58.77,293.85
17405,6903,1,7,6,39.59,237.54
17406,6903,2,24,7,62.88,440.16
17407,6904,1,10,8,43.70,349.60
17408,6904,2,27,1,66.99,66.99
17409,6905,1,13,2,47.81,95.62
17410,6905,2,30,3,71.10,213.30
17411,6906,1,16,4,51.92,207.68
17412,6906,2,33,5,75.21,376.05
17413,6907,1,19,6,56.03,336.18
17414,6907,2,36,7,79.32,555.24
17415,6908,1,22,8,60.14,481.12
17416,6908,2,39,1,83.43,83.43
17417,6909,1,25,2,64.25,128.50
17418,6909,2,42,3,87.54,262.62
17419,6910,1,28,4,68.36,273.44
17420,6910,2,45,5,91.65,458.25
17421,6911,1,31,6,72.47,434.82
17422,6911,2,48,7,95.76,670.32
17423,6912,1,34,8,76.58,612.64
17424,6912,2,51,1,99.87,99.87
17425,6913,1,37,2,80.69,161.38
17426,6913,2,54,3,103.98,311.94
17427,6914,1,40,4,84.80,339.20
17428,6914,2,57,5,108.09,540.45
17429,6915,1,43,6,88.91,533.46
17430,6915,2,60,7,112.20,785.40
17431,6916,1,46,8,93.02,744.16
17432,6916,2,63,1,116.31,116.31
17433,6917,1,49,2,97.13,194.26
17434,6917,2,66,3,120.42,361.26
17435,6918,1,52,4,101.24,404.96
17436,6918,2,69,5,124.53,622.65
17437,6919,1,55,6,105.35,632.10
17438,6919,2,72,7,128.64,900.48
17439,6920,1,58,8,109.46,875.68
17440,6920,2,75,1,132.75,132.75
17441,6921,1,61,2,113.57,227.14
17442,6921,2,78,3,136.86,410.58
17443,6922,1,64,4,117.68,470.72
17444,6922,2,81,5,140.97,704.85
17445,6923,1,67,6,121.79,730.74
17446,6923,2,84,7,145.08,1015.56
17447,6924,1,70,8,125.90,1007.20
17448,6924,2,87,1,149.19,149.19
17449,6925,1,73,2,130.01,260.02
17450,6925,2,90,3,153.30,459.90
17451,6926,1,76,4,134.12,536.48
17452,6926,2,93,5,157.41,787.05
17453,6927,1,79,6,138.23,829.38
17454,6927,2,96,7,161.52,1130.64
17455,6928,1,82,8,142.34,1138.72
17456,6928,2,99,1,165.63,165.63
17457,6929,1,85,2,146.45,292.90
17458,6929,2,102,3,169.74,509.22
17459,6930,1,88,4,150.56,602.24
17460,6930,2,105,5,173.85,869.25
17461,6931,1,91,6,154.67,928.02
17462,6931,2,108,7,177.96,1245.72
17463,6932,1,94,8,158.78,1270.24
17464,6932,2,111,1,182.07,182.07
17465,6933,1,97,2,162.89,325.78
17466,6933,2,2,3,32.74,98.22
17467,6934,1,100,4,167.00,668.00
17468,6934,2,5,5,36.85,184.25
17469,6935,1,103,6,171.11,1026.66
17470,6935,2,8,7,40.96,286.72
17471,6936,1,106,8,175.22,1401.76
17472,6936,2,11,1,45.07,45.07
17473,6937,1,109,2,179.33,358.66
17474,6937,2,14,3,49.18,147.54
17475,6938,1,112,4,183.44,733.76
17476,6938,2,17,5,53.29,266.45
17477,6939,1,3,6,34.11,204.66
17478,6939,2,20,7,57.40,401.80
17479,6940,1,6,8,38.22,305.76
17480,6940,2,23,1,61.51,61.51
17481,6941,1,9,2,42.33,84.66
17482,6941,2,26,3,65.62,196.86
17483,6942,1,12,4,46.44,185.76
17484,6942,2,29,5,69.73,348.65
17485,6943,1,15,6,50.55,303.30
17486,6943,2,32,7,73.84,516.88
17487,6944,1,18,8,54.66,437.28
17488,6944,2,35,1,77.95,77.95
17489,6945,1,21,2,58.77,117.54
17490,6945,2,38,3,82.06,246.18
17491,6946,1,24,4,62.88,251.52
17492,6946,2,41,5,86.17,430.85
17493,6947,1,27,6,66.99,401.94
17494,6947,2,44,7,90.28,631.96
17495,6948,1,30,8,71.10,568.80
17496,6948,2,47,1,94.39,94.39
17497,6949,1,33,2,75.21,150.42
17498,6949,2,50,3,98.50,295.50
17499,6950,1,36,4,79.32,317.28
17500,6950,2,53,5,102.61,513.05
17501,6951,1,39,6,83.43,500.58
17502,6951,2,56,7,106.72,747.04
17503,6952,1,42,8,87.54,700.32
17504,6952,2,59,1,110.83,110.83
17505,6953,1,45,2,91.65,183.30
17506,6953,2,62,3,114.94,344.82
17507,6954,1,48,4,95.76,383.04
17508,6954,2,65,5,119.05,595.25
17509,6955,1,51,6,99.87,599.22
17510,6955,2,68,7,123.16,862.12
17511,6956,1,54,8,103.98,831.84
17512,6956,2,71,1,127.27,127.27
17513,6957,1,57,2,108.09,216.18
17514,6957,2,74,3,131.38,394.14
17515,6958,1,60,4,112.20,448.80
17516,6958,2,77,5,135.49,677.45
17517,6959,1,63,6,116.31,697.86
17518,6959,2,80,7,139.60,977.20
17519,6960,1,66,8,120.42,963.36
17520,6960,2,83,1,143.71,143.71
17521,6961,1,69,2,124.53,249.06
17522,6961,2,86,3,147.82,443.46
17523,6962,1,72,4,128.64,514.56
17524,6962,2,89,5,151.93,759.65
17525,6963,1,75,6,132.75,796.50
17526,6963,2,92,7,156.04,1092.28
17527,6964,1,78,8,136.86,1094.88
17528,6964,2,95,1,160.15,160.15
17529,6965,1,81,2,140.97,281.94
17530,6965,2,98,3,164.26,492.78
17531,6966,1,84,4,145.08,580.32
17532,6966,2,101,5,168.37,841.85
17533,6967,1,87,6,149.19,895.14
17534,6967,2,104,7,172.48,1207.36
17535,6968,1,90,8,153.30,1226.40
17536,6968,2,107,1,176.59,176.59
17537,6969,1,93,2,157.41,314.82
17538,6969,2,110,3,180.70,542.10
17539,6970,1,96,4,161.52,646.08
17540,6970,2,1,5,31.37,156.85
17541,6971,1,99,6,165.63,993.78
17542,6971,2,4,7,35.48,248.36
17543,6972,1,102,8,169.74,1357.92
17544,6972,2,7,1,39.59,39.59
17545,6973,1,105,2,173.85,347.70
17546,6973,2,10,3,43.70,131.10
17547,6974,1,108,4,177.96,711.84
17548,6974,2,13,5,47.81,239.05
17549,6975,1,111,6,182.07,1092.42
17550,6975,2,16,7,51.92,363.44
17551,6976,1,2,8,32.74,261.92
17552,6976,2,19,1,56.03,56.03
17553,6977,1,5,2,36.85,73.70
17554,6977,2,22,3,60.14,180.42
17555,6978,1,8,4,40.96,163.84
17556,6978,2,25,5,64.25,321.25
17557,6979,1,11,6,45.07,270.42
17558,6979,2,28,7,68.36,478.52
17559,6980,1,14,8,49.18,393.44
17560,6980,2,31,1,72.47,72.47
17561,6981,1,17,2,53.29,106.58
17562,6981,2,34,3,76.58,229.74
17563,6982,1,20,4,57.40,229.60
17564,6982,2,37,5,80.69,403.45
17565,6983,1,23,6,61.51,369.06
17566,6983,2,40,7,84.80,593.60
17567,6984,1,26,8,65.62,524.96
17568,6984,2,43,1,88.91,88.91
17569,6985,1,29,2,69.73,139.46
17570,6985,2,46,3,93.02,279.06
17571,6986,1,32,4,73.84,295.36
17572,6986,2,49,5,97.13,485.65
17573,6987,1,35,6,77.95,467.70
17574,6987,2,52,7,101.24,708.68
17575,6988,1,38,8,82.06,656.48
17576,6988,2,55,1,105.35,105.35
17577,6989,1,41,2,86.17,172.34
17578,6989,2,58,3,109.46,328.38
17579,6990,1,44,4,90.28,361.12
17580,6990,2,61,5,113.57,567.85
17581,6991,1,47,6,94.39,566.34
17582,6991,2,64,7,117.68,823.76
17583,6992,1,50,8,98.50,788.00
17584,6992,2,67,1,121.79,121.79
17585,6993,1,53,2,102.61,205.22
17586,6993,2,70,3,125.90,377.70
17587,6994,1,56,4,106.72,426.88
17588,6994,2,73,5,130.01,650.05
17589,6995,1,59,6,110.83,664.98
17590,6995,2,76,7,134.12,938.84
17591,6996,1,62,8,114.94,919.52
17592,6996,2,79,1,138.23,138.23
17593,6997,1,65,2,119.05,238.10
17594,6997,2,82,3,142.34,427.02
17595,6998,1,68,4,123.16,492.64
17596,6998,2,85,5,146.45,732.25
17597,6999,1,71,6,127.27,763.62
17598,6999,2,88,7,150.56,1053.92
17599,7000,1,74,8,131.38,1051.04
17600,7000,2,91,1,154.67,154.67
17601,7001,1,77,2,135.49,270.98
17602,7001,2,94,3,158.78,476.34
17603,7002,1,80,4,139.60,558.40
17604,7002,2,97,5,162.89,814.45
17605,7003,1,83,6,143.71,862.26
17606,7003,2,100,7,167.00,1169.00
17607,7004,1,86,8,147.82,1182.56
17608,7004,2,103,1,171.11,171.11
17609,7005,1,89,2,151.93,303.86
17610,7005,2,106,3,175.22,525.66
17611,7006,1,92,4,156.04,624.16
17612,7006,2,109,5,179.33,896.65
17613,7007,1,95,6,160.15,960.90
17614,7007,2,112,7,183.44,1284.08
17615,7008,1,98,8,164.26,1314.08
17616,7008,2,3,1,34.11,34.11
17617,7009,1,101,2,168.37,336.74
17618,7009,2,6,3,38.22,114.66
17619,7010,1,104,4,172.48,689.92
17620,7010,2,9,5,42.33,211.65
17621,7011,1,107,6,176.59,1059.54
17622,7011,2,12,7,46.44,325.08
17623,7012,1,110,8,180.70,1445.60
17624,7012,2,15,1,50.55,50.55
17625,7013,1,1,2,31.37,62.74
17626,7013,2,18,3,54.66,163.98
17627,7014,1,4,4,35.48,141.92
17628,7014,2,21,5,58.77,293.85
17629,7015,1,7,6,39.59,237.54
17630,7015,2,24,7,62.88,440.16
17631,7016,1,10,8,43.70,349.60
17632,7016,2,27,1,66.99,66.99
17633,7017,1,13,2,47.81,95.62
17634,7017,2,30,3,71.10,213.30
17635,7018,1,16,4,51.92,207.68
17636,7018,2,33,5,75.21,376.05
17637,7019,1,19,6,56.03,336.18
17638,7019,2,36,7,79.32,555.24
17639,7020,1,22,8,60.14,481.12
17640,7020,2,39,1,83.43,83.43
17641,7021,1,25,2,64.25,128.50
17642,7021,2,42,3,87.54,262.62
17643,7022,1,28,4,68.36,273.44
17644,7022,2,45,5,91.65,458.25
17645,7023,1,31,6,72.47,434.82
17646,7023,2,48,7,95.76,670.32
17647,7024,1,34,8,76.58,612.64
17648,7024,2,51,1,99.87,99.87
17649,7025,1,37,2,80.69,161.38
17650,7025,2,54,3,103.98,311.94
17651,7026,1,40,4,84.80,339.20
17652,7026,2,57,5,108.09,540.45
17653,7027,1,43,6,88.91,533.46
17654,7027,2,60,7,112.20,785.40
17655,7028,1,46,8,93.02,744.16
17656,7028,2,63,1,116.31,116.31
17657,7029,1,49,2,97.13,194.26
17658,7029,2,66,3,120.42,361.26
17659,7030,1,52,4,101.24,404.96
17660,7030,2,69,5,124.53,622.65
17661,7031,1,55,6,105.35,632.10
17662,7031,2,72,7,128.64,900.48
17663,7032,1,58,8,109.46,875.68
17664,7032,2,75,1,132.75,132.75
17665,7033,1,61,2,113.57,227.14
17666,7033,2,78,3,136.86,410.58
17667,7034,1,64,4,117.68,470.72
17668,7034,2,81,5,140.97,704.85
17669,7035,1,67,6,121.79,730.74
17670,7035,2,84,7,145.08,1015.56
17671,7036,1,70,8,125.90,1007.20
17672,7036,2,87,1,149.19,149.19
17673,7037,1,73,2,130.01,260.02
17674,7037,2,90,3,153.30,459.90
17675,7038,1,76,4,134.12,536.48
17676,7038,2,93,5,157.41,787.05
17677,7039,1,79,6,138.23,829.38
17678,7039,2,96,7,161.52,1130.64
17679,7040,1,82,8,142.34,1138.72
17680,7040,2,99,1,165.63,165.63
17681,7041,1,85,2,146.45,292.90
17682,7041,2,102,3,169.74,509.22
17683,7042,1,88,4,150.56,602.24
17684,7042,2,105,5,173.85,869.25
17685,7043,1,91,6,154.67,928.02
17686,7043,2,108,7,177.96,1245.72
17687,7044,1,94,8,158.78,1270.24
17688,7044,2,111,1,182.07,182.07
17689,7045,1,97,2,162.89,325.78
17690,7045,2,2,3,32.74,98.22
17691,7046,1,100,4,167.00,668.00
17692,7046,2,5,5,36.85,184.25
17693,7047,1,103,6,171.11,1026.66
17694,7047,2,8,7,40.96,286.72
17695,7048,1,106,8,175.22,1401.76
17696,7048,2,11,1,45.07,45.07
17697,7049,1,109,2,179.33,358.66
17698,7049,2,14,3,49.18,147.54
17699,7050,1,112,4,183.44,733.76
17700,7050,2,17,5,53.29,266.45
17701,7051,1,3,6,34.11,204.66
17702,7051,2,20,7,57.40,401.80
17703,7052,1,6,8,38.22,305.76
17704,7052,2,23,1,61.51,61.51
17705,7053,1,9,2,42.33,84.66
17706,7053,2,26,3,65.62,196.86
17707,7054,1,12,4,46.44,185.76
17708,7054,2,29,5,69.73,348.65
17709,7055,1,15,6,50.55,303.30
17710,7055,2,32,7,73.84,516.88
17711,7056,1,18,8,54.66,437.28
17712,7056,2,35,1,77.95,77.95
17713,7057,1,21,2,58.77,117.54
17714,7057,2,38,3,82.06,246.18
17715,7058,1,24,4,62.88,251.52
17716,7058,2,41,5,86.17,430.85
17717,7059,1,27,6,66.99,401.94
17718,7059,2,44,7,90.28,631.96
17719,7060,1,30,8,71.10,568.80
17720,7060,2,47,1,94.39,94.39
17721,7061,1,33,2,75.21,150.42
17722,7061,2,50,3,98.50,295.50
17723,7062,1,36,4,79.32,317.28
17724,7062,2,53,5,102.61,513.05
17725,7063,1,39,6,83.43,500.58
17726,7063,2,56,7,106.72,747.04
17727,7064,1,42,8,87.54,700.32
17728,7064,2,59,1,110.83,110.83
17729,7065,1,45,2,91.65,183.30
17730,7065,2,62,3,114.94,344.82
17731,7066,1,48,4,95.76,383.04
17732,7066,2,65,5,119.05,595.25
17733,7067,1,51,6,99.87,599.22
17734,7067,2,68,7,123.16,862.12
17735,7068,1,54,8,103.98,831.84
17736,7068,2,71,1,127.27,127.27
17737,7069,1,57,2,108.09,216.18
17738,7069,2,74,3,131.38,394.14
17739,7070,1,60,4,112.20,448.80
17740,7070,2,77,5,135.49,677.45
17741,7071,1,63,6,116.31,697.86
17742,7071,2,80,7,139.60,977.20
17743,7072,1,66,8,120.42,963.36
17744,7072,2,83,1,143.71,143.71
17745,7073,1,69,2,124.53,249.06
17746,7073,2,86,3,147.82,443.46
17747,7074,1,72,4,128.64,514.56
17748,7074,2,89,5,151.93,759.65
17749,7075,1,75,6,132.75,796.50
17750,7075,2,92,7,156.04,1092.28
17751,7076,1,78,8,136.86,1094.88
17752,7076,2,95,1,160.15,160.15
17753,7077,1,81,2,140.97,281.94
17754,7077,2,98,3,164.26,492.78
17755,7078,1,84,4,145.08,580.32
17756,7078,2,101,5,168.37,841.85
17757,7079,1,87,6,149.19,895.14
17758,7079,2,104,7,172.48,1207.36
17759,7080,1,90,8,153.30,1226.40
17760,7080,2,107,1,176.59,176.59
17761,7081,1,93,2,157.41,314.82
17762,7081,2,110,3,180.70,542.10
17763,7082,1,96,4,161.52,646.08
17764,7082,2,1,5,31.37,156.85
17765,7083,1,99,6,165.63,993.78
17766,7083,2,4,7,35.48,248.36
17767,7084,1,102,8,169.74,1357.92
17768,7084,2,7,1,39.59,39.59
17769,7085,1,105,2,173.85,347.70
17770,7085,2,10,3,43.70,131.10
17771,7086,1,108,4,177.96,711.84
17772,7086,2,13,5,47.81,239.05
17773,7087,1,111,6,182.07,1092.42
17774,7087,2,16,7,51.92,363.44
17775,7088,1,2,8,32.74,261.92
17776,7088,2,19,1,56.03,56.03
17777,7089,1,5,2,36.85,73.70
17778,7089,2,22,3,60.14,180.42
17779,7090,1,8,4,40.96,163.84
17780,7090,2,25,5,64.25,321.25
17781,7091,1,11,6,45.07,270.42
17782,7091,2,28,7,68.36,478.52
17783,7092,1,14,8,49.18,393.44
17784,7092,2,31,1,72.47,72.47
17785,7093,1,17,2,53.29,106.58
17786,7093,2,34,3,76.58,229.74
17787,7094,1,20,4,57.40,229.60
17788,7094,2,37,5,80.69,403.45
17789,7095,1,23,6,61.51,369.06
17790,7095,2,40,7,84.80,593.60
17791,7096,1,26,8,65.62,524.96
17792,7096,2,43,1,88.91,88.91
17793,7097,1,29,2,69.73,139.46
17794,7097,2,46,3,93.02,279.06
17795,7098,1,32,4,73.84,295.36
17796,7098,2,49,5,97.13,485.65
17797,7099,1,35,6,77.95,467.70
17798,7099,2,52,7,101.24,708.68
17799,7100,1,38,8,82.06,656.48
17800,7100,2,55,1,105.35,105.35
17801,7101,1,41,2,86.17,172.34
17802,7101,2,58,3,109.46,328.38
17803,7102,1,44,4,90.28,361.12
17804,7102,2,61,5,113.57,567.85
17805,7103,1,47,6,94.39,566.34
17806,7103,2,64,7,117.68,823.76
17807,7104,1,50,8,98.50,788.00
17808,7104,2,67,1,121.79,121.79
17809,7105,1,53,2,102.61,205.22
17810,7105,2,70,3,125.90,377.70
17811,7106,1,56,4,106.72,426.88
17812,7106,2,73,5,130.01,650.05
17813,7107,1,59,6,110.83,664.98
17814,7107,2,76,7,134.12,938.84
17815,7108,1,62,8,114.94,919.52
17816,7108,2,79,1,138.23,138.23
17817,7109,1,65,2,119.05,238.10
17818,7109,2,82,3,142.34,427.02
17819,7110,1,68,4,123.16,492.64
17820,7110,2,85,5,146.45,732.25
17821,7111,1,71,6,127.27,763.62
17822,7111,2,88,7,150.56,1053.92
17823,7112,1,74,8,131.38,1051.04
17824,7112,2,91,1,154.67,154.67
17825,7113,1,77,2,135.49,270.98
17826,7113,2,94,3,158.78,476.34
17827,7114,1,80,4,139.60,558.40
17828,7114,2,97,5,162.89,814.45
17829,7115,1,83,6,143.71,862.26
17830,7115,2,100,7,167.00,1169.00
17831,7116,1,86,8,147.82,1182.56
17832,7116,2,103,1,171.11,171.11
17833,7117,1,89,2,151.93,303.86
17834,7117,2,106,3,175.22,525.66
17835,7118,1,92,4,156.04,624.16
17836,7118,2,109,5,179.33,896.65
17837,7119,1,95,6,160.15,960.90
17838,7119,2,112,7,183.44,1284.08
17839,7120,1,98,8,164.26,1314.08
17840,7120,2,3,1,34.11,34.11
17841,7121,1,101,2,168.37,336.74
17842,7121,2,6,3,38.22,114.66
17843,7122,1,104,4,172.48,689.92
17844,7122,2,9,5,42.33,211.65
17845,7123,1,107,6,176.59,1059.54
17846,7123,2,12,7,46.44,325.08
17847,7124,1,110,8,180.70,1445.60
17848,7124,2,15,1,50.55,50.55
17849,7125,1,1,2,31.37,62.74
17850,7125,2,18,3,54.66,163.98
17851,7126,1,4,4,35.48,141.92
17852,7126,2,21,5,58.77,293.85
17853,7127,1,7,6,39.59,237.54
17854,7127,2,24,7,62.88,440.16
17855,7128,1,10,8,43.70,349.60
17856,7128,2,27,1,66.99,66.99
17857,7129,1,13,2,47.81,95.62
17858,7129,2,30,3,71.10,213.30
17859,7130,1,16,4,51.92,207.68
17860,7130,2,33,5,75.21,376.05
17861,7131,1,19,6,56.03,336.18
17862,7131,2,36,7,79.32,555.24
17863,7132,1,22,8,60.14,481.12
17864,7132,2,39,1,83.43,83.43
17865,7133,1,25,2,64.25,128.50
17866,7133,2,42,3,87.54,262.62
17867,7134,1,28,4,68.36,273.44
17868,7134,2,45,5,91.65,458.25
17869,7135,1,31,6,72.47,434.82
17870,7135,2,48,7,95.76,670.32
17871,7136,1,34,8,76.58,612.64
17872,7136,2,51,1,99.87,99.87
17873,7137,1,37,2,80.69,161.38
17874,7137,2,54,3,103.98,311.94
17875,7138,1,40,4,84.80,339.20
17876,7138,2,57,5,108.09,540.45
17877,7139,1,43,6,88.91,533.46
17878,7139,2,60,7,112.20,785.40
17879,7140,1,46,8,93.02,744.16
17880,7140,2,63,1,116.31,116.31
17881,7141,1,49,2,97.13,194.26
17882,7141,2,66,3,120.42,361.26
17883,7142,1,52,4,101.24,404.96
17884,7142,2,69,5,124.53,622.65
17885,7143,1,55,6,105.35,632.10
17886,7143,2,72,7,128.64,900.48
17887,7144,1,58,8,109.46,875.68
17888,7144,2,75,1,132.75,132.75
17889,7145,1,61,2,113.57,227.14
17890,7145,2,78,3,136.86,410.58
17891,7146,1,64,4,117.68,470.72
17892,7146,2,81,5,140.97,704.85
17893,7147,1,67,6,121.79,730.74
17894,7147,2,84,7,145.08,1015.56
17895,7148,1,70,8,125.90,1007.20
17896,7148,2,87,1,149.19,149.19
17897,7149,1,73,2,130.01,260.02
17898,7149,2,90,3,153.30,459.90
17899,7150,1,76,4,134.12,536.48
17900,7150,2,93,5,157.41,787.05
17901,7151,1,79,6,138.23,829.38
17902,7151,2,96,7,161.52,1130.64
17903,7152,1,82,8,142.34,1138.72
17904,7152,2,99,1,165.63,165.63
17905,7153,1,85,2,146.45,292.90
17906,7153,2,102,3,169.74,509.22
17907,7154,1,88,4,150.56,602.24
17908,7154,2,105,5,173.85,869.25
17909,7155,1,91,6,154.67,928.02
17910,7155,2,108,7,177.96,1245.72
17911,7156,1,94,8,158.78,1270.24
17912,7156,2,111,1,182.07,182.07
17913,7157,1,97,2,162.89,325.78
17914,7157,2,2,3,32.74,98.22
17915,7158,1,100,4,167.00,668.00
17916,7158,2,5,5,36.85,184.25
17917,7159,1,103,6,171.11,1026.66
17918,7159,2,8,7,40.96,286.72
17919,7160,1,106,8,175.22,1401.76
17920,7160,2,11,1,45.07,45.07
17921,7161,1,109,2,179.33,358.66
17922,7161,2,14,3,49.18,147.54
17923,7162,1,112,4,183.44,733.76
17924,7162,2,17,5,53.29,266.45
17925,7163,1,3,6,34.11,204.66
17926,7163,2,20,7,57.40,401.80
17927,7164,1,6,8,38.22,305.76
17928,7164,2,23,1,61.51,61.51
17929,7165,1,9,2,42.33,84.66
17930,7165,2,26,3,65.62,196.86
17931,7166,1,12,4,46.44,185.76
17932,7166,2,29,5,69.73,348.65
17933,7167,1,15,6,50.55,303.30
17934,7167,2,32,7,73.84,516.88
17935,7168,1,18,8,54.66,437.28
17936,7168,2,35,1,77.95,77.95
17937,7169,1,21,2,58.77,117.54
17938,7169,2,38,3,82.06,246.18
17939,7170,1,24,4,62.88,251.52
17940,7170,2,41,5,86.17,430.85
17941,7171,1,27,6,66.99,401.94
17942,7171,2,44,7,90.28,631.96
17943,7172,1,30,8,71.10,568.80
17944,7172,2,47,1,94.39,94.39
17945,7173,1,33,2,75.21,150.42
17946,7173,2,50,3,98.50,295.50
17947,7174,1,36,4,79.32,317.28
17948,7174,2,53,5,102.61,513.05
17949,7175,1,39,6,83.43,500.58
17950,7175,2,56,7,106.72,747.04
17951,7176,1,42,8,87.54,700.32
17952,7176,2,59,1,110.83,110.83
17953,7177,1,45,2,91.65,183.30
17954,7177,2,62,3,114.94,344.82
17955,7178,1,48,4,95.76,383.04
17956,7178,2,65,5,119.05,595.25
17957,7179,1,51,6,99.87,599.22
17958,7179,2,68,7,123.16,862.12
17959,7180,1,54,8,103.98,831.84
17960,7180,2,71,1,127.27,127.27
17961,7181,1,57,2,108.09,216.18
17962,7181,2,74,3,131.38,394.14
17963,7182,1,60,4,112.20,448.80
17964,7182,2,77,5,135.49,677.45
17965,7183,1,63,6,116.31,697.86
17966,7183,2,80,7,139.60,977.20
17967,7184,1,66,8,120.42,963.36
17968,7184,2,83,1,143.71,143.71
17969,7185,1,69,2,124.53,249.06
17970,7185,2,86,3,147.82,443.46
17971,7186,1,72,4,128.64,514.56
17972,7186,2,89,5,151.93,759.65
17973,7187,1,75,6,132.75,796.50
17974,7187,2,92,7,156.04,1092.28
17975,7188,1,78,8,136.86,1094.88
17976,7188,2,95,1,160.15,160.15
17977,7189,1,81,2,140.97,281.94
17978,7189,2,98,3,164.26,492.78
17979,7190,1,84,4,145.08,580.32
17980,7190,2,101,5,168.37,841.85
17981,7191,1,87,6,149.19,895.14
17982,7191,2,104,7,172.48,1207.36
17983,7192,1,90,8,153.30,1226.40
17984,7192,2,107,1,176.59,176.59
17985,7193,1,93,2,157.41,314.82
17986,7193,2,110,3,180.70,542.10
17987,7194,1,96,4,161.52,646.08
17988,7194,2,1,5,31.37,156.85
17989,7195,1,99,6,165.63,993.78
17990,7195,2,4,7,35.48,248.36
17991,7196,1,102,8,169.74,1357.92
17992,7196,2,7,1,39.59,39.59
17993,7197,1,105,2,173.85,347.70
17994,7197,2,10,3,43.70,131.10
17995,7198,1,108,4,177.96,711.84
17996,7198,2,13,5,47.81,239.05
17997,7199,1,111,6,182.07,1092.42
17998,7199,2,16,7,51.92,363.44
17999,7200,1,2,8,32.74,261.92
18000,7200,2,19,1,56.03,56.03
18001,7201,1,5,2,36.85,73.70
18002,7201,2,22,3,60.14,180.42
18003,7202,1,8,4,40.96,163.84
18004,7202,2,25,5,64.25,321.25
18005,7203,1,11,6,45.07,270.42
18006,7203,2,28,7,68.36,478.52
18007,7204,1,14,8,49.18,393.44
18008,7204,2,31,1,72.47,72.47
18009,7205,1,17,2,53.29,106.58
18010,7205,2,34,3,76.58,229.74
18011,7206,1,20,4,57.40,229.60
18012,7206,2,37,5,80.69,403.45
18013,7207,1,23,6,61.51,369.06
18014,7207,2,40,7,84.80,593.60
18015,7208,1,26,8,65.62,524.96
18016,7208,2,43,1,88.91,88.91
18017,7209,1,29,2,69.73,139.46
18018,7209,2,46,3,93.02,279.06
18019,7210,1,32,4,73.84,295.36
18020,7210,2,49,5,97.13,485.65
18021,7211,1,35,6,77.95,467.70
18022,7211,2,52,7,101.24,708.68
18023,7212,1,38,8,82.06,656.48
18024,7212,2,55,1,105.35,105.35
18025,7213,1,41,2,86.17,172.34
18026,7213,2,58,3,109.46,328.38
18027,7214,1,44,4,90.28,361.12
18028,7214,2,61,5,113.57,567.85
18029,7215,1,47,6,94.39,566.34
18030,7215,2,64,7,117.68,823.76
18031,7216,1,50,8,98.50,788.00
18032,7216,2,67,1,121.79,121.79
18033,7217,1,53,2,102.61,205.22
18034,7217,2,70,3,125.90,377.70
18035,7218,1,56,4,106.72,426.88
18036,7218,2,73,5,130.01,650.05
18037,7219,1,59,6,110.83,664.98
18038,7219,2,76,7,134.12,938.84
18039,7220,1,62,8,114.94,919.52
18040,7220,2,79,1,138.23,138.23
18041,7221,1,65,2,119.05,238.10
18042,7221,2,82,3,142.34,427.02
18043,7222,1,68,4,123.16,492.64
18044,7222,2,85,5,146.45,732.25
18045,7223,1,71,6,127.27,763.62
18046,7223,2,88,7,150.56,1053.92
18047,7224,1,74,8,131.38,1051.04
18048,7224,2,91,1,154.67,154.67
18049,7225,1,77,2,135.49,270.98
18050,7225,2,94,3,158.78,476.34
18051,7226,1,80,4,139.60,558.40
18052,7226,2,97,5,162.89,814.45
18053,7227,1,83,6,143.71,862.26
18054,7227,2,100,7,167.00,1169.00
18055,7228,1,86,8,147.82,1182.56
18056,7228,2,103,1,171.11,171.11
18057,7229,1,89,2,151.93,303.86
18058,7229,2,106,3,175.22,525.66
18059,7230,1,92,4,156.04,624.16
18060,7230,2,109,5,179.33,896.65
18061,7231,1,95,6,160.15,960.90
18062,7231,2,112,7,183.44,1284.08
18063,7232,1,98,8,164.26,1314.08
18064,7232,2,3,1,34.11,34.11
18065,7233,1,101,2,168.37,336.74
18066,7233,2,6,3,38.22,114.66
18067,7234,1,104,4,172.48,689.92
18068,7234,2,9,5,42.33,211.65
18069,7235,1,107,6,176.59,1059.54
18070,7235,2,12,7,46.44,325.08
18071,7236,1,110,8,180.70,1445.60
18072,7236,2,15,1,50.55,50.55
18073,7237,1,1,2,31.37,62.74
18074,7237,2,18,3,54.66,163.98
18075,7238,1,4,4,35.48,141.92
18076,7238,2,21,5,58.77,293.85
18077,7239,1,7,6,39.59,237.54
18078,7239,2,24,7,62.88,440.16
18079,7240,1,10,8,43.70,349.60
18080,7240,2,27,1,66.99,66.99
18081,7241,1,13,2,47.81,95.62
18082,7241,2,30,3,71.10,213.30
18083,7242,1,16,4,51.92,207.68
18084,7242,2,33,5,75.21,376.05
18085,7243,1,19,6,56.03,336.18
18086,7243,2,36,7,79.32,555.24
18087,7244,1,22,8,60.14,481.12
18088,7244,2,39,1,83.43,83.43
18089,7245,1,25,2,64.25,128.50
18090,7245,2,42,3,87.54,262.62
18091,7246,1,28,4,68.36,273.44
18092,7246,2,45,5,91.65,458.25
18093,7247,1,31,6,72.47,434.82
18094,7247,2,48,7,95.76,670.32
18095,7248,1,34,8,76.58,612.64
18096,7248,2,51,1,99.87,99.87
18097,7249,1,37,2,80.69,161.38
18098,7249,2,54,3,103.98,311.94
18099,7250,1,40,4,84.80,339.20
18100,7250,2,57,5,108.09,540.45
18101,7251,1,43,6,88.91,533.46
18102,7251,2,60,7,112.20,785.40
18103,7252,1,46,8,93.02,744.16
18104,7252,2,63,1,116.31,116.31
18105,7253,1,49,2,97.13,194.26
18106,7253,2,66,3,120.42,361.26
18107,7254,1,52,4,101.24,404.96
18108,7254,2,69,5,124.53,622.65
18109,7255,1,55,6,105.35,632.10
18110,7255,2,72,7,128.64,900.48
18111,7256,1,58,8,109.46,875.68
18112,7256,2,75,1,132.75,132.75
18113,7257,1,61,2,113.57,227.14
18114,7257,2,78,3,136.86,410.58
18115,7258,1,64,4,117.68,470.72
18116,7258,2,81,5,140.97,704.85
18117,7259,1,67,6,121.79,730.74
18118,7259,2,84,7,145.08,1015.56
18119,7260,1,70,8,125.90,1007.20
18120,7260,2,87,1,149.19,149.19
18121,7261,1,73,2,130.01,260.02
18122,7261,2,90,3,153.30,459.90
18123,7262,1,76,4,134.12,536.48
18124,7262,2,93,5,157.41,787.05
18125,7263,1,79,6,138.23,829.38
18126,7263,2,96,7,161.52,1130.64
18127,7264,1,82,8,142.34,1138.72
18128,7264,2,99,1,165.63,165.63
18129,7265,1,85,2,146.45,292.90
18130,7265,2,102,3,169.74,509.22
18131,7266,1,88,4,150.56,602.24
18132,7266,2,105,5,173.85,869.25
18133,7267,1,91,6,154.67,928.02
18134,7267,2,108,7,177.96,1245.72
18135,7268,1,94,8,158.78,1270.24
18136,7268,2,111,1,182.07,182.07
18137,7269,1,97,2,162.89,325.78
18138,7269,2,2,3,32.74,98.22
18139,7270,1,100,4,167.00,668.00
18140,7270,2,5,5,36.85,184.25
18141,7271,1,103,6,171.11,1026.66
18142,7271,2,8,7,40.96,286.72
18143,7272,1,106,8,175.22,1401.76
18144,7272,2,11,1,45.07,45.07
18145,7273,1,109,2,179.33,358.66
18146,7273,2,14,3,49.18,147.54
18147,7274,1,112,4,183.44,733.76
18148,7274,2,17,5,53.29,266.45
18149,7275,1,3,6,34.11,204.66
18150,7275,2,20,7,57.40,401.80
18151,7276,1,6,8,38.22,305.76
18152,7276,2,23,1,61.51,61.51
18153,7277,1,9,2,42.33,84.66
18154,7277,2,26,3,65.62,196.86
18155,7278,1,12,4,46.44,185.76
18156,7278,2,29,5,69.73,348.65
18157,7279,1,15,6,50.55,303.30
18158,7279,2,32,7,73.84,516.88
18159,7280,1,18,8,54.66,437.28
18160,7280,2,35,1,77.95,77.95
18161,7281,1,21,2,58.77,117.54
18162,7281,2,38,3,82.06,246.18
18163,7282,1,24,4,62.88,251.52
18164,7282,2,41,5,86.17,430.85
18165,7283,1,27,6,66.99,401.94
18166,7283,2,44,7,90.28,631.96
18167,7284,1,30,8,71.10,568.80
18168,7284,2,47,1,94.39,94.39
18169,7285,1,33,2,75.21,150.42
18170,7285,2,50,3,98.50,295.50
18171,7286,1,36,4,79.32,317.28
18172,7286,2,53,5,102.61,513.05
18173,7287,1,39,6,83.43,500.58
18174,7287,2,56,7,106.72,747.04
18175,7288,1,42,8,87.54,700.32
18176,7288,2,59,1,110.83,110.83
18177,7289,1,45,2,91.65,183.30
18178,7289,2,62,3,114.94,344.82
18179,7290,1,48,4,95.76,383.04
18180,7290,2,65,5,119.05,595.25
18181,7291,1,51,6,99.87,599.22
18182,7291,2,68,7,123.16,862.12
18183,7292,1,54,8,103.98,831.84
18184,7292,2,71,1,127.27,127.27
18185,7293,1,57,2,108.09,216.18
18186,7293,2,74,3,131.38,394.14
18187,7294,1,60,4,112.20,448.80
18188,7294,2,77,5,135.49,677.45
18189,7295,1,63,6,116.31,697.86
18190,7295,2,80,7,139.60,977.20
18191,7296,1,66,8,120.42,963.36
18192,7296,2,83,1,143.71,143.71
18193,7297,1,69,2,124.53,249.06
18194,7297,2,86,3,147.82,443.46
18195,7298,1,72,4,128.64,514.56
18196,7298,2,89,5,151.93,759.65
18197,7299,1,75,6,132.75,796.50
18198,7299,2,92,7,156.04,1092.28
18199,7300,1,78,8,136.86,1094.88
18200,7300,2,95,1,160.15,160.15
18201,7301,1,81,2,140.97,281.94
18202,7301,2,98,3,164.26,492.78
18203,7302,1,84,4,145.08,580.32
18204,7302,2,101,5,168.37,841.85
18205,7303,1,87,6,149.19,895.14
18206,7303,2,104,7,172.48,1207.36
18207,7304,1,90,8,153.30,1226.40
18208,7304,2,107,1,176.59,176.59
18209,7305,1,93,2,157.41,314.82
18210,7305,2,110,3,180.70,542.10
18211,7306,1,96,4,161.52,646.08
18212,7306,2,1,5,31.37,156.85
18213,7307,1,99,6,165.63,993.78
18214,7307,2,4,7,35.48,248.36
18215,7308,1,102,8,169.74,1357.92
18216,7308,2,7,1,39.59,39.59
18217,7309,1,105,2,173.85,347.70
18218,7309,2,10,3,43.70,131.10
18219,7310,1,108,4,177.96,711.84
18220,7310,2,13,5,47.81,239.05
18221,7311,1,111,6,182.07,1092.42
18222,7311,2,16,7,51.92,363.44
18223,7312,1,2,8,32.74,261.92
18224,7312,2,19,1,56.03,56.03
18225,7313,1,5,2,36.85,73.70
18226,7313,2,22,3,60.14,180.42
18227,7314,1,8,4,40.96,163.84
18228,7314,2,25,5,64.25,321.25
18229,7315,1,11,6,45.07,270.42
18230,7315,2,28,7,68.36,478.52
18231,7316,1,14,8,49.18,393.44
18232,7316,2,31,1,72.47,72.47
18233,7317,1,17,2,53.29,106.58
18234,7317,2,34,3,76.58,229.74
18235,7318,1,20,4,57.40,229.60
18236,7318,2,37,5,80.69,403.45
18237,7319,1,23,6,61.51,369.06
18238,7319,2,40,7,84.80,593.60
18239,7320,1,26,8,65.62,524.96
18240,7320,2,43,1,88.91,88.91
18241,7321,1,29,2,69.73,139.46
18242,7321,2,46,3,93.02,279.06
18243,7322,1,32,4,73.84,295.36
18244,7322,2,49,5,97.13,485.65
18245,7323,1,35,6,77.95,467.70
18246,7323,2,52,7,101.24,708.68
18247,7324,1,38,8,82.06,656.48
18248,7324,2,55,1,105.35,105.35
18249,7325,1,41,2,86.17,172.34
18250,7325,2,58,3,109.46,328.38
18251,7326,1,44,4,90.28,361.12
18252,7326,2,61,5,113.57,567.85
18253,7327,1,47,6,94.39,566.34
18254,7327,2,64,7,117.68,823.76
18255,7328,1,50,8,98.50,788.00
18256,7328,2,67,1,121.79,121.79
18257,7329,1,53,2,102.61,205.22
18258,7329,2,70,3,125.90,377.70
18259,7330,1,56,4,106.72,426.88
18260,7330,2,73,5,130.01,650.05
18261,7331,1,59,6,110.83,664.98
18262,7331,2,76,7,134.12,938.84
18263,7332,1,62,8,114.94,919.52
18264,7332,2,79,1,138.23,138.23
18265,7333,1,65,2,119.05,238.10
18266,7333,2,82,3,142.34,427.02
18267,7334,1,68,4,123.16,492.64
18268,7334,2,85,5,146.45,732.25
18269,7335,1,71,6,127.27,763.62
18270,7335,2,88,7,150.56,1053.92
18271,7336,1,74,8,131.38,1051.04
18272,7336,2,91,1,154.67,154.67
18273,7337,1,77,2,135.49,270.98
18274,7337,2,94,3,158.78,476.34
18275,7338,1,80,4,139.60,558.40
18276,7338,2,97,5,162.89,814.45
18277,7339,1,83,6,143.71,862.26
18278,7339,2,100,7,167.00,1169.00
18279,7340,1,86,8,147.82,1182.56
18280,7340,2,103,1,171.11,171.11
18281,7341,1,89,2,151.93,303.86
18282,7341,2,106,3,175.22,525.66
18283,7342,1,92,4,156.04,624.16
18284,7342,2,109,5,179.33,896.65
18285,7343,1,95,6,160.15,960.90
18286,7343,2,112,7,183.44,1284.08
18287,7344,1,98,8,164.26,1314.08
18288,7344,2,3,1,34.11,34.11
18289,7345,1,101,2,168.37,336.74
18290,7345,2,6,3,38.22,114.66
18291,7346,1,104,4,172.48,689.92
18292,7346,2,9,5,42.33,211.65
18293,7347,1,107,6,176.59,1059.54
18294,7347,2,12,7,46.44,325.08
18295,7348,1,110,8,180.70,1445.60
18296,7348,2,15,1,50.55,50.55
18297,7349,1,1,2,31.37,62.74
18298,7349,2,18,3,54.66,163.98
18299,7350,1,4,4,35.48,141.92
18300,7350,2,21,5,58.77,293.85
18301,7351,1,7,6,39.59,237.54
18302,7351,2,24,7,62.88,440.16
18303,7352,1,10,8,43.70,349.60
18304,7352,2,27,1,66.99,66.99
18305,7353,1,13,2,47.81,95.62
18306,7353,2,30,3,71.10,213.30
18307,7354,1,16,4,51.92,207.68
18308,7354,2,33,5,75.21,376.05
18309,7355,1,19,6,56.03,336.18
18310,7355,2,36,7,79.32,555.24
18311,7356,1,22,8,60.14,481.12
18312,7356,2,39,1,83.43,83.43
18313,7357,1,25,2,64.25,128.50
18314,7357,2,42,3,87.54,262.62
18315,7358,1,28,4,68.36,273.44
18316,7358,2,45,5,91.65,458.25
18317,7359,1,31,6,72.47,434.82
18318,7359,2,48,7,95.76,670.32
18319,7360,1,34,8,76.58,612.64
18320,7360,2,51,1,99.87,99.87
18321,7361,1,37,2,80.69,161.38
18322,7361,2,54,3,103.98,311.94
18323,7362,1,40,4,84.80,339.20
18324,7362,2,57,5,108.09,540.45
18325,7363,1,43,6,88.91,533.46
18326,7363,2,60,7,112.20,785.40
18327,7364,1,46,8,93.02,744.16
18328,7364,2,63,1,116.31,116.31
18329,7365,1,49,2,97.13,194.26
18330,7365,2,66,3,120.42,361.26
18331,7366,1,52,4,101.24,404.96
18332,7366,2,69,5,124.53,622.65
18333,7367,1,55,6,105.35,632.10
18334,7367,2,72,7,128.64,900.48
18335,7368,1,58,8,109.46,875.68
18336,7368,2,75,1,132.75,132.75
18337,7369,1,61,2,113.57,227.14
18338,7369,2,78,3,136.86,410.58
18339,7370,1,64,4,117.68,470.72
18340,7370,2,81,5,140.97,704.85
18341,7371,1,67,6,121.79,730.74
18342,7371,2,84,7,145.08,1015.56
18343,7372,1,70,8,125.90,1007.20
18344,7372,2,87,1,149.19,149.19
18345,7373,1,73,2,130.01,260.02
18346,7373,2,90,3,153.30,459.90
18347,7374,1,76,4,134.12,536.48
18348,7374,2,93,5,157.41,787.05
18349,7375,1,79,6,138.23,829.38
18350,7375,2,96,7,161.52,1130.64
18351,7376,1,82,8,142.34,1138.72
18352,7376,2,99,1,165.63,165.63
18353,7377,1,85,2,146.45,292.90
18354,7377,2,102,3,169.74,509.22
18355,7378,1,88,4,150.56,602.24
18356,7378,2,105,5,173.85,869.25
18357,7379,1,91,6,154.67,928.02
18358,7379,2,108,7,177.96,1245.72
18359,7380,1,94,8,158.78,1270.24
18360,7380,2,111,1,182.07,182.07
18361,7381,1,97,2,162.89,325.78
18362,7381,2,2,3,32.74,98.22
18363,7382,1,100,4,167.00,668.00
18364,7382,2,5,5,36.85,184.25
18365,7383,1,103,6,171.11,1026.66
18366,7383,2,8,7,40.96,286.72
18367,7384,1,106,8,175.22,1401.76
18368,7384,2,11,1,45.07,45.07
18369,7385,1,109,2,179.33,358.66
18370,7385,2,14,3,49.18,147.54
18371,7386,1,112,4,183.44,733.76
18372,7386,2,17,5,53.29,266.45
18373,7387,1,3,6,34.11,204.66
18374,7387,2,20,7,57.40,401.80
18375,7388,1,6,8,38.22,305.76
18376,7388,2,23,1,61.51,61.51
18377,7389,1,9,2,42.33,84.66
18378,7389,2,26,3,65.62,196.86
18379,7390,1,12,4,46.44,185.76
18380,7390,2,29,5,69.73,348.65
18381,7391,1,15,6,50.55,303.30
18382,7391,2,32,7,73.84,516.88
18383,7392,1,18,8,54.66,437.28
18384,7392,2,35,1,77.95,77.95
18385,7393,1,21,2,58.77,117.54
18386,7393,2,38,3,82.06,246.18
18387,7394,1,24,4,62.88,251.52
18388,7394,2,41,5,86.17,430.85
18389,7395,1,27,6,66.99,401.94
18390,7395,2,44,7,90.28,631.96
18391,7396,1,30,8,71.10,568.80
18392,7396,2,47,1,94.39,94.39
18393,7397,1,33,2,75.21,150.42
18394,7397,2,50,3,98.50,295.50
18395,7398,1,36,4,79.32,317.28
18396,7398,2,53,5,102.61,513.05
18397,7399,1,39,6,83.43,500.58
18398,7399,2,56,7,106.72,747.04
18399,7400,1,42,8,87.54,700.32
18400,7400,2,59,1,110.83,110.83
18401,7401,1,45,2,91.65,183.30
18402,7401,2,62,3,114.94,344.82
18403,7402,1,48,4,95.76,383.04
18404,7402,2,65,5,119.05,595.25
18405,7403,1,51,6,99.87,599.22
18406,7403,2,68,7,123.16,862.12
18407,7404,1,54,8,103.98,831.84
18408,7404,2,71,1,127.27,127.27
18409,7405,1,57,2,108.09,216.18
18410,7405,2,74,3,131.38,394.14
18411,7406,1,60,4,112.20,448.80
18412,7406,2,77,5,135.49,677.45
18413,7407,1,63,6,116.31,697.86
18414,7407,2,80,7,139.60,977.20
18415,7408,1,66,8,120.42,963.36
18416,7408,2,83,1,143.71,143.71
18417,7409,1,69,2,124.53,249.06
18418,7409,2,86,3,147.82,443.46
18419,7410,1,72,4,128.64,514.56
18420,7410,2,89,5,151.93,759.65
18421,7411,1,75,6,132.75,796.50
18422,7411,2,92,7,156.04,1092.28
18423,7412,1,78,8,136.86,1094.88
18424,7412,2,95,1,160.15,160.15
18425,7413,1,81,2,140.97,281.94
18426,7413,2,98,3,164.26,492.78
18427,7414,1,84,4,145.08,580.32
18428,7414,2,101,5,168.37,841.85
18429,7415,1,87,6,149.19,895.14
18430,7415,2,104,7,172.48,1207.36
18431,7416,1,90,8,153.30,1226.40
18432,7416,2,107,1,176.59,176.59
18433,7417,1,93,2,157.41,314.82
18434,7417,2,110,3,180.70,542.10
18435,7418,1,96,4,161.52,646.08
18436,7418,2,1,5,31.37,156.85
18437,7419,1,99,6,165.63,993.78
18438,7419,2,4,7,35.48,248.36
18439,7420,1,102,8,169.74,1357.92
18440,7420,2,7,1,39.59,39.59
18441,7421,1,105,2,173.85,347.70
18442,7421,2,10,3,43.70,131.10
18443,7422,1,108,4,177.96,711.84
18444,7422,2,13,5,47.81,239.05
18445,7423,1,111,6,182.07,1092.42
18446,7423,2,16,7,51.92,363.44
18447,7424,1,2,8,32.74,261.92
18448,7424,2,19,1,56.03,56.03
18449,7425,1,5,2,36.85,73.70
18450,7425,2,22,3,60.14,180.42
18451,7426,1,8,4,40.96,163.84
18452,7426,2,25,5,64.25,321.25
18453,7427,1,11,6,45.07,270.42
18454,7427,2,28,7,68.36,478.52
18455,7428,1,14,8,49.18,393.44
18456,7428,2,31,1,72.47,72.47
18457,7429,1,17,2,53.29,106.58
18458,7429,2,34,3,76.58,229.74
18459,7430,1,20,4,57.40,229.60
18460,7430,2,37,5,80.69,403.45
18461,7431,1,23,6,61.51,369.06
18462,7431,2,40,7,84.80,593.60
18463,7432,1,26,8,65.62,524.96
18464,7432,2,43,1,88.91,88.91
18465,7433,1,29,2,69.73,139.46
18466,7433,2,46,3,93.02,279.06
18467,7434,1,32,4,73.84,295.36
18468,7434,2,49,5,97.13,485.65
18469,7435,1,35,6,77.95,467.70
18470,7435,2,52,7,101.24,708.68
18471,7436,1,38,8,82.06,656.48
18472,7436,2,55,1,105.35,105.35
18473,7437,1,41,2,86.17,172.34
18474,7437,2,58,3,109.46,328.38
18475,7438,1,44,4,90.28,361.12
18476,7438,2,61,5,113.57,567.85
18477,7439,1,47,6,94.39,566.34
18478,7439,2,64,7,117.68,823.76
18479,7440,1,50,8,98.50,788.00
18480,7440,2,67,1,121.79,121.79
18481,7441,1,53,2,102.61,205.22
18482,7441,2,70,3,125.90,377.70
18483,7442,1,56,4,106.72,426.88
18484,7442,2,73,5,130.01,650.05
18485,7443,1,59,6,110.83,664.98
18486,7443,2,76,7,134.12,938.84
18487,7444,1,62,8,114.94,919.52
18488,7444,2,79,1,138.23,138.23
18489,7445,1,65,2,119.05,238.10
18490,7445,2,82,3,142.34,427.02
18491,7446,1,68,4,123.16,492.64
18492,7446,2,85,5,146.45,732.25
18493,7447,1,71,6,127.27,763.62
18494,7447,2,88,7,150.56,1053.92
18495,7448,1,74,8,131.38,1051.04
18496,7448,2,91,1,154.67,154.67
18497,7449,1,77,2,135.49,270.98
18498,7449,2,94,3,158.78,476.34
18499,7450,1,80,4,139.60,558.40
18500,7450,2,97,5,162.89,814.45
18501,7451,1,83,6,143.71,862.26
18502,7451,2,100,7,167.00,1169.00
18503,7452,1,86,8,147.82,1182.56
18504,7452,2,103,1,171.11,171.11
18505,7453,1,89,2,151.93,303.86
18506,7453,2,106,3,175.22,525.66
18507,7454,1,92,4,156.04,624.16
18508,7454,2,109,5,179.33,896.65
18509,7455,1,95,6,160.15,960.90
18510,7455,2,112,7,183.44,1284.08
18511,7456,1,98,8,164.26,1314.08
18512,7456,2,3,1,34.11,34.11
18513,7457,1,101,2,168.37,336.74
18514,7457,2,6,3,38.22,114.66
18515,7458,1,104,4,172.48,689.92
18516,7458,2,9,5,42.33,211.65
18517,7459,1,107,6,176.59,1059.54
18518,7459,2,12,7,46.44,325.08
18519,7460,1,110,8,180.70,1445.60
18520,7460,2,15,1,50.55,50.55
18521,7461,1,1,2,31.37,62.74
18522,7461,2,18,3,54.66,163.98
18523,7462,1,4,4,35.48,141.92
18524,7462,2,21,5,58.77,293.85
18525,7463,1,7,6,39.59,237.54
18526,7463,2,24,7,62.88,440.16
18527,7464,1,10,8,43.70,349.60
18528,7464,2,27,1,66.99,66.99
18529,7465,1,13,2,47.81,95.62
18530,7465,2,30,3,71.10,213.30
18531,7466,1,16,4,51.92,207.68
18532,7466,2,33,5,75.21,376.05
18533,7467,1,19,6,56.03,336.18
18534,7467,2,36,7,79.32,555.24
18535,7468,1,22,8,60.14,481.12
18536,7468,2,39,1,83.43,83.43
18537,7469,1,25,2,64.25,128.50
18538,7469,2,42,3,87.54,262.62
18539,7470,1,28,4,68.36,273.44
18540,7470,2,45,5,91.65,458.25
18541,7471,1,31,6,72.47,434.82
18542,7471,2,48,7,95.76,670.32
18543,7472,1,34,8,76.58,612.64
18544,7472,2,51,1,99.87,99.87
18545,7473,1,37,2,80.69,161.38
18546,7473,2,54,3,103.98,311.94
18547,7474,1,40,4,84.80,339.20
18548,7474,2,57,5,108.09,540.45
18549,7475,1,43,6,88.91,533.46
18550,7475,2,60,7,112.20,785.40
18551,7476,1,46,8,93.02,744.16
18552,7476,2,63,1,116.31,116.31
18553,7477,1,49,2,97.13,194.26
18554,7477,2,66,3,120.42,361.26
18555,7478,1,52,4,101.24,404.96
18556,7478,2,69,5,124.53,622.65
18557,7479,1,55,6,105.35,632.10
18558,7479,2,72,7,128.64,900.48
18559,7480,1,58,8,109.46,875.68
18560,7480,2,75,1,132.75,132.75
18561,7481,1,61,2,113.57,227.14
18562,7481,2,78,3,136.86,410.58
18563,7482,1,64,4,117.68,470.72
18564,7482,2,81,5,140.97,704.85
18565,7483,1,67,6,121.79,730.74
18566,7483,2,84,7,145.08,1015.56
18567,7484,1,70,8,125.90,1007.20
18568,7484,2,87,1,149.19,149.19
18569,7485,1,73,2,130.01,260.02
18570,7485,2,90,3,153.30,459.90
18571,7486,1,76,4,134.12,536.48
18572,7486,2,93,5,157.41,787.05
18573,7487,1,79,6,138.23,829.38
18574,7487,2,96,7,161.52,1130.64
18575,7488,1,82,8,142.34,1138.72
18576,7488,2,99,1,165.63,165.63
18577,7489,1,85,2,146.45,292.90
18578,7489,2,102,3,169.74,509.22
18579,7490,1,88,4,150.56,602.24
18580,7490,2,105,5,173.85,869.25
18581,7491,1,91,6,154.67,928.02
18582,7491,2,108,7,177.96,1245.72
18583,7492,1,94,8,158.78,1270.24
18584,7492,2,111,1,182.07,182.07
18585,7493,1,97,2,162.89,325.78
18586,7493,2,2,3,32.74,98.22
18587,7494,1,100,4,167.00,668.00
18588,7494,2,5,5,36.85,184.25
18589,7495,1,103,6,171.11,1026.66
18590,7495,2,8,7,40.96,286.72
18591,7496,1,106,8,175.22,1401.76
18592,7496,2,11,1,45.07,45.07
18593,7497,1,109,2,179.33,358.66
18594,7497,2,14,3,49.18,147.54
18595,7498,1,112,4,183.44,733.76
18596,7498,2,17,5,53.29,266.45
18597,7499,1,3,6,34.11,204.66
18598,7499,2,20,7,57.40,401.80
18599,7500,1,6,8,38.22,305.76
18600,7500,2,23,1,61.51,61.51
18601,7501,1,9,2,42.33,84.66
18602,7501,2,26,3,65.62,196.86
18603,7502,1,12,4,46.44,185.76
18604,7502,2,29,5,69.73,348.65
18605,7503,1,15,6,50.55,303.30
18606,7503,2,32,7,73.84,516.88
18607,7504,1,18,8,54.66,437.28
18608,7504,2,35,1,77.95,77.95
18609,7505,1,21,2,58.77,117.54
18610,7505,2,38,3,82.06,246.18
18611,7506,1,24,4,62.88,251.52
18612,7506,2,41,5,86.17,430.85
18613,7507,1,27,6,66.99,401.94
18614,7507,2,44,7,90.28,631.96
18615,7508,1,30,8,71.10,568.80
18616,7508,2,47,1,94.39,94.39
18617,7509,1,33,2,75.21,150.42
18618,7509,2,50,3,98.50,295.50
18619,7510,1,36,4,79.32,317.28
18620,7510,2,53,5,102.61,513.05
18621,7511,1,39,6,83.43,500.58
18622,7511,2,56,7,106.72,747.04
18623,7512,1,42,8,87.54,700.32
18624,7512,2,59,1,110.83,110.83
18625,7513,1,45,2,91.65,183.30
18626,7513,2,62,3,114.94,344.82
18627,7514,1,48,4,95.76,383.04
18628,7514,2,65,5,119.05,595.25
18629,7515,1,51,6,99.87,599.22
18630,7515,2,68,7,123.16,862.12
18631,7516,1,54,8,103.98,831.84
18632,7516,2,71,1,127.27,127.27
18633,7517,1,57,2,108.09,216.18
18634,7517,2,74,3,131.38,394.14
18635,7518,1,60,4,112.20,448.80
18636,7518,2,77,5,135.49,677.45
18637,7519,1,63,6,116.31,697.86
18638,7519,2,80,7,139.60,977.20
18639,7520,1,66,8,120.42,963.36
18640,7520,2,83,1,143.71,143.71
18641,7521,1,69,2,124.53,249.06
18642,7521,2,86,3,147.82,443.46
18643,7522,1,72,4,128.64,514.56
18644,7522,2,89,5,151.93,759.65
18645,7523,1,75,6,132.75,796.50
18646,7523,2,92,7,156.04,1092.28
18647,7524,1,78,8,136.86,1094.88
18648,7524,2,95,1,160.15,160.15
18649,7525,1,81,2,140.97,281.94
18650,7525,2,98,3,164.26,492.78
18651,7526,1,84,4,145.08,580.32
18652,7526,2,101,5,168.37,841.85
18653,7527,1,87,6,149.19,895.14
18654,7527,2,104,7,172.48,1207.36
18655,7528,1,90,8,153.30,1226.40
18656,7528,2,107,1,176.59,176.59
18657,7529,1,93,2,157.41,314.82
18658,7529,2,110,3,180.70,542.10
18659,7530,1,96,4,161.52,646.08
18660,7530,2,1,5,31.37,156.85
18661,7531,1,99,6,165.63,993.78
18662,7531,2,4,7,35.48,248.36
18663,7532,1,102,8,169.74,1357.92
18664,7532,2,7,1,39.59,39.59
18665,7533,1,105,2,173.85,347.70
18666,7533,2,10,3,43.70,131.10
18667,7534,1,108,4,177.96,711.84
18668,7534,2,13,5,47.81,239.05
18669,7535,1,111,6,182.07,1092.42
18670,7535,2,16,7,51.92,363.44
18671,7536,1,2,8,32.74,261.92
18672,7536,2,19,1,56.03,56.03
18673,7537,1,5,2,36.85,73.70
18674,7537,2,22,3,60.14,180.42
18675,7538,1,8,4,40.96,163.84
18676,7538,2,25,5,64.25,321.25
18677,7539,1,11,6,45.07,270.42
18678,7539,2,28,7,68.36,478.52
18679,7540,1,14,8,49.18,393.44
18680,7540,2,31,1,72.47,72.47
18681,7541,1,17,2,53.29,106.58
18682,7541,2,34,3,76.58,229.74
18683,7542,1,20,4,57.40,229.60
18684,7542,2,37,5,80.69,403.45
18685,7543,1,23,6,61.51,369.06
18686,7543,2,40,7,84.80,593.60
18687,7544,1,26,8,65.62,524.96
18688,7544,2,43,1,88.91,88.91
18689,7545,1,29,2,69.73,139.46
18690,7545,2,46,3,93.02,279.06
18691,7546,1,32,4,73.84,295.36
18692,7546,2,49,5,97.13,485.65
18693,7547,1,35,6,77.95,467.70
18694,7547,2,52,7,101.24,708.68
18695,7548,1,38,8,82.06,656.48
18696,7548,2,55,1,105.35,105.35
18697,7549,1,41,2,86.17,172.34
18698,7549,2,58,3,109.46,328.38
18699,7550,1,44,4,90.28,361.12
18700,7550,2,61,5,113.57,567.85
18701,7551,1,47,6,94.39,566.34
18702,7551,2,64,7,117.68,823.76
18703,7552,1,50,8,98.50,788.00
18704,7552,2,67,1,121.79,121.79
18705,7553,1,53,2,102.61,205.22
18706,7553,2,70,3,125.90,377.70
18707,7554,1,56,4,106.72,426.88
18708,7554,2,73,5,130.01,650.05
18709,7555,1,59,6,110.83,664.98
18710,7555,2,76,7,134.12,938.84
18711,7556,1,62,8,114.94,919.52
18712,7556,2,79,1,138.23,138.23
18713,7557,1,65,2,119.05,238.10
18714,7557,2,82,3,142.34,427.02
18715,7558,1,68,4,123.16,492.64
18716,7558,2,85,5,146.45,732.25
18717,7559,1,71,6,127.27,763.62
18718,7559,2,88,7,150.56,1053.92
18719,7560,1,74,8,131.38,1051.04
18720,7560,2,91,1,154.67,154.67
18721,7561,1,77,2,135.49,270.98
18722,7561,2,94,3,158.78,476.34
18723,7562,1,80,4,139.60,558.40
18724,7562,2,97,5,162.89,814.45
18725,7563,1,83,6,143.71,862.26
18726,7563,2,100,7,167.00,1169.00
18727,7564,1,86,8,147.82,1182.56
18728,7564,2,103,1,171.11,171.11
18729,7565,1,89,2,151.93,303.86
18730,7565,2,106,3,175.22,525.66
18731,7566,1,92,4,156.04,624.16
18732,7566,2,109,5,179.33,896.65
18733,7567,1,95,6,160.15,960.90
18734,7567,2,112,7,183.44,1284.08
18735,7568,1,98,8,164.26,1314.08
18736,7568,2,3,1,34.11,34.11
18737,7569,1,101,2,168.37,336.74
18738,7569,2,6,3,38.22,114.66
18739,7570,1,104,4,172.48,689.92
18740,7570,2,9,5,42.33,211.65
18741,7571,1,107,6,176.59,1059.54
18742,7571,2,12,7,46.44,325.08
18743,7572,1,110,8,180.70,1445.60
18744,7572,2,15,1,50.55,50.55
18745,7573,1,1,2,31.37,62.74
18746,7573,2,18,3,54.66,163.98
18747,7574,1,4,4,35.48,141.92
18748,7574,2,21,5,58.77,293.85
18749,7575,1,7,6,39.59,237.54
18750,7575,2,24,7,62.88,440.16
18751,7576,1,10,8,43.70,349.60
18752,7576,2,27,1,66.99,66.99
18753,7577,1,13,2,47.81,95.62
18754,7577,2,30,3,71.10,213.30
18755,7578,1,16,4,51.92,207.68
18756,7578,2,33,5,75.21,376.05
18757,7579,1,19,6,56.03,336.18
18758,7579,2,36,7,79.32,555.24
18759,7580,1,22,8,60.14,481.12
18760,7580,2,39,1,83.43,83.43
18761,7581,1,25,2,64.25,128.50
18762,7581,2,42,3,87.54,262.62
18763,7582,1,28,4,68.36,273.44
18764,7582,2,45,5,91.65,458.25
18765,7583,1,31,6,72.47,434.82
18766,7583,2,48,7,95.76,670.32
18767,7584,1,34,8,76.58,612.64
18768,7584,2,51,1,99.87,99.87
18769,7585,1,37,2,80.69,161.38
18770,7585,2,54,3,103.98,311.94
18771,7586,1,40,4,84.80,339.20
18772,7586,2,57,5,108.09,540.45
18773,7587,1,43,6,88.91,533.46
18774,7587,2,60,7,112.20,785.40
18775,7588,1,46,8,93.02,744.16
18776,7588,2,63,1,116.31,116.31
18777,7589,1,49,2,97.13,194.26
18778,7589,2,66,3,120.42,361.26
18779,7590,1,52,4,101.24,404.96
18780,7590,2,69,5,124.53,622.65
18781,7591,1,55,6,105.35,632.10
18782,7591,2,72,7,128.64,900.48
18783,7592,1,58,8,109.46,875.68
18784,7592,2,75,1,132.75,132.75
18785,7593,1,61,2,113.57,227.14
18786,7593,2,78,3,136.86,410.58
18787,7594,1,64,4,117.68,470.72
18788,7594,2,81,5,140.97,704.85
18789,7595,1,67,6,121.79,730.74
18790,7595,2,84,7,145.08,1015.56
18791,7596,1,70,8,125.90,1007.20
18792,7596,2,87,1,149.19,149.19
18793,7597,1,73,2,130.01,260.02
18794,7597,2,90,3,153.30,459.90
18795,7598,1,76,4,134.12,536.48
18796,7598,2,93,5,157.41,787.05
18797,7599,1,79,6,138.23,829.38
18798,7599,2,96,7,161.52,1130.64
18799,7600,1,82,8,142.34,1138.72
18800,7600,2,99,1,165.63,165.63
18801,7601,1,85,2,146.45,292.90
18802,7601,2,102,3,169.74,509.22
18803,7602,1,88,4,150.56,602.24
18804,7602,2,105,5,173.85,869.25
18805,7603,1,91,6,154.67,928.02
18806,7603,2,108,7,177.96,1245.72
18807,7604,1,94,8,158.78,1270.24
18808,7604,2,111,1,182.07,182.07
18809,7605,1,97,2,162.89,325.78
18810,7605,2,2,3,32.74,98.22
18811,7606,1,100,4,167.00,668.00
18812,7606,2,5,5,36.85,184.25
18813,7607,1,103,6,171.11,1026.66
18814,7607,2,8,7,40.96,286.72
18815,7608,1,106,8,175.22,1401.76
18816,7608,2,11,1,45.07,45.07
18817,7609,1,109,2,179.33,358.66
18818,7609,2,14,3,49.18,147.54
18819,7610,1,112,4,183.44,733.76
18820,7610,2,17,5,53.29,266.45
18821,7611,1,3,6,34.11,204.66
18822,7611,2,20,7,57.40,401.80
18823,7612,1,6,8,38.22,305.76
18824,7612,2,23,1,61.51,61.51
18825,7613,1,9,2,42.33,84.66
18826,7613,2,26,3,65.62,196.86
18827,7614,1,12,4,46.44,185.76
18828,7614,2,29,5,69.73,348.65
18829,7615,1,15,6,50.55,303.30
18830,7615,2,32,7,73.84,516.88
18831,7616,1,18,8,54.66,437.28
18832,7616,2,35,1,77.95,77.95
18833,7617,1,21,2,58.77,117.54
18834,7617,2,38,3,82.06,246.18
18835,7618,1,24,4,62.88,251.52
18836,7618,2,41,5,86.17,430.85
18837,7619,1,27,6,66.99,401.94
18838,7619,2,44,7,90.28,631.96
18839,7620,1,30,8,71.10,568.80
18840,7620,2,47,1,94.39,94.39
18841,7621,1,33,2,75.21,150.42
18842,7621,2,50,3,98.50,295.50
18843,7622,1,36,4,79.32,317.28
18844,7622,2,53,5,102.61,513.05
18845,7623,1,39,6,83.43,500.58
18846,7623,2,56,7,106.72,747.04
18847,7624,1,42,8,87.54,700.32
18848,7624,2,59,1,110.83,110.83
18849,7625,1,45,2,91.65,183.30
18850,7625,2,62,3,114.94,344.82
18851,7626,1,48,4,95.76,383.04
18852,7626,2,65,5,119.05,595.25
18853,7627,1,51,6,99.87,599.22
18854,7627,2,68,7,123.16,862.12
18855,7628,1,54,8,103.98,831.84
18856,7628,2,71,1,127.27,127.27
18857,7629,1,57,2,108.09,216.18
18858,7629,2,74,3,131.38,394.14
18859,7630,1,60,4,112.20,448.80
18860,7630,2,77,5,135.49,677.45
18861,7631,1,63,6,116.31,697.86
18862,7631,2,80,7,139.60,977.20
18863,7632,1,66,8,120.42,963.36
18864,7632,2,83,1,143.71,143.71
18865,7633,1,69,2,124.53,249.06
18866,7633,2,86,3,147.82,443.46
18867,7634,1,72,4,128.64,514.56
18868,7634,2,89,5,151.93,759.65
18869,7635,1,75,6,132.75,796.50
18870,7635,2,92,7,156.04,1092.28
18871,7636,1,78,8,136.86,1094.88
18872,7636,2,95,1,160.15,160.15
18873,7637,1,81,2,140.97,281.94
18874,7637,2,98,3,164.26,492.78
18875,7638,1,84,4,145.08,580.32
18876,7638,2,101,5,168.37,841.85
18877,7639,1,87,6,149.19,895.14
18878,7639,2,104,7,172.48,1207.36
18879,7640,1,90,8,153.30,1226.40
18880,7640,2,107,1,176.59,176.59
18881,7641,1,93,2,157.41,314.82
18882,7641,2,110,3,180.70,542.10
18883,7642,1,96,4,161.52,646.08
18884,7642,2,1,5,31.37,156.85
18885,7643,1,99,6,165.63,993.78
18886,7643,2,4,7,35.48,248.36
18887,7644,1,102,8,169.74,1357.92
18888,7644,2,7,1,39.59,39.59
18889,7645,1,105,2,173.85,347.70
18890,7645,2,10,3,43.70,131.10
18891,7646,1,108,4,177.96,711.84
18892,7646,2,13,5,47.81,239.05
18893,7647,1,111,6,182.07,1092.42
18894,7647,2,16,7,51.92,363.44
18895,7648,1,2,8,32.74,261.92
18896,7648,2,19,1,56.03,56.03
18897,7649,1,5,2,36.85,73.70
18898,7649,2,22,3,60.14,180.42
18899,7650,1,8,4,40.96,163.84
18900,7650,2,25,5,64.25,321.25
18901,7651,1,11,6,45.07,270.42
18902,7651,2,28,7,68.36,478.52
18903,7652,1,14,8,49.18,393.44
18904,7652,2,31,1,72.47,72.47
18905,7653,1,17,2,53.29,106.58
18906,7653,2,34,3,76.58,229.74
18907,7654,1,20,4,57.40,229.60
18908,7654,2,37,5,80.69,403.45
18909,7655,1,23,6,61.51,369.06
18910,7655,2,40,7,84.80,593.60
18911,7656,1,26,8,65.62,524.96
18912,7656,2,43,1,88.91,88.91
18913,7657,1,29,2,69.73,139.46
18914,7657,2,46,3,93.02,279.06
18915,7658,1,32,4,73.84,295.36
18916,7658,2,49,5,97.13,485.65
18917,7659,1,35,6,77.95,467.70
18918,7659,2,52,7,101.24,708.68
18919,7660,1,38,8,82.06,656.48
18920,7660,2,55,1,105.35,105.35
18921,7661,1,41,2,86.17,172.34
18922,7661,2,58,3,109.46,328.38
18923,7662,1,44,4,90.28,361.12
18924,7662,2,61,5,113.57,567.85
18925,7663,1,47,6,94.39,566.34
18926,7663,2,64,7,117.68,823.76
18927,7664,1,50,8,98.50,788.00
18928,7664,2,67,1,121.79,121.79
18929,7665,1,53,2,102.61,205.22
18930,7665,2,70,3,125.90,377.70
18931,7666,1,56,4,106.72,426.88
18932,7666,2,73,5,130.01,650.05
18933,7667,1,59,6,110.83,664.98
18934,7667,2,76,7,134.12,938.84
18935,7668,1,62,8,114.94,919.52
18936,7668,2,79,1,138.23,138.23
18937,7669,1,65,2,119.05,238.10
18938,7669,2,82,3,142.34,427.02
18939,7670,1,68,4,123.16,492.64
18940,7670,2,85,5,146.45,732.25
18941,7671,1,71,6,127.27,763.62
18942,7671,2,88,7,150.56,1053.92
18943,7672,1,74,8,131.38,1051.04
18944,7672,2,91,1,154.67,154.67
18945,7673,1,77,2,135.49,270.98
18946,7673,2,94,3,158.78,476.34
18947,7674,1,80,4,139.60,558.40
18948,7674,2,97,5,162.89,814.45
18949,7675,1,83,6,143.71,862.26
18950,7675,2,100,7,167.00,1169.00
18951,7676,1,86,8,147.82,1182.56
18952,7676,2,103,1,171.11,171.11
18953,7677,1,89,2,151.93,303.86
18954,7677,2,106,3,175.22,525.66
18955,7678,1,92,4,156.04,624.16
18956,7678,2,109,5,179.33,896.65
18957,7679,1,95,6,160.15,960.90
18958,7679,2,112,7,183.44,1284.08
18959,7680,1,98,8,164.26,1314.08
18960,7680,2,3,1,34.11,34.11
18961,7681,1,101,2,168.37,336.74
18962,7681,2,6,3,38.22,114.66
18963,7682,1,104,4,172.48,689.92
18964,7682,2,9,5,42.33,211.65
18965,7683,1,107,6,176.59,1059.54
18966,7683,2,12,7,46.44,325.08
18967,7684,1,110,8,180.70,1445.60
18968,7684,2,15,1,50.55,50.55
18969,7685,1,1,2,31.37,62.74
18970,7685,2,18,3,54.66,163.98
18971,7686,1,4,4,35.48,141.92
18972,7686,2,21,5,58.77,293.85
18973,7687,1,7,6,39.59,237.54
18974,7687,2,24,7,62.88,440.16
18975,7688,1,10,8,43.70,349.60
18976,7688,2,27,1,66.99,66.99
18977,7689,1,13,2,47.81,95.62
18978,7689,2,30,3,71.10,213.30
18979,7690,1,16,4,51.92,207.68
18980,7690,2,33,5,75.21,376.05
18981,7691,1,19,6,56.03,336.18
18982,7691,2,36,7,79.32,555.24
18983,7692,1,22,8,60.14,481.12
18984,7692,2,39,1,83.43,83.43
18985,7693,1,25,2,64.25,128.50
18986,7693,2,42,3,87.54,262.62
18987,7694,1,28,4,68.36,273.44
18988,7694,2,45,5,91.65,458.25
18989,7695,1,31,6,72.47,434.82
18990,7695,2,48,7,95.76,670.32
18991,7696,1,34,8,76.58,612.64
18992,7696,2,51,1,99.87,99.87
18993,7697,1,37,2,80.69,161.38
18994,7697,2,54,3,103.98,311.94
18995,7698,1,40,4,84.80,339.20
18996,7698,2,57,5,108.09,540.45
18997,7699,1,43,6,88.91,533.46
18998,7699,2,60,7,112.20,785.40
18999,7700,1,46,8,93.02,744.16
19000,7700,2,63,1,116.31,116.31
19001,7701,1,49,2,97.13,194.26
19002,7701,2,66,3,120.42,361.26
19003,7702,1,52,4,101.24,404.96
19004,7702,2,69,5,124.53,622.65
19005,7703,1,55,6,105.35,632.10
19006,7703,2,72,7,128.64,900.48
19007,7704,1,58,8,109.46,875.68
19008,7704,2,75,1,132.75,132.75
19009,7705,1,61,2,113.57,227.14
19010,7705,2,78,3,136.86,410.58
19011,7706,1,64,4,117.68,470.72
19012,7706,2,81,5,140.97,704.85
19013,7707,1,67,6,121.79,730.74
19014,7707,2,84,7,145.08,1015.56
19015,7708,1,70,8,125.90,1007.20
19016,7708,2,87,1,149.19,149.19
19017,7709,1,73,2,130.01,260.02
19018,7709,2,90,3,153.30,459.90
19019,7710,1,76,4,134.12,536.48
19020,7710,2,93,5,157.41,787.05
19021,7711,1,79,6,138.23,829.38
19022,7711,2,96,7,161.52,1130.64
19023,7712,1,82,8,142.34,1138.72
19024,7712,2,99,1,165.63,165.63
19025,7713,1,85,2,146.45,292.90
19026,7713,2,102,3,169.74,509.22
19027,7714,1,88,4,150.56,602.24
19028,7714,2,105,5,173.85,869.25
19029,7715,1,91,6,154.67,928.02
19030,7715,2,108,7,177.96,1245.72
19031,7716,1,94,8,158.78,1270.24
19032,7716,2,111,1,182.07,182.07
19033,7717,1,97,2,162.89,325.78
19034,7717,2,2,3,32.74,98.22
19035,7718,1,100,4,167.00,668.00
19036,7718,2,5,5,36.85,184.25
19037,7719,1,103,6,171.11,1026.66
19038,7719,2,8,7,40.96,286.72
19039,7720,1,106,8,175.22,1401.76
19040,7720,2,11,1,45.07,45.07
19041,7721,1,109,2,179.33,358.66
19042,7721,2,14,3,49.18,147.54
19043,7722,1,112,4,183.44,733.76
19044,7722,2,17,5,53.29,266.45
19045,7723,1,3,6,34.11,204.66
19046,7723,2,20,7,57.40,401.80
19047,7724,1,6,8,38.22,305.76
19048,7724,2,23,1,61.51,61.51
19049,7725,1,9,2,42.33,84.66
19050,7725,2,26,3,65.62,196.86
19051,7726,1,12,4,46.44,185.76
19052,7726,2,29,5,69.73,348.65
19053,7727,1,15,6,50.55,303.30
19054,7727,2,32,7,73.84,516.88
19055,7728,1,18,8,54.66,437.28
19056,7728,2,35,1,77.95,77.95
19057,7729,1,21,2,58.77,117.54
19058,7729,2,38,3,82.06,246.18
19059,7730,1,24,4,62.88,251.52
19060,7730,2,41,5,86.17,430.85
19061,7731,1,27,6,66.99,401.94
19062,7731,2,44,7,90.28,631.96
19063,7732,1,30,8,71.10,568.80
19064,7732,2,47,1,94.39,94.39
19065,7733,1,33,2,75.21,150.42
19066,7733,2,50,3,98.50,295.50
19067,7734,1,36,4,79.32,317.28
19068,7734,2,53,5,102.61,513.05
19069,7735,1,39,6,83.43,500.58
19070,7735,2,56,7,106.72,747.04
19071,7736,1,42,8,87.54,700.32
19072,7736,2,59,1,110.83,110.83
19073,7737,1,45,2,91.65,183.30
19074,7737,2,62,3,114.94,344.82
19075,7738,1,48,4,95.76,383.04
19076,7738,2,65,5,119.05,595.25
19077,7739,1,51,6,99.87,599.22
19078,7739,2,68,7,123.16,862.12
19079,7740,1,54,8,103.98,831.84
19080,7740,2,71,1,127.27,127.27
19081,7741,1,57,2,108.09,216.18
19082,7741,2,74,3,131.38,394.14
19083,7742,1,60,4,112.20,448.80
19084,7742,2,77,5,135.49,677.45
19085,7743,1,63,6,116.31,697.86
19086,7743,2,80,7,139.60,977.20
19087,7744,1,66,8,120.42,963.36
19088,7744,2,83,1,143.71,143.71
19089,7745,1,69,2,124.53,249.06
19090,7745,2,86,3,147.82,443.46
19091,7746,1,72,4,128.64,514.56
19092,7746,2,89,5,151.93,759.65
19093,7747,1,75,6,132.75,796.50
19094,7747,2,92,7,156.04,1092.28
19095,7748,1,78,8,136.86,1094.88
19096,7748,2,95,1,160.15,160.15
19097,7749,1,81,2,140.97,281.94
19098,7749,2,98,3,164.26,492.78
19099,7750,1,84,4,145.08,580.32
19100,7750,2,101,5,168.37,841.85
19101,7751,1,87,6,149.19,895.14
19102,7751,2,104,7,172.48,1207.36
19103,7752,1,90,8,153.30,1226.40
19104,7752,2,107,1,176.59,176.59
19105,7753,1,93,2,157.41,314.82
19106,7753,2,110,3,180.70,542.10
19107,7754,1,96,4,161.52,646.08
19108,7754,2,1,5,31.37,156.85
19109,7755,1,99,6,165.63,993.78
19110,7755,2,4,7,35.48,248.36
19111,7756,1,102,8,169.74,1357.92
19112,7756,2,7,1,39.59,39.59
19113,7757,1,105,2,173.85,347.70
19114,7757,2,10,3,43.70,131.10
19115,7758,1,108,4,177.96,711.84
19116,7758,2,13,5,47.81,239.05
19117,7759,1,111,6,182.07,1092.42
19118,7759,2,16,7,51.92,363.44
19119,7760,1,2,8,32.74,261.92
19120,7760,2,19,1,56.03,56.03
19121,7761,1,5,2,36.85,73.70
19122,7761,2,22,3,60.14,180.42
19123,7762,1,8,4,40.96,163.84
19124,7762,2,25,5,64.25,321.25
19125,7763,1,11,6,45.07,270.42
19126,7763,2,28,7,68.36,478.52
19127,7764,1,14,8,49.18,393.44
19128,7764,2,31,1,72.47,72.47
19129,7765,1,17,2,53.29,106.58
19130,7765,2,34,3,76.58,229.74
19131,7766,1,20,4,57.40,229.60
19132,7766,2,37,5,80.69,403.45
19133,7767,1,23,6,61.51,369.06
19134,7767,2,40,7,84.80,593.60
19135,7768,1,26,8,65.62,524.96
19136,7768,2,43,1,88.91,88.91
19137,7769,1,29,2,69.73,139.46
19138,7769,2,46,3,93.02,279.06
19139,7770,1,32,4,73.84,295.36
19140,7770,2,49,5,97.13,485.65
19141,7771,1,35,6,77.95,467.70
19142,7771,2,52,7,101.24,708.68
19143,7772,1,38,8,82.06,656.48
19144,7772,2,55,1,105.35,105.35
19145,7773,1,41,2,86.17,172.34
19146,7773,2,58,3,109.46,328.38
19147,7774,1,44,4,90.28,361.12
19148,7774,2,61,5,113.57,567.85
19149,7775,1,47,6,94.39,566.34
19150,7775,2,64,7,117.68,823.76
19151,7776,1,50,8,98.50,788.00
19152,7776,2,67,1,121.79,121.79
19153,7777,1,53,2,102.61,205.22
19154,7777,2,70,3,125.90,377.70
19155,7778,1,56,4,106.72,426.88
19156,7778,2,73,5,130.01,650.05
19157,7779,1,59,6,110.83,664.98
19158,7779,2,76,7,134.12,938.84
19159,7780,1,62,8,114.94,919.52
19160,7780,2,79,1,138.23,138.23
19161,7781,1,65,2,119.05,238.10
19162,7781,2,82,3,142.34,427.02
19163,7782,1,68,4,123.16,492.64
19164,7782,2,85,5,146.45,732.25
19165,7783,1,71,6,127.27,763.62
19166,7783,2,88,7,150.56,1053.92
19167,7784,1,74,8,131.38,1051.04
19168,7784,2,91,1,154.67,154.67
19169,7785,1,77,2,135.49,270.98
19170,7785,2,94,3,158.78,476.34
19171,7786,1,80,4,139.60,558.40
19172,7786,2,97,5,162.89,814.45
19173,7787,1,83,6,143.71,862.26
19174,7787,2,100,7,167.00,1169.00
19175,7788,1,86,8,147.82,1182.56
19176,7788,2,103,1,171.11,171.11
19177,7789,1,89,2,151.93,303.86
19178,7789,2,106,3,175.22,525.66
19179,7790,1,92,4,156.04,624.16
19180,7790,2,109,5,179.33,896.65
19181,7791,1,95,6,160.15,960.90
19182,7791,2,112,7,183.44,1284.08
19183,7792,1,98,8,164.26,1314.08
19184,7792,2,3,1,34.11,34.11
19185,7793,1,101,2,168.37,336.74
19186,7793,2,6,3,38.22,114.66
19187,7794,1,104,4,172.48,689.92
19188,7794,2,9,5,42.33,211.65
19189,7795,1,107,6,176.59,1059.54
19190,7795,2,12,7,46.44,325.08
19191,7796,1,110,8,180.70,1445.60
19192,7796,2,15,1,50.55,50.55
19193,7797,1,1,2,31.37,62.74
19194,7797,2,18,3,54.66,163.98
19195,7798,1,4,4,35.48,141.92
19196,7798,2,21,5,58.77,293.85
19197,7799,1,7,6,39.59,237.54
19198,7799,2,24,7,62.88,440.16
19199,7800,1,10,8,43.70,349.60
19200,7800,2,27,1,66.99,66.99
19201,7801,1,13,2,47.81,95.62
19202,7801,2,30,3,71.10,213.30
19203,7802,1,16,4,51.92,207.68
19204,7802,2,33,5,75.21,376.05
19205,7803,1,19,6,56.03,336.18
19206,7803,2,36,7,79.32,555.24
19207,7804,1,22,8,60.14,481.12
19208,7804,2,39,1,83.43,83.43
19209,7805,1,25,2,64.25,128.50
19210,7805,2,42,3,87.54,262.62
19211,7806,1,28,4,68.36,273.44
19212,7806,2,45,5,91.65,458.25
19213,7807,1,31,6,72.47,434.82
19214,7807,2,48,7,95.76,670.32
19215,7808,1,34,8,76.58,612.64
19216,7808,2,51,1,99.87,99.87
19217,7809,1,37,2,80.69,161.38
19218,7809,2,54,3,103.98,311.94
19219,7810,1,40,4,84.80,339.20
19220,7810,2,57,5,108.09,540.45
19221,7811,1,43,6,88.91,533.46
19222,7811,2,60,7,112.20,785.40
19223,7812,1,46,8,93.02,744.16
19224,7812,2,63,1,116.31,116.31
19225,7813,1,49,2,97.13,194.26
19226,7813,2,66,3,120.42,361.26
19227,7814,1,52,4,101.24,404.96
19228,7814,2,69,5,124.53,622.65
19229,7815,1,55,6,105.35,632.10
19230,7815,2,72,7,128.64,900.48
19231,7816,1,58,8,109.46,875.68
19232,7816,2,75,1,132.75,132.75
19233,7817,1,61,2,113.57,227.14
19234,7817,2,78,3,136.86,410.58
19235,7818,1,64,4,117.68,470.72
19236,7818,2,81,5,140.97,704.85
19237,7819,1,67,6,121.79,730.74
19238,7819,2,84,7,145.08,1015.56
19239,7820,1,70,8,125.90,1007.20
19240,7820,2,87,1,149.19,149.19
19241,7821,1,73,2,130.01,260.02
19242,7821,2,90,3,153.30,459.90
19243,7822,1,76,4,134.12,536.48
19244,7822,2,93,5,157.41,787.05
19245,7823,1,79,6,138.23,829.38
19246,7823,2,96,7,161.52,1130.64
19247,7824,1,82,8,142.34,1138.72
19248,7824,2,99,1,165.63,165.63
19249,7825,1,85,2,146.45,292.90
19250,7825,2,102,3,169.74,509.22
19251,7826,1,88,4,150.56,602.24
19252,7826,2,105,5,173.85,869.25
19253,7827,1,91,6,154.67,928.02
19254,7827,2,108,7,177.96,1245.72
19255,7828,1,94,8,158.78,1270.24
19256,7828,2,111,1,182.07,182.07
19257,7829,1,97,2,162.89,325.78
19258,7829,2,2,3,32.74,98.22
19259,7830,1,100,4,167.00,668.00
19260,7830,2,5,5,36.85,184.25
19261,7831,1,103,6,171.11,1026.66
19262,7831,2,8,7,40.96,286.72
19263,7832,1,106,8,175.22,1401.76
19264,7832,2,11,1,45.07,45.07
19265,7833,1,109,2,179.33,358.66
19266,7833,2,14,3,49.18,147.54
19267,7834,1,112,4,183.44,733.76
19268,7834,2,17,5,53.29,266.45
19269,7835,1,3,6,34.11,204.66
19270,7835,2,20,7,57.40,401.80
19271,7836,1,6,8,38.22,305.76
19272,7836,2,23,1,61.51,61.51
19273,7837,1,9,2,42.33,84.66
19274,7837,2,26,3,65.62,196.86
19275,7838,1,12,4,46.44,185.76
19276,7838,2,29,5,69.73,348.65
19277,7839,1,15,6,50.55,303.30
19278,7839,2,32,7,73.84,516.88
19279,7840,1,18,8,54.66,437.28
19280,7840,2,35,1,77.95,77.95
19281,7841,1,21,2,58.77,117.54
19282,7841,2,38,3,82.06,246.18
19283,7842,1,24,4,62.88,251.52
19284,7842,2,41,5,86.17,430.85
19285,7843,1,27,6,66.99,401.94
19286,7843,2,44,7,90.28,631.96
19287,7844,1,30,8,71.10,568.80
19288,7844,2,47,1,94.39,94.39
19289,7845,1,33,2,75.21,150.42
19290,7845,2,50,3,98.50,295.50
19291,7846,1,36,4,79.32,317.28
19292,7846,2,53,5,102.61,513.05
19293,7847,1,39,6,83.43,500.58
19294,7847,2,56,7,106.72,747.04
19295,7848,1,42,8,87.54,700.32
19296,7848,2,59,1,110.83,110.83
19297,7849,1,45,2,91.65,183.30
19298,7849,2,62,3,114.94,344.82
19299,7850,1,48,4,95.76,383.04
19300,7850,2,65,5,119.05,595.25
19301,7851,1,51,6,99.87,599.22
19302,7851,2,68,7,123.16,862.12
19303,7852,1,54,8,103.98,831.84
19304,7852,2,71,1,127.27,127.27
19305,7853,1,57,2,108.09,216.18
19306,7853,2,74,3,131.38,394.14
19307,7854,1,60,4,112.20,448.80
19308,7854,2,77,5,135.49,677.45
19309,7855,1,63,6,116.31,697.86
19310,7855,2,80,7,139.60,977.20
19311,7856,1,66,8,120.42,963.36
19312,7856,2,83,1,143.71,143.71
19313,7857,1,69,2,124.53,249.06
19314,7857,2,86,3,147.82,443.46
19315,7858,1,72,4,128.64,514.56
19316,7858,2,89,5,151.93,759.65
19317,7859,1,75,6,132.75,796.50
19318,7859,2,92,7,156.04,1092.28
19319,7860,1,78,8,136.86,1094.88
19320,7860,2,95,1,160.15,160.15
19321,7861,1,81,2,140.97,281.94
19322,7861,2,98,3,164.26,492.78
19323,7862,1,84,4,145.08,580.32
19324,7862,2,101,5,168.37,841.85
19325,7863,1,87,6,149.19,895.14
19326,7863,2,104,7,172.48,1207.36
19327,7864,1,90,8,153.30,1226.40
19328,7864,2,107,1,176.59,176.59
19329,7865,1,93,2,157.41,314.82
19330,7865,2,110,3,180.70,542.10
19331,7866,1,96,4,161.52,646.08
19332,7866,2,1,5,31.37,156.85
19333,7867,1,99,6,165.63,993.78
19334,7867,2,4,7,35.48,248.36
19335,7868,1,102,8,169.74,1357.92
19336,7868,2,7,1,39.59,39.59
19337,7869,1,105,2,173.85,347.70
19338,7869,2,10,3,43.70,131.10
19339,7870,1,108,4,177.96,711.84
19340,7870,2,13,5,47.81,239.05
19341,7871,1,111,6,182.07,1092.42
19342,7871,2,16,7,51.92,363.44
19343,7872,1,2,8,32.74,261.92
19344,7872,2,19,1,56.03,56.03
19345,7873,1,5,2,36.85,73.70
19346,7873,2,22,3,60.14,180.42
19347,7874,1,8,4,40.96,163.84
19348,7874,2,25,5,64.25,321.25
19349,7875,1,11,6,45.07,270.42
19350,7875,2,28,7,68.36,478.52
19351,7876,1,14,8,49.18,393.44
19352,7876,2,31,1,72.47,72.47
19353,7877,1,17,2,53.29,106.58
19354,7877,2,34,3,76.58,229.74
19355,7878,1,20,4,57.40,229.60
19356,7878,2,37,5,80.69,403.45
19357,7879,1,23,6,61.51,369.06
19358,7879,2,40,7,84.80,593.60
19359,7880,1,26,8,65.62,524.96
19360,7880,2,43,1,88.91,88.91
19361,7881,1,29,2,69.73,139.46
19362,7881,2,46,3,93.02,279.06
19363,7882,1,32,4,73.84,295.36
19364,7882,2,49,5,97.13,485.65
19365,7883,1,35,6,77.95,467.70
19366,7883,2,52,7,101.24,708.68
19367,7884,1,38,8,82.06,656.48
19368,7884,2,55,1,105.35,105.35
19369,7885,1,41,2,86.17,172.34
19370,7885,2,58,3,109.46,328.38
19371,7886,1,44,4,90.28,361.12
19372,7886,2,61,5,113.57,567.85
19373,7887,1,47,6,94.39,566.34
19374,7887,2,64,7,117.68,823.76
19375,7888,1,50,8,98.50,788.00
19376,7888,2,67,1,121.79,121.79
19377,7889,1,53,2,102.61,205.22
19378,7889,2,70,3,125.90,377.70
19379,7890,1,56,4,106.72,426.88
19380,7890,2,73,5,130.01,650.05
19381,7891,1,59,6,110.83,664.98
19382,7891,2,76,7,134.12,938.84
19383,7892,1,62,8,114.94,919.52
19384,7892,2,79,1,138.23,138.23
19385,7893,1,65,2,119.05,238.10
19386,7893,2,82,3,142.34,427.02
19387,7894,1,68,4,123.16,492.64
19388,7894,2,85,5,146.45,732.25
19389,7895,1,71,6,127.27,763.62
19390,7895,2,88,7,150.56,1053.92
19391,7896,1,74,8,131.38,1051.04
19392,7896,2,91,1,154.67,154.67
19393,7897,1,77,2,135.49,270.98
19394,7897,2,94,3,158.78,476.34
19395,7898,1,80,4,139.60,558.40
19396,7898,2,97,5,162.89,814.45
19397,7899,1,83,6,143.71,862.26
19398,7899,2,100,7,167.00,1169.00
19399,7900,1,86,8,147.82,1182.56
19400,7900,2,103,1,171.11,171.11
19401,7901,1,89,2,151.93,303.86
19402,7901,2,106,3,175.22,525.66
19403,7902,1,92,4,156.04,624.16
19404,7902,2,109,5,179.33,896.65
19405,7903,1,95,6,160.15,960.90
19406,7903,2,112,7,183.44,1284.08
19407,7904,1,98,8,164.26,1314.08
19408,7904,2,3,1,34.11,34.11
19409,7905,1,101,2,168.37,336.74
19410,7905,2,6,3,38.22,114.66
19411,7906,1,104,4,172.48,689.92
19412,7906,2,9,5,42.33,211.65
19413,7907,1,107,6,176.59,1059.54
19414,7907,2,12,7,46.44,325.08
19415,7908,1,110,8,180.70,1445.60
19416,7908,2,15,1,50.55,50.55
19417,7909,1,1,2,31.37,62.74
19418,7909,2,18,3,54.66,163.98
19419,7910,1,4,4,35.48,141.92
19420,7910,2,21,5,58.77,293.85
19421,7911,1,7,6,39.59,237.54
19422,7911,2,24,7,62.88,440.16
19423,7912,1,10,8,43.70,349.60
19424,7912,2,27,1,66.99,66.99
19425,7913,1,13,2,47.81,95.62
19426,7913,2,30,3,71.10,213.30
19427,7914,1,16,4,51.92,207.68
19428,7914,2,33,5,75.21,376.05
19429,7915,1,19,6,56.03,336.18
19430,7915,2,36,7,79.32,555.24
19431,7916,1,22,8,60.14,481.12
19432,7916,2,39,1,83.43,83.43
19433,7917,1,25,2,64.25,128.50
19434,7917,2,42,3,87.54,262.62
19435,7918,1,28,4,68.36,273.44
19436,7918,2,45,5,91.65,458.25
19437,7919,1,31,6,72.47,434.82
19438,7919,2,48,7,95.76,670.32
19439,7920,1,34,8,76.58,612.64
19440,7920,2,51,1,99.87,99.87
19441,7921,1,37,2,80.69,161.38
19442,7921,2,54,3,103.98,311.94
19443,7922,1,40,4,84.80,339.20
19444,7922,2,57,5,108.09,540.45
19445,7923,1,43,6,88.91,533.46
19446,7923,2,60,7,112.20,785.40
19447,7924,1,46,8,93.02,744.16
19448,7924,2,63,1,116.31,116.31
19449,7925,1,49,2,97.13,194.26
19450,7925,2,66,3,120.42,361.26
19451,7926,1,52,4,101.24,404.96
19452,7926,2,69,5,124.53,622.65
19453,7927,1,55,6,105.35,632.10
19454,7927,2,72,7,128.64,900.48
19455,7928,1,58,8,109.46,875.68
19456,7928,2,75,1,132.75,132.75
19457,7929,1,61,2,113.57,227.14
19458,7929,2,78,3,136.86,410.58
19459,7930,1,64,4,117.68,470.72
19460,7930,2,81,5,140.97,704.85
19461,7931,1,67,6,121.79,730.74
19462,7931,2,84,7,145.08,1015.56
19463,7932,1,70,8,125.90,1007.20
19464,7932,2,87,1,149.19,149.19
19465,7933,1,73,2,130.01,260.02
19466,7933,2,90,3,153.30,459.90
19467,7934,1,76,4,134.12,536.48
19468,7934,2,93,5,157.41,787.05
19469,7935,1,79,6,138.23,829.38
19470,7935,2,96,7,161.52,1130.64
19471,7936,1,82,8,142.34,1138.72
19472,7936,2,99,1,165.63,165.63
19473,7937,1,85,2,146.45,292.90
19474,7937,2,102,3,169.74,509.22
19475,7938,1,88,4,150.56,602.24
19476,7938,2,105,5,173.85,869.25
19477,7939,1,91,6,154.67,928.02
19478,7939,2,108,7,177.96,1245.72
19479,7940,1,94,8,158.78,1270.24
19480,7940,2,111,1,182.07,182.07
19481,7941,1,97,2,162.89,325.78
19482,7941,2,2,3,32.74,98.22
19483,7942,1,100,4,167.00,668.00
19484,7942,2,5,5,36.85,184.25
19485,7943,1,103,6,171.11,1026.66
19486,7943,2,8,7,40.96,286.72
19487,7944,1,106,8,175.22,1401.76
19488,7944,2,11,1,45.07,45.07
19489,7945,1,109,2,179.33,358.66
19490,7945,2,14,3,49.18,147.54
19491,7946,1,112,4,183.44,733.76
19492,7946,2,17,5,53.29,266.45
19493,7947,1,3,6,34.11,204.66
19494,7947,2,20,7,57.40,401.80
19495,7948,1,6,8,38.22,305.76
19496,7948,2,23,1,61.51,61.51
19497,7949,1,9,2,42.33,84.66
19498,7949,2,26,3,65.62,196.86
19499,7950,1,12,4,46.44,185.76
19500,7950,2,29,5,69.73,348.65
19501,7951,1,15,6,50.55,303.30
19502,7951,2,32,7,73.84,516.88
19503,7952,1,18,8,54.66,437.28
19504,7952,2,35,1,77.95,77.95
19505,7953,1,21,2,58.77,117.54
19506,7953,2,38,3,82.06,246.18
19507,7954,1,24,4,62.88,251.52
19508,7954,2,41,5,86.17,430.85
19509,7955,1,27,6,66.99,401.94
19510,7955,2,44,7,90.28,631.96
19511,7956,1,30,8,71.10,568.80
19512,7956,2,47,1,94.39,94.39
19513,7957,1,33,2,75.21,150.42
19514,7957,2,50,3,98.50,295.50
19515,7958,1,36,4,79.32,317.28
19516,7958,2,53,5,102.61,513.05
19517,7959,1,39,6,83.43,500.58
19518,7959,2,56,7,106.72,747.04
19519,7960,1,42,8,87.54,700.32
19520,7960,2,59,1,110.83,110.83
19521,7961,1,45,2,91.65,183.30
19522,7961,2,62,3,114.94,344.82
19523,7962,1,48,4,95.76,383.04
19524,7962,2,65,5,119.05,595.25
19525,7963,1,51,6,99.87,599.22
19526,7963,2,68,7,123.16,862.12
19527,7964,1,54,8,103.98,831.84
19528,7964,2,71,1,127.27,127.27
19529,7965,1,57,2,108.09,216.18
19530,7965,2,74,3,131.38,394.14
19531,7966,1,60,4,112.20,448.80
19532,7966,2,77,5,135.49,677.45
19533,7967,1,63,6,116.31,697.86
19534,7967,2,80,7,139.60,977.20
19535,7968,1,66,8,120.42,963.36
19536,7968,2,83,1,143.71,143.71
19537,7969,1,69,2,124.53,249.06
19538,7969,2,86,3,147.82,443.46
19539,7970,1,72,4,128.64,514.56
19540,7970,2,89,5,151.93,759.65
19541,7971,1,75,6,132.75,796.50
19542,7971,2,92,7,156.04,1092.28
19543,7972,1,78,8,136.86,1094.88
19544,7972,2,95,1,160.15,160.15
19545,7973,1,81,2,140.97,281.94
19546,7973,2,98,3,164.26,492.78
19547,7974,1,84,4,145.08,580.32
19548,7974,2,101,5,168.37,841.85
19549,7975,1,87,6,149.19,895.14
19550,7975,2,104,7,172.48,1207.36
19551,7976,1,90,8,153.30,1226.40
19552,7976,2,107,1,176.59,176.59
19553,7977,1,93,2,157.41,314.82
19554,7977,2,110,3,180.70,542.10
19555,7978,1,96,4,161.52,646.08
19556,7978,2,1,5,31.37,156.85
19557,7979,1,99,6,165.63,993.78
19558,7979,2,4,7,35.48,248.36
19559,7980,1,102,8,169.74,1357.92
19560,7980,2,7,1,39.59,39.59
19561,7981,1,105,2,173.85,347.70
19562,7981,2,10,3,43.70,131.10
19563,7982,1,108,4,177.96,711.84
19564,7982,2,13,5,47.81,239.05
19565,7983,1,111,6,182.07,1092.42
19566,7983,2,16,7,51.92,363.44
19567,7984,1,2,8,32.74,261.92
19568,7984,2,19,1,56.03,56.03
19569,7985,1,5,2,36.85,73.70
19570,7985,2,22,3,60.14,180.42
19571,7986,1,8,4,40.96,163.84
19572,7986,2,25,5,64.25,321.25
19573,7987,1,11,6,45.07,270.42
19574,7987,2,28,7,68.36,478.52
19575,7988,1,14,8,49.18,393.44
19576,7988,2,31,1,72.47,72.47
19577,7989,1,17,2,53.29,106.58
19578,7989,2,34,3,76.58,229.74
19579,7990,1,20,4,57.40,229.60
19580,7990,2,37,5,80.69,403.45
19581,7991,1,23,6,61.51,369.06
19582,7991,2,40,7,84.80,593.60
19583,7992,1,26,8,65.62,524.96
19584,7992,2,43,1,88.91,88.91
19585,7993,1,29,2,69.73,139.46
19586,7993,2,46,3,93.02,279.06
19587,7994,1,32,4,73.84,295.36
19588,7994,2,49,5,97.13,485.65
19589,7995,1,35,6,77.95,467.70
19590,7995,2,52,7,101.24,708.68
19591,7996,1,38,8,82.06,656.48
19592,7996,2,55,1,105.35,105.35
19593,7997,1,41,2,86.17,172.34
19594,7997,2,58,3,109.46,328.38
19595,7998,1,44,4,90.28,361.12
19596,7998,2,61,5,113.57,567.85
19597,7999,1,47,6,94.39,566.34
19598,7999,2,64,7,117.68,823.76
19599,8000,1,50,8,98.50,788.00
19600,8000,2,67,1,121.79,121.79
19601,8001,1,53,2,102.61,205.22
19602,8001,2,70,3,125.90,377.70
19603,8002,1,56,4,106.72,426.88
19604,8002,2,73,5,130.01,650.05
19605,8003,1,59,6,110.83,664.98
19606,8003,2,76,7,134.12,938.84
19607,8004,1,62,8,114.94,919.52
19608,8004,2,79,1,138.23,138.23
19609,8005,1,65,2,119.05,238.10
19610,8005,2,82,3,142.34,427.02
19611,8006,1,68,4,123.16,492.64
19612,8006,2,85,5,146.45,732.25
19613,8007,1,71,6,127.27,763.62
19614,8007,2,88,7,150.56,1053.92
19615,8008,1,74,8,131.38,1051.04
19616,8008,2,91,1,154.67,154.67
19617,8009,1,77,2,135.49,270.98
19618,8009,2,94,3,158.78,476.34
19619,8010,1,80,4,139.60,558.40
19620,8010,2,97,5,162.89,814.45
19621,8011,1,83,6,143.71,862.26
19622,8011,2,100,7,167.00,1169.00
19623,8012,1,86,8,147.82,1182.56
19624,8012,2,103,1,171.11,171.11
19625,8013,1,89,2,151.93,303.86
19626,8013,2,106,3,175.22,525.66
19627,8014,1,92,4,156.04,624.16
19628,8014,2,109,5,179.33,896.65
19629,8015,1,95,6,160.15,960.90
19630,8015,2,112,7,183.44,1284.08
19631,8016,1,98,8,164.26,1314.08
19632,8016,2,3,1,34.11,34.11
19633,8017,1,101,2,168.37,336.74
19634,8017,2,6,3,38.22,114.66
19635,8018,1,104,4,172.48,689.92
19636,8018,2,9,5,42.33,211.65
19637,8019,1,107,6,176.59,1059.54
19638,8019,2,12,7,46.44,325.08
19639,8020,1,110,8,180.70,1445.60
19640,8020,2,15,1,50.55,50.55
19641,8021,1,1,2,31.37,62.74
19642,8021,2,18,3,54.66,163.98
19643,8022,1,4,4,35.48,141.92
19644,8022,2,21,5,58.77,293.85
19645,8023,1,7,6,39.59,237.54
19646,8023,2,24,7,62.88,440.16
19647,8024,1,10,8,43.70,349.60
19648,8024,2,27,1,66.99,66.99
19649,8025,1,13,2,47.81,95.62
19650,8025,2,30,3,71.10,213.30
19651,8026,1,16,4,51.92,207.68
19652,8026,2,33,5,75.21,376.05
19653,8027,1,19,6,56.03,336.18
19654,8027,2,36,7,79.32,555.24
19655,8028,1,22,8,60.14,481.12
19656,8028,2,39,1,83.43,83.43
19657,8029,1,25,2,64.25,128.50
19658,8029,2,42,3,87.54,262.62
19659,8030,1,28,4,68.36,273.44
19660,8030,2,45,5,91.65,458.25
19661,8031,1,31,6,72.47,434.82
19662,8031,2,48,7,95.76,670.32
19663,8032,1,34,8,76.58,612.64
19664,8032,2,51,1,99.87,99.87
19665,8033,1,37,2,80.69,161.38
19666,8033,2,54,3,103.98,311.94
19667,8034,1,40,4,84.80,339.20
19668,8034,2,57,5,108.09,540.45
19669,8035,1,43,6,88.91,533.46
19670,8035,2,60,7,112.20,785.40
19671,8036,1,46,8,93.02,744.16
19672,8036,2,63,1,116.31,116.31
19673,8037,1,49,2,97.13,194.26
19674,8037,2,66,3,120.42,361.26
19675,8038,1,52,4,101.24,404.96
19676,8038,2,69,5,124.53,622.65
19677,8039,1,55,6,105.35,632.10
19678,8039,2,72,7,128.64,900.48
19679,8040,1,58,8,109.46,875.68
19680,8040,2,75,1,132.75,132.75
19681,8041,1,61,2,113.57,227.14
19682,8041,2,78,3,136.86,410.58
19683,8042,1,64,4,117.68,470.72
19684,8042,2,81,5,140.97,704.85
19685,8043,1,67,6,121.79,730.74
19686,8043,2,84,7,145.08,1015.56
19687,8044,1,70,8,125.90,1007.20
19688,8044,2,87,1,149.19,149.19
19689,8045,1,73,2,130.01,260.02
19690,8045,2,90,3,153.30,459.90
19691,8046,1,76,4,134.12,536.48
19692,8046,2,93,5,157.41,787.05
19693,8047,1,79,6,138.23,829.38
19694,8047,2,96,7,161.52,1130.64
19695,8048,1,82,8,142.34,1138.72
19696,8048,2,99,1,165.63,165.63
19697,8049,1,85,2,146.45,292.90
19698,8049,2,102,3,169.74,509.22
19699,8050,1,88,4,150.56,602.24
19700,8050,2,105,5,173.85,869.25
19701,8051,1,91,6,154.67,928.02
19702,8051,2,108,7,177.96,1245.72
19703,8052,1,94,8,158.78,1270.24
19704,8052,2,111,1,182.07,182.07
19705,8053,1,97,2,162.89,325.78
19706,8053,2,2,3,32.74,98.22
19707,8054,1,100,4,167.00,668.00
19708,8054,2,5,5,36.85,184.25
19709,8055,1,103,6,171.11,1026.66
19710,8055,2,8,7,40.96,286.72
19711,8056,1,106,8,175.22,1401.76
19712,8056,2,11,1,45.07,45.07
19713,8057,1,109,2,179.33,358.66
19714,8057,2,14,3,49.18,147.54
19715,8058,1,112,4,183.44,733.76
19716,8058,2,17,5,53.29,266.45
19717,8059,1,3,6,34.11,204.66
19718,8059,2,20,7,57.40,401.80
19719,8060,1,6,8,38.22,305.76
19720,8060,2,23,1,61.51,61.51
19721,8061,1,9,2,42.33,84.66
19722,8061,2,26,3,65.62,196.86
19723,8062,1,12,4,46.44,185.76
19724,8062,2,29,5,69.73,348.65
19725,8063,1,15,6,50.55,303.30
19726,8063,2,32,7,73.84,516.88
19727,8064,1,18,8,54.66,437.28
19728,8064,2,35,1,77.95,77.95
19729,8065,1,21,2,58.77,117.54
19730,8065,2,38,3,82.06,246.18
19731,8066,1,24,4,62.88,251.52
19732,8066,2,41,5,86.17,430.85
19733,8067,1,27,6,66.99,401.94
19734,8067,2,44,7,90.28,631.96
19735,8068,1,30,8,71.10,568.80
19736,8068,2,47,1,94.39,94.39
19737,8069,1,33,2,75.21,150.42
19738,8069,2,50,3,98.50,295.50
19739,8070,1,36,4,79.32,317.28
19740,8070,2,53,5,102.61,513.05
19741,8071,1,39,6,83.43,500.58
19742,8071,2,56,7,106.72,747.04
19743,8072,1,42,8,87.54,700.32
19744,8072,2,59,1,110.83,110.83
19745,8073,1,45,2,91.65,183.30
19746,8073,2,62,3,114.94,344.82
19747,8074,1,48,4,95.76,383.04
19748,8074,2,65,5,119.05,595.25
19749,8075,1,51,6,99.87,599.22
19750,8075,2,68,7,123.16,862.12
19751,8076,1,54,8,103.98,831.84
19752,8076,2,71,1,127.27,127.27
19753,8077,1,57,2,108.09,216.18
19754,8077,2,74,3,131.38,394.14
19755,8078,1,60,4,112.20,448.80
19756,8078,2,77,5,135.49,677.45
19757,8079,1,63,6,116.31,697.86
19758,8079,2,80,7,139.60,977.20
19759,8080,1,66,8,120.42,963.36
19760,8080,2,83,1,143.71,143.71
19761,8081,1,69,2,124.53,249.06
19762,8081,2,86,3,147.82,443.46
19763,8082,1,72,4,128.64,514.56
19764,8082,2,89,5,151.93,759.65
19765,8083,1,75,6,132.75,796.50
19766,8083,2,92,7,156.04,1092.28
19767,8084,1,78,8,136.86,1094.88
19768,8084,2,95,1,160.15,160.15
19769,8085,1,81,2,140.97,281.94
19770,8085,2,98,3,164.26,492.78
19771,8086,1,84,4,145.08,580.32
19772,8086,2,101,5,168.37,841.85
19773,8087,1,87,6,149.19,895.14
19774,8087,2,104,7,172.48,1207.36
19775,8088,1,90,8,153.30,1226.40
19776,8088,2,107,1,176.59,176.59
19777,8089,1,93,2,157.41,314.82
19778,8089,2,110,3,180.70,542.10
19779,8090,1,96,4,161.52,646.08
19780,8090,2,1,5,31.37,156.85
19781,8091,1,99,6,165.63,993.78
19782,8091,2,4,7,35.48,248.36
19783,8092,1,102,8,169.74,1357.92
19784,8092,2,7,1,39.59,39.59
19785,8093,1,105,2,173.85,347.70
19786,8093,2,10,3,43.70,131.10
19787,8094,1,108,4,177.96,711.84
19788,8094,2,13,5,47.81,239.05
19789,8095,1,111,6,182.07,1092.42
19790,8095,2,16,7,51.92,363.44
19791,8096,1,2,8,32.74,261.92
19792,8096,2,19,1,56.03,56.03
19793,8097,1,5,2,36.85,73.70
19794,8097,2,22,3,60.14,180.42
19795,8098,1,8,4,40.96,163.84
19796,8098,2,25,5,64.25,321.25
19797,8099,1,11,6,45.07,270.42
19798,8099,2,28,7,68.36,478.52
19799,8100,1,14,8,49.18,393.44
19800,8100,2,31,1,72.47,72.47
19801,8101,1,17,2,53.29,106.58
19802,8101,2,34,3,76.58,229.74
19803,8102,1,20,4,57.40,229.60
19804,8102,2,37,5,80.69,403.45
19805,8103,1,23,6,61.51,369.06
19806,8103,2,40,7,84.80,593.60
19807,8104,1,26,8,65.62,524.96
19808,8104,2,43,1,88.91,88.91
19809,8105,1,29,2,69.73,139.46
19810,8105,2,46,3,93.02,279.06
19811,8106,1,32,4,73.84,295.36
19812,8106,2,49,5,97.13,485.65
19813,8107,1,35,6,77.95,467.70
19814,8107,2,52,7,101.24,708.68
19815,8108,1,38,8,82.06,656.48
19816,8108,2,55,1,105.35,105.35
19817,8109,1,41,2,86.17,172.34
19818,8109,2,58,3,109.46,328.38
19819,8110,1,44,4,90.28,361.12
19820,8110,2,61,5,113.57,567.85
19821,8111,1,47,6,94.39,566.34
19822,8111,2,64,7,117.68,823.76
19823,8112,1,50,8,98.50,788.00
19824,8112,2,67,1,121.79,121.79
19825,8113,1,53,2,102.61,205.22
19826,8113,2,70,3,125.90,377.70
19827,8114,1,56,4,106.72,426.88
19828,8114,2,73,5,130.01,650.05
19829,8115,1,59,6,110.83,664.98
19830,8115,2,76,7,134.12,938.84
19831,8116,1,62,8,114.94,919.52
19832,8116,2,79,1,138.23,138.23
19833,8117,1,65,2,119.05,238.10
19834,8117,2,82,3,142.34,427.02
19835,8118,1,68,4,123.16,492.64
19836,8118,2,85,5,146.45,732.25
19837,8119,1,71,6,127.27,763.62
19838,8119,2,88,7,150.56,1053.92
19839,8120,1,74,8,131.38,1051.04
19840,8120,2,91,1,154.67,154.67
19841,8121,1,77,2,135.49,270.98
19842,8121,2,94,3,158.78,476.34
19843,8122,1,80,4,139.60,558.40
19844,8122,2,97,5,162.89,814.45
19845,8123,1,83,6,143.71,862.26
19846,8123,2,100,7,167.00,1169.00
19847,8124,1,86,8,147.82,1182.56
19848,8124,2,103,1,171.11,171.11
19849,8125,1,89,2,151.93,303.86
19850,8125,2,106,3,175.22,525.66
19851,8126,1,92,4,156.04,624.16
19852,8126,2,109,5,179.33,896.65
19853,8127,1,95,6,160.15,960.90
19854,8127,2,112,7,183.44,1284.08
19855,8128,1,98,8,164.26,1314.08
19856,8128,2,3,1,34.11,34.11
19857,8129,1,101,2,168.37,336.74
19858,8129,2,6,3,38.22,114.66
19859,8130,1,104,4,172.48,689.92
19860,8130,2,9,5,42.33,211.65
19861,8131,1,107,6,176.59,1059.54
19862,8131,2,12,7,46.44,325.08
19863,8132,1,110,8,180.70,1445.60
19864,8132,2,15,1,50.55,50.55
19865,8133,1,1,2,31.37,62.74
19866,8133,2,18,3,54.66,163.98
19867,8134,1,4,4,35.48,141.92
19868,8134,2,21,5,58.77,293.85
19869,8135,1,7,6,39.59,237.54
19870,8135,2,24,7,62.88,440.16
19871,8136,1,10,8,43.70,349.60
19872,8136,2,27,1,66.99,66.99
19873,8137,1,13,2,47.81,95.62
19874,8137,2,30,3,71.10,213.30
19875,8138,1,16,4,51.92,207.68
19876,8138,2,33,5,75.21,376.05
19877,8139,1,19,6,56.03,336.18
19878,8139,2,36,7,79.32,555.24
19879,8140,1,22,8,60.14,481.12
19880,8140,2,39,1,83.43,83.43
19881,8141,1,25,2,64.25,128.50
19882,8141,2,42,3,87.54,262.62
19883,8142,1,28,4,68.36,273.44
19884,8142,2,45,5,91.65,458.25
19885,8143,1,31,6,72.47,434.82
19886,8143,2,48,7,95.76,670.32
19887,8144,1,34,8,76.58,612.64
19888,8144,2,51,1,99.87,99.87
19889,8145,1,37,2,80.69,161.38
19890,8145,2,54,3,103.98,311.94
19891,8146,1,40,4,84.80,339.20
19892,8146,2,57,5,108.09,540.45
19893,8147,1,43,6,88.91,533.46
19894,8147,2,60,7,112.20,785.40
19895,8148,1,46,8,93.02,744.16
19896,8148,2,63,1,116.31,116.31
19897,8149,1,49,2,97.13,194.26
19898,8149,2,66,3,120.42,361.26
19899,8150,1,52,4,101.24,404.96
19900,8150,2,69,5,124.53,622.65
19901,8151,1,55,6,105.35,632.10
19902,8151,2,72,7,128.64,900.48
19903,8152,1,58,8,109.46,875.68
19904,8152,2,75,1,132.75,132.75
19905,8153,1,61,2,113.57,227.14
19906,8153,2,78,3,136.86,410.58
19907,8154,1,64,4,117.68,470.72
19908,8154,2,81,5,140.97,704.85
19909,8155,1,67,6,121.79,730.74
19910,8155,2,84,7,145.08,1015.56
19911,8156,1,70,8,125.90,1007.20
19912,8156,2,87,1,149.19,149.19
19913,8157,1,73,2,130.01,260.02
19914,8157,2,90,3,153.30,459.90
19915,8158,1,76,4,134.12,536.48
19916,8158,2,93,5,157.41,787.05
19917,8159,1,79,6,138.23,829.38
19918,8159,2,96,7,161.52,1130.64
19919,8160,1,82,8,142.34,1138.72
19920,8160,2,99,1,165.63,165.63
19921,8161,1,85,2,146.45,292.90
19922,8161,2,102,3,169.74,509.22
19923,8162,1,88,4,150.56,602.24
19924,8162,2,105,5,173.85,869.25
19925,8163,1,91,6,154.67,928.02
19926,8163,2,108,7,177.96,1245.72
19927,8164,1,94,8,158.78,1270.24
19928,8164,2,111,1,182.07,182.07
19929,8165,1,97,2,162.89,325.78
19930,8165,2,2,3,32.74,98.22
19931,8166,1,100,4,167.00,668.00
19932,8166,2,5,5,36.85,184.25
19933,8167,1,103,6,171.11,1026.66
19934,8167,2,8,7,40.96,286.72
19935,8168,1,106,8,175.22,1401.76
19936,8168,2,11,1,45.07,45.07
19937,8169,1,109,2,179.33,358.66
19938,8169,2,14,3,49.18,147.54
19939,8170,1,112,4,183.44,733.76
19940,8170,2,17,5,53.29,266.45
19941,8171,1,3,6,34.11,204.66
19942,8171,2,20,7,57.40,401.80
19943,8172,1,6,8,38.22,305.76
19944,8172,2,23,1,61.51,61.51
19945,8173,1,9,2,42.33,84.66
19946,8173,2,26,3,65.62,196.86
19947,8174,1,12,4,46.44,185.76
19948,8174,2,29,5,69.73,348.65
19949,8175,1,15,6,50.55,303.30
19950,8175,2,32,7,73.84,516.88
19951,8176,1,18,8,54.66,437.28
19952,8176,2,35,1,77.95,77.95
19953,8177,1,21,2,58.77,117.54
19954,8177,2,38,3,82.06,246.18
19955,8178,1,24,4,62.88,251.52
19956,8178,2,41,5,86.17,430.85
19957,8179,1,27,6,66.99,401.94
19958,8179,2,44,7,90.28,631.96
19959,8180,1,30,8,71.10,568.80
19960,8180,2,47,1,94.39,94.39
19961,8181,1,33,2,75.21,150.42
19962,8181,2,50,3,98.50,295.50
19963,8182,1,36,4,79.32,317.28
19964,8182,2,53,5,102.61,513.05
19965,8183,1,39,6,83.43,500.58
19966,8183,2,56,7,106.72,747.04
19967,8184,1,42,8,87.54,700.32
19968,8184,2,59,1,110.83,110.83
19969,8185,1,45,2,91.65,183.30
19970,8185,2,62,3,114.94,344.82
19971,8186,1,48,4,95.76,383.04
19972,8186,2,65,5,119.05,595.25
19973,8187,1,51,6,99.87,599.22
19974,8187,2,68,7,123.16,862.12
19975,8188,1,54,8,103.98,831.84
19976,8188,2,71,1,127.27,127.27
19977,8189,1,57,2,108.09,216.18
19978,8189,2,74,3,131.38,394.14
19979,8190,1,60,4,112.20,448.80
19980,8190,2,77,5,135.49,677.45
19981,8191,1,63,6,116.31,697.86
19982,8191,2,80,7,139.60,977.20
19983,8192,1,66,8,120.42,963.36
19984,8192,2,83,1,143.71,143.71
19985,8193,1,69,2,124.53,249.06
19986,8193,2,86,3,147.82,443.46
19987,8194,1,72,4,128.64,514.56
19988,8194,2,89,5,151.93,759.65
19989,8195,1,75,6,132.75,796.50
19990,8195,2,92,7,156.04,1092.28
19991,8196,1,78,8,136.86,1094.88
19992,8196,2,95,1,160.15,160.15
19993,8197,1,81,2,140.97,281.94
19994,8197,2,98,3,164.26,492.78
19995,8198,1,84,4,145.08,580.32
19996,8198,2,101,5,168.37,841.85
19997,8199,1,87,6,149.19,895.14
19998,8199,2,104,7,172.48,1207.36
19999,8200,1,90,8,153.30,1226.40
20000,8200,2,107,1,176.59,176.59
20001,8201,1,93,2,157.41,314.82
20002,8201,2,110,3,180.70,542.10
20003,8202,1,96,4,161.52,646.08
20004,8202,2,1,5,31.37,156.85
20005,8203,1,99,6,165.63,993.78
20006,8203,2,4,7,35.48,248.36
20007,8204,1,102,8,169.74,1357.92
20008,8204,2,7,1,39.59,39.59
20009,8205,1,105,2,173.85,347.70
20010,8205,2,10,3,43.70,131.10
20011,8206,1,108,4,177.96,711.84
20012,8206,2,13,5,47.81,239.05
20013,8207,1,111,6,182.07,1092.42
20014,8207,2,16,7,51.92,363.44
20015,8208,1,2,8,32.74,261.92
20016,8208,2,19,1,56.03,56.03
20017,8209,1,5,2,36.85,73.70
20018,8209,2,22,3,60.14,180.42
20019,8210,1,8,4,40.96,163.84
20020,8210,2,25,5,64.25,321.25
20021,8211,1,11,6,45.07,270.42
20022,8211,2,28,7,68.36,478.52
20023,8212,1,14,8,49.18,393.44
20024,8212,2,31,1,72.47,72.47
20025,8213,1,17,2,53.29,106.58
20026,8213,2,34,3,76.58,229.74
20027,8214,1,20,4,57.40,229.60
20028,8214,2,37,5,80.69,403.45
20029,8215,1,23,6,61.51,369.06
20030,8215,2,40,7,84.80,593.60
20031,8216,1,26,8,65.62,524.96
20032,8216,2,43,1,88.91,88.91
20033,8217,1,29,2,69.73,139.46
20034,8217,2,46,3,93.02,279.06
20035,8218,1,32,4,73.84,295.36
20036,8218,2,49,5,97.13,485.65
20037,8219,1,35,6,77.95,467.70
20038,8219,2,52,7,101.24,708.68
20039,8220,1,38,8,82.06,656.48
20040,8220,2,55,1,105.35,105.35
20041,8221,1,41,2,86.17,172.34
20042,8221,2,58,3,109.46,328.38
20043,8222,1,44,4,90.28,361.12
20044,8222,2,61,5,113.57,567.85
20045,8223,1,47,6,94.39,566.34
20046,8223,2,64,7,117.68,823.76
20047,8224,1,50,8,98.50,788.00
20048,8224,2,67,1,121.79,121.79
20049,8225,1,53,2,102.61,205.22
20050,8225,2,70,3,125.90,377.70
20051,8226,1,56,4,106.72,426.88
20052,8226,2,73,5,130.01,650.05
20053,8227,1,59,6,110.83,664.98
20054,8227,2,76,7,134.12,938.84
20055,8228,1,62,8,114.94,919.52
20056,8228,2,79,1,138.23,138.23
20057,8229,1,65,2,119.05,238.10
20058,8229,2,82,3,142.34,427.02
20059,8230,1,68,4,123.16,492.64
20060,8230,2,85,5,146.45,732.25
20061,8231,1,71,6,127.27,763.62
20062,8231,2,88,7,150.56,1053.92
20063,8232,1,74,8,131.38,1051.04
20064,8232,2,91,1,154.67,154.67
20065,8233,1,77,2,135.49,270.98
20066,8233,2,94,3,158.78,476.34
20067,8234,1,80,4,139.60,558.40
20068,8234,2,97,5,162.89,814.45
20069,8235,1,83,6,143.71,862.26
20070,8235,2,100,7,167.00,1169.00
20071,8236,1,86,8,147.82,1182.56
20072,8236,2,103,1,171.11,171.11
20073,8237,1,89,2,151.93,303.86
20074,8237,2,106,3,175.22,525.66
20075,8238,1,92,4,156.04,624.16
20076,8238,2,109,5,179.33,896.65
20077,8239,1,95,6,160.15,960.90
20078,8239,2,112,7,183.44,1284.08
20079,8240,1,98,8,164.26,1314.08
20080,8240,2,3,1,34.11,34.11
20081,8241,1,101,2,168.37,336.74
20082,8241,2,6,3,38.22,114.66
20083,8242,1,104,4,172.48,689.92
20084,8242,2,9,5,42.33,211.65
20085,8243,1,107,6,176.59,1059.54
20086,8243,2,12,7,46.44,325.08
20087,8244,1,110,8,180.70,1445.60
20088,8244,2,15,1,50.55,50.55
20089,8245,1,1,2,31.37,62.74
20090,8245,2,18,3,54.66,163.98
20091,8246,1,4,4,35.48,141.92
20092,8246,2,21,5,58.77,293.85
20093,8247,1,7,6,39.59,237.54
20094,8247,2,24,7,62.88,440.16
20095,8248,1,10,8,43.70,349.60
20096,8248,2,27,1,66.99,66.99
20097,8249,1,13,2,47.81,95.62
20098,8249,2,30,3,71.10,213.30
20099,8250,1,16,4,51.92,207.68
20100,8250,2,33,5,75.21,376.05
20101,8251,1,19,6,56.03,336.18
20102,8251,2,36,7,79.32,555.24
20103,8252,1,22,8,60.14,481.12
20104,8252,2,39,1,83.43,83.43
20105,8253,1,25,2,64.25,128.50
20106,8253,2,42,3,87.54,262.62
20107,8254,1,28,4,68.36,273.44
20108,8254,2,45,5,91.65,458.25
20109,8255,1,31,6,72.47,434.82
20110,8255,2,48,7,95.76,670.32
20111,8256,1,34,8,76.58,612.64
20112,8256,2,51,1,99.87,99.87
20113,8257,1,37,2,80.69,161.38
20114,8257,2,54,3,103.98,311.94
20115,8258,1,40,4,84.80,339.20
20116,8258,2,57,5,108.09,540.45
20117,8259,1,43,6,88.91,533.46
20118,8259,2,60,7,112.20,785.40
20119,8260,1,46,8,93.02,744.16
20120,8260,2,63,1,116.31,116.31
20121,8261,1,49,2,97.13,194.26
20122,8261,2,66,3,120.42,361.26
20123,8262,1,52,4,101.24,404.96
20124,8262,2,69,5,124.53,622.65
20125,8263,1,55,6,105.35,632.10
20126,8263,2,72,7,128.64,900.48
20127,8264,1,58,8,109.46,875.68
20128,8264,2,75,1,132.75,132.75
20129,8265,1,61,2,113.57,227.14
20130,8265,2,78,3,136.86,410.58
20131,8266,1,64,4,117.68,470.72
20132,8266,2,81,5,140.97,704.85
20133,8267,1,67,6,121.79,730.74
20134,8267,2,84,7,145.08,1015.56
20135,8268,1,70,8,125.90,1007.20
20136,8268,2,87,1,149.19,149.19
20137,8269,1,73,2,130.01,260.02
20138,8269,2,90,3,153.30,459.90
20139,8270,1,76,4,134.12,536.48
20140,8270,2,93,5,157.41,787.05
20141,8271,1,79,6,138.23,829.38
20142,8271,2,96,7,161.52,1130.64
20143,8272,1,82,8,142.34,1138.72
20144,8272,2,99,1,165.63,165.63
20145,8273,1,85,2,146.45,292.90
20146,8273,2,102,3,169.74,509.22
20147,8274,1,88,4,150.56,602.24
20148,8274,2,105,5,173.85,869.25
20149,8275,1,91,6,154.67,928.02
20150,8275,2,108,7,177.96,1245.72
20151,8276,1,94,8,158.78,1270.24
20152,8276,2,111,1,182.07,182.07
20153,8277,1,97,2,162.89,325.78
20154,8277,2,2,3,32.74,98.22
20155,8278,1,100,4,167.00,668.00
20156,8278,2,5,5,36.85,184.25
20157,8279,1,103,6,171.11,1026.66
20158,8279,2,8,7,40.96,286.72
20159,8280,1,106,8,175.22,1401.76
20160,8280,2,11,1,45.07,45.07
20161,8281,1,109,2,179.33,358.66
20162,8281,2,14,3,49.18,147.54
20163,8282,1,112,4,183.44,733.76
20164,8282,2,17,5,53.29,266.45
20165,8283,1,3,6,34.11,204.66
20166,8283,2,20,7,57.40,401.80
20167,8284,1,6,8,38.22,305.76
20168,8284,2,23,1,61.51,61.51
20169,8285,1,9,2,42.33,84.66
20170,8285,2,26,3,65.62,196.86
20171,8286,1,12,4,46.44,185.76
20172,8286,2,29,5,69.73,348.65
20173,8287,1,15,6,50.55,303.30
20174,8287,2,32,7,73.84,516.88
20175,8288,1,18,8,54.66,437.28
20176,8288,2,35,1,77.95,77.95
20177,8289,1,21,2,58.77,117.54
20178,8289,2,38,3,82.06,246.18
20179,8290,1,24,4,62.88,251.52
20180,8290,2,41,5,86.17,430.85
20181,8291,1,27,6,66.99,401.94
20182,8291,2,44,7,90.28,631.96
20183,8292,1,30,8,71.10,568.80
20184,8292,2,47,1,94.39,94.39
20185,8293,1,33,2,75.21,150.42
20186,8293,2,50,3,98.50,295.50
20187,8294,1,36,4,79.32,317.28
20188,8294,2,53,5,102.61,513.05
20189,8295,1,39,6,83.43,500.58
20190,8295,2,56,7,106.72,747.04
20191,8296,1,42,8,87.54,700.32
20192,8296,2,59,1,110.83,110.83
20193,8297,1,45,2,91.65,183.30
20194,8297,2,62,3,114.94,344.82
20195,8298,1,48,4,95.76,383.04
20196,8298,2,65,5,119.05,595.25
20197,8299,1,51,6,99.87,599.22
20198,8299,2,68,7,123.16,862.12
20199,8300,1,54,8,103.98,831.84
20200,8300,2,71,1,127.27,127.27
20201,8301,1,57,2,108.09,216.18
20202,8301,2,74,3,131.38,394.14
20203,8302,1,60,4,112.20,448.80
20204,8302,2,77,5,135.49,677.45
20205,8303,1,63,6,116.31,697.86
20206,8303,2,80,7,139.60,977.20
20207,8304,1,66,8,120.42,963.36
20208,8304,2,83,1,143.71,143.71
20209,8305,1,69,2,124.53,249.06
20210,8305,2,86,3,147.82,443.46
20211,8306,1,72,4,128.64,514.56
20212,8306,2,89,5,151.93,759.65
20213,8307,1,75,6,132.75,796.50
20214,8307,2,92,7,156.04,1092.28
20215,8308,1,78,8,136.86,1094.88
20216,8308,2,95,1,160.15,160.15
20217,8309,1,81,2,140.97,281.94
20218,8309,2,98,3,164.26,492.78
20219,8310,1,84,4,145.08,580.32
20220,8310,2,101,5,168.37,841.85
20221,8311,1,87,6,149.19,895.14
20222,8311,2,104,7,172.48,1207.36
20223,8312,1,90,8,153.30,1226.40
20224,8312,2,107,1,176.59,176.59
20225,8313,1,93,2,157.41,314.82
20226,8313,2,110,3,180.70,542.10
20227,8314,1,96,4,161.52,646.08
20228,8314,2,1,5,31.37,156.85
20229,8315,1,99,6,165.63,993.78
20230,8315,2,4,7,35.48,248.36
20231,8316,1,102,8,169.74,1357.92
20232,8316,2,7,1,39.59,39.59
20233,8317,1,105,2,173.85,347.70
20234,8317,2,10,3,43.70,131.10
20235,8318,1,108,4,177.96,711.84
20236,8318,2,13,5,47.81,239.05
20237,8319,1,111,6,182.07,1092.42
20238,8319,2,16,7,51.92,363.44
20239,8320,1,2,8,32.74,261.92
20240,8320,2,19,1,56.03,56.03
20241,8321,1,5,2,36.85,73.70
20242,8321,2,22,3,60.14,180.42
20243,8322,1,8,4,40.96,163.84
20244,8322,2,25,5,64.25,321.25
20245,8323,1,11,6,45.07,270.42
20246,8323,2,28,7,68.36,478.52
20247,8324,1,14,8,49.18,393.44
20248,8324,2,31,1,72.47,72.47
20249,8325,1,17,2,53.29,106.58
20250,8325,2,34,3,76.58,229.74
20251,8326,1,20,4,57.40,229.60
20252,8326,2,37,5,80.69,403.45
20253,8327,1,23,6,61.51,369.06
20254,8327,2,40,7,84.80,593.60
20255,8328,1,26,8,65.62,524.96
20256,8328,2,43,1,88.91,88.91
20257,8329,1,29,2,69.73,139.46
20258,8329,2,46,3,93.02,279.06
20259,8330,1,32,4,73.84,295.36
20260,8330,2,49,5,97.13,485.65
20261,8331,1,35,6,77.95,467.70
20262,8331,2,52,7,101.24,708.68
20263,8332,1,38,8,82.06,656.48
20264,8332,2,55,1,105.35,105.35
20265,8333,1,41,2,86.17,172.34
20266,8333,2,58,3,109.46,328.38
20267,8334,1,44,4,90.28,361.12
20268,8334,2,61,5,113.57,567.85
20269,8335,1,47,6,94.39,566.34
20270,8335,2,64,7,117.68,823.76
20271,8336,1,50,8,98.50,788.00
20272,8336,2,67,1,121.79,121.79
20273,8337,1,53,2,102.61,205.22
20274,8337,2,70,3,125.90,377.70
20275,8338,1,56,4,106.72,426.88
20276,8338,2,73,5,130.01,650.05
20277,8339,1,59,6,110.83,664.98
20278,8339,2,76,7,134.12,938.84
20279,8340,1,62,8,114.94,919.52
20280,8340,2,79,1,138.23,138.23
20281,8341,1,65,2,119.05,238.10
20282,8341,2,82,3,142.34,427.02
20283,8342,1,68,4,123.16,492.64
20284,8342,2,85,5,146.45,732.25
20285,8343,1,71,6,127.27,763.62
20286,8343,2,88,7,150.56,1053.92
20287,8344,1,74,8,131.38,1051.04
20288,8344,2,91,1,154.67,154.67
20289,8345,1,77,2,135.49,270.98
20290,8345,2,94,3,158.78,476.34
20291,8346,1,80,4,139.60,558.40
20292,8346,2,97,5,162.89,814.45
20293,8347,1,83,6,143.71,862.26
20294,8347,2,100,7,167.00,1169.00
20295,8348,1,86,8,147.82,1182.56
20296,8348,2,103,1,171.11,171.11
20297,8349,1,89,2,151.93,303.86
20298,8349,2,106,3,175.22,525.66
20299,8350,1,92,4,156.04,624.16
20300,8350,2,109,5,179.33,896.65
20301,8351,1,95,6,160.15,960.90
20302,8351,2,112,7,183.44,1284.08
20303,8352,1,98,8,164.26,1314.08
20304,8352,2,3,1,34.11,34.11
20305,8353,1,101,2,168.37,336.74
20306,8353,2,6,3,38.22,114.66
20307,8354,1,104,4,172.48,689.92
20308,8354,2,9,5,42.33,211.65
20309,8355,1,107,6,176.59,1059.54
20310,8355,2,12,7,46.44,325.08
20311,8356,1,110,8,180.70,1445.60
20312,8356,2,15,1,50.55,50.55
20313,8357,1,1,2,31.37,62.74
20314,8357,2,18,3,54.66,163.98
20315,8358,1,4,4,35.48,141.92
20316,8358,2,21,5,58.77,293.85
20317,8359,1,7,6,39.59,237.54
20318,8359,2,24,7,62.88,440.16
20319,8360,1,10,8,43.70,349.60
20320,8360,2,27,1,66.99,66.99
20321,8361,1,13,2,47.81,95.62
20322,8361,2,30,3,71.10,213.30
20323,8362,1,16,4,51.92,207.68
20324,8362,2,33,5,75.21,376.05
20325,8363,1,19,6,56.03,336.18
20326,8363,2,36,7,79.32,555.24
20327,8364,1,22,8,60.14,481.12
20328,8364,2,39,1,83.43,83.43
20329,8365,1,25,2,64.25,128.50
20330,8365,2,42,3,87.54,262.62
20331,8366,1,28,4,68.36,273.44
20332,8366,2,45,5,91.65,458.25
20333,8367,1,31,6,72.47,434.82
20334,8367,2,48,7,95.76,670.32
20335,8368,1,34,8,76.58,612.64
20336,8368,2,51,1,99.87,99.87
20337,8369,1,37,2,80.69,161.38
20338,8369,2,54,3,103.98,311.94
20339,8370,1,40,4,84.80,339.20
20340,8370,2,57,5,108.09,540.45
20341,8371,1,43,6,88.91,533.46
20342,8371,2,60,7,112.20,785.40
20343,8372,1,46,8,93.02,744.16
20344,8372,2,63,1,116.31,116.31
20345,8373,1,49,2,97.13,194.26
20346,8373,2,66,3,120.42,361.26
20347,8374,1,52,4,101.24,404.96
20348,8374,2,69,5,124.53,622.65
20349,8375,1,55,6,105.35,632.10
20350,8375,2,72,7,128.64,900.48
20351,8376,1,58,8,109.46,875.68
20352,8376,2,75,1,132.75,132.75
20353,8377,1,61,2,113.57,227.14
20354,8377,2,78,3,136.86,410.58
20355,8378,1,64,4,117.68,470.72
20356,8378,2,81,5,140.97,704.85
20357,8379,1,67,6,121.79,730.74
20358,8379,2,84,7,145.08,1015.56
20359,8380,1,70,8,125.90,1007.20
20360,8380,2,87,1,149.19,149.19
20361,8381,1,73,2,130.01,260.02
20362,8381,2,90,3,153.30,459.90
20363,8382,1,76,4,134.12,536.48
20364,8382,2,93,5,157.41,787.05
20365,8383,1,79,6,138.23,829.38
20366,8383,2,96,7,161.52,1130.64
20367,8384,1,82,8,142.34,1138.72
20368,8384,2,99,1,165.63,165.63
20369,8385,1,85,2,146.45,292.90
20370,8385,2,102,3,169.74,509.22
20371,8386,1,88,4,150.56,602.24
20372,8386,2,105,5,173.85,869.25
20373,8387,1,91,6,154.67,928.02
20374,8387,2,108,7,177.96,1245.72
20375,8388,1,94,8,158.78,1270.24
20376,8388,2,111,1,182.07,182.07
20377,8389,1,97,2,162.89,325.78
20378,8389,2,2,3,32.74,98.22
20379,8390,1,100,4,167.00,668.00
20380,8390,2,5,5,36.85,184.25
20381,8391,1,103,6,171.11,1026.66
20382,8391,2,8,7,40.96,286.72
20383,8392,1,106,8,175.22,1401.76
20384,8392,2,11,1,45.07,45.07
20385,8393,1,109,2,179.33,358.66
20386,8393,2,14,3,49.18,147.54
20387,8394,1,112,4,183.44,733.76
20388,8394,2,17,5,53.29,266.45
20389,8395,1,3,6,34.11,204.66
20390,8395,2,20,7,57.40,401.80
20391,8396,1,6,8,38.22,305.76
20392,8396,2,23,1,61.51,61.51
20393,8397,1,9,2,42.33,84.66
20394,8397,2,26,3,65.62,196.86
20395,8398,1,12,4,46.44,185.76
20396,8398,2,29,5,69.73,348.65
20397,8399,1,15,6,50.55,303.30
20398,8399,2,32,7,73.84,516.88
20399,8400,1,18,8,54.66,437.28
20400,8400,2,35,1,77.95,77.95
20401,8401,1,21,2,58.77,117.54
20402,8401,2,38,3,82.06,246.18
20403,8402,1,24,4,62.88,251.52
20404,8402,2,41,5,86.17,430.85
20405,8403,1,27,6,66.99,401.94
20406,8403,2,44,7,90.28,631.96
20407,8404,1,30,8,71.10,568.80
20408,8404,2,47,1,94.39,94.39
20409,8405,1,33,2,75.21,150.42
20410,8405,2,50,3,98.50,295.50
20411,8406,1,36,4,79.32,317.28
20412,8406,2,53,5,102.61,513.05
20413,8407,1,39,6,83.43,500.58
20414,8407,2,56,7,106.72,747.04
20415,8408,1,42,8,87.54,700.32
20416,8408,2,59,1,110.83,110.83
20417,8409,1,45,2,91.65,183.30
20418,8409,2,62,3,114.94,344.82
20419,8410,1,48,4,95.76,383.04
20420,8410,2,65,5,119.05,595.25
20421,8411,1,51,6,99.87,599.22
20422,8411,2,68,7,123.16,862.12
20423,8412,1,54,8,103.98,831.84
20424,8412,2,71,1,127.27,127.27
20425,8413,1,57,2,108.09,216.18
20426,8413,2,74,3,131.38,394.14
20427,8414,1,60,4,112.20,448.80
20428,8414,2,77,5,135.49,677.45
20429,8415,1,63,6,116.31,697.86
20430,8415,2,80,7,139.60,977.20
20431,8416,1,66,8,120.42,963.36
20432,8416,2,83,1,143.71,143.71
20433,8417,1,69,2,124.53,249.06
20434,8417,2,86,3,147.82,443.46
20435,8418,1,72,4,128.64,514.56
20436,8418,2,89,5,151.93,759.65
20437,8419,1,75,6,132.75,796.50
20438,8419,2,92,7,156.04,1092.28
20439,8420,1,78,8,136.86,1094.88
20440,8420,2,95,1,160.15,160.15
20441,8421,1,81,2,140.97,281.94
20442,8421,2,98,3,164.26,492.78
20443,8422,1,84,4,145.08,580.32
20444,8422,2,101,5,168.37,841.85
20445,8423,1,87,6,149.19,895.14
20446,8423,2,104,7,172.48,1207.36
20447,8424,1,90,8,153.30,1226.40
20448,8424,2,107,1,176.59,176.59
20449,8425,1,93,2,157.41,314.82
20450,8425,2,110,3,180.70,542.10
20451,8426,1,96,4,161.52,646.08
20452,8426,2,1,5,31.37,156.85
20453,8427,1,99,6,165.63,993.78
20454,8427,2,4,7,35.48,248.36
20455,8428,1,102,8,169.74,1357.92
20456,8428,2,7,1,39.59,39.59
20457,8429,1,105,2,173.85,347.70
20458,8429,2,10,3,43.70,131.10
20459,8430,1,108,4,177.96,711.84
20460,8430,2,13,5,47.81,239.05
20461,8431,1,111,6,182.07,1092.42
20462,8431,2,16,7,51.92,363.44
20463,8432,1,2,8,32.74,261.92
20464,8432,2,19,1,56.03,56.03
20465,8433,1,5,2,36.85,73.70
20466,8433,2,22,3,60.14,180.42
20467,8434,1,8,4,40.96,163.84
20468,8434,2,25,5,64.25,321.25
20469,8435,1,11,6,45.07,270.42
20470,8435,2,28,7,68.36,478.52
20471,8436,1,14,8,49.18,393.44
20472,8436,2,31,1,72.47,72.47
20473,8437,1,17,2,53.29,106.58
20474,8437,2,34,3,76.58,229.74
20475,8438,1,20,4,57.40,229.60
20476,8438,2,37,5,80.69,403.45
20477,8439,1,23,6,61.51,369.06
20478,8439,2,40,7,84.80,593.60
20479,8440,1,26,8,65.62,524.96
20480,8440,2,43,1,88.91,88.91
20481,8441,1,29,2,69.73,139.46
20482,8441,2,46,3,93.02,279.06
20483,8442,1,32,4,73.84,295.36
20484,8442,2,49,5,97.13,485.65
20485,8443,1,35,6,77.95,467.70
20486,8443,2,52,7,101.24,708.68
20487,8444,1,38,8,82.06,656.48
20488,8444,2,55,1,105.35,105.35
20489,8445,1,41,2,86.17,172.34
20490,8445,2,58,3,109.46,328.38
20491,8446,1,44,4,90.28,361.12
20492,8446,2,61,5,113.57,567.85
20493,8447,1,47,6,94.39,566.34
20494,8447,2,64,7,117.68,823.76
20495,8448,1,50,8,98.50,788.00
20496,8448,2,67,1,121.79,121.79
20497,8449,1,53,2,102.61,205.22
20498,8449,2,70,3,125.90,377.70
20499,8450,1,56,4,106.72,426.88
20500,8450,2,73,5,130.01,650.05
20501,8451,1,59,6,110.83,664.98
20502,8451,2,76,7,134.12,938.84
20503,8452,1,62,8,114.94,919.52
20504,8452,2,79,1,138.23,138.23
20505,8453,1,65,2,119.05,238.10
20506,8453,2,82,3,142.34,427.02
20507,8454,1,68,4,123.16,492.64
20508,8454,2,85,5,146.45,732.25
20509,8455,1,71,6,127.27,763.62
20510,8455,2,88,7,150.56,1053.92
20511,8456,1,74,8,131.38,1051.04
20512,8456,2,91,1,154.67,154.67
20513,8457,1,77,2,135.49,270.98
20514,8457,2,94,3,158.78,476.34
20515,8458,1,80,4,139.60,558.40
20516,8458,2,97,5,162.89,814.45
20517,8459,1,83,6,143.71,862.26
20518,8459,2,100,7,167.00,1169.00
20519,8460,1,86,8,147.82,1182.56
20520,8460,2,103,1,171.11,171.11
20521,8461,1,89,2,151.93,303.86
20522,8461,2,106,3,175.22,525.66
20523,8462,1,92,4,156.04,624.16
20524,8462,2,109,5,179.33,896.65
20525,8463,1,95,6,160.15,960.90
20526,8463,2,112,7,183.44,1284.08
20527,8464,1,98,8,164.26,1314.08
20528,8464,2,3,1,34.11,34.11
20529,8465,1,101,2,168.37,336.74
20530,8465,2,6,3,38.22,114.66
20531,8466,1,104,4,172.48,689.92
20532,8466,2,9,5,42.33,211.65
20533,8467,1,107,6,176.59,1059.54
20534,8467,2,12,7,46.44,325.08
20535,8468,1,110,8,180.70,1445.60
20536,8468,2,15,1,50.55,50.55
20537,8469,1,1,2,31.37,62.74
20538,8469,2,18,3,54.66,163.98
20539,8470,1,4,4,35.48,141.92
20540,8470,2,21,5,58.77,293.85
20541,8471,1,7,6,39.59,237.54
20542,8471,2,24,7,62.88,440.16
20543,8472,1,10,8,43.70,349.60
20544,8472,2,27,1,66.99,66.99
20545,8473,1,13,2,47.81,95.62
20546,8473,2,30,3,71.10,213.30
20547,8474,1,16,4,51.92,207.68
20548,8474,2,33,5,75.21,376.05
20549,8475,1,19,6,56.03,336.18
20550,8475,2,36,7,79.32,555.24
20551,8476,1,22,8,60.14,481.12
20552,8476,2,39,1,83.43,83.43
20553,8477,1,25,2,64.25,128.50
20554,8477,2,42,3,87.54,262.62
20555,8478,1,28,4,68.36,273.44
20556,8478,2,45,5,91.65,458.25
20557,8479,1,31,6,72.47,434.82
20558,8479,2,48,7,95.76,670.32
20559,8480,1,34,8,76.58,612.64
20560,8480,2,51,1,99.87,99.87
20561,8481,1,37,2,80.69,161.38
20562,8481,2,54,3,103.98,311.94
20563,8482,1,40,4,84.80,339.20
20564,8482,2,57,5,108.09,540.45
20565,8483,1,43,6,88.91,533.46
20566,8483,2,60,7,112.20,785.40
20567,8484,1,46,8,93.02,744.16
20568,8484,2,63,1,116.31,116.31
20569,8485,1,49,2,97.13,194.26
20570,8485,2,66,3,120.42,361.26
20571,8486,1,52,4,101.24,404.96
20572,8486,2,69,5,124.53,622.65
20573,8487,1,55,6,105.35,632.10
20574,8487,2,72,7,128.64,900.48
20575,8488,1,58,8,109.46,875.68
20576,8488,2,75,1,132.75,132.75
20577,8489,1,61,2,113.57,227.14
20578,8489,2,78,3,136.86,410.58
20579,8490,1,64,4,117.68,470.72
20580,8490,2,81,5,140.97,704.85
20581,8491,1,67,6,121.79,730.74
20582,8491,2,84,7,145.08,1015.56
20583,8492,1,70,8,125.90,1007.20
20584,8492,2,87,1,149.19,149.19
20585,8493,1,73,2,130.01,260.02
20586,8493,2,90,3,153.30,459.90
20587,8494,1,76,4,134.12,536.48
20588,8494,2,93,5,157.41,787.05
20589,8495,1,79,6,138.23,829.38
20590,8495,2,96,7,161.52,1130.64
20591,8496,1,82,8,142.34,1138.72
20592,8496,2,99,1,165.63,165.63
20593,8497,1,85,2,146.45,292.90
20594,8497,2,102,3,169.74,509.22
20595,8498,1,88,4,150.56,602.24
20596,8498,2,105,5,173.85,869.25
20597,8499,1,91,6,154.67,928.02
20598,8499,2,108,7,177.96,1245.72
20599,8500,1,94,8,158.78,1270.24
20600,8500,2,111,1,182.07,182.07
20601,8501,1,97,2,162.89,325.78
20602,8501,2,2,3,32.74,98.22
20603,8502,1,100,4,167.00,668.00
20604,8502,2,5,5,36.85,184.25
20605,8503,1,103,6,171.11,1026.66
20606,8503,2,8,7,40.96,286.72
20607,8504,1,106,8,175.22,1401.76
20608,8504,2,11,1,45.07,45.07
20609,8505,1,109,2,179.33,358.66
20610,8505,2,14,3,49.18,147.54
20611,8506,1,112,4,183.44,733.76
20612,8506,2,17,5,53.29,266.45
20613,8507,1,3,6,34.11,204.66
20614,8507,2,20,7,57.40,401.80
20615,8508,1,6,8,38.22,305.76
20616,8508,2,23,1,61.51,61.51
20617,8509,1,9,2,42.33,84.66
20618,8509,2,26,3,65.62,196.86
20619,8510,1,12,4,46.44,185.76
20620,8510,2,29,5,69.73,348.65
20621,8511,1,15,6,50.55,303.30
20622,8511,2,32,7,73.84,516.88
20623,8512,1,18,8,54.66,437.28
20624,8512,2,35,1,77.95,77.95
20625,8513,1,21,2,58.77,117.54
20626,8513,2,38,3,82.06,246.18
20627,8514,1,24,4,62.88,251.52
20628,8514,2,41,5,86.17,430.85
20629,8515,1,27,6,66.99,401.94
20630,8515,2,44,7,90.28,631.96
20631,8516,1,30,8,71.10,568.80
20632,8516,2,47,1,94.39,94.39
20633,8517,1,33,2,75.21,150.42
20634,8517,2,50,3,98.50,295.50
20635,8518,1,36,4,79.32,317.28
20636,8518,2,53,5,102.61,513.05
20637,8519,1,39,6,83.43,500.58
20638,8519,2,56,7,106.72,747.04
20639,8520,1,42,8,87.54,700.32
20640,8520,2,59,1,110.83,110.83
20641,8521,1,45,2,91.65,183.30
20642,8521,2,62,3,114.94,344.82
20643,8522,1,48,4,95.76,383.04
20644,8522,2,65,5,119.05,595.25
20645,8523,1,51,6,99.87,599.22
20646,8523,2,68,7,123.16,862.12
20647,8524,1,54,8,103.98,831.84
20648,8524,2,71,1,127.27,127.27
20649,8525,1,57,2,108.09,216.18
20650,8525,2,74,3,131.38,394.14
20651,8526,1,60,4,112.20,448.80
20652,8526,2,77,5,135.49,677.45
20653,8527,1,63,6,116.31,697.86
20654,8527,2,80,7,139.60,977.20
20655,8528,1,66,8,120.42,963.36
20656,8528,2,83,1,143.71,143.71
20657,8529,1,69,2,124.53,249.06
20658,8529,2,86,3,147.82,443.46
20659,8530,1,72,4,128.64,514.56
20660,8530,2,89,5,151.93,759.65
20661,8531,1,75,6,132.75,796.50
20662,8531,2,92,7,156.04,1092.28
20663,8532,1,78,8,136.86,1094.88
20664,8532,2,95,1,160.15,160.15
20665,8533,1,81,2,140.97,281.94
20666,8533,2,98,3,164.26,492.78
20667,8534,1,84,4,145.08,580.32
20668,8534,2,101,5,168.37,841.85
20669,8535,1,87,6,149.19,895.14
20670,8535,2,104,7,172.48,1207.36
20671,8536,1,90,8,153.30,1226.40
20672,8536,2,107,1,176.59,176.59
20673,8537,1,93,2,157.41,314.82
20674,8537,2,110,3,180.70,542.10
20675,8538,1,96,4,161.52,646.08
20676,8538,2,1,5,31.37,156.85
20677,8539,1,99,6,165.63,993.78
20678,8539,2,4,7,35.48,248.36
20679,8540,1,102,8,169.74,1357.92
20680,8540,2,7,1,39.59,39.59
20681,8541,1,105,2,173.85,347.70
20682,8541,2,10,3,43.70,131.10
20683,8542,1,108,4,177.96,711.84
20684,8542,2,13,5,47.81,239.05
20685,8543,1,111,6,182.07,1092.42
20686,8543,2,16,7,51.92,363.44
20687,8544,1,2,8,32.74,261.92
20688,8544,2,19,1,56.03,56.03
20689,8545,1,5,2,36.85,73.70
20690,8545,2,22,3,60.14,180.42
20691,8546,1,8,4,40.96,163.84
20692,8546,2,25,5,64.25,321.25
20693,8547,1,11,6,45.07,270.42
20694,8547,2,28,7,68.36,478.52
20695,8548,1,14,8,49.18,393.44
20696,8548,2,31,1,72.47,72.47
20697,8549,1,17,2,53.29,106.58
20698,8549,2,34,3,76.58,229.74
20699,8550,1,20,4,57.40,229.60
20700,8550,2,37,5,80.69,403.45
20701,8551,1,23,6,61.51,369.06
20702,8551,2,40,7,84.80,593.60
20703,8552,1,26,8,65.62,524.96
20704,8552,2,43,1,88.91,88.91
20705,8553,1,29,2,69.73,139.46
20706,8553,2,46,3,93.02,279.06
20707,8554,1,32,4,73.84,295.36
20708,8554,2,49,5,97.13,485.65
20709,8555,1,35,6,77.95,467.70
20710,8555,2,52,7,101.24,708.68
20711,8556,1,38,8,82.06,656.48
20712,8556,2,55,1,105.35,105.35
20713,8557,1,41,2,86.17,172.34
20714,8557,2,58,3,109.46,328.38
20715,8558,1,44,4,90.28,361.12
20716,8558,2,61,5,113.57,567.85
20717,8559,1,47,6,94.39,566.34
20718,8559,2,64,7,117.68,823.76
20719,8560,1,50,8,98.50,788.00
20720,8560,2,67,1,121.79,121.79
20721,8561,1,53,2,102.61,205.22
20722,8561,2,70,3,125.90,377.70
20723,8562,1,56,4,106.72,426.88
20724,8562,2,73,5,130.01,650.05
20725,8563,1,59,6,110.83,664.98
20726,8563,2,76,7,134.12,938.84
20727,8564,1,62,8,114.94,919.52
20728,8564,2,79,1,138.23,138.23
20729,8565,1,65,2,119.05,238.10
20730,8565,2,82,3,142.34,427.02
20731,8566,1,68,4,123.16,492.64
20732,8566,2,85,5,146.45,732.25
20733,8567,1,71,6,127.27,763.62
20734,8567,2,88,7,150.56,1053.92
20735,8568,1,74,8,131.38,1051.04
20736,8568,2,91,1,154.67,154.67
20737,8569,1,77,2,135.49,270.98
20738,8569,2,94,3,158.78,476.34
20739,8570,1,80,4,139.60,558.40
20740,8570,2,97,5,162.89,814.45
20741,8571,1,83,6,143.71,862.26
20742,8571,2,100,7,167.00,1169.00
20743,8572,1,86,8,147.82,1182.56
20744,8572,2,103,1,171.11,171.11
20745,8573,1,89,2,151.93,303.86
20746,8573,2,106,3,175.22,525.66
20747,8574,1,92,4,156.04,624.16
20748,8574,2,109,5,179.33,896.65
20749,8575,1,95,6,160.15,960.90
20750,8575,2,112,7,183.44,1284.08
20751,8576,1,98,8,164.26,1314.08
20752,8576,2,3,1,34.11,34.11
20753,8577,1,101,2,168.37,336.74
20754,8577,2,6,3,38.22,114.66
20755,8578,1,104,4,172.48,689.92
20756,8578,2,9,5,42.33,211.65
20757,8579,1,107,6,176.59,1059.54
20758,8579,2,12,7,46.44,325.08
20759,8580,1,110,8,180.70,1445.60
20760,8580,2,15,1,50.55,50.55
20761,8581,1,1,2,31.37,62.74
20762,8581,2,18,3,54.66,163.98
20763,8582,1,4,4,35.48,141.92
20764,8582,2,21,5,58.77,293.85
20765,8583,1,7,6,39.59,237.54
20766,8583,2,24,7,62.88,440.16
20767,8584,1,10,8,43.70,349.60
20768,8584,2,27,1,66.99,66.99
20769,8585,1,13,2,47.81,95.62
20770,8585,2,30,3,71.10,213.30
20771,8586,1,16,4,51.92,207.68
20772,8586,2,33,5,75.21,376.05
20773,8587,1,19,6,56.03,336.18
20774,8587,2,36,7,79.32,555.24
20775,8588,1,22,8,60.14,481.12
20776,8588,2,39,1,83.43,83.43
20777,8589,1,25,2,64.25,128.50
20778,8589,2,42,3,87.54,262.62
20779,8590,1,28,4,68.36,273.44
20780,8590,2,45,5,91.65,458.25
20781,8591,1,31,6,72.47,434.82
20782,8591,2,48,7,95.76,670.32
20783,8592,1,34,8,76.58,612.64
20784,8592,2,51,1,99.87,99.87
20785,8593,1,37,2,80.69,161.38
20786,8593,2,54,3,103.98,311.94
20787,8594,1,40,4,84.80,339.20
20788,8594,2,57,5,108.09,540.45
20789,8595,1,43,6,88.91,533.46
20790,8595,2,60,7,112.20,785.40
20791,8596,1,46,8,93.02,744.16
20792,8596,2,63,1,116.31,116.31
20793,8597,1,49,2,97.13,194.26
20794,8597,2,66,3,120.42,361.26
20795,8598,1,52,4,101.24,404.96
20796,8598,2,69,5,124.53,622.65
20797,8599,1,55,6,105.35,632.10
20798,8599,2,72,7,128.64,900.48
20799,8600,1,58,8,109.46,875.68
20800,8600,2,75,1,132.75,132.75
20801,8601,1,61,2,113.57,227.14
20802,8601,2,78,3,136.86,410.58
20803,8602,1,64,4,117.68,470.72
20804,8602,2,81,5,140.97,704.85
20805,8603,1,67,6,121.79,730.74
20806,8603,2,84,7,145.08,1015.56
20807,8604,1,70,8,125.90,1007.20
20808,8604,2,87,1,149.19,149.19
20809,8605,1,73,2,130.01,260.02
20810,8605,2,90,3,153.30,459.90
20811,8606,1,76,4,134.12,536.48
20812,8606,2,93,5,157.41,787.05
20813,8607,1,79,6,138.23,829.38
20814,8607,2,96,7,161.52,1130.64
20815,8608,1,82,8,142.34,1138.72
20816,8608,2,99,1,165.63,165.63
20817,8609,1,85,2,146.45,292.90
20818,8609,2,102,3,169.74,509.22
20819,8610,1,88,4,150.56,602.24
20820,8610,2,105,5,173.85,869.25
20821,8611,1,91,6,154.67,928.02
20822,8611,2,108,7,177.96,1245.72
20823,8612,1,94,8,158.78,1270.24
20824,8612,2,111,1,182.07,182.07
20825,8613,1,97,2,162.89,325.78
20826,8613,2,2,3,32.74,98.22
20827,8614,1,100,4,167.00,668.00
20828,8614,2,5,5,36.85,184.25
20829,8615,1,103,6,171.11,1026.66
20830,8615,2,8,7,40.96,286.72
20831,8616,1,106,8,175.22,1401.76
20832,8616,2,11,1,45.07,45.07
20833,8617,1,109,2,179.33,358.66
20834,8617,2,14,3,49.18,147.54
20835,8618,1,112,4,183.44,733.76
20836,8618,2,17,5,53.29,266.45
20837,8619,1,3,6,34.11,204.66
20838,8619,2,20,7,57.40,401.80
20839,8620,1,6,8,38.22,305.76
20840,8620,2,23,1,61.51,61.51
20841,8621,1,9,2,42.33,84.66
20842,8621,2,26,3,65.62,196.86
20843,8622,1,12,4,46.44,185.76
20844,8622,2,29,5,69.73,348.65
20845,8623,1,15,6,50.55,303.30
20846,8623,2,32,7,73.84,516.88
20847,8624,1,18,8,54.66,437.28
20848,8624,2,35,1,77.95,77.95
20849,8625,1,21,2,58.77,117.54
20850,8625,2,38,3,82.06,246.18
20851,8626,1,24,4,62.88,251.52
20852,8626,2,41,5,86.17,430.85
20853,8627,1,27,6,66.99,401.94
20854,8627,2,44,7,90.28,631.96
20855,8628,1,30,8,71.10,568.80
20856,8628,2,47,1,94.39,94.39
20857,8629,1,33,2,75.21,150.42
20858,8629,2,50,3,98.50,295.50
20859,8630,1,36,4,79.32,317.28
20860,8630,2,53,5,102.61,513.05
20861,8631,1,39,6,83.43,500.58
20862,8631,2,56,7,106.72,747.04
20863,8632,1,42,8,87.54,700.32
20864,8632,2,59,1,110.83,110.83
20865,8633,1,45,2,91.65,183.30
20866,8633,2,62,3,114.94,344.82
20867,8634,1,48,4,95.76,383.04
20868,8634,2,65,5,119.05,595.25
20869,8635,1,51,6,99.87,599.22
20870,8635,2,68,7,123.16,862.12
20871,8636,1,54,8,103.98,831.84
20872,8636,2,71,1,127.27,127.27
20873,8637,1,57,2,108.09,216.18
20874,8637,2,74,3,131.38,394.14
20875,8638,1,60,4,112.20,448.80
20876,8638,2,77,5,135.49,677.45
20877,8639,1,63,6,116.31,697.86
20878,8639,2,80,7,139.60,977.20
20879,8640,1,66,8,120.42,963.36
20880,8640,2,83,1,143.71,143.71
20881,8641,1,69,2,124.53,249.06
20882,8641,2,86,3,147.82,443.46
20883,8642,1,72,4,128.64,514.56
20884,8642,2,89,5,151.93,759.65
20885,8643,1,75,6,132.75,796.50
20886,8643,2,92,7,156.04,1092.28
20887,8644,1,78,8,136.86,1094.88
20888,8644,2,95,1,160.15,160.15
20889,8645,1,81,2,140.97,281.94
20890,8645,2,98,3,164.26,492.78
20891,8646,1,84,4,145.08,580.32
20892,8646,2,101,5,168.37,841.85
20893,8647,1,87,6,149.19,895.14
20894,8647,2,104,7,172.48,1207.36
20895,8648,1,90,8,153.30,1226.40
20896,8648,2,107,1,176.59,176.59
20897,8649,1,93,2,157.41,314.82
20898,8649,2,110,3,180.70,542.10
20899,8650,1,96,4,161.52,646.08
20900,8650,2,1,5,31.37,156.85
20901,8651,1,99,6,165.63,993.78
20902,8651,2,4,7,35.48,248.36
20903,8652,1,102,8,169.74,1357.92
20904,8652,2,7,1,39.59,39.59
20905,8653,1,105,2,173.85,347.70
20906,8653,2,10,3,43.70,131.10
20907,8654,1,108,4,177.96,711.84
20908,8654,2,13,5,47.81,239.05
20909,8655,1,111,6,182.07,1092.42
20910,8655,2,16,7,51.92,363.44
20911,8656,1,2,8,32.74,261.92
20912,8656,2,19,1,56.03,56.03
20913,8657,1,5,2,36.85,73.70
20914,8657,2,22,3,60.14,180.42
20915,8658,1,8,4,40.96,163.84
20916,8658,2,25,5,64.25,321.25
20917,8659,1,11,6,45.07,270.42
20918,8659,2,28,7,68.36,478.52
20919,8660,1,14,8,49.18,393.44
20920,8660,2,31,1,72.47,72.47
20921,8661,1,17,2,53.29,106.58
20922,8661,2,34,3,76.58,229.74
20923,8662,1,20,4,57.40,229.60
20924,8662,2,37,5,80.69,403.45
20925,8663,1,23,6,61.51,369.06
20926,8663,2,40,7,84.80,593.60
20927,8664,1,26,8,65.62,524.96
20928,8664,2,43,1,88.91,88.91
20929,8665,1,29,2,69.73,139.46
20930,8665,2,46,3,93.02,279.06
20931,8666,1,32,4,73.84,295.36
20932,8666,2,49,5,97.13,485.65
20933,8667,1,35,6,77.95,467.70
20934,8667,2,52,7,101.24,708.68
20935,8668,1,38,8,82.06,656.48
20936,8668,2,55,1,105.35,105.35
20937,8669,1,41,2,86.17,172.34
20938,8669,2,58,3,109.46,328.38
20939,8670,1,44,4,90.28,361.12
20940,8670,2,61,5,113.57,567.85
20941,8671,1,47,6,94.39,566.34
20942,8671,2,64,7,117.68,823.76
20943,8672,1,50,8,98.50,788.00
20944,8672,2,67,1,121.79,121.79
20945,8673,1,53,2,102.61,205.22
20946,8673,2,70,3,125.90,377.70
20947,8674,1,56,4,106.72,426.88
20948,8674,2,73,5,130.01,650.05
20949,8675,1,59,6,110.83,664.98
20950,8675,2,76,7,134.12,938.84
20951,8676,1,62,8,114.94,919.52
20952,8676,2,79,1,138.23,138.23
20953,8677,1,65,2,119.05,238.10
20954,8677,2,82,3,142.34,427.02
20955,8678,1,68,4,123.16,492.64
20956,8678,2,85,5,146.45,732.25
20957,8679,1,71,6,127.27,763.62
20958,8679,2,88,7,150.56,1053.92
20959,8680,1,74,8,131.38,1051.04
20960,8680,2,91,1,154.67,154.67
20961,8681,1,77,2,135.49,270.98
20962,8681,2,94,3,158.78,476.34
20963,8682,1,80,4,139.60,558.40
20964,8682,2,97,5,162.89,814.45
20965,8683,1,83,6,143.71,862.26
20966,8683,2,100,7,167.00,1169.00
20967,8684,1,86,8,147.82,1182.56
20968,8684,2,103,1,171.11,171.11
20969,8685,1,89,2,151.93,303.86
20970,8685,2,106,3,175.22,525.66
20971,8686,1,92,4,156.04,624.16
20972,8686,2,109,5,179.33,896.65
20973,8687,1,95,6,160.15,960.90
20974,8687,2,112,7,183.44,1284.08
20975,8688,1,98,8,164.26,1314.08
20976,8688,2,3,1,34.11,34.11
20977,8689,1,101,2,168.37,336.74
20978,8689,2,6,3,38.22,114.66
20979,8690,1,104,4,172.48,689.92
20980,8690,2,9,5,42.33,211.65
20981,8691,1,107,6,176.59,1059.54
20982,8691,2,12,7,46.44,325.08
20983,8692,1,110,8,180.70,1445.60
20984,8692,2,15,1,50.55,50.55
20985,8693,1,1,2,31.37,62.74
20986,8693,2,18,3,54.66,163.98
20987,8694,1,4,4,35.48,141.92
20988,8694,2,21,5,58.77,293.85
20989,8695,1,7,6,39.59,237.54
20990,8695,2,24,7,62.88,440.16
20991,8696,1,10,8,43.70,349.60
20992,8696,2,27,1,66.99,66.99
20993,8697,1,13,2,47.81,95.62
20994,8697,2,30,3,71.10,213.30
20995,8698,1,16,4,51.92,207.68
20996,8698,2,33,5,75.21,376.05
20997,8699,1,19,6,56.03,336.18
20998,8699,2,36,7,79.32,555.24
20999,8700,1,22,8,60.14,481.12
21000,8700,2,39,1,83.43,83.43
21001,8701,1,25,2,64.25,128.50
21002,8701,2,42,3,87.54,262.62
21003,8702,1,28,4,68.36,273.44
21004,8702,2,45,5,91.65,458.25
21005,8703,1,31,6,72.47,434.82
21006,8703,2,48,7,95.76,670.32
21007,8704,1,34,8,76.58,612.64
21008,8704,2,51,1,99.87,99.87
21009,8705,1,37,2,80.69,161.38
21010,8705,2,54,3,103.98,311.94
21011,8706,1,40,4,84.80,339.20
21012,8706,2,57,5,108.09,540.45
21013,8707,1,43,6,88.91,533.46
21014,8707,2,60,7,112.20,785.40
21015,8708,1,46,8,93.02,744.16
21016,8708,2,63,1,116.31,116.31
21017,8709,1,49,2,97.13,194.26
21018,8709,2,66,3,120.42,361.26
21019,8710,1,52,4,101.24,404.96
21020,8710,2,69,5,124.53,622.65
21021,8711,1,55,6,105.35,632.10
21022,8711,2,72,7,128.64,900.48
21023,8712,1,58,8,109.46,875.68
21024,8712,2,75,1,132.75,132.75
21025,8713,1,61,2,113.57,227.14
21026,8713,2,78,3,136.86,410.58
21027,8714,1,64,4,117.68,470.72
21028,8714,2,81,5,140.97,704.85
21029,8715,1,67,6,121.79,730.74
21030,8715,2,84,7,145.08,1015.56
21031,8716,1,70,8,125.90,1007.20
21032,8716,2,87,1,149.19,149.19
21033,8717,1,73,2,130.01,260.02
21034,8717,2,90,3,153.30,459.90
21035,8718,1,76,4,134.12,536.48
21036,8718,2,93,5,157.41,787.05
21037,8719,1,79,6,138.23,829.38
21038,8719,2,96,7,161.52,1130.64
21039,8720,1,82,8,142.34,1138.72
21040,8720,2,99,1,165.63,165.63
21041,8721,1,85,2,146.45,292.90
21042,8721,2,102,3,169.74,509.22
21043,8722,1,88,4,150.56,602.24
21044,8722,2,105,5,173.85,869.25
21045,8723,1,91,6,154.67,928.02
21046,8723,2,108,7,177.96,1245.72
21047,8724,1,94,8,158.78,1270.24
21048,8724,2,111,1,182.07,182.07
21049,8725,1,97,2,162.89,325.78
21050,8725,2,2,3,32.74,98.22
21051,8726,1,100,4,167.00,668.00
21052,8726,2,5,5,36.85,184.25
21053,8727,1,103,6,171.11,1026.66
21054,8727,2,8,7,40.96,286.72
21055,8728,1,106,8,175.22,1401.76
21056,8728,2,11,1,45.07,45.07
21057,8729,1,109,2,179.33,358.66
21058,8729,2,14,3,49.18,147.54
21059,8730,1,112,4,183.44,733.76
21060,8730,2,17,5,53.29,266.45
21061,8731,1,3,6,34.11,204.66
21062,8731,2,20,7,57.40,401.80
21063,8732,1,6,8,38.22,305.76
21064,8732,2,23,1,61.51,61.51
21065,8733,1,9,2,42.33,84.66
21066,8733,2,26,3,65.62,196.86
21067,8734,1,12,4,46.44,185.76
21068,8734,2,29,5,69.73,348.65
21069,8735,1,15,6,50.55,303.30
21070,8735,2,32,7,73.84,516.88
21071,8736,1,18,8,54.66,437.28
21072,8736,2,35,1,77.95,77.95
21073,8737,1,21,2,58.77,117.54
21074,8737,2,38,3,82.06,246.18
21075,8738,1,24,4,62.88,251.52
21076,8738,2,41,5,86.17,430.85
21077,8739,1,27,6,66.99,401.94
21078,8739,2,44,7,90.28,631.96
21079,8740,1,30,8,71.10,568.80
21080,8740,2,47,1,94.39,94.39
21081,8741,1,33,2,75.21,150.42
21082,8741,2,50,3,98.50,295.50
21083,8742,1,36,4,79.32,317.28
21084,8742,2,53,5,102.61,513.05
21085,8743,1,39,6,83.43,500.58
21086,8743,2,56,7,106.72,747.04
21087,8744,1,42,8,87.54,700.32
21088,8744,2,59,1,110.83,110.83
21089,8745,1,45,2,91.65,183.30
21090,8745,2,62,3,114.94,344.82
21091,8746,1,48,4,95.76,383.04
21092,8746,2,65,5,119.05,595.25
21093,8747,1,51,6,99.87,599.22
21094,8747,2,68,7,123.16,862.12
21095,8748,1,54,8,103.98,831.84
21096,8748,2,71,1,127.27,127.27
21097,8749,1,57,2,108.09,216.18
21098,8749,2,74,3,131.38,394.14
21099,8750,1,60,4,112.20,448.80
21100,8750,2,77,5,135.49,677.45
21101,8751,1,63,6,116.31,697.86
21102,8751,2,80,7,139.60,977.20
21103,8752,1,66,8,120.42,963.36
21104,8752,2,83,1,143.71,143.71
21105,8753,1,69,2,124.53,249.06
21106,8753,2,86,3,147.82,443.46
21107,8754,1,72,4,128.64,514.56
21108,8754,2,89,5,151.93,759.65
21109,8755,1,75,6,132.75,796.50
21110,8755,2,92,7,156.04,1092.28
21111,8756,1,78,8,136.86,1094.88
21112,8756,2,95,1,160.15,160.15
21113,8757,1,81,2,140.97,281.94
21114,8757,2,98,3,164.26,492.78
21115,8758,1,84,4,145.08,580.32
21116,8758,2,101,5,168.37,841.85
21117,8759,1,87,6,149.19,895.14
21118,8759,2,104,7,172.48,1207.36
21119,8760,1,90,8,153.30,1226.40
21120,8760,2,107,1,176.59,176.59
21121,8761,1,93,2,157.41,314.82
21122,8761,2,110,3,180.70,542.10
21123,8762,1,96,4,161.52,646.08
21124,8762,2,1,5,31.37,156.85
21125,8763,1,99,6,165.63,993.78
21126,8763,2,4,7,35.48,248.36
21127,8764,1,102,8,169.74,1357.92
21128,8764,2,7,1,39.59,39.59
21129,8765,1,105,2,173.85,347.70
21130,8765,2,10,3,43.70,131.10
21131,8766,1,108,4,177.96,711.84
21132,8766,2,13,5,47.81,239.05
21133,8767,1,111,6,182.07,1092.42
21134,8767,2,16,7,51.92,363.44
21135,8768,1,2,8,32.74,261.92
21136,8768,2,19,1,56.03,56.03
21137,8769,1,5,2,36.85,73.70
21138,8769,2,22,3,60.14,180.42
21139,8770,1,8,4,40.96,163.84
21140,8770,2,25,5,64.25,321.25
21141,8771,1,11,6,45.07,270.42
21142,8771,2,28,7,68.36,478.52
21143,8772,1,14,8,49.18,393.44
21144,8772,2,31,1,72.47,72.47
21145,8773,1,17,2,53.29,106.58
21146,8773,2,34,3,76.58,229.74
21147,8774,1,20,4,57.40,229.60
21148,8774,2,37,5,80.69,403.45
21149,8775,1,23,6,61.51,369.06
21150,8775,2,40,7,84.80,593.60
21151,8776,1,26,8,65.62,524.96
21152,8776,2,43,1,88.91,88.91
21153,8777,1,29,2,69.73,139.46
21154,8777,2,46,3,93.02,279.06
21155,8778,1,32,4,73.84,295.36
21156,8778,2,49,5,97.13,485.65
21157,8779,1,35,6,77.95,467.70
21158,8779,2,52,7,101.24,708.68
21159,8780,1,38,8,82.06,656.48
21160,8780,2,55,1,105.35,105.35
21161,8781,1,41,2,86.17,172.34
21162,8781,2,58,3,109.46,328.38
21163,8782,1,44,4,90.28,361.12
21164,8782,2,61,5,113.57,567.85
21165,8783,1,47,6,94.39,566.34
21166,8783,2,64,7,117.68,823.76
21167,8784,1,50,8,98.50,788.00
21168,8784,2,67,1,121.79,121.79
21169,8785,1,53,2,102.61,205.22
21170,8785,2,70,3,125.90,377.70
21171,8786,1,56,4,106.72,426.88
21172,8786,2,73,5,130.01,650.05
21173,8787,1,59,6,110.83,664.98
21174,8787,2,76,7,134.12,938.84
21175,8788,1,62,8,114.94,919.52
21176,8788,2,79,1,138.23,138.23
21177,8789,1,65,2,119.05,238.10
21178,8789,2,82,3,142.34,427.02
21179,8790,1,68,4,123.16,492.64
21180,8790,2,85,5,146.45,732.25
21181,8791,1,71,6,127.27,763.62
21182,8791,2,88,7,150.56,1053.92
21183,8792,1,74,8,131.38,1051.04
21184,8792,2,91,1,154.67,154.67
21185,8793,1,77,2,135.49,270.98
21186,8793,2,94,3,158.78,476.34
21187,8794,1,80,4,139.60,558.40
21188,8794,2,97,5,162.89,814.45
21189,8795,1,83,6,143.71,862.26
21190,8795,2,100,7,167.00,1169.00
21191,8796,1,86,8,147.82,1182.56
21192,8796,2,103,1,171.11,171.11
21193,8797,1,89,2,151.93,303.86
21194,8797,2,106,3,175.22,525.66
21195,8798,1,92,4,156.04,624.16
21196,8798,2,109,5,179.33,896.65
21197,8799,1,95,6,160.15,960.90
21198,8799,2,112,7,183.44,1284.08
21199,8800,1,98,8,164.26,1314.08
21200,8800,2,3,1,34.11,34.11
21201,8801,1,101,2,168.37,336.74
21202,8801,2,6,3,38.22,114.66
21203,8802,1,104,4,172.48,689.92
21204,8802,2,9,5,42.33,211.65
21205,8803,1,107,6,176.59,1059.54
21206,8803,2,12,7,46.44,325.08
21207,8804,1,110,8,180.70,1445.60
21208,8804,2,15,1,50.55,50.55
21209,8805,1,1,2,31.37,62.74
21210,8805,2,18,3,54.66,163.98
21211,8806,1,4,4,35.48,141.92
21212,8806,2,21,5,58.77,293.85
21213,8807,1,7,6,39.59,237.54
21214,8807,2,24,7,62.88,440.16
21215,8808,1,10,8,43.70,349.60
21216,8808,2,27,1,66.99,66.99
21217,8809,1,13,2,47.81,95.62
21218,8809,2,30,3,71.10,213.30
21219,8810,1,16,4,51.92,207.68
21220,8810,2,33,5,75.21,376.05
21221,8811,1,19,6,56.03,336.18
21222,8811,2,36,7,79.32,555.24
21223,8812,1,22,8,60.14,481.12
21224,8812,2,39,1,83.43,83.43
21225,8813,1,25,2,64.25,128.50
21226,8813,2,42,3,87.54,262.62
21227,8814,1,28,4,68.36,273.44
21228,8814,2,45,5,91.65,458.25
21229,8815,1,31,6,72.47,434.82
21230,8815,2,48,7,95.76,670.32
21231,8816,1,34,8,76.58,612.64
21232,8816,2,51,1,99.87,99.87
21233,8817,1,37,2,80.69,161.38
21234,8817,2,54,3,103.98,311.94
21235,8818,1,40,4,84.80,339.20
21236,8818,2,57,5,108.09,540.45
21237,8819,1,43,6,88.91,533.46
21238,8819,2,60,7,112.20,785.40
21239,8820,1,46,8,93.02,744.16
21240,8820,2,63,1,116.31,116.31
21241,8821,1,49,2,97.13,194.26
21242,8821,2,66,3,120.42,361.26
21243,8822,1,52,4,101.24,404.96
21244,8822,2,69,5,124.53,622.65
21245,8823,1,55,6,105.35,632.10
21246,8823,2,72,7,128.64,900.48
21247,8824,1,58,8,109.46,875.68
21248,8824,2,75,1,132.75,132.75
21249,8825,1,61,2,113.57,227.14
21250,8825,2,78,3,136.86,410.58
21251,8826,1,64,4,117.68,470.72
21252,8826,2,81,5,140.97,704.85
21253,8827,1,67,6,121.79,730.74
21254,8827,2,84,7,145.08,1015.56
21255,8828,1,70,8,125.90,1007.20
21256,8828,2,87,1,149.19,149.19
21257,8829,1,73,2,130.01,260.02
21258,8829,2,90,3,153.30,459.90
21259,8830,1,76,4,134.12,536.48
21260,8830,2,93,5,157.41,787.05
21261,8831,1,79,6,138.23,829.38
21262,8831,2,96,7,161.52,1130.64
21263,8832,1,82,8,142.34,1138.72
21264,8832,2,99,1,165.63,165.63
21265,8833,1,85,2,146.45,292.90
21266,8833,2,102,3,169.74,509.22
21267,8834,1,88,4,150.56,602.24
21268,8834,2,105,5,173.85,869.25
21269,8835,1,91,6,154.67,928.02
21270,8835,2,108,7,177.96,1245.72
21271,8836,1,94,8,158.78,1270.24
21272,8836,2,111,1,182.07,182.07
21273,8837,1,97,2,162.89,325.78
21274,8837,2,2,3,32.74,98.22
21275,8838,1,100,4,167.00,668.00
21276,8838,2,5,5,36.85,184.25
21277,8839,1,103,6,171.11,1026.66
21278,8839,2,8,7,40.96,286.72
21279,8840,1,106,8,175.22,1401.76
21280,8840,2,11,1,45.07,45.07
21281,8841,1,109,2,179.33,358.66
21282,8841,2,14,3,49.18,147.54
21283,8842,1,112,4,183.44,733.76
21284,8842,2,17,5,53.29,266.45
21285,8843,1,3,6,34.11,204.66
21286,8843,2,20,7,57.40,401.80
21287,8844,1,6,8,38.22,305.76
21288,8844,2,23,1,61.51,61.51
21289,8845,1,9,2,42.33,84.66
21290,8845,2,26,3,65.62,196.86
21291,8846,1,12,4,46.44,185.76
21292,8846,2,29,5,69.73,348.65
21293,8847,1,15,6,50.55,303.30
21294,8847,2,32,7,73.84,516.88
21295,8848,1,18,8,54.66,437.28
21296,8848,2,35,1,77.95,77.95
21297,8849,1,21,2,58.77,117.54
21298,8849,2,38,3,82.06,246.18
21299,8850,1,24,4,62.88,251.52
21300,8850,2,41,5,86.17,430.85
21301,8851,1,27,6,66.99,401.94
21302,8851,2,44,7,90.28,631.96
21303,8852,1,30,8,71.10,568.80
21304,8852,2,47,1,94.39,94.39
21305,8853,1,33,2,75.21,150.42
21306,8853,2,50,3,98.50,295.50
21307,8854,1,36,4,79.32,317.28
21308,8854,2,53,5,102.61,513.05
21309,8855,1,39,6,83.43,500.58
21310,8855,2,56,7,106.72,747.04
21311,8856,1,42,8,87.54,700.32
21312,8856,2,59,1,110.83,110.83
21313,8857,1,45,2,91.65,183.30
21314,8857,2,62,3,114.94,344.82
21315,8858,1,48,4,95.76,383.04
21316,8858,2,65,5,119.05,595.25
21317,8859,1,51,6,99.87,599.22
21318,8859,2,68,7,123.16,862.12
21319,8860,1,54,8,103.98,831.84
21320,8860,2,71,1,127.27,127.27
21321,8861,1,57,2,108.09,216.18
21322,8861,2,74,3,131.38,394.14
21323,8862,1,60,4,112.20,448.80
21324,8862,2,77,5,135.49,677.45
21325,8863,1,63,6,116.31,697.86
21326,8863,2,80,7,139.60,977.20
21327,8864,1,66,8,120.42,963.36
21328,8864,2,83,1,143.71,143.71
21329,8865,1,69,2,124.53,249.06
21330,8865,2,86,3,147.82,443.46
21331,8866,1,72,4,128.64,514.56
21332,8866,2,89,5,151.93,759.65
21333,8867,1,75,6,132.75,796.50
21334,8867,2,92,7,156.04,1092.28
21335,8868,1,78,8,136.86,1094.88
21336,8868,2,95,1,160.15,160.15
21337,8869,1,81,2,140.97,281.94
21338,8869,2,98,3,164.26,492.78
21339,8870,1,84,4,145.08,580.32
21340,8870,2,101,5,168.37,841.85
21341,8871,1,87,6,149.19,895.14
21342,8871,2,104,7,172.48,1207.36
21343,8872,1,90,8,153.30,1226.40
21344,8872,2,107,1,176.59,176.59
21345,8873,1,93,2,157.41,314.82
21346,8873,2,110,3,180.70,542.10
21347,8874,1,96,4,161.52,646.08
21348,8874,2,1,5,31.37,156.85
21349,8875,1,99,6,165.63,993.78
21350,8875,2,4,7,35.48,248.36
21351,8876,1,102,8,169.74,1357.92
21352,8876,2,7,1,39.59,39.59
21353,8877,1,105,2,173.85,347.70
21354,8877,2,10,3,43.70,131.10
21355,8878,1,108,4,177.96,711.84
21356,8878,2,13,5,47.81,239.05
21357,8879,1,111,6,182.07,1092.42
21358,8879,2,16,7,51.92,363.44
21359,8880,1,2,8,32.74,261.92
21360,8880,2,19,1,56.03,56.03
21361,8881,1,5,2,36.85,73.70
21362,8881,2,22,3,60.14,180.42
21363,8882,1,8,4,40.96,163.84
21364,8882,2,25,5,64.25,321.25
21365,8883,1,11,6,45.07,270.42
21366,8883,2,28,7,68.36,478.52
21367,8884,1,14,8,49.18,393.44
21368,8884,2,31,1,72.47,72.47
21369,8885,1,17,2,53.29,106.58
21370,8885,2,34,3,76.58,229.74
21371,8886,1,20,4,57.40,229.60
21372,8886,2,37,5,80.69,403.45
21373,8887,1,23,6,61.51,369.06
21374,8887,2,40,7,84.80,593.60
21375,8888,1,26,8,65.62,524.96
21376,8888,2,43,1,88.91,88.91
21377,8889,1,29,2,69.73,139.46
21378,8889,2,46,3,93.02,279.06
21379,8890,1,32,4,73.84,295.36
21380,8890,2,49,5,97.13,485.65
21381,8891,1,35,6,77.95,467.70
21382,8891,2,52,7,101.24,708.68
21383,8892,1,38,8,82.06,656.48
21384,8892,2,55,1,105.35,105.35
21385,8893,1,41,2,86.17,172.34
21386,8893,2,58,3,109.46,328.38
21387,8894,1,44,4,90.28,361.12
21388,8894,2,61,5,113.57,567.85
21389,8895,1,47,6,94.39,566.34
21390,8895,2,64,7,117.68,823.76
21391,8896,1,50,8,98.50,788.00
21392,8896,2,67,1,121.79,121.79
21393,8897,1,53,2,102.61,205.22
21394,8897,2,70,3,125.90,377.70
21395,8898,1,56,4,106.72,426.88
21396,8898,2,73,5,130.01,650.05
21397,8899,1,59,6,110.83,664.98
21398,8899,2,76,7,134.12,938.84
21399,8900,1,62,8,114.94,919.52
21400,8900,2,79,1,138.23,138.23
21401,8901,1,65,2,119.05,238.10
21402,8901,2,82,3,142.34,427.02
21403,8902,1,68,4,123.16,492.64
21404,8902,2,85,5,146.45,732.25
21405,8903,1,71,6,127.27,763.62
21406,8903,2,88,7,150.56,1053.92
21407,8904,1,74,8,131.38,1051.04
21408,8904,2,91,1,154.67,154.67
21409,8905,1,77,2,135.49,270.98
21410,8905,2,94,3,158.78,476.34
21411,8906,1,80,4,139.60,558.40
21412,8906,2,97,5,162.89,814.45
21413,8907,1,83,6,143.71,862.26
21414,8907,2,100,7,167.00,1169.00
21415,8908,1,86,8,147.82,1182.56
21416,8908,2,103,1,171.11,171.11
21417,8909,1,89,2,151.93,303.86
21418,8909,2,106,3,175.22,525.66
21419,8910,1,92,4,156.04,624.16
21420,8910,2,109,5,179.33,896.65
21421,8911,1,95,6,160.15,960.90
21422,8911,2,112,7,183.44,1284.08
21423,8912,1,98,8,164.26,1314.08
21424,8912,2,3,1,34.11,34.11
21425,8913,1,101,2,168.37,336.74
21426,8913,2,6,3,38.22,114.66
21427,8914,1,104,4,172.48,689.92
21428,8914,2,9,5,42.33,211.65
21429,8915,1,107,6,176.59,1059.54
21430,8915,2,12,7,46.44,325.08
21431,8916,1,110,8,180.70,1445.60
21432,8916,2,15,1,50.55,50.55
21433,8917,1,1,2,31.37,62.74
21434,8917,2,18,3,54.66,163.98
21435,8918,1,4,4,35.48,141.92
21436,8918,2,21,5,58.77,293.85
21437,8919,1,7,6,39.59,237.54
21438,8919,2,24,7,62.88,440.16
21439,8920,1,10,8,43.70,349.60
21440,8920,2,27,1,66.99,66.99
21441,8921,1,13,2,47.81,95.62
21442,8921,2,30,3,71.10,213.30
21443,8922,1,16,4,51.92,207.68
21444,8922,2,33,5,75.21,376.05
21445,8923,1,19,6,56.03,336.18
21446,8923,2,36,7,79.32,555.24
21447,8924,1,22,8,60.14,481.12
21448,8924,2,39,1,83.43,83.43
21449,8925,1,25,2,64.25,128.50
21450,8925,2,42,3,87.54,262.62
21451,8926,1,28,4,68.36,273.44
21452,8926,2,45,5,91.65,458.25
21453,8927,1,31,6,72.47,434.82
21454,8927,2,48,7,95.76,670.32
21455,8928,1,34,8,76.58,612.64
21456,8928,2,51,1,99.87,99.87
21457,8929,1,37,2,80.69,161.38
21458,8929,2,54,3,103.98,311.94
21459,8930,1,40,4,84.80,339.20
21460,8930,2,57,5,108.09,540.45
21461,8931,1,43,6,88.91,533.46
21462,8931,2,60,7,112.20,785.40
21463,8932,1,46,8,93.02,744.16
21464,8932,2,63,1,116.31,116.31
21465,8933,1,49,2,97.13,194.26
21466,8933,2,66,3,120.42,361.26
21467,8934,1,52,4,101.24,404.96
21468,8934,2,69,5,124.53,622.65
21469,8935,1,55,6,105.35,632.10
21470,8935,2,72,7,128.64,900.48
21471,8936,1,58,8,109.46,875.68
21472,8936,2,75,1,132.75,132.75
21473,8937,1,61,2,113.57,227.14
21474,8937,2,78,3,136.86,410.58
21475,8938,1,64,4,117.68,470.72
21476,8938,2,81,5,140.97,704.85
21477,8939,1,67,6,121.79,730.74
21478,8939,2,84,7,145.08,1015.56
21479,8940,1,70,8,125.90,1007.20
21480,8940,2,87,1,149.19,149.19
21481,8941,1,73,2,130.01,260.02
21482,8941,2,90,3,153.30,459.90
21483,8942,1,76,4,134.12,536.48
21484,8942,2,93,5,157.41,787.05
21485,8943,1,79,6,138.23,829.38
21486,8943,2,96,7,161.52,1130.64
21487,8944,1,82,8,142.34,1138.72
21488,8944,2,99,1,165.63,165.63
21489,8945,1,85,2,146.45,292.90
21490,8945,2,102,3,169.74,509.22
21491,8946,1,88,4,150.56,602.24
21492,8946,2,105,5,173.85,869.25
21493,8947,1,91,6,154.67,928.02
21494,8947,2,108,7,177.96,1245.72
21495,8948,1,94,8,158.78,1270.24
21496,8948,2,111,1,182.07,182.07
21497,8949,1,97,2,162.89,325.78
21498,8949,2,2,3,32.74,98.22
21499,8950,1,100,4,167.00,668.00
21500,8950,2,5,5,36.85,184.25
21501,8951,1,103,6,171.11,1026.66
21502,8951,2,8,7,40.96,286.72
21503,8952,1,106,8,175.22,1401.76
21504,8952,2,11,1,45.07,45.07
21505,8953,1,109,2,179.33,358.66
21506,8953,2,14,3,49.18,147.54
21507,8954,1,112,4,183.44,733.76
21508,8954,2,17,5,53.29,266.45
21509,8955,1,3,6,34.11,204.66
21510,8955,2,20,7,57.40,401.80
21511,8956,1,6,8,38.22,305.76
21512,8956,2,23,1,61.51,61.51
21513,8957,1,9,2,42.33,84.66
21514,8957,2,26,3,65.62,196.86
21515,8958,1,12,4,46.44,185.76
21516,8958,2,29,5,69.73,348.65
21517,8959,1,15,6,50.55,303.30
21518,8959,2,32,7,73.84,516.88
21519,8960,1,18,8,54.66,437.28
21520,8960,2,35,1,77.95,77.95
21521,8961,1,21,2,58.77,117.54
21522,8961,2,38,3,82.06,246.18
21523,8962,1,24,4,62.88,251.52
21524,8962,2,41,5,86.17,430.85
21525,8963,1,27,6,66.99,401.94
21526,8963,2,44,7,90.28,631.96
21527,8964,1,30,8,71.10,568.80
21528,8964,2,47,1,94.39,94.39
21529,8965,1,33,2,75.21,150.42
21530,8965,2,50,3,98.50,295.50
21531,8966,1,36,4,79.32,317.28
21532,8966,2,53,5,102.61,513.05
21533,8967,1,39,6,83.43,500.58
21534,8967,2,56,7,106.72,747.04
21535,8968,1,42,8,87.54,700.32
21536,8968,2,59,1,110.83,110.83
21537,8969,1,45,2,91.65,183.30
21538,8969,2,62,3,114.94,344.82
21539,8970,1,48,4,95.76,383.04
21540,8970,2,65,5,119.05,595.25
21541,8971,1,51,6,99.87,599.22
21542,8971,2,68,7,123.16,862.12
21543,8972,1,54,8,103.98,831.84
21544,8972,2,71,1,127.27,127.27
21545,8973,1,57,2,108.09,216.18
21546,8973,2,74,3,131.38,394.14
21547,8974,1,60,4,112.20,448.80
21548,8974,2,77,5,135.49,677.45
21549,8975,1,63,6,116.31,697.86
21550,8975,2,80,7,139.60,977.20
21551,8976,1,66,8,120.42,963.36
21552,8976,2,83,1,143.71,143.71
21553,8977,1,69,2,124.53,249.06
21554,8977,2,86,3,147.82,443.46
21555,8978,1,72,4,128.64,514.56
21556,8978,2,89,5,151.93,759.65
21557,8979,1,75,6,132.75,796.50
21558,8979,2,92,7,156.04,1092.28
21559,8980,1,78,8,136.86,1094.88
21560,8980,2,95,1,160.15,160.15
21561,8981,1,81,2,140.97,281.94
21562,8981,2,98,3,164.26,492.78
21563,8982,1,84,4,145.08,580.32
21564,8982,2,101,5,168.37,841.85
21565,8983,1,87,6,149.19,895.14
21566,8983,2,104,7,172.48,1207.36
21567,8984,1,90,8,153.30,1226.40
21568,8984,2,107,1,176.59,176.59
21569,8985,1,93,2,157.41,314.82
21570,8985,2,110,3,180.70,542.10
21571,8986,1,96,4,161.52,646.08
21572,8986,2,1,5,31.37,156.85
21573,8987,1,99,6,165.63,993.78
21574,8987,2,4,7,35.48,248.36
21575,8988,1,102,8,169.74,1357.92
21576,8988,2,7,1,39.59,39.59
21577,8989,1,105,2,173.85,347.70
21578,8989,2,10,3,43.70,131.10
21579,8990,1,108,4,177.96,711.84
21580,8990,2,13,5,47.81,239.05
21581,8991,1,111,6,182.07,1092.42
21582,8991,2,16,7,51.92,363.44
21583,8992,1,2,8,32.74,261.92
21584,8992,2,19,1,56.03,56.03
21585,8993,1,5,2,36.85,73.70
21586,8993,2,22,3,60.14,180.42
21587,8994,1,8,4,40.96,163.84
21588,8994,2,25,5,64.25,321.25
21589,8995,1,11,6,45.07,270.42
21590,8995,2,28,7,68.36,478.52
21591,8996,1,14,8,49.18,393.44
21592,8996,2,31,1,72.47,72.47
21593,8997,1,17,2,53.29,106.58
21594,8997,2,34,3,76.58,229.74
21595,8998,1,20,4,57.40,229.60
21596,8998,2,37,5,80.69,403.45
21597,8999,1,23,6,61.51,369.06
21598,8999,2,40,7,84.80,593.60
21599,9000,1,26,8,65.62,524.96
21600,9000,2,43,1,88.91,88.91
21601,9001,1,29,2,69.73,139.46
21602,9001,2,46,3,93.02,279.06
21603,9002,1,32,4,73.84,295.36
21604,9002,2,49,5,97.13,485.65
21605,9003,1,35,6,77.95,467.70
21606,9003,2,52,7,101.24,708.68
21607,9004,1,38,8,82.06,656.48
21608,9004,2,55,1,105.35,105.35
21609,9005,1,41,2,86.17,172.34
21610,9005,2,58,3,109.46,328.38
21611,9006,1,44,4,90.28,361.12
21612,9006,2,61,5,113.57,567.85
21613,9007,1,47,6,94.39,566.34
21614,9007,2,64,7,117.68,823.76
21615,9008,1,50,8,98.50,788.00
21616,9008,2,67,1,121.79,121.79
21617,9009,1,53,2,102.61,205.22
21618,9009,2,70,3,125.90,377.70
21619,9010,1,56,4,106.72,426.88
21620,9010,2,73,5,130.01,650.05
21621,9011,1,59,6,110.83,664.98
21622,9011,2,76,7,134.12,938.84
21623,9012,1,62,8,114.94,919.52
21624,9012,2,79,1,138.23,138.23
21625,9013,1,65,2,119.05,238.10
21626,9013,2,82,3,142.34,427.02
21627,9014,1,68,4,123.16,492.64
21628,9014,2,85,5,146.45,732.25
21629,9015,1,71,6,127.27,763.62
21630,9015,2,88,7,150.56,1053.92
21631,9016,1,74,8,131.38,1051.04
21632,9016,2,91,1,154.67,154.67
21633,9017,1,77,2,135.49,270.98
21634,9017,2,94,3,158.78,476.34
21635,9018,1,80,4,139.60,558.40
21636,9018,2,97,5,162.89,814.45
21637,9019,1,83,6,143.71,862.26
21638,9019,2,100,7,167.00,1169.00
21639,9020,1,86,8,147.82,1182.56
21640,9020,2,103,1,171.11,171.11
21641,9021,1,89,2,151.93,303.86
21642,9021,2,106,3,175.22,525.66
21643,9022,1,92,4,156.04,624.16
21644,9022,2,109,5,179.33,896.65
21645,9023,1,95,6,160.15,960.90
21646,9023,2,112,7,183.44,1284.08
21647,9024,1,98,8,164.26,1314.08
21648,9024,2,3,1,34.11,34.11
21649,9025,1,101,2,168.37,336.74
21650,9025,2,6,3,38.22,114.66
21651,9026,1,104,4,172.48,689.92
21652,9026,2,9,5,42.33,211.65
21653,9027,1,107,6,176.59,1059.54
21654,9027,2,12,7,46.44,325.08
21655,9028,1,110,8,180.70,1445.60
21656,9028,2,15,1,50.55,50.55
21657,9029,1,1,2,31.37,62.74
21658,9029,2,18,3,54.66,163.98
21659,9030,1,4,4,35.48,141.92
21660,9030,2,21,5,58.77,293.85
21661,9031,1,7,6,39.59,237.54
21662,9031,2,24,7,62.88,440.16
21663,9032,1,10,8,43.70,349.60
21664,9032,2,27,1,66.99,66.99
21665,9033,1,13,2,47.81,95.62
21666,9033,2,30,3,71.10,213.30
21667,9034,1,16,4,51.92,207.68
21668,9034,2,33,5,75.21,376.05
21669,9035,1,19,6,56.03,336.18
21670,9035,2,36,7,79.32,555.24
21671,9036,1,22,8,60.14,481.12
21672,9036,2,39,1,83.43,83.43
21673,9037,1,25,2,64.25,128.50
21674,9037,2,42,3,87.54,262.62
21675,9038,1,28,4,68.36,273.44
21676,9038,2,45,5,91.65,458.25
21677,9039,1,31,6,72.47,434.82
21678,9039,2,48,7,95.76,670.32
21679,9040,1,34,8,76.58,612.64
21680,9040,2,51,1,99.87,99.87
21681,9041,1,37,2,80.69,161.38
21682,9041,2,54,3,103.98,311.94
21683,9042,1,40,4,84.80,339.20
21684,9042,2,57,5,108.09,540.45
21685,9043,1,43,6,88.91,533.46
21686,9043,2,60,7,112.20,785.40
21687,9044,1,46,8,93.02,744.16
21688,9044,2,63,1,116.31,116.31
21689,9045,1,49,2,97.13,194.26
21690,9045,2,66,3,120.42,361.26
21691,9046,1,52,4,101.24,404.96
21692,9046,2,69,5,124.53,622.65
21693,9047,1,55,6,105.35,632.10
21694,9047,2,72,7,128.64,900.48
21695,9048,1,58,8,109.46,875.68
21696,9048,2,75,1,132.75,132.75
21697,9049,1,61,2,113.57,227.14
21698,9049,2,78,3,136.86,410.58
21699,9050,1,64,4,117.68,470.72
21700,9050,2,81,5,140.97,704.85
21701,9051,1,67,6,121.79,730.74
21702,9051,2,84,7,145.08,1015.56
21703,9052,1,70,8,125.90,1007.20
21704,9052,2,87,1,149.19,149.19
21705,9053,1,73,2,130.01,260.02
21706,9053,2,90,3,153.30,459.90
21707,9054,1,76,4,134.12,536.48
21708,9054,2,93,5,157.41,787.05
21709,9055,1,79,6,138.23,829.38
21710,9055,2,96,7,161.52,1130.64
21711,9056,1,82,8,142.34,1138.72
21712,9056,2,99,1,165.63,165.63
21713,9057,1,85,2,146.45,292.90
21714,9057,2,102,3,169.74,509.22
21715,9058,1,88,4,150.56,602.24
21716,9058,2,105,5,173.85,869.25
21717,9059,1,91,6,154.67,928.02
21718,9059,2,108,7,177.96,1245.72
21719,9060,1,94,8,158.78,1270.24
21720,9060,2,111,1,182.07,182.07
21721,9061,1,97,2,162.89,325.78
21722,9061,2,2,3,32.74,98.22
21723,9062,1,100,4,167.00,668.00
21724,9062,2,5,5,36.85,184.25
21725,9063,1,103,6,171.11,1026.66
21726,9063,2,8,7,40.96,286.72
21727,9064,1,106,8,175.22,1401.76
21728,9064,2,11,1,45.07,45.07
21729,9065,1,109,2,179.33,358.66
21730,9065,2,14,3,49.18,147.54
21731,9066,1,112,4,183.44,733.76
21732,9066,2,17,5,53.29,266.45
21733,9067,1,3,6,34.11,204.66
21734,9067,2,20,7,57.40,401.80
21735,9068,1,6,8,38.22,305.76
21736,9068,2,23,1,61.51,61.51
21737,9069,1,9,2,42.33,84.66
21738,9069,2,26,3,65.62,196.86
21739,9070,1,12,4,46.44,185.76
21740,9070,2,29,5,69.73,348.65
21741,9071,1,15,6,50.55,303.30
21742,9071,2,32,7,73.84,516.88
21743,9072,1,18,8,54.66,437.28
21744,9072,2,35,1,77.95,77.95
21745,9073,1,21,2,58.77,117.54
21746,9073,2,38,3,82.06,246.18
21747,9074,1,24,4,62.88,251.52
21748,9074,2,41,5,86.17,430.85
21749,9075,1,27,6,66.99,401.94
21750,9075,2,44,7,90.28,631.96
21751,9076,1,30,8,71.10,568.80
21752,9076,2,47,1,94.39,94.39
21753,9077,1,33,2,75.21,150.42
21754,9077,2,50,3,98.50,295.50
21755,9078,1,36,4,79.32,317.28
21756,9078,2,53,5,102.61,513.05
21757,9079,1,39,6,83.43,500.58
21758,9079,2,56,7,106.72,747.04
21759,9080,1,42,8,87.54,700.32
21760,9080,2,59,1,110.83,110.83
21761,9081,1,45,2,91.65,183.30
21762,9081,2,62,3,114.94,344.82
21763,9082,1,48,4,95.76,383.04
21764,9082,2,65,5,119.05,595.25
21765,9083,1,51,6,99.87,599.22
21766,9083,2,68,7,123.16,862.12
21767,9084,1,54,8,103.98,831.84
21768,9084,2,71,1,127.27,127.27
21769,9085,1,57,2,108.09,216.18
21770,9085,2,74,3,131.38,394.14
21771,9086,1,60,4,112.20,448.80
21772,9086,2,77,5,135.49,677.45
21773,9087,1,63,6,116.31,697.86
21774,9087,2,80,7,139.60,977.20
21775,9088,1,66,8,120.42,963.36
21776,9088,2,83,1,143.71,143.71
21777,9089,1,69,2,124.53,249.06
21778,9089,2,86,3,147.82,443.46
21779,9090,1,72,4,128.64,514.56
21780,9090,2,89,5,151.93,759.65
21781,9091,1,75,6,132.75,796.50
21782,9091,2,92,7,156.04,1092.28
21783,9092,1,78,8,136.86,1094.88
21784,9092,2,95,1,160.15,160.15
21785,9093,1,81,2,140.97,281.94
21786,9093,2,98,3,164.26,492.78
21787,9094,1,84,4,145.08,580.32
21788,9094,2,101,5,168.37,841.85
21789,9095,1,87,6,149.19,895.14
21790,9095,2,104,7,172.48,1207.36
21791,9096,1,90,8,153.30,1226.40
21792,9096,2,107,1,176.59,176.59
21793,9097,1,93,2,157.41,314.82
21794,9097,2,110,3,180.70,542.10
21795,9098,1,96,4,161.52,646.08
21796,9098,2,1,5,31.37,156.85
21797,9099,1,99,6,165.63,993.78
21798,9099,2,4,7,35.48,248.36
21799,9100,1,102,8,169.74,1357.92
21800,9100,2,7,1,39.59,39.59
21801,9101,1,105,2,173.85,347.70
21802,9101,2,10,3,43.70,131.10
21803,9102,1,108,4,177.96,711.84
21804,9102,2,13,5,47.81,239.05
21805,9103,1,111,6,182.07,1092.42
21806,9103,2,16,7,51.92,363.44
21807,9104,1,2,8,32.74,261.92
21808,9104,2,19,1,56.03,56.03
21809,9105,1,5,2,36.85,73.70
21810,9105,2,22,3,60.14,180.42
21811,9106,1,8,4,40.96,163.84
21812,9106,2,25,5,64.25,321.25
21813,9107,1,11,6,45.07,270.42
21814,9107,2,28,7,68.36,478.52
21815,9108,1,14,8,49.18,393.44
21816,9108,2,31,1,72.47,72.47
21817,9109,1,17,2,53.29,106.58
21818,9109,2,34,3,76.58,229.74
21819,9110,1,20,4,57.40,229.60
21820,9110,2,37,5,80.69,403.45
21821,9111,1,23,6,61.51,369.06
21822,9111,2,40,7,84.80,593.60
21823,9112,1,26,8,65.62,524.96
21824,9112,2,43,1,88.91,88.91
21825,9113,1,29,2,69.73,139.46
21826,9113,2,46,3,93.02,279.06
21827,9114,1,32,4,73.84,295.36
21828,9114,2,49,5,97.13,485.65
21829,9115,1,35,6,77.95,467.70
21830,9115,2,52,7,101.24,708.68
21831,9116,1,38,8,82.06,656.48
21832,9116,2,55,1,105.35,105.35
21833,9117,1,41,2,86.17,172.34
21834,9117,2,58,3,109.46,328.38
21835,9118,1,44,4,90.28,361.12
21836,9118,2,61,5,113.57,567.85
21837,9119,1,47,6,94.39,566.34
21838,9119,2,64,7,117.68,823.76
21839,9120,1,50,8,98.50,788.00
21840,9120,2,67,1,121.79,121.79
21841,9121,1,53,2,102.61,205.22
21842,9121,2,70,3,125.90,377.70
21843,9122,1,56,4,106.72,426.88
21844,9122,2,73,5,130.01,650.05
21845,9123,1,59,6,110.83,664.98
21846,9123,2,76,7,134.12,938.84
21847,9124,1,62,8,114.94,919.52
21848,9124,2,79,1,138.23,138.23
21849,9125,1,65,2,119.05,238.10
21850,9125,2,82,3,142.34,427.02
21851,9126,1,68,4,123.16,492.64
21852,9126,2,85,5,146.45,732.25
21853,9127,1,71,6,127.27,763.62
21854,9127,2,88,7,150.56,1053.92
21855,9128,1,74,8,131.38,1051.04
21856,9128,2,91,1,154.67,154.67
21857,9129,1,77,2,135.49,270.98
21858,9129,2,94,3,158.78,476.34
21859,9130,1,80,4,139.60,558.40
21860,9130,2,97,5,162.89,814.45
21861,9131,1,83,6,143.71,862.26
21862,9131,2,100,7,167.00,1169.00
21863,9132,1,86,8,147.82,1182.56
21864,9132,2,103,1,171.11,171.11
21865,9133,1,89,2,151.93,303.86
21866,9133,2,106,3,175.22,525.66
21867,9134,1,92,4,156.04,624.16
21868,9134,2,109,5,179.33,896.65
21869,9135,1,95,6,160.15,960.90
21870,9135,2,112,7,183.44,1284.08
21871,9136,1,98,8,164.26,1314.08
21872,9136,2,3,1,34.11,34.11
21873,9137,1,101,2,168.37,336.74
21874,9137,2,6,3,38.22,114.66
21875,9138,1,104,4,172.48,689.92
21876,9138,2,9,5,42.33,211.65
21877,9139,1,107,6,176.59,1059.54
21878,9139,2,12,7,46.44,325.08
21879,9140,1,110,8,180.70,1445.60
21880,9140,2,15,1,50.55,50.55
21881,9141,1,1,2,31.37,62.74
21882,9141,2,18,3,54.66,163.98
21883,9142,1,4,4,35.48,141.92
21884,9142,2,21,5,58.77,293.85
21885,9143,1,7,6,39.59,237.54
21886,9143,2,24,7,62.88,440.16
21887,9144,1,10,8,43.70,349.60
21888,9144,2,27,1,66.99,66.99
21889,9145,1,13,2,47.81,95.62
21890,9145,2,30,3,71.10,213.30
21891,9146,1,16,4,51.92,207.68
21892,9146,2,33,5,75.21,376.05
21893,9147,1,19,6,56.03,336.18
21894,9147,2,36,7,79.32,555.24
21895,9148,1,22,8,60.14,481.12
21896,9148,2,39,1,83.43,83.43
21897,9149,1,25,2,64.25,128.50
21898,9149,2,42,3,87.54,262.62
21899,9150,1,28,4,68.36,273.44
21900,9150,2,45,5,91.65,458.25
21901,9151,1,31,6,72.47,434.82
21902,9151,2,48,7,95.76,670.32
21903,9152,1,34,8,76.58,612.64
21904,9152,2,51,1,99.87,99.87
21905,9153,1,37,2,80.69,161.38
21906,9153,2,54,3,103.98,311.94
21907,9154,1,40,4,84.80,339.20
21908,9154,2,57,5,108.09,540.45
21909,9155,1,43,6,88.91,533.46
21910,9155,2,60,7,112.20,785.40
21911,9156,1,46,8,93.02,744.16
21912,9156,2,63,1,116.31,116.31
21913,9157,1,49,2,97.13,194.26
21914,9157,2,66,3,120.42,361.26
21915,9158,1,52,4,101.24,404.96
21916,9158,2,69,5,124.53,622.65
21917,9159,1,55,6,105.35,632.10
21918,9159,2,72,7,128.64,900.48
21919,9160,1,58,8,109.46,875.68
21920,9160,2,75,1,132.75,132.75
21921,9161,1,61,2,113.57,227.14
21922,9161,2,78,3,136.86,410.58
21923,9162,1,64,4,117.68,470.72
21924,9162,2,81,5,140.97,704.85
21925,9163,1,67,6,121.79,730.74
21926,9163,2,84,7,145.08,1015.56
21927,9164,1,70,8,125.90,1007.20
21928,9164,2,87,1,149.19,149.19
21929,9165,1,73,2,130.01,260.02
21930,9165,2,90,3,153.30,459.90
21931,9166,1,76,4,134.12,536.48
21932,9166,2,93,5,157.41,787.05
21933,9167,1,79,6,138.23,829.38
21934,9167,2,96,7,161.52,1130.64
21935,9168,1,82,8,142.34,1138.72
21936,9168,2,99,1,165.63,165.63
21937,9169,1,85,2,146.45,292.90
21938,9169,2,102,3,169.74,509.22
21939,9170,1,88,4,150.56,602.24
21940,9170,2,105,5,173.85,869.25
21941,9171,1,91,6,154.67,928.02
21942,9171,2,108,7,177.96,1245.72
21943,9172,1,94,8,158.78,1270.24
21944,9172,2,111,1,182.07,182.07
21945,9173,1,97,2,162.89,325.78
21946,9173,2,2,3,32.74,98.22
21947,9174,1,100,4,167.00,668.00
21948,9174,2,5,5,36.85,184.25
21949,9175,1,103,6,171.11,1026.66
21950,9175,2,8,7,40.96,286.72
21951,9176,1,106,8,175.22,1401.76
21952,9176,2,11,1,45.07,45.07
21953,9177,1,109,2,179.33,358.66
21954,9177,2,14,3,49.18,147.54
21955,9178,1,112,4,183.44,733.76
21956,9178,2,17,5,53.29,266.45
21957,9179,1,3,6,34.11,204.66
21958,9179,2,20,7,57.40,401.80
21959,9180,1,6,8,38.22,305.76
21960,9180,2,23,1,61.51,61.51
21961,9181,1,9,2,42.33,84.66
21962,9181,2,26,3,65.62,196.86
21963,9182,1,12,4,46.44,185.76
21964,9182,2,29,5,69.73,348.65
21965,9183,1,15,6,50.55,303.30
21966,9183,2,32,7,73.84,516.88
21967,9184,1,18,8,54.66,437.28
21968,9184,2,35,1,77.95,77.95
21969,9185,1,21,2,58.77,117.54
21970,9185,2,38,3,82.06,246.18
21971,9186,1,24,4,62.88,251.52
21972,9186,2,41,5,86.17,430.85
21973,9187,1,27,6,66.99,401.94
21974,9187,2,44,7,90.28,631.96
21975,9188,1,30,8,71.10,568.80
21976,9188,2,47,1,94.39,94.39
21977,9189,1,33,2,75.21,150.42
21978,9189,2,50,3,98.50,295.50
21979,9190,1,36,4,79.32,317.28
21980,9190,2,53,5,102.61,513.05
21981,9191,1,39,6,83.43,500.58
21982,9191,2,56,7,106.72,747.04
21983,9192,1,42,8,87.54,700.32
21984,9192,2,59,1,110.83,110.83
21985,9193,1,45,2,91.65,183.30
21986,9193,2,62,3,114.94,344.82
21987,9194,1,48,4,95.76,383.04
21988,9194,2,65,5,119.05,595.25
21989,9195,1,51,6,99.87,599.22
21990,9195,2,68,7,123.16,862.12
21991,9196,1,54,8,103.98,831.84
21992,9196,2,71,1,127.27,127.27
21993,9197,1,57,2,108.09,216.18
21994,9197,2,74,3,131.38,394.14
21995,9198,1,60,4,112.20,448.80
21996,9198,2,77,5,135.49,677.45
21997,9199,1,63,6,116.31,697.86
21998,9199,2,80,7,139.60,977.20
21999,9200,1,66,8,120.42,963.36
22000,9200,2,83,1,143.71,143.71
22001,9201,1,69,2,124.53,249.06
22002,9201,2,86,3,147.82,443.46
22003,9202,1,72,4,128.64,514.56
22004,9202,2,89,5,151.93,759.65
22005,9203,1,75,6,132.75,796.50
22006,9203,2,92,7,156.04,1092.28
22007,9204,1,78,8,136.86,1094.88
22008,9204,2,95,1,160.15,160.15
22009,9205,1,81,2,140.97,281.94
22010,9205,2,98,3,164.26,492.78
22011,9206,1,84,4,145.08,580.32
22012,9206,2,101,5,168.37,841.85
22013,9207,1,87,6,149.19,895.14
22014,9207,2,104,7,172.48,1207.36
22015,9208,1,90,8,153.30,1226.40
22016,9208,2,107,1,176.59,176.59
22017,9209,1,93,2,157.41,314.82
22018,9209,2,110,3,180.70,542.10
22019,9210,1,96,4,161.52,646.08
22020,9210,2,1,5,31.37,156.85
22021,9211,1,99,6,165.63,993.78
22022,9211,2,4,7,35.48,248.36
22023,9212,1,102,8,169.74,1357.92
22024,9212,2,7,1,39.59,39.59
22025,9213,1,105,2,173.85,347.70
22026,9213,2,10,3,43.70,131.10
22027,9214,1,108,4,177.96,711.84
22028,9214,2,13,5,47.81,239.05
22029,9215,1,111,6,182.07,1092.42
22030,9215,2,16,7,51.92,363.44
22031,9216,1,2,8,32.74,261.92
22032,9216,2,19,1,56.03,56.03
22033,9217,1,5,2,36.85,73.70
22034,9217,2,22,3,60.14,180.42
22035,9218,1,8,4,40.96,163.84
22036,9218,2,25,5,64.25,321.25
22037,9219,1,11,6,45.07,270.42
22038,9219,2,28,7,68.36,478.52
22039,9220,1,14,8,49.18,393.44
22040,9220,2,31,1,72.47,72.47
22041,9221,1,17,2,53.29,106.58
22042,9221,2,34,3,76.58,229.74
22043,9222,1,20,4,57.40,229.60
22044,9222,2,37,5,80.69,403.45
22045,9223,1,23,6,61.51,369.06
22046,9223,2,40,7,84.80,593.60
22047,9224,1,26,8,65.62,524.96
22048,9224,2,43,1,88.91,88.91
22049,9225,1,29,2,69.73,139.46
22050,9225,2,46,3,93.02,279.06
22051,9226,1,32,4,73.84,295.36
22052,9226,2,49,5,97.13,485.65
22053,9227,1,35,6,77.95,467.70
22054,9227,2,52,7,101.24,708.68
22055,9228,1,38,8,82.06,656.48
22056,9228,2,55,1,105.35,105.35
22057,9229,1,41,2,86.17,172.34
22058,9229,2,58,3,109.46,328.38
22059,9230,1,44,4,90.28,361.12
22060,9230,2,61,5,113.57,567.85
22061,9231,1,47,6,94.39,566.34
22062,9231,2,64,7,117.68,823.76
22063,9232,1,50,8,98.50,788.00
22064,9232,2,67,1,121.79,121.79
22065,9233,1,53,2,102.61,205.22
22066,9233,2,70,3,125.90,377.70
22067,9234,1,56,4,106.72,426.88
22068,9234,2,73,5,130.01,650.05
22069,9235,1,59,6,110.83,664.98
22070,9235,2,76,7,134.12,938.84
22071,9236,1,62,8,114.94,919.52
22072,9236,2,79,1,138.23,138.23
22073,9237,1,65,2,119.05,238.10
22074,9237,2,82,3,142.34,427.02
22075,9238,1,68,4,123.16,492.64
22076,9238,2,85,5,146.45,732.25
22077,9239,1,71,6,127.27,763.62
22078,9239,2,88,7,150.56,1053.92
22079,9240,1,74,8,131.38,1051.04
22080,9240,2,91,1,154.67,154.67
22081,9241,1,77,2,135.49,270.98
22082,9241,2,94,3,158.78,476.34
22083,9242,1,80,4,139.60,558.40
22084,9242,2,97,5,162.89,814.45
22085,9243,1,83,6,143.71,862.26
22086,9243,2,100,7,167.00,1169.00
22087,9244,1,86,8,147.82,1182.56
22088,9244,2,103,1,171.11,171.11
22089,9245,1,89,2,151.93,303.86
22090,9245,2,106,3,175.22,525.66
22091,9246,1,92,4,156.04,624.16
22092,9246,2,109,5,179.33,896.65
22093,9247,1,95,6,160.15,960.90
22094,9247,2,112,7,183.44,1284.08
22095,9248,1,98,8,164.26,1314.08
22096,9248,2,3,1,34.11,34.11
22097,9249,1,101,2,168.37,336.74
22098,9249,2,6,3,38.22,114.66
22099,9250,1,104,4,172.48,689.92
22100,9250,2,9,5,42.33,211.65
22101,9251,1,107,6,176.59,1059.54
22102,9251,2,12,7,46.44,325.08
22103,9252,1,110,8,180.70,1445.60
22104,9252,2,15,1,50.55,50.55
22105,9253,1,1,2,31.37,62.74
22106,9253,2,18,3,54.66,163.98
22107,9254,1,4,4,35.48,141.92
22108,9254,2,21,5,58.77,293.85
22109,9255,1,7,6,39.59,237.54
22110,9255,2,24,7,62.88,440.16
22111,9256,1,10,8,43.70,349.60
22112,9256,2,27,1,66.99,66.99
22113,9257,1,13,2,47.81,95.62
22114,9257,2,30,3,71.10,213.30
22115,9258,1,16,4,51.92,207.68
22116,9258,2,33,5,75.21,376.05
22117,9259,1,19,6,56.03,336.18
22118,9259,2,36,7,79.32,555.24
22119,9260,1,22,8,60.14,481.12
22120,9260,2,39,1,83.43,83.43
22121,9261,1,25,2,64.25,128.50
22122,9261,2,42,3,87.54,262.62
22123,9262,1,28,4,68.36,273.44
22124,9262,2,45,5,91.65,458.25
22125,9263,1,31,6,72.47,434.82
22126,9263,2,48,7,95.76,670.32
22127,9264,1,34,8,76.58,612.64
22128,9264,2,51,1,99.87,99.87
22129,9265,1,37,2,80.69,161.38
22130,9265,2,54,3,103.98,311.94
22131,9266,1,40,4,84.80,339.20
22132,9266,2,57,5,108.09,540.45
22133,9267,1,43,6,88.91,533.46
22134,9267,2,60,7,112.20,785.40
22135,9268,1,46,8,93.02,744.16
22136,9268,2,63,1,116.31,116.31
22137,9269,1,49,2,97.13,194.26
22138,9269,2,66,3,120.42,361.26
22139,9270,1,52,4,101.24,404.96
22140,9270,2,69,5,124.53,622.65
22141,9271,1,55,6,105.35,632.10
22142,9271,2,72,7,128.64,900.48
22143,9272,1,58,8,109.46,875.68
22144,9272,2,75,1,132.75,132.75
22145,9273,1,61,2,113.57,227.14
22146,9273,2,78,3,136.86,410.58
22147,9274,1,64,4,117.68,470.72
22148,9274,2,81,5,140.97,704.85
22149,9275,1,67,6,121.79,730.74
22150,9275,2,84,7,145.08,1015.56
22151,9276,1,70,8,125.90,1007.20
22152,9276,2,87,1,149.19,149.19
22153,9277,1,73,2,130.01,260.02
22154,9277,2,90,3,153.30,459.90
22155,9278,1,76,4,134.12,536.48
22156,9278,2,93,5,157.41,787.05
22157,9279,1,79,6,138.23,829.38
22158,9279,2,96,7,161.52,1130.64
22159,9280,1,82,8,142.34,1138.72
22160,9280,2,99,1,165.63,165.63
22161,9281,1,85,2,146.45,292.90
22162,9281,2,102,3,169.74,509.22
22163,9282,1,88,4,150.56,602.24
22164,9282,2,105,5,173.85,869.25
22165,9283,1,91,6,154.67,928.02
22166,9283,2,108,7,177.96,1245.72
22167,9284,1,94,8,158.78,1270.24
22168,9284,2,111,1,182.07,182.07
22169,9285,1,97,2,162.89,325.78
22170,9285,2,2,3,32.74,98.22
22171,9286,1,100,4,167.00,668.00
22172,9286,2,5,5,36.85,184.25
22173,9287,1,103,6,171.11,1026.66
22174,9287,2,8,7,40.96,286.72
22175,9288,1,106,8,175.22,1401.76
22176,9288,2,11,1,45.07,45.07
22177,9289,1,109,2,179.33,358.66
22178,9289,2,14,3,49.18,147.54
22179,9290,1,112,4,183.44,733.76
22180,9290,2,17,5,53.29,266.45
22181,9291,1,3,6,34.11,204.66
22182,9291,2,20,7,57.40,401.80
22183,9292,1,6,8,38.22,305.76
22184,9292,2,23,1,61.51,61.51
22185,9293,1,9,2,42.33,84.66
22186,9293,2,26,3,65.62,196.86
22187,9294,1,12,4,46.44,185.76
22188,9294,2,29,5,69.73,348.65
22189,9295,1,15,6,50.55,303.30
22190,9295,2,32,7,73.84,516.88
22191,9296,1,18,8,54.66,437.28
22192,9296,2,35,1,77.95,77.95
22193,9297,1,21,2,58.77,117.54
22194,9297,2,38,3,82.06,246.18
22195,9298,1,24,4,62.88,251.52
22196,9298,2,41,5,86.17,430.85
22197,9299,1,27,6,66.99,401.94
22198,9299,2,44,7,90.28,631.96
22199,9300,1,30,8,71.10,568.80
22200,9300,2,47,1,94.39,94.39
22201,9301,1,33,2,75.21,150.42
22202,9301,2,50,3,98.50,295.50
22203,9302,1,36,4,79.32,317.28
22204,9302,2,53,5,102.61,513.05
22205,9303,1,39,6,83.43,500.58
22206,9303,2,56,7,106.72,747.04
22207,9304,1,42,8,87.54,700.32
22208,9304,2,59,1,110.83,110.83
22209,9305,1,45,2,91.65,183.30
22210,9305,2,62,3,114.94,344.82
22211,9306,1,48,4,95.76,383.04
22212,9306,2,65,5,119.05,595.25
22213,9307,1,51,6,99.87,599.22
22214,9307,2,68,7,123.16,862.12
22215,9308,1,54,8,103.98,831.84
22216,9308,2,71,1,127.27,127.27
22217,9309,1,57,2,108.09,216.18
22218,9309,2,74,3,131.38,394.14
22219,9310,1,60,4,112.20,448.80
22220,9310,2,77,5,135.49,677.45
22221,9311,1,63,6,116.31,697.86
22222,9311,2,80,7,139.60,977.20
22223,9312,1,66,8,120.42,963.36
22224,9312,2,83,1,143.71,143.71
22225,9313,1,69,2,124.53,249.06
22226,9313,2,86,3,147.82,443.46
22227,9314,1,72,4,128.64,514.56
22228,9314,2,89,5,151.93,759.65
22229,9315,1,75,6,132.75,796.50
22230,9315,2,92,7,156.04,1092.28
22231,9316,1,78,8,136.86,1094.88
22232,9316,2,95,1,160.15,160.15
22233,9317,1,81,2,140.97,281.94
22234,9317,2,98,3,164.26,492.78
22235,9318,1,84,4,145.08,580.32
22236,9318,2,101,5,168.37,841.85
22237,9319,1,87,6,149.19,895.14
22238,9319,2,104,7,172.48,1207.36
22239,9320,1,90,8,153.30,1226.40
22240,9320,2,107,1,176.59,176.59
22241,9321,1,93,2,157.41,314.82
22242,9321,2,110,3,180.70,542.10
22243,9322,1,96,4,161.52,646.08
22244,9322,2,1,5,31.37,156.85
22245,9323,1,99,6,165.63,993.78
22246,9323,2,4,7,35.48,248.36
22247,9324,1,102,8,169.74,1357.92
22248,9324,2,7,1,39.59,39.59
22249,9325,1,105,2,173.85,347.70
22250,9325,2,10,3,43.70,131.10
22251,9326,1,108,4,177.96,711.84
22252,9326,2,13,5,47.81,239.05
22253,9327,1,111,6,182.07,1092.42
22254,9327,2,16,7,51.92,363.44
22255,9328,1,2,8,32.74,261.92
22256,9328,2,19,1,56.03,56.03
22257,9329,1,5,2,36.85,73.70
22258,9329,2,22,3,60.14,180.42
22259,9330,1,8,4,40.96,163.84
22260,9330,2,25,5,64.25,321.25
22261,9331,1,11,6,45.07,270.42
22262,9331,2,28,7,68.36,478.52
22263,9332,1,14,8,49.18,393.44
22264,9332,2,31,1,72.47,72.47
22265,9333,1,17,2,53.29,106.58
22266,9333,2,34,3,76.58,229.74
22267,9334,1,20,4,57.40,229.60
22268,9334,2,37,5,80.69,403.45
22269,9335,1,23,6,61.51,369.06
22270,9335,2,40,7,84.80,593.60
22271,9336,1,26,8,65.62,524.96
22272,9336,2,43,1,88.91,88.91
22273,9337,1,29,2,69.73,139.46
22274,9337,2,46,3,93.02,279.06
22275,9338,1,32,4,73.84,295.36
22276,9338,2,49,5,97.13,485.65
22277,9339,1,35,6,77.95,467.70
22278,9339,2,52,7,101.24,708.68
22279,9340,1,38,8,82.06,656.48
22280,9340,2,55,1,105.35,105.35
22281,9341,1,41,2,86.17,172.34
22282,9341,2,58,3,109.46,328.38
22283,9342,1,44,4,90.28,361.12
22284,9342,2,61,5,113.57,567.85
22285,9343,1,47,6,94.39,566.34
22286,9343,2,64,7,117.68,823.76
22287,9344,1,50,8,98.50,788.00
22288,9344,2,67,1,121.79,121.79
22289,9345,1,53,2,102.61,205.22
22290,9345,2,70,3,125.90,377.70
22291,9346,1,56,4,106.72,426.88
22292,9346,2,73,5,130.01,650.05
22293,9347,1,59,6,110.83,664.98
22294,9347,2,76,7,134.12,938.84
22295,9348,1,62,8,114.94,919.52
22296,9348,2,79,1,138.23,138.23
22297,9349,1,65,2,119.05,238.10
22298,9349,2,82,3,142.34,427.02
22299,9350,1,68,4,123.16,492.64
22300,9350,2,85,5,146.45,732.25
22301,9351,1,71,6,127.27,763.62
22302,9351,2,88,7,150.56,1053.92
22303,9352,1,74,8,131.38,1051.04
22304,9352,2,91,1,154.67,154.67
22305,9353,1,77,2,135.49,270.98
22306,9353,2,94,3,158.78,476.34
22307,9354,1,80,4,139.60,558.40
22308,9354,2,97,5,162.89,814.45
22309,9355,1,83,6,143.71,862.26
22310,9355,2,100,7,167.00,1169.00
22311,9356,1,86,8,147.82,1182.56
22312,9356,2,103,1,171.11,171.11
22313,9357,1,89,2,151.93,303.86
22314,9357,2,106,3,175.22,525.66
22315,9358,1,92,4,156.04,624.16
22316,9358,2,109,5,179.33,896.65
22317,9359,1,95,6,160.15,960.90
22318,9359,2,112,7,183.44,1284.08
22319,9360,1,98,8,164.26,1314.08
22320,9360,2,3,1,34.11,34.11
22321,9361,1,101,2,168.37,336.74
22322,9361,2,6,3,38.22,114.66
22323,9362,1,104,4,172.48,689.92
22324,9362,2,9,5,42.33,211.65
22325,9363,1,107,6,176.59,1059.54
22326,9363,2,12,7,46.44,325.08
22327,9364,1,110,8,180.70,1445.60
22328,9364,2,15,1,50.55,50.55
22329,9365,1,1,2,31.37,62.74
22330,9365,2,18,3,54.66,163.98
22331,9366,1,4,4,35.48,141.92
22332,9366,2,21,5,58.77,293.85
22333,9367,1,7,6,39.59,237.54
22334,9367,2,24,7,62.88,440.16
22335,9368,1,10,8,43.70,349.60
22336,9368,2,27,1,66.99,66.99
22337,9369,1,13,2,47.81,95.62
22338,9369,2,30,3,71.10,213.30
22339,9370,1,16,4,51.92,207.68
22340,9370,2,33,5,75.21,376.05
22341,9371,1,19,6,56.03,336.18
22342,9371,2,36,7,79.32,555.24
22343,9372,1,22,8,60.14,481.12
22344,9372,2,39,1,83.43,83.43
22345,9373,1,25,2,64.25,128.50
22346,9373,2,42,3,87.54,262.62
22347,9374,1,28,4,68.36,273.44
22348,9374,2,45,5,91.65,458.25
22349,9375,1,31,6,72.47,434.82
22350,9375,2,48,7,95.76,670.32
22351,9376,1,34,8,76.58,612.64
22352,9376,2,51,1,99.87,99.87
22353,9377,1,37,2,80.69,161.38
22354,9377,2,54,3,103.98,311.94
22355,9378,1,40,4,84.80,339.20
22356,9378,2,57,5,108.09,540.45
22357,9379,1,43,6,88.91,533.46
22358,9379,2,60,7,112.20,785.40
22359,9380,1,46,8,93.02,744.16
22360,9380,2,63,1,116.31,116.31
22361,9381,1,49,2,97.13,194.26
22362,9381,2,66,3,120.42,361.26
22363,9382,1,52,4,101.24,404.96
22364,9382,2,69,5,124.53,622.65
22365,9383,1,55,6,105.35,632.10
22366,9383,2,72,7,128.64,900.48
22367,9384,1,58,8,109.46,875.68
22368,9384,2,75,1,132.75,132.75
22369,9385,1,61,2,113.57,227.14
22370,9385,2,78,3,136.86,410.58
22371,9386,1,64,4,117.68,470.72
22372,9386,2,81,5,140.97,704.85
22373,9387,1,67,6,121.79,730.74
22374,9387,2,84,7,145.08,1015.56
22375,9388,1,70,8,125.90,1007.20
22376,9388,2,87,1,149.19,149.19
22377,9389,1,73,2,130.01,260.02
22378,9389,2,90,3,153.30,459.90
22379,9390,1,76,4,134.12,536.48
22380,9390,2,93,5,157.41,787.05
22381,9391,1,79,6,138.23,829.38
22382,9391,2,96,7,161.52,1130.64
22383,9392,1,82,8,142.34,1138.72
22384,9392,2,99,1,165.63,165.63
22385,9393,1,85,2,146.45,292.90
22386,9393,2,102,3,169.74,509.22
22387,9394,1,88,4,150.56,602.24
22388,9394,2,105,5,173.85,869.25
22389,9395,1,91,6,154.67,928.02
22390,9395,2,108,7,177.96,1245.72
22391,9396,1,94,8,158.78,1270.24
22392,9396,2,111,1,182.07,182.07
22393,9397,1,97,2,162.89,325.78
22394,9397,2,2,3,32.74,98.22
22395,9398,1,100,4,167.00,668.00
22396,9398,2,5,5,36.85,184.25
22397,9399,1,103,6,171.11,1026.66
22398,9399,2,8,7,40.96,286.72
22399,9400,1,106,8,175.22,1401.76
22400,9400,2,11,1,45.07,45.07
22401,9401,1,109,2,179.33,358.66
22402,9401,2,14,3,49.18,147.54
22403,9402,1,112,4,183.44,733.76
22404,9402,2,17,5,53.29,266.45
22405,9403,1,3,6,34.11,204.66
22406,9403,2,20,7,57.40,401.80
22407,9404,1,6,8,38.22,305.76
22408,9404,2,23,1,61.51,61.51
22409,9405,1,9,2,42.33,84.66
22410,9405,2,26,3,65.62,196.86
22411,9406,1,12,4,46.44,185.76
22412,9406,2,29,5,69.73,348.65
22413,9407,1,15,6,50.55,303.30
22414,9407,2,32,7,73.84,516.88
22415,9408,1,18,8,54.66,437.28
22416,9408,2,35,1,77.95,77.95
22417,9409,1,21,2,58.77,117.54
22418,9409,2,38,3,82.06,246.18
22419,9410,1,24,4,62.88,251.52
22420,9410,2,41,5,86.17,430.85
22421,9411,1,27,6,66.99,401.94
22422,9411,2,44,7,90.28,631.96
22423,9412,1,30,8,71.10,568.80
22424,9412,2,47,1,94.39,94.39
22425,9413,1,33,2,75.21,150.42
22426,9413,2,50,3,98.50,295.50
22427,9414,1,36,4,79.32,317.28
22428,9414,2,53,5,102.61,513.05
22429,9415,1,39,6,83.43,500.58
22430,9415,2,56,7,106.72,747.04
22431,9416,1,42,8,87.54,700.32
22432,9416,2,59,1,110.83,110.83
22433,9417,1,45,2,91.65,183.30
22434,9417,2,62,3,114.94,344.82
22435,9418,1,48,4,95.76,383.04
22436,9418,2,65,5,119.05,595.25
22437,9419,1,51,6,99.87,599.22
22438,9419,2,68,7,123.16,862.12
22439,9420,1,54,8,103.98,831.84
22440,9420,2,71,1,127.27,127.27
22441,9421,1,57,2,108.09,216.18
22442,9421,2,74,3,131.38,394.14
22443,9422,1,60,4,112.20,448.80
22444,9422,2,77,5,135.49,677.45
22445,9423,1,63,6,116.31,697.86
22446,9423,2,80,7,139.60,977.20
22447,9424,1,66,8,120.42,963.36
22448,9424,2,83,1,143.71,143.71
22449,9425,1,69,2,124.53,249.06
22450,9425,2,86,3,147.82,443.46
22451,9426,1,72,4,128.64,514.56
22452,9426,2,89,5,151.93,759.65
22453,9427,1,75,6,132.75,796.50
22454,9427,2,92,7,156.04,1092.28
22455,9428,1,78,8,136.86,1094.88
22456,9428,2,95,1,160.15,160.15
22457,9429,1,81,2,140.97,281.94
22458,9429,2,98,3,164.26,492.78
22459,9430,1,84,4,145.08,580.32
22460,9430,2,101,5,168.37,841.85
22461,9431,1,87,6,149.19,895.14
22462,9431,2,104,7,172.48,1207.36
22463,9432,1,90,8,153.30,1226.40
22464,9432,2,107,1,176.59,176.59
22465,9433,1,93,2,157.41,314.82
22466,9433,2,110,3,180.70,542.10
22467,9434,1,96,4,161.52,646.08
22468,9434,2,1,5,31.37,156.85
22469,9435,1,99,6,165.63,993.78
22470,9435,2,4,7,35.48,248.36
22471,9436,1,102,8,169.74,1357.92
22472,9436,2,7,1,39.59,39.59
22473,9437,1,105,2,173.85,347.70
22474,9437,2,10,3,43.70,131.10
22475,9438,1,108,4,177.96,711.84
22476,9438,2,13,5,47.81,239.05
22477,9439,1,111,6,182.07,1092.42
22478,9439,2,16,7,51.92,363.44
22479,9440,1,2,8,32.74,261.92
22480,9440,2,19,1,56.03,56.03
22481,9441,1,5,2,36.85,73.70
22482,9441,2,22,3,60.14,180.42
22483,9442,1,8,4,40.96,163.84
22484,9442,2,25,5,64.25,321.25
22485,9443,1,11,6,45.07,270.42
22486,9443,2,28,7,68.36,478.52
22487,9444,1,14,8,49.18,393.44
22488,9444,2,31,1,72.47,72.47
22489,9445,1,17,2,53.29,106.58
22490,9445,2,34,3,76.58,229.74
22491,9446,1,20,4,57.40,229.60
22492,9446,2,37,5,80.69,403.45
22493,9447,1,23,6,61.51,369.06
22494,9447,2,40,7,84.80,593.60
22495,9448,1,26,8,65.62,524.96
22496,9448,2,43,1,88.91,88.91
22497,9449,1,29,2,69.73,139.46
22498,9449,2,46,3,93.02,279.06
22499,9450,1,32,4,73.84,295.36
22500,9450,2,49,5,97.13,485.65
22501,9451,1,35,6,77.95,467.70
22502,9451,2,52,7,101.24,708.68
22503,9452,1,38,8,82.06,656.48
22504,9452,2,55,1,105.35,105.35
22505,9453,1,41,2,86.17,172.34
22506,9453,2,58,3,109.46,328.38
22507,9454,1,44,4,90.28,361.12
22508,9454,2,61,5,113.57,567.85
22509,9455,1,47,6,94.39,566.34
22510,9455,2,64,7,117.68,823.76
22511,9456,1,50,8,98.50,788.00
22512,9456,2,67,1,121.79,121.79
22513,9457,1,53,2,102.61,205.22
22514,9457,2,70,3,125.90,377.70
22515,9458,1,56,4,106.72,426.88
22516,9458,2,73,5,130.01,650.05
22517,9459,1,59,6,110.83,664.98
22518,9459,2,76,7,134.12,938.84
22519,9460,1,62,8,114.94,919.52
22520,9460,2,79,1,138.23,138.23
22521,9461,1,65,2,119.05,238.10
22522,9461,2,82,3,142.34,427.02
22523,9462,1,68,4,123.16,492.64
22524,9462,2,85,5,146.45,732.25
22525,9463,1,71,6,127.27,763.62
22526,9463,2,88,7,150.56,1053.92
22527,9464,1,74,8,131.38,1051.04
22528,9464,2,91,1,154.67,154.67
22529,9465,1,77,2,135.49,270.98
22530,9465,2,94,3,158.78,476.34
22531,9466,1,80,4,139.60,558.40
22532,9466,2,97,5,162.89,814.45
22533,9467,1,83,6,143.71,862.26
22534,9467,2,100,7,167.00,1169.00
22535,9468,1,86,8,147.82,1182.56
22536,9468,2,103,1,171.11,171.11
22537,9469,1,89,2,151.93,303.86
22538,9469,2,106,3,175.22,525.66
22539,9470,1,92,4,156.04,624.16
22540,9470,2,109,5,179.33,896.65
22541,9471,1,95,6,160.15,960.90
22542,9471,2,112,7,183.44,1284.08
22543,9472,1,98,8,164.26,1314.08
22544,9472,2,3,1,34.11,34.11
22545,9473,1,101,2,168.37,336.74
22546,9473,2,6,3,38.22,114.66
22547,9474,1,104,4,172.48,689.92
22548,9474,2,9,5,42.33,211.65
22549,9475,1,107,6,176.59,1059.54
22550,9475,2,12,7,46.44,325.08
22551,9476,1,110,8,180.70,1445.60
22552,9476,2,15,1,50.55,50.55
22553,9477,1,1,2,31.37,62.74
22554,9477,2,18,3,54.66,163.98
22555,9478,1,4,4,35.48,141.92
22556,9478,2,21,5,58.77,293.85
22557,9479,1,7,6,39.59,237.54
22558,9479,2,24,7,62.88,440.16
22559,9480,1,10,8,43.70,349.60
22560,9480,2,27,1,66.99,66.99
22561,9481,1,13,2,47.81,95.62
22562,9481,2,30,3,71.10,213.30
22563,9482,1,16,4,51.92,207.68
22564,9482,2,33,5,75.21,376.05
22565,9483,1,19,6,56.03,336.18
22566,9483,2,36,7,79.32,555.24
22567,9484,1,22,8,60.14,481.12
22568,9484,2,39,1,83.43,83.43
22569,9485,1,25,2,64.25,128.50
22570,9485,2,42,3,87.54,262.62
22571,9486,1,28,4,68.36,273.44
22572,9486,2,45,5,91.65,458.25
22573,9487,1,31,6,72.47,434.82
22574,9487,2,48,7,95.76,670.32
22575,9488,1,34,8,76.58,612.64
22576,9488,2,51,1,99.87,99.87
22577,9489,1,37,2,80.69,161.38
22578,9489,2,54,3,103.98,311.94
22579,9490,1,40,4,84.80,339.20
22580,9490,2,57,5,108.09,540.45
22581,9491,1,43,6,88.91,533.46
22582,9491,2,60,7,112.20,785.40
22583,9492,1,46,8,93.02,744.16
22584,9492,2,63,1,116.31,116.31
22585,9493,1,49,2,97.13,194.26
22586,9493,2,66,3,120.42,361.26
22587,9494,1,52,4,101.24,404.96
22588,9494,2,69,5,124.53,622.65
22589,9495,1,55,6,105.35,632.10
22590,9495,2,72,7,128.64,900.48
22591,9496,1,58,8,109.46,875.68
22592,9496,2,75,1,132.75,132.75
22593,9497,1,61,2,113.57,227.14
22594,9497,2,78,3,136.86,410.58
22595,9498,1,64,4,117.68,470.72
22596,9498,2,81,5,140.97,704.85
22597,9499,1,67,6,121.79,730.74
22598,9499,2,84,7,145.08,1015.56
22599,9500,1,70,8,125.90,1007.20
22600,9500,2,87,1,149.19,149.19
22601,9501,1,73,2,130.01,260.02
22602,9501,2,90,3,153.30,459.90
22603,9502,1,76,4,134.12,536.48
22604,9502,2,93,5,157.41,787.05
22605,9503,1,79,6,138.23,829.38
22606,9503,2,96,7,161.52,1130.64
22607,9504,1,82,8,142.34,1138.72
22608,9504,2,99,1,165.63,165.63
22609,9505,1,85,2,146.45,292.90
22610,9505,2,102,3,169.74,509.22
22611,9506,1,88,4,150.56,602.24
22612,9506,2,105,5,173.85,869.25
22613,9507,1,91,6,154.67,928.02
22614,9507,2,108,7,177.96,1245.72
22615,9508,1,94,8,158.78,1270.24
22616,9508,2,111,1,182.07,182.07
22617,9509,1,97,2,162.89,325.78
22618,9509,2,2,3,32.74,98.22
22619,9510,1,100,4,167.00,668.00
22620,9510,2,5,5,36.85,184.25
22621,9511,1,103,6,171.11,1026.66
22622,9511,2,8,7,40.96,286.72
22623,9512,1,106,8,175.22,1401.76
22624,9512,2,11,1,45.07,45.07
22625,9513,1,109,2,179.33,358.66
22626,9513,2,14,3,49.18,147.54
22627,9514,1,112,4,183.44,733.76
22628,9514,2,17,5,53.29,266.45
22629,9515,1,3,6,34.11,204.66
22630,9515,2,20,7,57.40,401.80
22631,9516,1,6,8,38.22,305.76
22632,9516,2,23,1,61.51,61.51
22633,9517,1,9,2,42.33,84.66
22634,9517,2,26,3,65.62,196.86
22635,9518,1,12,4,46.44,185.76
22636,9518,2,29,5,69.73,348.65
22637,9519,1,15,6,50.55,303.30
22638,9519,2,32,7,73.84,516.88
22639,9520,1,18,8,54.66,437.28
22640,9520,2,35,1,77.95,77.95
22641,9521,1,21,2,58.77,117.54
22642,9521,2,38,3,82.06,246.18
22643,9522,1,24,4,62.88,251.52
22644,9522,2,41,5,86.17,430.85
22645,9523,1,27,6,66.99,401.94
22646,9523,2,44,7,90.28,631.96
22647,9524,1,30,8,71.10,568.80
22648,9524,2,47,1,94.39,94.39
22649,9525,1,33,2,75.21,150.42
22650,9525,2,50,3,98.50,295.50
22651,9526,1,36,4,79.32,317.28
22652,9526,2,53,5,102.61,513.05
22653,9527,1,39,6,83.43,500.58
22654,9527,2,56,7,106.72,747.04
22655,9528,1,42,8,87.54,700.32
22656,9528,2,59,1,110.83,110.83
22657,9529,1,45,2,91.65,183.30
22658,9529,2,62,3,114.94,344.82
22659,9530,1,48,4,95.76,383.04
22660,9530,2,65,5,119.05,595.25
22661,9531,1,51,6,99.87,599.22
22662,9531,2,68,7,123.16,862.12
22663,9532,1,54,8,103.98,831.84
22664,9532,2,71,1,127.27,127.27
22665,9533,1,57,2,108.09,216.18
22666,9533,2,74,3,131.38,394.14
22667,9534,1,60,4,112.20,448.80
22668,9534,2,77,5,135.49,677.45
22669,9535,1,63,6,116.31,697.86
22670,9535,2,80,7,139.60,977.20
22671,9536,1,66,8,120.42,963.36
22672,9536,2,83,1,143.71,143.71
22673,9537,1,69,2,124.53,249.06
22674,9537,2,86,3,147.82,443.46
22675,9538,1,72,4,128.64,514.56
22676,9538,2,89,5,151.93,759.65
22677,9539,1,75,6,132.75,796.50
22678,9539,2,92,7,156.04,1092.28
22679,9540,1,78,8,136.86,1094.88
22680,9540,2,95,1,160.15,160.15
22681,9541,1,81,2,140.97,281.94
22682,9541,2,98,3,164.26,492.78
22683,9542,1,84,4,145.08,580.32
22684,9542,2,101,5,168.37,841.85
22685,9543,1,87,6,149.19,895.14
22686,9543,2,104,7,172.48,1207.36
22687,9544,1,90,8,153.30,1226.40
22688,9544,2,107,1,176.59,176.59
22689,9545,1,93,2,157.41,314.82
22690,9545,2,110,3,180.70,542.10
22691,9546,1,96,4,161.52,646.08
22692,9546,2,1,5,31.37,156.85
22693,9547,1,99,6,165.63,993.78
22694,9547,2,4,7,35.48,248.36
22695,9548,1,102,8,169.74,1357.92
22696,9548,2,7,1,39.59,39.59
22697,9549,1,105,2,173.85,347.70
22698,9549,2,10,3,43.70,131.10
22699,9550,1,108,4,177.96,711.84
22700,9550,2,13,5,47.81,239.05
22701,9551,1,111,6,182.07,1092.42
22702,9551,2,16,7,51.92,363.44
22703,9552,1,2,8,32.74,261.92
22704,9552,2,19,1,56.03,56.03
22705,9553,1,5,2,36.85,73.70
22706,9553,2,22,3,60.14,180.42
22707,9554,1,8,4,40.96,163.84
22708,9554,2,25,5,64.25,321.25
22709,9555,1,11,6,45.07,270.42
22710,9555,2,28,7,68.36,478.52
22711,9556,1,14,8,49.18,393.44
22712,9556,2,31,1,72.47,72.47
22713,9557,1,17,2,53.29,106.58
22714,9557,2,34,3,76.58,229.74
22715,9558,1,20,4,57.40,229.60
22716,9558,2,37,5,80.69,403.45
22717,9559,1,23,6,61.51,369.06
22718,9559,2,40,7,84.80,593.60
22719,9560,1,26,8,65.62,524.96
22720,9560,2,43,1,88.91,88.91
22721,9561,1,29,2,69.73,139.46
22722,9561,2,46,3,93.02,279.06
22723,9562,1,32,4,73.84,295.36
22724,9562,2,49,5,97.13,485.65
22725,9563,1,35,6,77.95,467.70
22726,9563,2,52,7,101.24,708.68
22727,9564,1,38,8,82.06,656.48
22728,9564,2,55,1,105.35,105.35
22729,9565,1,41,2,86.17,172.34
22730,9565,2,58,3,109.46,328.38
22731,9566,1,44,4,90.28,361.12
22732,9566,2,61,5,113.57,567.85
22733,9567,1,47,6,94.39,566.34
22734,9567,2,64,7,117.68,823.76
22735,9568,1,50,8,98.50,788.00
22736,9568,2,67,1,121.79,121.79
22737,9569,1,53,2,102.61,205.22
22738,9569,2,70,3,125.90,377.70
22739,9570,1,56,4,106.72,426.88
22740,9570,2,73,5,130.01,650.05
22741,9571,1,59,6,110.83,664.98
22742,9571,2,76,7,134.12,938.84
22743,9572,1,62,8,114.94,919.52
22744,9572,2,79,1,138.23,138.23
22745,9573,1,65,2,119.05,238.10
22746,9573,2,82,3,142.34,427.02
22747,9574,1,68,4,123.16,492.64
22748,9574,2,85,5,146.45,732.25
22749,9575,1,71,6,127.27,763.62
22750,9575,2,88,7,150.56,1053.92
22751,9576,1,74,8,131.38,1051.04
22752,9576,2,91,1,154.67,154.67
22753,9577,1,77,2,135.49,270.98
22754,9577,2,94,3,158.78,476.34
22755,9578,1,80,4,139.60,558.40
22756,9578,2,97,5,162.89,814.45
22757,9579,1,83,6,143.71,862.26
22758,9579,2,100,7,167.00,1169.00
22759,9580,1,86,8,147.82,1182.56
22760,9580,2,103,1,171.11,171.11
22761,9581,1,89,2,151.93,303.86
22762,9581,2,106,3,175.22,525.66
22763,9582,1,92,4,156.04,624.16
22764,9582,2,109,5,179.33,896.65
22765,9583,1,95,6,160.15,960.90
22766,9583,2,112,7,183.44,1284.08
22767,9584,1,98,8,164.26,1314.08
22768,9584,2,3,1,34.11,34.11
22769,9585,1,101,2,168.37,336.74
22770,9585,2,6,3,38.22,114.66
22771,9586,1,104,4,172.48,689.92
22772,9586,2,9,5,42.33,211.65
22773,9587,1,107,6,176.59,1059.54
22774,9587,2,12,7,46.44,325.08
22775,9588,1,110,8,180.70,1445.60
22776,9588,2,15,1,50.55,50.55
22777,9589,1,1,2,31.37,62.74
22778,9589,2,18,3,54.66,163.98
22779,9590,1,4,4,35.48,141.92
22780,9590,2,21,5,58.77,293.85
22781,9591,1,7,6,39.59,237.54
22782,9591,2,24,7,62.88,440.16
22783,9592,1,10,8,43.70,349.60
22784,9592,2,27,1,66.99,66.99
22785,9593,1,13,2,47.81,95.62
22786,9593,2,30,3,71.10,213.30
22787,9594,1,16,4,51.92,207.68
22788,9594,2,33,5,75.21,376.05
22789,9595,1,19,6,56.03,336.18
22790,9595,2,36,7,79.32,555.24
22791,9596,1,22,8,60.14,481.12
22792,9596,2,39,1,83.43,83.43
22793,9597,1,25,2,64.25,128.50
22794,9597,2,42,3,87.54,262.62
22795,9598,1,28,4,68.36,273.44
22796,9598,2,45,5,91.65,458.25
22797,9599,1,31,6,72.47,434.82
22798,9599,2,48,7,95.76,670.32
22799,9600,1,34,8,76.58,612.64
22800,9600,2,51,1,99.87,99.87
22801,9601,1,37,2,80.69,161.38
22802,9601,2,54,3,103.98,311.94
22803,9602,1,40,4,84.80,339.20
22804,9602,2,57,5,108.09,540.45
22805,9603,1,43,6,88.91,533.46
22806,9603,2,60,7,112.20,785.40
22807,9604,1,46,8,93.02,744.16
22808,9604,2,63,1,116.31,116.31
22809,9605,1,49,2,97.13,194.26
22810,9605,2,66,3,120.42,361.26
22811,9606,1,52,4,101.24,404.96
22812,9606,2,69,5,124.53,622.65
22813,9607,1,55,6,105.35,632.10
22814,9607,2,72,7,128.64,900.48
22815,9608,1,58,8,109.46,875.68
22816,9608,2,75,1,132.75,132.75
22817,9609,1,61,2,113.57,227.14
22818,9609,2,78,3,136.86,410.58
22819,9610,1,64,4,117.68,470.72
22820,9610,2,81,5,140.97,704.85
22821,9611,1,67,6,121.79,730.74
22822,9611,2,84,7,145.08,1015.56
22823,9612,1,70,8,125.90,1007.20
22824,9612,2,87,1,149.19,149.19
22825,9613,1,73,2,130.01,260.02
22826,9613,2,90,3,153.30,459.90
22827,9614,1,76,4,134.12,536.48
22828,9614,2,93,5,157.41,787.05
22829,9615,1,79,6,138.23,829.38
22830,9615,2,96,7,161.52,1130.64
22831,9616,1,82,8,142.34,1138.72
22832,9616,2,99,1,165.63,165.63
22833,9617,1,85,2,146.45,292.90
22834,9617,2,102,3,169.74,509.22
22835,9618,1,88,4,150.56,602.24
22836,9618,2,105,5,173.85,869.25
22837,9619,1,91,6,154.67,928.02
22838,9619,2,108,7,177.96,1245.72
22839,9620,1,94,8,158.78,1270.24
22840,9620,2,111,1,182.07,182.07
22841,9621,1,97,2,162.89,325.78
22842,9621,2,2,3,32.74,98.22
22843,9622,1,100,4,167.00,668.00
22844,9622,2,5,5,36.85,184.25
22845,9623,1,103,6,171.11,1026.66
22846,9623,2,8,7,40.96,286.72
22847,9624,1,106,8,175.22,1401.76
22848,9624,2,11,1,45.07,45.07
22849,9625,1,109,2,179.33,358.66
22850,9625,2,14,3,49.18,147.54
22851,9626,1,112,4,183.44,733.76
22852,9626,2,17,5,53.29,266.45
22853,9627,1,3,6,34.11,204.66
22854,9627,2,20,7,57.40,401.80
22855,9628,1,6,8,38.22,305.76
22856,9628,2,23,1,61.51,61.51
22857,9629,1,9,2,42.33,84.66
22858,9629,2,26,3,65.62,196.86
22859,9630,1,12,4,46.44,185.76
22860,9630,2,29,5,69.73,348.65
22861,9631,1,15,6,50.55,303.30
22862,9631,2,32,7,73.84,516.88
22863,9632,1,18,8,54.66,437.28
22864,9632,2,35,1,77.95,77.95
22865,9633,1,21,2,58.77,117.54
22866,9633,2,38,3,82.06,246.18
22867,9634,1,24,4,62.88,251.52
22868,9634,2,41,5,86.17,430.85
22869,9635,1,27,6,66.99,401.94
22870,9635,2,44,7,90.28,631.96
22871,9636,1,30,8,71.10,568.80
22872,9636,2,47,1,94.39,94.39
22873,9637,1,33,2,75.21,150.42
22874,9637,2,50,3,98.50,295.50
22875,9638,1,36,4,79.32,317.28
22876,9638,2,53,5,102.61,513.05
22877,9639,1,39,6,83.43,500.58
22878,9639,2,56,7,106.72,747.04
22879,9640,1,42,8,87.54,700.32
22880,9640,2,59,1,110.83,110.83
22881,9641,1,45,2,91.65,183.30
22882,9641,2,62,3,114.94,344.82
22883,9642,1,48,4,95.76,383.04
22884,9642,2,65,5,119.05,595.25
22885,9643,1,51,6,99.87,599.22
22886,9643,2,68,7,123.16,862.12
22887,9644,1,54,8,103.98,831.84
22888,9644,2,71,1,127.27,127.27
22889,9645,1,57,2,108.09,216.18
22890,9645,2,74,3,131.38,394.14
22891,9646,1,60,4,112.20,448.80
22892,9646,2,77,5,135.49,677.45
22893,9647,1,63,6,116.31,697.86
22894,9647,2,80,7,139.60,977.20
22895,9648,1,66,8,120.42,963.36
22896,9648,2,83,1,143.71,143.71
22897,9649,1,69,2,124.53,249.06
22898,9649,2,86,3,147.82,443.46
22899,9650,1,72,4,128.64,514.56
22900,9650,2,89,5,151.93,759.65
22901,9651,1,75,6,132.75,796.50
22902,9651,2,92,7,156.04,1092.28
22903,9652,1,78,8,136.86,1094.88
22904,9652,2,95,1,160.15,160.15
22905,9653,1,81,2,140.97,281.94
22906,9653,2,98,3,164.26,492.78
22907,9654,1,84,4,145.08,580.32
22908,9654,2,101,5,168.37,841.85
22909,9655,1,87,6,149.19,895.14
22910,9655,2,104,7,172.48,1207.36
22911,9656,1,90,8,153.30,1226.40
22912,9656,2,107,1,176.59,176.59
22913,9657,1,93,2,157.41,314.82
22914,9657,2,110,3,180.70,542.10
22915,9658,1,96,4,161.52,646.08
22916,9658,2,1,5,31.37,156.85
22917,9659,1,99,6,165.63,993.78
22918,9659,2,4,7,35.48,248.36
22919,9660,1,102,8,169.74,1357.92
22920,9660,2,7,1,39.59,39.59
22921,9661,1,105,2,173.85,347.70
22922,9661,2,10,3,43.70,131.10
22923,9662,1,108,4,177.96,711.84
22924,9662,2,13,5,47.81,239.05
22925,9663,1,111,6,182.07,1092.42
22926,9663,2,16,7,51.92,363.44
22927,9664,1,2,8,32.74,261.92
22928,9664,2,19,1,56.03,56.03
22929,9665,1,5,2,36.85,73.70
22930,9665,2,22,3,60.14,180.42
22931,9666,1,8,4,40.96,163.84
22932,9666,2,25,5,64.25,321.25
22933,9667,1,11,6,45.07,270.42
22934,9667,2,28,7,68.36,478.52
22935,9668,1,14,8,49.18,393.44
22936,9668,2,31,1,72.47,72.47
22937,9669,1,17,2,53.29,106.58
22938,9669,2,34,3,76.58,229.74
22939,9670,1,20,4,57.40,229.60
22940,9670,2,37,5,80.69,403.45
22941,9671,1,23,6,61.51,369.06
22942,9671,2,40,7,84.80,593.60
22943,9672,1,26,8,65.62,524.96
22944,9672,2,43,1,88.91,88.91
22945,9673,1,29,2,69.73,139.46
22946,9673,2,46,3,93.02,279.06
22947,9674,1,32,4,73.84,295.36
22948,9674,2,49,5,97.13,485.65
22949,9675,1,35,6,77.95,467.70
22950,9675,2,52,7,101.24,708.68
22951,9676,1,38,8,82.06,656.48
22952,9676,2,55,1,105.35,105.35
22953,9677,1,41,2,86.17,172.34
22954,9677,2,58,3,109.46,328.38
22955,9678,1,44,4,90.28,361.12
22956,9678,2,61,5,113.57,567.85
22957,9679,1,47,6,94.39,566.34
22958,9679,2,64,7,117.68,823.76
22959,9680,1,50,8,98.50,788.00
22960,9680,2,67,1,121.79,121.79
22961,9681,1,53,2,102.61,205.22
22962,9681,2,70,3,125.90,377.70
22963,9682,1,56,4,106.72,426.88
22964,9682,2,73,5,130.01,650.05
22965,9683,1,59,6,110.83,664.98
22966,9683,2,76,7,134.12,938.84
22967,9684,1,62,8,114.94,919.52
22968,9684,2,79,1,138.23,138.23
22969,9685,1,65,2,119.05,238.10
22970,9685,2,82,3,142.34,427.02
22971,9686,1,68,4,123.16,492.64
22972,9686,2,85,5,146.45,732.25
22973,9687,1,71,6,127.27,763.62
22974,9687,2,88,7,150.56,1053.92
22975,9688,1,74,8,131.38,1051.04
22976,9688,2,91,1,154.67,154.67
22977,9689,1,77,2,135.49,270.98
22978,9689,2,94,3,158.78,476.34
22979,9690,1,80,4,139.60,558.40
22980,9690,2,97,5,162.89,814.45
22981,9691,1,83,6,143.71,862.26
22982,9691,2,100,7,167.00,1169.00
22983,9692,1,86,8,147.82,1182.56
22984,9692,2,103,1,171.11,171.11
22985,9693,1,89,2,151.93,303.86
22986,9693,2,106,3,175.22,525.66
22987,9694,1,92,4,156.04,624.16
22988,9694,2,109,5,179.33,896.65
22989,9695,1,95,6,160.15,960.90
22990,9695,2,112,7,183.44,1284.08
22991,9696,1,98,8,164.26,1314.08
22992,9696,2,3,1,34.11,34.11
22993,9697,1,101,2,168.37,336.74
22994,9697,2,6,3,38.22,114.66
22995,9698,1,104,4,172.48,689.92
22996,9698,2,9,5,42.33,211.65
22997,9699,1,107,6,176.59,1059.54
22998,9699,2,12,7,46.44,325.08
22999,9700,1,110,8,180.70,1445.60
23000,9700,2,15,1,50.55,50.55
23001,9701,1,1,2,31.37,62.74
23002,9701,2,18,3,54.66,163.98
23003,9702,1,4,4,35.48,141.92
23004,9702,2,21,5,58.77,293.85
23005,9703,1,7,6,39.59,237.54
23006,9703,2,24,7,62.88,440.16
23007,9704,1,10,8,43.70,349.60
23008,9704,2,27,1,66.99,66.99
23009,9705,1,13,2,47.81,95.62
23010,9705,2,30,3,71.10,213.30
23011,9706,1,16,4,51.92,207.68
23012,9706,2,33,5,75.21,376.05
23013,9707,1,19,6,56.03,336.18
23014,9707,2,36,7,79.32,555.24
23015,9708,1,22,8,60.14,481.12
23016,9708,2,39,1,83.43,83.43
23017,9709,1,25,2,64.25,128.50
23018,9709,2,42,3,87.54,262.62
23019,9710,1,28,4,68.36,273.44
23020,9710,2,45,5,91.65,458.25
23021,9711,1,31,6,72.47,434.82
23022,9711,2,48,7,95.76,670.32
23023,9712,1,34,8,76.58,612.64
23024,9712,2,51,1,99.87,99.87
23025,9713,1,37,2,80.69,161.38
23026,9713,2,54,3,103.98,311.94
23027,9714,1,40,4,84.80,339.20
23028,9714,2,57,5,108.09,540.45
23029,9715,1,43,6,88.91,533.46
23030,9715,2,60,7,112.20,785.40
23031,9716,1,46,8,93.02,744.16
23032,9716,2,63,1,116.31,116.31
23033,9717,1,49,2,97.13,194.26
23034,9717,2,66,3,120.42,361.26
23035,9718,1,52,4,101.24,404.96
23036,9718,2,69,5,124.53,622.65
23037,9719,1,55,6,105.35,632.10
23038,9719,2,72,7,128.64,900.48
23039,9720,1,58,8,109.46,875.68
23040,9720,2,75,1,132.75,132.75
23041,9721,1,61,2,113.57,227.14
23042,9721,2,78,3,136.86,410.58
23043,9722,1,64,4,117.68,470.72
23044,9722,2,81,5,140.97,704.85
23045,9723,1,67,6,121.79,730.74
23046,9723,2,84,7,145.08,1015.56
23047,9724,1,70,8,125.90,1007.20
23048,9724,2,87,1,149.19,149.19
23049,9725,1,73,2,130.01,260.02
23050,9725,2,90,3,153.30,459.90
23051,9726,1,76,4,134.12,536.48
23052,9726,2,93,5,157.41,787.05
23053,9727,1,79,6,138.23,829.38
23054,9727,2,96,7,161.52,1130.64
23055,9728,1,82,8,142.34,1138.72
23056,9728,2,99,1,165.63,165.63
23057,9729,1,85,2,146.45,292.90
23058,9729,2,102,3,169.74,509.22
23059,9730,1,88,4,150.56,602.24
23060,9730,2,105,5,173.85,869.25
23061,9731,1,91,6,154.67,928.02
23062,9731,2,108,7,177.96,1245.72
23063,9732,1,94,8,158.78,1270.24
23064,9732,2,111,1,182.07,182.07
23065,9733,1,97,2,162.89,325.78
23066,9733,2,2,3,32.74,98.22
23067,9734,1,100,4,167.00,668.00
23068,9734,2,5,5,36.85,184.25
23069,9735,1,103,6,171.11,1026.66
23070,9735,2,8,7,40.96,286.72
23071,9736,1,106,8,175.22,1401.76
23072,9736,2,11,1,45.07,45.07
23073,9737,1,109,2,179.33,358.66
23074,9737,2,14,3,49.18,147.54
23075,9738,1,112,4,183.44,733.76
23076,9738,2,17,5,53.29,266.45
23077,9739,1,3,6,34.11,204.66
23078,9739,2,20,7,57.40,401.80
23079,9740,1,6,8,38.22,305.76
23080,9740,2,23,1,61.51,61.51
23081,9741,1,9,2,42.33,84.66
23082,9741,2,26,3,65.62,196.86
23083,9742,1,12,4,46.44,185.76
23084,9742,2,29,5,69.73,348.65
23085,9743,1,15,6,50.55,303.30
23086,9743,2,32,7,73.84,516.88
23087,9744,1,18,8,54.66,437.28
23088,9744,2,35,1,77.95,77.95
23089,9745,1,21,2,58.77,117.54
23090,9745,2,38,3,82.06,246.18
23091,9746,1,24,4,62.88,251.52
23092,9746,2,41,5,86.17,430.85
23093,9747,1,27,6,66.99,401.94
23094,9747,2,44,7,90.28,631.96
23095,9748,1,30,8,71.10,568.80
23096,9748,2,47,1,94.39,94.39
23097,9749,1,33,2,75.21,150.42
23098,9749,2,50,3,98.50,295.50
23099,9750,1,36,4,79.32,317.28
23100,9750,2,53,5,102.61,513.05
23101,9751,1,39,6,83.43,500.58
23102,9751,2,56,7,106.72,747.04
23103,9752,1,42,8,87.54,700.32
23104,9752,2,59,1,110.83,110.83
23105,9753,1,45,2,91.65,183.30
23106,9753,2,62,3,114.94,344.82
23107,9754,1,48,4,95.76,383.04
23108,9754,2,65,5,119.05,595.25
23109,9755,1,51,6,99.87,599.22
23110,9755,2,68,7,123.16,862.12
23111,9756,1,54,8,103.98,831.84
23112,9756,2,71,1,127.27,127.27
23113,9757,1,57,2,108.09,216.18
23114,9757,2,74,3,131.38,394.14
23115,9758,1,60,4,112.20,448.80
23116,9758,2,77,5,135.49,677.45
23117,9759,1,63,6,116.31,697.86
23118,9759,2,80,7,139.60,977.20
23119,9760,1,66,8,120.42,963.36
23120,9760,2,83,1,143.71,143.71
23121,9761,1,69,2,124.53,249.06
23122,9761,2,86,3,147.82,443.46
23123,9762,1,72,4,128.64,514.56
23124,9762,2,89,5,151.93,759.65
23125,9763,1,75,6,132.75,796.50
23126,9763,2,92,7,156.04,1092.28
23127,9764,1,78,8,136.86,1094.88
23128,9764,2,95,1,160.15,160.15
23129,9765,1,81,2,140.97,281.94
23130,9765,2,98,3,164.26,492.78
23131,9766,1,84,4,145.08,580.32
23132,9766,2,101,5,168.37,841.85
23133,9767,1,87,6,149.19,895.14
23134,9767,2,104,7,172.48,1207.36
23135,9768,1,90,8,153.30,1226.40
23136,9768,2,107,1,176.59,176.59
23137,9769,1,93,2,157.41,314.82
23138,9769,2,110,3,180.70,542.10
23139,9770,1,96,4,161.52,646.08
23140,9770,2,1,5,31.37,156.85
23141,9771,1,99,6,165.63,993.78
23142,9771,2,4,7,35.48,248.36
23143,9772,1,102,8,169.74,1357.92
23144,9772,2,7,1,39.59,39.59
23145,9773,1,105,2,173.85,347.70
23146,9773,2,10,3,43.70,131.10
23147,9774,1,108,4,177.96,711.84
23148,9774,2,13,5,47.81,239.05
23149,9775,1,111,6,182.07,1092.42
23150,9775,2,16,7,51.92,363.44
23151,9776,1,2,8,32.74,261.92
23152,9776,2,19,1,56.03,56.03
23153,9777,1,5,2,36.85,73.70
23154,9777,2,22,3,60.14,180.42
23155,9778,1,8,4,40.96,163.84
23156,9778,2,25,5,64.25,321.25
23157,9779,1,11,6,45.07,270.42
23158,9779,2,28,7,68.36,478.52
23159,9780,1,14,8,49.18,393.44
23160,9780,2,31,1,72.47,72.47
23161,9781,1,17,2,53.29,106.58
23162,9781,2,34,3,76.58,229.74
23163,9782,1,20,4,57.40,229.60
23164,9782,2,37,5,80.69,403.45
23165,9783,1,23,6,61.51,369.06
23166,9783,2,40,7,84.80,593.60
23167,9784,1,26,8,65.62,524.96
23168,9784,2,43,1,88.91,88.91
23169,9785,1,29,2,69.73,139.46
23170,9785,2,46,3,93.02,279.06
23171,9786,1,32,4,73.84,295.36
23172,9786,2,49,5,97.13,485.65
23173,9787,1,35,6,77.95,467.70
23174,9787,2,52,7,101.24,708.68
23175,9788,1,38,8,82.06,656.48
23176,9788,2,55,1,105.35,105.35
23177,9789,1,41,2,86.17,172.34
23178,9789,2,58,3,109.46,328.38
23179,9790,1,44,4,90.28,361.12
23180,9790,2,61,5,113.57,567.85
23181,9791,1,47,6,94.39,566.34
23182,9791,2,64,7,117.68,823.76
23183,9792,1,50,8,98.50,788.00
23184,9792,2,67,1,121.79,121.79
23185,9793,1,53,2,102.61,205.22
23186,9793,2,70,3,125.90,377.70
23187,9794,1,56,4,106.72,426.88
23188,9794,2,73,5,130.01,650.05
23189,9795,1,59,6,110.83,664.98
23190,9795,2,76,7,134.12,938.84
23191,9796,1,62,8,114.94,919.52
23192,9796,2,79,1,138.23,138.23
23193,9797,1,65,2,119.05,238.10
23194,9797,2,82,3,142.34,427.02
23195,9798,1,68,4,123.16,492.64
23196,9798,2,85,5,146.45,732.25
23197,9799,1,71,6,127.27,763.62
23198,9799,2,88,7,150.56,1053.92
23199,9800,1,74,8,131.38,1051.04
23200,9800,2,91,1,154.67,154.67
23201,9801,1,77,2,135.49,270.98
23202,9801,2,94,3,158.78,476.34
23203,9802,1,80,4,139.60,558.40
23204,9802,2,97,5,162.89,814.45
23205,9803,1,83,6,143.71,862.26
23206,9803,2,100,7,167.00,1169.00
23207,9804,1,86,8,147.82,1182.56
23208,9804,2,103,1,171.11,171.11
23209,9805,1,89,2,151.93,303.86
23210,9805,2,106,3,175.22,525.66
23211,9806,1,92,4,156.04,624.16
23212,9806,2,109,5,179.33,896.65
23213,9807,1,95,6,160.15,960.90
23214,9807,2,112,7,183.44,1284.08
23215,9808,1,98,8,164.26,1314.08
23216,9808,2,3,1,34.11,34.11
23217,9809,1,101,2,168.37,336.74
23218,9809,2,6,3,38.22,114.66
23219,9810,1,104,4,172.48,689.92
23220,9810,2,9,5,42.33,211.65
23221,9811,1,107,6,176.59,1059.54
23222,9811,2,12,7,46.44,325.08
23223,9812,1,110,8,180.70,1445.60
23224,9812,2,15,1,50.55,50.55
23225,9813,1,1,2,31.37,62.74
23226,9813,2,18,3,54.66,163.98
23227,9814,1,4,4,35.48,141.92
23228,9814,2,21,5,58.77,293.85
23229,9815,1,7,6,39.59,237.54
23230,9815,2,24,7,62.88,440.16
23231,9816,1,10,8,43.70,349.60
23232,9816,2,27,1,66.99,66.99
23233,9817,1,13,2,47.81,95.62
23234,9817,2,30,3,71.10,213.30
23235,9818,1,16,4,51.92,207.68
23236,9818,2,33,5,75.21,376.05
23237,9819,1,19,6,56.03,336.18
23238,9819,2,36,7,79.32,555.24
23239,9820,1,22,8,60.14,481.12
23240,9820,2,39,1,83.43,83.43
23241,9821,1,25,2,64.25,128.50
23242,9821,2,42,3,87.54,262.62
23243,9822,1,28,4,68.36,273.44
23244,9822,2,45,5,91.65,458.25
23245,9823,1,31,6,72.47,434.82
23246,9823,2,48,7,95.76,670.32
23247,9824,1,34,8,76.58,612.64
23248,9824,2,51,1,99.87,99.87
23249,9825,1,37,2,80.69,161.38
23250,9825,2,54,3,103.98,311.94
23251,9826,1,40,4,84.80,339.20
23252,9826,2,57,5,108.09,540.45
23253,9827,1,43,6,88.91,533.46
23254,9827,2,60,7,112.20,785.40
23255,9828,1,46,8,93.02,744.16
23256,9828,2,63,1,116.31,116.31
23257,9829,1,49,2,97.13,194.26
23258,9829,2,66,3,120.42,361.26
23259,9830,1,52,4,101.24,404.96
23260,9830,2,69,5,124.53,622.65
23261,9831,1,55,6,105.35,632.10
23262,9831,2,72,7,128.64,900.48
23263,9832,1,58,8,109.46,875.68
23264,9832,2,75,1,132.75,132.75
23265,9833,1,61,2,113.57,227.14
23266,9833,2,78,3,136.86,410.58
23267,9834,1,64,4,117.68,470.72
23268,9834,2,81,5,140.97,704.85
23269,9835,1,67,6,121.79,730.74
23270,9835,2,84,7,145.08,1015.56
23271,9836,1,70,8,125.90,1007.20
23272,9836,2,87,1,149.19,149.19
23273,9837,1,73,2,130.01,260.02
23274,9837,2,90,3,153.30,459.90
23275,9838,1,76,4,134.12,536.48
23276,9838,2,93,5,157.41,787.05
23277,9839,1,79,6,138.23,829.38
23278,9839,2,96,7,161.52,1130.64
23279,9840,1,82,8,142.34,1138.72
23280,9840,2,99,1,165.63,165.63
23281,9841,1,85,2,146.45,292.90
23282,9841,2,102,3,169.74,509.22
23283,9842,1,88,4,150.56,602.24
23284,9842,2,105,5,173.85,869.25
23285,9843,1,91,6,154.67,928.02
23286,9843,2,108,7,177.96,1245.72
23287,9844,1,94,8,158.78,1270.24
23288,9844,2,111,1,182.07,182.07
23289,9845,1,97,2,162.89,325.78
23290,9845,2,2,3,32.74,98.22
23291,9846,1,100,4,167.00,668.00
23292,9846,2,5,5,36.85,184.25
23293,9847,1,103,6,171.11,1026.66
23294,9847,2,8,7,40.96,286.72
23295,9848,1,106,8,175.22,1401.76
23296,9848,2,11,1,45.07,45.07
23297,9849,1,109,2,179.33,358.66
23298,9849,2,14,3,49.18,147.54
23299,9850,1,112,4,183.44,733.76
23300,9850,2,17,5,53.29,266.45
23301,9851,1,3,6,34.11,204.66
23302,9851,2,20,7,57.40,401.80
23303,9852,1,6,8,38.22,305.76
23304,9852,2,23,1,61.51,61.51
23305,9853,1,9,2,42.33,84.66
23306,9853,2,26,3,65.62,196.86
23307,9854,1,12,4,46.44,185.76
23308,9854,2,29,5,69.73,348.65
23309,9855,1,15,6,50.55,303.30
23310,9855,2,32,7,73.84,516.88
23311,9856,1,18,8,54.66,437.28
23312,9856,2,35,1,77.95,77.95
23313,9857,1,21,2,58.77,117.54
23314,9857,2,38,3,82.06,246.18
23315,9858,1,24,4,62.88,251.52
23316,9858,2,41,5,86.17,430.85
23317,9859,1,27,6,66.99,401.94
23318,9859,2,44,7,90.28,631.96
23319,9860,1,30,8,71.10,568.80
23320,9860,2,47,1,94.39,94.39
23321,9861,1,33,2,75.21,150.42
23322,9861,2,50,3,98.50,295.50
23323,9862,1,36,4,79.32,317.28
23324,9862,2,53,5,102.61,513.05
23325,9863,1,39,6,83.43,500.58
23326,9863,2,56,7,106.72,747.04
23327,9864,1,42,8,87.54,700.32
23328,9864,2,59,1,110.83,110.83
23329,9865,1,45,2,91.65,183.30
23330,9865,2,62,3,114.94,344.82
23331,9866,1,48,4,95.76,383.04
23332,9866,2,65,5,119.05,595.25
23333,9867,1,51,6,99.87,599.22
23334,9867,2,68,7,123.16,862.12
23335,9868,1,54,8,103.98,831.84
23336,9868,2,71,1,127.27,127.27
23337,9869,1,57,2,108.09,216.18
23338,9869,2,74,3,131.38,394.14
23339,9870,1,60,4,112.20,448.80
23340,9870,2,77,5,135.49,677.45
23341,9871,1,63,6,116.31,697.86
23342,9871,2,80,7,139.60,977.20
23343,9872,1,66,8,120.42,963.36
23344,9872,2,83,1,143.71,143.71
23345,9873,1,69,2,124.53,249.06
23346,9873,2,86,3,147.82,443.46
23347,9874,1,72,4,128.64,514.56
23348,9874,2,89,5,151.93,759.65
23349,9875,1,75,6,132.75,796.50
23350,9875,2,92,7,156.04,1092.28
23351,9876,1,78,8,136.86,1094.88
23352,9876,2,95,1,160.15,160.15
23353,9877,1,81,2,140.97,281.94
23354,9877,2,98,3,164.26,492.78
23355,9878,1,84,4,145.08,580.32
23356,9878,2,101,5,168.37,841.85
23357,9879,1,87,6,149.19,895.14
23358,9879,2,104,7,172.48,1207.36
23359,9880,1,90,8,153.30,1226.40
23360,9880,2,107,1,176.59,176.59
23361,9881,1,93,2,157.41,314.82
23362,9881,2,110,3,180.70,542.10
23363,9882,1,96,4,161.52,646.08
23364,9882,2,1,5,31.37,156.85
23365,9883,1,99,6,165.63,993.78
23366,9883,2,4,7,35.48,248.36
23367,9884,1,102,8,169.74,1357.92
23368,9884,2,7,1,39.59,39.59
23369,9885,1,105,2,173.85,347.70
23370,9885,2,10,3,43.70,131.10
23371,9886,1,108,4,177.96,711.84
23372,9886,2,13,5,47.81,239.05
23373,9887,1,111,6,182.07,1092.42
23374,9887,2,16,7,51.92,363.44
23375,9888,1,2,8,32.74,261.92
23376,9888,2,19,1,56.03,56.03
23377,9889,1,5,2,36.85,73.70
23378,9889,2,22,3,60.14,180.42
23379,9890,1,8,4,40.96,163.84
23380,9890,2,25,5,64.25,321.25
23381,9891,1,11,6,45.07,270.42
23382,9891,2,28,7,68.36,478.52
23383,9892,1,14,8,49.18,393.44
23384,9892,2,31,1,72.47,72.47
23385,9893,1,17,2,53.29,106.58
23386,9893,2,34,3,76.58,229.74
23387,9894,1,20,4,57.40,229.60
23388,9894,2,37,5,80.69,403.45
23389,9895,1,23,6,61.51,369.06
23390,9895,2,40,7,84.80,593.60
23391,9896,1,26,8,65.62,524.96
23392,9896,2,43,1,88.91,88.91
23393,9897,1,29,2,69.73,139.46
23394,9897,2,46,3,93.02,279.06
23395,9898,1,32,4,73.84,295.36
23396,9898,2,49,5,97.13,485.65
23397,9899,1,35,6,77.95,467.70
23398,9899,2,52,7,101.24,708.68
23399,9900,1,38,8,82.06,656.48
23400,9900,2,55,1,105.35,105.35
23401,9901,1,41,2,86.17,172.34
23402,9901,2,58,3,109.46,328.38
23403,9902,1,44,4,90.28,361.12
23404,9902,2,61,5,113.57,567.85
23405,9903,1,47,6,94.39,566.34
23406,9903,2,64,7,117.68,823.76
23407,9904,1,50,8,98.50,788.00
23408,9904,2,67,1,121.79,121.79
23409,9905,1,53,2,102.61,205.22
23410,9905,2,70,3,125.90,377.70
23411,9906,1,56,4,106.72,426.88
23412,9906,2,73,5,130.01,650.05
23413,9907,1,59,6,110.83,664.98
23414,9907,2,76,7,134.12,938.84
23415,9908,1,62,8,114.94,919.52
23416,9908,2,79,1,138.23,138.23
23417,9909,1,65,2,119.05,238.10
23418,9909,2,82,3,142.34,427.02
23419,9910,1,68,4,123.16,492.64
23420,9910,2,85,5,146.45,732.25
23421,9911,1,71,6,127.27,763.62
23422,9911,2,88,7,150.56,1053.92
23423,9912,1,74,8,131.38,1051.04
23424,9912,2,91,1,154.67,154.67
23425,9913,1,77,2,135.49,270.98
23426,9913,2,94,3,158.78,476.34
23427,9914,1,80,4,139.60,558.40
23428,9914,2,97,5,162.89,814.45
23429,9915,1,83,6,143.71,862.26
23430,9915,2,100,7,167.00,1169.00
23431,9916,1,86,8,147.82,1182.56
23432,9916,2,103,1,171.11,171.11
23433,9917,1,89,2,151.93,303.86
23434,9917,2,106,3,175.22,525.66
23435,9918,1,92,4,156.04,624.16
23436,9918,2,109,5,179.33,896.65
23437,9919,1,95,6,160.15,960.90
23438,9919,2,112,7,183.44,1284.08
23439,9920,1,98,8,164.26,1314.08
23440,9920,2,3,1,34.11,34.11
23441,9921,1,101,2,168.37,336.74
23442,9921,2,6,3,38.22,114.66
23443,9922,1,104,4,172.48,689.92
23444,9922,2,9,5,42.33,211.65
23445,9923,1,107,6,176.59,1059.54
23446,9923,2,12,7,46.44,325.08
23447,9924,1,110,8,180.70,1445.60
23448,9924,2,15,1,50.55,50.55
23449,9925,1,1,2,31.37,62.74
23450,9925,2,18,3,54.66,163.98
23451,9926,1,4,4,35.48,141.92
23452,9926,2,21,5,58.77,293.85
23453,9927,1,7,6,39.59,237.54
23454,9927,2,24,7,62.88,440.16
23455,9928,1,10,8,43.70,349.60
23456,9928,2,27,1,66.99,66.99
23457,9929,1,13,2,47.81,95.62
23458,9929,2,30,3,71.10,213.30
23459,9930,1,16,4,51.92,207.68
23460,9930,2,33,5,75.21,376.05
23461,9931,1,19,6,56.03,336.18
23462,9931,2,36,7,79.32,555.24
23463,9932,1,22,8,60.14,481.12
23464,9932,2,39,1,83.43,83.43
23465,9933,1,25,2,64.25,128.50
23466,9933,2,42,3,87.54,262.62
23467,9934,1,28,4,68.36,273.44
23468,9934,2,45,5,91.65,458.25
23469,9935,1,31,6,72.47,434.82
23470,9935,2,48,7,95.76,670.32
23471,9936,1,34,8,76.58,612.64
23472,9936,2,51,1,99.87,99.87
23473,9937,1,37,2,80.69,161.38
23474,9937,2,54,3,103.98,311.94
23475,9938,1,40,4,84.80,339.20
23476,9938,2,57,5,108.09,540.45
23477,9939,1,43,6,88.91,533.46
23478,9939,2,60,7,112.20,785.40
23479,9940,1,46,8,93.02,744.16
23480,9940,2,63,1,116.31,116.31
23481,9941,1,49,2,97.13,194.26
23482,9941,2,66,3,120.42,361.26
23483,9942,1,52,4,101.24,404.96
23484,9942,2,69,5,124.53,622.65
23485,9943,1,55,6,105.35,632.10
23486,9943,2,72,7,128.64,900.48
23487,9944,1,58,8,109.46,875.68
23488,9944,2,75,1,132.75,132.75
23489,9945,1,61,2,113.57,227.14
23490,9945,2,78,3,136.86,410.58
23491,9946,1,64,4,117.68,470.72
23492,9946,2,81,5,140.97,704.85
23493,9947,1,67,6,121.79,730.74
23494,9947,2,84,7,145.08,1015.56
23495,9948,1,70,8,125.90,1007.20
23496,9948,2,87,1,149.19,149.19
23497,9949,1,73,2,130.01,260.02
23498,9949,2,90,3,153.30,459.90
23499,9950,1,76,4,134.12,536.48
23500,9950,2,93,5,157.41,787.05
23501,9951,1,79,6,138.23,829.38
23502,9951,2,96,7,161.52,1130.64
23503,9952,1,82,8,142.34,1138.72
23504,9952,2,99,1,165.63,165.63
23505,9953,1,85,2,146.45,292.90
23506,9953,2,102,3,169.74,509.22
23507,9954,1,88,4,150.56,602.24
23508,9954,2,105,5,173.85,869.25
23509,9955,1,91,6,154.67,928.02
23510,9955,2,108,7,177.96,1245.72
23511,9956,1,94,8,158.78,1270.24
23512,9956,2,111,1,182.07,182.07
23513,9957,1,97,2,162.89,325.78
23514,9957,2,2,3,32.74,98.22
23515,9958,1,100,4,167.00,668.00
23516,9958,2,5,5,36.85,184.25
23517,9959,1,103,6,171.11,1026.66
23518,9959,2,8,7,40.96,286.72
23519,9960,1,106,8,175.22,1401.76
23520,9960,2,11,1,45.07,45.07
23521,9961,1,109,2,179.33,358.66
23522,9961,2,14,3,49.18,147.54
23523,9962,1,112,4,183.44,733.76
23524,9962,2,17,5,53.29,266.45
23525,9963,1,3,6,34.11,204.66
23526,9963,2,20,7,57.40,401.80
23527,9964,1,6,8,38.22,305.76
23528,9964,2,23,1,61.51,61.51
23529,9965,1,9,2,42.33,84.66
23530,9965,2,26,3,65.62,196.86
23531,9966,1,12,4,46.44,185.76
23532,9966,2,29,5,69.73,348.65
23533,9967,1,15,6,50.55,303.30
23534,9967,2,32,7,73.84,516.88
23535,9968,1,18,8,54.66,437.28
23536,9968,2,35,1,77.95,77.95
23537,9969,1,21,2,58.77,117.54
23538,9969,2,38,3,82.06,246.18
23539,9970,1,24,4,62.88,251.52
23540,9970,2,41,5,86.17,430.85
23541,9971,1,27,6,66.99,401.94
23542,9971,2,44,7,90.28,631.96
23543,9972,1,30,8,71.10,568.80
23544,9972,2,47,1,94.39,94.39
23545,9973,1,33,2,75.21,150.42
23546,9973,2,50,3,98.50,295.50
23547,9974,1,36,4,79.32,317.28
23548,9974,2,53,5,102.61,513.05
23549,9975,1,39,6,83.43,500.58
23550,9975,2,56,7,106.72,747.04
23551,9976,1,42,8,87.54,700.32
23552,9976,2,59,1,110.83,110.83
23553,9977,1,45,2,91.65,183.30
23554,9977,2,62,3,114.94,344.82
23555,9978,1,48,4,95.76,383.04
23556,9978,2,65,5,119.05,595.25
23557,9979,1,51,6,99.87,599.22
23558,9979,2,68,7,123.16,862.12
23559,9980,1,54,8,103.98,831.84
23560,9980,2,71,1,127.27,127.27
23561,9981,1,57,2,108.09,216.18
23562,9981,2,74,3,131.38,394.14
23563,9982,1,60,4,112.20,448.80
23564,9982,2,77,5,135.49,677.45
23565,9983,1,63,6,116.31,697.86
23566,9983,2,80,7,139.60,977.20
23567,9984,1,66,8,120.42,963.36
23568,9984,2,83,1,143.71,143.71
23569,9985,1,69,2,124.53,249.06
23570,9985,2,86,3,147.82,443.46
23571,9986,1,72,4,128.64,514.56
23572,9986,2,89,5,151.93,759.65
23573,9987,1,75,6,132.75,796.50
23574,9987,2,92,7,156.04,1092.28
23575,9988,1,78,8,136.86,1094.88
23576,9988,2,95,1,160.15,160.15
23577,9989,1,81,2,140.97,281.94
23578,9989,2,98,3,164.26,492.78
23579,9990,1,84,4,145.08,580.32
23580,9990,2,101,5,168.37,841.85
23581,9991,1,87,6,149.19,895.14
23582,9991,2,104,7,172.48,1207.36
23583,9992,1,90,8,153.30,1226.40
23584,9992,2,107,1,176.59,176.59
23585,9993,1,93,2,157.41,314.82
23586,9993,2,110,3,180.70,542.10
23587,9994,1,96,4,161.52,646.08
23588,9994,2,1,5,31.37,156.85
23589,9995,1,99,6,165.63,993.78
23590,9995,2,4,7,35.48,248.36
23591,9996,1,102,8,169.74,1357.92
23592,9996,2,7,1,39.59,39.59
23593,9997,1,105,2,173.85,347.70
23594,9997,2,10,3,43.70,131.10
23595,9998,1,108,4,177.96,711.84
23596,9998,2,13,5,47.81,239.05
23597,9999,1,111,6,182.07,1092.42
23598,9999,2,16,7,51.92,363.44
23599,10000,1,2,8,32.74,261.92
23600,10000,2,19,1,56.03,56.03
23601,10001,1,5,2,36.85,73.70
23602,10001,2,22,3,60.14,180.42
23603,10002,1,8,4,40.96,163.84
23604,10002,2,25,5,64.25,321.25
23605,10003,1,11,6,45.07,270.42
23606,10003,2,28,7,68.36,478.52
23607,10004,1,14,8,49.18,393.44
23608,10004,2,31,1,72.47,72.47
23609,10005,1,17,2,53.29,106.58
23610,10005,2,34,3,76.58,229.74
23611,10006,1,20,4,57.40,229.60
23612,10006,2,37,5,80.69,403.45
23613,10007,1,23,6,61.51,369.06
23614,10007,2,40,7,84.80,593.60
23615,10008,1,26,8,65.62,524.96
23616,10008,2,43,1,88.91,88.91
23617,10009,1,29,2,69.73,139.46
23618,10009,2,46,3,93.02,279.06
23619,10010,1,32,4,73.84,295.36
23620,10010,2,49,5,97.13,485.65
23621,10011,1,35,6,77.95,467.70
23622,10011,2,52,7,101.24,708.68
23623,10012,1,38,8,82.06,656.48
23624,10012,2,55,1,105.35,105.35
23625,10013,1,41,2,86.17,172.34
23626,10013,2,58,3,109.46,328.38
23627,10014,1,44,4,90.28,361.12
23628,10014,2,61,5,113.57,567.85
23629,10015,1,47,6,94.39,566.34
23630,10015,2,64,7,117.68,823.76
23631,10016,1,50,8,98.50,788.00
23632,10016,2,67,1,121.79,121.79
23633,10017,1,53,2,102.61,205.22
23634,10017,2,70,3,125.90,377.70
23635,10018,1,56,4,106.72,426.88
23636,10018,2,73,5,130.01,650.05
23637,10019,1,59,6,110.83,664.98
23638,10019,2,76,7,134.12,938.84
23639,10020,1,62,8,114.94,919.52
23640,10020,2,79,1,138.23,138.23
23641,10021,1,65,2,119.05,238.10
23642,10021,2,82,3,142.34,427.02
23643,10022,1,68,4,123.16,492.64
23644,10022,2,85,5,146.45,732.25
23645,10023,1,71,6,127.27,763.62
23646,10023,2,88,7,150.56,1053.92
23647,10024,1,74,8,131.38,1051.04
23648,10024,2,91,1,154.67,154.67
23649,10025,1,77,2,135.49,270.98
23650,10025,2,94,3,158.78,476.34
23651,10026,1,80,4,139.60,558.40
23652,10026,2,97,5,162.89,814.45
23653,10027,1,83,6,143.71,862.26
23654,10027,2,100,7,167.00,1169.00
23655,10028,1,86,8,147.82,1182.56
23656,10028,2,103,1,171.11,171.11
23657,10029,1,89,2,151.93,303.86
23658,10029,2,106,3,175.22,525.66
23659,10030,1,92,4,156.04,624.16
23660,10030,2,109,5,179.33,896.65
23661,10031,1,95,6,160.15,960.90
23662,10031,2,112,7,183.44,1284.08
23663,10032,1,98,8,164.26,1314.08
23664,10032,2,3,1,34.11,34.11
23665,10033,1,101,2,168.37,336.74
23666,10033,2,6,3,38.22,114.66
23667,10034,1,104,4,172.48,689.92
23668,10034,2,9,5,42.33,211.65
23669,10035,1,107,6,176.59,1059.54
23670,10035,2,12,7,46.44,325.08
23671,10036,1,110,8,180.70,1445.60
23672,10036,2,15,1,50.55,50.55
23673,10037,1,1,2,31.37,62.74
23674,10037,2,18,3,54.66,163.98
23675,10038,1,4,4,35.48,141.92
23676,10038,2,21,5,58.77,293.85
23677,10039,1,7,6,39.59,237.54
23678,10039,2,24,7,62.88,440.16
23679,10040,1,10,8,43.70,349.60
23680,10040,2,27,1,66.99,66.99
23681,10041,1,13,2,47.81,95.62
23682,10041,2,30,3,71.10,213.30
23683,10042,1,16,4,51.92,207.68
23684,10042,2,33,5,75.21,376.05
23685,10043,1,19,6,56.03,336.18
23686,10043,2,36,7,79.32,555.24
23687,10044,1,22,8,60.14,481.12
23688,10044,2,39,1,83.43,83.43
23689,10045,1,25,2,64.25,128.50
23690,10045,2,42,3,87.54,262.62
23691,10046,1,28,4,68.36,273.44
23692,10046,2,45,5,91.65,458.25
23693,10047,1,31,6,72.47,434.82
23694,10047,2,48,7,95.76,670.32
23695,10048,1,34,8,76.58,612.64
23696,10048,2,51,1,99.87,99.87
23697,10049,1,37,2,80.69,161.38
23698,10049,2,54,3,103.98,311.94
23699,10050,1,40,4,84.80,339.20
23700,10050,2,57,5,108.09,540.45
23701,10051,1,43,6,88.91,533.46
23702,10051,2,60,7,112.20,785.40
23703,10052,1,46,8,93.02,744.16
23704,10052,2,63,1,116.31,116.31
23705,10053,1,49,2,97.13,194.26
23706,10053,2,66,3,120.42,361.26
23707,10054,1,52,4,101.24,404.96
23708,10054,2,69,5,124.53,622.65
23709,10055,1,55,6,105.35,632.10
23710,10055,2,72,7,128.64,900.48
23711,10056,1,58,8,109.46,875.68
23712,10056,2,75,1,132.75,132.75
23713,10057,1,61,2,113.57,227.14
23714,10057,2,78,3,136.86,410.58
23715,10058,1,64,4,117.68,470.72
23716,10058,2,81,5,140.97,704.85
23717,10059,1,67,6,121.79,730.74
23718,10059,2,84,7,145.08,1015.56
23719,10060,1,70,8,125.90,1007.20
23720,10060,2,87,1,149.19,149.19
23721,10061,1,73,2,130.01,260.02
23722,10061,2,90,3,153.30,459.90
23723,10062,1,76,4,134.12,536.48
23724,10062,2,93,5,157.41,787.05
23725,10063,1,79,6,138.23,829.38
23726,10063,2,96,7,161.52,1130.64
23727,10064,1,82,8,142.34,1138.72
23728,10064,2,99,1,165.63,165.63
23729,10065,1,85,2,146.45,292.90
23730,10065,2,102,3,169.74,509.22
23731,10066,1,88,4,150.56,602.24
23732,10066,2,105,5,173.85,869.25
23733,10067,1,91,6,154.67,928.02
23734,10067,2,108,7,177.96,1245.72
23735,10068,1,94,8,158.78,1270.24
23736,10068,2,111,1,182.07,182.07
23737,10069,1,97,2,162.89,325.78
23738,10069,2,2,3,32.74,98.22
23739,10070,1,100,4,167.00,668.00
23740,10070,2,5,5,36.85,184.25
23741,10071,1,103,6,171.11,1026.66
23742,10071,2,8,7,40.96,286.72
23743,10072,1,106,8,175.22,1401.76
23744,10072,2,11,1,45.07,45.07
23745,10073,1,109,2,179.33,358.66
23746,10073,2,14,3,49.18,147.54
23747,10074,1,112,4,183.44,733.76
23748,10074,2,17,5,53.29,266.45
23749,10075,1,3,6,34.11,204.66
23750,10075,2,20,7,57.40,401.80
23751,10076,1,6,8,38.22,305.76
23752,10076,2,23,1,61.51,61.51
23753,10077,1,9,2,42.33,84.66
23754,10077,2,26,3,65.62,196.86
23755,10078,1,12,4,46.44,185.76
23756,10078,2,29,5,69.73,348.65
23757,10079,1,15,6,50.55,303.30
23758,10079,2,32,7,73.84,516.88
23759,10080,1,18,8,54.66,437.28
23760,10080,2,35,1,77.95,77.95
23761,10081,1,21,2,58.77,117.54
23762,10081,2,38,3,82.06,246.18
23763,10082,1,24,4,62.88,251.52
23764,10082,2,41,5,86.17,430.85
23765,10083,1,27,6,66.99,401.94
23766,10083,2,44,7,90.28,631.96
23767,10084,1,30,8,71.10,568.80
23768,10084,2,47,1,94.39,94.39
23769,10085,1,33,2,75.21,150.42
23770,10085,2,50,3,98.50,295.50
23771,10086,1,36,4,79.32,317.28
23772,10086,2,53,5,102.61,513.05
23773,10087,1,39,6,83.43,500.58
23774,10087,2,56,7,106.72,747.04
23775,10088,1,42,8,87.54,700.32
23776,10088,2,59,1,110.83,110.83
23777,10089,1,45,2,91.65,183.30
23778,10089,2,62,3,114.94,344.82
23779,10090,1,48,4,95.76,383.04
23780,10090,2,65,5,119.05,595.25
23781,10091,1,51,6,99.87,599.22
23782,10091,2,68,7,123.16,862.12
23783,10092,1,54,8,103.98,831.84
23784,10092,2,71,1,127.27,127.27
23785,10093,1,57,2,108.09,216.18
23786,10093,2,74,3,131.38,394.14
23787,10094,1,60,4,112.20,448.80
23788,10094,2,77,5,135.49,677.45
23789,10095,1,63,6,116.31,697.86
23790,10095,2,80,7,139.60,977.20
23791,10096,1,66,8,120.42,963.36
23792,10096,2,83,1,143.71,143.71
23793,10097,1,69,2,124.53,249.06
23794,10097,2,86,3,147.82,443.46
23795,10098,1,72,4,128.64,514.56
23796,10098,2,89,5,151.93,759.65
23797,10099,1,75,6,132.75,796.50
23798,10099,2,92,7,156.04,1092.28
23799,10100,1,78,8,136.86,1094.88
23800,10100,2,95,1,160.15,160.15
23801,10101,1,81,2,140.97,281.94
23802,10101,2,98,3,164.26,492.78
23803,10102,1,84,4,145.08,580.32
23804,10102,2,101,5,168.37,841.85
23805,10103,1,87,6,149.19,895.14
23806,10103,2,104,7,172.48,1207.36
23807,10104,1,90,8,153.30,1226.40
23808,10104,2,107,1,176.59,176.59
23809,10105,1,93,2,157.41,314.82
23810,10105,2,110,3,180.70,542.10
23811,10106,1,96,4,161.52,646.08
23812,10106,2,1,5,31.37,156.85
23813,10107,1,99,6,165.63,993.78
23814,10107,2,4,7,35.48,248.36
23815,10108,1,102,8,169.74,1357.92
23816,10108,2,7,1,39.59,39.59
23817,10109,1,105,2,173.85,347.70
23818,10109,2,10,3,43.70,131.10
23819,10110,1,108,4,177.96,711.84
23820,10110,2,13,5,47.81,239.05
23821,10111,1,111,6,182.07,1092.42
23822,10111,2,16,7,51.92,363.44
23823,10112,1,2,8,32.74,261.92
23824,10112,2,19,1,56.03,56.03
23825,10113,1,5,2,36.85,73.70
23826,10113,2,22,3,60.14,180.42
23827,10114,1,8,4,40.96,163.84
23828,10114,2,25,5,64.25,321.25
23829,10115,1,11,6,45.07,270.42
23830,10115,2,28,7,68.36,478.52
23831,10116,1,14,8,49.18,393.44
23832,10116,2,31,1,72.47,72.47
23833,10117,1,17,2,53.29,106.58
23834,10117,2,34,3,76.58,229.74
23835,10118,1,20,4,57.40,229.60
23836,10118,2,37,5,80.69,403.45
23837,10119,1,23,6,61.51,369.06
23838,10119,2,40,7,84.80,593.60
23839,10120,1,26,8,65.62,524.96
23840,10120,2,43,1,88.91,88.91
23841,10121,1,29,2,69.73,139.46
23842,10121,2,46,3,93.02,279.06
23843,10122,1,32,4,73.84,295.36
23844,10122,2,49,5,97.13,485.65
23845,10123,1,35,6,77.95,467.70
23846,10123,2,52,7,101.24,708.68
23847,10124,1,38,8,82.06,656.48
23848,10124,2,55,1,105.35,105.35
23849,10125,1,41,2,86.17,172.34
23850,10125,2,58,3,109.46,328.38
23851,10126,1,44,4,90.28,361.12
23852,10126,2,61,5,113.57,567.85
23853,10127,1,47,6,94.39,566.34
23854,10127,2,64,7,117.68,823.76
23855,10128,1,50,8,98.50,788.00
23856,10128,2,67,1,121.79,121.79
23857,10129,1,53,2,102.61,205.22
23858,10129,2,70,3,125.90,377.70
23859,10130,1,56,4,106.72,426.88
23860,10130,2,73,5,130.01,650.05
23861,10131,1,59,6,110.83,664.98
23862,10131,2,76,7,134.12,938.84
23863,10132,1,62,8,114.94,919.52
23864,10132,2,79,1,138.23,138.23
23865,10133,1,65,2,119.05,238.10
23866,10133,2,82,3,142.34,427.02
23867,10134,1,68,4,123.16,492.64
23868,10134,2,85,5,146.45,732.25
23869,10135,1,71,6,127.27,763.62
23870,10135,2,88,7,150.56,1053.92
23871,10136,1,74,8,131.38,1051.04
23872,10136,2,91,1,154.67,154.67
23873,10137,1,77,2,135.49,270.98
23874,10137,2,94,3,158.78,476.34
23875,10138,1,80,4,139.60,558.40
23876,10138,2,97,5,162.89,814.45
23877,10139,1,83,6,143.71,862.26
23878,10139,2,100,7,167.00,1169.00
23879,10140,1,86,8,147.82,1182.56
23880,10140,2,103,1,171.11,171.11
23881,10141,1,89,2,151.93,303.86
23882,10141,2,106,3,175.22,525.66
23883,10142,1,92,4,156.04,624.16
23884,10142,2,109,5,179.33,896.65
23885,10143,1,95,6,160.15,960.90
23886,10143,2,112,7,183.44,1284.08
23887,10144,1,98,8,164.26,1314.08
23888,10144,2,3,1,34.11,34.11
23889,10145,1,101,2,168.37,336.74
23890,10145,2,6,3,38.22,114.66
23891,10146,1,104,4,172.48,689.92
23892,10146,2,9,5,42.33,211.65
23893,10147,1,107,6,176.59,1059.54
23894,10147,2,12,7,46.44,325.08
23895,10148,1,110,8,180.70,1445.60
23896,10148,2,15,1,50.55,50.55
23897,10149,1,1,2,31.37,62.74
23898,10149,2,18,3,54.66,163.98
23899,10150,1,4,4,35.48,141.92
23900,10150,2,21,5,58.77,293.85
23901,10151,1,7,6,39.59,237.54
23902,10151,2,24,7,62.88,440.16
23903,10152,1,10,8,43.70,349.60
23904,10152,2,27,1,66.99,66.99
23905,10153,1,13,2,47.81,95.62
23906,10153,2,30,3,71.10,213.30
23907,10154,1,16,4,51.92,207.68
23908,10154,2,33,5,75.21,376.05
23909,10155,1,19,6,56.03,336.18
23910,10155,2,36,7,79.32,555.24
23911,10156,1,22,8,60.14,481.12
23912,10156,2,39,1,83.43,83.43
23913,10157,1,25,2,64.25,128.50
23914,10157,2,42,3,87.54,262.62
23915,10158,1,28,4,68.36,273.44
23916,10158,2,45,5,91.65,458.25
23917,10159,1,31,6,72.47,434.82
23918,10159,2,48,7,95.76,670.32
23919,10160,1,34,8,76.58,612.64
23920,10160,2,51,1,99.87,99.87
23921,10161,1,37,2,80.69,161.38
23922,10161,2,54,3,103.98,311.94
23923,10162,1,40,4,84.80,339.20
23924,10162,2,57,5,108.09,540.45
23925,10163,1,43,6,88.91,533.46
23926,10163,2,60,7,112.20,785.40
23927,10164,1,46,8,93.02,744.16
23928,10164,2,63,1,116.31,116.31
23929,10165,1,49,2,97.13,194.26
23930,10165,2,66,3,120.42,361.26
23931,10166,1,52,4,101.24,404.96
23932,10166,2,69,5,124.53,622.65
23933,10167,1,55,6,105.35,632.10
23934,10167,2,72,7,128.64,900.48
23935,10168,1,58,8,109.46,875.68
23936,10168,2,75,1,132.75,132.75
23937,10169,1,61,2,113.57,227.14
23938,10169,2,78,3,136.86,410.58
23939,10170,1,64,4,117.68,470.72
23940,10170,2,81,5,140.97,704.85
23941,10171,1,67,6,121.79,730.74
23942,10171,2,84,7,145.08,1015.56
23943,10172,1,70,8,125.90,1007.20
23944,10172,2,87,1,149.19,149.19
23945,10173,1,73,2,130.01,260.02
23946,10173,2,90,3,153.30,459.90
23947,10174,1,76,4,134.12,536.48
23948,10174,2,93,5,157.41,787.05
23949,10175,1,79,6,138.23,829.38
23950,10175,2,96,7,161.52,1130.64
23951,10176,1,82,8,142.34,1138.72
23952,10176,2,99,1,165.63,165.63
23953,10177,1,85,2,146.45,292.90
23954,10177,2,102,3,169.74,509.22
23955,10178,1,88,4,150.56,602.24
23956,10178,2,105,5,173.85,869.25
23957,10179,1,91,6,154.67,928.02
23958,10179,2,108,7,177.96,1245.72
23959,10180,1,94,8,158.78,1270.24
23960,10180,2,111,1,182.07,182.07
23961,10181,1,97,2,162.89,325.78
23962,10181,2,2,3,32.74,98.22
23963,10182,1,100,4,167.00,668.00
23964,10182,2,5,5,36.85,184.25
23965,10183,1,103,6,171.11,1026.66
23966,10183,2,8,7,40.96,286.72
23967,10184,1,106,8,175.22,1401.76
23968,10184,2,11,1,45.07,45.07
23969,10185,1,109,2,179.33,358.66
23970,10185,2,14,3,49.18,147.54
23971,10186,1,112,4,183.44,733.76
23972,10186,2,17,5,53.29,266.45
23973,10187,1,3,6,34.11,204.66
23974,10187,2,20,7,57.40,401.80
23975,10188,1,6,8,38.22,305.76
23976,10188,2,23,1,61.51,61.51
23977,10189,1,9,2,42.33,84.66
23978,10189,2,26,3,65.62,196.86
23979,10190,1,12,4,46.44,185.76
23980,10190,2,29,5,69.73,348.65
23981,10191,1,15,6,50.55,303.30
23982,10191,2,32,7,73.84,516.88
23983,10192,1,18,8,54.66,437.28
23984,10192,2,35,1,77.95,77.95
23985,10193,1,21,2,58.77,117.54
23986,10193,2,38,3,82.06,246.18
23987,10194,1,24,4,62.88,251.52
23988,10194,2,41,5,86.17,430.85
23989,10195,1,27,6,66.99,401.94
23990,10195,2,44,7,90.28,631.96
23991,10196,1,30,8,71.10,568.80
23992,10196,2,47,1,94.39,94.39
23993,10197,1,33,2,75.21,150.42
23994,10197,2,50,3,98.50,295.50
23995,10198,1,36,4,79.32,317.28
23996,10198,2,53,5,102.61,513.05
23997,10199,1,39,6,83.43,500.58
23998,10199,2,56,7,106.72,747.04
23999,10200,1,42,8,87.54,700.32
24000,10200,2,59,1,110.83,110.83
24001,10201,1,45,2,91.65,183.30
24002,10201,2,62,3,114.94,344.82
24003,10202,1,48,4,95.76,383.04
24004,10202,2,65,5,119.05,595.25
24005,10203,1,51,6,99.87,599.22
24006,10203,2,68,7,123.16,862.12
24007,10204,1,54,8,103.98,831.84
24008,10204,2,71,1,127.27,127.27
24009,10205,1,57,2,108.09,216.18
24010,10205,2,74,3,131.38,394.14
24011,10206,1,60,4,112.20,448.80
24012,10206,2,77,5,135.49,677.45
24013,10207,1,63,6,116.31,697.86
24014,10207,2,80,7,139.60,977.20
24015,10208,1,66,8,120.42,963.36
24016,10208,2,83,1,143.71,143.71
24017,10209,1,69,2,124.53,249.06
24018,10209,2,86,3,147.82,443.46
24019,10210,1,72,4,128.64,514.56
24020,10210,2,89,5,151.93,759.65
24021,10211,1,75,6,132.75,796.50
24022,10211,2,92,7,156.04,1092.28
24023,10212,1,78,8,136.86,1094.88
24024,10212,2,95,1,160.15,160.15
24025,10213,1,81,2,140.97,281.94
24026,10213,2,98,3,164.26,492.78
24027,10214,1,84,4,145.08,580.32
24028,10214,2,101,5,168.37,841.85
24029,10215,1,87,6,149.19,895.14
24030,10215,2,104,7,172.48,1207.36
24031,10216,1,90,8,153.30,1226.40
24032,10216,2,107,1,176.59,176.59
24033,10217,1,93,2,157.41,314.82
24034,10217,2,110,3,180.70,542.10
24035,10218,1,96,4,161.52,646.08
24036,10218,2,1,5,31.37,156.85
24037,10219,1,99,6,165.63,993.78
24038,10219,2,4,7,35.48,248.36
24039,10220,1,102,8,169.74,1357.92
24040,10220,2,7,1,39.59,39.59
24041,10221,1,105,2,173.85,347.70
24042,10221,2,10,3,43.70,131.10
24043,10222,1,108,4,177.96,711.84
24044,10222,2,13,5,47.81,239.05
24045,10223,1,111,6,182.07,1092.42
24046,10223,2,16,7,51.92,363.44
24047,10224,1,2,8,32.74,261.92
24048,10224,2,19,1,56.03,56.03
24049,10225,1,5,2,36.85,73.70
24050,10225,2,22,3,60.14,180.42
24051,10226,1,8,4,40.96,163.84
24052,10226,2,25,5,64.25,321.25
24053,10227,1,11,6,45.07,270.42
24054,10227,2,28,7,68.36,478.52
24055,10228,1,14,8,49.18,393.44
24056,10228,2,31,1,72.47,72.47
24057,10229,1,17,2,53.29,106.58
24058,10229,2,34,3,76.58,229.74
24059,10230,1,20,4,57.40,229.60
24060,10230,2,37,5,80.69,403.45
24061,10231,1,23,6,61.51,369.06
24062,10231,2,40,7,84.80,593.60
24063,10232,1,26,8,65.62,524.96
24064,10232,2,43,1,88.91,88.91
24065,10233,1,29,2,69.73,139.46
24066,10233,2,46,3,93.02,279.06
24067,10234,1,32,4,73.84,295.36
24068,10234,2,49,5,97.13,485.65
24069,10235,1,35,6,77.95,467.70
24070,10235,2,52,7,101.24,708.68
24071,10236,1,38,8,82.06,656.48
24072,10236,2,55,1,105.35,105.35
24073,10237,1,41,2,86.17,172.34
24074,10237,2,58,3,109.46,328.38
24075,10238,1,44,4,90.28,361.12
24076,10238,2,61,5,113.57,567.85
24077,10239,1,47,6,94.39,566.34
24078,10239,2,64,7,117.68,823.76
24079,10240,1,50,8,98.50,788.00
24080,10240,2,67,1,121.79,121.79
24081,10241,1,53,2,102.61,205.22
24082,10241,2,70,3,125.90,377.70
24083,10242,1,56,4,106.72,426.88
24084,10242,2,73,5,130.01,650.05
24085,10243,1,59,6,110.83,664.98
24086,10243,2,76,7,134.12,938.84
24087,10244,1,62,8,114.94,919.52
24088,10244,2,79,1,138.23,138.23
24089,10245,1,65,2,119.05,238.10
24090,10245,2,82,3,142.34,427.02
24091,10246,1,68,4,123.16,492.64
24092,10246,2,85,5,146.45,732.25
24093,10247,1,71,6,127.27,763.62
24094,10247,2,88,7,150.56,1053.92
24095,10248,1,74,8,131.38,1051.04
24096,10248,2,91,1,154.67,154.67
24097,10249,1,77,2,135.49,270.98
24098,10249,2,94,3,158.78,476.34
24099,10250,1,80,4,139.60,558.40
24100,10250,2,97,5,162.89,814.45
24101,10251,1,83,6,143.71,862.26
24102,10251,2,100,7,167.00,1169.00
24103,10252,1,86,8,147.82,1182.56
24104,10252,2,103,1,171.11,171.11
24105,10253,1,89,2,151.93,303.86
24106,10253,2,106,3,175.22,525.66
24107,10254,1,92,4,156.04,624.16
24108,10254,2,109,5,179.33,896.65
24109,10255,1,95,6,160.15,960.90
24110,10255,2,112,7,183.44,1284.08
24111,10256,1,98,8,164.26,1314.08
24112,10256,2,3,1,34.11,34.11
24113,10257,1,101,2,168.37,336.74
24114,10257,2,6,3,38.22,114.66
24115,10258,1,104,4,172.48,689.92
24116,10258,2,9,5,42.33,211.65
24117,10259,1,107,6,176.59,1059.54
24118,10259,2,12,7,46.44,325.08
24119,10260,1,110,8,180.70,1445.60
24120,10260,2,15,1,50.55,50.55
24121,10261,1,1,2,31.37,62.74
24122,10261,2,18,3,54.66,163.98
24123,10262,1,4,4,35.48,141.92
24124,10262,2,21,5,58.77,293.85
24125,10263,1,7,6,39.59,237.54
24126,10263,2,24,7,62.88,440.16
24127,10264,1,10,8,43.70,349.60
24128,10264,2,27,1,66.99,66.99
24129,10265,1,13,2,47.81,95.62
24130,10265,2,30,3,71.10,213.30
24131,10266,1,16,4,51.92,207.68
24132,10266,2,33,5,75.21,376.05
24133,10267,1,19,6,56.03,336.18
24134,10267,2,36,7,79.32,555.24
24135,10268,1,22,8,60.14,481.12
24136,10268,2,39,1,83.43,83.43
24137,10269,1,25,2,64.25,128.50
24138,10269,2,42,3,87.54,262.62
24139,10270,1,28,4,68.36,273.44
24140,10270,2,45,5,91.65,458.25
24141,10271,1,31,6,72.47,434.82
24142,10271,2,48,7,95.76,670.32
24143,10272,1,34,8,76.58,612.64
24144,10272,2,51,1,99.87,99.87
24145,10273,1,37,2,80.69,161.38
24146,10273,2,54,3,103.98,311.94
24147,10274,1,40,4,84.80,339.20
24148,10274,2,57,5,108.09,540.45
24149,10275,1,43,6,88.91,533.46
24150,10275,2,60,7,112.20,785.40
24151,10276,1,46,8,93.02,744.16
24152,10276,2,63,1,116.31,116.31
24153,10277,1,49,2,97.13,194.26
24154,10277,2,66,3,120.42,361.26
24155,10278,1,52,4,101.24,404.96
24156,10278,2,69,5,124.53,622.65
24157,10279,1,55,6,105.35,632.10
24158,10279,2,72,7,128.64,900.48
24159,10280,1,58,8,109.46,875.68
24160,10280,2,75,1,132.75,132.75
24161,10281,1,61,2,113.57,227.14
24162,10281,2,78,3,136.86,410.58
24163,10282,1,64,4,117.68,470.72
24164,10282,2,81,5,140.97,704.85
24165,10283,1,67,6,121.79,730.74
24166,10283,2,84,7,145.08,1015.56
24167,10284,1,70,8,125.90,1007.20
24168,10284,2,87,1,149.19,149.19
24169,10285,1,73,2,130.01,260.02
24170,10285,2,90,3,153.30,459.90
24171,10286,1,76,4,134.12,536.48
24172,10286,2,93,5,157.41,787.05
24173,10287,1,79,6,138.23,829.38
24174,10287,2,96,7,161.52,1130.64
24175,10288,1,82,8,142.34,1138.72
24176,10288,2,99,1,165.63,165.63
24177,10289,1,85,2,146.45,292.90
24178,10289,2,102,3,169.74,509.22
24179,10290,1,88,4,150.56,602.24
24180,10290,2,105,5,173.85,869.25
24181,10291,1,91,6,154.67,928.02
24182,10291,2,108,7,177.96,1245.72
24183,10292,1,94,8,158.78,1270.24
24184,10292,2,111,1,182.07,182.07
24185,10293,1,97,2,162.89,325.78
24186,10293,2,2,3,32.74,98.22
24187,10294,1,100,4,167.00,668.00
24188,10294,2,5,5,36.85,184.25
24189,10295,1,103,6,171.11,1026.66
24190,10295,2,8,7,40.96,286.72
24191,10296,1,106,8,175.22,1401.76
24192,10296,2,11,1,45.07,45.07
24193,10297,1,109,2,179.33,358.66
24194,10297,2,14,3,49.18,147.54
24195,10298,1,112,4,183.44,733.76
24196,10298,2,17,5,53.29,266.45
24197,10299,1,3,6,34.11,204.66
24198,10299,2,20,7,57.40,401.80
24199,10300,1,6,8,38.22,305.76
24200,10300,2,23,1,61.51,61.51
24201,10301,1,9,2,42.33,84.66
24202,10301,2,26,3,65.62,196.86
24203,10302,1,12,4,46.44,185.76
24204,10302,2,29,5,69.73,348.65
24205,10303,1,15,6,50.55,303.30
24206,10303,2,32,7,73.84,516.88
24207,10304,1,18,8,54.66,437.28
24208,10304,2,35,1,77.95,77.95
24209,10305,1,21,2,58.77,117.54
24210,10305,2,38,3,82.06,246.18
24211,10306,1,24,4,62.88,251.52
24212,10306,2,41,5,86.17,430.85
24213,10307,1,27,6,66.99,401.94
24214,10307,2,44,7,90.28,631.96
24215,10308,1,30,8,71.10,568.80
24216,10308,2,47,1,94.39,94.39
24217,10309,1,33,2,75.21,150.42
24218,10309,2,50,3,98.50,295.50
24219,10310,1,36,4,79.32,317.28
24220,10310,2,53,5,102.61,513.05
24221,10311,1,39,6,83.43,500.58
24222,10311,2,56,7,106.72,747.04
24223,10312,1,42,8,87.54,700.32
24224,10312,2,59,1,110.83,110.83
24225,10313,1,45,2,91.65,183.30
24226,10313,2,62,3,114.94,344.82
24227,10314,1,48,4,95.76,383.04
24228,10314,2,65,5,119.05,595.25
24229,10315,1,51,6,99.87,599.22
24230,10315,2,68,7,123.16,862.12
24231,10316,1,54,8,103.98,831.84
24232,10316,2,71,1,127.27,127.27
24233,10317,1,57,2,108.09,216.18
24234,10317,2,74,3,131.38,394.14
24235,10318,1,60,4,112.20,448.80
24236,10318,2,77,5,135.49,677.45
24237,10319,1,63,6,116.31,697.86
24238,10319,2,80,7,139.60,977.20
24239,10320,1,66,8,120.42,963.36
24240,10320,2,83,1,143.71,143.71
24241,10321,1,69,2,124.53,249.06
24242,10321,2,86,3,147.82,443.46
24243,10322,1,72,4,128.64,514.56
24244,10322,2,89,5,151.93,759.65
24245,10323,1,75,6,132.75,796.50
24246,10323,2,92,7,156.04,1092.28
24247,10324,1,78,8,136.86,1094.88
24248,10324,2,95,1,160.15,160.15
24249,10325,1,81,2,140.97,281.94
24250,10325,2,98,3,164.26,492.78
24251,10326,1,84,4,145.08,580.32
24252,10326,2,101,5,168.37,841.85
24253,10327,1,87,6,149.19,895.14
24254,10327,2,104,7,172.48,1207.36
24255,10328,1,90,8,153.30,1226.40
24256,10328,2,107,1,176.59,176.59
24257,10329,1,93,2,157.41,314.82
24258,10329,2,110,3,180.70,542.10
24259,10330,1,96,4,161.52,646.08
24260,10330,2,1,5,31.37,156.85
24261,10331,1,99,6,165.63,993.78
24262,10331,2,4,7,35.48,248.36
24263,10332,1,102,8,169.74,1357.92
24264,10332,2,7,1,39.59,39.59
24265,10333,1,105,2,173.85,347.70
24266,10333,2,10,3,43.70,131.10
24267,10334,1,108,4,177.96,711.84
24268,10334,2,13,5,47.81,239.05
24269,10335,1,111,6,182.07,1092.42
24270,10335,2,16,7,51.92,363.44
24271,10336,1,2,8,32.74,261.92
24272,10336,2,19,1,56.03,56.03
24273,10337,1,5,2,36.85,73.70
24274,10337,2,22,3,60.14,180.42
24275,10338,1,8,4,40.96,163.84
24276,10338,2,25,5,64.25,321.25
24277,10339,1,11,6,45.07,270.42
24278,10339,2,28,7,68.36,478.52
24279,10340,1,14,8,49.18,393.44
24280,10340,2,31,1,72.47,72.47
24281,10341,1,17,2,53.29,106.58
24282,10341,2,34,3,76.58,229.74
24283,10342,1,20,4,57.40,229.60
24284,10342,2,37,5,80.69,403.45
24285,10343,1,23,6,61.51,369.06
24286,10343,2,40,7,84.80,593.60
24287,10344,1,26,8,65.62,524.96
24288,10344,2,43,1,88.91,88.91
24289,10345,1,29,2,69.73,139.46
24290,10345,2,46,3,93.02,279.06
24291,10346,1,32,4,73.84,295.36
24292,10346,2,49,5,97.13,485.65
24293,10347,1,35,6,77.95,467.70
24294,10347,2,52,7,101.24,708.68
24295,10348,1,38,8,82.06,656.48
24296,10348,2,55,1,105.35,105.35
24297,10349,1,41,2,86.17,172.34
24298,10349,2,58,3,109.46,328.38
24299,10350,1,44,4,90.28,361.12
24300,10350,2,61,5,113.57,567.85
24301,10351,1,47,6,94.39,566.34
24302,10351,2,64,7,117.68,823.76
24303,10352,1,50,8,98.50,788.00
24304,10352,2,67,1,121.79,121.79
24305,10353,1,53,2,102.61,205.22
24306,10353,2,70,3,125.90,377.70
24307,10354,1,56,4,106.72,426.88
24308,10354,2,73,5,130.01,650.05
24309,10355,1,59,6,110.83,664.98
24310,10355,2,76,7,134.12,938.84
24311,10356,1,62,8,114.94,919.52
24312,10356,2,79,1,138.23,138.23
24313,10357,1,65,2,119.05,238.10
24314,10357,2,82,3,142.34,427.02
24315,10358,1,68,4,123.16,492.64
24316,10358,2,85,5,146.45,732.25
24317,10359,1,71,6,127.27,763.62
24318,10359,2,88,7,150.56,1053.92
24319,10360,1,74,8,131.38,1051.04
24320,10360,2,91,1,154.67,154.67
24321,10361,1,77,2,135.49,270.98
24322,10361,2,94,3,158.78,476.34
24323,10362,1,80,4,139.60,558.40
24324,10362,2,97,5,162.89,814.45
24325,10363,1,83,6,143.71,862.26
24326,10363,2,100,7,167.00,1169.00
24327,10364,1,86,8,147.82,1182.56
24328,10364,2,103,1,171.11,171.11
24329,10365,1,89,2,151.93,303.86
24330,10365,2,106,3,175.22,525.66
24331,10366,1,92,4,156.04,624.16
24332,10366,2,109,5,179.33,896.65
24333,10367,1,95,6,160.15,960.90
24334,10367,2,112,7,183.44,1284.08
24335,10368,1,98,8,164.26,1314.08
24336,10368,2,3,1,34.11,34.11
24337,10369,1,101,2,168.37,336.74
24338,10369,2,6,3,38.22,114.66
24339,10370,1,104,4,172.48,689.92
24340,10370,2,9,5,42.33,211.65
24341,10371,1,107,6,176.59,1059.54
24342,10371,2,12,7,46.44,325.08
24343,10372,1,110,8,180.70,1445.60
24344,10372,2,15,1,50.55,50.55
24345,10373,1,1,2,31.37,62.74
24346,10373,2,18,3,54.66,163.98
24347,10374,1,4,4,35.48,141.92
24348,10374,2,21,5,58.77,293.85
24349,10375,1,7,6,39.59,237.54
24350,10375,2,24,7,62.88,440.16
24351,10376,1,10,8,43.70,349.60
24352,10376,2,27,1,66.99,66.99
24353,10377,1,13,2,47.81,95.62
24354,10377,2,30,3,71.10,213.30
24355,10378,1,16,4,51.92,207.68
24356,10378,2,33,5,75.21,376.05
24357,10379,1,19,6,56.03,336.18
24358,10379,2,36,7,79.32,555.24
24359,10380,1,22,8,60.14,481.12
24360,10380,2,39,1,83.43,83.43
24361,10381,1,25,2,64.25,128.50
24362,10381,2,42,3,87.54,262.62
24363,10382,1,28,4,68.36,273.44
24364,10382,2,45,5,91.65,458.25
24365,10383,1,31,6,72.47,434.82
24366,10383,2,48,7,95.76,670.32
24367,10384,1,34,8,76.58,612.64
24368,10384,2,51,1,99.87,99.87
24369,10385,1,37,2,80.69,161.38
24370,10385,2,54,3,103.98,311.94
24371,10386,1,40,4,84.80,339.20
24372,10386,2,57,5,108.09,540.45
24373,10387,1,43,6,88.91,533.46
24374,10387,2,60,7,112.20,785.40
24375,10388,1,46,8,93.02,744.16
24376,10388,2,63,1,116.31,116.31
24377,10389,1,49,2,97.13,194.26
24378,10389,2,66,3,120.42,361.26
24379,10390,1,52,4,101.24,404.96
24380,10390,2,69,5,124.53,622.65
24381,10391,1,55,6,105.35,632.10
24382,10391,2,72,7,128.64,900.48
24383,10392,1,58,8,109.46,875.68
24384,10392,2,75,1,132.75,132.75
24385,10393,1,61,2,113.57,227.14
24386,10393,2,78,3,136.86,410.58
24387,10394,1,64,4,117.68,470.72
24388,10394,2,81,5,140.97,704.85
24389,10395,1,67,6,121.79,730.74
24390,10395,2,84,7,145.08,1015.56
24391,10396,1,70,8,125.90,1007.20
24392,10396,2,87,1,149.19,149.19
24393,10397,1,73,2,130.01,260.02
24394,10397,2,90,3,153.30,459.90
24395,10398,1,76,4,134.12,536.48
24396,10398,2,93,5,157.41,787.05
24397,10399,1,79,6,138.23,829.38
24398,10399,2,96,7,161.52,1130.64
24399,10400,1,82,8,142.34,1138.72
24400,10400,2,99,1,165.63,165.63
24401,10401,1,85,2,146.45,292.90
24402,10401,2,102,3,169.74,509.22
24403,10402,1,88,4,150.56,602.24
24404,10402,2,105,5,173.85,869.25
24405,10403,1,91,6,154.67,928.02
24406,10403,2,108,7,177.96,1245.72
24407,10404,1,94,8,158.78,1270.24
24408,10404,2,111,1,182.07,182.07
24409,10405,1,97,2,162.89,325.78
24410,10405,2,2,3,32.74,98.22
24411,10406,1,100,4,167.00,668.00
24412,10406,2,5,5,36.85,184.25
24413,10407,1,103,6,171.11,1026.66
24414,10407,2,8,7,40.96,286.72
24415,10408,1,106,8,175.22,1401.76
24416,10408,2,11,1,45.07,45.07
24417,10409,1,109,2,179.33,358.66
24418,10409,2,14,3,49.18,147.54
24419,10410,1,112,4,183.44,733.76
24420,10410,2,17,5,53.29,266.45
24421,10411,1,3,6,34.11,204.66
24422,10411,2,20,7,57.40,401.80
24423,10412,1,6,8,38.22,305.76
24424,10412,2,23,1,61.51,61.51
24425,10413,1,9,2,42.33,84.66
24426,10413,2,26,3,65.62,196.86
24427,10414,1,12,4,46.44,185.76
24428,10414,2,29,5,69.73,348.65
24429,10415,1,15,6,50.55,303.30
24430,10415,2,32,7,73.84,516.88
24431,10416,1,18,8,54.66,437.28
24432,10416,2,35,1,77.95,77.95
24433,10417,1,21,2,58.77,117.54
24434,10417,2,38,3,82.06,246.18
24435,10418,1,24,4,62.88,251.52
24436,10418,2,41,5,86.17,430.85
24437,10419,1,27,6,66.99,401.94
24438,10419,2,44,7,90.28,631.96
24439,10420,1,30,8,71.10,568.80
24440,10420,2,47,1,94.39,94.39
24441,10421,1,33,2,75.21,150.42
24442,10421,2,50,3,98.50,295.50
24443,10422,1,36,4,79.32,317.28
24444,10422,2,53,5,102.61,513.05
24445,10423,1,39,6,83.43,500.58
24446,10423,2,56,7,106.72,747.04
24447,10424,1,42,8,87.54,700.32
24448,10424,2,59,1,110.83,110.83
24449,10425,1,45,2,91.65,183.30
24450,10425,2,62,3,114.94,344.82
24451,10426,1,48,4,95.76,383.04
24452,10426,2,65,5,119.05,595.25
24453,10427,1,51,6,99.87,599.22
24454,10427,2,68,7,123.16,862.12
24455,10428,1,54,8,103.98,831.84
24456,10428,2,71,1,127.27,127.27
24457,10429,1,57,2,108.09,216.18
24458,10429,2,74,3,131.38,394.14
24459,10430,1,60,4,112.20,448.80
24460,10430,2,77,5,135.49,677.45
24461,10431,1,63,6,116.31,697.86
24462,10431,2,80,7,139.60,977.20
24463,10432,1,66,8,120.42,963.36
24464,10432,2,83,1,143.71,143.71
24465,10433,1,69,2,124.53,249.06
24466,10433,2,86,3,147.82,443.46
24467,10434,1,72,4,128.64,514.56
24468,10434,2,89,5,151.93,759.65
24469,10435,1,75,6,132.75,796.50
24470,10435,2,92,7,156.04,1092.28
24471,10436,1,78,8,136.86,1094.88
24472,10436,2,95,1,160.15,160.15
24473,10437,1,81,2,140.97,281.94
24474,10437,2,98,3,164.26,492.78
24475,10438,1,84,4,145.08,580.32
24476,10438,2,101,5,168.37,841.85
24477,10439,1,87,6,149.19,895.14
24478,10439,2,104,7,172.48,1207.36
24479,10440,1,90,8,153.30,1226.40
24480,10440,2,107,1,176.59,176.59
24481,10441,1,93,2,157.41,314.82
24482,10441,2,110,3,180.70,542.10
24483,10442,1,96,4,161.52,646.08
24484,10442,2,1,5,31.37,156.85
24485,10443,1,99,6,165.63,993.78
24486,10443,2,4,7,35.48,248.36
24487,10444,1,102,8,169.74,1357.92
24488,10444,2,7,1,39.59,39.59
24489,10445,1,105,2,173.85,347.70
24490,10445,2,10,3,43.70,131.10
24491,10446,1,108,4,177.96,711.84
24492,10446,2,13,5,47.81,239.05
24493,10447,1,111,6,182.07,1092.42
24494,10447,2,16,7,51.92,363.44
24495,10448,1,2,8,32.74,261.92
24496,10448,2,19,1,56.03,56.03
24497,10449,1,5,2,36.85,73.70
24498,10449,2,22,3,60.14,180.42
24499,10450,1,8,4,40.96,163.84
24500,10450,2,25,5,64.25,321.25
24501,10451,1,11,6,45.07,270.42
24502,10451,2,28,7,68.36,478.52
24503,10452,1,14,8,49.18,393.44
24504,10452,2,31,1,72.47,72.47
24505,10453,1,17,2,53.29,106.58
24506,10453,2,34,3,76.58,229.74
24507,10454,1,20,4,57.40,229.60
24508,10454,2,37,5,80.69,403.45
24509,10455,1,23,6,61.51,369.06
24510,10455,2,40,7,84.80,593.60
24511,10456,1,26,8,65.62,524.96
24512,10456,2,43,1,88.91,88.91
24513,10457,1,29,2,69.73,139.46
24514,10457,2,46,3,93.02,279.06
24515,10458,1,32,4,73.84,295.36
24516,10458,2,49,5,97.13,485.65
24517,10459,1,35,6,77.95,467.70
24518,10459,2,52,7,101.24,708.68
24519,10460,1,38,8,82.06,656.48
24520,10460,2,55,1,105.35,105.35
24521,10461,1,41,2,86.17,172.34
24522,10461,2,58,3,109.46,328.38
24523,10462,1,44,4,90.28,361.12
24524,10462,2,61,5,113.57,567.85
24525,10463,1,47,6,94.39,566.34
24526,10463,2,64,7,117.68,823.76
24527,10464,1,50,8,98.50,788.00
24528,10464,2,67,1,121.79,121.79
24529,10465,1,53,2,102.61,205.22
24530,10465,2,70,3,125.90,377.70
24531,10466,1,56,4,106.72,426.88
24532,10466,2,73,5,130.01,650.05
24533,10467,1,59,6,110.83,664.98
24534,10467,2,76,7,134.12,938.84
24535,10468,1,62,8,114.94,919.52
24536,10468,2,79,1,138.23,138.23
24537,10469,1,65,2,119.05,238.10
24538,10469,2,82,3,142.34,427.02
24539,10470,1,68,4,123.16,492.64
24540,10470,2,85,5,146.45,732.25
24541,10471,1,71,6,127.27,763.62
24542,10471,2,88,7,150.56,1053.92
24543,10472,1,74,8,131.38,1051.04
24544,10472,2,91,1,154.67,154.67
24545,10473,1,77,2,135.49,270.98
24546,10473,2,94,3,158.78,476.34
24547,10474,1,80,4,139.60,558.40
24548,10474,2,97,5,162.89,814.45
24549,10475,1,83,6,143.71,862.26
24550,10475,2,100,7,167.00,1169.00
24551,10476,1,86,8,147.82,1182.56
24552,10476,2,103,1,171.11,171.11
24553,10477,1,89,2,151.93,303.86
24554,10477,2,106,3,175.22,525.66
24555,10478,1,92,4,156.04,624.16
24556,10478,2,109,5,179.33,896.65
24557,10479,1,95,6,160.15,960.90
24558,10479,2,112,7,183.44,1284.08
24559,10480,1,98,8,164.26,1314.08
24560,10480,2,3,1,34.11,34.11
24561,10481,1,101,2,168.37,336.74
24562,10481,2,6,3,38.22,114.66
24563,10482,1,104,4,172.48,689.92
24564,10482,2,9,5,42.33,211.65
24565,10483,1,107,6,176.59,1059.54
24566,10483,2,12,7,46.44,325.08
24567,10484,1,110,8,180.70,1445.60
24568,10484,2,15,1,50.55,50.55
24569,10485,1,1,2,31.37,62.74
24570,10485,2,18,3,54.66,163.98
24571,10486,1,4,4,35.48,141.92
24572,10486,2,21,5,58.77,293.85
24573,10487,1,7,6,39.59,237.54
24574,10487,2,24,7,62.88,440.16
24575,10488,1,10,8,43.70,349.60
24576,10488,2,27,1,66.99,66.99
24577,10489,1,13,2,47.81,95.62
24578,10489,2,30,3,71.10,213.30
24579,10490,1,16,4,51.92,207.68
24580,10490,2,33,5,75.21,376.05
24581,10491,1,19,6,56.03,336.18
24582,10491,2,36,7,79.32,555.24
24583,10492,1,22,8,60.14,481.12
24584,10492,2,39,1,83.43,83.43
24585,10493,1,25,2,64.25,128.50
24586,10493,2,42,3,87.54,262.62
24587,10494,1,28,4,68.36,273.44
24588,10494,2,45,5,91.65,458.25
24589,10495,1,31,6,72.47,434.82
24590,10495,2,48,7,95.76,670.32
24591,10496,1,34,8,76.58,612.64
24592,10496,2,51,1,99.87,99.87
24593,10497,1,37,2,80.69,161.38
24594,10497,2,54,3,103.98,311.94
24595,10498,1,40,4,84.80,339.20
24596,10498,2,57,5,108.09,540.45
24597,10499,1,43,6,88.91,533.46
24598,10499,2,60,7,112.20,785.40
24599,10500,1,46,8,93.02,744.16
24600,10500,2,63,1,116.31,116.31
24601,10501,1,49,2,97.13,194.26
24602,10501,2,66,3,120.42,361.26
24603,10502,1,52,4,101.24,404.96
24604,10502,2,69,5,124.53,622.65
24605,10503,1,55,6,105.35,632.10
24606,10503,2,72,7,128.64,900.48
24607,10504,1,58,8,109.46,875.68
24608,10504,2,75,1,132.75,132.75
24609,10505,1,61,2,113.57,227.14
24610,10505,2,78,3,136.86,410.58
24611,10506,1,64,4,117.68,470.72
24612,10506,2,81,5,140.97,704.85
24613,10507,1,67,6,121.79,730.74
24614,10507,2,84,7,145.08,1015.56
24615,10508,1,70,8,125.90,1007.20
24616,10508,2,87,1,149.19,149.19
24617,10509,1,73,2,130.01,260.02
24618,10509,2,90,3,153.30,459.90
24619,10510,1,76,4,134.12,536.48
24620,10510,2,93,5,157.41,787.05
24621,10511,1,79,6,138.23,829.38
24622,10511,2,96,7,161.52,1130.64
24623,10512,1,82,8,142.34,1138.72
24624,10512,2,99,1,165.63,165.63
24625,10513,1,85,2,146.45,292.90
24626,10513,2,102,3,169.74,509.22
24627,10514,1,88,4,150.56,602.24
24628,10514,2,105,5,173.85,869.25
24629,10515,1,91,6,154.67,928.02
24630,10515,2,108,7,177.96,1245.72
24631,10516,1,94,8,158.78,1270.24
24632,10516,2,111,1,182.07,182.07
24633,10517,1,97,2,162.89,325.78
24634,10517,2,2,3,32.74,98.22
24635,10518,1,100,4,167.00,668.00
24636,10518,2,5,5,36.85,184.25
24637,10519,1,103,6,171.11,1026.66
24638,10519,2,8,7,40.96,286.72
24639,10520,1,106,8,175.22,1401.76
24640,10520,2,11,1,45.07,45.07
24641,10521,1,109,2,179.33,358.66
24642,10521,2,14,3,49.18,147.54
24643,10522,1,112,4,183.44,733.76
24644,10522,2,17,5,53.29,266.45
24645,10523,1,3,6,34.11,204.66
24646,10523,2,20,7,57.40,401.80
24647,10524,1,6,8,38.22,305.76
24648,10524,2,23,1,61.51,61.51
24649,10525,1,9,2,42.33,84.66
24650,10525,2,26,3,65.62,196.86
24651,10526,1,12,4,46.44,185.76
24652,10526,2,29,5,69.73,348.65
24653,10527,1,15,6,50.55,303.30
24654,10527,2,32,7,73.84,516.88
24655,10528,1,18,8,54.66,437.28
24656,10528,2,35,1,77.95,77.95
24657,10529,1,21,2,58.77,117.54
24658,10529,2,38,3,82.06,246.18
24659,10530,1,24,4,62.88,251.52
24660,10530,2,41,5,86.17,430.85
24661,10531,1,27,6,66.99,401.94
24662,10531,2,44,7,90.28,631.96
24663,10532,1,30,8,71.10,568.80
24664,10532,2,47,1,94.39,94.39
24665,10533,1,33,2,75.21,150.42
24666,10533,2,50,3,98.50,295.50
24667,10534,1,36,4,79.32,317.28
24668,10534,2,53,5,102.61,513.05
24669,10535,1,39,6,83.43,500.58
24670,10535,2,56,7,106.72,747.04
24671,10536,1,42,8,87.54,700.32
24672,10536,2,59,1,110.83,110.83
24673,10537,1,45,2,91.65,183.30
24674,10537,2,62,3,114.94,344.82
24675,10538,1,48,4,95.76,383.04
24676,10538,2,65,5,119.05,595.25
24677,10539,1,51,6,99.87,599.22
24678,10539,2,68,7,123.16,862.12
24679,10540,1,54,8,103.98,831.84
24680,10540,2,71,1,127.27,127.27
24681,10541,1,57,2,108.09,216.18
24682,10541,2,74,3,131.38,394.14
24683,10542,1,60,4,112.20,448.80
24684,10542,2,77,5,135.49,677.45
24685,10543,1,63,6,116.31,697.86
24686,10543,2,80,7,139.60,977.20
24687,10544,1,66,8,120.42,963.36
24688,10544,2,83,1,143.71,143.71
24689,10545,1,69,2,124.53,249.06
24690,10545,2,86,3,147.82,443.46
24691,10546,1,72,4,128.64,514.56
24692,10546,2,89,5,151.93,759.65
24693,10547,1,75,6,132.75,796.50
24694,10547,2,92,7,156.04,1092.28
24695,10548,1,78,8,136.86,1094.88
24696,10548,2,95,1,160.15,160.15
24697,10549,1,81,2,140.97,281.94
24698,10549,2,98,3,164.26,492.78
24699,10550,1,84,4,145.08,580.32
24700,10550,2,101,5,168.37,841.85
24701,10551,1,87,6,149.19,895.14
24702,10551,2,104,7,172.48,1207.36
24703,10552,1,90,8,153.30,1226.40
24704,10552,2,107,1,176.59,176.59
24705,10553,1,93,2,157.41,314.82
24706,10553,2,110,3,180.70,542.10
24707,10554,1,96,4,161.52,646.08
24708,10554,2,1,5,31.37,156.85
24709,10555,1,99,6,165.63,993.78
24710,10555,2,4,7,35.48,248.36
24711,10556,1,102,8,169.74,1357.92
24712,10556,2,7,1,39.59,39.59
24713,10557,1,105,2,173.85,347.70
24714,10557,2,10,3,43.70,131.10
24715,10558,1,108,4,177.96,711.84
24716,10558,2,13,5,47.81,239.05
24717,10559,1,111,6,182.07,1092.42
24718,10559,2,16,7,51.92,363.44
24719,10560,1,2,8,32.74,261.92
24720,10560,2,19,1,56.03,56.03
24721,10561,1,5,2,36.85,73.70
24722,10561,2,22,3,60.14,180.42
24723,10562,1,8,4,40.96,163.84
24724,10562,2,25,5,64.25,321.25
24725,10563,1,11,6,45.07,270.42
24726,10563,2,28,7,68.36,478.52
24727,10564,1,14,8,49.18,393.44
24728,10564,2,31,1,72.47,72.47
24729,10565,1,17,2,53.29,106.58
24730,10565,2,34,3,76.58,229.74
24731,10566,1,20,4,57.40,229.60
24732,10566,2,37,5,80.69,403.45
24733,10567,1,23,6,61.51,369.06
24734,10567,2,40,7,84.80,593.60
24735,10568,1,26,8,65.62,524.96
24736,10568,2,43,1,88.91,88.91
24737,10569,1,29,2,69.73,139.46
24738,10569,2,46,3,93.02,279.06
24739,10570,1,32,4,73.84,295.36
24740,10570,2,49,5,97.13,485.65
24741,10571,1,35,6,77.95,467.70
24742,10571,2,52,7,101.24,708.68
24743,10572,1,38,8,82.06,656.48
24744,10572,2,55,1,105.35,105.35
24745,10573,1,41,2,86.17,172.34
24746,10573,2,58,3,109.46,328.38
24747,10574,1,44,4,90.28,361.12
24748,10574,2,61,5,113.57,567.85
24749,10575,1,47,6,94.39,566.34
24750,10575,2,64,7,117.68,823.76
24751,10576,1,50,8,98.50,788.00
24752,10576,2,67,1,121.79,121.79
24753,10577,1,53,2,102.61,205.22
24754,10577,2,70,3,125.90,377.70
24755,10578,1,56,4,106.72,426.88
24756,10578,2,73,5,130.01,650.05
24757,10579,1,59,6,110.83,664.98
24758,10579,2,76,7,134.12,938.84
24759,10580,1,62,8,114.94,919.52
24760,10580,2,79,1,138.23,138.23
24761,10581,1,65,2,119.05,238.10
24762,10581,2,82,3,142.34,427.02
24763,10582,1,68,4,123.16,492.64
24764,10582,2,85,5,146.45,732.25
24765,10583,1,71,6,127.27,763.62
24766,10583,2,88,7,150.56,1053.92
24767,10584,1,74,8,131.38,1051.04
24768,10584,2,91,1,154.67,154.67
24769,10585,1,77,2,135.49,270.98
24770,10585,2,94,3,158.78,476.34
24771,10586,1,80,4,139.60,558.40
24772,10586,2,97,5,162.89,814.45
24773,10587,1,83,6,143.71,862.26
24774,10587,2,100,7,167.00,1169.00
24775,10588,1,86,8,147.82,1182.56
24776,10588,2,103,1,171.11,171.11
24777,10589,1,89,2,151.93,303.86
24778,10589,2,106,3,175.22,525.66
24779,10590,1,92,4,156.04,624.16
24780,10590,2,109,5,179.33,896.65
24781,10591,1,95,6,160.15,960.90
24782,10591,2,112,7,183.44,1284.08
24783,10592,1,98,8,164.26,1314.08
24784,10592,2,3,1,34.11,34.11
24785,10593,1,101,2,168.37,336.74
24786,10593,2,6,3,38.22,114.66
24787,10594,1,104,4,172.48,689.92
24788,10594,2,9,5,42.33,211.65
24789,10595,1,107,6,176.59,1059.54
24790,10595,2,12,7,46.44,325.08
24791,10596,1,110,8,180.70,1445.60
24792,10596,2,15,1,50.55,50.55
24793,10597,1,1,2,31.37,62.74
24794,10597,2,18,3,54.66,163.98
24795,10598,1,4,4,35.48,141.92
24796,10598,2,21,5,58.77,293.85
24797,10599,1,7,6,39.59,237.54
24798,10599,2,24,7,62.88,440.16
24799,10600,1,10,8,43.70,349.60
24800,10600,2,27,1,66.99,66.99
24801,10601,1,13,2,47.81,95.62
24802,10601,2,30,3,71.10,213.30
24803,10602,1,16,4,51.92,207.68
24804,10602,2,33,5,75.21,376.05
24805,10603,1,19,6,56.03,336.18
24806,10603,2,36,7,79.32,555.24
24807,10604,1,22,8,60.14,481.12
24808,10604,2,39,1,83.43,83.43
24809,10605,1,25,2,64.25,128.50
24810,10605,2,42,3,87.54,262.62
24811,10606,1,28,4,68.36,273.44
24812,10606,2,45,5,91.65,458.25
24813,10607,1,31,6,72.47,434.82
24814,10607,2,48,7,95.76,670.32
24815,10608,1,34,8,76.58,612.64
24816,10608,2,51,1,99.87,99.87
24817,10609,1,37,2,80.69,161.38
24818,10609,2,54,3,103.98,311.94
24819,10610,1,40,4,84.80,339.20
24820,10610,2,57,5,108.09,540.45
24821,10611,1,43,6,88.91,533.46
24822,10611,2,60,7,112.20,785.40
24823,10612,1,46,8,93.02,744.16
24824,10612,2,63,1,116.31,116.31
24825,10613,1,49,2,97.13,194.26
24826,10613,2,66,3,120.42,361.26
24827,10614,1,52,4,101.24,404.96
24828,10614,2,69,5,124.53,622.65
24829,10615,1,55,6,105.35,632.10
24830,10615,2,72,7,128.64,900.48
24831,10616,1,58,8,109.46,875.68
24832,10616,2,75,1,132.75,132.75
24833,10617,1,61,2,113.57,227.14
24834,10617,2,78,3,136.86,410.58
24835,10618,1,64,4,117.68,470.72
24836,10618,2,81,5,140.97,704.85
24837,10619,1,67,6,121.79,730.74
24838,10619,2,84,7,145.08,1015.56
24839,10620,1,70,8,125.90,1007.20
24840,10620,2,87,1,149.19,149.19
24841,10621,1,73,2,130.01,260.02
24842,10621,2,90,3,153.30,459.90
24843,10622,1,76,4,134.12,536.48
24844,10622,2,93,5,157.41,787.05
24845,10623,1,79,6,138.23,829.38
24846,10623,2,96,7,161.52,1130.64
24847,10624,1,82,8,142.34,1138.72
24848,10624,2,99,1,165.63,165.63
24849,10625,1,85,2,146.45,292.90
24850,10625,2,102,3,169.74,509.22
24851,10626,1,88,4,150.56,602.24
24852,10626,2,105,5,173.85,869.25
24853,10627,1,91,6,154.67,928.02
24854,10627,2,108,7,177.96,1245.72
24855,10628,1,94,8,158.78,1270.24
24856,10628,2,111,1,182.07,182.07
24857,10629,1,97,2,162.89,325.78
24858,10629,2,2,3,32.74,98.22
24859,10630,1,100,4,167.00,668.00
24860,10630,2,5,5,36.85,184.25
24861,10631,1,103,6,171.11,1026.66
24862,10631,2,8,7,40.96,286.72
24863,10632,1,106,8,175.22,1401.76
24864,10632,2,11,1,45.07,45.07
24865,10633,1,109,2,179.33,358.66
24866,10633,2,14,3,49.18,147.54
24867,10634,1,112,4,183.44,733.76
24868,10634,2,17,5,53.29,266.45
24869,10635,1,3,6,34.11,204.66
24870,10635,2,20,7,57.40,401.80
24871,10636,1,6,8,38.22,305.76
24872,10636,2,23,1,61.51,61.51
24873,10637,1,9,2,42.33,84.66
24874,10637,2,26,3,65.62,196.86
24875,10638,1,12,4,46.44,185.76
24876,10638,2,29,5,69.73,348.65
24877,10639,1,15,6,50.55,303.30
24878,10639,2,32,7,73.84,516.88
24879,10640,1,18,8,54.66,437.28
24880,10640,2,35,1,77.95,77.95
24881,10641,1,21,2,58.77,117.54
24882,10641,2,38,3,82.06,246.18
24883,10642,1,24,4,62.88,251.52
24884,10642,2,41,5,86.17,430.85
24885,10643,1,27,6,66.99,401.94
24886,10643,2,44,7,90.28,631.96
24887,10644,1,30,8,71.10,568.80
24888,10644,2,47,1,94.39,94.39
24889,10645,1,33,2,75.21,150.42
24890,10645,2,50,3,98.50,295.50
24891,10646,1,36,4,79.32,317.28
24892,10646,2,53,5,102.61,513.05
24893,10647,1,39,6,83.43,500.58
24894,10647,2,56,7,106.72,747.04
24895,10648,1,42,8,87.54,700.32
24896,10648,2,59,1,110.83,110.83
24897,10649,1,45,2,91.65,183.30
24898,10649,2,62,3,114.94,344.82
24899,10650,1,48,4,95.76,383.04
24900,10650,2,65,5,119.05,595.25
24901,10651,1,51,6,99.87,599.22
24902,10651,2,68,7,123.16,862.12
24903,10652,1,54,8,103.98,831.84
24904,10652,2,71,1,127.27,127.27
24905,10653,1,57,2,108.09,216.18
24906,10653,2,74,3,131.38,394.14
24907,10654,1,60,4,112.20,448.80
24908,10654,2,77,5,135.49,677.45
24909,10655,1,63,6,116.31,697.86
24910,10655,2,80,7,139.60,977.20
24911,10656,1,66,8,120.42,963.36
24912,10656,2,83,1,143.71,143.71
24913,10657,1,69,2,124.53,249.06
24914,10657,2,86,3,147.82,443.46
24915,10658,1,72,4,128.64,514.56
24916,10658,2,89,5,151.93,759.65
24917,10659,1,75,6,132.75,796.50
24918,10659,2,92,7,156.04,1092.28
24919,10660,1,78,8,136.86,1094.88
24920,10660,2,95,1,160.15,160.15
24921,10661,1,81,2,140.97,281.94
24922,10661,2,98,3,164.26,492.78
24923,10662,1,84,4,145.08,580.32
24924,10662,2,101,5,168.37,841.85
24925,10663,1,87,6,149.19,895.14
24926,10663,2,104,7,172.48,1207.36
24927,10664,1,90,8,153.30,1226.40
24928,10664,2,107,1,176.59,176.59
24929,10665,1,93,2,157.41,314.82
24930,10665,2,110,3,180.70,542.10
24931,10666,1,96,4,161.52,646.08
24932,10666,2,1,5,31.37,156.85
24933,10667,1,99,6,165.63,993.78
24934,10667,2,4,7,35.48,248.36
24935,10668,1,102,8,169.74,1357.92
24936,10668,2,7,1,39.59,39.59
24937,10669,1,105,2,173.85,347.70
24938,10669,2,10,3,43.70,131.10
24939,10670,1,108,4,177.96,711.84
24940,10670,2,13,5,47.81,239.05
24941,10671,1,111,6,182.07,1092.42
24942,10671,2,16,7,51.92,363.44
24943,10672,1,2,8,32.74,261.92
24944,10672,2,19,1,56.03,56.03
24945,10673,1,5,2,36.85,73.70
24946,10673,2,22,3,60.14,180.42
24947,10674,1,8,4,40.96,163.84
24948,10674,2,25,5,64.25,321.25
24949,10675,1,11,6,45.07,270.42
24950,10675,2,28,7,68.36,478.52
24951,10676,1,14,8,49.18,393.44
24952,10676,2,31,1,72.47,72.47
24953,10677,1,17,2,53.29,106.58
24954,10677,2,34,3,76.58,229.74
24955,10678,1,20,4,57.40,229.60
24956,10678,2,37,5,80.69,403.45
24957,10679,1,23,6,61.51,369.06
24958,10679,2,40,7,84.80,593.60
24959,10680,1,26,8,65.62,524.96
24960,10680,2,43,1,88.91,88.91
24961,10681,1,29,2,69.73,139.46
24962,10681,2,46,3,93.02,279.06
24963,10682,1,32,4,73.84,295.36
24964,10682,2,49,5,97.13,485.65
24965,10683,1,35,6,77.95,467.70
24966,10683,2,52,7,101.24,708.68
24967,10684,1,38,8,82.06,656.48
24968,10684,2,55,1,105.35,105.35
24969,10685,1,41,2,86.17,172.34
24970,10685,2,58,3,109.46,328.38
24971,10686,1,44,4,90.28,361.12
24972,10686,2,61,5,113.57,567.85
24973,10687,1,47,6,94.39,566.34
24974,10687,2,64,7,117.68,823.76
24975,10688,1,50,8,98.50,788.00
24976,10688,2,67,1,121.79,121.79
24977,10689,1,53,2,102.61,205.22
24978,10689,2,70,3,125.90,377.70
24979,10690,1,56,4,106.72,426.88
24980,10690,2,73,5,130.01,650.05
24981,10691,1,59,6,110.83,664.98
24982,10691,2,76,7,134.12,938.84
24983,10692,1,62,8,114.94,919.52
24984,10692,2,79,1,138.23,138.23
24985,10693,1,65,2,119.05,238.10
24986,10693,2,82,3,142.34,427.02
24987,10694,1,68,4,123.16,492.64
24988,10694,2,85,5,146.45,732.25
24989,10695,1,71,6,127.27,763.62
24990,10695,2,88,7,150.56,1053.92
24991,10696,1,74,8,131.38,1051.04
24992,10696,2,91,1,154.67,154.67
24993,10697,1,77,2,135.49,270.98
24994,10697,2,94,3,158.78,476.34
24995,10698,1,80,4,139.60,558.40
24996,10698,2,97,5,162.89,814.45
24997,10699,1,83,6,143.71,862.26
24998,10699,2,100,7,167.00,1169.00
24999,10700,1,86,8,147.82,1182.56
25000,10700,2,103,1,171.11,171.11
25001,10701,1,89,2,151.93,303.86
25002,10701,2,106,3,175.22,525.66
25003,10702,1,92,4,156.04,624.16
25004,10702,2,109,5,179.33,896.65
25005,10703,1,95,6,160.15,960.90
25006,10703,2,112,7,183.44,1284.08
25007,10704,1,98,8,164.26,1314.08
25008,10704,2,3,1,34.11,34.11
25009,10705,1,101,2,168.37,336.74
25010,10705,2,6,3,38.22,114.66
25011,10706,1,104,4,172.48,689.92
25012,10706,2,9,5,42.33,211.65
25013,10707,1,107,6,176.59,1059.54
25014,10707,2,12,7,46.44,325.08
25015,10708,1,110,8,180.70,1445.60
25016,10708,2,15,1,50.55,50.55
25017,10709,1,1,2,31.37,62.74
25018,10709,2,18,3,54.66,163.98
25019,10710,1,4,4,35.48,141.92
25020,10710,2,21,5,58.77,293.85
25021,10711,1,7,6,39.59,237.54
25022,10711,2,24,7,62.88,440.16
25023,10712,1,10,8,43.70,349.60
25024,10712,2,27,1,66.99,66.99
25025,10713,1,13,2,47.81,95.62
25026,10713,2,30,3,71.10,213.30
25027,10714,1,16,4,51.92,207.68
25028,10714,2,33,5,75.21,376.05
25029,10715,1,19,6,56.03,336.18
25030,10715,2,36,7,79.32,555.24
25031,10716,1,22,8,60.14,481.12
25032,10716,2,39,1,83.43,83.43
25033,10717,1,25,2,64.25,128.50
25034,10717,2,42,3,87.54,262.62
25035,10718,1,28,4,68.36,273.44
25036,10718,2,45,5,91.65,458.25
25037,10719,1,31,6,72.47,434.82
25038,10719,2,48,7,95.76,670.32
25039,10720,1,34,8,76.58,612.64
25040,10720,2,51,1,99.87,99.87
25041,10721,1,37,2,80.69,161.38
25042,10721,2,54,3,103.98,311.94
25043,10722,1,40,4,84.80,339.20
25044,10722,2,57,5,108.09,540.45
25045,10723,1,43,6,88.91,533.46
25046,10723,2,60,7,112.20,785.40
25047,10724,1,46,8,93.02,744.16
25048,10724,2,63,1,116.31,116.31
25049,10725,1,49,2,97.13,194.26
25050,10725,2,66,3,120.42,361.26
25051,10726,1,52,4,101.24,404.96
25052,10726,2,69,5,124.53,622.65
25053,10727,1,55,6,105.35,632.10
25054,10727,2,72,7,128.64,900.48
25055,10728,1,58,8,109.46,875.68
25056,10728,2,75,1,132.75,132.75
25057,10729,1,61,2,113.57,227.14
25058,10729,2,78,3,136.86,410.58
25059,10730,1,64,4,117.68,470.72
25060,10730,2,81,5,140.97,704.85
25061,10731,1,67,6,121.79,730.74
25062,10731,2,84,7,145.08,1015.56
25063,10732,1,70,8,125.90,1007.20
25064,10732,2,87,1,149.19,149.19
25065,10733,1,73,2,130.01,260.02
25066,10733,2,90,3,153.30,459.90
25067,10734,1,76,4,134.12,536.48
25068,10734,2,93,5,157.41,787.05
25069,10735,1,79,6,138.23,829.38
25070,10735,2,96,7,161.52,1130.64
25071,10736,1,82,8,142.34,1138.72
25072,10736,2,99,1,165.63,165.63
25073,10737,1,85,2,146.45,292.90
25074,10737,2,102,3,169.74,509.22
25075,10738,1,88,4,150.56,602.24
25076,10738,2,105,5,173.85,869.25
25077,10739,1,91,6,154.67,928.02
25078,10739,2,108,7,177.96,1245.72
25079,10740,1,94,8,158.78,1270.24
25080,10740,2,111,1,182.07,182.07
25081,10741,1,97,2,162.89,325.78
25082,10741,2,2,3,32.74,98.22
25083,10742,1,100,4,167.00,668.00
25084,10742,2,5,5,36.85,184.25
25085,10743,1,103,6,171.11,1026.66
25086,10743,2,8,7,40.96,286.72
25087,10744,1,106,8,175.22,1401.76
25088,10744,2,11,1,45.07,45.07
25089,10745,1,109,2,179.33,358.66
25090,10745,2,14,3,49.18,147.54
25091,10746,1,112,4,183.44,733.76
25092,10746,2,17,5,53.29,266.45
25093,10747,1,3,6,34.11,204.66
25094,10747,2,20,7,57.40,401.80
25095,10748,1,6,8,38.22,305.76
25096,10748,2,23,1,61.51,61.51
25097,10749,1,9,2,42.33,84.66
25098,10749,2,26,3,65.62,196.86
25099,10750,1,12,4,46.44,185.76
25100,10750,2,29,5,69.73,348.65
25101,10751,1,15,6,50.55,303.30
25102,10751,2,32,7,73.84,516.88
25103,10752,1,18,8,54.66,437.28
25104,10752,2,35,1,77.95,77.95
25105,10753,1,21,2,58.77,117.54
25106,10753,2,38,3,82.06,246.18
25107,10754,1,24,4,62.88,251.52
25108,10754,2,41,5,86.17,430.85
25109,10755,1,27,6,66.99,401.94
25110,10755,2,44,7,90.28,631.96
25111,10756,1,30,8,71.10,568.80
25112,10756,2,47,1,94.39,94.39
25113,10757,1,33,2,75.21,150.42
25114,10757,2,50,3,98.50,295.50
25115,10758,1,36,4,79.32,317.28
25116,10758,2,53,5,102.61,513.05
25117,10759,1,39,6,83.43,500.58
25118,10759,2,56,7,106.72,747.04
25119,10760,1,42,8,87.54,700.32
25120,10760,2,59,1,110.83,110.83
25121,10761,1,45,2,91.65,183.30
25122,10761,2,62,3,114.94,344.82
25123,10762,1,48,4,95.76,383.04
25124,10762,2,65,5,119.05,595.25
25125,10763,1,51,6,99.87,599.22
25126,10763,2,68,7,123.16,862.12
25127,10764,1,54,8,103.98,831.84
25128,10764,2,71,1,127.27,127.27
25129,10765,1,57,2,108.09,216.18
25130,10765,2,74,3,131.38,394.14
25131,10766,1,60,4,112.20,448.80
25132,10766,2,77,5,135.49,677.45
25133,10767,1,63,6,116.31,697.86
25134,10767,2,80,7,139.60,977.20
25135,10768,1,66,8,120.42,963.36
25136,10768,2,83,1,143.71,143.71
25137,10769,1,69,2,124.53,249.06
25138,10769,2,86,3,147.82,443.46
25139,10770,1,72,4,128.64,514.56
25140,10770,2,89,5,151.93,759.65
25141,10771,1,75,6,132.75,796.50
25142,10771,2,92,7,156.04,1092.28
25143,10772,1,78,8,136.86,1094.88
25144,10772,2,95,1,160.15,160.15
25145,10773,1,81,2,140.97,281.94
25146,10773,2,98,3,164.26,492.78
25147,10774,1,84,4,145.08,580.32
25148,10774,2,101,5,168.37,841.85
25149,10775,1,87,6,149.19,895.14
25150,10775,2,104,7,172.48,1207.36
25151,10776,1,90,8,153.30,1226.40
25152,10776,2,107,1,176.59,176.59
25153,10777,1,93,2,157.41,314.82
25154,10777,2,110,3,180.70,542.10
25155,10778,1,96,4,161.52,646.08
25156,10778,2,1,5,31.37,156.85
25157,10779,1,99,6,165.63,993.78
25158,10779,2,4,7,35.48,248.36
25159,10780,1,102,8,169.74,1357.92
25160,10780,2,7,1,39.59,39.59
25161,10781,1,105,2,173.85,347.70
25162,10781,2,10,3,43.70,131.10
25163,10782,1,108,4,177.96,711.84
25164,10782,2,13,5,47.81,239.05
25165,10783,1,111,6,182.07,1092.42
25166,10783,2,16,7,51.92,363.44
25167,10784,1,2,8,32.74,261.92
25168,10784,2,19,1,56.03,56.03
25169,10785,1,5,2,36.85,73.70
25170,10785,2,22,3,60.14,180.42
25171,10786,1,8,4,40.96,163.84
25172,10786,2,25,5,64.25,321.25
25173,10787,1,11,6,45.07,270.42
25174,10787,2,28,7,68.36,478.52
25175,10788,1,14,8,49.18,393.44
25176,10788,2,31,1,72.47,72.47
25177,10789,1,17,2,53.29,106.58
25178,10789,2,34,3,76.58,229.74
25179,10790,1,20,4,57.40,229.60
25180,10790,2,37,5,80.69,403.45
25181,10791,1,23,6,61.51,369.06
25182,10791,2,40,7,84.80,593.60
25183,10792,1,26,8,65.62,524.96
25184,10792,2,43,1,88.91,88.91
25185,10793,1,29,2,69.73,139.46
25186,10793,2,46,3,93.02,279.06
25187,10794,1,32,4,73.84,295.36
25188,10794,2,49,5,97.13,485.65
25189,10795,1,35,6,77.95,467.70
25190,10795,2,52,7,101.24,708.68
25191,10796,1,38,8,82.06,656.48
25192,10796,2,55,1,105.35,105.35
25193,10797,1,41,2,86.17,172.34
25194,10797,2,58,3,109.46,328.38
25195,10798,1,44,4,90.28,361.12
25196,10798,2,61,5,113.57,567.85
25197,10799,1,47,6,94.39,566.34
25198,10799,2,64,7,117.68,823.76
25199,10800,1,50,8,98.50,788.00
25200,10800,2,67,1,121.79,121.79
25201,10801,1,53,2,102.61,205.22
25202,10801,2,70,3,125.90,377.70
25203,10802,1,56,4,106.72,426.88
25204,10802,2,73,5,130.01,650.05
25205,10803,1,59,6,110.83,664.98
25206,10803,2,76,7,134.12,938.84
25207,10804,1,62,8,114.94,919.52
25208,10804,2,79,1,138.23,138.23
25209,10805,1,65,2,119.05,238.10
25210,10805,2,82,3,142.34,427.02
25211,10806,1,68,4,123.16,492.64
25212,10806,2,85,5,146.45,732.25
25213,10807,1,71,6,127.27,763.62
25214,10807,2,88,7,150.56,1053.92
25215,10808,1,74,8,131.38,1051.04
25216,10808,2,91,1,154.67,154.67
25217,10809,1,77,2,135.49,270.98
25218,10809,2,94,3,158.78,476.34
25219,10810,1,80,4,139.60,558.40
25220,10810,2,97,5,162.89,814.45
25221,10811,1,83,6,143.71,862.26
25222,10811,2,100,7,167.00,1169.00
25223,10812,1,86,8,147.82,1182.56
25224,10812,2,103,1,171.11,171.11
25225,10813,1,89,2,151.93,303.86
25226,10813,2,106,3,175.22,525.66
25227,10814,1,92,4,156.04,624.16
25228,10814,2,109,5,179.33,896.65
25229,10815,1,95,6,160.15,960.90
25230,10815,2,112,7,183.44,1284.08
25231,10816,1,98,8,164.26,1314.08
25232,10816,2,3,1,34.11,34.11
25233,10817,1,101,2,168.37,336.74
25234,10817,2,6,3,38.22,114.66
25235,10818,1,104,4,172.48,689.92
25236,10818,2,9,5,42.33,211.65
25237,10819,1,107,6,176.59,1059.54
25238,10819,2,12,7,46.44,325.08
25239,10820,1,110,8,180.70,1445.60
25240,10820,2,15,1,50.55,50.55
25241,10821,1,1,2,31.37,62.74
25242,10821,2,18,3,54.66,163.98
25243,10822,1,4,4,35.48,141.92
25244,10822,2,21,5,58.77,293.85
25245,10823,1,7,6,39.59,237.54
25246,10823,2,24,7,62.88,440.16
25247,10824,1,10,8,43.70,349.60
25248,10824,2,27,1,66.99,66.99
25249,10825,1,13,2,47.81,95.62
25250,10825,2,30,3,71.10,213.30
25251,10826,1,16,4,51.92,207.68
25252,10826,2,33,5,75.21,376.05
25253,10827,1,19,6,56.03,336.18
25254,10827,2,36,7,79.32,555.24
25255,10828,1,22,8,60.14,481.12
25256,10828,2,39,1,83.43,83.43
25257,10829,1,25,2,64.25,128.50
25258,10829,2,42,3,87.54,262.62
25259,10830,1,28,4,68.36,273.44
25260,10830,2,45,5,91.65,458.25
25261,10831,1,31,6,72.47,434.82
25262,10831,2,48,7,95.76,670.32
25263,10832,1,34,8,76.58,612.64
25264,10832,2,51,1,99.87,99.87
25265,10833,1,37,2,80.69,161.38
25266,10833,2,54,3,103.98,311.94
25267,10834,1,40,4,84.80,339.20
25268,10834,2,57,5,108.09,540.45
25269,10835,1,43,6,88.91,533.46
25270,10835,2,60,7,112.20,785.40
25271,10836,1,46,8,93.02,744.16
25272,10836,2,63,1,116.31,116.31
25273,10837,1,49,2,97.13,194.26
25274,10837,2,66,3,120.42,361.26
25275,10838,1,52,4,101.24,404.96
25276,10838,2,69,5,124.53,622.65
25277,10839,1,55,6,105.35,632.10
25278,10839,2,72,7,128.64,900.48
25279,10840,1,58,8,109.46,875.68
25280,10840,2,75,1,132.75,132.75
25281,10841,1,61,2,113.57,227.14
25282,10841,2,78,3,136.86,410.58
25283,10842,1,64,4,117.68,470.72
25284,10842,2,81,5,140.97,704.85
25285,10843,1,67,6,121.79,730.74
25286,10843,2,84,7,145.08,1015.56
25287,10844,1,70,8,125.90,1007.20
25288,10844,2,87,1,149.19,149.19
25289,10845,1,73,2,130.01,260.02
25290,10845,2,90,3,153.30,459.90
25291,10846,1,76,4,134.12,536.48
25292,10846,2,93,5,157.41,787.05
25293,10847,1,79,6,138.23,829.38
25294,10847,2,96,7,161.52,1130.64
25295,10848,1,82,8,142.34,1138.72
25296,10848,2,99,1,165.63,165.63
25297,10849,1,85,2,146.45,292.90
25298,10849,2,102,3,169.74,509.22
25299,10850,1,88,4,150.56,602.24
25300,10850,2,105,5,173.85,869.25
25301,10851,1,91,6,154.67,928.02
25302,10851,2,108,7,177.96,1245.72
25303,10852,1,94,8,158.78,1270.24
25304,10852,2,111,1,182.07,182.07
25305,10853,1,97,2,162.89,325.78
25306,10853,2,2,3,32.74,98.22
25307,10854,1,100,4,167.00,668.00
25308,10854,2,5,5,36.85,184.25
25309,10855,1,103,6,171.11,1026.66
25310,10855,2,8,7,40.96,286.72
25311,10856,1,106,8,175.22,1401.76
25312,10856,2,11,1,45.07,45.07
25313,10857,1,109,2,179.33,358.66
25314,10857,2,14,3,49.18,147.54
25315,10858,1,112,4,183.44,733.76
25316,10858,2,17,5,53.29,266.45
25317,10859,1,3,6,34.11,204.66
25318,10859,2,20,7,57.40,401.80
25319,10860,1,6,8,38.22,305.76
25320,10860,2,23,1,61.51,61.51
25321,10861,1,9,2,42.33,84.66
25322,10861,2,26,3,65.62,196.86
25323,10862,1,12,4,46.44,185.76
25324,10862,2,29,5,69.73,348.65
25325,10863,1,15,6,50.55,303.30
25326,10863,2,32,7,73.84,516.88
25327,10864,1,18,8,54.66,437.28
25328,10864,2,35,1,77.95,77.95
25329,10865,1,21,2,58.77,117.54
25330,10865,2,38,3,82.06,246.18
25331,10866,1,24,4,62.88,251.52
25332,10866,2,41,5,86.17,430.85
25333,10867,1,27,6,66.99,401.94
25334,10867,2,44,7,90.28,631.96
25335,10868,1,30,8,71.10,568.80
25336,10868,2,47,1,94.39,94.39
25337,10869,1,33,2,75.21,150.42
25338,10869,2,50,3,98.50,295.50
25339,10870,1,36,4,79.32,317.28
25340,10870,2,53,5,102.61,513.05
25341,10871,1,39,6,83.43,500.58
25342,10871,2,56,7,106.72,747.04
25343,10872,1,42,8,87.54,700.32
25344,10872,2,59,1,110.83,110.83
25345,10873,1,45,2,91.65,183.30
25346,10873,2,62,3,114.94,344.82
25347,10874,1,48,4,95.76,383.04
25348,10874,2,65,5,119.05,595.25
25349,10875,1,51,6,99.87,599.22
25350,10875,2,68,7,123.16,862.12
25351,10876,1,54,8,103.98,831.84
25352,10876,2,71,1,127.27,127.27
25353,10877,1,57,2,108.09,216.18
25354,10877,2,74,3,131.38,394.14
25355,10878,1,60,4,112.20,448.80
25356,10878,2,77,5,135.49,677.45
25357,10879,1,63,6,116.31,697.86
25358,10879,2,80,7,139.60,977.20
25359,10880,1,66,8,120.42,963.36
25360,10880,2,83,1,143.71,143.71
25361,10881,1,69,2,124.53,249.06
25362,10881,2,86,3,147.82,443.46
25363,10882,1,72,4,128.64,514.56
25364,10882,2,89,5,151.93,759.65
25365,10883,1,75,6,132.75,796.50
25366,10883,2,92,7,156.04,1092.28
25367,10884,1,78,8,136.86,1094.88
25368,10884,2,95,1,160.15,160.15
25369,10885,1,81,2,140.97,281.94
25370,10885,2,98,3,164.26,492.78
25371,10886,1,84,4,145.08,580.32
25372,10886,2,101,5,168.37,841.85
25373,10887,1,87,6,149.19,895.14
25374,10887,2,104,7,172.48,1207.36
25375,10888,1,90,8,153.30,1226.40
25376,10888,2,107,1,176.59,176.59
25377,10889,1,93,2,157.41,314.82
25378,10889,2,110,3,180.70,542.10
25379,10890,1,96,4,161.52,646.08
25380,10890,2,1,5,31.37,156.85
25381,10891,1,99,6,165.63,993.78
25382,10891,2,4,7,35.48,248.36
25383,10892,1,102,8,169.74,1357.92
25384,10892,2,7,1,39.59,39.59
25385,10893,1,105,2,173.85,347.70
25386,10893,2,10,3,43.70,131.10
25387,10894,1,108,4,177.96,711.84
25388,10894,2,13,5,47.81,239.05
25389,10895,1,111,6,182.07,1092.42
25390,10895,2,16,7,51.92,363.44
25391,10896,1,2,8,32.74,261.92
25392,10896,2,19,1,56.03,56.03
25393,10897,1,5,2,36.85,73.70
25394,10897,2,22,3,60.14,180.42
25395,10898,1,8,4,40.96,163.84
25396,10898,2,25,5,64.25,321.25
25397,10899,1,11,6,45.07,270.42
25398,10899,2,28,7,68.36,478.52
25399,10900,1,14,8,49.18,393.44
25400,10900,2,31,1,72.47,72.47
25401,10901,1,17,2,53.29,106.58
25402,10901,2,34,3,76.58,229.74
25403,10902,1,20,4,57.40,229.60
25404,10902,2,37,5,80.69,403.45
25405,10903,1,23,6,61.51,369.06
25406,10903,2,40,7,84.80,593.60
25407,10904,1,26,8,65.62,524.96
25408,10904,2,43,1,88.91,88.91
25409,10905,1,29,2,69.73,139.46
25410,10905,2,46,3,93.02,279.06
25411,10906,1,32,4,73.84,295.36
25412,10906,2,49,5,97.13,485.65
25413,10907,1,35,6,77.95,467.70
25414,10907,2,52,7,101.24,708.68
25415,10908,1,38,8,82.06,656.48
25416,10908,2,55,1,105.35,105.35
25417,10909,1,41,2,86.17,172.34
25418,10909,2,58,3,109.46,328.38
25419,10910,1,44,4,90.28,361.12
25420,10910,2,61,5,113.57,567.85
25421,10911,1,47,6,94.39,566.34
25422,10911,2,64,7,117.68,823.76
25423,10912,1,50,8,98.50,788.00
25424,10912,2,67,1,121.79,121.79
25425,10913,1,53,2,102.61,205.22
25426,10913,2,70,3,125.90,377.70
25427,10914,1,56,4,106.72,426.88
25428,10914,2,73,5,130.01,650.05
25429,10915,1,59,6,110.83,664.98
25430,10915,2,76,7,134.12,938.84
25431,10916,1,62,8,114.94,919.52
25432,10916,2,79,1,138.23,138.23
25433,10917,1,65,2,119.05,238.10
25434,10917,2,82,3,142.34,427.02
25435,10918,1,68,4,123.16,492.64
25436,10918,2,85,5,146.45,732.25
25437,10919,1,71,6,127.27,763.62
25438,10919,2,88,7,150.56,1053.92
25439,10920,1,74,8,131.38,1051.04
25440,10920,2,91,1,154.67,154.67
25441,10921,1,77,2,135.49,270.98
25442,10921,2,94,3,158.78,476.34
25443,10922,1,80,4,139.60,558.40
25444,10922,2,97,5,162.89,814.45
25445,10923,1,83,6,143.71,862.26
25446,10923,2,100,7,167.00,1169.00
25447,10924,1,86,8,147.82,1182.56
25448,10924,2,103,1,171.11,171.11
25449,10925,1,89,2,151.93,303.86
25450,10925,2,106,3,175.22,525.66
25451,10926,1,92,4,156.04,624.16
25452,10926,2,109,5,179.33,896.65
25453,10927,1,95,6,160.15,960.90
25454,10927,2,112,7,183.44,1284.08
25455,10928,1,98,8,164.26,1314.08
25456,10928,2,3,1,34.11,34.11
25457,10929,1,101,2,168.37,336.74
25458,10929,2,6,3,38.22,114.66
25459,10930,1,104,4,172.48,689.92
25460,10930,2,9,5,42.33,211.65
25461,10931,1,107,6,176.59,1059.54
25462,10931,2,12,7,46.44,325.08
25463,10932,1,110,8,180.70,1445.60
25464,10932,2,15,1,50.55,50.55
25465,10933,1,1,2,31.37,62.74
25466,10933,2,18,3,54.66,163.98
25467,10934,1,4,4,35.48,141.92
25468,10934,2,21,5,58.77,293.85
25469,10935,1,7,6,39.59,237.54
25470,10935,2,24,7,62.88,440.16
25471,10936,1,10,8,43.70,349.60
25472,10936,2,27,1,66.99,66.99
25473,10937,1,13,2,47.81,95.62
25474,10937,2,30,3,71.10,213.30
25475,10938,1,16,4,51.92,207.68
25476,10938,2,33,5,75.21,376.05
25477,10939,1,19,6,56.03,336.18
25478,10939,2,36,7,79.32,555.24
25479,10940,1,22,8,60.14,481.12
25480,10940,2,39,1,83.43,83.43
25481,10941,1,25,2,64.25,128.50
25482,10941,2,42,3,87.54,262.62
25483,10942,1,28,4,68.36,273.44
25484,10942,2,45,5,91.65,458.25
25485,10943,1,31,6,72.47,434.82
25486,10943,2,48,7,95.76,670.32
25487,10944,1,34,8,76.58,612.64
25488,10944,2,51,1,99.87,99.87
25489,10945,1,37,2,80.69,161.38
25490,10945,2,54,3,103.98,311.94
25491,10946,1,40,4,84.80,339.20
25492,10946,2,57,5,108.09,540.45
25493,10947,1,43,6,88.91,533.46
25494,10947,2,60,7,112.20,785.40
25495,10948,1,46,8,93.02,744.16
25496,10948,2,63,1,116.31,116.31
25497,10949,1,49,2,97.13,194.26
25498,10949,2,66,3,120.42,361.26
25499,10950,1,52,4,101.24,404.96
25500,10950,2,69,5,124.53,622.65
25501,10951,1,55,6,105.35,632.10
25502,10951,2,72,7,128.64,900.48
25503,10952,1,58,8,109.46,875.68
25504,10952,2,75,1,132.75,132.75
25505,10953,1,61,2,113.57,227.14
25506,10953,2,78,3,136.86,410.58
25507,10954,1,64,4,117.68,470.72
25508,10954,2,81,5,140.97,704.85
25509,10955,1,67,6,121.79,730.74
25510,10955,2,84,7,145.08,1015.56
25511,10956,1,70,8,125.90,1007.20
25512,10956,2,87,1,149.19,149.19
25513,10957,1,73,2,130.01,260.02
25514,10957,2,90,3,153.30,459.90
25515,10958,1,76,4,134.12,536.48
25516,10958,2,93,5,157.41,787.05
25517,10959,1,79,6,138.23,829.38
25518,10959,2,96,7,161.52,1130.64
25519,10960,1,82,8,142.34,1138.72
25520,10960,2,99,1,165.63,165.63
25521,10961,1,85,2,146.45,292.90
25522,10961,2,102,3,169.74,509.22
25523,10962,1,88,4,150.56,602.24
25524,10962,2,105,5,173.85,869.25
25525,10963,1,91,6,154.67,928.02
25526,10963,2,108,7,177.96,1245.72
25527,10964,1,94,8,158.78,1270.24
25528,10964,2,111,1,182.07,182.07
25529,10965,1,97,2,162.89,325.78
25530,10965,2,2,3,32.74,98.22
25531,10966,1,100,4,167.00,668.00
25532,10966,2,5,5,36.85,184.25
25533,10967,1,103,6,171.11,1026.66
25534,10967,2,8,7,40.96,286.72
25535,10968,1,106,8,175.22,1401.76
25536,10968,2,11,1,45.07,45.07
25537,10969,1,109,2,179.33,358.66
25538,10969,2,14,3,49.18,147.54
25539,10970,1,112,4,183.44,733.76
25540,10970,2,17,5,53.29,266.45
25541,10971,1,3,6,34.11,204.66
25542,10971,2,20,7,57.40,401.80
25543,10972,1,6,8,38.22,305.76
25544,10972,2,23,1,61.51,61.51
25545,10973,1,9,2,42.33,84.66
25546,10973,2,26,3,65.62,196.86
25547,10974,1,12,4,46.44,185.76
25548,10974,2,29,5,69.73,348.65
25549,10975,1,15,6,50.55,303.30
25550,10975,2,32,7,73.84,516.88
25551,10976,1,18,8,54.66,437.28
25552,10976,2,35,1,77.95,77.95
25553,10977,1,21,2,58.77,117.54
25554,10977,2,38,3,82.06,246.18
25555,10978,1,24,4,62.88,251.52
25556,10978,2,41,5,86.17,430.85
25557,10979,1,27,6,66.99,401.94
25558,10979,2,44,7,90.28,631.96
25559,10980,1,30,8,71.10,568.80
25560,10980,2,47,1,94.39,94.39
25561,10981,1,33,2,75.21,150.42
25562,10981,2,50,3,98.50,295.50
25563,10982,1,36,4,79.32,317.28
25564,10982,2,53,5,102.61,513.05
25565,10983,1,39,6,83.43,500.58
25566,10983,2,56,7,106.72,747.04
25567,10984,1,42,8,87.54,700.32
25568,10984,2,59,1,110.83,110.83
25569,10985,1,45,2,91.65,183.30
25570,10985,2,62,3,114.94,344.82
25571,10986,1,48,4,95.76,383.04
25572,10986,2,65,5,119.05,595.25
25573,10987,1,51,6,99.87,599.22
25574,10987,2,68,7,123.16,862.12
25575,10988,1,54,8,103.98,831.84
25576,10988,2,71,1,127.27,127.27
25577,10989,1,57,2,108.09,216.18
25578,10989,2,74,3,131.38,394.14
25579,10990,1,60,4,112.20,448.80
25580,10990,2,77,5,135.49,677.45
25581,10991,1,63,6,116.31,697.86
25582,10991,2,80,7,139.60,977.20
25583,10992,1,66,8,120.42,963.36
25584,10992,2,83,1,143.71,143.71
25585,10993,1,69,2,124.53,249.06
25586,10993,2,86,3,147.82,443.46
25587,10994,1,72,4,128.64,514.56
25588,10994,2,89,5,151.93,759.65
25589,10995,1,75,6,132.75,796.50
25590,10995,2,92,7,156.04,1092.28
25591,10996,1,78,8,136.86,1094.88
25592,10996,2,95,1,160.15,160.15
25593,10997,1,81,2,140.97,281.94
25594,10997,2,98,3,164.26,492.78
25595,10998,1,84,4,145.08,580.32
25596,10998,2,101,5,168.37,841.85
25597,10999,1,87,6,149.19,895.14
25598,10999,2,104,7,172.48,1207.36
25599,11000,1,90,8,153.30,1226.40
25600,11000,2,107,1,176.59,176.59
25601,11001,1,93,2,157.41,314.82
25602,11001,2,110,3,180.70,542.10
25603,11002,1,96,4,161.52,646.08
25604,11002,2,1,5,31.37,156.85
25605,11003,1,99,6,165.63,993.78
25606,11003,2,4,7,35.48,248.36
25607,11004,1,102,8,169.74,1357.92
25608,11004,2,7,1,39.59,39.59
25609,11005,1,105,2,173.85,347.70
25610,11005,2,10,3,43.70,131.10
25611,11006,1,108,4,177.96,711.84
25612,11006,2,13,5,47.81,239.05
25613,11007,1,111,6,182.07,1092.42
25614,11007,2,16,7,51.92,363.44
25615,11008,1,2,8,32.74,261.92
25616,11008,2,19,1,56.03,56.03
25617,11009,1,5,2,36.85,73.70
25618,11009,2,22,3,60.14,180.42
25619,11010,1,8,4,40.96,163.84
25620,11010,2,25,5,64.25,321.25
25621,11011,1,11,6,45.07,270.42
25622,11011,2,28,7,68.36,478.52
25623,11012,1,14,8,49.18,393.44
25624,11012,2,31,1,72.47,72.47
25625,11013,1,17,2,53.29,106.58
25626,11013,2,34,3,76.58,229.74
25627,11014,1,20,4,57.40,229.60
25628,11014,2,37,5,80.69,403.45
25629,11015,1,23,6,61.51,369.06
25630,11015,2,40,7,84.80,593.60
25631,11016,1,26,8,65.62,524.96
25632,11016,2,43,1,88.91,88.91
25633,11017,1,29,2,69.73,139.46
25634,11017,2,46,3,93.02,279.06
25635,11018,1,32,4,73.84,295.36
25636,11018,2,49,5,97.13,485.65
25637,11019,1,35,6,77.95,467.70
25638,11019,2,52,7,101.24,708.68
25639,11020,1,38,8,82.06,656.48
25640,11020,2,55,1,105.35,105.35
25641,11021,1,41,2,86.17,172.34
25642,11021,2,58,3,109.46,328.38
25643,11022,1,44,4,90.28,361.12
25644,11022,2,61,5,113.57,567.85
25645,11023,1,47,6,94.39,566.34
25646,11023,2,64,7,117.68,823.76
25647,11024,1,50,8,98.50,788.00
25648,11024,2,67,1,121.79,121.79
25649,11025,1,53,2,102.61,205.22
25650,11025,2,70,3,125.90,377.70
25651,11026,1,56,4,106.72,426.88
25652,11026,2,73,5,130.01,650.05
25653,11027,1,59,6,110.83,664.98
25654,11027,2,76,7,134.12,938.84
25655,11028,1,62,8,114.94,919.52
25656,11028,2,79,1,138.23,138.23
25657,11029,1,65,2,119.05,238.10
25658,11029,2,82,3,142.34,427.02
25659,11030,1,68,4,123.16,492.64
25660,11030,2,85,5,146.45,732.25
25661,11031,1,71,6,127.27,763.62
25662,11031,2,88,7,150.56,1053.92
25663,11032,1,74,8,131.38,1051.04
25664,11032,2,91,1,154.67,154.67
25665,11033,1,77,2,135.49,270.98
25666,11033,2,94,3,158.78,476.34
25667,11034,1,80,4,139.60,558.40
25668,11034,2,97,5,162.89,814.45
25669,11035,1,83,6,143.71,862.26
25670,11035,2,100,7,167.00,1169.00
25671,11036,1,86,8,147.82,1182.56
25672,11036,2,103,1,171.11,171.11
25673,11037,1,89,2,151.93,303.86
25674,11037,2,106,3,175.22,525.66
25675,11038,1,92,4,156.04,624.16
25676,11038,2,109,5,179.33,896.65
25677,11039,1,95,6,160.15,960.90
25678,11039,2,112,7,183.44,1284.08
25679,11040,1,98,8,164.26,1314.08
25680,11040,2,3,1,34.11,34.11
25681,11041,1,101,2,168.37,336.74
25682,11041,2,6,3,38.22,114.66
25683,11042,1,104,4,172.48,689.92
25684,11042,2,9,5,42.33,211.65
25685,11043,1,107,6,176.59,1059.54
25686,11043,2,12,7,46.44,325.08
25687,11044,1,110,8,180.70,1445.60
25688,11044,2,15,1,50.55,50.55
25689,11045,1,1,2,31.37,62.74
25690,11045,2,18,3,54.66,163.98
25691,11046,1,4,4,35.48,141.92
25692,11046,2,21,5,58.77,293.85
25693,11047,1,7,6,39.59,237.54
25694,11047,2,24,7,62.88,440.16
25695,11048,1,10,8,43.70,349.60
25696,11048,2,27,1,66.99,66.99
25697,11049,1,13,2,47.81,95.62
25698,11049,2,30,3,71.10,213.30
25699,11050,1,16,4,51.92,207.68
25700,11050,2,33,5,75.21,376.05
25701,11051,1,19,6,56.03,336.18
25702,11051,2,36,7,79.32,555.24
25703,11052,1,22,8,60.14,481.12
25704,11052,2,39,1,83.43,83.43
25705,11053,1,25,2,64.25,128.50
25706,11053,2,42,3,87.54,262.62
25707,11054,1,28,4,68.36,273.44
25708,11054,2,45,5,91.65,458.25
25709,11055,1,31,6,72.47,434.82
25710,11055,2,48,7,95.76,670.32
25711,11056,1,34,8,76.58,612.64
25712,11056,2,51,1,99.87,99.87
25713,11057,1,37,2,80.69,161.38
25714,11057,2,54,3,103.98,311.94
25715,11058,1,40,4,84.80,339.20
25716,11058,2,57,5,108.09,540.45
25717,11059,1,43,6,88.91,533.46
25718,11059,2,60,7,112.20,785.40
25719,11060,1,46,8,93.02,744.16
25720,11060,2,63,1,116.31,116.31
25721,11061,1,49,2,97.13,194.26
25722,11061,2,66,3,120.42,361.26
25723,11062,1,52,4,101.24,404.96
25724,11062,2,69,5,124.53,622.65
25725,11063,1,55,6,105.35,632.10
25726,11063,2,72,7,128.64,900.48
25727,11064,1,58,8,109.46,875.68
25728,11064,2,75,1,132.75,132.75
25729,11065,1,61,2,113.57,227.14
25730,11065,2,78,3,136.86,410.58
25731,11066,1,64,4,117.68,470.72
25732,11066,2,81,5,140.97,704.85
25733,11067,1,67,6,121.79,730.74
25734,11067,2,84,7,145.08,1015.56
25735,11068,1,70,8,125.90,1007.20
25736,11068,2,87,1,149.19,149.19
25737,11069,1,73,2,130.01,260.02
25738,11069,2,90,3,153.30,459.90
25739,11070,1,76,4,134.12,536.48
25740,11070,2,93,5,157.41,787.05
25741,11071,1,79,6,138.23,829.38
25742,11071,2,96,7,161.52,1130.64
25743,11072,1,82,8,142.34,1138.72
25744,11072,2,99,1,165.63,165.63
25745,11073,1,85,2,146.45,292.90
25746,11073,2,102,3,169.74,509.22
25747,11074,1,88,4,150.56,602.24
25748,11074,2,105,5,173.85,869.25
25749,11075,1,91,6,154.67,928.02
25750,11075,2,108,7,177.96,1245.72
25751,11076,1,94,8,158.78,1270.24
25752,11076,2,111,1,182.07,182.07
25753,11077,1,97,2,162.89,325.78
25754,11077,2,2,3,32.74,98.22
25755,11078,1,100,4,167.00,668.00
25756,11078,2,5,5,36.85,184.25
25757,11079,1,103,6,171.11,1026.66
25758,11079,2,8,7,40.96,286.72
25759,11080,1,106,8,175.22,1401.76
25760,11080,2,11,1,45.07,45.07
25761,11081,1,109,2,179.33,358.66
25762,11081,2,14,3,49.18,147.54
25763,11082,1,112,4,183.44,733.76
25764,11082,2,17,5,53.29,266.45
25765,11083,1,3,6,34.11,204.66
25766,11083,2,20,7,57.40,401.80
25767,11084,1,6,8,38.22,305.76
25768,11084,2,23,1,61.51,61.51
25769,11085,1,9,2,42.33,84.66
25770,11085,2,26,3,65.62,196.86
25771,11086,1,12,4,46.44,185.76
25772,11086,2,29,5,69.73,348.65
25773,11087,1,15,6,50.55,303.30
25774,11087,2,32,7,73.84,516.88
25775,11088,1,18,8,54.66,437.28
25776,11088,2,35,1,77.95,77.95
25777,11089,1,21,2,58.77,117.54
25778,11089,2,38,3,82.06,246.18
25779,11090,1,24,4,62.88,251.52
25780,11090,2,41,5,86.17,430.85
25781,11091,1,27,6,66.99,401.94
25782,11091,2,44,7,90.28,631.96
25783,11092,1,30,8,71.10,568.80
25784,11092,2,47,1,94.39,94.39
25785,11093,1,33,2,75.21,150.42
25786,11093,2,50,3,98.50,295.50
25787,11094,1,36,4,79.32,317.28
25788,11094,2,53,5,102.61,513.05
25789,11095,1,39,6,83.43,500.58
25790,11095,2,56,7,106.72,747.04
25791,11096,1,42,8,87.54,700.32
25792,11096,2,59,1,110.83,110.83
25793,11097,1,45,2,91.65,183.30
25794,11097,2,62,3,114.94,344.82
25795,11098,1,48,4,95.76,383.04
25796,11098,2,65,5,119.05,595.25
25797,11099,1,51,6,99.87,599.22
25798,11099,2,68,7,123.16,862.12
25799,11100,1,54,8,103.98,831.84
25800,11100,2,71,1,127.27,127.27
25801,11101,1,57,2,108.09,216.18
25802,11101,2,74,3,131.38,394.14
25803,11102,1,60,4,112.20,448.80
25804,11102,2,77,5,135.49,677.45
25805,11103,1,63,6,116.31,697.86
25806,11103,2,80,7,139.60,977.20
25807,11104,1,66,8,120.42,963.36
25808,11104,2,83,1,143.71,143.71
25809,11105,1,69,2,124.53,249.06
25810,11105,2,86,3,147.82,443.46
25811,11106,1,72,4,128.64,514.56
25812,11106,2,89,5,151.93,759.65
25813,11107,1,75,6,132.75,796.50
25814,11107,2,92,7,156.04,1092.28
25815,11108,1,78,8,136.86,1094.88
25816,11108,2,95,1,160.15,160.15
25817,11109,1,81,2,140.97,281.94
25818,11109,2,98,3,164.26,492.78
25819,11110,1,84,4,145.08,580.32
25820,11110,2,101,5,168.37,841.85
25821,11111,1,87,6,149.19,895.14
25822,11111,2,104,7,172.48,1207.36
25823,11112,1,90,8,153.30,1226.40
25824,11112,2,107,1,176.59,176.59
25825,11113,1,93,2,157.41,314.82
25826,11113,2,110,3,180.70,542.10
25827,11114,1,96,4,161.52,646.08
25828,11114,2,1,5,31.37,156.85
25829,11115,1,99,6,165.63,993.78
25830,11115,2,4,7,35.48,248.36
25831,11116,1,102,8,169.74,1357.92
25832,11116,2,7,1,39.59,39.59
25833,11117,1,105,2,173.85,347.70
25834,11117,2,10,3,43.70,131.10
25835,11118,1,108,4,177.96,711.84
25836,11118,2,13,5,47.81,239.05
25837,11119,1,111,6,182.07,1092.42
25838,11119,2,16,7,51.92,363.44
25839,11120,1,2,8,32.74,261.92
25840,11120,2,19,1,56.03,56.03
25841,11121,1,5,2,36.85,73.70
25842,11121,2,22,3,60.14,180.42
25843,11122,1,8,4,40.96,163.84
25844,11122,2,25,5,64.25,321.25
25845,11123,1,11,6,45.07,270.42
25846,11123,2,28,7,68.36,478.52
25847,11124,1,14,8,49.18,393.44
25848,11124,2,31,1,72.47,72.47
25849,11125,1,17,2,53.29,106.58
25850,11125,2,34,3,76.58,229.74
25851,11126,1,20,4,57.40,229.60
25852,11126,2,37,5,80.69,403.45
25853,11127,1,23,6,61.51,369.06
25854,11127,2,40,7,84.80,593.60
25855,11128,1,26,8,65.62,524.96
25856,11128,2,43,1,88.91,88.91
25857,11129,1,29,2,69.73,139.46
25858,11129,2,46,3,93.02,279.06
25859,11130,1,32,4,73.84,295.36
25860,11130,2,49,5,97.13,485.65
25861,11131,1,35,6,77.95,467.70
25862,11131,2,52,7,101.24,708.68
25863,11132,1,38,8,82.06,656.48
25864,11132,2,55,1,105.35,105.35
25865,11133,1,41,2,86.17,172.34
25866,11133,2,58,3,109.46,328.38
25867,11134,1,44,4,90.28,361.12
25868,11134,2,61,5,113.57,567.85
25869,11135,1,47,6,94.39,566.34
25870,11135,2,64,7,117.68,823.76
25871,11136,1,50,8,98.50,788.00
25872,11136,2,67,1,121.79,121.79
25873,11137,1,53,2,102.61,205.22
25874,11137,2,70,3,125.90,377.70
25875,11138,1,56,4,106.72,426.88
25876,11138,2,73,5,130.01,650.05
25877,11139,1,59,6,110.83,664.98
25878,11139,2,76,7,134.12,938.84
25879,11140,1,62,8,114.94,919.52
25880,11140,2,79,1,138.23,138.23
25881,11141,1,65,2,119.05,238.10
25882,11141,2,82,3,142.34,427.02
25883,11142,1,68,4,123.16,492.64
25884,11142,2,85,5,146.45,732.25
25885,11143,1,71,6,127.27,763.62
25886,11143,2,88,7,150.56,1053.92
25887,11144,1,74,8,131.38,1051.04
25888,11144,2,91,1,154.67,154.67
25889,11145,1,77,2,135.49,270.98
25890,11145,2,94,3,158.78,476.34
25891,11146,1,80,4,139.60,558.40
25892,11146,2,97,5,162.89,814.45
25893,11147,1,83,6,143.71,862.26
25894,11147,2,100,7,167.00,1169.00
25895,11148,1,86,8,147.82,1182.56
25896,11148,2,103,1,171.11,171.11
25897,11149,1,89,2,151.93,303.86
25898,11149,2,106,3,175.22,525.66
25899,11150,1,92,4,156.04,624.16
25900,11150,2,109,5,179.33,896.65
25901,11151,1,95,6,160.15,960.90
25902,11151,2,112,7,183.44,1284.08
25903,11152,1,98,8,164.26,1314.08
25904,11152,2,3,1,34.11,34.11
25905,11153,1,101,2,168.37,336.74
25906,11153,2,6,3,38.22,114.66
25907,11154,1,104,4,172.48,689.92
25908,11154,2,9,5,42.33,211.65
25909,11155,1,107,6,176.59,1059.54
25910,11155,2,12,7,46.44,325.08
25911,11156,1,110,8,180.70,1445.60
25912,11156,2,15,1,50.55,50.55
25913,11157,1,1,2,31.37,62.74
25914,11157,2,18,3,54.66,163.98
25915,11158,1,4,4,35.48,141.92
25916,11158,2,21,5,58.77,293.85
25917,11159,1,7,6,39.59,237.54
25918,11159,2,24,7,62.88,440.16
25919,11160,1,10,8,43.70,349.60
25920,11160,2,27,1,66.99,66.99
25921,11161,1,13,2,47.81,95.62
25922,11161,2,30,3,71.10,213.30
25923,11162,1,16,4,51.92,207.68
25924,11162,2,33,5,75.21,376.05
25925,11163,1,19,6,56.03,336.18
25926,11163,2,36,7,79.32,555.24
25927,11164,1,22,8,60.14,481.12
25928,11164,2,39,1,83.43,83.43
25929,11165,1,25,2,64.25,128.50
25930,11165,2,42,3,87.54,262.62
25931,11166,1,28,4,68.36,273.44
25932,11166,2,45,5,91.65,458.25
25933,11167,1,31,6,72.47,434.82
25934,11167,2,48,7,95.76,670.32
25935,11168,1,34,8,76.58,612.64
25936,11168,2,51,1,99.87,99.87
25937,11169,1,37,2,80.69,161.38
25938,11169,2,54,3,103.98,311.94
25939,11170,1,40,4,84.80,339.20
25940,11170,2,57,5,108.09,540.45
25941,11171,1,43,6,88.91,533.46
25942,11171,2,60,7,112.20,785.40
25943,11172,1,46,8,93.02,744.16
25944,11172,2,63,1,116.31,116.31
25945,11173,1,49,2,97.13,194.26
25946,11173,2,66,3,120.42,361.26
25947,11174,1,52,4,101.24,404.96
25948,11174,2,69,5,124.53,622.65
25949,11175,1,55,6,105.35,632.10
25950,11175,2,72,7,128.64,900.48
25951,11176,1,58,8,109.46,875.68
25952,11176,2,75,1,132.75,132.75
25953,11177,1,61,2,113.57,227.14
25954,11177,2,78,3,136.86,410.58
25955,11178,1,64,4,117.68,470.72
25956,11178,2,81,5,140.97,704.85
25957,11179,1,67,6,121.79,730.74
25958,11179,2,84,7,145.08,1015.56
25959,11180,1,70,8,125.90,1007.20
25960,11180,2,87,1,149.19,149.19
25961,11181,1,73,2,130.01,260.02
25962,11181,2,90,3,153.30,459.90
25963,11182,1,76,4,134.12,536.48
25964,11182,2,93,5,157.41,787.05
25965,11183,1,79,6,138.23,829.38
25966,11183,2,96,7,161.52,1130.64
25967,11184,1,82,8,142.34,1138.72
25968,11184,2,99,1,165.63,165.63
25969,11185,1,85,2,146.45,292.90
25970,11185,2,102,3,169.74,509.22
25971,11186,1,88,4,150.56,602.24
25972,11186,2,105,5,173.85,869.25
25973,11187,1,91,6,154.67,928.02
25974,11187,2,108,7,177.96,1245.72
25975,11188,1,94,8,158.78,1270.24
25976,11188,2,111,1,182.07,182.07
25977,11189,1,97,2,162.89,325.78
25978,11189,2,2,3,32.74,98.22
25979,11190,1,100,4,167.00,668.00
25980,11190,2,5,5,36.85,184.25
25981,11191,1,103,6,171.11,1026.66
25982,11191,2,8,7,40.96,286.72
25983,11192,1,106,8,175.22,1401.76
25984,11192,2,11,1,45.07,45.07
25985,11193,1,109,2,179.33,358.66
25986,11193,2,14,3,49.18,147.54
25987,11194,1,112,4,183.44,733.76
25988,11194,2,17,5,53.29,266.45
25989,11195,1,3,6,34.11,204.66
25990,11195,2,20,7,57.40,401.80
25991,11196,1,6,8,38.22,305.76
25992,11196,2,23,1,61.51,61.51
25993,11197,1,9,2,42.33,84.66
25994,11197,2,26,3,65.62,196.86
25995,11198,1,12,4,46.44,185.76
25996,11198,2,29,5,69.73,348.65
25997,11199,1,15,6,50.55,303.30
25998,11199,2,32,7,73.84,516.88
25999,11200,1,18,8,54.66,437.28
26000,11200,2,35,1,77.95,77.95
26001,11201,1,21,2,58.77,117.54
26002,11201,2,38,3,82.06,246.18
26003,11202,1,24,4,62.88,251.52
26004,11202,2,41,5,86.17,430.85
26005,11203,1,27,6,66.99,401.94
26006,11203,2,44,7,90.28,631.96
26007,11204,1,30,8,71.10,568.80
26008,11204,2,47,1,94.39,94.39
26009,11205,1,33,2,75.21,150.42
26010,11205,2,50,3,98.50,295.50
26011,11206,1,36,4,79.32,317.28
26012,11206,2,53,5,102.61,513.05
26013,11207,1,39,6,83.43,500.58
26014,11207,2,56,7,106.72,747.04
26015,11208,1,42,8,87.54,700.32
26016,11208,2,59,1,110.83,110.83
26017,11209,1,45,2,91.65,183.30
26018,11209,2,62,3,114.94,344.82
26019,11210,1,48,4,95.76,383.04
26020,11210,2,65,5,119.05,595.25
26021,11211,1,51,6,99.87,599.22
26022,11211,2,68,7,123.16,862.12
26023,11212,1,54,8,103.98,831.84
26024,11212,2,71,1,127.27,127.27
26025,11213,1,57,2,108.09,216.18
26026,11213,2,74,3,131.38,394.14
26027,11214,1,60,4,112.20,448.80
26028,11214,2,77,5,135.49,677.45
26029,11215,1,63,6,116.31,697.86
26030,11215,2,80,7,139.60,977.20
26031,11216,1,66,8,120.42,963.36
26032,11216,2,83,1,143.71,143.71
26033,11217,1,69,2,124.53,249.06
26034,11217,2,86,3,147.82,443.46
26035,11218,1,72,4,128.64,514.56
26036,11218,2,89,5,151.93,759.65
26037,11219,1,75,6,132.75,796.50
26038,11219,2,92,7,156.04,1092.28
26039,11220,1,78,8,136.86,1094.88
26040,11220,2,95,1,160.15,160.15
26041,11221,1,81,2,140.97,281.94
26042,11221,2,98,3,164.26,492.78
26043,11222,1,84,4,145.08,580.32
26044,11222,2,101,5,168.37,841.85
26045,11223,1,87,6,149.19,895.14
26046,11223,2,104,7,172.48,1207.36
26047,11224,1,90,8,153.30,1226.40
26048,11224,2,107,1,176.59,176.59
26049,11225,1,93,2,157.41,314.82
26050,11225,2,110,3,180.70,542.10
26051,11226,1,96,4,161.52,646.08
26052,11226,2,1,5,31.37,156.85
26053,11227,1,99,6,165.63,993.78
26054,11227,2,4,7,35.48,248.36
26055,11228,1,102,8,169.74,1357.92
26056,11228,2,7,1,39.59,39.59
26057,11229,1,105,2,173.85,347.70
26058,11229,2,10,3,43.70,131.10
26059,11230,1,108,4,177.96,711.84
26060,11230,2,13,5,47.81,239.05
26061,11231,1,111,6,182.07,1092.42
26062,11231,2,16,7,51.92,363.44
26063,11232,1,2,8,32.74,261.92
26064,11232,2,19,1,56.03,56.03
26065,11233,1,5,2,36.85,73.70
26066,11233,2,22,3,60.14,180.42
26067,11234,1,8,4,40.96,163.84
26068,11234,2,25,5,64.25,321.25
26069,11235,1,11,6,45.07,270.42
26070,11235,2,28,7,68.36,478.52
26071,11236,1,14,8,49.18,393.44
26072,11236,2,31,1,72.47,72.47
26073,11237,1,17,2,53.29,106.58
26074,11237,2,34,3,76.58,229.74
26075,11238,1,20,4,57.40,229.60
26076,11238,2,37,5,80.69,403.45
26077,11239,1,23,6,61.51,369.06
26078,11239,2,40,7,84.80,593.60
26079,11240,1,26,8,65.62,524.96
26080,11240,2,43,1,88.91,88.91
26081,11241,1,29,2,69.73,139.46
26082,11241,2,46,3,93.02,279.06
26083,11242,1,32,4,73.84,295.36
26084,11242,2,49,5,97.13,485.65
26085,11243,1,35,6,77.95,467.70
26086,11243,2,52,7,101.24,708.68
26087,11244,1,38,8,82.06,656.48
26088,11244,2,55,1,105.35,105.35
26089,11245,1,41,2,86.17,172.34
26090,11245,2,58,3,109.46,328.38
26091,11246,1,44,4,90.28,361.12
26092,11246,2,61,5,113.57,567.85
26093,11247,1,47,6,94.39,566.34
26094,11247,2,64,7,117.68,823.76
26095,11248,1,50,8,98.50,788.00
26096,11248,2,67,1,121.79,121.79
26097,11249,1,53,2,102.61,205.22
26098,11249,2,70,3,125.90,377.70
26099,11250,1,56,4,106.72,426.88
26100,11250,2,73,5,130.01,650.05
26101,11251,1,59,6,110.83,664.98
26102,11251,2,76,7,134.12,938.84
26103,11252,1,62,8,114.94,919.52
26104,11252,2,79,1,138.23,138.23
26105,11253,1,65,2,119.05,238.10
26106,11253,2,82,3,142.34,427.02
26107,11254,1,68,4,123.16,492.64
26108,11254,2,85,5,146.45,732.25
26109,11255,1,71,6,127.27,763.62
26110,11255,2,88,7,150.56,1053.92
26111,11256,1,74,8,131.38,1051.04
26112,11256,2,91,1,154.67,154.67
26113,11257,1,77,2,135.49,270.98
26114,11257,2,94,3,158.78,476.34
26115,11258,1,80,4,139.60,558.40
26116,11258,2,97,5,162.89,814.45
26117,11259,1,83,6,143.71,862.26
26118,11259,2,100,7,167.00,1169.00
26119,11260,1,86,8,147.82,1182.56
26120,11260,2,103,1,171.11,171.11
26121,11261,1,89,2,151.93,303.86
26122,11261,2,106,3,175.22,525.66
26123,11262,1,92,4,156.04,624.16
26124,11262,2,109,5,179.33,896.65
26125,11263,1,95,6,160.15,960.90
26126,11263,2,112,7,183.44,1284.08
26127,11264,1,98,8,164.26,1314.08
26128,11264,2,3,1,34.11,34.11
26129,11265,1,101,2,168.37,336.74
26130,11265,2,6,3,38.22,114.66
26131,11266,1,104,4,172.48,689.92
26132,11266,2,9,5,42.33,211.65
26133,11267,1,107,6,176.59,1059.54
26134,11267,2,12,7,46.44,325.08
26135,11268,1,110,8,180.70,1445.60
26136,11268,2,15,1,50.55,50.55
26137,11269,1,1,2,31.37,62.74
26138,11269,2,18,3,54.66,163.98
26139,11270,1,4,4,35.48,141.92
26140,11270,2,21,5,58.77,293.85
26141,11271,1,7,6,39.59,237.54
26142,11271,2,24,7,62.88,440.16
26143,11272,1,10,8,43.70,349.60
26144,11272,2,27,1,66.99,66.99
26145,11273,1,13,2,47.81,95.62
26146,11273,2,30,3,71.10,213.30
26147,11274,1,16,4,51.92,207.68
26148,11274,2,33,5,75.21,376.05
26149,11275,1,19,6,56.03,336.18
26150,11275,2,36,7,79.32,555.24
26151,11276,1,22,8,60.14,481.12
26152,11276,2,39,1,83.43,83.43
26153,11277,1,25,2,64.25,128.50
26154,11277,2,42,3,87.54,262.62
26155,11278,1,28,4,68.36,273.44
26156,11278,2,45,5,91.65,458.25
26157,11279,1,31,6,72.47,434.82
26158,11279,2,48,7,95.76,670.32
26159,11280,1,34,8,76.58,612.64
26160,11280,2,51,1,99.87,99.87
26161,11281,1,37,2,80.69,161.38
26162,11281,2,54,3,103.98,311.94
26163,11282,1,40,4,84.80,339.20
26164,11282,2,57,5,108.09,540.45
26165,11283,1,43,6,88.91,533.46
26166,11283,2,60,7,112.20,785.40
26167,11284,1,46,8,93.02,744.16
26168,11284,2,63,1,116.31,116.31
26169,11285,1,49,2,97.13,194.26
26170,11285,2,66,3,120.42,361.26
26171,11286,1,52,4,101.24,404.96
26172,11286,2,69,5,124.53,622.65
26173,11287,1,55,6,105.35,632.10
26174,11287,2,72,7,128.64,900.48
26175,11288,1,58,8,109.46,875.68
26176,11288,2,75,1,132.75,132.75
26177,11289,1,61,2,113.57,227.14
26178,11289,2,78,3,136.86,410.58
26179,11290,1,64,4,117.68,470.72
26180,11290,2,81,5,140.97,704.85
26181,11291,1,67,6,121.79,730.74
26182,11291,2,84,7,145.08,1015.56
26183,11292,1,70,8,125.90,1007.20
26184,11292,2,87,1,149.19,149.19
26185,11293,1,73,2,130.01,260.02
26186,11293,2,90,3,153.30,459.90
26187,11294,1,76,4,134.12,536.48
26188,11294,2,93,5,157.41,787.05
26189,11295,1,79,6,138.23,829.38
26190,11295,2,96,7,161.52,1130.64
26191,11296,1,82,8,142.34,1138.72
26192,11296,2,99,1,165.63,165.63
26193,11297,1,85,2,146.45,292.90
26194,11297,2,102,3,169.74,509.22
26195,11298,1,88,4,150.56,602.24
26196,11298,2,105,5,173.85,869.25
26197,11299,1,91,6,154.67,928.02
26198,11299,2,108,7,177.96,1245.72
26199,11300,1,94,8,158.78,1270.24
26200,11300,2,111,1,182.07,182.07
26201,11301,1,97,2,162.89,325.78
26202,11301,2,2,3,32.74,98.22
26203,11302,1,100,4,167.00,668.00
26204,11302,2,5,5,36.85,184.25
26205,11303,1,103,6,171.11,1026.66
26206,11303,2,8,7,40.96,286.72
26207,11304,1,106,8,175.22,1401.76
26208,11304,2,11,1,45.07,45.07
26209,11305,1,109,2,179.33,358.66
26210,11305,2,14,3,49.18,147.54
26211,11306,1,112,4,183.44,733.76
26212,11306,2,17,5,53.29,266.45
26213,11307,1,3,6,34.11,204.66
26214,11307,2,20,7,57.40,401.80
26215,11308,1,6,8,38.22,305.76
26216,11308,2,23,1,61.51,61.51
26217,11309,1,9,2,42.33,84.66
26218,11309,2,26,3,65.62,196.86
26219,11310,1,12,4,46.44,185.76
26220,11310,2,29,5,69.73,348.65
26221,11311,1,15,6,50.55,303.30
26222,11311,2,32,7,73.84,516.88
26223,11312,1,18,8,54.66,437.28
26224,11312,2,35,1,77.95,77.95
26225,11313,1,21,2,58.77,117.54
26226,11313,2,38,3,82.06,246.18
26227,11314,1,24,4,62.88,251.52
26228,11314,2,41,5,86.17,430.85
26229,11315,1,27,6,66.99,401.94
26230,11315,2,44,7,90.28,631.96
26231,11316,1,30,8,71.10,568.80
26232,11316,2,47,1,94.39,94.39
26233,11317,1,33,2,75.21,150.42
26234,11317,2,50,3,98.50,295.50
26235,11318,1,36,4,79.32,317.28
26236,11318,2,53,5,102.61,513.05
26237,11319,1,39,6,83.43,500.58
26238,11319,2,56,7,106.72,747.04
26239,11320,1,42,8,87.54,700.32
26240,11320,2,59,1,110.83,110.83
26241,11321,1,45,2,91.65,183.30
26242,11321,2,62,3,114.94,344.82
26243,11322,1,48,4,95.76,383.04
26244,11322,2,65,5,119.05,595.25
26245,11323,1,51,6,99.87,599.22
26246,11323,2,68,7,123.16,862.12
26247,11324,1,54,8,103.98,831.84
26248,11324,2,71,1,127.27,127.27
26249,11325,1,57,2,108.09,216.18
26250,11325,2,74,3,131.38,394.14
26251,11326,1,60,4,112.20,448.80
26252,11326,2,77,5,135.49,677.45
26253,11327,1,63,6,116.31,697.86
26254,11327,2,80,7,139.60,977.20
26255,11328,1,66,8,120.42,963.36
26256,11328,2,83,1,143.71,143.71
26257,11329,1,69,2,124.53,249.06
26258,11329,2,86,3,147.82,443.46
26259,11330,1,72,4,128.64,514.56
26260,11330,2,89,5,151.93,759.65
26261,11331,1,75,6,132.75,796.50
26262,11331,2,92,7,156.04,1092.28
26263,11332,1,78,8,136.86,1094.88
26264,11332,2,95,1,160.15,160.15
26265,11333,1,81,2,140.97,281.94
26266,11333,2,98,3,164.26,492.78
26267,11334,1,84,4,145.08,580.32
26268,11334,2,101,5,168.37,841.85
26269,11335,1,87,6,149.19,895.14
26270,11335,2,104,7,172.48,1207.36
26271,11336,1,90,8,153.30,1226.40
26272,11336,2,107,1,176.59,176.59
26273,11337,1,93,2,157.41,314.82
26274,11337,2,110,3,180.70,542.10
26275,11338,1,96,4,161.52,646.08
26276,11338,2,1,5,31.37,156.85
26277,11339,1,99,6,165.63,993.78
26278,11339,2,4,7,35.48,248.36
26279,11340,1,102,8,169.74,1357.92
26280,11340,2,7,1,39.59,39.59
26281,11341,1,105,2,173.85,347.70
26282,11341,2,10,3,43.70,131.10
26283,11342,1,108,4,177.96,711.84
26284,11342,2,13,5,47.81,239.05
26285,11343,1,111,6,182.07,1092.42
26286,11343,2,16,7,51.92,363.44
26287,11344,1,2,8,32.74,261.92
26288,11344,2,19,1,56.03,56.03
26289,11345,1,5,2,36.85,73.70
26290,11345,2,22,3,60.14,180.42
26291,11346,1,8,4,40.96,163.84
26292,11346,2,25,5,64.25,321.25
26293,11347,1,11,6,45.07,270.42
26294,11347,2,28,7,68.36,478.52
26295,11348,1,14,8,49.18,393.44
26296,11348,2,31,1,72.47,72.47
26297,11349,1,17,2,53.29,106.58
26298,11349,2,34,3,76.58,229.74
26299,11350,1,20,4,57.40,229.60
26300,11350,2,37,5,80.69,403.45
26301,11351,1,23,6,61.51,369.06
26302,11351,2,40,7,84.80,593.60
26303,11352,1,26,8,65.62,524.96
26304,11352,2,43,1,88.91,88.91
26305,11353,1,29,2,69.73,139.46
26306,11353,2,46,3,93.02,279.06
26307,11354,1,32,4,73.84,295.36
26308,11354,2,49,5,97.13,485.65
26309,11355,1,35,6,77.95,467.70
26310,11355,2,52,7,101.24,708.68
26311,11356,1,38,8,82.06,656.48
26312,11356,2,55,1,105.35,105.35
26313,11357,1,41,2,86.17,172.34
26314,11357,2,58,3,109.46,328.38
26315,11358,1,44,4,90.28,361.12
26316,11358,2,61,5,113.57,567.85
26317,11359,1,47,6,94.39,566.34
26318,11359,2,64,7,117.68,823.76
26319,11360,1,50,8,98.50,788.00
26320,11360,2,67,1,121.79,121.79
26321,11361,1,53,2,102.61,205.22
26322,11361,2,70,3,125.90,377.70
26323,11362,1,56,4,106.72,426.88
26324,11362,2,73,5,130.01,650.05
26325,11363,1,59,6,110.83,664.98
26326,11363,2,76,7,134.12,938.84
26327,11364,1,62,8,114.94,919.52
26328,11364,2,79,1,138.23,138.23
26329,11365,1,65,2,119.05,238.10
26330,11365,2,82,3,142.34,427.02
26331,11366,1,68,4,123.16,492.64
26332,11366,2,85,5,146.45,732.25
26333,11367,1,71,6,127.27,763.62
26334,11367,2,88,7,150.56,1053.92
26335,11368,1,74,8,131.38,1051.04
26336,11368,2,91,1,154.67,154.67
26337,11369,1,77,2,135.49,270.98
26338,11369,2,94,3,158.78,476.34
26339,11370,1,80,4,139.60,558.40
26340,11370,2,97,5,162.89,814.45
26341,11371,1,83,6,143.71,862.26
26342,11371,2,100,7,167.00,1169.00
26343,11372,1,86,8,147.82,1182.56
26344,11372,2,103,1,171.11,171.11
26345,11373,1,89,2,151.93,303.86
26346,11373,2,106,3,175.22,525.66
26347,11374,1,92,4,156.04,624.16
26348,11374,2,109,5,179.33,896.65
26349,11375,1,95,6,160.15,960.90
26350,11375,2,112,7,183.44,1284.08
26351,11376,1,98,8,164.26,1314.08
26352,11376,2,3,1,34.11,34.11
26353,11377,1,101,2,168.37,336.74
26354,11377,2,6,3,38.22,114.66
26355,11378,1,104,4,172.48,689.92
26356,11378,2,9,5,42.33,211.65
26357,11379,1,107,6,176.59,1059.54
26358,11379,2,12,7,46.44,325.08
26359,11380,1,110,8,180.70,1445.60
26360,11380,2,15,1,50.55,50.55
26361,11381,1,1,2,31.37,62.74
26362,11381,2,18,3,54.66,163.98
26363,11382,1,4,4,35.48,141.92
26364,11382,2,21,5,58.77,293.85
26365,11383,1,7,6,39.59,237.54
26366,11383,2,24,7,62.88,440.16
26367,11384,1,10,8,43.70,349.60
26368,11384,2,27,1,66.99,66.99
26369,11385,1,13,2,47.81,95.62
26370,11385,2,30,3,71.10,213.30
26371,11386,1,16,4,51.92,207.68
26372,11386,2,33,5,75.21,376.05
26373,11387,1,19,6,56.03,336.18
26374,11387,2,36,7,79.32,555.24
26375,11388,1,22,8,60.14,481.12
26376,11388,2,39,1,83.43,83.43
26377,11389,1,25,2,64.25,128.50
26378,11389,2,42,3,87.54,262.62
26379,11390,1,28,4,68.36,273.44
26380,11390,2,45,5,91.65,458.25
26381,11391,1,31,6,72.47,434.82
26382,11391,2,48,7,95.76,670.32
26383,11392,1,34,8,76.58,612.64
26384,11392,2,51,1,99.87,99.87
26385,11393,1,37,2,80.69,161.38
26386,11393,2,54,3,103.98,311.94
26387,11394,1,40,4,84.80,339.20
26388,11394,2,57,5,108.09,540.45
26389,11395,1,43,6,88.91,533.46
26390,11395,2,60,7,112.20,785.40
26391,11396,1,46,8,93.02,744.16
26392,11396,2,63,1,116.31,116.31
26393,11397,1,49,2,97.13,194.26
26394,11397,2,66,3,120.42,361.26
26395,11398,1,52,4,101.24,404.96
26396,11398,2,69,5,124.53,622.65
26397,11399,1,55,6,105.35,632.10
26398,11399,2,72,7,128.64,900.48
26399,11400,1,58,8,109.46,875.68
26400,11400,2,75,1,132.75,132.75
26401,11401,1,61,2,113.57,227.14
26402,11401,2,78,3,136.86,410.58
26403,11402,1,64,4,117.68,470.72
26404,11402,2,81,5,140.97,704.85
26405,11403,1,67,6,121.79,730.74
26406,11403,2,84,7,145.08,1015.56
26407,11404,1,70,8,125.90,1007.20
26408,11404,2,87,1,149.19,149.19
26409,11405,1,73,2,130.01,260.02
26410,11405,2,90,3,153.30,459.90
26411,11406,1,76,4,134.12,536.48
26412,11406,2,93,5,157.41,787.05
26413,11407,1,79,6,138.23,829.38
26414,11407,2,96,7,161.52,1130.64
26415,11408,1,82,8,142.34,1138.72
26416,11408,2,99,1,165.63,165.63
26417,11409,1,85,2,146.45,292.90
26418,11409,2,102,3,169.74,509.22
26419,11410,1,88,4,150.56,602.24
26420,11410,2,105,5,173.85,869.25
26421,11411,1,91,6,154.67,928.02
26422,11411,2,108,7,177.96,1245.72
26423,11412,1,94,8,158.78,1270.24
26424,11412,2,111,1,182.07,182.07
26425,11413,1,97,2,162.89,325.78
26426,11413,2,2,3,32.74,98.22
26427,11414,1,100,4,167.00,668.00
26428,11414,2,5,5,36.85,184.25
26429,11415,1,103,6,171.11,1026.66
26430,11415,2,8,7,40.96,286.72
26431,11416,1,106,8,175.22,1401.76
26432,11416,2,11,1,45.07,45.07
26433,11417,1,109,2,179.33,358.66
26434,11417,2,14,3,49.18,147.54
26435,11418,1,112,4,183.44,733.76
26436,11418,2,17,5,53.29,266.45
26437,11419,1,3,6,34.11,204.66
26438,11419,2,20,7,57.40,401.80
26439,11420,1,6,8,38.22,305.76
26440,11420,2,23,1,61.51,61.51
26441,11421,1,9,2,42.33,84.66
26442,11421,2,26,3,65.62,196.86
26443,11422,1,12,4,46.44,185.76
26444,11422,2,29,5,69.73,348.65
26445,11423,1,15,6,50.55,303.30
26446,11423,2,32,7,73.84,516.88
26447,11424,1,18,8,54.66,437.28
26448,11424,2,35,1,77.95,77.95
26449,11425,1,21,2,58.77,117.54
26450,11425,2,38,3,82.06,246.18
26451,11426,1,24,4,62.88,251.52
26452,11426,2,41,5,86.17,430.85
26453,11427,1,27,6,66.99,401.94
26454,11427,2,44,7,90.28,631.96
26455,11428,1,30,8,71.10,568.80
26456,11428,2,47,1,94.39,94.39
26457,11429,1,33,2,75.21,150.42
26458,11429,2,50,3,98.50,295.50
26459,11430,1,36,4,79.32,317.28
26460,11430,2,53,5,102.61,513.05
26461,11431,1,39,6,83.43,500.58
26462,11431,2,56,7,106.72,747.04
26463,11432,1,42,8,87.54,700.32
26464,11432,2,59,1,110.83,110.83
26465,11433,1,45,2,91.65,183.30
26466,11433,2,62,3,114.94,344.82
26467,11434,1,48,4,95.76,383.04
26468,11434,2,65,5,119.05,595.25
26469,11435,1,51,6,99.87,599.22
26470,11435,2,68,7,123.16,862.12
26471,11436,1,54,8,103.98,831.84
26472,11436,2,71,1,127.27,127.27
26473,11437,1,57,2,108.09,216.18
26474,11437,2,74,3,131.38,394.14
26475,11438,1,60,4,112.20,448.80
26476,11438,2,77,5,135.49,677.45
26477,11439,1,63,6,116.31,697.86
26478,11439,2,80,7,139.60,977.20
26479,11440,1,66,8,120.42,963.36
26480,11440,2,83,1,143.71,143.71
26481,11441,1,69,2,124.53,249.06
26482,11441,2,86,3,147.82,443.46
26483,11442,1,72,4,128.64,514.56
26484,11442,2,89,5,151.93,759.65
26485,11443,1,75,6,132.75,796.50
26486,11443,2,92,7,156.04,1092.28
26487,11444,1,78,8,136.86,1094.88
26488,11444,2,95,1,160.15,160.15
26489,11445,1,81,2,140.97,281.94
26490,11445,2,98,3,164.26,492.78
26491,11446,1,84,4,145.08,580.32
26492,11446,2,101,5,168.37,841.85
26493,11447,1,87,6,149.19,895.14
26494,11447,2,104,7,172.48,1207.36
26495,11448,1,90,8,153.30,1226.40
26496,11448,2,107,1,176.59,176.59
26497,11449,1,93,2,157.41,314.82
26498,11449,2,110,3,180.70,542.10
26499,11450,1,96,4,161.52,646.08
26500,11450,2,1,5,31.37,156.85
26501,11451,1,99,6,165.63,993.78
26502,11451,2,4,7,35.48,248.36
26503,11452,1,102,8,169.74,1357.92
26504,11452,2,7,1,39.59,39.59
26505,11453,1,105,2,173.85,347.70
26506,11453,2,10,3,43.70,131.10
26507,11454,1,108,4,177.96,711.84
26508,11454,2,13,5,47.81,239.05
26509,11455,1,111,6,182.07,1092.42
26510,11455,2,16,7,51.92,363.44
26511,11456,1,2,8,32.74,261.92
26512,11456,2,19,1,56.03,56.03
26513,11457,1,5,2,36.85,73.70
26514,11457,2,22,3,60.14,180.42
26515,11458,1,8,4,40.96,163.84
26516,11458,2,25,5,64.25,321.25
26517,11459,1,11,6,45.07,270.42
26518,11459,2,28,7,68.36,478.52
26519,11460,1,14,8,49.18,393.44
26520,11460,2,31,1,72.47,72.47
26521,11461,1,17,2,53.29,106.58
26522,11461,2,34,3,76.58,229.74
26523,11462,1,20,4,57.40,229.60
26524,11462,2,37,5,80.69,403.45
26525,11463,1,23,6,61.51,369.06
26526,11463,2,40,7,84.80,593.60
26527,11464,1,26,8,65.62,524.96
26528,11464,2,43,1,88.91,88.91
26529,11465,1,29,2,69.73,139.46
26530,11465,2,46,3,93.02,279.06
26531,11466,1,32,4,73.84,295.36
26532,11466,2,49,5,97.13,485.65
26533,11467,1,35,6,77.95,467.70
26534,11467,2,52,7,101.24,708.68
26535,11468,1,38,8,82.06,656.48
26536,11468,2,55,1,105.35,105.35
26537,11469,1,41,2,86.17,172.34
26538,11469,2,58,3,109.46,328.38
26539,11470,1,44,4,90.28,361.12
26540,11470,2,61,5,113.57,567.85
26541,11471,1,47,6,94.39,566.34
26542,11471,2,64,7,117.68,823.76
26543,11472,1,50,8,98.50,788.00
26544,11472,2,67,1,121.79,121.79
26545,11473,1,53,2,102.61,205.22
26546,11473,2,70,3,125.90,377.70
26547,11474,1,56,4,106.72,426.88
26548,11474,2,73,5,130.01,650.05
26549,11475,1,59,6,110.83,664.98
26550,11475,2,76,7,134.12,938.84
26551,11476,1,62,8,114.94,919.52
26552,11476,2,79,1,138.23,138.23
26553,11477,1,65,2,119.05,238.10
26554,11477,2,82,3,142.34,427.02
26555,11478,1,68,4,123.16,492.64
26556,11478,2,85,5,146.45,732.25
26557,11479,1,71,6,127.27,763.62
26558,11479,2,88,7,150.56,1053.92
26559,11480,1,74,8,131.38,1051.04
26560,11480,2,91,1,154.67,154.67
26561,11481,1,77,2,135.49,270.98
26562,11481,2,94,3,158.78,476.34
26563,11482,1,80,4,139.60,558.40
26564,11482,2,97,5,162.89,814.45
26565,11483,1,83,6,143.71,862.26
26566,11483,2,100,7,167.00,1169.00
26567,11484,1,86,8,147.82,1182.56
26568,11484,2,103,1,171.11,171.11
26569,11485,1,89,2,151.93,303.86
26570,11485,2,106,3,175.22,525.66
26571,11486,1,92,4,156.04,624.16
26572,11486,2,109,5,179.33,896.65
26573,11487,1,95,6,160.15,960.90
26574,11487,2,112,7,183.44,1284.08
26575,11488,1,98,8,164.26,1314.08
26576,11488,2,3,1,34.11,34.11
26577,11489,1,101,2,168.37,336.74
26578,11489,2,6,3,38.22,114.66
26579,11490,1,104,4,172.48,689.92
26580,11490,2,9,5,42.33,211.65
26581,11491,1,107,6,176.59,1059.54
26582,11491,2,12,7,46.44,325.08
26583,11492,1,110,8,180.70,1445.60
26584,11492,2,15,1,50.55,50.55
26585,11493,1,1,2,31.37,62.74
26586,11493,2,18,3,54.66,163.98
26587,11494,1,4,4,35.48,141.92
26588,11494,2,21,5,58.77,293.85
26589,11495,1,7,6,39.59,237.54
26590,11495,2,24,7,62.88,440.16
26591,11496,1,10,8,43.70,349.60
26592,11496,2,27,1,66.99,66.99
26593,11497,1,13,2,47.81,95.62
26594,11497,2,30,3,71.10,213.30
26595,11498,1,16,4,51.92,207.68
26596,11498,2,33,5,75.21,376.05
26597,11499,1,19,6,56.03,336.18
26598,11499,2,36,7,79.32,555.24
26599,11500,1,22,8,60.14,481.12
26600,11500,2,39,1,83.43,83.43
26601,11501,1,25,2,64.25,128.50
26602,11501,2,42,3,87.54,262.62
26603,11502,1,28,4,68.36,273.44
26604,11502,2,45,5,91.65,458.25
26605,11503,1,31,6,72.47,434.82
26606,11503,2,48,7,95.76,670.32
26607,11504,1,34,8,76.58,612.64
26608,11504,2,51,1,99.87,99.87
26609,11505,1,37,2,80.69,161.38
26610,11505,2,54,3,103.98,311.94
26611,11506,1,40,4,84.80,339.20
26612,11506,2,57,5,108.09,540.45
26613,11507,1,43,6,88.91,533.46
26614,11507,2,60,7,112.20,785.40
26615,11508,1,46,8,93.02,744.16
26616,11508,2,63,1,116.31,116.31
26617,11509,1,49,2,97.13,194.26
26618,11509,2,66,3,120.42,361.26
26619,11510,1,52,4,101.24,404.96
26620,11510,2,69,5,124.53,622.65
26621,11511,1,55,6,105.35,632.10
26622,11511,2,72,7,128.64,900.48
26623,11512,1,58,8,109.46,875.68
26624,11512,2,75,1,132.75,132.75
26625,11513,1,61,2,113.57,227.14
26626,11513,2,78,3,136.86,410.58
26627,11514,1,64,4,117.68,470.72
26628,11514,2,81,5,140.97,704.85
26629,11515,1,67,6,121.79,730.74
26630,11515,2,84,7,145.08,1015.56
26631,11516,1,70,8,125.90,1007.20
26632,11516,2,87,1,149.19,149.19
26633,11517,1,73,2,130.01,260.02
26634,11517,2,90,3,153.30,459.90
26635,11518,1,76,4,134.12,536.48
26636,11518,2,93,5,157.41,787.05
26637,11519,1,79,6,138.23,829.38
26638,11519,2,96,7,161.52,1130.64
26639,11520,1,82,8,142.34,1138.72
26640,11520,2,99,1,165.63,165.63
26641,11521,1,85,2,146.45,292.90
26642,11521,2,102,3,169.74,509.22
26643,11522,1,88,4,150.56,602.24
26644,11522,2,105,5,173.85,869.25
26645,11523,1,91,6,154.67,928.02
26646,11523,2,108,7,177.96,1245.72
26647,11524,1,94,8,158.78,1270.24
26648,11524,2,111,1,182.07,182.07
26649,11525,1,97,2,162.89,325.78
26650,11525,2,2,3,32.74,98.22
26651,11526,1,100,4,167.00,668.00
26652,11526,2,5,5,36.85,184.25
26653,11527,1,103,6,171.11,1026.66
26654,11527,2,8,7,40.96,286.72
26655,11528,1,106,8,175.22,1401.76
26656,11528,2,11,1,45.07,45.07
26657,11529,1,109,2,179.33,358.66
26658,11529,2,14,3,49.18,147.54
26659,11530,1,112,4,183.44,733.76
26660,11530,2,17,5,53.29,266.45
26661,11531,1,3,6,34.11,204.66
26662,11531,2,20,7,57.40,401.80
26663,11532,1,6,8,38.22,305.76
26664,11532,2,23,1,61.51,61.51
26665,11533,1,9,2,42.33,84.66
26666,11533,2,26,3,65.62,196.86
26667,11534,1,12,4,46.44,185.76
26668,11534,2,29,5,69.73,348.65
26669,11535,1,15,6,50.55,303.30
26670,11535,2,32,7,73.84,516.88
26671,11536,1,18,8,54.66,437.28
26672,11536,2,35,1,77.95,77.95
26673,11537,1,21,2,58.77,117.54
26674,11537,2,38,3,82.06,246.18
26675,11538,1,24,4,62.88,251.52
26676,11538,2,41,5,86.17,430.85
26677,11539,1,27,6,66.99,401.94
26678,11539,2,44,7,90.28,631.96
26679,11540,1,30,8,71.10,568.80
26680,11540,2,47,1,94.39,94.39
26681,11541,1,33,2,75.21,150.42
26682,11541,2,50,3,98.50,295.50
26683,11542,1,36,4,79.32,317.28
26684,11542,2,53,5,102.61,513.05
26685,11543,1,39,6,83.43,500.58
26686,11543,2,56,7,106.72,747.04
26687,11544,1,42,8,87.54,700.32
26688,11544,2,59,1,110.83,110.83
26689,11545,1,45,2,91.65,183.30
26690,11545,2,62,3,114.94,344.82
26691,11546,1,48,4,95.76,383.04
26692,11546,2,65,5,119.05,595.25
26693,11547,1,51,6,99.87,599.22
26694,11547,2,68,7,123.16,862.12
26695,11548,1,54,8,103.98,831.84
26696,11548,2,71,1,127.27,127.27
26697,11549,1,57,2,108.09,216.18
26698,11549,2,74,3,131.38,394.14
26699,11550,1,60,4,112.20,448.80
26700,11550,2,77,5,135.49,677.45
26701,11551,1,63,6,116.31,697.86
26702,11551,2,80,7,139.60,977.20
26703,11552,1,66,8,120.42,963.36
26704,11552,2,83,1,143.71,143.71
26705,11553,1,69,2,124.53,249.06
26706,11553,2,86,3,147.82,443.46
26707,11554,1,72,4,128.64,514.56
26708,11554,2,89,5,151.93,759.65
26709,11555,1,75,6,132.75,796.50
26710,11555,2,92,7,156.04,1092.28
26711,11556,1,78,8,136.86,1094.88
26712,11556,2,95,1,160.15,160.15
26713,11557,1,81,2,140.97,281.94
26714,11557,2,98,3,164.26,492.78
26715,11558,1,84,4,145.08,580.32
26716,11558,2,101,5,168.37,841.85
26717,11559,1,87,6,149.19,895.14
26718,11559,2,104,7,172.48,1207.36
26719,11560,1,90,8,153.30,1226.40
26720,11560,2,107,1,176.59,176.59
26721,11561,1,93,2,157.41,314.82
26722,11561,2,110,3,180.70,542.10
26723,11562,1,96,4,161.52,646.08
26724,11562,2,1,5,31.37,156.85
26725,11563,1,99,6,165.63,993.78
26726,11563,2,4,7,35.48,248.36
26727,11564,1,102,8,169.74,1357.92
26728,11564,2,7,1,39.59,39.59
26729,11565,1,105,2,173.85,347.70
26730,11565,2,10,3,43.70,131.10
26731,11566,1,108,4,177.96,711.84
26732,11566,2,13,5,47.81,239.05
26733,11567,1,111,6,182.07,1092.42
26734,11567,2,16,7,51.92,363.44
26735,11568,1,2,8,32.74,261.92
26736,11568,2,19,1,56.03,56.03
26737,11569,1,5,2,36.85,73.70
26738,11569,2,22,3,60.14,180.42
26739,11570,1,8,4,40.96,163.84
26740,11570,2,25,5,64.25,321.25
26741,11571,1,11,6,45.07,270.42
26742,11571,2,28,7,68.36,478.52
26743,11572,1,14,8,49.18,393.44
26744,11572,2,31,1,72.47,72.47
26745,11573,1,17,2,53.29,106.58
26746,11573,2,34,3,76.58,229.74
26747,11574,1,20,4,57.40,229.60
26748,11574,2,37,5,80.69,403.45
26749,11575,1,23,6,61.51,369.06
26750,11575,2,40,7,84.80,593.60
26751,11576,1,26,8,65.62,524.96
26752,11576,2,43,1,88.91,88.91
26753,11577,1,29,2,69.73,139.46
26754,11577,2,46,3,93.02,279.06
26755,11578,1,32,4,73.84,295.36
26756,11578,2,49,5,97.13,485.65
26757,11579,1,35,6,77.95,467.70
26758,11579,2,52,7,101.24,708.68
26759,11580,1,38,8,82.06,656.48
26760,11580,2,55,1,105.35,105.35
26761,11581,1,41,2,86.17,172.34
26762,11581,2,58,3,109.46,328.38
26763,11582,1,44,4,90.28,361.12
26764,11582,2,61,5,113.57,567.85
26765,11583,1,47,6,94.39,566.34
26766,11583,2,64,7,117.68,823.76
26767,11584,1,50,8,98.50,788.00
26768,11584,2,67,1,121.79,121.79
26769,11585,1,53,2,102.61,205.22
26770,11585,2,70,3,125.90,377.70
26771,11586,1,56,4,106.72,426.88
26772,11586,2,73,5,130.01,650.05
26773,11587,1,59,6,110.83,664.98
26774,11587,2,76,7,134.12,938.84
26775,11588,1,62,8,114.94,919.52
26776,11588,2,79,1,138.23,138.23
26777,11589,1,65,2,119.05,238.10
26778,11589,2,82,3,142.34,427.02
26779,11590,1,68,4,123.16,492.64
26780,11590,2,85,5,146.45,732.25
26781,11591,1,71,6,127.27,763.62
26782,11591,2,88,7,150.56,1053.92
26783,11592,1,74,8,131.38,1051.04
26784,11592,2,91,1,154.67,154.67
26785,11593,1,77,2,135.49,270.98
26786,11593,2,94,3,158.78,476.34
26787,11594,1,80,4,139.60,558.40
26788,11594,2,97,5,162.89,814.45
26789,11595,1,83,6,143.71,862.26
26790,11595,2,100,7,167.00,1169.00
26791,11596,1,86,8,147.82,1182.56
26792,11596,2,103,1,171.11,171.11
26793,11597,1,89,2,151.93,303.86
26794,11597,2,106,3,175.22,525.66
26795,11598,1,92,4,156.04,624.16
26796,11598,2,109,5,179.33,896.65
26797,11599,1,95,6,160.15,960.90
26798,11599,2,112,7,183.44,1284.08
26799,11600,1,98,8,164.26,1314.08
26800,11600,2,3,1,34.11,34.11
26801,11601,1,101,2,168.37,336.74
26802,11601,2,6,3,38.22,114.66
26803,11602,1,104,4,172.48,689.92
26804,11602,2,9,5,42.33,211.65
26805,11603,1,107,6,176.59,1059.54
26806,11603,2,12,7,46.44,325.08
26807,11604,1,110,8,180.70,1445.60
26808,11604,2,15,1,50.55,50.55
26809,11605,1,1,2,31.37,62.74
26810,11605,2,18,3,54.66,163.98
26811,11606,1,4,4,35.48,141.92
26812,11606,2,21,5,58.77,293.85
26813,11607,1,7,6,39.59,237.54
26814,11607,2,24,7,62.88,440.16
26815,11608,1,10,8,43.70,349.60
26816,11608,2,27,1,66.99,66.99
26817,11609,1,13,2,47.81,95.62
26818,11609,2,30,3,71.10,213.30
26819,11610,1,16,4,51.92,207.68
26820,11610,2,33,5,75.21,376.05
26821,11611,1,19,6,56.03,336.18
26822,11611,2,36,7,79.32,555.24
26823,11612,1,22,8,60.14,481.12
26824,11612,2,39,1,83.43,83.43
26825,11613,1,25,2,64.25,128.50
26826,11613,2,42,3,87.54,262.62
26827,11614,1,28,4,68.36,273.44
26828,11614,2,45,5,91.65,458.25
26829,11615,1,31,6,72.47,434.82
26830,11615,2,48,7,95.76,670.32
26831,11616,1,34,8,76.58,612.64
26832,11616,2,51,1,99.87,99.87
26833,11617,1,37,2,80.69,161.38
26834,11617,2,54,3,103.98,311.94
26835,11618,1,40,4,84.80,339.20
26836,11618,2,57,5,108.09,540.45
26837,11619,1,43,6,88.91,533.46
26838,11619,2,60,7,112.20,785.40
26839,11620,1,46,8,93.02,744.16
26840,11620,2,63,1,116.31,116.31
26841,11621,1,49,2,97.13,194.26
26842,11621,2,66,3,120.42,361.26
26843,11622,1,52,4,101.24,404.96
26844,11622,2,69,5,124.53,622.65
26845,11623,1,55,6,105.35,632.10
26846,11623,2,72,7,128.64,900.48
26847,11624,1,58,8,109.46,875.68
26848,11624,2,75,1,132.75,132.75
26849,11625,1,61,2,113.57,227.14
26850,11625,2,78,3,136.86,410.58
26851,11626,1,64,4,117.68,470.72
26852,11626,2,81,5,140.97,704.85
26853,11627,1,67,6,121.79,730.74
26854,11627,2,84,7,145.08,1015.56
26855,11628,1,70,8,125.90,1007.20
26856,11628,2,87,1,149.19,149.19
26857,11629,1,73,2,130.01,260.02
26858,11629,2,90,3,153.30,459.90
26859,11630,1,76,4,134.12,536.48
26860,11630,2,93,5,157.41,787.05
26861,11631,1,79,6,138.23,829.38
26862,11631,2,96,7,161.52,1130.64
26863,11632,1,82,8,142.34,1138.72
26864,11632,2,99,1,165.63,165.63
26865,11633,1,85,2,146.45,292.90
26866,11633,2,102,3,169.74,509.22
26867,11634,1,88,4,150.56,602.24
26868,11634,2,105,5,173.85,869.25
26869,11635,1,91,6,154.67,928.02
26870,11635,2,108,7,177.96,1245.72
26871,11636,1,94,8,158.78,1270.24
26872,11636,2,111,1,182.07,182.07
26873,11637,1,97,2,162.89,325.78
26874,11637,2,2,3,32.74,98.22
26875,11638,1,100,4,167.00,668.00
26876,11638,2,5,5,36.85,184.25
26877,11639,1,103,6,171.11,1026.66
26878,11639,2,8,7,40.96,286.72
26879,11640,1,106,8,175.22,1401.76
26880,11640,2,11,1,45.07,45.07
26881,11641,1,109,2,179.33,358.66
26882,11641,2,14,3,49.18,147.54
26883,11642,1,112,4,183.44,733.76
26884,11642,2,17,5,53.29,266.45
26885,11643,1,3,6,34.11,204.66
26886,11643,2,20,7,57.40,401.80
26887,11644,1,6,8,38.22,305.76
26888,11644,2,23,1,61.51,61.51
26889,11645,1,9,2,42.33,84.66
26890,11645,2,26,3,65.62,196.86
26891,11646,1,12,4,46.44,185.76
26892,11646,2,29,5,69.73,348.65
26893,11647,1,15,6,50.55,303.30
26894,11647,2,32,7,73.84,516.88
26895,11648,1,18,8,54.66,437.28
26896,11648,2,35,1,77.95,77.95
26897,11649,1,21,2,58.77,117.54
26898,11649,2,38,3,82.06,246.18
26899,11650,1,24,4,62.88,251.52
26900,11650,2,41,5,86.17,430.85
26901,11651,1,27,6,66.99,401.94
26902,11651,2,44,7,90.28,631.96
26903,11652,1,30,8,71.10,568.80
26904,11652,2,47,1,94.39,94.39
26905,11653,1,33,2,75.21,150.42
26906,11653,2,50,3,98.50,295.50
26907,11654,1,36,4,79.32,317.28
26908,11654,2,53,5,102.61,513.05
26909,11655,1,39,6,83.43,500.58
26910,11655,2,56,7,106.72,747.04
26911,11656,1,42,8,87.54,700.32
26912,11656,2,59,1,110.83,110.83
26913,11657,1,45,2,91.65,183.30
26914,11657,2,62,3,114.94,344.82
26915,11658,1,48,4,95.76,383.04
26916,11658,2,65,5,119.05,595.25
26917,11659,1,51,6,99.87,599.22
26918,11659,2,68,7,123.16,862.12
26919,11660,1,54,8,103.98,831.84
26920,11660,2,71,1,127.27,127.27
26921,11661,1,57,2,108.09,216.18
26922,11661,2,74,3,131.38,394.14
26923,11662,1,60,4,112.20,448.80
26924,11662,2,77,5,135.49,677.45
26925,11663,1,63,6,116.31,697.86
26926,11663,2,80,7,139.60,977.20
26927,11664,1,66,8,120.42,963.36
26928,11664,2,83,1,143.71,143.71
26929,11665,1,69,2,124.53,249.06
26930,11665,2,86,3,147.82,443.46
26931,11666,1,72,4,128.64,514.56
26932,11666,2,89,5,151.93,759.65
26933,11667,1,75,6,132.75,796.50
26934,11667,2,92,7,156.04,1092.28
26935,11668,1,78,8,136.86,1094.88
26936,11668,2,95,1,160.15,160.15
26937,11669,1,81,2,140.97,281.94
26938,11669,2,98,3,164.26,492.78
26939,11670,1,84,4,145.08,580.32
26940,11670,2,101,5,168.37,841.85
26941,11671,1,87,6,149.19,895.14
26942,11671,2,104,7,172.48,1207.36
26943,11672,1,90,8,153.30,1226.40
26944,11672,2,107,1,176.59,176.59
26945,11673,1,93,2,157.41,314.82
26946,11673,2,110,3,180.70,542.10
26947,11674,1,96,4,161.52,646.08
26948,11674,2,1,5,31.37,156.85
26949,11675,1,99,6,165.63,993.78
26950,11675,2,4,7,35.48,248.36
26951,11676,1,102,8,169.74,1357.92
26952,11676,2,7,1,39.59,39.59
26953,11677,1,105,2,173.85,347.70
26954,11677,2,10,3,43.70,131.10
26955,11678,1,108,4,177.96,711.84
26956,11678,2,13,5,47.81,239.05
26957,11679,1,111,6,182.07,1092.42
26958,11679,2,16,7,51.92,363.44
26959,11680,1,2,8,32.74,261.92
26960,11680,2,19,1,56.03,56.03
26961,11681,1,5,2,36.85,73.70
26962,11681,2,22,3,60.14,180.42
26963,11682,1,8,4,40.96,163.84
26964,11682,2,25,5,64.25,321.25
26965,11683,1,11,6,45.07,270.42
26966,11683,2,28,7,68.36,478.52
26967,11684,1,14,8,49.18,393.44
26968,11684,2,31,1,72.47,72.47
26969,11685,1,17,2,53.29,106.58
26970,11685,2,34,3,76.58,229.74
26971,11686,1,20,4,57.40,229.60
26972,11686,2,37,5,80.69,403.45
26973,11687,1,23,6,61.51,369.06
26974,11687,2,40,7,84.80,593.60
26975,11688,1,26,8,65.62,524.96
26976,11688,2,43,1,88.91,88.91
26977,11689,1,29,2,69.73,139.46
26978,11689,2,46,3,93.02,279.06
26979,11690,1,32,4,73.84,295.36
26980,11690,2,49,5,97.13,485.65
26981,11691,1,35,6,77.95,467.70
26982,11691,2,52,7,101.24,708.68
26983,11692,1,38,8,82.06,656.48
26984,11692,2,55,1,105.35,105.35
26985,11693,1,41,2,86.17,172.34
26986,11693,2,58,3,109.46,328.38
26987,11694,1,44,4,90.28,361.12
26988,11694,2,61,5,113.57,567.85
26989,11695,1,47,6,94.39,566.34
26990,11695,2,64,7,117.68,823.76
26991,11696,1,50,8,98.50,788.00
26992,11696,2,67,1,121.79,121.79
26993,11697,1,53,2,102.61,205.22
26994,11697,2,70,3,125.90,377.70
26995,11698,1,56,4,106.72,426.88
26996,11698,2,73,5,130.01,650.05
26997,11699,1,59,6,110.83,664.98
26998,11699,2,76,7,134.12,938.84
26999,11700,1,62,8,114.94,919.52
27000,11700,2,79,1,138.23,138.23
27001,11701,1,65,2,119.05,238.10
27002,11701,2,82,3,142.34,427.02
27003,11702,1,68,4,123.16,492.64
27004,11702,2,85,5,146.45,732.25
27005,11703,1,71,6,127.27,763.62
27006,11703,2,88,7,150.56,1053.92
27007,11704,1,74,8,131.38,1051.04
27008,11704,2,91,1,154.67,154.67
27009,11705,1,77,2,135.49,270.98
27010,11705,2,94,3,158.78,476.34
27011,11706,1,80,4,139.60,558.40
27012,11706,2,97,5,162.89,814.45
27013,11707,1,83,6,143.71,862.26
27014,11707,2,100,7,167.00,1169.00
27015,11708,1,86,8,147.82,1182.56
27016,11708,2,103,1,171.11,171.11
27017,11709,1,89,2,151.93,303.86
27018,11709,2,106,3,175.22,525.66
27019,11710,1,92,4,156.04,624.16
27020,11710,2,109,5,179.33,896.65
27021,11711,1,95,6,160.15,960.90
27022,11711,2,112,7,183.44,1284.08
27023,11712,1,98,8,164.26,1314.08
27024,11712,2,3,1,34.11,34.11
27025,11713,1,101,2,168.37,336.74
27026,11713,2,6,3,38.22,114.66
27027,11714,1,104,4,172.48,689.92
27028,11714,2,9,5,42.33,211.65
27029,11715,1,107,6,176.59,1059.54
27030,11715,2,12,7,46.44,325.08
27031,11716,1,110,8,180.70,1445.60
27032,11716,2,15,1,50.55,50.55
27033,11717,1,1,2,31.37,62.74
27034,11717,2,18,3,54.66,163.98
27035,11718,1,4,4,35.48,141.92
27036,11718,2,21,5,58.77,293.85
27037,11719,1,7,6,39.59,237.54
27038,11719,2,24,7,62.88,440.16
27039,11720,1,10,8,43.70,349.60
27040,11720,2,27,1,66.99,66.99
27041,11721,1,13,2,47.81,95.62
27042,11721,2,30,3,71.10,213.30
27043,11722,1,16,4,51.92,207.68
27044,11722,2,33,5,75.21,376.05
27045,11723,1,19,6,56.03,336.18
27046,11723,2,36,7,79.32,555.24
27047,11724,1,22,8,60.14,481.12
27048,11724,2,39,1,83.43,83.43
27049,11725,1,25,2,64.25,128.50
27050,11725,2,42,3,87.54,262.62
27051,11726,1,28,4,68.36,273.44
27052,11726,2,45,5,91.65,458.25
27053,11727,1,31,6,72.47,434.82
27054,11727,2,48,7,95.76,670.32
27055,11728,1,34,8,76.58,612.64
27056,11728,2,51,1,99.87,99.87
27057,11729,1,37,2,80.69,161.38
27058,11729,2,54,3,103.98,311.94
27059,11730,1,40,4,84.80,339.20
27060,11730,2,57,5,108.09,540.45
27061,11731,1,43,6,88.91,533.46
27062,11731,2,60,7,112.20,785.40
27063,11732,1,46,8,93.02,744.16
27064,11732,2,63,1,116.31,116.31
27065,11733,1,49,2,97.13,194.26
27066,11733,2,66,3,120.42,361.26
27067,11734,1,52,4,101.24,404.96
27068,11734,2,69,5,124.53,622.65
27069,11735,1,55,6,105.35,632.10
27070,11735,2,72,7,128.64,900.48
27071,11736,1,58,8,109.46,875.68
27072,11736,2,75,1,132.75,132.75
27073,11737,1,61,2,113.57,227.14
27074,11737,2,78,3,136.86,410.58
27075,11738,1,64,4,117.68,470.72
27076,11738,2,81,5,140.97,704.85
27077,11739,1,67,6,121.79,730.74
27078,11739,2,84,7,145.08,1015.56
27079,11740,1,70,8,125.90,1007.20
27080,11740,2,87,1,149.19,149.19
27081,11741,1,73,2,130.01,260.02
27082,11741,2,90,3,153.30,459.90
27083,11742,1,76,4,134.12,536.48
27084,11742,2,93,5,157.41,787.05
27085,11743,1,79,6,138.23,829.38
27086,11743,2,96,7,161.52,1130.64
27087,11744,1,82,8,142.34,1138.72
27088,11744,2,99,1,165.63,165.63
27089,11745,1,85,2,146.45,292.90
27090,11745,2,102,3,169.74,509.22
27091,11746,1,88,4,150.56,602.24
27092,11746,2,105,5,173.85,869.25
27093,11747,1,91,6,154.67,928.02
27094,11747,2,108,7,177.96,1245.72
27095,11748,1,94,8,158.78,1270.24
27096,11748,2,111,1,182.07,182.07
27097,11749,1,97,2,162.89,325.78
27098,11749,2,2,3,32.74,98.22
27099,11750,1,100,4,167.00,668.00
27100,11750,2,5,5,36.85,184.25
27101,11751,1,103,6,171.11,1026.66
27102,11751,2,8,7,40.96,286.72
27103,11752,1,106,8,175.22,1401.76
27104,11752,2,11,1,45.07,45.07
27105,11753,1,109,2,179.33,358.66
27106,11753,2,14,3,49.18,147.54
27107,11754,1,112,4,183.44,733.76
27108,11754,2,17,5,53.29,266.45
27109,11755,1,3,6,34.11,204.66
27110,11755,2,20,7,57.40,401.80
27111,11756,1,6,8,38.22,305.76
27112,11756,2,23,1,61.51,61.51
27113,11757,1,9,2,42.33,84.66
27114,11757,2,26,3,65.62,196.86
27115,11758,1,12,4,46.44,185.76
27116,11758,2,29,5,69.73,348.65
27117,11759,1,15,6,50.55,303.30
27118,11759,2,32,7,73.84,516.88
27119,11760,1,18,8,54.66,437.28
27120,11760,2,35,1,77.95,77.95
27121,11761,1,21,2,58.77,117.54
27122,11761,2,38,3,82.06,246.18
27123,11762,1,24,4,62.88,251.52
27124,11762,2,41,5,86.17,430.85
27125,11763,1,27,6,66.99,401.94
27126,11763,2,44,7,90.28,631.96
27127,11764,1,30,8,71.10,568.80
27128,11764,2,47,1,94.39,94.39
27129,11765,1,33,2,75.21,150.42
27130,11765,2,50,3,98.50,295.50
27131,11766,1,36,4,79.32,317.28
27132,11766,2,53,5,102.61,513.05
27133,11767,1,39,6,83.43,500.58
27134,11767,2,56,7,106.72,747.04
27135,11768,1,42,8,87.54,700.32
27136,11768,2,59,1,110.83,110.83
27137,11769,1,45,2,91.65,183.30
27138,11769,2,62,3,114.94,344.82
27139,11770,1,48,4,95.76,383.04
27140,11770,2,65,5,119.05,595.25
27141,11771,1,51,6,99.87,599.22
27142,11771,2,68,7,123.16,862.12
27143,11772,1,54,8,103.98,831.84
27144,11772,2,71,1,127.27,127.27
27145,11773,1,57,2,108.09,216.18
27146,11773,2,74,3,131.38,394.14
27147,11774,1,60,4,112.20,448.80
27148,11774,2,77,5,135.49,677.45
27149,11775,1,63,6,116.31,697.86
27150,11775,2,80,7,139.60,977.20
27151,11776,1,66,8,120.42,963.36
27152,11776,2,83,1,143.71,143.71
27153,11777,1,69,2,124.53,249.06
27154,11777,2,86,3,147.82,443.46
27155,11778,1,72,4,128.64,514.56
27156,11778,2,89,5,151.93,759.65
27157,11779,1,75,6,132.75,796.50
27158,11779,2,92,7,156.04,1092.28
27159,11780,1,78,8,136.86,1094.88
27160,11780,2,95,1,160.15,160.15
27161,11781,1,81,2,140.97,281.94
27162,11781,2,98,3,164.26,492.78
27163,11782,1,84,4,145.08,580.32
27164,11782,2,101,5,168.37,841.85
27165,11783,1,87,6,149.19,895.14
27166,11783,2,104,7,172.48,1207.36
27167,11784,1,90,8,153.30,1226.40
27168,11784,2,107,1,176.59,176.59
27169,11785,1,93,2,157.41,314.82
27170,11785,2,110,3,180.70,542.10
27171,11786,1,96,4,161.52,646.08
27172,11786,2,1,5,31.37,156.85
27173,11787,1,99,6,165.63,993.78
27174,11787,2,4,7,35.48,248.36
27175,11788,1,102,8,169.74,1357.92
27176,11788,2,7,1,39.59,39.59
27177,11789,1,105,2,173.85,347.70
27178,11789,2,10,3,43.70,131.10
27179,11790,1,108,4,177.96,711.84
27180,11790,2,13,5,47.81,239.05
27181,11791,1,111,6,182.07,1092.42
27182,11791,2,16,7,51.92,363.44
27183,11792,1,2,8,32.74,261.92
27184,11792,2,19,1,56.03,56.03
27185,11793,1,5,2,36.85,73.70
27186,11793,2,22,3,60.14,180.42
27187,11794,1,8,4,40.96,163.84
27188,11794,2,25,5,64.25,321.25
27189,11795,1,11,6,45.07,270.42
27190,11795,2,28,7,68.36,478.52
27191,11796,1,14,8,49.18,393.44
27192,11796,2,31,1,72.47,72.47
27193,11797,1,17,2,53.29,106.58
27194,11797,2,34,3,76.58,229.74
27195,11798,1,20,4,57.40,229.60
27196,11798,2,37,5,80.69,403.45
27197,11799,1,23,6,61.51,369.06
27198,11799,2,40,7,84.80,593.60
27199,11800,1,26,8,65.62,524.96
27200,11800,2,43,1,88.91,88.91
27201,11801,1,29,2,69.73,139.46
27202,11801,2,46,3,93.02,279.06
27203,11802,1,32,4,73.84,295.36
27204,11802,2,49,5,97.13,485.65
27205,11803,1,35,6,77.95,467.70
27206,11803,2,52,7,101.24,708.68
27207,11804,1,38,8,82.06,656.48
27208,11804,2,55,1,105.35,105.35
27209,11805,1,41,2,86.17,172.34
27210,11805,2,58,3,109.46,328.38
27211,11806,1,44,4,90.28,361.12
27212,11806,2,61,5,113.57,567.85
27213,11807,1,47,6,94.39,566.34
27214,11807,2,64,7,117.68,823.76
27215,11808,1,50,8,98.50,788.00
27216,11808,2,67,1,121.79,121.79
27217,11809,1,53,2,102.61,205.22
27218,11809,2,70,3,125.90,377.70
27219,11810,1,56,4,106.72,426.88
27220,11810,2,73,5,130.01,650.05
27221,11811,1,59,6,110.83,664.98
27222,11811,2,76,7,134.12,938.84
27223,11812,1,62,8,114.94,919.52
27224,11812,2,79,1,138.23,138.23
27225,11813,1,65,2,119.05,238.10
27226,11813,2,82,3,142.34,427.02
27227,11814,1,68,4,123.16,492.64
27228,11814,2,85,5,146.45,732.25
27229,11815,1,71,6,127.27,763.62
27230,11815,2,88,7,150.56,1053.92
27231,11816,1,74,8,131.38,1051.04
27232,11816,2,91,1,154.67,154.67
27233,11817,1,77,2,135.49,270.98
27234,11817,2,94,3,158.78,476.34
27235,11818,1,80,4,139.60,558.40
27236,11818,2,97,5,162.89,814.45
27237,11819,1,83,6,143.71,862.26
27238,11819,2,100,7,167.00,1169.00
27239,11820,1,86,8,147.82,1182.56
27240,11820,2,103,1,171.11,171.11
27241,11821,1,89,2,151.93,303.86
27242,11821,2,106,3,175.22,525.66
27243,11822,1,92,4,156.04,624.16
27244,11822,2,109,5,179.33,896.65
27245,11823,1,95,6,160.15,960.90
27246,11823,2,112,7,183.44,1284.08
27247,11824,1,98,8,164.26,1314.08
27248,11824,2,3,1,34.11,34.11
27249,11825,1,101,2,168.37,336.74
27250,11825,2,6,3,38.22,114.66
27251,11826,1,104,4,172.48,689.92
27252,11826,2,9,5,42.33,211.65
27253,11827,1,107,6,176.59,1059.54
27254,11827,2,12,7,46.44,325.08
27255,11828,1,110,8,180.70,1445.60
27256,11828,2,15,1,50.55,50.55
27257,11829,1,1,2,31.37,62.74
27258,11829,2,18,3,54.66,163.98
27259,11830,1,4,4,35.48,141.92
27260,11830,2,21,5,58.77,293.85
27261,11831,1,7,6,39.59,237.54
27262,11831,2,24,7,62.88,440.16
27263,11832,1,10,8,43.70,349.60
27264,11832,2,27,1,66.99,66.99
27265,11833,1,13,2,47.81,95.62
27266,11833,2,30,3,71.10,213.30
27267,11834,1,16,4,51.92,207.68
27268,11834,2,33,5,75.21,376.05
27269,11835,1,19,6,56.03,336.18
27270,11835,2,36,7,79.32,555.24
27271,11836,1,22,8,60.14,481.12
27272,11836,2,39,1,83.43,83.43
27273,11837,1,25,2,64.25,128.50
27274,11837,2,42,3,87.54,262.62
27275,11838,1,28,4,68.36,273.44
27276,11838,2,45,5,91.65,458.25
27277,11839,1,31,6,72.47,434.82
27278,11839,2,48,7,95.76,670.32
27279,11840,1,34,8,76.58,612.64
27280,11840,2,51,1,99.87,99.87
27281,11841,1,37,2,80.69,161.38
27282,11841,2,54,3,103.98,311.94
27283,11842,1,40,4,84.80,339.20
27284,11842,2,57,5,108.09,540.45
27285,11843,1,43,6,88.91,533.46
27286,11843,2,60,7,112.20,785.40
27287,11844,1,46,8,93.02,744.16
27288,11844,2,63,1,116.31,116.31
27289,11845,1,49,2,97.13,194.26
27290,11845,2,66,3,120.42,361.26
27291,11846,1,52,4,101.24,404.96
27292,11846,2,69,5,124.53,622.65
27293,11847,1,55,6,105.35,632.10
27294,11847,2,72,7,128.64,900.48
27295,11848,1,58,8,109.46,875.68
27296,11848,2,75,1,132.75,132.75
27297,11849,1,61,2,113.57,227.14
27298,11849,2,78,3,136.86,410.58
27299,11850,1,64,4,117.68,470.72
27300,11850,2,81,5,140.97,704.85
27301,11851,1,67,6,121.79,730.74
27302,11851,2,84,7,145.08,1015.56
27303,11852,1,70,8,125.90,1007.20
27304,11852,2,87,1,149.19,149.19
27305,11853,1,73,2,130.01,260.02
27306,11853,2,90,3,153.30,459.90
27307,11854,1,76,4,134.12,536.48
27308,11854,2,93,5,157.41,787.05
27309,11855,1,79,6,138.23,829.38
27310,11855,2,96,7,161.52,1130.64
27311,11856,1,82,8,142.34,1138.72
27312,11856,2,99,1,165.63,165.63
27313,11857,1,85,2,146.45,292.90
27314,11857,2,102,3,169.74,509.22
27315,11858,1,88,4,150.56,602.24
27316,11858,2,105,5,173.85,869.25
27317,11859,1,91,6,154.67,928.02
27318,11859,2,108,7,177.96,1245.72
27319,11860,1,94,8,158.78,1270.24
27320,11860,2,111,1,182.07,182.07
27321,11861,1,97,2,162.89,325.78
27322,11861,2,2,3,32.74,98.22
27323,11862,1,100,4,167.00,668.00
27324,11862,2,5,5,36.85,184.25
27325,11863,1,103,6,171.11,1026.66
27326,11863,2,8,7,40.96,286.72
27327,11864,1,106,8,175.22,1401.76
27328,11864,2,11,1,45.07,45.07
27329,11865,1,109,2,179.33,358.66
27330,11865,2,14,3,49.18,147.54
27331,11866,1,112,4,183.44,733.76
27332,11866,2,17,5,53.29,266.45
27333,11867,1,3,6,34.11,204.66
27334,11867,2,20,7,57.40,401.80
27335,11868,1,6,8,38.22,305.76
27336,11868,2,23,1,61.51,61.51
27337,11869,1,9,2,42.33,84.66
27338,11869,2,26,3,65.62,196.86
27339,11870,1,12,4,46.44,185.76
27340,11870,2,29,5,69.73,348.65
27341,11871,1,15,6,50.55,303.30
27342,11871,2,32,7,73.84,516.88
27343,11872,1,18,8,54.66,437.28
27344,11872,2,35,1,77.95,77.95
27345,11873,1,21,2,58.77,117.54
27346,11873,2,38,3,82.06,246.18
27347,11874,1,24,4,62.88,251.52
27348,11874,2,41,5,86.17,430.85
27349,11875,1,27,6,66.99,401.94
27350,11875,2,44,7,90.28,631.96
27351,11876,1,30,8,71.10,568.80
27352,11876,2,47,1,94.39,94.39
27353,11877,1,33,2,75.21,150.42
27354,11877,2,50,3,98.50,295.50
27355,11878,1,36,4,79.32,317.28
27356,11878,2,53,5,102.61,513.05
27357,11879,1,39,6,83.43,500.58
27358,11879,2,56,7,106.72,747.04
27359,11880,1,42,8,87.54,700.32
27360,11880,2,59,1,110.83,110.83
27361,11881,1,45,2,91.65,183.30
27362,11881,2,62,3,114.94,344.82
27363,11882,1,48,4,95.76,383.04
27364,11882,2,65,5,119.05,595.25
27365,11883,1,51,6,99.87,599.22
27366,11883,2,68,7,123.16,862.12
27367,11884,1,54,8,103.98,831.84
27368,11884,2,71,1,127.27,127.27
27369,11885,1,57,2,108.09,216.18
27370,11885,2,74,3,131.38,394.14
27371,11886,1,60,4,112.20,448.80
27372,11886,2,77,5,135.49,677.45
27373,11887,1,63,6,116.31,697.86
27374,11887,2,80,7,139.60,977.20
27375,11888,1,66,8,120.42,963.36
27376,11888,2,83,1,143.71,143.71
27377,11889,1,69,2,124.53,249.06
27378,11889,2,86,3,147.82,443.46
27379,11890,1,72,4,128.64,514.56
27380,11890,2,89,5,151.93,759.65
27381,11891,1,75,6,132.75,796.50
27382,11891,2,92,7,156.04,1092.28
27383,11892,1,78,8,136.86,1094.88
27384,11892,2,95,1,160.15,160.15
27385,11893,1,81,2,140.97,281.94
27386,11893,2,98,3,164.26,492.78
27387,11894,1,84,4,145.08,580.32
27388,11894,2,101,5,168.37,841.85
27389,11895,1,87,6,149.19,895.14
27390,11895,2,104,7,172.48,1207.36
27391,11896,1,90,8,153.30,1226.40
27392,11896,2,107,1,176.59,176.59
27393,11897,1,93,2,157.41,314.82
27394,11897,2,110,3,180.70,542.10
27395,11898,1,96,4,161.52,646.08
27396,11898,2,1,5,31.37,156.85
27397,11899,1,99,6,165.63,993.78
27398,11899,2,4,7,35.48,248.36
27399,11900,1,102,8,169.74,1357.92
27400,11900,2,7,1,39.59,39.59
27401,11901,1,105,2,173.85,347.70
27402,11901,2,10,3,43.70,131.10
27403,11902,1,108,4,177.96,711.84
27404,11902,2,13,5,47.81,239.05
27405,11903,1,111,6,182.07,1092.42
27406,11903,2,16,7,51.92,363.44
27407,11904,1,2,8,32.74,261.92
27408,11904,2,19,1,56.03,56.03
27409,11905,1,5,2,36.85,73.70
27410,11905,2,22,3,60.14,180.42
27411,11906,1,8,4,40.96,163.84
27412,11906,2,25,5,64.25,321.25
27413,11907,1,11,6,45.07,270.42
27414,11907,2,28,7,68.36,478.52
27415,11908,1,14,8,49.18,393.44
27416,11908,2,31,1,72.47,72.47
27417,11909,1,17,2,53.29,106.58
27418,11909,2,34,3,76.58,229.74
27419,11910,1,20,4,57.40,229.60
27420,11910,2,37,5,80.69,403.45
27421,11911,1,23,6,61.51,369.06
27422,11911,2,40,7,84.80,593.60
27423,11912,1,26,8,65.62,524.96
27424,11912,2,43,1,88.91,88.91
27425,11913,1,29,2,69.73,139.46
27426,11913,2,46,3,93.02,279.06
27427,11914,1,32,4,73.84,295.36
27428,11914,2,49,5,97.13,485.65
27429,11915,1,35,6,77.95,467.70
27430,11915,2,52,7,101.24,708.68
27431,11916,1,38,8,82.06,656.48
27432,11916,2,55,1,105.35,105.35
27433,11917,1,41,2,86.17,172.34
27434,11917,2,58,3,109.46,328.38
27435,11918,1,44,4,90.28,361.12
27436,11918,2,61,5,113.57,567.85
27437,11919,1,47,6,94.39,566.34
27438,11919,2,64,7,117.68,823.76
27439,11920,1,50,8,98.50,788.00
27440,11920,2,67,1,121.79,121.79
27441,11921,1,53,2,102.61,205.22
27442,11921,2,70,3,125.90,377.70
27443,11922,1,56,4,106.72,426.88
27444,11922,2,73,5,130.01,650.05
27445,11923,1,59,6,110.83,664.98
27446,11923,2,76,7,134.12,938.84
27447,11924,1,62,8,114.94,919.52
27448,11924,2,79,1,138.23,138.23
27449,11925,1,65,2,119.05,238.10
27450,11925,2,82,3,142.34,427.02
27451,11926,1,68,4,123.16,492.64
27452,11926,2,85,5,146.45,732.25
27453,11927,1,71,6,127.27,763.62
27454,11927,2,88,7,150.56,1053.92
27455,11928,1,74,8,131.38,1051.04
27456,11928,2,91,1,154.67,154.67
27457,11929,1,77,2,135.49,270.98
27458,11929,2,94,3,158.78,476.34
27459,11930,1,80,4,139.60,558.40
27460,11930,2,97,5,162.89,814.45
27461,11931,1,83,6,143.71,862.26
27462,11931,2,100,7,167.00,1169.00
27463,11932,1,86,8,147.82,1182.56
27464,11932,2,103,1,171.11,171.11
27465,11933,1,89,2,151.93,303.86
27466,11933,2,106,3,175.22,525.66
27467,11934,1,92,4,156.04,624.16
27468,11934,2,109,5,179.33,896.65
27469,11935,1,95,6,160.15,960.90
27470,11935,2,112,7,183.44,1284.08
27471,11936,1,98,8,164.26,1314.08
27472,11936,2,3,1,34.11,34.11
27473,11937,1,101,2,168.37,336.74
27474,11937,2,6,3,38.22,114.66
27475,11938,1,104,4,172.48,689.92
27476,11938,2,9,5,42.33,211.65
27477,11939,1,107,6,176.59,1059.54
27478,11939,2,12,7,46.44,325.08
27479,11940,1,110,8,180.70,1445.60
27480,11940,2,15,1,50.55,50.55
27481,11941,1,1,2,31.37,62.74
27482,11941,2,18,3,54.66,163.98
27483,11942,1,4,4,35.48,141.92
27484,11942,2,21,5,58.77,293.85
27485,11943,1,7,6,39.59,237.54
27486,11943,2,24,7,62.88,440.16
27487,11944,1,10,8,43.70,349.60
27488,11944,2,27,1,66.99,66.99
27489,11945,1,13,2,47.81,95.62
27490,11945,2,30,3,71.10,213.30
27491,11946,1,16,4,51.92,207.68
27492,11946,2,33,5,75.21,376.05
27493,11947,1,19,6,56.03,336.18
27494,11947,2,36,7,79.32,555.24
27495,11948,1,22,8,60.14,481.12
27496,11948,2,39,1,83.43,83.43
27497,11949,1,25,2,64.25,128.50
27498,11949,2,42,3,87.54,262.62
27499,11950,1,28,4,68.36,273.44
27500,11950,2,45,5,91.65,458.25
27501,11951,1,31,6,72.47,434.82
27502,11951,2,48,7,95.76,670.32
27503,11952,1,34,8,76.58,612.64
27504,11952,2,51,1,99.87,99.87
27505,11953,1,37,2,80.69,161.38
27506,11953,2,54,3,103.98,311.94
27507,11954,1,40,4,84.80,339.20
27508,11954,2,57,5,108.09,540.45
27509,11955,1,43,6,88.91,533.46
27510,11955,2,60,7,112.20,785.40
27511,11956,1,46,8,93.02,744.16
27512,11956,2,63,1,116.31,116.31
27513,11957,1,49,2,97.13,194.26
27514,11957,2,66,3,120.42,361.26
27515,11958,1,52,4,101.24,404.96
27516,11958,2,69,5,124.53,622.65
27517,11959,1,55,6,105.35,632.10
27518,11959,2,72,7,128.64,900.48
27519,11960,1,58,8,109.46,875.68
27520,11960,2,75,1,132.75,132.75
27521,11961,1,61,2,113.57,227.14
27522,11961,2,78,3,136.86,410.58
27523,11962,1,64,4,117.68,470.72
27524,11962,2,81,5,140.97,704.85
27525,11963,1,67,6,121.79,730.74
27526,11963,2,84,7,145.08,1015.56
27527,11964,1,70,8,125.90,1007.20
27528,11964,2,87,1,149.19,149.19
27529,11965,1,73,2,130.01,260.02
27530,11965,2,90,3,153.30,459.90
27531,11966,1,76,4,134.12,536.48
27532,11966,2,93,5,157.41,787.05
27533,11967,1,79,6,138.23,829.38
27534,11967,2,96,7,161.52,1130.64
27535,11968,1,82,8,142.34,1138.72
27536,11968,2,99,1,165.63,165.63
27537,11969,1,85,2,146.45,292.90
27538,11969,2,102,3,169.74,509.22
27539,11970,1,88,4,150.56,602.24
27540,11970,2,105,5,173.85,869.25
27541,11971,1,91,6,154.67,928.02
27542,11971,2,108,7,177.96,1245.72
27543,11972,1,94,8,158.78,1270.24
27544,11972,2,111,1,182.07,182.07
27545,11973,1,97,2,162.89,325.78
27546,11973,2,2,3,32.74,98.22
27547,11974,1,100,4,167.00,668.00
27548,11974,2,5,5,36.85,184.25
27549,11975,1,103,6,171.11,1026.66
27550,11975,2,8,7,40.96,286.72
27551,11976,1,106,8,175.22,1401.76
27552,11976,2,11,1,45.07,45.07
27553,11977,1,109,2,179.33,358.66
27554,11977,2,14,3,49.18,147.54
27555,11978,1,112,4,183.44,733.76
27556,11978,2,17,5,53.29,266.45
27557,11979,1,3,6,34.11,204.66
27558,11979,2,20,7,57.40,401.80
27559,11980,1,6,8,38.22,305.76
27560,11980,2,23,1,61.51,61.51
27561,11981,1,9,2,42.33,84.66
27562,11981,2,26,3,65.62,196.86
27563,11982,1,12,4,46.44,185.76
27564,11982,2,29,5,69.73,348.65
27565,11983,1,15,6,50.55,303.30
27566,11983,2,32,7,73.84,516.88
27567,11984,1,18,8,54.66,437.28
27568,11984,2,35,1,77.95,77.95
27569,11985,1,21,2,58.77,117.54
27570,11985,2,38,3,82.06,246.18
27571,11986,1,24,4,62.88,251.52
27572,11986,2,41,5,86.17,430.85
27573,11987,1,27,6,66.99,401.94
27574,11987,2,44,7,90.28,631.96
27575,11988,1,30,8,71.10,568.80
27576,11988,2,47,1,94.39,94.39
27577,11989,1,33,2,75.21,150.42
27578,11989,2,50,3,98.50,295.50
27579,11990,1,36,4,79.32,317.28
27580,11990,2,53,5,102.61,513.05
27581,11991,1,39,6,83.43,500.58
27582,11991,2,56,7,106.72,747.04
27583,11992,1,42,8,87.54,700.32
27584,11992,2,59,1,110.83,110.83
27585,11993,1,45,2,91.65,183.30
27586,11993,2,62,3,114.94,344.82
27587,11994,1,48,4,95.76,383.04
27588,11994,2,65,5,119.05,595.25
27589,11995,1,51,6,99.87,599.22
27590,11995,2,68,7,123.16,862.12
27591,11996,1,54,8,103.98,831.84
27592,11996,2,71,1,127.27,127.27
27593,11997,1,57,2,108.09,216.18
27594,11997,2,74,3,131.38,394.14
27595,11998,1,60,4,112.20,448.80
27596,11998,2,77,5,135.49,677.45
27597,11999,1,63,6,116.31,697.86
27598,11999,2,80,7,139.60,977.20
27599,12000,1,66,8,120.42,963.36
27600,12000,2,83,1,143.71,143.71
