pedido_id,numero_pedido,receita_mercadoria_liquida
841,PED-2023-000841,1475.60
842,PED-2023-000842,1904.52
843,PED-2023-000843,1390.38
844,PED-2023-000844,1332.70
845,PED-2023-000845,2498.68
846,PED-2023-000846,662.24
847,PED-2023-000847,1877.54
848,PED-2023-000848,1480.10
849,PED-2023-000849,697.44
850,PED-2023-000850,1575.72
851,PED-2023-000851,1598.62
852,PED-2023-000852,1113.50
853,PED-2023-000853,1194.44
854,PED-2023-000854,362.30
855,PED-2023-000855,853.74
856,PED-2023-000856,803.14
857,PED-2023-000857,614.21
858,PED-2023-000858,1098.88
859,PED-2023-000859,671.67
860,PED-2023-000860,901.63
861,PED-2023-000861,1577.21
862,PED-2023-000862,535.76
863,PED-2023-000863,1165.19
864,PED-2023-000864,1333.13
865,PED-2023-000865,846.73
866,PED-2023-000866,1668.65
867,PED-2023-000867,916.70
868,PED-2023-000868,1442.30
869,PED-2023-000869,2575.40
870,PED-2023-000870,793.76
871,PED-2023-000871,1976.18
872,PED-2023-000872,1984.26
873,PED-2023-000873,1278.32
874,PED-2023-000874,2584.04
875,PED-2023-000875,1456.14
876,PED-2023-000876,1836.86
877,PED-2023-000877,3265.88
878,PED-2023-000878,991.04
879,PED-2023-000879,1548.74
880,PED-2023-000880,2356.90
881,PED-2023-000881,960.48
882,PED-2023-000882,2101.80
883,PED-2023-000883,1510.94
884,PED-2023-000884,1464.22
885,PED-2023-000885,1654.76
886,PED-2023-000886,421.12
887,PED-2023-000887,1274.74
888,PED-2023-000888,1382.33
889,PED-2023-000889,719.95
890,PED-2023-000890,1482.94
891,PED-2023-000891,423.51
892,PED-2023-000892,701.37
893,PED-2023-000893,1116.96
894,PED-2023-000894,406.85
895,PED-2023-000895,992.34
896,PED-2023-000896,955.48
897,PED-2023-000897,701.32
898,PED-2023-000898,1255.59
899,PED-2023-000899,783.54
900,PED-2023-000900,1042.24
901,PED-2023-000901,2115.08
902,PED-2023-000902,662.24
903,PED-2023-000903,1647.38
904,PED-2023-000904,1633.54
905,PED-2023-000905,1081.04
906,PED-2023-000906,2189.48
907,PED-2023-000907,1215.02
908,PED-2023-000908,1573.82
909,PED-2023-000909,2805.56
910,PED-2023-000910,859.52
911,PED-2023-000911,2140.58
912,PED-2023-000912,2159.62
913,PED-2023-000913,1376.96
914,PED-2023-000914,2781.32
915,PED-2023-000915,1576.70
916,PED-2023-000916,1968.38
917,PED-2023-000917,2268.52
918,PED-2023-000918,596.48
919,PED-2023-000919,1713.14
920,PED-2023-000920,2532.26
921,PED-2023-000921,937.38
922,PED-2023-000922,1128.96
923,PED-2023-000923,1242.87
924,PED-2023-000924,893.59
925,PED-2023-000925,1573.14
926,PED-2023-000926,412.09
927,PED-2023-000927,1199.03
928,PED-2023-000928,612.94
929,PED-2023-000929,516.09
930,PED-2023-000930,1035.18
931,PED-2023-000931,529.31
932,PED-2023-000932,817.02
933,PED-2023-000933,1299.97
934,PED-2023-000934,530.72
935,PED-2023-000935,1318.58
936,PED-2023-000936,1282.82
937,PED-2023-000937,883.76
938,PED-2023-000938,1794.92
939,PED-2023-000939,973.90
940,PED-2023-000940,1310.78
941,PED-2023-000941,2345.24
942,PED-2023-000942,728.00
943,PED-2023-000943,1811.78
944,PED-2023-000944,1808.90
945,PED-2023-000945,1179.68
946,PED-2023-000946,2386.76
947,PED-2023-000947,1335.58
948,PED-2023-000948,1705.34
949,PED-2023-000949,3035.72
950,PED-2023-000950,925.28
951,PED-2023-000951,2304.98
952,PED-2023-000952,2334.98
953,PED-2023-000953,1475.60
954,PED-2023-000954,1870.15
955,PED-2023-000955,1115.03
956,PED-2023-000956,1144.77
957,PED-2023-000957,2173.48
958,PED-2023-000958,530.25
959,PED-2023-000959,1705.90
960,PED-2023-000960,1179.12
961,PED-2023-000961,597.39
962,PED-2023-000962,1301.54
963,PED-2023-000963,1342.64
964,PED-2023-000964,1010.86
965,PED-2023-000965,1030.08
966,PED-2023-000966,328.81
967,PED-2023-000967,950.22
968,PED-2023-000968,932.10
969,PED-2023-000969,686.48
970,PED-2023-000970,1400.36
971,PED-2023-000971,732.78
972,PED-2023-000972,1047.74
973,PED-2023-000973,1884.92
974,PED-2023-000974,596.48
975,PED-2023-000975,1482.98
976,PED-2023-000976,1458.18
977,PED-2023-000977,982.40
978,PED-2023-000978,1992.20
979,PED-2023-000979,1094.46
980,PED-2023-000980,1442.30
981,PED-2023-000981,2575.40
982,PED-2023-000982,793.76
983,PED-2023-000983,1976.18
984,PED-2023-000984,1984.26
985,PED-2023-000985,1278.32
986,PED-2023-000986,2584.04
987,PED-2023-000987,1456.14
988,PED-2023-000988,1445.30
989,PED-2023-000989,2907.73
990,PED-2023-000990,858.43
991,PED-2023-000991,1334.74
992,PED-2023-000992,2038.06
993,PED-2023-000993,775.18
994,PED-2023-000994,1914.07
995,PED-2023-000995,1214.23
996,PED-2023-000996,1255.47
997,PED-2023-000997,1354.23
998,PED-2023-000998,336.24
999,PED-2023-000999,1162.31
1000,PED-2023-001000,1320.10
1001,PED-2023-001001,796.08
1002,PED-2023-001002,1773.00
1003,PED-2023-001003,491.66
1004,PED-2023-001004,784.70
1005,PED-2023-001005,1424.60
1006,PED-2023-001006,464.96
1007,PED-2023-001007,1154.18
1008,PED-2023-001008,1107.46
1009,PED-2023-001009,785.12
1010,PED-2023-001010,1597.64
1011,PED-2023-001011,853.34
1012,PED-2023-001012,1179.26
1013,PED-2023-001013,2115.08
1014,PED-2023-001014,662.24
1015,PED-2023-001015,1647.38
1016,PED-2023-001016,1633.54
1017,PED-2023-001017,1081.04
1018,PED-2023-001018,2189.48
1019,PED-2023-001019,1215.02
1020,PED-2023-001020,1573.82
1021,PED-2023-001021,2420.22
1022,PED-2023-001022,770.32
1023,PED-2023-001023,1686.90
1024,PED-2023-001024,1977.47
1025,PED-2023-001025,1182.11
1026,PED-2023-001026,2335.06
1027,PED-2023-001027,1267.60
1028,PED-2023-001028,1549.40
1029,PED-2023-001029,2070.46
1030,PED-2023-001030,477.56
1031,PED-2023-001031,1473.39
1032,PED-2023-001032,2188.82
1033,PED-2023-001033,852.96
1034,PED-2023-001034,1378.44
1035,PED-2023-001035,1478.06
1036,PED-2023-001036,981.98
1037,PED-2023-001037,1884.92
1038,PED-2023-001038,486.88
1039,PED-2023-001039,1439.14
1040,PED-2023-001040,756.74
1041,PED-2023-001041,587.84
1042,PED-2023-001042,1203.08
1043,PED-2023-001043,612.22
1044,PED-2023-001044,916.22
1045,PED-2023-001045,1654.76
1046,PED-2023-001046,530.72
1047,PED-2023-001047,1318.58
1048,PED-2023-001048,1282.82
1049,PED-2023-001049,883.76
1050,PED-2023-001050,1794.92
1051,PED-2023-001051,973.90
1052,PED-2023-001052,1310.78
1053,PED-2023-001053,2345.24
1054,PED-2023-001054,666.44
1055,PED-2023-001055,1546.96
1056,PED-2023-001056,1564.86
1057,PED-2023-001057,1049.87
1058,PED-2023-001058,1882.52
1059,PED-2023-001059,1230.63
1060,PED-2023-001060,1457.85
1061,PED-2023-001061,2549.91
1062,PED-2023-001062,828.94
1063,PED-2023-001063,1817.31
1064,PED-2023-001064,2138.69
1065,PED-2023-001065,1265.95
1066,PED-2023-001066,1642.36
1067,PED-2023-001067,1103.02
1068,PED-2023-001068,1332.70
1069,PED-2023-001069,2498.68
1070,PED-2023-001070,662.24
1071,PED-2023-001071,1877.54
1072,PED-2023-001072,1480.10
1073,PED-2023-001073,697.44
1074,PED-2023-001074,1575.72
1075,PED-2023-001075,1598.62
1076,PED-2023-001076,1113.50
1077,PED-2023-001077,1194.44
1078,PED-2023-001078,399.20
1079,PED-2023-001079,989.78
1080,PED-2023-001080,932.10
1081,PED-2023-001081,686.48
1082,PED-2023-001082,1400.36
1083,PED-2023-001083,732.78
1084,PED-2023-001084,1047.74
1085,PED-2023-001085,1884.92
1086,PED-2023-001086,596.48
1087,PED-2023-001087,1482.98
1088,PED-2023-001088,1187.27
1089,PED-2023-001089,866.81
1090,PED-2023-001090,1699.36
1091,PED-2023-001091,952.33
1092,PED-2023-001092,1279.51
1093,PED-2023-001093,2032.12
1094,PED-2023-001094,697.29
1095,PED-2023-001095,1685.56
1096,PED-2023-001096,1717.20
1097,PED-2023-001097,1136.98
1098,PED-2023-001098,2039.23
1099,PED-2023-001099,1342.50
1100,PED-2023-001100,1612.16
1101,PED-2023-001101,3265.88
1102,PED-2023-001102,991.04
1103,PED-2023-001103,1548.74
1104,PED-2023-001104,2356.90
1105,PED-2023-001105,960.48
1106,PED-2023-001106,2101.80
1107,PED-2023-001107,1510.94
1108,PED-2023-001108,1464.22
1109,PED-2023-001109,1654.76
1110,PED-2023-001110,421.12
1111,PED-2023-001111,1274.74
1112,PED-2023-001112,1655.46
1113,PED-2023-001113,796.08
1114,PED-2023-001114,1773.00
1115,PED-2023-001115,491.66
1116,PED-2023-001116,784.70
1117,PED-2023-001117,1424.60
1118,PED-2023-001118,464.96
1119,PED-2023-001119,1154.18
1120,PED-2023-001120,1107.46
1121,PED-2023-001121,663.94
1122,PED-2023-001122,1416.66
1123,PED-2023-001123,698.19
1124,PED-2023-001124,1042.64
1125,PED-2023-001125,1803.86
1126,PED-2023-001126,547.99
1127,PED-2023-001127,1459.33
1128,PED-2023-001128,1330.82
1129,PED-2023-001129,954.49
1130,PED-2023-001130,1865.40
1131,PED-2023-001131,1058.13
1132,PED-2023-001132,1395.16
1133,PED-2023-001133,2215.13
1134,PED-2023-001134,859.52
1135,PED-2023-001135,2140.58
1136,PED-2023-001136,2159.62
1137,PED-2023-001137,1376.96
1138,PED-2023-001138,2781.32
1139,PED-2023-001139,1576.70
1140,PED-2023-001140,1968.38
1141,PED-2023-001141,2268.52
1142,PED-2023-001142,596.48
1143,PED-2023-001143,1713.14
1144,PED-2023-001144,2532.26
1145,PED-2023-001145,1059.12
1146,PED-2023-001146,1378.44
1147,PED-2023-001147,1478.06
1148,PED-2023-001148,981.98
1149,PED-2023-001149,1884.92
1150,PED-2023-001150,486.88
1151,PED-2023-001151,1439.14
1152,PED-2023-001152,756.74
1153,PED-2023-001153,587.84
1154,PED-2023-001154,1111.17
1155,PED-2023-001155,513.89
1156,PED-2023-001156,762.26
1157,PED-2023-001157,1468.26
1158,PED-2023-001158,411.88
1159,PED-2023-001159,1166.64
1160,PED-2023-001160,1007.61
1161,PED-2023-001161,734.93
1162,PED-2023-001162,1589.24
1163,PED-2023-001163,797.88
1164,PED-2023-001164,1159.91
1165,PED-2023-001165,1997.30
1166,PED-2023-001166,602.81
1167,PED-2023-001167,1717.42
1168,PED-2023-001168,1808.90
1169,PED-2023-001169,1179.68
1170,PED-2023-001170,2386.76
1171,PED-2023-001171,1335.58
1172,PED-2023-001172,1705.34
1173,PED-2023-001173,3035.72
1174,PED-2023-001174,925.28
1175,PED-2023-001175,2304.98
1176,PED-2023-001176,2334.98
1177,PED-2023-001177,1475.60
1178,PED-2023-001178,1904.52
1179,PED-2023-001179,1390.38
1180,PED-2023-001180,1332.70
1181,PED-2023-001181,2498.68
1182,PED-2023-001182,662.24
1183,PED-2023-001183,1877.54
1184,PED-2023-001184,1480.10
1185,PED-2023-001185,697.44
1186,PED-2023-001186,1575.72
1187,PED-2023-001187,1598.62
1188,PED-2023-001188,899.46
1189,PED-2023-001189,1053.34
1190,PED-2023-001190,350.43
1191,PED-2023-001191,823.45
1192,PED-2023-001192,819.92
1193,PED-2023-001193,535.12
1194,PED-2023-001194,1238.90
1195,PED-2023-001195,613.09
1196,PED-2023-001196,872.97
1197,PED-2023-001197,1669.33
1198,PED-2023-001198,463.38
1199,PED-2023-001199,1313.55
1200,PED-2023-001200,1151.33
1201,PED-2023-001201,982.40
1202,PED-2023-001202,1992.20
1203,PED-2023-001203,1094.46
1204,PED-2023-001204,1442.30
1205,PED-2023-001205,2575.40
1206,PED-2023-001206,793.76
1207,PED-2023-001207,1976.18
1208,PED-2023-001208,1984.26
1209,PED-2023-001209,1278.32
1210,PED-2023-001210,2584.04
1211,PED-2023-001211,1456.14
1212,PED-2023-001212,1836.86
1213,PED-2023-001213,3265.88
1214,PED-2023-001214,991.04
1215,PED-2023-001215,1548.74
1216,PED-2023-001216,2356.90
1217,PED-2023-001217,960.48
1218,PED-2023-001218,2101.80
1219,PED-2023-001219,1510.94
1220,PED-2023-001220,1464.22
1221,PED-2023-001221,1530.79
1222,PED-2023-001222,357.66
1223,PED-2023-001223,1034.79
1224,PED-2023-001224,1547.89
1225,PED-2023-001225,673.01
1226,PED-2023-001226,1526.19
1227,PED-2023-001227,404.51
1228,PED-2023-001228,612.31
1229,PED-2023-001229,1259.38
1230,PED-2023-001230,406.87
1231,PED-2023-001231,962.11
1232,PED-2023-001232,970.60
1233,PED-2023-001233,612.95
1234,PED-2023-001234,1597.64
1235,PED-2023-001235,853.34
1236,PED-2023-001236,1179.26
1237,PED-2023-001237,2115.08
1238,PED-2023-001238,662.24
1239,PED-2023-001239,1647.38
1240,PED-2023-001240,1633.54
1241,PED-2023-001241,1081.04
1242,PED-2023-001242,2189.48
1243,PED-2023-001243,1215.02
1244,PED-2023-001244,1573.82
1245,PED-2023-001245,2805.56
1246,PED-2023-001246,859.52
1247,PED-2023-001247,2140.58
1248,PED-2023-001248,2159.62
1249,PED-2023-001249,1376.96
1250,PED-2023-001250,2781.32
1251,PED-2023-001251,1576.70
1252,PED-2023-001252,1968.38
1253,PED-2023-001253,2268.52
1254,PED-2023-001254,579.29
1255,PED-2023-001255,1365.56
1256,PED-2023-001256,2203.83
1257,PED-2023-001257,933.13
1258,PED-2023-001258,1124.10
1259,PED-2023-001259,1390.66
1260,PED-2023-001260,824.90
1261,PED-2023-001261,1627.67
1262,PED-2023-001262,416.28
1263,PED-2023-001263,1165.20
1264,PED-2023-001264,688.64
1265,PED-2023-001265,511.33
1266,PED-2023-001266,1002.35
1267,PED-2023-001267,522.14
1268,PED-2023-001268,916.22
1269,PED-2023-001269,1654.76
1270,PED-2023-001270,530.72
1271,PED-2023-001271,1318.58
1272,PED-2023-001272,1282.82
1273,PED-2023-001273,883.76
1274,PED-2023-001274,1794.92
1275,PED-2023-001275,973.90
1276,PED-2023-001276,1310.78
1277,PED-2023-001277,2345.24
1278,PED-2023-001278,728.00
1279,PED-2023-001279,1811.78
1280,PED-2023-001280,1808.90
1281,PED-2023-001281,1179.68
1282,PED-2023-001282,2386.76
1283,PED-2023-001283,1335.58
1284,PED-2023-001284,1705.34
1285,PED-2023-001285,3035.72
1286,PED-2023-001286,925.28
1287,PED-2023-001287,2304.98
1288,PED-2023-001288,1905.15
1289,PED-2023-001289,1305.21
1290,PED-2023-001290,1509.19
1291,PED-2023-001291,1235.63
1292,PED-2023-001292,1167.20
1293,PED-2023-001293,2026.64
1294,PED-2023-001294,596.47
1295,PED-2023-001295,1504.16
1296,PED-2023-001296,1312.80
1297,PED-2023-001297,582.93
1298,PED-2023-001298,1280.81
1299,PED-2023-001299,1502.52
1300,PED-2023-001300,954.56
1301,PED-2023-001301,1194.44
1302,PED-2023-001302,399.20
1303,PED-2023-001303,989.78
1304,PED-2023-001304,932.10
1305,PED-2023-001305,686.48
1306,PED-2023-001306,1400.36
1307,PED-2023-001307,732.78
1308,PED-2023-001308,1047.74
1309,PED-2023-001309,1884.92
1310,PED-2023-001310,596.48
1311,PED-2023-001311,1482.98
1312,PED-2023-001312,1458.18
1313,PED-2023-001313,982.40
1314,PED-2023-001314,1992.20
1315,PED-2023-001315,1094.46
1316,PED-2023-001316,1442.30
1317,PED-2023-001317,2575.40
1318,PED-2023-001318,793.76
1319,PED-2023-001319,1976.18
1320,PED-2023-001320,1984.26
1321,PED-2023-001321,1088.64
1322,PED-2023-001322,2279.76
1323,PED-2023-001323,1196.87
1324,PED-2023-001324,1629.00
1325,PED-2023-001325,2771.08
1326,PED-2023-001326,821.99
1327,PED-2023-001327,1351.41
1328,PED-2023-001328,1933.62
1329,PED-2023-001329,871.21
1330,PED-2023-001330,1675.23
1331,PED-2023-001331,1341.45
1332,PED-2023-001332,1282.80
1333,PED-2023-001333,1350.40
1334,PED-2023-001334,421.12
1335,PED-2023-001335,1274.74
1336,PED-2023-001336,1655.46
1337,PED-2023-001337,796.08
1338,PED-2023-001338,1773.00
1339,PED-2023-001339,491.66
1340,PED-2023-001340,784.70
1341,PED-2023-001341,1424.60
1342,PED-2023-001342,464.96
1343,PED-2023-001343,1154.18
1344,PED-2023-001344,1107.46
1345,PED-2023-001345,785.12
1346,PED-2023-001346,1597.64
1347,PED-2023-001347,853.34
1348,PED-2023-001348,1179.26
1349,PED-2023-001349,2115.08
1350,PED-2023-001350,662.24
1351,PED-2023-001351,1647.38
1352,PED-2023-001352,1633.54
1353,PED-2023-001353,1081.04
1354,PED-2023-001354,2040.03
1355,PED-2023-001355,1009.83
1356,PED-2023-001356,1315.74
1357,PED-2023-001357,2473.84
1358,PED-2023-001358,669.44
1359,PED-2023-001359,1900.96
1360,PED-2023-001360,1695.35
1361,PED-2023-001361,1148.67
1362,PED-2023-001362,2452.34
1363,PED-2023-001363,1296.56
1364,PED-2023-001364,1746.27
1365,PED-2023-001365,1798.36
1366,PED-2023-001366,508.56
1367,PED-2023-001367,1563.98
1368,PED-2023-001368,2532.26
1369,PED-2023-001369,1059.12
1370,PED-2023-001370,1378.44
1371,PED-2023-001371,1478.06
1372,PED-2023-001372,981.98
1373,PED-2023-001373,1884.92
1374,PED-2023-001374,486.88
1375,PED-2023-001375,1439.14
1376,PED-2023-001376,756.74
1377,PED-2023-001377,587.84
1378,PED-2023-001378,1203.08
1379,PED-2023-001379,612.22
1380,PED-2023-001380,916.22
1381,PED-2023-001381,1654.76
1382,PED-2023-001382,530.72
1383,PED-2023-001383,1318.58
1384,PED-2023-001384,1282.82
1385,PED-2023-001385,883.76
1386,PED-2023-001386,1794.92
1387,PED-2023-001387,973.90
1388,PED-2023-001388,1028.80
1389,PED-2023-001389,2083.58
1390,PED-2023-001390,632.65
1391,PED-2023-001391,1516.67
1392,PED-2023-001392,1573.42
1393,PED-2023-001393,924.20
1394,PED-2023-001394,2121.18
1395,PED-2023-001395,1109.03
1396,PED-2023-001396,1426.45
1397,PED-2023-001397,2674.91
1398,PED-2023-001398,720.94
1399,PED-2023-001399,2047.87
1400,PED-2023-001400,1841.81
1401,PED-2023-001401,1475.60
1402,PED-2023-001402,1904.52
1403,PED-2023-001403,1390.38
1404,PED-2023-001404,1332.70
1405,PED-2023-001405,2498.68
1406,PED-2023-001406,662.24
1407,PED-2023-001407,1877.54
1408,PED-2023-001408,1480.10
1409,PED-2023-001409,697.44
1410,PED-2023-001410,1575.72
1411,PED-2023-001411,1598.62
1412,PED-2023-001412,1113.50
1413,PED-2023-001413,1194.44
1414,PED-2023-001414,399.20
1415,PED-2023-001415,989.78
1416,PED-2023-001416,932.10
1417,PED-2023-001417,686.48
1418,PED-2023-001418,1400.36
1419,PED-2023-001419,732.78
1420,PED-2023-001420,1047.74
1421,PED-2023-001421,1615.73
1422,PED-2023-001422,535.76
1423,PED-2023-001423,1165.19
1424,PED-2023-001424,1333.13
1425,PED-2023-001425,846.73
1426,PED-2023-001426,1668.65
1427,PED-2023-001427,884.01
1428,PED-2023-001428,1132.91
1429,PED-2023-001429,2289.62
1430,PED-2023-001430,689.09
1431,PED-2023-001431,1655.33
1432,PED-2023-001432,1724.10
1433,PED-2023-001433,1002.03
1434,PED-2023-001434,2584.04
1435,PED-2023-001435,1456.14
1436,PED-2023-001436,1836.86
1437,PED-2023-001437,3265.88
1438,PED-2023-001438,991.04
1439,PED-2023-001439,1548.74
1440,PED-2023-001440,2356.90
1441,PED-2023-001441,960.48
1442,PED-2023-001442,2101.80
1443,PED-2023-001443,1510.94
1444,PED-2023-001444,1464.22
1445,PED-2023-001445,1654.76
1446,PED-2023-001446,421.12
1447,PED-2023-001447,1274.74
1448,PED-2023-001448,1655.46
1449,PED-2023-001449,796.08
1450,PED-2023-001450,1773.00
1451,PED-2023-001451,491.66
1452,PED-2023-001452,784.70
1453,PED-2023-001453,1424.60
1454,PED-2023-001454,423.11
1455,PED-2023-001455,992.34
1456,PED-2023-001456,955.48
1457,PED-2023-001457,701.32
1458,PED-2023-001458,1255.59
1459,PED-2023-001459,783.54
1460,PED-2023-001460,1012.84
1461,PED-2023-001461,1771.77
1462,PED-2023-001462,594.38
1463,PED-2023-001463,1295.64
1464,PED-2023-001464,1494.20
1465,PED-2023-001465,930.55
1466,PED-2023-001466,1835.31
1467,PED-2023-001467,1015.34
1468,PED-2023-001468,1573.82
1469,PED-2023-001469,2805.56
1470,PED-2023-001470,859.52
1471,PED-2023-001471,2140.58
1472,PED-2023-001472,2159.62
1473,PED-2023-001473,1376.96
1474,PED-2023-001474,2781.32
1475,PED-2023-001475,1576.70
1476,PED-2023-001476,1968.38
1477,PED-2023-001477,2268.52
1478,PED-2023-001478,596.48
1479,PED-2023-001479,1713.14
1480,PED-2023-001480,2532.26
1481,PED-2023-001481,1059.12
1482,PED-2023-001482,1378.44
1483,PED-2023-001483,1478.06
1484,PED-2023-001484,981.98
1485,PED-2023-001485,1884.92
1486,PED-2023-001486,486.88
1487,PED-2023-001487,1439.14
1488,PED-2023-001488,612.94
1489,PED-2023-001489,516.09
1490,PED-2023-001490,1035.18
1491,PED-2023-001491,529.31
1492,PED-2023-001492,817.02
1493,PED-2023-001493,1299.97
1494,PED-2023-001494,464.96
1495,PED-2023-001495,1130.98
1496,PED-2023-001496,1107.82
1497,PED-2023-001497,788.43
1498,PED-2023-001498,1412.35
1499,PED-2023-001499,895.32
1500,PED-2023-001500,1156.23
1501,PED-2023-001501,2345.24
1502,PED-2023-001502,728.00
1503,PED-2023-001503,1811.78
1504,PED-2023-001504,1808.90
1505,PED-2023-001505,1179.68
1506,PED-2023-001506,2386.76
1507,PED-2023-001507,1335.58
1508,PED-2023-001508,1705.34
1509,PED-2023-001509,3035.72
1510,PED-2023-001510,925.28
1511,PED-2023-001511,2304.98
1512,PED-2023-001512,2334.98
1513,PED-2023-001513,1475.60
1514,PED-2023-001514,1904.52
1515,PED-2023-001515,1390.38
1516,PED-2023-001516,1332.70
1517,PED-2023-001517,2498.68
1518,PED-2023-001518,662.24
1519,PED-2023-001519,1877.54
1520,PED-2023-001520,1480.10
1521,PED-2023-001521,631.05
1522,PED-2023-001522,1301.54
1523,PED-2023-001523,1342.64
1524,PED-2023-001524,1010.86
1525,PED-2023-001525,1030.08
1526,PED-2023-001526,328.81
1527,PED-2023-001527,882.86
1528,PED-2023-001528,756.56
1529,PED-2023-001529,603.77
1530,PED-2023-001530,1201.22
1531,PED-2023-001531,635.05
1532,PED-2023-001532,932.62
1533,PED-2023-001533,1483.04
1534,PED-2023-001534,596.48
1535,PED-2023-001535,1482.98
1536,PED-2023-001536,1458.18
1537,PED-2023-001537,982.40
1538,PED-2023-001538,1992.20
1539,PED-2023-001539,1094.46
1540,PED-2023-001540,1442.30
1541,PED-2023-001541,2575.40
1542,PED-2023-001542,793.76
1543,PED-2023-001543,1976.18
1544,PED-2023-001544,1984.26
1545,PED-2023-001545,1278.32
1546,PED-2023-001546,2584.04
1547,PED-2023-001547,1456.14
1548,PED-2023-001548,1836.86
1549,PED-2023-001549,3265.88
1550,PED-2023-001550,991.04
1551,PED-2023-001551,1548.74
1552,PED-2023-001552,2356.90
1553,PED-2023-001553,960.48
1554,PED-2023-001554,2055.95
1555,PED-2023-001555,1214.23
1556,PED-2023-001556,1255.47
1557,PED-2023-001557,1354.23
1558,PED-2023-001558,336.24
1559,PED-2023-001559,1162.31
1560,PED-2023-001560,1316.69
1561,PED-2023-001561,680.15
1562,PED-2023-001562,1474.19
1563,PED-2023-001563,398.96
1564,PED-2023-001564,690.77
1565,PED-2023-001565,1223.52
1566,PED-2023-001566,383.62
1567,PED-2023-001567,1103.66
1568,PED-2023-001568,1107.46
1569,PED-2023-001569,785.12
1570,PED-2023-001570,1597.64
1571,PED-2023-001571,853.34
1572,PED-2023-001572,1179.26
1573,PED-2023-001573,2115.08
1574,PED-2023-001574,662.24
1575,PED-2023-001575,1647.38
1576,PED-2023-001576,1633.54
1577,PED-2023-001577,1081.04
1578,PED-2023-001578,2189.48
1579,PED-2023-001579,1215.02
1580,PED-2023-001580,1573.82
1581,PED-2023-001581,2805.56
1582,PED-2023-001582,859.52
1583,PED-2023-001583,2140.58
1584,PED-2023-001584,2159.62
1585,PED-2023-001585,1376.96
1586,PED-2023-001586,2781.32
1587,PED-2023-001587,1576.70
1588,PED-2023-001588,1549.40
1589,PED-2023-001589,2070.46
1590,PED-2023-001590,477.56
1591,PED-2023-001591,1473.39
1592,PED-2023-001592,2188.82
1593,PED-2023-001593,852.96
1594,PED-2023-001594,1261.98
1595,PED-2023-001595,1198.37
1596,PED-2023-001596,844.50
1597,PED-2023-001597,1555.38
1598,PED-2023-001598,387.76
1599,PED-2023-001599,1309.11
1600,PED-2023-001600,598.96
1601,PED-2023-001601,587.84
1602,PED-2023-001602,1203.08
1603,PED-2023-001603,612.22
1604,PED-2023-001604,916.22
1605,PED-2023-001605,1654.76
1606,PED-2023-001606,530.72
1607,PED-2023-001607,1318.58
1608,PED-2023-001608,1282.82
1609,PED-2023-001609,883.76
1610,PED-2023-001610,1794.92
1611,PED-2023-001611,973.90
1612,PED-2023-001612,1310.78
1613,PED-2023-001613,2345.24
1614,PED-2023-001614,728.00
1615,PED-2023-001615,1811.78
1616,PED-2023-001616,1808.90
1617,PED-2023-001617,1179.68
1618,PED-2023-001618,2386.76
1619,PED-2023-001619,1335.58
1620,PED-2023-001620,1705.34
1621,PED-2023-001621,2621.31
1622,PED-2023-001622,828.94
1623,PED-2023-001623,1817.31
1624,PED-2023-001624,2138.69
1625,PED-2023-001625,1265.95
1626,PED-2023-001626,1642.36
1627,PED-2023-001627,1087.31
1628,PED-2023-001628,1078.11
1629,PED-2023-001629,2276.42
1630,PED-2023-001630,534.03
1631,PED-2023-001631,1612.05
1632,PED-2023-001632,1173.34
1633,PED-2023-001633,562.54
1634,PED-2023-001634,1575.72
1635,PED-2023-001635,1598.62
1636,PED-2023-001636,1113.50
1637,PED-2023-001637,1194.44
1638,PED-2023-001638,399.20
1639,PED-2023-001639,989.78
1640,PED-2023-001640,932.10
1641,PED-2023-001641,686.48
1642,PED-2023-001642,1400.36
1643,PED-2023-001643,732.78
1644,PED-2023-001644,1047.74
1645,PED-2023-001645,1884.92
1646,PED-2023-001646,596.48
1647,PED-2023-001647,1482.98
1648,PED-2023-001648,1458.18
1649,PED-2023-001649,982.40
1650,PED-2023-001650,1992.20
1651,PED-2023-001651,1094.46
1652,PED-2023-001652,1442.30
1653,PED-2023-001653,2575.40
1654,PED-2023-001654,727.25
1655,PED-2023-001655,1685.56
1656,PED-2023-001656,1717.20
1657,PED-2023-001657,1136.98
1658,PED-2023-001658,2039.23
1659,PED-2023-001659,1342.50
1660,PED-2023-001660,1569.06
1661,PED-2023-001661,2744.47
1662,PED-2023-001662,887.56
1663,PED-2023-001663,1257.28
1664,PED-2023-001664,2169.33
1665,PED-2023-001665,766.73
1666,PED-2023-001666,1808.95
1667,PED-2023-001667,1201.66
1668,PED-2023-001668,1464.22
1669,PED-2023-001669,1654.76
1670,PED-2023-001670,421.12
1671,PED-2023-001671,1274.74
1672,PED-2023-001672,1655.46
1673,PED-2023-001673,796.08
1674,PED-2023-001674,1773.00
1675,PED-2023-001675,491.66
1676,PED-2023-001676,784.70
1677,PED-2023-001677,1424.60
1678,PED-2023-001678,464.96
1679,PED-2023-001679,1154.18
1680,PED-2023-001680,1107.46
1681,PED-2023-001681,785.12
1682,PED-2023-001682,1597.64
1683,PED-2023-001683,853.34
1684,PED-2023-001684,1179.26
1685,PED-2023-001685,2115.08
1686,PED-2023-001686,662.24
1687,PED-2023-001687,1647.38
1688,PED-2023-001688,1330.82
1689,PED-2023-001689,954.49
1690,PED-2023-001690,1865.40
1691,PED-2023-001691,1058.13
1692,PED-2023-001692,1395.16
1693,PED-2023-001693,2215.13
1694,PED-2023-001694,755.40
1695,PED-2023-001695,1824.20
1696,PED-2023-001696,1869.54
1697,PED-2023-001697,1224.09
1698,PED-2023-001698,2195.99
1699,PED-2023-001699,1454.28
1700,PED-2023-001700,1726.15
1701,PED-2023-001701,2268.52
1702,PED-2023-001702,596.48
1703,PED-2023-001703,1713.14
1704,PED-2023-001704,2532.26
1705,PED-2023-001705,1059.12
1706,PED-2023-001706,1378.44
1707,PED-2023-001707,1478.06
1708,PED-2023-001708,981.98
1709,PED-2023-001709,1884.92
1710,PED-2023-001710,486.88
1711,PED-2023-001711,1439.14
1712,PED-2023-001712,756.74
1713,PED-2023-001713,587.84
1714,PED-2023-001714,1203.08
1715,PED-2023-001715,612.22
1716,PED-2023-001716,916.22
1717,PED-2023-001717,1654.76
1718,PED-2023-001718,530.72
1719,PED-2023-001719,1318.58
1720,PED-2023-001720,1282.82
1721,PED-2023-001721,748.87
1722,PED-2023-001722,1589.24
1723,PED-2023-001723,797.88
1724,PED-2023-001724,1159.91
1725,PED-2023-001725,1997.30
1726,PED-2023-001726,602.81
1727,PED-2023-001727,1603.48
1728,PED-2023-001728,1474.44
1729,PED-2023-001729,1042.17
1730,PED-2023-001730,2031.44
1731,PED-2023-001731,1163.87
1732,PED-2023-001732,1510.76
1733,PED-2023-001733,2398.20
1734,PED-2023-001734,925.28
1735,PED-2023-001735,2304.98
1736,PED-2023-001736,2334.98
1737,PED-2023-001737,1475.60
1738,PED-2023-001738,1904.52
1739,PED-2023-001739,1390.38
1740,PED-2023-001740,1332.70
1741,PED-2023-001741,2498.68
1742,PED-2023-001742,662.24
1743,PED-2023-001743,1877.54
1744,PED-2023-001744,1480.10
1745,PED-2023-001745,697.44
1746,PED-2023-001746,1575.72
1747,PED-2023-001747,1598.62
1748,PED-2023-001748,1113.50
1749,PED-2023-001749,1194.44
1750,PED-2023-001750,399.20
1751,PED-2023-001751,989.78
1752,PED-2023-001752,932.10
1753,PED-2023-001753,686.48
1754,PED-2023-001754,1296.97
1755,PED-2023-001755,613.09
1756,PED-2023-001756,872.97
1757,PED-2023-001757,1669.33
1758,PED-2023-001758,463.38
1759,PED-2023-001759,1313.55
1760,PED-2023-001760,1145.18
1761,PED-2023-001761,817.71
1762,PED-2023-001762,1761.89
1763,PED-2023-001763,897.64
1764,PED-2023-001764,1277.13
1765,PED-2023-001765,2190.74
1766,PED-2023-001766,657.62
1767,PED-2023-001767,1870.86
1768,PED-2023-001768,1984.26
1769,PED-2023-001769,1278.32
1770,PED-2023-001770,2584.04
1771,PED-2023-001771,1456.14
1772,PED-2023-001772,1836.86
1773,PED-2023-001773,3265.88
1774,PED-2023-001774,991.04
1775,PED-2023-001775,1548.74
1776,PED-2023-001776,2356.90
1777,PED-2023-001777,960.48
1778,PED-2023-001778,2101.80
1779,PED-2023-001779,1510.94
1780,PED-2023-001780,1464.22
1781,PED-2023-001781,1654.76
1782,PED-2023-001782,421.12
1783,PED-2023-001783,1274.74
1784,PED-2023-001784,1655.46
1785,PED-2023-001785,796.08
1786,PED-2023-001786,1773.00
1787,PED-2023-001787,491.66
1788,PED-2023-001788,612.31
1789,PED-2023-001789,1259.38
1790,PED-2023-001790,406.87
1791,PED-2023-001791,962.11
1792,PED-2023-001792,970.60
1793,PED-2023-001793,612.95
1794,PED-2023-001794,1415.41
1795,PED-2023-001795,712.31
1796,PED-2023-001796,983.68
1797,PED-2023-001797,1870.48
1798,PED-2023-001798,514.90
1799,PED-2023-001799,1460.35
1800,PED-2023-001800,1289.44
1801,PED-2023-001801,1081.04
1802,PED-2023-001802,2189.48
1803,PED-2023-001803,1215.02
1804,PED-2023-001804,1573.82
1805,PED-2023-001805,2805.56
1806,PED-2023-001806,859.52
1807,PED-2023-001807,2140.58
1808,PED-2023-001808,2159.62
1809,PED-2023-001809,1376.96
1810,PED-2023-001810,2781.32
1811,PED-2023-001811,1576.70
1812,PED-2023-001812,1968.38
1813,PED-2023-001813,2268.52
1814,PED-2023-001814,596.48
1815,PED-2023-001815,1713.14
1816,PED-2023-001816,2532.26
1817,PED-2023-001817,1059.12
1818,PED-2023-001818,1378.44
1819,PED-2023-001819,1478.06
1820,PED-2023-001820,981.98
1821,PED-2023-001821,1731.95
1822,PED-2023-001822,416.28
1823,PED-2023-001823,1165.20
1824,PED-2023-001824,688.64
1825,PED-2023-001825,511.33
1826,PED-2023-001826,1002.35
1827,PED-2023-001827,500.41
1828,PED-2023-001828,716.45
1829,PED-2023-001829,1465.41
1830,PED-2023-001830,463.33
1831,PED-2023-001831,1100.72
1832,PED-2023-001832,1121.28
1833,PED-2023-001833,690.78
1834,PED-2023-001834,1794.92
1835,PED-2023-001835,973.90
1836,PED-2023-001836,1310.78
1837,PED-2023-001837,2345.24
1838,PED-2023-001838,728.00
1839,PED-2023-001839,1811.78
1840,PED-2023-001840,1808.90
1841,PED-2023-001841,1179.68
1842,PED-2023-001842,2386.76
1843,PED-2023-001843,1335.58
1844,PED-2023-001844,1705.34
1845,PED-2023-001845,3035.72
1846,PED-2023-001846,925.28
1847,PED-2023-001847,2304.98
1848,PED-2023-001848,2334.98
1849,PED-2023-001849,1475.60
1850,PED-2023-001850,1904.52
1851,PED-2023-001851,1390.38
1852,PED-2023-001852,1332.70
1853,PED-2023-001853,2498.68
1854,PED-2023-001854,640.13
1855,PED-2023-001855,1504.16
1856,PED-2023-001856,1312.80
1857,PED-2023-001857,582.93
1858,PED-2023-001858,1280.81
1859,PED-2023-001859,1502.52
1860,PED-2023-001860,936.11
1861,PED-2023-001861,993.61
1862,PED-2023-001862,359.87
1863,PED-2023-001863,773.97
1864,PED-2023-001864,849.78
1865,PED-2023-001865,595.21
1866,PED-2023-001866,1168.83
1867,PED-2023-001867,620.78
1868,PED-2023-001868,1047.74
1869,PED-2023-001869,1884.92
1870,PED-2023-001870,596.48
1871,PED-2023-001871,1482.98
1872,PED-2023-001872,1458.18
1873,PED-2023-001873,982.40
1874,PED-2023-001874,1992.20
1875,PED-2023-001875,1094.46
1876,PED-2023-001876,1442.30
1877,PED-2023-001877,2575.40
1878,PED-2023-001878,793.76
1879,PED-2023-001879,1976.18
1880,PED-2023-001880,1984.26
1881,PED-2023-001881,1278.32
1882,PED-2023-001882,2584.04
1883,PED-2023-001883,1456.14
1884,PED-2023-001884,1836.86
1885,PED-2023-001885,3265.88
1886,PED-2023-001886,991.04
1887,PED-2023-001887,1548.74
1888,PED-2023-001888,1933.62
1889,PED-2023-001889,871.21
1890,PED-2023-001890,1675.23
1891,PED-2023-001891,1341.45
1892,PED-2023-001892,1282.80
1893,PED-2023-001893,1350.40
1894,PED-2023-001894,378.35
1895,PED-2023-001895,1067.40
1896,PED-2023-001896,1465.07
1897,PED-2023-001897,670.11
1898,PED-2023-001898,1437.57
1899,PED-2023-001899,448.12
1900,PED-2023-001900,700.30
1901,PED-2023-001901,1424.60
1902,PED-2023-001902,464.96
1903,PED-2023-001903,1154.18
1904,PED-2023-001904,1107.46
1905,PED-2023-001905,785.12
1906,PED-2023-001906,1597.64
1907,PED-2023-001907,853.34
1908,PED-2023-001908,1179.26
1909,PED-2023-001909,2115.08
1910,PED-2023-001910,662.24
1911,PED-2023-001911,1647.38
1912,PED-2023-001912,1633.54
1913,PED-2023-001913,1081.04
1914,PED-2023-001914,2189.48
1915,PED-2023-001915,1215.02
1916,PED-2023-001916,1573.82
1917,PED-2023-001917,2805.56
1918,PED-2023-001918,859.52
1919,PED-2023-001919,2140.58
1920,PED-2023-001920,2159.62
1921,PED-2023-001921,1173.57
1922,PED-2023-001922,2452.34
1923,PED-2023-001923,1296.56
1924,PED-2023-001924,1746.27
1925,PED-2023-001925,1798.36
1926,PED-2023-001926,508.56
1927,PED-2023-001927,1495.50
1928,PED-2023-001928,2077.24
1929,PED-2023-001929,958.85
1930,PED-2023-001930,1150.79
1931,PED-2023-001931,1316.76
1932,PED-2023-001932,815.41
1933,PED-2023-001933,1533.40
1934,PED-2023-001934,486.88
1935,PED-2023-001935,1439.14
1936,PED-2023-001936,756.74
1937,PED-2023-001937,587.84
1938,PED-2023-001938,1203.08
1939,PED-2023-001939,612.22
1940,PED-2023-001940,916.22
1941,PED-2023-001941,1654.76
1942,PED-2023-001942,530.72
1943,PED-2023-001943,1318.58
1944,PED-2023-001944,1282.82
1945,PED-2023-001945,883.76
1946,PED-2023-001946,1794.92
1947,PED-2023-001947,973.90
1948,PED-2023-001948,1310.78
1949,PED-2023-001949,2345.24
1950,PED-2023-001950,728.00
1951,PED-2023-001951,1811.78
1952,PED-2023-001952,1808.90
1953,PED-2023-001953,1179.68
1954,PED-2023-001954,2225.83
1955,PED-2023-001955,1109.03
1956,PED-2023-001956,1426.45
1957,PED-2023-001957,2674.91
1958,PED-2023-001958,720.94
1959,PED-2023-001959,2047.87
1960,PED-2023-001960,1832.92
1961,PED-2023-001961,1231.45
1962,PED-2023-001962,1658.29
1963,PED-2023-001963,1166.16
1964,PED-2023-001964,1211.39
1965,PED-2023-001965,1991.80
1966,PED-2023-001966,563.37
1967,PED-2023-001967,1717.42
1968,PED-2023-001968,1480.10
1969,PED-2023-001969,697.44
1970,PED-2023-001970,1575.72
1971,PED-2023-001971,1598.62
1972,PED-2023-001972,1113.50
1973,PED-2023-001973,1194.44
1974,PED-2023-001974,399.20
1975,PED-2023-001975,989.78
1976,PED-2023-001976,932.10
1977,PED-2023-001977,686.48
1978,PED-2023-001978,1400.36
1979,PED-2023-001979,732.78
1980,PED-2023-001980,1047.74
1981,PED-2023-001981,1884.92
1982,PED-2023-001982,596.48
1983,PED-2023-001983,1482.98
1984,PED-2023-001984,1458.18
1985,PED-2023-001985,982.40
1986,PED-2023-001986,1992.20
1987,PED-2023-001987,1094.46
1988,PED-2023-001988,1132.91
1989,PED-2023-001989,2289.62
1990,PED-2023-001990,689.09
1991,PED-2023-001991,1655.33
1992,PED-2023-001992,1724.10
1993,PED-2023-001993,1002.03
1994,PED-2023-001994,2297.69
1995,PED-2023-001995,1208.25
1996,PED-2023-001996,1537.16
1997,PED-2023-001997,2876.06
1998,PED-2023-001998,772.46
1999,PED-2023-001999,1412.15
2000,PED-2023-002000,1826.48
2001,PED-2023-002001,960.48
2002,PED-2023-002002,2101.80
2003,PED-2023-002003,1510.94
2004,PED-2023-002004,1464.22
2005,PED-2023-002005,1654.76
2006,PED-2023-002006,421.12
2007,PED-2023-002007,1274.74
2008,PED-2023-002008,1655.46
2009,PED-2023-002009,796.08
2010,PED-2023-002010,1773.00
2011,PED-2023-002011,491.66
2012,PED-2023-002012,784.70
2013,PED-2023-002013,1424.60
2014,PED-2023-002014,464.96
2015,PED-2023-002015,1154.18
2016,PED-2023-002016,1107.46
2017,PED-2023-002017,785.12
2018,PED-2023-002018,1597.64
2019,PED-2023-002019,853.34
2020,PED-2023-002020,1179.26
2021,PED-2023-002021,1816.89
2022,PED-2023-002022,594.38
2023,PED-2023-002023,1295.64
2024,PED-2023-002024,1494.20
2025,PED-2023-002025,930.55
2026,PED-2023-002026,1835.31
2027,PED-2023-002027,979.91
2028,PED-2023-002028,1237.05
2029,PED-2023-002029,2495.65
2030,PED-2023-002030,745.55
2031,PED-2023-002031,1793.94
2032,PED-2023-002032,1874.78
2033,PED-2023-002033,1079.86
2034,PED-2023-002034,2781.32
2035,PED-2023-002035,1576.70
2036,PED-2023-002036,1968.38
2037,PED-2023-002037,2268.52
2038,PED-2023-002038,596.48
2039,PED-2023-002039,1713.14
2040,PED-2023-002040,2532.26
2041,PED-2023-002041,1059.12
2042,PED-2023-002042,1378.44
2043,PED-2023-002043,1478.06
2044,PED-2023-002044,981.98
2045,PED-2023-002045,1884.92
2046,PED-2023-002046,486.88
2047,PED-2023-002047,1439.14
2048,PED-2023-002048,756.74
2049,PED-2023-002049,587.84
2050,PED-2023-002050,1203.08
2051,PED-2023-002051,612.22
2052,PED-2023-002052,916.22
2053,PED-2023-002053,1654.76
2054,PED-2023-002054,483.95
2055,PED-2023-002055,1130.98
2056,PED-2023-002056,1107.82
2057,PED-2023-002057,788.43
2058,PED-2023-002058,1412.35
2059,PED-2023-002059,895.32
2060,PED-2023-002060,1124.08
2061,PED-2023-002061,1966.31
2062,PED-2023-002062,653.05
2063,PED-2023-002063,1426.09
2064,PED-2023-002064,1655.34
2065,PED-2023-002065,1014.43
2066,PED-2023-002066,2001.79
2067,PED-2023-002067,1113.98
2068,PED-2023-002068,1705.34
2069,PED-2023-002069,3035.72
2070,PED-2023-002070,925.28
2071,PED-2023-002071,2304.98
2072,PED-2023-002072,2334.98
2073,PED-2023-002073,1475.60
2074,PED-2023-002074,1904.52
2075,PED-2023-002075,1390.38
2076,PED-2023-002076,1332.70
2077,PED-2023-002077,2498.68
2078,PED-2023-002078,662.24
2079,PED-2023-002079,1877.54
2080,PED-2023-002080,1480.10
2081,PED-2023-002081,697.44
2082,PED-2023-002082,1575.72
2083,PED-2023-002083,1598.62
2084,PED-2023-002084,1113.50
2085,PED-2023-002085,1194.44
2086,PED-2023-002086,399.20
2087,PED-2023-002087,989.78
2088,PED-2023-002088,756.56
2089,PED-2023-002089,603.77
2090,PED-2023-002090,1201.22
2091,PED-2023-002091,635.05
2092,PED-2023-002092,932.62
2093,PED-2023-002093,1483.04
2094,PED-2023-002094,523.03
2095,PED-2023-002095,1269.62
2096,PED-2023-002096,1260.16
2097,PED-2023-002097,875.61
2098,PED-2023-002098,1569.06
2099,PED-2023-002099,1007.08
2100,PED-2023-002100,1270.22
2101,PED-2023-002101,2575.40
2102,PED-2023-002102,793.76
2103,PED-2023-002103,1976.18
2104,PED-2023-002104,1984.26
2105,PED-2023-002105,1278.32
2106,PED-2023-002106,2584.04
2107,PED-2023-002107,1456.14
2108,PED-2023-002108,1836.86
2109,PED-2023-002109,3265.88
2110,PED-2023-002110,991.04
2111,PED-2023-002111,1548.74
2112,PED-2023-002112,2356.90
2113,PED-2023-002113,960.48
2114,PED-2023-002114,2101.80
2115,PED-2023-002115,1510.94
2116,PED-2023-002116,1464.22
2117,PED-2023-002117,1654.76
2118,PED-2023-002118,421.12
2119,PED-2023-002119,1274.74
2120,PED-2023-002120,1655.46
2121,PED-2023-002121,716.01
2122,PED-2023-002122,1474.19
2123,PED-2023-002123,398.96
2124,PED-2023-002124,690.77
2125,PED-2023-002125,1223.52
2126,PED-2023-002126,383.62
2127,PED-2023-002127,1026.95
2128,PED-2023-002128,900.10
2129,PED-2023-002129,691.46
2130,PED-2023-002130,1367.26
2131,PED-2023-002131,740.86
2132,PED-2023-002132,1048.31
2133,PED-2023-002133,1665.98
2134,PED-2023-002134,662.24
2135,PED-2023-002135,1647.38
2136,PED-2023-002136,1633.54
2137,PED-2023-002137,1081.04
2138,PED-2023-002138,2189.48
2139,PED-2023-002139,1215.02
2140,PED-2023-002140,1573.82
2141,PED-2023-002141,2805.56
2142,PED-2023-002142,859.52
2143,PED-2023-002143,2140.58
2144,PED-2023-002144,2159.62
2145,PED-2023-002145,1376.96
2146,PED-2023-002146,2781.32
2147,PED-2023-002147,1576.70
2148,PED-2023-002148,1968.38
2149,PED-2023-002149,2268.52
2150,PED-2023-002150,596.48
2151,PED-2023-002151,1713.14
2152,PED-2023-002152,2532.26
2153,PED-2023-002153,1059.12
2154,PED-2023-002154,1321.11
2155,PED-2023-002155,1198.37
2156,PED-2023-002156,844.50
2157,PED-2023-002157,1555.38
2158,PED-2023-002158,387.76
2159,PED-2023-002159,1309.11
2160,PED-2023-002160,595.00
2161,PED-2023-002161,486.70
2162,PED-2023-002162,1071.37
2163,PED-2023-002163,498.65
2164,PED-2023-002164,808.11
2165,PED-2023-002165,1416.96
2166,PED-2023-002166,438.41
2167,PED-2023-002167,1257.10
2168,PED-2023-002168,1282.82
2169,PED-2023-002169,883.76
2170,PED-2023-002170,1794.92
2171,PED-2023-002171,973.90
2172,PED-2023-002172,1310.78
2173,PED-2023-002173,2345.24
2174,PED-2023-002174,728.00
2175,PED-2023-002175,1811.78
2176,PED-2023-002176,1808.90
2177,PED-2023-002177,1179.68
2178,PED-2023-002178,2386.76
2179,PED-2023-002179,1335.58
2180,PED-2023-002180,1705.34
2181,PED-2023-002181,3035.72
2182,PED-2023-002182,925.28
2183,PED-2023-002183,2304.98
2184,PED-2023-002184,2334.98
2185,PED-2023-002185,1475.60
2186,PED-2023-002186,1904.52
2187,PED-2023-002187,1390.38
2188,PED-2023-002188,1078.11
2189,PED-2023-002189,2276.42
2190,PED-2023-002190,534.03
2191,PED-2023-002191,1612.05
2192,PED-2023-002192,1173.34
2193,PED-2023-002193,562.54
2194,PED-2023-002194,1438.36
2195,PED-2023-002195,1297.57
2196,PED-2023-002196,955.17
2197,PED-2023-002197,1065.97
2198,PED-2023-002198,308.85
2199,PED-2023-002199,872.98
2200,PED-2023-002200,737.00
2201,PED-2023-002201,686.48
2202,PED-2023-002202,1400.36
2203,PED-2023-002203,732.78
2204,PED-2023-002204,1047.74
2205,PED-2023-002205,1884.92
2206,PED-2023-002206,596.48
2207,PED-2023-002207,1482.98
2208,PED-2023-002208,1458.18
2209,PED-2023-002209,982.40
2210,PED-2023-002210,1992.20
2211,PED-2023-002211,1094.46
2212,PED-2023-002212,1442.30
2213,PED-2023-002213,2575.40
2214,PED-2023-002214,793.76
2215,PED-2023-002215,1976.18
2216,PED-2023-002216,1984.26
2217,PED-2023-002217,1278.32
2218,PED-2023-002218,2584.04
2219,PED-2023-002219,1456.14
2220,PED-2023-002220,1836.86
2221,PED-2023-002221,2822.47
2222,PED-2023-002222,887.56
2223,PED-2023-002223,1257.28
2224,PED-2023-002224,2169.33
2225,PED-2023-002225,766.73
2226,PED-2023-002226,1808.95
2227,PED-2023-002227,1183.21
2228,PED-2023-002228,1182.25
2229,PED-2023-002229,1515.83
2230,PED-2023-002230,360.30
2231,PED-2023-002231,1098.50
2232,PED-2023-002232,1324.03
2233,PED-2023-002233,640.37
2234,PED-2023-002234,1773.00
2235,PED-2023-002235,491.66
2236,PED-2023-002236,784.70
2237,PED-2023-002237,1424.60
2238,PED-2023-002238,464.96
2239,PED-2023-002239,1154.18
2240,PED-2023-002240,1107.46
2241,PED-2023-002241,785.12
2242,PED-2023-002242,1597.64
2243,PED-2023-002243,853.34
2244,PED-2023-002244,1179.26
2245,PED-2023-002245,2115.08
2246,PED-2023-002246,662.24
2247,PED-2023-002247,1647.38
2248,PED-2023-002248,1633.54
2249,PED-2023-002249,1081.04
2250,PED-2023-002250,2189.48
2251,PED-2023-002251,1215.02
2252,PED-2023-002252,1573.82
2253,PED-2023-002253,2805.56
2254,PED-2023-002254,788.09
2255,PED-2023-002255,1824.20
2256,PED-2023-002256,1869.54
2257,PED-2023-002257,1224.09
2258,PED-2023-002258,2195.99
2259,PED-2023-002259,1454.28
2260,PED-2023-002260,1680.30
2261,PED-2023-002261,1957.01
2262,PED-2023-002262,531.93
2263,PED-2023-002263,1387.73
2264,PED-2023-002264,2330.48
2265,PED-2023-002265,850.57
2266,PED-2023-002266,1192.98
2267,PED-2023-002267,1146.86
2268,PED-2023-002268,981.98
2269,PED-2023-002269,1884.92
2270,PED-2023-002270,486.88
2271,PED-2023-002271,1439.14
2272,PED-2023-002272,756.74
2273,PED-2023-002273,587.84
2274,PED-2023-002274,1203.08
2275,PED-2023-002275,612.22
2276,PED-2023-002276,916.22
2277,PED-2023-002277,1654.76
2278,PED-2023-002278,530.72
2279,PED-2023-002279,1318.58
2280,PED-2023-002280,1282.82
2281,PED-2023-002281,883.76
2282,PED-2023-002282,1794.92
2283,PED-2023-002283,973.90
2284,PED-2023-002284,1310.78
2285,PED-2023-002285,2345.24
2286,PED-2023-002286,728.00
2287,PED-2023-002287,1811.78
2288,PED-2023-002288,1474.44
2289,PED-2023-002289,1042.17
2290,PED-2023-002290,2031.44
2291,PED-2023-002291,1163.87
2292,PED-2023-002292,1510.76
2293,PED-2023-002293,2398.20
2294,PED-2023-002294,813.47
2295,PED-2023-002295,1962.84
2296,PED-2023-002296,2021.88
2297,PED-2023-002297,1311.27
2298,PED-2023-002298,1547.14
2299,PED-2023-002299,1305.20
2300,PED-2023-002300,1072.94
2301,PED-2023-002301,2498.68
2302,PED-2023-002302,662.24
2303,PED-2023-002303,1877.54
2304,PED-2023-002304,1480.10
2305,PED-2023-002305,697.44
2306,PED-2023-002306,1575.72
2307,PED-2023-002307,1598.62
2308,PED-2023-002308,1113.50
2309,PED-2023-002309,1194.44
2310,PED-2023-002310,399.20
2311,PED-2023-002311,989.78
2312,PED-2023-002312,932.10
2313,PED-2023-002313,686.48
2314,PED-2023-002314,1400.36
2315,PED-2023-002315,732.78
2316,PED-2023-002316,1047.74
2317,PED-2023-002317,1884.92
2318,PED-2023-002318,596.48
2319,PED-2023-002319,1482.98
2320,PED-2023-002320,1458.18
2321,PED-2023-002321,833.83
2322,PED-2023-002322,1761.89
2323,PED-2023-002323,897.64
2324,PED-2023-002324,1277.13
2325,PED-2023-002325,2190.74
2326,PED-2023-002326,657.62
2327,PED-2023-002327,1747.57
2328,PED-2023-002328,1617.98
2329,PED-2023-002329,1129.86
2330,PED-2023-002330,2197.48
2331,PED-2023-002331,1269.68
2332,PED-2023-002332,1626.45
2333,PED-2023-002333,2581.14
2334,PED-2023-002334,991.04
2335,PED-2023-002335,1548.74
2336,PED-2023-002336,2356.90
2337,PED-2023-002337,960.48
2338,PED-2023-002338,2101.80
2339,PED-2023-002339,1510.94
2340,PED-2023-002340,1464.22
2341,PED-2023-002341,1654.76
2342,PED-2023-002342,421.12
2343,PED-2023-002343,1274.74
2344,PED-2023-002344,1655.46
2345,PED-2023-002345,796.08
2346,PED-2023-002346,1773.00
2347,PED-2023-002347,491.66
2348,PED-2023-002348,784.70
2349,PED-2023-002349,1424.60
2350,PED-2023-002350,464.96
2351,PED-2023-002351,1154.18
2352,PED-2023-002352,1107.46
2353,PED-2023-002353,785.12
2354,PED-2023-002354,1482.77
2355,PED-2023-002355,712.31
2356,PED-2023-002356,983.68
2357,PED-2023-002357,1870.48
2358,PED-2023-002358,514.90
2359,PED-2023-002359,1460.35
2360,PED-2023-002360,1282.74
2361,PED-2023-002361,900.44
2362,PED-2023-002362,1934.47
2363,PED-2023-002363,997.33
2364,PED-2023-002364,1394.47
2365,PED-2023-002365,2384.18
2366,PED-2023-002366,712.41
2367,PED-2023-002367,2024.30
2368,PED-2023-002368,2159.62
2369,PED-2023-002369,1376.96
2370,PED-2023-002370,2781.32
2371,PED-2023-002371,1576.70
2372,PED-2023-002372,1968.38
2373,PED-2023-002373,2268.52
2374,PED-2023-002374,596.48
2375,PED-2023-002375,1713.14
2376,PED-2023-002376,2532.26
2377,PED-2023-002377,1059.12
2378,PED-2023-002378,1378.44
2379,PED-2023-002379,1478.06
2380,PED-2023-002380,981.98
2381,PED-2023-002381,1884.92
2382,PED-2023-002382,486.88
2383,PED-2023-002383,1439.14
2384,PED-2023-002384,756.74
2385,PED-2023-002385,587.84
2386,PED-2023-002386,1203.08
2387,PED-2023-002387,612.22
2388,PED-2023-002388,716.45
2389,PED-2023-002389,1465.41
2390,PED-2023-002390,463.33
2391,PED-2023-002391,1100.72
2392,PED-2023-002392,1121.28
2393,PED-2023-002393,690.78
2394,PED-2023-002394,1591.79
2395,PED-2023-002395,811.43
2396,PED-2023-002396,1094.38
2397,PED-2023-002397,2071.55
2398,PED-2023-002398,566.41
2399,PED-2023-002399,1607.30
2400,PED-2023-002400,1427.48
2401,PED-2023-002401,1179.68
2402,PED-2023-002402,2386.76
2403,PED-2023-002403,1335.58
2404,PED-2023-002404,1705.34
2405,PED-2023-002405,3035.72
2406,PED-2023-002406,925.28
2407,PED-2023-002407,2304.98
2408,PED-2023-002408,2334.98
2409,PED-2023-002409,1475.60
2410,PED-2023-002410,1904.52
2411,PED-2023-002411,1390.38
2412,PED-2023-002412,1332.70
2413,PED-2023-002413,2498.68
2414,PED-2023-002414,662.24
2415,PED-2023-002415,1877.54
2416,PED-2023-002416,1480.10
2417,PED-2023-002417,697.44
2418,PED-2023-002418,1575.72
2419,PED-2023-002419,1598.62
2420,PED-2023-002420,1113.50
2421,PED-2023-002421,1012.39
2422,PED-2023-002422,359.87
2423,PED-2023-002423,773.97
2424,PED-2023-002424,849.78
2425,PED-2023-002425,595.21
2426,PED-2023-002426,1168.83
2427,PED-2023-002427,596.30
2428,PED-2023-002428,820.56
2429,PED-2023-002429,1671.45
2430,PED-2023-002430,519.77
2431,PED-2023-002431,1239.36
2432,PED-2023-002432,1271.97
2433,PED-2023-002433,768.59
2434,PED-2023-002434,1992.20
2435,PED-2023-002435,1094.46
2436,PED-2023-002436,1442.30
2437,PED-2023-002437,2575.40
2438,PED-2023-002438,793.76
2439,PED-2023-002439,1976.18
2440,PED-2023-002440,1984.26
2441,PED-2023-002441,1278.32
2442,PED-2023-002442,2584.04
2443,PED-2023-002443,1456.14
2444,PED-2023-002444,1836.86
2445,PED-2023-002445,3265.88
2446,PED-2023-002446,991.04
2447,PED-2023-002447,1548.74
2448,PED-2023-002448,2356.90
2449,PED-2023-002449,960.48
2450,PED-2023-002450,2101.80
2451,PED-2023-002451,1510.94
2452,PED-2023-002452,1464.22
2453,PED-2023-002453,1654.76
2454,PED-2023-002454,394.06
2455,PED-2023-002455,1067.40
2456,PED-2023-002456,1465.07
2457,PED-2023-002457,670.11
2458,PED-2023-002458,1437.57
2459,PED-2023-002459,448.12
2460,PED-2023-002460,679.10
2461,PED-2023-002461,1188.10
2462,PED-2023-002462,418.49
2463,PED-2023-002463,904.38
2464,PED-2023-002464,1010.85
2465,PED-2023-002465,679.05
2466,PED-2023-002466,1335.49
2467,PED-2023-002467,719.42
2468,PED-2023-002468,1179.26
2469,PED-2023-002469,2115.08
2470,PED-2023-002470,662.24
2471,PED-2023-002471,1647.38
2472,PED-2023-002472,1633.54
2473,PED-2023-002473,1081.04
2474,PED-2023-002474,2189.48
2475,PED-2023-002475,1215.02
2476,PED-2023-002476,1573.82
2477,PED-2023-002477,2805.56
2478,PED-2023-002478,859.52
2479,PED-2023-002479,2140.58
2480,PED-2023-002480,2159.62
2481,PED-2023-002481,1376.96
2482,PED-2023-002482,2781.32
2483,PED-2023-002483,1576.70
2484,PED-2023-002484,1968.38
2485,PED-2023-002485,2268.52
2486,PED-2023-002486,596.48
2487,PED-2023-002487,1713.14
2488,PED-2023-002488,2077.24
2489,PED-2023-002489,958.85
2490,PED-2023-002490,1150.79
2491,PED-2023-002491,1316.76
2492,PED-2023-002492,815.41
2493,PED-2023-002493,1533.40
2494,PED-2023-002494,436.45
2495,PED-2023-002495,1206.04
2496,PED-2023-002496,650.79
2497,PED-2023-002497,527.06
2498,PED-2023-002498,942.12
2499,PED-2023-002499,559.91
2500,PED-2023-002500,814.29
2501,PED-2023-002501,1654.76
2502,PED-2023-002502,530.72
2503,PED-2023-002503,1318.58
2504,PED-2023-002504,1282.82
2505,PED-2023-002505,883.76
2506,PED-2023-002506,1794.92
2507,PED-2023-002507,973.90
2508,PED-2023-002508,1310.78
2509,PED-2023-002509,2345.24
2510,PED-2023-002510,728.00
2511,PED-2023-002511,1811.78
2512,PED-2023-002512,1808.90
2513,PED-2023-002513,1179.68
2514,PED-2023-002514,2386.76
2515,PED-2023-002515,1335.58
2516,PED-2023-002516,1705.34
2517,PED-2023-002517,3035.72
2518,PED-2023-002518,925.28
2519,PED-2023-002519,2304.98
2520,PED-2023-002520,2334.98
2521,PED-2023-002521,1258.53
2522,PED-2023-002522,1658.29
2523,PED-2023-002523,1166.16
2524,PED-2023-002524,1211.39
2525,PED-2023-002525,1991.80
2526,PED-2023-002526,563.37
2527,PED-2023-002527,1639.65
2528,PED-2023-002528,1238.78
2529,PED-2023-002529,632.28
2530,PED-2023-002530,1316.83
2531,PED-2023-002531,1422.58
2532,PED-2023-002532,931.01
2533,PED-2023-002533,933.89
2534,PED-2023-002534,399.20
2535,PED-2023-002535,989.78
2536,PED-2023-002536,932.10
2537,PED-2023-002537,686.48
2538,PED-2023-002538,1400.36
2539,PED-2023-002539,732.78
2540,PED-2023-002540,1047.74
2541,PED-2023-002541,1884.92
2542,PED-2023-002542,596.48
2543,PED-2023-002543,1482.98
2544,PED-2023-002544,1458.18
2545,PED-2023-002545,982.40
2546,PED-2023-002546,1992.20
2547,PED-2023-002547,1094.46
2548,PED-2023-002548,1442.30
2549,PED-2023-002549,2575.40
2550,PED-2023-002550,793.76
2551,PED-2023-002551,1976.18
2552,PED-2023-002552,1984.26
2553,PED-2023-002553,1278.32
2554,PED-2023-002554,2411.63
2555,PED-2023-002555,1208.25
2556,PED-2023-002556,1537.16
2557,PED-2023-002557,2876.06
2558,PED-2023-002558,772.46
2559,PED-2023-002559,1412.15
2560,PED-2023-002560,1824.71
2561,PED-2023-002561,823.18
2562,PED-2023-002562,1830.87
2563,PED-2023-002563,1265.85
2564,PED-2023-002564,1328.73
2565,PED-2023-002565,1379.68
2566,PED-2023-002566,357.32
2567,PED-2023-002567,1103.66
2568,PED-2023-002568,1655.46
2569,PED-2023-002569,796.08
2570,PED-2023-002570,1773.00
2571,PED-2023-002571,491.66
2572,PED-2023-002572,784.70
2573,PED-2023-002573,1424.60
2574,PED-2023-002574,464.96
2575,PED-2023-002575,1154.18
2576,PED-2023-002576,1107.46
2577,PED-2023-002577,785.12
2578,PED-2023-002578,1597.64
2579,PED-2023-002579,853.34
2580,PED-2023-002580,1179.26
2581,PED-2023-002581,2115.08
2582,PED-2023-002582,662.24
2583,PED-2023-002583,1647.38
2584,PED-2023-002584,1633.54
2585,PED-2023-002585,1081.04
2586,PED-2023-002586,2189.48
2587,PED-2023-002587,1215.02
2588,PED-2023-002588,1237.05
2589,PED-2023-002589,2495.65
2590,PED-2023-002590,745.55
2591,PED-2023-002591,1793.94
2592,PED-2023-002592,1874.78
2593,PED-2023-002593,1079.86
2594,PED-2023-002594,2474.07
2595,PED-2023-002595,1307.37
2596,PED-2023-002596,1647.86
2597,PED-2023-002597,1972.33
2598,PED-2023-002598,478.73
2599,PED-2023-002599,1559.10
2600,PED-2023-002600,1964.52
2601,PED-2023-002601,1059.12
2602,PED-2023-002602,1378.44
2603,PED-2023-002603,1478.06
2604,PED-2023-002604,981.98
2605,PED-2023-002605,1884.92
2606,PED-2023-002606,486.88
2607,PED-2023-002607,1439.14
2608,PED-2023-002608,756.74
2609,PED-2023-002609,587.84
2610,PED-2023-002610,1203.08
2611,PED-2023-002611,612.22
2612,PED-2023-002612,916.22
2613,PED-2023-002613,1654.76
2614,PED-2023-002614,530.72
2615,PED-2023-002615,1318.58
2616,PED-2023-002616,1282.82
2617,PED-2023-002617,883.76
2618,PED-2023-002618,1794.92
2619,PED-2023-002619,973.90
2620,PED-2023-002620,1310.78
2621,PED-2023-002621,2017.97
2622,PED-2023-002622,653.05
2623,PED-2023-002623,1426.09
2624,PED-2023-002624,1655.34
2625,PED-2023-002625,1014.43
2626,PED-2023-002626,2001.79
2627,PED-2023-002627,1075.80
2628,PED-2023-002628,1341.16
2629,PED-2023-002629,2701.69
2630,PED-2023-002630,801.99
2631,PED-2023-002631,1932.58
2632,PED-2023-002632,2025.47
2633,PED-2023-002633,1157.67
2634,PED-2023-002634,1904.52
2635,PED-2023-002635,1390.38
2636,PED-2023-002636,1332.70
2637,PED-2023-002637,2498.68
2638,PED-2023-002638,662.24
2639,PED-2023-002639,1877.54
2640,PED-2023-002640,1480.10
2641,PED-2023-002641,697.44
2642,PED-2023-002642,1575.72
2643,PED-2023-002643,1598.62
2644,PED-2023-002644,1113.50
2645,PED-2023-002645,1194.44
2646,PED-2023-002646,399.20
2647,PED-2023-002647,989.78
2648,PED-2023-002648,932.10
2649,PED-2023-002649,686.48
2650,PED-2023-002650,1400.36
2651,PED-2023-002651,732.78
2652,PED-2023-002652,1047.74
2653,PED-2023-002653,1884.92
2654,PED-2023-002654,544.76
2655,PED-2023-002655,1269.62
2656,PED-2023-002656,1260.16
2657,PED-2023-002657,875.61
2658,PED-2023-002658,1569.06
2659,PED-2023-002659,1007.08
2660,PED-2023-002660,1235.32
2661,PED-2023-002661,2160.80
2662,PED-2023-002662,711.67
2663,PED-2023-002663,1556.50
2664,PED-2023-002664,1816.41
2665,PED-2023-002665,1098.27
2666,PED-2023-002666,2168.45
2667,PED-2023-002667,1212.62
2668,PED-2023-002668,1836.86
2669,PED-2023-002669,3265.88
2670,PED-2023-002670,991.04
2671,PED-2023-002671,1548.74
2672,PED-2023-002672,2356.90
2673,PED-2023-002673,960.48
2674,PED-2023-002674,2101.80
2675,PED-2023-002675,1510.94
2676,PED-2023-002676,1464.22
2677,PED-2023-002677,1654.76
2678,PED-2023-002678,421.12
2679,PED-2023-002679,1274.74
2680,PED-2023-002680,1655.46
2681,PED-2023-002681,796.08
2682,PED-2023-002682,1773.00
2683,PED-2023-002683,491.66
2684,PED-2023-002684,784.70
2685,PED-2023-002685,1424.60
2686,PED-2023-002686,464.96
2687,PED-2023-002687,1154.18
2688,PED-2023-002688,900.10
2689,PED-2023-002689,691.46
2690,PED-2023-002690,1367.26
2691,PED-2023-002691,740.86
2692,PED-2023-002692,1048.31
2693,PED-2023-002693,1665.98
2694,PED-2023-002694,581.12
2695,PED-2023-002695,1408.26
2696,PED-2023-002696,1412.51
2697,PED-2023-002697,962.72
2698,PED-2023-002698,1725.76
2699,PED-2023-002699,1118.87
2700,PED-2023-002700,1384.21
2701,PED-2023-002701,2805.56
2702,PED-2023-002702,859.52
2703,PED-2023-002703,2140.58
2704,PED-2023-002704,2159.62
2705,PED-2023-002705,1376.96
2706,PED-2023-002706,2781.32
2707,PED-2023-002707,1576.70
2708,PED-2023-002708,1968.38
2709,PED-2023-002709,2268.52
2710,PED-2023-002710,596.48
2711,PED-2023-002711,1713.14
2712,PED-2023-002712,2532.26
2713,PED-2023-002713,1059.12
2714,PED-2023-002714,1378.44
2715,PED-2023-002715,1478.06
2716,PED-2023-002716,981.98
2717,PED-2023-002717,1884.92
2718,PED-2023-002718,486.88
2719,PED-2023-002719,1439.14
2720,PED-2023-002720,756.74
2721,PED-2023-002721,494.06
2722,PED-2023-002722,1071.37
2723,PED-2023-002723,498.65
2724,PED-2023-002724,808.11
2725,PED-2023-002725,1416.96
2726,PED-2023-002726,438.41
2727,PED-2023-002727,1171.10
2728,PED-2023-002728,1043.65
2729,PED-2023-002729,779.14
2730,PED-2023-002730,1533.30
2731,PED-2023-002731,846.60
2732,PED-2023-002732,1163.91
2733,PED-2023-002733,1849.05
2734,PED-2023-002734,728.00
2735,PED-2023-002735,1811.78
2736,PED-2023-002736,1808.90
2737,PED-2023-002737,1179.68
2738,PED-2023-002738,2386.76
2739,PED-2023-002739,1335.58
2740,PED-2023-002740,1705.34
2741,PED-2023-002741,3035.72
2742,PED-2023-002742,925.28
2743,PED-2023-002743,2304.98
2744,PED-2023-002744,2334.98
2745,PED-2023-002745,1475.60
2746,PED-2023-002746,1904.52
2747,PED-2023-002747,1390.38
2748,PED-2023-002748,1332.70
2749,PED-2023-002749,2498.68
2750,PED-2023-002750,662.24
2751,PED-2023-002751,1877.54
2752,PED-2023-002752,1480.10
2753,PED-2023-002753,697.44
2754,PED-2023-002754,1506.84
2755,PED-2023-002755,1297.57
2756,PED-2023-002756,955.17
2757,PED-2023-002757,1065.97
2758,PED-2023-002758,308.85
2759,PED-2023-002759,872.98
2760,PED-2023-002760,732.49
2761,PED-2023-002761,569.46
2762,PED-2023-002762,1243.95
2763,PED-2023-002763,598.42
2764,PED-2023-002764,925.38
2765,PED-2023-002765,1610.34
2766,PED-2023-002766,493.23
2767,PED-2023-002767,1410.54
2768,PED-2023-002768,1458.18
2769,PED-2023-002769,982.40
2770,PED-2023-002770,1992.20
2771,PED-2023-002771,1094.46
2772,PED-2023-002772,1442.30
2773,PED-2023-002773,2575.40
2774,PED-2023-002774,793.76
2775,PED-2023-002775,1976.18
2776,PED-2023-002776,1984.26
2777,PED-2023-002777,1278.32
2778,PED-2023-002778,2584.04
2779,PED-2023-002779,1456.14
2780,PED-2023-002780,1836.86
2781,PED-2023-002781,3265.88
2782,PED-2023-002782,991.04
2783,PED-2023-002783,1548.74
2784,PED-2023-002784,2356.90
2785,PED-2023-002785,960.48
2786,PED-2023-002786,2101.80
2787,PED-2023-002787,1510.94
2788,PED-2023-002788,1182.25
2789,PED-2023-002789,1515.83
2790,PED-2023-002790,360.30
2791,PED-2023-002791,1098.50
2792,PED-2023-002792,1324.03
2793,PED-2023-002793,640.37
2794,PED-2023-002794,1614.87
2795,PED-2023-002795,414.69
2796,PED-2023-002796,651.56
2797,PED-2023-002797,1267.04
2798,PED-2023-002798,360.37
2799,PED-2023-002799,1019.84
2800,PED-2023-002800,875.11
2801,PED-2023-002801,785.12
2802,PED-2023-002802,1597.64
2803,PED-2023-002803,853.34
2804,PED-2023-002804,1179.26
2805,PED-2023-002805,2115.08
2806,PED-2023-002806,662.24
2807,PED-2023-002807,1647.38
2808,PED-2023-002808,1633.54
2809,PED-2023-002809,1081.04
2810,PED-2023-002810,2189.48
2811,PED-2023-002811,1215.02
2812,PED-2023-002812,1573.82
2813,PED-2023-002813,2805.56
2814,PED-2023-002814,859.52
2815,PED-2023-002815,2140.58
2816,PED-2023-002816,2159.62
2817,PED-2023-002817,1376.96
2818,PED-2023-002818,2781.32
2819,PED-2023-002819,1576.70
2820,PED-2023-002820,1968.38
2821,PED-2023-002821,2041.55
2822,PED-2023-002822,531.93
2823,PED-2023-002823,1387.73
2824,PED-2023-002824,2330.48
2825,PED-2023-002825,850.57
2826,PED-2023-002826,1192.98
2827,PED-2023-002827,1133.35
2828,PED-2023-002828,795.36
2829,PED-2023-002829,1721.87
2830,PED-2023-002830,416.74
2831,PED-2023-002831,1237.20
2832,PED-2023-002832,669.15
2833,PED-2023-002833,457.34
2834,PED-2023-002834,1203.08
2835,PED-2023-002835,612.22
2836,PED-2023-002836,916.22
2837,PED-2023-002837,1654.76
2838,PED-2023-002838,530.72
2839,PED-2023-002839,1318.58
2840,PED-2023-002840,1282.82
2841,PED-2023-002841,883.76
2842,PED-2023-002842,1794.92
2843,PED-2023-002843,973.90
2844,PED-2023-002844,1310.78
2845,PED-2023-002845,2345.24
2846,PED-2023-002846,728.00
2847,PED-2023-002847,1811.78
2848,PED-2023-002848,1808.90
2849,PED-2023-002849,1179.68
2850,PED-2023-002850,2386.76
2851,PED-2023-002851,1335.58
2852,PED-2023-002852,1705.34
2853,PED-2023-002853,3035.72
2854,PED-2023-002854,848.90
2855,PED-2023-002855,1962.84
2856,PED-2023-002856,2021.88
2857,PED-2023-002857,1311.27
2858,PED-2023-002858,1547.14
2859,PED-2023-002859,1305.20
2860,PED-2023-002860,1062.74
2861,PED-2023-002861,2151.50
2862,PED-2023-002862,590.58
2863,PED-2023-002863,1518.14
2864,PED-2023-002864,1386.74
2865,PED-2023-002865,589.17
2866,PED-2023-002866,1359.64
2867,PED-2023-002867,1245.50
2868,PED-2023-002868,1113.50
2869,PED-2023-002869,1194.44
2870,PED-2023-002870,399.20
2871,PED-2023-002871,989.78
2872,PED-2023-002872,932.10
2873,PED-2023-002873,686.48
2874,PED-2023-002874,1400.36
2875,PED-2023-002875,732.78
2876,PED-2023-002876,1047.74
2877,PED-2023-002877,1884.92
2878,PED-2023-002878,596.48
2879,PED-2023-002879,1482.98
2880,PED-2023-002880,1458.18
2881,PED-2023-002881,982.40
2882,PED-2023-002882,1992.20
2883,PED-2023-002883,1094.46
2884,PED-2023-002884,1442.30
2885,PED-2023-002885,2575.40
2886,PED-2023-002886,793.76
2887,PED-2023-002887,1976.18
2888,PED-2023-002888,1617.98
2889,PED-2023-002889,1129.86
2890,PED-2023-002890,2197.48
2891,PED-2023-002891,1269.68
2892,PED-2023-002892,1626.45
2893,PED-2023-002893,2581.14
2894,PED-2023-002894,871.56
2895,PED-2023-002895,1226.92
2896,PED-2023-002896,2051.48
2897,PED-2023-002897,846.02
2898,PED-2023-002898,1703.84
2899,PED-2023-002899,1416.97
2900,PED-2023-002900,1186.93
2901,PED-2023-002901,1654.76
2902,PED-2023-002902,421.12
2903,PED-2023-002903,1274.74
2904,PED-2023-002904,1655.46
2905,PED-2023-002905,796.08
2906,PED-2023-002906,1773.00
2907,PED-2023-002907,491.66
2908,PED-2023-002908,784.70
2909,PED-2023-002909,1424.60
2910,PED-2023-002910,464.96
2911,PED-2023-002911,1154.18
2912,PED-2023-002912,1107.46
2913,PED-2023-002913,785.12
2914,PED-2023-002914,1597.64
2915,PED-2023-002915,853.34
2916,PED-2023-002916,1179.26
2917,PED-2023-002917,2115.08
2918,PED-2023-002918,662.24
2919,PED-2023-002919,1647.38
2920,PED-2023-002920,1633.54
2921,PED-2023-002921,918.76
2922,PED-2023-002922,1934.47
2923,PED-2023-002923,997.33
2924,PED-2023-002924,1394.47
2925,PED-2023-002925,2384.18
2926,PED-2023-002926,712.41
2927,PED-2023-002927,1891.72
2928,PED-2023-002928,1761.53
2929,PED-2023-002929,1217.54
2930,PED-2023-002930,2363.52
2931,PED-2023-002931,1375.42
2932,PED-2023-002932,1742.05
2933,PED-2023-002933,1843.57
2934,PED-2023-002934,596.48
2935,PED-2023-002935,1713.14
2936,PED-2023-002936,2532.26
2937,PED-2023-002937,1059.12
2938,PED-2023-002938,1378.44
2939,PED-2023-002939,1478.06
2940,PED-2023-002940,981.98
2941,PED-2023-002941,1884.92
2942,PED-2023-002942,486.88
2943,PED-2023-002943,1439.14
2944,PED-2023-002944,756.74
2945,PED-2023-002945,587.84
2946,PED-2023-002946,1203.08
2947,PED-2023-002947,612.22
2948,PED-2023-002948,916.22
2949,PED-2023-002949,1654.76
2950,PED-2023-002950,530.72
2951,PED-2023-002951,1318.58
2952,PED-2023-002952,1282.82
2953,PED-2023-002953,883.76
2954,PED-2023-002954,1668.50
2955,PED-2023-002955,811.43
2956,PED-2023-002956,1094.38
2957,PED-2023-002957,2071.55
2958,PED-2023-002958,566.41
2959,PED-2023-002959,1607.30
2960,PED-2023-002960,1420.23
2961,PED-2023-002961,983.20
2962,PED-2023-002962,2107.05
2963,PED-2023-002963,1097.10
2964,PED-2023-002964,1511.74
2965,PED-2023-002965,2577.56
2966,PED-2023-002966,767.23
2967,PED-2023-002967,2177.74
2968,PED-2023-002968,2334.98
2969,PED-2023-002969,1475.60
2970,PED-2023-002970,1904.52
2971,PED-2023-002971,1390.38
2972,PED-2023-002972,1332.70
2973,PED-2023-002973,2498.68
2974,PED-2023-002974,662.24
2975,PED-2023-002975,1877.54
2976,PED-2023-002976,1480.10
2977,PED-2023-002977,697.44
2978,PED-2023-002978,1575.72
2979,PED-2023-002979,1598.62
2980,PED-2023-002980,1113.50
2981,PED-2023-002981,1194.44
2982,PED-2023-002982,399.20
2983,PED-2023-002983,989.78
2984,PED-2023-002984,932.10
2985,PED-2023-002985,686.48
2986,PED-2023-002986,1400.36
2987,PED-2023-002987,732.78
2988,PED-2023-002988,820.56
2989,PED-2023-002989,1671.45
2990,PED-2023-002990,519.77
2991,PED-2023-002991,1239.36
2992,PED-2023-002992,1271.97
2993,PED-2023-002993,768.59
2994,PED-2023-002994,1768.30
2995,PED-2023-002995,910.63
2996,PED-2023-002996,1205.04
2997,PED-2023-002997,2272.62
2998,PED-2023-002998,617.93
2999,PED-2023-002999,1754.16
3000,PED-2023-003000,1565.59
3001,PED-2023-003001,1278.32
3002,PED-2023-003002,2584.04
3003,PED-2023-003003,1456.14
3004,PED-2023-003004,1836.86
3005,PED-2023-003005,3265.88
3006,PED-2023-003006,991.04
3007,PED-2023-003007,1548.74
3008,PED-2023-003008,2356.90
3009,PED-2023-003009,960.48
3010,PED-2023-003010,2101.80
3011,PED-2023-003011,1510.94
3012,PED-2023-003012,1464.22
3013,PED-2023-003013,1654.76
3014,PED-2023-003014,421.12
3015,PED-2023-003015,1274.74
3016,PED-2023-003016,1655.46
3017,PED-2023-003017,796.08
3018,PED-2023-003018,1773.00
3019,PED-2023-003019,491.66
3020,PED-2023-003020,784.70
3021,PED-2023-003021,1213.48
3022,PED-2023-003022,418.49
3023,PED-2023-003023,904.38
3024,PED-2023-003024,1010.85
3025,PED-2023-003025,679.05
3026,PED-2023-003026,1335.49
3027,PED-2023-003027,692.21
3028,PED-2023-003028,924.70
3029,PED-2023-003029,1877.49
3030,PED-2023-003030,576.21
3031,PED-2023-003031,1378.02
3032,PED-2023-003032,1422.65
3033,PED-2023-003033,846.42
3034,PED-2023-003034,2189.48
3035,PED-2023-003035,1215.02
3036,PED-2023-003036,1573.82
3037,PED-2023-003037,2805.56
3038,PED-2023-003038,859.52
3039,PED-2023-003039,2140.58
3040,PED-2023-003040,2159.62
3041,PED-2023-003041,1376.96
3042,PED-2023-003042,2781.32
3043,PED-2023-003043,1576.70
3044,PED-2023-003044,1968.38
3045,PED-2023-003045,2268.52
3046,PED-2023-003046,596.48
3047,PED-2023-003047,1713.14
3048,PED-2023-003048,2532.26
3049,PED-2023-003049,1059.12
3050,PED-2023-003050,1378.44
3051,PED-2023-003051,1478.06
3052,PED-2023-003052,981.98
3053,PED-2023-003053,1884.92
3054,PED-2023-003054,454.90
3055,PED-2023-003055,1206.04
3056,PED-2023-003056,650.79
3057,PED-2023-003057,527.06
3058,PED-2023-003058,942.12
3059,PED-2023-003059,559.91
3060,PED-2023-003060,790.39
3061,PED-2023-003061,1382.72
3062,PED-2023-003062,477.14
3063,PED-2023-003063,1034.78
3064,PED-2023-003064,1171.91
3065,PED-2023-003065,762.89
3066,PED-2023-003066,1502.10
3067,PED-2023-003067,818.06
3068,PED-2023-003068,1310.78
3069,PED-2023-003069,2345.24
3070,PED-2023-003070,728.00
3071,PED-2023-003071,1811.78
3072,PED-2023-003072,1808.90
3073,PED-2023-003073,1179.68
3074,PED-2023-003074,2386.76
3075,PED-2023-003075,1335.58
3076,PED-2023-003076,1705.34
3077,PED-2023-003077,3035.72
3078,PED-2023-003078,925.28
3079,PED-2023-003079,2304.98
3080,PED-2023-003080,2334.98
3081,PED-2023-003081,1475.60
3082,PED-2023-003082,1904.52
3083,PED-2023-003083,1390.38
3084,PED-2023-003084,1332.70
3085,PED-2023-003085,2498.68
3086,PED-2023-003086,662.24
3087,PED-2023-003087,1877.54
3088,PED-2023-003088,1238.78
3089,PED-2023-003089,632.28
3090,PED-2023-003090,1316.83
3091,PED-2023-003091,1422.58
3092,PED-2023-003092,931.01
3093,PED-2023-003093,933.89
3094,PED-2023-003094,348.79
3095,PED-2023-003095,853.74
3096,PED-2023-003096,803.14
3097,PED-2023-003097,614.21
3098,PED-2023-003098,1098.88
3099,PED-2023-003099,671.67
3100,PED-2023-003100,928.28
3101,PED-2023-003101,1884.92
3102,PED-2023-003102,596.48
3103,PED-2023-003103,1482.98
3104,PED-2023-003104,1458.18
3105,PED-2023-003105,982.40
3106,PED-2023-003106,1992.20
3107,PED-2023-003107,1094.46
3108,PED-2023-003108,1442.30
3109,PED-2023-003109,2575.40
3110,PED-2023-003110,793.76
3111,PED-2023-003111,1976.18
3112,PED-2023-003112,1984.26
3113,PED-2023-003113,1278.32
3114,PED-2023-003114,2584.04
3115,PED-2023-003115,1456.14
3116,PED-2023-003116,1836.86
3117,PED-2023-003117,3265.88
3118,PED-2023-003118,991.04
3119,PED-2023-003119,1548.74
3120,PED-2023-003120,2356.90
3121,PED-2023-003121,852.46
3122,PED-2023-003122,1830.87
3123,PED-2023-003123,1265.85
3124,PED-2023-003124,1328.73
3125,PED-2023-003125,1379.68
3126,PED-2023-003126,357.32
3127,PED-2023-003127,1054.94
3128,PED-2023-003128,1382.33
3129,PED-2023-003129,719.95
3130,PED-2023-003130,1482.94
3131,PED-2023-003131,423.51
3132,PED-2023-003132,701.37
3133,PED-2023-003133,1116.96
3134,PED-2023-003134,464.96
3135,PED-2023-003135,1154.18
3136,PED-2023-003136,1107.46
3137,PED-2023-003137,785.12
3138,PED-2023-003138,1597.64
3139,PED-2023-003139,853.34
3140,PED-2023-003140,1179.26
3141,PED-2023-003141,2115.08
3142,PED-2023-003142,662.24
3143,PED-2023-003143,1647.38
3144,PED-2023-003144,1633.54
3145,PED-2023-003145,1081.04
3146,PED-2023-003146,2189.48
3147,PED-2023-003147,1215.02
3148,PED-2023-003148,1573.82
3149,PED-2023-003149,2805.56
3150,PED-2023-003150,859.52
3151,PED-2023-003151,2140.58
3152,PED-2023-003152,2159.62
3153,PED-2023-003153,1376.96
3154,PED-2023-003154,2597.36
3155,PED-2023-003155,1307.37
3156,PED-2023-003156,1647.86
3157,PED-2023-003157,1972.33
3158,PED-2023-003158,478.73
3159,PED-2023-003159,1559.10
3160,PED-2023-003160,1962.20
3161,PED-2023-003161,905.90
3162,PED-2023-003162,1128.96
3163,PED-2023-003163,1242.87
3164,PED-2023-003164,893.59
3165,PED-2023-003165,1573.14
3166,PED-2023-003166,412.09
3167,PED-2023-003167,1257.10
3168,PED-2023-003168,756.74
3169,PED-2023-003169,587.84
3170,PED-2023-003170,1203.08
3171,PED-2023-003171,612.22
3172,PED-2023-003172,916.22
3173,PED-2023-003173,1654.76
3174,PED-2023-003174,530.72
3175,PED-2023-003175,1318.58
3176,PED-2023-003176,1282.82
3177,PED-2023-003177,883.76
3178,PED-2023-003178,1794.92
3179,PED-2023-003179,973.90
3180,PED-2023-003180,1310.78
3181,PED-2023-003181,2345.24
3182,PED-2023-003182,728.00
3183,PED-2023-003183,1811.78
3184,PED-2023-003184,1808.90
3185,PED-2023-003185,1179.68
3186,PED-2023-003186,2386.76
3187,PED-2023-003187,1335.58
3188,PED-2023-003188,1341.16
3189,PED-2023-003189,2701.69
3190,PED-2023-003190,801.99
3191,PED-2023-003191,1932.58
3192,PED-2023-003192,2025.47
3193,PED-2023-003193,1157.67
3194,PED-2023-003194,1737.57
3195,PED-2023-003195,1115.03
3196,PED-2023-003196,1144.77
3197,PED-2023-003197,2173.48
3198,PED-2023-003198,530.25
3199,PED-2023-003199,1705.90
3200,PED-2023-003200,1181.99
3201,PED-2023-003201,697.44
3202,PED-2023-003202,1575.72
3203,PED-2023-003203,1598.62
3204,PED-2023-003204,1113.50
3205,PED-2023-003205,1194.44
3206,PED-2023-003206,399.20
3207,PED-2023-003207,989.78
3208,PED-2023-003208,932.10
3209,PED-2023-003209,686.48
3210,PED-2023-003210,1400.36
3211,PED-2023-003211,732.78
3212,PED-2023-003212,1047.74
3213,PED-2023-003213,1884.92
3214,PED-2023-003214,596.48
3215,PED-2023-003215,1482.98
3216,PED-2023-003216,1458.18
3217,PED-2023-003217,982.40
3218,PED-2023-003218,1992.20
3219,PED-2023-003219,1094.46
3220,PED-2023-003220,1442.30
3221,PED-2023-003221,2219.06
3222,PED-2023-003222,711.67
3223,PED-2023-003223,1556.50
3224,PED-2023-003224,1816.41
3225,PED-2023-003225,1098.27
3226,PED-2023-003226,2168.45
3227,PED-2023-003227,1171.71
3228,PED-2023-003228,1445.30
3229,PED-2023-003229,2907.73
3230,PED-2023-003230,858.43
3231,PED-2023-003231,1334.74
3232,PED-2023-003232,2038.06
3233,PED-2023-003233,775.18
3234,PED-2023-003234,2101.80
3235,PED-2023-003235,1510.94
3236,PED-2023-003236,1464.22
3237,PED-2023-003237,1654.76
3238,PED-2023-003238,421.12
3239,PED-2023-003239,1274.74
3240,PED-2023-003240,1655.46
3241,PED-2023-003241,796.08
3242,PED-2023-003242,1773.00
3243,PED-2023-003243,491.66
3244,PED-2023-003244,784.70
3245,PED-2023-003245,1424.60
3246,PED-2023-003246,464.96
3247,PED-2023-003247,1154.18
3248,PED-2023-003248,1107.46
3249,PED-2023-003249,785.12
3250,PED-2023-003250,1597.64
3251,PED-2023-003251,853.34
3252,PED-2023-003252,1179.26
3253,PED-2023-003253,2115.08
3254,PED-2023-003254,605.60
3255,PED-2023-003255,1408.26
3256,PED-2023-003256,1412.51
3257,PED-2023-003257,962.72
3258,PED-2023-003258,1725.76
3259,PED-2023-003259,1118.87
3260,PED-2023-003260,1346.61
3261,PED-2023-003261,2355.42
3262,PED-2023-003262,770.32
3263,PED-2023-003263,1686.90
3264,PED-2023-003264,1977.47
3265,PED-2023-003265,1182.11
3266,PED-2023-003266,2335.06
3267,PED-2023-003267,1311.26
3268,PED-2023-003268,1968.38
3269,PED-2023-003269,2268.52
3270,PED-2023-003270,596.48
3271,PED-2023-003271,1713.14
3272,PED-2023-003272,2532.26
3273,PED-2023-003273,1059.12
3274,PED-2023-003274,1378.44
3275,PED-2023-003275,1478.06
3276,PED-2023-003276,981.98
3277,PED-2023-003277,1884.92
3278,PED-2023-003278,486.88
3279,PED-2023-003279,1439.14
3280,PED-2023-003280,756.74
3281,PED-2023-003281,587.84
3282,PED-2023-003282,1203.08
3283,PED-2023-003283,612.22
3284,PED-2023-003284,916.22
3285,PED-2023-003285,1654.76
3286,PED-2023-003286,530.72
3287,PED-2023-003287,1318.58
3288,PED-2023-003288,1043.65
3289,PED-2023-003289,779.14
3290,PED-2023-003290,1533.30
3291,PED-2023-003291,846.60
3292,PED-2023-003292,1163.91
3293,PED-2023-003293,1849.05
3294,PED-2023-003294,639.23
3295,PED-2023-003295,1546.96
3296,PED-2023-003296,1564.86
3297,PED-2023-003297,1049.87
3298,PED-2023-003298,1882.52
3299,PED-2023-003299,1230.63
3300,PED-2023-003300,1498.20
3301,PED-2023-003301,3035.72
3302,PED-2023-003302,925.28
3303,PED-2023-003303,2304.98
3304,PED-2023-003304,2334.98
3305,PED-2023-003305,1475.60
3306,PED-2023-003306,1904.52
3307,PED-2023-003307,1390.38
3308,PED-2023-003308,1332.70
3309,PED-2023-003309,2498.68
3310,PED-2023-003310,662.24
3311,PED-2023-003311,1877.54
3312,PED-2023-003312,1480.10
3313,PED-2023-003313,697.44
3314,PED-2023-003314,1575.72
3315,PED-2023-003315,1598.62
3316,PED-2023-003316,1113.50
3317,PED-2023-003317,1194.44
3318,PED-2023-003318,399.20
3319,PED-2023-003319,989.78
3320,PED-2023-003320,932.10
3321,PED-2023-003321,579.02
3322,PED-2023-003322,1243.95
3323,PED-2023-003323,598.42
3324,PED-2023-003324,925.38
3325,PED-2023-003325,1610.34
3326,PED-2023-003326,493.23
3327,PED-2023-003327,1315.24
3328,PED-2023-003328,1187.27
3329,PED-2023-003329,866.81
3330,PED-2023-003330,1699.36
3331,PED-2023-003331,952.33
3332,PED-2023-003332,1279.51
3333,PED-2023-003333,2032.12
3334,PED-2023-003334,793.76
3335,PED-2023-003335,1976.18
3336,PED-2023-003336,1984.26
3337,PED-2023-003337,1278.32
3338,PED-2023-003338,2584.04
3339,PED-2023-003339,1456.14
3340,PED-2023-003340,1836.86
3341,PED-2023-003341,3265.88
3342,PED-2023-003342,991.04
3343,PED-2023-003343,1548.74
3344,PED-2023-003344,2356.90
3345,PED-2023-003345,960.48
3346,PED-2023-003346,2101.80
3347,PED-2023-003347,1510.94
3348,PED-2023-003348,1464.22
3349,PED-2023-003349,1654.76
3350,PED-2023-003350,421.12
3351,PED-2023-003351,1274.74
3352,PED-2023-003352,1655.46
3353,PED-2023-003353,796.08
3354,PED-2023-003354,1692.64
3355,PED-2023-003355,414.69
3356,PED-2023-003356,651.56
3357,PED-2023-003357,1267.04
3358,PED-2023-003358,360.37
3359,PED-2023-003359,1019.84
3360,PED-2023-003360,870.05
3361,PED-2023-003361,652.20
3362,PED-2023-003362,1416.66
3363,PED-2023-003363,698.19
3364,PED-2023-003364,1042.64
3365,PED-2023-003365,1803.86
3366,PED-2023-003366,547.99
3367,PED-2023-003367,1563.98
3368,PED-2023-003368,1633.54
3369,PED-2023-003369,1081.04
3370,PED-2023-003370,2189.48
3371,PED-2023-003371,1215.02
3372,PED-2023-003372,1573.82
3373,PED-2023-003373,2805.56
3374,PED-2023-003374,859.52
3375,PED-2023-003375,2140.58
3376,PED-2023-003376,2159.62
3377,PED-2023-003377,1376.96
3378,PED-2023-003378,2781.32
3379,PED-2023-003379,1576.70
3380,PED-2023-003380,1968.38
3381,PED-2023-003381,2268.52
3382,PED-2023-003382,596.48
3383,PED-2023-003383,1713.14
3384,PED-2023-003384,2532.26
3385,PED-2023-003385,1059.12
3386,PED-2023-003386,1378.44
3387,PED-2023-003387,1478.06
3388,PED-2023-003388,795.36
3389,PED-2023-003389,1721.87
3390,PED-2023-003390,416.74
3391,PED-2023-003391,1237.20
3392,PED-2023-003392,669.15
3393,PED-2023-003393,457.34
3394,PED-2023-003394,1062.45
3395,PED-2023-003395,513.89
3396,PED-2023-003396,762.26
3397,PED-2023-003397,1468.26
3398,PED-2023-003398,411.88
3399,PED-2023-003399,1166.64
3400,PED-2023-003400,1013.22
3401,PED-2023-003401,883.76
3402,PED-2023-003402,1794.92
3403,PED-2023-003403,973.90
3404,PED-2023-003404,1310.78
3405,PED-2023-003405,2345.24
3406,PED-2023-003406,728.00
3407,PED-2023-003407,1811.78
3408,PED-2023-003408,1808.90
3409,PED-2023-003409,1179.68
3410,PED-2023-003410,2386.76
3411,PED-2023-003411,1335.58
3412,PED-2023-003412,1705.34
3413,PED-2023-003413,3035.72
3414,PED-2023-003414,925.28
3415,PED-2023-003415,2304.98
3416,PED-2023-003416,2334.98
3417,PED-2023-003417,1475.60
3418,PED-2023-003418,1904.52
3419,PED-2023-003419,1390.38
3420,PED-2023-003420,1332.70
3421,PED-2023-003421,2242.64
3422,PED-2023-003422,590.58
3423,PED-2023-003423,1518.14
3424,PED-2023-003424,1386.74
3425,PED-2023-003425,589.17
3426,PED-2023-003426,1359.64
3427,PED-2023-003427,1229.24
3428,PED-2023-003428,899.46
3429,PED-2023-003429,1053.34
3430,PED-2023-003430,350.43
3431,PED-2023-003431,823.45
3432,PED-2023-003432,819.92
3433,PED-2023-003433,535.12
3434,PED-2023-003434,1400.36
3435,PED-2023-003435,732.78
3436,PED-2023-003436,1047.74
3437,PED-2023-003437,1884.92
3438,PED-2023-003438,596.48
3439,PED-2023-003439,1482.98
3440,PED-2023-003440,1458.18
3441,PED-2023-003441,982.40
3442,PED-2023-003442,1992.20
3443,PED-2023-003443,1094.46
3444,PED-2023-003444,1442.30
3445,PED-2023-003445,2575.40
3446,PED-2023-003446,793.76
3447,PED-2023-003447,1976.18
3448,PED-2023-003448,1984.26
3449,PED-2023-003449,1278.32
3450,PED-2023-003450,2584.04
3451,PED-2023-003451,1456.14
3452,PED-2023-003452,1836.86
3453,PED-2023-003453,3265.88
3454,PED-2023-003454,909.74
3455,PED-2023-003455,1226.92
3456,PED-2023-003456,2051.48
3457,PED-2023-003457,846.02
3458,PED-2023-003458,1703.84
3459,PED-2023-003459,1416.97
3460,PED-2023-003460,1173.98
3461,PED-2023-003461,1433.11
3462,PED-2023-003462,357.66
3463,PED-2023-003463,1034.79
3464,PED-2023-003464,1547.89
3465,PED-2023-003465,673.01
3466,PED-2023-003466,1526.19
3467,PED-2023-003467,423.50
3468,PED-2023-003468,784.70
3469,PED-2023-003469,1424.60
3470,PED-2023-003470,464.96
3471,PED-2023-003471,1154.18
3472,PED-2023-003472,1107.46
3473,PED-2023-003473,785.12
3474,PED-2023-003474,1597.64
3475,PED-2023-003475,853.34
3476,PED-2023-003476,1179.26
3477,PED-2023-003477,2115.08
3478,PED-2023-003478,662.24
3479,PED-2023-003479,1647.38
3480,PED-2023-003480,1633.54
3481,PED-2023-003481,1081.04
3482,PED-2023-003482,2189.48
3483,PED-2023-003483,1215.02
3484,PED-2023-003484,1573.82
3485,PED-2023-003485,2805.56
3486,PED-2023-003486,859.52
3487,PED-2023-003487,2140.58
3488,PED-2023-003488,1761.53
3489,PED-2023-003489,1217.54
3490,PED-2023-003490,2363.52
3491,PED-2023-003491,1375.42
3492,PED-2023-003492,1742.05
3493,PED-2023-003493,1843.57
3494,PED-2023-003494,538.38
3495,PED-2023-003495,1365.56
3496,PED-2023-003496,2203.83
3497,PED-2023-003497,933.13
3498,PED-2023-003498,1124.10
3499,PED-2023-003499,1390.66
3500,PED-2023-003500,840.60
3501,PED-2023-003501,1884.92
3502,PED-2023-003502,486.88
3503,PED-2023-003503,1439.14
3504,PED-2023-003504,756.74
3505,PED-2023-003505,587.84
3506,PED-2023-003506,1203.08
3507,PED-2023-003507,612.22
3508,PED-2023-003508,916.22
3509,PED-2023-003509,1654.76
3510,PED-2023-003510,530.72
3511,PED-2023-003511,1318.58
3512,PED-2023-003512,1282.82
3513,PED-2023-003513,883.76
3514,PED-2023-003514,1794.92
3515,PED-2023-003515,973.90
3516,PED-2023-003516,1310.78
3517,PED-2023-003517,2345.24
3518,PED-2023-003518,728.00
3519,PED-2023-003519,1811.78
3520,PED-2023-003520,1808.90
3521,PED-2023-003521,1003.72
3522,PED-2023-003522,2107.05
3523,PED-2023-003523,1097.10
3524,PED-2023-003524,1511.74
3525,PED-2023-003525,2577.56
3526,PED-2023-003526,767.23
3527,PED-2023-003527,2035.86
3528,PED-2023-003528,1905.15
3529,PED-2023-003529,1305.21
3530,PED-2023-003530,1509.19
3531,PED-2023-003531,1235.63
3532,PED-2023-003532,1167.20
3533,PED-2023-003533,2026.64
3534,PED-2023-003534,662.24
3535,PED-2023-003535,1877.54
3536,PED-2023-003536,1480.10
3537,PED-2023-003537,697.44
3538,PED-2023-003538,1575.72
3539,PED-2023-003539,1598.62
3540,PED-2023-003540,1113.50
3541,PED-2023-003541,1194.44
3542,PED-2023-003542,399.20
3543,PED-2023-003543,989.78
3544,PED-2023-003544,932.10
3545,PED-2023-003545,686.48
3546,PED-2023-003546,1400.36
3547,PED-2023-003547,732.78
3548,PED-2023-003548,1047.74
3549,PED-2023-003549,1884.92
3550,PED-2023-003550,596.48
3551,PED-2023-003551,1482.98
3552,PED-2023-003552,1458.18
3553,PED-2023-003553,982.40
3554,PED-2023-003554,1854.30
3555,PED-2023-003555,910.63
3556,PED-2023-003556,1205.04
3557,PED-2023-003557,2272.62
3558,PED-2023-003558,617.93
3559,PED-2023-003559,1754.16
3560,PED-2023-003560,1557.79
3561,PED-2023-003561,1065.94
3562,PED-2023-003562,2279.76
3563,PED-2023-003563,1196.87
3564,PED-2023-003564,1629.00
3565,PED-2023-003565,2771.08
3566,PED-2023-003566,821.99
3567,PED-2023-003567,1410.54
3568,PED-2023-003568,2356.90
3569,PED-2023-003569,960.48
3570,PED-2023-003570,2101.80
3571,PED-2023-003571,1510.94
3572,PED-2023-003572,1464.22
3573,PED-2023-003573,1654.76
3574,PED-2023-003574,421.12
3575,PED-2023-003575,1274.74
3576,PED-2023-003576,1655.46
3577,PED-2023-003577,796.08
3578,PED-2023-003578,1773.00
3579,PED-2023-003579,491.66
3580,PED-2023-003580,784.70
3581,PED-2023-003581,1424.60
3582,PED-2023-003582,464.96
3583,PED-2023-003583,1154.18
3584,PED-2023-003584,1107.46
3585,PED-2023-003585,785.12
3586,PED-2023-003586,1597.64
3587,PED-2023-003587,853.34
3588,PED-2023-003588,924.70
3589,PED-2023-003589,1877.49
3590,PED-2023-003590,576.21
3591,PED-2023-003591,1378.02
3592,PED-2023-003592,1422.65
3593,PED-2023-003593,846.42
3594,PED-2023-003594,1944.73
3595,PED-2023-003595,1009.83
3596,PED-2023-003596,1315.74
3597,PED-2023-003597,2473.84
3598,PED-2023-003598,669.44
3599,PED-2023-003599,1900.96
3600,PED-2023-003600,1703.70
3601,PED-2024-000001,692.52
3602,PED-2024-000002,1274.21
3603,PED-2024-000003,1888.78
3604,PED-2024-000004,1255.03
3605,PED-2024-000005,774.72
3606,PED-2024-000006,1422.17
3607,PED-2024-000007,2102.50
3608,PED-2024-000008,1402.99
3609,PED-2024-000009,856.92
3610,PED-2024-000010,802.93
3611,PED-2024-000011,1242.14
3612,PED-2024-000012,1397.51
3613,PED-2024-000013,478.80
3614,PED-2024-000014,950.89
3615,PED-2024-000015,1455.86
3616,PED-2024-000016,317.95
3617,PED-2024-000017,254.12
3618,PED-2024-000018,485.09
3619,PED-2024-000019,748.94
3620,PED-2024-000020,465.91
3621,PED-2024-000021,336.32
3622,PED-2024-000022,633.05
3623,PED-2024-000023,962.66
3624,PED-2024-000024,613.87
3625,PED-2024-000025,418.52
3626,PED-2024-000026,781.01
3627,PED-2024-000027,1176.38
3628,PED-2024-000028,761.83
3629,PED-2024-000029,500.72
3630,PED-2024-000030,928.97
3631,PED-2024-000031,1266.55
3632,PED-2024-000032,721.75
3633,PED-2024-000033,534.89
3634,PED-2024-000034,882.93
3635,PED-2024-000035,1390.72
3636,PED-2024-000036,945.10
3637,PED-2024-000037,510.76
3638,PED-2024-000038,1127.09
3639,PED-2024-000039,1492.23
3640,PED-2024-000040,935.26
3641,PED-2024-000041,648.81
3642,PED-2024-000042,1057.57
3643,PED-2024-000043,1871.28
3644,PED-2024-000044,1142.09
3645,PED-2024-000045,727.28
3646,PED-2024-000046,1323.96
3647,PED-2024-000047,1731.78
3648,PED-2024-000048,1279.10
3649,PED-2024-000049,377.98
3650,PED-2024-000050,729.09
3651,PED-2024-000051,1384.62
3652,PED-2024-000052,1496.15
3653,PED-2024-000053,226.72
3654,PED-2024-000054,435.77
3655,PED-2024-000055,677.70
3656,PED-2024-000056,416.59
3657,PED-2024-000057,308.92
3658,PED-2024-000058,583.73
3659,PED-2024-000059,891.42
3660,PED-2024-000060,564.55
3661,PED-2024-000061,391.12
3662,PED-2024-000062,731.69
3663,PED-2024-000063,1105.14
3664,PED-2024-000064,712.51
3665,PED-2024-000065,473.32
3666,PED-2024-000066,879.65
3667,PED-2024-000067,1318.86
3668,PED-2024-000068,860.47
3669,PED-2024-000069,555.52
3670,PED-2024-000070,1027.61
3671,PED-2024-000071,1532.58
3672,PED-2024-000072,1008.43
3673,PED-2024-000073,637.72
3674,PED-2024-000074,1175.57
3675,PED-2024-000075,1746.30
3676,PED-2024-000076,1156.39
3677,PED-2024-000077,719.92
3678,PED-2024-000078,1323.53
3679,PED-2024-000079,1960.02
3680,PED-2024-000080,1304.35
3681,PED-2024-000081,725.74
3682,PED-2024-000082,1133.75
3683,PED-2024-000083,2002.83
3684,PED-2024-000084,1225.42
3685,PED-2024-000085,337.67
3686,PED-2024-000086,757.85
3687,PED-2024-000087,1036.38
3688,PED-2024-000088,1372.25
3689,PED-2024-000089,422.93
3690,PED-2024-000090,803.47
3691,PED-2024-000091,525.73
3692,PED-2024-000092,290.78
3693,PED-2024-000093,257.62
3694,PED-2024-000094,436.87
3695,PED-2024-000095,718.57
3696,PED-2024-000096,459.86
3697,PED-2024-000097,278.69
3698,PED-2024-000098,626.76
3699,PED-2024-000099,847.31
3700,PED-2024-000100,521.03
3701,PED-2024-000101,445.92
3702,PED-2024-000102,830.33
3703,PED-2024-000103,1247.62
3704,PED-2024-000104,811.15
3705,PED-2024-000105,528.12
3706,PED-2024-000106,978.29
3707,PED-2024-000107,1461.34
3708,PED-2024-000108,959.11
3709,PED-2024-000109,610.32
3710,PED-2024-000110,1126.25
3711,PED-2024-000111,1675.06
3712,PED-2024-000112,1107.07
3713,PED-2024-000113,692.52
3714,PED-2024-000114,1274.21
3715,PED-2024-000115,1888.78
3716,PED-2024-000116,1255.03
3717,PED-2024-000117,774.72
3718,PED-2024-000118,1422.17
3719,PED-2024-000119,2102.50
3720,PED-2024-000120,1402.99
3721,PED-2024-000121,856.92
3722,PED-2024-000122,802.93
3723,PED-2024-000123,1242.14
3724,PED-2024-000124,1397.51
3725,PED-2024-000125,478.80
3726,PED-2024-000126,950.89
3727,PED-2024-000127,1455.86
3728,PED-2024-000128,317.95
3729,PED-2024-000129,254.12
3730,PED-2024-000130,485.09
3731,PED-2024-000131,677.19
3732,PED-2024-000132,369.16
3733,PED-2024-000133,308.05
3734,PED-2024-000134,517.96
3735,PED-2024-000135,840.76
3736,PED-2024-000136,548.06
3737,PED-2024-000137,320.89
3738,PED-2024-000138,717.70
3739,PED-2024-000139,964.56
3740,PED-2024-000140,592.49
3741,PED-2024-000141,434.27
3742,PED-2024-000142,714.82
3743,PED-2024-000143,1279.52
3744,PED-2024-000144,767.28
3745,PED-2024-000145,512.75
3746,PED-2024-000146,936.75
3747,PED-2024-000147,1236.15
3748,PED-2024-000148,998.01
3749,PED-2024-000149,544.04
3750,PED-2024-000150,1101.73
3751,PED-2024-000151,1817.54
3752,PED-2024-000152,1205.71
3753,PED-2024-000153,747.32
3754,PED-2024-000154,1372.85
3755,PED-2024-000155,2031.26
3756,PED-2024-000156,1353.67
3757,PED-2024-000157,829.52
3758,PED-2024-000158,1520.81
3759,PED-2024-000159,2244.98
3760,PED-2024-000160,1348.19
3761,PED-2024-000161,451.40
3762,PED-2024-000162,901.57
3763,PED-2024-000163,1384.62
3764,PED-2024-000164,1496.15
3765,PED-2024-000165,226.72
3766,PED-2024-000166,435.77
3767,PED-2024-000167,677.70
3768,PED-2024-000168,416.59
3769,PED-2024-000169,308.92
3770,PED-2024-000170,583.73
3771,PED-2024-000171,891.42
3772,PED-2024-000172,564.55
3773,PED-2024-000173,391.12
3774,PED-2024-000174,731.69
3775,PED-2024-000175,1105.14
3776,PED-2024-000176,712.51
3777,PED-2024-000177,473.32
3778,PED-2024-000178,879.65
3779,PED-2024-000179,1318.86
3780,PED-2024-000180,860.47
3781,PED-2024-000181,501.34
3782,PED-2024-000182,791.00
3783,PED-2024-000183,1411.00
3784,PED-2024-000184,850.60
3785,PED-2024-000185,560.42
3786,PED-2024-000186,1022.83
3787,PED-2024-000187,1346.31
3788,PED-2024-000188,1091.16
3789,PED-2024-000189,588.94
3790,PED-2024-000190,1150.06
3791,PED-2024-000191,1707.56
3792,PED-2024-000192,1035.27
3793,PED-2024-000193,736.57
3794,PED-2024-000194,1207.32
3795,PED-2024-000195,1879.55
3796,PED-2024-000196,1298.04
3797,PED-2024-000197,334.32
3798,PED-2024-000198,800.45
3799,PED-2024-000199,1102.09
3800,PED-2024-000200,1096.43
3801,PED-2024-000201,506.20
3802,PED-2024-000202,1000.21
3803,PED-2024-000203,606.46
3804,PED-2024-000204,367.27
3805,PED-2024-000205,281.52
3806,PED-2024-000206,534.41
3807,PED-2024-000207,820.18
3808,PED-2024-000208,515.23
3809,PED-2024-000209,363.72
3810,PED-2024-000210,682.37
3811,PED-2024-000211,1033.90
3812,PED-2024-000212,663.19
3813,PED-2024-000213,445.92
3814,PED-2024-000214,830.33
3815,PED-2024-000215,1247.62
3816,PED-2024-000216,811.15
3817,PED-2024-000217,528.12
3818,PED-2024-000218,978.29
3819,PED-2024-000219,1461.34
3820,PED-2024-000220,959.11
3821,PED-2024-000221,610.32
3822,PED-2024-000222,1126.25
3823,PED-2024-000223,1675.06
3824,PED-2024-000224,1107.07
3825,PED-2024-000225,692.52
3826,PED-2024-000226,1274.21
3827,PED-2024-000227,1888.78
3828,PED-2024-000228,1255.03
3829,PED-2024-000229,774.72
3830,PED-2024-000230,1422.17
3831,PED-2024-000231,1921.41
3832,PED-2024-000232,1113.57
3833,PED-2024-000233,786.97
3834,PED-2024-000234,674.70
3835,PED-2024-000235,981.35
3836,PED-2024-000236,1255.82
3837,PED-2024-000237,376.50
3838,PED-2024-000238,891.43
3839,PED-2024-000239,1219.34
3840,PED-2024-000240,249.71
3841,PED-2024-000241,219.70
3842,PED-2024-000242,372.03
3843,PED-2024-000243,687.63
3844,PED-2024-000244,392.46
3845,PED-2024-000245,298.22
3846,PED-2024-000246,549.59
3847,PED-2024-000247,740.46
3848,PED-2024-000248,578.74
3849,PED-2024-000249,341.82
3850,PED-2024-000250,707.17
3851,PED-2024-000251,1176.38
3852,PED-2024-000252,761.83
3853,PED-2024-000253,500.72
3854,PED-2024-000254,928.97
3855,PED-2024-000255,1390.10
3856,PED-2024-000256,909.79
3857,PED-2024-000257,582.92
3858,PED-2024-000258,1076.93
3859,PED-2024-000259,1603.82
3860,PED-2024-000260,1057.75
3861,PED-2024-000261,665.12
3862,PED-2024-000262,1224.89
3863,PED-2024-000263,1817.54
3864,PED-2024-000264,1205.71
3865,PED-2024-000265,747.32
3866,PED-2024-000266,1372.85
3867,PED-2024-000267,2031.26
3868,PED-2024-000268,1353.67
3869,PED-2024-000269,829.52
3870,PED-2024-000270,1520.81
3871,PED-2024-000271,2244.98
3872,PED-2024-000272,1348.19
3873,PED-2024-000273,451.40
3874,PED-2024-000274,901.57
3875,PED-2024-000275,1384.62
3876,PED-2024-000276,1496.15
3877,PED-2024-000277,226.72
3878,PED-2024-000278,435.77
3879,PED-2024-000279,677.70
3880,PED-2024-000280,416.59
3881,PED-2024-000281,276.94
3882,PED-2024-000282,448.21
3883,PED-2024-000283,819.11
3884,PED-2024-000284,475.71
3885,PED-2024-000285,345.89
3886,PED-2024-000286,635.67
3887,PED-2024-000287,850.62
3888,PED-2024-000288,671.97
3889,PED-2024-000289,386.75
3890,PED-2024-000290,767.85
3891,PED-2024-000291,1147.71
3892,PED-2024-000292,682.60
3893,PED-2024-000293,509.70
3894,PED-2024-000294,842.39
3895,PED-2024-000295,1329.59
3896,PED-2024-000296,901.00
3897,PED-2024-000297,489.67
3898,PED-2024-000298,1081.60
3899,PED-2024-000299,1433.67
3900,PED-2024-000300,904.63
3901,PED-2024-000301,719.92
3902,PED-2024-000302,1323.53
3903,PED-2024-000303,1960.02
3904,PED-2024-000304,1304.35
3905,PED-2024-000305,802.12
3906,PED-2024-000306,1471.49
3907,PED-2024-000307,2173.74
3908,PED-2024-000308,1452.31
3909,PED-2024-000309,424.00
3910,PED-2024-000310,852.25
3911,PED-2024-000311,1313.38
3912,PED-2024-000312,1446.83
3913,PED-2024-000313,506.20
3914,PED-2024-000314,1000.21
3915,PED-2024-000315,606.46
3916,PED-2024-000316,367.27
3917,PED-2024-000317,281.52
3918,PED-2024-000318,534.41
3919,PED-2024-000319,820.18
3920,PED-2024-000320,515.23
3921,PED-2024-000321,363.72
3922,PED-2024-000322,682.37
3923,PED-2024-000323,1033.90
3924,PED-2024-000324,663.19
3925,PED-2024-000325,445.92
3926,PED-2024-000326,830.33
3927,PED-2024-000327,1247.62
3928,PED-2024-000328,811.15
3929,PED-2024-000329,528.12
3930,PED-2024-000330,978.29
3931,PED-2024-000331,1332.05
3932,PED-2024-000332,760.98
3933,PED-2024-000333,560.13
3934,PED-2024-000334,923.48
3935,PED-2024-000335,1451.78
3936,PED-2024-000336,989.20
3937,PED-2024-000337,531.87
3938,PED-2024-000338,1172.54
3939,PED-2024-000339,1550.92
3940,PED-2024-000340,973.35
3941,PED-2024-000341,672.65
3942,PED-2024-000342,1095.68
3943,PED-2024-000343,1937.12
3944,PED-2024-000344,1183.76
3945,PED-2024-000345,751.13
3946,PED-2024-000346,714.83
3947,PED-2024-000347,981.33
3948,PED-2024-000348,1325.72
3949,PED-2024-000349,400.44
3950,PED-2024-000350,772.93
3951,PED-2024-000351,1455.86
3952,PED-2024-000352,317.95
3953,PED-2024-000353,254.12
3954,PED-2024-000354,485.09
3955,PED-2024-000355,748.94
3956,PED-2024-000356,465.91
3957,PED-2024-000357,336.32
3958,PED-2024-000358,633.05
3959,PED-2024-000359,962.66
3960,PED-2024-000360,613.87
3961,PED-2024-000361,418.52
3962,PED-2024-000362,781.01
3963,PED-2024-000363,1176.38
3964,PED-2024-000364,761.83
3965,PED-2024-000365,500.72
3966,PED-2024-000366,928.97
3967,PED-2024-000367,1390.10
3968,PED-2024-000368,909.79
3969,PED-2024-000369,582.92
3970,PED-2024-000370,1076.93
3971,PED-2024-000371,1603.82
3972,PED-2024-000372,1057.75
3973,PED-2024-000373,665.12
3974,PED-2024-000374,1224.89
3975,PED-2024-000375,1817.54
3976,PED-2024-000376,1205.71
3977,PED-2024-000377,747.32
3978,PED-2024-000378,1372.85
3979,PED-2024-000379,2031.26
3980,PED-2024-000380,1353.67
3981,PED-2024-000381,750.68
3982,PED-2024-000382,1171.86
3983,PED-2024-000383,2068.60
3984,PED-2024-000384,1144.33
3985,PED-2024-000385,361.49
3986,PED-2024-000386,800.91
3987,PED-2024-000387,1091.49
3988,PED-2024-000388,1418.86
3989,PED-2024-000389,184.53
3990,PED-2024-000390,385.64
3991,PED-2024-000391,587.99
3992,PED-2024-000392,329.93
3993,PED-2024-000393,282.81
3994,PED-2024-000394,477.41
3995,PED-2024-000395,779.70
3996,PED-2024-000396,503.96
3997,PED-2024-000397,299.78
3998,PED-2024-000398,672.25
3999,PED-2024-000399,905.87
4000,PED-2024-000400,559.39
4001,PED-2024-000401,473.32
4002,PED-2024-000402,879.65
4003,PED-2024-000403,1318.86
4004,PED-2024-000404,860.47
4005,PED-2024-000405,555.52
4006,PED-2024-000406,1027.61
4007,PED-2024-000407,1532.58
4008,PED-2024-000408,1008.43
4009,PED-2024-000409,637.72
4010,PED-2024-000410,1175.57
4011,PED-2024-000411,1746.30
4012,PED-2024-000412,1156.39
4013,PED-2024-000413,719.92
4014,PED-2024-000414,1323.53
4015,PED-2024-000415,1960.02
4016,PED-2024-000416,1304.35
4017,PED-2024-000417,802.12
4018,PED-2024-000418,1471.49
4019,PED-2024-000419,2173.74
4020,PED-2024-000420,1452.31
4021,PED-2024-000421,424.00
4022,PED-2024-000422,852.25
4023,PED-2024-000423,1313.38
4024,PED-2024-000424,1446.83
4025,PED-2024-000425,506.20
4026,PED-2024-000426,1000.21
4027,PED-2024-000427,606.46
4028,PED-2024-000428,367.27
4029,PED-2024-000429,281.52
4030,PED-2024-000430,534.41
4031,PED-2024-000431,742.69
4032,PED-2024-000432,408.31
4033,PED-2024-000433,333.26
4034,PED-2024-000434,558.50
4035,PED-2024-000435,901.89
4036,PED-2024-000436,592.16
4037,PED-2024-000437,341.98
4038,PED-2024-000438,763.19
4039,PED-2024-000439,1023.18
4040,PED-2024-000440,630.57
4041,PED-2024-000441,458.08
4042,PED-2024-000442,752.89
4043,PED-2024-000443,1345.23
4044,PED-2024-000444,808.94
4045,PED-2024-000445,536.60
4046,PED-2024-000446,979.77
4047,PED-2024-000447,1291.20
4048,PED-2024-000448,1044.54
4049,PED-2024-000449,566.50
4050,PED-2024-000450,1145.57
4051,PED-2024-000451,1888.78
4052,PED-2024-000452,1255.03
4053,PED-2024-000453,774.72
4054,PED-2024-000454,1422.17
4055,PED-2024-000455,2102.50
4056,PED-2024-000456,1402.99
4057,PED-2024-000457,856.92
4058,PED-2024-000458,802.93
4059,PED-2024-000459,1242.14
4060,PED-2024-000460,1397.51
4061,PED-2024-000461,478.80
4062,PED-2024-000462,950.89
4063,PED-2024-000463,1455.86
4064,PED-2024-000464,317.95
4065,PED-2024-000465,254.12
4066,PED-2024-000466,485.09
4067,PED-2024-000467,748.94
4068,PED-2024-000468,465.91
4069,PED-2024-000469,336.32
4070,PED-2024-000470,633.05
4071,PED-2024-000471,962.66
4072,PED-2024-000472,613.87
4073,PED-2024-000473,418.52
4074,PED-2024-000474,781.01
4075,PED-2024-000475,1176.38
4076,PED-2024-000476,761.83
4077,PED-2024-000477,500.72
4078,PED-2024-000478,928.97
4079,PED-2024-000479,1390.10
4080,PED-2024-000480,909.79
4081,PED-2024-000481,526.28
4082,PED-2024-000482,829.07
4083,PED-2024-000483,1476.71
4084,PED-2024-000484,892.19
4085,PED-2024-000485,584.27
4086,PED-2024-000486,1065.85
4087,PED-2024-000487,1401.36
4088,PED-2024-000488,1137.77
4089,PED-2024-000489,611.43
4090,PED-2024-000490,1192.55
4091,PED-2024-000491,1769.69
4092,PED-2024-000492,1074.42
4093,PED-2024-000493,761.78
4094,PED-2024-000494,1247.91
4095,PED-2024-000495,1940.61
4096,PED-2024-000496,1211.72
4097,PED-2024-000497,355.41
4098,PED-2024-000498,845.94
4099,PED-2024-000499,1160.78
4100,PED-2024-000500,1134.79
4101,PED-2024-000501,226.72
4102,PED-2024-000502,435.77
4103,PED-2024-000503,677.70
4104,PED-2024-000504,416.59
4105,PED-2024-000505,308.92
4106,PED-2024-000506,583.73
4107,PED-2024-000507,891.42
4108,PED-2024-000508,564.55
4109,PED-2024-000509,391.12
4110,PED-2024-000510,731.69
4111,PED-2024-000511,1105.14
4112,PED-2024-000512,712.51
4113,PED-2024-000513,473.32
4114,PED-2024-000514,879.65
4115,PED-2024-000515,1318.86
4116,PED-2024-000516,860.47
4117,PED-2024-000517,555.52
4118,PED-2024-000518,1027.61
4119,PED-2024-000519,1532.58
4120,PED-2024-000520,1008.43
4121,PED-2024-000521,637.72
4122,PED-2024-000522,1175.57
4123,PED-2024-000523,1746.30
4124,PED-2024-000524,1156.39
4125,PED-2024-000525,719.92
4126,PED-2024-000526,1323.53
4127,PED-2024-000527,1960.02
4128,PED-2024-000528,1304.35
4129,PED-2024-000529,802.12
4130,PED-2024-000530,1471.49
4131,PED-2024-000531,1986.91
4132,PED-2024-000532,1152.80
4133,PED-2024-000533,397.91
4134,PED-2024-000534,715.20
4135,PED-2024-000535,1042.48
4136,PED-2024-000536,1299.91
4137,PED-2024-000537,397.61
4138,PED-2024-000538,936.93
4139,PED-2024-000539,495.44
4140,PED-2024-000540,287.80
4141,PED-2024-000541,243.54
4142,PED-2024-000542,410.14
4143,PED-2024-000543,753.40
4144,PED-2024-000544,434.12
4145,PED-2024-000545,322.04
4146,PED-2024-000546,592.65
4147,PED-2024-000547,795.57
4148,PED-2024-000548,625.36
4149,PED-2024-000549,364.26
4150,PED-2024-000550,751.01
4151,PED-2024-000551,1247.62
4152,PED-2024-000552,811.15
4153,PED-2024-000553,528.12
4154,PED-2024-000554,978.29
4155,PED-2024-000555,1461.34
4156,PED-2024-000556,959.11
4157,PED-2024-000557,610.32
4158,PED-2024-000558,1126.25
4159,PED-2024-000559,1675.06
4160,PED-2024-000560,1107.07
4161,PED-2024-000561,692.52
4162,PED-2024-000562,1274.21
4163,PED-2024-000563,1888.78
4164,PED-2024-000564,1255.03
4165,PED-2024-000565,774.72
4166,PED-2024-000566,1422.17
4167,PED-2024-000567,2102.50
4168,PED-2024-000568,1402.99
4169,PED-2024-000569,856.92
4170,PED-2024-000570,802.93
4171,PED-2024-000571,1242.14
4172,PED-2024-000572,1397.51
4173,PED-2024-000573,478.80
4174,PED-2024-000574,950.89
4175,PED-2024-000575,1455.86
4176,PED-2024-000576,317.95
4177,PED-2024-000577,254.12
4178,PED-2024-000578,485.09
4179,PED-2024-000579,748.94
4180,PED-2024-000580,465.91
4181,PED-2024-000581,301.88
4182,PED-2024-000582,486.28
4183,PED-2024-000583,884.88
4184,PED-2024-000584,517.37
4185,PED-2024-000585,369.71
4186,PED-2024-000586,678.69
4187,PED-2024-000587,905.67
4188,PED-2024-000588,718.50
4189,PED-2024-000589,409.21
4190,PED-2024-000590,810.34
4191,PED-2024-000591,1209.97
4192,PED-2024-000592,721.75
4193,PED-2024-000593,534.89
4194,PED-2024-000594,882.93
4195,PED-2024-000595,1390.72
4196,PED-2024-000596,945.10
4197,PED-2024-000597,510.76
4198,PED-2024-000598,1127.09
4199,PED-2024-000599,1492.23
4200,PED-2024-000600,942.99
4201,PED-2024-000601,747.32
4202,PED-2024-000602,1372.85
4203,PED-2024-000603,2031.26
4204,PED-2024-000604,1353.67
4205,PED-2024-000605,829.52
4206,PED-2024-000606,1520.81
4207,PED-2024-000607,2244.98
4208,PED-2024-000608,1348.19
4209,PED-2024-000609,451.40
4210,PED-2024-000610,901.57
4211,PED-2024-000611,1384.62
4212,PED-2024-000612,1496.15
4213,PED-2024-000613,226.72
4214,PED-2024-000614,435.77
4215,PED-2024-000615,677.70
4216,PED-2024-000616,416.59
4217,PED-2024-000617,308.92
4218,PED-2024-000618,583.73
4219,PED-2024-000619,891.42
4220,PED-2024-000620,564.55
4221,PED-2024-000621,391.12
4222,PED-2024-000622,731.69
4223,PED-2024-000623,1105.14
4224,PED-2024-000624,712.51
4225,PED-2024-000625,473.32
4226,PED-2024-000626,879.65
4227,PED-2024-000627,1318.86
4228,PED-2024-000628,860.47
4229,PED-2024-000629,555.52
4230,PED-2024-000630,1027.61
4231,PED-2024-000631,1397.55
4232,PED-2024-000632,800.13
4233,PED-2024-000633,585.34
4234,PED-2024-000634,964.02
4235,PED-2024-000635,1512.91
4236,PED-2024-000636,1033.30
4237,PED-2024-000637,552.96
4238,PED-2024-000638,1218.03
4239,PED-2024-000639,1609.54
4240,PED-2024-000640,1011.43
4241,PED-2024-000641,696.46
4242,PED-2024-000642,1133.75
4243,PED-2024-000643,2002.83
4244,PED-2024-000644,1225.42
4245,PED-2024-000645,337.67
4246,PED-2024-000646,757.85
4247,PED-2024-000647,1036.38
4248,PED-2024-000648,1372.25
4249,PED-2024-000649,422.93
4250,PED-2024-000650,816.77
4251,PED-2024-000651,606.46
4252,PED-2024-000652,367.27
4253,PED-2024-000653,281.52
4254,PED-2024-000654,534.41
4255,PED-2024-000655,820.18
4256,PED-2024-000656,515.23
4257,PED-2024-000657,363.72
4258,PED-2024-000658,682.37
4259,PED-2024-000659,1033.90
4260,PED-2024-000660,663.19
4261,PED-2024-000661,445.92
4262,PED-2024-000662,830.33
4263,PED-2024-000663,1247.62
4264,PED-2024-000664,811.15
4265,PED-2024-000665,528.12
4266,PED-2024-000666,978.29
4267,PED-2024-000667,1461.34
4268,PED-2024-000668,959.11
4269,PED-2024-000669,610.32
4270,PED-2024-000670,1126.25
4271,PED-2024-000671,1675.06
4272,PED-2024-000672,1107.07
4273,PED-2024-000673,692.52
4274,PED-2024-000674,1274.21
4275,PED-2024-000675,1888.78
4276,PED-2024-000676,1255.03
4277,PED-2024-000677,774.72
4278,PED-2024-000678,1422.17
4279,PED-2024-000679,2102.50
4280,PED-2024-000680,1402.99
4281,PED-2024-000681,775.62
4282,PED-2024-000682,634.53
4283,PED-2024-000683,1167.68
4284,PED-2024-000684,1185.92
4285,PED-2024-000685,385.34
4286,PED-2024-000686,843.88
4287,PED-2024-000687,1146.54
4288,PED-2024-000688,299.31
4289,PED-2024-000689,207.02
4290,PED-2024-000690,428.08
4291,PED-2024-000691,650.19
4292,PED-2024-000692,369.16
4293,PED-2024-000693,308.05
4294,PED-2024-000694,517.96
4295,PED-2024-000695,840.76
4296,PED-2024-000696,548.06
4297,PED-2024-000697,320.89
4298,PED-2024-000698,717.70
4299,PED-2024-000699,964.56
4300,PED-2024-000700,597.75
4301,PED-2024-000701,500.72
4302,PED-2024-000702,928.97
4303,PED-2024-000703,1390.10
4304,PED-2024-000704,909.79
4305,PED-2024-000705,582.92
4306,PED-2024-000706,1076.93
4307,PED-2024-000707,1603.82
4308,PED-2024-000708,1057.75
4309,PED-2024-000709,665.12
4310,PED-2024-000710,1224.89
4311,PED-2024-000711,1817.54
4312,PED-2024-000712,1205.71
4313,PED-2024-000713,747.32
4314,PED-2024-000714,1372.85
4315,PED-2024-000715,2031.26
4316,PED-2024-000716,1353.67
4317,PED-2024-000717,829.52
4318,PED-2024-000718,1520.81
4319,PED-2024-000719,2244.98
4320,PED-2024-000720,1348.19
4321,PED-2024-000721,451.40
4322,PED-2024-000722,901.57
4323,PED-2024-000723,1384.62
4324,PED-2024-000724,1496.15
4325,PED-2024-000725,226.72
4326,PED-2024-000726,435.77
4327,PED-2024-000727,677.70
4328,PED-2024-000728,416.59
4329,PED-2024-000729,308.92
4330,PED-2024-000730,583.73
4331,PED-2024-000731,808.19
4332,PED-2024-000732,447.54
4333,PED-2024-000733,358.45
4334,PED-2024-000734,599.04
4335,PED-2024-000735,963.02
4336,PED-2024-000736,636.33
4337,PED-2024-000737,363.09
4338,PED-2024-000738,808.69
4339,PED-2024-000739,1081.80
4340,PED-2024-000740,668.66
4341,PED-2024-000741,481.92
4342,PED-2024-000742,791.00
4343,PED-2024-000743,1411.00
4344,PED-2024-000744,850.60
4345,PED-2024-000745,560.42
4346,PED-2024-000746,1022.83
4347,PED-2024-000747,1346.31
4348,PED-2024-000748,1091.16
4349,PED-2024-000749,588.94
4350,PED-2024-000750,1189.41
4351,PED-2024-000751,1960.02
4352,PED-2024-000752,1304.35
4353,PED-2024-000753,802.12
4354,PED-2024-000754,1471.49
4355,PED-2024-000755,2173.74
4356,PED-2024-000756,1452.31
4357,PED-2024-000757,424.00
4358,PED-2024-000758,852.25
4359,PED-2024-000759,1313.38
4360,PED-2024-000760,1446.83
4361,PED-2024-000761,506.20
4362,PED-2024-000762,1000.21
4363,PED-2024-000763,606.46
4364,PED-2024-000764,367.27
4365,PED-2024-000765,281.52
4366,PED-2024-000766,534.41
4367,PED-2024-000767,820.18
4368,PED-2024-000768,515.23
4369,PED-2024-000769,363.72
4370,PED-2024-000770,682.37
4371,PED-2024-000771,1033.90
4372,PED-2024-000772,663.19
4373,PED-2024-000773,445.92
4374,PED-2024-000774,830.33
4375,PED-2024-000775,1247.62
4376,PED-2024-000776,811.15
4377,PED-2024-000777,528.12
4378,PED-2024-000778,978.29
4379,PED-2024-000779,1461.34
4380,PED-2024-000780,959.11
4381,PED-2024-000781,551.22
4382,PED-2024-000782,867.14
4383,PED-2024-000783,1542.48
4384,PED-2024-000784,933.85
4385,PED-2024-000785,608.09
4386,PED-2024-000786,1108.87
4387,PED-2024-000787,1456.41
4388,PED-2024-000788,1184.30
4389,PED-2024-000789,633.89
4390,PED-2024-000790,1235.04
4391,PED-2024-000791,1831.95
4392,PED-2024-000792,1113.57
4393,PED-2024-000793,786.97
4394,PED-2024-000794,674.70
4395,PED-2024-000795,981.35
4396,PED-2024-000796,1255.82
4397,PED-2024-000797,376.50
4398,PED-2024-000798,891.43
4399,PED-2024-000799,1219.34
4400,PED-2024-000800,252.51
4401,PED-2024-000801,254.12
4402,PED-2024-000802,485.09
4403,PED-2024-000803,748.94
4404,PED-2024-000804,465.91
4405,PED-2024-000805,336.32
4406,PED-2024-000806,633.05
4407,PED-2024-000807,962.66
4408,PED-2024-000808,613.87
4409,PED-2024-000809,418.52
4410,PED-2024-000810,781.01
4411,PED-2024-000811,1176.38
4412,PED-2024-000812,761.83
4413,PED-2024-000813,500.72
4414,PED-2024-000814,928.97
4415,PED-2024-000815,1390.10
4416,PED-2024-000816,909.79
4417,PED-2024-000817,582.92
4418,PED-2024-000818,1076.93
4419,PED-2024-000819,1603.82
4420,PED-2024-000820,1057.75
4421,PED-2024-000821,665.12
4422,PED-2024-000822,1224.89
4423,PED-2024-000823,1817.54
4424,PED-2024-000824,1205.71
4425,PED-2024-000825,747.32
4426,PED-2024-000826,1372.85
4427,PED-2024-000827,2031.26
4428,PED-2024-000828,1353.67
4429,PED-2024-000829,829.52
4430,PED-2024-000830,1520.81
4431,PED-2024-000831,2052.41
4432,PED-2024-000832,1076.87
4433,PED-2024-000833,423.12
4434,PED-2024-000834,755.79
4435,PED-2024-000835,1103.54
4436,PED-2024-000836,1344.01
4437,PED-2024-000837,173.20
4438,PED-2024-000838,399.34
4439,PED-2024-000839,554.13
4440,PED-2024-000840,325.89
4441,PED-2024-000841,267.38
4442,PED-2024-000842,448.21
4443,PED-2024-000843,819.11
4444,PED-2024-000844,475.71
4445,PED-2024-000845,345.89
4446,PED-2024-000846,635.67
4447,PED-2024-000847,850.62
4448,PED-2024-000848,671.97
4449,PED-2024-000849,386.75
4450,PED-2024-000850,794.85
4451,PED-2024-000851,1318.86
4452,PED-2024-000852,860.47
4453,PED-2024-000853,555.52
4454,PED-2024-000854,1027.61
4455,PED-2024-000855,1532.58
4456,PED-2024-000856,1008.43
4457,PED-2024-000857,637.72
4458,PED-2024-000858,1175.57
4459,PED-2024-000859,1746.30
4460,PED-2024-000860,1156.39
4461,PED-2024-000861,719.92
4462,PED-2024-000862,1323.53
4463,PED-2024-000863,1960.02
4464,PED-2024-000864,1304.35
4465,PED-2024-000865,802.12
4466,PED-2024-000866,1471.49
4467,PED-2024-000867,2173.74
4468,PED-2024-000868,1452.31
4469,PED-2024-000869,424.00
4470,PED-2024-000870,852.25
4471,PED-2024-000871,1313.38
4472,PED-2024-000872,1446.83
4473,PED-2024-000873,506.20
4474,PED-2024-000874,1000.21
4475,PED-2024-000875,606.46
4476,PED-2024-000876,367.27
4477,PED-2024-000877,281.52
4478,PED-2024-000878,534.41
4479,PED-2024-000879,820.18
4480,PED-2024-000880,515.23
4481,PED-2024-000881,326.82
4482,PED-2024-000882,524.39
4483,PED-2024-000883,950.72
4484,PED-2024-000884,559.04
4485,PED-2024-000885,393.56
4486,PED-2024-000886,721.66
4487,PED-2024-000887,960.78
4488,PED-2024-000888,765.11
4489,PED-2024-000889,431.70
4490,PED-2024-000890,852.78
4491,PED-2024-000891,1272.17
4492,PED-2024-000892,760.98
4493,PED-2024-000893,560.13
4494,PED-2024-000894,923.48
4495,PED-2024-000895,1451.78
4496,PED-2024-000896,989.20
4497,PED-2024-000897,531.87
4498,PED-2024-000898,1172.54
4499,PED-2024-000899,1550.92
4500,PED-2024-000900,981.35
4501,PED-2024-000901,774.72
4502,PED-2024-000902,1422.17
4503,PED-2024-000903,2102.50
4504,PED-2024-000904,1402.99
4505,PED-2024-000905,856.92
4506,PED-2024-000906,802.93
4507,PED-2024-000907,1242.14
4508,PED-2024-000908,1397.51
4509,PED-2024-000909,478.80
4510,PED-2024-000910,950.89
4511,PED-2024-000911,1455.86
4512,PED-2024-000912,317.95
4513,PED-2024-000913,254.12
4514,PED-2024-000914,485.09
4515,PED-2024-000915,748.94
4516,PED-2024-000916,465.91
4517,PED-2024-000917,336.32
4518,PED-2024-000918,633.05
4519,PED-2024-000919,962.66
4520,PED-2024-000920,613.87
4521,PED-2024-000921,418.52
4522,PED-2024-000922,781.01
4523,PED-2024-000923,1176.38
4524,PED-2024-000924,761.83
4525,PED-2024-000925,500.72
4526,PED-2024-000926,928.97
4527,PED-2024-000927,1390.10
4528,PED-2024-000928,909.79
4529,PED-2024-000929,582.92
4530,PED-2024-000930,1076.93
4531,PED-2024-000931,1463.05
4532,PED-2024-000932,839.36
4533,PED-2024-000933,610.53
4534,PED-2024-000934,1004.56
4535,PED-2024-000935,1574.04
4536,PED-2024-000936,1077.47
4537,PED-2024-000937,574.07
4538,PED-2024-000938,1263.53
4539,PED-2024-000939,1668.16
4540,PED-2024-000940,1049.52
4541,PED-2024-000941,720.30
4542,PED-2024-000942,1171.86
4543,PED-2024-000943,2068.60
4544,PED-2024-000944,1144.33
4545,PED-2024-000945,361.49
4546,PED-2024-000946,800.91
4547,PED-2024-000947,1091.49
4548,PED-2024-000948,1418.86
4549,PED-2024-000949,184.53
4550,PED-2024-000950,400.29
4551,PED-2024-000951,677.70
4552,PED-2024-000952,416.59
4553,PED-2024-000953,308.92
4554,PED-2024-000954,583.73
4555,PED-2024-000955,891.42
4556,PED-2024-000956,564.55
4557,PED-2024-000957,391.12
4558,PED-2024-000958,731.69
4559,PED-2024-000959,1105.14
4560,PED-2024-000960,712.51
4561,PED-2024-000961,473.32
4562,PED-2024-000962,879.65
4563,PED-2024-000963,1318.86
4564,PED-2024-000964,860.47
4565,PED-2024-000965,555.52
4566,PED-2024-000966,1027.61
4567,PED-2024-000967,1532.58
4568,PED-2024-000968,1008.43
4569,PED-2024-000969,637.72
4570,PED-2024-000970,1175.57
4571,PED-2024-000971,1746.30
4572,PED-2024-000972,1156.39
4573,PED-2024-000973,719.92
4574,PED-2024-000974,1323.53
4575,PED-2024-000975,1960.02
4576,PED-2024-000976,1304.35
4577,PED-2024-000977,802.12
4578,PED-2024-000978,1471.49
4579,PED-2024-000979,2173.74
4580,PED-2024-000980,1452.31
4581,PED-2024-000981,409.27
4582,PED-2024-000982,672.60
4583,PED-2024-000983,1233.45
4584,PED-2024-000984,1227.58
4585,PED-2024-000985,409.19
4586,PED-2024-000986,886.90
4587,PED-2024-000987,465.09
4588,PED-2024-000988,345.84
4589,PED-2024-000989,229.48
4590,PED-2024-000990,470.57
4591,PED-2024-000991,712.39
4592,PED-2024-000992,408.31
4593,PED-2024-000993,333.26
4594,PED-2024-000994,558.50
4595,PED-2024-000995,901.89
4596,PED-2024-000996,592.16
4597,PED-2024-000997,341.98
4598,PED-2024-000998,763.19
4599,PED-2024-000999,1023.18
4600,PED-2024-001000,636.11
4601,PED-2024-001001,528.12
4602,PED-2024-001002,978.29
4603,PED-2024-001003,1461.34
4604,PED-2024-001004,959.11
4605,PED-2024-001005,610.32
4606,PED-2024-001006,1126.25
4607,PED-2024-001007,1675.06
4608,PED-2024-001008,1107.07
4609,PED-2024-001009,692.52
4610,PED-2024-001010,1274.21
4611,PED-2024-001011,1888.78
4612,PED-2024-001012,1255.03
4613,PED-2024-001013,774.72
4614,PED-2024-001014,1422.17
4615,PED-2024-001015,2102.50
4616,PED-2024-001016,1402.99
4617,PED-2024-001017,856.92
4618,PED-2024-001018,802.93
4619,PED-2024-001019,1242.14
4620,PED-2024-001020,1397.51
4621,PED-2024-001021,478.80
4622,PED-2024-001022,950.89
4623,PED-2024-001023,1455.86
4624,PED-2024-001024,317.95
4625,PED-2024-001025,254.12
4626,PED-2024-001026,485.09
4627,PED-2024-001027,748.94
4628,PED-2024-001028,465.91
4629,PED-2024-001029,336.32
4630,PED-2024-001030,633.05
4631,PED-2024-001031,873.62
4632,PED-2024-001032,486.69
4633,PED-2024-001033,383.66
4634,PED-2024-001034,639.63
4635,PED-2024-001035,1024.08
4636,PED-2024-001036,680.43
4637,PED-2024-001037,384.18
4638,PED-2024-001038,854.18
4639,PED-2024-001039,1140.49
4640,PED-2024-001040,706.75
4641,PED-2024-001041,505.76
4642,PED-2024-001042,829.07
4643,PED-2024-001043,1476.71
4644,PED-2024-001044,892.19
4645,PED-2024-001045,584.27
4646,PED-2024-001046,1065.85
4647,PED-2024-001047,1401.36
4648,PED-2024-001048,1137.77
4649,PED-2024-001049,611.43
4650,PED-2024-001050,1233.25
4651,PED-2024-001051,2031.26
4652,PED-2024-001052,1353.67
4653,PED-2024-001053,829.52
4654,PED-2024-001054,1520.81
4655,PED-2024-001055,2244.98
4656,PED-2024-001056,1348.19
4657,PED-2024-001057,451.40
4658,PED-2024-001058,901.57
4659,PED-2024-001059,1384.62
4660,PED-2024-001060,1496.15
4661,PED-2024-001061,226.72
4662,PED-2024-001062,435.77
4663,PED-2024-001063,677.70
4664,PED-2024-001064,416.59
4665,PED-2024-001065,308.92
4666,PED-2024-001066,583.73
4667,PED-2024-001067,891.42
4668,PED-2024-001068,564.55
4669,PED-2024-001069,391.12
4670,PED-2024-001070,731.69
4671,PED-2024-001071,1105.14
4672,PED-2024-001072,712.51
4673,PED-2024-001073,473.32
4674,PED-2024-001074,879.65
4675,PED-2024-001075,1318.86
4676,PED-2024-001076,860.47
4677,PED-2024-001077,555.52
4678,PED-2024-001078,1027.61
4679,PED-2024-001079,1532.58
4680,PED-2024-001080,1008.43
4681,PED-2024-001081,576.16
4682,PED-2024-001082,905.25
4683,PED-2024-001083,1608.32
4684,PED-2024-001084,975.52
4685,PED-2024-001085,631.94
4686,PED-2024-001086,1151.84
4687,PED-2024-001087,1511.52
4688,PED-2024-001088,1230.91
4689,PED-2024-001089,656.38
4690,PED-2024-001090,1277.48
4691,PED-2024-001091,1894.15
4692,PED-2024-001092,1152.80
4693,PED-2024-001093,397.91
4694,PED-2024-001094,715.20
4695,PED-2024-001095,1042.48
4696,PED-2024-001096,1299.91
4697,PED-2024-001097,397.61
4698,PED-2024-001098,936.93
4699,PED-2024-001099,495.44
4700,PED-2024-001100,290.87
4701,PED-2024-001101,281.52
4702,PED-2024-001102,534.41
4703,PED-2024-001103,820.18
4704,PED-2024-001104,515.23
4705,PED-2024-001105,363.72
4706,PED-2024-001106,682.37
4707,PED-2024-001107,1033.90
4708,PED-2024-001108,663.19
4709,PED-2024-001109,445.92
4710,PED-2024-001110,830.33
4711,PED-2024-001111,1247.62
4712,PED-2024-001112,811.15
4713,PED-2024-001113,528.12
4714,PED-2024-001114,978.29
4715,PED-2024-001115,1461.34
4716,PED-2024-001116,959.11
4717,PED-2024-001117,610.32
4718,PED-2024-001118,1126.25
4719,PED-2024-001119,1675.06
4720,PED-2024-001120,1107.07
4721,PED-2024-001121,692.52
4722,PED-2024-001122,1274.21
4723,PED-2024-001123,1888.78
4724,PED-2024-001124,1255.03
4725,PED-2024-001125,774.72
4726,PED-2024-001126,1422.17
4727,PED-2024-001127,2102.50
4728,PED-2024-001128,1402.99
4729,PED-2024-001129,856.92
4730,PED-2024-001130,802.93
4731,PED-2024-001131,1204.90
4732,PED-2024-001132,1116.10
4733,PED-2024-001133,448.31
4734,PED-2024-001134,796.33
4735,PED-2024-001135,1164.67
4736,PED-2024-001136,283.39
4737,PED-2024-001137,194.29
4738,PED-2024-001138,444.83
4739,PED-2024-001139,612.69
4740,PED-2024-001140,363.97
4741,PED-2024-001141,291.24
4742,PED-2024-001142,486.28
4743,PED-2024-001143,884.88
4744,PED-2024-001144,517.37
4745,PED-2024-001145,369.71
4746,PED-2024-001146,678.69
4747,PED-2024-001147,905.67
4748,PED-2024-001148,718.50
4749,PED-2024-001149,409.21
4750,PED-2024-001150,838.69
4751,PED-2024-001151,1390.10
4752,PED-2024-001152,909.79
4753,PED-2024-001153,582.92
4754,PED-2024-001154,1076.93
4755,PED-2024-001155,1603.82
4756,PED-2024-001156,1057.75
4757,PED-2024-001157,665.12
4758,PED-2024-001158,1224.89
4759,PED-2024-001159,1817.54
4760,PED-2024-001160,1205.71
4761,PED-2024-001161,747.32
4762,PED-2024-001162,1372.85
4763,PED-2024-001163,2031.26
4764,PED-2024-001164,1353.67
4765,PED-2024-001165,829.52
4766,PED-2024-001166,1520.81
4767,PED-2024-001167,2244.98
4768,PED-2024-001168,1348.19
4769,PED-2024-001169,451.40
4770,PED-2024-001170,901.57
4771,PED-2024-001171,1384.62
4772,PED-2024-001172,1496.15
4773,PED-2024-001173,226.72
4774,PED-2024-001174,435.77
4775,PED-2024-001175,677.70
4776,PED-2024-001176,416.59
4777,PED-2024-001177,308.92
4778,PED-2024-001178,583.73
4779,PED-2024-001179,891.42
4780,PED-2024-001180,564.55
4781,PED-2024-001181,351.73
4782,PED-2024-001182,562.46
4783,PED-2024-001183,1016.43
4784,PED-2024-001184,600.70
4785,PED-2024-001185,417.41
4786,PED-2024-001186,764.68
4787,PED-2024-001187,1015.83
4788,PED-2024-001188,811.64
4789,PED-2024-001189,454.16
4790,PED-2024-001190,895.27
4791,PED-2024-001191,1334.37
4792,PED-2024-001192,800.13
4793,PED-2024-001193,585.34
4794,PED-2024-001194,964.02
4795,PED-2024-001195,1512.91
4796,PED-2024-001196,1033.30
4797,PED-2024-001197,552.96
4798,PED-2024-001198,1218.03
4799,PED-2024-001199,1609.54
4800,PED-2024-001200,1019.71
4801,PED-2024-001201,802.12
4802,PED-2024-001202,1471.49
4803,PED-2024-001203,2173.74
4804,PED-2024-001204,1452.31
4805,PED-2024-001205,424.00
4806,PED-2024-001206,852.25
4807,PED-2024-001207,1313.38
4808,PED-2024-001208,1446.83
4809,PED-2024-001209,506.20
4810,PED-2024-001210,1000.21
4811,PED-2024-001211,606.46
4812,PED-2024-001212,367.27
4813,PED-2024-001213,281.52
4814,PED-2024-001214,534.41
4815,PED-2024-001215,820.18
4816,PED-2024-001216,515.23
4817,PED-2024-001217,363.72
4818,PED-2024-001218,682.37
4819,PED-2024-001219,1033.90
4820,PED-2024-001220,663.19
4821,PED-2024-001221,445.92
4822,PED-2024-001222,830.33
4823,PED-2024-001223,1247.62
4824,PED-2024-001224,811.15
4825,PED-2024-001225,528.12
4826,PED-2024-001226,978.29
4827,PED-2024-001227,1461.34
4828,PED-2024-001228,959.11
4829,PED-2024-001229,610.32
4830,PED-2024-001230,1126.25
4831,PED-2024-001231,1528.48
4832,PED-2024-001232,878.51
4833,PED-2024-001233,635.74
4834,PED-2024-001234,1045.15
4835,PED-2024-001235,1635.10
4836,PED-2024-001236,1121.57
4837,PED-2024-001237,595.16
4838,PED-2024-001238,1309.02
4839,PED-2024-001239,1726.85
4840,PED-2024-001240,1087.61
4841,PED-2024-001241,744.14
4842,PED-2024-001242,634.53
4843,PED-2024-001243,1167.68
4844,PED-2024-001244,1185.92
4845,PED-2024-001245,385.34
4846,PED-2024-001246,843.88
4847,PED-2024-001247,1146.54
4848,PED-2024-001248,299.31
4849,PED-2024-001249,207.02
4850,PED-2024-001250,444.13
4851,PED-2024-001251,748.94
4852,PED-2024-001252,465.91
4853,PED-2024-001253,336.32
4854,PED-2024-001254,633.05
4855,PED-2024-001255,962.66
4856,PED-2024-001256,613.87
4857,PED-2024-001257,418.52
4858,PED-2024-001258,781.01
4859,PED-2024-001259,1176.38
4860,PED-2024-001260,761.83
4861,PED-2024-001261,500.72
4862,PED-2024-001262,928.97
4863,PED-2024-001263,1390.10
4864,PED-2024-001264,909.79
4865,PED-2024-001265,582.92
4866,PED-2024-001266,1076.93
4867,PED-2024-001267,1603.82
4868,PED-2024-001268,1057.75
4869,PED-2024-001269,665.12
4870,PED-2024-001270,1224.89
4871,PED-2024-001271,1817.54
4872,PED-2024-001272,1205.71
4873,PED-2024-001273,747.32
4874,PED-2024-001274,1372.85
4875,PED-2024-001275,2031.26
4876,PED-2024-001276,1353.67
4877,PED-2024-001277,829.52
4878,PED-2024-001278,1520.81
4879,PED-2024-001279,2244.98
4880,PED-2024-001280,1348.19
4881,PED-2024-001281,434.21
4882,PED-2024-001282,710.71
4883,PED-2024-001283,1299.22
4884,PED-2024-001284,1269.24
4885,PED-2024-001285,202.85
4886,PED-2024-001286,377.56
4887,PED-2024-001287,520.20
4888,PED-2024-001288,392.46
4889,PED-2024-001289,251.92
4890,PED-2024-001290,513.01
4891,PED-2024-001291,774.59
4892,PED-2024-001292,447.54
4893,PED-2024-001293,358.45
4894,PED-2024-001294,599.04
4895,PED-2024-001295,963.02
4896,PED-2024-001296,636.33
4897,PED-2024-001297,363.09
4898,PED-2024-001298,808.69
4899,PED-2024-001299,1081.80
4900,PED-2024-001300,674.47
4901,PED-2024-001301,555.52
4902,PED-2024-001302,1027.61
4903,PED-2024-001303,1532.58
4904,PED-2024-001304,1008.43
4905,PED-2024-001305,637.72
4906,PED-2024-001306,1175.57
4907,PED-2024-001307,1746.30
4908,PED-2024-001308,1156.39
4909,PED-2024-001309,719.92
4910,PED-2024-001310,1323.53
4911,PED-2024-001311,1960.02
4912,PED-2024-001312,1304.35
4913,PED-2024-001313,802.12
4914,PED-2024-001314,1471.49
4915,PED-2024-001315,2173.74
4916,PED-2024-001316,1452.31
4917,PED-2024-001317,424.00
4918,PED-2024-001318,852.25
4919,PED-2024-001319,1313.38
4920,PED-2024-001320,1446.83
4921,PED-2024-001321,506.20
4922,PED-2024-001322,1000.21
4923,PED-2024-001323,606.46
4924,PED-2024-001324,367.27
4925,PED-2024-001325,281.52
4926,PED-2024-001326,534.41
4927,PED-2024-001327,820.18
4928,PED-2024-001328,515.23
4929,PED-2024-001329,363.72
4930,PED-2024-001330,682.37
4931,PED-2024-001331,939.12
4932,PED-2024-001332,525.84
4933,PED-2024-001333,408.85
4934,PED-2024-001334,680.17
4935,PED-2024-001335,1085.21
4936,PED-2024-001336,724.53
4937,PED-2024-001337,405.27
4938,PED-2024-001338,899.67
4939,PED-2024-001339,1199.05
4940,PED-2024-001340,744.83
4941,PED-2024-001341,529.62
4942,PED-2024-001342,867.14
4943,PED-2024-001343,1542.48
4944,PED-2024-001344,933.85
4945,PED-2024-001345,608.09
4946,PED-2024-001346,1108.87
4947,PED-2024-001347,1456.41
4948,PED-2024-001348,1184.30
4949,PED-2024-001349,633.89
4950,PED-2024-001350,1277.09
4951,PED-2024-001351,2102.50
4952,PED-2024-001352,1402.99
4953,PED-2024-001353,856.92
4954,PED-2024-001354,802.93
4955,PED-2024-001355,1242.14
4956,PED-2024-001356,1397.51
4957,PED-2024-001357,478.80
4958,PED-2024-001358,950.89
4959,PED-2024-001359,1455.86
4960,PED-2024-001360,317.95
4961,PED-2024-001361,254.12
4962,PED-2024-001362,485.09
4963,PED-2024-001363,748.94
4964,PED-2024-001364,465.91
4965,PED-2024-001365,336.32
4966,PED-2024-001366,633.05
4967,PED-2024-001367,962.66
4968,PED-2024-001368,613.87
4969,PED-2024-001369,418.52
4970,PED-2024-001370,781.01
4971,PED-2024-001371,1176.38
4972,PED-2024-001372,761.83
4973,PED-2024-001373,500.72
4974,PED-2024-001374,928.97
4975,PED-2024-001375,1390.10
4976,PED-2024-001376,909.79
4977,PED-2024-001377,582.92
4978,PED-2024-001378,1076.93
4979,PED-2024-001379,1603.82
4980,PED-2024-001380,1057.75
4981,PED-2024-001381,601.07
4982,PED-2024-001382,943.32
4983,PED-2024-001383,1674.03
4984,PED-2024-001384,1017.18
4985,PED-2024-001385,655.79
4986,PED-2024-001386,1194.86
4987,PED-2024-001387,1566.57
4988,PED-2024-001388,1277.44
4989,PED-2024-001389,678.84
4990,PED-2024-001390,1319.97
4991,PED-2024-001391,1956.35
4992,PED-2024-001392,1076.87
4993,PED-2024-001393,423.12
4994,PED-2024-001394,755.79
4995,PED-2024-001395,1103.54
4996,PED-2024-001396,1344.01
4997,PED-2024-001397,173.20
4998,PED-2024-001398,399.34
4999,PED-2024-001399,554.13
5000,PED-2024-001400,329.23
5001,PED-2024-001401,308.92
5002,PED-2024-001402,583.73
5003,PED-2024-001403,891.42
5004,PED-2024-001404,564.55
5005,PED-2024-001405,391.12
5006,PED-2024-001406,731.69
5007,PED-2024-001407,1105.14
5008,PED-2024-001408,712.51
5009,PED-2024-001409,473.32
5010,PED-2024-001410,879.65
5011,PED-2024-001411,1318.86
5012,PED-2024-001412,860.47
5013,PED-2024-001413,555.52
5014,PED-2024-001414,1027.61
5015,PED-2024-001415,1532.58
5016,PED-2024-001416,1008.43
5017,PED-2024-001417,637.72
5018,PED-2024-001418,1175.57
5019,PED-2024-001419,1746.30
5020,PED-2024-001420,1156.39
5021,PED-2024-001421,719.92
5022,PED-2024-001422,1323.53
5023,PED-2024-001423,1960.02
5024,PED-2024-001424,1304.35
5025,PED-2024-001425,802.12
5026,PED-2024-001426,1471.49
5027,PED-2024-001427,2173.74
5028,PED-2024-001428,1452.31
5029,PED-2024-001429,424.00
5030,PED-2024-001430,852.25
5031,PED-2024-001431,1270.40
5032,PED-2024-001432,1155.25
5033,PED-2024-001433,473.55
5034,PED-2024-001434,836.92
5035,PED-2024-001435,535.25
5036,PED-2024-001436,327.49
5037,PED-2024-001437,215.40
5038,PED-2024-001438,490.28
5039,PED-2024-001439,671.38
5040,PED-2024-001440,402.06
5041,PED-2024-001441,315.08
5042,PED-2024-001442,524.39
5043,PED-2024-001443,950.72
5044,PED-2024-001444,559.04
5045,PED-2024-001445,393.56
5046,PED-2024-001446,721.66
5047,PED-2024-001447,960.78
5048,PED-2024-001448,765.11
5049,PED-2024-001449,431.70
5050,PED-2024-001450,882.53
5051,PED-2024-001451,1461.34
5052,PED-2024-001452,959.11
5053,PED-2024-001453,610.32
5054,PED-2024-001454,1126.25
5055,PED-2024-001455,1675.06
5056,PED-2024-001456,1107.07
5057,PED-2024-001457,692.52
5058,PED-2024-001458,1274.21
5059,PED-2024-001459,1888.78
5060,PED-2024-001460,1255.03
5061,PED-2024-001461,774.72
5062,PED-2024-001462,1422.17
5063,PED-2024-001463,2102.50
5064,PED-2024-001464,1402.99
5065,PED-2024-001465,856.92
5066,PED-2024-001466,802.93
5067,PED-2024-001467,1242.14
5068,PED-2024-001468,1397.51
5069,PED-2024-001469,478.80
5070,PED-2024-001470,950.89
5071,PED-2024-001471,1455.86
5072,PED-2024-001472,317.95
5073,PED-2024-001473,254.12
5074,PED-2024-001474,485.09
5075,PED-2024-001475,748.94
5076,PED-2024-001476,465.91
5077,PED-2024-001477,336.32
5078,PED-2024-001478,633.05
5079,PED-2024-001479,962.66
5080,PED-2024-001480,613.87
5081,PED-2024-001481,376.67
5082,PED-2024-001482,600.57
5083,PED-2024-001483,1082.20
5084,PED-2024-001484,642.36
5085,PED-2024-001485,441.23
5086,PED-2024-001486,807.74
5087,PED-2024-001487,1070.94
5088,PED-2024-001488,858.26
5089,PED-2024-001489,476.60
5090,PED-2024-001490,937.71
5091,PED-2024-001491,1396.57
5092,PED-2024-001492,839.36
5093,PED-2024-001493,610.53
5094,PED-2024-001494,1004.56
5095,PED-2024-001495,1574.04
5096,PED-2024-001496,1077.47
5097,PED-2024-001497,574.07
5098,PED-2024-001498,1263.53
5099,PED-2024-001499,1668.16
5100,PED-2024-001500,1058.07
5101,PED-2024-001501,829.52
5102,PED-2024-001502,1520.81
5103,PED-2024-001503,2244.98
5104,PED-2024-001504,1348.19
5105,PED-2024-001505,451.40
5106,PED-2024-001506,901.57
5107,PED-2024-001507,1384.62
5108,PED-2024-001508,1496.15
5109,PED-2024-001509,226.72
5110,PED-2024-001510,435.77
5111,PED-2024-001511,677.70
5112,PED-2024-001512,416.59
5113,PED-2024-001513,308.92
5114,PED-2024-001514,583.73
5115,PED-2024-001515,891.42
5116,PED-2024-001516,564.55
5117,PED-2024-001517,391.12
5118,PED-2024-001518,731.69
5119,PED-2024-001519,1105.14
5120,PED-2024-001520,712.51
5121,PED-2024-001521,473.32
5122,PED-2024-001522,879.65
5123,PED-2024-001523,1318.86
5124,PED-2024-001524,860.47
5125,PED-2024-001525,555.52
5126,PED-2024-001526,1027.61
5127,PED-2024-001527,1532.58
5128,PED-2024-001528,1008.43
5129,PED-2024-001529,637.72
5130,PED-2024-001530,1175.57
5131,PED-2024-001531,1593.98
5132,PED-2024-001532,917.66
5133,PED-2024-001533,660.93
5134,PED-2024-001534,1085.69
5135,PED-2024-001535,1696.23
5136,PED-2024-001536,1165.67
5137,PED-2024-001537,616.25
5138,PED-2024-001538,1354.51
5139,PED-2024-001539,1785.41
5140,PED-2024-001540,1125.69
5141,PED-2024-001541,376.71
5142,PED-2024-001542,672.60
5143,PED-2024-001543,1233.45
5144,PED-2024-001544,1227.58
5145,PED-2024-001545,409.19
5146,PED-2024-001546,886.90
5147,PED-2024-001547,465.09
5148,PED-2024-001548,345.84
5149,PED-2024-001549,229.48
5150,PED-2024-001550,487.97
5151,PED-2024-001551,820.18
5152,PED-2024-001552,515.23
5153,PED-2024-001553,363.72
5154,PED-2024-001554,682.37
5155,PED-2024-001555,1033.90
5156,PED-2024-001556,663.19
5157,PED-2024-001557,445.92
5158,PED-2024-001558,830.33
5159,PED-2024-001559,1247.62
5160,PED-2024-001560,811.15
5161,PED-2024-001561,528.12
5162,PED-2024-001562,978.29
5163,PED-2024-001563,1461.34
5164,PED-2024-001564,959.11
5165,PED-2024-001565,610.32
5166,PED-2024-001566,1126.25
5167,PED-2024-001567,1675.06
5168,PED-2024-001568,1107.07
5169,PED-2024-001569,692.52
5170,PED-2024-001570,1274.21
5171,PED-2024-001571,1888.78
5172,PED-2024-001572,1255.03
5173,PED-2024-001573,774.72
5174,PED-2024-001574,1422.17
5175,PED-2024-001575,2102.50
5176,PED-2024-001576,1402.99
5177,PED-2024-001577,856.92
5178,PED-2024-001578,802.93
5179,PED-2024-001579,1242.14
5180,PED-2024-001580,1397.51
5181,PED-2024-001581,459.15
5182,PED-2024-001582,748.78
5183,PED-2024-001583,1364.93
5184,PED-2024-001584,267.47
5185,PED-2024-001585,226.70
5186,PED-2024-001586,420.58
5187,PED-2024-001587,575.25
5188,PED-2024-001588,439.07
5189,PED-2024-001589,274.41
5190,PED-2024-001590,555.50
5191,PED-2024-001591,836.72
5192,PED-2024-001592,486.69
5193,PED-2024-001593,383.66
5194,PED-2024-001594,639.63
5195,PED-2024-001595,1024.08
5196,PED-2024-001596,680.43
5197,PED-2024-001597,384.18
5198,PED-2024-001598,854.18
5199,PED-2024-001599,1140.49
5200,PED-2024-001600,712.83
5201,PED-2024-001601,582.92
5202,PED-2024-001602,1076.93
5203,PED-2024-001603,1603.82
5204,PED-2024-001604,1057.75
5205,PED-2024-001605,665.12
5206,PED-2024-001606,1224.89
5207,PED-2024-001607,1817.54
5208,PED-2024-001608,1205.71
5209,PED-2024-001609,747.32
5210,PED-2024-001610,1372.85
5211,PED-2024-001611,2031.26
5212,PED-2024-001612,1353.67
5213,PED-2024-001613,829.52
5214,PED-2024-001614,1520.81
5215,PED-2024-001615,2244.98
5216,PED-2024-001616,1348.19
5217,PED-2024-001617,451.40
5218,PED-2024-001618,901.57
5219,PED-2024-001619,1384.62
5220,PED-2024-001620,1496.15
5221,PED-2024-001621,226.72
5222,PED-2024-001622,435.77
5223,PED-2024-001623,677.70
5224,PED-2024-001624,416.59
5225,PED-2024-001625,308.92
5226,PED-2024-001626,583.73
5227,PED-2024-001627,891.42
5228,PED-2024-001628,564.55
5229,PED-2024-001629,391.12
5230,PED-2024-001630,731.69
5231,PED-2024-001631,1004.62
5232,PED-2024-001632,565.07
5233,PED-2024-001633,434.09
5234,PED-2024-001634,720.72
5235,PED-2024-001635,1146.27
5236,PED-2024-001636,768.63
5237,PED-2024-001637,426.38
5238,PED-2024-001638,945.12
5239,PED-2024-001639,1257.74
5240,PED-2024-001640,782.92
5241,PED-2024-001641,553.46
5242,PED-2024-001642,905.25
5243,PED-2024-001643,1608.32
5244,PED-2024-001644,975.52
5245,PED-2024-001645,631.94
5246,PED-2024-001646,1151.84
5247,PED-2024-001647,1511.52
5248,PED-2024-001648,1230.91
5249,PED-2024-001649,656.38
5250,PED-2024-001650,1320.93
5251,PED-2024-001651,2173.74
5252,PED-2024-001652,1452.31
5253,PED-2024-001653,424.00
5254,PED-2024-001654,852.25
5255,PED-2024-001655,1313.38
5256,PED-2024-001656,1446.83
5257,PED-2024-001657,506.20
5258,PED-2024-001658,1000.21
5259,PED-2024-001659,606.46
5260,PED-2024-001660,367.27
5261,PED-2024-001661,281.52
5262,PED-2024-001662,534.41
5263,PED-2024-001663,820.18
5264,PED-2024-001664,515.23
5265,PED-2024-001665,363.72
5266,PED-2024-001666,682.37
5267,PED-2024-001667,1033.90
5268,PED-2024-001668,663.19
5269,PED-2024-001669,445.92
5270,PED-2024-001670,830.33
5271,PED-2024-001671,1247.62
5272,PED-2024-001672,811.15
5273,PED-2024-001673,528.12
5274,PED-2024-001674,978.29
5275,PED-2024-001675,1461.34
5276,PED-2024-001676,959.11
5277,PED-2024-001677,610.32
5278,PED-2024-001678,1126.25
5279,PED-2024-001679,1675.06
5280,PED-2024-001680,1107.07
5281,PED-2024-001681,626.01
5282,PED-2024-001682,981.43
5283,PED-2024-001683,1739.80
5284,PED-2024-001684,1058.84
5285,PED-2024-001685,679.61
5286,PED-2024-001686,1237.92
5287,PED-2024-001687,1621.68
5288,PED-2024-001688,1324.06
5289,PED-2024-001689,701.28
5290,PED-2024-001690,633.61
5291,PED-2024-001691,1105.54
5292,PED-2024-001692,1116.10
5293,PED-2024-001693,448.31
5294,PED-2024-001694,796.33
5295,PED-2024-001695,1164.67
5296,PED-2024-001696,283.39
5297,PED-2024-001697,194.29
5298,PED-2024-001698,444.83
5299,PED-2024-001699,612.69
5300,PED-2024-001700,367.59
5301,PED-2024-001701,336.32
5302,PED-2024-001702,633.05
5303,PED-2024-001703,962.66
5304,PED-2024-001704,613.87
5305,PED-2024-001705,418.52
5306,PED-2024-001706,781.01
5307,PED-2024-001707,1176.38
5308,PED-2024-001708,761.83
5309,PED-2024-001709,500.72
5310,PED-2024-001710,928.97
5311,PED-2024-001711,1390.10
5312,PED-2024-001712,909.79
5313,PED-2024-001713,582.92
5314,PED-2024-001714,1076.93
5315,PED-2024-001715,1603.82
5316,PED-2024-001716,1057.75
5317,PED-2024-001717,665.12
5318,PED-2024-001718,1224.89
5319,PED-2024-001719,1817.54
5320,PED-2024-001720,1205.71
5321,PED-2024-001721,747.32
5322,PED-2024-001722,1372.85
5323,PED-2024-001723,2031.26
5324,PED-2024-001724,1353.67
5325,PED-2024-001725,829.52
5326,PED-2024-001726,1520.81
5327,PED-2024-001727,2244.98
5328,PED-2024-001728,1348.19
5329,PED-2024-001729,451.40
5330,PED-2024-001730,901.57
5331,PED-2024-001731,1335.90
5332,PED-2024-001732,1194.40
5333,PED-2024-001733,207.22
5334,PED-2024-001734,355.74
5335,PED-2024-001735,596.38
5336,PED-2024-001736,371.59
5337,PED-2024-001737,236.49
5338,PED-2024-001738,535.77
5339,PED-2024-001739,730.00
5340,PED-2024-001740,440.14
5341,PED-2024-001741,338.89
5342,PED-2024-001742,562.46
5343,PED-2024-001743,1016.43
5344,PED-2024-001744,600.70
5345,PED-2024-001745,417.41
5346,PED-2024-001746,764.68
5347,PED-2024-001747,1015.83
5348,PED-2024-001748,811.64
5349,PED-2024-001749,454.16
5350,PED-2024-001750,926.37
5351,PED-2024-001751,1532.58
5352,PED-2024-001752,1008.43
5353,PED-2024-001753,637.72
5354,PED-2024-001754,1175.57
5355,PED-2024-001755,1746.30
5356,PED-2024-001756,1156.39
5357,PED-2024-001757,719.92
5358,PED-2024-001758,1323.53
5359,PED-2024-001759,1960.02
5360,PED-2024-001760,1304.35
5361,PED-2024-001761,802.12
5362,PED-2024-001762,1471.49
5363,PED-2024-001763,2173.74
5364,PED-2024-001764,1452.31
5365,PED-2024-001765,424.00
5366,PED-2024-001766,852.25
5367,PED-2024-001767,1313.38
5368,PED-2024-001768,1446.83
5369,PED-2024-001769,506.20
5370,PED-2024-001770,1000.21
5371,PED-2024-001771,606.46
5372,PED-2024-001772,367.27
5373,PED-2024-001773,281.52
5374,PED-2024-001774,534.41
5375,PED-2024-001775,820.18
5376,PED-2024-001776,515.23
5377,PED-2024-001777,363.72
5378,PED-2024-001778,682.37
5379,PED-2024-001779,1033.90
5380,PED-2024-001780,663.19
5381,PED-2024-001781,401.61
5382,PED-2024-001782,638.64
5383,PED-2024-001783,1147.91
5384,PED-2024-001784,683.95
5385,PED-2024-001785,465.08
5386,PED-2024-001786,850.76
5387,PED-2024-001787,1125.99
5388,PED-2024-001788,904.87
5389,PED-2024-001789,499.09
5390,PED-2024-001790,980.20
5391,PED-2024-001791,1458.70
5392,PED-2024-001792,878.51
5393,PED-2024-001793,635.74
5394,PED-2024-001794,1045.15
5395,PED-2024-001795,1635.10
5396,PED-2024-001796,1121.57
5397,PED-2024-001797,595.16
5398,PED-2024-001798,1309.02
5399,PED-2024-001799,1726.85
5400,PED-2024-001800,1096.43
5401,PED-2024-001801,856.92
5402,PED-2024-001802,802.93
5403,PED-2024-001803,1242.14
5404,PED-2024-001804,1397.51
5405,PED-2024-001805,478.80
5406,PED-2024-001806,950.89
5407,PED-2024-001807,1455.86
5408,PED-2024-001808,317.95
5409,PED-2024-001809,254.12
5410,PED-2024-001810,485.09
5411,PED-2024-001811,748.94
5412,PED-2024-001812,465.91
5413,PED-2024-001813,336.32
5414,PED-2024-001814,633.05
5415,PED-2024-001815,962.66
5416,PED-2024-001816,613.87
5417,PED-2024-001817,418.52
5418,PED-2024-001818,781.01
5419,PED-2024-001819,1176.38
5420,PED-2024-001820,761.83
5421,PED-2024-001821,500.72
5422,PED-2024-001822,928.97
5423,PED-2024-001823,1390.10
5424,PED-2024-001824,909.79
5425,PED-2024-001825,582.92
5426,PED-2024-001826,1076.93
5427,PED-2024-001827,1603.82
5428,PED-2024-001828,1057.75
5429,PED-2024-001829,665.12
5430,PED-2024-001830,1224.89
5431,PED-2024-001831,1659.48
5432,PED-2024-001832,956.89
5433,PED-2024-001833,686.17
5434,PED-2024-001834,1126.24
5435,PED-2024-001835,1757.29
5436,PED-2024-001836,1209.77
5437,PED-2024-001837,637.36
5438,PED-2024-001838,1399.96
5439,PED-2024-001839,1844.10
5440,PED-2024-001840,1018.01
5441,PED-2024-001841,400.55
5442,PED-2024-001842,710.71
5443,PED-2024-001843,1299.22
5444,PED-2024-001844,1269.24
5445,PED-2024-001845,202.85
5446,PED-2024-001846,377.56
5447,PED-2024-001847,520.20
5448,PED-2024-001848,392.46
5449,PED-2024-001849,251.92
5450,PED-2024-001850,531.81
5451,PED-2024-001851,891.42
5452,PED-2024-001852,564.55
5453,PED-2024-001853,391.12
5454,PED-2024-001854,731.69
5455,PED-2024-001855,1105.14
5456,PED-2024-001856,712.51
5457,PED-2024-001857,473.32
5458,PED-2024-001858,879.65
5459,PED-2024-001859,1318.86
5460,PED-2024-001860,860.47
5461,PED-2024-001861,555.52
5462,PED-2024-001862,1027.61
5463,PED-2024-001863,1532.58
5464,PED-2024-001864,1008.43
5465,PED-2024-001865,637.72
5466,PED-2024-001866,1175.57
5467,PED-2024-001867,1746.30
5468,PED-2024-001868,1156.39
5469,PED-2024-001869,719.92
5470,PED-2024-001870,1323.53
5471,PED-2024-001871,1960.02
5472,PED-2024-001872,1304.35
5473,PED-2024-001873,802.12
5474,PED-2024-001874,1471.49
5475,PED-2024-001875,2173.74
5476,PED-2024-001876,1452.31
5477,PED-2024-001877,424.00
5478,PED-2024-001878,852.25
5479,PED-2024-001879,1313.38
5480,PED-2024-001880,1446.83
5481,PED-2024-001881,484.09
5482,PED-2024-001882,786.89
5483,PED-2024-001883,556.08
5484,PED-2024-001884,309.13
5485,PED-2024-001885,250.52
5486,PED-2024-001886,463.60
5487,PED-2024-001887,630.30
5488,PED-2024-001888,485.60
5489,PED-2024-001889,296.87
5490,PED-2024-001890,597.99
5491,PED-2024-001891,898.98
5492,PED-2024-001892,525.84
5493,PED-2024-001893,408.85
5494,PED-2024-001894,680.17
5495,PED-2024-001895,1085.21
5496,PED-2024-001896,724.53
5497,PED-2024-001897,405.27
5498,PED-2024-001898,899.67
5499,PED-2024-001899,1199.05
5500,PED-2024-001900,751.19
5501,PED-2024-001901,610.32
5502,PED-2024-001902,1126.25
5503,PED-2024-001903,1675.06
5504,PED-2024-001904,1107.07
5505,PED-2024-001905,692.52
5506,PED-2024-001906,1274.21
5507,PED-2024-001907,1888.78
5508,PED-2024-001908,1255.03
5509,PED-2024-001909,774.72
5510,PED-2024-001910,1422.17
5511,PED-2024-001911,2102.50
5512,PED-2024-001912,1402.99
5513,PED-2024-001913,856.92
5514,PED-2024-001914,802.93
5515,PED-2024-001915,1242.14
5516,PED-2024-001916,1397.51
5517,PED-2024-001917,478.80
5518,PED-2024-001918,950.89
5519,PED-2024-001919,1455.86
5520,PED-2024-001920,317.95
5521,PED-2024-001921,254.12
5522,PED-2024-001922,485.09
5523,PED-2024-001923,748.94
5524,PED-2024-001924,465.91
5525,PED-2024-001925,336.32
5526,PED-2024-001926,633.05
5527,PED-2024-001927,962.66
5528,PED-2024-001928,613.87
5529,PED-2024-001929,418.52
5530,PED-2024-001930,781.01
5531,PED-2024-001931,1070.12
5532,PED-2024-001932,604.22
5533,PED-2024-001933,459.30
5534,PED-2024-001934,761.26
5535,PED-2024-001935,1207.40
5536,PED-2024-001936,812.73
5537,PED-2024-001937,447.47
5538,PED-2024-001938,990.61
5539,PED-2024-001939,1316.36
5540,PED-2024-001940,821.00
5541,PED-2024-001941,577.27
5542,PED-2024-001942,943.32
5543,PED-2024-001943,1674.03
5544,PED-2024-001944,1017.18
5545,PED-2024-001945,655.79
5546,PED-2024-001946,1194.86
5547,PED-2024-001947,1566.57
5548,PED-2024-001948,1277.44
5549,PED-2024-001949,678.84
5550,PED-2024-001950,1364.77
5551,PED-2024-001951,2244.98
5552,PED-2024-001952,1348.19
5553,PED-2024-001953,451.40
5554,PED-2024-001954,901.57
5555,PED-2024-001955,1384.62
5556,PED-2024-001956,1496.15
5557,PED-2024-001957,226.72
5558,PED-2024-001958,435.77
5559,PED-2024-001959,677.70
5560,PED-2024-001960,416.59
5561,PED-2024-001961,308.92
5562,PED-2024-001962,583.73
5563,PED-2024-001963,891.42
5564,PED-2024-001964,564.55
5565,PED-2024-001965,391.12
5566,PED-2024-001966,731.69
5567,PED-2024-001967,1105.14
5568,PED-2024-001968,712.51
5569,PED-2024-001969,473.32
5570,PED-2024-001970,879.65
5571,PED-2024-001971,1318.86
5572,PED-2024-001972,860.47
5573,PED-2024-001973,555.52
5574,PED-2024-001974,1027.61
5575,PED-2024-001975,1532.58
5576,PED-2024-001976,1008.43
5577,PED-2024-001977,637.72
5578,PED-2024-001978,1175.57
5579,PED-2024-001979,1746.30
5580,PED-2024-001980,1156.39
5581,PED-2024-001981,650.95
5582,PED-2024-001982,1019.50
5583,PED-2024-001983,1805.51
5584,PED-2024-001984,1100.43
5585,PED-2024-001985,703.46
5586,PED-2024-001986,1280.94
5587,PED-2024-001987,1676.73
5588,PED-2024-001988,1370.67
5589,PED-2024-001989,355.52
5590,PED-2024-001990,676.05
5591,PED-2024-001991,1167.74
5592,PED-2024-001992,1155.25
5593,PED-2024-001993,473.55
5594,PED-2024-001994,836.92
5595,PED-2024-001995,535.25
5596,PED-2024-001996,327.49
5597,PED-2024-001997,215.40
5598,PED-2024-001998,490.28
5599,PED-2024-001999,671.38
5600,PED-2024-002000,405.95
5601,PED-2024-002001,363.72
5602,PED-2024-002002,682.37
5603,PED-2024-002003,1033.90
5604,PED-2024-002004,663.19
5605,PED-2024-002005,445.92
5606,PED-2024-002006,830.33
5607,PED-2024-002007,1247.62
5608,PED-2024-002008,811.15
5609,PED-2024-002009,528.12
5610,PED-2024-002010,978.29
5611,PED-2024-002011,1461.34
5612,PED-2024-002012,959.11
5613,PED-2024-002013,610.32
5614,PED-2024-002014,1126.25
5615,PED-2024-002015,1675.06
5616,PED-2024-002016,1107.07
5617,PED-2024-002017,692.52
5618,PED-2024-002018,1274.21
5619,PED-2024-002019,1888.78
5620,PED-2024-002020,1255.03
5621,PED-2024-002021,774.72
5622,PED-2024-002022,1422.17
5623,PED-2024-002023,2102.50
5624,PED-2024-002024,1402.99
5625,PED-2024-002025,856.92
5626,PED-2024-002026,802.93
5627,PED-2024-002027,1242.14
5628,PED-2024-002028,1397.51
5629,PED-2024-002029,478.80
5630,PED-2024-002030,950.89
5631,PED-2024-002031,1401.40
5632,PED-2024-002032,251.63
5633,PED-2024-002033,232.41
5634,PED-2024-002034,396.28
5635,PED-2024-002035,657.51
5636,PED-2024-002036,415.76
5637,PED-2024-002037,257.60
5638,PED-2024-002038,581.27
5639,PED-2024-002039,788.62
5640,PED-2024-002040,478.23
5641,PED-2024-002041,362.73
5642,PED-2024-002042,600.57
5643,PED-2024-002043,1082.20
5644,PED-2024-002044,642.36
5645,PED-2024-002045,441.23
5646,PED-2024-002046,807.74
5647,PED-2024-002047,1070.94
5648,PED-2024-002048,858.26
5649,PED-2024-002049,476.60
5650,PED-2024-002050,970.21
5651,PED-2024-002051,1603.82
5652,PED-2024-002052,1057.75
5653,PED-2024-002053,665.12
5654,PED-2024-002054,1224.89
5655,PED-2024-002055,1817.54
5656,PED-2024-002056,1205.71
5657,PED-2024-002057,747.32
5658,PED-2024-002058,1372.85
5659,PED-2024-002059,2031.26
5660,PED-2024-002060,1353.67
5661,PED-2024-002061,829.52
5662,PED-2024-002062,1520.81
5663,PED-2024-002063,2244.98
5664,PED-2024-002064,1348.19
5665,PED-2024-002065,451.40
5666,PED-2024-002066,901.57
5667,PED-2024-002067,1384.62
5668,PED-2024-002068,1496.15
5669,PED-2024-002069,226.72
5670,PED-2024-002070,435.77
5671,PED-2024-002071,677.70
5672,PED-2024-002072,416.59
5673,PED-2024-002073,308.92
5674,PED-2024-002074,583.73
5675,PED-2024-002075,891.42
5676,PED-2024-002076,564.55
5677,PED-2024-002077,391.12
5678,PED-2024-002078,731.69
5679,PED-2024-002079,1105.14
5680,PED-2024-002080,712.51
5681,PED-2024-002081,426.55
5682,PED-2024-002082,676.71
5683,PED-2024-002083,1213.68
5684,PED-2024-002084,725.61
5685,PED-2024-002085,488.90
5686,PED-2024-002086,893.78
5687,PED-2024-002087,1181.04
5688,PED-2024-002088,951.40
5689,PED-2024-002089,521.55
5690,PED-2024-002090,1022.69
5691,PED-2024-002091,1520.96
5692,PED-2024-002092,917.66
5693,PED-2024-002093,660.93
5694,PED-2024-002094,1085.69
5695,PED-2024-002095,1696.23
5696,PED-2024-002096,1165.67
5697,PED-2024-002097,616.25
5698,PED-2024-002098,1354.51
5699,PED-2024-002099,1785.41
5700,PED-2024-002100,1134.79
5701,PED-2024-002101,424.00
5702,PED-2024-002102,852.25
5703,PED-2024-002103,1313.38
5704,PED-2024-002104,1446.83
5705,PED-2024-002105,506.20
5706,PED-2024-002106,1000.21
5707,PED-2024-002107,606.46
5708,PED-2024-002108,367.27
5709,PED-2024-002109,281.52
5710,PED-2024-002110,534.41
5711,PED-2024-002111,820.18
5712,PED-2024-002112,515.23
5713,PED-2024-002113,363.72
5714,PED-2024-002114,682.37
5715,PED-2024-002115,1033.90
5716,PED-2024-002116,663.19
5717,PED-2024-002117,445.92
5718,PED-2024-002118,830.33
5719,PED-2024-002119,1247.62
5720,PED-2024-002120,811.15
5721,PED-2024-002121,528.12
5722,PED-2024-002122,978.29
5723,PED-2024-002123,1461.34
5724,PED-2024-002124,959.11
5725,PED-2024-002125,610.32
5726,PED-2024-002126,1126.25
5727,PED-2024-002127,1675.06
5728,PED-2024-002128,1107.07
5729,PED-2024-002129,692.52
5730,PED-2024-002130,1274.21
5731,PED-2024-002131,1724.98
5732,PED-2024-002132,996.04
5733,PED-2024-002133,711.38
5734,PED-2024-002134,1166.78
5735,PED-2024-002135,1818.42
5736,PED-2024-002136,1253.87
5737,PED-2024-002137,658.45
5738,PED-2024-002138,755.00
5739,PED-2024-002139,1043.47
5740,PED-2024-002140,1056.10
5741,PED-2024-002141,424.39
5742,PED-2024-002142,748.78
5743,PED-2024-002143,1364.93
5744,PED-2024-002144,267.47
5745,PED-2024-002145,226.70
5746,PED-2024-002146,420.58
5747,PED-2024-002147,575.25
5748,PED-2024-002148,439.07
5749,PED-2024-002149,274.41
5750,PED-2024-002150,575.65
5751,PED-2024-002151,962.66
5752,PED-2024-002152,613.87
5753,PED-2024-002153,418.52
5754,PED-2024-002154,781.01
5755,PED-2024-002155,1176.38
5756,PED-2024-002156,761.83
5757,PED-2024-002157,500.72
5758,PED-2024-002158,928.97
5759,PED-2024-002159,1390.10
5760,PED-2024-002160,909.79
5761,PED-2024-002161,582.92
5762,PED-2024-002162,1076.93
5763,PED-2024-002163,1603.82
5764,PED-2024-002164,1057.75
5765,PED-2024-002165,665.12
5766,PED-2024-002166,1224.89
5767,PED-2024-002167,1817.54
5768,PED-2024-002168,1205.71
5769,PED-2024-002169,747.32
5770,PED-2024-002170,1372.85
5771,PED-2024-002171,2031.26
5772,PED-2024-002172,1353.67
5773,PED-2024-002173,829.52
5774,PED-2024-002174,1520.81
5775,PED-2024-002175,2244.98
5776,PED-2024-002176,1348.19
5777,PED-2024-002177,451.40
5778,PED-2024-002178,901.57
5779,PED-2024-002179,1384.62
5780,PED-2024-002180,1496.15
5781,PED-2024-002181,202.15
5782,PED-2024-002182,333.96
5783,PED-2024-002183,621.92
5784,PED-2024-002184,350.80
5785,PED-2024-002185,274.37
5786,PED-2024-002186,506.57
5787,PED-2024-002187,685.41
5788,PED-2024-002188,532.21
5789,PED-2024-002189,319.36
5790,PED-2024-002190,640.43
5791,PED-2024-002191,961.18
5792,PED-2024-002192,565.07
5793,PED-2024-002193,434.09
5794,PED-2024-002194,720.72
5795,PED-2024-002195,1146.27
5796,PED-2024-002196,768.63
5797,PED-2024-002197,426.38
5798,PED-2024-002198,945.12
5799,PED-2024-002199,1257.74
5800,PED-2024-002200,789.55
5801,PED-2024-002201,637.72
5802,PED-2024-002202,1175.57
5803,PED-2024-002203,1746.30
5804,PED-2024-002204,1156.39
5805,PED-2024-002205,719.92
5806,PED-2024-002206,1323.53
5807,PED-2024-002207,1960.02
5808,PED-2024-002208,1304.35
5809,PED-2024-002209,802.12
5810,PED-2024-002210,1471.49
5811,PED-2024-002211,2173.74
5812,PED-2024-002212,1452.31
5813,PED-2024-002213,424.00
5814,PED-2024-002214,852.25
5815,PED-2024-002215,1313.38
5816,PED-2024-002216,1446.83
5817,PED-2024-002217,506.20
5818,PED-2024-002218,1000.21
5819,PED-2024-002219,606.46
5820,PED-2024-002220,367.27
5821,PED-2024-002221,281.52
5822,PED-2024-002222,534.41
5823,PED-2024-002223,820.18
5824,PED-2024-002224,515.23
5825,PED-2024-002225,363.72
5826,PED-2024-002226,682.37
5827,PED-2024-002227,1033.90
5828,PED-2024-002228,663.19
5829,PED-2024-002229,445.92
5830,PED-2024-002230,830.33
5831,PED-2024-002231,1135.62
5832,PED-2024-002232,643.45
5833,PED-2024-002233,484.49
5834,PED-2024-002234,801.80
5835,PED-2024-002235,1268.53
5836,PED-2024-002236,856.90
5837,PED-2024-002237,468.58
5838,PED-2024-002238,1036.11
5839,PED-2024-002239,1374.98
5840,PED-2024-002240,859.09
5841,PED-2024-002241,601.11
5842,PED-2024-002242,981.43
5843,PED-2024-002243,1739.80
5844,PED-2024-002244,1058.84
5845,PED-2024-002245,679.61
5846,PED-2024-002246,1237.92
5847,PED-2024-002247,1621.68
5848,PED-2024-002248,1324.06
5849,PED-2024-002249,701.28
5850,PED-2024-002250,641.41
5851,PED-2024-002251,1242.14
5852,PED-2024-002252,1397.51
5853,PED-2024-002253,478.80
5854,PED-2024-002254,950.89
5855,PED-2024-002255,1455.86
5856,PED-2024-002256,317.95
5857,PED-2024-002257,254.12
5858,PED-2024-002258,485.09
5859,PED-2024-002259,748.94
5860,PED-2024-002260,465.91
5861,PED-2024-002261,336.32
5862,PED-2024-002262,633.05
5863,PED-2024-002263,962.66
5864,PED-2024-002264,613.87
5865,PED-2024-002265,418.52
5866,PED-2024-002266,781.01
5867,PED-2024-002267,1176.38
5868,PED-2024-002268,761.83
5869,PED-2024-002269,500.72
5870,PED-2024-002270,928.97
5871,PED-2024-002271,1390.10
5872,PED-2024-002272,909.79
5873,PED-2024-002273,582.92
5874,PED-2024-002274,1076.93
5875,PED-2024-002275,1603.82
5876,PED-2024-002276,1057.75
5877,PED-2024-002277,665.12
5878,PED-2024-002278,1224.89
5879,PED-2024-002279,1817.54
5880,PED-2024-002280,1205.71
5881,PED-2024-002281,675.89
5882,PED-2024-002282,1057.57
5883,PED-2024-002283,1871.28
5884,PED-2024-002284,1142.09
5885,PED-2024-002285,727.28
5886,PED-2024-002286,1323.96
5887,PED-2024-002287,1731.78
5888,PED-2024-002288,1279.10
5889,PED-2024-002289,377.98
5890,PED-2024-002290,718.54
5891,PED-2024-002291,1230.00
5892,PED-2024-002292,1194.40
5893,PED-2024-002293,207.22
5894,PED-2024-002294,355.74
5895,PED-2024-002295,596.38
5896,PED-2024-002296,371.59
5897,PED-2024-002297,236.49
5898,PED-2024-002298,535.77
5899,PED-2024-002299,730.00
5900,PED-2024-002300,444.31
5901,PED-2024-002301,391.12
5902,PED-2024-002302,731.69
5903,PED-2024-002303,1105.14
5904,PED-2024-002304,712.51
5905,PED-2024-002305,473.32
5906,PED-2024-002306,879.65
5907,PED-2024-002307,1318.86
5908,PED-2024-002308,860.47
5909,PED-2024-002309,555.52
5910,PED-2024-002310,1027.61
5911,PED-2024-002311,1532.58
5912,PED-2024-002312,1008.43
5913,PED-2024-002313,637.72
5914,PED-2024-002314,1175.57
5915,PED-2024-002315,1746.30
5916,PED-2024-002316,1156.39
5917,PED-2024-002317,719.92
5918,PED-2024-002318,1323.53
5919,PED-2024-002319,1960.02
5920,PED-2024-002320,1304.35
5921,PED-2024-002321,802.12
5922,PED-2024-002322,1471.49
5923,PED-2024-002323,2173.74
5924,PED-2024-002324,1452.31
5925,PED-2024-002325,424.00
5926,PED-2024-002326,852.25
5927,PED-2024-002327,1313.38
5928,PED-2024-002328,1446.83
5929,PED-2024-002329,506.20
5930,PED-2024-002330,1000.21
5931,PED-2024-002331,546.19
5932,PED-2024-002332,290.78
5933,PED-2024-002333,257.62
5934,PED-2024-002334,436.87
5935,PED-2024-002335,718.57
5936,PED-2024-002336,459.86
5937,PED-2024-002337,278.69
5938,PED-2024-002338,626.76
5939,PED-2024-002339,847.31
5940,PED-2024-002340,516.32
5941,PED-2024-002341,386.57
5942,PED-2024-002342,638.64
5943,PED-2024-002343,1147.91
5944,PED-2024-002344,683.95
5945,PED-2024-002345,465.08
5946,PED-2024-002346,850.76
5947,PED-2024-002347,1125.99
5948,PED-2024-002348,904.87
5949,PED-2024-002349,499.09
5950,PED-2024-002350,1014.05
5951,PED-2024-002351,1675.06
5952,PED-2024-002352,1107.07
5953,PED-2024-002353,692.52
5954,PED-2024-002354,1274.21
5955,PED-2024-002355,1888.78
5956,PED-2024-002356,1255.03
5957,PED-2024-002357,774.72
5958,PED-2024-002358,1422.17
5959,PED-2024-002359,2102.50
5960,PED-2024-002360,1402.99
5961,PED-2024-002361,856.92
5962,PED-2024-002362,802.93
5963,PED-2024-002363,1242.14
5964,PED-2024-002364,1397.51
5965,PED-2024-002365,478.80
5966,PED-2024-002366,950.89
5967,PED-2024-002367,1455.86
5968,PED-2024-002368,317.95
5969,PED-2024-002369,254.12
5970,PED-2024-002370,485.09
5971,PED-2024-002371,748.94
5972,PED-2024-002372,465.91
5973,PED-2024-002373,336.32
5974,PED-2024-002374,633.05
5975,PED-2024-002375,962.66
5976,PED-2024-002376,613.87
5977,PED-2024-002377,418.52
5978,PED-2024-002378,781.01
5979,PED-2024-002379,1176.38
5980,PED-2024-002380,761.83
5981,PED-2024-002381,451.49
5982,PED-2024-002382,714.82
5983,PED-2024-002383,1279.52
5984,PED-2024-002384,767.28
5985,PED-2024-002385,512.75
5986,PED-2024-002386,936.75
5987,PED-2024-002387,1236.15
5988,PED-2024-002388,998.01
5989,PED-2024-002389,544.04
5990,PED-2024-002390,1065.13
5991,PED-2024-002391,1583.16
5992,PED-2024-002392,956.89
5993,PED-2024-002393,686.17
5994,PED-2024-002394,1126.24
5995,PED-2024-002395,1757.29
5996,PED-2024-002396,1209.77
5997,PED-2024-002397,637.36
5998,PED-2024-002398,1399.96
5999,PED-2024-002399,1844.10
6000,PED-2024-002400,1019.71
6001,PED-2024-002401,451.40
6002,PED-2024-002402,901.57
6003,PED-2024-002403,1384.62
6004,PED-2024-002404,1496.15
6005,PED-2024-002405,226.72
6006,PED-2024-002406,435.77
6007,PED-2024-002407,677.70
6008,PED-2024-002408,416.59
6009,PED-2024-002409,308.92
6010,PED-2024-002410,583.73
6011,PED-2024-002411,891.42
6012,PED-2024-002412,564.55
6013,PED-2024-002413,391.12
6014,PED-2024-002414,731.69
6015,PED-2024-002415,1105.14
6016,PED-2024-002416,712.51
6017,PED-2024-002417,473.32
6018,PED-2024-002418,879.65
6019,PED-2024-002419,1318.86
6020,PED-2024-002420,860.47
6021,PED-2024-002421,555.52
6022,PED-2024-002422,1027.61
6023,PED-2024-002423,1532.58
6024,PED-2024-002424,1008.43
6025,PED-2024-002425,637.72
6026,PED-2024-002426,1175.57
6027,PED-2024-002427,1746.30
6028,PED-2024-002428,1156.39
6029,PED-2024-002429,719.92
6030,PED-2024-002430,1323.53
6031,PED-2024-002431,1790.48
6032,PED-2024-002432,1035.27
6033,PED-2024-002433,736.57
6034,PED-2024-002434,1207.32
6035,PED-2024-002435,1879.55
6036,PED-2024-002436,1298.04
6037,PED-2024-002437,334.32
6038,PED-2024-002438,800.45
6039,PED-2024-002439,1102.09
6040,PED-2024-002440,1094.18
6041,PED-2024-002441,448.23
6042,PED-2024-002442,786.89
6043,PED-2024-002443,556.08
6044,PED-2024-002444,309.13
6045,PED-2024-002445,250.52
6046,PED-2024-002446,463.60
6047,PED-2024-002447,630.30
6048,PED-2024-002448,485.60
6049,PED-2024-002449,296.87
6050,PED-2024-002450,619.49
6051,PED-2024-002451,1033.90
6052,PED-2024-002452,663.19
6053,PED-2024-002453,445.92
6054,PED-2024-002454,830.33
6055,PED-2024-002455,1247.62
6056,PED-2024-002456,811.15
6057,PED-2024-002457,528.12
6058,PED-2024-002458,978.29
6059,PED-2024-002459,1461.34
6060,PED-2024-002460,959.11
6061,PED-2024-002461,610.32
6062,PED-2024-002462,1126.25
6063,PED-2024-002463,1675.06
6064,PED-2024-002464,1107.07
6065,PED-2024-002465,692.52
6066,PED-2024-002466,1274.21
6067,PED-2024-002467,1888.78
6068,PED-2024-002468,1255.03
6069,PED-2024-002469,774.72
6070,PED-2024-002470,1422.17
6071,PED-2024-002471,2102.50
6072,PED-2024-002472,1402.99
6073,PED-2024-002473,856.92
6074,PED-2024-002474,802.93
6075,PED-2024-002475,1242.14
6076,PED-2024-002476,1397.51
6077,PED-2024-002477,478.80
6078,PED-2024-002478,950.89
6079,PED-2024-002479,1455.86
6080,PED-2024-002480,317.95
6081,PED-2024-002481,227.06
6082,PED-2024-002482,372.03
6083,PED-2024-002483,687.63
6084,PED-2024-002484,392.46
6085,PED-2024-002485,298.22
6086,PED-2024-002486,549.59
6087,PED-2024-002487,740.46
6088,PED-2024-002488,578.74
6089,PED-2024-002489,341.82
6090,PED-2024-002490,682.92
6091,PED-2024-002491,1023.38
6092,PED-2024-002492,604.22
6093,PED-2024-002493,459.30
6094,PED-2024-002494,761.26
6095,PED-2024-002495,1207.40
6096,PED-2024-002496,812.73
6097,PED-2024-002497,447.47
6098,PED-2024-002498,990.61
6099,PED-2024-002499,1316.36
6100,PED-2024-002500,827.91
6101,PED-2024-002501,665.12
6102,PED-2024-002502,1224.89
6103,PED-2024-002503,1817.54
6104,PED-2024-002504,1205.71
6105,PED-2024-002505,747.32
6106,PED-2024-002506,1372.85
6107,PED-2024-002507,2031.26
6108,PED-2024-002508,1353.67
6109,PED-2024-002509,829.52
6110,PED-2024-002510,1520.81
6111,PED-2024-002511,2244.98
6112,PED-2024-002512,1348.19
6113,PED-2024-002513,451.40
6114,PED-2024-002514,901.57
6115,PED-2024-002515,1384.62
6116,PED-2024-002516,1496.15
6117,PED-2024-002517,226.72
6118,PED-2024-002518,435.77
6119,PED-2024-002519,677.70
6120,PED-2024-002520,416.59
6121,PED-2024-002521,308.92
6122,PED-2024-002522,583.73
6123,PED-2024-002523,891.42
6124,PED-2024-002524,564.55
6125,PED-2024-002525,391.12
6126,PED-2024-002526,731.69
6127,PED-2024-002527,1105.14
6128,PED-2024-002528,712.51
6129,PED-2024-002529,473.32
6130,PED-2024-002530,879.65
6131,PED-2024-002531,1201.05
6132,PED-2024-002532,682.60
6133,PED-2024-002533,509.70
6134,PED-2024-002534,842.39
6135,PED-2024-002535,1329.59
6136,PED-2024-002536,901.00
6137,PED-2024-002537,489.67
6138,PED-2024-002538,1081.60
6139,PED-2024-002539,1433.67
6140,PED-2024-002540,897.18
6141,PED-2024-002541,624.95
6142,PED-2024-002542,1019.50
6143,PED-2024-002543,1805.51
6144,PED-2024-002544,1100.43
6145,PED-2024-002545,703.46
6146,PED-2024-002546,1280.94
6147,PED-2024-002547,1676.73
6148,PED-2024-002548,1370.67
6149,PED-2024-002549,355.52
6150,PED-2024-002550,685.25
6151,PED-2024-002551,1313.38
6152,PED-2024-002552,1446.83
6153,PED-2024-002553,506.20
6154,PED-2024-002554,1000.21
6155,PED-2024-002555,606.46
6156,PED-2024-002556,367.27
6157,PED-2024-002557,281.52
6158,PED-2024-002558,534.41
6159,PED-2024-002559,820.18
6160,PED-2024-002560,515.23
6161,PED-2024-002561,363.72
6162,PED-2024-002562,682.37
6163,PED-2024-002563,1033.90
6164,PED-2024-002564,663.19
6165,PED-2024-002565,445.92
6166,PED-2024-002566,830.33
6167,PED-2024-002567,1247.62
6168,PED-2024-002568,811.15
6169,PED-2024-002569,528.12
6170,PED-2024-002570,978.29
6171,PED-2024-002571,1461.34
6172,PED-2024-002572,959.11
6173,PED-2024-002573,610.32
6174,PED-2024-002574,1126.25
6175,PED-2024-002575,1675.06
6176,PED-2024-002576,1107.07
6177,PED-2024-002577,692.52
6178,PED-2024-002578,1274.21
6179,PED-2024-002579,1888.78
6180,PED-2024-002580,1255.03
6181,PED-2024-002581,700.83
6182,PED-2024-002582,1095.68
6183,PED-2024-002583,1937.12
6184,PED-2024-002584,1183.76
6185,PED-2024-002585,751.13
6186,PED-2024-002586,714.83
6187,PED-2024-002587,981.33
6188,PED-2024-002588,1325.72
6189,PED-2024-002589,400.44
6190,PED-2024-002590,760.98
6191,PED-2024-002591,1292.20
6192,PED-2024-002592,251.63
6193,PED-2024-002593,232.41
6194,PED-2024-002594,396.28
6195,PED-2024-002595,657.51
6196,PED-2024-002596,415.76
6197,PED-2024-002597,257.60
6198,PED-2024-002598,581.27
6199,PED-2024-002599,788.62
6200,PED-2024-002600,482.67
6201,PED-2024-002601,418.52
6202,PED-2024-002602,781.01
6203,PED-2024-002603,1176.38
6204,PED-2024-002604,761.83
6205,PED-2024-002605,500.72
6206,PED-2024-002606,928.97
6207,PED-2024-002607,1390.10
6208,PED-2024-002608,909.79
6209,PED-2024-002609,582.92
6210,PED-2024-002610,1076.93
6211,PED-2024-002611,1603.82
6212,PED-2024-002612,1057.75
6213,PED-2024-002613,665.12
6214,PED-2024-002614,1224.89
6215,PED-2024-002615,1817.54
6216,PED-2024-002616,1205.71
6217,PED-2024-002617,747.32
6218,PED-2024-002618,1372.85
6219,PED-2024-002619,2031.26
6220,PED-2024-002620,1353.67
6221,PED-2024-002621,829.52
6222,PED-2024-002622,1520.81
6223,PED-2024-002623,2244.98
6224,PED-2024-002624,1348.19
6225,PED-2024-002625,451.40
6226,PED-2024-002626,901.57
6227,PED-2024-002627,1384.62
6228,PED-2024-002628,1496.15
6229,PED-2024-002629,226.72
6230,PED-2024-002630,435.77
6231,PED-2024-002631,611.69
6232,PED-2024-002632,329.93
6233,PED-2024-002633,282.81
6234,PED-2024-002634,477.41
6235,PED-2024-002635,779.70
6236,PED-2024-002636,503.96
6237,PED-2024-002637,299.78
6238,PED-2024-002638,672.25
6239,PED-2024-002639,905.87
6240,PED-2024-002640,554.40
6241,PED-2024-002641,410.43
6242,PED-2024-002642,676.71
6243,PED-2024-002643,1213.68
6244,PED-2024-002644,725.61
6245,PED-2024-002645,488.90
6246,PED-2024-002646,893.78
6247,PED-2024-002647,1181.04
6248,PED-2024-002648,951.40
6249,PED-2024-002649,521.55
6250,PED-2024-002650,1057.89
6251,PED-2024-002651,1746.30
6252,PED-2024-002652,1156.39
6253,PED-2024-002653,719.92
6254,PED-2024-002654,1323.53
6255,PED-2024-002655,1960.02
6256,PED-2024-002656,1304.35
6257,PED-2024-002657,802.12
6258,PED-2024-002658,1471.49
6259,PED-2024-002659,2173.74
6260,PED-2024-002660,1452.31
6261,PED-2024-002661,424.00
6262,PED-2024-002662,852.25
6263,PED-2024-002663,1313.38
6264,PED-2024-002664,1446.83
6265,PED-2024-002665,506.20
6266,PED-2024-002666,1000.21
6267,PED-2024-002667,606.46
6268,PED-2024-002668,367.27
6269,PED-2024-002669,281.52
6270,PED-2024-002670,534.41
6271,PED-2024-002671,820.18
6272,PED-2024-002672,515.23
6273,PED-2024-002673,363.72
6274,PED-2024-002674,682.37
6275,PED-2024-002675,1033.90
6276,PED-2024-002676,663.19
6277,PED-2024-002677,445.92
6278,PED-2024-002678,830.33
6279,PED-2024-002679,1247.62
6280,PED-2024-002680,811.15
6281,PED-2024-002681,476.40
6282,PED-2024-002682,752.89
6283,PED-2024-002683,1345.23
6284,PED-2024-002684,808.94
6285,PED-2024-002685,536.60
6286,PED-2024-002686,979.77
6287,PED-2024-002687,1291.20
6288,PED-2024-002688,1044.54
6289,PED-2024-002689,566.50
6290,PED-2024-002690,1107.62
6291,PED-2024-002691,1645.36
6292,PED-2024-002692,996.04
6293,PED-2024-002693,711.38
6294,PED-2024-002694,1166.78
6295,PED-2024-002695,1818.42
6296,PED-2024-002696,1253.87
6297,PED-2024-002697,658.45
6298,PED-2024-002698,755.00
6299,PED-2024-002699,1043.47
6300,PED-2024-002700,1058.07
6301,PED-2024-002701,478.80
6302,PED-2024-002702,950.89
6303,PED-2024-002703,1455.86
6304,PED-2024-002704,317.95
6305,PED-2024-002705,254.12
6306,PED-2024-002706,485.09
6307,PED-2024-002707,748.94
6308,PED-2024-002708,465.91
6309,PED-2024-002709,336.32
6310,PED-2024-002710,633.05
6311,PED-2024-002711,962.66
6312,PED-2024-002712,613.87
6313,PED-2024-002713,418.52
6314,PED-2024-002714,781.01
6315,PED-2024-002715,1176.38
6316,PED-2024-002716,761.83
6317,PED-2024-002717,500.72
6318,PED-2024-002718,928.97
6319,PED-2024-002719,1390.10
6320,PED-2024-002720,909.79
6321,PED-2024-002721,582.92
6322,PED-2024-002722,1076.93
6323,PED-2024-002723,1603.82
6324,PED-2024-002724,1057.75
6325,PED-2024-002725,665.12
6326,PED-2024-002726,1224.89
6327,PED-2024-002727,1817.54
6328,PED-2024-002728,1205.71
6329,PED-2024-002729,747.32
6330,PED-2024-002730,1372.85
6331,PED-2024-002731,1855.91
6332,PED-2024-002732,1074.42
6333,PED-2024-002733,761.78
6334,PED-2024-002734,1247.91
6335,PED-2024-002735,1940.61
6336,PED-2024-002736,1211.72
6337,PED-2024-002737,355.41
6338,PED-2024-002738,845.94
6339,PED-2024-002739,1160.78
6340,PED-2024-002740,1132.27
6341,PED-2024-002741,195.89
6342,PED-2024-002742,333.96
6343,PED-2024-002743,621.92
6344,PED-2024-002744,350.80
6345,PED-2024-002745,274.37
6346,PED-2024-002746,506.57
6347,PED-2024-002747,685.41
6348,PED-2024-002748,532.21
6349,PED-2024-002749,319.36
6350,PED-2024-002750,663.33
6351,PED-2024-002751,1105.14
6352,PED-2024-002752,712.51
6353,PED-2024-002753,473.32
6354,PED-2024-002754,879.65
6355,PED-2024-002755,1318.86
6356,PED-2024-002756,860.47
6357,PED-2024-002757,555.52
6358,PED-2024-002758,1027.61
6359,PED-2024-002759,1532.58
6360,PED-2024-002760,1008.43
6361,PED-2024-002761,637.72
6362,PED-2024-002762,1175.57
6363,PED-2024-002763,1746.30
6364,PED-2024-002764,1156.39
6365,PED-2024-002765,719.92
6366,PED-2024-002766,1323.53
6367,PED-2024-002767,1960.02
6368,PED-2024-002768,1304.35
6369,PED-2024-002769,802.12
6370,PED-2024-002770,1471.49
6371,PED-2024-002771,2173.74
6372,PED-2024-002772,1452.31
6373,PED-2024-002773,424.00
6374,PED-2024-002774,852.25
6375,PED-2024-002775,1313.38
6376,PED-2024-002776,1446.83
6377,PED-2024-002777,506.20
6378,PED-2024-002778,1000.21
6379,PED-2024-002779,606.46
6380,PED-2024-002780,367.27
6381,PED-2024-002781,252.00
6382,PED-2024-002782,410.14
6383,PED-2024-002783,753.40
6384,PED-2024-002784,434.12
6385,PED-2024-002785,322.04
6386,PED-2024-002786,592.65
6387,PED-2024-002787,795.57
6388,PED-2024-002788,625.36
6389,PED-2024-002789,364.26
6390,PED-2024-002790,725.36
6391,PED-2024-002791,1085.58
6392,PED-2024-002792,643.45
6393,PED-2024-002793,484.49
6394,PED-2024-002794,801.80
6395,PED-2024-002795,1268.53
6396,PED-2024-002796,856.90
6397,PED-2024-002797,468.58
6398,PED-2024-002798,1036.11
6399,PED-2024-002799,1374.98
6400,PED-2024-002800,866.27
6401,PED-2024-002801,692.52
6402,PED-2024-002802,1274.21
6403,PED-2024-002803,1888.78
6404,PED-2024-002804,1255.03
6405,PED-2024-002805,774.72
6406,PED-2024-002806,1422.17
6407,PED-2024-002807,2102.50
6408,PED-2024-002808,1402.99
6409,PED-2024-002809,856.92
6410,PED-2024-002810,802.93
6411,PED-2024-002811,1242.14
6412,PED-2024-002812,1397.51
6413,PED-2024-002813,478.80
6414,PED-2024-002814,950.89
6415,PED-2024-002815,1455.86
6416,PED-2024-002816,317.95
6417,PED-2024-002817,254.12
6418,PED-2024-002818,485.09
6419,PED-2024-002819,748.94
6420,PED-2024-002820,465.91
6421,PED-2024-002821,336.32
6422,PED-2024-002822,633.05
6423,PED-2024-002823,962.66
6424,PED-2024-002824,613.87
6425,PED-2024-002825,418.52
6426,PED-2024-002826,781.01
6427,PED-2024-002827,1176.38
6428,PED-2024-002828,761.83
6429,PED-2024-002829,500.72
6430,PED-2024-002830,928.97
6431,PED-2024-002831,1266.55
6432,PED-2024-002832,721.75
6433,PED-2024-002833,534.89
6434,PED-2024-002834,882.93
6435,PED-2024-002835,1390.72
6436,PED-2024-002836,945.10
6437,PED-2024-002837,510.76
6438,PED-2024-002838,1127.09
6439,PED-2024-002839,1492.23
6440,PED-2024-002840,935.26
6441,PED-2024-002841,648.81
6442,PED-2024-002842,1057.57
6443,PED-2024-002843,1871.28
6444,PED-2024-002844,1142.09
6445,PED-2024-002845,727.28
6446,PED-2024-002846,1323.96
6447,PED-2024-002847,1731.78
6448,PED-2024-002848,1279.10
6449,PED-2024-002849,377.98
6450,PED-2024-002850,729.09
6451,PED-2024-002851,1384.62
6452,PED-2024-002852,1496.15
6453,PED-2024-002853,226.72
6454,PED-2024-002854,435.77
6455,PED-2024-002855,677.70
6456,PED-2024-002856,416.59
6457,PED-2024-002857,308.92
6458,PED-2024-002858,583.73
6459,PED-2024-002859,891.42
6460,PED-2024-002860,564.55
6461,PED-2024-002861,391.12
6462,PED-2024-002862,731.69
6463,PED-2024-002863,1105.14
6464,PED-2024-002864,712.51
6465,PED-2024-002865,473.32
6466,PED-2024-002866,879.65
6467,PED-2024-002867,1318.86
6468,PED-2024-002868,860.47
6469,PED-2024-002869,555.52
6470,PED-2024-002870,1027.61
6471,PED-2024-002871,1532.58
6472,PED-2024-002872,1008.43
6473,PED-2024-002873,637.72
6474,PED-2024-002874,1175.57
6475,PED-2024-002875,1746.30
6476,PED-2024-002876,1156.39
6477,PED-2024-002877,719.92
6478,PED-2024-002878,1323.53
6479,PED-2024-002879,1960.02
6480,PED-2024-002880,1304.35
6481,PED-2024-002881,725.74
6482,PED-2024-002882,1133.75
6483,PED-2024-002883,2002.83
6484,PED-2024-002884,1225.42
6485,PED-2024-002885,337.67
6486,PED-2024-002886,757.85
6487,PED-2024-002887,1036.38
6488,PED-2024-002888,1372.25
6489,PED-2024-002889,422.93
6490,PED-2024-002890,803.47
6491,PED-2024-002891,525.73
6492,PED-2024-002892,290.78
6493,PED-2024-002893,257.62
6494,PED-2024-002894,436.87
6495,PED-2024-002895,718.57
6496,PED-2024-002896,459.86
6497,PED-2024-002897,278.69
6498,PED-2024-002898,626.76
6499,PED-2024-002899,847.31
6500,PED-2024-002900,521.03
6501,PED-2024-002901,445.92
6502,PED-2024-002902,830.33
6503,PED-2024-002903,1247.62
6504,PED-2024-002904,811.15
6505,PED-2024-002905,528.12
6506,PED-2024-002906,978.29
6507,PED-2024-002907,1461.34
6508,PED-2024-002908,959.11
6509,PED-2024-002909,610.32
6510,PED-2024-002910,1126.25
6511,PED-2024-002911,1675.06
6512,PED-2024-002912,1107.07
6513,PED-2024-002913,692.52
6514,PED-2024-002914,1274.21
6515,PED-2024-002915,1888.78
6516,PED-2024-002916,1255.03
6517,PED-2024-002917,774.72
6518,PED-2024-002918,1422.17
6519,PED-2024-002919,2102.50
6520,PED-2024-002920,1402.99
6521,PED-2024-002921,856.92
6522,PED-2024-002922,802.93
6523,PED-2024-002923,1242.14
6524,PED-2024-002924,1397.51
6525,PED-2024-002925,478.80
6526,PED-2024-002926,950.89
6527,PED-2024-002927,1455.86
6528,PED-2024-002928,317.95
6529,PED-2024-002929,254.12
6530,PED-2024-002930,485.09
6531,PED-2024-002931,677.19
6532,PED-2024-002932,369.16
6533,PED-2024-002933,308.05
6534,PED-2024-002934,517.96
6535,PED-2024-002935,840.76
6536,PED-2024-002936,548.06
6537,PED-2024-002937,320.89
6538,PED-2024-002938,717.70
6539,PED-2024-002939,964.56
6540,PED-2024-002940,592.49
6541,PED-2024-002941,434.27
6542,PED-2024-002942,714.82
6543,PED-2024-002943,1279.52
6544,PED-2024-002944,767.28
6545,PED-2024-002945,512.75
6546,PED-2024-002946,936.75
6547,PED-2024-002947,1236.15
6548,PED-2024-002948,998.01
6549,PED-2024-002949,544.04
6550,PED-2024-002950,1101.73
6551,PED-2024-002951,1817.54
6552,PED-2024-002952,1205.71
6553,PED-2024-002953,747.32
6554,PED-2024-002954,1372.85
6555,PED-2024-002955,2031.26
6556,PED-2024-002956,1353.67
6557,PED-2024-002957,829.52
6558,PED-2024-002958,1520.81
6559,PED-2024-002959,2244.98
6560,PED-2024-002960,1348.19
6561,PED-2024-002961,451.40
6562,PED-2024-002962,901.57
6563,PED-2024-002963,1384.62
6564,PED-2024-002964,1496.15
6565,PED-2024-002965,226.72
6566,PED-2024-002966,435.77
6567,PED-2024-002967,677.70
6568,PED-2024-002968,416.59
6569,PED-2024-002969,308.92
6570,PED-2024-002970,583.73
6571,PED-2024-002971,891.42
6572,PED-2024-002972,564.55
6573,PED-2024-002973,391.12
6574,PED-2024-002974,731.69
6575,PED-2024-002975,1105.14
6576,PED-2024-002976,712.51
6577,PED-2024-002977,473.32
6578,PED-2024-002978,879.65
6579,PED-2024-002979,1318.86
6580,PED-2024-002980,860.47
6581,PED-2024-002981,501.34
6582,PED-2024-002982,791.00
6583,PED-2024-002983,1411.00
6584,PED-2024-002984,850.60
6585,PED-2024-002985,560.42
6586,PED-2024-002986,1022.83
6587,PED-2024-002987,1346.31
6588,PED-2024-002988,1091.16
6589,PED-2024-002989,588.94
6590,PED-2024-002990,1150.06
6591,PED-2024-002991,1707.56
6592,PED-2024-002992,1035.27
6593,PED-2024-002993,736.57
6594,PED-2024-002994,1207.32
6595,PED-2024-002995,1879.55
6596,PED-2024-002996,1298.04
6597,PED-2024-002997,334.32
6598,PED-2024-002998,800.45
6599,PED-2024-002999,1102.09
6600,PED-2024-003000,1096.43
6601,PED-2024-003001,506.20
6602,PED-2024-003002,1000.21
6603,PED-2024-003003,606.46
6604,PED-2024-003004,367.27
6605,PED-2024-003005,281.52
6606,PED-2024-003006,534.41
6607,PED-2024-003007,820.18
6608,PED-2024-003008,515.23
6609,PED-2024-003009,363.72
6610,PED-2024-003010,682.37
6611,PED-2024-003011,1033.90
6612,PED-2024-003012,663.19
6613,PED-2024-003013,445.92
6614,PED-2024-003014,830.33
6615,PED-2024-003015,1247.62
6616,PED-2024-003016,811.15
6617,PED-2024-003017,528.12
6618,PED-2024-003018,978.29
6619,PED-2024-003019,1461.34
6620,PED-2024-003020,959.11
6621,PED-2024-003021,610.32
6622,PED-2024-003022,1126.25
6623,PED-2024-003023,1675.06
6624,PED-2024-003024,1107.07
6625,PED-2024-003025,692.52
6626,PED-2024-003026,1274.21
6627,PED-2024-003027,1888.78
6628,PED-2024-003028,1255.03
6629,PED-2024-003029,774.72
6630,PED-2024-003030,1422.17
6631,PED-2024-003031,1921.41
6632,PED-2024-003032,1113.57
6633,PED-2024-003033,786.97
6634,PED-2024-003034,674.70
6635,PED-2024-003035,981.35
6636,PED-2024-003036,1255.82
6637,PED-2024-003037,376.50
6638,PED-2024-003038,891.43
6639,PED-2024-003039,1219.34
6640,PED-2024-003040,249.71
6641,PED-2024-003041,219.70
6642,PED-2024-003042,372.03
6643,PED-2024-003043,687.63
6644,PED-2024-003044,392.46
6645,PED-2024-003045,298.22
6646,PED-2024-003046,549.59
6647,PED-2024-003047,740.46
6648,PED-2024-003048,578.74
6649,PED-2024-003049,341.82
6650,PED-2024-003050,707.17
6651,PED-2024-003051,1176.38
6652,PED-2024-003052,761.83
6653,PED-2024-003053,500.72
6654,PED-2024-003054,928.97
6655,PED-2024-003055,1390.10
6656,PED-2024-003056,909.79
6657,PED-2024-003057,582.92
6658,PED-2024-003058,1076.93
6659,PED-2024-003059,1603.82
6660,PED-2024-003060,1057.75
6661,PED-2024-003061,665.12
6662,PED-2024-003062,1224.89
6663,PED-2024-003063,1817.54
6664,PED-2024-003064,1205.71
6665,PED-2024-003065,747.32
6666,PED-2024-003066,1372.85
6667,PED-2024-003067,2031.26
6668,PED-2024-003068,1353.67
6669,PED-2024-003069,829.52
6670,PED-2024-003070,1520.81
6671,PED-2024-003071,2244.98
6672,PED-2024-003072,1348.19
6673,PED-2024-003073,451.40
6674,PED-2024-003074,901.57
6675,PED-2024-003075,1384.62
6676,PED-2024-003076,1496.15
6677,PED-2024-003077,226.72
6678,PED-2024-003078,435.77
6679,PED-2024-003079,677.70
6680,PED-2024-003080,416.59
6681,PED-2024-003081,276.94
6682,PED-2024-003082,448.21
6683,PED-2024-003083,819.11
6684,PED-2024-003084,475.71
6685,PED-2024-003085,345.89
6686,PED-2024-003086,635.67
6687,PED-2024-003087,850.62
6688,PED-2024-003088,671.97
6689,PED-2024-003089,386.75
6690,PED-2024-003090,767.85
6691,PED-2024-003091,1147.71
6692,PED-2024-003092,682.60
6693,PED-2024-003093,509.70
6694,PED-2024-003094,842.39
6695,PED-2024-003095,1329.59
6696,PED-2024-003096,901.00
6697,PED-2024-003097,489.67
6698,PED-2024-003098,1081.60
6699,PED-2024-003099,1433.67
6700,PED-2024-003100,904.63
6701,PED-2024-003101,719.92
6702,PED-2024-003102,1323.53
6703,PED-2024-003103,1960.02
6704,PED-2024-003104,1304.35
6705,PED-2024-003105,802.12
6706,PED-2024-003106,1471.49
6707,PED-2024-003107,2173.74
6708,PED-2024-003108,1452.31
6709,PED-2024-003109,424.00
6710,PED-2024-003110,852.25
6711,PED-2024-003111,1313.38
6712,PED-2024-003112,1446.83
6713,PED-2024-003113,506.20
6714,PED-2024-003114,1000.21
6715,PED-2024-003115,606.46
6716,PED-2024-003116,367.27
6717,PED-2024-003117,281.52
6718,PED-2024-003118,534.41
6719,PED-2024-003119,820.18
6720,PED-2024-003120,515.23
6721,PED-2024-003121,363.72
6722,PED-2024-003122,682.37
6723,PED-2024-003123,1033.90
6724,PED-2024-003124,663.19
6725,PED-2024-003125,445.92
6726,PED-2024-003126,830.33
6727,PED-2024-003127,1247.62
6728,PED-2024-003128,811.15
6729,PED-2024-003129,528.12
6730,PED-2024-003130,978.29
6731,PED-2024-003131,1332.05
6732,PED-2024-003132,760.98
6733,PED-2024-003133,560.13
6734,PED-2024-003134,923.48
6735,PED-2024-003135,1451.78
6736,PED-2024-003136,989.20
6737,PED-2024-003137,531.87
6738,PED-2024-003138,1172.54
6739,PED-2024-003139,1550.92
6740,PED-2024-003140,973.35
6741,PED-2024-003141,672.65
6742,PED-2024-003142,1095.68
6743,PED-2024-003143,1937.12
6744,PED-2024-003144,1183.76
6745,PED-2024-003145,751.13
6746,PED-2024-003146,714.83
6747,PED-2024-003147,981.33
6748,PED-2024-003148,1325.72
6749,PED-2024-003149,400.44
6750,PED-2024-003150,772.93
6751,PED-2024-003151,1455.86
6752,PED-2024-003152,317.95
6753,PED-2024-003153,254.12
6754,PED-2024-003154,485.09
6755,PED-2024-003155,748.94
6756,PED-2024-003156,465.91
6757,PED-2024-003157,336.32
6758,PED-2024-003158,633.05
6759,PED-2024-003159,962.66
6760,PED-2024-003160,613.87
6761,PED-2024-003161,418.52
6762,PED-2024-003162,781.01
6763,PED-2024-003163,1176.38
6764,PED-2024-003164,761.83
6765,PED-2024-003165,500.72
6766,PED-2024-003166,928.97
6767,PED-2024-003167,1390.10
6768,PED-2024-003168,909.79
6769,PED-2024-003169,582.92
6770,PED-2024-003170,1076.93
6771,PED-2024-003171,1603.82
6772,PED-2024-003172,1057.75
6773,PED-2024-003173,665.12
6774,PED-2024-003174,1224.89
6775,PED-2024-003175,1817.54
6776,PED-2024-003176,1205.71
6777,PED-2024-003177,747.32
6778,PED-2024-003178,1372.85
6779,PED-2024-003179,2031.26
6780,PED-2024-003180,1353.67
6781,PED-2024-003181,750.68
6782,PED-2024-003182,1171.86
6783,PED-2024-003183,2068.60
6784,PED-2024-003184,1144.33
6785,PED-2024-003185,361.49
6786,PED-2024-003186,800.91
6787,PED-2024-003187,1091.49
6788,PED-2024-003188,1418.86
6789,PED-2024-003189,184.53
6790,PED-2024-003190,385.64
6791,PED-2024-003191,587.99
6792,PED-2024-003192,329.93
6793,PED-2024-003193,282.81
6794,PED-2024-003194,477.41
6795,PED-2024-003195,779.70
6796,PED-2024-003196,503.96
6797,PED-2024-003197,299.78
6798,PED-2024-003198,672.25
6799,PED-2024-003199,905.87
6800,PED-2024-003200,559.39
6801,PED-2024-003201,473.32
6802,PED-2024-003202,879.65
6803,PED-2024-003203,1318.86
6804,PED-2024-003204,860.47
6805,PED-2024-003205,555.52
6806,PED-2024-003206,1027.61
6807,PED-2024-003207,1532.58
6808,PED-2024-003208,1008.43
6809,PED-2024-003209,637.72
6810,PED-2024-003210,1175.57
6811,PED-2024-003211,1746.30
6812,PED-2024-003212,1156.39
6813,PED-2024-003213,719.92
6814,PED-2024-003214,1323.53
6815,PED-2024-003215,1960.02
6816,PED-2024-003216,1304.35
6817,PED-2024-003217,802.12
6818,PED-2024-003218,1471.49
6819,PED-2024-003219,2173.74
6820,PED-2024-003220,1452.31
6821,PED-2024-003221,424.00
6822,PED-2024-003222,852.25
6823,PED-2024-003223,1313.38
6824,PED-2024-003224,1446.83
6825,PED-2024-003225,506.20
6826,PED-2024-003226,1000.21
6827,PED-2024-003227,606.46
6828,PED-2024-003228,367.27
6829,PED-2024-003229,281.52
6830,PED-2024-003230,534.41
6831,PED-2024-003231,742.69
6832,PED-2024-003232,408.31
6833,PED-2024-003233,333.26
6834,PED-2024-003234,558.50
6835,PED-2024-003235,901.89
6836,PED-2024-003236,592.16
6837,PED-2024-003237,341.98
6838,PED-2024-003238,763.19
6839,PED-2024-003239,1023.18
6840,PED-2024-003240,630.57
6841,PED-2024-003241,458.08
6842,PED-2024-003242,752.89
6843,PED-2024-003243,1345.23
6844,PED-2024-003244,808.94
6845,PED-2024-003245,536.60
6846,PED-2024-003246,979.77
6847,PED-2024-003247,1291.20
6848,PED-2024-003248,1044.54
6849,PED-2024-003249,566.50
6850,PED-2024-003250,1145.57
6851,PED-2024-003251,1888.78
6852,PED-2024-003252,1255.03
6853,PED-2024-003253,774.72
6854,PED-2024-003254,1422.17
6855,PED-2024-003255,2102.50
6856,PED-2024-003256,1402.99
6857,PED-2024-003257,856.92
6858,PED-2024-003258,802.93
6859,PED-2024-003259,1242.14
6860,PED-2024-003260,1397.51
6861,PED-2024-003261,478.80
6862,PED-2024-003262,950.89
6863,PED-2024-003263,1455.86
6864,PED-2024-003264,317.95
6865,PED-2024-003265,254.12
6866,PED-2024-003266,485.09
6867,PED-2024-003267,748.94
6868,PED-2024-003268,465.91
6869,PED-2024-003269,336.32
6870,PED-2024-003270,633.05
6871,PED-2024-003271,962.66
6872,PED-2024-003272,613.87
6873,PED-2024-003273,418.52
6874,PED-2024-003274,781.01
6875,PED-2024-003275,1176.38
6876,PED-2024-003276,761.83
6877,PED-2024-003277,500.72
6878,PED-2024-003278,928.97
6879,PED-2024-003279,1390.10
6880,PED-2024-003280,909.79
6881,PED-2024-003281,526.28
6882,PED-2024-003282,829.07
6883,PED-2024-003283,1476.71
6884,PED-2024-003284,892.19
6885,PED-2024-003285,584.27
6886,PED-2024-003286,1065.85
6887,PED-2024-003287,1401.36
6888,PED-2024-003288,1137.77
6889,PED-2024-003289,611.43
6890,PED-2024-003290,1192.55
6891,PED-2024-003291,1769.69
6892,PED-2024-003292,1074.42
6893,PED-2024-003293,761.78
6894,PED-2024-003294,1247.91
6895,PED-2024-003295,1940.61
6896,PED-2024-003296,1211.72
6897,PED-2024-003297,355.41
6898,PED-2024-003298,845.94
6899,PED-2024-003299,1160.78
6900,PED-2024-003300,1134.79
6901,PED-2024-003301,226.72
6902,PED-2024-003302,435.77
6903,PED-2024-003303,677.70
6904,PED-2024-003304,416.59
6905,PED-2024-003305,308.92
6906,PED-2024-003306,583.73
6907,PED-2024-003307,891.42
6908,PED-2024-003308,564.55
6909,PED-2024-003309,391.12
6910,PED-2024-003310,731.69
6911,PED-2024-003311,1105.14
6912,PED-2024-003312,712.51
6913,PED-2024-003313,473.32
6914,PED-2024-003314,879.65
6915,PED-2024-003315,1318.86
6916,PED-2024-003316,860.47
6917,PED-2024-003317,555.52
6918,PED-2024-003318,1027.61
6919,PED-2024-003319,1532.58
6920,PED-2024-003320,1008.43
6921,PED-2024-003321,637.72
6922,PED-2024-003322,1175.57
6923,PED-2024-003323,1746.30
6924,PED-2024-003324,1156.39
6925,PED-2024-003325,719.92
6926,PED-2024-003326,1323.53
6927,PED-2024-003327,1960.02
6928,PED-2024-003328,1304.35
6929,PED-2024-003329,802.12
6930,PED-2024-003330,1471.49
6931,PED-2024-003331,1986.91
6932,PED-2024-003332,1152.80
6933,PED-2024-003333,397.91
6934,PED-2024-003334,715.20
6935,PED-2024-003335,1042.48
6936,PED-2024-003336,1299.91
6937,PED-2024-003337,397.61
6938,PED-2024-003338,936.93
6939,PED-2024-003339,495.44
6940,PED-2024-003340,287.80
6941,PED-2024-003341,243.54
6942,PED-2024-003342,410.14
6943,PED-2024-003343,753.40
6944,PED-2024-003344,434.12
6945,PED-2024-003345,322.04
6946,PED-2024-003346,592.65
6947,PED-2024-003347,795.57
6948,PED-2024-003348,625.36
6949,PED-2024-003349,364.26
6950,PED-2024-003350,751.01
6951,PED-2024-003351,1247.62
6952,PED-2024-003352,811.15
6953,PED-2024-003353,528.12
6954,PED-2024-003354,978.29
6955,PED-2024-003355,1461.34
6956,PED-2024-003356,959.11
6957,PED-2024-003357,610.32
6958,PED-2024-003358,1126.25
6959,PED-2024-003359,1675.06
6960,PED-2024-003360,1107.07
6961,PED-2024-003361,692.52
6962,PED-2024-003362,1274.21
6963,PED-2024-003363,1888.78
6964,PED-2024-003364,1255.03
6965,PED-2024-003365,774.72
6966,PED-2024-003366,1422.17
6967,PED-2024-003367,2102.50
6968,PED-2024-003368,1402.99
6969,PED-2024-003369,856.92
6970,PED-2024-003370,802.93
6971,PED-2024-003371,1242.14
6972,PED-2024-003372,1397.51
6973,PED-2024-003373,478.80
6974,PED-2024-003374,950.89
6975,PED-2024-003375,1455.86
6976,PED-2024-003376,317.95
6977,PED-2024-003377,254.12
6978,PED-2024-003378,485.09
6979,PED-2024-003379,748.94
6980,PED-2024-003380,465.91
6981,PED-2024-003381,301.88
6982,PED-2024-003382,486.28
6983,PED-2024-003383,884.88
6984,PED-2024-003384,517.37
6985,PED-2024-003385,369.71
6986,PED-2024-003386,678.69
6987,PED-2024-003387,905.67
6988,PED-2024-003388,718.50
6989,PED-2024-003389,409.21
6990,PED-2024-003390,810.34
6991,PED-2024-003391,1209.97
6992,PED-2024-003392,721.75
6993,PED-2024-003393,534.89
6994,PED-2024-003394,882.93
6995,PED-2024-003395,1390.72
6996,PED-2024-003396,945.10
6997,PED-2024-003397,510.76
6998,PED-2024-003398,1127.09
6999,PED-2024-003399,1492.23
7000,PED-2024-003400,942.99
7001,PED-2024-003401,747.32
7002,PED-2024-003402,1372.85
7003,PED-2024-003403,2031.26
7004,PED-2024-003404,1353.67
7005,PED-2024-003405,829.52
7006,PED-2024-003406,1520.81
7007,PED-2024-003407,2244.98
7008,PED-2024-003408,1348.19
7009,PED-2024-003409,451.40
7010,PED-2024-003410,901.57
7011,PED-2024-003411,1384.62
7012,PED-2024-003412,1496.15
7013,PED-2024-003413,226.72
7014,PED-2024-003414,435.77
7015,PED-2024-003415,677.70
7016,PED-2024-003416,416.59
7017,PED-2024-003417,308.92
7018,PED-2024-003418,583.73
7019,PED-2024-003419,891.42
7020,PED-2024-003420,564.55
7021,PED-2024-003421,391.12
7022,PED-2024-003422,731.69
7023,PED-2024-003423,1105.14
7024,PED-2024-003424,712.51
7025,PED-2024-003425,473.32
7026,PED-2024-003426,879.65
7027,PED-2024-003427,1318.86
7028,PED-2024-003428,860.47
7029,PED-2024-003429,555.52
7030,PED-2024-003430,1027.61
7031,PED-2024-003431,1397.55
7032,PED-2024-003432,800.13
7033,PED-2024-003433,585.34
7034,PED-2024-003434,964.02
7035,PED-2024-003435,1512.91
7036,PED-2024-003436,1033.30
7037,PED-2024-003437,552.96
7038,PED-2024-003438,1218.03
7039,PED-2024-003439,1609.54
7040,PED-2024-003440,1011.43
7041,PED-2024-003441,696.46
7042,PED-2024-003442,1133.75
7043,PED-2024-003443,2002.83
7044,PED-2024-003444,1225.42
7045,PED-2024-003445,337.67
7046,PED-2024-003446,757.85
7047,PED-2024-003447,1036.38
7048,PED-2024-003448,1372.25
7049,PED-2024-003449,422.93
7050,PED-2024-003450,816.77
7051,PED-2024-003451,606.46
7052,PED-2024-003452,367.27
7053,PED-2024-003453,281.52
7054,PED-2024-003454,534.41
7055,PED-2024-003455,820.18
7056,PED-2024-003456,515.23
7057,PED-2024-003457,363.72
7058,PED-2024-003458,682.37
7059,PED-2024-003459,1033.90
7060,PED-2024-003460,663.19
7061,PED-2024-003461,445.92
7062,PED-2024-003462,830.33
7063,PED-2024-003463,1247.62
7064,PED-2024-003464,811.15
7065,PED-2024-003465,528.12
7066,PED-2024-003466,978.29
7067,PED-2024-003467,1461.34
7068,PED-2024-003468,959.11
7069,PED-2024-003469,610.32
7070,PED-2024-003470,1126.25
7071,PED-2024-003471,1675.06
7072,PED-2024-003472,1107.07
7073,PED-2024-003473,692.52
7074,PED-2024-003474,1274.21
7075,PED-2024-003475,1888.78
7076,PED-2024-003476,1255.03
7077,PED-2024-003477,774.72
7078,PED-2024-003478,1422.17
7079,PED-2024-003479,2102.50
7080,PED-2024-003480,1402.99
7081,PED-2024-003481,775.62
7082,PED-2024-003482,634.53
7083,PED-2024-003483,1167.68
7084,PED-2024-003484,1185.92
7085,PED-2024-003485,385.34
7086,PED-2024-003486,843.88
7087,PED-2024-003487,1146.54
7088,PED-2024-003488,299.31
7089,PED-2024-003489,207.02
7090,PED-2024-003490,428.08
7091,PED-2024-003491,650.19
7092,PED-2024-003492,369.16
7093,PED-2024-003493,308.05
7094,PED-2024-003494,517.96
7095,PED-2024-003495,840.76
7096,PED-2024-003496,548.06
7097,PED-2024-003497,320.89
7098,PED-2024-003498,717.70
7099,PED-2024-003499,964.56
7100,PED-2024-003500,597.75
7101,PED-2024-003501,500.72
7102,PED-2024-003502,928.97
7103,PED-2024-003503,1390.10
7104,PED-2024-003504,909.79
7105,PED-2024-003505,582.92
7106,PED-2024-003506,1076.93
7107,PED-2024-003507,1603.82
7108,PED-2024-003508,1057.75
7109,PED-2024-003509,665.12
7110,PED-2024-003510,1224.89
7111,PED-2024-003511,1817.54
7112,PED-2024-003512,1205.71
7113,PED-2024-003513,747.32
7114,PED-2024-003514,1372.85
7115,PED-2024-003515,2031.26
7116,PED-2024-003516,1353.67
7117,PED-2024-003517,829.52
7118,PED-2024-003518,1520.81
7119,PED-2024-003519,2244.98
7120,PED-2024-003520,1348.19
7121,PED-2024-003521,451.40
7122,PED-2024-003522,901.57
7123,PED-2024-003523,1384.62
7124,PED-2024-003524,1496.15
7125,PED-2024-003525,226.72
7126,PED-2024-003526,435.77
7127,PED-2024-003527,677.70
7128,PED-2024-003528,416.59
7129,PED-2024-003529,308.92
7130,PED-2024-003530,583.73
7131,PED-2024-003531,808.19
7132,PED-2024-003532,447.54
7133,PED-2024-003533,358.45
7134,PED-2024-003534,599.04
7135,PED-2024-003535,963.02
7136,PED-2024-003536,636.33
7137,PED-2024-003537,363.09
7138,PED-2024-003538,808.69
7139,PED-2024-003539,1081.80
7140,PED-2024-003540,668.66
7141,PED-2024-003541,481.92
7142,PED-2024-003542,791.00
7143,PED-2024-003543,1411.00
7144,PED-2024-003544,850.60
7145,PED-2024-003545,560.42
7146,PED-2024-003546,1022.83
7147,PED-2024-003547,1346.31
7148,PED-2024-003548,1091.16
7149,PED-2024-003549,588.94
7150,PED-2024-003550,1189.41
7151,PED-2024-003551,1960.02
7152,PED-2024-003552,1304.35
7153,PED-2024-003553,802.12
7154,PED-2024-003554,1471.49
7155,PED-2024-003555,2173.74
7156,PED-2024-003556,1452.31
7157,PED-2024-003557,424.00
7158,PED-2024-003558,852.25
7159,PED-2024-003559,1313.38
7160,PED-2024-003560,1446.83
7161,PED-2024-003561,506.20
7162,PED-2024-003562,1000.21
7163,PED-2024-003563,606.46
7164,PED-2024-003564,367.27
7165,PED-2024-003565,281.52
7166,PED-2024-003566,534.41
7167,PED-2024-003567,820.18
7168,PED-2024-003568,515.23
7169,PED-2024-003569,363.72
7170,PED-2024-003570,682.37
7171,PED-2024-003571,1033.90
7172,PED-2024-003572,663.19
7173,PED-2024-003573,445.92
7174,PED-2024-003574,830.33
7175,PED-2024-003575,1247.62
7176,PED-2024-003576,811.15
7177,PED-2024-003577,528.12
7178,PED-2024-003578,978.29
7179,PED-2024-003579,1461.34
7180,PED-2024-003580,959.11
7181,PED-2024-003581,551.22
7182,PED-2024-003582,867.14
7183,PED-2024-003583,1542.48
7184,PED-2024-003584,933.85
7185,PED-2024-003585,608.09
7186,PED-2024-003586,1108.87
7187,PED-2024-003587,1456.41
7188,PED-2024-003588,1184.30
7189,PED-2024-003589,633.89
7190,PED-2024-003590,1235.04
7191,PED-2024-003591,1831.95
7192,PED-2024-003592,1113.57
7193,PED-2024-003593,786.97
7194,PED-2024-003594,674.70
7195,PED-2024-003595,981.35
7196,PED-2024-003596,1255.82
7197,PED-2024-003597,376.50
7198,PED-2024-003598,891.43
7199,PED-2024-003599,1219.34
7200,PED-2024-003600,252.51
7201,PED-2024-003601,254.12
7202,PED-2024-003602,485.09
7203,PED-2024-003603,748.94
7204,PED-2024-003604,465.91
7205,PED-2024-003605,336.32
7206,PED-2024-003606,633.05
7207,PED-2024-003607,962.66
7208,PED-2024-003608,613.87
7209,PED-2024-003609,418.52
7210,PED-2024-003610,781.01
7211,PED-2024-003611,1176.38
7212,PED-2024-003612,761.83
7213,PED-2024-003613,500.72
7214,PED-2024-003614,928.97
7215,PED-2024-003615,1390.10
7216,PED-2024-003616,909.79
7217,PED-2024-003617,582.92
7218,PED-2024-003618,1076.93
7219,PED-2024-003619,1603.82
7220,PED-2024-003620,1057.75
7221,PED-2024-003621,665.12
7222,PED-2024-003622,1224.89
7223,PED-2024-003623,1817.54
7224,PED-2024-003624,1205.71
7225,PED-2024-003625,747.32
7226,PED-2024-003626,1372.85
7227,PED-2024-003627,2031.26
7228,PED-2024-003628,1353.67
7229,PED-2024-003629,829.52
7230,PED-2024-003630,1520.81
7231,PED-2024-003631,2052.41
7232,PED-2024-003632,1076.87
7233,PED-2024-003633,423.12
7234,PED-2024-003634,755.79
7235,PED-2024-003635,1103.54
7236,PED-2024-003636,1344.01
7237,PED-2024-003637,173.20
7238,PED-2024-003638,399.34
7239,PED-2024-003639,554.13
7240,PED-2024-003640,325.89
7241,PED-2024-003641,267.38
7242,PED-2024-003642,448.21
7243,PED-2024-003643,819.11
7244,PED-2024-003644,475.71
7245,PED-2024-003645,345.89
7246,PED-2024-003646,635.67
7247,PED-2024-003647,850.62
7248,PED-2024-003648,671.97
7249,PED-2024-003649,386.75
7250,PED-2024-003650,794.85
7251,PED-2024-003651,1318.86
7252,PED-2024-003652,860.47
7253,PED-2024-003653,555.52
7254,PED-2024-003654,1027.61
7255,PED-2024-003655,1532.58
7256,PED-2024-003656,1008.43
7257,PED-2024-003657,637.72
7258,PED-2024-003658,1175.57
7259,PED-2024-003659,1746.30
7260,PED-2024-003660,1156.39
7261,PED-2024-003661,719.92
7262,PED-2024-003662,1323.53
7263,PED-2024-003663,1960.02
7264,PED-2024-003664,1304.35
7265,PED-2024-003665,802.12
7266,PED-2024-003666,1471.49
7267,PED-2024-003667,2173.74
7268,PED-2024-003668,1452.31
7269,PED-2024-003669,424.00
7270,PED-2024-003670,852.25
7271,PED-2024-003671,1313.38
7272,PED-2024-003672,1446.83
7273,PED-2024-003673,506.20
7274,PED-2024-003674,1000.21
7275,PED-2024-003675,606.46
7276,PED-2024-003676,367.27
7277,PED-2024-003677,281.52
7278,PED-2024-003678,534.41
7279,PED-2024-003679,820.18
7280,PED-2024-003680,515.23
7281,PED-2024-003681,326.82
7282,PED-2024-003682,524.39
7283,PED-2024-003683,950.72
7284,PED-2024-003684,559.04
7285,PED-2024-003685,393.56
7286,PED-2024-003686,721.66
7287,PED-2024-003687,960.78
7288,PED-2024-003688,765.11
7289,PED-2024-003689,431.70
7290,PED-2024-003690,852.78
7291,PED-2024-003691,1272.17
7292,PED-2024-003692,760.98
7293,PED-2024-003693,560.13
7294,PED-2024-003694,923.48
7295,PED-2024-003695,1451.78
7296,PED-2024-003696,989.20
7297,PED-2024-003697,531.87
7298,PED-2024-003698,1172.54
7299,PED-2024-003699,1550.92
7300,PED-2024-003700,981.35
7301,PED-2024-003701,774.72
7302,PED-2024-003702,1422.17
7303,PED-2024-003703,2102.50
7304,PED-2024-003704,1402.99
7305,PED-2024-003705,856.92
7306,PED-2024-003706,802.93
7307,PED-2024-003707,1242.14
7308,PED-2024-003708,1397.51
7309,PED-2024-003709,478.80
7310,PED-2024-003710,950.89
7311,PED-2024-003711,1455.86
7312,PED-2024-003712,317.95
7313,PED-2024-003713,254.12
7314,PED-2024-003714,485.09
7315,PED-2024-003715,748.94
7316,PED-2024-003716,465.91
7317,PED-2024-003717,336.32
7318,PED-2024-003718,633.05
7319,PED-2024-003719,962.66
7320,PED-2024-003720,613.87
7321,PED-2024-003721,418.52
7322,PED-2024-003722,781.01
7323,PED-2024-003723,1176.38
7324,PED-2024-003724,761.83
7325,PED-2024-003725,500.72
7326,PED-2024-003726,928.97
7327,PED-2024-003727,1390.10
7328,PED-2024-003728,909.79
7329,PED-2024-003729,582.92
7330,PED-2024-003730,1076.93
7331,PED-2024-003731,1463.05
7332,PED-2024-003732,839.36
7333,PED-2024-003733,610.53
7334,PED-2024-003734,1004.56
7335,PED-2024-003735,1574.04
7336,PED-2024-003736,1077.47
7337,PED-2024-003737,574.07
7338,PED-2024-003738,1263.53
7339,PED-2024-003739,1668.16
7340,PED-2024-003740,1049.52
7341,PED-2024-003741,720.30
7342,PED-2024-003742,1171.86
7343,PED-2024-003743,2068.60
7344,PED-2024-003744,1144.33
7345,PED-2024-003745,361.49
7346,PED-2024-003746,800.91
7347,PED-2024-003747,1091.49
7348,PED-2024-003748,1418.86
7349,PED-2024-003749,184.53
7350,PED-2024-003750,400.29
7351,PED-2024-003751,677.70
7352,PED-2024-003752,416.59
7353,PED-2024-003753,308.92
7354,PED-2024-003754,583.73
7355,PED-2024-003755,891.42
7356,PED-2024-003756,564.55
7357,PED-2024-003757,391.12
7358,PED-2024-003758,731.69
7359,PED-2024-003759,1105.14
7360,PED-2024-003760,712.51
7361,PED-2024-003761,473.32
7362,PED-2024-003762,879.65
7363,PED-2024-003763,1318.86
7364,PED-2024-003764,860.47
7365,PED-2024-003765,555.52
7366,PED-2024-003766,1027.61
7367,PED-2024-003767,1532.58
7368,PED-2024-003768,1008.43
7369,PED-2024-003769,637.72
7370,PED-2024-003770,1175.57
7371,PED-2024-003771,1746.30
7372,PED-2024-003772,1156.39
7373,PED-2024-003773,719.92
7374,PED-2024-003774,1323.53
7375,PED-2024-003775,1960.02
7376,PED-2024-003776,1304.35
7377,PED-2024-003777,802.12
7378,PED-2024-003778,1471.49
7379,PED-2024-003779,2173.74
7380,PED-2024-003780,1452.31
7381,PED-2024-003781,409.27
7382,PED-2024-003782,672.60
7383,PED-2024-003783,1233.45
7384,PED-2024-003784,1227.58
7385,PED-2024-003785,409.19
7386,PED-2024-003786,886.90
7387,PED-2024-003787,465.09
7388,PED-2024-003788,345.84
7389,PED-2024-003789,229.48
7390,PED-2024-003790,470.57
7391,PED-2024-003791,712.39
7392,PED-2024-003792,408.31
7393,PED-2024-003793,333.26
7394,PED-2024-003794,558.50
7395,PED-2024-003795,901.89
7396,PED-2024-003796,592.16
7397,PED-2024-003797,341.98
7398,PED-2024-003798,763.19
7399,PED-2024-003799,1023.18
7400,PED-2024-003800,636.11
7401,PED-2024-003801,528.12
7402,PED-2024-003802,978.29
7403,PED-2024-003803,1461.34
7404,PED-2024-003804,959.11
7405,PED-2024-003805,610.32
7406,PED-2024-003806,1126.25
7407,PED-2024-003807,1675.06
7408,PED-2024-003808,1107.07
7409,PED-2024-003809,692.52
7410,PED-2024-003810,1274.21
7411,PED-2024-003811,1888.78
7412,PED-2024-003812,1255.03
7413,PED-2024-003813,774.72
7414,PED-2024-003814,1422.17
7415,PED-2024-003815,2102.50
7416,PED-2024-003816,1402.99
7417,PED-2024-003817,856.92
7418,PED-2024-003818,802.93
7419,PED-2024-003819,1242.14
7420,PED-2024-003820,1397.51
7421,PED-2024-003821,478.80
7422,PED-2024-003822,950.89
7423,PED-2024-003823,1455.86
7424,PED-2024-003824,317.95
7425,PED-2024-003825,254.12
7426,PED-2024-003826,485.09
7427,PED-2024-003827,748.94
7428,PED-2024-003828,465.91
7429,PED-2024-003829,336.32
7430,PED-2024-003830,633.05
7431,PED-2024-003831,873.62
7432,PED-2024-003832,486.69
7433,PED-2024-003833,383.66
7434,PED-2024-003834,639.63
7435,PED-2024-003835,1024.08
7436,PED-2024-003836,680.43
7437,PED-2024-003837,384.18
7438,PED-2024-003838,854.18
7439,PED-2024-003839,1140.49
7440,PED-2024-003840,706.75
7441,PED-2024-003841,505.76
7442,PED-2024-003842,829.07
7443,PED-2024-003843,1476.71
7444,PED-2024-003844,892.19
7445,PED-2024-003845,584.27
7446,PED-2024-003846,1065.85
7447,PED-2024-003847,1401.36
7448,PED-2024-003848,1137.77
7449,PED-2024-003849,611.43
7450,PED-2024-003850,1233.25
7451,PED-2024-003851,2031.26
7452,PED-2024-003852,1353.67
7453,PED-2024-003853,829.52
7454,PED-2024-003854,1520.81
7455,PED-2024-003855,2244.98
7456,PED-2024-003856,1348.19
7457,PED-2024-003857,451.40
7458,PED-2024-003858,901.57
7459,PED-2024-003859,1384.62
7460,PED-2024-003860,1496.15
7461,PED-2024-003861,226.72
7462,PED-2024-003862,435.77
7463,PED-2024-003863,677.70
7464,PED-2024-003864,416.59
7465,PED-2024-003865,308.92
7466,PED-2024-003866,583.73
7467,PED-2024-003867,891.42
7468,PED-2024-003868,564.55
7469,PED-2024-003869,391.12
7470,PED-2024-003870,731.69
7471,PED-2024-003871,1105.14
7472,PED-2024-003872,712.51
7473,PED-2024-003873,473.32
7474,PED-2024-003874,879.65
7475,PED-2024-003875,1318.86
7476,PED-2024-003876,860.47
7477,PED-2024-003877,555.52
7478,PED-2024-003878,1027.61
7479,PED-2024-003879,1532.58
7480,PED-2024-003880,1008.43
7481,PED-2024-003881,576.16
7482,PED-2024-003882,905.25
7483,PED-2024-003883,1608.32
7484,PED-2024-003884,975.52
7485,PED-2024-003885,631.94
7486,PED-2024-003886,1151.84
7487,PED-2024-003887,1511.52
7488,PED-2024-003888,1230.91
7489,PED-2024-003889,656.38
7490,PED-2024-003890,1277.48
7491,PED-2024-003891,1894.15
7492,PED-2024-003892,1152.80
7493,PED-2024-003893,397.91
7494,PED-2024-003894,715.20
7495,PED-2024-003895,1042.48
7496,PED-2024-003896,1299.91
7497,PED-2024-003897,397.61
7498,PED-2024-003898,936.93
7499,PED-2024-003899,495.44
7500,PED-2024-003900,290.87
7501,PED-2024-003901,281.52
7502,PED-2024-003902,534.41
7503,PED-2024-003903,820.18
7504,PED-2024-003904,515.23
7505,PED-2024-003905,363.72
7506,PED-2024-003906,682.37
7507,PED-2024-003907,1033.90
7508,PED-2024-003908,663.19
7509,PED-2024-003909,445.92
7510,PED-2024-003910,830.33
7511,PED-2024-003911,1247.62
7512,PED-2024-003912,811.15
7513,PED-2024-003913,528.12
7514,PED-2024-003914,978.29
7515,PED-2024-003915,1461.34
7516,PED-2024-003916,959.11
7517,PED-2024-003917,610.32
7518,PED-2024-003918,1126.25
7519,PED-2024-003919,1675.06
7520,PED-2024-003920,1107.07
7521,PED-2024-003921,692.52
7522,PED-2024-003922,1274.21
7523,PED-2024-003923,1888.78
7524,PED-2024-003924,1255.03
7525,PED-2024-003925,774.72
7526,PED-2024-003926,1422.17
7527,PED-2024-003927,2102.50
7528,PED-2024-003928,1402.99
7529,PED-2024-003929,856.92
7530,PED-2024-003930,802.93
7531,PED-2024-003931,1204.90
7532,PED-2024-003932,1116.10
7533,PED-2024-003933,448.31
7534,PED-2024-003934,796.33
7535,PED-2024-003935,1164.67
7536,PED-2024-003936,283.39
7537,PED-2024-003937,194.29
7538,PED-2024-003938,444.83
7539,PED-2024-003939,612.69
7540,PED-2024-003940,363.97
7541,PED-2024-003941,291.24
7542,PED-2024-003942,486.28
7543,PED-2024-003943,884.88
7544,PED-2024-003944,517.37
7545,PED-2024-003945,369.71
7546,PED-2024-003946,678.69
7547,PED-2024-003947,905.67
7548,PED-2024-003948,718.50
7549,PED-2024-003949,409.21
7550,PED-2024-003950,838.69
7551,PED-2024-003951,1390.10
7552,PED-2024-003952,909.79
7553,PED-2024-003953,582.92
7554,PED-2024-003954,1076.93
7555,PED-2024-003955,1603.82
7556,PED-2024-003956,1057.75
7557,PED-2024-003957,665.12
7558,PED-2024-003958,1224.89
7559,PED-2024-003959,1817.54
7560,PED-2024-003960,1205.71
7561,PED-2024-003961,747.32
7562,PED-2024-003962,1372.85
7563,PED-2024-003963,2031.26
7564,PED-2024-003964,1353.67
7565,PED-2024-003965,829.52
7566,PED-2024-003966,1520.81
7567,PED-2024-003967,2244.98
7568,PED-2024-003968,1348.19
7569,PED-2024-003969,451.40
7570,PED-2024-003970,901.57
7571,PED-2024-003971,1384.62
7572,PED-2024-003972,1496.15
7573,PED-2024-003973,226.72
7574,PED-2024-003974,435.77
7575,PED-2024-003975,677.70
7576,PED-2024-003976,416.59
7577,PED-2024-003977,308.92
7578,PED-2024-003978,583.73
7579,PED-2024-003979,891.42
7580,PED-2024-003980,564.55
7581,PED-2024-003981,351.73
7582,PED-2024-003982,562.46
7583,PED-2024-003983,1016.43
7584,PED-2024-003984,600.70
7585,PED-2024-003985,417.41
7586,PED-2024-003986,764.68
7587,PED-2024-003987,1015.83
7588,PED-2024-003988,811.64
7589,PED-2024-003989,454.16
7590,PED-2024-003990,895.27
7591,PED-2024-003991,1334.37
7592,PED-2024-003992,800.13
7593,PED-2024-003993,585.34
7594,PED-2024-003994,964.02
7595,PED-2024-003995,1512.91
7596,PED-2024-003996,1033.30
7597,PED-2024-003997,552.96
7598,PED-2024-003998,1218.03
7599,PED-2024-003999,1609.54
7600,PED-2024-004000,1019.71
7601,PED-2025-000001,802.12
7602,PED-2025-000002,1471.49
7603,PED-2025-000003,2173.74
7604,PED-2025-000004,1452.31
7605,PED-2025-000005,424.00
7606,PED-2025-000006,852.25
7607,PED-2025-000007,1313.38
7608,PED-2025-000008,1446.83
7609,PED-2025-000009,506.20
7610,PED-2025-000010,1000.21
7611,PED-2025-000011,606.46
7612,PED-2025-000012,367.27
7613,PED-2025-000013,281.52
7614,PED-2025-000014,534.41
7615,PED-2025-000015,820.18
7616,PED-2025-000016,515.23
7617,PED-2025-000017,363.72
7618,PED-2025-000018,682.37
7619,PED-2025-000019,1033.90
7620,PED-2025-000020,663.19
7621,PED-2025-000021,445.92
7622,PED-2025-000022,830.33
7623,PED-2025-000023,1247.62
7624,PED-2025-000024,811.15
7625,PED-2025-000025,528.12
7626,PED-2025-000026,978.29
7627,PED-2025-000027,1461.34
7628,PED-2025-000028,959.11
7629,PED-2025-000029,610.32
7630,PED-2025-000030,1126.25
7631,PED-2025-000031,1528.48
7632,PED-2025-000032,878.51
7633,PED-2025-000033,635.74
7634,PED-2025-000034,1045.15
7635,PED-2025-000035,1635.10
7636,PED-2025-000036,1121.57
7637,PED-2025-000037,595.16
7638,PED-2025-000038,1309.02
7639,PED-2025-000039,1726.85
7640,PED-2025-000040,1087.61
7641,PED-2025-000041,744.14
7642,PED-2025-000042,634.53
7643,PED-2025-000043,1167.68
7644,PED-2025-000044,1185.92
7645,PED-2025-000045,385.34
7646,PED-2025-000046,843.88
7647,PED-2025-000047,1146.54
7648,PED-2025-000048,299.31
7649,PED-2025-000049,207.02
7650,PED-2025-000050,444.13
7651,PED-2025-000051,748.94
7652,PED-2025-000052,465.91
7653,PED-2025-000053,336.32
7654,PED-2025-000054,633.05
7655,PED-2025-000055,962.66
7656,PED-2025-000056,613.87
7657,PED-2025-000057,418.52
7658,PED-2025-000058,781.01
7659,PED-2025-000059,1176.38
7660,PED-2025-000060,761.83
7661,PED-2025-000061,500.72
7662,PED-2025-000062,928.97
7663,PED-2025-000063,1390.10
7664,PED-2025-000064,909.79
7665,PED-2025-000065,582.92
7666,PED-2025-000066,1076.93
7667,PED-2025-000067,1603.82
7668,PED-2025-000068,1057.75
7669,PED-2025-000069,665.12
7670,PED-2025-000070,1224.89
7671,PED-2025-000071,1817.54
7672,PED-2025-000072,1205.71
7673,PED-2025-000073,747.32
7674,PED-2025-000074,1372.85
7675,PED-2025-000075,2031.26
7676,PED-2025-000076,1353.67
7677,PED-2025-000077,829.52
7678,PED-2025-000078,1520.81
7679,PED-2025-000079,2244.98
7680,PED-2025-000080,1348.19
7681,PED-2025-000081,434.21
7682,PED-2025-000082,710.71
7683,PED-2025-000083,1299.22
7684,PED-2025-000084,1269.24
7685,PED-2025-000085,202.85
7686,PED-2025-000086,377.56
7687,PED-2025-000087,520.20
7688,PED-2025-000088,392.46
7689,PED-2025-000089,251.92
7690,PED-2025-000090,513.01
7691,PED-2025-000091,774.59
7692,PED-2025-000092,447.54
7693,PED-2025-000093,358.45
7694,PED-2025-000094,599.04
7695,PED-2025-000095,963.02
7696,PED-2025-000096,636.33
7697,PED-2025-000097,363.09
7698,PED-2025-000098,808.69
7699,PED-2025-000099,1081.80
7700,PED-2025-000100,674.47
7701,PED-2025-000101,555.52
7702,PED-2025-000102,1027.61
7703,PED-2025-000103,1532.58
7704,PED-2025-000104,1008.43
7705,PED-2025-000105,637.72
7706,PED-2025-000106,1175.57
7707,PED-2025-000107,1746.30
7708,PED-2025-000108,1156.39
7709,PED-2025-000109,719.92
7710,PED-2025-000110,1323.53
7711,PED-2025-000111,1960.02
7712,PED-2025-000112,1304.35
7713,PED-2025-000113,802.12
7714,PED-2025-000114,1471.49
7715,PED-2025-000115,2173.74
7716,PED-2025-000116,1452.31
7717,PED-2025-000117,424.00
7718,PED-2025-000118,852.25
7719,PED-2025-000119,1313.38
7720,PED-2025-000120,1446.83
7721,PED-2025-000121,506.20
7722,PED-2025-000122,1000.21
7723,PED-2025-000123,606.46
7724,PED-2025-000124,367.27
7725,PED-2025-000125,281.52
7726,PED-2025-000126,534.41
7727,PED-2025-000127,820.18
7728,PED-2025-000128,515.23
7729,PED-2025-000129,363.72
7730,PED-2025-000130,682.37
7731,PED-2025-000131,939.12
7732,PED-2025-000132,525.84
7733,PED-2025-000133,408.85
7734,PED-2025-000134,680.17
7735,PED-2025-000135,1085.21
7736,PED-2025-000136,724.53
7737,PED-2025-000137,405.27
7738,PED-2025-000138,899.67
7739,PED-2025-000139,1199.05
7740,PED-2025-000140,744.83
7741,PED-2025-000141,529.62
7742,PED-2025-000142,867.14
7743,PED-2025-000143,1542.48
7744,PED-2025-000144,933.85
7745,PED-2025-000145,608.09
7746,PED-2025-000146,1108.87
7747,PED-2025-000147,1456.41
7748,PED-2025-000148,1184.30
7749,PED-2025-000149,633.89
7750,PED-2025-000150,1277.09
7751,PED-2025-000151,2102.50
7752,PED-2025-000152,1402.99
7753,PED-2025-000153,856.92
7754,PED-2025-000154,802.93
7755,PED-2025-000155,1242.14
7756,PED-2025-000156,1397.51
7757,PED-2025-000157,478.80
7758,PED-2025-000158,950.89
7759,PED-2025-000159,1455.86
7760,PED-2025-000160,317.95
7761,PED-2025-000161,254.12
7762,PED-2025-000162,485.09
7763,PED-2025-000163,748.94
7764,PED-2025-000164,465.91
7765,PED-2025-000165,336.32
7766,PED-2025-000166,633.05
7767,PED-2025-000167,962.66
7768,PED-2025-000168,613.87
7769,PED-2025-000169,418.52
7770,PED-2025-000170,781.01
7771,PED-2025-000171,1176.38
7772,PED-2025-000172,761.83
7773,PED-2025-000173,500.72
7774,PED-2025-000174,928.97
7775,PED-2025-000175,1390.10
7776,PED-2025-000176,909.79
7777,PED-2025-000177,582.92
7778,PED-2025-000178,1076.93
7779,PED-2025-000179,1603.82
7780,PED-2025-000180,1057.75
7781,PED-2025-000181,601.07
7782,PED-2025-000182,943.32
7783,PED-2025-000183,1674.03
7784,PED-2025-000184,1017.18
7785,PED-2025-000185,655.79
7786,PED-2025-000186,1194.86
7787,PED-2025-000187,1566.57
7788,PED-2025-000188,1277.44
7789,PED-2025-000189,678.84
7790,PED-2025-000190,1319.97
7791,PED-2025-000191,1956.35
7792,PED-2025-000192,1076.87
7793,PED-2025-000193,423.12
7794,PED-2025-000194,755.79
7795,PED-2025-000195,1103.54
7796,PED-2025-000196,1344.01
7797,PED-2025-000197,173.20
7798,PED-2025-000198,399.34
7799,PED-2025-000199,554.13
7800,PED-2025-000200,329.23
7801,PED-2025-000201,308.92
7802,PED-2025-000202,583.73
7803,PED-2025-000203,891.42
7804,PED-2025-000204,564.55
7805,PED-2025-000205,391.12
7806,PED-2025-000206,731.69
7807,PED-2025-000207,1105.14
7808,PED-2025-000208,712.51
7809,PED-2025-000209,473.32
7810,PED-2025-000210,879.65
7811,PED-2025-000211,1318.86
7812,PED-2025-000212,860.47
7813,PED-2025-000213,555.52
7814,PED-2025-000214,1027.61
7815,PED-2025-000215,1532.58
7816,PED-2025-000216,1008.43
7817,PED-2025-000217,637.72
7818,PED-2025-000218,1175.57
7819,PED-2025-000219,1746.30
7820,PED-2025-000220,1156.39
7821,PED-2025-000221,719.92
7822,PED-2025-000222,1323.53
7823,PED-2025-000223,1960.02
7824,PED-2025-000224,1304.35
7825,PED-2025-000225,802.12
7826,PED-2025-000226,1471.49
7827,PED-2025-000227,2173.74
7828,PED-2025-000228,1452.31
7829,PED-2025-000229,424.00
7830,PED-2025-000230,852.25
7831,PED-2025-000231,1270.40
7832,PED-2025-000232,1155.25
7833,PED-2025-000233,473.55
7834,PED-2025-000234,836.92
7835,PED-2025-000235,535.25
7836,PED-2025-000236,327.49
7837,PED-2025-000237,215.40
7838,PED-2025-000238,490.28
7839,PED-2025-000239,671.38
7840,PED-2025-000240,402.06
7841,PED-2025-000241,315.08
7842,PED-2025-000242,524.39
7843,PED-2025-000243,950.72
7844,PED-2025-000244,559.04
7845,PED-2025-000245,393.56
7846,PED-2025-000246,721.66
7847,PED-2025-000247,960.78
7848,PED-2025-000248,765.11
7849,PED-2025-000249,431.70
7850,PED-2025-000250,882.53
7851,PED-2025-000251,1461.34
7852,PED-2025-000252,959.11
7853,PED-2025-000253,610.32
7854,PED-2025-000254,1126.25
7855,PED-2025-000255,1675.06
7856,PED-2025-000256,1107.07
7857,PED-2025-000257,692.52
7858,PED-2025-000258,1274.21
7859,PED-2025-000259,1888.78
7860,PED-2025-000260,1255.03
7861,PED-2025-000261,774.72
7862,PED-2025-000262,1422.17
7863,PED-2025-000263,2102.50
7864,PED-2025-000264,1402.99
7865,PED-2025-000265,856.92
7866,PED-2025-000266,802.93
7867,PED-2025-000267,1242.14
7868,PED-2025-000268,1397.51
7869,PED-2025-000269,478.80
7870,PED-2025-000270,950.89
7871,PED-2025-000271,1455.86
7872,PED-2025-000272,317.95
7873,PED-2025-000273,254.12
7874,PED-2025-000274,485.09
7875,PED-2025-000275,748.94
7876,PED-2025-000276,465.91
7877,PED-2025-000277,336.32
7878,PED-2025-000278,633.05
7879,PED-2025-000279,962.66
7880,PED-2025-000280,613.87
7881,PED-2025-000281,376.67
7882,PED-2025-000282,600.57
7883,PED-2025-000283,1082.20
7884,PED-2025-000284,642.36
7885,PED-2025-000285,441.23
7886,PED-2025-000286,807.74
7887,PED-2025-000287,1070.94
7888,PED-2025-000288,858.26
7889,PED-2025-000289,476.60
7890,PED-2025-000290,937.71
7891,PED-2025-000291,1396.57
7892,PED-2025-000292,839.36
7893,PED-2025-000293,610.53
7894,PED-2025-000294,1004.56
7895,PED-2025-000295,1574.04
7896,PED-2025-000296,1077.47
7897,PED-2025-000297,574.07
7898,PED-2025-000298,1263.53
7899,PED-2025-000299,1668.16
7900,PED-2025-000300,1058.07
7901,PED-2025-000301,829.52
7902,PED-2025-000302,1520.81
7903,PED-2025-000303,2244.98
7904,PED-2025-000304,1348.19
7905,PED-2025-000305,451.40
7906,PED-2025-000306,901.57
7907,PED-2025-000307,1384.62
7908,PED-2025-000308,1496.15
7909,PED-2025-000309,226.72
7910,PED-2025-000310,435.77
7911,PED-2025-000311,677.70
7912,PED-2025-000312,416.59
7913,PED-2025-000313,308.92
7914,PED-2025-000314,583.73
7915,PED-2025-000315,891.42
7916,PED-2025-000316,564.55
7917,PED-2025-000317,391.12
7918,PED-2025-000318,731.69
7919,PED-2025-000319,1105.14
7920,PED-2025-000320,712.51
7921,PED-2025-000321,473.32
7922,PED-2025-000322,879.65
7923,PED-2025-000323,1318.86
7924,PED-2025-000324,860.47
7925,PED-2025-000325,555.52
7926,PED-2025-000326,1027.61
7927,PED-2025-000327,1532.58
7928,PED-2025-000328,1008.43
7929,PED-2025-000329,637.72
7930,PED-2025-000330,1175.57
7931,PED-2025-000331,1593.98
7932,PED-2025-000332,917.66
7933,PED-2025-000333,660.93
7934,PED-2025-000334,1085.69
7935,PED-2025-000335,1696.23
7936,PED-2025-000336,1165.67
7937,PED-2025-000337,616.25
7938,PED-2025-000338,1354.51
7939,PED-2025-000339,1785.41
7940,PED-2025-000340,1125.69
7941,PED-2025-000341,376.71
7942,PED-2025-000342,672.60
7943,PED-2025-000343,1233.45
7944,PED-2025-000344,1227.58
7945,PED-2025-000345,409.19
7946,PED-2025-000346,886.90
7947,PED-2025-000347,465.09
7948,PED-2025-000348,345.84
7949,PED-2025-000349,229.48
7950,PED-2025-000350,487.97
7951,PED-2025-000351,820.18
7952,PED-2025-000352,515.23
7953,PED-2025-000353,363.72
7954,PED-2025-000354,682.37
7955,PED-2025-000355,1033.90
7956,PED-2025-000356,663.19
7957,PED-2025-000357,445.92
7958,PED-2025-000358,830.33
7959,PED-2025-000359,1247.62
7960,PED-2025-000360,811.15
7961,PED-2025-000361,528.12
7962,PED-2025-000362,978.29
7963,PED-2025-000363,1461.34
7964,PED-2025-000364,959.11
7965,PED-2025-000365,610.32
7966,PED-2025-000366,1126.25
7967,PED-2025-000367,1675.06
7968,PED-2025-000368,1107.07
7969,PED-2025-000369,692.52
7970,PED-2025-000370,1274.21
7971,PED-2025-000371,1888.78
7972,PED-2025-000372,1255.03
7973,PED-2025-000373,774.72
7974,PED-2025-000374,1422.17
7975,PED-2025-000375,2102.50
7976,PED-2025-000376,1402.99
7977,PED-2025-000377,856.92
7978,PED-2025-000378,802.93
7979,PED-2025-000379,1242.14
7980,PED-2025-000380,1397.51
7981,PED-2025-000381,459.15
7982,PED-2025-000382,748.78
7983,PED-2025-000383,1364.93
7984,PED-2025-000384,267.47
7985,PED-2025-000385,226.70
7986,PED-2025-000386,420.58
7987,PED-2025-000387,575.25
7988,PED-2025-000388,439.07
7989,PED-2025-000389,274.41
7990,PED-2025-000390,555.50
7991,PED-2025-000391,836.72
7992,PED-2025-000392,486.69
7993,PED-2025-000393,383.66
7994,PED-2025-000394,639.63
7995,PED-2025-000395,1024.08
7996,PED-2025-000396,680.43
7997,PED-2025-000397,384.18
7998,PED-2025-000398,854.18
7999,PED-2025-000399,1140.49
8000,PED-2025-000400,712.83
8001,PED-2025-000401,582.92
8002,PED-2025-000402,1076.93
8003,PED-2025-000403,1603.82
8004,PED-2025-000404,1057.75
8005,PED-2025-000405,665.12
8006,PED-2025-000406,1224.89
8007,PED-2025-000407,1817.54
8008,PED-2025-000408,1205.71
8009,PED-2025-000409,747.32
8010,PED-2025-000410,1372.85
8011,PED-2025-000411,2031.26
8012,PED-2025-000412,1353.67
8013,PED-2025-000413,829.52
8014,PED-2025-000414,1520.81
8015,PED-2025-000415,2244.98
8016,PED-2025-000416,1348.19
8017,PED-2025-000417,451.40
8018,PED-2025-000418,901.57
8019,PED-2025-000419,1384.62
8020,PED-2025-000420,1496.15
8021,PED-2025-000421,226.72
8022,PED-2025-000422,435.77
8023,PED-2025-000423,677.70
8024,PED-2025-000424,416.59
8025,PED-2025-000425,308.92
8026,PED-2025-000426,583.73
8027,PED-2025-000427,891.42
8028,PED-2025-000428,564.55
8029,PED-2025-000429,391.12
8030,PED-2025-000430,731.69
8031,PED-2025-000431,1004.62
8032,PED-2025-000432,565.07
8033,PED-2025-000433,434.09
8034,PED-2025-000434,720.72
8035,PED-2025-000435,1146.27
8036,PED-2025-000436,768.63
8037,PED-2025-000437,426.38
8038,PED-2025-000438,945.12
8039,PED-2025-000439,1257.74
8040,PED-2025-000440,782.92
8041,PED-2025-000441,553.46
8042,PED-2025-000442,905.25
8043,PED-2025-000443,1608.32
8044,PED-2025-000444,975.52
8045,PED-2025-000445,631.94
8046,PED-2025-000446,1151.84
8047,PED-2025-000447,1511.52
8048,PED-2025-000448,1230.91
8049,PED-2025-000449,656.38
8050,PED-2025-000450,1320.93
8051,PED-2025-000451,2173.74
8052,PED-2025-000452,1452.31
8053,PED-2025-000453,424.00
8054,PED-2025-000454,852.25
8055,PED-2025-000455,1313.38
8056,PED-2025-000456,1446.83
8057,PED-2025-000457,506.20
8058,PED-2025-000458,1000.21
8059,PED-2025-000459,606.46
8060,PED-2025-000460,367.27
8061,PED-2025-000461,281.52
8062,PED-2025-000462,534.41
8063,PED-2025-000463,820.18
8064,PED-2025-000464,515.23
8065,PED-2025-000465,363.72
8066,PED-2025-000466,682.37
8067,PED-2025-000467,1033.90
8068,PED-2025-000468,663.19
8069,PED-2025-000469,445.92
8070,PED-2025-000470,830.33
8071,PED-2025-000471,1247.62
8072,PED-2025-000472,811.15
8073,PED-2025-000473,528.12
8074,PED-2025-000474,978.29
8075,PED-2025-000475,1461.34
8076,PED-2025-000476,959.11
8077,PED-2025-000477,610.32
8078,PED-2025-000478,1126.25
8079,PED-2025-000479,1675.06
8080,PED-2025-000480,1107.07
8081,PED-2025-000481,626.01
8082,PED-2025-000482,981.43
8083,PED-2025-000483,1739.80
8084,PED-2025-000484,1058.84
8085,PED-2025-000485,679.61
8086,PED-2025-000486,1237.92
8087,PED-2025-000487,1621.68
8088,PED-2025-000488,1324.06
8089,PED-2025-000489,701.28
8090,PED-2025-000490,633.61
8091,PED-2025-000491,1105.54
8092,PED-2025-000492,1116.10
8093,PED-2025-000493,448.31
8094,PED-2025-000494,796.33
8095,PED-2025-000495,1164.67
8096,PED-2025-000496,283.39
8097,PED-2025-000497,194.29
8098,PED-2025-000498,444.83
8099,PED-2025-000499,612.69
8100,PED-2025-000500,367.59
8101,PED-2025-000501,336.32
8102,PED-2025-000502,633.05
8103,PED-2025-000503,962.66
8104,PED-2025-000504,613.87
8105,PED-2025-000505,418.52
8106,PED-2025-000506,781.01
8107,PED-2025-000507,1176.38
8108,PED-2025-000508,761.83
8109,PED-2025-000509,500.72
8110,PED-2025-000510,928.97
8111,PED-2025-000511,1390.10
8112,PED-2025-000512,909.79
8113,PED-2025-000513,582.92
8114,PED-2025-000514,1076.93
8115,PED-2025-000515,1603.82
8116,PED-2025-000516,1057.75
8117,PED-2025-000517,665.12
8118,PED-2025-000518,1224.89
8119,PED-2025-000519,1817.54
8120,PED-2025-000520,1205.71
8121,PED-2025-000521,747.32
8122,PED-2025-000522,1372.85
8123,PED-2025-000523,2031.26
8124,PED-2025-000524,1353.67
8125,PED-2025-000525,829.52
8126,PED-2025-000526,1520.81
8127,PED-2025-000527,2244.98
8128,PED-2025-000528,1348.19
8129,PED-2025-000529,451.40
8130,PED-2025-000530,901.57
8131,PED-2025-000531,1335.90
8132,PED-2025-000532,1194.40
8133,PED-2025-000533,207.22
8134,PED-2025-000534,355.74
8135,PED-2025-000535,596.38
8136,PED-2025-000536,371.59
8137,PED-2025-000537,236.49
8138,PED-2025-000538,535.77
8139,PED-2025-000539,730.00
8140,PED-2025-000540,440.14
8141,PED-2025-000541,338.89
8142,PED-2025-000542,562.46
8143,PED-2025-000543,1016.43
8144,PED-2025-000544,600.70
8145,PED-2025-000545,417.41
8146,PED-2025-000546,764.68
8147,PED-2025-000547,1015.83
8148,PED-2025-000548,811.64
8149,PED-2025-000549,454.16
8150,PED-2025-000550,926.37
8151,PED-2025-000551,1532.58
8152,PED-2025-000552,1008.43
8153,PED-2025-000553,637.72
8154,PED-2025-000554,1175.57
8155,PED-2025-000555,1746.30
8156,PED-2025-000556,1156.39
8157,PED-2025-000557,719.92
8158,PED-2025-000558,1323.53
8159,PED-2025-000559,1960.02
8160,PED-2025-000560,1304.35
8161,PED-2025-000561,802.12
8162,PED-2025-000562,1471.49
8163,PED-2025-000563,2173.74
8164,PED-2025-000564,1452.31
8165,PED-2025-000565,424.00
8166,PED-2025-000566,852.25
8167,PED-2025-000567,1313.38
8168,PED-2025-000568,1446.83
8169,PED-2025-000569,506.20
8170,PED-2025-000570,1000.21
8171,PED-2025-000571,606.46
8172,PED-2025-000572,367.27
8173,PED-2025-000573,281.52
8174,PED-2025-000574,534.41
8175,PED-2025-000575,820.18
8176,PED-2025-000576,515.23
8177,PED-2025-000577,363.72
8178,PED-2025-000578,682.37
8179,PED-2025-000579,1033.90
8180,PED-2025-000580,663.19
8181,PED-2025-000581,401.61
8182,PED-2025-000582,638.64
8183,PED-2025-000583,1147.91
8184,PED-2025-000584,683.95
8185,PED-2025-000585,465.08
8186,PED-2025-000586,850.76
8187,PED-2025-000587,1125.99
8188,PED-2025-000588,904.87
8189,PED-2025-000589,499.09
8190,PED-2025-000590,980.20
8191,PED-2025-000591,1458.70
8192,PED-2025-000592,878.51
8193,PED-2025-000593,635.74
8194,PED-2025-000594,1045.15
8195,PED-2025-000595,1635.10
8196,PED-2025-000596,1121.57
8197,PED-2025-000597,595.16
8198,PED-2025-000598,1309.02
8199,PED-2025-000599,1726.85
8200,PED-2025-000600,1096.43
8201,PED-2025-000601,856.92
8202,PED-2025-000602,802.93
8203,PED-2025-000603,1242.14
8204,PED-2025-000604,1397.51
8205,PED-2025-000605,478.80
8206,PED-2025-000606,950.89
8207,PED-2025-000607,1455.86
8208,PED-2025-000608,317.95
8209,PED-2025-000609,254.12
8210,PED-2025-000610,485.09
8211,PED-2025-000611,748.94
8212,PED-2025-000612,465.91
8213,PED-2025-000613,336.32
8214,PED-2025-000614,633.05
8215,PED-2025-000615,962.66
8216,PED-2025-000616,613.87
8217,PED-2025-000617,418.52
8218,PED-2025-000618,781.01
8219,PED-2025-000619,1176.38
8220,PED-2025-000620,761.83
8221,PED-2025-000621,500.72
8222,PED-2025-000622,928.97
8223,PED-2025-000623,1390.10
8224,PED-2025-000624,909.79
8225,PED-2025-000625,582.92
8226,PED-2025-000626,1076.93
8227,PED-2025-000627,1603.82
8228,PED-2025-000628,1057.75
8229,PED-2025-000629,665.12
8230,PED-2025-000630,1224.89
8231,PED-2025-000631,1659.48
8232,PED-2025-000632,956.89
8233,PED-2025-000633,686.17
8234,PED-2025-000634,1126.24
8235,PED-2025-000635,1757.29
8236,PED-2025-000636,1209.77
8237,PED-2025-000637,637.36
8238,PED-2025-000638,1399.96
8239,PED-2025-000639,1844.10
8240,PED-2025-000640,1018.01
8241,PED-2025-000641,400.55
8242,PED-2025-000642,710.71
8243,PED-2025-000643,1299.22
8244,PED-2025-000644,1269.24
8245,PED-2025-000645,202.85
8246,PED-2025-000646,377.56
8247,PED-2025-000647,520.20
8248,PED-2025-000648,392.46
8249,PED-2025-000649,251.92
8250,PED-2025-000650,531.81
8251,PED-2025-000651,891.42
8252,PED-2025-000652,564.55
8253,PED-2025-000653,391.12
8254,PED-2025-000654,731.69
8255,PED-2025-000655,1105.14
8256,PED-2025-000656,712.51
8257,PED-2025-000657,473.32
8258,PED-2025-000658,879.65
8259,PED-2025-000659,1318.86
8260,PED-2025-000660,860.47
8261,PED-2025-000661,555.52
8262,PED-2025-000662,1027.61
8263,PED-2025-000663,1532.58
8264,PED-2025-000664,1008.43
8265,PED-2025-000665,637.72
8266,PED-2025-000666,1175.57
8267,PED-2025-000667,1746.30
8268,PED-2025-000668,1156.39
8269,PED-2025-000669,719.92
8270,PED-2025-000670,1323.53
8271,PED-2025-000671,1960.02
8272,PED-2025-000672,1304.35
8273,PED-2025-000673,802.12
8274,PED-2025-000674,1471.49
8275,PED-2025-000675,2173.74
8276,PED-2025-000676,1452.31
8277,PED-2025-000677,424.00
8278,PED-2025-000678,852.25
8279,PED-2025-000679,1313.38
8280,PED-2025-000680,1446.83
8281,PED-2025-000681,484.09
8282,PED-2025-000682,786.89
8283,PED-2025-000683,556.08
8284,PED-2025-000684,309.13
8285,PED-2025-000685,250.52
8286,PED-2025-000686,463.60
8287,PED-2025-000687,630.30
8288,PED-2025-000688,485.60
8289,PED-2025-000689,296.87
8290,PED-2025-000690,597.99
8291,PED-2025-000691,898.98
8292,PED-2025-000692,525.84
8293,PED-2025-000693,408.85
8294,PED-2025-000694,680.17
8295,PED-2025-000695,1085.21
8296,PED-2025-000696,724.53
8297,PED-2025-000697,405.27
8298,PED-2025-000698,899.67
8299,PED-2025-000699,1199.05
8300,PED-2025-000700,751.19
8301,PED-2025-000701,610.32
8302,PED-2025-000702,1126.25
8303,PED-2025-000703,1675.06
8304,PED-2025-000704,1107.07
8305,PED-2025-000705,692.52
8306,PED-2025-000706,1274.21
8307,PED-2025-000707,1888.78
8308,PED-2025-000708,1255.03
8309,PED-2025-000709,774.72
8310,PED-2025-000710,1422.17
8311,PED-2025-000711,2102.50
8312,PED-2025-000712,1402.99
8313,PED-2025-000713,856.92
8314,PED-2025-000714,802.93
8315,PED-2025-000715,1242.14
8316,PED-2025-000716,1397.51
8317,PED-2025-000717,478.80
8318,PED-2025-000718,950.89
8319,PED-2025-000719,1455.86
8320,PED-2025-000720,317.95
8321,PED-2025-000721,254.12
8322,PED-2025-000722,485.09
8323,PED-2025-000723,748.94
8324,PED-2025-000724,465.91
8325,PED-2025-000725,336.32
8326,PED-2025-000726,633.05
8327,PED-2025-000727,962.66
8328,PED-2025-000728,613.87
8329,PED-2025-000729,418.52
8330,PED-2025-000730,781.01
8331,PED-2025-000731,1070.12
8332,PED-2025-000732,604.22
8333,PED-2025-000733,459.30
8334,PED-2025-000734,761.26
8335,PED-2025-000735,1207.40
8336,PED-2025-000736,812.73
8337,PED-2025-000737,447.47
8338,PED-2025-000738,990.61
8339,PED-2025-000739,1316.36
8340,PED-2025-000740,821.00
8341,PED-2025-000741,577.27
8342,PED-2025-000742,943.32
8343,PED-2025-000743,1674.03
8344,PED-2025-000744,1017.18
8345,PED-2025-000745,655.79
8346,PED-2025-000746,1194.86
8347,PED-2025-000747,1566.57
8348,PED-2025-000748,1277.44
8349,PED-2025-000749,678.84
8350,PED-2025-000750,1364.77
8351,PED-2025-000751,2244.98
8352,PED-2025-000752,1348.19
8353,PED-2025-000753,451.40
8354,PED-2025-000754,901.57
8355,PED-2025-000755,1384.62
8356,PED-2025-000756,1496.15
8357,PED-2025-000757,226.72
8358,PED-2025-000758,435.77
8359,PED-2025-000759,677.70
8360,PED-2025-000760,416.59
8361,PED-2025-000761,308.92
8362,PED-2025-000762,583.73
8363,PED-2025-000763,891.42
8364,PED-2025-000764,564.55
8365,PED-2025-000765,391.12
8366,PED-2025-000766,731.69
8367,PED-2025-000767,1105.14
8368,PED-2025-000768,712.51
8369,PED-2025-000769,473.32
8370,PED-2025-000770,879.65
8371,PED-2025-000771,1318.86
8372,PED-2025-000772,860.47
8373,PED-2025-000773,555.52
8374,PED-2025-000774,1027.61
8375,PED-2025-000775,1532.58
8376,PED-2025-000776,1008.43
8377,PED-2025-000777,637.72
8378,PED-2025-000778,1175.57
8379,PED-2025-000779,1746.30
8380,PED-2025-000780,1156.39
8381,PED-2025-000781,650.95
8382,PED-2025-000782,1019.50
8383,PED-2025-000783,1805.51
8384,PED-2025-000784,1100.43
8385,PED-2025-000785,703.46
8386,PED-2025-000786,1280.94
8387,PED-2025-000787,1676.73
8388,PED-2025-000788,1370.67
8389,PED-2025-000789,355.52
8390,PED-2025-000790,676.05
8391,PED-2025-000791,1167.74
8392,PED-2025-000792,1155.25
8393,PED-2025-000793,473.55
8394,PED-2025-000794,836.92
8395,PED-2025-000795,535.25
8396,PED-2025-000796,327.49
8397,PED-2025-000797,215.40
8398,PED-2025-000798,490.28
8399,PED-2025-000799,671.38
8400,PED-2025-000800,405.95
8401,PED-2025-000801,363.72
8402,PED-2025-000802,682.37
8403,PED-2025-000803,1033.90
8404,PED-2025-000804,663.19
8405,PED-2025-000805,445.92
8406,PED-2025-000806,830.33
8407,PED-2025-000807,1247.62
8408,PED-2025-000808,811.15
8409,PED-2025-000809,528.12
8410,PED-2025-000810,978.29
8411,PED-2025-000811,1461.34
8412,PED-2025-000812,959.11
8413,PED-2025-000813,610.32
8414,PED-2025-000814,1126.25
8415,PED-2025-000815,1675.06
8416,PED-2025-000816,1107.07
8417,PED-2025-000817,692.52
8418,PED-2025-000818,1274.21
8419,PED-2025-000819,1888.78
8420,PED-2025-000820,1255.03
8421,PED-2025-000821,774.72
8422,PED-2025-000822,1422.17
8423,PED-2025-000823,2102.50
8424,PED-2025-000824,1402.99
8425,PED-2025-000825,856.92
8426,PED-2025-000826,802.93
8427,PED-2025-000827,1242.14
8428,PED-2025-000828,1397.51
8429,PED-2025-000829,478.80
8430,PED-2025-000830,950.89
8431,PED-2025-000831,1401.40
8432,PED-2025-000832,251.63
8433,PED-2025-000833,232.41
8434,PED-2025-000834,396.28
8435,PED-2025-000835,657.51
8436,PED-2025-000836,415.76
8437,PED-2025-000837,257.60
8438,PED-2025-000838,581.27
8439,PED-2025-000839,788.62
8440,PED-2025-000840,478.23
8441,PED-2025-000841,362.73
8442,PED-2025-000842,600.57
8443,PED-2025-000843,1082.20
8444,PED-2025-000844,642.36
8445,PED-2025-000845,441.23
8446,PED-2025-000846,807.74
8447,PED-2025-000847,1070.94
8448,PED-2025-000848,858.26
8449,PED-2025-000849,476.60
8450,PED-2025-000850,970.21
8451,PED-2025-000851,1603.82
8452,PED-2025-000852,1057.75
8453,PED-2025-000853,665.12
8454,PED-2025-000854,1224.89
8455,PED-2025-000855,1817.54
8456,PED-2025-000856,1205.71
8457,PED-2025-000857,747.32
8458,PED-2025-000858,1372.85
8459,PED-2025-000859,2031.26
8460,PED-2025-000860,1353.67
8461,PED-2025-000861,829.52
8462,PED-2025-000862,1520.81
8463,PED-2025-000863,2244.98
8464,PED-2025-000864,1348.19
8465,PED-2025-000865,451.40
8466,PED-2025-000866,901.57
8467,PED-2025-000867,1384.62
8468,PED-2025-000868,1496.15
8469,PED-2025-000869,226.72
8470,PED-2025-000870,435.77
8471,PED-2025-000871,677.70
8472,PED-2025-000872,416.59
8473,PED-2025-000873,308.92
8474,PED-2025-000874,583.73
8475,PED-2025-000875,891.42
8476,PED-2025-000876,564.55
8477,PED-2025-000877,391.12
8478,PED-2025-000878,731.69
8479,PED-2025-000879,1105.14
8480,PED-2025-000880,712.51
8481,PED-2025-000881,426.55
8482,PED-2025-000882,676.71
8483,PED-2025-000883,1213.68
8484,PED-2025-000884,725.61
8485,PED-2025-000885,488.90
8486,PED-2025-000886,893.78
8487,PED-2025-000887,1181.04
8488,PED-2025-000888,951.40
8489,PED-2025-000889,521.55
8490,PED-2025-000890,1022.69
8491,PED-2025-000891,1520.96
8492,PED-2025-000892,917.66
8493,PED-2025-000893,660.93
8494,PED-2025-000894,1085.69
8495,PED-2025-000895,1696.23
8496,PED-2025-000896,1165.67
8497,PED-2025-000897,616.25
8498,PED-2025-000898,1354.51
8499,PED-2025-000899,1785.41
8500,PED-2025-000900,1134.79
8501,PED-2025-000901,424.00
8502,PED-2025-000902,852.25
8503,PED-2025-000903,1313.38
8504,PED-2025-000904,1446.83
8505,PED-2025-000905,506.20
8506,PED-2025-000906,1000.21
8507,PED-2025-000907,606.46
8508,PED-2025-000908,367.27
8509,PED-2025-000909,281.52
8510,PED-2025-000910,534.41
8511,PED-2025-000911,820.18
8512,PED-2025-000912,515.23
8513,PED-2025-000913,363.72
8514,PED-2025-000914,682.37
8515,PED-2025-000915,1033.90
8516,PED-2025-000916,663.19
8517,PED-2025-000917,445.92
8518,PED-2025-000918,830.33
8519,PED-2025-000919,1247.62
8520,PED-2025-000920,811.15
8521,PED-2025-000921,528.12
8522,PED-2025-000922,978.29
8523,PED-2025-000923,1461.34
8524,PED-2025-000924,959.11
8525,PED-2025-000925,610.32
8526,PED-2025-000926,1126.25
8527,PED-2025-000927,1675.06
8528,PED-2025-000928,1107.07
8529,PED-2025-000929,692.52
8530,PED-2025-000930,1274.21
8531,PED-2025-000931,1724.98
8532,PED-2025-000932,996.04
8533,PED-2025-000933,711.38
8534,PED-2025-000934,1166.78
8535,PED-2025-000935,1818.42
8536,PED-2025-000936,1253.87
8537,PED-2025-000937,658.45
8538,PED-2025-000938,755.00
8539,PED-2025-000939,1043.47
8540,PED-2025-000940,1056.10
8541,PED-2025-000941,424.39
8542,PED-2025-000942,748.78
8543,PED-2025-000943,1364.93
8544,PED-2025-000944,267.47
8545,PED-2025-000945,226.70
8546,PED-2025-000946,420.58
8547,PED-2025-000947,575.25
8548,PED-2025-000948,439.07
8549,PED-2025-000949,274.41
8550,PED-2025-000950,575.65
8551,PED-2025-000951,962.66
8552,PED-2025-000952,613.87
8553,PED-2025-000953,418.52
8554,PED-2025-000954,781.01
8555,PED-2025-000955,1176.38
8556,PED-2025-000956,761.83
8557,PED-2025-000957,500.72
8558,PED-2025-000958,928.97
8559,PED-2025-000959,1390.10
8560,PED-2025-000960,909.79
8561,PED-2025-000961,582.92
8562,PED-2025-000962,1076.93
8563,PED-2025-000963,1603.82
8564,PED-2025-000964,1057.75
8565,PED-2025-000965,665.12
8566,PED-2025-000966,1224.89
8567,PED-2025-000967,1817.54
8568,PED-2025-000968,1205.71
8569,PED-2025-000969,747.32
8570,PED-2025-000970,1372.85
8571,PED-2025-000971,2031.26
8572,PED-2025-000972,1353.67
8573,PED-2025-000973,829.52
8574,PED-2025-000974,1520.81
8575,PED-2025-000975,2244.98
8576,PED-2025-000976,1348.19
8577,PED-2025-000977,451.40
8578,PED-2025-000978,901.57
8579,PED-2025-000979,1384.62
8580,PED-2025-000980,1496.15
8581,PED-2025-000981,202.15
8582,PED-2025-000982,333.96
8583,PED-2025-000983,621.92
8584,PED-2025-000984,350.80
8585,PED-2025-000985,274.37
8586,PED-2025-000986,506.57
8587,PED-2025-000987,685.41
8588,PED-2025-000988,532.21
8589,PED-2025-000989,319.36
8590,PED-2025-000990,640.43
8591,PED-2025-000991,961.18
8592,PED-2025-000992,565.07
8593,PED-2025-000993,434.09
8594,PED-2025-000994,720.72
8595,PED-2025-000995,1146.27
8596,PED-2025-000996,768.63
8597,PED-2025-000997,426.38
8598,PED-2025-000998,945.12
8599,PED-2025-000999,1257.74
8600,PED-2025-001000,789.55
8601,PED-2025-001001,637.72
8602,PED-2025-001002,1175.57
8603,PED-2025-001003,1746.30
8604,PED-2025-001004,1156.39
8605,PED-2025-001005,719.92
8606,PED-2025-001006,1323.53
8607,PED-2025-001007,1960.02
8608,PED-2025-001008,1304.35
8609,PED-2025-001009,802.12
8610,PED-2025-001010,1471.49
8611,PED-2025-001011,2173.74
8612,PED-2025-001012,1452.31
8613,PED-2025-001013,424.00
8614,PED-2025-001014,852.25
8615,PED-2025-001015,1313.38
8616,PED-2025-001016,1446.83
8617,PED-2025-001017,506.20
8618,PED-2025-001018,1000.21
8619,PED-2025-001019,606.46
8620,PED-2025-001020,367.27
8621,PED-2025-001021,281.52
8622,PED-2025-001022,534.41
8623,PED-2025-001023,820.18
8624,PED-2025-001024,515.23
8625,PED-2025-001025,363.72
8626,PED-2025-001026,682.37
8627,PED-2025-001027,1033.90
8628,PED-2025-001028,663.19
8629,PED-2025-001029,445.92
8630,PED-2025-001030,830.33
8631,PED-2025-001031,1135.62
8632,PED-2025-001032,643.45
8633,PED-2025-001033,484.49
8634,PED-2025-001034,801.80
8635,PED-2025-001035,1268.53
8636,PED-2025-001036,856.90
8637,PED-2025-001037,468.58
8638,PED-2025-001038,1036.11
8639,PED-2025-001039,1374.98
8640,PED-2025-001040,859.09
8641,PED-2025-001041,601.11
8642,PED-2025-001042,981.43
8643,PED-2025-001043,1739.80
8644,PED-2025-001044,1058.84
8645,PED-2025-001045,679.61
8646,PED-2025-001046,1237.92
8647,PED-2025-001047,1621.68
8648,PED-2025-001048,1324.06
8649,PED-2025-001049,701.28
8650,PED-2025-001050,641.41
8651,PED-2025-001051,1242.14
8652,PED-2025-001052,1397.51
8653,PED-2025-001053,478.80
8654,PED-2025-001054,950.89
8655,PED-2025-001055,1455.86
8656,PED-2025-001056,317.95
8657,PED-2025-001057,254.12
8658,PED-2025-001058,485.09
8659,PED-2025-001059,748.94
8660,PED-2025-001060,465.91
8661,PED-2025-001061,336.32
8662,PED-2025-001062,633.05
8663,PED-2025-001063,962.66
8664,PED-2025-001064,613.87
8665,PED-2025-001065,418.52
8666,PED-2025-001066,781.01
8667,PED-2025-001067,1176.38
8668,PED-2025-001068,761.83
8669,PED-2025-001069,500.72
8670,PED-2025-001070,928.97
8671,PED-2025-001071,1390.10
8672,PED-2025-001072,909.79
8673,PED-2025-001073,582.92
8674,PED-2025-001074,1076.93
8675,PED-2025-001075,1603.82
8676,PED-2025-001076,1057.75
8677,PED-2025-001077,665.12
8678,PED-2025-001078,1224.89
8679,PED-2025-001079,1817.54
8680,PED-2025-001080,1205.71
8681,PED-2025-001081,675.89
8682,PED-2025-001082,1057.57
8683,PED-2025-001083,1871.28
8684,PED-2025-001084,1142.09
8685,PED-2025-001085,727.28
8686,PED-2025-001086,1323.96
8687,PED-2025-001087,1731.78
8688,PED-2025-001088,1279.10
8689,PED-2025-001089,377.98
8690,PED-2025-001090,718.54
8691,PED-2025-001091,1230.00
8692,PED-2025-001092,1194.40
8693,PED-2025-001093,207.22
8694,PED-2025-001094,355.74
8695,PED-2025-001095,596.38
8696,PED-2025-001096,371.59
8697,PED-2025-001097,236.49
8698,PED-2025-001098,535.77
8699,PED-2025-001099,730.00
8700,PED-2025-001100,444.31
8701,PED-2025-001101,391.12
8702,PED-2025-001102,731.69
8703,PED-2025-001103,1105.14
8704,PED-2025-001104,712.51
8705,PED-2025-001105,473.32
8706,PED-2025-001106,879.65
8707,PED-2025-001107,1318.86
8708,PED-2025-001108,860.47
8709,PED-2025-001109,555.52
8710,PED-2025-001110,1027.61
8711,PED-2025-001111,1532.58
8712,PED-2025-001112,1008.43
8713,PED-2025-001113,637.72
8714,PED-2025-001114,1175.57
8715,PED-2025-001115,1746.30
8716,PED-2025-001116,1156.39
8717,PED-2025-001117,719.92
8718,PED-2025-001118,1323.53
8719,PED-2025-001119,1960.02
8720,PED-2025-001120,1304.35
8721,PED-2025-001121,802.12
8722,PED-2025-001122,1471.49
8723,PED-2025-001123,2173.74
8724,PED-2025-001124,1452.31
8725,PED-2025-001125,424.00
8726,PED-2025-001126,852.25
8727,PED-2025-001127,1313.38
8728,PED-2025-001128,1446.83
8729,PED-2025-001129,506.20
8730,PED-2025-001130,1000.21
8731,PED-2025-001131,546.19
8732,PED-2025-001132,290.78
8733,PED-2025-001133,257.62
8734,PED-2025-001134,436.87
8735,PED-2025-001135,718.57
8736,PED-2025-001136,459.86
8737,PED-2025-001137,278.69
8738,PED-2025-001138,626.76
8739,PED-2025-001139,847.31
8740,PED-2025-001140,516.32
8741,PED-2025-001141,386.57
8742,PED-2025-001142,638.64
8743,PED-2025-001143,1147.91
8744,PED-2025-001144,683.95
8745,PED-2025-001145,465.08
8746,PED-2025-001146,850.76
8747,PED-2025-001147,1125.99
8748,PED-2025-001148,904.87
8749,PED-2025-001149,499.09
8750,PED-2025-001150,1014.05
8751,PED-2025-001151,1675.06
8752,PED-2025-001152,1107.07
8753,PED-2025-001153,692.52
8754,PED-2025-001154,1274.21
8755,PED-2025-001155,1888.78
8756,PED-2025-001156,1255.03
8757,PED-2025-001157,774.72
8758,PED-2025-001158,1422.17
8759,PED-2025-001159,2102.50
8760,PED-2025-001160,1402.99
8761,PED-2025-001161,856.92
8762,PED-2025-001162,802.93
8763,PED-2025-001163,1242.14
8764,PED-2025-001164,1397.51
8765,PED-2025-001165,478.80
8766,PED-2025-001166,950.89
8767,PED-2025-001167,1455.86
8768,PED-2025-001168,317.95
8769,PED-2025-001169,254.12
8770,PED-2025-001170,485.09
8771,PED-2025-001171,748.94
8772,PED-2025-001172,465.91
8773,PED-2025-001173,336.32
8774,PED-2025-001174,633.05
8775,PED-2025-001175,962.66
8776,PED-2025-001176,613.87
8777,PED-2025-001177,418.52
8778,PED-2025-001178,781.01
8779,PED-2025-001179,1176.38
8780,PED-2025-001180,761.83
8781,PED-2025-001181,451.49
8782,PED-2025-001182,714.82
8783,PED-2025-001183,1279.52
8784,PED-2025-001184,767.28
8785,PED-2025-001185,512.75
8786,PED-2025-001186,936.75
8787,PED-2025-001187,1236.15
8788,PED-2025-001188,998.01
8789,PED-2025-001189,544.04
8790,PED-2025-001190,1065.13
8791,PED-2025-001191,1583.16
8792,PED-2025-001192,956.89
8793,PED-2025-001193,686.17
8794,PED-2025-001194,1126.24
8795,PED-2025-001195,1757.29
8796,PED-2025-001196,1209.77
8797,PED-2025-001197,637.36
8798,PED-2025-001198,1399.96
8799,PED-2025-001199,1844.10
8800,PED-2025-001200,1019.71
8801,PED-2025-001201,451.40
8802,PED-2025-001202,901.57
8803,PED-2025-001203,1384.62
8804,PED-2025-001204,1496.15
8805,PED-2025-001205,226.72
8806,PED-2025-001206,435.77
8807,PED-2025-001207,677.70
8808,PED-2025-001208,416.59
8809,PED-2025-001209,308.92
8810,PED-2025-001210,583.73
8811,PED-2025-001211,891.42
8812,PED-2025-001212,564.55
8813,PED-2025-001213,391.12
8814,PED-2025-001214,731.69
8815,PED-2025-001215,1105.14
8816,PED-2025-001216,712.51
8817,PED-2025-001217,473.32
8818,PED-2025-001218,879.65
8819,PED-2025-001219,1318.86
8820,PED-2025-001220,860.47
8821,PED-2025-001221,555.52
8822,PED-2025-001222,1027.61
8823,PED-2025-001223,1532.58
8824,PED-2025-001224,1008.43
8825,PED-2025-001225,637.72
8826,PED-2025-001226,1175.57
8827,PED-2025-001227,1746.30
8828,PED-2025-001228,1156.39
8829,PED-2025-001229,719.92
8830,PED-2025-001230,1323.53
8831,PED-2025-001231,1790.48
8832,PED-2025-001232,1035.27
8833,PED-2025-001233,736.57
8834,PED-2025-001234,1207.32
8835,PED-2025-001235,1879.55
8836,PED-2025-001236,1298.04
8837,PED-2025-001237,334.32
8838,PED-2025-001238,800.45
8839,PED-2025-001239,1102.09
8840,PED-2025-001240,1094.18
8841,PED-2025-001241,448.23
8842,PED-2025-001242,786.89
8843,PED-2025-001243,556.08
8844,PED-2025-001244,309.13
8845,PED-2025-001245,250.52
8846,PED-2025-001246,463.60
8847,PED-2025-001247,630.30
8848,PED-2025-001248,485.60
8849,PED-2025-001249,296.87
8850,PED-2025-001250,619.49
8851,PED-2025-001251,1033.90
8852,PED-2025-001252,663.19
8853,PED-2025-001253,445.92
8854,PED-2025-001254,830.33
8855,PED-2025-001255,1247.62
8856,PED-2025-001256,811.15
8857,PED-2025-001257,528.12
8858,PED-2025-001258,978.29
8859,PED-2025-001259,1461.34
8860,PED-2025-001260,959.11
8861,PED-2025-001261,610.32
8862,PED-2025-001262,1126.25
8863,PED-2025-001263,1675.06
8864,PED-2025-001264,1107.07
8865,PED-2025-001265,692.52
8866,PED-2025-001266,1274.21
8867,PED-2025-001267,1888.78
8868,PED-2025-001268,1255.03
8869,PED-2025-001269,774.72
8870,PED-2025-001270,1422.17
8871,PED-2025-001271,2102.50
8872,PED-2025-001272,1402.99
8873,PED-2025-001273,856.92
8874,PED-2025-001274,802.93
8875,PED-2025-001275,1242.14
8876,PED-2025-001276,1397.51
8877,PED-2025-001277,478.80
8878,PED-2025-001278,950.89
8879,PED-2025-001279,1455.86
8880,PED-2025-001280,317.95
8881,PED-2025-001281,227.06
8882,PED-2025-001282,372.03
8883,PED-2025-001283,687.63
8884,PED-2025-001284,392.46
8885,PED-2025-001285,298.22
8886,PED-2025-001286,549.59
8887,PED-2025-001287,740.46
8888,PED-2025-001288,578.74
8889,PED-2025-001289,341.82
8890,PED-2025-001290,682.92
8891,PED-2025-001291,1023.38
8892,PED-2025-001292,604.22
8893,PED-2025-001293,459.30
8894,PED-2025-001294,761.26
8895,PED-2025-001295,1207.40
8896,PED-2025-001296,812.73
8897,PED-2025-001297,447.47
8898,PED-2025-001298,990.61
8899,PED-2025-001299,1316.36
8900,PED-2025-001300,827.91
8901,PED-2025-001301,665.12
8902,PED-2025-001302,1224.89
8903,PED-2025-001303,1817.54
8904,PED-2025-001304,1205.71
8905,PED-2025-001305,747.32
8906,PED-2025-001306,1372.85
8907,PED-2025-001307,2031.26
8908,PED-2025-001308,1353.67
8909,PED-2025-001309,829.52
8910,PED-2025-001310,1520.81
8911,PED-2025-001311,2244.98
8912,PED-2025-001312,1348.19
8913,PED-2025-001313,451.40
8914,PED-2025-001314,901.57
8915,PED-2025-001315,1384.62
8916,PED-2025-001316,1496.15
8917,PED-2025-001317,226.72
8918,PED-2025-001318,435.77
8919,PED-2025-001319,677.70
8920,PED-2025-001320,416.59
8921,PED-2025-001321,308.92
8922,PED-2025-001322,583.73
8923,PED-2025-001323,891.42
8924,PED-2025-001324,564.55
8925,PED-2025-001325,391.12
8926,PED-2025-001326,731.69
8927,PED-2025-001327,1105.14
8928,PED-2025-001328,712.51
8929,PED-2025-001329,473.32
8930,PED-2025-001330,879.65
8931,PED-2025-001331,1201.05
8932,PED-2025-001332,682.60
8933,PED-2025-001333,509.70
8934,PED-2025-001334,842.39
8935,PED-2025-001335,1329.59
8936,PED-2025-001336,901.00
8937,PED-2025-001337,489.67
8938,PED-2025-001338,1081.60
8939,PED-2025-001339,1433.67
8940,PED-2025-001340,897.18
8941,PED-2025-001341,624.95
8942,PED-2025-001342,1019.50
8943,PED-2025-001343,1805.51
8944,PED-2025-001344,1100.43
8945,PED-2025-001345,703.46
8946,PED-2025-001346,1280.94
8947,PED-2025-001347,1676.73
8948,PED-2025-001348,1370.67
8949,PED-2025-001349,355.52
8950,PED-2025-001350,685.25
8951,PED-2025-001351,1313.38
8952,PED-2025-001352,1446.83
8953,PED-2025-001353,506.20
8954,PED-2025-001354,1000.21
8955,PED-2025-001355,606.46
8956,PED-2025-001356,367.27
8957,PED-2025-001357,281.52
8958,PED-2025-001358,534.41
8959,PED-2025-001359,820.18
8960,PED-2025-001360,515.23
8961,PED-2025-001361,363.72
8962,PED-2025-001362,682.37
8963,PED-2025-001363,1033.90
8964,PED-2025-001364,663.19
8965,PED-2025-001365,445.92
8966,PED-2025-001366,830.33
8967,PED-2025-001367,1247.62
8968,PED-2025-001368,811.15
8969,PED-2025-001369,528.12
8970,PED-2025-001370,978.29
8971,PED-2025-001371,1461.34
8972,PED-2025-001372,959.11
8973,PED-2025-001373,610.32
8974,PED-2025-001374,1126.25
8975,PED-2025-001375,1675.06
8976,PED-2025-001376,1107.07
8977,PED-2025-001377,692.52
8978,PED-2025-001378,1274.21
8979,PED-2025-001379,1888.78
8980,PED-2025-001380,1255.03
8981,PED-2025-001381,700.83
8982,PED-2025-001382,1095.68
8983,PED-2025-001383,1937.12
8984,PED-2025-001384,1183.76
8985,PED-2025-001385,751.13
8986,PED-2025-001386,714.83
8987,PED-2025-001387,981.33
8988,PED-2025-001388,1325.72
8989,PED-2025-001389,400.44
8990,PED-2025-001390,760.98
8991,PED-2025-001391,1292.20
8992,PED-2025-001392,251.63
8993,PED-2025-001393,232.41
8994,PED-2025-001394,396.28
8995,PED-2025-001395,657.51
8996,PED-2025-001396,415.76
8997,PED-2025-001397,257.60
8998,PED-2025-001398,581.27
8999,PED-2025-001399,788.62
9000,PED-2025-001400,482.67
9001,PED-2025-001401,418.52
9002,PED-2025-001402,781.01
9003,PED-2025-001403,1176.38
9004,PED-2025-001404,761.83
9005,PED-2025-001405,500.72
9006,PED-2025-001406,928.97
9007,PED-2025-001407,1390.10
9008,PED-2025-001408,909.79
9009,PED-2025-001409,582.92
9010,PED-2025-001410,1076.93
9011,PED-2025-001411,1603.82
9012,PED-2025-001412,1057.75
9013,PED-2025-001413,665.12
9014,PED-2025-001414,1224.89
9015,PED-2025-001415,1817.54
9016,PED-2025-001416,1205.71
9017,PED-2025-001417,747.32
9018,PED-2025-001418,1372.85
9019,PED-2025-001419,2031.26
9020,PED-2025-001420,1353.67
9021,PED-2025-001421,829.52
9022,PED-2025-001422,1520.81
9023,PED-2025-001423,2244.98
9024,PED-2025-001424,1348.19
9025,PED-2025-001425,451.40
9026,PED-2025-001426,901.57
9027,PED-2025-001427,1384.62
9028,PED-2025-001428,1496.15
9029,PED-2025-001429,226.72
9030,PED-2025-001430,435.77
9031,PED-2025-001431,611.69
9032,PED-2025-001432,329.93
9033,PED-2025-001433,282.81
9034,PED-2025-001434,477.41
9035,PED-2025-001435,779.70
9036,PED-2025-001436,503.96
9037,PED-2025-001437,299.78
9038,PED-2025-001438,672.25
9039,PED-2025-001439,905.87
9040,PED-2025-001440,554.40
9041,PED-2025-001441,410.43
9042,PED-2025-001442,676.71
9043,PED-2025-001443,1213.68
9044,PED-2025-001444,725.61
9045,PED-2025-001445,488.90
9046,PED-2025-001446,893.78
9047,PED-2025-001447,1181.04
9048,PED-2025-001448,951.40
9049,PED-2025-001449,521.55
9050,PED-2025-001450,1057.89
9051,PED-2025-001451,1746.30
9052,PED-2025-001452,1156.39
9053,PED-2025-001453,719.92
9054,PED-2025-001454,1323.53
9055,PED-2025-001455,1960.02
9056,PED-2025-001456,1304.35
9057,PED-2025-001457,802.12
9058,PED-2025-001458,1471.49
9059,PED-2025-001459,2173.74
9060,PED-2025-001460,1452.31
9061,PED-2025-001461,424.00
9062,PED-2025-001462,852.25
9063,PED-2025-001463,1313.38
9064,PED-2025-001464,1446.83
9065,PED-2025-001465,506.20
9066,PED-2025-001466,1000.21
9067,PED-2025-001467,606.46
9068,PED-2025-001468,367.27
9069,PED-2025-001469,281.52
9070,PED-2025-001470,534.41
9071,PED-2025-001471,820.18
9072,PED-2025-001472,515.23
9073,PED-2025-001473,363.72
9074,PED-2025-001474,682.37
9075,PED-2025-001475,1033.90
9076,PED-2025-001476,663.19
9077,PED-2025-001477,445.92
9078,PED-2025-001478,830.33
9079,PED-2025-001479,1247.62
9080,PED-2025-001480,811.15
9081,PED-2025-001481,476.40
9082,PED-2025-001482,752.89
9083,PED-2025-001483,1345.23
9084,PED-2025-001484,808.94
9085,PED-2025-001485,536.60
9086,PED-2025-001486,979.77
9087,PED-2025-001487,1291.20
9088,PED-2025-001488,1044.54
9089,PED-2025-001489,566.50
9090,PED-2025-001490,1107.62
9091,PED-2025-001491,1645.36
9092,PED-2025-001492,996.04
9093,PED-2025-001493,711.38
9094,PED-2025-001494,1166.78
9095,PED-2025-001495,1818.42
9096,PED-2025-001496,1253.87
9097,PED-2025-001497,658.45
9098,PED-2025-001498,755.00
9099,PED-2025-001499,1043.47
9100,PED-2025-001500,1058.07
9101,PED-2025-001501,478.80
9102,PED-2025-001502,950.89
9103,PED-2025-001503,1455.86
9104,PED-2025-001504,317.95
9105,PED-2025-001505,254.12
9106,PED-2025-001506,485.09
9107,PED-2025-001507,748.94
9108,PED-2025-001508,465.91
9109,PED-2025-001509,336.32
9110,PED-2025-001510,633.05
9111,PED-2025-001511,962.66
9112,PED-2025-001512,613.87
9113,PED-2025-001513,418.52
9114,PED-2025-001514,781.01
9115,PED-2025-001515,1176.38
9116,PED-2025-001516,761.83
9117,PED-2025-001517,500.72
9118,PED-2025-001518,928.97
9119,PED-2025-001519,1390.10
9120,PED-2025-001520,909.79
9121,PED-2025-001521,582.92
9122,PED-2025-001522,1076.93
9123,PED-2025-001523,1603.82
9124,PED-2025-001524,1057.75
9125,PED-2025-001525,665.12
9126,PED-2025-001526,1224.89
9127,PED-2025-001527,1817.54
9128,PED-2025-001528,1205.71
9129,PED-2025-001529,747.32
9130,PED-2025-001530,1372.85
9131,PED-2025-001531,1855.91
9132,PED-2025-001532,1074.42
9133,PED-2025-001533,761.78
9134,PED-2025-001534,1247.91
9135,PED-2025-001535,1940.61
9136,PED-2025-001536,1211.72
9137,PED-2025-001537,355.41
9138,PED-2025-001538,845.94
9139,PED-2025-001539,1160.78
9140,PED-2025-001540,1132.27
9141,PED-2025-001541,195.89
9142,PED-2025-001542,333.96
9143,PED-2025-001543,621.92
9144,PED-2025-001544,350.80
9145,PED-2025-001545,274.37
9146,PED-2025-001546,506.57
9147,PED-2025-001547,685.41
9148,PED-2025-001548,532.21
9149,PED-2025-001549,319.36
9150,PED-2025-001550,663.33
9151,PED-2025-001551,1105.14
9152,PED-2025-001552,712.51
9153,PED-2025-001553,473.32
9154,PED-2025-001554,879.65
9155,PED-2025-001555,1318.86
9156,PED-2025-001556,860.47
9157,PED-2025-001557,555.52
9158,PED-2025-001558,1027.61
9159,PED-2025-001559,1532.58
9160,PED-2025-001560,1008.43
9161,PED-2025-001561,637.72
9162,PED-2025-001562,1175.57
9163,PED-2025-001563,1746.30
9164,PED-2025-001564,1156.39
9165,PED-2025-001565,719.92
9166,PED-2025-001566,1323.53
9167,PED-2025-001567,1960.02
9168,PED-2025-001568,1304.35
9169,PED-2025-001569,802.12
9170,PED-2025-001570,1471.49
9171,PED-2025-001571,2173.74
9172,PED-2025-001572,1452.31
9173,PED-2025-001573,424.00
9174,PED-2025-001574,852.25
9175,PED-2025-001575,1313.38
9176,PED-2025-001576,1446.83
9177,PED-2025-001577,506.20
9178,PED-2025-001578,1000.21
9179,PED-2025-001579,606.46
9180,PED-2025-001580,367.27
9181,PED-2025-001581,252.00
9182,PED-2025-001582,410.14
9183,PED-2025-001583,753.40
9184,PED-2025-001584,434.12
9185,PED-2025-001585,322.04
9186,PED-2025-001586,592.65
9187,PED-2025-001587,795.57
9188,PED-2025-001588,625.36
9189,PED-2025-001589,364.26
9190,PED-2025-001590,725.36
9191,PED-2025-001591,1085.58
9192,PED-2025-001592,643.45
9193,PED-2025-001593,484.49
9194,PED-2025-001594,801.80
9195,PED-2025-001595,1268.53
9196,PED-2025-001596,856.90
9197,PED-2025-001597,468.58
9198,PED-2025-001598,1036.11
9199,PED-2025-001599,1374.98
9200,PED-2025-001600,866.27
9201,PED-2025-001601,692.52
9202,PED-2025-001602,1274.21
9203,PED-2025-001603,1888.78
9204,PED-2025-001604,1255.03
9205,PED-2025-001605,774.72
9206,PED-2025-001606,1422.17
9207,PED-2025-001607,2102.50
9208,PED-2025-001608,1402.99
9209,PED-2025-001609,856.92
9210,PED-2025-001610,802.93
9211,PED-2025-001611,1242.14
9212,PED-2025-001612,1397.51
9213,PED-2025-001613,478.80
9214,PED-2025-001614,950.89
9215,PED-2025-001615,1455.86
9216,PED-2025-001616,317.95
9217,PED-2025-001617,254.12
9218,PED-2025-001618,485.09
9219,PED-2025-001619,748.94
9220,PED-2025-001620,465.91
9221,PED-2025-001621,336.32
9222,PED-2025-001622,633.05
9223,PED-2025-001623,962.66
9224,PED-2025-001624,613.87
9225,PED-2025-001625,418.52
9226,PED-2025-001626,781.01
9227,PED-2025-001627,1176.38
9228,PED-2025-001628,761.83
9229,PED-2025-001629,500.72
9230,PED-2025-001630,928.97
9231,PED-2025-001631,1266.55
9232,PED-2025-001632,721.75
9233,PED-2025-001633,534.89
9234,PED-2025-001634,882.93
9235,PED-2025-001635,1390.72
9236,PED-2025-001636,945.10
9237,PED-2025-001637,510.76
9238,PED-2025-001638,1127.09
9239,PED-2025-001639,1492.23
9240,PED-2025-001640,935.26
9241,PED-2025-001641,648.81
9242,PED-2025-001642,1057.57
9243,PED-2025-001643,1871.28
9244,PED-2025-001644,1142.09
9245,PED-2025-001645,727.28
9246,PED-2025-001646,1323.96
9247,PED-2025-001647,1731.78
9248,PED-2025-001648,1279.10
9249,PED-2025-001649,377.98
9250,PED-2025-001650,729.09
9251,PED-2025-001651,1384.62
9252,PED-2025-001652,1496.15
9253,PED-2025-001653,226.72
9254,PED-2025-001654,435.77
9255,PED-2025-001655,677.70
9256,PED-2025-001656,416.59
9257,PED-2025-001657,308.92
9258,PED-2025-001658,583.73
9259,PED-2025-001659,891.42
9260,PED-2025-001660,564.55
9261,PED-2025-001661,391.12
9262,PED-2025-001662,731.69
9263,PED-2025-001663,1105.14
9264,PED-2025-001664,712.51
9265,PED-2025-001665,473.32
9266,PED-2025-001666,879.65
9267,PED-2025-001667,1318.86
9268,PED-2025-001668,860.47
9269,PED-2025-001669,555.52
9270,PED-2025-001670,1027.61
9271,PED-2025-001671,1532.58
9272,PED-2025-001672,1008.43
9273,PED-2025-001673,637.72
9274,PED-2025-001674,1175.57
9275,PED-2025-001675,1746.30
9276,PED-2025-001676,1156.39
9277,PED-2025-001677,719.92
9278,PED-2025-001678,1323.53
9279,PED-2025-001679,1960.02
9280,PED-2025-001680,1304.35
9281,PED-2025-001681,725.74
9282,PED-2025-001682,1133.75
9283,PED-2025-001683,2002.83
9284,PED-2025-001684,1225.42
9285,PED-2025-001685,337.67
9286,PED-2025-001686,757.85
9287,PED-2025-001687,1036.38
9288,PED-2025-001688,1372.25
9289,PED-2025-001689,422.93
9290,PED-2025-001690,803.47
9291,PED-2025-001691,525.73
9292,PED-2025-001692,290.78
9293,PED-2025-001693,257.62
9294,PED-2025-001694,436.87
9295,PED-2025-001695,718.57
9296,PED-2025-001696,459.86
9297,PED-2025-001697,278.69
9298,PED-2025-001698,626.76
9299,PED-2025-001699,847.31
9300,PED-2025-001700,521.03
9301,PED-2025-001701,445.92
9302,PED-2025-001702,830.33
9303,PED-2025-001703,1247.62
9304,PED-2025-001704,811.15
9305,PED-2025-001705,528.12
9306,PED-2025-001706,978.29
9307,PED-2025-001707,1461.34
9308,PED-2025-001708,959.11
9309,PED-2025-001709,610.32
9310,PED-2025-001710,1126.25
9311,PED-2025-001711,1675.06
9312,PED-2025-001712,1107.07
9313,PED-2025-001713,692.52
9314,PED-2025-001714,1274.21
9315,PED-2025-001715,1888.78
9316,PED-2025-001716,1255.03
9317,PED-2025-001717,774.72
9318,PED-2025-001718,1422.17
9319,PED-2025-001719,2102.50
9320,PED-2025-001720,1402.99
9321,PED-2025-001721,856.92
9322,PED-2025-001722,802.93
9323,PED-2025-001723,1242.14
9324,PED-2025-001724,1397.51
9325,PED-2025-001725,478.80
9326,PED-2025-001726,950.89
9327,PED-2025-001727,1455.86
9328,PED-2025-001728,317.95
9329,PED-2025-001729,254.12
9330,PED-2025-001730,485.09
9331,PED-2025-001731,677.19
9332,PED-2025-001732,369.16
9333,PED-2025-001733,308.05
9334,PED-2025-001734,517.96
9335,PED-2025-001735,840.76
9336,PED-2025-001736,548.06
9337,PED-2025-001737,320.89
9338,PED-2025-001738,717.70
9339,PED-2025-001739,964.56
9340,PED-2025-001740,592.49
9341,PED-2025-001741,434.27
9342,PED-2025-001742,714.82
9343,PED-2025-001743,1279.52
9344,PED-2025-001744,767.28
9345,PED-2025-001745,512.75
9346,PED-2025-001746,936.75
9347,PED-2025-001747,1236.15
9348,PED-2025-001748,998.01
9349,PED-2025-001749,544.04
9350,PED-2025-001750,1101.73
9351,PED-2025-001751,1817.54
9352,PED-2025-001752,1205.71
9353,PED-2025-001753,747.32
9354,PED-2025-001754,1372.85
9355,PED-2025-001755,2031.26
9356,PED-2025-001756,1353.67
9357,PED-2025-001757,829.52
9358,PED-2025-001758,1520.81
9359,PED-2025-001759,2244.98
9360,PED-2025-001760,1348.19
9361,PED-2025-001761,451.40
9362,PED-2025-001762,901.57
9363,PED-2025-001763,1384.62
9364,PED-2025-001764,1496.15
9365,PED-2025-001765,226.72
9366,PED-2025-001766,435.77
9367,PED-2025-001767,677.70
9368,PED-2025-001768,416.59
9369,PED-2025-001769,308.92
9370,PED-2025-001770,583.73
9371,PED-2025-001771,891.42
9372,PED-2025-001772,564.55
9373,PED-2025-001773,391.12
9374,PED-2025-001774,731.69
9375,PED-2025-001775,1105.14
9376,PED-2025-001776,712.51
9377,PED-2025-001777,473.32
9378,PED-2025-001778,879.65
9379,PED-2025-001779,1318.86
9380,PED-2025-001780,860.47
9381,PED-2025-001781,501.34
9382,PED-2025-001782,791.00
9383,PED-2025-001783,1411.00
9384,PED-2025-001784,850.60
9385,PED-2025-001785,560.42
9386,PED-2025-001786,1022.83
9387,PED-2025-001787,1346.31
9388,PED-2025-001788,1091.16
9389,PED-2025-001789,588.94
9390,PED-2025-001790,1150.06
9391,PED-2025-001791,1707.56
9392,PED-2025-001792,1035.27
9393,PED-2025-001793,736.57
9394,PED-2025-001794,1207.32
9395,PED-2025-001795,1879.55
9396,PED-2025-001796,1298.04
9397,PED-2025-001797,334.32
9398,PED-2025-001798,800.45
9399,PED-2025-001799,1102.09
9400,PED-2025-001800,1096.43
9401,PED-2025-001801,506.20
9402,PED-2025-001802,1000.21
9403,PED-2025-001803,606.46
9404,PED-2025-001804,367.27
9405,PED-2025-001805,281.52
9406,PED-2025-001806,534.41
9407,PED-2025-001807,820.18
9408,PED-2025-001808,515.23
9409,PED-2025-001809,363.72
9410,PED-2025-001810,682.37
9411,PED-2025-001811,1033.90
9412,PED-2025-001812,663.19
9413,PED-2025-001813,445.92
9414,PED-2025-001814,830.33
9415,PED-2025-001815,1247.62
9416,PED-2025-001816,811.15
9417,PED-2025-001817,528.12
9418,PED-2025-001818,978.29
9419,PED-2025-001819,1461.34
9420,PED-2025-001820,959.11
9421,PED-2025-001821,610.32
9422,PED-2025-001822,1126.25
9423,PED-2025-001823,1675.06
9424,PED-2025-001824,1107.07
9425,PED-2025-001825,692.52
9426,PED-2025-001826,1274.21
9427,PED-2025-001827,1888.78
9428,PED-2025-001828,1255.03
9429,PED-2025-001829,774.72
9430,PED-2025-001830,1422.17
9431,PED-2025-001831,1921.41
9432,PED-2025-001832,1113.57
9433,PED-2025-001833,786.97
9434,PED-2025-001834,674.70
9435,PED-2025-001835,981.35
9436,PED-2025-001836,1255.82
9437,PED-2025-001837,376.50
9438,PED-2025-001838,891.43
9439,PED-2025-001839,1219.34
9440,PED-2025-001840,249.71
9441,PED-2025-001841,219.70
9442,PED-2025-001842,372.03
9443,PED-2025-001843,687.63
9444,PED-2025-001844,392.46
9445,PED-2025-001845,298.22
9446,PED-2025-001846,549.59
9447,PED-2025-001847,740.46
9448,PED-2025-001848,578.74
9449,PED-2025-001849,341.82
9450,PED-2025-001850,707.17
9451,PED-2025-001851,1176.38
9452,PED-2025-001852,761.83
9453,PED-2025-001853,500.72
9454,PED-2025-001854,928.97
9455,PED-2025-001855,1390.10
9456,PED-2025-001856,909.79
9457,PED-2025-001857,582.92
9458,PED-2025-001858,1076.93
9459,PED-2025-001859,1603.82
9460,PED-2025-001860,1057.75
9461,PED-2025-001861,665.12
9462,PED-2025-001862,1224.89
9463,PED-2025-001863,1817.54
9464,PED-2025-001864,1205.71
9465,PED-2025-001865,747.32
9466,PED-2025-001866,1372.85
9467,PED-2025-001867,2031.26
9468,PED-2025-001868,1353.67
9469,PED-2025-001869,829.52
9470,PED-2025-001870,1520.81
9471,PED-2025-001871,2244.98
9472,PED-2025-001872,1348.19
9473,PED-2025-001873,451.40
9474,PED-2025-001874,901.57
9475,PED-2025-001875,1384.62
9476,PED-2025-001876,1496.15
9477,PED-2025-001877,226.72
9478,PED-2025-001878,435.77
9479,PED-2025-001879,677.70
9480,PED-2025-001880,416.59
9481,PED-2025-001881,276.94
9482,PED-2025-001882,448.21
9483,PED-2025-001883,819.11
9484,PED-2025-001884,475.71
9485,PED-2025-001885,345.89
9486,PED-2025-001886,635.67
9487,PED-2025-001887,850.62
9488,PED-2025-001888,671.97
9489,PED-2025-001889,386.75
9490,PED-2025-001890,767.85
9491,PED-2025-001891,1147.71
9492,PED-2025-001892,682.60
9493,PED-2025-001893,509.70
9494,PED-2025-001894,842.39
9495,PED-2025-001895,1329.59
9496,PED-2025-001896,901.00
9497,PED-2025-001897,489.67
9498,PED-2025-001898,1081.60
9499,PED-2025-001899,1433.67
9500,PED-2025-001900,904.63
9501,PED-2025-001901,719.92
9502,PED-2025-001902,1323.53
9503,PED-2025-001903,1960.02
9504,PED-2025-001904,1304.35
9505,PED-2025-001905,802.12
9506,PED-2025-001906,1471.49
9507,PED-2025-001907,2173.74
9508,PED-2025-001908,1452.31
9509,PED-2025-001909,424.00
9510,PED-2025-001910,852.25
9511,PED-2025-001911,1313.38
9512,PED-2025-001912,1446.83
9513,PED-2025-001913,506.20
9514,PED-2025-001914,1000.21
9515,PED-2025-001915,606.46
9516,PED-2025-001916,367.27
9517,PED-2025-001917,281.52
9518,PED-2025-001918,534.41
9519,PED-2025-001919,820.18
9520,PED-2025-001920,515.23
9521,PED-2025-001921,363.72
9522,PED-2025-001922,682.37
9523,PED-2025-001923,1033.90
9524,PED-2025-001924,663.19
9525,PED-2025-001925,445.92
9526,PED-2025-001926,830.33
9527,PED-2025-001927,1247.62
9528,PED-2025-001928,811.15
9529,PED-2025-001929,528.12
9530,PED-2025-001930,978.29
9531,PED-2025-001931,1332.05
9532,PED-2025-001932,760.98
9533,PED-2025-001933,560.13
9534,PED-2025-001934,923.48
9535,PED-2025-001935,1451.78
9536,PED-2025-001936,989.20
9537,PED-2025-001937,531.87
9538,PED-2025-001938,1172.54
9539,PED-2025-001939,1550.92
9540,PED-2025-001940,973.35
9541,PED-2025-001941,672.65
9542,PED-2025-001942,1095.68
9543,PED-2025-001943,1937.12
9544,PED-2025-001944,1183.76
9545,PED-2025-001945,751.13
9546,PED-2025-001946,714.83
9547,PED-2025-001947,981.33
9548,PED-2025-001948,1325.72
9549,PED-2025-001949,400.44
9550,PED-2025-001950,772.93
9551,PED-2025-001951,1455.86
9552,PED-2025-001952,317.95
9553,PED-2025-001953,254.12
9554,PED-2025-001954,485.09
9555,PED-2025-001955,748.94
9556,PED-2025-001956,465.91
9557,PED-2025-001957,336.32
9558,PED-2025-001958,633.05
9559,PED-2025-001959,962.66
9560,PED-2025-001960,613.87
9561,PED-2025-001961,418.52
9562,PED-2025-001962,781.01
9563,PED-2025-001963,1176.38
9564,PED-2025-001964,761.83
9565,PED-2025-001965,500.72
9566,PED-2025-001966,928.97
9567,PED-2025-001967,1390.10
9568,PED-2025-001968,909.79
9569,PED-2025-001969,582.92
9570,PED-2025-001970,1076.93
9571,PED-2025-001971,1603.82
9572,PED-2025-001972,1057.75
9573,PED-2025-001973,665.12
9574,PED-2025-001974,1224.89
9575,PED-2025-001975,1817.54
9576,PED-2025-001976,1205.71
9577,PED-2025-001977,747.32
9578,PED-2025-001978,1372.85
9579,PED-2025-001979,2031.26
9580,PED-2025-001980,1353.67
9581,PED-2025-001981,750.68
9582,PED-2025-001982,1171.86
9583,PED-2025-001983,2068.60
9584,PED-2025-001984,1144.33
9585,PED-2025-001985,361.49
9586,PED-2025-001986,800.91
9587,PED-2025-001987,1091.49
9588,PED-2025-001988,1418.86
9589,PED-2025-001989,184.53
9590,PED-2025-001990,385.64
9591,PED-2025-001991,587.99
9592,PED-2025-001992,329.93
9593,PED-2025-001993,282.81
9594,PED-2025-001994,477.41
9595,PED-2025-001995,779.70
9596,PED-2025-001996,503.96
9597,PED-2025-001997,299.78
9598,PED-2025-001998,672.25
9599,PED-2025-001999,905.87
9600,PED-2025-002000,559.39
9601,PED-2025-002001,473.32
9602,PED-2025-002002,879.65
9603,PED-2025-002003,1318.86
9604,PED-2025-002004,860.47
9605,PED-2025-002005,555.52
9606,PED-2025-002006,1027.61
9607,PED-2025-002007,1532.58
9608,PED-2025-002008,1008.43
9609,PED-2025-002009,637.72
9610,PED-2025-002010,1175.57
9611,PED-2025-002011,1746.30
9612,PED-2025-002012,1156.39
9613,PED-2025-002013,719.92
9614,PED-2025-002014,1323.53
9615,PED-2025-002015,1960.02
9616,PED-2025-002016,1304.35
9617,PED-2025-002017,802.12
9618,PED-2025-002018,1471.49
9619,PED-2025-002019,2173.74
9620,PED-2025-002020,1452.31
9621,PED-2025-002021,424.00
9622,PED-2025-002022,852.25
9623,PED-2025-002023,1313.38
9624,PED-2025-002024,1446.83
9625,PED-2025-002025,506.20
9626,PED-2025-002026,1000.21
9627,PED-2025-002027,606.46
9628,PED-2025-002028,367.27
9629,PED-2025-002029,281.52
9630,PED-2025-002030,534.41
9631,PED-2025-002031,742.69
9632,PED-2025-002032,408.31
9633,PED-2025-002033,333.26
9634,PED-2025-002034,558.50
9635,PED-2025-002035,901.89
9636,PED-2025-002036,592.16
9637,PED-2025-002037,341.98
9638,PED-2025-002038,763.19
9639,PED-2025-002039,1023.18
9640,PED-2025-002040,630.57
9641,PED-2025-002041,458.08
9642,PED-2025-002042,752.89
9643,PED-2025-002043,1345.23
9644,PED-2025-002044,808.94
9645,PED-2025-002045,536.60
9646,PED-2025-002046,979.77
9647,PED-2025-002047,1291.20
9648,PED-2025-002048,1044.54
9649,PED-2025-002049,566.50
9650,PED-2025-002050,1145.57
9651,PED-2025-002051,1888.78
9652,PED-2025-002052,1255.03
9653,PED-2025-002053,774.72
9654,PED-2025-002054,1422.17
9655,PED-2025-002055,2102.50
9656,PED-2025-002056,1402.99
9657,PED-2025-002057,856.92
9658,PED-2025-002058,802.93
9659,PED-2025-002059,1242.14
9660,PED-2025-002060,1397.51
9661,PED-2025-002061,478.80
9662,PED-2025-002062,950.89
9663,PED-2025-002063,1455.86
9664,PED-2025-002064,317.95
9665,PED-2025-002065,254.12
9666,PED-2025-002066,485.09
9667,PED-2025-002067,748.94
9668,PED-2025-002068,465.91
9669,PED-2025-002069,336.32
9670,PED-2025-002070,633.05
9671,PED-2025-002071,962.66
9672,PED-2025-002072,613.87
9673,PED-2025-002073,418.52
9674,PED-2025-002074,781.01
9675,PED-2025-002075,1176.38
9676,PED-2025-002076,761.83
9677,PED-2025-002077,500.72
9678,PED-2025-002078,928.97
9679,PED-2025-002079,1390.10
9680,PED-2025-002080,909.79
9681,PED-2025-002081,526.28
9682,PED-2025-002082,829.07
9683,PED-2025-002083,1476.71
9684,PED-2025-002084,892.19
9685,PED-2025-002085,584.27
9686,PED-2025-002086,1065.85
9687,PED-2025-002087,1401.36
9688,PED-2025-002088,1137.77
9689,PED-2025-002089,611.43
9690,PED-2025-002090,1192.55
9691,PED-2025-002091,1769.69
9692,PED-2025-002092,1074.42
9693,PED-2025-002093,761.78
9694,PED-2025-002094,1247.91
9695,PED-2025-002095,1940.61
9696,PED-2025-002096,1211.72
9697,PED-2025-002097,355.41
9698,PED-2025-002098,845.94
9699,PED-2025-002099,1160.78
9700,PED-2025-002100,1134.79
9701,PED-2025-002101,226.72
9702,PED-2025-002102,435.77
9703,PED-2025-002103,677.70
9704,PED-2025-002104,416.59
9705,PED-2025-002105,308.92
9706,PED-2025-002106,583.73
9707,PED-2025-002107,891.42
9708,PED-2025-002108,564.55
9709,PED-2025-002109,391.12
9710,PED-2025-002110,731.69
9711,PED-2025-002111,1105.14
9712,PED-2025-002112,712.51
9713,PED-2025-002113,473.32
9714,PED-2025-002114,879.65
9715,PED-2025-002115,1318.86
9716,PED-2025-002116,860.47
9717,PED-2025-002117,555.52
9718,PED-2025-002118,1027.61
9719,PED-2025-002119,1532.58
9720,PED-2025-002120,1008.43
9721,PED-2025-002121,637.72
9722,PED-2025-002122,1175.57
9723,PED-2025-002123,1746.30
9724,PED-2025-002124,1156.39
9725,PED-2025-002125,719.92
9726,PED-2025-002126,1323.53
9727,PED-2025-002127,1960.02
9728,PED-2025-002128,1304.35
9729,PED-2025-002129,802.12
9730,PED-2025-002130,1471.49
9731,PED-2025-002131,1986.91
9732,PED-2025-002132,1152.80
9733,PED-2025-002133,397.91
9734,PED-2025-002134,715.20
9735,PED-2025-002135,1042.48
9736,PED-2025-002136,1299.91
9737,PED-2025-002137,397.61
9738,PED-2025-002138,936.93
9739,PED-2025-002139,495.44
9740,PED-2025-002140,287.80
9741,PED-2025-002141,243.54
9742,PED-2025-002142,410.14
9743,PED-2025-002143,753.40
9744,PED-2025-002144,434.12
9745,PED-2025-002145,322.04
9746,PED-2025-002146,592.65
9747,PED-2025-002147,795.57
9748,PED-2025-002148,625.36
9749,PED-2025-002149,364.26
9750,PED-2025-002150,751.01
9751,PED-2025-002151,1247.62
9752,PED-2025-002152,811.15
9753,PED-2025-002153,528.12
9754,PED-2025-002154,978.29
9755,PED-2025-002155,1461.34
9756,PED-2025-002156,959.11
9757,PED-2025-002157,610.32
9758,PED-2025-002158,1126.25
9759,PED-2025-002159,1675.06
9760,PED-2025-002160,1107.07
9761,PED-2025-002161,692.52
9762,PED-2025-002162,1274.21
9763,PED-2025-002163,1888.78
9764,PED-2025-002164,1255.03
9765,PED-2025-002165,774.72
9766,PED-2025-002166,1422.17
9767,PED-2025-002167,2102.50
9768,PED-2025-002168,1402.99
9769,PED-2025-002169,856.92
9770,PED-2025-002170,802.93
9771,PED-2025-002171,1242.14
9772,PED-2025-002172,1397.51
9773,PED-2025-002173,478.80
9774,PED-2025-002174,950.89
9775,PED-2025-002175,1455.86
9776,PED-2025-002176,317.95
9777,PED-2025-002177,254.12
9778,PED-2025-002178,485.09
9779,PED-2025-002179,748.94
9780,PED-2025-002180,465.91
9781,PED-2025-002181,301.88
9782,PED-2025-002182,486.28
9783,PED-2025-002183,884.88
9784,PED-2025-002184,517.37
9785,PED-2025-002185,369.71
9786,PED-2025-002186,678.69
9787,PED-2025-002187,905.67
9788,PED-2025-002188,718.50
9789,PED-2025-002189,409.21
9790,PED-2025-002190,810.34
9791,PED-2025-002191,1209.97
9792,PED-2025-002192,721.75
9793,PED-2025-002193,534.89
9794,PED-2025-002194,882.93
9795,PED-2025-002195,1390.72
9796,PED-2025-002196,945.10
9797,PED-2025-002197,510.76
9798,PED-2025-002198,1127.09
9799,PED-2025-002199,1492.23
9800,PED-2025-002200,942.99
9801,PED-2025-002201,747.32
9802,PED-2025-002202,1372.85
9803,PED-2025-002203,2031.26
9804,PED-2025-002204,1353.67
9805,PED-2025-002205,829.52
9806,PED-2025-002206,1520.81
9807,PED-2025-002207,2244.98
9808,PED-2025-002208,1348.19
9809,PED-2025-002209,451.40
9810,PED-2025-002210,901.57
9811,PED-2025-002211,1384.62
9812,PED-2025-002212,1496.15
9813,PED-2025-002213,226.72
9814,PED-2025-002214,435.77
9815,PED-2025-002215,677.70
9816,PED-2025-002216,416.59
9817,PED-2025-002217,308.92
9818,PED-2025-002218,583.73
9819,PED-2025-002219,891.42
9820,PED-2025-002220,564.55
9821,PED-2025-002221,391.12
9822,PED-2025-002222,731.69
9823,PED-2025-002223,1105.14
9824,PED-2025-002224,712.51
9825,PED-2025-002225,473.32
9826,PED-2025-002226,879.65
9827,PED-2025-002227,1318.86
9828,PED-2025-002228,860.47
9829,PED-2025-002229,555.52
9830,PED-2025-002230,1027.61
9831,PED-2025-002231,1397.55
9832,PED-2025-002232,800.13
9833,PED-2025-002233,585.34
9834,PED-2025-002234,964.02
9835,PED-2025-002235,1512.91
9836,PED-2025-002236,1033.30
9837,PED-2025-002237,552.96
9838,PED-2025-002238,1218.03
9839,PED-2025-002239,1609.54
9840,PED-2025-002240,1011.43
9841,PED-2025-002241,696.46
9842,PED-2025-002242,1133.75
9843,PED-2025-002243,2002.83
9844,PED-2025-002244,1225.42
9845,PED-2025-002245,337.67
9846,PED-2025-002246,757.85
9847,PED-2025-002247,1036.38
9848,PED-2025-002248,1372.25
9849,PED-2025-002249,422.93
9850,PED-2025-002250,816.77
9851,PED-2025-002251,606.46
9852,PED-2025-002252,367.27
9853,PED-2025-002253,281.52
9854,PED-2025-002254,534.41
9855,PED-2025-002255,820.18
9856,PED-2025-002256,515.23
9857,PED-2025-002257,363.72
9858,PED-2025-002258,682.37
9859,PED-2025-002259,1033.90
9860,PED-2025-002260,663.19
9861,PED-2025-002261,445.92
9862,PED-2025-002262,830.33
9863,PED-2025-002263,1247.62
9864,PED-2025-002264,811.15
9865,PED-2025-002265,528.12
9866,PED-2025-002266,978.29
9867,PED-2025-002267,1461.34
9868,PED-2025-002268,959.11
9869,PED-2025-002269,610.32
9870,PED-2025-002270,1126.25
9871,PED-2025-002271,1675.06
9872,PED-2025-002272,1107.07
9873,PED-2025-002273,692.52
9874,PED-2025-002274,1274.21
9875,PED-2025-002275,1888.78
9876,PED-2025-002276,1255.03
9877,PED-2025-002277,774.72
9878,PED-2025-002278,1422.17
9879,PED-2025-002279,2102.50
9880,PED-2025-002280,1402.99
9881,PED-2025-002281,775.62
9882,PED-2025-002282,634.53
9883,PED-2025-002283,1167.68
9884,PED-2025-002284,1185.92
9885,PED-2025-002285,385.34
9886,PED-2025-002286,843.88
9887,PED-2025-002287,1146.54
9888,PED-2025-002288,299.31
9889,PED-2025-002289,207.02
9890,PED-2025-002290,428.08
9891,PED-2025-002291,650.19
9892,PED-2025-002292,369.16
9893,PED-2025-002293,308.05
9894,PED-2025-002294,517.96
9895,PED-2025-002295,840.76
9896,PED-2025-002296,548.06
9897,PED-2025-002297,320.89
9898,PED-2025-002298,717.70
9899,PED-2025-002299,964.56
9900,PED-2025-002300,597.75
9901,PED-2025-002301,500.72
9902,PED-2025-002302,928.97
9903,PED-2025-002303,1390.10
9904,PED-2025-002304,909.79
9905,PED-2025-002305,582.92
9906,PED-2025-002306,1076.93
9907,PED-2025-002307,1603.82
9908,PED-2025-002308,1057.75
9909,PED-2025-002309,665.12
9910,PED-2025-002310,1224.89
9911,PED-2025-002311,1817.54
9912,PED-2025-002312,1205.71
9913,PED-2025-002313,747.32
9914,PED-2025-002314,1372.85
9915,PED-2025-002315,2031.26
9916,PED-2025-002316,1353.67
9917,PED-2025-002317,829.52
9918,PED-2025-002318,1520.81
9919,PED-2025-002319,2244.98
9920,PED-2025-002320,1348.19
9921,PED-2025-002321,451.40
9922,PED-2025-002322,901.57
9923,PED-2025-002323,1384.62
9924,PED-2025-002324,1496.15
9925,PED-2025-002325,226.72
9926,PED-2025-002326,435.77
9927,PED-2025-002327,677.70
9928,PED-2025-002328,416.59
9929,PED-2025-002329,308.92
9930,PED-2025-002330,583.73
9931,PED-2025-002331,808.19
9932,PED-2025-002332,447.54
9933,PED-2025-002333,358.45
9934,PED-2025-002334,599.04
9935,PED-2025-002335,963.02
9936,PED-2025-002336,636.33
9937,PED-2025-002337,363.09
9938,PED-2025-002338,808.69
9939,PED-2025-002339,1081.80
9940,PED-2025-002340,668.66
9941,PED-2025-002341,481.92
9942,PED-2025-002342,791.00
9943,PED-2025-002343,1411.00
9944,PED-2025-002344,850.60
9945,PED-2025-002345,560.42
9946,PED-2025-002346,1022.83
9947,PED-2025-002347,1346.31
9948,PED-2025-002348,1091.16
9949,PED-2025-002349,588.94
9950,PED-2025-002350,1189.41
9951,PED-2025-002351,1960.02
9952,PED-2025-002352,1304.35
9953,PED-2025-002353,802.12
9954,PED-2025-002354,1471.49
9955,PED-2025-002355,2173.74
9956,PED-2025-002356,1452.31
9957,PED-2025-002357,424.00
9958,PED-2025-002358,852.25
9959,PED-2025-002359,1313.38
9960,PED-2025-002360,1446.83
9961,PED-2025-002361,506.20
9962,PED-2025-002362,1000.21
9963,PED-2025-002363,606.46
9964,PED-2025-002364,367.27
9965,PED-2025-002365,281.52
9966,PED-2025-002366,534.41
9967,PED-2025-002367,820.18
9968,PED-2025-002368,515.23
9969,PED-2025-002369,363.72
9970,PED-2025-002370,682.37
9971,PED-2025-002371,1033.90
9972,PED-2025-002372,663.19
9973,PED-2025-002373,445.92
9974,PED-2025-002374,830.33
9975,PED-2025-002375,1247.62
9976,PED-2025-002376,811.15
9977,PED-2025-002377,528.12
9978,PED-2025-002378,978.29
9979,PED-2025-002379,1461.34
9980,PED-2025-002380,959.11
9981,PED-2025-002381,551.22
9982,PED-2025-002382,867.14
9983,PED-2025-002383,1542.48
9984,PED-2025-002384,933.85
9985,PED-2025-002385,608.09
9986,PED-2025-002386,1108.87
9987,PED-2025-002387,1456.41
9988,PED-2025-002388,1184.30
9989,PED-2025-002389,633.89
9990,PED-2025-002390,1235.04
9991,PED-2025-002391,1831.95
9992,PED-2025-002392,1113.57
9993,PED-2025-002393,786.97
9994,PED-2025-002394,674.70
9995,PED-2025-002395,981.35
9996,PED-2025-002396,1255.82
9997,PED-2025-002397,376.50
9998,PED-2025-002398,891.43
9999,PED-2025-002399,1219.34
10000,PED-2025-002400,252.51
10001,PED-2025-002401,254.12
10002,PED-2025-002402,485.09
10003,PED-2025-002403,748.94
10004,PED-2025-002404,465.91
10005,PED-2025-002405,336.32
10006,PED-2025-002406,633.05
10007,PED-2025-002407,962.66
10008,PED-2025-002408,613.87
10009,PED-2025-002409,418.52
10010,PED-2025-002410,781.01
10011,PED-2025-002411,1176.38
10012,PED-2025-002412,761.83
10013,PED-2025-002413,500.72
10014,PED-2025-002414,928.97
10015,PED-2025-002415,1390.10
10016,PED-2025-002416,909.79
10017,PED-2025-002417,582.92
10018,PED-2025-002418,1076.93
10019,PED-2025-002419,1603.82
10020,PED-2025-002420,1057.75
10021,PED-2025-002421,665.12
10022,PED-2025-002422,1224.89
10023,PED-2025-002423,1817.54
10024,PED-2025-002424,1205.71
10025,PED-2025-002425,747.32
10026,PED-2025-002426,1372.85
10027,PED-2025-002427,2031.26
10028,PED-2025-002428,1353.67
10029,PED-2025-002429,829.52
10030,PED-2025-002430,1520.81
10031,PED-2025-002431,2052.41
10032,PED-2025-002432,1076.87
10033,PED-2025-002433,423.12
10034,PED-2025-002434,755.79
10035,PED-2025-002435,1103.54
10036,PED-2025-002436,1344.01
10037,PED-2025-002437,173.20
10038,PED-2025-002438,399.34
10039,PED-2025-002439,554.13
10040,PED-2025-002440,325.89
10041,PED-2025-002441,267.38
10042,PED-2025-002442,448.21
10043,PED-2025-002443,819.11
10044,PED-2025-002444,475.71
10045,PED-2025-002445,345.89
10046,PED-2025-002446,635.67
10047,PED-2025-002447,850.62
10048,PED-2025-002448,671.97
10049,PED-2025-002449,386.75
10050,PED-2025-002450,794.85
10051,PED-2025-002451,1318.86
10052,PED-2025-002452,860.47
10053,PED-2025-002453,555.52
10054,PED-2025-002454,1027.61
10055,PED-2025-002455,1532.58
10056,PED-2025-002456,1008.43
10057,PED-2025-002457,637.72
10058,PED-2025-002458,1175.57
10059,PED-2025-002459,1746.30
10060,PED-2025-002460,1156.39
10061,PED-2025-002461,719.92
10062,PED-2025-002462,1323.53
10063,PED-2025-002463,1960.02
10064,PED-2025-002464,1304.35
10065,PED-2025-002465,802.12
10066,PED-2025-002466,1471.49
10067,PED-2025-002467,2173.74
10068,PED-2025-002468,1452.31
10069,PED-2025-002469,424.00
10070,PED-2025-002470,852.25
10071,PED-2025-002471,1313.38
10072,PED-2025-002472,1446.83
10073,PED-2025-002473,506.20
10074,PED-2025-002474,1000.21
10075,PED-2025-002475,606.46
10076,PED-2025-002476,367.27
10077,PED-2025-002477,281.52
10078,PED-2025-002478,534.41
10079,PED-2025-002479,820.18
10080,PED-2025-002480,515.23
10081,PED-2025-002481,326.82
10082,PED-2025-002482,524.39
10083,PED-2025-002483,950.72
10084,PED-2025-002484,559.04
10085,PED-2025-002485,393.56
10086,PED-2025-002486,721.66
10087,PED-2025-002487,960.78
10088,PED-2025-002488,765.11
10089,PED-2025-002489,431.70
10090,PED-2025-002490,852.78
10091,PED-2025-002491,1272.17
10092,PED-2025-002492,760.98
10093,PED-2025-002493,560.13
10094,PED-2025-002494,923.48
10095,PED-2025-002495,1451.78
10096,PED-2025-002496,989.20
10097,PED-2025-002497,531.87
10098,PED-2025-002498,1172.54
10099,PED-2025-002499,1550.92
10100,PED-2025-002500,981.35
10101,PED-2025-002501,774.72
10102,PED-2025-002502,1422.17
10103,PED-2025-002503,2102.50
10104,PED-2025-002504,1402.99
10105,PED-2025-002505,856.92
10106,PED-2025-002506,802.93
10107,PED-2025-002507,1242.14
10108,PED-2025-002508,1397.51
10109,PED-2025-002509,478.80
10110,PED-2025-002510,950.89
10111,PED-2025-002511,1455.86
10112,PED-2025-002512,317.95
10113,PED-2025-002513,254.12
10114,PED-2025-002514,485.09
10115,PED-2025-002515,748.94
10116,PED-2025-002516,465.91
10117,PED-2025-002517,336.32
10118,PED-2025-002518,633.05
10119,PED-2025-002519,962.66
10120,PED-2025-002520,613.87
10121,PED-2025-002521,418.52
10122,PED-2025-002522,781.01
10123,PED-2025-002523,1176.38
10124,PED-2025-002524,761.83
10125,PED-2025-002525,500.72
10126,PED-2025-002526,928.97
10127,PED-2025-002527,1390.10
10128,PED-2025-002528,909.79
10129,PED-2025-002529,582.92
10130,PED-2025-002530,1076.93
10131,PED-2025-002531,1463.05
10132,PED-2025-002532,839.36
10133,PED-2025-002533,610.53
10134,PED-2025-002534,1004.56
10135,PED-2025-002535,1574.04
10136,PED-2025-002536,1077.47
10137,PED-2025-002537,574.07
10138,PED-2025-002538,1263.53
10139,PED-2025-002539,1668.16
10140,PED-2025-002540,1049.52
10141,PED-2025-002541,720.30
10142,PED-2025-002542,1171.86
10143,PED-2025-002543,2068.60
10144,PED-2025-002544,1144.33
10145,PED-2025-002545,361.49
10146,PED-2025-002546,800.91
10147,PED-2025-002547,1091.49
10148,PED-2025-002548,1418.86
10149,PED-2025-002549,184.53
10150,PED-2025-002550,400.29
10151,PED-2025-002551,677.70
10152,PED-2025-002552,416.59
10153,PED-2025-002553,308.92
10154,PED-2025-002554,583.73
10155,PED-2025-002555,891.42
10156,PED-2025-002556,564.55
10157,PED-2025-002557,391.12
10158,PED-2025-002558,731.69
10159,PED-2025-002559,1105.14
10160,PED-2025-002560,712.51
10161,PED-2025-002561,473.32
10162,PED-2025-002562,879.65
10163,PED-2025-002563,1318.86
10164,PED-2025-002564,860.47
10165,PED-2025-002565,555.52
10166,PED-2025-002566,1027.61
10167,PED-2025-002567,1532.58
10168,PED-2025-002568,1008.43
10169,PED-2025-002569,637.72
10170,PED-2025-002570,1175.57
10171,PED-2025-002571,1746.30
10172,PED-2025-002572,1156.39
10173,PED-2025-002573,719.92
10174,PED-2025-002574,1323.53
10175,PED-2025-002575,1960.02
10176,PED-2025-002576,1304.35
10177,PED-2025-002577,802.12
10178,PED-2025-002578,1471.49
10179,PED-2025-002579,2173.74
10180,PED-2025-002580,1452.31
10181,PED-2025-002581,409.27
10182,PED-2025-002582,672.60
10183,PED-2025-002583,1233.45
10184,PED-2025-002584,1227.58
10185,PED-2025-002585,409.19
10186,PED-2025-002586,886.90
10187,PED-2025-002587,465.09
10188,PED-2025-002588,345.84
10189,PED-2025-002589,229.48
10190,PED-2025-002590,470.57
10191,PED-2025-002591,712.39
10192,PED-2025-002592,408.31
10193,PED-2025-002593,333.26
10194,PED-2025-002594,558.50
10195,PED-2025-002595,901.89
10196,PED-2025-002596,592.16
10197,PED-2025-002597,341.98
10198,PED-2025-002598,763.19
10199,PED-2025-002599,1023.18
10200,PED-2025-002600,636.11
10201,PED-2025-002601,528.12
10202,PED-2025-002602,978.29
10203,PED-2025-002603,1461.34
10204,PED-2025-002604,959.11
10205,PED-2025-002605,610.32
10206,PED-2025-002606,1126.25
10207,PED-2025-002607,1675.06
10208,PED-2025-002608,1107.07
10209,PED-2025-002609,692.52
10210,PED-2025-002610,1274.21
10211,PED-2025-002611,1888.78
10212,PED-2025-002612,1255.03
10213,PED-2025-002613,774.72
10214,PED-2025-002614,1422.17
10215,PED-2025-002615,2102.50
10216,PED-2025-002616,1402.99
10217,PED-2025-002617,856.92
10218,PED-2025-002618,802.93
10219,PED-2025-002619,1242.14
10220,PED-2025-002620,1397.51
10221,PED-2025-002621,478.80
10222,PED-2025-002622,950.89
10223,PED-2025-002623,1455.86
10224,PED-2025-002624,317.95
10225,PED-2025-002625,254.12
10226,PED-2025-002626,485.09
10227,PED-2025-002627,748.94
10228,PED-2025-002628,465.91
10229,PED-2025-002629,336.32
10230,PED-2025-002630,633.05
10231,PED-2025-002631,873.62
10232,PED-2025-002632,486.69
10233,PED-2025-002633,383.66
10234,PED-2025-002634,639.63
10235,PED-2025-002635,1024.08
10236,PED-2025-002636,680.43
10237,PED-2025-002637,384.18
10238,PED-2025-002638,854.18
10239,PED-2025-002639,1140.49
10240,PED-2025-002640,706.75
10241,PED-2025-002641,505.76
10242,PED-2025-002642,829.07
10243,PED-2025-002643,1476.71
10244,PED-2025-002644,892.19
10245,PED-2025-002645,584.27
10246,PED-2025-002646,1065.85
10247,PED-2025-002647,1401.36
10248,PED-2025-002648,1137.77
10249,PED-2025-002649,611.43
10250,PED-2025-002650,1233.25
10251,PED-2025-002651,2031.26
10252,PED-2025-002652,1353.67
10253,PED-2025-002653,829.52
10254,PED-2025-002654,1520.81
10255,PED-2025-002655,2244.98
10256,PED-2025-002656,1348.19
10257,PED-2025-002657,451.40
10258,PED-2025-002658,901.57
10259,PED-2025-002659,1384.62
10260,PED-2025-002660,1496.15
10261,PED-2025-002661,226.72
10262,PED-2025-002662,435.77
10263,PED-2025-002663,677.70
10264,PED-2025-002664,416.59
10265,PED-2025-002665,308.92
10266,PED-2025-002666,583.73
10267,PED-2025-002667,891.42
10268,PED-2025-002668,564.55
10269,PED-2025-002669,391.12
10270,PED-2025-002670,731.69
10271,PED-2025-002671,1105.14
10272,PED-2025-002672,712.51
10273,PED-2025-002673,473.32
10274,PED-2025-002674,879.65
10275,PED-2025-002675,1318.86
10276,PED-2025-002676,860.47
10277,PED-2025-002677,555.52
10278,PED-2025-002678,1027.61
10279,PED-2025-002679,1532.58
10280,PED-2025-002680,1008.43
10281,PED-2025-002681,576.16
10282,PED-2025-002682,905.25
10283,PED-2025-002683,1608.32
10284,PED-2025-002684,975.52
10285,PED-2025-002685,631.94
10286,PED-2025-002686,1151.84
10287,PED-2025-002687,1511.52
10288,PED-2025-002688,1230.91
10289,PED-2025-002689,656.38
10290,PED-2025-002690,1277.48
10291,PED-2025-002691,1894.15
10292,PED-2025-002692,1152.80
10293,PED-2025-002693,397.91
10294,PED-2025-002694,715.20
10295,PED-2025-002695,1042.48
10296,PED-2025-002696,1299.91
10297,PED-2025-002697,397.61
10298,PED-2025-002698,936.93
10299,PED-2025-002699,495.44
10300,PED-2025-002700,290.87
10301,PED-2025-002701,281.52
10302,PED-2025-002702,534.41
10303,PED-2025-002703,820.18
10304,PED-2025-002704,515.23
10305,PED-2025-002705,363.72
10306,PED-2025-002706,682.37
10307,PED-2025-002707,1033.90
10308,PED-2025-002708,663.19
10309,PED-2025-002709,445.92
10310,PED-2025-002710,830.33
10311,PED-2025-002711,1247.62
10312,PED-2025-002712,811.15
10313,PED-2025-002713,528.12
10314,PED-2025-002714,978.29
10315,PED-2025-002715,1461.34
10316,PED-2025-002716,959.11
10317,PED-2025-002717,610.32
10318,PED-2025-002718,1126.25
10319,PED-2025-002719,1675.06
10320,PED-2025-002720,1107.07
10321,PED-2025-002721,692.52
10322,PED-2025-002722,1274.21
10323,PED-2025-002723,1888.78
10324,PED-2025-002724,1255.03
10325,PED-2025-002725,774.72
10326,PED-2025-002726,1422.17
10327,PED-2025-002727,2102.50
10328,PED-2025-002728,1402.99
10329,PED-2025-002729,856.92
10330,PED-2025-002730,802.93
10331,PED-2025-002731,1204.90
10332,PED-2025-002732,1116.10
10333,PED-2025-002733,448.31
10334,PED-2025-002734,796.33
10335,PED-2025-002735,1164.67
10336,PED-2025-002736,283.39
10337,PED-2025-002737,194.29
10338,PED-2025-002738,444.83
10339,PED-2025-002739,612.69
10340,PED-2025-002740,363.97
10341,PED-2025-002741,291.24
10342,PED-2025-002742,486.28
10343,PED-2025-002743,884.88
10344,PED-2025-002744,517.37
10345,PED-2025-002745,369.71
10346,PED-2025-002746,678.69
10347,PED-2025-002747,905.67
10348,PED-2025-002748,718.50
10349,PED-2025-002749,409.21
10350,PED-2025-002750,838.69
10351,PED-2025-002751,1390.10
10352,PED-2025-002752,909.79
10353,PED-2025-002753,582.92
10354,PED-2025-002754,1076.93
10355,PED-2025-002755,1603.82
10356,PED-2025-002756,1057.75
10357,PED-2025-002757,665.12
10358,PED-2025-002758,1224.89
10359,PED-2025-002759,1817.54
10360,PED-2025-002760,1205.71
10361,PED-2025-002761,747.32
10362,PED-2025-002762,1372.85
10363,PED-2025-002763,2031.26
10364,PED-2025-002764,1353.67
10365,PED-2025-002765,829.52
10366,PED-2025-002766,1520.81
10367,PED-2025-002767,2244.98
10368,PED-2025-002768,1348.19
10369,PED-2025-002769,451.40
10370,PED-2025-002770,901.57
10371,PED-2025-002771,1384.62
10372,PED-2025-002772,1496.15
10373,PED-2025-002773,226.72
10374,PED-2025-002774,435.77
10375,PED-2025-002775,677.70
10376,PED-2025-002776,416.59
10377,PED-2025-002777,308.92
10378,PED-2025-002778,583.73
10379,PED-2025-002779,891.42
10380,PED-2025-002780,564.55
10381,PED-2025-002781,351.73
10382,PED-2025-002782,562.46
10383,PED-2025-002783,1016.43
10384,PED-2025-002784,600.70
10385,PED-2025-002785,417.41
10386,PED-2025-002786,764.68
10387,PED-2025-002787,1015.83
10388,PED-2025-002788,811.64
10389,PED-2025-002789,454.16
10390,PED-2025-002790,895.27
10391,PED-2025-002791,1334.37
10392,PED-2025-002792,800.13
10393,PED-2025-002793,585.34
10394,PED-2025-002794,964.02
10395,PED-2025-002795,1512.91
10396,PED-2025-002796,1033.30
10397,PED-2025-002797,552.96
10398,PED-2025-002798,1218.03
10399,PED-2025-002799,1609.54
10400,PED-2025-002800,1019.71
10401,PED-2025-002801,802.12
10402,PED-2025-002802,1471.49
10403,PED-2025-002803,2173.74
10404,PED-2025-002804,1452.31
10405,PED-2025-002805,424.00
10406,PED-2025-002806,852.25
10407,PED-2025-002807,1313.38
10408,PED-2025-002808,1446.83
10409,PED-2025-002809,506.20
10410,PED-2025-002810,1000.21
10411,PED-2025-002811,606.46
10412,PED-2025-002812,367.27
10413,PED-2025-002813,281.52
10414,PED-2025-002814,534.41
10415,PED-2025-002815,820.18
10416,PED-2025-002816,515.23
10417,PED-2025-002817,363.72
10418,PED-2025-002818,682.37
10419,PED-2025-002819,1033.90
10420,PED-2025-002820,663.19
10421,PED-2025-002821,445.92
10422,PED-2025-002822,830.33
10423,PED-2025-002823,1247.62
10424,PED-2025-002824,811.15
10425,PED-2025-002825,528.12
10426,PED-2025-002826,978.29
10427,PED-2025-002827,1461.34
10428,PED-2025-002828,959.11
10429,PED-2025-002829,610.32
10430,PED-2025-002830,1126.25
10431,PED-2025-002831,1528.48
10432,PED-2025-002832,878.51
10433,PED-2025-002833,635.74
10434,PED-2025-002834,1045.15
10435,PED-2025-002835,1635.10
10436,PED-2025-002836,1121.57
10437,PED-2025-002837,595.16
10438,PED-2025-002838,1309.02
10439,PED-2025-002839,1726.85
10440,PED-2025-002840,1087.61
10441,PED-2025-002841,744.14
10442,PED-2025-002842,634.53
10443,PED-2025-002843,1167.68
10444,PED-2025-002844,1185.92
10445,PED-2025-002845,385.34
10446,PED-2025-002846,843.88
10447,PED-2025-002847,1146.54
10448,PED-2025-002848,299.31
10449,PED-2025-002849,207.02
10450,PED-2025-002850,444.13
10451,PED-2025-002851,748.94
10452,PED-2025-002852,465.91
10453,PED-2025-002853,336.32
10454,PED-2025-002854,633.05
10455,PED-2025-002855,962.66
10456,PED-2025-002856,613.87
10457,PED-2025-002857,418.52
10458,PED-2025-002858,781.01
10459,PED-2025-002859,1176.38
10460,PED-2025-002860,761.83
10461,PED-2025-002861,500.72
10462,PED-2025-002862,928.97
10463,PED-2025-002863,1390.10
10464,PED-2025-002864,909.79
10465,PED-2025-002865,582.92
10466,PED-2025-002866,1076.93
10467,PED-2025-002867,1603.82
10468,PED-2025-002868,1057.75
10469,PED-2025-002869,665.12
10470,PED-2025-002870,1224.89
10471,PED-2025-002871,1817.54
10472,PED-2025-002872,1205.71
10473,PED-2025-002873,747.32
10474,PED-2025-002874,1372.85
10475,PED-2025-002875,2031.26
10476,PED-2025-002876,1353.67
10477,PED-2025-002877,829.52
10478,PED-2025-002878,1520.81
10479,PED-2025-002879,2244.98
10480,PED-2025-002880,1348.19
10481,PED-2025-002881,434.21
10482,PED-2025-002882,710.71
10483,PED-2025-002883,1299.22
10484,PED-2025-002884,1269.24
10485,PED-2025-002885,202.85
10486,PED-2025-002886,377.56
10487,PED-2025-002887,520.20
10488,PED-2025-002888,392.46
10489,PED-2025-002889,251.92
10490,PED-2025-002890,513.01
10491,PED-2025-002891,774.59
10492,PED-2025-002892,447.54
10493,PED-2025-002893,358.45
10494,PED-2025-002894,599.04
10495,PED-2025-002895,963.02
10496,PED-2025-002896,636.33
10497,PED-2025-002897,363.09
10498,PED-2025-002898,808.69
10499,PED-2025-002899,1081.80
10500,PED-2025-002900,674.47
10501,PED-2025-002901,555.52
10502,PED-2025-002902,1027.61
10503,PED-2025-002903,1532.58
10504,PED-2025-002904,1008.43
10505,PED-2025-002905,637.72
10506,PED-2025-002906,1175.57
10507,PED-2025-002907,1746.30
10508,PED-2025-002908,1156.39
10509,PED-2025-002909,719.92
10510,PED-2025-002910,1323.53
10511,PED-2025-002911,1960.02
10512,PED-2025-002912,1304.35
10513,PED-2025-002913,802.12
10514,PED-2025-002914,1471.49
10515,PED-2025-002915,2173.74
10516,PED-2025-002916,1452.31
10517,PED-2025-002917,424.00
10518,PED-2025-002918,852.25
10519,PED-2025-002919,1313.38
10520,PED-2025-002920,1446.83
10521,PED-2025-002921,506.20
10522,PED-2025-002922,1000.21
10523,PED-2025-002923,606.46
10524,PED-2025-002924,367.27
10525,PED-2025-002925,281.52
10526,PED-2025-002926,534.41
10527,PED-2025-002927,820.18
10528,PED-2025-002928,515.23
10529,PED-2025-002929,363.72
10530,PED-2025-002930,682.37
10531,PED-2025-002931,939.12
10532,PED-2025-002932,525.84
10533,PED-2025-002933,408.85
10534,PED-2025-002934,680.17
10535,PED-2025-002935,1085.21
10536,PED-2025-002936,724.53
10537,PED-2025-002937,405.27
10538,PED-2025-002938,899.67
10539,PED-2025-002939,1199.05
10540,PED-2025-002940,744.83
10541,PED-2025-002941,529.62
10542,PED-2025-002942,867.14
10543,PED-2025-002943,1542.48
10544,PED-2025-002944,933.85
10545,PED-2025-002945,608.09
10546,PED-2025-002946,1108.87
10547,PED-2025-002947,1456.41
10548,PED-2025-002948,1184.30
10549,PED-2025-002949,633.89
10550,PED-2025-002950,1277.09
10551,PED-2025-002951,2102.50
10552,PED-2025-002952,1402.99
10553,PED-2025-002953,856.92
10554,PED-2025-002954,802.93
10555,PED-2025-002955,1242.14
10556,PED-2025-002956,1397.51
10557,PED-2025-002957,478.80
10558,PED-2025-002958,950.89
10559,PED-2025-002959,1455.86
10560,PED-2025-002960,317.95
10561,PED-2025-002961,254.12
10562,PED-2025-002962,485.09
10563,PED-2025-002963,748.94
10564,PED-2025-002964,465.91
10565,PED-2025-002965,336.32
10566,PED-2025-002966,633.05
10567,PED-2025-002967,962.66
10568,PED-2025-002968,613.87
10569,PED-2025-002969,418.52
10570,PED-2025-002970,781.01
10571,PED-2025-002971,1176.38
10572,PED-2025-002972,761.83
10573,PED-2025-002973,500.72
10574,PED-2025-002974,928.97
10575,PED-2025-002975,1390.10
10576,PED-2025-002976,909.79
10577,PED-2025-002977,582.92
10578,PED-2025-002978,1076.93
10579,PED-2025-002979,1603.82
10580,PED-2025-002980,1057.75
10581,PED-2025-002981,601.07
10582,PED-2025-002982,943.32
10583,PED-2025-002983,1674.03
10584,PED-2025-002984,1017.18
10585,PED-2025-002985,655.79
10586,PED-2025-002986,1194.86
10587,PED-2025-002987,1566.57
10588,PED-2025-002988,1277.44
10589,PED-2025-002989,678.84
10590,PED-2025-002990,1319.97
10591,PED-2025-002991,1956.35
10592,PED-2025-002992,1076.87
10593,PED-2025-002993,423.12
10594,PED-2025-002994,755.79
10595,PED-2025-002995,1103.54
10596,PED-2025-002996,1344.01
10597,PED-2025-002997,173.20
10598,PED-2025-002998,399.34
10599,PED-2025-002999,554.13
10600,PED-2025-003000,329.23
10601,PED-2025-003001,308.92
10602,PED-2025-003002,583.73
10603,PED-2025-003003,891.42
10604,PED-2025-003004,564.55
10605,PED-2025-003005,391.12
10606,PED-2025-003006,731.69
10607,PED-2025-003007,1105.14
10608,PED-2025-003008,712.51
10609,PED-2025-003009,473.32
10610,PED-2025-003010,879.65
10611,PED-2025-003011,1318.86
10612,PED-2025-003012,860.47
10613,PED-2025-003013,555.52
10614,PED-2025-003014,1027.61
10615,PED-2025-003015,1532.58
10616,PED-2025-003016,1008.43
10617,PED-2025-003017,637.72
10618,PED-2025-003018,1175.57
10619,PED-2025-003019,1746.30
10620,PED-2025-003020,1156.39
10621,PED-2025-003021,719.92
10622,PED-2025-003022,1323.53
10623,PED-2025-003023,1960.02
10624,PED-2025-003024,1304.35
10625,PED-2025-003025,802.12
10626,PED-2025-003026,1471.49
10627,PED-2025-003027,2173.74
10628,PED-2025-003028,1452.31
10629,PED-2025-003029,424.00
10630,PED-2025-003030,852.25
10631,PED-2025-003031,1270.40
10632,PED-2025-003032,1155.25
10633,PED-2025-003033,473.55
10634,PED-2025-003034,836.92
10635,PED-2025-003035,535.25
10636,PED-2025-003036,327.49
10637,PED-2025-003037,215.40
10638,PED-2025-003038,490.28
10639,PED-2025-003039,671.38
10640,PED-2025-003040,402.06
10641,PED-2025-003041,315.08
10642,PED-2025-003042,524.39
10643,PED-2025-003043,950.72
10644,PED-2025-003044,559.04
10645,PED-2025-003045,393.56
10646,PED-2025-003046,721.66
10647,PED-2025-003047,960.78
10648,PED-2025-003048,765.11
10649,PED-2025-003049,431.70
10650,PED-2025-003050,882.53
10651,PED-2025-003051,1461.34
10652,PED-2025-003052,959.11
10653,PED-2025-003053,610.32
10654,PED-2025-003054,1126.25
10655,PED-2025-003055,1675.06
10656,PED-2025-003056,1107.07
10657,PED-2025-003057,692.52
10658,PED-2025-003058,1274.21
10659,PED-2025-003059,1888.78
10660,PED-2025-003060,1255.03
10661,PED-2025-003061,774.72
10662,PED-2025-003062,1422.17
10663,PED-2025-003063,2102.50
10664,PED-2025-003064,1402.99
10665,PED-2025-003065,856.92
10666,PED-2025-003066,802.93
10667,PED-2025-003067,1242.14
10668,PED-2025-003068,1397.51
10669,PED-2025-003069,478.80
10670,PED-2025-003070,950.89
10671,PED-2025-003071,1455.86
10672,PED-2025-003072,317.95
10673,PED-2025-003073,254.12
10674,PED-2025-003074,485.09
10675,PED-2025-003075,748.94
10676,PED-2025-003076,465.91
10677,PED-2025-003077,336.32
10678,PED-2025-003078,633.05
10679,PED-2025-003079,962.66
10680,PED-2025-003080,613.87
10681,PED-2025-003081,376.67
10682,PED-2025-003082,600.57
10683,PED-2025-003083,1082.20
10684,PED-2025-003084,642.36
10685,PED-2025-003085,441.23
10686,PED-2025-003086,807.74
10687,PED-2025-003087,1070.94
10688,PED-2025-003088,858.26
10689,PED-2025-003089,476.60
10690,PED-2025-003090,937.71
10691,PED-2025-003091,1396.57
10692,PED-2025-003092,839.36
10693,PED-2025-003093,610.53
10694,PED-2025-003094,1004.56
10695,PED-2025-003095,1574.04
10696,PED-2025-003096,1077.47
10697,PED-2025-003097,574.07
10698,PED-2025-003098,1263.53
10699,PED-2025-003099,1668.16
10700,PED-2025-003100,1058.07
10701,PED-2025-003101,829.52
10702,PED-2025-003102,1520.81
10703,PED-2025-003103,2244.98
10704,PED-2025-003104,1348.19
10705,PED-2025-003105,451.40
10706,PED-2025-003106,901.57
10707,PED-2025-003107,1384.62
10708,PED-2025-003108,1496.15
10709,PED-2025-003109,226.72
10710,PED-2025-003110,435.77
10711,PED-2025-003111,677.70
10712,PED-2025-003112,416.59
10713,PED-2025-003113,308.92
10714,PED-2025-003114,583.73
10715,PED-2025-003115,891.42
10716,PED-2025-003116,564.55
10717,PED-2025-003117,391.12
10718,PED-2025-003118,731.69
10719,PED-2025-003119,1105.14
10720,PED-2025-003120,712.51
10721,PED-2025-003121,473.32
10722,PED-2025-003122,879.65
10723,PED-2025-003123,1318.86
10724,PED-2025-003124,860.47
10725,PED-2025-003125,555.52
10726,PED-2025-003126,1027.61
10727,PED-2025-003127,1532.58
10728,PED-2025-003128,1008.43
10729,PED-2025-003129,637.72
10730,PED-2025-003130,1175.57
10731,PED-2025-003131,1593.98
10732,PED-2025-003132,917.66
10733,PED-2025-003133,660.93
10734,PED-2025-003134,1085.69
10735,PED-2025-003135,1696.23
10736,PED-2025-003136,1165.67
10737,PED-2025-003137,616.25
10738,PED-2025-003138,1354.51
10739,PED-2025-003139,1785.41
10740,PED-2025-003140,1125.69
10741,PED-2025-003141,376.71
10742,PED-2025-003142,672.60
10743,PED-2025-003143,1233.45
10744,PED-2025-003144,1227.58
10745,PED-2025-003145,409.19
10746,PED-2025-003146,886.90
10747,PED-2025-003147,465.09
10748,PED-2025-003148,345.84
10749,PED-2025-003149,229.48
10750,PED-2025-003150,487.97
10751,PED-2025-003151,820.18
10752,PED-2025-003152,515.23
10753,PED-2025-003153,363.72
10754,PED-2025-003154,682.37
10755,PED-2025-003155,1033.90
10756,PED-2025-003156,663.19
10757,PED-2025-003157,445.92
10758,PED-2025-003158,830.33
10759,PED-2025-003159,1247.62
10760,PED-2025-003160,811.15
10761,PED-2025-003161,528.12
10762,PED-2025-003162,978.29
10763,PED-2025-003163,1461.34
10764,PED-2025-003164,959.11
10765,PED-2025-003165,610.32
10766,PED-2025-003166,1126.25
10767,PED-2025-003167,1675.06
10768,PED-2025-003168,1107.07
10769,PED-2025-003169,692.52
10770,PED-2025-003170,1274.21
10771,PED-2025-003171,1888.78
10772,PED-2025-003172,1255.03
10773,PED-2025-003173,774.72
10774,PED-2025-003174,1422.17
10775,PED-2025-003175,2102.50
10776,PED-2025-003176,1402.99
10777,PED-2025-003177,856.92
10778,PED-2025-003178,802.93
10779,PED-2025-003179,1242.14
10780,PED-2025-003180,1397.51
10781,PED-2025-003181,459.15
10782,PED-2025-003182,748.78
10783,PED-2025-003183,1364.93
10784,PED-2025-003184,267.47
10785,PED-2025-003185,226.70
10786,PED-2025-003186,420.58
10787,PED-2025-003187,575.25
10788,PED-2025-003188,439.07
10789,PED-2025-003189,274.41
10790,PED-2025-003190,555.50
10791,PED-2025-003191,836.72
10792,PED-2025-003192,486.69
10793,PED-2025-003193,383.66
10794,PED-2025-003194,639.63
10795,PED-2025-003195,1024.08
10796,PED-2025-003196,680.43
10797,PED-2025-003197,384.18
10798,PED-2025-003198,854.18
10799,PED-2025-003199,1140.49
10800,PED-2025-003200,712.83
10801,PED-2025-003201,582.92
10802,PED-2025-003202,1076.93
10803,PED-2025-003203,1603.82
10804,PED-2025-003204,1057.75
10805,PED-2025-003205,665.12
10806,PED-2025-003206,1224.89
10807,PED-2025-003207,1817.54
10808,PED-2025-003208,1205.71
10809,PED-2025-003209,747.32
10810,PED-2025-003210,1372.85
10811,PED-2025-003211,2031.26
10812,PED-2025-003212,1353.67
10813,PED-2025-003213,829.52
10814,PED-2025-003214,1520.81
10815,PED-2025-003215,2244.98
10816,PED-2025-003216,1348.19
10817,PED-2025-003217,451.40
10818,PED-2025-003218,901.57
10819,PED-2025-003219,1384.62
10820,PED-2025-003220,1496.15
10821,PED-2025-003221,226.72
10822,PED-2025-003222,435.77
10823,PED-2025-003223,677.70
10824,PED-2025-003224,416.59
10825,PED-2025-003225,308.92
10826,PED-2025-003226,583.73
10827,PED-2025-003227,891.42
10828,PED-2025-003228,564.55
10829,PED-2025-003229,391.12
10830,PED-2025-003230,731.69
10831,PED-2025-003231,1004.62
10832,PED-2025-003232,565.07
10833,PED-2025-003233,434.09
10834,PED-2025-003234,720.72
10835,PED-2025-003235,1146.27
10836,PED-2025-003236,768.63
10837,PED-2025-003237,426.38
10838,PED-2025-003238,945.12
10839,PED-2025-003239,1257.74
10840,PED-2025-003240,782.92
10841,PED-2025-003241,553.46
10842,PED-2025-003242,905.25
10843,PED-2025-003243,1608.32
10844,PED-2025-003244,975.52
10845,PED-2025-003245,631.94
10846,PED-2025-003246,1151.84
10847,PED-2025-003247,1511.52
10848,PED-2025-003248,1230.91
10849,PED-2025-003249,656.38
10850,PED-2025-003250,1320.93
10851,PED-2025-003251,2173.74
10852,PED-2025-003252,1452.31
10853,PED-2025-003253,424.00
10854,PED-2025-003254,852.25
10855,PED-2025-003255,1313.38
10856,PED-2025-003256,1446.83
10857,PED-2025-003257,506.20
10858,PED-2025-003258,1000.21
10859,PED-2025-003259,606.46
10860,PED-2025-003260,367.27
10861,PED-2025-003261,281.52
10862,PED-2025-003262,534.41
10863,PED-2025-003263,820.18
10864,PED-2025-003264,515.23
10865,PED-2025-003265,363.72
10866,PED-2025-003266,682.37
10867,PED-2025-003267,1033.90
10868,PED-2025-003268,663.19
10869,PED-2025-003269,445.92
10870,PED-2025-003270,830.33
10871,PED-2025-003271,1247.62
10872,PED-2025-003272,811.15
10873,PED-2025-003273,528.12
10874,PED-2025-003274,978.29
10875,PED-2025-003275,1461.34
10876,PED-2025-003276,959.11
10877,PED-2025-003277,610.32
10878,PED-2025-003278,1126.25
10879,PED-2025-003279,1675.06
10880,PED-2025-003280,1107.07
10881,PED-2025-003281,626.01
10882,PED-2025-003282,981.43
10883,PED-2025-003283,1739.80
10884,PED-2025-003284,1058.84
10885,PED-2025-003285,679.61
10886,PED-2025-003286,1237.92
10887,PED-2025-003287,1621.68
10888,PED-2025-003288,1324.06
10889,PED-2025-003289,701.28
10890,PED-2025-003290,633.61
10891,PED-2025-003291,1105.54
10892,PED-2025-003292,1116.10
10893,PED-2025-003293,448.31
10894,PED-2025-003294,796.33
10895,PED-2025-003295,1164.67
10896,PED-2025-003296,283.39
10897,PED-2025-003297,194.29
10898,PED-2025-003298,444.83
10899,PED-2025-003299,612.69
10900,PED-2025-003300,367.59
10901,PED-2025-003301,336.32
10902,PED-2025-003302,633.05
10903,PED-2025-003303,962.66
10904,PED-2025-003304,613.87
10905,PED-2025-003305,418.52
10906,PED-2025-003306,781.01
10907,PED-2025-003307,1176.38
10908,PED-2025-003308,761.83
10909,PED-2025-003309,500.72
10910,PED-2025-003310,928.97
10911,PED-2025-003311,1390.10
10912,PED-2025-003312,909.79
10913,PED-2025-003313,582.92
10914,PED-2025-003314,1076.93
10915,PED-2025-003315,1603.82
10916,PED-2025-003316,1057.75
10917,PED-2025-003317,665.12
10918,PED-2025-003318,1224.89
10919,PED-2025-003319,1817.54
10920,PED-2025-003320,1205.71
10921,PED-2025-003321,747.32
10922,PED-2025-003322,1372.85
10923,PED-2025-003323,2031.26
10924,PED-2025-003324,1353.67
10925,PED-2025-003325,829.52
10926,PED-2025-003326,1520.81
10927,PED-2025-003327,2244.98
10928,PED-2025-003328,1348.19
10929,PED-2025-003329,451.40
10930,PED-2025-003330,901.57
10931,PED-2025-003331,1335.90
10932,PED-2025-003332,1194.40
10933,PED-2025-003333,207.22
10934,PED-2025-003334,355.74
10935,PED-2025-003335,596.38
10936,PED-2025-003336,371.59
10937,PED-2025-003337,236.49
10938,PED-2025-003338,535.77
10939,PED-2025-003339,730.00
10940,PED-2025-003340,440.14
10941,PED-2025-003341,338.89
10942,PED-2025-003342,562.46
10943,PED-2025-003343,1016.43
10944,PED-2025-003344,600.70
10945,PED-2025-003345,417.41
10946,PED-2025-003346,764.68
10947,PED-2025-003347,1015.83
10948,PED-2025-003348,811.64
10949,PED-2025-003349,454.16
10950,PED-2025-003350,926.37
10951,PED-2025-003351,1532.58
10952,PED-2025-003352,1008.43
10953,PED-2025-003353,637.72
10954,PED-2025-003354,1175.57
10955,PED-2025-003355,1746.30
10956,PED-2025-003356,1156.39
10957,PED-2025-003357,719.92
10958,PED-2025-003358,1323.53
10959,PED-2025-003359,1960.02
10960,PED-2025-003360,1304.35
10961,PED-2025-003361,802.12
10962,PED-2025-003362,1471.49
10963,PED-2025-003363,2173.74
10964,PED-2025-003364,1452.31
10965,PED-2025-003365,424.00
10966,PED-2025-003366,852.25
10967,PED-2025-003367,1313.38
10968,PED-2025-003368,1446.83
10969,PED-2025-003369,506.20
10970,PED-2025-003370,1000.21
10971,PED-2025-003371,606.46
10972,PED-2025-003372,367.27
10973,PED-2025-003373,281.52
10974,PED-2025-003374,534.41
10975,PED-2025-003375,820.18
10976,PED-2025-003376,515.23
10977,PED-2025-003377,363.72
10978,PED-2025-003378,682.37
10979,PED-2025-003379,1033.90
10980,PED-2025-003380,663.19
10981,PED-2025-003381,401.61
10982,PED-2025-003382,638.64
10983,PED-2025-003383,1147.91
10984,PED-2025-003384,683.95
10985,PED-2025-003385,465.08
10986,PED-2025-003386,850.76
10987,PED-2025-003387,1125.99
10988,PED-2025-003388,904.87
10989,PED-2025-003389,499.09
10990,PED-2025-003390,980.20
10991,PED-2025-003391,1458.70
10992,PED-2025-003392,878.51
10993,PED-2025-003393,635.74
10994,PED-2025-003394,1045.15
10995,PED-2025-003395,1635.10
10996,PED-2025-003396,1121.57
10997,PED-2025-003397,595.16
10998,PED-2025-003398,1309.02
10999,PED-2025-003399,1726.85
11000,PED-2025-003400,1096.43
11001,PED-2025-003401,856.92
11002,PED-2025-003402,802.93
11003,PED-2025-003403,1242.14
11004,PED-2025-003404,1397.51
11005,PED-2025-003405,478.80
11006,PED-2025-003406,950.89
11007,PED-2025-003407,1455.86
11008,PED-2025-003408,317.95
11009,PED-2025-003409,254.12
11010,PED-2025-003410,485.09
11011,PED-2025-003411,748.94
11012,PED-2025-003412,465.91
11013,PED-2025-003413,336.32
11014,PED-2025-003414,633.05
11015,PED-2025-003415,962.66
11016,PED-2025-003416,613.87
11017,PED-2025-003417,418.52
11018,PED-2025-003418,781.01
11019,PED-2025-003419,1176.38
11020,PED-2025-003420,761.83
11021,PED-2025-003421,500.72
11022,PED-2025-003422,928.97
11023,PED-2025-003423,1390.10
11024,PED-2025-003424,909.79
11025,PED-2025-003425,582.92
11026,PED-2025-003426,1076.93
11027,PED-2025-003427,1603.82
11028,PED-2025-003428,1057.75
11029,PED-2025-003429,665.12
11030,PED-2025-003430,1224.89
11031,PED-2025-003431,1659.48
11032,PED-2025-003432,956.89
11033,PED-2025-003433,686.17
11034,PED-2025-003434,1126.24
11035,PED-2025-003435,1757.29
11036,PED-2025-003436,1209.77
11037,PED-2025-003437,637.36
11038,PED-2025-003438,1399.96
11039,PED-2025-003439,1844.10
11040,PED-2025-003440,1018.01
11041,PED-2025-003441,400.55
11042,PED-2025-003442,710.71
11043,PED-2025-003443,1299.22
11044,PED-2025-003444,1269.24
11045,PED-2025-003445,202.85
11046,PED-2025-003446,377.56
11047,PED-2025-003447,520.20
11048,PED-2025-003448,392.46
11049,PED-2025-003449,251.92
11050,PED-2025-003450,531.81
11051,PED-2025-003451,891.42
11052,PED-2025-003452,564.55
11053,PED-2025-003453,391.12
11054,PED-2025-003454,731.69
11055,PED-2025-003455,1105.14
11056,PED-2025-003456,712.51
11057,PED-2025-003457,473.32
11058,PED-2025-003458,879.65
11059,PED-2025-003459,1318.86
11060,PED-2025-003460,860.47
11061,PED-2025-003461,555.52
11062,PED-2025-003462,1027.61
11063,PED-2025-003463,1532.58
11064,PED-2025-003464,1008.43
11065,PED-2025-003465,637.72
11066,PED-2025-003466,1175.57
11067,PED-2025-003467,1746.30
11068,PED-2025-003468,1156.39
11069,PED-2025-003469,719.92
11070,PED-2025-003470,1323.53
11071,PED-2025-003471,1960.02
11072,PED-2025-003472,1304.35
11073,PED-2025-003473,802.12
11074,PED-2025-003474,1471.49
11075,PED-2025-003475,2173.74
11076,PED-2025-003476,1452.31
11077,PED-2025-003477,424.00
11078,PED-2025-003478,852.25
11079,PED-2025-003479,1313.38
11080,PED-2025-003480,1446.83
11081,PED-2025-003481,484.09
11082,PED-2025-003482,786.89
11083,PED-2025-003483,556.08
11084,PED-2025-003484,309.13
11085,PED-2025-003485,250.52
11086,PED-2025-003486,463.60
11087,PED-2025-003487,630.30
11088,PED-2025-003488,485.60
11089,PED-2025-003489,296.87
11090,PED-2025-003490,597.99
11091,PED-2025-003491,898.98
11092,PED-2025-003492,525.84
11093,PED-2025-003493,408.85
11094,PED-2025-003494,680.17
11095,PED-2025-003495,1085.21
11096,PED-2025-003496,724.53
11097,PED-2025-003497,405.27
11098,PED-2025-003498,899.67
11099,PED-2025-003499,1199.05
11100,PED-2025-003500,751.19
11101,PED-2025-003501,610.32
11102,PED-2025-003502,1126.25
11103,PED-2025-003503,1675.06
11104,PED-2025-003504,1107.07
11105,PED-2025-003505,692.52
11106,PED-2025-003506,1274.21
11107,PED-2025-003507,1888.78
11108,PED-2025-003508,1255.03
11109,PED-2025-003509,774.72
11110,PED-2025-003510,1422.17
11111,PED-2025-003511,2102.50
11112,PED-2025-003512,1402.99
11113,PED-2025-003513,856.92
11114,PED-2025-003514,802.93
11115,PED-2025-003515,1242.14
11116,PED-2025-003516,1397.51
11117,PED-2025-003517,478.80
11118,PED-2025-003518,950.89
11119,PED-2025-003519,1455.86
11120,PED-2025-003520,317.95
11121,PED-2025-003521,254.12
11122,PED-2025-003522,485.09
11123,PED-2025-003523,748.94
11124,PED-2025-003524,465.91
11125,PED-2025-003525,336.32
11126,PED-2025-003526,633.05
11127,PED-2025-003527,962.66
11128,PED-2025-003528,613.87
11129,PED-2025-003529,418.52
11130,PED-2025-003530,781.01
11131,PED-2025-003531,1070.12
11132,PED-2025-003532,604.22
11133,PED-2025-003533,459.30
11134,PED-2025-003534,761.26
11135,PED-2025-003535,1207.40
11136,PED-2025-003536,812.73
11137,PED-2025-003537,447.47
11138,PED-2025-003538,990.61
11139,PED-2025-003539,1316.36
11140,PED-2025-003540,821.00
11141,PED-2025-003541,577.27
11142,PED-2025-003542,943.32
11143,PED-2025-003543,1674.03
11144,PED-2025-003544,1017.18
11145,PED-2025-003545,655.79
11146,PED-2025-003546,1194.86
11147,PED-2025-003547,1566.57
11148,PED-2025-003548,1277.44
11149,PED-2025-003549,678.84
11150,PED-2025-003550,1364.77
11151,PED-2025-003551,2244.98
11152,PED-2025-003552,1348.19
11153,PED-2025-003553,451.40
11154,PED-2025-003554,901.57
11155,PED-2025-003555,1384.62
11156,PED-2025-003556,1496.15
11157,PED-2025-003557,226.72
11158,PED-2025-003558,435.77
11159,PED-2025-003559,677.70
11160,PED-2025-003560,416.59
11161,PED-2025-003561,308.92
11162,PED-2025-003562,583.73
11163,PED-2025-003563,891.42
11164,PED-2025-003564,564.55
11165,PED-2025-003565,391.12
11166,PED-2025-003566,731.69
11167,PED-2025-003567,1105.14
11168,PED-2025-003568,712.51
11169,PED-2025-003569,473.32
11170,PED-2025-003570,879.65
11171,PED-2025-003571,1318.86
11172,PED-2025-003572,860.47
11173,PED-2025-003573,555.52
11174,PED-2025-003574,1027.61
11175,PED-2025-003575,1532.58
11176,PED-2025-003576,1008.43
11177,PED-2025-003577,637.72
11178,PED-2025-003578,1175.57
11179,PED-2025-003579,1746.30
11180,PED-2025-003580,1156.39
11181,PED-2025-003581,650.95
11182,PED-2025-003582,1019.50
11183,PED-2025-003583,1805.51
11184,PED-2025-003584,1100.43
11185,PED-2025-003585,703.46
11186,PED-2025-003586,1280.94
11187,PED-2025-003587,1676.73
11188,PED-2025-003588,1370.67
11189,PED-2025-003589,355.52
11190,PED-2025-003590,676.05
11191,PED-2025-003591,1167.74
11192,PED-2025-003592,1155.25
11193,PED-2025-003593,473.55
11194,PED-2025-003594,836.92
11195,PED-2025-003595,535.25
11196,PED-2025-003596,327.49
11197,PED-2025-003597,215.40
11198,PED-2025-003598,490.28
11199,PED-2025-003599,671.38
11200,PED-2025-003600,405.95
11201,PED-2025-003601,363.72
11202,PED-2025-003602,682.37
11203,PED-2025-003603,1033.90
11204,PED-2025-003604,663.19
11205,PED-2025-003605,445.92
11206,PED-2025-003606,830.33
11207,PED-2025-003607,1247.62
11208,PED-2025-003608,811.15
11209,PED-2025-003609,528.12
11210,PED-2025-003610,978.29
11211,PED-2025-003611,1461.34
11212,PED-2025-003612,959.11
11213,PED-2025-003613,610.32
11214,PED-2025-003614,1126.25
11215,PED-2025-003615,1675.06
11216,PED-2025-003616,1107.07
11217,PED-2025-003617,692.52
11218,PED-2025-003618,1274.21
11219,PED-2025-003619,1888.78
11220,PED-2025-003620,1255.03
11221,PED-2025-003621,774.72
11222,PED-2025-003622,1422.17
11223,PED-2025-003623,2102.50
11224,PED-2025-003624,1402.99
11225,PED-2025-003625,856.92
11226,PED-2025-003626,802.93
11227,PED-2025-003627,1242.14
11228,PED-2025-003628,1397.51
11229,PED-2025-003629,478.80
11230,PED-2025-003630,950.89
11231,PED-2025-003631,1401.40
11232,PED-2025-003632,251.63
11233,PED-2025-003633,232.41
11234,PED-2025-003634,396.28
11235,PED-2025-003635,657.51
11236,PED-2025-003636,415.76
11237,PED-2025-003637,257.60
11238,PED-2025-003638,581.27
11239,PED-2025-003639,788.62
11240,PED-2025-003640,478.23
11241,PED-2025-003641,362.73
11242,PED-2025-003642,600.57
11243,PED-2025-003643,1082.20
11244,PED-2025-003644,642.36
11245,PED-2025-003645,441.23
11246,PED-2025-003646,807.74
11247,PED-2025-003647,1070.94
11248,PED-2025-003648,858.26
11249,PED-2025-003649,476.60
11250,PED-2025-003650,970.21
11251,PED-2025-003651,1603.82
11252,PED-2025-003652,1057.75
11253,PED-2025-003653,665.12
11254,PED-2025-003654,1224.89
11255,PED-2025-003655,1817.54
11256,PED-2025-003656,1205.71
11257,PED-2025-003657,747.32
11258,PED-2025-003658,1372.85
11259,PED-2025-003659,2031.26
11260,PED-2025-003660,1353.67
11261,PED-2025-003661,829.52
11262,PED-2025-003662,1520.81
11263,PED-2025-003663,2244.98
11264,PED-2025-003664,1348.19
11265,PED-2025-003665,451.40
11266,PED-2025-003666,901.57
11267,PED-2025-003667,1384.62
11268,PED-2025-003668,1496.15
11269,PED-2025-003669,226.72
11270,PED-2025-003670,435.77
11271,PED-2025-003671,677.70
11272,PED-2025-003672,416.59
11273,PED-2025-003673,308.92
11274,PED-2025-003674,583.73
11275,PED-2025-003675,891.42
11276,PED-2025-003676,564.55
11277,PED-2025-003677,391.12
11278,PED-2025-003678,731.69
11279,PED-2025-003679,1105.14
11280,PED-2025-003680,712.51
11281,PED-2025-003681,426.55
11282,PED-2025-003682,676.71
11283,PED-2025-003683,1213.68
11284,PED-2025-003684,725.61
11285,PED-2025-003685,488.90
11286,PED-2025-003686,893.78
11287,PED-2025-003687,1181.04
11288,PED-2025-003688,951.40
11289,PED-2025-003689,521.55
11290,PED-2025-003690,1022.69
11291,PED-2025-003691,1520.96
11292,PED-2025-003692,917.66
11293,PED-2025-003693,660.93
11294,PED-2025-003694,1085.69
11295,PED-2025-003695,1696.23
11296,PED-2025-003696,1165.67
11297,PED-2025-003697,616.25
11298,PED-2025-003698,1354.51
11299,PED-2025-003699,1785.41
11300,PED-2025-003700,1134.79
11301,PED-2025-003701,424.00
11302,PED-2025-003702,852.25
11303,PED-2025-003703,1313.38
11304,PED-2025-003704,1446.83
11305,PED-2025-003705,506.20
11306,PED-2025-003706,1000.21
11307,PED-2025-003707,606.46
11308,PED-2025-003708,367.27
11309,PED-2025-003709,281.52
11310,PED-2025-003710,534.41
11311,PED-2025-003711,820.18
11312,PED-2025-003712,515.23
11313,PED-2025-003713,363.72
11314,PED-2025-003714,682.37
11315,PED-2025-003715,1033.90
11316,PED-2025-003716,663.19
11317,PED-2025-003717,445.92
11318,PED-2025-003718,830.33
11319,PED-2025-003719,1247.62
11320,PED-2025-003720,811.15
11321,PED-2025-003721,528.12
11322,PED-2025-003722,978.29
11323,PED-2025-003723,1461.34
11324,PED-2025-003724,959.11
11325,PED-2025-003725,610.32
11326,PED-2025-003726,1126.25
11327,PED-2025-003727,1675.06
11328,PED-2025-003728,1107.07
11329,PED-2025-003729,692.52
11330,PED-2025-003730,1274.21
11331,PED-2025-003731,1724.98
11332,PED-2025-003732,996.04
11333,PED-2025-003733,711.38
11334,PED-2025-003734,1166.78
11335,PED-2025-003735,1818.42
11336,PED-2025-003736,1253.87
11337,PED-2025-003737,658.45
11338,PED-2025-003738,755.00
11339,PED-2025-003739,1043.47
11340,PED-2025-003740,1056.10
11341,PED-2025-003741,424.39
11342,PED-2025-003742,748.78
11343,PED-2025-003743,1364.93
11344,PED-2025-003744,267.47
11345,PED-2025-003745,226.70
11346,PED-2025-003746,420.58
11347,PED-2025-003747,575.25
11348,PED-2025-003748,439.07
11349,PED-2025-003749,274.41
11350,PED-2025-003750,575.65
11351,PED-2025-003751,962.66
11352,PED-2025-003752,613.87
11353,PED-2025-003753,418.52
11354,PED-2025-003754,781.01
11355,PED-2025-003755,1176.38
11356,PED-2025-003756,761.83
11357,PED-2025-003757,500.72
11358,PED-2025-003758,928.97
11359,PED-2025-003759,1390.10
11360,PED-2025-003760,909.79
11361,PED-2025-003761,582.92
11362,PED-2025-003762,1076.93
11363,PED-2025-003763,1603.82
11364,PED-2025-003764,1057.75
11365,PED-2025-003765,665.12
11366,PED-2025-003766,1224.89
11367,PED-2025-003767,1817.54
11368,PED-2025-003768,1205.71
11369,PED-2025-003769,747.32
11370,PED-2025-003770,1372.85
11371,PED-2025-003771,2031.26
11372,PED-2025-003772,1353.67
11373,PED-2025-003773,829.52
11374,PED-2025-003774,1520.81
11375,PED-2025-003775,2244.98
11376,PED-2025-003776,1348.19
11377,PED-2025-003777,451.40
11378,PED-2025-003778,901.57
11379,PED-2025-003779,1384.62
11380,PED-2025-003780,1496.15
11381,PED-2025-003781,202.15
11382,PED-2025-003782,333.96
11383,PED-2025-003783,621.92
11384,PED-2025-003784,350.80
11385,PED-2025-003785,274.37
11386,PED-2025-003786,506.57
11387,PED-2025-003787,685.41
11388,PED-2025-003788,532.21
11389,PED-2025-003789,319.36
11390,PED-2025-003790,640.43
11391,PED-2025-003791,961.18
11392,PED-2025-003792,565.07
11393,PED-2025-003793,434.09
11394,PED-2025-003794,720.72
11395,PED-2025-003795,1146.27
11396,PED-2025-003796,768.63
11397,PED-2025-003797,426.38
11398,PED-2025-003798,945.12
11399,PED-2025-003799,1257.74
11400,PED-2025-003800,789.55
11401,PED-2025-003801,637.72
11402,PED-2025-003802,1175.57
11403,PED-2025-003803,1746.30
11404,PED-2025-003804,1156.39
11405,PED-2025-003805,719.92
11406,PED-2025-003806,1323.53
11407,PED-2025-003807,1960.02
11408,PED-2025-003808,1304.35
11409,PED-2025-003809,802.12
11410,PED-2025-003810,1471.49
11411,PED-2025-003811,2173.74
11412,PED-2025-003812,1452.31
11413,PED-2025-003813,424.00
11414,PED-2025-003814,852.25
11415,PED-2025-003815,1313.38
11416,PED-2025-003816,1446.83
11417,PED-2025-003817,506.20
11418,PED-2025-003818,1000.21
11419,PED-2025-003819,606.46
11420,PED-2025-003820,367.27
11421,PED-2025-003821,281.52
11422,PED-2025-003822,534.41
11423,PED-2025-003823,820.18
11424,PED-2025-003824,515.23
11425,PED-2025-003825,363.72
11426,PED-2025-003826,682.37
11427,PED-2025-003827,1033.90
11428,PED-2025-003828,663.19
11429,PED-2025-003829,445.92
11430,PED-2025-003830,830.33
11431,PED-2025-003831,1135.62
11432,PED-2025-003832,643.45
11433,PED-2025-003833,484.49
11434,PED-2025-003834,801.80
11435,PED-2025-003835,1268.53
11436,PED-2025-003836,856.90
11437,PED-2025-003837,468.58
11438,PED-2025-003838,1036.11
11439,PED-2025-003839,1374.98
11440,PED-2025-003840,859.09
11441,PED-2025-003841,601.11
11442,PED-2025-003842,981.43
11443,PED-2025-003843,1739.80
11444,PED-2025-003844,1058.84
11445,PED-2025-003845,679.61
11446,PED-2025-003846,1237.92
11447,PED-2025-003847,1621.68
11448,PED-2025-003848,1324.06
11449,PED-2025-003849,701.28
11450,PED-2025-003850,641.41
11451,PED-2025-003851,1242.14
11452,PED-2025-003852,1397.51
11453,PED-2025-003853,478.80
11454,PED-2025-003854,950.89
11455,PED-2025-003855,1455.86
11456,PED-2025-003856,317.95
11457,PED-2025-003857,254.12
11458,PED-2025-003858,485.09
11459,PED-2025-003859,748.94
11460,PED-2025-003860,465.91
11461,PED-2025-003861,336.32
11462,PED-2025-003862,633.05
11463,PED-2025-003863,962.66
11464,PED-2025-003864,613.87
11465,PED-2025-003865,418.52
11466,PED-2025-003866,781.01
11467,PED-2025-003867,1176.38
11468,PED-2025-003868,761.83
11469,PED-2025-003869,500.72
11470,PED-2025-003870,928.97
11471,PED-2025-003871,1390.10
11472,PED-2025-003872,909.79
11473,PED-2025-003873,582.92
11474,PED-2025-003874,1076.93
11475,PED-2025-003875,1603.82
11476,PED-2025-003876,1057.75
11477,PED-2025-003877,665.12
11478,PED-2025-003878,1224.89
11479,PED-2025-003879,1817.54
11480,PED-2025-003880,1205.71
11481,PED-2025-003881,675.89
11482,PED-2025-003882,1057.57
11483,PED-2025-003883,1871.28
11484,PED-2025-003884,1142.09
11485,PED-2025-003885,727.28
11486,PED-2025-003886,1323.96
11487,PED-2025-003887,1731.78
11488,PED-2025-003888,1279.10
11489,PED-2025-003889,377.98
11490,PED-2025-003890,718.54
11491,PED-2025-003891,1230.00
11492,PED-2025-003892,1194.40
11493,PED-2025-003893,207.22
11494,PED-2025-003894,355.74
11495,PED-2025-003895,596.38
11496,PED-2025-003896,371.59
11497,PED-2025-003897,236.49
11498,PED-2025-003898,535.77
11499,PED-2025-003899,730.00
11500,PED-2025-003900,444.31
11501,PED-2025-003901,391.12
11502,PED-2025-003902,731.69
11503,PED-2025-003903,1105.14
11504,PED-2025-003904,712.51
11505,PED-2025-003905,473.32
11506,PED-2025-003906,879.65
11507,PED-2025-003907,1318.86
11508,PED-2025-003908,860.47
11509,PED-2025-003909,555.52
11510,PED-2025-003910,1027.61
11511,PED-2025-003911,1532.58
11512,PED-2025-003912,1008.43
11513,PED-2025-003913,637.72
11514,PED-2025-003914,1175.57
11515,PED-2025-003915,1746.30
11516,PED-2025-003916,1156.39
11517,PED-2025-003917,719.92
11518,PED-2025-003918,1323.53
11519,PED-2025-003919,1960.02
11520,PED-2025-003920,1304.35
11521,PED-2025-003921,802.12
11522,PED-2025-003922,1471.49
11523,PED-2025-003923,2173.74
11524,PED-2025-003924,1452.31
11525,PED-2025-003925,424.00
11526,PED-2025-003926,852.25
11527,PED-2025-003927,1313.38
11528,PED-2025-003928,1446.83
11529,PED-2025-003929,506.20
11530,PED-2025-003930,1000.21
11531,PED-2025-003931,546.19
11532,PED-2025-003932,290.78
11533,PED-2025-003933,257.62
11534,PED-2025-003934,436.87
11535,PED-2025-003935,718.57
11536,PED-2025-003936,459.86
11537,PED-2025-003937,278.69
11538,PED-2025-003938,626.76
11539,PED-2025-003939,847.31
11540,PED-2025-003940,516.32
11541,PED-2025-003941,386.57
11542,PED-2025-003942,638.64
11543,PED-2025-003943,1147.91
11544,PED-2025-003944,683.95
11545,PED-2025-003945,465.08
11546,PED-2025-003946,850.76
11547,PED-2025-003947,1125.99
11548,PED-2025-003948,904.87
11549,PED-2025-003949,499.09
11550,PED-2025-003950,1014.05
11551,PED-2025-003951,1675.06
11552,PED-2025-003952,1107.07
11553,PED-2025-003953,692.52
11554,PED-2025-003954,1274.21
11555,PED-2025-003955,1888.78
11556,PED-2025-003956,1255.03
11557,PED-2025-003957,774.72
11558,PED-2025-003958,1422.17
11559,PED-2025-003959,2102.50
11560,PED-2025-003960,1402.99
11561,PED-2025-003961,856.92
11562,PED-2025-003962,802.93
11563,PED-2025-003963,1242.14
11564,PED-2025-003964,1397.51
11565,PED-2025-003965,478.80
11566,PED-2025-003966,950.89
11567,PED-2025-003967,1455.86
11568,PED-2025-003968,317.95
11569,PED-2025-003969,254.12
11570,PED-2025-003970,485.09
11571,PED-2025-003971,748.94
11572,PED-2025-003972,465.91
11573,PED-2025-003973,336.32
11574,PED-2025-003974,633.05
11575,PED-2025-003975,962.66
11576,PED-2025-003976,613.87
11577,PED-2025-003977,418.52
11578,PED-2025-003978,781.01
11579,PED-2025-003979,1176.38
11580,PED-2025-003980,761.83
11581,PED-2025-003981,451.49
11582,PED-2025-003982,714.82
11583,PED-2025-003983,1279.52
11584,PED-2025-003984,767.28
11585,PED-2025-003985,512.75
11586,PED-2025-003986,936.75
11587,PED-2025-003987,1236.15
11588,PED-2025-003988,998.01
11589,PED-2025-003989,544.04
11590,PED-2025-003990,1065.13
11591,PED-2025-003991,1583.16
11592,PED-2025-003992,956.89
11593,PED-2025-003993,686.17
11594,PED-2025-003994,1126.24
11595,PED-2025-003995,1757.29
11596,PED-2025-003996,1209.77
11597,PED-2025-003997,637.36
11598,PED-2025-003998,1399.96
11599,PED-2025-003999,1844.10
11600,PED-2025-004000,1019.71
11601,PED-2025-004001,451.40
11602,PED-2025-004002,901.57
11603,PED-2025-004003,1384.62
11604,PED-2025-004004,1496.15
11605,PED-2025-004005,226.72
11606,PED-2025-004006,435.77
11607,PED-2025-004007,677.70
11608,PED-2025-004008,416.59
11609,PED-2025-004009,308.92
11610,PED-2025-004010,583.73
11611,PED-2025-004011,891.42
11612,PED-2025-004012,564.55
11613,PED-2025-004013,391.12
11614,PED-2025-004014,731.69
11615,PED-2025-004015,1105.14
11616,PED-2025-004016,712.51
11617,PED-2025-004017,473.32
11618,PED-2025-004018,879.65
11619,PED-2025-004019,1318.86
11620,PED-2025-004020,860.47
11621,PED-2025-004021,555.52
11622,PED-2025-004022,1027.61
11623,PED-2025-004023,1532.58
11624,PED-2025-004024,1008.43
11625,PED-2025-004025,637.72
11626,PED-2025-004026,1175.57
11627,PED-2025-004027,1746.30
11628,PED-2025-004028,1156.39
11629,PED-2025-004029,719.92
11630,PED-2025-004030,1323.53
11631,PED-2025-004031,1790.48
11632,PED-2025-004032,1035.27
11633,PED-2025-004033,736.57
11634,PED-2025-004034,1207.32
11635,PED-2025-004035,1879.55
11636,PED-2025-004036,1298.04
11637,PED-2025-004037,334.32
11638,PED-2025-004038,800.45
11639,PED-2025-004039,1102.09
11640,PED-2025-004040,1094.18
11641,PED-2025-004041,448.23
11642,PED-2025-004042,786.89
11643,PED-2025-004043,556.08
11644,PED-2025-004044,309.13
11645,PED-2025-004045,250.52
11646,PED-2025-004046,463.60
11647,PED-2025-004047,630.30
11648,PED-2025-004048,485.60
11649,PED-2025-004049,296.87
11650,PED-2025-004050,619.49
11651,PED-2025-004051,1033.90
11652,PED-2025-004052,663.19
11653,PED-2025-004053,445.92
11654,PED-2025-004054,830.33
11655,PED-2025-004055,1247.62
11656,PED-2025-004056,811.15
11657,PED-2025-004057,528.12
11658,PED-2025-004058,978.29
11659,PED-2025-004059,1461.34
11660,PED-2025-004060,959.11
11661,PED-2025-004061,610.32
11662,PED-2025-004062,1126.25
11663,PED-2025-004063,1675.06
11664,PED-2025-004064,1107.07
11665,PED-2025-004065,692.52
11666,PED-2025-004066,1274.21
11667,PED-2025-004067,1888.78
11668,PED-2025-004068,1255.03
11669,PED-2025-004069,774.72
11670,PED-2025-004070,1422.17
11671,PED-2025-004071,2102.50
11672,PED-2025-004072,1402.99
11673,PED-2025-004073,856.92
11674,PED-2025-004074,802.93
11675,PED-2025-004075,1242.14
11676,PED-2025-004076,1397.51
11677,PED-2025-004077,478.80
11678,PED-2025-004078,950.89
11679,PED-2025-004079,1455.86
11680,PED-2025-004080,317.95
11681,PED-2025-004081,227.06
11682,PED-2025-004082,372.03
11683,PED-2025-004083,687.63
11684,PED-2025-004084,392.46
11685,PED-2025-004085,298.22
11686,PED-2025-004086,549.59
11687,PED-2025-004087,740.46
11688,PED-2025-004088,578.74
11689,PED-2025-004089,341.82
11690,PED-2025-004090,682.92
11691,PED-2025-004091,1023.38
11692,PED-2025-004092,604.22
11693,PED-2025-004093,459.30
11694,PED-2025-004094,761.26
11695,PED-2025-004095,1207.40
11696,PED-2025-004096,812.73
11697,PED-2025-004097,447.47
11698,PED-2025-004098,990.61
11699,PED-2025-004099,1316.36
11700,PED-2025-004100,827.91
11701,PED-2025-004101,665.12
11702,PED-2025-004102,1224.89
11703,PED-2025-004103,1817.54
11704,PED-2025-004104,1205.71
11705,PED-2025-004105,747.32
11706,PED-2025-004106,1372.85
11707,PED-2025-004107,2031.26
11708,PED-2025-004108,1353.67
11709,PED-2025-004109,829.52
11710,PED-2025-004110,1520.81
11711,PED-2025-004111,2244.98
11712,PED-2025-004112,1348.19
11713,PED-2025-004113,451.40
11714,PED-2025-004114,901.57
11715,PED-2025-004115,1384.62
11716,PED-2025-004116,1496.15
11717,PED-2025-004117,226.72
11718,PED-2025-004118,435.77
11719,PED-2025-004119,677.70
11720,PED-2025-004120,416.59
11721,PED-2025-004121,308.92
11722,PED-2025-004122,583.73
11723,PED-2025-004123,891.42
11724,PED-2025-004124,564.55
11725,PED-2025-004125,391.12
11726,PED-2025-004126,731.69
11727,PED-2025-004127,1105.14
11728,PED-2025-004128,712.51
11729,PED-2025-004129,473.32
11730,PED-2025-004130,879.65
11731,PED-2025-004131,1201.05
11732,PED-2025-004132,682.60
11733,PED-2025-004133,509.70
11734,PED-2025-004134,842.39
11735,PED-2025-004135,1329.59
11736,PED-2025-004136,901.00
11737,PED-2025-004137,489.67
11738,PED-2025-004138,1081.60
11739,PED-2025-004139,1433.67
11740,PED-2025-004140,897.18
11741,PED-2025-004141,624.95
11742,PED-2025-004142,1019.50
11743,PED-2025-004143,1805.51
11744,PED-2025-004144,1100.43
11745,PED-2025-004145,703.46
11746,PED-2025-004146,1280.94
11747,PED-2025-004147,1676.73
11748,PED-2025-004148,1370.67
11749,PED-2025-004149,355.52
11750,PED-2025-004150,685.25
11751,PED-2025-004151,1313.38
11752,PED-2025-004152,1446.83
11753,PED-2025-004153,506.20
11754,PED-2025-004154,1000.21
11755,PED-2025-004155,606.46
11756,PED-2025-004156,367.27
11757,PED-2025-004157,281.52
11758,PED-2025-004158,534.41
11759,PED-2025-004159,820.18
11760,PED-2025-004160,515.23
11761,PED-2025-004161,363.72
11762,PED-2025-004162,682.37
11763,PED-2025-004163,1033.90
11764,PED-2025-004164,663.19
11765,PED-2025-004165,445.92
11766,PED-2025-004166,830.33
11767,PED-2025-004167,1247.62
11768,PED-2025-004168,811.15
11769,PED-2025-004169,528.12
11770,PED-2025-004170,978.29
11771,PED-2025-004171,1461.34
11772,PED-2025-004172,959.11
11773,PED-2025-004173,610.32
11774,PED-2025-004174,1126.25
11775,PED-2025-004175,1675.06
11776,PED-2025-004176,1107.07
11777,PED-2025-004177,692.52
11778,PED-2025-004178,1274.21
11779,PED-2025-004179,1888.78
11780,PED-2025-004180,1255.03
11781,PED-2025-004181,700.83
11782,PED-2025-004182,1095.68
11783,PED-2025-004183,1937.12
11784,PED-2025-004184,1183.76
11785,PED-2025-004185,751.13
11786,PED-2025-004186,714.83
11787,PED-2025-004187,981.33
11788,PED-2025-004188,1325.72
11789,PED-2025-004189,400.44
11790,PED-2025-004190,760.98
11791,PED-2025-004191,1292.20
11792,PED-2025-004192,251.63
11793,PED-2025-004193,232.41
11794,PED-2025-004194,396.28
11795,PED-2025-004195,657.51
11796,PED-2025-004196,415.76
11797,PED-2025-004197,257.60
11798,PED-2025-004198,581.27
11799,PED-2025-004199,788.62
11800,PED-2025-004200,482.67
11801,PED-2025-004201,418.52
11802,PED-2025-004202,781.01
11803,PED-2025-004203,1176.38
11804,PED-2025-004204,761.83
11805,PED-2025-004205,500.72
11806,PED-2025-004206,928.97
11807,PED-2025-004207,1390.10
11808,PED-2025-004208,909.79
11809,PED-2025-004209,582.92
11810,PED-2025-004210,1076.93
11811,PED-2025-004211,1603.82
11812,PED-2025-004212,1057.75
11813,PED-2025-004213,665.12
11814,PED-2025-004214,1224.89
11815,PED-2025-004215,1817.54
11816,PED-2025-004216,1205.71
11817,PED-2025-004217,747.32
11818,PED-2025-004218,1372.85
11819,PED-2025-004219,2031.26
11820,PED-2025-004220,1353.67
11821,PED-2025-004221,829.52
11822,PED-2025-004222,1520.81
11823,PED-2025-004223,2244.98
11824,PED-2025-004224,1348.19
11825,PED-2025-004225,451.40
11826,PED-2025-004226,901.57
11827,PED-2025-004227,1384.62
11828,PED-2025-004228,1496.15
11829,PED-2025-004229,226.72
11830,PED-2025-004230,435.77
11831,PED-2025-004231,611.69
11832,PED-2025-004232,329.93
11833,PED-2025-004233,282.81
11834,PED-2025-004234,477.41
11835,PED-2025-004235,779.70
11836,PED-2025-004236,503.96
11837,PED-2025-004237,299.78
11838,PED-2025-004238,672.25
11839,PED-2025-004239,905.87
11840,PED-2025-004240,554.40
11841,PED-2025-004241,410.43
11842,PED-2025-004242,676.71
11843,PED-2025-004243,1213.68
11844,PED-2025-004244,725.61
11845,PED-2025-004245,488.90
11846,PED-2025-004246,893.78
11847,PED-2025-004247,1181.04
11848,PED-2025-004248,951.40
11849,PED-2025-004249,521.55
11850,PED-2025-004250,1057.89
11851,PED-2025-004251,1746.30
11852,PED-2025-004252,1156.39
11853,PED-2025-004253,719.92
11854,PED-2025-004254,1323.53
11855,PED-2025-004255,1960.02
11856,PED-2025-004256,1304.35
11857,PED-2025-004257,802.12
11858,PED-2025-004258,1471.49
11859,PED-2025-004259,2173.74
11860,PED-2025-004260,1452.31
11861,PED-2025-004261,424.00
11862,PED-2025-004262,852.25
11863,PED-2025-004263,1313.38
11864,PED-2025-004264,1446.83
11865,PED-2025-004265,506.20
11866,PED-2025-004266,1000.21
11867,PED-2025-004267,606.46
11868,PED-2025-004268,367.27
11869,PED-2025-004269,281.52
11870,PED-2025-004270,534.41
11871,PED-2025-004271,820.18
11872,PED-2025-004272,515.23
11873,PED-2025-004273,363.72
11874,PED-2025-004274,682.37
11875,PED-2025-004275,1033.90
11876,PED-2025-004276,663.19
11877,PED-2025-004277,445.92
11878,PED-2025-004278,830.33
11879,PED-2025-004279,1247.62
11880,PED-2025-004280,811.15
11881,PED-2025-004281,476.40
11882,PED-2025-004282,752.89
11883,PED-2025-004283,1345.23
11884,PED-2025-004284,808.94
11885,PED-2025-004285,536.60
11886,PED-2025-004286,979.77
11887,PED-2025-004287,1291.20
11888,PED-2025-004288,1044.54
11889,PED-2025-004289,566.50
11890,PED-2025-004290,1107.62
11891,PED-2025-004291,1645.36
11892,PED-2025-004292,996.04
11893,PED-2025-004293,711.38
11894,PED-2025-004294,1166.78
11895,PED-2025-004295,1818.42
11896,PED-2025-004296,1253.87
11897,PED-2025-004297,658.45
11898,PED-2025-004298,755.00
11899,PED-2025-004299,1043.47
11900,PED-2025-004300,1058.07
11901,PED-2025-004301,478.80
11902,PED-2025-004302,950.89
11903,PED-2025-004303,1455.86
11904,PED-2025-004304,317.95
11905,PED-2025-004305,254.12
11906,PED-2025-004306,485.09
11907,PED-2025-004307,748.94
11908,PED-2025-004308,465.91
11909,PED-2025-004309,336.32
11910,PED-2025-004310,633.05
11911,PED-2025-004311,962.66
11912,PED-2025-004312,613.87
11913,PED-2025-004313,418.52
11914,PED-2025-004314,781.01
11915,PED-2025-004315,1176.38
11916,PED-2025-004316,761.83
11917,PED-2025-004317,500.72
11918,PED-2025-004318,928.97
11919,PED-2025-004319,1390.10
11920,PED-2025-004320,909.79
11921,PED-2025-004321,582.92
11922,PED-2025-004322,1076.93
11923,PED-2025-004323,1603.82
11924,PED-2025-004324,1057.75
11925,PED-2025-004325,665.12
11926,PED-2025-004326,1224.89
11927,PED-2025-004327,1817.54
11928,PED-2025-004328,1205.71
11929,PED-2025-004329,747.32
11930,PED-2025-004330,1372.85
11931,PED-2025-004331,1855.91
11932,PED-2025-004332,1074.42
11933,PED-2025-004333,761.78
11934,PED-2025-004334,1247.91
11935,PED-2025-004335,1940.61
11936,PED-2025-004336,1211.72
11937,PED-2025-004337,355.41
11938,PED-2025-004338,845.94
11939,PED-2025-004339,1160.78
11940,PED-2025-004340,1132.27
11941,PED-2025-004341,195.89
11942,PED-2025-004342,333.96
11943,PED-2025-004343,621.92
11944,PED-2025-004344,350.80
11945,PED-2025-004345,274.37
11946,PED-2025-004346,506.57
11947,PED-2025-004347,685.41
11948,PED-2025-004348,532.21
11949,PED-2025-004349,319.36
11950,PED-2025-004350,663.33
11951,PED-2025-004351,1105.14
11952,PED-2025-004352,712.51
11953,PED-2025-004353,473.32
11954,PED-2025-004354,879.65
11955,PED-2025-004355,1318.86
11956,PED-2025-004356,860.47
11957,PED-2025-004357,555.52
11958,PED-2025-004358,1027.61
11959,PED-2025-004359,1532.58
11960,PED-2025-004360,1008.43
11961,PED-2025-004361,637.72
11962,PED-2025-004362,1175.57
11963,PED-2025-004363,1746.30
11964,PED-2025-004364,1156.39
11965,PED-2025-004365,719.92
11966,PED-2025-004366,1323.53
11967,PED-2025-004367,1960.02
11968,PED-2025-004368,1304.35
11969,PED-2025-004369,802.12
11970,PED-2025-004370,1471.49
11971,PED-2025-004371,2173.74
11972,PED-2025-004372,1452.31
11973,PED-2025-004373,424.00
11974,PED-2025-004374,852.25
11975,PED-2025-004375,1313.38
11976,PED-2025-004376,1446.83
11977,PED-2025-004377,506.20
11978,PED-2025-004378,1000.21
11979,PED-2025-004379,606.46
11980,PED-2025-004380,367.27
11981,PED-2025-004381,252.00
11982,PED-2025-004382,410.14
11983,PED-2025-004383,753.40
11984,PED-2025-004384,434.12
11985,PED-2025-004385,322.04
11986,PED-2025-004386,592.65
11987,PED-2025-004387,795.57
11988,PED-2025-004388,625.36
11989,PED-2025-004389,364.26
11990,PED-2025-004390,725.36
11991,PED-2025-004391,1085.58
11992,PED-2025-004392,643.45
11993,PED-2025-004393,484.49
11994,PED-2025-004394,801.80
11995,PED-2025-004395,1268.53
11996,PED-2025-004396,856.90
11997,PED-2025-004397,468.58
11998,PED-2025-004398,1036.11
11999,PED-2025-004399,1374.98
12000,PED-2025-004400,866.27
