numero_pedido,saldo_financeiro,total_esperado,diferenca
PED-2023-000001,0,0,0
PED-2023-000002,0,0,0
PED-2023-000003,0,0,0
PED-2023-000004,0,0,0
PED-2023-000005,0,0,0
PED-2023-000006,0,0,0
PED-2023-000007,0,0,0
PED-2023-000008,0,0,0
PED-2023-000009,0,0,0
PED-2023-000010,0,0,0
PED-2023-000011,0,0,0
PED-2023-000012,0,0,0
PED-2023-000013,0,0,0
PED-2023-000014,0,0,0
PED-2023-000015,0,0,0
PED-2023-000016,0,0,0
PED-2023-000017,0,0,0
PED-2023-000018,0,0,0
PED-2023-000019,0,0,0
PED-2023-000020,0,0,0
PED-2023-000021,0,0,0
PED-2023-000022,0,0,0
PED-2023-000023,0,0,0
PED-2023-000024,0,0,0
PED-2023-000025,0,0,0
PED-2023-000026,0,0,0
PED-2023-000027,0,0,0
PED-2023-000028,0,0,0
PED-2023-000029,0,0,0
PED-2023-000030,0,0,0
PED-2023-000031,0,0,0
PED-2023-000032,0,0,0
PED-2023-000033,0,0,0
PED-2023-000034,0,0,0
PED-2023-000035,0,0,0
PED-2023-000036,0,0,0
PED-2023-000037,0,0,0
PED-2023-000038,0,0,0
PED-2023-000039,0,0,0
PED-2023-000040,0,0,0
PED-2023-000041,0,0,0
PED-2023-000042,0,0,0
PED-2023-000043,0,0,0
PED-2023-000044,0,0,0
PED-2023-000045,0,0,0
PED-2023-000046,0,0,0
PED-2023-000047,0,0,0
PED-2023-000048,0,0,0
PED-2023-000049,0,0,0
PED-2023-000050,0,0,0
PED-2023-000051,0,0,0
PED-2023-000052,0,0,0
PED-2023-000053,0,0,0
PED-2023-000054,0,0,0
PED-2023-000055,0,0,0
PED-2023-000056,0,0,0
PED-2023-000057,0,0,0
PED-2023-000058,0,0,0
PED-2023-000059,0,0,0
PED-2023-000060,0,0,0
PED-2023-000061,0,0,0
PED-2023-000062,0,0,0
PED-2023-000063,0,0,0
PED-2023-000064,0,0,0
PED-2023-000065,0,0,0
PED-2023-000066,0,0,0
PED-2023-000067,0,0,0
PED-2023-000068,0,0,0
PED-2023-000069,0,0,0
PED-2023-000070,0,0,0
PED-2023-000071,0,0,0
PED-2023-000072,0,0,0
PED-2023-000073,0,0,0
PED-2023-000074,0,0,0
PED-2023-000075,0,0,0
PED-2023-000076,0,0,0
PED-2023-000077,0,0,0
PED-2023-000078,0,0,0
PED-2023-000079,0,0,0
PED-2023-000080,0,0,0
PED-2023-000081,0,0,0
PED-2023-000082,0,0,0
PED-2023-000083,0,0,0
PED-2023-000084,0,0,0
PED-2023-000085,0,0,0
PED-2023-000086,0,0,0
PED-2023-000087,0,0,0
PED-2023-000088,0,0,0
PED-2023-000089,0,0,0
PED-2023-000090,0,0,0
PED-2023-000091,0,0,0
PED-2023-000092,0,0,0
PED-2023-000093,0,0,0
PED-2023-000094,0,0,0
PED-2023-000095,0,0,0
PED-2023-000096,0,0,0
PED-2023-000097,0,0,0
PED-2023-000098,0,0,0
PED-2023-000099,0,0,0
PED-2023-000100,0,0,0
PED-2023-000101,0,0,0
PED-2023-000102,0,0,0
PED-2023-000103,0,0,0
PED-2023-000104,0,0,0
PED-2023-000105,0,0,0
PED-2023-000106,0,0,0
PED-2023-000107,0,0,0
PED-2023-000108,0,0,0
PED-2023-000109,0,0,0
PED-2023-000110,0,0,0
PED-2023-000111,0,0,0
PED-2023-000112,0,0,0
PED-2023-000113,0,0,0
PED-2023-000114,0,0,0
PED-2023-000115,0,0,0
PED-2023-000116,0,0,0
PED-2023-000117,0,0,0
PED-2023-000118,0,0,0
PED-2023-000119,0,0,0
PED-2023-000120,0,0,0
PED-2023-000121,0,0,0
PED-2023-000122,0,0,0
PED-2023-000123,0,0,0
PED-2023-000124,0,0,0
PED-2023-000125,0,0,0
PED-2023-000126,0,0,0
PED-2023-000127,0,0,0
PED-2023-000128,0,0,0
PED-2023-000129,0,0,0
PED-2023-000130,0,0,0
PED-2023-000131,0,0,0
PED-2023-000132,0,0,0
PED-2023-000133,0,0,0
PED-2023-000134,0,0,0
PED-2023-000135,0,0,0
PED-2023-000136,0,0,0
PED-2023-000137,0,0,0
PED-2023-000138,0,0,0
PED-2023-000139,0,0,0
PED-2023-000140,0,0,0
PED-2023-000141,0,0,0
PED-2023-000142,0,0,0
PED-2023-000143,0,0,0
PED-2023-000144,0,0,0
PED-2023-000145,0,0,0
PED-2023-000146,0,0,0
PED-2023-000147,0,0,0
PED-2023-000148,0,0,0
PED-2023-000149,0,0,0
PED-2023-000150,0,0,0
PED-2023-000151,0,0,0
PED-2023-000152,0,0,0
PED-2023-000153,0,0,0
PED-2023-000154,0,0,0
PED-2023-000155,0,0,0
PED-2023-000156,0,0,0
PED-2023-000157,0,0,0
PED-2023-000158,0,0,0
PED-2023-000159,0,0,0
PED-2023-000160,0,0,0
PED-2023-000161,0,0,0
PED-2023-000162,0,0,0
PED-2023-000163,0,0,0
PED-2023-000164,0,0,0
PED-2023-000165,0,0,0
PED-2023-000166,0,0,0
PED-2023-000167,0,0,0
PED-2023-000168,0,0,0
PED-2023-000169,0,0,0
PED-2023-000170,0,0,0
PED-2023-000171,0,0,0
PED-2023-000172,0,0,0
PED-2023-000173,0,0,0
PED-2023-000174,0,0,0
PED-2023-000175,0,0,0
PED-2023-000176,0,0,0
PED-2023-000177,0,0,0
PED-2023-000178,0,0,0
PED-2023-000179,0,0,0
PED-2023-000180,0,0,0
PED-2023-000181,0,0,0
PED-2023-000182,0,0,0
PED-2023-000183,0,0,0
PED-2023-000184,0,0,0
PED-2023-000185,0,0,0
PED-2023-000186,0,0,0
PED-2023-000187,0,0,0
PED-2023-000188,0,0,0
PED-2023-000189,0,0,0
PED-2023-000190,0,0,0
PED-2023-000191,0,0,0
PED-2023-000192,0,0,0
PED-2023-000193,0,0,0
PED-2023-000194,0,0,0
PED-2023-000195,0,0,0
PED-2023-000196,0,0,0
PED-2023-000197,0,0,0
PED-2023-000198,0,0,0
PED-2023-000199,0,0,0
PED-2023-000200,0,0,0
PED-2023-000201,0,0,0
PED-2023-000202,0,0,0
PED-2023-000203,0,0,0
PED-2023-000204,0,0,0
PED-2023-000205,0,0,0
PED-2023-000206,0,0,0
PED-2023-000207,0,0,0
PED-2023-000208,0,0,0
PED-2023-000209,0,0,0
PED-2023-000210,0,0,0
PED-2023-000211,0,0,0
PED-2023-000212,0,0,0
PED-2023-000213,0,0,0
PED-2023-000214,0,0,0
PED-2023-000215,0,0,0
PED-2023-000216,0,0,0
PED-2023-000217,0,0,0
PED-2023-000218,0,0,0
PED-2023-000219,0,0,0
PED-2023-000220,0,0,0
PED-2023-000221,0,0,0
PED-2023-000222,0,0,0
PED-2023-000223,0,0,0
PED-2023-000224,0,0,0
PED-2023-000225,0,0,0
PED-2023-000226,0,0,0
PED-2023-000227,0,0,0
PED-2023-000228,0,0,0
PED-2023-000229,0,0,0
PED-2023-000230,0,0,0
PED-2023-000231,0,0,0
PED-2023-000232,0,0,0
PED-2023-000233,0,0,0
PED-2023-000234,0,0,0
PED-2023-000235,0,0,0
PED-2023-000236,0,0,0
PED-2023-000237,0,0,0
PED-2023-000238,0,0,0
PED-2023-000239,0,0,0
PED-2023-000240,0,0,0
PED-2023-000241,0,0,0
PED-2023-000242,0,0,0
PED-2023-000243,0,0,0
PED-2023-000244,0,0,0
PED-2023-000245,0,0,0
PED-2023-000246,0,0,0
PED-2023-000247,0,0,0
PED-2023-000248,0,0,0
PED-2023-000249,0,0,0
PED-2023-000250,0,0,0
PED-2023-000251,0,0,0
PED-2023-000252,0,0,0
PED-2023-000253,0,0,0
PED-2023-000254,0,0,0
PED-2023-000255,0,0,0
PED-2023-000256,0,0,0
PED-2023-000257,0,0,0
PED-2023-000258,0,0,0
PED-2023-000259,0,0,0
PED-2023-000260,0,0,0
PED-2023-000261,0,0,0
PED-2023-000262,0,0,0
PED-2023-000263,0,0,0
PED-2023-000264,0,0,0
PED-2023-000265,0,0,0
PED-2023-000266,0,0,0
PED-2023-000267,0,0,0
PED-2023-000268,0,0,0
PED-2023-000269,0,0,0
PED-2023-000270,0,0,0
PED-2023-000271,0,0,0
PED-2023-000272,0,0,0
PED-2023-000273,0,0,0
PED-2023-000274,0,0,0
PED-2023-000275,0,0,0
PED-2023-000276,0,0,0
PED-2023-000277,0,0,0
PED-2023-000278,0,0,0
PED-2023-000279,0,0,0
PED-2023-000280,0,0,0
PED-2023-000281,0,0,0
PED-2023-000282,0,0,0
PED-2023-000283,0,0,0
PED-2023-000284,0,0,0
PED-2023-000285,0,0,0
PED-2023-000286,0,0,0
PED-2023-000287,0,0,0
PED-2023-000288,0,0,0
PED-2023-000289,0,0,0
PED-2023-000290,0,0,0
PED-2023-000291,0,0,0
PED-2023-000292,0,0,0
PED-2023-000293,0,0,0
PED-2023-000294,0,0,0
PED-2023-000295,0,0,0
PED-2023-000296,0,0,0
PED-2023-000297,0,0,0
PED-2023-000298,0,0,0
PED-2023-000299,0,0,0
PED-2023-000300,0,0,0
PED-2023-000301,0,0,0
PED-2023-000302,0,0,0
PED-2023-000303,0,0,0
PED-2023-000304,0,0,0
PED-2023-000305,0,0,0
PED-2023-000306,0,0,0
PED-2023-000307,0,0,0
PED-2023-000308,0,0,0
PED-2023-000309,0,0,0
PED-2023-000310,0,0,0
PED-2023-000311,0,0,0
PED-2023-000312,0,0,0
PED-2023-000313,0,0,0
PED-2023-000314,0,0,0
PED-2023-000315,0,0,0
PED-2023-000316,0,0,0
PED-2023-000317,0,0,0
PED-2023-000318,0,0,0
PED-2023-000319,0,0,0
PED-2023-000320,0,0,0
PED-2023-000321,0,0,0
PED-2023-000322,0,0,0
PED-2023-000323,0,0,0
PED-2023-000324,0,0,0
PED-2023-000325,0,0,0
PED-2023-000326,0,0,0
PED-2023-000327,0,0,0
PED-2023-000328,0,0,0
PED-2023-000329,0,0,0
PED-2023-000330,0,0,0
PED-2023-000331,0,0,0
PED-2023-000332,0,0,0
PED-2023-000333,0,0,0
PED-2023-000334,0,0,0
PED-2023-000335,0,0,0
PED-2023-000336,0,0,0
PED-2023-000337,0,0,0
PED-2023-000338,0,0,0
PED-2023-000339,0,0,0
PED-2023-000340,0,0,0
PED-2023-000341,0,0,0
PED-2023-000342,0,0,0
PED-2023-000343,0,0,0
PED-2023-000344,0,0,0
PED-2023-000345,0,0,0
PED-2023-000346,0,0,0
PED-2023-000347,0,0,0
PED-2023-000348,0,0,0
PED-2023-000349,0,0,0
PED-2023-000350,0,0,0
PED-2023-000351,0,0,0
PED-2023-000352,0,0,0
PED-2023-000353,0,0,0
PED-2023-000354,0,0,0
PED-2023-000355,0,0,0
PED-2023-000356,0,0,0
PED-2023-000357,0,0,0
PED-2023-000358,0,0,0
PED-2023-000359,0,0,0
PED-2023-000360,0,0,0
PED-2023-000361,0,0,0
PED-2023-000362,0,0,0
PED-2023-000363,0,0,0
PED-2023-000364,0,0,0
PED-2023-000365,0,0,0
PED-2023-000366,0,0,0
PED-2023-000367,0,0,0
PED-2023-000368,0,0,0
PED-2023-000369,0,0,0
PED-2023-000370,0,0,0
PED-2023-000371,0,0,0
PED-2023-000372,0,0,0
PED-2023-000373,0,0,0
PED-2023-000374,0,0,0
PED-2023-000375,0,0,0
PED-2023-000376,0,0,0
PED-2023-000377,0,0,0
PED-2023-000378,0,0,0
PED-2023-000379,0,0,0
PED-2023-000380,0,0,0
PED-2023-000381,0,0,0
PED-2023-000382,0,0,0
PED-2023-000383,0,0,0
PED-2023-000384,0,0,0
PED-2023-000385,0,0,0
PED-2023-000386,0,0,0
PED-2023-000387,0,0,0
PED-2023-000388,0,0,0
PED-2023-000389,0,0,0
PED-2023-000390,0,0,0
PED-2023-000391,0,0,0
PED-2023-000392,0,0,0
PED-2023-000393,0,0,0
PED-2023-000394,0,0,0
PED-2023-000395,0,0,0
PED-2023-000396,0,0,0
PED-2023-000397,0,0,0
PED-2023-000398,0,0,0
PED-2023-000399,0,0,0
PED-2023-000400,0,0,0
PED-2023-000401,0,0,0
PED-2023-000402,0,0,0
PED-2023-000403,0,0,0
PED-2023-000404,0,0,0
PED-2023-000405,0,0,0
PED-2023-000406,0,0,0
PED-2023-000407,0,0,0
PED-2023-000408,0,0,0
PED-2023-000409,0,0,0
PED-2023-000410,0,0,0
PED-2023-000411,0,0,0
PED-2023-000412,0,0,0
PED-2023-000413,0,0,0
PED-2023-000414,0,0,0
PED-2023-000415,0,0,0
PED-2023-000416,0,0,0
PED-2023-000417,0,0,0
PED-2023-000418,0,0,0
PED-2023-000419,0,0,0
PED-2023-000420,0,0,0
PED-2023-000421,0,0,0
PED-2023-000422,0,0,0
PED-2023-000423,0,0,0
PED-2023-000424,0,0,0
PED-2023-000425,0,0,0
PED-2023-000426,0,0,0
PED-2023-000427,0,0,0
PED-2023-000428,0,0,0
PED-2023-000429,0,0,0
PED-2023-000430,0,0,0
PED-2023-000431,0,0,0
PED-2023-000432,0,0,0
PED-2023-000433,0,0,0
PED-2023-000434,0,0,0
PED-2023-000435,0,0,0
PED-2023-000436,0,0,0
PED-2023-000437,0,0,0
PED-2023-000438,0,0,0
PED-2023-000439,0,0,0
PED-2023-000440,0,0,0
PED-2023-000441,0,0,0
PED-2023-000442,0,0,0
PED-2023-000443,0,0,0
PED-2023-000444,0,0,0
PED-2023-000445,0,0,0
PED-2023-000446,0,0,0
PED-2023-000447,0,0,0
PED-2023-000448,0,0,0
PED-2023-000449,0,0,0
PED-2023-000450,0,0,0
PED-2023-000451,0,0,0
PED-2023-000452,0,0,0
PED-2023-000453,0,0,0
PED-2023-000454,0,0,0
PED-2023-000455,0,0,0
PED-2023-000456,0,0,0
PED-2023-000457,0,0,0
PED-2023-000458,0,0,0
PED-2023-000459,0,0,0
PED-2023-000460,0,0,0
PED-2023-000461,0,0,0
PED-2023-000462,0,0,0
PED-2023-000463,0,0,0
PED-2023-000464,0,0,0
PED-2023-000465,0,0,0
PED-2023-000466,0,0,0
PED-2023-000467,0,0,0
PED-2023-000468,0,0,0
PED-2023-000469,0,0,0
PED-2023-000470,0,0,0
PED-2023-000471,0,0,0
PED-2023-000472,0,0,0
PED-2023-000473,0,0,0
PED-2023-000474,0,0,0
PED-2023-000475,0,0,0
PED-2023-000476,0,0,0
PED-2023-000477,0,0,0
PED-2023-000478,0,0,0
PED-2023-000479,0,0,0
PED-2023-000480,0,0,0
PED-2023-000481,0,0,0
PED-2023-000482,0,0,0
PED-2023-000483,0,0,0
PED-2023-000484,0,0,0
PED-2023-000485,0,0,0
PED-2023-000486,0,0,0
PED-2023-000487,0,0,0
PED-2023-000488,0,0,0
PED-2023-000489,0,0,0
PED-2023-000490,0,0,0
PED-2023-000491,0,0,0
PED-2023-000492,0,0,0
PED-2023-000493,0,0,0
PED-2023-000494,0,0,0
PED-2023-000495,0,0,0
PED-2023-000496,0,0,0
PED-2023-000497,0,0,0
PED-2023-000498,0,0,0
PED-2023-000499,0,0,0
PED-2023-000500,0,0,0
PED-2023-000501,0,0,0
PED-2023-000502,0,0,0
PED-2023-000503,0,0,0
PED-2023-000504,0,0,0
PED-2023-000505,0,0,0
PED-2023-000506,0,0,0
PED-2023-000507,0,0,0
PED-2023-000508,0,0,0
PED-2023-000509,0,0,0
PED-2023-000510,0,0,0
PED-2023-000511,0,0,0
PED-2023-000512,0,0,0
PED-2023-000513,0,0,0
PED-2023-000514,0,0,0
PED-2023-000515,0,0,0
PED-2023-000516,0,0,0
PED-2023-000517,0,0,0
PED-2023-000518,0,0,0
PED-2023-000519,0,0,0
PED-2023-000520,0,0,0
PED-2023-000521,0,0,0
PED-2023-000522,0,0,0
PED-2023-000523,0,0,0
PED-2023-000524,0,0,0
PED-2023-000525,0,0,0
PED-2023-000526,0,0,0
PED-2023-000527,0,0,0
PED-2023-000528,0,0,0
PED-2023-000529,0,0,0
PED-2023-000530,0,0,0
PED-2023-000531,0,0,0
PED-2023-000532,0,0,0
PED-2023-000533,0,0,0
PED-2023-000534,0,0,0
PED-2023-000535,0,0,0
PED-2023-000536,0,0,0
PED-2023-000537,0,0,0
PED-2023-000538,0,0,0
PED-2023-000539,0,0,0
PED-2023-000540,0,0,0
PED-2023-000541,0,0,0
PED-2023-000542,0,0,0
PED-2023-000543,0,0,0
PED-2023-000544,0,0,0
PED-2023-000545,0,0,0
PED-2023-000546,0,0,0
PED-2023-000547,0,0,0
PED-2023-000548,0,0,0
PED-2023-000549,0,0,0
PED-2023-000550,0,0,0
PED-2023-000551,0,0,0
PED-2023-000552,0,0,0
PED-2023-000553,0,0,0
PED-2023-000554,0,0,0
PED-2023-000555,0,0,0
PED-2023-000556,0,0,0
PED-2023-000557,0,0,0
PED-2023-000558,0,0,0
PED-2023-000559,0,0,0
PED-2023-000560,0,0,0
PED-2023-000561,0,0,0
PED-2023-000562,0,0,0
PED-2023-000563,0,0,0
PED-2023-000564,0,0,0
PED-2023-000565,0,0,0
PED-2023-000566,0,0,0
PED-2023-000567,0,0,0
PED-2023-000568,0,0,0
PED-2023-000569,0,0,0
PED-2023-000570,0,0,0
PED-2023-000571,0,0,0
PED-2023-000572,0,0,0
PED-2023-000573,0,0,0
PED-2023-000574,0,0,0
PED-2023-000575,0,0,0
PED-2023-000576,0,0,0
PED-2023-000577,0,0,0
PED-2023-000578,0,0,0
PED-2023-000579,0,0,0
PED-2023-000580,0,0,0
PED-2023-000581,0,0,0
PED-2023-000582,0,0,0
PED-2023-000583,0,0,0
PED-2023-000584,0,0,0
PED-2023-000585,0,0,0
PED-2023-000586,0,0,0
PED-2023-000587,0,0,0
PED-2023-000588,0,0,0
PED-2023-000589,0,0,0
PED-2023-000590,0,0,0
PED-2023-000591,0,0,0
PED-2023-000592,0,0,0
PED-2023-000593,0,0,0
PED-2023-000594,0,0,0
PED-2023-000595,0,0,0
PED-2023-000596,0,0,0
PED-2023-000597,0,0,0
PED-2023-000598,0,0,0
PED-2023-000599,0,0,0
PED-2023-000600,0,0,0
PED-2023-000601,0.00,0,0.00
PED-2023-000602,0.00,0,0.00
PED-2023-000603,0.00,0,0.00
PED-2023-000604,0.00,0,0.00
PED-2023-000605,0.00,0,0.00
PED-2023-000606,0.00,0,0.00
PED-2023-000607,0.00,0,0.00
PED-2023-000608,0.00,0,0.00
PED-2023-000609,0.00,0,0.00
PED-2023-000610,0.00,0,0.00
PED-2023-000611,0.00,0,0.00
PED-2023-000612,0.00,0,0.00
PED-2023-000613,0.00,0,0.00
PED-2023-000614,0.00,0,0.00
PED-2023-000615,0.00,0,0.00
PED-2023-000616,0.00,0,0.00
PED-2023-000617,0.00,0,0.00
PED-2023-000618,0.00,0,0.00
PED-2023-000619,0.00,0,0.00
PED-2023-000620,0.00,0,0.00
PED-2023-000621,0.00,0,0.00
PED-2023-000622,0.00,0,0.00
PED-2023-000623,0.00,0,0.00
PED-2023-000624,0.00,0,0.00
PED-2023-000625,0.00,0,0.00
PED-2023-000626,0.00,0,0.00
PED-2023-000627,0.00,0,0.00
PED-2023-000628,0.00,0,0.00
PED-2023-000629,0.00,0,0.00
PED-2023-000630,0.00,0,0.00
PED-2023-000631,0.00,0,0.00
PED-2023-000632,0.00,0,0.00
PED-2023-000633,0.00,0,0.00
PED-2023-000634,0.00,0,0.00
PED-2023-000635,0.00,0,0.00
PED-2023-000636,0.00,0,0.00
PED-2023-000637,0.00,0,0.00
PED-2023-000638,0.00,0,0.00
PED-2023-000639,0.00,0,0.00
PED-2023-000640,0.00,0,0.00
PED-2023-000641,0.00,0,0.00
PED-2023-000642,0.00,0,0.00
PED-2023-000643,0.00,0,0.00
PED-2023-000644,0.00,0,0.00
PED-2023-000645,0.00,0,0.00
PED-2023-000646,0.00,0,0.00
PED-2023-000647,0.00,0,0.00
PED-2023-000648,0.00,0,0.00
PED-2023-000649,0.00,0,0.00
PED-2023-000650,0.00,0,0.00
PED-2023-000651,0.00,0,0.00
PED-2023-000652,0.00,0,0.00
PED-2023-000653,0.00,0,0.00
PED-2023-000654,0.00,0,0.00
PED-2023-000655,0.00,0,0.00
PED-2023-000656,0.00,0,0.00
PED-2023-000657,0.00,0,0.00
PED-2023-000658,0.00,0,0.00
PED-2023-000659,0.00,0,0.00
PED-2023-000660,0.00,0,0.00
PED-2023-000661,0.00,0,0.00
PED-2023-000662,0.00,0,0.00
PED-2023-000663,0.00,0,0.00
PED-2023-000664,0.00,0,0.00
PED-2023-000665,0.00,0,0.00
PED-2023-000666,0.00,0,0.00
PED-2023-000667,0.00,0,0.00
PED-2023-000668,0.00,0,0.00
PED-2023-000669,0.00,0,0.00
PED-2023-000670,0.00,0,0.00
PED-2023-000671,0.00,0,0.00
PED-2023-000672,0.00,0,0.00
PED-2023-000673,0.00,0,0.00
PED-2023-000674,0.00,0,0.00
PED-2023-000675,0.00,0,0.00
PED-2023-000676,0.00,0,0.00
PED-2023-000677,0.00,0,0.00
PED-2023-000678,0.00,0,0.00
PED-2023-000679,0.00,0,0.00
PED-2023-000680,0.00,0,0.00
PED-2023-000681,0.00,0,0.00
PED-2023-000682,0.00,0,0.00
PED-2023-000683,0.00,0,0.00
PED-2023-000684,0.00,0,0.00
PED-2023-000685,0.00,0,0.00
PED-2023-000686,0.00,0,0.00
PED-2023-000687,0.00,0,0.00
PED-2023-000688,0.00,0,0.00
PED-2023-000689,0.00,0,0.00
PED-2023-000690,0.00,0,0.00
PED-2023-000691,0.00,0,0.00
PED-2023-000692,0.00,0,0.00
PED-2023-000693,0.00,0,0.00
PED-2023-000694,0.00,0,0.00
PED-2023-000695,0.00,0,0.00
PED-2023-000696,0.00,0,0.00
PED-2023-000697,0.00,0,0.00
PED-2023-000698,0.00,0,0.00
PED-2023-000699,0.00,0,0.00
PED-2023-000700,0.00,0,0.00
PED-2023-000701,0.00,0,0.00
PED-2023-000702,0.00,0,0.00
PED-2023-000703,0.00,0,0.00
PED-2023-000704,0.00,0,0.00
PED-2023-000705,0.00,0,0.00
PED-2023-000706,0.00,0,0.00
PED-2023-000707,0.00,0,0.00
PED-2023-000708,0.00,0,0.00
PED-2023-000709,0.00,0,0.00
PED-2023-000710,0.00,0,0.00
PED-2023-000711,0.00,0,0.00
PED-2023-000712,0.00,0,0.00
PED-2023-000713,0.00,0,0.00
PED-2023-000714,0.00,0,0.00
PED-2023-000715,0.00,0,0.00
PED-2023-000716,0.00,0,0.00
PED-2023-000717,0.00,0,0.00
PED-2023-000718,0.00,0,0.00
PED-2023-000719,0.00,0,0.00
PED-2023-000720,0.00,0,0.00
PED-2023-000721,0.00,0,0.00
PED-2023-000722,0.00,0,0.00
PED-2023-000723,0.00,0,0.00
PED-2023-000724,0.00,0,0.00
PED-2023-000725,0.00,0,0.00
PED-2023-000726,0.00,0,0.00
PED-2023-000727,0.00,0,0.00
PED-2023-000728,0.00,0,0.00
PED-2023-000729,0.00,0,0.00
PED-2023-000730,0.00,0,0.00
PED-2023-000731,0.00,0,0.00
PED-2023-000732,0.00,0,0.00
PED-2023-000733,0.00,0,0.00
PED-2023-000734,0.00,0,0.00
PED-2023-000735,0.00,0,0.00
PED-2023-000736,0.00,0,0.00
PED-2023-000737,0.00,0,0.00
PED-2023-000738,0.00,0,0.00
PED-2023-000739,0.00,0,0.00
PED-2023-000740,0.00,0,0.00
PED-2023-000741,0.00,0,0.00
PED-2023-000742,0.00,0,0.00
PED-2023-000743,0.00,0,0.00
PED-2023-000744,0.00,0,0.00
PED-2023-000745,0.00,0,0.00
PED-2023-000746,0.00,0,0.00
PED-2023-000747,0.00,0,0.00
PED-2023-000748,0.00,0,0.00
PED-2023-000749,0.00,0,0.00
PED-2023-000750,0.00,0,0.00
PED-2023-000751,0.00,0,0.00
PED-2023-000752,0.00,0,0.00
PED-2023-000753,0.00,0,0.00
PED-2023-000754,0.00,0,0.00
PED-2023-000755,0.00,0,0.00
PED-2023-000756,0.00,0,0.00
PED-2023-000757,0.00,0,0.00
PED-2023-000758,0.00,0,0.00
PED-2023-000759,0.00,0,0.00
PED-2023-000760,0.00,0,0.00
PED-2023-000761,0.00,0,0.00
PED-2023-000762,0.00,0,0.00
PED-2023-000763,0.00,0,0.00
PED-2023-000764,0.00,0,0.00
PED-2023-000765,0.00,0,0.00
PED-2023-000766,0.00,0,0.00
PED-2023-000767,0.00,0,0.00
PED-2023-000768,0.00,0,0.00
PED-2023-000769,0.00,0,0.00
PED-2023-000770,0.00,0,0.00
PED-2023-000771,0.00,0,0.00
PED-2023-000772,0.00,0,0.00
PED-2023-000773,0.00,0,0.00
PED-2023-000774,0.00,0,0.00
PED-2023-000775,0.00,0,0.00
PED-2023-000776,0.00,0,0.00
PED-2023-000777,0.00,0,0.00
PED-2023-000778,0.00,0,0.00
PED-2023-000779,0.00,0,0.00
PED-2023-000780,0.00,0,0.00
PED-2023-000781,0.00,0,0.00
PED-2023-000782,0.00,0,0.00
PED-2023-000783,0.00,0,0.00
PED-2023-000784,0.00,0,0.00
PED-2023-000785,0.00,0,0.00
PED-2023-000786,0.00,0,0.00
PED-2023-000787,0.00,0,0.00
PED-2023-000788,0.00,0,0.00
PED-2023-000789,0.00,0,0.00
PED-2023-000790,0.00,0,0.00
PED-2023-000791,0.00,0,0.00
PED-2023-000792,0.00,0,0.00
PED-2023-000793,0.00,0,0.00
PED-2023-000794,0.00,0,0.00
PED-2023-000795,0.00,0,0.00
PED-2023-000796,0.00,0,0.00
PED-2023-000797,0.00,0,0.00
PED-2023-000798,0.00,0,0.00
PED-2023-000799,0.00,0,0.00
PED-2023-000800,0.00,0,0.00
PED-2023-000801,0.00,0,0.00
PED-2023-000802,0.00,0,0.00
PED-2023-000803,0.00,0,0.00
PED-2023-000804,0.00,0,0.00
PED-2023-000805,0.00,0,0.00
PED-2023-000806,0.00,0,0.00
PED-2023-000807,0.00,0,0.00
PED-2023-000808,0.00,0,0.00
PED-2023-000809,0.00,0,0.00
PED-2023-000810,0.00,0,0.00
PED-2023-000811,0.00,0,0.00
PED-2023-000812,0.00,0,0.00
PED-2023-000813,0.00,0,0.00
PED-2023-000814,0.00,0,0.00
PED-2023-000815,0.00,0,0.00
PED-2023-000816,0.00,0,0.00
PED-2023-000817,0.00,0,0.00
PED-2023-000818,0.00,0,0.00
PED-2023-000819,0.00,0,0.00
PED-2023-000820,0.00,0,0.00
PED-2023-000821,0.00,0,0.00
PED-2023-000822,0.00,0,0.00
PED-2023-000823,0.00,0,0.00
PED-2023-000824,0.00,0,0.00
PED-2023-000825,0.00,0,0.00
PED-2023-000826,0.00,0,0.00
PED-2023-000827,0.00,0,0.00
PED-2023-000828,0.00,0,0.00
PED-2023-000829,0.00,0,0.00
PED-2023-000830,0.00,0,0.00
PED-2023-000831,0.00,0,0.00
PED-2023-000832,0.00,0,0.00
PED-2023-000833,0.00,0,0.00
PED-2023-000834,0.00,0,0.00
PED-2023-000835,0.00,0,0.00
PED-2023-000836,0.00,0,0.00
PED-2023-000837,0.00,0,0.00
PED-2023-000838,0.00,0,0.00
PED-2023-000839,0.00,0,0.00
PED-2023-000840,0.00,0,0.00
PED-2023-000841,1488.50,1488.50,0.00
PED-2023-000842,1917.42,1917.42,0.00
PED-2023-000843,1403.28,1403.28,0.00
PED-2023-000844,1345.60,1345.60,0.00
PED-2023-000845,2511.58,2511.58,0.00
PED-2023-000846,675.14,675.14,0.00
PED-2023-000847,1890.44,1890.44,0.00
PED-2023-000848,1493.00,1493.00,0.00
PED-2023-000849,710.34,710.34,0.00
PED-2023-000850,1588.62,1588.62,0.00
PED-2023-000851,1611.52,1611.52,0.00
PED-2023-000852,1126.40,1126.40,0.00
PED-2023-000853,1207.34,1207.34,0.00
PED-2023-000854,375.20,375.20,0.00
PED-2023-000855,866.64,866.64,0.00
PED-2023-000856,816.04,816.04,0.00
PED-2023-000857,627.11,627.11,0.00
PED-2023-000858,1111.78,1111.78,0.00
PED-2023-000859,684.57,684.57,0.00
PED-2023-000860,914.53,914.53,0.00
PED-2023-000861,1590.11,1590.11,0.00
PED-2023-000862,548.66,548.66,0.00
PED-2023-000863,1178.09,1178.09,0.00
PED-2023-000864,1346.03,1346.03,0.00
PED-2023-000865,859.63,859.63,0.00
PED-2023-000866,1681.55,1681.55,0.00
PED-2023-000867,929.60,929.60,0.00
PED-2023-000868,1455.20,1455.20,0.00
PED-2023-000869,2588.30,2588.30,0.00
PED-2023-000870,806.66,806.66,0.00
PED-2023-000871,1989.08,1989.08,0.00
PED-2023-000872,1997.16,1997.16,0.00
PED-2023-000873,1291.22,1291.22,0.00
PED-2023-000874,2596.94,2596.94,0.00
PED-2023-000875,1469.04,1469.04,0.00
PED-2023-000876,1849.76,1849.76,0.00
PED-2023-000877,3278.78,3278.78,0.00
PED-2023-000878,1003.94,1003.94,0.00
PED-2023-000879,1561.64,1561.64,0.00
PED-2023-000880,2369.80,2369.80,0.00
PED-2023-000881,973.38,973.38,0.00
PED-2023-000882,2114.70,2114.70,0.00
PED-2023-000883,1523.84,1523.84,0.00
PED-2023-000884,1477.12,1477.12,0.00
PED-2023-000885,1667.66,1667.66,0.00
PED-2023-000886,434.02,434.02,0.00
PED-2023-000887,1287.64,1287.64,0.00
PED-2023-000888,1395.23,1395.23,0.00
PED-2023-000889,732.85,732.85,0.00
PED-2023-000890,1495.84,1495.84,0.00
PED-2023-000891,436.41,436.41,0.00
PED-2023-000892,714.27,714.27,0.00
PED-2023-000893,1129.86,1129.86,0.00
PED-2023-000894,419.75,419.75,0.00
PED-2023-000895,1005.24,1005.24,0.00
PED-2023-000896,968.38,968.38,0.00
PED-2023-000897,714.22,714.22,0.00
PED-2023-000898,1268.49,1268.49,0.00
PED-2023-000899,796.44,796.44,0.00
PED-2023-000900,1055.14,1055.14,0.00
PED-2023-000901,2127.98,2127.98,0.00
PED-2023-000902,675.14,675.14,0.00
PED-2023-000903,1660.28,1660.28,0.00
PED-2023-000904,1646.44,1646.44,0.00
PED-2023-000905,1093.94,1093.94,0.00
PED-2023-000906,2202.38,2202.38,0.00
PED-2023-000907,1227.92,1227.92,0.00
PED-2023-000908,1586.72,1586.72,0.00
PED-2023-000909,2818.46,2818.46,0.00
PED-2023-000910,872.42,872.42,0.00
PED-2023-000911,2153.48,2153.48,0.00
PED-2023-000912,2172.52,2172.52,0.00
PED-2023-000913,1389.86,1389.86,0.00
PED-2023-000914,2794.22,2794.22,0.00
PED-2023-000915,1589.60,1589.60,0.00
PED-2023-000916,1981.28,1981.28,0.00
PED-2023-000917,2281.42,2281.42,0.00
PED-2023-000918,609.38,609.38,0.00
PED-2023-000919,1726.04,1726.04,0.00
PED-2023-000920,2545.16,2545.16,0.00
PED-2023-000921,950.28,950.28,0.00
PED-2023-000922,1141.86,1141.86,0.00
PED-2023-000923,1255.77,1255.77,0.00
PED-2023-000924,906.49,906.49,0.00
PED-2023-000925,1586.04,1586.04,0.00
PED-2023-000926,424.99,424.99,0.00
PED-2023-000927,1211.93,1211.93,0.00
PED-2023-000928,625.84,625.84,0.00
PED-2023-000929,528.99,528.99,0.00
PED-2023-000930,1048.08,1048.08,0.00
PED-2023-000931,542.21,542.21,0.00
PED-2023-000932,829.92,829.92,0.00
PED-2023-000933,1312.87,1312.87,0.00
PED-2023-000934,543.62,543.62,0.00
PED-2023-000935,1331.48,1331.48,0.00
PED-2023-000936,1295.72,1295.72,0.00
PED-2023-000937,896.66,896.66,0.00
PED-2023-000938,1807.82,1807.82,0.00
PED-2023-000939,986.80,986.80,0.00
PED-2023-000940,1323.68,1323.68,0.00
PED-2023-000941,2358.14,2358.14,0.00
PED-2023-000942,740.90,740.90,0.00
PED-2023-000943,1824.68,1824.68,0.00
PED-2023-000944,1821.80,1821.80,0.00
PED-2023-000945,1192.58,1192.58,0.00
PED-2023-000946,2399.66,2399.66,0.00
PED-2023-000947,1348.48,1348.48,0.00
PED-2023-000948,1718.24,1718.24,0.00
PED-2023-000949,3048.62,3048.62,0.00
PED-2023-000950,938.18,938.18,0.00
PED-2023-000951,2317.88,2317.88,0.00
PED-2023-000952,2347.88,2347.88,0.00
PED-2023-000953,1488.50,1488.50,0.00
PED-2023-000954,1883.05,1883.05,0.00
PED-2023-000955,1127.93,1127.93,0.00
PED-2023-000956,1157.67,1157.67,0.00
PED-2023-000957,2186.38,2186.38,0.00
PED-2023-000958,543.15,543.15,0.00
PED-2023-000959,1718.80,1718.80,0.00
PED-2023-000960,1192.02,1192.02,0.00
PED-2023-000961,610.29,610.29,0.00
PED-2023-000962,1314.44,1314.44,0.00
PED-2023-000963,1355.54,1355.54,0.00
PED-2023-000964,1023.76,1023.76,0.00
PED-2023-000965,1042.98,1042.98,0.00
PED-2023-000966,341.71,341.71,0.00
PED-2023-000967,963.12,963.12,0.00
PED-2023-000968,945.00,945.00,0.00
PED-2023-000969,699.38,699.38,0.00
PED-2023-000970,1413.26,1413.26,0.00
PED-2023-000971,745.68,745.68,0.00
PED-2023-000972,1060.64,1060.64,0.00
PED-2023-000973,1897.82,1897.82,0.00
PED-2023-000974,609.38,609.38,0.00
PED-2023-000975,1495.88,1495.88,0.00
PED-2023-000976,1471.08,1471.08,0.00
PED-2023-000977,995.30,995.30,0.00
PED-2023-000978,2005.10,2005.10,0.00
PED-2023-000979,1107.36,1107.36,0.00
PED-2023-000980,1455.20,1455.20,0.00
PED-2023-000981,2588.30,2588.30,0.00
PED-2023-000982,806.66,806.66,0.00
PED-2023-000983,1989.08,1989.08,0.00
PED-2023-000984,1997.16,1997.16,0.00
PED-2023-000985,1291.22,1291.22,0.00
PED-2023-000986,2596.94,2596.94,0.00
PED-2023-000987,1469.04,1469.04,0.00
PED-2023-000988,1458.20,1458.20,0.00
PED-2023-000989,2920.63,2920.63,0.00
PED-2023-000990,871.33,871.33,0.00
PED-2023-000991,1347.64,1347.64,0.00
PED-2023-000992,2050.96,2050.96,0.00
PED-2023-000993,788.08,788.08,0.00
PED-2023-000994,1926.97,1926.97,0.00
PED-2023-000995,1227.13,1227.13,0.00
PED-2023-000996,1268.37,1268.37,0.00
PED-2023-000997,1367.13,1367.13,0.00
PED-2023-000998,349.14,349.14,0.00
PED-2023-000999,1175.21,1175.21,0.00
PED-2023-001000,1333.00,1333.00,0.00
PED-2023-001001,808.98,808.98,0.00
PED-2023-001002,1785.90,1785.90,0.00
PED-2023-001003,504.56,504.56,0.00
PED-2023-001004,797.60,797.60,0.00
PED-2023-001005,1437.50,1437.50,0.00
PED-2023-001006,477.86,477.86,0.00
PED-2023-001007,1167.08,1167.08,0.00
PED-2023-001008,1120.36,1120.36,0.00
PED-2023-001009,798.02,798.02,0.00
PED-2023-001010,1610.54,1610.54,0.00
PED-2023-001011,866.24,866.24,0.00
PED-2023-001012,1192.16,1192.16,0.00
PED-2023-001013,2127.98,2127.98,0.00
PED-2023-001014,675.14,675.14,0.00
PED-2023-001015,1660.28,1660.28,0.00
PED-2023-001016,1646.44,1646.44,0.00
PED-2023-001017,1093.94,1093.94,0.00
PED-2023-001018,2202.38,2202.38,0.00
PED-2023-001019,1227.92,1227.92,0.00
PED-2023-001020,1586.72,1586.72,0.00
PED-2023-001021,2433.12,2433.12,0.00
PED-2023-001022,783.22,783.22,0.00
PED-2023-001023,1699.80,1699.80,0.00
PED-2023-001024,1990.37,1990.37,0.00
PED-2023-001025,1195.01,1195.01,0.00
PED-2023-001026,2347.96,2347.96,0.00
PED-2023-001027,1280.50,1280.50,0.00
PED-2023-001028,1562.30,1562.30,0.00
PED-2023-001029,2083.36,2083.36,0.00
PED-2023-001030,490.46,490.46,0.00
PED-2023-001031,1486.29,1486.29,0.00
PED-2023-001032,2201.72,2201.72,0.00
PED-2023-001033,865.86,865.86,0.00
PED-2023-001034,1391.34,1391.34,0.00
PED-2023-001035,1490.96,1490.96,0.00
PED-2023-001036,994.88,994.88,0.00
PED-2023-001037,1897.82,1897.82,0.00
PED-2023-001038,499.78,499.78,0.00
PED-2023-001039,1452.04,1452.04,0.00
PED-2023-001040,769.64,769.64,0.00
PED-2023-001041,600.74,600.74,0.00
PED-2023-001042,1215.98,1215.98,0.00
PED-2023-001043,625.12,625.12,0.00
PED-2023-001044,929.12,929.12,0.00
PED-2023-001045,1667.66,1667.66,0.00
PED-2023-001046,543.62,543.62,0.00
PED-2023-001047,1331.48,1331.48,0.00
PED-2023-001048,1295.72,1295.72,0.00
PED-2023-001049,896.66,896.66,0.00
PED-2023-001050,1807.82,1807.82,0.00
PED-2023-001051,986.80,986.80,0.00
PED-2023-001052,1323.68,1323.68,0.00
PED-2023-001053,2358.14,2358.14,0.00
PED-2023-001054,679.34,679.34,0.00
PED-2023-001055,1559.86,1559.86,0.00
PED-2023-001056,1577.76,1577.76,0.00
PED-2023-001057,1062.77,1062.77,0.00
PED-2023-001058,1895.42,1895.42,0.00
PED-2023-001059,1243.53,1243.53,0.00
PED-2023-001060,1470.75,1470.75,0.00
PED-2023-001061,2562.81,2562.81,0.00
PED-2023-001062,841.84,841.84,0.00
PED-2023-001063,1830.21,1830.21,0.00
PED-2023-001064,2151.59,2151.59,0.00
PED-2023-001065,1278.85,1278.85,0.00
PED-2023-001066,1655.26,1655.26,0.00
PED-2023-001067,1115.92,1115.92,0.00
PED-2023-001068,1345.60,1345.60,0.00
PED-2023-001069,2511.58,2511.58,0.00
PED-2023-001070,675.14,675.14,0.00
PED-2023-001071,1890.44,1890.44,0.00
PED-2023-001072,1493.00,1493.00,0.00
PED-2023-001073,710.34,710.34,0.00
PED-2023-001074,1588.62,1588.62,0.00
PED-2023-001075,1611.52,1611.52,0.00
PED-2023-001076,1126.40,1126.40,0.00
PED-2023-001077,1207.34,1207.34,0.00
PED-2023-001078,412.10,412.10,0.00
PED-2023-001079,1002.68,1002.68,0.00
PED-2023-001080,945.00,945.00,0.00
PED-2023-001081,699.38,699.38,0.00
PED-2023-001082,1413.26,1413.26,0.00
PED-2023-001083,745.68,745.68,0.00
PED-2023-001084,1060.64,1060.64,0.00
PED-2023-001085,1897.82,1897.82,0.00
PED-2023-001086,609.38,609.38,0.00
PED-2023-001087,1495.88,1495.88,0.00
PED-2023-001088,1200.17,1200.17,0.00
PED-2023-001089,879.71,879.71,0.00
PED-2023-001090,1712.26,1712.26,0.00
PED-2023-001091,965.23,965.23,0.00
PED-2023-001092,1292.41,1292.41,0.00
PED-2023-001093,2045.02,2045.02,0.00
PED-2023-001094,710.19,710.19,0.00
PED-2023-001095,1698.46,1698.46,0.00
PED-2023-001096,1730.10,1730.10,0.00
PED-2023-001097,1149.88,1149.88,0.00
PED-2023-001098,2052.13,2052.13,0.00
PED-2023-001099,1355.40,1355.40,0.00
PED-2023-001100,1625.06,1625.06,0.00
PED-2023-001101,3278.78,3278.78,0.00
PED-2023-001102,1003.94,1003.94,0.00
PED-2023-001103,1561.64,1561.64,0.00
PED-2023-001104,2369.80,2369.80,0.00
PED-2023-001105,973.38,973.38,0.00
PED-2023-001106,2114.70,2114.70,0.00
PED-2023-001107,1523.84,1523.84,0.00
PED-2023-001108,1477.12,1477.12,0.00
PED-2023-001109,1667.66,1667.66,0.00
PED-2023-001110,434.02,434.02,0.00
PED-2023-001111,1287.64,1287.64,0.00
PED-2023-001112,1668.36,1668.36,0.00
PED-2023-001113,808.98,808.98,0.00
PED-2023-001114,1785.90,1785.90,0.00
PED-2023-001115,504.56,504.56,0.00
PED-2023-001116,797.60,797.60,0.00
PED-2023-001117,1437.50,1437.50,0.00
PED-2023-001118,477.86,477.86,0.00
PED-2023-001119,1167.08,1167.08,0.00
PED-2023-001120,1120.36,1120.36,0.00
PED-2023-001121,676.84,676.84,0.00
PED-2023-001122,1429.56,1429.56,0.00
PED-2023-001123,711.09,711.09,0.00
PED-2023-001124,1055.54,1055.54,0.00
PED-2023-001125,1816.76,1816.76,0.00
PED-2023-001126,560.89,560.89,0.00
PED-2023-001127,1472.23,1472.23,0.00
PED-2023-001128,1343.72,1343.72,0.00
PED-2023-001129,967.39,967.39,0.00
PED-2023-001130,1878.30,1878.30,0.00
PED-2023-001131,1071.03,1071.03,0.00
PED-2023-001132,1408.06,1408.06,0.00
PED-2023-001133,2228.03,2228.03,0.00
PED-2023-001134,872.42,872.42,0.00
PED-2023-001135,2153.48,2153.48,0.00
PED-2023-001136,2172.52,2172.52,0.00
PED-2023-001137,1389.86,1389.86,0.00
PED-2023-001138,2794.22,2794.22,0.00
PED-2023-001139,1589.60,1589.60,0.00
PED-2023-001140,1981.28,1981.28,0.00
PED-2023-001141,2281.42,2281.42,0.00
PED-2023-001142,609.38,609.38,0.00
PED-2023-001143,1726.04,1726.04,0.00
PED-2023-001144,2545.16,2545.16,0.00
PED-2023-001145,1072.02,1072.02,0.00
PED-2023-001146,1391.34,1391.34,0.00
PED-2023-001147,1490.96,1490.96,0.00
PED-2023-001148,994.88,994.88,0.00
PED-2023-001149,1897.82,1897.82,0.00
PED-2023-001150,499.78,499.78,0.00
PED-2023-001151,1452.04,1452.04,0.00
PED-2023-001152,769.64,769.64,0.00
PED-2023-001153,600.74,600.74,0.00
PED-2023-001154,1124.07,1124.07,0.00
PED-2023-001155,526.79,526.79,0.00
PED-2023-001156,775.16,775.16,0.00
PED-2023-001157,1481.16,1481.16,0.00
PED-2023-001158,424.78,424.78,0.00
PED-2023-001159,1179.54,1179.54,0.00
PED-2023-001160,1020.51,1020.51,0.00
PED-2023-001161,747.83,747.83,0.00
PED-2023-001162,1602.14,1602.14,0.00
PED-2023-001163,810.78,810.78,0.00
PED-2023-001164,1172.81,1172.81,0.00
PED-2023-001165,2010.20,2010.20,0.00
PED-2023-001166,615.71,615.71,0.00
PED-2023-001167,1730.32,1730.32,0.00
PED-2023-001168,1821.80,1821.80,0.00
PED-2023-001169,1192.58,1192.58,0.00
PED-2023-001170,2399.66,2399.66,0.00
PED-2023-001171,1348.48,1348.48,0.00
PED-2023-001172,1718.24,1718.24,0.00
PED-2023-001173,3048.62,3048.62,0.00
PED-2023-001174,938.18,938.18,0.00
PED-2023-001175,2317.88,2317.88,0.00
PED-2023-001176,2347.88,2347.88,0.00
PED-2023-001177,1488.50,1488.50,0.00
PED-2023-001178,1917.42,1917.42,0.00
PED-2023-001179,1403.28,1403.28,0.00
PED-2023-001180,1345.60,1345.60,0.00
PED-2023-001181,2511.58,2511.58,0.00
PED-2023-001182,675.14,675.14,0.00
PED-2023-001183,1890.44,1890.44,0.00
PED-2023-001184,1493.00,1493.00,0.00
PED-2023-001185,710.34,710.34,0.00
PED-2023-001186,1588.62,1588.62,0.00
PED-2023-001187,1611.52,1611.52,0.00
PED-2023-001188,912.36,912.36,0.00
PED-2023-001189,1066.24,1066.24,0.00
PED-2023-001190,363.33,363.33,0.00
PED-2023-001191,836.35,836.35,0.00
PED-2023-001192,832.82,832.82,0.00
PED-2023-001193,548.02,548.02,0.00
PED-2023-001194,1251.80,1251.80,0.00
PED-2023-001195,625.99,625.99,0.00
PED-2023-001196,885.87,885.87,0.00
PED-2023-001197,1682.23,1682.23,0.00
PED-2023-001198,476.28,476.28,0.00
PED-2023-001199,1326.45,1326.45,0.00
PED-2023-001200,1164.23,1164.23,0.00
PED-2023-001201,995.30,995.30,0.00
PED-2023-001202,2005.10,2005.10,0.00
PED-2023-001203,1107.36,1107.36,0.00
PED-2023-001204,1455.20,1455.20,0.00
PED-2023-001205,2588.30,2588.30,0.00
PED-2023-001206,806.66,806.66,0.00
PED-2023-001207,1989.08,1989.08,0.00
PED-2023-001208,1997.16,1997.16,0.00
PED-2023-001209,1291.22,1291.22,0.00
PED-2023-001210,2596.94,2596.94,0.00
PED-2023-001211,1469.04,1469.04,0.00
PED-2023-001212,1849.76,1849.76,0.00
PED-2023-001213,3278.78,3278.78,0.00
PED-2023-001214,1003.94,1003.94,0.00
PED-2023-001215,1561.64,1561.64,0.00
PED-2023-001216,2369.80,2369.80,0.00
PED-2023-001217,973.38,973.38,0.00
PED-2023-001218,2114.70,2114.70,0.00
PED-2023-001219,1523.84,1523.84,0.00
PED-2023-001220,1477.12,1477.12,0.00
PED-2023-001221,1543.69,1543.69,0.00
PED-2023-001222,370.56,370.56,0.00
PED-2023-001223,1047.69,1047.69,0.00
PED-2023-001224,1560.79,1560.79,0.00
PED-2023-001225,685.91,685.91,0.00
PED-2023-001226,1539.09,1539.09,0.00
PED-2023-001227,417.41,417.41,0.00
PED-2023-001228,625.21,625.21,0.00
PED-2023-001229,1272.28,1272.28,0.00
PED-2023-001230,419.77,419.77,0.00
PED-2023-001231,975.01,975.01,0.00
PED-2023-001232,983.50,983.50,0.00
PED-2023-001233,625.85,625.85,0.00
PED-2023-001234,1610.54,1610.54,0.00
PED-2023-001235,866.24,866.24,0.00
PED-2023-001236,1192.16,1192.16,0.00
PED-2023-001237,2127.98,2127.98,0.00
PED-2023-001238,675.14,675.14,0.00
PED-2023-001239,1660.28,1660.28,0.00
PED-2023-001240,1646.44,1646.44,0.00
PED-2023-001241,1093.94,1093.94,0.00
PED-2023-001242,2202.38,2202.38,0.00
PED-2023-001243,1227.92,1227.92,0.00
PED-2023-001244,1586.72,1586.72,0.00
PED-2023-001245,2818.46,2818.46,0.00
PED-2023-001246,872.42,872.42,0.00
PED-2023-001247,2153.48,2153.48,0.00
PED-2023-001248,2172.52,2172.52,0.00
PED-2023-001249,1389.86,1389.86,0.00
PED-2023-001250,2794.22,2794.22,0.00
PED-2023-001251,1589.60,1589.60,0.00
PED-2023-001252,1981.28,1981.28,0.00
PED-2023-001253,2281.42,2281.42,0.00
PED-2023-001254,592.19,592.19,0.00
PED-2023-001255,1378.46,1378.46,0.00
PED-2023-001256,2216.73,2216.73,0.00
PED-2023-001257,946.03,946.03,0.00
PED-2023-001258,1137.00,1137.00,0.00
PED-2023-001259,1403.56,1403.56,0.00
PED-2023-001260,837.80,837.80,0.00
PED-2023-001261,1640.57,1640.57,0.00
PED-2023-001262,429.18,429.18,0.00
PED-2023-001263,1178.10,1178.10,0.00
PED-2023-001264,701.54,701.54,0.00
PED-2023-001265,524.23,524.23,0.00
PED-2023-001266,1015.25,1015.25,0.00
PED-2023-001267,535.04,535.04,0.00
PED-2023-001268,929.12,929.12,0.00
PED-2023-001269,1667.66,1667.66,0.00
PED-2023-001270,543.62,543.62,0.00
PED-2023-001271,1331.48,1331.48,0.00
PED-2023-001272,1295.72,1295.72,0.00
PED-2023-001273,896.66,896.66,0.00
PED-2023-001274,1807.82,1807.82,0.00
PED-2023-001275,986.80,986.80,0.00
PED-2023-001276,1323.68,1323.68,0.00
PED-2023-001277,2358.14,2358.14,0.00
PED-2023-001278,740.90,740.90,0.00
PED-2023-001279,1824.68,1824.68,0.00
PED-2023-001280,1821.80,1821.80,0.00
PED-2023-001281,1192.58,1192.58,0.00
PED-2023-001282,2399.66,2399.66,0.00
PED-2023-001283,1348.48,1348.48,0.00
PED-2023-001284,1718.24,1718.24,0.00
PED-2023-001285,3048.62,3048.62,0.00
PED-2023-001286,938.18,938.18,0.00
PED-2023-001287,2317.88,2317.88,0.00
PED-2023-001288,1918.05,1918.05,0.00
PED-2023-001289,1318.11,1318.11,0.00
PED-2023-001290,1522.09,1522.09,0.00
PED-2023-001291,1248.53,1248.53,0.00
PED-2023-001292,1180.10,1180.10,0.00
PED-2023-001293,2039.54,2039.54,0.00
PED-2023-001294,609.37,609.37,0.00
PED-2023-001295,1517.06,1517.06,0.00
PED-2023-001296,1325.70,1325.70,0.00
PED-2023-001297,595.83,595.83,0.00
PED-2023-001298,1293.71,1293.71,0.00
PED-2023-001299,1515.42,1515.42,0.00
PED-2023-001300,967.46,967.46,0.00
PED-2023-001301,1207.34,1207.34,0.00
PED-2023-001302,412.10,412.10,0.00
PED-2023-001303,1002.68,1002.68,0.00
PED-2023-001304,945.00,945.00,0.00
PED-2023-001305,699.38,699.38,0.00
PED-2023-001306,1413.26,1413.26,0.00
PED-2023-001307,745.68,745.68,0.00
PED-2023-001308,1060.64,1060.64,0.00
PED-2023-001309,1897.82,1897.82,0.00
PED-2023-001310,609.38,609.38,0.00
PED-2023-001311,1495.88,1495.88,0.00
PED-2023-001312,1471.08,1471.08,0.00
PED-2023-001313,995.30,995.30,0.00
PED-2023-001314,2005.10,2005.10,0.00
PED-2023-001315,1107.36,1107.36,0.00
PED-2023-001316,1455.20,1455.20,0.00
PED-2023-001317,2588.30,2588.30,0.00
PED-2023-001318,806.66,806.66,0.00
PED-2023-001319,1989.08,1989.08,0.00
PED-2023-001320,1997.16,1997.16,0.00
PED-2023-001321,1101.54,1101.54,0.00
PED-2023-001322,2292.66,2292.66,0.00
PED-2023-001323,1209.77,1209.77,0.00
PED-2023-001324,1641.90,1641.90,0.00
PED-2023-001325,2783.98,2783.98,0.00
PED-2023-001326,834.89,834.89,0.00
PED-2023-001327,1364.31,1364.31,0.00
PED-2023-001328,1946.52,1946.52,0.00
PED-2023-001329,884.11,884.11,0.00
PED-2023-001330,1688.13,1688.13,0.00
PED-2023-001331,1354.35,1354.35,0.00
PED-2023-001332,1295.70,1295.70,0.00
PED-2023-001333,1363.30,1363.30,0.00
PED-2023-001334,434.02,434.02,0.00
PED-2023-001335,1287.64,1287.64,0.00
PED-2023-001336,1668.36,1668.36,0.00
PED-2023-001337,808.98,808.98,0.00
PED-2023-001338,1785.90,1785.90,0.00
PED-2023-001339,504.56,504.56,0.00
PED-2023-001340,797.60,797.60,0.00
PED-2023-001341,1437.50,1437.50,0.00
PED-2023-001342,477.86,477.86,0.00
PED-2023-001343,1167.08,1167.08,0.00
PED-2023-001344,1120.36,1120.36,0.00
PED-2023-001345,798.02,798.02,0.00
PED-2023-001346,1610.54,1610.54,0.00
PED-2023-001347,866.24,866.24,0.00
PED-2023-001348,1192.16,1192.16,0.00
PED-2023-001349,2127.98,2127.98,0.00
PED-2023-001350,675.14,675.14,0.00
PED-2023-001351,1660.28,1660.28,0.00
PED-2023-001352,1646.44,1646.44,0.00
PED-2023-001353,1093.94,1093.94,0.00
PED-2023-001354,2052.93,2052.93,0.00
PED-2023-001355,1022.73,1022.73,0.00
PED-2023-001356,1328.64,1328.64,0.00
PED-2023-001357,2486.74,2486.74,0.00
PED-2023-001358,682.34,682.34,0.00
PED-2023-001359,1913.86,1913.86,0.00
PED-2023-001360,1708.25,1708.25,0.00
PED-2023-001361,1161.57,1161.57,0.00
PED-2023-001362,2465.24,2465.24,0.00
PED-2023-001363,1309.46,1309.46,0.00
PED-2023-001364,1759.17,1759.17,0.00
PED-2023-001365,1811.26,1811.26,0.00
PED-2023-001366,521.46,521.46,0.00
PED-2023-001367,1576.88,1576.88,0.00
PED-2023-001368,2545.16,2545.16,0.00
PED-2023-001369,1072.02,1072.02,0.00
PED-2023-001370,1391.34,1391.34,0.00
PED-2023-001371,1490.96,1490.96,0.00
PED-2023-001372,994.88,994.88,0.00
PED-2023-001373,1897.82,1897.82,0.00
PED-2023-001374,499.78,499.78,0.00
PED-2023-001375,1452.04,1452.04,0.00
PED-2023-001376,769.64,769.64,0.00
PED-2023-001377,600.74,600.74,0.00
PED-2023-001378,1215.98,1215.98,0.00
PED-2023-001379,625.12,625.12,0.00
PED-2023-001380,929.12,929.12,0.00
PED-2023-001381,1667.66,1667.66,0.00
PED-2023-001382,543.62,543.62,0.00
PED-2023-001383,1331.48,1331.48,0.00
PED-2023-001384,1295.72,1295.72,0.00
PED-2023-001385,896.66,896.66,0.00
PED-2023-001386,1807.82,1807.82,0.00
PED-2023-001387,986.80,986.80,0.00
PED-2023-001388,1041.70,1041.70,0.00
PED-2023-001389,2096.48,2096.48,0.00
PED-2023-001390,645.55,645.55,0.00
PED-2023-001391,1529.57,1529.57,0.00
PED-2023-001392,1586.32,1586.32,0.00
PED-2023-001393,937.10,937.10,0.00
PED-2023-001394,2134.08,2134.08,0.00
PED-2023-001395,1121.93,1121.93,0.00
PED-2023-001396,1439.35,1439.35,0.00
PED-2023-001397,2687.81,2687.81,0.00
PED-2023-001398,733.84,733.84,0.00
PED-2023-001399,2060.77,2060.77,0.00
PED-2023-001400,1854.71,1854.71,0.00
PED-2023-001401,1488.50,1488.50,0.00
PED-2023-001402,1917.42,1917.42,0.00
PED-2023-001403,1403.28,1403.28,0.00
PED-2023-001404,1345.60,1345.60,0.00
PED-2023-001405,2511.58,2511.58,0.00
PED-2023-001406,675.14,675.14,0.00
PED-2023-001407,1890.44,1890.44,0.00
PED-2023-001408,1493.00,1493.00,0.00
PED-2023-001409,710.34,710.34,0.00
PED-2023-001410,1588.62,1588.62,0.00
PED-2023-001411,1611.52,1611.52,0.00
PED-2023-001412,1126.40,1126.40,0.00
PED-2023-001413,1207.34,1207.34,0.00
PED-2023-001414,412.10,412.10,0.00
PED-2023-001415,1002.68,1002.68,0.00
PED-2023-001416,945.00,945.00,0.00
PED-2023-001417,699.38,699.38,0.00
PED-2023-001418,1413.26,1413.26,0.00
PED-2023-001419,745.68,745.68,0.00
PED-2023-001420,1060.64,1060.64,0.00
PED-2023-001421,1628.63,1628.63,0.00
PED-2023-001422,548.66,548.66,0.00
PED-2023-001423,1178.09,1178.09,0.00
PED-2023-001424,1346.03,1346.03,0.00
PED-2023-001425,859.63,859.63,0.00
PED-2023-001426,1681.55,1681.55,0.00
PED-2023-001427,896.91,896.91,0.00
PED-2023-001428,1145.81,1145.81,0.00
PED-2023-001429,2302.52,2302.52,0.00
PED-2023-001430,701.99,701.99,0.00
PED-2023-001431,1668.23,1668.23,0.00
PED-2023-001432,1737.00,1737.00,0.00
PED-2023-001433,1014.93,1014.93,0.00
PED-2023-001434,2596.94,2596.94,0.00
PED-2023-001435,1469.04,1469.04,0.00
PED-2023-001436,1849.76,1849.76,0.00
PED-2023-001437,3278.78,3278.78,0.00
PED-2023-001438,1003.94,1003.94,0.00
PED-2023-001439,1561.64,1561.64,0.00
PED-2023-001440,2369.80,2369.80,0.00
PED-2023-001441,973.38,973.38,0.00
PED-2023-001442,2114.70,2114.70,0.00
PED-2023-001443,1523.84,1523.84,0.00
PED-2023-001444,1477.12,1477.12,0.00
PED-2023-001445,1667.66,1667.66,0.00
PED-2023-001446,434.02,434.02,0.00
PED-2023-001447,1287.64,1287.64,0.00
PED-2023-001448,1668.36,1668.36,0.00
PED-2023-001449,808.98,808.98,0.00
PED-2023-001450,1785.90,1785.90,0.00
PED-2023-001451,504.56,504.56,0.00
PED-2023-001452,797.60,797.60,0.00
PED-2023-001453,1437.50,1437.50,0.00
PED-2023-001454,436.01,436.01,0.00
PED-2023-001455,1005.24,1005.24,0.00
PED-2023-001456,968.38,968.38,0.00
PED-2023-001457,714.22,714.22,0.00
PED-2023-001458,1268.49,1268.49,0.00
PED-2023-001459,796.44,796.44,0.00
PED-2023-001460,1025.74,1025.74,0.00
PED-2023-001461,1784.67,1784.67,0.00
PED-2023-001462,607.28,607.28,0.00
PED-2023-001463,1308.54,1308.54,0.00
PED-2023-001464,1507.10,1507.10,0.00
PED-2023-001465,943.45,943.45,0.00
PED-2023-001466,1848.21,1848.21,0.00
PED-2023-001467,1028.24,1028.24,0.00
PED-2023-001468,1586.72,1586.72,0.00
PED-2023-001469,2818.46,2818.46,0.00
PED-2023-001470,872.42,872.42,0.00
PED-2023-001471,2153.48,2153.48,0.00
PED-2023-001472,2172.52,2172.52,0.00
PED-2023-001473,1389.86,1389.86,0.00
PED-2023-001474,2794.22,2794.22,0.00
PED-2023-001475,1589.60,1589.60,0.00
PED-2023-001476,1981.28,1981.28,0.00
PED-2023-001477,2281.42,2281.42,0.00
PED-2023-001478,609.38,609.38,0.00
PED-2023-001479,1726.04,1726.04,0.00
PED-2023-001480,2545.16,2545.16,0.00
PED-2023-001481,1072.02,1072.02,0.00
PED-2023-001482,1391.34,1391.34,0.00
PED-2023-001483,1490.96,1490.96,0.00
PED-2023-001484,994.88,994.88,0.00
PED-2023-001485,1897.82,1897.82,0.00
PED-2023-001486,499.78,499.78,0.00
PED-2023-001487,1452.04,1452.04,0.00
PED-2023-001488,625.84,625.84,0.00
PED-2023-001489,528.99,528.99,0.00
PED-2023-001490,1048.08,1048.08,0.00
PED-2023-001491,542.21,542.21,0.00
PED-2023-001492,829.92,829.92,0.00
PED-2023-001493,1312.87,1312.87,0.00
PED-2023-001494,477.86,477.86,0.00
PED-2023-001495,1143.88,1143.88,0.00
PED-2023-001496,1120.72,1120.72,0.00
PED-2023-001497,801.33,801.33,0.00
PED-2023-001498,1425.25,1425.25,0.00
PED-2023-001499,908.22,908.22,0.00
PED-2023-001500,1169.13,1169.13,0.00
PED-2023-001501,2358.14,2358.14,0.00
PED-2023-001502,740.90,740.90,0.00
PED-2023-001503,1824.68,1824.68,0.00
PED-2023-001504,1821.80,1821.80,0.00
PED-2023-001505,1192.58,1192.58,0.00
PED-2023-001506,2399.66,2399.66,0.00
PED-2023-001507,1348.48,1348.48,0.00
PED-2023-001508,1718.24,1718.24,0.00
PED-2023-001509,3048.62,3048.62,0.00
PED-2023-001510,938.18,938.18,0.00
PED-2023-001511,2317.88,2317.88,0.00
PED-2023-001512,2347.88,2347.88,0.00
PED-2023-001513,1488.50,1488.50,0.00
PED-2023-001514,1917.42,1917.42,0.00
PED-2023-001515,1403.28,1403.28,0.00
PED-2023-001516,1345.60,1345.60,0.00
PED-2023-001517,2511.58,2511.58,0.00
PED-2023-001518,675.14,675.14,0.00
PED-2023-001519,1890.44,1890.44,0.00
PED-2023-001520,1493.00,1493.00,0.00
PED-2023-001521,643.95,643.95,0.00
PED-2023-001522,1314.44,1314.44,0.00
PED-2023-001523,1355.54,1355.54,0.00
PED-2023-001524,1023.76,1023.76,0.00
PED-2023-001525,1042.98,1042.98,0.00
PED-2023-001526,341.71,341.71,0.00
PED-2023-001527,895.76,895.76,0.00
PED-2023-001528,769.46,769.46,0.00
PED-2023-001529,616.67,616.67,0.00
PED-2023-001530,1214.12,1214.12,0.00
PED-2023-001531,647.95,647.95,0.00
PED-2023-001532,945.52,945.52,0.00
PED-2023-001533,1495.94,1495.94,0.00
PED-2023-001534,609.38,609.38,0.00
PED-2023-001535,1495.88,1495.88,0.00
PED-2023-001536,1471.08,1471.08,0.00
PED-2023-001537,995.30,995.30,0.00
PED-2023-001538,2005.10,2005.10,0.00
PED-2023-001539,1107.36,1107.36,0.00
PED-2023-001540,1455.20,1455.20,0.00
PED-2023-001541,2588.30,2588.30,0.00
PED-2023-001542,806.66,806.66,0.00
PED-2023-001543,1989.08,1989.08,0.00
PED-2023-001544,1997.16,1997.16,0.00
PED-2023-001545,1291.22,1291.22,0.00
PED-2023-001546,2596.94,2596.94,0.00
PED-2023-001547,1469.04,1469.04,0.00
PED-2023-001548,1849.76,1849.76,0.00
PED-2023-001549,3278.78,3278.78,0.00
PED-2023-001550,1003.94,1003.94,0.00
PED-2023-001551,1561.64,1561.64,0.00
PED-2023-001552,2369.80,2369.80,0.00
PED-2023-001553,973.38,973.38,0.00
PED-2023-001554,2068.85,2068.85,0.00
PED-2023-001555,1227.13,1227.13,0.00
PED-2023-001556,1268.37,1268.37,0.00
PED-2023-001557,1367.13,1367.13,0.00
PED-2023-001558,349.14,349.14,0.00
PED-2023-001559,1175.21,1175.21,0.00
PED-2023-001560,1329.59,1329.59,0.00
PED-2023-001561,693.05,693.05,0.00
PED-2023-001562,1487.09,1487.09,0.00
PED-2023-001563,411.86,411.86,0.00
PED-2023-001564,703.67,703.67,0.00
PED-2023-001565,1236.42,1236.42,0.00
PED-2023-001566,396.52,396.52,0.00
PED-2023-001567,1116.56,1116.56,0.00
PED-2023-001568,1120.36,1120.36,0.00
PED-2023-001569,798.02,798.02,0.00
PED-2023-001570,1610.54,1610.54,0.00
PED-2023-001571,866.24,866.24,0.00
PED-2023-001572,1192.16,1192.16,0.00
PED-2023-001573,2127.98,2127.98,0.00
PED-2023-001574,675.14,675.14,0.00
PED-2023-001575,1660.28,1660.28,0.00
PED-2023-001576,1646.44,1646.44,0.00
PED-2023-001577,1093.94,1093.94,0.00
PED-2023-001578,2202.38,2202.38,0.00
PED-2023-001579,1227.92,1227.92,0.00
PED-2023-001580,1586.72,1586.72,0.00
PED-2023-001581,2818.46,2818.46,0.00
PED-2023-001582,872.42,872.42,0.00
PED-2023-001583,2153.48,2153.48,0.00
PED-2023-001584,2172.52,2172.52,0.00
PED-2023-001585,1389.86,1389.86,0.00
PED-2023-001586,2794.22,2794.22,0.00
PED-2023-001587,1589.60,1589.60,0.00
PED-2023-001588,1562.30,1562.30,0.00
PED-2023-001589,2083.36,2083.36,0.00
PED-2023-001590,490.46,490.46,0.00
PED-2023-001591,1486.29,1486.29,0.00
PED-2023-001592,2201.72,2201.72,0.00
PED-2023-001593,865.86,865.86,0.00
PED-2023-001594,1274.88,1274.88,0.00
PED-2023-001595,1211.27,1211.27,0.00
PED-2023-001596,857.40,857.40,0.00
PED-2023-001597,1568.28,1568.28,0.00
PED-2023-001598,400.66,400.66,0.00
PED-2023-001599,1322.01,1322.01,0.00
PED-2023-001600,611.86,611.86,0.00
PED-2023-001601,600.74,600.74,0.00
PED-2023-001602,1215.98,1215.98,0.00
PED-2023-001603,625.12,625.12,0.00
PED-2023-001604,929.12,929.12,0.00
PED-2023-001605,1667.66,1667.66,0.00
PED-2023-001606,543.62,543.62,0.00
PED-2023-001607,1331.48,1331.48,0.00
PED-2023-001608,1295.72,1295.72,0.00
PED-2023-001609,896.66,896.66,0.00
PED-2023-001610,1807.82,1807.82,0.00
PED-2023-001611,986.80,986.80,0.00
PED-2023-001612,1323.68,1323.68,0.00
PED-2023-001613,2358.14,2358.14,0.00
PED-2023-001614,740.90,740.90,0.00
PED-2023-001615,1824.68,1824.68,0.00
PED-2023-001616,1821.80,1821.80,0.00
PED-2023-001617,1192.58,1192.58,0.00
PED-2023-001618,2399.66,2399.66,0.00
PED-2023-001619,1348.48,1348.48,0.00
PED-2023-001620,1718.24,1718.24,0.00
PED-2023-001621,2634.21,2634.21,0.00
PED-2023-001622,841.84,841.84,0.00
PED-2023-001623,1830.21,1830.21,0.00
PED-2023-001624,2151.59,2151.59,0.00
PED-2023-001625,1278.85,1278.85,0.00
PED-2023-001626,1655.26,1655.26,0.00
PED-2023-001627,1100.21,1100.21,0.00
PED-2023-001628,1091.01,1091.01,0.00
PED-2023-001629,2289.32,2289.32,0.00
PED-2023-001630,546.93,546.93,0.00
PED-2023-001631,1624.95,1624.95,0.00
PED-2023-001632,1186.24,1186.24,0.00
PED-2023-001633,575.44,575.44,0.00
PED-2023-001634,1588.62,1588.62,0.00
PED-2023-001635,1611.52,1611.52,0.00
PED-2023-001636,1126.40,1126.40,0.00
PED-2023-001637,1207.34,1207.34,0.00
PED-2023-001638,412.10,412.10,0.00
PED-2023-001639,1002.68,1002.68,0.00
PED-2023-001640,945.00,945.00,0.00
PED-2023-001641,699.38,699.38,0.00
PED-2023-001642,1413.26,1413.26,0.00
PED-2023-001643,745.68,745.68,0.00
PED-2023-001644,1060.64,1060.64,0.00
PED-2023-001645,1897.82,1897.82,0.00
PED-2023-001646,609.38,609.38,0.00
PED-2023-001647,1495.88,1495.88,0.00
PED-2023-001648,1471.08,1471.08,0.00
PED-2023-001649,995.30,995.30,0.00
PED-2023-001650,2005.10,2005.10,0.00
PED-2023-001651,1107.36,1107.36,0.00
PED-2023-001652,1455.20,1455.20,0.00
PED-2023-001653,2588.30,2588.30,0.00
PED-2023-001654,740.15,740.15,0.00
PED-2023-001655,1698.46,1698.46,0.00
PED-2023-001656,1730.10,1730.10,0.00
PED-2023-001657,1149.88,1149.88,0.00
PED-2023-001658,2052.13,2052.13,0.00
PED-2023-001659,1355.40,1355.40,0.00
PED-2023-001660,1581.96,1581.96,0.00
PED-2023-001661,2757.37,2757.37,0.00
PED-2023-001662,900.46,900.46,0.00
PED-2023-001663,1270.18,1270.18,0.00
PED-2023-001664,2182.23,2182.23,0.00
PED-2023-001665,779.63,779.63,0.00
PED-2023-001666,1821.85,1821.85,0.00
PED-2023-001667,1214.56,1214.56,0.00
PED-2023-001668,1477.12,1477.12,0.00
PED-2023-001669,1667.66,1667.66,0.00
PED-2023-001670,434.02,434.02,0.00
PED-2023-001671,1287.64,1287.64,0.00
PED-2023-001672,1668.36,1668.36,0.00
PED-2023-001673,808.98,808.98,0.00
PED-2023-001674,1785.90,1785.90,0.00
PED-2023-001675,504.56,504.56,0.00
PED-2023-001676,797.60,797.60,0.00
PED-2023-001677,1437.50,1437.50,0.00
PED-2023-001678,477.86,477.86,0.00
PED-2023-001679,1167.08,1167.08,0.00
PED-2023-001680,1120.36,1120.36,0.00
PED-2023-001681,798.02,798.02,0.00
PED-2023-001682,1610.54,1610.54,0.00
PED-2023-001683,866.24,866.24,0.00
PED-2023-001684,1192.16,1192.16,0.00
PED-2023-001685,2127.98,2127.98,0.00
PED-2023-001686,675.14,675.14,0.00
PED-2023-001687,1660.28,1660.28,0.00
PED-2023-001688,1343.72,1343.72,0.00
PED-2023-001689,967.39,967.39,0.00
PED-2023-001690,1878.30,1878.30,0.00
PED-2023-001691,1071.03,1071.03,0.00
PED-2023-001692,1408.06,1408.06,0.00
PED-2023-001693,2228.03,2228.03,0.00
PED-2023-001694,768.30,768.30,0.00
PED-2023-001695,1837.10,1837.10,0.00
PED-2023-001696,1882.44,1882.44,0.00
PED-2023-001697,1236.99,1236.99,0.00
PED-2023-001698,2208.89,2208.89,0.00
PED-2023-001699,1467.18,1467.18,0.00
PED-2023-001700,1739.05,1739.05,0.00
PED-2023-001701,2281.42,2281.42,0.00
PED-2023-001702,609.38,609.38,0.00
PED-2023-001703,1726.04,1726.04,0.00
PED-2023-001704,2545.16,2545.16,0.00
PED-2023-001705,1072.02,1072.02,0.00
PED-2023-001706,1391.34,1391.34,0.00
PED-2023-001707,1490.96,1490.96,0.00
PED-2023-001708,994.88,994.88,0.00
PED-2023-001709,1897.82,1897.82,0.00
PED-2023-001710,499.78,499.78,0.00
PED-2023-001711,1452.04,1452.04,0.00
PED-2023-001712,769.64,769.64,0.00
PED-2023-001713,600.74,600.74,0.00
PED-2023-001714,1215.98,1215.98,0.00
PED-2023-001715,625.12,625.12,0.00
PED-2023-001716,929.12,929.12,0.00
PED-2023-001717,1667.66,1667.66,0.00
PED-2023-001718,543.62,543.62,0.00
PED-2023-001719,1331.48,1331.48,0.00
PED-2023-001720,1295.72,1295.72,0.00
PED-2023-001721,761.77,761.77,0.00
PED-2023-001722,1602.14,1602.14,0.00
PED-2023-001723,810.78,810.78,0.00
PED-2023-001724,1172.81,1172.81,0.00
PED-2023-001725,2010.20,2010.20,0.00
PED-2023-001726,615.71,615.71,0.00
PED-2023-001727,1616.38,1616.38,0.00
PED-2023-001728,1487.34,1487.34,0.00
PED-2023-001729,1055.07,1055.07,0.00
PED-2023-001730,2044.34,2044.34,0.00
PED-2023-001731,1176.77,1176.77,0.00
PED-2023-001732,1523.66,1523.66,0.00
PED-2023-001733,2411.10,2411.10,0.00
PED-2023-001734,938.18,938.18,0.00
PED-2023-001735,2317.88,2317.88,0.00
PED-2023-001736,2347.88,2347.88,0.00
PED-2023-001737,1488.50,1488.50,0.00
PED-2023-001738,1917.42,1917.42,0.00
PED-2023-001739,1403.28,1403.28,0.00
PED-2023-001740,1345.60,1345.60,0.00
PED-2023-001741,2511.58,2511.58,0.00
PED-2023-001742,675.14,675.14,0.00
PED-2023-001743,1890.44,1890.44,0.00
PED-2023-001744,1493.00,1493.00,0.00
PED-2023-001745,710.34,710.34,0.00
PED-2023-001746,1588.62,1588.62,0.00
PED-2023-001747,1611.52,1611.52,0.00
PED-2023-001748,1126.40,1126.40,0.00
PED-2023-001749,1207.34,1207.34,0.00
PED-2023-001750,412.10,412.10,0.00
PED-2023-001751,1002.68,1002.68,0.00
PED-2023-001752,945.00,945.00,0.00
PED-2023-001753,699.38,699.38,0.00
PED-2023-001754,1309.87,1309.87,0.00
PED-2023-001755,625.99,625.99,0.00
PED-2023-001756,885.87,885.87,0.00
PED-2023-001757,1682.23,1682.23,0.00
PED-2023-001758,476.28,476.28,0.00
PED-2023-001759,1326.45,1326.45,0.00
PED-2023-001760,1158.08,1158.08,0.00
PED-2023-001761,830.61,830.61,0.00
PED-2023-001762,1774.79,1774.79,0.00
PED-2023-001763,910.54,910.54,0.00
PED-2023-001764,1290.03,1290.03,0.00
PED-2023-001765,2203.64,2203.64,0.00
PED-2023-001766,670.52,670.52,0.00
PED-2023-001767,1883.76,1883.76,0.00
PED-2023-001768,1997.16,1997.16,0.00
PED-2023-001769,1291.22,1291.22,0.00
PED-2023-001770,2596.94,2596.94,0.00
PED-2023-001771,1469.04,1469.04,0.00
PED-2023-001772,1849.76,1849.76,0.00
PED-2023-001773,3278.78,3278.78,0.00
PED-2023-001774,1003.94,1003.94,0.00
PED-2023-001775,1561.64,1561.64,0.00
PED-2023-001776,2369.80,2369.80,0.00
PED-2023-001777,973.38,973.38,0.00
PED-2023-001778,2114.70,2114.70,0.00
PED-2023-001779,1523.84,1523.84,0.00
PED-2023-001780,1477.12,1477.12,0.00
PED-2023-001781,1667.66,1667.66,0.00
PED-2023-001782,434.02,434.02,0.00
PED-2023-001783,1287.64,1287.64,0.00
PED-2023-001784,1668.36,1668.36,0.00
PED-2023-001785,808.98,808.98,0.00
PED-2023-001786,1785.90,1785.90,0.00
PED-2023-001787,504.56,504.56,0.00
PED-2023-001788,625.21,625.21,0.00
PED-2023-001789,1272.28,1272.28,0.00
PED-2023-001790,419.77,419.77,0.00
PED-2023-001791,975.01,975.01,0.00
PED-2023-001792,983.50,983.50,0.00
PED-2023-001793,625.85,625.85,0.00
PED-2023-001794,1428.31,1428.31,0.00
PED-2023-001795,725.21,725.21,0.00
PED-2023-001796,996.58,996.58,0.00
PED-2023-001797,1883.38,1883.38,0.00
PED-2023-001798,527.80,527.80,0.00
PED-2023-001799,1473.25,1473.25,0.00
PED-2023-001800,1302.34,1302.34,0.00
PED-2023-001801,1093.94,1093.94,0.00
PED-2023-001802,2202.38,2202.38,0.00
PED-2023-001803,1227.92,1227.92,0.00
PED-2023-001804,1586.72,1586.72,0.00
PED-2023-001805,2818.46,2818.46,0.00
PED-2023-001806,872.42,872.42,0.00
PED-2023-001807,2153.48,2153.48,0.00
PED-2023-001808,2172.52,2172.52,0.00
PED-2023-001809,1389.86,1389.86,0.00
PED-2023-001810,2794.22,2794.22,0.00
PED-2023-001811,1589.60,1589.60,0.00
PED-2023-001812,1981.28,1981.28,0.00
PED-2023-001813,2281.42,2281.42,0.00
PED-2023-001814,609.38,609.38,0.00
PED-2023-001815,1726.04,1726.04,0.00
PED-2023-001816,2545.16,2545.16,0.00
PED-2023-001817,1072.02,1072.02,0.00
PED-2023-001818,1391.34,1391.34,0.00
PED-2023-001819,1490.96,1490.96,0.00
PED-2023-001820,994.88,994.88,0.00
PED-2023-001821,1744.85,1744.85,0.00
PED-2023-001822,429.18,429.18,0.00
PED-2023-001823,1178.10,1178.10,0.00
PED-2023-001824,701.54,701.54,0.00
PED-2023-001825,524.23,524.23,0.00
PED-2023-001826,1015.25,1015.25,0.00
PED-2023-001827,513.31,513.31,0.00
PED-2023-001828,729.35,729.35,0.00
PED-2023-001829,1478.31,1478.31,0.00
PED-2023-001830,476.23,476.23,0.00
PED-2023-001831,1113.62,1113.62,0.00
PED-2023-001832,1134.18,1134.18,0.00
PED-2023-001833,703.68,703.68,0.00
PED-2023-001834,1807.82,1807.82,0.00
PED-2023-001835,986.80,986.80,0.00
PED-2023-001836,1323.68,1323.68,0.00
PED-2023-001837,2358.14,2358.14,0.00
PED-2023-001838,740.90,740.90,0.00
PED-2023-001839,1824.68,1824.68,0.00
PED-2023-001840,1821.80,1821.80,0.00
PED-2023-001841,1192.58,1192.58,0.00
PED-2023-001842,2399.66,2399.66,0.00
PED-2023-001843,1348.48,1348.48,0.00
PED-2023-001844,1718.24,1718.24,0.00
PED-2023-001845,3048.62,3048.62,0.00
PED-2023-001846,938.18,938.18,0.00
PED-2023-001847,2317.88,2317.88,0.00
PED-2023-001848,2347.88,2347.88,0.00
PED-2023-001849,1488.50,1488.50,0.00
PED-2023-001850,1917.42,1917.42,0.00
PED-2023-001851,1403.28,1403.28,0.00
PED-2023-001852,1345.60,1345.60,0.00
PED-2023-001853,2511.58,2511.58,0.00
PED-2023-001854,653.03,653.03,0.00
PED-2023-001855,1517.06,1517.06,0.00
PED-2023-001856,1325.70,1325.70,0.00
PED-2023-001857,595.83,595.83,0.00
PED-2023-001858,1293.71,1293.71,0.00
PED-2023-001859,1515.42,1515.42,0.00
PED-2023-001860,949.01,949.01,0.00
PED-2023-001861,1006.51,1006.51,0.00
PED-2023-001862,372.77,372.77,0.00
PED-2023-001863,786.87,786.87,0.00
PED-2023-001864,862.68,862.68,0.00
PED-2023-001865,608.11,608.11,0.00
PED-2023-001866,1181.73,1181.73,0.00
PED-2023-001867,633.68,633.68,0.00
PED-2023-001868,1060.64,1060.64,0.00
PED-2023-001869,1897.82,1897.82,0.00
PED-2023-001870,609.38,609.38,0.00
PED-2023-001871,1495.88,1495.88,0.00
PED-2023-001872,1471.08,1471.08,0.00
PED-2023-001873,995.30,995.30,0.00
PED-2023-001874,2005.10,2005.10,0.00
PED-2023-001875,1107.36,1107.36,0.00
PED-2023-001876,1455.20,1455.20,0.00
PED-2023-001877,2588.30,2588.30,0.00
PED-2023-001878,806.66,806.66,0.00
PED-2023-001879,1989.08,1989.08,0.00
PED-2023-001880,1997.16,1997.16,0.00
PED-2023-001881,1291.22,1291.22,0.00
PED-2023-001882,2596.94,2596.94,0.00
PED-2023-001883,1469.04,1469.04,0.00
PED-2023-001884,1849.76,1849.76,0.00
PED-2023-001885,3278.78,3278.78,0.00
PED-2023-001886,1003.94,1003.94,0.00
PED-2023-001887,1561.64,1561.64,0.00
PED-2023-001888,1946.52,1946.52,0.00
PED-2023-001889,884.11,884.11,0.00
PED-2023-001890,1688.13,1688.13,0.00
PED-2023-001891,1354.35,1354.35,0.00
PED-2023-001892,1295.70,1295.70,0.00
PED-2023-001893,1363.30,1363.30,0.00
PED-2023-001894,391.25,391.25,0.00
PED-2023-001895,1080.30,1080.30,0.00
PED-2023-001896,1477.97,1477.97,0.00
PED-2023-001897,683.01,683.01,0.00
PED-2023-001898,1450.47,1450.47,0.00
PED-2023-001899,461.02,461.02,0.00
PED-2023-001900,713.20,713.20,0.00
PED-2023-001901,1437.50,1437.50,0.00
PED-2023-001902,477.86,477.86,0.00
PED-2023-001903,1167.08,1167.08,0.00
PED-2023-001904,1120.36,1120.36,0.00
PED-2023-001905,798.02,798.02,0.00
PED-2023-001906,1610.54,1610.54,0.00
PED-2023-001907,866.24,866.24,0.00
PED-2023-001908,1192.16,1192.16,0.00
PED-2023-001909,2127.98,2127.98,0.00
PED-2023-001910,675.14,675.14,0.00
PED-2023-001911,1660.28,1660.28,0.00
PED-2023-001912,1646.44,1646.44,0.00
PED-2023-001913,1093.94,1093.94,0.00
PED-2023-001914,2202.38,2202.38,0.00
PED-2023-001915,1227.92,1227.92,0.00
PED-2023-001916,1586.72,1586.72,0.00
PED-2023-001917,2818.46,2818.46,0.00
PED-2023-001918,872.42,872.42,0.00
PED-2023-001919,2153.48,2153.48,0.00
PED-2023-001920,2172.52,2172.52,0.00
PED-2023-001921,1186.47,1186.47,0.00
PED-2023-001922,2465.24,2465.24,0.00
PED-2023-001923,1309.46,1309.46,0.00
PED-2023-001924,1759.17,1759.17,0.00
PED-2023-001925,1811.26,1811.26,0.00
PED-2023-001926,521.46,521.46,0.00
PED-2023-001927,1508.40,1508.40,0.00
PED-2023-001928,2090.14,2090.14,0.00
PED-2023-001929,971.75,971.75,0.00
PED-2023-001930,1163.69,1163.69,0.00
PED-2023-001931,1329.66,1329.66,0.00
PED-2023-001932,828.31,828.31,0.00
PED-2023-001933,1546.30,1546.30,0.00
PED-2023-001934,499.78,499.78,0.00
PED-2023-001935,1452.04,1452.04,0.00
PED-2023-001936,769.64,769.64,0.00
PED-2023-001937,600.74,600.74,0.00
PED-2023-001938,1215.98,1215.98,0.00
PED-2023-001939,625.12,625.12,0.00
PED-2023-001940,929.12,929.12,0.00
PED-2023-001941,1667.66,1667.66,0.00
PED-2023-001942,543.62,543.62,0.00
PED-2023-001943,1331.48,1331.48,0.00
PED-2023-001944,1295.72,1295.72,0.00
PED-2023-001945,896.66,896.66,0.00
PED-2023-001946,1807.82,1807.82,0.00
PED-2023-001947,986.80,986.80,0.00
PED-2023-001948,1323.68,1323.68,0.00
PED-2023-001949,2358.14,2358.14,0.00
PED-2023-001950,740.90,740.90,0.00
PED-2023-001951,1824.68,1824.68,0.00
PED-2023-001952,1821.80,1821.80,0.00
PED-2023-001953,1192.58,1192.58,0.00
PED-2023-001954,2238.73,2238.73,0.00
PED-2023-001955,1121.93,1121.93,0.00
PED-2023-001956,1439.35,1439.35,0.00
PED-2023-001957,2687.81,2687.81,0.00
PED-2023-001958,733.84,733.84,0.00
PED-2023-001959,2060.77,2060.77,0.00
PED-2023-001960,1845.82,1845.82,0.00
PED-2023-001961,1244.35,1244.35,0.00
PED-2023-001962,1671.19,1671.19,0.00
PED-2023-001963,1179.06,1179.06,0.00
PED-2023-001964,1224.29,1224.29,0.00
PED-2023-001965,2004.70,2004.70,0.00
PED-2023-001966,576.27,576.27,0.00
PED-2023-001967,1730.32,1730.32,0.00
PED-2023-001968,1493.00,1493.00,0.00
PED-2023-001969,710.34,710.34,0.00
PED-2023-001970,1588.62,1588.62,0.00
PED-2023-001971,1611.52,1611.52,0.00
PED-2023-001972,1126.40,1126.40,0.00
PED-2023-001973,1207.34,1207.34,0.00
PED-2023-001974,412.10,412.10,0.00
PED-2023-001975,1002.68,1002.68,0.00
PED-2023-001976,945.00,945.00,0.00
PED-2023-001977,699.38,699.38,0.00
PED-2023-001978,1413.26,1413.26,0.00
PED-2023-001979,745.68,745.68,0.00
PED-2023-001980,1060.64,1060.64,0.00
PED-2023-001981,1897.82,1897.82,0.00
PED-2023-001982,609.38,609.38,0.00
PED-2023-001983,1495.88,1495.88,0.00
PED-2023-001984,1471.08,1471.08,0.00
PED-2023-001985,995.30,995.30,0.00
PED-2023-001986,2005.10,2005.10,0.00
PED-2023-001987,1107.36,1107.36,0.00
PED-2023-001988,1145.81,1145.81,0.00
PED-2023-001989,2302.52,2302.52,0.00
PED-2023-001990,701.99,701.99,0.00
PED-2023-001991,1668.23,1668.23,0.00
PED-2023-001992,1737.00,1737.00,0.00
PED-2023-001993,1014.93,1014.93,0.00
PED-2023-001994,2310.59,2310.59,0.00
PED-2023-001995,1221.15,1221.15,0.00
PED-2023-001996,1550.06,1550.06,0.00
PED-2023-001997,2888.96,2888.96,0.00
PED-2023-001998,785.36,785.36,0.00
PED-2023-001999,1425.05,1425.05,0.00
PED-2023-002000,1839.38,1839.38,0.00
PED-2023-002001,973.38,973.38,0.00
PED-2023-002002,2114.70,2114.70,0.00
PED-2023-002003,1523.84,1523.84,0.00
PED-2023-002004,1477.12,1477.12,0.00
PED-2023-002005,1667.66,1667.66,0.00
PED-2023-002006,434.02,434.02,0.00
PED-2023-002007,1287.64,1287.64,0.00
PED-2023-002008,1668.36,1668.36,0.00
PED-2023-002009,808.98,808.98,0.00
PED-2023-002010,1785.90,1785.90,0.00
PED-2023-002011,504.56,504.56,0.00
PED-2023-002012,797.60,797.60,0.00
PED-2023-002013,1437.50,1437.50,0.00
PED-2023-002014,477.86,477.86,0.00
PED-2023-002015,1167.08,1167.08,0.00
PED-2023-002016,1120.36,1120.36,0.00
PED-2023-002017,798.02,798.02,0.00
PED-2023-002018,1610.54,1610.54,0.00
PED-2023-002019,866.24,866.24,0.00
PED-2023-002020,1192.16,1192.16,0.00
PED-2023-002021,1829.79,1829.79,0.00
PED-2023-002022,607.28,607.28,0.00
PED-2023-002023,1308.54,1308.54,0.00
PED-2023-002024,1507.10,1507.10,0.00
PED-2023-002025,943.45,943.45,0.00
PED-2023-002026,1848.21,1848.21,0.00
PED-2023-002027,992.81,992.81,0.00
PED-2023-002028,1249.95,1249.95,0.00
PED-2023-002029,2508.55,2508.55,0.00
PED-2023-002030,758.45,758.45,0.00
PED-2023-002031,1806.84,1806.84,0.00
PED-2023-002032,1887.68,1887.68,0.00
PED-2023-002033,1092.76,1092.76,0.00
PED-2023-002034,2794.22,2794.22,0.00
PED-2023-002035,1589.60,1589.60,0.00
PED-2023-002036,1981.28,1981.28,0.00
PED-2023-002037,2281.42,2281.42,0.00
PED-2023-002038,609.38,609.38,0.00
PED-2023-002039,1726.04,1726.04,0.00
PED-2023-002040,2545.16,2545.16,0.00
PED-2023-002041,1072.02,1072.02,0.00
PED-2023-002042,1391.34,1391.34,0.00
PED-2023-002043,1490.96,1490.96,0.00
PED-2023-002044,994.88,994.88,0.00
PED-2023-002045,1897.82,1897.82,0.00
PED-2023-002046,499.78,499.78,0.00
PED-2023-002047,1452.04,1452.04,0.00
PED-2023-002048,769.64,769.64,0.00
PED-2023-002049,600.74,600.74,0.00
PED-2023-002050,1215.98,1215.98,0.00
PED-2023-002051,625.12,625.12,0.00
PED-2023-002052,929.12,929.12,0.00
PED-2023-002053,1667.66,1667.66,0.00
PED-2023-002054,496.85,496.85,0.00
PED-2023-002055,1143.88,1143.88,0.00
PED-2023-002056,1120.72,1120.72,0.00
PED-2023-002057,801.33,801.33,0.00
PED-2023-002058,1425.25,1425.25,0.00
PED-2023-002059,908.22,908.22,0.00
PED-2023-002060,1136.98,1136.98,0.00
PED-2023-002061,1979.21,1979.21,0.00
PED-2023-002062,665.95,665.95,0.00
PED-2023-002063,1438.99,1438.99,0.00
PED-2023-002064,1668.24,1668.24,0.00
PED-2023-002065,1027.33,1027.33,0.00
PED-2023-002066,2014.69,2014.69,0.00
PED-2023-002067,1126.88,1126.88,0.00
PED-2023-002068,1718.24,1718.24,0.00
PED-2023-002069,3048.62,3048.62,0.00
PED-2023-002070,938.18,938.18,0.00
PED-2023-002071,2317.88,2317.88,0.00
PED-2023-002072,2347.88,2347.88,0.00
PED-2023-002073,1488.50,1488.50,0.00
PED-2023-002074,1917.42,1917.42,0.00
PED-2023-002075,1403.28,1403.28,0.00
PED-2023-002076,1345.60,1345.60,0.00
PED-2023-002077,2511.58,2511.58,0.00
PED-2023-002078,675.14,675.14,0.00
PED-2023-002079,1890.44,1890.44,0.00
PED-2023-002080,1493.00,1493.00,0.00
PED-2023-002081,710.34,710.34,0.00
PED-2023-002082,1588.62,1588.62,0.00
PED-2023-002083,1611.52,1611.52,0.00
PED-2023-002084,1126.40,1126.40,0.00
PED-2023-002085,1207.34,1207.34,0.00
PED-2023-002086,412.10,412.10,0.00
PED-2023-002087,1002.68,1002.68,0.00
PED-2023-002088,769.46,769.46,0.00
PED-2023-002089,616.67,616.67,0.00
PED-2023-002090,1214.12,1214.12,0.00
PED-2023-002091,647.95,647.95,0.00
PED-2023-002092,945.52,945.52,0.00
PED-2023-002093,1495.94,1495.94,0.00
PED-2023-002094,535.93,535.93,0.00
PED-2023-002095,1282.52,1282.52,0.00
PED-2023-002096,1273.06,1273.06,0.00
PED-2023-002097,888.51,888.51,0.00
PED-2023-002098,1581.96,1581.96,0.00
PED-2023-002099,1019.98,1019.98,0.00
PED-2023-002100,1283.12,1283.12,0.00
PED-2023-002101,2588.30,2588.30,0.00
PED-2023-002102,806.66,806.66,0.00
PED-2023-002103,1989.08,1989.08,0.00
PED-2023-002104,1997.16,1997.16,0.00
PED-2023-002105,1291.22,1291.22,0.00
PED-2023-002106,2596.94,2596.94,0.00
PED-2023-002107,1469.04,1469.04,0.00
PED-2023-002108,1849.76,1849.76,0.00
PED-2023-002109,3278.78,3278.78,0.00
PED-2023-002110,1003.94,1003.94,0.00
PED-2023-002111,1561.64,1561.64,0.00
PED-2023-002112,2369.80,2369.80,0.00
PED-2023-002113,973.38,973.38,0.00
PED-2023-002114,2114.70,2114.70,0.00
PED-2023-002115,1523.84,1523.84,0.00
PED-2023-002116,1477.12,1477.12,0.00
PED-2023-002117,1667.66,1667.66,0.00
PED-2023-002118,434.02,434.02,0.00
PED-2023-002119,1287.64,1287.64,0.00
PED-2023-002120,1668.36,1668.36,0.00
PED-2023-002121,728.91,728.91,0.00
PED-2023-002122,1487.09,1487.09,0.00
PED-2023-002123,411.86,411.86,0.00
PED-2023-002124,703.67,703.67,0.00
PED-2023-002125,1236.42,1236.42,0.00
PED-2023-002126,396.52,396.52,0.00
PED-2023-002127,1039.85,1039.85,0.00
PED-2023-002128,913.00,913.00,0.00
PED-2023-002129,704.36,704.36,0.00
PED-2023-002130,1380.16,1380.16,0.00
PED-2023-002131,753.76,753.76,0.00
PED-2023-002132,1061.21,1061.21,0.00
PED-2023-002133,1678.88,1678.88,0.00
PED-2023-002134,675.14,675.14,0.00
PED-2023-002135,1660.28,1660.28,0.00
PED-2023-002136,1646.44,1646.44,0.00
PED-2023-002137,1093.94,1093.94,0.00
PED-2023-002138,2202.38,2202.38,0.00
PED-2023-002139,1227.92,1227.92,0.00
PED-2023-002140,1586.72,1586.72,0.00
PED-2023-002141,2818.46,2818.46,0.00
PED-2023-002142,872.42,872.42,0.00
PED-2023-002143,2153.48,2153.48,0.00
PED-2023-002144,2172.52,2172.52,0.00
PED-2023-002145,1389.86,1389.86,0.00
PED-2023-002146,2794.22,2794.22,0.00
PED-2023-002147,1589.60,1589.60,0.00
PED-2023-002148,1981.28,1981.28,0.00
PED-2023-002149,2281.42,2281.42,0.00
PED-2023-002150,609.38,609.38,0.00
PED-2023-002151,1726.04,1726.04,0.00
PED-2023-002152,2545.16,2545.16,0.00
PED-2023-002153,1072.02,1072.02,0.00
PED-2023-002154,1334.01,1334.01,0.00
PED-2023-002155,1211.27,1211.27,0.00
PED-2023-002156,857.40,857.40,0.00
PED-2023-002157,1568.28,1568.28,0.00
PED-2023-002158,400.66,400.66,0.00
PED-2023-002159,1322.01,1322.01,0.00
PED-2023-002160,607.90,607.90,0.00
PED-2023-002161,499.60,499.60,0.00
PED-2023-002162,1084.27,1084.27,0.00
PED-2023-002163,511.55,511.55,0.00
PED-2023-002164,821.01,821.01,0.00
PED-2023-002165,1429.86,1429.86,0.00
PED-2023-002166,451.31,451.31,0.00
PED-2023-002167,1270.00,1270.00,0.00
PED-2023-002168,1295.72,1295.72,0.00
PED-2023-002169,896.66,896.66,0.00
PED-2023-002170,1807.82,1807.82,0.00
PED-2023-002171,986.80,986.80,0.00
PED-2023-002172,1323.68,1323.68,0.00
PED-2023-002173,2358.14,2358.14,0.00
PED-2023-002174,740.90,740.90,0.00
PED-2023-002175,1824.68,1824.68,0.00
PED-2023-002176,1821.80,1821.80,0.00
PED-2023-002177,1192.58,1192.58,0.00
PED-2023-002178,2399.66,2399.66,0.00
PED-2023-002179,1348.48,1348.48,0.00
PED-2023-002180,1718.24,1718.24,0.00
PED-2023-002181,3048.62,3048.62,0.00
PED-2023-002182,938.18,938.18,0.00
PED-2023-002183,2317.88,2317.88,0.00
PED-2023-002184,2347.88,2347.88,0.00
PED-2023-002185,1488.50,1488.50,0.00
PED-2023-002186,1917.42,1917.42,0.00
PED-2023-002187,1403.28,1403.28,0.00
PED-2023-002188,1091.01,1091.01,0.00
PED-2023-002189,2289.32,2289.32,0.00
PED-2023-002190,546.93,546.93,0.00
PED-2023-002191,1624.95,1624.95,0.00
PED-2023-002192,1186.24,1186.24,0.00
PED-2023-002193,575.44,575.44,0.00
PED-2023-002194,1451.26,1451.26,0.00
PED-2023-002195,1310.47,1310.47,0.00
PED-2023-002196,968.07,968.07,0.00
PED-2023-002197,1078.87,1078.87,0.00
PED-2023-002198,321.75,321.75,0.00
PED-2023-002199,885.88,885.88,0.00
PED-2023-002200,749.90,749.90,0.00
PED-2023-002201,699.38,699.38,0.00
PED-2023-002202,1413.26,1413.26,0.00
PED-2023-002203,745.68,745.68,0.00
PED-2023-002204,1060.64,1060.64,0.00
PED-2023-002205,1897.82,1897.82,0.00
PED-2023-002206,609.38,609.38,0.00
PED-2023-002207,1495.88,1495.88,0.00
PED-2023-002208,1471.08,1471.08,0.00
PED-2023-002209,995.30,995.30,0.00
PED-2023-002210,2005.10,2005.10,0.00
PED-2023-002211,1107.36,1107.36,0.00
PED-2023-002212,1455.20,1455.20,0.00
PED-2023-002213,2588.30,2588.30,0.00
PED-2023-002214,806.66,806.66,0.00
PED-2023-002215,1989.08,1989.08,0.00
PED-2023-002216,1997.16,1997.16,0.00
PED-2023-002217,1291.22,1291.22,0.00
PED-2023-002218,2596.94,2596.94,0.00
PED-2023-002219,1469.04,1469.04,0.00
PED-2023-002220,1849.76,1849.76,0.00
PED-2023-002221,2835.37,2835.37,0.00
PED-2023-002222,900.46,900.46,0.00
PED-2023-002223,1270.18,1270.18,0.00
PED-2023-002224,2182.23,2182.23,0.00
PED-2023-002225,779.63,779.63,0.00
PED-2023-002226,1821.85,1821.85,0.00
PED-2023-002227,1196.11,1196.11,0.00
PED-2023-002228,1195.15,1195.15,0.00
PED-2023-002229,1528.73,1528.73,0.00
PED-2023-002230,373.20,373.20,0.00
PED-2023-002231,1111.40,1111.40,0.00
PED-2023-002232,1336.93,1336.93,0.00
PED-2023-002233,653.27,653.27,0.00
PED-2023-002234,1785.90,1785.90,0.00
PED-2023-002235,504.56,504.56,0.00
PED-2023-002236,797.60,797.60,0.00
PED-2023-002237,1437.50,1437.50,0.00
PED-2023-002238,477.86,477.86,0.00
PED-2023-002239,1167.08,1167.08,0.00
PED-2023-002240,1120.36,1120.36,0.00
PED-2023-002241,798.02,798.02,0.00
PED-2023-002242,1610.54,1610.54,0.00
PED-2023-002243,866.24,866.24,0.00
PED-2023-002244,1192.16,1192.16,0.00
PED-2023-002245,2127.98,2127.98,0.00
PED-2023-002246,675.14,675.14,0.00
PED-2023-002247,1660.28,1660.28,0.00
PED-2023-002248,1646.44,1646.44,0.00
PED-2023-002249,1093.94,1093.94,0.00
PED-2023-002250,2202.38,2202.38,0.00
PED-2023-002251,1227.92,1227.92,0.00
PED-2023-002252,1586.72,1586.72,0.00
PED-2023-002253,2818.46,2818.46,0.00
PED-2023-002254,800.99,800.99,0.00
PED-2023-002255,1837.10,1837.10,0.00
PED-2023-002256,1882.44,1882.44,0.00
PED-2023-002257,1236.99,1236.99,0.00
PED-2023-002258,2208.89,2208.89,0.00
PED-2023-002259,1467.18,1467.18,0.00
PED-2023-002260,1693.20,1693.20,0.00
PED-2023-002261,1969.91,1969.91,0.00
PED-2023-002262,544.83,544.83,0.00
PED-2023-002263,1400.63,1400.63,0.00
PED-2023-002264,2343.38,2343.38,0.00
PED-2023-002265,863.47,863.47,0.00
PED-2023-002266,1205.88,1205.88,0.00
PED-2023-002267,1159.76,1159.76,0.00
PED-2023-002268,994.88,994.88,0.00
PED-2023-002269,1897.82,1897.82,0.00
PED-2023-002270,499.78,499.78,0.00
PED-2023-002271,1452.04,1452.04,0.00
PED-2023-002272,769.64,769.64,0.00
PED-2023-002273,600.74,600.74,0.00
PED-2023-002274,1215.98,1215.98,0.00
PED-2023-002275,625.12,625.12,0.00
PED-2023-002276,929.12,929.12,0.00
PED-2023-002277,1667.66,1667.66,0.00
PED-2023-002278,543.62,543.62,0.00
PED-2023-002279,1331.48,1331.48,0.00
PED-2023-002280,1295.72,1295.72,0.00
PED-2023-002281,896.66,896.66,0.00
PED-2023-002282,1807.82,1807.82,0.00
PED-2023-002283,986.80,986.80,0.00
PED-2023-002284,1323.68,1323.68,0.00
PED-2023-002285,2358.14,2358.14,0.00
PED-2023-002286,740.90,740.90,0.00
PED-2023-002287,1824.68,1824.68,0.00
PED-2023-002288,1487.34,1487.34,0.00
PED-2023-002289,1055.07,1055.07,0.00
PED-2023-002290,2044.34,2044.34,0.00
PED-2023-002291,1176.77,1176.77,0.00
PED-2023-002292,1523.66,1523.66,0.00
PED-2023-002293,2411.10,2411.10,0.00
PED-2023-002294,826.37,826.37,0.00
PED-2023-002295,1975.74,1975.74,0.00
PED-2023-002296,2034.78,2034.78,0.00
PED-2023-002297,1324.17,1324.17,0.00
PED-2023-002298,1560.04,1560.04,0.00
PED-2023-002299,1318.10,1318.10,0.00
PED-2023-002300,1085.84,1085.84,0.00
PED-2023-002301,2511.58,2511.58,0.00
PED-2023-002302,675.14,675.14,0.00
PED-2023-002303,1890.44,1890.44,0.00
PED-2023-002304,1493.00,1493.00,0.00
PED-2023-002305,710.34,710.34,0.00
PED-2023-002306,1588.62,1588.62,0.00
PED-2023-002307,1611.52,1611.52,0.00
PED-2023-002308,1126.40,1126.40,0.00
PED-2023-002309,1207.34,1207.34,0.00
PED-2023-002310,412.10,412.10,0.00
PED-2023-002311,1002.68,1002.68,0.00
PED-2023-002312,945.00,945.00,0.00
PED-2023-002313,699.38,699.38,0.00
PED-2023-002314,1413.26,1413.26,0.00
PED-2023-002315,745.68,745.68,0.00
PED-2023-002316,1060.64,1060.64,0.00
PED-2023-002317,1897.82,1897.82,0.00
PED-2023-002318,609.38,609.38,0.00
PED-2023-002319,1495.88,1495.88,0.00
PED-2023-002320,1471.08,1471.08,0.00
PED-2023-002321,846.73,846.73,0.00
PED-2023-002322,1774.79,1774.79,0.00
PED-2023-002323,910.54,910.54,0.00
PED-2023-002324,1290.03,1290.03,0.00
PED-2023-002325,2203.64,2203.64,0.00
PED-2023-002326,670.52,670.52,0.00
PED-2023-002327,1760.47,1760.47,0.00
PED-2023-002328,1630.88,1630.88,0.00
PED-2023-002329,1142.76,1142.76,0.00
PED-2023-002330,2210.38,2210.38,0.00
PED-2023-002331,1282.58,1282.58,0.00
PED-2023-002332,1639.35,1639.35,0.00
PED-2023-002333,2594.04,2594.04,0.00
PED-2023-002334,1003.94,1003.94,0.00
PED-2023-002335,1561.64,1561.64,0.00
PED-2023-002336,2369.80,2369.80,0.00
PED-2023-002337,973.38,973.38,0.00
PED-2023-002338,2114.70,2114.70,0.00
PED-2023-002339,1523.84,1523.84,0.00
PED-2023-002340,1477.12,1477.12,0.00
PED-2023-002341,1667.66,1667.66,0.00
PED-2023-002342,434.02,434.02,0.00
PED-2023-002343,1287.64,1287.64,0.00
PED-2023-002344,1668.36,1668.36,0.00
PED-2023-002345,808.98,808.98,0.00
PED-2023-002346,1785.90,1785.90,0.00
PED-2023-002347,504.56,504.56,0.00
PED-2023-002348,797.60,797.60,0.00
PED-2023-002349,1437.50,1437.50,0.00
PED-2023-002350,477.86,477.86,0.00
PED-2023-002351,1167.08,1167.08,0.00
PED-2023-002352,1120.36,1120.36,0.00
PED-2023-002353,798.02,798.02,0.00
PED-2023-002354,1495.67,1495.67,0.00
PED-2023-002355,725.21,725.21,0.00
PED-2023-002356,996.58,996.58,0.00
PED-2023-002357,1883.38,1883.38,0.00
PED-2023-002358,527.80,527.80,0.00
PED-2023-002359,1473.25,1473.25,0.00
PED-2023-002360,1295.64,1295.64,0.00
PED-2023-002361,913.34,913.34,0.00
PED-2023-002362,1947.37,1947.37,0.00
PED-2023-002363,1010.23,1010.23,0.00
PED-2023-002364,1407.37,1407.37,0.00
PED-2023-002365,2397.08,2397.08,0.00
PED-2023-002366,725.31,725.31,0.00
PED-2023-002367,2037.20,2037.20,0.00
PED-2023-002368,2172.52,2172.52,0.00
PED-2023-002369,1389.86,1389.86,0.00
PED-2023-002370,2794.22,2794.22,0.00
PED-2023-002371,1589.60,1589.60,0.00
PED-2023-002372,1981.28,1981.28,0.00
PED-2023-002373,2281.42,2281.42,0.00
PED-2023-002374,609.38,609.38,0.00
PED-2023-002375,1726.04,1726.04,0.00
PED-2023-002376,2545.16,2545.16,0.00
PED-2023-002377,1072.02,1072.02,0.00
PED-2023-002378,1391.34,1391.34,0.00
PED-2023-002379,1490.96,1490.96,0.00
PED-2023-002380,994.88,994.88,0.00
PED-2023-002381,1897.82,1897.82,0.00
PED-2023-002382,499.78,499.78,0.00
PED-2023-002383,1452.04,1452.04,0.00
PED-2023-002384,769.64,769.64,0.00
PED-2023-002385,600.74,600.74,0.00
PED-2023-002386,1215.98,1215.98,0.00
PED-2023-002387,625.12,625.12,0.00
PED-2023-002388,729.35,729.35,0.00
PED-2023-002389,1478.31,1478.31,0.00
PED-2023-002390,476.23,476.23,0.00
PED-2023-002391,1113.62,1113.62,0.00
PED-2023-002392,1134.18,1134.18,0.00
PED-2023-002393,703.68,703.68,0.00
PED-2023-002394,1604.69,1604.69,0.00
PED-2023-002395,824.33,824.33,0.00
PED-2023-002396,1107.28,1107.28,0.00
PED-2023-002397,2084.45,2084.45,0.00
PED-2023-002398,579.31,579.31,0.00
PED-2023-002399,1620.20,1620.20,0.00
PED-2023-002400,1440.38,1440.38,0.00
PED-2023-002401,1192.58,1192.58,0.00
PED-2023-002402,2399.66,2399.66,0.00
PED-2023-002403,1348.48,1348.48,0.00
PED-2023-002404,1718.24,1718.24,0.00
PED-2023-002405,3048.62,3048.62,0.00
PED-2023-002406,938.18,938.18,0.00
PED-2023-002407,2317.88,2317.88,0.00
PED-2023-002408,2347.88,2347.88,0.00
PED-2023-002409,1488.50,1488.50,0.00
PED-2023-002410,1917.42,1917.42,0.00
PED-2023-002411,1403.28,1403.28,0.00
PED-2023-002412,1345.60,1345.60,0.00
PED-2023-002413,2511.58,2511.58,0.00
PED-2023-002414,675.14,675.14,0.00
PED-2023-002415,1890.44,1890.44,0.00
PED-2023-002416,1493.00,1493.00,0.00
PED-2023-002417,710.34,710.34,0.00
PED-2023-002418,1588.62,1588.62,0.00
PED-2023-002419,1611.52,1611.52,0.00
PED-2023-002420,1126.40,1126.40,0.00
PED-2023-002421,1025.29,1025.29,0.00
PED-2023-002422,372.77,372.77,0.00
PED-2023-002423,786.87,786.87,0.00
PED-2023-002424,862.68,862.68,0.00
PED-2023-002425,608.11,608.11,0.00
PED-2023-002426,1181.73,1181.73,0.00
PED-2023-002427,609.20,609.20,0.00
PED-2023-002428,833.46,833.46,0.00
PED-2023-002429,1684.35,1684.35,0.00
PED-2023-002430,532.67,532.67,0.00
PED-2023-002431,1252.26,1252.26,0.00
PED-2023-002432,1284.87,1284.87,0.00
PED-2023-002433,781.49,781.49,0.00
PED-2023-002434,2005.10,2005.10,0.00
PED-2023-002435,1107.36,1107.36,0.00
PED-2023-002436,1455.20,1455.20,0.00
PED-2023-002437,2588.30,2588.30,0.00
PED-2023-002438,806.66,806.66,0.00
PED-2023-002439,1989.08,1989.08,0.00
PED-2023-002440,1997.16,1997.16,0.00
PED-2023-002441,1291.22,1291.22,0.00
PED-2023-002442,2596.94,2596.94,0.00
PED-2023-002443,1469.04,1469.04,0.00
PED-2023-002444,1849.76,1849.76,0.00
PED-2023-002445,3278.78,3278.78,0.00
PED-2023-002446,1003.94,1003.94,0.00
PED-2023-002447,1561.64,1561.64,0.00
PED-2023-002448,2369.80,2369.80,0.00
PED-2023-002449,973.38,973.38,0.00
PED-2023-002450,2114.70,2114.70,0.00
PED-2023-002451,1510.94,1510.94,0.00
PED-2023-002452,1464.22,1464.22,0.00
PED-2023-002453,1654.76,1654.76,0.00
PED-2023-002454,394.06,394.06,0.00
PED-2023-002455,1067.40,1067.40,0.00
PED-2023-002456,1465.07,1465.07,0.00
PED-2023-002457,670.11,670.11,0.00
PED-2023-002458,1437.57,1437.57,0.00
PED-2023-002459,448.12,448.12,0.00
PED-2023-002460,679.10,679.10,0.00
PED-2023-002461,1188.10,1188.10,0.00
PED-2023-002462,418.49,418.49,0.00
PED-2023-002463,904.38,904.38,0.00
PED-2023-002464,1010.85,1010.85,0.00
PED-2023-002465,679.05,679.05,0.00
PED-2023-002466,1335.49,1335.49,0.00
PED-2023-002467,719.42,719.42,0.00
PED-2023-002468,1179.26,1179.26,0.00
PED-2023-002469,2115.08,2115.08,0.00
PED-2023-002470,662.24,662.24,0.00
PED-2023-002471,1647.38,1647.38,0.00
PED-2023-002472,1633.54,1633.54,0.00
PED-2023-002473,1081.04,1081.04,0.00
PED-2023-002474,2189.48,2189.48,0.00
PED-2023-002475,1215.02,1215.02,0.00
PED-2023-002476,1573.82,1573.82,0.00
PED-2023-002477,2805.56,2805.56,0.00
PED-2023-002478,859.52,859.52,0.00
PED-2023-002479,2140.58,2140.58,0.00
PED-2023-002480,2159.62,2159.62,0.00
PED-2023-002481,1376.96,1376.96,0.00
PED-2023-002482,2781.32,2781.32,0.00
PED-2023-002483,1576.70,1576.70,0.00
PED-2023-002484,1968.38,1968.38,0.00
PED-2023-002485,2268.52,2268.52,0.00
PED-2023-002486,596.48,596.48,0.00
PED-2023-002487,1713.14,1713.14,0.00
PED-2023-002488,2077.24,2077.24,0.00
PED-2023-002489,958.85,958.85,0.00
PED-2023-002490,1150.79,1150.79,0.00
PED-2023-002491,1316.76,1316.76,0.00
PED-2023-002492,815.41,815.41,0.00
PED-2023-002493,1533.40,1533.40,0.00
PED-2023-002494,436.45,436.45,0.00
PED-2023-002495,1206.04,1206.04,0.00
PED-2023-002496,650.79,650.79,0.00
PED-2023-002497,527.06,527.06,0.00
PED-2023-002498,942.12,942.12,0.00
PED-2023-002499,559.91,559.91,0.00
PED-2023-002500,814.29,814.29,0.00
PED-2023-002501,1654.76,1654.76,0.00
PED-2023-002502,530.72,530.72,0.00
PED-2023-002503,1318.58,1318.58,0.00
PED-2023-002504,1282.82,1282.82,0.00
PED-2023-002505,883.76,883.76,0.00
PED-2023-002506,1794.92,1794.92,0.00
PED-2023-002507,973.90,973.90,0.00
PED-2023-002508,1310.78,1310.78,0.00
PED-2023-002509,2345.24,2345.24,0.00
PED-2023-002510,728.00,728.00,0.00
PED-2023-002511,1811.78,1811.78,0.00
PED-2023-002512,1808.90,1808.90,0.00
PED-2023-002513,1179.68,1179.68,0.00
PED-2023-002514,2386.76,2386.76,0.00
PED-2023-002515,1335.58,1335.58,0.00
PED-2023-002516,1705.34,1705.34,0.00
PED-2023-002517,3035.72,3035.72,0.00
PED-2023-002518,925.28,925.28,0.00
PED-2023-002519,2304.98,2304.98,0.00
PED-2023-002520,2334.98,2334.98,0.00
PED-2023-002521,1258.53,1258.53,0.00
PED-2023-002522,1658.29,1658.29,0.00
PED-2023-002523,1166.16,1166.16,0.00
PED-2023-002524,1211.39,1211.39,0.00
PED-2023-002525,1991.80,1991.80,0.00
PED-2023-002526,563.37,563.37,0.00
PED-2023-002527,1639.65,1639.65,0.00
PED-2023-002528,1238.78,1238.78,0.00
PED-2023-002529,632.28,632.28,0.00
PED-2023-002530,1316.83,1316.83,0.00
PED-2023-002531,1422.58,1422.58,0.00
PED-2023-002532,931.01,931.01,0.00
PED-2023-002533,933.89,933.89,0.00
PED-2023-002534,399.20,399.20,0.00
PED-2023-002535,989.78,989.78,0.00
PED-2023-002536,932.10,932.10,0.00
PED-2023-002537,686.48,686.48,0.00
PED-2023-002538,1400.36,1400.36,0.00
PED-2023-002539,732.78,732.78,0.00
PED-2023-002540,1047.74,1047.74,0.00
PED-2023-002541,1884.92,1884.92,0.00
PED-2023-002542,596.48,596.48,0.00
PED-2023-002543,1482.98,1482.98,0.00
PED-2023-002544,1458.18,1458.18,0.00
PED-2023-002545,982.40,982.40,0.00
PED-2023-002546,1992.20,1992.20,0.00
PED-2023-002547,1094.46,1094.46,0.00
PED-2023-002548,1442.30,1442.30,0.00
PED-2023-002549,2575.40,2575.40,0.00
PED-2023-002550,793.76,793.76,0.00
PED-2023-002551,1976.18,1976.18,0.00
PED-2023-002552,1984.26,1984.26,0.00
PED-2023-002553,1278.32,1278.32,0.00
PED-2023-002554,2411.63,2411.63,0.00
PED-2023-002555,1208.25,1208.25,0.00
PED-2023-002556,1537.16,1537.16,0.00
PED-2023-002557,2876.06,2876.06,0.00
PED-2023-002558,772.46,772.46,0.00
PED-2023-002559,1412.15,1412.15,0.00
PED-2023-002560,1824.71,1824.71,0.00
PED-2023-002561,823.18,823.18,0.00
PED-2023-002562,1830.87,1830.87,0.00
PED-2023-002563,1265.85,1265.85,0.00
PED-2023-002564,1328.73,1328.73,0.00
PED-2023-002565,1379.68,1379.68,0.00
PED-2023-002566,357.32,357.32,0.00
PED-2023-002567,1103.66,1103.66,0.00
PED-2023-002568,1655.46,1655.46,0.00
PED-2023-002569,796.08,796.08,0.00
PED-2023-002570,1773.00,1773.00,0.00
PED-2023-002571,491.66,491.66,0.00
PED-2023-002572,784.70,784.70,0.00
PED-2023-002573,1424.60,1424.60,0.00
PED-2023-002574,464.96,464.96,0.00
PED-2023-002575,1154.18,1154.18,0.00
PED-2023-002576,1107.46,1107.46,0.00
PED-2023-002577,785.12,785.12,0.00
PED-2023-002578,1597.64,1597.64,0.00
PED-2023-002579,853.34,853.34,0.00
PED-2023-002580,1179.26,1179.26,0.00
PED-2023-002581,2115.08,2115.08,0.00
PED-2023-002582,662.24,662.24,0.00
PED-2023-002583,1647.38,1647.38,0.00
PED-2023-002584,1633.54,1633.54,0.00
PED-2023-002585,1081.04,1081.04,0.00
PED-2023-002586,2189.48,2189.48,0.00
PED-2023-002587,1215.02,1215.02,0.00
PED-2023-002588,1237.05,1237.05,0.00
PED-2023-002589,2495.65,2495.65,0.00
PED-2023-002590,745.55,745.55,0.00
PED-2023-002591,1793.94,1793.94,0.00
PED-2023-002592,1874.78,1874.78,0.00
PED-2023-002593,1079.86,1079.86,0.00
PED-2023-002594,2474.07,2474.07,0.00
PED-2023-002595,1307.37,1307.37,0.00
PED-2023-002596,1647.86,1647.86,0.00
PED-2023-002597,1972.33,1972.33,0.00
PED-2023-002598,478.73,478.73,0.00
PED-2023-002599,1559.10,1559.10,0.00
PED-2023-002600,1964.52,1964.52,0.00
PED-2023-002601,1059.12,1059.12,0.00
PED-2023-002602,1378.44,1378.44,0.00
PED-2023-002603,1478.06,1478.06,0.00
PED-2023-002604,981.98,981.98,0.00
PED-2023-002605,1884.92,1884.92,0.00
PED-2023-002606,486.88,486.88,0.00
PED-2023-002607,1439.14,1439.14,0.00
PED-2023-002608,756.74,756.74,0.00
PED-2023-002609,587.84,587.84,0.00
PED-2023-002610,1203.08,1203.08,0.00
PED-2023-002611,612.22,612.22,0.00
PED-2023-002612,916.22,916.22,0.00
PED-2023-002613,1654.76,1654.76,0.00
PED-2023-002614,530.72,530.72,0.00
PED-2023-002615,1318.58,1318.58,0.00
PED-2023-002616,1282.82,1282.82,0.00
PED-2023-002617,883.76,883.76,0.00
PED-2023-002618,1794.92,1794.92,0.00
PED-2023-002619,973.90,973.90,0.00
PED-2023-002620,1310.78,1310.78,0.00
PED-2023-002621,2017.97,2017.97,0.00
PED-2023-002622,653.05,653.05,0.00
PED-2023-002623,1426.09,1426.09,0.00
PED-2023-002624,1655.34,1655.34,0.00
PED-2023-002625,1014.43,1014.43,0.00
PED-2023-002626,2001.79,2001.79,0.00
PED-2023-002627,1075.80,1075.80,0.00
PED-2023-002628,1341.16,1341.16,0.00
PED-2023-002629,2701.69,2701.69,0.00
PED-2023-002630,801.99,801.99,0.00
PED-2023-002631,1932.58,1932.58,0.00
PED-2023-002632,2025.47,2025.47,0.00
PED-2023-002633,1157.67,1157.67,0.00
PED-2023-002634,1904.52,1904.52,0.00
PED-2023-002635,1390.38,1390.38,0.00
PED-2023-002636,1332.70,1332.70,0.00
PED-2023-002637,2498.68,2498.68,0.00
PED-2023-002638,662.24,662.24,0.00
PED-2023-002639,1877.54,1877.54,0.00
PED-2023-002640,1480.10,1480.10,0.00
PED-2023-002641,697.44,697.44,0.00
PED-2023-002642,1575.72,1575.72,0.00
PED-2023-002643,1598.62,1598.62,0.00
PED-2023-002644,1113.50,1113.50,0.00
PED-2023-002645,1194.44,1194.44,0.00
PED-2023-002646,399.20,399.20,0.00
PED-2023-002647,989.78,989.78,0.00
PED-2023-002648,932.10,932.10,0.00
PED-2023-002649,686.48,686.48,0.00
PED-2023-002650,1400.36,1400.36,0.00
PED-2023-002651,732.78,732.78,0.00
PED-2023-002652,1047.74,1047.74,0.00
PED-2023-002653,1884.92,1884.92,0.00
PED-2023-002654,544.76,544.76,0.00
PED-2023-002655,1269.62,1269.62,0.00
PED-2023-002656,1260.16,1260.16,0.00
PED-2023-002657,875.61,875.61,0.00
PED-2023-002658,1569.06,1569.06,0.00
PED-2023-002659,1007.08,1007.08,0.00
PED-2023-002660,1235.32,1235.32,0.00
PED-2023-002661,2160.80,2160.80,0.00
PED-2023-002662,711.67,711.67,0.00
PED-2023-002663,1556.50,1556.50,0.00
PED-2023-002664,1816.41,1816.41,0.00
PED-2023-002665,1098.27,1098.27,0.00
PED-2023-002666,2168.45,2168.45,0.00
PED-2023-002667,1212.62,1212.62,0.00
PED-2023-002668,1836.86,1836.86,0.00
PED-2023-002669,3265.88,3265.88,0.00
PED-2023-002670,991.04,991.04,0.00
PED-2023-002671,1548.74,1548.74,0.00
PED-2023-002672,2356.90,2356.90,0.00
PED-2023-002673,960.48,960.48,0.00
PED-2023-002674,2101.80,2101.80,0.00
PED-2023-002675,1510.94,1510.94,0.00
PED-2023-002676,1464.22,1464.22,0.00
PED-2023-002677,1654.76,1654.76,0.00
PED-2023-002678,421.12,421.12,0.00
PED-2023-002679,1274.74,1274.74,0.00
PED-2023-002680,1655.46,1655.46,0.00
PED-2023-002681,796.08,796.08,0.00
PED-2023-002682,1773.00,1773.00,0.00
PED-2023-002683,491.66,491.66,0.00
PED-2023-002684,784.70,784.70,0.00
PED-2023-002685,1424.60,1424.60,0.00
PED-2023-002686,464.96,464.96,0.00
PED-2023-002687,1154.18,1154.18,0.00
PED-2023-002688,900.10,900.10,0.00
PED-2023-002689,691.46,691.46,0.00
PED-2023-002690,1367.26,1367.26,0.00
PED-2023-002691,740.86,740.86,0.00
PED-2023-002692,1048.31,1048.31,0.00
PED-2023-002693,1665.98,1665.98,0.00
PED-2023-002694,581.12,581.12,0.00
PED-2023-002695,1408.26,1408.26,0.00
PED-2023-002696,1412.51,1412.51,0.00
PED-2023-002697,962.72,962.72,0.00
PED-2023-002698,1725.76,1725.76,0.00
PED-2023-002699,1118.87,1118.87,0.00
PED-2023-002700,1384.21,1384.21,0.00
PED-2023-002701,2805.56,2805.56,0.00
PED-2023-002702,859.52,859.52,0.00
PED-2023-002703,2140.58,2140.58,0.00
PED-2023-002704,2159.62,2159.62,0.00
PED-2023-002705,1376.96,1376.96,0.00
PED-2023-002706,2781.32,2781.32,0.00
PED-2023-002707,1576.70,1576.70,0.00
PED-2023-002708,1968.38,1968.38,0.00
PED-2023-002709,2268.52,2268.52,0.00
PED-2023-002710,596.48,596.48,0.00
PED-2023-002711,1713.14,1713.14,0.00
PED-2023-002712,2532.26,2532.26,0.00
PED-2023-002713,1059.12,1059.12,0.00
PED-2023-002714,1378.44,1378.44,0.00
PED-2023-002715,1478.06,1478.06,0.00
PED-2023-002716,981.98,981.98,0.00
PED-2023-002717,1884.92,1884.92,0.00
PED-2023-002718,486.88,486.88,0.00
PED-2023-002719,1439.14,1439.14,0.00
PED-2023-002720,756.74,756.74,0.00
PED-2023-002721,494.06,494.06,0.00
PED-2023-002722,1071.37,1071.37,0.00
PED-2023-002723,498.65,498.65,0.00
PED-2023-002724,808.11,808.11,0.00
PED-2023-002725,1416.96,1416.96,0.00
PED-2023-002726,438.41,438.41,0.00
PED-2023-002727,1171.10,1171.10,0.00
PED-2023-002728,1043.65,1043.65,0.00
PED-2023-002729,779.14,779.14,0.00
PED-2023-002730,1533.30,1533.30,0.00
PED-2023-002731,846.60,846.60,0.00
PED-2023-002732,1163.91,1163.91,0.00
PED-2023-002733,1849.05,1849.05,0.00
PED-2023-002734,728.00,728.00,0.00
PED-2023-002735,1811.78,1811.78,0.00
PED-2023-002736,1808.90,1808.90,0.00
PED-2023-002737,1179.68,1179.68,0.00
PED-2023-002738,2386.76,2386.76,0.00
PED-2023-002739,1335.58,1335.58,0.00
PED-2023-002740,1705.34,1705.34,0.00
PED-2023-002741,3035.72,3035.72,0.00
PED-2023-002742,925.28,925.28,0.00
PED-2023-002743,2304.98,2304.98,0.00
PED-2023-002744,2334.98,2334.98,0.00
PED-2023-002745,1475.60,1475.60,0.00
PED-2023-002746,1904.52,1904.52,0.00
PED-2023-002747,1390.38,1390.38,0.00
PED-2023-002748,1332.70,1332.70,0.00
PED-2023-002749,2498.68,2498.68,0.00
PED-2023-002750,662.24,662.24,0.00
PED-2023-002751,1877.54,1877.54,0.00
PED-2023-002752,1480.10,1480.10,0.00
PED-2023-002753,697.44,697.44,0.00
PED-2023-002754,1506.84,1506.84,0.00
PED-2023-002755,1297.57,1297.57,0.00
PED-2023-002756,955.17,955.17,0.00
PED-2023-002757,1065.97,1065.97,0.00
PED-2023-002758,308.85,308.85,0.00
PED-2023-002759,872.98,872.98,0.00
PED-2023-002760,732.49,732.49,0.00
PED-2023-002761,569.46,569.46,0.00
PED-2023-002762,1243.95,1243.95,0.00
PED-2023-002763,598.42,598.42,0.00
PED-2023-002764,925.38,925.38,0.00
PED-2023-002765,1610.34,1610.34,0.00
PED-2023-002766,493.23,493.23,0.00
PED-2023-002767,1410.54,1410.54,0.00
PED-2023-002768,1458.18,1458.18,0.00
PED-2023-002769,982.40,982.40,0.00
PED-2023-002770,1992.20,1992.20,0.00
PED-2023-002771,1094.46,1094.46,0.00
PED-2023-002772,1442.30,1442.30,0.00
PED-2023-002773,2575.40,2575.40,0.00
PED-2023-002774,793.76,793.76,0.00
PED-2023-002775,1976.18,1976.18,0.00
PED-2023-002776,1984.26,1984.26,0.00
PED-2023-002777,1278.32,1278.32,0.00
PED-2023-002778,2584.04,2584.04,0.00
PED-2023-002779,1456.14,1456.14,0.00
PED-2023-002780,1836.86,1836.86,0.00
PED-2023-002781,3265.88,3265.88,0.00
PED-2023-002782,991.04,991.04,0.00
PED-2023-002783,1548.74,1548.74,0.00
PED-2023-002784,2356.90,2356.90,0.00
PED-2023-002785,960.48,960.48,0.00
PED-2023-002786,2101.80,2101.80,0.00
PED-2023-002787,1510.94,1510.94,0.00
PED-2023-002788,1182.25,1182.25,0.00
PED-2023-002789,1515.83,1515.83,0.00
PED-2023-002790,360.30,360.30,0.00
PED-2023-002791,1098.50,1098.50,0.00
PED-2023-002792,1324.03,1324.03,0.00
PED-2023-002793,640.37,640.37,0.00
PED-2023-002794,1614.87,1614.87,0.00
PED-2023-002795,414.69,414.69,0.00
PED-2023-002796,651.56,651.56,0.00
PED-2023-002797,1267.04,1267.04,0.00
PED-2023-002798,360.37,360.37,0.00
PED-2023-002799,1019.84,1019.84,0.00
PED-2023-002800,875.11,875.11,0.00
PED-2023-002801,785.12,785.12,0.00
PED-2023-002802,1597.64,1597.64,0.00
PED-2023-002803,853.34,853.34,0.00
PED-2023-002804,1179.26,1179.26,0.00
PED-2023-002805,2115.08,2115.08,0.00
PED-2023-002806,662.24,662.24,0.00
PED-2023-002807,1647.38,1647.38,0.00
PED-2023-002808,1633.54,1633.54,0.00
PED-2023-002809,1081.04,1081.04,0.00
PED-2023-002810,2189.48,2189.48,0.00
PED-2023-002811,1215.02,1215.02,0.00
PED-2023-002812,1573.82,1573.82,0.00
PED-2023-002813,2805.56,2805.56,0.00
PED-2023-002814,859.52,859.52,0.00
PED-2023-002815,2140.58,2140.58,0.00
PED-2023-002816,2159.62,2159.62,0.00
PED-2023-002817,1376.96,1376.96,0.00
PED-2023-002818,2781.32,2781.32,0.00
PED-2023-002819,1576.70,1576.70,0.00
PED-2023-002820,1968.38,1968.38,0.00
PED-2023-002821,2041.55,2041.55,0.00
PED-2023-002822,531.93,531.93,0.00
PED-2023-002823,1387.73,1387.73,0.00
PED-2023-002824,2330.48,2330.48,0.00
PED-2023-002825,850.57,850.57,0.00
PED-2023-002826,1192.98,1192.98,0.00
PED-2023-002827,1133.35,1133.35,0.00
PED-2023-002828,795.36,795.36,0.00
PED-2023-002829,1721.87,1721.87,0.00
PED-2023-002830,416.74,416.74,0.00
PED-2023-002831,1237.20,1237.20,0.00
PED-2023-002832,669.15,669.15,0.00
PED-2023-002833,457.34,457.34,0.00
PED-2023-002834,1203.08,1203.08,0.00
PED-2023-002835,612.22,612.22,0.00
PED-2023-002836,916.22,916.22,0.00
PED-2023-002837,1654.76,1654.76,0.00
PED-2023-002838,530.72,530.72,0.00
PED-2023-002839,1318.58,1318.58,0.00
PED-2023-002840,1282.82,1282.82,0.00
PED-2023-002841,883.76,883.76,0.00
PED-2023-002842,1794.92,1794.92,0.00
PED-2023-002843,973.90,973.90,0.00
PED-2023-002844,1310.78,1310.78,0.00
PED-2023-002845,2345.24,2345.24,0.00
PED-2023-002846,728.00,728.00,0.00
PED-2023-002847,1811.78,1811.78,0.00
PED-2023-002848,1808.90,1808.90,0.00
PED-2023-002849,1179.68,1179.68,0.00
PED-2023-002850,2386.76,2386.76,0.00
PED-2023-002851,1335.58,1335.58,0.00
PED-2023-002852,1705.34,1705.34,0.00
PED-2023-002853,3035.72,3035.72,0.00
PED-2023-002854,848.90,848.90,0.00
PED-2023-002855,1962.84,1962.84,0.00
PED-2023-002856,2021.88,2021.88,0.00
PED-2023-002857,1311.27,1311.27,0.00
PED-2023-002858,1547.14,1547.14,0.00
PED-2023-002859,1305.20,1305.20,0.00
PED-2023-002860,1062.74,1062.74,0.00
PED-2023-002861,2151.50,2151.50,0.00
PED-2023-002862,590.58,590.58,0.00
PED-2023-002863,1518.14,1518.14,0.00
PED-2023-002864,1386.74,1386.74,0.00
PED-2023-002865,589.17,589.17,0.00
PED-2023-002866,1359.64,1359.64,0.00
PED-2023-002867,1245.50,1245.50,0.00
PED-2023-002868,1113.50,1113.50,0.00
PED-2023-002869,1194.44,1194.44,0.00
PED-2023-002870,399.20,399.20,0.00
PED-2023-002871,989.78,989.78,0.00
PED-2023-002872,932.10,932.10,0.00
PED-2023-002873,686.48,686.48,0.00
PED-2023-002874,1400.36,1400.36,0.00
PED-2023-002875,732.78,732.78,0.00
PED-2023-002876,1047.74,1047.74,0.00
PED-2023-002877,1884.92,1884.92,0.00
PED-2023-002878,596.48,596.48,0.00
PED-2023-002879,1482.98,1482.98,0.00
PED-2023-002880,1458.18,1458.18,0.00
PED-2023-002881,982.40,982.40,0.00
PED-2023-002882,1992.20,1992.20,0.00
PED-2023-002883,1094.46,1094.46,0.00
PED-2023-002884,1442.30,1442.30,0.00
PED-2023-002885,2575.40,2575.40,0.00
PED-2023-002886,793.76,793.76,0.00
PED-2023-002887,1976.18,1976.18,0.00
PED-2023-002888,1617.98,1617.98,0.00
PED-2023-002889,1129.86,1129.86,0.00
PED-2023-002890,2197.48,2197.48,0.00
PED-2023-002891,1269.68,1269.68,0.00
PED-2023-002892,1626.45,1626.45,0.00
PED-2023-002893,2581.14,2581.14,0.00
PED-2023-002894,871.56,871.56,0.00
PED-2023-002895,1226.92,1226.92,0.00
PED-2023-002896,2051.48,2051.48,0.00
PED-2023-002897,846.02,846.02,0.00
PED-2023-002898,1703.84,1703.84,0.00
PED-2023-002899,1416.97,1416.97,0.00
PED-2023-002900,1186.93,1186.93,0.00
PED-2023-002901,1654.76,1654.76,0.00
PED-2023-002902,421.12,421.12,0.00
PED-2023-002903,1274.74,1274.74,0.00
PED-2023-002904,1655.46,1655.46,0.00
PED-2023-002905,796.08,796.08,0.00
PED-2023-002906,1773.00,1773.00,0.00
PED-2023-002907,491.66,491.66,0.00
PED-2023-002908,784.70,784.70,0.00
PED-2023-002909,1424.60,1424.60,0.00
PED-2023-002910,464.96,464.96,0.00
PED-2023-002911,1154.18,1154.18,0.00
PED-2023-002912,1107.46,1107.46,0.00
PED-2023-002913,785.12,785.12,0.00
PED-2023-002914,1597.64,1597.64,0.00
PED-2023-002915,853.34,853.34,0.00
PED-2023-002916,1179.26,1179.26,0.00
PED-2023-002917,2115.08,2115.08,0.00
PED-2023-002918,662.24,662.24,0.00
PED-2023-002919,1647.38,1647.38,0.00
PED-2023-002920,1633.54,1633.54,0.00
PED-2023-002921,918.76,918.76,0.00
PED-2023-002922,1934.47,1934.47,0.00
PED-2023-002923,997.33,997.33,0.00
PED-2023-002924,1394.47,1394.47,0.00
PED-2023-002925,2384.18,2384.18,0.00
PED-2023-002926,712.41,712.41,0.00
PED-2023-002927,1891.72,1891.72,0.00
PED-2023-002928,1761.53,1761.53,0.00
PED-2023-002929,1217.54,1217.54,0.00
PED-2023-002930,2363.52,2363.52,0.00
PED-2023-002931,1375.42,1375.42,0.00
PED-2023-002932,1742.05,1742.05,0.00
PED-2023-002933,1843.57,1843.57,0.00
PED-2023-002934,596.48,596.48,0.00
PED-2023-002935,1713.14,1713.14,0.00
PED-2023-002936,2532.26,2532.26,0.00
PED-2023-002937,1059.12,1059.12,0.00
PED-2023-002938,1378.44,1378.44,0.00
PED-2023-002939,1478.06,1478.06,0.00
PED-2023-002940,981.98,981.98,0.00
PED-2023-002941,1884.92,1884.92,0.00
PED-2023-002942,486.88,486.88,0.00
PED-2023-002943,1439.14,1439.14,0.00
PED-2023-002944,756.74,756.74,0.00
PED-2023-002945,587.84,587.84,0.00
PED-2023-002946,1203.08,1203.08,0.00
PED-2023-002947,612.22,612.22,0.00
PED-2023-002948,916.22,916.22,0.00
PED-2023-002949,1654.76,1654.76,0.00
PED-2023-002950,530.72,530.72,0.00
PED-2023-002951,1318.58,1318.58,0.00
PED-2023-002952,1282.82,1282.82,0.00
PED-2023-002953,883.76,883.76,0.00
PED-2023-002954,1668.50,1668.50,0.00
PED-2023-002955,811.43,811.43,0.00
PED-2023-002956,1094.38,1094.38,0.00
PED-2023-002957,2071.55,2071.55,0.00
PED-2023-002958,566.41,566.41,0.00
PED-2023-002959,1607.30,1607.30,0.00
PED-2023-002960,1420.23,1420.23,0.00
PED-2023-002961,983.20,983.20,0.00
PED-2023-002962,2107.05,2107.05,0.00
PED-2023-002963,1097.10,1097.10,0.00
PED-2023-002964,1511.74,1511.74,0.00
PED-2023-002965,2577.56,2577.56,0.00
PED-2023-002966,767.23,767.23,0.00
PED-2023-002967,2177.74,2177.74,0.00
PED-2023-002968,2334.98,2334.98,0.00
PED-2023-002969,1475.60,1475.60,0.00
PED-2023-002970,1904.52,1904.52,0.00
PED-2023-002971,1390.38,1390.38,0.00
PED-2023-002972,1332.70,1332.70,0.00
PED-2023-002973,2498.68,2498.68,0.00
PED-2023-002974,662.24,662.24,0.00
PED-2023-002975,1877.54,1877.54,0.00
PED-2023-002976,1480.10,1480.10,0.00
PED-2023-002977,697.44,697.44,0.00
PED-2023-002978,1575.72,1575.72,0.00
PED-2023-002979,1598.62,1598.62,0.00
PED-2023-002980,1113.50,1113.50,0.00
PED-2023-002981,1194.44,1194.44,0.00
PED-2023-002982,399.20,399.20,0.00
PED-2023-002983,989.78,989.78,0.00
PED-2023-002984,932.10,932.10,0.00
PED-2023-002985,686.48,686.48,0.00
PED-2023-002986,1400.36,1400.36,0.00
PED-2023-002987,732.78,732.78,0.00
PED-2023-002988,820.56,820.56,0.00
PED-2023-002989,1671.45,1671.45,0.00
PED-2023-002990,519.77,519.77,0.00
PED-2023-002991,1239.36,1239.36,0.00
PED-2023-002992,1271.97,1271.97,0.00
PED-2023-002993,768.59,768.59,0.00
PED-2023-002994,1768.30,1768.30,0.00
PED-2023-002995,910.63,910.63,0.00
PED-2023-002996,1205.04,1205.04,0.00
PED-2023-002997,2272.62,2272.62,0.00
PED-2023-002998,617.93,617.93,0.00
PED-2023-002999,1754.16,1754.16,0.00
PED-2023-003000,1565.59,1565.59,0.00
PED-2023-003001,1278.32,1278.32,0.00
PED-2023-003002,2584.04,2584.04,0.00
PED-2023-003003,1456.14,1456.14,0.00
PED-2023-003004,1836.86,1836.86,0.00
PED-2023-003005,3265.88,3265.88,0.00
PED-2023-003006,991.04,991.04,0.00
PED-2023-003007,1548.74,1548.74,0.00
PED-2023-003008,2356.90,2356.90,0.00
PED-2023-003009,960.48,960.48,0.00
PED-2023-003010,2101.80,2101.80,0.00
PED-2023-003011,1510.94,1510.94,0.00
PED-2023-003012,1464.22,1464.22,0.00
PED-2023-003013,1654.76,1654.76,0.00
PED-2023-003014,421.12,421.12,0.00
PED-2023-003015,1274.74,1274.74,0.00
PED-2023-003016,1655.46,1655.46,0.00
PED-2023-003017,796.08,796.08,0.00
PED-2023-003018,1773.00,1773.00,0.00
PED-2023-003019,491.66,491.66,0.00
PED-2023-003020,784.70,784.70,0.00
PED-2023-003021,1213.48,1213.48,0.00
PED-2023-003022,418.49,418.49,0.00
PED-2023-003023,904.38,904.38,0.00
PED-2023-003024,1010.85,1010.85,0.00
PED-2023-003025,679.05,679.05,0.00
PED-2023-003026,1335.49,1335.49,0.00
PED-2023-003027,692.21,692.21,0.00
PED-2023-003028,924.70,924.70,0.00
PED-2023-003029,1877.49,1877.49,0.00
PED-2023-003030,576.21,576.21,0.00
PED-2023-003031,1378.02,1378.02,0.00
PED-2023-003032,1422.65,1422.65,0.00
PED-2023-003033,846.42,846.42,0.00
PED-2023-003034,2189.48,2189.48,0.00
PED-2023-003035,1215.02,1215.02,0.00
PED-2023-003036,1573.82,1573.82,0.00
PED-2023-003037,2805.56,2805.56,0.00
PED-2023-003038,859.52,859.52,0.00
PED-2023-003039,2140.58,2140.58,0.00
PED-2023-003040,2159.62,2159.62,0.00
PED-2023-003041,1376.96,1376.96,0.00
PED-2023-003042,2781.32,2781.32,0.00
PED-2023-003043,1576.70,1576.70,0.00
PED-2023-003044,1968.38,1968.38,0.00
PED-2023-003045,2268.52,2268.52,0.00
PED-2023-003046,596.48,596.48,0.00
PED-2023-003047,1713.14,1713.14,0.00
PED-2023-003048,2532.26,2532.26,0.00
PED-2023-003049,1059.12,1059.12,0.00
PED-2023-003050,1378.44,1378.44,0.00
PED-2023-003051,1478.06,1478.06,0.00
PED-2023-003052,981.98,981.98,0.00
PED-2023-003053,1884.92,1884.92,0.00
PED-2023-003054,454.90,454.90,0.00
PED-2023-003055,1206.04,1206.04,0.00
PED-2023-003056,650.79,650.79,0.00
PED-2023-003057,527.06,527.06,0.00
PED-2023-003058,942.12,942.12,0.00
PED-2023-003059,559.91,559.91,0.00
PED-2023-003060,790.39,790.39,0.00
PED-2023-003061,1382.72,1382.72,0.00
PED-2023-003062,477.14,477.14,0.00
PED-2023-003063,1034.78,1034.78,0.00
PED-2023-003064,1171.91,1171.91,0.00
PED-2023-003065,762.89,762.89,0.00
PED-2023-003066,1502.10,1502.10,0.00
PED-2023-003067,818.06,818.06,0.00
PED-2023-003068,1310.78,1310.78,0.00
PED-2023-003069,2345.24,2345.24,0.00
PED-2023-003070,728.00,728.00,0.00
PED-2023-003071,1811.78,1811.78,0.00
PED-2023-003072,1808.90,1808.90,0.00
PED-2023-003073,1179.68,1179.68,0.00
PED-2023-003074,2386.76,2386.76,0.00
PED-2023-003075,1335.58,1335.58,0.00
PED-2023-003076,1705.34,1705.34,0.00
PED-2023-003077,3035.72,3035.72,0.00
PED-2023-003078,925.28,925.28,0.00
PED-2023-003079,2304.98,2304.98,0.00
PED-2023-003080,2334.98,2334.98,0.00
PED-2023-003081,1475.60,1475.60,0.00
PED-2023-003082,1904.52,1904.52,0.00
PED-2023-003083,1390.38,1390.38,0.00
PED-2023-003084,1332.70,1332.70,0.00
PED-2023-003085,2498.68,2498.68,0.00
PED-2023-003086,662.24,662.24,0.00
PED-2023-003087,1877.54,1877.54,0.00
PED-2023-003088,1238.78,1238.78,0.00
PED-2023-003089,632.28,632.28,0.00
PED-2023-003090,1316.83,1316.83,0.00
PED-2023-003091,1422.58,1422.58,0.00
PED-2023-003092,931.01,931.01,0.00
PED-2023-003093,933.89,933.89,0.00
PED-2023-003094,348.79,348.79,0.00
PED-2023-003095,853.74,853.74,0.00
PED-2023-003096,803.14,803.14,0.00
PED-2023-003097,614.21,614.21,0.00
PED-2023-003098,1098.88,1098.88,0.00
PED-2023-003099,671.67,671.67,0.00
PED-2023-003100,928.28,928.28,0.00
PED-2023-003101,1897.82,1897.82,0.00
PED-2023-003102,609.38,609.38,0.00
PED-2023-003103,1495.88,1495.88,0.00
PED-2023-003104,1471.08,1471.08,0.00
PED-2023-003105,995.30,995.30,0.00
PED-2023-003106,2005.10,2005.10,0.00
PED-2023-003107,1107.36,1107.36,0.00
PED-2023-003108,1455.20,1455.20,0.00
PED-2023-003109,2588.30,2588.30,0.00
PED-2023-003110,806.66,806.66,0.00
PED-2023-003111,1989.08,1989.08,0.00
PED-2023-003112,1997.16,1997.16,0.00
PED-2023-003113,1291.22,1291.22,0.00
PED-2023-003114,2596.94,2596.94,0.00
PED-2023-003115,1469.04,1469.04,0.00
PED-2023-003116,1849.76,1849.76,0.00
PED-2023-003117,3278.78,3278.78,0.00
PED-2023-003118,1003.94,1003.94,0.00
PED-2023-003119,1561.64,1561.64,0.00
PED-2023-003120,2369.80,2369.80,0.00
PED-2023-003121,865.36,865.36,0.00
PED-2023-003122,1843.77,1843.77,0.00
PED-2023-003123,1278.75,1278.75,0.00
PED-2023-003124,1341.63,1341.63,0.00
PED-2023-003125,1392.58,1392.58,0.00
PED-2023-003126,370.22,370.22,0.00
PED-2023-003127,1067.84,1067.84,0.00
PED-2023-003128,1395.23,1395.23,0.00
PED-2023-003129,732.85,732.85,0.00
PED-2023-003130,1495.84,1495.84,0.00
PED-2023-003131,436.41,436.41,0.00
PED-2023-003132,714.27,714.27,0.00
PED-2023-003133,1129.86,1129.86,0.00
PED-2023-003134,477.86,477.86,0.00
PED-2023-003135,1167.08,1167.08,0.00
PED-2023-003136,1120.36,1120.36,0.00
PED-2023-003137,798.02,798.02,0.00
PED-2023-003138,1610.54,1610.54,0.00
PED-2023-003139,866.24,866.24,0.00
PED-2023-003140,1192.16,1192.16,0.00
PED-2023-003141,2127.98,2127.98,0.00
PED-2023-003142,675.14,675.14,0.00
PED-2023-003143,1660.28,1660.28,0.00
PED-2023-003144,1646.44,1646.44,0.00
PED-2023-003145,1093.94,1093.94,0.00
PED-2023-003146,2202.38,2202.38,0.00
PED-2023-003147,1227.92,1227.92,0.00
PED-2023-003148,1586.72,1586.72,0.00
PED-2023-003149,2818.46,2818.46,0.00
PED-2023-003150,872.42,872.42,0.00
PED-2023-003151,2153.48,2153.48,0.00
PED-2023-003152,2172.52,2172.52,0.00
PED-2023-003153,1389.86,1389.86,0.00
PED-2023-003154,2610.26,2610.26,0.00
PED-2023-003155,1320.27,1320.27,0.00
PED-2023-003156,1660.76,1660.76,0.00
PED-2023-003157,1985.23,1985.23,0.00
PED-2023-003158,491.63,491.63,0.00
PED-2023-003159,1572.00,1572.00,0.00
PED-2023-003160,1975.10,1975.10,0.00
PED-2023-003161,918.80,918.80,0.00
PED-2023-003162,1141.86,1141.86,0.00
PED-2023-003163,1255.77,1255.77,0.00
PED-2023-003164,906.49,906.49,0.00
PED-2023-003165,1586.04,1586.04,0.00
PED-2023-003166,424.99,424.99,0.00
PED-2023-003167,1270.00,1270.00,0.00
PED-2023-003168,769.64,769.64,0.00
PED-2023-003169,600.74,600.74,0.00
PED-2023-003170,1215.98,1215.98,0.00
PED-2023-003171,625.12,625.12,0.00
PED-2023-003172,929.12,929.12,0.00
PED-2023-003173,1667.66,1667.66,0.00
PED-2023-003174,543.62,543.62,0.00
PED-2023-003175,1331.48,1331.48,0.00
PED-2023-003176,1295.72,1295.72,0.00
PED-2023-003177,896.66,896.66,0.00
PED-2023-003178,1807.82,1807.82,0.00
PED-2023-003179,986.80,986.80,0.00
PED-2023-003180,1323.68,1323.68,0.00
PED-2023-003181,2358.14,2358.14,0.00
PED-2023-003182,740.90,740.90,0.00
PED-2023-003183,1824.68,1824.68,0.00
PED-2023-003184,1821.80,1821.80,0.00
PED-2023-003185,1192.58,1192.58,0.00
PED-2023-003186,2399.66,2399.66,0.00
PED-2023-003187,1348.48,1348.48,0.00
PED-2023-003188,1354.06,1354.06,0.00
PED-2023-003189,2714.59,2714.59,0.00
PED-2023-003190,814.89,814.89,0.00
PED-2023-003191,1945.48,1945.48,0.00
PED-2023-003192,2038.37,2038.37,0.00
PED-2023-003193,1170.57,1170.57,0.00
PED-2023-003194,1750.47,1750.47,0.00
PED-2023-003195,1127.93,1127.93,0.00
PED-2023-003196,1157.67,1157.67,0.00
PED-2023-003197,2186.38,2186.38,0.00
PED-2023-003198,543.15,543.15,0.00
PED-2023-003199,1718.80,1718.80,0.00
PED-2023-003200,1194.89,1194.89,0.00
PED-2023-003201,710.34,710.34,0.00
PED-2023-003202,1588.62,1588.62,0.00
PED-2023-003203,1611.52,1611.52,0.00
PED-2023-003204,1126.40,1126.40,0.00
PED-2023-003205,1207.34,1207.34,0.00
PED-2023-003206,412.10,412.10,0.00
PED-2023-003207,1002.68,1002.68,0.00
PED-2023-003208,945.00,945.00,0.00
PED-2023-003209,699.38,699.38,0.00
PED-2023-003210,1413.26,1413.26,0.00
PED-2023-003211,745.68,745.68,0.00
PED-2023-003212,1060.64,1060.64,0.00
PED-2023-003213,1897.82,1897.82,0.00
PED-2023-003214,609.38,609.38,0.00
PED-2023-003215,1495.88,1495.88,0.00
PED-2023-003216,1471.08,1471.08,0.00
PED-2023-003217,995.30,995.30,0.00
PED-2023-003218,2005.10,2005.10,0.00
PED-2023-003219,1107.36,1107.36,0.00
PED-2023-003220,1455.20,1455.20,0.00
PED-2023-003221,2231.96,2231.96,0.00
PED-2023-003222,724.57,724.57,0.00
PED-2023-003223,1569.40,1569.40,0.00
PED-2023-003224,1829.31,1829.31,0.00
PED-2023-003225,1111.17,1111.17,0.00
PED-2023-003226,2181.35,2181.35,0.00
PED-2023-003227,1184.61,1184.61,0.00
PED-2023-003228,1458.20,1458.20,0.00
PED-2023-003229,2920.63,2920.63,0.00
PED-2023-003230,871.33,871.33,0.00
PED-2023-003231,1347.64,1347.64,0.00
PED-2023-003232,2050.96,2050.96,0.00
PED-2023-003233,788.08,788.08,0.00
PED-2023-003234,2114.70,2114.70,0.00
PED-2023-003235,1523.84,1523.84,0.00
PED-2023-003236,1477.12,1477.12,0.00
PED-2023-003237,1667.66,1667.66,0.00
PED-2023-003238,434.02,434.02,0.00
PED-2023-003239,1287.64,1287.64,0.00
PED-2023-003240,1668.36,1668.36,0.00
PED-2023-003241,808.98,808.98,0.00
PED-2023-003242,1785.90,1785.90,0.00
PED-2023-003243,504.56,504.56,0.00
PED-2023-003244,797.60,797.60,0.00
PED-2023-003245,1437.50,1437.50,0.00
PED-2023-003246,477.86,477.86,0.00
PED-2023-003247,1167.08,1167.08,0.00
PED-2023-003248,1120.36,1120.36,0.00
PED-2023-003249,798.02,798.02,0.00
PED-2023-003250,1610.54,1610.54,0.00
PED-2023-003251,866.24,866.24,0.00
PED-2023-003252,1192.16,1192.16,0.00
PED-2023-003253,2127.98,2127.98,0.00
PED-2023-003254,618.50,618.50,0.00
PED-2023-003255,1421.16,1421.16,0.00
PED-2023-003256,1425.41,1425.41,0.00
PED-2023-003257,975.62,975.62,0.00
PED-2023-003258,1738.66,1738.66,0.00
PED-2023-003259,1131.77,1131.77,0.00
PED-2023-003260,1359.51,1359.51,0.00
PED-2023-003261,2368.32,2368.32,0.00
PED-2023-003262,783.22,783.22,0.00
PED-2023-003263,1699.80,1699.80,0.00
PED-2023-003264,1990.37,1990.37,0.00
PED-2023-003265,1195.01,1195.01,0.00
PED-2023-003266,2347.96,2347.96,0.00
PED-2023-003267,1324.16,1324.16,0.00
PED-2023-003268,1981.28,1981.28,0.00
PED-2023-003269,2281.42,2281.42,0.00
PED-2023-003270,609.38,609.38,0.00
PED-2023-003271,1726.04,1726.04,0.00
PED-2023-003272,2545.16,2545.16,0.00
PED-2023-003273,1072.02,1072.02,0.00
PED-2023-003274,1391.34,1391.34,0.00
PED-2023-003275,1490.96,1490.96,0.00
PED-2023-003276,994.88,994.88,0.00
PED-2023-003277,1897.82,1897.82,0.00
PED-2023-003278,499.78,499.78,0.00
PED-2023-003279,1452.04,1452.04,0.00
PED-2023-003280,769.64,769.64,0.00
PED-2023-003281,600.74,600.74,0.00
PED-2023-003282,1215.98,1215.98,0.00
PED-2023-003283,625.12,625.12,0.00
PED-2023-003284,929.12,929.12,0.00
PED-2023-003285,1667.66,1667.66,0.00
PED-2023-003286,543.62,543.62,0.00
PED-2023-003287,1331.48,1331.48,0.00
PED-2023-003288,1056.55,1056.55,0.00
PED-2023-003289,792.04,792.04,0.00
PED-2023-003290,1546.20,1546.20,0.00
PED-2023-003291,859.50,859.50,0.00
PED-2023-003292,1176.81,1176.81,0.00
PED-2023-003293,1861.95,1861.95,0.00
PED-2023-003294,652.13,652.13,0.00
PED-2023-003295,1559.86,1559.86,0.00
PED-2023-003296,1577.76,1577.76,0.00
PED-2023-003297,1062.77,1062.77,0.00
PED-2023-003298,1895.42,1895.42,0.00
PED-2023-003299,1243.53,1243.53,0.00
PED-2023-003300,1511.10,1511.10,0.00
PED-2023-003301,3048.62,3048.62,0.00
PED-2023-003302,938.18,938.18,0.00
PED-2023-003303,2317.88,2317.88,0.00
PED-2023-003304,2347.88,2347.88,0.00
PED-2023-003305,1488.50,1488.50,0.00
PED-2023-003306,1917.42,1917.42,0.00
PED-2023-003307,1403.28,1403.28,0.00
PED-2023-003308,1345.60,1345.60,0.00
PED-2023-003309,2511.58,2511.58,0.00
PED-2023-003310,675.14,675.14,0.00
PED-2023-003311,1890.44,1890.44,0.00
PED-2023-003312,1493.00,1493.00,0.00
PED-2023-003313,710.34,710.34,0.00
PED-2023-003314,1588.62,1588.62,0.00
PED-2023-003315,1611.52,1611.52,0.00
PED-2023-003316,1126.40,1126.40,0.00
PED-2023-003317,1207.34,1207.34,0.00
PED-2023-003318,412.10,412.10,0.00
PED-2023-003319,1002.68,1002.68,0.00
PED-2023-003320,945.00,945.00,0.00
PED-2023-003321,591.92,591.92,0.00
PED-2023-003322,1256.85,1256.85,0.00
PED-2023-003323,611.32,611.32,0.00
PED-2023-003324,938.28,938.28,0.00
PED-2023-003325,1623.24,1623.24,0.00
PED-2023-003326,506.13,506.13,0.00
PED-2023-003327,1328.14,1328.14,0.00
PED-2023-003328,1200.17,1200.17,0.00
PED-2023-003329,879.71,879.71,0.00
PED-2023-003330,1712.26,1712.26,0.00
PED-2023-003331,965.23,965.23,0.00
PED-2023-003332,1292.41,1292.41,0.00
PED-2023-003333,2045.02,2045.02,0.00
PED-2023-003334,806.66,806.66,0.00
PED-2023-003335,1989.08,1989.08,0.00
PED-2023-003336,1997.16,1997.16,0.00
PED-2023-003337,1291.22,1291.22,0.00
PED-2023-003338,2596.94,2596.94,0.00
PED-2023-003339,1469.04,1469.04,0.00
PED-2023-003340,1849.76,1849.76,0.00
PED-2023-003341,3278.78,3278.78,0.00
PED-2023-003342,1003.94,1003.94,0.00
PED-2023-003343,1561.64,1561.64,0.00
PED-2023-003344,2369.80,2369.80,0.00
PED-2023-003345,973.38,973.38,0.00
PED-2023-003346,2114.70,2114.70,0.00
PED-2023-003347,1523.84,1523.84,0.00
PED-2023-003348,1477.12,1477.12,0.00
PED-2023-003349,1667.66,1667.66,0.00
PED-2023-003350,434.02,434.02,0.00
PED-2023-003351,1287.64,1287.64,0.00
PED-2023-003352,1668.36,1668.36,0.00
PED-2023-003353,808.98,808.98,0.00
PED-2023-003354,1705.54,1705.54,0.00
PED-2023-003355,427.59,427.59,0.00
PED-2023-003356,664.46,664.46,0.00
PED-2023-003357,1279.94,1279.94,0.00
PED-2023-003358,373.27,373.27,0.00
PED-2023-003359,1032.74,1032.74,0.00
PED-2023-003360,882.95,882.95,0.00
PED-2023-003361,665.10,665.10,0.00
PED-2023-003362,1429.56,1429.56,0.00
PED-2023-003363,711.09,711.09,0.00
PED-2023-003364,1055.54,1055.54,0.00
PED-2023-003365,1816.76,1816.76,0.00
PED-2023-003366,560.89,560.89,0.00
PED-2023-003367,1576.88,1576.88,0.00
PED-2023-003368,1646.44,1646.44,0.00
PED-2023-003369,1093.94,1093.94,0.00
PED-2023-003370,2202.38,2202.38,0.00
PED-2023-003371,1227.92,1227.92,0.00
PED-2023-003372,1586.72,1586.72,0.00
PED-2023-003373,2818.46,2818.46,0.00
PED-2023-003374,872.42,872.42,0.00
PED-2023-003375,2153.48,2153.48,0.00
PED-2023-003376,2172.52,2172.52,0.00
PED-2023-003377,1389.86,1389.86,0.00
PED-2023-003378,2794.22,2794.22,0.00
PED-2023-003379,1589.60,1589.60,0.00
PED-2023-003380,1981.28,1981.28,0.00
PED-2023-003381,2281.42,2281.42,0.00
PED-2023-003382,609.38,609.38,0.00
PED-2023-003383,1726.04,1726.04,0.00
PED-2023-003384,2545.16,2545.16,0.00
PED-2023-003385,1072.02,1072.02,0.00
PED-2023-003386,1391.34,1391.34,0.00
PED-2023-003387,1490.96,1490.96,0.00
PED-2023-003388,808.26,808.26,0.00
PED-2023-003389,1734.77,1734.77,0.00
PED-2023-003390,429.64,429.64,0.00
PED-2023-003391,1250.10,1250.10,0.00
PED-2023-003392,682.05,682.05,0.00
PED-2023-003393,470.24,470.24,0.00
PED-2023-003394,1075.35,1075.35,0.00
PED-2023-003395,526.79,526.79,0.00
PED-2023-003396,775.16,775.16,0.00
PED-2023-003397,1481.16,1481.16,0.00
PED-2023-003398,424.78,424.78,0.00
PED-2023-003399,1179.54,1179.54,0.00
PED-2023-003400,1026.12,1026.12,0.00
PED-2023-003401,896.66,896.66,0.00
PED-2023-003402,1807.82,1807.82,0.00
PED-2023-003403,986.80,986.80,0.00
PED-2023-003404,1323.68,1323.68,0.00
PED-2023-003405,2358.14,2358.14,0.00
PED-2023-003406,740.90,740.90,0.00
PED-2023-003407,1824.68,1824.68,0.00
PED-2023-003408,1821.80,1821.80,0.00
PED-2023-003409,1192.58,1192.58,0.00
PED-2023-003410,2399.66,2399.66,0.00
PED-2023-003411,1348.48,1348.48,0.00
PED-2023-003412,1718.24,1718.24,0.00
PED-2023-003413,3048.62,3048.62,0.00
PED-2023-003414,938.18,938.18,0.00
PED-2023-003415,2317.88,2317.88,0.00
PED-2023-003416,2347.88,2347.88,0.00
PED-2023-003417,1488.50,1488.50,0.00
PED-2023-003418,1917.42,1917.42,0.00
PED-2023-003419,1403.28,1403.28,0.00
PED-2023-003420,1345.60,1345.60,0.00
PED-2023-003421,2255.54,2255.54,0.00
PED-2023-003422,603.48,603.48,0.00
PED-2023-003423,1531.04,1531.04,0.00
PED-2023-003424,1399.64,1399.64,0.00
PED-2023-003425,602.07,602.07,0.00
PED-2023-003426,1372.54,1372.54,0.00
PED-2023-003427,1242.14,1242.14,0.00
PED-2023-003428,912.36,912.36,0.00
PED-2023-003429,1066.24,1066.24,0.00
PED-2023-003430,363.33,363.33,0.00
PED-2023-003431,836.35,836.35,0.00
PED-2023-003432,832.82,832.82,0.00
PED-2023-003433,548.02,548.02,0.00
PED-2023-003434,1413.26,1413.26,0.00
PED-2023-003435,745.68,745.68,0.00
PED-2023-003436,1060.64,1060.64,0.00
PED-2023-003437,1897.82,1897.82,0.00
PED-2023-003438,609.38,609.38,0.00
PED-2023-003439,1495.88,1495.88,0.00
PED-2023-003440,1471.08,1471.08,0.00
PED-2023-003441,995.30,995.30,0.00
PED-2023-003442,2005.10,2005.10,0.00
PED-2023-003443,1107.36,1107.36,0.00
PED-2023-003444,1455.20,1455.20,0.00
PED-2023-003445,2588.30,2588.30,0.00
PED-2023-003446,806.66,806.66,0.00
PED-2023-003447,1989.08,1989.08,0.00
PED-2023-003448,1997.16,1997.16,0.00
PED-2023-003449,1291.22,1291.22,0.00
PED-2023-003450,2596.94,2596.94,0.00
PED-2023-003451,1469.04,1469.04,0.00
PED-2023-003452,1849.76,1849.76,0.00
PED-2023-003453,3278.78,3278.78,0.00
PED-2023-003454,922.64,922.64,0.00
PED-2023-003455,1239.82,1239.82,0.00
PED-2023-003456,2064.38,2064.38,0.00
PED-2023-003457,858.92,858.92,0.00
PED-2023-003458,1716.74,1716.74,0.00
PED-2023-003459,1429.87,1429.87,0.00
PED-2023-003460,1186.88,1186.88,0.00
PED-2023-003461,1446.01,1446.01,0.00
PED-2023-003462,370.56,370.56,0.00
PED-2023-003463,1047.69,1047.69,0.00
PED-2023-003464,1560.79,1560.79,0.00
PED-2023-003465,685.91,685.91,0.00
PED-2023-003466,1539.09,1539.09,0.00
PED-2023-003467,436.40,436.40,0.00
PED-2023-003468,797.60,797.60,0.00
PED-2023-003469,1437.50,1437.50,0.00
PED-2023-003470,477.86,477.86,0.00
PED-2023-003471,1167.08,1167.08,0.00
PED-2023-003472,1120.36,1120.36,0.00
PED-2023-003473,798.02,798.02,0.00
PED-2023-003474,1610.54,1610.54,0.00
PED-2023-003475,866.24,866.24,0.00
PED-2023-003476,1192.16,1192.16,0.00
PED-2023-003477,2127.98,2127.98,0.00
PED-2023-003478,675.14,675.14,0.00
PED-2023-003479,1660.28,1660.28,0.00
PED-2023-003480,1646.44,1646.44,0.00
PED-2023-003481,1093.94,1093.94,0.00
PED-2023-003482,2202.38,2202.38,0.00
PED-2023-003483,1227.92,1227.92,0.00
PED-2023-003484,1586.72,1586.72,0.00
PED-2023-003485,2818.46,2818.46,0.00
PED-2023-003486,872.42,872.42,0.00
PED-2023-003487,2153.48,2153.48,0.00
PED-2023-003488,1774.43,1774.43,0.00
PED-2023-003489,1230.44,1230.44,0.00
PED-2023-003490,2376.42,2376.42,0.00
PED-2023-003491,1388.32,1388.32,0.00
PED-2023-003492,1754.95,1754.95,0.00
PED-2023-003493,1856.47,1856.47,0.00
PED-2023-003494,551.28,551.28,0.00
PED-2023-003495,1378.46,1378.46,0.00
PED-2023-003496,2216.73,2216.73,0.00
PED-2023-003497,946.03,946.03,0.00
PED-2023-003498,1137.00,1137.00,0.00
PED-2023-003499,1403.56,1403.56,0.00
PED-2023-003500,853.50,853.50,0.00
PED-2023-003501,1897.82,1897.82,0.00
PED-2023-003502,499.78,499.78,0.00
PED-2023-003503,1452.04,1452.04,0.00
PED-2023-003504,769.64,769.64,0.00
PED-2023-003505,600.74,600.74,0.00
PED-2023-003506,1215.98,1215.98,0.00
PED-2023-003507,625.12,625.12,0.00
PED-2023-003508,929.12,929.12,0.00
PED-2023-003509,1667.66,1667.66,0.00
PED-2023-003510,543.62,543.62,0.00
PED-2023-003511,1331.48,1331.48,0.00
PED-2023-003512,1295.72,1295.72,0.00
PED-2023-003513,896.66,896.66,0.00
PED-2023-003514,1807.82,1807.82,0.00
PED-2023-003515,986.80,986.80,0.00
PED-2023-003516,1323.68,1323.68,0.00
PED-2023-003517,2358.14,2358.14,0.00
PED-2023-003518,740.90,740.90,0.00
PED-2023-003519,1824.68,1824.68,0.00
PED-2023-003520,1821.80,1821.80,0.00
PED-2023-003521,1016.62,1016.62,0.00
PED-2023-003522,2119.95,2119.95,0.00
PED-2023-003523,1110.00,1110.00,0.00
PED-2023-003524,1524.64,1524.64,0.00
PED-2023-003525,2590.46,2590.46,0.00
PED-2023-003526,780.13,780.13,0.00
PED-2023-003527,2048.76,2048.76,0.00
PED-2023-003528,1918.05,1918.05,0.00
PED-2023-003529,1318.11,1318.11,0.00
PED-2023-003530,1522.09,1522.09,0.00
PED-2023-003531,1248.53,1248.53,0.00
PED-2023-003532,1180.10,1180.10,0.00
PED-2023-003533,2039.54,2039.54,0.00
PED-2023-003534,675.14,675.14,0.00
PED-2023-003535,1890.44,1890.44,0.00
PED-2023-003536,1493.00,1493.00,0.00
PED-2023-003537,710.34,710.34,0.00
PED-2023-003538,1588.62,1588.62,0.00
PED-2023-003539,1611.52,1611.52,0.00
PED-2023-003540,1126.40,1126.40,0.00
PED-2023-003541,1207.34,1207.34,0.00
PED-2023-003542,412.10,412.10,0.00
PED-2023-003543,1002.68,1002.68,0.00
PED-2023-003544,945.00,945.00,0.00
PED-2023-003545,699.38,699.38,0.00
PED-2023-003546,1413.26,1413.26,0.00
PED-2023-003547,745.68,745.68,0.00
PED-2023-003548,1060.64,1060.64,0.00
PED-2023-003549,1897.82,1897.82,0.00
PED-2023-003550,609.38,609.38,0.00
PED-2023-003551,1495.88,1495.88,0.00
PED-2023-003552,1471.08,1471.08,0.00
PED-2023-003553,995.30,995.30,0.00
PED-2023-003554,1867.20,1867.20,0.00
PED-2023-003555,923.53,923.53,0.00
PED-2023-003556,1217.94,1217.94,0.00
PED-2023-003557,2285.52,2285.52,0.00
PED-2023-003558,630.83,630.83,0.00
PED-2023-003559,1767.06,1767.06,0.00
PED-2023-003560,1570.69,1570.69,0.00
PED-2023-003561,1078.84,1078.84,0.00
PED-2023-003562,2292.66,2292.66,0.00
PED-2023-003563,1209.77,1209.77,0.00
PED-2023-003564,1641.90,1641.90,0.00
PED-2023-003565,2783.98,2783.98,0.00
PED-2023-003566,834.89,834.89,0.00
PED-2023-003567,1423.44,1423.44,0.00
PED-2023-003568,2369.80,2369.80,0.00
PED-2023-003569,973.38,973.38,0.00
PED-2023-003570,2114.70,2114.70,0.00
PED-2023-003571,1523.84,1523.84,0.00
PED-2023-003572,1477.12,1477.12,0.00
PED-2023-003573,1667.66,1667.66,0.00
PED-2023-003574,434.02,434.02,0.00
PED-2023-003575,1287.64,1287.64,0.00
PED-2023-003576,1668.36,1668.36,0.00
PED-2023-003577,808.98,808.98,0.00
PED-2023-003578,1785.90,1785.90,0.00
PED-2023-003579,504.56,504.56,0.00
PED-2023-003580,797.60,797.60,0.00
PED-2023-003581,1437.50,1437.50,0.00
PED-2023-003582,477.86,477.86,0.00
PED-2023-003583,1167.08,1167.08,0.00
PED-2023-003584,1120.36,1120.36,0.00
PED-2023-003585,798.02,798.02,0.00
PED-2023-003586,1610.54,1610.54,0.00
PED-2023-003587,866.24,866.24,0.00
PED-2023-003588,937.60,937.60,0.00
PED-2023-003589,1890.39,1890.39,0.00
PED-2023-003590,589.11,589.11,0.00
PED-2023-003591,1390.92,1390.92,0.00
PED-2023-003592,1435.55,1435.55,0.00
PED-2023-003593,859.32,859.32,0.00
PED-2023-003594,1957.63,1957.63,0.00
PED-2023-003595,1022.73,1022.73,0.00
PED-2023-003596,1328.64,1328.64,0.00
PED-2023-003597,2486.74,2486.74,0.00
PED-2023-003598,682.34,682.34,0.00
PED-2023-003599,1913.86,1913.86,0.00
PED-2023-003600,1716.60,1716.60,0.00
PED-2024-000001,705.42,705.42,0.00
PED-2024-000002,1287.11,1287.11,0.00
PED-2024-000003,1901.68,1901.68,0.00
PED-2024-000004,1267.93,1267.93,0.00
PED-2024-000005,787.62,787.62,0.00
PED-2024-000006,1435.07,1435.07,0.00
PED-2024-000007,2115.40,2115.40,0.00
PED-2024-000008,1415.89,1415.89,0.00
PED-2024-000009,869.82,869.82,0.00
PED-2024-000010,815.83,815.83,0.00
PED-2024-000011,1255.04,1255.04,0.00
PED-2024-000012,1410.41,1410.41,0.00
PED-2024-000013,491.70,491.70,0.00
PED-2024-000014,963.79,963.79,0.00
PED-2024-000015,1468.76,1468.76,0.00
PED-2024-000016,330.85,330.85,0.00
PED-2024-000017,267.02,267.02,0.00
PED-2024-000018,497.99,497.99,0.00
PED-2024-000019,761.84,761.84,0.00
PED-2024-000020,478.81,478.81,0.00
PED-2024-000021,349.22,349.22,0.00
PED-2024-000022,645.95,645.95,0.00
PED-2024-000023,975.56,975.56,0.00
PED-2024-000024,626.77,626.77,0.00
PED-2024-000025,431.42,431.42,0.00
PED-2024-000026,793.91,793.91,0.00
PED-2024-000027,1189.28,1189.28,0.00
PED-2024-000028,774.73,774.73,0.00
PED-2024-000029,513.62,513.62,0.00
PED-2024-000030,941.87,941.87,0.00
PED-2024-000031,1279.45,1279.45,0.00
PED-2024-000032,734.65,734.65,0.00
PED-2024-000033,547.79,547.79,0.00
PED-2024-000034,895.83,895.83,0.00
PED-2024-000035,1403.62,1403.62,0.00
PED-2024-000036,958.00,958.00,0.00
PED-2024-000037,523.66,523.66,0.00
PED-2024-000038,1139.99,1139.99,0.00
PED-2024-000039,1505.13,1505.13,0.00
PED-2024-000040,948.16,948.16,0.00
PED-2024-000041,661.71,661.71,0.00
PED-2024-000042,1070.47,1070.47,0.00
PED-2024-000043,1884.18,1884.18,0.00
PED-2024-000044,1154.99,1154.99,0.00
PED-2024-000045,740.18,740.18,0.00
PED-2024-000046,1336.86,1336.86,0.00
PED-2024-000047,1744.68,1744.68,0.00
PED-2024-000048,1292.00,1292.00,0.00
PED-2024-000049,390.88,390.88,0.00
PED-2024-000050,741.99,741.99,0.00
PED-2024-000051,1397.52,1397.52,0.00
PED-2024-000052,1509.05,1509.05,0.00
PED-2024-000053,239.62,239.62,0.00
PED-2024-000054,448.67,448.67,0.00
PED-2024-000055,690.60,690.60,0.00
PED-2024-000056,429.49,429.49,0.00
PED-2024-000057,321.82,321.82,0.00
PED-2024-000058,596.63,596.63,0.00
PED-2024-000059,904.32,904.32,0.00
PED-2024-000060,577.45,577.45,0.00
PED-2024-000061,404.02,404.02,0.00
PED-2024-000062,744.59,744.59,0.00
PED-2024-000063,1118.04,1118.04,0.00
PED-2024-000064,725.41,725.41,0.00
PED-2024-000065,486.22,486.22,0.00
PED-2024-000066,892.55,892.55,0.00
PED-2024-000067,1331.76,1331.76,0.00
PED-2024-000068,873.37,873.37,0.00
PED-2024-000069,568.42,568.42,0.00
PED-2024-000070,1040.51,1040.51,0.00
PED-2024-000071,1545.48,1545.48,0.00
PED-2024-000072,1021.33,1021.33,0.00
PED-2024-000073,650.62,650.62,0.00
PED-2024-000074,1188.47,1188.47,0.00
PED-2024-000075,1759.20,1759.20,0.00
PED-2024-000076,1169.29,1169.29,0.00
PED-2024-000077,732.82,732.82,0.00
PED-2024-000078,1336.43,1336.43,0.00
PED-2024-000079,1972.92,1972.92,0.00
PED-2024-000080,1317.25,1317.25,0.00
PED-2024-000081,738.64,738.64,0.00
PED-2024-000082,1146.65,1146.65,0.00
PED-2024-000083,2015.73,2015.73,0.00
PED-2024-000084,1238.32,1238.32,0.00
PED-2024-000085,350.57,350.57,0.00
PED-2024-000086,770.75,770.75,0.00
PED-2024-000087,1049.28,1049.28,0.00
PED-2024-000088,1385.15,1385.15,0.00
PED-2024-000089,435.83,435.83,0.00
PED-2024-000090,816.37,816.37,0.00
PED-2024-000091,538.63,538.63,0.00
PED-2024-000092,303.68,303.68,0.00
PED-2024-000093,270.52,270.52,0.00
PED-2024-000094,449.77,449.77,0.00
PED-2024-000095,731.47,731.47,0.00
PED-2024-000096,472.76,472.76,0.00
PED-2024-000097,291.59,291.59,0.00
PED-2024-000098,639.66,639.66,0.00
PED-2024-000099,860.21,860.21,0.00
PED-2024-000100,533.93,533.93,0.00
PED-2024-000101,458.82,458.82,0.00
PED-2024-000102,843.23,843.23,0.00
PED-2024-000103,1260.52,1260.52,0.00
PED-2024-000104,824.05,824.05,0.00
PED-2024-000105,541.02,541.02,0.00
PED-2024-000106,991.19,991.19,0.00
PED-2024-000107,1474.24,1474.24,0.00
PED-2024-000108,972.01,972.01,0.00
PED-2024-000109,623.22,623.22,0.00
PED-2024-000110,1139.15,1139.15,0.00
PED-2024-000111,1687.96,1687.96,0.00
PED-2024-000112,1119.97,1119.97,0.00
PED-2024-000113,705.42,705.42,0.00
PED-2024-000114,1287.11,1287.11,0.00
PED-2024-000115,1901.68,1901.68,0.00
PED-2024-000116,1267.93,1267.93,0.00
PED-2024-000117,787.62,787.62,0.00
PED-2024-000118,1435.07,1435.07,0.00
PED-2024-000119,2115.40,2115.40,0.00
PED-2024-000120,1415.89,1415.89,0.00
PED-2024-000121,869.82,869.82,0.00
PED-2024-000122,815.83,815.83,0.00
PED-2024-000123,1255.04,1255.04,0.00
PED-2024-000124,1410.41,1410.41,0.00
PED-2024-000125,491.70,491.70,0.00
PED-2024-000126,963.79,963.79,0.00
PED-2024-000127,1468.76,1468.76,0.00
PED-2024-000128,330.85,330.85,0.00
PED-2024-000129,267.02,267.02,0.00
PED-2024-000130,497.99,497.99,0.00
PED-2024-000131,690.09,690.09,0.00
PED-2024-000132,382.06,382.06,0.00
PED-2024-000133,320.95,320.95,0.00
PED-2024-000134,530.86,530.86,0.00
PED-2024-000135,853.66,853.66,0.00
PED-2024-000136,560.96,560.96,0.00
PED-2024-000137,333.79,333.79,0.00
PED-2024-000138,730.60,730.60,0.00
PED-2024-000139,977.46,977.46,0.00
PED-2024-000140,605.39,605.39,0.00
PED-2024-000141,447.17,447.17,0.00
PED-2024-000142,727.72,727.72,0.00
PED-2024-000143,1292.42,1292.42,0.00
PED-2024-000144,780.18,780.18,0.00
PED-2024-000145,525.65,525.65,0.00
PED-2024-000146,949.65,949.65,0.00
PED-2024-000147,1249.05,1249.05,0.00
PED-2024-000148,1010.91,1010.91,0.00
PED-2024-000149,556.94,556.94,0.00
PED-2024-000150,1114.63,1114.63,0.00
PED-2024-000151,1830.44,1830.44,0.00
PED-2024-000152,1218.61,1218.61,0.00
PED-2024-000153,760.22,760.22,0.00
PED-2024-000154,1385.75,1385.75,0.00
PED-2024-000155,2044.16,2044.16,0.00
PED-2024-000156,1366.57,1366.57,0.00
PED-2024-000157,842.42,842.42,0.00
PED-2024-000158,1533.71,1533.71,0.00
PED-2024-000159,2257.88,2257.88,0.00
PED-2024-000160,1361.09,1361.09,0.00
PED-2024-000161,464.30,464.30,0.00
PED-2024-000162,914.47,914.47,0.00
PED-2024-000163,1397.52,1397.52,0.00
PED-2024-000164,1509.05,1509.05,0.00
PED-2024-000165,239.62,239.62,0.00
PED-2024-000166,448.67,448.67,0.00
PED-2024-000167,690.60,690.60,0.00
PED-2024-000168,429.49,429.49,0.00
PED-2024-000169,321.82,321.82,0.00
PED-2024-000170,596.63,596.63,0.00
PED-2024-000171,904.32,904.32,0.00
PED-2024-000172,577.45,577.45,0.00
PED-2024-000173,404.02,404.02,0.00
PED-2024-000174,744.59,744.59,0.00
PED-2024-000175,1118.04,1118.04,0.00
PED-2024-000176,725.41,725.41,0.00
PED-2024-000177,486.22,486.22,0.00
PED-2024-000178,892.55,892.55,0.00
PED-2024-000179,1331.76,1331.76,0.00
PED-2024-000180,873.37,873.37,0.00
PED-2024-000181,514.24,514.24,0.00
PED-2024-000182,803.90,803.90,0.00
PED-2024-000183,1423.90,1423.90,0.00
PED-2024-000184,863.50,863.50,0.00
PED-2024-000185,573.32,573.32,0.00
PED-2024-000186,1035.73,1035.73,0.00
PED-2024-000187,1359.21,1359.21,0.00
PED-2024-000188,1104.06,1104.06,0.00
PED-2024-000189,601.84,601.84,0.00
PED-2024-000190,1162.96,1162.96,0.00
PED-2024-000191,1720.46,1720.46,0.00
PED-2024-000192,1048.17,1048.17,0.00
PED-2024-000193,749.47,749.47,0.00
PED-2024-000194,1220.22,1220.22,0.00
PED-2024-000195,1892.45,1892.45,0.00
PED-2024-000196,1310.94,1310.94,0.00
PED-2024-000197,347.22,347.22,0.00
PED-2024-000198,813.35,813.35,0.00
PED-2024-000199,1114.99,1114.99,0.00
PED-2024-000200,1109.33,1109.33,0.00
PED-2024-000201,519.10,519.10,0.00
PED-2024-000202,1013.11,1013.11,0.00
PED-2024-000203,619.36,619.36,0.00
PED-2024-000204,380.17,380.17,0.00
PED-2024-000205,294.42,294.42,0.00
PED-2024-000206,547.31,547.31,0.00
PED-2024-000207,833.08,833.08,0.00
PED-2024-000208,528.13,528.13,0.00
PED-2024-000209,376.62,376.62,0.00
PED-2024-000210,695.27,695.27,0.00
PED-2024-000211,1046.80,1046.80,0.00
PED-2024-000212,676.09,676.09,0.00
PED-2024-000213,458.82,458.82,0.00
PED-2024-000214,843.23,843.23,0.00
PED-2024-000215,1260.52,1260.52,0.00
PED-2024-000216,824.05,824.05,0.00
PED-2024-000217,541.02,541.02,0.00
PED-2024-000218,991.19,991.19,0.00
PED-2024-000219,1474.24,1474.24,0.00
PED-2024-000220,972.01,972.01,0.00
PED-2024-000221,623.22,623.22,0.00
PED-2024-000222,1139.15,1139.15,0.00
PED-2024-000223,1687.96,1687.96,0.00
PED-2024-000224,1119.97,1119.97,0.00
PED-2024-000225,705.42,705.42,0.00
PED-2024-000226,1287.11,1287.11,0.00
PED-2024-000227,1901.68,1901.68,0.00
PED-2024-000228,1267.93,1267.93,0.00
PED-2024-000229,787.62,787.62,0.00
PED-2024-000230,1435.07,1435.07,0.00
PED-2024-000231,1934.31,1934.31,0.00
PED-2024-000232,1126.47,1126.47,0.00
PED-2024-000233,799.87,799.87,0.00
PED-2024-000234,687.60,687.60,0.00
PED-2024-000235,994.25,994.25,0.00
PED-2024-000236,1268.72,1268.72,0.00
PED-2024-000237,389.40,389.40,0.00
PED-2024-000238,904.33,904.33,0.00
PED-2024-000239,1232.24,1232.24,0.00
PED-2024-000240,262.61,262.61,0.00
PED-2024-000241,232.60,232.60,0.00
PED-2024-000242,384.93,384.93,0.00
PED-2024-000243,700.53,700.53,0.00
PED-2024-000244,405.36,405.36,0.00
PED-2024-000245,311.12,311.12,0.00
PED-2024-000246,562.49,562.49,0.00
PED-2024-000247,753.36,753.36,0.00
PED-2024-000248,591.64,591.64,0.00
PED-2024-000249,354.72,354.72,0.00
PED-2024-000250,720.07,720.07,0.00
PED-2024-000251,1189.28,1189.28,0.00
PED-2024-000252,774.73,774.73,0.00
PED-2024-000253,513.62,513.62,0.00
PED-2024-000254,941.87,941.87,0.00
PED-2024-000255,1403.00,1403.00,0.00
PED-2024-000256,922.69,922.69,0.00
PED-2024-000257,595.82,595.82,0.00
PED-2024-000258,1089.83,1089.83,0.00
PED-2024-000259,1616.72,1616.72,0.00
PED-2024-000260,1070.65,1070.65,0.00
PED-2024-000261,678.02,678.02,0.00
PED-2024-000262,1237.79,1237.79,0.00
PED-2024-000263,1830.44,1830.44,0.00
PED-2024-000264,1218.61,1218.61,0.00
PED-2024-000265,760.22,760.22,0.00
PED-2024-000266,1385.75,1385.75,0.00
PED-2024-000267,2044.16,2044.16,0.00
PED-2024-000268,1366.57,1366.57,0.00
PED-2024-000269,842.42,842.42,0.00
PED-2024-000270,1533.71,1533.71,0.00
PED-2024-000271,2257.88,2257.88,0.00
PED-2024-000272,1361.09,1361.09,0.00
PED-2024-000273,464.30,464.30,0.00
PED-2024-000274,914.47,914.47,0.00
PED-2024-000275,1397.52,1397.52,0.00
PED-2024-000276,1509.05,1509.05,0.00
PED-2024-000277,239.62,239.62,0.00
PED-2024-000278,448.67,448.67,0.00
PED-2024-000279,690.60,690.60,0.00
PED-2024-000280,429.49,429.49,0.00
PED-2024-000281,289.84,289.84,0.00
PED-2024-000282,461.11,461.11,0.00
PED-2024-000283,832.01,832.01,0.00
PED-2024-000284,488.61,488.61,0.00
PED-2024-000285,358.79,358.79,0.00
PED-2024-000286,648.57,648.57,0.00
PED-2024-000287,863.52,863.52,0.00
PED-2024-000288,684.87,684.87,0.00
PED-2024-000289,399.65,399.65,0.00
PED-2024-000290,780.75,780.75,0.00
PED-2024-000291,1160.61,1160.61,0.00
PED-2024-000292,695.50,695.50,0.00
PED-2024-000293,522.60,522.60,0.00
PED-2024-000294,855.29,855.29,0.00
PED-2024-000295,1342.49,1342.49,0.00
PED-2024-000296,913.90,913.90,0.00
PED-2024-000297,502.57,502.57,0.00
PED-2024-000298,1094.50,1094.50,0.00
PED-2024-000299,1446.57,1446.57,0.00
PED-2024-000300,917.53,917.53,0.00
PED-2024-000301,732.82,732.82,0.00
PED-2024-000302,1336.43,1336.43,0.00
PED-2024-000303,1972.92,1972.92,0.00
PED-2024-000304,1317.25,1317.25,0.00
PED-2024-000305,815.02,815.02,0.00
PED-2024-000306,1484.39,1484.39,0.00
PED-2024-000307,2186.64,2186.64,0.00
PED-2024-000308,1465.21,1465.21,0.00
PED-2024-000309,436.90,436.90,0.00
PED-2024-000310,865.15,865.15,0.00
PED-2024-000311,1326.28,1326.28,0.00
PED-2024-000312,1459.73,1459.73,0.00
PED-2024-000313,519.10,519.10,0.00
PED-2024-000314,1013.11,1013.11,0.00
PED-2024-000315,619.36,619.36,0.00
PED-2024-000316,380.17,380.17,0.00
PED-2024-000317,294.42,294.42,0.00
PED-2024-000318,547.31,547.31,0.00
PED-2024-000319,833.08,833.08,0.00
PED-2024-000320,528.13,528.13,0.00
PED-2024-000321,376.62,376.62,0.00
PED-2024-000322,695.27,695.27,0.00
PED-2024-000323,1046.80,1046.80,0.00
PED-2024-000324,676.09,676.09,0.00
PED-2024-000325,458.82,458.82,0.00
PED-2024-000326,843.23,843.23,0.00
PED-2024-000327,1260.52,1260.52,0.00
PED-2024-000328,824.05,824.05,0.00
PED-2024-000329,541.02,541.02,0.00
PED-2024-000330,991.19,991.19,0.00
PED-2024-000331,1344.95,1344.95,0.00
PED-2024-000332,773.88,773.88,0.00
PED-2024-000333,573.03,573.03,0.00
PED-2024-000334,936.38,936.38,0.00
PED-2024-000335,1464.68,1464.68,0.00
PED-2024-000336,1002.10,1002.10,0.00
PED-2024-000337,544.77,544.77,0.00
PED-2024-000338,1185.44,1185.44,0.00
PED-2024-000339,1563.82,1563.82,0.00
PED-2024-000340,986.25,986.25,0.00
PED-2024-000341,685.55,685.55,0.00
PED-2024-000342,1108.58,1108.58,0.00
PED-2024-000343,1950.02,1950.02,0.00
PED-2024-000344,1196.66,1196.66,0.00
PED-2024-000345,764.03,764.03,0.00
PED-2024-000346,727.73,727.73,0.00
PED-2024-000347,994.23,994.23,0.00
PED-2024-000348,1338.62,1338.62,0.00
PED-2024-000349,413.34,413.34,0.00
PED-2024-000350,785.83,785.83,0.00
PED-2024-000351,1468.76,1468.76,0.00
PED-2024-000352,330.85,330.85,0.00
PED-2024-000353,267.02,267.02,0.00
PED-2024-000354,497.99,497.99,0.00
PED-2024-000355,761.84,761.84,0.00
PED-2024-000356,478.81,478.81,0.00
PED-2024-000357,349.22,349.22,0.00
PED-2024-000358,645.95,645.95,0.00
PED-2024-000359,975.56,975.56,0.00
PED-2024-000360,626.77,626.77,0.00
PED-2024-000361,431.42,431.42,0.00
PED-2024-000362,793.91,793.91,0.00
PED-2024-000363,1189.28,1189.28,0.00
PED-2024-000364,774.73,774.73,0.00
PED-2024-000365,513.62,513.62,0.00
PED-2024-000366,941.87,941.87,0.00
PED-2024-000367,1403.00,1403.00,0.00
PED-2024-000368,922.69,922.69,0.00
PED-2024-000369,595.82,595.82,0.00
PED-2024-000370,1089.83,1089.83,0.00
PED-2024-000371,1616.72,1616.72,0.00
PED-2024-000372,1070.65,1070.65,0.00
PED-2024-000373,678.02,678.02,0.00
PED-2024-000374,1237.79,1237.79,0.00
PED-2024-000375,1830.44,1830.44,0.00
PED-2024-000376,1218.61,1218.61,0.00
PED-2024-000377,760.22,760.22,0.00
PED-2024-000378,1385.75,1385.75,0.00
PED-2024-000379,2044.16,2044.16,0.00
PED-2024-000380,1366.57,1366.57,0.00
PED-2024-000381,763.58,763.58,0.00
PED-2024-000382,1184.76,1184.76,0.00
PED-2024-000383,2081.50,2081.50,0.00
PED-2024-000384,1157.23,1157.23,0.00
PED-2024-000385,374.39,374.39,0.00
PED-2024-000386,813.81,813.81,0.00
PED-2024-000387,1104.39,1104.39,0.00
PED-2024-000388,1431.76,1431.76,0.00
PED-2024-000389,197.43,197.43,0.00
PED-2024-000390,398.54,398.54,0.00
PED-2024-000391,600.89,600.89,0.00
PED-2024-000392,342.83,342.83,0.00
PED-2024-000393,295.71,295.71,0.00
PED-2024-000394,490.31,490.31,0.00
PED-2024-000395,792.60,792.60,0.00
PED-2024-000396,516.86,516.86,0.00
PED-2024-000397,312.68,312.68,0.00
PED-2024-000398,685.15,685.15,0.00
PED-2024-000399,918.77,918.77,0.00
PED-2024-000400,572.29,572.29,0.00
PED-2024-000401,405.53,405.53,0.00
PED-2024-000402,807.75,807.75,0.00
PED-2024-000403,1242.85,1242.85,0.00
PED-2024-000404,780.35,780.35,0.00
PED-2024-000405,471.29,471.29,0.00
PED-2024-000406,939.27,939.27,0.00
PED-2024-000407,1440.13,1440.13,0.00
PED-2024-000408,911.87,911.87,0.00
PED-2024-000409,537.05,537.05,0.00
PED-2024-000410,1070.79,1070.79,0.00
PED-2024-000411,1637.41,1637.41,0.00
PED-2024-000412,1043.39,1043.39,0.00
PED-2024-000413,602.81,602.81,0.00
PED-2024-000414,1202.31,1202.31,0.00
PED-2024-000415,1834.69,1834.69,0.00
PED-2024-000416,1174.91,1174.91,0.00
PED-2024-000417,668.57,668.57,0.00
PED-2024-000418,1333.83,1333.83,0.00
PED-2024-000419,2031.97,2031.97,0.00
PED-2024-000420,1306.43,1306.43,0.00
PED-2024-000421,274.01,274.01,0.00
PED-2024-000422,698.15,698.15,0.00
PED-2024-000423,1155.17,1155.17,0.00
PED-2024-000424,1284.51,1284.51,0.00
PED-2024-000425,339.77,339.77,0.00
PED-2024-000426,829.67,829.67,0.00
PED-2024-000427,585.25,585.25,0.00
PED-2024-000428,341.95,341.95,0.00
PED-2024-000429,252.09,252.09,0.00
PED-2024-000430,500.87,500.87,0.00
PED-2024-000431,705.04,705.04,0.00
PED-2024-000432,377.48,377.48,0.00
PED-2024-000433,290.32,290.32,0.00
PED-2024-000434,517.95,517.95,0.00
PED-2024-000435,864.54,864.54,0.00
PED-2024-000436,541.07,541.07,0.00
PED-2024-000437,294.71,294.71,0.00
PED-2024-000438,700.73,700.73,0.00
PED-2024-000439,965.16,965.16,0.00
PED-2024-000440,577.81,577.81,0.00
PED-2024-000441,388.49,388.49,0.00
PED-2024-000442,689.18,689.18,0.00
PED-2024-000443,1263.25,1263.25,0.00
PED-2024-000444,733.45,733.45,0.00
PED-2024-000445,468.43,468.43,0.00
PED-2024-000446,891.69,891.69,0.00
PED-2024-000447,1211.05,1211.05,0.00
PED-2024-000448,943.04,943.04,0.00
PED-2024-000449,473.54,473.54,0.00
PED-2024-000450,1061.99,1061.99,0.00
PED-2024-000451,1768.93,1768.93,0.00
PED-2024-000452,1131.07,1131.07,0.00
PED-2024-000453,646.65,646.65,0.00
PED-2024-000454,1289.99,1289.99,0.00
PED-2024-000455,1966.21,1966.21,0.00
PED-2024-000456,1262.59,1262.59,0.00
PED-2024-000457,712.41,712.41,0.00
PED-2024-000458,654.31,654.31,0.00
PED-2024-000459,1089.41,1089.41,0.00
PED-2024-000460,1240.67,1240.67,0.00
PED-2024-000461,317.85,317.85,0.00
PED-2024-000462,785.83,785.83,0.00
PED-2024-000463,1286.69,1286.69,0.00
PED-2024-000464,298.11,298.11,0.00
PED-2024-000465,230.17,230.17,0.00
PED-2024-000466,457.03,457.03,0.00
PED-2024-000467,716.77,716.77,0.00
PED-2024-000468,429.63,429.63,0.00
PED-2024-000469,295.93,295.93,0.00
PED-2024-000470,588.55,588.55,0.00
PED-2024-000471,914.05,914.05,0.00
PED-2024-000472,561.15,561.15,0.00
PED-2024-000473,361.69,361.69,0.00
PED-2024-000474,720.07,720.07,0.00
PED-2024-000475,1111.33,1111.33,0.00
PED-2024-000476,692.67,692.67,0.00
PED-2024-000477,427.45,427.45,0.00
PED-2024-000478,851.59,851.59,0.00
PED-2024-000479,1308.61,1308.61,0.00
PED-2024-000480,824.19,824.19,0.00
PED-2024-000481,436.57,436.57,0.00
PED-2024-000482,756.59,756.59,0.00
PED-2024-000483,1384.32,1384.32,0.00
PED-2024-000484,807.39,807.39,0.00
PED-2024-000485,507.88,507.88,0.00
PED-2024-000486,967.90,967.90,0.00
PED-2024-000487,1312.44,1312.44,0.00
PED-2024-000488,1025.85,1025.85,0.00
PED-2024-000489,509.16,509.16,0.00
PED-2024-000490,1100.75,1100.75,0.00
PED-2024-000491,1653.25,1653.25,0.00
PED-2024-000492,969.06,969.06,0.00
PED-2024-000493,630.34,630.34,0.00
PED-2024-000494,1128.17,1128.17,0.00
PED-2024-000495,1833.39,1833.39,0.00
PED-2024-000496,1076.78,1076.78,0.00
PED-2024-000497,233.61,233.61,0.00
PED-2024-000498,694.98,694.98,0.00
PED-2024-000499,1023.57,1023.57,0.00
PED-2024-000500,1012.16,1012.16,0.00
PED-2024-000501,208.25,208.25,0.00
PED-2024-000502,413.19,413.19,0.00
PED-2024-000503,651.01,651.01,0.00
PED-2024-000504,385.79,385.79,0.00
PED-2024-000505,274.01,274.01,0.00
PED-2024-000506,544.71,544.71,0.00
PED-2024-000507,848.29,848.29,0.00
PED-2024-000508,517.31,517.31,0.00
PED-2024-000509,339.77,339.77,0.00
PED-2024-000510,676.23,676.23,0.00
PED-2024-000511,1045.57,1045.57,0.00
PED-2024-000512,648.83,648.83,0.00
PED-2024-000513,405.53,405.53,0.00
PED-2024-000514,807.75,807.75,0.00
PED-2024-000515,1242.85,1242.85,0.00
PED-2024-000516,780.35,780.35,0.00
PED-2024-000517,471.29,471.29,0.00
PED-2024-000518,939.27,939.27,0.00
PED-2024-000519,1440.13,1440.13,0.00
PED-2024-000520,911.87,911.87,0.00
PED-2024-000521,537.05,537.05,0.00
PED-2024-000522,1070.79,1070.79,0.00
PED-2024-000523,1637.41,1637.41,0.00
PED-2024-000524,1043.39,1043.39,0.00
PED-2024-000525,602.81,602.81,0.00
PED-2024-000526,1202.31,1202.31,0.00
PED-2024-000527,1834.69,1834.69,0.00
PED-2024-000528,1174.91,1174.91,0.00
PED-2024-000529,668.57,668.57,0.00
PED-2024-000530,1333.83,1333.83,0.00
PED-2024-000531,1845.14,1845.14,0.00
PED-2024-000532,1038.67,1038.67,0.00
PED-2024-000533,256.06,256.06,0.00
PED-2024-000534,586.15,586.15,0.00
PED-2024-000535,927.04,927.04,0.00
PED-2024-000536,1155.11,1155.11,0.00
PED-2024-000537,267.04,267.04,0.00
PED-2024-000538,775.56,775.56,0.00
PED-2024-000539,479.34,479.34,0.00
PED-2024-000540,272.03,272.03,0.00
PED-2024-000541,218.34,218.34,0.00
PED-2024-000542,385.88,385.88,0.00
PED-2024-000543,718.27,718.27,0.00
PED-2024-000544,400.55,400.55,0.00
PED-2024-000545,290.86,290.86,0.00
PED-2024-000546,548.95,548.95,0.00
PED-2024-000547,754.87,754.87,0.00
PED-2024-000548,570.71,570.71,0.00
PED-2024-000549,313.23,313.23,0.00
PED-2024-000550,704.42,704.42,0.00
PED-2024-000551,1177.09,1177.09,0.00
PED-2024-000552,736.51,736.51,0.00
PED-2024-000553,449.37,449.37,0.00
PED-2024-000554,895.43,895.43,0.00
PED-2024-000555,1374.37,1374.37,0.00
PED-2024-000556,868.03,868.03,0.00
PED-2024-000557,515.13,515.13,0.00
PED-2024-000558,1026.95,1026.95,0.00
PED-2024-000559,1571.65,1571.65,0.00
PED-2024-000560,999.55,999.55,0.00
PED-2024-000561,580.89,580.89,0.00
PED-2024-000562,1158.47,1158.47,0.00
PED-2024-000563,1768.93,1768.93,0.00
PED-2024-000564,1131.07,1131.07,0.00
PED-2024-000565,646.65,646.65,0.00
PED-2024-000566,1289.99,1289.99,0.00
PED-2024-000567,1966.21,1966.21,0.00
PED-2024-000568,1262.59,1262.59,0.00
PED-2024-000569,712.41,712.41,0.00
PED-2024-000570,654.31,654.31,0.00
PED-2024-000571,1089.41,1089.41,0.00
PED-2024-000572,1240.67,1240.67,0.00
PED-2024-000573,317.85,317.85,0.00
PED-2024-000574,785.83,785.83,0.00
PED-2024-000575,1286.69,1286.69,0.00
PED-2024-000576,298.11,298.11,0.00
PED-2024-000577,230.17,230.17,0.00
PED-2024-000578,457.03,457.03,0.00
PED-2024-000579,716.77,716.77,0.00
PED-2024-000580,429.63,429.63,0.00
PED-2024-000581,261.49,261.49,0.00
PED-2024-000582,453.26,453.26,0.00
PED-2024-000583,839.34,839.34,0.00
PED-2024-000584,474.49,474.49,0.00
PED-2024-000585,330.31,330.31,0.00
PED-2024-000586,625.13,625.13,0.00
PED-2024-000587,856.21,856.21,0.00
PED-2024-000588,653.44,653.44,0.00
PED-2024-000589,348.86,348.86,0.00
PED-2024-000590,755.53,755.53,0.00
PED-2024-000591,1137.91,1137.91,0.00
PED-2024-000592,655.85,655.85,0.00
PED-2024-000593,450.31,450.31,0.00
PED-2024-000594,805.11,805.11,0.00
PED-2024-000595,1320.49,1320.49,0.00
PED-2024-000596,854.55,854.55,0.00
PED-2024-000597,428.42,428.42,0.00
PED-2024-000598,1022.98,1022.98,0.00
PED-2024-000599,1396.95,1396.95,0.00
PED-2024-000600,857.35,857.35,0.00
PED-2024-000601,624.73,624.73,0.00
PED-2024-000602,1246.15,1246.15,0.00
PED-2024-000603,1900.45,1900.45,0.00
PED-2024-000604,1218.75,1218.75,0.00
PED-2024-000605,690.49,690.49,0.00
PED-2024-000606,1377.67,1377.67,0.00
PED-2024-000607,2097.73,2097.73,0.00
PED-2024-000608,1196.83,1196.83,0.00
PED-2024-000609,295.93,295.93,0.00
PED-2024-000610,741.99,741.99,0.00
PED-2024-000611,1220.93,1220.93,0.00
PED-2024-000612,1328.35,1328.35,0.00
PED-2024-000613,208.25,208.25,0.00
PED-2024-000614,413.19,413.19,0.00
PED-2024-000615,651.01,651.01,0.00
PED-2024-000616,385.79,385.79,0.00
PED-2024-000617,274.01,274.01,0.00
PED-2024-000618,544.71,544.71,0.00
PED-2024-000619,848.29,848.29,0.00
PED-2024-000620,517.31,517.31,0.00
PED-2024-000621,339.77,339.77,0.00
PED-2024-000622,676.23,676.23,0.00
PED-2024-000623,1045.57,1045.57,0.00
PED-2024-000624,648.83,648.83,0.00
PED-2024-000625,405.53,405.53,0.00
PED-2024-000626,807.75,807.75,0.00
PED-2024-000627,1242.85,1242.85,0.00
PED-2024-000628,780.35,780.35,0.00
PED-2024-000629,471.29,471.29,0.00
PED-2024-000630,939.27,939.27,0.00
PED-2024-000631,1305.10,1305.10,0.00
PED-2024-000632,725.46,725.46,0.00
PED-2024-000633,490.34,490.34,0.00
PED-2024-000634,876.89,876.89,0.00
PED-2024-000635,1434.46,1434.46,0.00
PED-2024-000636,932.89,932.89,0.00
PED-2024-000637,461.85,461.85,0.00
PED-2024-000638,1103.51,1103.51,0.00
PED-2024-000639,1504.94,1504.94,0.00
PED-2024-000640,917.57,917.57,0.00
PED-2024-000641,577.55,577.55,0.00
PED-2024-000642,1026.20,1026.20,0.00
PED-2024-000643,1868.79,1868.79,0.00
PED-2024-000644,1103.35,1103.35,0.00
PED-2024-000645,228.40,228.40,0.00
PED-2024-000646,620.45,620.45,0.00
PED-2024-000647,912.39,912.39,0.00
PED-2024-000648,1218.69,1218.69,0.00
PED-2024-000649,283.39,283.39,0.00
PED-2024-000650,692.09,692.09,0.00
PED-2024-000651,585.25,585.25,0.00
PED-2024-000652,341.95,341.95,0.00
PED-2024-000653,252.09,252.09,0.00
PED-2024-000654,500.87,500.87,0.00
PED-2024-000655,782.53,782.53,0.00
PED-2024-000656,473.47,473.47,0.00
PED-2024-000657,317.85,317.85,0.00
PED-2024-000658,632.39,632.39,0.00
PED-2024-000659,979.81,979.81,0.00
PED-2024-000660,604.99,604.99,0.00
PED-2024-000661,383.61,383.61,0.00
PED-2024-000662,763.91,763.91,0.00
PED-2024-000663,1177.09,1177.09,0.00
PED-2024-000664,736.51,736.51,0.00
PED-2024-000665,449.37,449.37,0.00
PED-2024-000666,895.43,895.43,0.00
PED-2024-000667,1374.37,1374.37,0.00
PED-2024-000668,868.03,868.03,0.00
PED-2024-000669,515.13,515.13,0.00
PED-2024-000670,1026.95,1026.95,0.00
PED-2024-000671,1571.65,1571.65,0.00
PED-2024-000672,999.55,999.55,0.00
PED-2024-000673,580.89,580.89,0.00
PED-2024-000674,1158.47,1158.47,0.00
PED-2024-000675,1768.93,1768.93,0.00
PED-2024-000676,1131.07,1131.07,0.00
PED-2024-000677,646.65,646.65,0.00
PED-2024-000678,1289.99,1289.99,0.00
PED-2024-000679,1966.21,1966.21,0.00
PED-2024-000680,1262.59,1262.59,0.00
PED-2024-000681,631.11,631.11,0.00
PED-2024-000682,518.21,518.21,0.00
PED-2024-000683,1023.23,1023.23,0.00
PED-2024-000684,1054.54,1054.54,0.00
PED-2024-000685,267.85,267.85,0.00
PED-2024-000686,696.61,696.61,0.00
PED-2024-000687,1013.78,1013.78,0.00
PED-2024-000688,281.10,281.10,0.00
PED-2024-000689,188.59,188.59,0.00
PED-2024-000690,410.26,410.26,0.00
PED-2024-000691,622.52,622.52,0.00
PED-2024-000692,342.71,342.71,0.00
PED-2024-000693,270.32,270.32,0.00
PED-2024-000694,482.07,482.07,0.00
PED-2024-000695,807.52,807.52,0.00
PED-2024-000696,501.90,501.90,0.00
PED-2024-000697,278.00,278.00,0.00
PED-2024-000698,660.45,660.45,0.00
PED-2024-000699,911.20,911.20,0.00
PED-2024-000700,549.10,549.10,0.00
PED-2024-000701,427.45,427.45,0.00
PED-2024-000702,851.59,851.59,0.00
PED-2024-000703,1308.61,1308.61,0.00
PED-2024-000704,824.19,824.19,0.00
PED-2024-000705,493.21,493.21,0.00
PED-2024-000706,983.11,983.11,0.00
PED-2024-000707,1505.89,1505.89,0.00
PED-2024-000708,955.71,955.71,0.00
PED-2024-000709,558.97,558.97,0.00
PED-2024-000710,1114.63,1114.63,0.00
PED-2024-000711,1703.17,1703.17,0.00
PED-2024-000712,1087.23,1087.23,0.00
PED-2024-000713,624.73,624.73,0.00
PED-2024-000714,1246.15,1246.15,0.00
PED-2024-000715,1900.45,1900.45,0.00
PED-2024-000716,1218.75,1218.75,0.00
PED-2024-000717,690.49,690.49,0.00
PED-2024-000718,1377.67,1377.67,0.00
PED-2024-000719,2097.73,2097.73,0.00
PED-2024-000720,1196.83,1196.83,0.00
PED-2024-000721,295.93,295.93,0.00
PED-2024-000722,741.99,741.99,0.00
PED-2024-000723,1220.93,1220.93,0.00
PED-2024-000724,1328.35,1328.35,0.00
PED-2024-000725,208.25,208.25,0.00
PED-2024-000726,413.19,413.19,0.00
PED-2024-000727,651.01,651.01,0.00
PED-2024-000728,385.79,385.79,0.00
PED-2024-000729,274.01,274.01,0.00
PED-2024-000730,544.71,544.71,0.00
PED-2024-000731,765.06,765.06,0.00
PED-2024-000732,412.32,412.32,0.00
PED-2024-000733,310.31,310.31,0.00
PED-2024-000734,553.83,553.83,0.00
PED-2024-000735,921.56,921.56,0.00
PED-2024-000736,580.30,580.30,0.00
PED-2024-000737,311.43,311.43,0.00
PED-2024-000738,741.03,741.03,0.00
PED-2024-000739,1019.12,1019.12,0.00
PED-2024-000740,611.79,611.79,0.00
PED-2024-000741,407.40,407.40,0.00
PED-2024-000742,722.90,722.90,0.00
PED-2024-000743,1323.81,1323.81,0.00
PED-2024-000744,770.45,770.45,0.00
PED-2024-000745,488.14,488.14,0.00
PED-2024-000746,929.81,929.81,0.00
PED-2024-000747,1261.77,1261.77,0.00
PED-2024-000748,984.45,984.45,0.00
PED-2024-000749,491.33,491.33,0.00
PED-2024-000750,1101.72,1101.72,0.00
PED-2024-000751,1834.69,1834.69,0.00
PED-2024-000752,1174.91,1174.91,0.00
PED-2024-000753,668.57,668.57,0.00
PED-2024-000754,1333.83,1333.83,0.00
PED-2024-000755,2031.97,2031.97,0.00
PED-2024-000756,1306.43,1306.43,0.00
PED-2024-000757,274.01,274.01,0.00
PED-2024-000758,698.15,698.15,0.00
PED-2024-000759,1155.17,1155.17,0.00
PED-2024-000760,1284.51,1284.51,0.00
PED-2024-000761,339.77,339.77,0.00
PED-2024-000762,829.67,829.67,0.00
PED-2024-000763,585.25,585.25,0.00
PED-2024-000764,341.95,341.95,0.00
PED-2024-000765,252.09,252.09,0.00
PED-2024-000766,500.87,500.87,0.00
PED-2024-000767,782.53,782.53,0.00
PED-2024-000768,473.47,473.47,0.00
PED-2024-000769,317.85,317.85,0.00
PED-2024-000770,632.39,632.39,0.00
PED-2024-000771,979.81,979.81,0.00
PED-2024-000772,604.99,604.99,0.00
PED-2024-000773,383.61,383.61,0.00
PED-2024-000774,763.91,763.91,0.00
PED-2024-000775,1177.09,1177.09,0.00
PED-2024-000776,736.51,736.51,0.00
PED-2024-000777,449.37,449.37,0.00
PED-2024-000778,895.43,895.43,0.00
PED-2024-000779,1374.37,1374.37,0.00
PED-2024-000780,868.03,868.03,0.00
PED-2024-000781,456.03,456.03,0.00
PED-2024-000782,790.28,790.28,0.00
PED-2024-000783,1444.88,1444.88,0.00
PED-2024-000784,844.39,844.39,0.00
PED-2024-000785,527.59,527.59,0.00
PED-2024-000786,1005.99,1005.99,0.00
PED-2024-000787,1363.11,1363.11,0.00
PED-2024-000788,1067.18,1067.18,0.00
PED-2024-000789,526.96,526.96,0.00
PED-2024-000790,1139.13,1139.13,0.00
PED-2024-000791,1710.57,1710.57,0.00
PED-2024-000792,1003.83,1003.83,0.00
PED-2024-000793,650.33,650.33,0.00
PED-2024-000794,550.30,550.30,0.00
PED-2024-000795,870.02,870.02,0.00
PED-2024-000796,1115.95,1115.95,0.00
PED-2024-000797,250.32,250.32,0.00
PED-2024-000798,735.26,735.26,0.00
PED-2024-000799,1077.48,1077.48,0.00
PED-2024-000800,240.85,240.85,0.00
PED-2024-000801,230.17,230.17,0.00
PED-2024-000802,457.03,457.03,0.00
PED-2024-000803,716.77,716.77,0.00
PED-2024-000804,429.63,429.63,0.00
PED-2024-000805,295.93,295.93,0.00
PED-2024-000806,588.55,588.55,0.00
PED-2024-000807,914.05,914.05,0.00
PED-2024-000808,561.15,561.15,0.00
PED-2024-000809,361.69,361.69,0.00
PED-2024-000810,720.07,720.07,0.00
PED-2024-000811,1111.33,1111.33,0.00
PED-2024-000812,692.67,692.67,0.00
PED-2024-000813,427.45,427.45,0.00
PED-2024-000814,851.59,851.59,0.00
PED-2024-000815,1308.61,1308.61,0.00
PED-2024-000816,824.19,824.19,0.00
PED-2024-000817,493.21,493.21,0.00
PED-2024-000818,983.11,983.11,0.00
PED-2024-000819,1505.89,1505.89,0.00
PED-2024-000820,955.71,955.71,0.00
PED-2024-000821,12.90,12.90,0.00
PED-2024-000822,12.90,12.90,0.00
PED-2024-000823,12.90,12.90,0.00
PED-2024-000824,12.90,12.90,0.00
PED-2024-000825,12.90,12.90,0.00
PED-2024-000826,12.90,12.90,0.00
PED-2024-000827,12.90,12.90,0.00
PED-2024-000828,12.90,12.90,0.00
PED-2024-000829,12.90,12.90,0.00
PED-2024-000830,12.90,12.90,0.00
PED-2024-000831,12.90,12.90,0.00
PED-2024-000832,12.90,12.90,0.00
PED-2024-000833,12.90,12.90,0.00
PED-2024-000834,12.90,12.90,0.00
PED-2024-000835,12.90,12.90,0.00
PED-2024-000836,12.90,12.90,0.00
PED-2024-000837,12.90,12.90,0.00
PED-2024-000838,12.90,12.90,0.00
PED-2024-000839,12.90,12.90,0.00
PED-2024-000840,12.90,12.90,0.00
PED-2024-000841,12.90,12.90,0.00
PED-2024-000842,12.90,12.90,0.00
PED-2024-000843,12.90,12.90,0.00
PED-2024-000844,12.90,12.90,0.00
PED-2024-000845,12.90,12.90,0.00
PED-2024-000846,12.90,12.90,0.00
PED-2024-000847,12.90,12.90,0.00
PED-2024-000848,12.90,12.90,0.00
PED-2024-000849,12.90,12.90,0.00
PED-2024-000850,12.90,12.90,0.00
PED-2024-000851,12.90,12.90,0.00
PED-2024-000852,12.90,12.90,0.00
PED-2024-000853,12.90,12.90,0.00
PED-2024-000854,12.90,12.90,0.00
PED-2024-000855,12.90,12.90,0.00
PED-2024-000856,12.90,12.90,0.00
PED-2024-000857,12.90,12.90,0.00
PED-2024-000858,12.90,12.90,0.00
PED-2024-000859,12.90,12.90,0.00
PED-2024-000860,12.90,12.90,0.00
PED-2024-000861,12.90,12.90,0.00
PED-2024-000862,12.90,12.90,0.00
PED-2024-000863,12.90,12.90,0.00
PED-2024-000864,12.90,12.90,0.00
PED-2024-000865,12.90,12.90,0.00
PED-2024-000866,12.90,12.90,0.00
PED-2024-000867,12.90,12.90,0.00
PED-2024-000868,12.90,12.90,0.00
PED-2024-000869,12.90,12.90,0.00
PED-2024-000870,12.90,12.90,0.00
PED-2024-000871,12.90,12.90,0.00
PED-2024-000872,12.90,12.90,0.00
PED-2024-000873,12.90,12.90,0.00
PED-2024-000874,12.90,12.90,0.00
PED-2024-000875,12.90,12.90,0.00
PED-2024-000876,12.90,12.90,0.00
PED-2024-000877,12.90,12.90,0.00
PED-2024-000878,12.90,12.90,0.00
PED-2024-000879,12.90,12.90,0.00
PED-2024-000880,12.90,12.90,0.00
PED-2024-000881,12.90,12.90,0.00
PED-2024-000882,12.90,12.90,0.00
PED-2024-000883,12.90,12.90,0.00
PED-2024-000884,12.90,12.90,0.00
PED-2024-000885,12.90,12.90,0.00
PED-2024-000886,12.90,12.90,0.00
PED-2024-000887,12.90,12.90,0.00
PED-2024-000888,12.90,12.90,0.00
PED-2024-000889,12.90,12.90,0.00
PED-2024-000890,12.90,12.90,0.00
PED-2024-000891,12.90,12.90,0.00
PED-2024-000892,12.90,12.90,0.00
PED-2024-000893,12.90,12.90,0.00
PED-2024-000894,12.90,12.90,0.00
PED-2024-000895,12.90,12.90,0.00
PED-2024-000896,12.90,12.90,0.00
PED-2024-000897,12.90,12.90,0.00
PED-2024-000898,12.90,12.90,0.00
PED-2024-000899,12.90,12.90,0.00
PED-2024-000900,12.90,12.90,0.00
PED-2024-000901,12.90,12.90,0.00
PED-2024-000902,12.90,12.90,0.00
PED-2024-000903,12.90,12.90,0.00
PED-2024-000904,12.90,12.90,0.00
PED-2024-000905,12.90,12.90,0.00
PED-2024-000906,12.90,12.90,0.00
PED-2024-000907,12.90,12.90,0.00
PED-2024-000908,12.90,12.90,0.00
PED-2024-000909,12.90,12.90,0.00
PED-2024-000910,12.90,12.90,0.00
PED-2024-000911,12.90,12.90,0.00
PED-2024-000912,12.90,12.90,0.00
PED-2024-000913,12.90,12.90,0.00
PED-2024-000914,12.90,12.90,0.00
PED-2024-000915,12.90,12.90,0.00
PED-2024-000916,12.90,12.90,0.00
PED-2024-000917,12.90,12.90,0.00
PED-2024-000918,12.90,12.90,0.00
PED-2024-000919,12.90,12.90,0.00
PED-2024-000920,12.90,12.90,0.00
PED-2024-000921,12.90,12.90,0.00
PED-2024-000922,12.90,12.90,0.00
PED-2024-000923,12.90,12.90,0.00
PED-2024-000924,12.90,12.90,0.00
PED-2024-000925,12.90,12.90,0.00
PED-2024-000926,12.90,12.90,0.00
PED-2024-000927,12.90,12.90,0.00
PED-2024-000928,12.90,12.90,0.00
PED-2024-000929,12.90,12.90,0.00
PED-2024-000930,12.90,12.90,0.00
PED-2024-000931,12.90,12.90,0.00
PED-2024-000932,12.90,12.90,0.00
PED-2024-000933,12.90,12.90,0.00
PED-2024-000934,12.90,12.90,0.00
PED-2024-000935,12.90,12.90,0.00
PED-2024-000936,12.90,12.90,0.00
PED-2024-000937,12.90,12.90,0.00
PED-2024-000938,12.90,12.90,0.00
PED-2024-000939,12.90,12.90,0.00
PED-2024-000940,12.90,12.90,0.00
PED-2024-000941,12.90,12.90,0.00
PED-2024-000942,12.90,12.90,0.00
PED-2024-000943,12.90,12.90,0.00
PED-2024-000944,12.90,12.90,0.00
PED-2024-000945,12.90,12.90,0.00
PED-2024-000946,12.90,12.90,0.00
PED-2024-000947,12.90,12.90,0.00
PED-2024-000948,12.90,12.90,0.00
PED-2024-000949,12.90,12.90,0.00
PED-2024-000950,12.90,12.90,0.00
PED-2024-000951,12.90,12.90,0.00
PED-2024-000952,12.90,12.90,0.00
PED-2024-000953,12.90,12.90,0.00
PED-2024-000954,12.90,12.90,0.00
PED-2024-000955,12.90,12.90,0.00
PED-2024-000956,12.90,12.90,0.00
PED-2024-000957,12.90,12.90,0.00
PED-2024-000958,12.90,12.90,0.00
PED-2024-000959,12.90,12.90,0.00
PED-2024-000960,12.90,12.90,0.00
PED-2024-000961,12.90,12.90,0.00
PED-2024-000962,12.90,12.90,0.00
PED-2024-000963,12.90,12.90,0.00
PED-2024-000964,12.90,12.90,0.00
PED-2024-000965,12.90,12.90,0.00
PED-2024-000966,12.90,12.90,0.00
PED-2024-000967,12.90,12.90,0.00
PED-2024-000968,12.90,12.90,0.00
PED-2024-000969,12.90,12.90,0.00
PED-2024-000970,12.90,12.90,0.00
PED-2024-000971,12.90,12.90,0.00
PED-2024-000972,12.90,12.90,0.00
PED-2024-000973,12.90,12.90,0.00
PED-2024-000974,12.90,12.90,0.00
PED-2024-000975,12.90,12.90,0.00
PED-2024-000976,12.90,12.90,0.00
PED-2024-000977,12.90,12.90,0.00
PED-2024-000978,12.90,12.90,0.00
PED-2024-000979,12.90,12.90,0.00
PED-2024-000980,12.90,12.90,0.00
PED-2024-000981,12.90,12.90,0.00
PED-2024-000982,12.90,12.90,0.00
PED-2024-000983,12.90,12.90,0.00
PED-2024-000984,12.90,12.90,0.00
PED-2024-000985,12.90,12.90,0.00
PED-2024-000986,12.90,12.90,0.00
PED-2024-000987,12.90,12.90,0.00
PED-2024-000988,12.90,12.90,0.00
PED-2024-000989,12.90,12.90,0.00
PED-2024-000990,12.90,12.90,0.00
PED-2024-000991,12.90,12.90,0.00
PED-2024-000992,12.90,12.90,0.00
PED-2024-000993,12.90,12.90,0.00
PED-2024-000994,12.90,12.90,0.00
PED-2024-000995,12.90,12.90,0.00
PED-2024-000996,12.90,12.90,0.00
PED-2024-000997,12.90,12.90,0.00
PED-2024-000998,12.90,12.90,0.00
PED-2024-000999,12.90,12.90,0.00
PED-2024-001000,12.90,12.90,0.00
PED-2024-001001,541.02,541.02,0.00
PED-2024-001002,991.19,991.19,0.00
PED-2024-001003,1474.24,1474.24,0.00
PED-2024-001004,972.01,972.01,0.00
PED-2024-001005,623.22,623.22,0.00
PED-2024-001006,1139.15,1139.15,0.00
PED-2024-001007,1687.96,1687.96,0.00
PED-2024-001008,1119.97,1119.97,0.00
PED-2024-001009,705.42,705.42,0.00
PED-2024-001010,1287.11,1287.11,0.00
PED-2024-001011,1901.68,1901.68,0.00
PED-2024-001012,1267.93,1267.93,0.00
PED-2024-001013,787.62,787.62,0.00
PED-2024-001014,1435.07,1435.07,0.00
PED-2024-001015,2115.40,2115.40,0.00
PED-2024-001016,1415.89,1415.89,0.00
PED-2024-001017,869.82,869.82,0.00
PED-2024-001018,815.83,815.83,0.00
PED-2024-001019,1255.04,1255.04,0.00
PED-2024-001020,1410.41,1410.41,0.00
PED-2024-001021,491.70,491.70,0.00
PED-2024-001022,963.79,963.79,0.00
PED-2024-001023,1468.76,1468.76,0.00
PED-2024-001024,330.85,330.85,0.00
PED-2024-001025,267.02,267.02,0.00
PED-2024-001026,497.99,497.99,0.00
PED-2024-001027,761.84,761.84,0.00
PED-2024-001028,478.81,478.81,0.00
PED-2024-001029,349.22,349.22,0.00
PED-2024-001030,645.95,645.95,0.00
PED-2024-001031,886.52,886.52,0.00
PED-2024-001032,499.59,499.59,0.00
PED-2024-001033,396.56,396.56,0.00
PED-2024-001034,652.53,652.53,0.00
PED-2024-001035,1036.98,1036.98,0.00
PED-2024-001036,693.33,693.33,0.00
PED-2024-001037,397.08,397.08,0.00
PED-2024-001038,867.08,867.08,0.00
PED-2024-001039,1153.39,1153.39,0.00
PED-2024-001040,719.65,719.65,0.00
PED-2024-001041,518.66,518.66,0.00
PED-2024-001042,841.97,841.97,0.00
PED-2024-001043,1489.61,1489.61,0.00
PED-2024-001044,905.09,905.09,0.00
PED-2024-001045,597.17,597.17,0.00
PED-2024-001046,1078.75,1078.75,0.00
PED-2024-001047,1414.26,1414.26,0.00
PED-2024-001048,1150.67,1150.67,0.00
PED-2024-001049,624.33,624.33,0.00
PED-2024-001050,1246.15,1246.15,0.00
PED-2024-001051,2044.16,2044.16,0.00
PED-2024-001052,1366.57,1366.57,0.00
PED-2024-001053,842.42,842.42,0.00
PED-2024-001054,1533.71,1533.71,0.00
PED-2024-001055,2257.88,2257.88,0.00
PED-2024-001056,1361.09,1361.09,0.00
PED-2024-001057,464.30,464.30,0.00
PED-2024-001058,914.47,914.47,0.00
PED-2024-001059,1397.52,1397.52,0.00
PED-2024-001060,1509.05,1509.05,0.00
PED-2024-001061,239.62,239.62,0.00
PED-2024-001062,448.67,448.67,0.00
PED-2024-001063,690.60,690.60,0.00
PED-2024-001064,429.49,429.49,0.00
PED-2024-001065,321.82,321.82,0.00
PED-2024-001066,596.63,596.63,0.00
PED-2024-001067,904.32,904.32,0.00
PED-2024-001068,577.45,577.45,0.00
PED-2024-001069,404.02,404.02,0.00
PED-2024-001070,744.59,744.59,0.00
PED-2024-001071,1118.04,1118.04,0.00
PED-2024-001072,725.41,725.41,0.00
PED-2024-001073,486.22,486.22,0.00
PED-2024-001074,892.55,892.55,0.00
PED-2024-001075,1331.76,1331.76,0.00
PED-2024-001076,873.37,873.37,0.00
PED-2024-001077,568.42,568.42,0.00
PED-2024-001078,1040.51,1040.51,0.00
PED-2024-001079,1545.48,1545.48,0.00
PED-2024-001080,1021.33,1021.33,0.00
PED-2024-001081,589.06,589.06,0.00
PED-2024-001082,918.15,918.15,0.00
PED-2024-001083,1621.22,1621.22,0.00
PED-2024-001084,988.42,988.42,0.00
PED-2024-001085,644.84,644.84,0.00
PED-2024-001086,1164.74,1164.74,0.00
PED-2024-001087,1524.42,1524.42,0.00
PED-2024-001088,1243.81,1243.81,0.00
PED-2024-001089,669.28,669.28,0.00
PED-2024-001090,1290.38,1290.38,0.00
PED-2024-001091,1907.05,1907.05,0.00
PED-2024-001092,1165.70,1165.70,0.00
PED-2024-001093,410.81,410.81,0.00
PED-2024-001094,728.10,728.10,0.00
PED-2024-001095,1055.38,1055.38,0.00
PED-2024-001096,1312.81,1312.81,0.00
PED-2024-001097,410.51,410.51,0.00
PED-2024-001098,949.83,949.83,0.00
PED-2024-001099,508.34,508.34,0.00
PED-2024-001100,303.77,303.77,0.00
PED-2024-001101,294.42,294.42,0.00
PED-2024-001102,547.31,547.31,0.00
PED-2024-001103,833.08,833.08,0.00
PED-2024-001104,528.13,528.13,0.00
PED-2024-001105,376.62,376.62,0.00
PED-2024-001106,695.27,695.27,0.00
PED-2024-001107,1046.80,1046.80,0.00
PED-2024-001108,676.09,676.09,0.00
PED-2024-001109,458.82,458.82,0.00
PED-2024-001110,843.23,843.23,0.00
PED-2024-001111,1260.52,1260.52,0.00
PED-2024-001112,824.05,824.05,0.00
PED-2024-001113,541.02,541.02,0.00
PED-2024-001114,991.19,991.19,0.00
PED-2024-001115,1474.24,1474.24,0.00
PED-2024-001116,972.01,972.01,0.00
PED-2024-001117,623.22,623.22,0.00
PED-2024-001118,1139.15,1139.15,0.00
PED-2024-001119,1687.96,1687.96,0.00
PED-2024-001120,1119.97,1119.97,0.00
PED-2024-001121,705.42,705.42,0.00
PED-2024-001122,1287.11,1287.11,0.00
PED-2024-001123,1901.68,1901.68,0.00
PED-2024-001124,1267.93,1267.93,0.00
PED-2024-001125,787.62,787.62,0.00
PED-2024-001126,1435.07,1435.07,0.00
PED-2024-001127,2115.40,2115.40,0.00
PED-2024-001128,1415.89,1415.89,0.00
PED-2024-001129,869.82,869.82,0.00
PED-2024-001130,815.83,815.83,0.00
PED-2024-001131,1217.80,1217.80,0.00
PED-2024-001132,1129.00,1129.00,0.00
PED-2024-001133,461.21,461.21,0.00
PED-2024-001134,809.23,809.23,0.00
PED-2024-001135,1177.57,1177.57,0.00
PED-2024-001136,296.29,296.29,0.00
PED-2024-001137,207.19,207.19,0.00
PED-2024-001138,457.73,457.73,0.00
PED-2024-001139,625.59,625.59,0.00
PED-2024-001140,376.87,376.87,0.00
PED-2024-001141,304.14,304.14,0.00
PED-2024-001142,499.18,499.18,0.00
PED-2024-001143,897.78,897.78,0.00
PED-2024-001144,530.27,530.27,0.00
PED-2024-001145,382.61,382.61,0.00
PED-2024-001146,691.59,691.59,0.00
PED-2024-001147,918.57,918.57,0.00
PED-2024-001148,731.40,731.40,0.00
PED-2024-001149,422.11,422.11,0.00
PED-2024-001150,851.59,851.59,0.00
PED-2024-001151,1403.00,1403.00,0.00
PED-2024-001152,922.69,922.69,0.00
PED-2024-001153,595.82,595.82,0.00
PED-2024-001154,1089.83,1089.83,0.00
PED-2024-001155,1616.72,1616.72,0.00
PED-2024-001156,1070.65,1070.65,0.00
PED-2024-001157,678.02,678.02,0.00
PED-2024-001158,1237.79,1237.79,0.00
PED-2024-001159,1830.44,1830.44,0.00
PED-2024-001160,1218.61,1218.61,0.00
PED-2024-001161,760.22,760.22,0.00
PED-2024-001162,1385.75,1385.75,0.00
PED-2024-001163,2044.16,2044.16,0.00
PED-2024-001164,1366.57,1366.57,0.00
PED-2024-001165,842.42,842.42,0.00
PED-2024-001166,1533.71,1533.71,0.00
PED-2024-001167,2257.88,2257.88,0.00
PED-2024-001168,1361.09,1361.09,0.00
PED-2024-001169,464.30,464.30,0.00
PED-2024-001170,914.47,914.47,0.00
PED-2024-001171,1397.52,1397.52,0.00
PED-2024-001172,1509.05,1509.05,0.00
PED-2024-001173,239.62,239.62,0.00
PED-2024-001174,448.67,448.67,0.00
PED-2024-001175,690.60,690.60,0.00
PED-2024-001176,429.49,429.49,0.00
PED-2024-001177,321.82,321.82,0.00
PED-2024-001178,596.63,596.63,0.00
PED-2024-001179,904.32,904.32,0.00
PED-2024-001180,577.45,577.45,0.00
PED-2024-001181,364.63,364.63,0.00
PED-2024-001182,575.36,575.36,0.00
PED-2024-001183,1029.33,1029.33,0.00
PED-2024-001184,613.60,613.60,0.00
PED-2024-001185,430.31,430.31,0.00
PED-2024-001186,777.58,777.58,0.00
PED-2024-001187,1028.73,1028.73,0.00
PED-2024-001188,824.54,824.54,0.00
PED-2024-001189,467.06,467.06,0.00
PED-2024-001190,908.17,908.17,0.00
PED-2024-001191,1347.27,1347.27,0.00
PED-2024-001192,813.03,813.03,0.00
PED-2024-001193,598.24,598.24,0.00
PED-2024-001194,976.92,976.92,0.00
PED-2024-001195,1525.81,1525.81,0.00
PED-2024-001196,1046.20,1046.20,0.00
PED-2024-001197,565.86,565.86,0.00
PED-2024-001198,1230.93,1230.93,0.00
PED-2024-001199,1622.44,1622.44,0.00
PED-2024-001200,1032.61,1032.61,0.00
PED-2024-001201,815.02,815.02,0.00
PED-2024-001202,1484.39,1484.39,0.00
PED-2024-001203,2186.64,2186.64,0.00
PED-2024-001204,1465.21,1465.21,0.00
PED-2024-001205,436.90,436.90,0.00
PED-2024-001206,865.15,865.15,0.00
PED-2024-001207,1326.28,1326.28,0.00
PED-2024-001208,1459.73,1459.73,0.00
PED-2024-001209,519.10,519.10,0.00
PED-2024-001210,1013.11,1013.11,0.00
PED-2024-001211,619.36,619.36,0.00
PED-2024-001212,380.17,380.17,0.00
PED-2024-001213,294.42,294.42,0.00
PED-2024-001214,547.31,547.31,0.00
PED-2024-001215,833.08,833.08,0.00
PED-2024-001216,528.13,528.13,0.00
PED-2024-001217,376.62,376.62,0.00
PED-2024-001218,695.27,695.27,0.00
PED-2024-001219,1046.80,1046.80,0.00
PED-2024-001220,676.09,676.09,0.00
PED-2024-001221,458.82,458.82,0.00
PED-2024-001222,843.23,843.23,0.00
PED-2024-001223,1260.52,1260.52,0.00
PED-2024-001224,824.05,824.05,0.00
PED-2024-001225,541.02,541.02,0.00
PED-2024-001226,991.19,991.19,0.00
PED-2024-001227,1474.24,1474.24,0.00
PED-2024-001228,972.01,972.01,0.00
PED-2024-001229,623.22,623.22,0.00
PED-2024-001230,1139.15,1139.15,0.00
PED-2024-001231,1541.38,1541.38,0.00
PED-2024-001232,891.41,891.41,0.00
PED-2024-001233,648.64,648.64,0.00
PED-2024-001234,1058.05,1058.05,0.00
PED-2024-001235,1648.00,1648.00,0.00
PED-2024-001236,1134.47,1134.47,0.00
PED-2024-001237,608.06,608.06,0.00
PED-2024-001238,1321.92,1321.92,0.00
PED-2024-001239,1739.75,1739.75,0.00
PED-2024-001240,1100.51,1100.51,0.00
PED-2024-001241,757.04,757.04,0.00
PED-2024-001242,647.43,647.43,0.00
PED-2024-001243,1180.58,1180.58,0.00
PED-2024-001244,1198.82,1198.82,0.00
PED-2024-001245,398.24,398.24,0.00
PED-2024-001246,856.78,856.78,0.00
PED-2024-001247,1159.44,1159.44,0.00
PED-2024-001248,312.21,312.21,0.00
PED-2024-001249,219.92,219.92,0.00
PED-2024-001250,457.03,457.03,0.00
PED-2024-001251,761.84,761.84,0.00
PED-2024-001252,478.81,478.81,0.00
PED-2024-001253,349.22,349.22,0.00
PED-2024-001254,645.95,645.95,0.00
PED-2024-001255,975.56,975.56,0.00
PED-2024-001256,626.77,626.77,0.00
PED-2024-001257,431.42,431.42,0.00
PED-2024-001258,793.91,793.91,0.00
PED-2024-001259,1189.28,1189.28,0.00
PED-2024-001260,774.73,774.73,0.00
PED-2024-001261,513.62,513.62,0.00
PED-2024-001262,941.87,941.87,0.00
PED-2024-001263,1403.00,1403.00,0.00
PED-2024-001264,922.69,922.69,0.00
PED-2024-001265,595.82,595.82,0.00
PED-2024-001266,1089.83,1089.83,0.00
PED-2024-001267,1616.72,1616.72,0.00
PED-2024-001268,1070.65,1070.65,0.00
PED-2024-001269,678.02,678.02,0.00
PED-2024-001270,1237.79,1237.79,0.00
PED-2024-001271,1830.44,1830.44,0.00
PED-2024-001272,1218.61,1218.61,0.00
PED-2024-001273,760.22,760.22,0.00
PED-2024-001274,1385.75,1385.75,0.00
PED-2024-001275,2044.16,2044.16,0.00
PED-2024-001276,1366.57,1366.57,0.00
PED-2024-001277,842.42,842.42,0.00
PED-2024-001278,1533.71,1533.71,0.00
PED-2024-001279,2257.88,2257.88,0.00
PED-2024-001280,1361.09,1361.09,0.00
PED-2024-001281,447.11,447.11,0.00
PED-2024-001282,723.61,723.61,0.00
PED-2024-001283,1312.12,1312.12,0.00
PED-2024-001284,1282.14,1282.14,0.00
PED-2024-001285,215.75,215.75,0.00
PED-2024-001286,390.46,390.46,0.00
PED-2024-001287,533.10,533.10,0.00
PED-2024-001288,405.36,405.36,0.00
PED-2024-001289,264.82,264.82,0.00
PED-2024-001290,525.91,525.91,0.00
PED-2024-001291,787.49,787.49,0.00
PED-2024-001292,460.44,460.44,0.00
PED-2024-001293,371.35,371.35,0.00
PED-2024-001294,611.94,611.94,0.00
PED-2024-001295,975.92,975.92,0.00
PED-2024-001296,649.23,649.23,0.00
PED-2024-001297,375.99,375.99,0.00
PED-2024-001298,821.59,821.59,0.00
PED-2024-001299,1094.70,1094.70,0.00
PED-2024-001300,687.37,687.37,0.00
PED-2024-001301,568.42,568.42,0.00
PED-2024-001302,1040.51,1040.51,0.00
PED-2024-001303,1545.48,1545.48,0.00
PED-2024-001304,1021.33,1021.33,0.00
PED-2024-001305,650.62,650.62,0.00
PED-2024-001306,1188.47,1188.47,0.00
PED-2024-001307,1759.20,1759.20,0.00
PED-2024-001308,1169.29,1169.29,0.00
PED-2024-001309,732.82,732.82,0.00
PED-2024-001310,1336.43,1336.43,0.00
PED-2024-001311,1972.92,1972.92,0.00
PED-2024-001312,1317.25,1317.25,0.00
PED-2024-001313,815.02,815.02,0.00
PED-2024-001314,1484.39,1484.39,0.00
PED-2024-001315,2186.64,2186.64,0.00
PED-2024-001316,1465.21,1465.21,0.00
PED-2024-001317,436.90,436.90,0.00
PED-2024-001318,865.15,865.15,0.00
PED-2024-001319,1326.28,1326.28,0.00
PED-2024-001320,1459.73,1459.73,0.00
PED-2024-001321,519.10,519.10,0.00
PED-2024-001322,1013.11,1013.11,0.00
PED-2024-001323,619.36,619.36,0.00
PED-2024-001324,380.17,380.17,0.00
PED-2024-001325,294.42,294.42,0.00
PED-2024-001326,547.31,547.31,0.00
PED-2024-001327,833.08,833.08,0.00
PED-2024-001328,528.13,528.13,0.00
PED-2024-001329,376.62,376.62,0.00
PED-2024-001330,695.27,695.27,0.00
PED-2024-001331,952.02,952.02,0.00
PED-2024-001332,538.74,538.74,0.00
PED-2024-001333,421.75,421.75,0.00
PED-2024-001334,693.07,693.07,0.00
PED-2024-001335,1098.11,1098.11,0.00
PED-2024-001336,737.43,737.43,0.00
PED-2024-001337,418.17,418.17,0.00
PED-2024-001338,912.57,912.57,0.00
PED-2024-001339,1211.95,1211.95,0.00
PED-2024-001340,757.73,757.73,0.00
PED-2024-001341,542.52,542.52,0.00
PED-2024-001342,880.04,880.04,0.00
PED-2024-001343,1555.38,1555.38,0.00
PED-2024-001344,946.75,946.75,0.00
PED-2024-001345,620.99,620.99,0.00
PED-2024-001346,1121.77,1121.77,0.00
PED-2024-001347,1469.31,1469.31,0.00
PED-2024-001348,1197.20,1197.20,0.00
PED-2024-001349,646.79,646.79,0.00
PED-2024-001350,1289.99,1289.99,0.00
PED-2024-001351,2115.40,2115.40,0.00
PED-2024-001352,1415.89,1415.89,0.00
PED-2024-001353,869.82,869.82,0.00
PED-2024-001354,815.83,815.83,0.00
PED-2024-001355,1255.04,1255.04,0.00
PED-2024-001356,1410.41,1410.41,0.00
PED-2024-001357,491.70,491.70,0.00
PED-2024-001358,963.79,963.79,0.00
PED-2024-001359,1468.76,1468.76,0.00
PED-2024-001360,330.85,330.85,0.00
PED-2024-001361,267.02,267.02,0.00
PED-2024-001362,497.99,497.99,0.00
PED-2024-001363,761.84,761.84,0.00
PED-2024-001364,478.81,478.81,0.00
PED-2024-001365,349.22,349.22,0.00
PED-2024-001366,645.95,645.95,0.00
PED-2024-001367,975.56,975.56,0.00
PED-2024-001368,626.77,626.77,0.00
PED-2024-001369,431.42,431.42,0.00
PED-2024-001370,793.91,793.91,0.00
PED-2024-001371,1189.28,1189.28,0.00
PED-2024-001372,774.73,774.73,0.00
PED-2024-001373,513.62,513.62,0.00
PED-2024-001374,941.87,941.87,0.00
PED-2024-001375,1403.00,1403.00,0.00
PED-2024-001376,922.69,922.69,0.00
PED-2024-001377,595.82,595.82,0.00
PED-2024-001378,1089.83,1089.83,0.00
PED-2024-001379,1616.72,1616.72,0.00
PED-2024-001380,1070.65,1070.65,0.00
PED-2024-001381,613.97,613.97,0.00
PED-2024-001382,956.22,956.22,0.00
PED-2024-001383,1686.93,1686.93,0.00
PED-2024-001384,1030.08,1030.08,0.00
PED-2024-001385,668.69,668.69,0.00
PED-2024-001386,1207.76,1207.76,0.00
PED-2024-001387,1579.47,1579.47,0.00
PED-2024-001388,1290.34,1290.34,0.00
PED-2024-001389,691.74,691.74,0.00
PED-2024-001390,1332.87,1332.87,0.00
PED-2024-001391,1969.25,1969.25,0.00
PED-2024-001392,1089.77,1089.77,0.00
PED-2024-001393,436.02,436.02,0.00
PED-2024-001394,768.69,768.69,0.00
PED-2024-001395,1116.44,1116.44,0.00
PED-2024-001396,1356.91,1356.91,0.00
PED-2024-001397,186.10,186.10,0.00
PED-2024-001398,412.24,412.24,0.00
PED-2024-001399,567.03,567.03,0.00
PED-2024-001400,342.13,342.13,0.00
PED-2024-001401,321.82,321.82,0.00
PED-2024-001402,596.63,596.63,0.00
PED-2024-001403,904.32,904.32,0.00
PED-2024-001404,577.45,577.45,0.00
PED-2024-001405,404.02,404.02,0.00
PED-2024-001406,744.59,744.59,0.00
PED-2024-001407,1118.04,1118.04,0.00
PED-2024-001408,725.41,725.41,0.00
PED-2024-001409,486.22,486.22,0.00
PED-2024-001410,892.55,892.55,0.00
PED-2024-001411,1331.76,1331.76,0.00
PED-2024-001412,873.37,873.37,0.00
PED-2024-001413,568.42,568.42,0.00
PED-2024-001414,1040.51,1040.51,0.00
PED-2024-001415,1545.48,1545.48,0.00
PED-2024-001416,1021.33,1021.33,0.00
PED-2024-001417,650.62,650.62,0.00
PED-2024-001418,1188.47,1188.47,0.00
PED-2024-001419,1759.20,1759.20,0.00
PED-2024-001420,1169.29,1169.29,0.00
PED-2024-001421,732.82,732.82,0.00
PED-2024-001422,1336.43,1336.43,0.00
PED-2024-001423,1972.92,1972.92,0.00
PED-2024-001424,1317.25,1317.25,0.00
PED-2024-001425,815.02,815.02,0.00
PED-2024-001426,1484.39,1484.39,0.00
PED-2024-001427,2186.64,2186.64,0.00
PED-2024-001428,1465.21,1465.21,0.00
PED-2024-001429,436.90,436.90,0.00
PED-2024-001430,865.15,865.15,0.00
PED-2024-001431,1283.30,1283.30,0.00
PED-2024-001432,1168.15,1168.15,0.00
PED-2024-001433,486.45,486.45,0.00
PED-2024-001434,849.82,849.82,0.00
PED-2024-001435,548.15,548.15,0.00
PED-2024-001436,340.39,340.39,0.00
PED-2024-001437,228.30,228.30,0.00
PED-2024-001438,503.18,503.18,0.00
PED-2024-001439,684.28,684.28,0.00
PED-2024-001440,414.96,414.96,0.00
PED-2024-001441,327.98,327.98,0.00
PED-2024-001442,537.29,537.29,0.00
PED-2024-001443,963.62,963.62,0.00
PED-2024-001444,571.94,571.94,0.00
PED-2024-001445,406.46,406.46,0.00
PED-2024-001446,734.56,734.56,0.00
PED-2024-001447,973.68,973.68,0.00
PED-2024-001448,778.01,778.01,0.00
PED-2024-001449,444.60,444.60,0.00
PED-2024-001450,895.43,895.43,0.00
PED-2024-001451,1474.24,1474.24,0.00
PED-2024-001452,972.01,972.01,0.00
PED-2024-001453,623.22,623.22,0.00
PED-2024-001454,1139.15,1139.15,0.00
PED-2024-001455,1687.96,1687.96,0.00
PED-2024-001456,1119.97,1119.97,0.00
PED-2024-001457,705.42,705.42,0.00
PED-2024-001458,1287.11,1287.11,0.00
PED-2024-001459,1901.68,1901.68,0.00
PED-2024-001460,1267.93,1267.93,0.00
PED-2024-001461,787.62,787.62,0.00
PED-2024-001462,1435.07,1435.07,0.00
PED-2024-001463,2115.40,2115.40,0.00
PED-2024-001464,1415.89,1415.89,0.00
PED-2024-001465,869.82,869.82,0.00
PED-2024-001466,815.83,815.83,0.00
PED-2024-001467,1255.04,1255.04,0.00
PED-2024-001468,1410.41,1410.41,0.00
PED-2024-001469,491.70,491.70,0.00
PED-2024-001470,963.79,963.79,0.00
PED-2024-001471,1468.76,1468.76,0.00
PED-2024-001472,330.85,330.85,0.00
PED-2024-001473,267.02,267.02,0.00
PED-2024-001474,497.99,497.99,0.00
PED-2024-001475,761.84,761.84,0.00
PED-2024-001476,478.81,478.81,0.00
PED-2024-001477,349.22,349.22,0.00
PED-2024-001478,645.95,645.95,0.00
PED-2024-001479,975.56,975.56,0.00
PED-2024-001480,626.77,626.77,0.00
PED-2024-001481,389.57,389.57,0.00
PED-2024-001482,613.47,613.47,0.00
PED-2024-001483,1095.10,1095.10,0.00
PED-2024-001484,655.26,655.26,0.00
PED-2024-001485,454.13,454.13,0.00
PED-2024-001486,820.64,820.64,0.00
PED-2024-001487,1083.84,1083.84,0.00
PED-2024-001488,871.16,871.16,0.00
PED-2024-001489,489.50,489.50,0.00
PED-2024-001490,950.61,950.61,0.00
PED-2024-001491,1409.47,1409.47,0.00
PED-2024-001492,852.26,852.26,0.00
PED-2024-001493,623.43,623.43,0.00
PED-2024-001494,1017.46,1017.46,0.00
PED-2024-001495,1586.94,1586.94,0.00
PED-2024-001496,1090.37,1090.37,0.00
PED-2024-001497,586.97,586.97,0.00
PED-2024-001498,1276.43,1276.43,0.00
PED-2024-001499,1681.06,1681.06,0.00
PED-2024-001500,1070.97,1070.97,0.00
PED-2024-001501,842.42,842.42,0.00
PED-2024-001502,1533.71,1533.71,0.00
PED-2024-001503,2257.88,2257.88,0.00
PED-2024-001504,1361.09,1361.09,0.00
PED-2024-001505,464.30,464.30,0.00
PED-2024-001506,914.47,914.47,0.00
PED-2024-001507,1397.52,1397.52,0.00
PED-2024-001508,1509.05,1509.05,0.00
PED-2024-001509,239.62,239.62,0.00
PED-2024-001510,448.67,448.67,0.00
PED-2024-001511,690.60,690.60,0.00
PED-2024-001512,429.49,429.49,0.00
PED-2024-001513,321.82,321.82,0.00
PED-2024-001514,596.63,596.63,0.00
PED-2024-001515,904.32,904.32,0.00
PED-2024-001516,577.45,577.45,0.00
PED-2024-001517,404.02,404.02,0.00
PED-2024-001518,744.59,744.59,0.00
PED-2024-001519,1118.04,1118.04,0.00
PED-2024-001520,725.41,725.41,0.00
PED-2024-001521,486.22,486.22,0.00
PED-2024-001522,892.55,892.55,0.00
PED-2024-001523,1331.76,1331.76,0.00
PED-2024-001524,873.37,873.37,0.00
PED-2024-001525,568.42,568.42,0.00
PED-2024-001526,1040.51,1040.51,0.00
PED-2024-001527,1545.48,1545.48,0.00
PED-2024-001528,1021.33,1021.33,0.00
PED-2024-001529,650.62,650.62,0.00
PED-2024-001530,1188.47,1188.47,0.00
PED-2024-001531,1606.88,1606.88,0.00
PED-2024-001532,930.56,930.56,0.00
PED-2024-001533,673.83,673.83,0.00
PED-2024-001534,1098.59,1098.59,0.00
PED-2024-001535,1709.13,1709.13,0.00
PED-2024-001536,1178.57,1178.57,0.00
PED-2024-001537,629.15,629.15,0.00
PED-2024-001538,1367.41,1367.41,0.00
PED-2024-001539,1798.31,1798.31,0.00
PED-2024-001540,1138.59,1138.59,0.00
PED-2024-001541,389.61,389.61,0.00
PED-2024-001542,685.50,685.50,0.00
PED-2024-001543,1246.35,1246.35,0.00
PED-2024-001544,1240.48,1240.48,0.00
PED-2024-001545,422.09,422.09,0.00
PED-2024-001546,899.80,899.80,0.00
PED-2024-001547,477.99,477.99,0.00
PED-2024-001548,358.74,358.74,0.00
PED-2024-001549,242.38,242.38,0.00
PED-2024-001550,500.87,500.87,0.00
PED-2024-001551,833.08,833.08,0.00
PED-2024-001552,528.13,528.13,0.00
PED-2024-001553,376.62,376.62,0.00
PED-2024-001554,695.27,695.27,0.00
PED-2024-001555,1046.80,1046.80,0.00
PED-2024-001556,676.09,676.09,0.00
PED-2024-001557,458.82,458.82,0.00
PED-2024-001558,843.23,843.23,0.00
PED-2024-001559,1260.52,1260.52,0.00
PED-2024-001560,824.05,824.05,0.00
PED-2024-001561,541.02,541.02,0.00
PED-2024-001562,991.19,991.19,0.00
PED-2024-001563,1474.24,1474.24,0.00
PED-2024-001564,972.01,972.01,0.00
PED-2024-001565,623.22,623.22,0.00
PED-2024-001566,1139.15,1139.15,0.00
PED-2024-001567,1687.96,1687.96,0.00
PED-2024-001568,1119.97,1119.97,0.00
PED-2024-001569,705.42,705.42,0.00
PED-2024-001570,1287.11,1287.11,0.00
PED-2024-001571,1901.68,1901.68,0.00
PED-2024-001572,1267.93,1267.93,0.00
PED-2024-001573,787.62,787.62,0.00
PED-2024-001574,1435.07,1435.07,0.00
PED-2024-001575,2115.40,2115.40,0.00
PED-2024-001576,1415.89,1415.89,0.00
PED-2024-001577,869.82,869.82,0.00
PED-2024-001578,815.83,815.83,0.00
PED-2024-001579,1255.04,1255.04,0.00
PED-2024-001580,1410.41,1410.41,0.00
PED-2024-001581,472.05,472.05,0.00
PED-2024-001582,761.68,761.68,0.00
PED-2024-001583,1377.83,1377.83,0.00
PED-2024-001584,280.37,280.37,0.00
PED-2024-001585,239.60,239.60,0.00
PED-2024-001586,433.48,433.48,0.00
PED-2024-001587,588.15,588.15,0.00
PED-2024-001588,451.97,451.97,0.00
PED-2024-001589,287.31,287.31,0.00
PED-2024-001590,568.40,568.40,0.00
PED-2024-001591,849.62,849.62,0.00
PED-2024-001592,499.59,499.59,0.00
PED-2024-001593,396.56,396.56,0.00
PED-2024-001594,652.53,652.53,0.00
PED-2024-001595,1036.98,1036.98,0.00
PED-2024-001596,693.33,693.33,0.00
PED-2024-001597,397.08,397.08,0.00
PED-2024-001598,867.08,867.08,0.00
PED-2024-001599,1153.39,1153.39,0.00
PED-2024-001600,725.73,725.73,0.00
PED-2024-001601,595.82,595.82,0.00
PED-2024-001602,1089.83,1089.83,0.00
PED-2024-001603,1616.72,1616.72,0.00
PED-2024-001604,1070.65,1070.65,0.00
PED-2024-001605,678.02,678.02,0.00
PED-2024-001606,1237.79,1237.79,0.00
PED-2024-001607,1830.44,1830.44,0.00
PED-2024-001608,1218.61,1218.61,0.00
PED-2024-001609,760.22,760.22,0.00
PED-2024-001610,1385.75,1385.75,0.00
PED-2024-001611,2044.16,2044.16,0.00
PED-2024-001612,1366.57,1366.57,0.00
PED-2024-001613,842.42,842.42,0.00
PED-2024-001614,1533.71,1533.71,0.00
PED-2024-001615,2257.88,2257.88,0.00
PED-2024-001616,1361.09,1361.09,0.00
PED-2024-001617,464.30,464.30,0.00
PED-2024-001618,914.47,914.47,0.00
PED-2024-001619,1397.52,1397.52,0.00
PED-2024-001620,1509.05,1509.05,0.00
PED-2024-001621,239.62,239.62,0.00
PED-2024-001622,448.67,448.67,0.00
PED-2024-001623,690.60,690.60,0.00
PED-2024-001624,429.49,429.49,0.00
PED-2024-001625,321.82,321.82,0.00
PED-2024-001626,596.63,596.63,0.00
PED-2024-001627,904.32,904.32,0.00
PED-2024-001628,577.45,577.45,0.00
PED-2024-001629,404.02,404.02,0.00
PED-2024-001630,744.59,744.59,0.00
PED-2024-001631,1017.52,1017.52,0.00
PED-2024-001632,577.97,577.97,0.00
PED-2024-001633,446.99,446.99,0.00
PED-2024-001634,733.62,733.62,0.00
PED-2024-001635,1159.17,1159.17,0.00
PED-2024-001636,781.53,781.53,0.00
PED-2024-001637,439.28,439.28,0.00
PED-2024-001638,958.02,958.02,0.00
PED-2024-001639,1270.64,1270.64,0.00
PED-2024-001640,795.82,795.82,0.00
PED-2024-001641,566.36,566.36,0.00
PED-2024-001642,918.15,918.15,0.00
PED-2024-001643,1621.22,1621.22,0.00
PED-2024-001644,988.42,988.42,0.00
PED-2024-001645,644.84,644.84,0.00
PED-2024-001646,1164.74,1164.74,0.00
PED-2024-001647,1524.42,1524.42,0.00
PED-2024-001648,1243.81,1243.81,0.00
PED-2024-001649,669.28,669.28,0.00
PED-2024-001650,1333.83,1333.83,0.00
PED-2024-001651,2186.64,2186.64,0.00
PED-2024-001652,1465.21,1465.21,0.00
PED-2024-001653,436.90,436.90,0.00
PED-2024-001654,865.15,865.15,0.00
PED-2024-001655,1326.28,1326.28,0.00
PED-2024-001656,1459.73,1459.73,0.00
PED-2024-001657,519.10,519.10,0.00
PED-2024-001658,1013.11,1013.11,0.00
PED-2024-001659,619.36,619.36,0.00
PED-2024-001660,380.17,380.17,0.00
PED-2024-001661,294.42,294.42,0.00
PED-2024-001662,547.31,547.31,0.00
PED-2024-001663,833.08,833.08,0.00
PED-2024-001664,528.13,528.13,0.00
PED-2024-001665,376.62,376.62,0.00
PED-2024-001666,695.27,695.27,0.00
PED-2024-001667,1046.80,1046.80,0.00
PED-2024-001668,676.09,676.09,0.00
PED-2024-001669,458.82,458.82,0.00
PED-2024-001670,843.23,843.23,0.00
PED-2024-001671,1260.52,1260.52,0.00
PED-2024-001672,824.05,824.05,0.00
PED-2024-001673,541.02,541.02,0.00
PED-2024-001674,991.19,991.19,0.00
PED-2024-001675,1474.24,1474.24,0.00
PED-2024-001676,972.01,972.01,0.00
PED-2024-001677,623.22,623.22,0.00
PED-2024-001678,1139.15,1139.15,0.00
PED-2024-001679,1687.96,1687.96,0.00
PED-2024-001680,1119.97,1119.97,0.00
PED-2024-001681,638.91,638.91,0.00
PED-2024-001682,994.33,994.33,0.00
PED-2024-001683,1752.70,1752.70,0.00
PED-2024-001684,1071.74,1071.74,0.00
PED-2024-001685,692.51,692.51,0.00
PED-2024-001686,1250.82,1250.82,0.00
PED-2024-001687,1634.58,1634.58,0.00
PED-2024-001688,1336.96,1336.96,0.00
PED-2024-001689,714.18,714.18,0.00
PED-2024-001690,646.51,646.51,0.00
PED-2024-001691,1118.44,1118.44,0.00
PED-2024-001692,1129.00,1129.00,0.00
PED-2024-001693,461.21,461.21,0.00
PED-2024-001694,809.23,809.23,0.00
PED-2024-001695,1177.57,1177.57,0.00
PED-2024-001696,296.29,296.29,0.00
PED-2024-001697,207.19,207.19,0.00
PED-2024-001698,457.73,457.73,0.00
PED-2024-001699,625.59,625.59,0.00
PED-2024-001700,380.49,380.49,0.00
PED-2024-001701,349.22,349.22,0.00
PED-2024-001702,645.95,645.95,0.00
PED-2024-001703,975.56,975.56,0.00
PED-2024-001704,626.77,626.77,0.00
PED-2024-001705,431.42,431.42,0.00
PED-2024-001706,793.91,793.91,0.00
PED-2024-001707,1189.28,1189.28,0.00
PED-2024-001708,774.73,774.73,0.00
PED-2024-001709,513.62,513.62,0.00
PED-2024-001710,941.87,941.87,0.00
PED-2024-001711,1403.00,1403.00,0.00
PED-2024-001712,922.69,922.69,0.00
PED-2024-001713,595.82,595.82,0.00
PED-2024-001714,1089.83,1089.83,0.00
PED-2024-001715,1616.72,1616.72,0.00
PED-2024-001716,1070.65,1070.65,0.00
PED-2024-001717,678.02,678.02,0.00
PED-2024-001718,1237.79,1237.79,0.00
PED-2024-001719,1830.44,1830.44,0.00
PED-2024-001720,1218.61,1218.61,0.00
PED-2024-001721,760.22,760.22,0.00
PED-2024-001722,1385.75,1385.75,0.00
PED-2024-001723,2044.16,2044.16,0.00
PED-2024-001724,1366.57,1366.57,0.00
PED-2024-001725,842.42,842.42,0.00
PED-2024-001726,1533.71,1533.71,0.00
PED-2024-001727,2257.88,2257.88,0.00
PED-2024-001728,1361.09,1361.09,0.00
PED-2024-001729,464.30,464.30,0.00
PED-2024-001730,914.47,914.47,0.00
PED-2024-001731,1348.80,1348.80,0.00
PED-2024-001732,1207.30,1207.30,0.00
PED-2024-001733,220.12,220.12,0.00
PED-2024-001734,368.64,368.64,0.00
PED-2024-001735,609.28,609.28,0.00
PED-2024-001736,384.49,384.49,0.00
PED-2024-001737,249.39,249.39,0.00
PED-2024-001738,548.67,548.67,0.00
PED-2024-001739,742.90,742.90,0.00
PED-2024-001740,453.04,453.04,0.00
PED-2024-001741,351.79,351.79,0.00
PED-2024-001742,575.36,575.36,0.00
PED-2024-001743,1029.33,1029.33,0.00
PED-2024-001744,613.60,613.60,0.00
PED-2024-001745,430.31,430.31,0.00
PED-2024-001746,777.58,777.58,0.00
PED-2024-001747,1028.73,1028.73,0.00
PED-2024-001748,824.54,824.54,0.00
PED-2024-001749,467.06,467.06,0.00
PED-2024-001750,939.27,939.27,0.00
PED-2024-001751,1545.48,1545.48,0.00
PED-2024-001752,1021.33,1021.33,0.00
PED-2024-001753,650.62,650.62,0.00
PED-2024-001754,1188.47,1188.47,0.00
PED-2024-001755,1759.20,1759.20,0.00
PED-2024-001756,1169.29,1169.29,0.00
PED-2024-001757,732.82,732.82,0.00
PED-2024-001758,1336.43,1336.43,0.00
PED-2024-001759,1972.92,1972.92,0.00
PED-2024-001760,1317.25,1317.25,0.00
PED-2024-001761,815.02,815.02,0.00
PED-2024-001762,1484.39,1484.39,0.00
PED-2024-001763,2186.64,2186.64,0.00
PED-2024-001764,1465.21,1465.21,0.00
PED-2024-001765,436.90,436.90,0.00
PED-2024-001766,865.15,865.15,0.00
PED-2024-001767,1326.28,1326.28,0.00
PED-2024-001768,1459.73,1459.73,0.00
PED-2024-001769,519.10,519.10,0.00
PED-2024-001770,1013.11,1013.11,0.00
PED-2024-001771,619.36,619.36,0.00
PED-2024-001772,380.17,380.17,0.00
PED-2024-001773,294.42,294.42,0.00
PED-2024-001774,547.31,547.31,0.00
PED-2024-001775,833.08,833.08,0.00
PED-2024-001776,528.13,528.13,0.00
PED-2024-001777,376.62,376.62,0.00
PED-2024-001778,695.27,695.27,0.00
PED-2024-001779,1046.80,1046.80,0.00
PED-2024-001780,676.09,676.09,0.00
PED-2024-001781,414.51,414.51,0.00
PED-2024-001782,651.54,651.54,0.00
PED-2024-001783,1160.81,1160.81,0.00
PED-2024-001784,696.85,696.85,0.00
PED-2024-001785,477.98,477.98,0.00
PED-2024-001786,863.66,863.66,0.00
PED-2024-001787,1138.89,1138.89,0.00
PED-2024-001788,917.77,917.77,0.00
PED-2024-001789,511.99,511.99,0.00
PED-2024-001790,993.10,993.10,0.00
PED-2024-001791,1471.60,1471.60,0.00
PED-2024-001792,891.41,891.41,0.00
PED-2024-001793,648.64,648.64,0.00
PED-2024-001794,1058.05,1058.05,0.00
PED-2024-001795,1648.00,1648.00,0.00
PED-2024-001796,1134.47,1134.47,0.00
PED-2024-001797,608.06,608.06,0.00
PED-2024-001798,1321.92,1321.92,0.00
PED-2024-001799,1739.75,1739.75,0.00
PED-2024-001800,1109.33,1109.33,0.00
PED-2024-001801,869.82,869.82,0.00
PED-2024-001802,815.83,815.83,0.00
PED-2024-001803,1255.04,1255.04,0.00
PED-2024-001804,1410.41,1410.41,0.00
PED-2024-001805,491.70,491.70,0.00
PED-2024-001806,963.79,963.79,0.00
PED-2024-001807,1468.76,1468.76,0.00
PED-2024-001808,330.85,330.85,0.00
PED-2024-001809,267.02,267.02,0.00
PED-2024-001810,497.99,497.99,0.00
PED-2024-001811,761.84,761.84,0.00
PED-2024-001812,478.81,478.81,0.00
PED-2024-001813,349.22,349.22,0.00
PED-2024-001814,645.95,645.95,0.00
PED-2024-001815,975.56,975.56,0.00
PED-2024-001816,626.77,626.77,0.00
PED-2024-001817,431.42,431.42,0.00
PED-2024-001818,793.91,793.91,0.00
PED-2024-001819,1189.28,1189.28,0.00
PED-2024-001820,774.73,774.73,0.00
PED-2024-001821,513.62,513.62,0.00
PED-2024-001822,941.87,941.87,0.00
PED-2024-001823,1403.00,1403.00,0.00
PED-2024-001824,922.69,922.69,0.00
PED-2024-001825,595.82,595.82,0.00
PED-2024-001826,1089.83,1089.83,0.00
PED-2024-001827,1616.72,1616.72,0.00
PED-2024-001828,1070.65,1070.65,0.00
PED-2024-001829,678.02,678.02,0.00
PED-2024-001830,1237.79,1237.79,0.00
PED-2024-001831,1672.38,1672.38,0.00
PED-2024-001832,969.79,969.79,0.00
PED-2024-001833,699.07,699.07,0.00
PED-2024-001834,1139.14,1139.14,0.00
PED-2024-001835,1770.19,1770.19,0.00
PED-2024-001836,1222.67,1222.67,0.00
PED-2024-001837,650.26,650.26,0.00
PED-2024-001838,1412.86,1412.86,0.00
PED-2024-001839,1857.00,1857.00,0.00
PED-2024-001840,1030.91,1030.91,0.00
PED-2024-001841,413.45,413.45,0.00
PED-2024-001842,723.61,723.61,0.00
PED-2024-001843,1312.12,1312.12,0.00
PED-2024-001844,1282.14,1282.14,0.00
PED-2024-001845,215.75,215.75,0.00
PED-2024-001846,390.46,390.46,0.00
PED-2024-001847,533.10,533.10,0.00
PED-2024-001848,405.36,405.36,0.00
PED-2024-001849,264.82,264.82,0.00
PED-2024-001850,544.71,544.71,0.00
PED-2024-001851,904.32,904.32,0.00
PED-2024-001852,577.45,577.45,0.00
PED-2024-001853,404.02,404.02,0.00
PED-2024-001854,744.59,744.59,0.00
PED-2024-001855,1118.04,1118.04,0.00
PED-2024-001856,725.41,725.41,0.00
PED-2024-001857,486.22,486.22,0.00
PED-2024-001858,892.55,892.55,0.00
PED-2024-001859,1331.76,1331.76,0.00
PED-2024-001860,873.37,873.37,0.00
PED-2024-001861,568.42,568.42,0.00
PED-2024-001862,1040.51,1040.51,0.00
PED-2024-001863,1545.48,1545.48,0.00
PED-2024-001864,1021.33,1021.33,0.00
PED-2024-001865,650.62,650.62,0.00
PED-2024-001866,1188.47,1188.47,0.00
PED-2024-001867,1759.20,1759.20,0.00
PED-2024-001868,1169.29,1169.29,0.00
PED-2024-001869,732.82,732.82,0.00
PED-2024-001870,1336.43,1336.43,0.00
PED-2024-001871,1972.92,1972.92,0.00
PED-2024-001872,1317.25,1317.25,0.00
PED-2024-001873,815.02,815.02,0.00
PED-2024-001874,1484.39,1484.39,0.00
PED-2024-001875,2186.64,2186.64,0.00
PED-2024-001876,1465.21,1465.21,0.00
PED-2024-001877,436.90,436.90,0.00
PED-2024-001878,865.15,865.15,0.00
PED-2024-001879,1326.28,1326.28,0.00
PED-2024-001880,1459.73,1459.73,0.00
PED-2024-001881,496.99,496.99,0.00
PED-2024-001882,799.79,799.79,0.00
PED-2024-001883,568.98,568.98,0.00
PED-2024-001884,322.03,322.03,0.00
PED-2024-001885,263.42,263.42,0.00
PED-2024-001886,476.50,476.50,0.00
PED-2024-001887,643.20,643.20,0.00
PED-2024-001888,498.50,498.50,0.00
PED-2024-001889,309.77,309.77,0.00
PED-2024-001890,610.89,610.89,0.00
PED-2024-001891,911.88,911.88,0.00
PED-2024-001892,538.74,538.74,0.00
PED-2024-001893,421.75,421.75,0.00
PED-2024-001894,693.07,693.07,0.00
PED-2024-001895,1098.11,1098.11,0.00
PED-2024-001896,737.43,737.43,0.00
PED-2024-001897,418.17,418.17,0.00
PED-2024-001898,912.57,912.57,0.00
PED-2024-001899,1211.95,1211.95,0.00
PED-2024-001900,764.09,764.09,0.00
PED-2024-001901,623.22,623.22,0.00
PED-2024-001902,1139.15,1139.15,0.00
PED-2024-001903,1687.96,1687.96,0.00
PED-2024-001904,1119.97,1119.97,0.00
PED-2024-001905,705.42,705.42,0.00
PED-2024-001906,1287.11,1287.11,0.00
PED-2024-001907,1901.68,1901.68,0.00
PED-2024-001908,1267.93,1267.93,0.00
PED-2024-001909,787.62,787.62,0.00
PED-2024-001910,1435.07,1435.07,0.00
PED-2024-001911,2115.40,2115.40,0.00
PED-2024-001912,1415.89,1415.89,0.00
PED-2024-001913,869.82,869.82,0.00
PED-2024-001914,815.83,815.83,0.00
PED-2024-001915,1255.04,1255.04,0.00
PED-2024-001916,1410.41,1410.41,0.00
PED-2024-001917,491.70,491.70,0.00
PED-2024-001918,963.79,963.79,0.00
PED-2024-001919,1468.76,1468.76,0.00
PED-2024-001920,330.85,330.85,0.00
PED-2024-001921,267.02,267.02,0.00
PED-2024-001922,497.99,497.99,0.00
PED-2024-001923,761.84,761.84,0.00
PED-2024-001924,478.81,478.81,0.00
PED-2024-001925,349.22,349.22,0.00
PED-2024-001926,645.95,645.95,0.00
PED-2024-001927,975.56,975.56,0.00
PED-2024-001928,626.77,626.77,0.00
PED-2024-001929,431.42,431.42,0.00
PED-2024-001930,793.91,793.91,0.00
PED-2024-001931,1083.02,1083.02,0.00
PED-2024-001932,617.12,617.12,0.00
PED-2024-001933,472.20,472.20,0.00
PED-2024-001934,774.16,774.16,0.00
PED-2024-001935,1220.30,1220.30,0.00
PED-2024-001936,825.63,825.63,0.00
PED-2024-001937,460.37,460.37,0.00
PED-2024-001938,1003.51,1003.51,0.00
PED-2024-001939,1329.26,1329.26,0.00
PED-2024-001940,833.90,833.90,0.00
PED-2024-001941,590.17,590.17,0.00
PED-2024-001942,956.22,956.22,0.00
PED-2024-001943,1686.93,1686.93,0.00
PED-2024-001944,1030.08,1030.08,0.00
PED-2024-001945,668.69,668.69,0.00
PED-2024-001946,1207.76,1207.76,0.00
PED-2024-001947,1579.47,1579.47,0.00
PED-2024-001948,1290.34,1290.34,0.00
PED-2024-001949,691.74,691.74,0.00
PED-2024-001950,1377.67,1377.67,0.00
PED-2024-001951,2257.88,2257.88,0.00
PED-2024-001952,1361.09,1361.09,0.00
PED-2024-001953,464.30,464.30,0.00
PED-2024-001954,914.47,914.47,0.00
PED-2024-001955,1397.52,1397.52,0.00
PED-2024-001956,1509.05,1509.05,0.00
PED-2024-001957,239.62,239.62,0.00
PED-2024-001958,448.67,448.67,0.00
PED-2024-001959,690.60,690.60,0.00
PED-2024-001960,429.49,429.49,0.00
PED-2024-001961,321.82,321.82,0.00
PED-2024-001962,596.63,596.63,0.00
PED-2024-001963,904.32,904.32,0.00
PED-2024-001964,577.45,577.45,0.00
PED-2024-001965,404.02,404.02,0.00
PED-2024-001966,744.59,744.59,0.00
PED-2024-001967,1118.04,1118.04,0.00
PED-2024-001968,725.41,725.41,0.00
PED-2024-001969,486.22,486.22,0.00
PED-2024-001970,892.55,892.55,0.00
PED-2024-001971,1331.76,1331.76,0.00
PED-2024-001972,873.37,873.37,0.00
PED-2024-001973,568.42,568.42,0.00
PED-2024-001974,1040.51,1040.51,0.00
PED-2024-001975,1545.48,1545.48,0.00
PED-2024-001976,1021.33,1021.33,0.00
PED-2024-001977,650.62,650.62,0.00
PED-2024-001978,1188.47,1188.47,0.00
PED-2024-001979,1759.20,1759.20,0.00
PED-2024-001980,1169.29,1169.29,0.00
PED-2024-001981,663.85,663.85,0.00
PED-2024-001982,1032.40,1032.40,0.00
PED-2024-001983,1818.41,1818.41,0.00
PED-2024-001984,1113.33,1113.33,0.00
PED-2024-001985,716.36,716.36,0.00
PED-2024-001986,1293.84,1293.84,0.00
PED-2024-001987,1689.63,1689.63,0.00
PED-2024-001988,1383.57,1383.57,0.00
PED-2024-001989,368.42,368.42,0.00
PED-2024-001990,688.95,688.95,0.00
PED-2024-001991,1180.64,1180.64,0.00
PED-2024-001992,1168.15,1168.15,0.00
PED-2024-001993,486.45,486.45,0.00
PED-2024-001994,849.82,849.82,0.00
PED-2024-001995,548.15,548.15,0.00
PED-2024-001996,340.39,340.39,0.00
PED-2024-001997,228.30,228.30,0.00
PED-2024-001998,503.18,503.18,0.00
PED-2024-001999,684.28,684.28,0.00
PED-2024-002000,418.85,418.85,0.00
PED-2024-002001,376.62,376.62,0.00
PED-2024-002002,695.27,695.27,0.00
PED-2024-002003,1046.80,1046.80,0.00
PED-2024-002004,676.09,676.09,0.00
PED-2024-002005,458.82,458.82,0.00
PED-2024-002006,843.23,843.23,0.00
PED-2024-002007,1260.52,1260.52,0.00
PED-2024-002008,824.05,824.05,0.00
PED-2024-002009,541.02,541.02,0.00
PED-2024-002010,991.19,991.19,0.00
PED-2024-002011,1474.24,1474.24,0.00
PED-2024-002012,972.01,972.01,0.00
PED-2024-002013,623.22,623.22,0.00
PED-2024-002014,1139.15,1139.15,0.00
PED-2024-002015,1687.96,1687.96,0.00
PED-2024-002016,1119.97,1119.97,0.00
PED-2024-002017,705.42,705.42,0.00
PED-2024-002018,1287.11,1287.11,0.00
PED-2024-002019,1901.68,1901.68,0.00
PED-2024-002020,1267.93,1267.93,0.00
PED-2024-002021,787.62,787.62,0.00
PED-2024-002022,1435.07,1435.07,0.00
PED-2024-002023,2115.40,2115.40,0.00
PED-2024-002024,1415.89,1415.89,0.00
PED-2024-002025,869.82,869.82,0.00
PED-2024-002026,815.83,815.83,0.00
PED-2024-002027,1255.04,1255.04,0.00
PED-2024-002028,1410.41,1410.41,0.00
PED-2024-002029,491.70,491.70,0.00
PED-2024-002030,963.79,963.79,0.00
PED-2024-002031,1414.30,1414.30,0.00
PED-2024-002032,264.53,264.53,0.00
PED-2024-002033,245.31,245.31,0.00
PED-2024-002034,409.18,409.18,0.00
PED-2024-002035,670.41,670.41,0.00
PED-2024-002036,428.66,428.66,0.00
PED-2024-002037,270.50,270.50,0.00
PED-2024-002038,594.17,594.17,0.00
PED-2024-002039,801.52,801.52,0.00
PED-2024-002040,491.13,491.13,0.00
PED-2024-002041,375.63,375.63,0.00
PED-2024-002042,613.47,613.47,0.00
PED-2024-002043,1095.10,1095.10,0.00
PED-2024-002044,655.26,655.26,0.00
PED-2024-002045,454.13,454.13,0.00
PED-2024-002046,820.64,820.64,0.00
PED-2024-002047,1083.84,1083.84,0.00
PED-2024-002048,871.16,871.16,0.00
PED-2024-002049,489.50,489.50,0.00
PED-2024-002050,983.11,983.11,0.00
PED-2024-002051,1616.72,1616.72,0.00
PED-2024-002052,1070.65,1070.65,0.00
PED-2024-002053,678.02,678.02,0.00
PED-2024-002054,1237.79,1237.79,0.00
PED-2024-002055,1830.44,1830.44,0.00
PED-2024-002056,1218.61,1218.61,0.00
PED-2024-002057,760.22,760.22,0.00
PED-2024-002058,1385.75,1385.75,0.00
PED-2024-002059,2044.16,2044.16,0.00
PED-2024-002060,1366.57,1366.57,0.00
PED-2024-002061,842.42,842.42,0.00
PED-2024-002062,1533.71,1533.71,0.00
PED-2024-002063,2257.88,2257.88,0.00
PED-2024-002064,1361.09,1361.09,0.00
PED-2024-002065,464.30,464.30,0.00
PED-2024-002066,914.47,914.47,0.00
PED-2024-002067,1397.52,1397.52,0.00
PED-2024-002068,1509.05,1509.05,0.00
PED-2024-002069,239.62,239.62,0.00
PED-2024-002070,448.67,448.67,0.00
PED-2024-002071,690.60,690.60,0.00
PED-2024-002072,429.49,429.49,0.00
PED-2024-002073,321.82,321.82,0.00
PED-2024-002074,596.63,596.63,0.00
PED-2024-002075,904.32,904.32,0.00
PED-2024-002076,577.45,577.45,0.00
PED-2024-002077,404.02,404.02,0.00
PED-2024-002078,744.59,744.59,0.00
PED-2024-002079,1118.04,1118.04,0.00
PED-2024-002080,725.41,725.41,0.00
PED-2024-002081,439.45,439.45,0.00
PED-2024-002082,689.61,689.61,0.00
PED-2024-002083,1226.58,1226.58,0.00
PED-2024-002084,738.51,738.51,0.00
PED-2024-002085,501.80,501.80,0.00
PED-2024-002086,906.68,906.68,0.00
PED-2024-002087,1193.94,1193.94,0.00
PED-2024-002088,964.30,964.30,0.00
PED-2024-002089,534.45,534.45,0.00
PED-2024-002090,1035.59,1035.59,0.00
PED-2024-002091,1533.86,1533.86,0.00
PED-2024-002092,930.56,930.56,0.00
PED-2024-002093,673.83,673.83,0.00
PED-2024-002094,1098.59,1098.59,0.00
PED-2024-002095,1709.13,1709.13,0.00
PED-2024-002096,1178.57,1178.57,0.00
PED-2024-002097,629.15,629.15,0.00
PED-2024-002098,1367.41,1367.41,0.00
PED-2024-002099,1798.31,1798.31,0.00
PED-2024-002100,1147.69,1147.69,0.00
PED-2024-002101,436.90,436.90,0.00
PED-2024-002102,865.15,865.15,0.00
PED-2024-002103,1326.28,1326.28,0.00
PED-2024-002104,1459.73,1459.73,0.00
PED-2024-002105,519.10,519.10,0.00
PED-2024-002106,1013.11,1013.11,0.00
PED-2024-002107,619.36,619.36,0.00
PED-2024-002108,380.17,380.17,0.00
PED-2024-002109,294.42,294.42,0.00
PED-2024-002110,547.31,547.31,0.00
PED-2024-002111,833.08,833.08,0.00
PED-2024-002112,528.13,528.13,0.00
PED-2024-002113,376.62,376.62,0.00
PED-2024-002114,695.27,695.27,0.00
PED-2024-002115,1046.80,1046.80,0.00
PED-2024-002116,676.09,676.09,0.00
PED-2024-002117,458.82,458.82,0.00
PED-2024-002118,843.23,843.23,0.00
PED-2024-002119,1260.52,1260.52,0.00
PED-2024-002120,824.05,824.05,0.00
PED-2024-002121,541.02,541.02,0.00
PED-2024-002122,991.19,991.19,0.00
PED-2024-002123,1474.24,1474.24,0.00
PED-2024-002124,972.01,972.01,0.00
PED-2024-002125,623.22,623.22,0.00
PED-2024-002126,1139.15,1139.15,0.00
PED-2024-002127,1687.96,1687.96,0.00
PED-2024-002128,1119.97,1119.97,0.00
PED-2024-002129,705.42,705.42,0.00
PED-2024-002130,1287.11,1287.11,0.00
PED-2024-002131,1737.88,1737.88,0.00
PED-2024-002132,1008.94,1008.94,0.00
PED-2024-002133,724.28,724.28,0.00
PED-2024-002134,1179.68,1179.68,0.00
PED-2024-002135,1831.32,1831.32,0.00
PED-2024-002136,1266.77,1266.77,0.00
PED-2024-002137,671.35,671.35,0.00
PED-2024-002138,767.90,767.90,0.00
PED-2024-002139,1056.37,1056.37,0.00
PED-2024-002140,1069.00,1069.00,0.00
PED-2024-002141,437.29,437.29,0.00
PED-2024-002142,761.68,761.68,0.00
PED-2024-002143,1377.83,1377.83,0.00
PED-2024-002144,280.37,280.37,0.00
PED-2024-002145,239.60,239.60,0.00
PED-2024-002146,433.48,433.48,0.00
PED-2024-002147,588.15,588.15,0.00
PED-2024-002148,451.97,451.97,0.00
PED-2024-002149,287.31,287.31,0.00
PED-2024-002150,588.55,588.55,0.00
PED-2024-002151,975.56,975.56,0.00
PED-2024-002152,626.77,626.77,0.00
PED-2024-002153,431.42,431.42,0.00
PED-2024-002154,793.91,793.91,0.00
PED-2024-002155,1189.28,1189.28,0.00
PED-2024-002156,774.73,774.73,0.00
PED-2024-002157,513.62,513.62,0.00
PED-2024-002158,941.87,941.87,0.00
PED-2024-002159,1403.00,1403.00,0.00
PED-2024-002160,922.69,922.69,0.00
PED-2024-002161,595.82,595.82,0.00
PED-2024-002162,1089.83,1089.83,0.00
PED-2024-002163,1616.72,1616.72,0.00
PED-2024-002164,1070.65,1070.65,0.00
PED-2024-002165,678.02,678.02,0.00
PED-2024-002166,1237.79,1237.79,0.00
PED-2024-002167,1830.44,1830.44,0.00
PED-2024-002168,1218.61,1218.61,0.00
PED-2024-002169,760.22,760.22,0.00
PED-2024-002170,1385.75,1385.75,0.00
PED-2024-002171,2044.16,2044.16,0.00
PED-2024-002172,1366.57,1366.57,0.00
PED-2024-002173,842.42,842.42,0.00
PED-2024-002174,1533.71,1533.71,0.00
PED-2024-002175,2257.88,2257.88,0.00
PED-2024-002176,1361.09,1361.09,0.00
PED-2024-002177,464.30,464.30,0.00
PED-2024-002178,914.47,914.47,0.00
PED-2024-002179,1397.52,1397.52,0.00
PED-2024-002180,1509.05,1509.05,0.00
PED-2024-002181,215.05,215.05,0.00
PED-2024-002182,346.86,346.86,0.00
PED-2024-002183,634.82,634.82,0.00
PED-2024-002184,363.70,363.70,0.00
PED-2024-002185,287.27,287.27,0.00
PED-2024-002186,519.47,519.47,0.00
PED-2024-002187,698.31,698.31,0.00
PED-2024-002188,545.11,545.11,0.00
PED-2024-002189,332.26,332.26,0.00
PED-2024-002190,653.33,653.33,0.00
PED-2024-002191,974.08,974.08,0.00
PED-2024-002192,577.97,577.97,0.00
PED-2024-002193,446.99,446.99,0.00
PED-2024-002194,733.62,733.62,0.00
PED-2024-002195,1159.17,1159.17,0.00
PED-2024-002196,781.53,781.53,0.00
PED-2024-002197,439.28,439.28,0.00
PED-2024-002198,958.02,958.02,0.00
PED-2024-002199,1270.64,1270.64,0.00
PED-2024-002200,802.45,802.45,0.00
PED-2024-002201,650.62,650.62,0.00
PED-2024-002202,1188.47,1188.47,0.00
PED-2024-002203,1759.20,1759.20,0.00
PED-2024-002204,1169.29,1169.29,0.00
PED-2024-002205,732.82,732.82,0.00
PED-2024-002206,1336.43,1336.43,0.00
PED-2024-002207,1972.92,1972.92,0.00
PED-2024-002208,1317.25,1317.25,0.00
PED-2024-002209,815.02,815.02,0.00
PED-2024-002210,1484.39,1484.39,0.00
PED-2024-002211,2186.64,2186.64,0.00
PED-2024-002212,1465.21,1465.21,0.00
PED-2024-002213,436.90,436.90,0.00
PED-2024-002214,865.15,865.15,0.00
PED-2024-002215,1326.28,1326.28,0.00
PED-2024-002216,1459.73,1459.73,0.00
PED-2024-002217,519.10,519.10,0.00
PED-2024-002218,1013.11,1013.11,0.00
PED-2024-002219,619.36,619.36,0.00
PED-2024-002220,380.17,380.17,0.00
PED-2024-002221,294.42,294.42,0.00
PED-2024-002222,547.31,547.31,0.00
PED-2024-002223,833.08,833.08,0.00
PED-2024-002224,528.13,528.13,0.00
PED-2024-002225,376.62,376.62,0.00
PED-2024-002226,695.27,695.27,0.00
PED-2024-002227,1046.80,1046.80,0.00
PED-2024-002228,676.09,676.09,0.00
PED-2024-002229,458.82,458.82,0.00
PED-2024-002230,843.23,843.23,0.00
PED-2024-002231,1148.52,1148.52,0.00
PED-2024-002232,656.35,656.35,0.00
PED-2024-002233,497.39,497.39,0.00
PED-2024-002234,814.70,814.70,0.00
PED-2024-002235,1281.43,1281.43,0.00
PED-2024-002236,869.80,869.80,0.00
PED-2024-002237,481.48,481.48,0.00
PED-2024-002238,1049.01,1049.01,0.00
PED-2024-002239,1387.88,1387.88,0.00
PED-2024-002240,871.99,871.99,0.00
PED-2024-002241,614.01,614.01,0.00
PED-2024-002242,994.33,994.33,0.00
PED-2024-002243,1752.70,1752.70,0.00
PED-2024-002244,1071.74,1071.74,0.00
PED-2024-002245,692.51,692.51,0.00
PED-2024-002246,1250.82,1250.82,0.00
PED-2024-002247,1634.58,1634.58,0.00
PED-2024-002248,1336.96,1336.96,0.00
PED-2024-002249,714.18,714.18,0.00
PED-2024-002250,654.31,654.31,0.00
PED-2024-002251,1255.04,1255.04,0.00
PED-2024-002252,1410.41,1410.41,0.00
PED-2024-002253,491.70,491.70,0.00
PED-2024-002254,963.79,963.79,0.00
PED-2024-002255,1468.76,1468.76,0.00
PED-2024-002256,330.85,330.85,0.00
PED-2024-002257,267.02,267.02,0.00
PED-2024-002258,497.99,497.99,0.00
PED-2024-002259,761.84,761.84,0.00
PED-2024-002260,478.81,478.81,0.00
PED-2024-002261,349.22,349.22,0.00
PED-2024-002262,645.95,645.95,0.00
PED-2024-002263,975.56,975.56,0.00
PED-2024-002264,626.77,626.77,0.00
PED-2024-002265,431.42,431.42,0.00
PED-2024-002266,793.91,793.91,0.00
PED-2024-002267,1189.28,1189.28,0.00
PED-2024-002268,774.73,774.73,0.00
PED-2024-002269,513.62,513.62,0.00
PED-2024-002270,941.87,941.87,0.00
PED-2024-002271,1403.00,1403.00,0.00
PED-2024-002272,922.69,922.69,0.00
PED-2024-002273,595.82,595.82,0.00
PED-2024-002274,1089.83,1089.83,0.00
PED-2024-002275,1616.72,1616.72,0.00
PED-2024-002276,1070.65,1070.65,0.00
PED-2024-002277,678.02,678.02,0.00
PED-2024-002278,1237.79,1237.79,0.00
PED-2024-002279,1830.44,1830.44,0.00
PED-2024-002280,1218.61,1218.61,0.00
PED-2024-002281,688.79,688.79,0.00
PED-2024-002282,1070.47,1070.47,0.00
PED-2024-002283,1884.18,1884.18,0.00
PED-2024-002284,1154.99,1154.99,0.00
PED-2024-002285,740.18,740.18,0.00
PED-2024-002286,1336.86,1336.86,0.00
PED-2024-002287,1744.68,1744.68,0.00
PED-2024-002288,1292.00,1292.00,0.00
PED-2024-002289,390.88,390.88,0.00
PED-2024-002290,731.44,731.44,0.00
PED-2024-002291,1242.90,1242.90,0.00
PED-2024-002292,1207.30,1207.30,0.00
PED-2024-002293,220.12,220.12,0.00
PED-2024-002294,368.64,368.64,0.00
PED-2024-002295,609.28,609.28,0.00
PED-2024-002296,384.49,384.49,0.00
PED-2024-002297,249.39,249.39,0.00
PED-2024-002298,548.67,548.67,0.00
PED-2024-002299,742.90,742.90,0.00
PED-2024-002300,457.21,457.21,0.00
PED-2024-002301,404.02,404.02,0.00
PED-2024-002302,744.59,744.59,0.00
PED-2024-002303,1118.04,1118.04,0.00
PED-2024-002304,725.41,725.41,0.00
PED-2024-002305,486.22,486.22,0.00
PED-2024-002306,892.55,892.55,0.00
PED-2024-002307,1331.76,1331.76,0.00
PED-2024-002308,873.37,873.37,0.00
PED-2024-002309,568.42,568.42,0.00
PED-2024-002310,1040.51,1040.51,0.00
PED-2024-002311,1545.48,1545.48,0.00
PED-2024-002312,1021.33,1021.33,0.00
PED-2024-002313,650.62,650.62,0.00
PED-2024-002314,1188.47,1188.47,0.00
PED-2024-002315,1759.20,1759.20,0.00
PED-2024-002316,1169.29,1169.29,0.00
PED-2024-002317,732.82,732.82,0.00
PED-2024-002318,1336.43,1336.43,0.00
PED-2024-002319,1972.92,1972.92,0.00
PED-2024-002320,1317.25,1317.25,0.00
PED-2024-002321,815.02,815.02,0.00
PED-2024-002322,1484.39,1484.39,0.00
PED-2024-002323,2186.64,2186.64,0.00
PED-2024-002324,1465.21,1465.21,0.00
PED-2024-002325,436.90,436.90,0.00
PED-2024-002326,865.15,865.15,0.00
PED-2024-002327,1326.28,1326.28,0.00
PED-2024-002328,1459.73,1459.73,0.00
PED-2024-002329,519.10,519.10,0.00
PED-2024-002330,1013.11,1013.11,0.00
PED-2024-002331,559.09,559.09,0.00
PED-2024-002332,303.68,303.68,0.00
PED-2024-002333,270.52,270.52,0.00
PED-2024-002334,449.77,449.77,0.00
PED-2024-002335,731.47,731.47,0.00
PED-2024-002336,472.76,472.76,0.00
PED-2024-002337,291.59,291.59,0.00
PED-2024-002338,639.66,639.66,0.00
PED-2024-002339,860.21,860.21,0.00
PED-2024-002340,529.22,529.22,0.00
PED-2024-002341,399.47,399.47,0.00
PED-2024-002342,651.54,651.54,0.00
PED-2024-002343,1160.81,1160.81,0.00
PED-2024-002344,696.85,696.85,0.00
PED-2024-002345,477.98,477.98,0.00
PED-2024-002346,863.66,863.66,0.00
PED-2024-002347,1138.89,1138.89,0.00
PED-2024-002348,917.77,917.77,0.00
PED-2024-002349,511.99,511.99,0.00
PED-2024-002350,1026.95,1026.95,0.00
PED-2024-002351,1687.96,1687.96,0.00
PED-2024-002352,1119.97,1119.97,0.00
PED-2024-002353,705.42,705.42,0.00
PED-2024-002354,1287.11,1287.11,0.00
PED-2024-002355,1901.68,1901.68,0.00
PED-2024-002356,1267.93,1267.93,0.00
PED-2024-002357,787.62,787.62,0.00
PED-2024-002358,1435.07,1435.07,0.00
PED-2024-002359,2115.40,2115.40,0.00
PED-2024-002360,1415.89,1415.89,0.00
PED-2024-002361,869.82,869.82,0.00
PED-2024-002362,815.83,815.83,0.00
PED-2024-002363,1255.04,1255.04,0.00
PED-2024-002364,1410.41,1410.41,0.00
PED-2024-002365,491.70,491.70,0.00
PED-2024-002366,963.79,963.79,0.00
PED-2024-002367,1468.76,1468.76,0.00
PED-2024-002368,330.85,330.85,0.00
PED-2024-002369,267.02,267.02,0.00
PED-2024-002370,497.99,497.99,0.00
PED-2024-002371,761.84,761.84,0.00
PED-2024-002372,478.81,478.81,0.00
PED-2024-002373,349.22,349.22,0.00
PED-2024-002374,645.95,645.95,0.00
PED-2024-002375,975.56,975.56,0.00
PED-2024-002376,626.77,626.77,0.00
PED-2024-002377,431.42,431.42,0.00
PED-2024-002378,793.91,793.91,0.00
PED-2024-002379,1189.28,1189.28,0.00
PED-2024-002380,774.73,774.73,0.00
PED-2024-002381,464.39,464.39,0.00
PED-2024-002382,727.72,727.72,0.00
PED-2024-002383,1292.42,1292.42,0.00
PED-2024-002384,780.18,780.18,0.00
PED-2024-002385,525.65,525.65,0.00
PED-2024-002386,949.65,949.65,0.00
PED-2024-002387,1249.05,1249.05,0.00
PED-2024-002388,1010.91,1010.91,0.00
PED-2024-002389,556.94,556.94,0.00
PED-2024-002390,1078.03,1078.03,0.00
PED-2024-002391,1596.06,1596.06,0.00
PED-2024-002392,969.79,969.79,0.00
PED-2024-002393,699.07,699.07,0.00
PED-2024-002394,1139.14,1139.14,0.00
PED-2024-002395,1770.19,1770.19,0.00
PED-2024-002396,1222.67,1222.67,0.00
PED-2024-002397,650.26,650.26,0.00
PED-2024-002398,1412.86,1412.86,0.00
PED-2024-002399,1857.00,1857.00,0.00
PED-2024-002400,1032.61,1032.61,0.00
PED-2024-002401,464.30,464.30,0.00
PED-2024-002402,914.47,914.47,0.00
PED-2024-002403,1397.52,1397.52,0.00
PED-2024-002404,1509.05,1509.05,0.00
PED-2024-002405,239.62,239.62,0.00
PED-2024-002406,448.67,448.67,0.00
PED-2024-002407,690.60,690.60,0.00
PED-2024-002408,429.49,429.49,0.00
PED-2024-002409,321.82,321.82,0.00
PED-2024-002410,596.63,596.63,0.00
PED-2024-002411,904.32,904.32,0.00
PED-2024-002412,577.45,577.45,0.00
PED-2024-002413,404.02,404.02,0.00
PED-2024-002414,744.59,744.59,0.00
PED-2024-002415,1118.04,1118.04,0.00
PED-2024-002416,725.41,725.41,0.00
PED-2024-002417,486.22,486.22,0.00
PED-2024-002418,892.55,892.55,0.00
PED-2024-002419,1331.76,1331.76,0.00
PED-2024-002420,873.37,873.37,0.00
PED-2024-002421,568.42,568.42,0.00
PED-2024-002422,1040.51,1040.51,0.00
PED-2024-002423,1545.48,1545.48,0.00
PED-2024-002424,1021.33,1021.33,0.00
PED-2024-002425,650.62,650.62,0.00
PED-2024-002426,1188.47,1188.47,0.00
PED-2024-002427,1759.20,1759.20,0.00
PED-2024-002428,1169.29,1169.29,0.00
PED-2024-002429,732.82,732.82,0.00
PED-2024-002430,1336.43,1336.43,0.00
PED-2024-002431,1803.38,1803.38,0.00
PED-2024-002432,1048.17,1048.17,0.00
PED-2024-002433,749.47,749.47,0.00
PED-2024-002434,1220.22,1220.22,0.00
PED-2024-002435,1892.45,1892.45,0.00
PED-2024-002436,1310.94,1310.94,0.00
PED-2024-002437,347.22,347.22,0.00
PED-2024-002438,813.35,813.35,0.00
PED-2024-002439,1114.99,1114.99,0.00
PED-2024-002440,1107.08,1107.08,0.00
PED-2024-002441,461.13,461.13,0.00
PED-2024-002442,799.79,799.79,0.00
PED-2024-002443,568.98,568.98,0.00
PED-2024-002444,322.03,322.03,0.00
PED-2024-002445,263.42,263.42,0.00
PED-2024-002446,476.50,476.50,0.00
PED-2024-002447,643.20,643.20,0.00
PED-2024-002448,498.50,498.50,0.00
PED-2024-002449,309.77,309.77,0.00
PED-2024-002450,632.39,632.39,0.00
PED-2024-002451,1046.80,1046.80,0.00
PED-2024-002452,676.09,676.09,0.00
PED-2024-002453,458.82,458.82,0.00
PED-2024-002454,843.23,843.23,0.00
PED-2024-002455,1260.52,1260.52,0.00
PED-2024-002456,824.05,824.05,0.00
PED-2024-002457,541.02,541.02,0.00
PED-2024-002458,991.19,991.19,0.00
PED-2024-002459,1474.24,1474.24,0.00
PED-2024-002460,972.01,972.01,0.00
PED-2024-002461,623.22,623.22,0.00
PED-2024-002462,1139.15,1139.15,0.00
PED-2024-002463,1687.96,1687.96,0.00
PED-2024-002464,1119.97,1119.97,0.00
PED-2024-002465,705.42,705.42,0.00
PED-2024-002466,1287.11,1287.11,0.00
PED-2024-002467,1901.68,1901.68,0.00
PED-2024-002468,1267.93,1267.93,0.00
PED-2024-002469,787.62,787.62,0.00
PED-2024-002470,1435.07,1435.07,0.00
PED-2024-002471,2115.40,2115.40,0.00
PED-2024-002472,1415.89,1415.89,0.00
PED-2024-002473,869.82,869.82,0.00
PED-2024-002474,815.83,815.83,0.00
PED-2024-002475,1255.04,1255.04,0.00
PED-2024-002476,1410.41,1410.41,0.00
PED-2024-002477,491.70,491.70,0.00
PED-2024-002478,963.79,963.79,0.00
PED-2024-002479,1468.76,1468.76,0.00
PED-2024-002480,330.85,330.85,0.00
PED-2024-002481,239.96,239.96,0.00
PED-2024-002482,384.93,384.93,0.00
PED-2024-002483,700.53,700.53,0.00
PED-2024-002484,405.36,405.36,0.00
PED-2024-002485,311.12,311.12,0.00
PED-2024-002486,562.49,562.49,0.00
PED-2024-002487,753.36,753.36,0.00
PED-2024-002488,591.64,591.64,0.00
PED-2024-002489,354.72,354.72,0.00
PED-2024-002490,695.82,695.82,0.00
PED-2024-002491,1036.28,1036.28,0.00
PED-2024-002492,617.12,617.12,0.00
PED-2024-002493,472.20,472.20,0.00
PED-2024-002494,774.16,774.16,0.00
PED-2024-002495,1220.30,1220.30,0.00
PED-2024-002496,825.63,825.63,0.00
PED-2024-002497,460.37,460.37,0.00
PED-2024-002498,1003.51,1003.51,0.00
PED-2024-002499,1329.26,1329.26,0.00
PED-2024-002500,840.81,840.81,0.00
PED-2024-002501,678.02,678.02,0.00
PED-2024-002502,1237.79,1237.79,0.00
PED-2024-002503,1830.44,1830.44,0.00
PED-2024-002504,1218.61,1218.61,0.00
PED-2024-002505,760.22,760.22,0.00
PED-2024-002506,1385.75,1385.75,0.00
PED-2024-002507,2044.16,2044.16,0.00
PED-2024-002508,1366.57,1366.57,0.00
PED-2024-002509,842.42,842.42,0.00
PED-2024-002510,1533.71,1533.71,0.00
PED-2024-002511,2257.88,2257.88,0.00
PED-2024-002512,1361.09,1361.09,0.00
PED-2024-002513,464.30,464.30,0.00
PED-2024-002514,914.47,914.47,0.00
PED-2024-002515,1397.52,1397.52,0.00
PED-2024-002516,1509.05,1509.05,0.00
PED-2024-002517,239.62,239.62,0.00
PED-2024-002518,448.67,448.67,0.00
PED-2024-002519,690.60,690.60,0.00
PED-2024-002520,429.49,429.49,0.00
PED-2024-002521,321.82,321.82,0.00
PED-2024-002522,596.63,596.63,0.00
PED-2024-002523,904.32,904.32,0.00
PED-2024-002524,577.45,577.45,0.00
PED-2024-002525,404.02,404.02,0.00
PED-2024-002526,744.59,744.59,0.00
PED-2024-002527,1118.04,1118.04,0.00
PED-2024-002528,725.41,725.41,0.00
PED-2024-002529,486.22,486.22,0.00
PED-2024-002530,892.55,892.55,0.00
PED-2024-002531,1213.95,1213.95,0.00
PED-2024-002532,695.50,695.50,0.00
PED-2024-002533,522.60,522.60,0.00
PED-2024-002534,855.29,855.29,0.00
PED-2024-002535,1342.49,1342.49,0.00
PED-2024-002536,913.90,913.90,0.00
PED-2024-002537,502.57,502.57,0.00
PED-2024-002538,1094.50,1094.50,0.00
PED-2024-002539,1446.57,1446.57,0.00
PED-2024-002540,910.08,910.08,0.00
PED-2024-002541,637.85,637.85,0.00
PED-2024-002542,1032.40,1032.40,0.00
PED-2024-002543,1818.41,1818.41,0.00
PED-2024-002544,1113.33,1113.33,0.00
PED-2024-002545,716.36,716.36,0.00
PED-2024-002546,1293.84,1293.84,0.00
PED-2024-002547,1689.63,1689.63,0.00
PED-2024-002548,1383.57,1383.57,0.00
PED-2024-002549,368.42,368.42,0.00
PED-2024-002550,698.15,698.15,0.00
PED-2024-002551,1313.38,1313.38,0.00
PED-2024-002552,1446.83,1446.83,0.00
PED-2024-002553,506.20,506.20,0.00
PED-2024-002554,1000.21,1000.21,0.00
PED-2024-002555,606.46,606.46,0.00
PED-2024-002556,367.27,367.27,0.00
PED-2024-002557,281.52,281.52,0.00
PED-2024-002558,534.41,534.41,0.00
PED-2024-002559,820.18,820.18,0.00
PED-2024-002560,515.23,515.23,0.00
PED-2024-002561,363.72,363.72,0.00
PED-2024-002562,682.37,682.37,0.00
PED-2024-002563,1033.90,1033.90,0.00
PED-2024-002564,663.19,663.19,0.00
PED-2024-002565,445.92,445.92,0.00
PED-2024-002566,830.33,830.33,0.00
PED-2024-002567,1247.62,1247.62,0.00
PED-2024-002568,811.15,811.15,0.00
PED-2024-002569,528.12,528.12,0.00
PED-2024-002570,978.29,978.29,0.00
PED-2024-002571,1461.34,1461.34,0.00
PED-2024-002572,959.11,959.11,0.00
PED-2024-002573,610.32,610.32,0.00
PED-2024-002574,1126.25,1126.25,0.00
PED-2024-002575,1675.06,1675.06,0.00
PED-2024-002576,1107.07,1107.07,0.00
PED-2024-002577,692.52,692.52,0.00
PED-2024-002578,1274.21,1274.21,0.00
PED-2024-002579,1888.78,1888.78,0.00
PED-2024-002580,1255.03,1255.03,0.00
PED-2024-002581,700.83,700.83,0.00
PED-2024-002582,1095.68,1095.68,0.00
PED-2024-002583,1937.12,1937.12,0.00
PED-2024-002584,1183.76,1183.76,0.00
PED-2024-002585,751.13,751.13,0.00
PED-2024-002586,714.83,714.83,0.00
PED-2024-002587,981.33,981.33,0.00
PED-2024-002588,1325.72,1325.72,0.00
PED-2024-002589,400.44,400.44,0.00
PED-2024-002590,760.98,760.98,0.00
PED-2024-002591,1292.20,1292.20,0.00
PED-2024-002592,251.63,251.63,0.00
PED-2024-002593,232.41,232.41,0.00
PED-2024-002594,396.28,396.28,0.00
PED-2024-002595,657.51,657.51,0.00
PED-2024-002596,415.76,415.76,0.00
PED-2024-002597,257.60,257.60,0.00
PED-2024-002598,581.27,581.27,0.00
PED-2024-002599,788.62,788.62,0.00
PED-2024-002600,482.67,482.67,0.00
PED-2024-002601,418.52,418.52,0.00
PED-2024-002602,781.01,781.01,0.00
PED-2024-002603,1176.38,1176.38,0.00
PED-2024-002604,761.83,761.83,0.00
PED-2024-002605,500.72,500.72,0.00
PED-2024-002606,928.97,928.97,0.00
PED-2024-002607,1390.10,1390.10,0.00
PED-2024-002608,909.79,909.79,0.00
PED-2024-002609,582.92,582.92,0.00
PED-2024-002610,1076.93,1076.93,0.00
PED-2024-002611,1603.82,1603.82,0.00
PED-2024-002612,1057.75,1057.75,0.00
PED-2024-002613,665.12,665.12,0.00
PED-2024-002614,1224.89,1224.89,0.00
PED-2024-002615,1817.54,1817.54,0.00
PED-2024-002616,1205.71,1205.71,0.00
PED-2024-002617,747.32,747.32,0.00
PED-2024-002618,1372.85,1372.85,0.00
PED-2024-002619,2031.26,2031.26,0.00
PED-2024-002620,1353.67,1353.67,0.00
PED-2024-002621,829.52,829.52,0.00
PED-2024-002622,1520.81,1520.81,0.00
PED-2024-002623,2244.98,2244.98,0.00
PED-2024-002624,1348.19,1348.19,0.00
PED-2024-002625,451.40,451.40,0.00
PED-2024-002626,901.57,901.57,0.00
PED-2024-002627,1384.62,1384.62,0.00
PED-2024-002628,1496.15,1496.15,0.00
PED-2024-002629,226.72,226.72,0.00
PED-2024-002630,435.77,435.77,0.00
PED-2024-002631,611.69,611.69,0.00
PED-2024-002632,329.93,329.93,0.00
PED-2024-002633,282.81,282.81,0.00
PED-2024-002634,477.41,477.41,0.00
PED-2024-002635,779.70,779.70,0.00
PED-2024-002636,503.96,503.96,0.00
PED-2024-002637,299.78,299.78,0.00
PED-2024-002638,672.25,672.25,0.00
PED-2024-002639,905.87,905.87,0.00
PED-2024-002640,554.40,554.40,0.00
PED-2024-002641,410.43,410.43,0.00
PED-2024-002642,676.71,676.71,0.00
PED-2024-002643,1213.68,1213.68,0.00
PED-2024-002644,725.61,725.61,0.00
PED-2024-002645,488.90,488.90,0.00
PED-2024-002646,893.78,893.78,0.00
PED-2024-002647,1181.04,1181.04,0.00
PED-2024-002648,951.40,951.40,0.00
PED-2024-002649,521.55,521.55,0.00
PED-2024-002650,1057.89,1057.89,0.00
PED-2024-002651,1746.30,1746.30,0.00
PED-2024-002652,1156.39,1156.39,0.00
PED-2024-002653,719.92,719.92,0.00
PED-2024-002654,1323.53,1323.53,0.00
PED-2024-002655,1960.02,1960.02,0.00
PED-2024-002656,1304.35,1304.35,0.00
PED-2024-002657,802.12,802.12,0.00
PED-2024-002658,1471.49,1471.49,0.00
PED-2024-002659,2173.74,2173.74,0.00
PED-2024-002660,1452.31,1452.31,0.00
PED-2024-002661,424.00,424.00,0.00
PED-2024-002662,852.25,852.25,0.00
PED-2024-002663,1313.38,1313.38,0.00
PED-2024-002664,1446.83,1446.83,0.00
PED-2024-002665,506.20,506.20,0.00
PED-2024-002666,1000.21,1000.21,0.00
PED-2024-002667,606.46,606.46,0.00
PED-2024-002668,367.27,367.27,0.00
PED-2024-002669,281.52,281.52,0.00
PED-2024-002670,534.41,534.41,0.00
PED-2024-002671,820.18,820.18,0.00
PED-2024-002672,515.23,515.23,0.00
PED-2024-002673,363.72,363.72,0.00
PED-2024-002674,682.37,682.37,0.00
PED-2024-002675,1033.90,1033.90,0.00
PED-2024-002676,663.19,663.19,0.00
PED-2024-002677,445.92,445.92,0.00
PED-2024-002678,830.33,830.33,0.00
PED-2024-002679,1247.62,1247.62,0.00
PED-2024-002680,811.15,811.15,0.00
PED-2024-002681,476.40,476.40,0.00
PED-2024-002682,752.89,752.89,0.00
PED-2024-002683,1345.23,1345.23,0.00
PED-2024-002684,808.94,808.94,0.00
PED-2024-002685,536.60,536.60,0.00
PED-2024-002686,979.77,979.77,0.00
PED-2024-002687,1291.20,1291.20,0.00
PED-2024-002688,1044.54,1044.54,0.00
PED-2024-002689,566.50,566.50,0.00
PED-2024-002690,1107.62,1107.62,0.00
PED-2024-002691,1645.36,1645.36,0.00
PED-2024-002692,996.04,996.04,0.00
PED-2024-002693,711.38,711.38,0.00
PED-2024-002694,1166.78,1166.78,0.00
PED-2024-002695,1818.42,1818.42,0.00
PED-2024-002696,1253.87,1253.87,0.00
PED-2024-002697,658.45,658.45,0.00
PED-2024-002698,755.00,755.00,0.00
PED-2024-002699,1043.47,1043.47,0.00
PED-2024-002700,1058.07,1058.07,0.00
PED-2024-002701,478.80,478.80,0.00
PED-2024-002702,950.89,950.89,0.00
PED-2024-002703,1455.86,1455.86,0.00
PED-2024-002704,317.95,317.95,0.00
PED-2024-002705,254.12,254.12,0.00
PED-2024-002706,485.09,485.09,0.00
PED-2024-002707,748.94,748.94,0.00
PED-2024-002708,465.91,465.91,0.00
PED-2024-002709,336.32,336.32,0.00
PED-2024-002710,633.05,633.05,0.00
PED-2024-002711,962.66,962.66,0.00
PED-2024-002712,613.87,613.87,0.00
PED-2024-002713,418.52,418.52,0.00
PED-2024-002714,781.01,781.01,0.00
PED-2024-002715,1176.38,1176.38,0.00
PED-2024-002716,761.83,761.83,0.00
PED-2024-002717,500.72,500.72,0.00
PED-2024-002718,928.97,928.97,0.00
PED-2024-002719,1390.10,1390.10,0.00
PED-2024-002720,909.79,909.79,0.00
PED-2024-002721,582.92,582.92,0.00
PED-2024-002722,1076.93,1076.93,0.00
PED-2024-002723,1603.82,1603.82,0.00
PED-2024-002724,1057.75,1057.75,0.00
PED-2024-002725,665.12,665.12,0.00
PED-2024-002726,1224.89,1224.89,0.00
PED-2024-002727,1817.54,1817.54,0.00
PED-2024-002728,1205.71,1205.71,0.00
PED-2024-002729,747.32,747.32,0.00
PED-2024-002730,1372.85,1372.85,0.00
PED-2024-002731,1855.91,1855.91,0.00
PED-2024-002732,1074.42,1074.42,0.00
PED-2024-002733,761.78,761.78,0.00
PED-2024-002734,1247.91,1247.91,0.00
PED-2024-002735,1940.61,1940.61,0.00
PED-2024-002736,1211.72,1211.72,0.00
PED-2024-002737,355.41,355.41,0.00
PED-2024-002738,845.94,845.94,0.00
PED-2024-002739,1160.78,1160.78,0.00
PED-2024-002740,1132.27,1132.27,0.00
PED-2024-002741,195.89,195.89,0.00
PED-2024-002742,333.96,333.96,0.00
PED-2024-002743,621.92,621.92,0.00
PED-2024-002744,350.80,350.80,0.00
PED-2024-002745,274.37,274.37,0.00
PED-2024-002746,506.57,506.57,0.00
PED-2024-002747,685.41,685.41,0.00
PED-2024-002748,532.21,532.21,0.00
PED-2024-002749,319.36,319.36,0.00
PED-2024-002750,663.33,663.33,0.00
PED-2024-002751,1105.14,1105.14,0.00
PED-2024-002752,712.51,712.51,0.00
PED-2024-002753,473.32,473.32,0.00
PED-2024-002754,879.65,879.65,0.00
PED-2024-002755,1318.86,1318.86,0.00
PED-2024-002756,860.47,860.47,0.00
PED-2024-002757,555.52,555.52,0.00
PED-2024-002758,1027.61,1027.61,0.00
PED-2024-002759,1532.58,1532.58,0.00
PED-2024-002760,1008.43,1008.43,0.00
PED-2024-002761,637.72,637.72,0.00
PED-2024-002762,1175.57,1175.57,0.00
PED-2024-002763,1746.30,1746.30,0.00
PED-2024-002764,1156.39,1156.39,0.00
PED-2024-002765,719.92,719.92,0.00
PED-2024-002766,1323.53,1323.53,0.00
PED-2024-002767,1960.02,1960.02,0.00
PED-2024-002768,1304.35,1304.35,0.00
PED-2024-002769,802.12,802.12,0.00
PED-2024-002770,1471.49,1471.49,0.00
PED-2024-002771,2173.74,2173.74,0.00
PED-2024-002772,1452.31,1452.31,0.00
PED-2024-002773,424.00,424.00,0.00
PED-2024-002774,852.25,852.25,0.00
PED-2024-002775,1313.38,1313.38,0.00
PED-2024-002776,1446.83,1446.83,0.00
PED-2024-002777,506.20,506.20,0.00
PED-2024-002778,1000.21,1000.21,0.00
PED-2024-002779,606.46,606.46,0.00
PED-2024-002780,367.27,367.27,0.00
PED-2024-002781,252.00,252.00,0.00
PED-2024-002782,410.14,410.14,0.00
PED-2024-002783,753.40,753.40,0.00
PED-2024-002784,434.12,434.12,0.00
PED-2024-002785,322.04,322.04,0.00
PED-2024-002786,592.65,592.65,0.00
PED-2024-002787,795.57,795.57,0.00
PED-2024-002788,625.36,625.36,0.00
PED-2024-002789,364.26,364.26,0.00
PED-2024-002790,725.36,725.36,0.00
PED-2024-002791,1085.58,1085.58,0.00
PED-2024-002792,643.45,643.45,0.00
PED-2024-002793,484.49,484.49,0.00
PED-2024-002794,801.80,801.80,0.00
PED-2024-002795,1268.53,1268.53,0.00
PED-2024-002796,856.90,856.90,0.00
PED-2024-002797,468.58,468.58,0.00
PED-2024-002798,1036.11,1036.11,0.00
PED-2024-002799,1374.98,1374.98,0.00
PED-2024-002800,866.27,866.27,0.00
PED-2024-002801,692.52,692.52,0.00
PED-2024-002802,1274.21,1274.21,0.00
PED-2024-002803,1888.78,1888.78,0.00
PED-2024-002804,1255.03,1255.03,0.00
PED-2024-002805,774.72,774.72,0.00
PED-2024-002806,1422.17,1422.17,0.00
PED-2024-002807,2102.50,2102.50,0.00
PED-2024-002808,1402.99,1402.99,0.00
PED-2024-002809,856.92,856.92,0.00
PED-2024-002810,802.93,802.93,0.00
PED-2024-002811,1242.14,1242.14,0.00
PED-2024-002812,1397.51,1397.51,0.00
PED-2024-002813,478.80,478.80,0.00
PED-2024-002814,950.89,950.89,0.00
PED-2024-002815,1455.86,1455.86,0.00
PED-2024-002816,317.95,317.95,0.00
PED-2024-002817,254.12,254.12,0.00
PED-2024-002818,485.09,485.09,0.00
PED-2024-002819,748.94,748.94,0.00
PED-2024-002820,465.91,465.91,0.00
PED-2024-002821,336.32,336.32,0.00
PED-2024-002822,633.05,633.05,0.00
PED-2024-002823,962.66,962.66,0.00
PED-2024-002824,613.87,613.87,0.00
PED-2024-002825,418.52,418.52,0.00
PED-2024-002826,781.01,781.01,0.00
PED-2024-002827,1176.38,1176.38,0.00
PED-2024-002828,761.83,761.83,0.00
PED-2024-002829,500.72,500.72,0.00
PED-2024-002830,928.97,928.97,0.00
PED-2024-002831,1266.55,1266.55,0.00
PED-2024-002832,721.75,721.75,0.00
PED-2024-002833,534.89,534.89,0.00
PED-2024-002834,882.93,882.93,0.00
PED-2024-002835,1390.72,1390.72,0.00
PED-2024-002836,945.10,945.10,0.00
PED-2024-002837,510.76,510.76,0.00
PED-2024-002838,1127.09,1127.09,0.00
PED-2024-002839,1492.23,1492.23,0.00
PED-2024-002840,935.26,935.26,0.00
PED-2024-002841,648.81,648.81,0.00
PED-2024-002842,1057.57,1057.57,0.00
PED-2024-002843,1871.28,1871.28,0.00
PED-2024-002844,1142.09,1142.09,0.00
PED-2024-002845,727.28,727.28,0.00
PED-2024-002846,1323.96,1323.96,0.00
PED-2024-002847,1731.78,1731.78,0.00
PED-2024-002848,1279.10,1279.10,0.00
PED-2024-002849,377.98,377.98,0.00
PED-2024-002850,729.09,729.09,0.00
PED-2024-002851,1384.62,1384.62,0.00
PED-2024-002852,1496.15,1496.15,0.00
PED-2024-002853,226.72,226.72,0.00
PED-2024-002854,435.77,435.77,0.00
PED-2024-002855,677.70,677.70,0.00
PED-2024-002856,416.59,416.59,0.00
PED-2024-002857,308.92,308.92,0.00
PED-2024-002858,583.73,583.73,0.00
PED-2024-002859,891.42,891.42,0.00
PED-2024-002860,564.55,564.55,0.00
PED-2024-002861,391.12,391.12,0.00
PED-2024-002862,731.69,731.69,0.00
PED-2024-002863,1105.14,1105.14,0.00
PED-2024-002864,712.51,712.51,0.00
PED-2024-002865,473.32,473.32,0.00
PED-2024-002866,879.65,879.65,0.00
PED-2024-002867,1318.86,1318.86,0.00
PED-2024-002868,860.47,860.47,0.00
PED-2024-002869,555.52,555.52,0.00
PED-2024-002870,1027.61,1027.61,0.00
PED-2024-002871,1532.58,1532.58,0.00
PED-2024-002872,1008.43,1008.43,0.00
PED-2024-002873,637.72,637.72,0.00
PED-2024-002874,1175.57,1175.57,0.00
PED-2024-002875,1746.30,1746.30,0.00
PED-2024-002876,1156.39,1156.39,0.00
PED-2024-002877,719.92,719.92,0.00
PED-2024-002878,1323.53,1323.53,0.00
PED-2024-002879,1960.02,1960.02,0.00
PED-2024-002880,1304.35,1304.35,0.00
PED-2024-002881,725.74,725.74,0.00
PED-2024-002882,1133.75,1133.75,0.00
PED-2024-002883,2002.83,2002.83,0.00
PED-2024-002884,1225.42,1225.42,0.00
PED-2024-002885,337.67,337.67,0.00
PED-2024-002886,757.85,757.85,0.00
PED-2024-002887,1036.38,1036.38,0.00
PED-2024-002888,1372.25,1372.25,0.00
PED-2024-002889,422.93,422.93,0.00
PED-2024-002890,803.47,803.47,0.00
PED-2024-002891,525.73,525.73,0.00
PED-2024-002892,290.78,290.78,0.00
PED-2024-002893,257.62,257.62,0.00
PED-2024-002894,436.87,436.87,0.00
PED-2024-002895,718.57,718.57,0.00
PED-2024-002896,459.86,459.86,0.00
PED-2024-002897,278.69,278.69,0.00
PED-2024-002898,626.76,626.76,0.00
PED-2024-002899,847.31,847.31,0.00
PED-2024-002900,521.03,521.03,0.00
PED-2024-002901,445.92,445.92,0.00
PED-2024-002902,830.33,830.33,0.00
PED-2024-002903,1247.62,1247.62,0.00
PED-2024-002904,811.15,811.15,0.00
PED-2024-002905,528.12,528.12,0.00
PED-2024-002906,978.29,978.29,0.00
PED-2024-002907,1461.34,1461.34,0.00
PED-2024-002908,959.11,959.11,0.00
PED-2024-002909,610.32,610.32,0.00
PED-2024-002910,1126.25,1126.25,0.00
PED-2024-002911,1675.06,1675.06,0.00
PED-2024-002912,1107.07,1107.07,0.00
PED-2024-002913,692.52,692.52,0.00
PED-2024-002914,1274.21,1274.21,0.00
PED-2024-002915,1888.78,1888.78,0.00
PED-2024-002916,1255.03,1255.03,0.00
PED-2024-002917,774.72,774.72,0.00
PED-2024-002918,1422.17,1422.17,0.00
PED-2024-002919,2102.50,2102.50,0.00
PED-2024-002920,1402.99,1402.99,0.00
PED-2024-002921,856.92,856.92,0.00
PED-2024-002922,802.93,802.93,0.00
PED-2024-002923,1242.14,1242.14,0.00
PED-2024-002924,1397.51,1397.51,0.00
PED-2024-002925,478.80,478.80,0.00
PED-2024-002926,950.89,950.89,0.00
PED-2024-002927,1455.86,1455.86,0.00
PED-2024-002928,317.95,317.95,0.00
PED-2024-002929,254.12,254.12,0.00
PED-2024-002930,485.09,485.09,0.00
PED-2024-002931,677.19,677.19,0.00
PED-2024-002932,369.16,369.16,0.00
PED-2024-002933,308.05,308.05,0.00
PED-2024-002934,517.96,517.96,0.00
PED-2024-002935,840.76,840.76,0.00
PED-2024-002936,548.06,548.06,0.00
PED-2024-002937,320.89,320.89,0.00
PED-2024-002938,717.70,717.70,0.00
PED-2024-002939,964.56,964.56,0.00
PED-2024-002940,592.49,592.49,0.00
PED-2024-002941,434.27,434.27,0.00
PED-2024-002942,714.82,714.82,0.00
PED-2024-002943,1279.52,1279.52,0.00
PED-2024-002944,767.28,767.28,0.00
PED-2024-002945,512.75,512.75,0.00
PED-2024-002946,936.75,936.75,0.00
PED-2024-002947,1236.15,1236.15,0.00
PED-2024-002948,998.01,998.01,0.00
PED-2024-002949,544.04,544.04,0.00
PED-2024-002950,1101.73,1101.73,0.00
PED-2024-002951,1817.54,1817.54,0.00
PED-2024-002952,1205.71,1205.71,0.00
PED-2024-002953,747.32,747.32,0.00
PED-2024-002954,1372.85,1372.85,0.00
PED-2024-002955,2031.26,2031.26,0.00
PED-2024-002956,1353.67,1353.67,0.00
PED-2024-002957,829.52,829.52,0.00
PED-2024-002958,1520.81,1520.81,0.00
PED-2024-002959,2244.98,2244.98,0.00
PED-2024-002960,1348.19,1348.19,0.00
PED-2024-002961,451.40,451.40,0.00
PED-2024-002962,901.57,901.57,0.00
PED-2024-002963,1384.62,1384.62,0.00
PED-2024-002964,1496.15,1496.15,0.00
PED-2024-002965,226.72,226.72,0.00
PED-2024-002966,435.77,435.77,0.00
PED-2024-002967,677.70,677.70,0.00
PED-2024-002968,416.59,416.59,0.00
PED-2024-002969,308.92,308.92,0.00
PED-2024-002970,583.73,583.73,0.00
PED-2024-002971,891.42,891.42,0.00
PED-2024-002972,564.55,564.55,0.00
PED-2024-002973,391.12,391.12,0.00
PED-2024-002974,731.69,731.69,0.00
PED-2024-002975,1105.14,1105.14,0.00
PED-2024-002976,712.51,712.51,0.00
PED-2024-002977,473.32,473.32,0.00
PED-2024-002978,879.65,879.65,0.00
PED-2024-002979,1318.86,1318.86,0.00
PED-2024-002980,860.47,860.47,0.00
PED-2024-002981,501.34,501.34,0.00
PED-2024-002982,791.00,791.00,0.00
PED-2024-002983,1411.00,1411.00,0.00
PED-2024-002984,850.60,850.60,0.00
PED-2024-002985,560.42,560.42,0.00
PED-2024-002986,1022.83,1022.83,0.00
PED-2024-002987,1346.31,1346.31,0.00
PED-2024-002988,1091.16,1091.16,0.00
PED-2024-002989,588.94,588.94,0.00
PED-2024-002990,1150.06,1150.06,0.00
PED-2024-002991,1707.56,1707.56,0.00
PED-2024-002992,1035.27,1035.27,0.00
PED-2024-002993,736.57,736.57,0.00
PED-2024-002994,1207.32,1207.32,0.00
PED-2024-002995,1879.55,1879.55,0.00
PED-2024-002996,1298.04,1298.04,0.00
PED-2024-002997,334.32,334.32,0.00
PED-2024-002998,800.45,800.45,0.00
PED-2024-002999,1102.09,1102.09,0.00
PED-2024-003000,1096.43,1096.43,0.00
PED-2024-003001,506.20,506.20,0.00
PED-2024-003002,1000.21,1000.21,0.00
PED-2024-003003,606.46,606.46,0.00
PED-2024-003004,367.27,367.27,0.00
PED-2024-003005,281.52,281.52,0.00
PED-2024-003006,534.41,534.41,0.00
PED-2024-003007,820.18,820.18,0.00
PED-2024-003008,515.23,515.23,0.00
PED-2024-003009,363.72,363.72,0.00
PED-2024-003010,682.37,682.37,0.00
PED-2024-003011,1033.90,1033.90,0.00
PED-2024-003012,663.19,663.19,0.00
PED-2024-003013,445.92,445.92,0.00
PED-2024-003014,830.33,830.33,0.00
PED-2024-003015,1247.62,1247.62,0.00
PED-2024-003016,811.15,811.15,0.00
PED-2024-003017,528.12,528.12,0.00
PED-2024-003018,978.29,978.29,0.00
PED-2024-003019,1461.34,1461.34,0.00
PED-2024-003020,959.11,959.11,0.00
PED-2024-003021,610.32,610.32,0.00
PED-2024-003022,1126.25,1126.25,0.00
PED-2024-003023,1675.06,1675.06,0.00
PED-2024-003024,1107.07,1107.07,0.00
PED-2024-003025,692.52,692.52,0.00
PED-2024-003026,1274.21,1274.21,0.00
PED-2024-003027,1888.78,1888.78,0.00
PED-2024-003028,1255.03,1255.03,0.00
PED-2024-003029,774.72,774.72,0.00
PED-2024-003030,1422.17,1422.17,0.00
PED-2024-003031,1921.41,1921.41,0.00
PED-2024-003032,1113.57,1113.57,0.00
PED-2024-003033,786.97,786.97,0.00
PED-2024-003034,674.70,674.70,0.00
PED-2024-003035,981.35,981.35,0.00
PED-2024-003036,1255.82,1255.82,0.00
PED-2024-003037,376.50,376.50,0.00
PED-2024-003038,891.43,891.43,0.00
PED-2024-003039,1219.34,1219.34,0.00
PED-2024-003040,249.71,249.71,0.00
PED-2024-003041,219.70,219.70,0.00
PED-2024-003042,372.03,372.03,0.00
PED-2024-003043,687.63,687.63,0.00
PED-2024-003044,392.46,392.46,0.00
PED-2024-003045,298.22,298.22,0.00
PED-2024-003046,549.59,549.59,0.00
PED-2024-003047,740.46,740.46,0.00
PED-2024-003048,578.74,578.74,0.00
PED-2024-003049,341.82,341.82,0.00
PED-2024-003050,707.17,707.17,0.00
PED-2024-003051,1176.38,1176.38,0.00
PED-2024-003052,761.83,761.83,0.00
PED-2024-003053,500.72,500.72,0.00
PED-2024-003054,928.97,928.97,0.00
PED-2024-003055,1390.10,1390.10,0.00
PED-2024-003056,909.79,909.79,0.00
PED-2024-003057,582.92,582.92,0.00
PED-2024-003058,1076.93,1076.93,0.00
PED-2024-003059,1603.82,1603.82,0.00
PED-2024-003060,1057.75,1057.75,0.00
PED-2024-003061,665.12,665.12,0.00
PED-2024-003062,1224.89,1224.89,0.00
PED-2024-003063,1817.54,1817.54,0.00
PED-2024-003064,1205.71,1205.71,0.00
PED-2024-003065,747.32,747.32,0.00
PED-2024-003066,1372.85,1372.85,0.00
PED-2024-003067,2031.26,2031.26,0.00
PED-2024-003068,1353.67,1353.67,0.00
PED-2024-003069,829.52,829.52,0.00
PED-2024-003070,1520.81,1520.81,0.00
PED-2024-003071,2244.98,2244.98,0.00
PED-2024-003072,1348.19,1348.19,0.00
PED-2024-003073,451.40,451.40,0.00
PED-2024-003074,901.57,901.57,0.00
PED-2024-003075,1384.62,1384.62,0.00
PED-2024-003076,1496.15,1496.15,0.00
PED-2024-003077,226.72,226.72,0.00
PED-2024-003078,435.77,435.77,0.00
PED-2024-003079,677.70,677.70,0.00
PED-2024-003080,416.59,416.59,0.00
PED-2024-003081,276.94,276.94,0.00
PED-2024-003082,448.21,448.21,0.00
PED-2024-003083,819.11,819.11,0.00
PED-2024-003084,475.71,475.71,0.00
PED-2024-003085,345.89,345.89,0.00
PED-2024-003086,635.67,635.67,0.00
PED-2024-003087,850.62,850.62,0.00
PED-2024-003088,671.97,671.97,0.00
PED-2024-003089,386.75,386.75,0.00
PED-2024-003090,767.85,767.85,0.00
PED-2024-003091,1147.71,1147.71,0.00
PED-2024-003092,682.60,682.60,0.00
PED-2024-003093,509.70,509.70,0.00
PED-2024-003094,842.39,842.39,0.00
PED-2024-003095,1329.59,1329.59,0.00
PED-2024-003096,901.00,901.00,0.00
PED-2024-003097,489.67,489.67,0.00
PED-2024-003098,1081.60,1081.60,0.00
PED-2024-003099,1433.67,1433.67,0.00
PED-2024-003100,904.63,904.63,0.00
PED-2024-003101,719.92,719.92,0.00
PED-2024-003102,1323.53,1323.53,0.00
PED-2024-003103,1960.02,1960.02,0.00
PED-2024-003104,1304.35,1304.35,0.00
PED-2024-003105,802.12,802.12,0.00
PED-2024-003106,1471.49,1471.49,0.00
PED-2024-003107,2173.74,2173.74,0.00
PED-2024-003108,1452.31,1452.31,0.00
PED-2024-003109,424.00,424.00,0.00
PED-2024-003110,852.25,852.25,0.00
PED-2024-003111,1313.38,1313.38,0.00
PED-2024-003112,1446.83,1446.83,0.00
PED-2024-003113,506.20,506.20,0.00
PED-2024-003114,1000.21,1000.21,0.00
PED-2024-003115,606.46,606.46,0.00
PED-2024-003116,367.27,367.27,0.00
PED-2024-003117,281.52,281.52,0.00
PED-2024-003118,534.41,534.41,0.00
PED-2024-003119,820.18,820.18,0.00
PED-2024-003120,515.23,515.23,0.00
PED-2024-003121,363.72,363.72,0.00
PED-2024-003122,682.37,682.37,0.00
PED-2024-003123,1033.90,1033.90,0.00
PED-2024-003124,663.19,663.19,0.00
PED-2024-003125,445.92,445.92,0.00
PED-2024-003126,830.33,830.33,0.00
PED-2024-003127,1247.62,1247.62,0.00
PED-2024-003128,811.15,811.15,0.00
PED-2024-003129,528.12,528.12,0.00
PED-2024-003130,978.29,978.29,0.00
PED-2024-003131,1332.05,1332.05,0.00
PED-2024-003132,760.98,760.98,0.00
PED-2024-003133,560.13,560.13,0.00
PED-2024-003134,923.48,923.48,0.00
PED-2024-003135,1451.78,1451.78,0.00
PED-2024-003136,989.20,989.20,0.00
PED-2024-003137,531.87,531.87,0.00
PED-2024-003138,1172.54,1172.54,0.00
PED-2024-003139,1550.92,1550.92,0.00
PED-2024-003140,973.35,973.35,0.00
PED-2024-003141,672.65,672.65,0.00
PED-2024-003142,1095.68,1095.68,0.00
PED-2024-003143,1937.12,1937.12,0.00
PED-2024-003144,1183.76,1183.76,0.00
PED-2024-003145,751.13,751.13,0.00
PED-2024-003146,714.83,714.83,0.00
PED-2024-003147,981.33,981.33,0.00
PED-2024-003148,1325.72,1325.72,0.00
PED-2024-003149,400.44,400.44,0.00
PED-2024-003150,772.93,772.93,0.00
PED-2024-003151,1455.86,1455.86,0.00
PED-2024-003152,317.95,317.95,0.00
PED-2024-003153,254.12,254.12,0.00
PED-2024-003154,485.09,485.09,0.00
PED-2024-003155,748.94,748.94,0.00
PED-2024-003156,465.91,465.91,0.00
PED-2024-003157,336.32,336.32,0.00
PED-2024-003158,633.05,633.05,0.00
PED-2024-003159,962.66,962.66,0.00
PED-2024-003160,613.87,613.87,0.00
PED-2024-003161,418.52,418.52,0.00
PED-2024-003162,781.01,781.01,0.00
PED-2024-003163,1176.38,1176.38,0.00
PED-2024-003164,761.83,761.83,0.00
PED-2024-003165,500.72,500.72,0.00
PED-2024-003166,928.97,928.97,0.00
PED-2024-003167,1390.10,1390.10,0.00
PED-2024-003168,909.79,909.79,0.00
PED-2024-003169,582.92,582.92,0.00
PED-2024-003170,1076.93,1076.93,0.00
PED-2024-003171,1603.82,1603.82,0.00
PED-2024-003172,1057.75,1057.75,0.00
PED-2024-003173,665.12,665.12,0.00
PED-2024-003174,1224.89,1224.89,0.00
PED-2024-003175,1817.54,1817.54,0.00
PED-2024-003176,1205.71,1205.71,0.00
PED-2024-003177,747.32,747.32,0.00
PED-2024-003178,1372.85,1372.85,0.00
PED-2024-003179,2031.26,2031.26,0.00
PED-2024-003180,1353.67,1353.67,0.00
PED-2024-003181,750.68,750.68,0.00
PED-2024-003182,1171.86,1171.86,0.00
PED-2024-003183,2068.60,2068.60,0.00
PED-2024-003184,1144.33,1144.33,0.00
PED-2024-003185,361.49,361.49,0.00
PED-2024-003186,800.91,800.91,0.00
PED-2024-003187,1091.49,1091.49,0.00
PED-2024-003188,1418.86,1418.86,0.00
PED-2024-003189,184.53,184.53,0.00
PED-2024-003190,385.64,385.64,0.00
PED-2024-003191,587.99,587.99,0.00
PED-2024-003192,329.93,329.93,0.00
PED-2024-003193,282.81,282.81,0.00
PED-2024-003194,477.41,477.41,0.00
PED-2024-003195,779.70,779.70,0.00
PED-2024-003196,503.96,503.96,0.00
PED-2024-003197,299.78,299.78,0.00
PED-2024-003198,672.25,672.25,0.00
PED-2024-003199,905.87,905.87,0.00
PED-2024-003200,559.39,559.39,0.00
PED-2024-003201,473.32,473.32,0.00
PED-2024-003202,879.65,879.65,0.00
PED-2024-003203,1318.86,1318.86,0.00
PED-2024-003204,860.47,860.47,0.00
PED-2024-003205,555.52,555.52,0.00
PED-2024-003206,1027.61,1027.61,0.00
PED-2024-003207,1532.58,1532.58,0.00
PED-2024-003208,1008.43,1008.43,0.00
PED-2024-003209,637.72,637.72,0.00
PED-2024-003210,1175.57,1175.57,0.00
PED-2024-003211,1746.30,1746.30,0.00
PED-2024-003212,1156.39,1156.39,0.00
PED-2024-003213,719.92,719.92,0.00
PED-2024-003214,1323.53,1323.53,0.00
PED-2024-003215,1960.02,1960.02,0.00
PED-2024-003216,1304.35,1304.35,0.00
PED-2024-003217,802.12,802.12,0.00
PED-2024-003218,1471.49,1471.49,0.00
PED-2024-003219,2173.74,2173.74,0.00
PED-2024-003220,1452.31,1452.31,0.00
PED-2024-003221,424.00,424.00,0.00
PED-2024-003222,852.25,852.25,0.00
PED-2024-003223,1313.38,1313.38,0.00
PED-2024-003224,1446.83,1446.83,0.00
PED-2024-003225,506.20,506.20,0.00
PED-2024-003226,1000.21,1000.21,0.00
PED-2024-003227,606.46,606.46,0.00
PED-2024-003228,367.27,367.27,0.00
PED-2024-003229,281.52,281.52,0.00
PED-2024-003230,534.41,534.41,0.00
PED-2024-003231,742.69,742.69,0.00
PED-2024-003232,408.31,408.31,0.00
PED-2024-003233,333.26,333.26,0.00
PED-2024-003234,558.50,558.50,0.00
PED-2024-003235,901.89,901.89,0.00
PED-2024-003236,592.16,592.16,0.00
PED-2024-003237,341.98,341.98,0.00
PED-2024-003238,763.19,763.19,0.00
PED-2024-003239,1023.18,1023.18,0.00
PED-2024-003240,630.57,630.57,0.00
PED-2024-003241,458.08,458.08,0.00
PED-2024-003242,752.89,752.89,0.00
PED-2024-003243,1345.23,1345.23,0.00
PED-2024-003244,808.94,808.94,0.00
PED-2024-003245,536.60,536.60,0.00
PED-2024-003246,979.77,979.77,0.00
PED-2024-003247,1291.20,1291.20,0.00
PED-2024-003248,1044.54,1044.54,0.00
PED-2024-003249,566.50,566.50,0.00
PED-2024-003250,1145.57,1145.57,0.00
PED-2024-003251,1888.78,1888.78,0.00
PED-2024-003252,1255.03,1255.03,0.00
PED-2024-003253,774.72,774.72,0.00
PED-2024-003254,1422.17,1422.17,0.00
PED-2024-003255,2102.50,2102.50,0.00
PED-2024-003256,1402.99,1402.99,0.00
PED-2024-003257,856.92,856.92,0.00
PED-2024-003258,802.93,802.93,0.00
PED-2024-003259,1242.14,1242.14,0.00
PED-2024-003260,1397.51,1397.51,0.00
PED-2024-003261,478.80,478.80,0.00
PED-2024-003262,950.89,950.89,0.00
PED-2024-003263,1455.86,1455.86,0.00
PED-2024-003264,317.95,317.95,0.00
PED-2024-003265,254.12,254.12,0.00
PED-2024-003266,485.09,485.09,0.00
PED-2024-003267,748.94,748.94,0.00
PED-2024-003268,465.91,465.91,0.00
PED-2024-003269,336.32,336.32,0.00
PED-2024-003270,633.05,633.05,0.00
PED-2024-003271,962.66,962.66,0.00
PED-2024-003272,613.87,613.87,0.00
PED-2024-003273,418.52,418.52,0.00
PED-2024-003274,781.01,781.01,0.00
PED-2024-003275,1176.38,1176.38,0.00
PED-2024-003276,761.83,761.83,0.00
PED-2024-003277,500.72,500.72,0.00
PED-2024-003278,928.97,928.97,0.00
PED-2024-003279,1390.10,1390.10,0.00
PED-2024-003280,909.79,909.79,0.00
PED-2024-003281,526.28,526.28,0.00
PED-2024-003282,829.07,829.07,0.00
PED-2024-003283,1476.71,1476.71,0.00
PED-2024-003284,892.19,892.19,0.00
PED-2024-003285,584.27,584.27,0.00
PED-2024-003286,1065.85,1065.85,0.00
PED-2024-003287,1401.36,1401.36,0.00
PED-2024-003288,1137.77,1137.77,0.00
PED-2024-003289,611.43,611.43,0.00
PED-2024-003290,1192.55,1192.55,0.00
PED-2024-003291,1769.69,1769.69,0.00
PED-2024-003292,1074.42,1074.42,0.00
PED-2024-003293,761.78,761.78,0.00
PED-2024-003294,1247.91,1247.91,0.00
PED-2024-003295,1940.61,1940.61,0.00
PED-2024-003296,1211.72,1211.72,0.00
PED-2024-003297,355.41,355.41,0.00
PED-2024-003298,845.94,845.94,0.00
PED-2024-003299,1160.78,1160.78,0.00
PED-2024-003300,1134.79,1134.79,0.00
PED-2024-003301,226.72,226.72,0.00
PED-2024-003302,435.77,435.77,0.00
PED-2024-003303,677.70,677.70,0.00
PED-2024-003304,416.59,416.59,0.00
PED-2024-003305,308.92,308.92,0.00
PED-2024-003306,583.73,583.73,0.00
PED-2024-003307,891.42,891.42,0.00
PED-2024-003308,564.55,564.55,0.00
PED-2024-003309,391.12,391.12,0.00
PED-2024-003310,731.69,731.69,0.00
PED-2024-003311,1105.14,1105.14,0.00
PED-2024-003312,712.51,712.51,0.00
PED-2024-003313,473.32,473.32,0.00
PED-2024-003314,879.65,879.65,0.00
PED-2024-003315,1318.86,1318.86,0.00
PED-2024-003316,860.47,860.47,0.00
PED-2024-003317,555.52,555.52,0.00
PED-2024-003318,1027.61,1027.61,0.00
PED-2024-003319,1532.58,1532.58,0.00
PED-2024-003320,1008.43,1008.43,0.00
PED-2024-003321,637.72,637.72,0.00
PED-2024-003322,1175.57,1175.57,0.00
PED-2024-003323,1746.30,1746.30,0.00
PED-2024-003324,1156.39,1156.39,0.00
PED-2024-003325,719.92,719.92,0.00
PED-2024-003326,1323.53,1323.53,0.00
PED-2024-003327,1960.02,1960.02,0.00
PED-2024-003328,1304.35,1304.35,0.00
PED-2024-003329,802.12,802.12,0.00
PED-2024-003330,1471.49,1471.49,0.00
PED-2024-003331,1986.91,1986.91,0.00
PED-2024-003332,1152.80,1152.80,0.00
PED-2024-003333,397.91,397.91,0.00
PED-2024-003334,715.20,715.20,0.00
PED-2024-003335,1042.48,1042.48,0.00
PED-2024-003336,1299.91,1299.91,0.00
PED-2024-003337,397.61,397.61,0.00
PED-2024-003338,936.93,936.93,0.00
PED-2024-003339,495.44,495.44,0.00
PED-2024-003340,287.80,287.80,0.00
PED-2024-003341,243.54,243.54,0.00
PED-2024-003342,410.14,410.14,0.00
PED-2024-003343,753.40,753.40,0.00
PED-2024-003344,434.12,434.12,0.00
PED-2024-003345,322.04,322.04,0.00
PED-2024-003346,592.65,592.65,0.00
PED-2024-003347,795.57,795.57,0.00
PED-2024-003348,625.36,625.36,0.00
PED-2024-003349,364.26,364.26,0.00
PED-2024-003350,751.01,751.01,0.00
PED-2024-003351,1247.62,1247.62,0.00
PED-2024-003352,811.15,811.15,0.00
PED-2024-003353,528.12,528.12,0.00
PED-2024-003354,978.29,978.29,0.00
PED-2024-003355,1461.34,1461.34,0.00
PED-2024-003356,959.11,959.11,0.00
PED-2024-003357,610.32,610.32,0.00
PED-2024-003358,1126.25,1126.25,0.00
PED-2024-003359,1675.06,1675.06,0.00
PED-2024-003360,1107.07,1107.07,0.00
PED-2024-003361,692.52,692.52,0.00
PED-2024-003362,1274.21,1274.21,0.00
PED-2024-003363,1888.78,1888.78,0.00
PED-2024-003364,1255.03,1255.03,0.00
PED-2024-003365,774.72,774.72,0.00
PED-2024-003366,1422.17,1422.17,0.00
PED-2024-003367,2102.50,2102.50,0.00
PED-2024-003368,1402.99,1402.99,0.00
PED-2024-003369,856.92,856.92,0.00
PED-2024-003370,802.93,802.93,0.00
PED-2024-003371,1242.14,1242.14,0.00
PED-2024-003372,1397.51,1397.51,0.00
PED-2024-003373,478.80,478.80,0.00
PED-2024-003374,950.89,950.89,0.00
PED-2024-003375,1455.86,1455.86,0.00
PED-2024-003376,317.95,317.95,0.00
PED-2024-003377,254.12,254.12,0.00
PED-2024-003378,485.09,485.09,0.00
PED-2024-003379,748.94,748.94,0.00
PED-2024-003380,465.91,465.91,0.00
PED-2024-003381,301.88,301.88,0.00
PED-2024-003382,486.28,486.28,0.00
PED-2024-003383,884.88,884.88,0.00
PED-2024-003384,517.37,517.37,0.00
PED-2024-003385,369.71,369.71,0.00
PED-2024-003386,678.69,678.69,0.00
PED-2024-003387,905.67,905.67,0.00
PED-2024-003388,718.50,718.50,0.00
PED-2024-003389,409.21,409.21,0.00
PED-2024-003390,810.34,810.34,0.00
PED-2024-003391,1209.97,1209.97,0.00
PED-2024-003392,721.75,721.75,0.00
PED-2024-003393,534.89,534.89,0.00
PED-2024-003394,882.93,882.93,0.00
PED-2024-003395,1390.72,1390.72,0.00
PED-2024-003396,945.10,945.10,0.00
PED-2024-003397,510.76,510.76,0.00
PED-2024-003398,1127.09,1127.09,0.00
PED-2024-003399,1492.23,1492.23,0.00
PED-2024-003400,942.99,942.99,0.00
PED-2024-003401,747.32,747.32,0.00
PED-2024-003402,1372.85,1372.85,0.00
PED-2024-003403,2031.26,2031.26,0.00
PED-2024-003404,1353.67,1353.67,0.00
PED-2024-003405,829.52,829.52,0.00
PED-2024-003406,1520.81,1520.81,0.00
PED-2024-003407,2244.98,2244.98,0.00
PED-2024-003408,1348.19,1348.19,0.00
PED-2024-003409,451.40,451.40,0.00
PED-2024-003410,901.57,901.57,0.00
PED-2024-003411,1384.62,1384.62,0.00
PED-2024-003412,1496.15,1496.15,0.00
PED-2024-003413,226.72,226.72,0.00
PED-2024-003414,435.77,435.77,0.00
PED-2024-003415,677.70,677.70,0.00
PED-2024-003416,416.59,416.59,0.00
PED-2024-003417,308.92,308.92,0.00
PED-2024-003418,583.73,583.73,0.00
PED-2024-003419,891.42,891.42,0.00
PED-2024-003420,564.55,564.55,0.00
PED-2024-003421,391.12,391.12,0.00
PED-2024-003422,731.69,731.69,0.00
PED-2024-003423,1105.14,1105.14,0.00
PED-2024-003424,712.51,712.51,0.00
PED-2024-003425,473.32,473.32,0.00
PED-2024-003426,879.65,879.65,0.00
PED-2024-003427,1318.86,1318.86,0.00
PED-2024-003428,860.47,860.47,0.00
PED-2024-003429,555.52,555.52,0.00
PED-2024-003430,1027.61,1027.61,0.00
PED-2024-003431,1397.55,1397.55,0.00
PED-2024-003432,800.13,800.13,0.00
PED-2024-003433,585.34,585.34,0.00
PED-2024-003434,964.02,964.02,0.00
PED-2024-003435,1512.91,1512.91,0.00
PED-2024-003436,1033.30,1033.30,0.00
PED-2024-003437,552.96,552.96,0.00
PED-2024-003438,1218.03,1218.03,0.00
PED-2024-003439,1609.54,1609.54,0.00
PED-2024-003440,1011.43,1011.43,0.00
PED-2024-003441,696.46,696.46,0.00
PED-2024-003442,1133.75,1133.75,0.00
PED-2024-003443,2002.83,2002.83,0.00
PED-2024-003444,1225.42,1225.42,0.00
PED-2024-003445,337.67,337.67,0.00
PED-2024-003446,757.85,757.85,0.00
PED-2024-003447,1036.38,1036.38,0.00
PED-2024-003448,1372.25,1372.25,0.00
PED-2024-003449,422.93,422.93,0.00
PED-2024-003450,816.77,816.77,0.00
PED-2024-003451,606.46,606.46,0.00
PED-2024-003452,367.27,367.27,0.00
PED-2024-003453,281.52,281.52,0.00
PED-2024-003454,534.41,534.41,0.00
PED-2024-003455,820.18,820.18,0.00
PED-2024-003456,515.23,515.23,0.00
PED-2024-003457,363.72,363.72,0.00
PED-2024-003458,682.37,682.37,0.00
PED-2024-003459,1033.90,1033.90,0.00
PED-2024-003460,663.19,663.19,0.00
PED-2024-003461,445.92,445.92,0.00
PED-2024-003462,830.33,830.33,0.00
PED-2024-003463,1247.62,1247.62,0.00
PED-2024-003464,811.15,811.15,0.00
PED-2024-003465,528.12,528.12,0.00
PED-2024-003466,978.29,978.29,0.00
PED-2024-003467,1461.34,1461.34,0.00
PED-2024-003468,959.11,959.11,0.00
PED-2024-003469,610.32,610.32,0.00
PED-2024-003470,1126.25,1126.25,0.00
PED-2024-003471,1675.06,1675.06,0.00
PED-2024-003472,1107.07,1107.07,0.00
PED-2024-003473,692.52,692.52,0.00
PED-2024-003474,1274.21,1274.21,0.00
PED-2024-003475,1888.78,1888.78,0.00
PED-2024-003476,1255.03,1255.03,0.00
PED-2024-003477,774.72,774.72,0.00
PED-2024-003478,1422.17,1422.17,0.00
PED-2024-003479,2102.50,2102.50,0.00
PED-2024-003480,1402.99,1402.99,0.00
PED-2024-003481,775.62,775.62,0.00
PED-2024-003482,634.53,634.53,0.00
PED-2024-003483,1167.68,1167.68,0.00
PED-2024-003484,1185.92,1185.92,0.00
PED-2024-003485,385.34,385.34,0.00
PED-2024-003486,843.88,843.88,0.00
PED-2024-003487,1146.54,1146.54,0.00
PED-2024-003488,299.31,299.31,0.00
PED-2024-003489,207.02,207.02,0.00
PED-2024-003490,428.08,428.08,0.00
PED-2024-003491,650.19,650.19,0.00
PED-2024-003492,369.16,369.16,0.00
PED-2024-003493,308.05,308.05,0.00
PED-2024-003494,517.96,517.96,0.00
PED-2024-003495,840.76,840.76,0.00
PED-2024-003496,548.06,548.06,0.00
PED-2024-003497,320.89,320.89,0.00
PED-2024-003498,717.70,717.70,0.00
PED-2024-003499,964.56,964.56,0.00
PED-2024-003500,597.75,597.75,0.00
PED-2024-003501,500.72,500.72,0.00
PED-2024-003502,928.97,928.97,0.00
PED-2024-003503,1390.10,1390.10,0.00
PED-2024-003504,909.79,909.79,0.00
PED-2024-003505,582.92,582.92,0.00
PED-2024-003506,1076.93,1076.93,0.00
PED-2024-003507,1603.82,1603.82,0.00
PED-2024-003508,1057.75,1057.75,0.00
PED-2024-003509,665.12,665.12,0.00
PED-2024-003510,1224.89,1224.89,0.00
PED-2024-003511,1817.54,1817.54,0.00
PED-2024-003512,1205.71,1205.71,0.00
PED-2024-003513,747.32,747.32,0.00
PED-2024-003514,1372.85,1372.85,0.00
PED-2024-003515,2031.26,2031.26,0.00
PED-2024-003516,1353.67,1353.67,0.00
PED-2024-003517,829.52,829.52,0.00
PED-2024-003518,1520.81,1520.81,0.00
PED-2024-003519,2244.98,2244.98,0.00
PED-2024-003520,1348.19,1348.19,0.00
PED-2024-003521,451.40,451.40,0.00
PED-2024-003522,901.57,901.57,0.00
PED-2024-003523,1384.62,1384.62,0.00
PED-2024-003524,1496.15,1496.15,0.00
PED-2024-003525,226.72,226.72,0.00
PED-2024-003526,435.77,435.77,0.00
PED-2024-003527,677.70,677.70,0.00
PED-2024-003528,416.59,416.59,0.00
PED-2024-003529,308.92,308.92,0.00
PED-2024-003530,583.73,583.73,0.00
PED-2024-003531,808.19,808.19,0.00
PED-2024-003532,447.54,447.54,0.00
PED-2024-003533,358.45,358.45,0.00
PED-2024-003534,599.04,599.04,0.00
PED-2024-003535,963.02,963.02,0.00
PED-2024-003536,636.33,636.33,0.00
PED-2024-003537,363.09,363.09,0.00
PED-2024-003538,808.69,808.69,0.00
PED-2024-003539,1081.80,1081.80,0.00
PED-2024-003540,668.66,668.66,0.00
PED-2024-003541,481.92,481.92,0.00
PED-2024-003542,791.00,791.00,0.00
PED-2024-003543,1411.00,1411.00,0.00
PED-2024-003544,850.60,850.60,0.00
PED-2024-003545,560.42,560.42,0.00
PED-2024-003546,1022.83,1022.83,0.00
PED-2024-003547,1346.31,1346.31,0.00
PED-2024-003548,1091.16,1091.16,0.00
PED-2024-003549,588.94,588.94,0.00
PED-2024-003550,1189.41,1189.41,0.00
PED-2024-003551,1972.92,1972.92,0.00
PED-2024-003552,1317.25,1317.25,0.00
PED-2024-003553,815.02,815.02,0.00
PED-2024-003554,1484.39,1484.39,0.00
PED-2024-003555,2186.64,2186.64,0.00
PED-2024-003556,1465.21,1465.21,0.00
PED-2024-003557,436.90,436.90,0.00
PED-2024-003558,865.15,865.15,0.00
PED-2024-003559,1326.28,1326.28,0.00
PED-2024-003560,1459.73,1459.73,0.00
PED-2024-003561,519.10,519.10,0.00
PED-2024-003562,1013.11,1013.11,0.00
PED-2024-003563,619.36,619.36,0.00
PED-2024-003564,380.17,380.17,0.00
PED-2024-003565,294.42,294.42,0.00
PED-2024-003566,547.31,547.31,0.00
PED-2024-003567,833.08,833.08,0.00
PED-2024-003568,528.13,528.13,0.00
PED-2024-003569,376.62,376.62,0.00
PED-2024-003570,695.27,695.27,0.00
PED-2024-003571,1046.80,1046.80,0.00
PED-2024-003572,676.09,676.09,0.00
PED-2024-003573,458.82,458.82,0.00
PED-2024-003574,843.23,843.23,0.00
PED-2024-003575,1260.52,1260.52,0.00
PED-2024-003576,824.05,824.05,0.00
PED-2024-003577,541.02,541.02,0.00
PED-2024-003578,991.19,991.19,0.00
PED-2024-003579,1474.24,1474.24,0.00
PED-2024-003580,972.01,972.01,0.00
PED-2024-003581,564.12,564.12,0.00
PED-2024-003582,880.04,880.04,0.00
PED-2024-003583,1555.38,1555.38,0.00
PED-2024-003584,946.75,946.75,0.00
PED-2024-003585,620.99,620.99,0.00
PED-2024-003586,1121.77,1121.77,0.00
PED-2024-003587,1469.31,1469.31,0.00
PED-2024-003588,1197.20,1197.20,0.00
PED-2024-003589,646.79,646.79,0.00
PED-2024-003590,1247.94,1247.94,0.00
PED-2024-003591,1844.85,1844.85,0.00
PED-2024-003592,1126.47,1126.47,0.00
PED-2024-003593,799.87,799.87,0.00
PED-2024-003594,687.60,687.60,0.00
PED-2024-003595,994.25,994.25,0.00
PED-2024-003596,1268.72,1268.72,0.00
PED-2024-003597,389.40,389.40,0.00
PED-2024-003598,904.33,904.33,0.00
PED-2024-003599,1232.24,1232.24,0.00
PED-2024-003600,265.41,265.41,0.00
PED-2024-003601,267.02,267.02,0.00
PED-2024-003602,497.99,497.99,0.00
PED-2024-003603,761.84,761.84,0.00
PED-2024-003604,478.81,478.81,0.00
PED-2024-003605,349.22,349.22,0.00
PED-2024-003606,645.95,645.95,0.00
PED-2024-003607,975.56,975.56,0.00
PED-2024-003608,626.77,626.77,0.00
PED-2024-003609,431.42,431.42,0.00
PED-2024-003610,793.91,793.91,0.00
PED-2024-003611,1189.28,1189.28,0.00
PED-2024-003612,774.73,774.73,0.00
PED-2024-003613,513.62,513.62,0.00
PED-2024-003614,941.87,941.87,0.00
PED-2024-003615,1403.00,1403.00,0.00
PED-2024-003616,922.69,922.69,0.00
PED-2024-003617,595.82,595.82,0.00
PED-2024-003618,1089.83,1089.83,0.00
PED-2024-003619,1616.72,1616.72,0.00
PED-2024-003620,1070.65,1070.65,0.00
PED-2024-003621,678.02,678.02,0.00
PED-2024-003622,1237.79,1237.79,0.00
PED-2024-003623,1830.44,1830.44,0.00
PED-2024-003624,1218.61,1218.61,0.00
PED-2024-003625,760.22,760.22,0.00
PED-2024-003626,1385.75,1385.75,0.00
PED-2024-003627,2044.16,2044.16,0.00
PED-2024-003628,1366.57,1366.57,0.00
PED-2024-003629,842.42,842.42,0.00
PED-2024-003630,1533.71,1533.71,0.00
PED-2024-003631,2065.31,2065.31,0.00
PED-2024-003632,1089.77,1089.77,0.00
PED-2024-003633,436.02,436.02,0.00
PED-2024-003634,768.69,768.69,0.00
PED-2024-003635,1116.44,1116.44,0.00
PED-2024-003636,1356.91,1356.91,0.00
PED-2024-003637,186.10,186.10,0.00
PED-2024-003638,412.24,412.24,0.00
PED-2024-003639,567.03,567.03,0.00
PED-2024-003640,338.79,338.79,0.00
PED-2024-003641,280.28,280.28,0.00
PED-2024-003642,461.11,461.11,0.00
PED-2024-003643,832.01,832.01,0.00
PED-2024-003644,488.61,488.61,0.00
PED-2024-003645,358.79,358.79,0.00
PED-2024-003646,648.57,648.57,0.00
PED-2024-003647,863.52,863.52,0.00
PED-2024-003648,684.87,684.87,0.00
PED-2024-003649,399.65,399.65,0.00
PED-2024-003650,807.75,807.75,0.00
PED-2024-003651,1331.76,1331.76,0.00
PED-2024-003652,873.37,873.37,0.00
PED-2024-003653,568.42,568.42,0.00
PED-2024-003654,1040.51,1040.51,0.00
PED-2024-003655,1545.48,1545.48,0.00
PED-2024-003656,1021.33,1021.33,0.00
PED-2024-003657,650.62,650.62,0.00
PED-2024-003658,1188.47,1188.47,0.00
PED-2024-003659,1759.20,1759.20,0.00
PED-2024-003660,1169.29,1169.29,0.00
PED-2024-003661,732.82,732.82,0.00
PED-2024-003662,1336.43,1336.43,0.00
PED-2024-003663,1972.92,1972.92,0.00
PED-2024-003664,1317.25,1317.25,0.00
PED-2024-003665,815.02,815.02,0.00
PED-2024-003666,1484.39,1484.39,0.00
PED-2024-003667,2186.64,2186.64,0.00
PED-2024-003668,1465.21,1465.21,0.00
PED-2024-003669,436.90,436.90,0.00
PED-2024-003670,865.15,865.15,0.00
PED-2024-003671,1326.28,1326.28,0.00
PED-2024-003672,1459.73,1459.73,0.00
PED-2024-003673,519.10,519.10,0.00
PED-2024-003674,1013.11,1013.11,0.00
PED-2024-003675,619.36,619.36,0.00
PED-2024-003676,380.17,380.17,0.00
PED-2024-003677,294.42,294.42,0.00
PED-2024-003678,547.31,547.31,0.00
PED-2024-003679,833.08,833.08,0.00
PED-2024-003680,528.13,528.13,0.00
PED-2024-003681,339.72,339.72,0.00
PED-2024-003682,537.29,537.29,0.00
PED-2024-003683,963.62,963.62,0.00
PED-2024-003684,571.94,571.94,0.00
PED-2024-003685,406.46,406.46,0.00
PED-2024-003686,734.56,734.56,0.00
PED-2024-003687,973.68,973.68,0.00
PED-2024-003688,778.01,778.01,0.00
PED-2024-003689,444.60,444.60,0.00
PED-2024-003690,865.68,865.68,0.00
PED-2024-003691,1285.07,1285.07,0.00
PED-2024-003692,773.88,773.88,0.00
PED-2024-003693,573.03,573.03,0.00
PED-2024-003694,936.38,936.38,0.00
PED-2024-003695,1464.68,1464.68,0.00
PED-2024-003696,1002.10,1002.10,0.00
PED-2024-003697,544.77,544.77,0.00
PED-2024-003698,1185.44,1185.44,0.00
PED-2024-003699,1563.82,1563.82,0.00
PED-2024-003700,994.25,994.25,0.00
PED-2024-003701,787.62,787.62,0.00
PED-2024-003702,1435.07,1435.07,0.00
PED-2024-003703,2115.40,2115.40,0.00
PED-2024-003704,1415.89,1415.89,0.00
PED-2024-003705,869.82,869.82,0.00
PED-2024-003706,815.83,815.83,0.00
PED-2024-003707,1255.04,1255.04,0.00
PED-2024-003708,1410.41,1410.41,0.00
PED-2024-003709,491.70,491.70,0.00
PED-2024-003710,963.79,963.79,0.00
PED-2024-003711,1468.76,1468.76,0.00
PED-2024-003712,330.85,330.85,0.00
PED-2024-003713,267.02,267.02,0.00
PED-2024-003714,497.99,497.99,0.00
PED-2024-003715,761.84,761.84,0.00
PED-2024-003716,478.81,478.81,0.00
PED-2024-003717,349.22,349.22,0.00
PED-2024-003718,645.95,645.95,0.00
PED-2024-003719,975.56,975.56,0.00
PED-2024-003720,626.77,626.77,0.00
PED-2024-003721,431.42,431.42,0.00
PED-2024-003722,793.91,793.91,0.00
PED-2024-003723,1189.28,1189.28,0.00
PED-2024-003724,774.73,774.73,0.00
PED-2024-003725,513.62,513.62,0.00
PED-2024-003726,941.87,941.87,0.00
PED-2024-003727,1403.00,1403.00,0.00
PED-2024-003728,922.69,922.69,0.00
PED-2024-003729,595.82,595.82,0.00
PED-2024-003730,1089.83,1089.83,0.00
PED-2024-003731,1475.95,1475.95,0.00
PED-2024-003732,852.26,852.26,0.00
PED-2024-003733,623.43,623.43,0.00
PED-2024-003734,1017.46,1017.46,0.00
PED-2024-003735,1586.94,1586.94,0.00
PED-2024-003736,1090.37,1090.37,0.00
PED-2024-003737,586.97,586.97,0.00
PED-2024-003738,1276.43,1276.43,0.00
PED-2024-003739,1681.06,1681.06,0.00
PED-2024-003740,1062.42,1062.42,0.00
PED-2024-003741,733.20,733.20,0.00
PED-2024-003742,1184.76,1184.76,0.00
PED-2024-003743,2081.50,2081.50,0.00
PED-2024-003744,1157.23,1157.23,0.00
PED-2024-003745,374.39,374.39,0.00
PED-2024-003746,813.81,813.81,0.00
PED-2024-003747,1104.39,1104.39,0.00
PED-2024-003748,1431.76,1431.76,0.00
PED-2024-003749,197.43,197.43,0.00
PED-2024-003750,413.19,413.19,0.00
PED-2024-003751,690.60,690.60,0.00
PED-2024-003752,429.49,429.49,0.00
PED-2024-003753,321.82,321.82,0.00
PED-2024-003754,596.63,596.63,0.00
PED-2024-003755,904.32,904.32,0.00
PED-2024-003756,577.45,577.45,0.00
PED-2024-003757,404.02,404.02,0.00
PED-2024-003758,744.59,744.59,0.00
PED-2024-003759,1118.04,1118.04,0.00
PED-2024-003760,725.41,725.41,0.00
PED-2024-003761,486.22,486.22,0.00
PED-2024-003762,892.55,892.55,0.00
PED-2024-003763,1331.76,1331.76,0.00
PED-2024-003764,873.37,873.37,0.00
PED-2024-003765,568.42,568.42,0.00
PED-2024-003766,1040.51,1040.51,0.00
PED-2024-003767,1545.48,1545.48,0.00
PED-2024-003768,1021.33,1021.33,0.00
PED-2024-003769,650.62,650.62,0.00
PED-2024-003770,1188.47,1188.47,0.00
PED-2024-003771,1759.20,1759.20,0.00
PED-2024-003772,1169.29,1169.29,0.00
PED-2024-003773,732.82,732.82,0.00
PED-2024-003774,1336.43,1336.43,0.00
PED-2024-003775,1972.92,1972.92,0.00
PED-2024-003776,1317.25,1317.25,0.00
PED-2024-003777,815.02,815.02,0.00
PED-2024-003778,1484.39,1484.39,0.00
PED-2024-003779,2186.64,2186.64,0.00
PED-2024-003780,1465.21,1465.21,0.00
PED-2024-003781,422.17,422.17,0.00
PED-2024-003782,685.50,685.50,0.00
PED-2024-003783,1246.35,1246.35,0.00
PED-2024-003784,1240.48,1240.48,0.00
PED-2024-003785,422.09,422.09,0.00
PED-2024-003786,899.80,899.80,0.00
PED-2024-003787,477.99,477.99,0.00
PED-2024-003788,358.74,358.74,0.00
PED-2024-003789,242.38,242.38,0.00
PED-2024-003790,483.47,483.47,0.00
PED-2024-003791,725.29,725.29,0.00
PED-2024-003792,421.21,421.21,0.00
PED-2024-003793,346.16,346.16,0.00
PED-2024-003794,571.40,571.40,0.00
PED-2024-003795,914.79,914.79,0.00
PED-2024-003796,605.06,605.06,0.00
PED-2024-003797,354.88,354.88,0.00
PED-2024-003798,776.09,776.09,0.00
PED-2024-003799,1036.08,1036.08,0.00
PED-2024-003800,649.01,649.01,0.00
PED-2024-003801,541.02,541.02,0.00
PED-2024-003802,991.19,991.19,0.00
PED-2024-003803,1474.24,1474.24,0.00
PED-2024-003804,972.01,972.01,0.00
PED-2024-003805,623.22,623.22,0.00
PED-2024-003806,1139.15,1139.15,0.00
PED-2024-003807,1687.96,1687.96,0.00
PED-2024-003808,1119.97,1119.97,0.00
PED-2024-003809,705.42,705.42,0.00
PED-2024-003810,1287.11,1287.11,0.00
PED-2024-003811,1901.68,1901.68,0.00
PED-2024-003812,1267.93,1267.93,0.00
PED-2024-003813,787.62,787.62,0.00
PED-2024-003814,1435.07,1435.07,0.00
PED-2024-003815,2115.40,2115.40,0.00
PED-2024-003816,1415.89,1415.89,0.00
PED-2024-003817,869.82,869.82,0.00
PED-2024-003818,815.83,815.83,0.00
PED-2024-003819,1255.04,1255.04,0.00
PED-2024-003820,1410.41,1410.41,0.00
PED-2024-003821,491.70,491.70,0.00
PED-2024-003822,963.79,963.79,0.00
PED-2024-003823,1468.76,1468.76,0.00
PED-2024-003824,330.85,330.85,0.00
PED-2024-003825,267.02,267.02,0.00
PED-2024-003826,497.99,497.99,0.00
PED-2024-003827,761.84,761.84,0.00
PED-2024-003828,478.81,478.81,0.00
PED-2024-003829,349.22,349.22,0.00
PED-2024-003830,645.95,645.95,0.00
PED-2024-003831,886.52,886.52,0.00
PED-2024-003832,499.59,499.59,0.00
PED-2024-003833,396.56,396.56,0.00
PED-2024-003834,652.53,652.53,0.00
PED-2024-003835,1036.98,1036.98,0.00
PED-2024-003836,693.33,693.33,0.00
PED-2024-003837,397.08,397.08,0.00
PED-2024-003838,867.08,867.08,0.00
PED-2024-003839,1153.39,1153.39,0.00
PED-2024-003840,719.65,719.65,0.00
PED-2024-003841,518.66,518.66,0.00
PED-2024-003842,841.97,841.97,0.00
PED-2024-003843,1489.61,1489.61,0.00
PED-2024-003844,905.09,905.09,0.00
PED-2024-003845,597.17,597.17,0.00
PED-2024-003846,1078.75,1078.75,0.00
PED-2024-003847,1414.26,1414.26,0.00
PED-2024-003848,1150.67,1150.67,0.00
PED-2024-003849,624.33,624.33,0.00
PED-2024-003850,1246.15,1246.15,0.00
PED-2024-003851,2044.16,2044.16,0.00
PED-2024-003852,1366.57,1366.57,0.00
PED-2024-003853,842.42,842.42,0.00
PED-2024-003854,1533.71,1533.71,0.00
PED-2024-003855,2257.88,2257.88,0.00
PED-2024-003856,1361.09,1361.09,0.00
PED-2024-003857,464.30,464.30,0.00
PED-2024-003858,914.47,914.47,0.00
PED-2024-003859,1397.52,1397.52,0.00
PED-2024-003860,1509.05,1509.05,0.00
PED-2024-003861,239.62,239.62,0.00
PED-2024-003862,448.67,448.67,0.00
PED-2024-003863,690.60,690.60,0.00
PED-2024-003864,429.49,429.49,0.00
PED-2024-003865,321.82,321.82,0.00
PED-2024-003866,596.63,596.63,0.00
PED-2024-003867,904.32,904.32,0.00
PED-2024-003868,577.45,577.45,0.00
PED-2024-003869,404.02,404.02,0.00
PED-2024-003870,744.59,744.59,0.00
PED-2024-003871,1118.04,1118.04,0.00
PED-2024-003872,725.41,725.41,0.00
PED-2024-003873,486.22,486.22,0.00
PED-2024-003874,892.55,892.55,0.00
PED-2024-003875,1331.76,1331.76,0.00
PED-2024-003876,873.37,873.37,0.00
PED-2024-003877,568.42,568.42,0.00
PED-2024-003878,1040.51,1040.51,0.00
PED-2024-003879,1545.48,1545.48,0.00
PED-2024-003880,1021.33,1021.33,0.00
PED-2024-003881,589.06,589.06,0.00
PED-2024-003882,918.15,918.15,0.00
PED-2024-003883,1621.22,1621.22,0.00
PED-2024-003884,988.42,988.42,0.00
PED-2024-003885,644.84,644.84,0.00
PED-2024-003886,1164.74,1164.74,0.00
PED-2024-003887,1524.42,1524.42,0.00
PED-2024-003888,1243.81,1243.81,0.00
PED-2024-003889,669.28,669.28,0.00
PED-2024-003890,1290.38,1290.38,0.00
PED-2024-003891,1907.05,1907.05,0.00
PED-2024-003892,1165.70,1165.70,0.00
PED-2024-003893,410.81,410.81,0.00
PED-2024-003894,728.10,728.10,0.00
PED-2024-003895,1055.38,1055.38,0.00
PED-2024-003896,1312.81,1312.81,0.00
PED-2024-003897,410.51,410.51,0.00
PED-2024-003898,949.83,949.83,0.00
PED-2024-003899,508.34,508.34,0.00
PED-2024-003900,303.77,303.77,0.00
PED-2024-003901,294.42,294.42,0.00
PED-2024-003902,547.31,547.31,0.00
PED-2024-003903,833.08,833.08,0.00
PED-2024-003904,528.13,528.13,0.00
PED-2024-003905,376.62,376.62,0.00
PED-2024-003906,695.27,695.27,0.00
PED-2024-003907,1046.80,1046.80,0.00
PED-2024-003908,676.09,676.09,0.00
PED-2024-003909,458.82,458.82,0.00
PED-2024-003910,843.23,843.23,0.00
PED-2024-003911,1260.52,1260.52,0.00
PED-2024-003912,824.05,824.05,0.00
PED-2024-003913,541.02,541.02,0.00
PED-2024-003914,991.19,991.19,0.00
PED-2024-003915,1474.24,1474.24,0.00
PED-2024-003916,972.01,972.01,0.00
PED-2024-003917,623.22,623.22,0.00
PED-2024-003918,1139.15,1139.15,0.00
PED-2024-003919,1687.96,1687.96,0.00
PED-2024-003920,1119.97,1119.97,0.00
PED-2024-003921,705.42,705.42,0.00
PED-2024-003922,1287.11,1287.11,0.00
PED-2024-003923,1901.68,1901.68,0.00
PED-2024-003924,1267.93,1267.93,0.00
PED-2024-003925,787.62,787.62,0.00
PED-2024-003926,1435.07,1435.07,0.00
PED-2024-003927,2115.40,2115.40,0.00
PED-2024-003928,1415.89,1415.89,0.00
PED-2024-003929,869.82,869.82,0.00
PED-2024-003930,815.83,815.83,0.00
PED-2024-003931,1217.80,1217.80,0.00
PED-2024-003932,1129.00,1129.00,0.00
PED-2024-003933,461.21,461.21,0.00
PED-2024-003934,809.23,809.23,0.00
PED-2024-003935,1177.57,1177.57,0.00
PED-2024-003936,296.29,296.29,0.00
PED-2024-003937,207.19,207.19,0.00
PED-2024-003938,457.73,457.73,0.00
PED-2024-003939,625.59,625.59,0.00
PED-2024-003940,376.87,376.87,0.00
PED-2024-003941,304.14,304.14,0.00
PED-2024-003942,499.18,499.18,0.00
PED-2024-003943,897.78,897.78,0.00
PED-2024-003944,530.27,530.27,0.00
PED-2024-003945,382.61,382.61,0.00
PED-2024-003946,691.59,691.59,0.00
PED-2024-003947,918.57,918.57,0.00
PED-2024-003948,731.40,731.40,0.00
PED-2024-003949,422.11,422.11,0.00
PED-2024-003950,851.59,851.59,0.00
PED-2024-003951,1403.00,1403.00,0.00
PED-2024-003952,922.69,922.69,0.00
PED-2024-003953,595.82,595.82,0.00
PED-2024-003954,1089.83,1089.83,0.00
PED-2024-003955,1616.72,1616.72,0.00
PED-2024-003956,1070.65,1070.65,0.00
PED-2024-003957,678.02,678.02,0.00
PED-2024-003958,1237.79,1237.79,0.00
PED-2024-003959,1830.44,1830.44,0.00
PED-2024-003960,1218.61,1218.61,0.00
PED-2024-003961,760.22,760.22,0.00
PED-2024-003962,1385.75,1385.75,0.00
PED-2024-003963,2044.16,2044.16,0.00
PED-2024-003964,1366.57,1366.57,0.00
PED-2024-003965,842.42,842.42,0.00
PED-2024-003966,1533.71,1533.71,0.00
PED-2024-003967,2257.88,2257.88,0.00
PED-2024-003968,1361.09,1361.09,0.00
PED-2024-003969,464.30,464.30,0.00
PED-2024-003970,914.47,914.47,0.00
PED-2024-003971,1397.52,1397.52,0.00
PED-2024-003972,1509.05,1509.05,0.00
PED-2024-003973,239.62,239.62,0.00
PED-2024-003974,448.67,448.67,0.00
PED-2024-003975,690.60,690.60,0.00
PED-2024-003976,429.49,429.49,0.00
PED-2024-003977,321.82,321.82,0.00
PED-2024-003978,596.63,596.63,0.00
PED-2024-003979,904.32,904.32,0.00
PED-2024-003980,577.45,577.45,0.00
PED-2024-003981,364.63,364.63,0.00
PED-2024-003982,575.36,575.36,0.00
PED-2024-003983,1029.33,1029.33,0.00
PED-2024-003984,613.60,613.60,0.00
PED-2024-003985,430.31,430.31,0.00
PED-2024-003986,777.58,777.58,0.00
PED-2024-003987,1028.73,1028.73,0.00
PED-2024-003988,824.54,824.54,0.00
PED-2024-003989,467.06,467.06,0.00
PED-2024-003990,908.17,908.17,0.00
PED-2024-003991,1347.27,1347.27,0.00
PED-2024-003992,813.03,813.03,0.00
PED-2024-003993,598.24,598.24,0.00
PED-2024-003994,976.92,976.92,0.00
PED-2024-003995,1525.81,1525.81,0.00
PED-2024-003996,1046.20,1046.20,0.00
PED-2024-003997,565.86,565.86,0.00
PED-2024-003998,1230.93,1230.93,0.00
PED-2024-003999,1622.44,1622.44,0.00
PED-2024-004000,1032.61,1032.61,0.00
PED-2025-000001,815.02,815.02,0.00
PED-2025-000002,1484.39,1484.39,0.00
PED-2025-000003,2186.64,2186.64,0.00
PED-2025-000004,1465.21,1465.21,0.00
PED-2025-000005,436.90,436.90,0.00
PED-2025-000006,865.15,865.15,0.00
PED-2025-000007,1326.28,1326.28,0.00
PED-2025-000008,1459.73,1459.73,0.00
PED-2025-000009,519.10,519.10,0.00
PED-2025-000010,1013.11,1013.11,0.00
PED-2025-000011,619.36,619.36,0.00
PED-2025-000012,380.17,380.17,0.00
PED-2025-000013,294.42,294.42,0.00
PED-2025-000014,547.31,547.31,0.00
PED-2025-000015,833.08,833.08,0.00
PED-2025-000016,528.13,528.13,0.00
PED-2025-000017,376.62,376.62,0.00
PED-2025-000018,695.27,695.27,0.00
PED-2025-000019,1046.80,1046.80,0.00
PED-2025-000020,676.09,676.09,0.00
PED-2025-000021,458.82,458.82,0.00
PED-2025-000022,843.23,843.23,0.00
PED-2025-000023,1260.52,1260.52,0.00
PED-2025-000024,824.05,824.05,0.00
PED-2025-000025,541.02,541.02,0.00
PED-2025-000026,991.19,991.19,0.00
PED-2025-000027,1474.24,1474.24,0.00
PED-2025-000028,972.01,972.01,0.00
PED-2025-000029,623.22,623.22,0.00
PED-2025-000030,1139.15,1139.15,0.00
PED-2025-000031,1541.38,1541.38,0.00
PED-2025-000032,891.41,891.41,0.00
PED-2025-000033,648.64,648.64,0.00
PED-2025-000034,1058.05,1058.05,0.00
PED-2025-000035,1648.00,1648.00,0.00
PED-2025-000036,1134.47,1134.47,0.00
PED-2025-000037,608.06,608.06,0.00
PED-2025-000038,1321.92,1321.92,0.00
PED-2025-000039,1739.75,1739.75,0.00
PED-2025-000040,1100.51,1100.51,0.00
PED-2025-000041,757.04,757.04,0.00
PED-2025-000042,647.43,647.43,0.00
PED-2025-000043,1180.58,1180.58,0.00
PED-2025-000044,1198.82,1198.82,0.00
PED-2025-000045,398.24,398.24,0.00
PED-2025-000046,856.78,856.78,0.00
PED-2025-000047,1159.44,1159.44,0.00
PED-2025-000048,312.21,312.21,0.00
PED-2025-000049,219.92,219.92,0.00
PED-2025-000050,457.03,457.03,0.00
PED-2025-000051,761.84,761.84,0.00
PED-2025-000052,478.81,478.81,0.00
PED-2025-000053,349.22,349.22,0.00
PED-2025-000054,645.95,645.95,0.00
PED-2025-000055,975.56,975.56,0.00
PED-2025-000056,626.77,626.77,0.00
PED-2025-000057,431.42,431.42,0.00
PED-2025-000058,793.91,793.91,0.00
PED-2025-000059,1189.28,1189.28,0.00
PED-2025-000060,774.73,774.73,0.00
PED-2025-000061,513.62,513.62,0.00
PED-2025-000062,941.87,941.87,0.00
PED-2025-000063,1403.00,1403.00,0.00
PED-2025-000064,922.69,922.69,0.00
PED-2025-000065,595.82,595.82,0.00
PED-2025-000066,1089.83,1089.83,0.00
PED-2025-000067,1616.72,1616.72,0.00
PED-2025-000068,1070.65,1070.65,0.00
PED-2025-000069,678.02,678.02,0.00
PED-2025-000070,1237.79,1237.79,0.00
PED-2025-000071,1830.44,1830.44,0.00
PED-2025-000072,1218.61,1218.61,0.00
PED-2025-000073,760.22,760.22,0.00
PED-2025-000074,1385.75,1385.75,0.00
PED-2025-000075,2044.16,2044.16,0.00
PED-2025-000076,1366.57,1366.57,0.00
PED-2025-000077,842.42,842.42,0.00
PED-2025-000078,1533.71,1533.71,0.00
PED-2025-000079,2257.88,2257.88,0.00
PED-2025-000080,1361.09,1361.09,0.00
PED-2025-000081,447.11,447.11,0.00
PED-2025-000082,723.61,723.61,0.00
PED-2025-000083,1312.12,1312.12,0.00
PED-2025-000084,1282.14,1282.14,0.00
PED-2025-000085,215.75,215.75,0.00
PED-2025-000086,390.46,390.46,0.00
PED-2025-000087,533.10,533.10,0.00
PED-2025-000088,405.36,405.36,0.00
PED-2025-000089,264.82,264.82,0.00
PED-2025-000090,525.91,525.91,0.00
PED-2025-000091,787.49,787.49,0.00
PED-2025-000092,460.44,460.44,0.00
PED-2025-000093,371.35,371.35,0.00
PED-2025-000094,611.94,611.94,0.00
PED-2025-000095,975.92,975.92,0.00
PED-2025-000096,649.23,649.23,0.00
PED-2025-000097,375.99,375.99,0.00
PED-2025-000098,821.59,821.59,0.00
PED-2025-000099,1094.70,1094.70,0.00
PED-2025-000100,687.37,687.37,0.00
PED-2025-000101,568.42,568.42,0.00
PED-2025-000102,1040.51,1040.51,0.00
PED-2025-000103,1545.48,1545.48,0.00
PED-2025-000104,1021.33,1021.33,0.00
PED-2025-000105,650.62,650.62,0.00
PED-2025-000106,1188.47,1188.47,0.00
PED-2025-000107,1759.20,1759.20,0.00
PED-2025-000108,1169.29,1169.29,0.00
PED-2025-000109,732.82,732.82,0.00
PED-2025-000110,1336.43,1336.43,0.00
PED-2025-000111,1972.92,1972.92,0.00
PED-2025-000112,1317.25,1317.25,0.00
PED-2025-000113,815.02,815.02,0.00
PED-2025-000114,1484.39,1484.39,0.00
PED-2025-000115,2186.64,2186.64,0.00
PED-2025-000116,1465.21,1465.21,0.00
PED-2025-000117,436.90,436.90,0.00
PED-2025-000118,865.15,865.15,0.00
PED-2025-000119,1326.28,1326.28,0.00
PED-2025-000120,1459.73,1459.73,0.00
PED-2025-000121,519.10,519.10,0.00
PED-2025-000122,1013.11,1013.11,0.00
PED-2025-000123,619.36,619.36,0.00
PED-2025-000124,380.17,380.17,0.00
PED-2025-000125,294.42,294.42,0.00
PED-2025-000126,547.31,547.31,0.00
PED-2025-000127,833.08,833.08,0.00
PED-2025-000128,528.13,528.13,0.00
PED-2025-000129,376.62,376.62,0.00
PED-2025-000130,695.27,695.27,0.00
PED-2025-000131,952.02,952.02,0.00
PED-2025-000132,538.74,538.74,0.00
PED-2025-000133,421.75,421.75,0.00
PED-2025-000134,693.07,693.07,0.00
PED-2025-000135,1098.11,1098.11,0.00
PED-2025-000136,737.43,737.43,0.00
PED-2025-000137,418.17,418.17,0.00
PED-2025-000138,912.57,912.57,0.00
PED-2025-000139,1211.95,1211.95,0.00
PED-2025-000140,757.73,757.73,0.00
PED-2025-000141,542.52,542.52,0.00
PED-2025-000142,880.04,880.04,0.00
PED-2025-000143,1555.38,1555.38,0.00
PED-2025-000144,946.75,946.75,0.00
PED-2025-000145,620.99,620.99,0.00
PED-2025-000146,1121.77,1121.77,0.00
PED-2025-000147,1469.31,1469.31,0.00
PED-2025-000148,1197.20,1197.20,0.00
PED-2025-000149,646.79,646.79,0.00
PED-2025-000150,1289.99,1289.99,0.00
PED-2025-000151,2115.40,2115.40,0.00
PED-2025-000152,1415.89,1415.89,0.00
PED-2025-000153,869.82,869.82,0.00
PED-2025-000154,815.83,815.83,0.00
PED-2025-000155,1255.04,1255.04,0.00
PED-2025-000156,1410.41,1410.41,0.00
PED-2025-000157,491.70,491.70,0.00
PED-2025-000158,963.79,963.79,0.00
PED-2025-000159,1468.76,1468.76,0.00
PED-2025-000160,330.85,330.85,0.00
PED-2025-000161,267.02,267.02,0.00
PED-2025-000162,497.99,497.99,0.00
PED-2025-000163,761.84,761.84,0.00
PED-2025-000164,478.81,478.81,0.00
PED-2025-000165,349.22,349.22,0.00
PED-2025-000166,645.95,645.95,0.00
PED-2025-000167,975.56,975.56,0.00
PED-2025-000168,626.77,626.77,0.00
PED-2025-000169,431.42,431.42,0.00
PED-2025-000170,793.91,793.91,0.00
PED-2025-000171,1189.28,1189.28,0.00
PED-2025-000172,774.73,774.73,0.00
PED-2025-000173,513.62,513.62,0.00
PED-2025-000174,941.87,941.87,0.00
PED-2025-000175,1403.00,1403.00,0.00
PED-2025-000176,922.69,922.69,0.00
PED-2025-000177,595.82,595.82,0.00
PED-2025-000178,1089.83,1089.83,0.00
PED-2025-000179,1616.72,1616.72,0.00
PED-2025-000180,1070.65,1070.65,0.00
PED-2025-000181,613.97,613.97,0.00
PED-2025-000182,956.22,956.22,0.00
PED-2025-000183,1686.93,1686.93,0.00
PED-2025-000184,1030.08,1030.08,0.00
PED-2025-000185,668.69,668.69,0.00
PED-2025-000186,1207.76,1207.76,0.00
PED-2025-000187,1579.47,1579.47,0.00
PED-2025-000188,1290.34,1290.34,0.00
PED-2025-000189,691.74,691.74,0.00
PED-2025-000190,1332.87,1332.87,0.00
PED-2025-000191,1969.25,1969.25,0.00
PED-2025-000192,1089.77,1089.77,0.00
PED-2025-000193,436.02,436.02,0.00
PED-2025-000194,768.69,768.69,0.00
PED-2025-000195,1116.44,1116.44,0.00
PED-2025-000196,1356.91,1356.91,0.00
PED-2025-000197,186.10,186.10,0.00
PED-2025-000198,412.24,412.24,0.00
PED-2025-000199,567.03,567.03,0.00
PED-2025-000200,342.13,342.13,0.00
PED-2025-000201,321.82,321.82,0.00
PED-2025-000202,596.63,596.63,0.00
PED-2025-000203,904.32,904.32,0.00
PED-2025-000204,577.45,577.45,0.00
PED-2025-000205,404.02,404.02,0.00
PED-2025-000206,744.59,744.59,0.00
PED-2025-000207,1118.04,1118.04,0.00
PED-2025-000208,725.41,725.41,0.00
PED-2025-000209,486.22,486.22,0.00
PED-2025-000210,892.55,892.55,0.00
PED-2025-000211,1331.76,1331.76,0.00
PED-2025-000212,873.37,873.37,0.00
PED-2025-000213,568.42,568.42,0.00
PED-2025-000214,1040.51,1040.51,0.00
PED-2025-000215,1545.48,1545.48,0.00
PED-2025-000216,1021.33,1021.33,0.00
PED-2025-000217,650.62,650.62,0.00
PED-2025-000218,1188.47,1188.47,0.00
PED-2025-000219,1759.20,1759.20,0.00
PED-2025-000220,1169.29,1169.29,0.00
PED-2025-000221,732.82,732.82,0.00
PED-2025-000222,1336.43,1336.43,0.00
PED-2025-000223,1972.92,1972.92,0.00
PED-2025-000224,1317.25,1317.25,0.00
PED-2025-000225,815.02,815.02,0.00
PED-2025-000226,1484.39,1484.39,0.00
PED-2025-000227,2186.64,2186.64,0.00
PED-2025-000228,1465.21,1465.21,0.00
PED-2025-000229,436.90,436.90,0.00
PED-2025-000230,865.15,865.15,0.00
PED-2025-000231,1283.30,1283.30,0.00
PED-2025-000232,1168.15,1168.15,0.00
PED-2025-000233,486.45,486.45,0.00
PED-2025-000234,849.82,849.82,0.00
PED-2025-000235,548.15,548.15,0.00
PED-2025-000236,340.39,340.39,0.00
PED-2025-000237,228.30,228.30,0.00
PED-2025-000238,503.18,503.18,0.00
PED-2025-000239,684.28,684.28,0.00
PED-2025-000240,414.96,414.96,0.00
PED-2025-000241,327.98,327.98,0.00
PED-2025-000242,537.29,537.29,0.00
PED-2025-000243,963.62,963.62,0.00
PED-2025-000244,571.94,571.94,0.00
PED-2025-000245,406.46,406.46,0.00
PED-2025-000246,734.56,734.56,0.00
PED-2025-000247,973.68,973.68,0.00
PED-2025-000248,778.01,778.01,0.00
PED-2025-000249,444.60,444.60,0.00
PED-2025-000250,895.43,895.43,0.00
PED-2025-000251,1474.24,1474.24,0.00
PED-2025-000252,972.01,972.01,0.00
PED-2025-000253,623.22,623.22,0.00
PED-2025-000254,1139.15,1139.15,0.00
PED-2025-000255,1687.96,1687.96,0.00
PED-2025-000256,1119.97,1119.97,0.00
PED-2025-000257,705.42,705.42,0.00
PED-2025-000258,1287.11,1287.11,0.00
PED-2025-000259,1901.68,1901.68,0.00
PED-2025-000260,1267.93,1267.93,0.00
PED-2025-000261,787.62,787.62,0.00
PED-2025-000262,1435.07,1435.07,0.00
PED-2025-000263,2115.40,2115.40,0.00
PED-2025-000264,1415.89,1415.89,0.00
PED-2025-000265,869.82,869.82,0.00
PED-2025-000266,815.83,815.83,0.00
PED-2025-000267,1255.04,1255.04,0.00
PED-2025-000268,1410.41,1410.41,0.00
PED-2025-000269,491.70,491.70,0.00
PED-2025-000270,963.79,963.79,0.00
PED-2025-000271,1468.76,1468.76,0.00
PED-2025-000272,330.85,330.85,0.00
PED-2025-000273,267.02,267.02,0.00
PED-2025-000274,497.99,497.99,0.00
PED-2025-000275,761.84,761.84,0.00
PED-2025-000276,478.81,478.81,0.00
PED-2025-000277,349.22,349.22,0.00
PED-2025-000278,645.95,645.95,0.00
PED-2025-000279,975.56,975.56,0.00
PED-2025-000280,626.77,626.77,0.00
PED-2025-000281,389.57,389.57,0.00
PED-2025-000282,613.47,613.47,0.00
PED-2025-000283,1095.10,1095.10,0.00
PED-2025-000284,655.26,655.26,0.00
PED-2025-000285,454.13,454.13,0.00
PED-2025-000286,820.64,820.64,0.00
PED-2025-000287,1083.84,1083.84,0.00
PED-2025-000288,871.16,871.16,0.00
PED-2025-000289,489.50,489.50,0.00
PED-2025-000290,950.61,950.61,0.00
PED-2025-000291,1409.47,1409.47,0.00
PED-2025-000292,852.26,852.26,0.00
PED-2025-000293,623.43,623.43,0.00
PED-2025-000294,1017.46,1017.46,0.00
PED-2025-000295,1586.94,1586.94,0.00
PED-2025-000296,1090.37,1090.37,0.00
PED-2025-000297,586.97,586.97,0.00
PED-2025-000298,1276.43,1276.43,0.00
PED-2025-000299,1681.06,1681.06,0.00
PED-2025-000300,1070.97,1070.97,0.00
PED-2025-000301,842.42,842.42,0.00
PED-2025-000302,1533.71,1533.71,0.00
PED-2025-000303,2257.88,2257.88,0.00
PED-2025-000304,1361.09,1361.09,0.00
PED-2025-000305,464.30,464.30,0.00
PED-2025-000306,914.47,914.47,0.00
PED-2025-000307,1397.52,1397.52,0.00
PED-2025-000308,1509.05,1509.05,0.00
PED-2025-000309,239.62,239.62,0.00
PED-2025-000310,448.67,448.67,0.00
PED-2025-000311,690.60,690.60,0.00
PED-2025-000312,429.49,429.49,0.00
PED-2025-000313,321.82,321.82,0.00
PED-2025-000314,596.63,596.63,0.00
PED-2025-000315,904.32,904.32,0.00
PED-2025-000316,577.45,577.45,0.00
PED-2025-000317,404.02,404.02,0.00
PED-2025-000318,744.59,744.59,0.00
PED-2025-000319,1118.04,1118.04,0.00
PED-2025-000320,725.41,725.41,0.00
PED-2025-000321,486.22,486.22,0.00
PED-2025-000322,892.55,892.55,0.00
PED-2025-000323,1331.76,1331.76,0.00
PED-2025-000324,873.37,873.37,0.00
PED-2025-000325,568.42,568.42,0.00
PED-2025-000326,1040.51,1040.51,0.00
PED-2025-000327,1545.48,1545.48,0.00
PED-2025-000328,1021.33,1021.33,0.00
PED-2025-000329,650.62,650.62,0.00
PED-2025-000330,1188.47,1188.47,0.00
PED-2025-000331,1606.88,1606.88,0.00
PED-2025-000332,930.56,930.56,0.00
PED-2025-000333,673.83,673.83,0.00
PED-2025-000334,1098.59,1098.59,0.00
PED-2025-000335,1709.13,1709.13,0.00
PED-2025-000336,1178.57,1178.57,0.00
PED-2025-000337,629.15,629.15,0.00
PED-2025-000338,1367.41,1367.41,0.00
PED-2025-000339,1798.31,1798.31,0.00
PED-2025-000340,1138.59,1138.59,0.00
PED-2025-000341,389.61,389.61,0.00
PED-2025-000342,685.50,685.50,0.00
PED-2025-000343,1246.35,1246.35,0.00
PED-2025-000344,1240.48,1240.48,0.00
PED-2025-000345,422.09,422.09,0.00
PED-2025-000346,899.80,899.80,0.00
PED-2025-000347,477.99,477.99,0.00
PED-2025-000348,358.74,358.74,0.00
PED-2025-000349,242.38,242.38,0.00
PED-2025-000350,500.87,500.87,0.00
PED-2025-000351,833.08,833.08,0.00
PED-2025-000352,528.13,528.13,0.00
PED-2025-000353,376.62,376.62,0.00
PED-2025-000354,695.27,695.27,0.00
PED-2025-000355,1046.80,1046.80,0.00
PED-2025-000356,676.09,676.09,0.00
PED-2025-000357,458.82,458.82,0.00
PED-2025-000358,843.23,843.23,0.00
PED-2025-000359,1260.52,1260.52,0.00
PED-2025-000360,824.05,824.05,0.00
PED-2025-000361,541.02,541.02,0.00
PED-2025-000362,991.19,991.19,0.00
PED-2025-000363,1474.24,1474.24,0.00
PED-2025-000364,972.01,972.01,0.00
PED-2025-000365,623.22,623.22,0.00
PED-2025-000366,1139.15,1139.15,0.00
PED-2025-000367,1687.96,1687.96,0.00
PED-2025-000368,1119.97,1119.97,0.00
PED-2025-000369,705.42,705.42,0.00
PED-2025-000370,1287.11,1287.11,0.00
PED-2025-000371,1901.68,1901.68,0.00
PED-2025-000372,1267.93,1267.93,0.00
PED-2025-000373,787.62,787.62,0.00
PED-2025-000374,1435.07,1435.07,0.00
PED-2025-000375,2115.40,2115.40,0.00
PED-2025-000376,1415.89,1415.89,0.00
PED-2025-000377,869.82,869.82,0.00
PED-2025-000378,815.83,815.83,0.00
PED-2025-000379,1255.04,1255.04,0.00
PED-2025-000380,1410.41,1410.41,0.00
PED-2025-000381,472.05,472.05,0.00
PED-2025-000382,761.68,761.68,0.00
PED-2025-000383,1377.83,1377.83,0.00
PED-2025-000384,280.37,280.37,0.00
PED-2025-000385,239.60,239.60,0.00
PED-2025-000386,433.48,433.48,0.00
PED-2025-000387,588.15,588.15,0.00
PED-2025-000388,451.97,451.97,0.00
PED-2025-000389,287.31,287.31,0.00
PED-2025-000390,568.40,568.40,0.00
PED-2025-000391,849.62,849.62,0.00
PED-2025-000392,499.59,499.59,0.00
PED-2025-000393,396.56,396.56,0.00
PED-2025-000394,652.53,652.53,0.00
PED-2025-000395,1036.98,1036.98,0.00
PED-2025-000396,693.33,693.33,0.00
PED-2025-000397,397.08,397.08,0.00
PED-2025-000398,867.08,867.08,0.00
PED-2025-000399,1153.39,1153.39,0.00
PED-2025-000400,725.73,725.73,0.00
PED-2025-000401,595.82,595.82,0.00
PED-2025-000402,1089.83,1089.83,0.00
PED-2025-000403,1616.72,1616.72,0.00
PED-2025-000404,1070.65,1070.65,0.00
PED-2025-000405,678.02,678.02,0.00
PED-2025-000406,1237.79,1237.79,0.00
PED-2025-000407,1830.44,1830.44,0.00
PED-2025-000408,1218.61,1218.61,0.00
PED-2025-000409,760.22,760.22,0.00
PED-2025-000410,1385.75,1385.75,0.00
PED-2025-000411,2044.16,2044.16,0.00
PED-2025-000412,1366.57,1366.57,0.00
PED-2025-000413,842.42,842.42,0.00
PED-2025-000414,1533.71,1533.71,0.00
PED-2025-000415,2257.88,2257.88,0.00
PED-2025-000416,1361.09,1361.09,0.00
PED-2025-000417,464.30,464.30,0.00
PED-2025-000418,914.47,914.47,0.00
PED-2025-000419,1397.52,1397.52,0.00
PED-2025-000420,1509.05,1509.05,0.00
PED-2025-000421,239.62,239.62,0.00
PED-2025-000422,448.67,448.67,0.00
PED-2025-000423,690.60,690.60,0.00
PED-2025-000424,429.49,429.49,0.00
PED-2025-000425,321.82,321.82,0.00
PED-2025-000426,596.63,596.63,0.00
PED-2025-000427,904.32,904.32,0.00
PED-2025-000428,577.45,577.45,0.00
PED-2025-000429,404.02,404.02,0.00
PED-2025-000430,744.59,744.59,0.00
PED-2025-000431,1017.52,1017.52,0.00
PED-2025-000432,577.97,577.97,0.00
PED-2025-000433,446.99,446.99,0.00
PED-2025-000434,733.62,733.62,0.00
PED-2025-000435,1159.17,1159.17,0.00
PED-2025-000436,781.53,781.53,0.00
PED-2025-000437,439.28,439.28,0.00
PED-2025-000438,958.02,958.02,0.00
PED-2025-000439,1270.64,1270.64,0.00
PED-2025-000440,795.82,795.82,0.00
PED-2025-000441,566.36,566.36,0.00
PED-2025-000442,918.15,918.15,0.00
PED-2025-000443,1621.22,1621.22,0.00
PED-2025-000444,988.42,988.42,0.00
PED-2025-000445,644.84,644.84,0.00
PED-2025-000446,1164.74,1164.74,0.00
PED-2025-000447,1524.42,1524.42,0.00
PED-2025-000448,1243.81,1243.81,0.00
PED-2025-000449,669.28,669.28,0.00
PED-2025-000450,1333.83,1333.83,0.00
PED-2025-000451,2186.64,2186.64,0.00
PED-2025-000452,1465.21,1465.21,0.00
PED-2025-000453,436.90,436.90,0.00
PED-2025-000454,865.15,865.15,0.00
PED-2025-000455,1326.28,1326.28,0.00
PED-2025-000456,1459.73,1459.73,0.00
PED-2025-000457,519.10,519.10,0.00
PED-2025-000458,1013.11,1013.11,0.00
PED-2025-000459,619.36,619.36,0.00
PED-2025-000460,380.17,380.17,0.00
PED-2025-000461,294.42,294.42,0.00
PED-2025-000462,547.31,547.31,0.00
PED-2025-000463,833.08,833.08,0.00
PED-2025-000464,528.13,528.13,0.00
PED-2025-000465,376.62,376.62,0.00
PED-2025-000466,695.27,695.27,0.00
PED-2025-000467,1046.80,1046.80,0.00
PED-2025-000468,676.09,676.09,0.00
PED-2025-000469,458.82,458.82,0.00
PED-2025-000470,843.23,843.23,0.00
PED-2025-000471,1260.52,1260.52,0.00
PED-2025-000472,824.05,824.05,0.00
PED-2025-000473,541.02,541.02,0.00
PED-2025-000474,991.19,991.19,0.00
PED-2025-000475,1474.24,1474.24,0.00
PED-2025-000476,972.01,972.01,0.00
PED-2025-000477,623.22,623.22,0.00
PED-2025-000478,1139.15,1139.15,0.00
PED-2025-000479,1687.96,1687.96,0.00
PED-2025-000480,1119.97,1119.97,0.00
PED-2025-000481,638.91,638.91,0.00
PED-2025-000482,994.33,994.33,0.00
PED-2025-000483,1752.70,1752.70,0.00
PED-2025-000484,1071.74,1071.74,0.00
PED-2025-000485,692.51,692.51,0.00
PED-2025-000486,1250.82,1250.82,0.00
PED-2025-000487,1634.58,1634.58,0.00
PED-2025-000488,1336.96,1336.96,0.00
PED-2025-000489,714.18,714.18,0.00
PED-2025-000490,646.51,646.51,0.00
PED-2025-000491,1118.44,1118.44,0.00
PED-2025-000492,1129.00,1129.00,0.00
PED-2025-000493,461.21,461.21,0.00
PED-2025-000494,809.23,809.23,0.00
PED-2025-000495,1177.57,1177.57,0.00
PED-2025-000496,296.29,296.29,0.00
PED-2025-000497,207.19,207.19,0.00
PED-2025-000498,457.73,457.73,0.00
PED-2025-000499,625.59,625.59,0.00
PED-2025-000500,380.49,380.49,0.00
PED-2025-000501,349.22,349.22,0.00
PED-2025-000502,645.95,645.95,0.00
PED-2025-000503,975.56,975.56,0.00
PED-2025-000504,626.77,626.77,0.00
PED-2025-000505,431.42,431.42,0.00
PED-2025-000506,793.91,793.91,0.00
PED-2025-000507,1189.28,1189.28,0.00
PED-2025-000508,774.73,774.73,0.00
PED-2025-000509,513.62,513.62,0.00
PED-2025-000510,941.87,941.87,0.00
PED-2025-000511,1403.00,1403.00,0.00
PED-2025-000512,922.69,922.69,0.00
PED-2025-000513,595.82,595.82,0.00
PED-2025-000514,1089.83,1089.83,0.00
PED-2025-000515,1616.72,1616.72,0.00
PED-2025-000516,1070.65,1070.65,0.00
PED-2025-000517,678.02,678.02,0.00
PED-2025-000518,1237.79,1237.79,0.00
PED-2025-000519,1830.44,1830.44,0.00
PED-2025-000520,1218.61,1218.61,0.00
PED-2025-000521,760.22,760.22,0.00
PED-2025-000522,1385.75,1385.75,0.00
PED-2025-000523,2044.16,2044.16,0.00
PED-2025-000524,1366.57,1366.57,0.00
PED-2025-000525,842.42,842.42,0.00
PED-2025-000526,1533.71,1533.71,0.00
PED-2025-000527,2257.88,2257.88,0.00
PED-2025-000528,1361.09,1361.09,0.00
PED-2025-000529,464.30,464.30,0.00
PED-2025-000530,914.47,914.47,0.00
PED-2025-000531,1348.80,1348.80,0.00
PED-2025-000532,1207.30,1207.30,0.00
PED-2025-000533,220.12,220.12,0.00
PED-2025-000534,368.64,368.64,0.00
PED-2025-000535,609.28,609.28,0.00
PED-2025-000536,384.49,384.49,0.00
PED-2025-000537,249.39,249.39,0.00
PED-2025-000538,548.67,548.67,0.00
PED-2025-000539,742.90,742.90,0.00
PED-2025-000540,453.04,453.04,0.00
PED-2025-000541,351.79,351.79,0.00
PED-2025-000542,575.36,575.36,0.00
PED-2025-000543,1029.33,1029.33,0.00
PED-2025-000544,613.60,613.60,0.00
PED-2025-000545,430.31,430.31,0.00
PED-2025-000546,777.58,777.58,0.00
PED-2025-000547,1028.73,1028.73,0.00
PED-2025-000548,824.54,824.54,0.00
PED-2025-000549,467.06,467.06,0.00
PED-2025-000550,939.27,939.27,0.00
PED-2025-000551,1545.48,1545.48,0.00
PED-2025-000552,1021.33,1021.33,0.00
PED-2025-000553,650.62,650.62,0.00
PED-2025-000554,1188.47,1188.47,0.00
PED-2025-000555,1759.20,1759.20,0.00
PED-2025-000556,1169.29,1169.29,0.00
PED-2025-000557,732.82,732.82,0.00
PED-2025-000558,1336.43,1336.43,0.00
PED-2025-000559,1972.92,1972.92,0.00
PED-2025-000560,1317.25,1317.25,0.00
PED-2025-000561,815.02,815.02,0.00
PED-2025-000562,1484.39,1484.39,0.00
PED-2025-000563,2186.64,2186.64,0.00
PED-2025-000564,1465.21,1465.21,0.00
PED-2025-000565,436.90,436.90,0.00
PED-2025-000566,865.15,865.15,0.00
PED-2025-000567,1326.28,1326.28,0.00
PED-2025-000568,1459.73,1459.73,0.00
PED-2025-000569,519.10,519.10,0.00
PED-2025-000570,1013.11,1013.11,0.00
PED-2025-000571,619.36,619.36,0.00
PED-2025-000572,380.17,380.17,0.00
PED-2025-000573,294.42,294.42,0.00
PED-2025-000574,547.31,547.31,0.00
PED-2025-000575,833.08,833.08,0.00
PED-2025-000576,528.13,528.13,0.00
PED-2025-000577,376.62,376.62,0.00
PED-2025-000578,695.27,695.27,0.00
PED-2025-000579,1046.80,1046.80,0.00
PED-2025-000580,676.09,676.09,0.00
PED-2025-000581,414.51,414.51,0.00
PED-2025-000582,651.54,651.54,0.00
PED-2025-000583,1160.81,1160.81,0.00
PED-2025-000584,696.85,696.85,0.00
PED-2025-000585,477.98,477.98,0.00
PED-2025-000586,863.66,863.66,0.00
PED-2025-000587,1138.89,1138.89,0.00
PED-2025-000588,917.77,917.77,0.00
PED-2025-000589,511.99,511.99,0.00
PED-2025-000590,993.10,993.10,0.00
PED-2025-000591,1471.60,1471.60,0.00
PED-2025-000592,891.41,891.41,0.00
PED-2025-000593,648.64,648.64,0.00
PED-2025-000594,1058.05,1058.05,0.00
PED-2025-000595,1648.00,1648.00,0.00
PED-2025-000596,1134.47,1134.47,0.00
PED-2025-000597,608.06,608.06,0.00
PED-2025-000598,1321.92,1321.92,0.00
PED-2025-000599,1739.75,1739.75,0.00
PED-2025-000600,1109.33,1109.33,0.00
PED-2025-000601,869.82,869.82,0.00
PED-2025-000602,815.83,815.83,0.00
PED-2025-000603,1255.04,1255.04,0.00
PED-2025-000604,1410.41,1410.41,0.00
PED-2025-000605,491.70,491.70,0.00
PED-2025-000606,963.79,963.79,0.00
PED-2025-000607,1468.76,1468.76,0.00
PED-2025-000608,330.85,330.85,0.00
PED-2025-000609,267.02,267.02,0.00
PED-2025-000610,497.99,497.99,0.00
PED-2025-000611,761.84,761.84,0.00
PED-2025-000612,478.81,478.81,0.00
PED-2025-000613,349.22,349.22,0.00
PED-2025-000614,645.95,645.95,0.00
PED-2025-000615,975.56,975.56,0.00
PED-2025-000616,626.77,626.77,0.00
PED-2025-000617,431.42,431.42,0.00
PED-2025-000618,793.91,793.91,0.00
PED-2025-000619,1189.28,1189.28,0.00
PED-2025-000620,774.73,774.73,0.00
PED-2025-000621,513.62,513.62,0.00
PED-2025-000622,941.87,941.87,0.00
PED-2025-000623,1403.00,1403.00,0.00
PED-2025-000624,922.69,922.69,0.00
PED-2025-000625,595.82,595.82,0.00
PED-2025-000626,1089.83,1089.83,0.00
PED-2025-000627,1616.72,1616.72,0.00
PED-2025-000628,1070.65,1070.65,0.00
PED-2025-000629,678.02,678.02,0.00
PED-2025-000630,1237.79,1237.79,0.00
PED-2025-000631,1672.38,1672.38,0.00
PED-2025-000632,969.79,969.79,0.00
PED-2025-000633,699.07,699.07,0.00
PED-2025-000634,1139.14,1139.14,0.00
PED-2025-000635,1770.19,1770.19,0.00
PED-2025-000636,1222.67,1222.67,0.00
PED-2025-000637,650.26,650.26,0.00
PED-2025-000638,1412.86,1412.86,0.00
PED-2025-000639,1857.00,1857.00,0.00
PED-2025-000640,1030.91,1030.91,0.00
PED-2025-000641,413.45,413.45,0.00
PED-2025-000642,723.61,723.61,0.00
PED-2025-000643,1312.12,1312.12,0.00
PED-2025-000644,1282.14,1282.14,0.00
PED-2025-000645,215.75,215.75,0.00
PED-2025-000646,390.46,390.46,0.00
PED-2025-000647,533.10,533.10,0.00
PED-2025-000648,405.36,405.36,0.00
PED-2025-000649,264.82,264.82,0.00
PED-2025-000650,544.71,544.71,0.00
PED-2025-000651,904.32,904.32,0.00
PED-2025-000652,577.45,577.45,0.00
PED-2025-000653,404.02,404.02,0.00
PED-2025-000654,744.59,744.59,0.00
PED-2025-000655,1118.04,1118.04,0.00
PED-2025-000656,725.41,725.41,0.00
PED-2025-000657,486.22,486.22,0.00
PED-2025-000658,892.55,892.55,0.00
PED-2025-000659,1331.76,1331.76,0.00
PED-2025-000660,873.37,873.37,0.00
PED-2025-000661,568.42,568.42,0.00
PED-2025-000662,1040.51,1040.51,0.00
PED-2025-000663,1545.48,1545.48,0.00
PED-2025-000664,1021.33,1021.33,0.00
PED-2025-000665,650.62,650.62,0.00
PED-2025-000666,1188.47,1188.47,0.00
PED-2025-000667,1759.20,1759.20,0.00
PED-2025-000668,1169.29,1169.29,0.00
PED-2025-000669,732.82,732.82,0.00
PED-2025-000670,1336.43,1336.43,0.00
PED-2025-000671,1972.92,1972.92,0.00
PED-2025-000672,1317.25,1317.25,0.00
PED-2025-000673,815.02,815.02,0.00
PED-2025-000674,1484.39,1484.39,0.00
PED-2025-000675,2186.64,2186.64,0.00
PED-2025-000676,1465.21,1465.21,0.00
PED-2025-000677,436.90,436.90,0.00
PED-2025-000678,865.15,865.15,0.00
PED-2025-000679,1326.28,1326.28,0.00
PED-2025-000680,1459.73,1459.73,0.00
PED-2025-000681,496.99,496.99,0.00
PED-2025-000682,799.79,799.79,0.00
PED-2025-000683,568.98,568.98,0.00
PED-2025-000684,322.03,322.03,0.00
PED-2025-000685,263.42,263.42,0.00
PED-2025-000686,476.50,476.50,0.00
PED-2025-000687,643.20,643.20,0.00
PED-2025-000688,498.50,498.50,0.00
PED-2025-000689,309.77,309.77,0.00
PED-2025-000690,610.89,610.89,0.00
PED-2025-000691,911.88,911.88,0.00
PED-2025-000692,538.74,538.74,0.00
PED-2025-000693,421.75,421.75,0.00
PED-2025-000694,693.07,693.07,0.00
PED-2025-000695,1098.11,1098.11,0.00
PED-2025-000696,737.43,737.43,0.00
PED-2025-000697,418.17,418.17,0.00
PED-2025-000698,912.57,912.57,0.00
PED-2025-000699,1211.95,1211.95,0.00
PED-2025-000700,764.09,764.09,0.00
PED-2025-000701,623.22,623.22,0.00
PED-2025-000702,1139.15,1139.15,0.00
PED-2025-000703,1687.96,1687.96,0.00
PED-2025-000704,1119.97,1119.97,0.00
PED-2025-000705,705.42,705.42,0.00
PED-2025-000706,1287.11,1287.11,0.00
PED-2025-000707,1901.68,1901.68,0.00
PED-2025-000708,1267.93,1267.93,0.00
PED-2025-000709,787.62,787.62,0.00
PED-2025-000710,1435.07,1435.07,0.00
PED-2025-000711,2115.40,2115.40,0.00
PED-2025-000712,1415.89,1415.89,0.00
PED-2025-000713,869.82,869.82,0.00
PED-2025-000714,815.83,815.83,0.00
PED-2025-000715,1255.04,1255.04,0.00
PED-2025-000716,1410.41,1410.41,0.00
PED-2025-000717,491.70,491.70,0.00
PED-2025-000718,963.79,963.79,0.00
PED-2025-000719,1468.76,1468.76,0.00
PED-2025-000720,330.85,330.85,0.00
PED-2025-000721,267.02,267.02,0.00
PED-2025-000722,497.99,497.99,0.00
PED-2025-000723,761.84,761.84,0.00
PED-2025-000724,478.81,478.81,0.00
PED-2025-000725,349.22,349.22,0.00
PED-2025-000726,645.95,645.95,0.00
PED-2025-000727,975.56,975.56,0.00
PED-2025-000728,626.77,626.77,0.00
PED-2025-000729,431.42,431.42,0.00
PED-2025-000730,793.91,793.91,0.00
PED-2025-000731,1083.02,1083.02,0.00
PED-2025-000732,617.12,617.12,0.00
PED-2025-000733,472.20,472.20,0.00
PED-2025-000734,774.16,774.16,0.00
PED-2025-000735,1220.30,1220.30,0.00
PED-2025-000736,825.63,825.63,0.00
PED-2025-000737,460.37,460.37,0.00
PED-2025-000738,1003.51,1003.51,0.00
PED-2025-000739,1329.26,1329.26,0.00
PED-2025-000740,833.90,833.90,0.00
PED-2025-000741,590.17,590.17,0.00
PED-2025-000742,956.22,956.22,0.00
PED-2025-000743,1686.93,1686.93,0.00
PED-2025-000744,1030.08,1030.08,0.00
PED-2025-000745,668.69,668.69,0.00
PED-2025-000746,1207.76,1207.76,0.00
PED-2025-000747,1579.47,1579.47,0.00
PED-2025-000748,1290.34,1290.34,0.00
PED-2025-000749,691.74,691.74,0.00
PED-2025-000750,1377.67,1377.67,0.00
PED-2025-000751,2257.88,2257.88,0.00
PED-2025-000752,1361.09,1361.09,0.00
PED-2025-000753,464.30,464.30,0.00
PED-2025-000754,914.47,914.47,0.00
PED-2025-000755,1397.52,1397.52,0.00
PED-2025-000756,1509.05,1509.05,0.00
PED-2025-000757,239.62,239.62,0.00
PED-2025-000758,448.67,448.67,0.00
PED-2025-000759,690.60,690.60,0.00
PED-2025-000760,429.49,429.49,0.00
PED-2025-000761,321.82,321.82,0.00
PED-2025-000762,596.63,596.63,0.00
PED-2025-000763,904.32,904.32,0.00
PED-2025-000764,577.45,577.45,0.00
PED-2025-000765,404.02,404.02,0.00
PED-2025-000766,744.59,744.59,0.00
PED-2025-000767,1118.04,1118.04,0.00
PED-2025-000768,725.41,725.41,0.00
PED-2025-000769,486.22,486.22,0.00
PED-2025-000770,892.55,892.55,0.00
PED-2025-000771,1331.76,1331.76,0.00
PED-2025-000772,873.37,873.37,0.00
PED-2025-000773,568.42,568.42,0.00
PED-2025-000774,1040.51,1040.51,0.00
PED-2025-000775,1545.48,1545.48,0.00
PED-2025-000776,1021.33,1021.33,0.00
PED-2025-000777,650.62,650.62,0.00
PED-2025-000778,1188.47,1188.47,0.00
PED-2025-000779,1759.20,1759.20,0.00
PED-2025-000780,1169.29,1169.29,0.00
PED-2025-000781,663.85,663.85,0.00
PED-2025-000782,1032.40,1032.40,0.00
PED-2025-000783,1818.41,1818.41,0.00
PED-2025-000784,1113.33,1113.33,0.00
PED-2025-000785,716.36,716.36,0.00
PED-2025-000786,1293.84,1293.84,0.00
PED-2025-000787,1689.63,1689.63,0.00
PED-2025-000788,1383.57,1383.57,0.00
PED-2025-000789,368.42,368.42,0.00
PED-2025-000790,688.95,688.95,0.00
PED-2025-000791,1180.64,1180.64,0.00
PED-2025-000792,1168.15,1168.15,0.00
PED-2025-000793,486.45,486.45,0.00
PED-2025-000794,849.82,849.82,0.00
PED-2025-000795,548.15,548.15,0.00
PED-2025-000796,340.39,340.39,0.00
PED-2025-000797,228.30,228.30,0.00
PED-2025-000798,503.18,503.18,0.00
PED-2025-000799,684.28,684.28,0.00
PED-2025-000800,418.85,418.85,0.00
PED-2025-000801,376.62,376.62,0.00
PED-2025-000802,695.27,695.27,0.00
PED-2025-000803,1046.80,1046.80,0.00
PED-2025-000804,676.09,676.09,0.00
PED-2025-000805,458.82,458.82,0.00
PED-2025-000806,843.23,843.23,0.00
PED-2025-000807,1260.52,1260.52,0.00
PED-2025-000808,824.05,824.05,0.00
PED-2025-000809,541.02,541.02,0.00
PED-2025-000810,991.19,991.19,0.00
PED-2025-000811,1474.24,1474.24,0.00
PED-2025-000812,972.01,972.01,0.00
PED-2025-000813,623.22,623.22,0.00
PED-2025-000814,1139.15,1139.15,0.00
PED-2025-000815,1687.96,1687.96,0.00
PED-2025-000816,1119.97,1119.97,0.00
PED-2025-000817,705.42,705.42,0.00
PED-2025-000818,1287.11,1287.11,0.00
PED-2025-000819,1901.68,1901.68,0.00
PED-2025-000820,1267.93,1267.93,0.00
PED-2025-000821,787.62,787.62,0.00
PED-2025-000822,1435.07,1435.07,0.00
PED-2025-000823,2115.40,2115.40,0.00
PED-2025-000824,1415.89,1415.89,0.00
PED-2025-000825,869.82,869.82,0.00
PED-2025-000826,815.83,815.83,0.00
PED-2025-000827,1255.04,1255.04,0.00
PED-2025-000828,1410.41,1410.41,0.00
PED-2025-000829,491.70,491.70,0.00
PED-2025-000830,963.79,963.79,0.00
PED-2025-000831,1414.30,1414.30,0.00
PED-2025-000832,264.53,264.53,0.00
PED-2025-000833,245.31,245.31,0.00
PED-2025-000834,409.18,409.18,0.00
PED-2025-000835,670.41,670.41,0.00
PED-2025-000836,428.66,428.66,0.00
PED-2025-000837,270.50,270.50,0.00
PED-2025-000838,594.17,594.17,0.00
PED-2025-000839,801.52,801.52,0.00
PED-2025-000840,491.13,491.13,0.00
PED-2025-000841,375.63,375.63,0.00
PED-2025-000842,613.47,613.47,0.00
PED-2025-000843,1095.10,1095.10,0.00
PED-2025-000844,655.26,655.26,0.00
PED-2025-000845,454.13,454.13,0.00
PED-2025-000846,820.64,820.64,0.00
PED-2025-000847,1083.84,1083.84,0.00
PED-2025-000848,871.16,871.16,0.00
PED-2025-000849,489.50,489.50,0.00
PED-2025-000850,983.11,983.11,0.00
PED-2025-000851,1616.72,1616.72,0.00
PED-2025-000852,1070.65,1070.65,0.00
PED-2025-000853,678.02,678.02,0.00
PED-2025-000854,1237.79,1237.79,0.00
PED-2025-000855,1830.44,1830.44,0.00
PED-2025-000856,1218.61,1218.61,0.00
PED-2025-000857,760.22,760.22,0.00
PED-2025-000858,1385.75,1385.75,0.00
PED-2025-000859,2044.16,2044.16,0.00
PED-2025-000860,1366.57,1366.57,0.00
PED-2025-000861,842.42,842.42,0.00
PED-2025-000862,1533.71,1533.71,0.00
PED-2025-000863,2257.88,2257.88,0.00
PED-2025-000864,1361.09,1361.09,0.00
PED-2025-000865,464.30,464.30,0.00
PED-2025-000866,914.47,914.47,0.00
PED-2025-000867,1397.52,1397.52,0.00
PED-2025-000868,1509.05,1509.05,0.00
PED-2025-000869,239.62,239.62,0.00
PED-2025-000870,448.67,448.67,0.00
PED-2025-000871,690.60,690.60,0.00
PED-2025-000872,429.49,429.49,0.00
PED-2025-000873,321.82,321.82,0.00
PED-2025-000874,596.63,596.63,0.00
PED-2025-000875,904.32,904.32,0.00
PED-2025-000876,577.45,577.45,0.00
PED-2025-000877,404.02,404.02,0.00
PED-2025-000878,744.59,744.59,0.00
PED-2025-000879,1118.04,1118.04,0.00
PED-2025-000880,725.41,725.41,0.00
PED-2025-000881,439.45,439.45,0.00
PED-2025-000882,689.61,689.61,0.00
PED-2025-000883,1226.58,1226.58,0.00
PED-2025-000884,738.51,738.51,0.00
PED-2025-000885,501.80,501.80,0.00
PED-2025-000886,906.68,906.68,0.00
PED-2025-000887,1193.94,1193.94,0.00
PED-2025-000888,964.30,964.30,0.00
PED-2025-000889,534.45,534.45,0.00
PED-2025-000890,1035.59,1035.59,0.00
PED-2025-000891,1533.86,1533.86,0.00
PED-2025-000892,930.56,930.56,0.00
PED-2025-000893,673.83,673.83,0.00
PED-2025-000894,1098.59,1098.59,0.00
PED-2025-000895,1709.13,1709.13,0.00
PED-2025-000896,1178.57,1178.57,0.00
PED-2025-000897,629.15,629.15,0.00
PED-2025-000898,1367.41,1367.41,0.00
PED-2025-000899,1798.31,1798.31,0.00
PED-2025-000900,1147.69,1147.69,0.00
PED-2025-000901,436.90,436.90,0.00
PED-2025-000902,865.15,865.15,0.00
PED-2025-000903,1326.28,1326.28,0.00
PED-2025-000904,1459.73,1459.73,0.00
PED-2025-000905,519.10,519.10,0.00
PED-2025-000906,1013.11,1013.11,0.00
PED-2025-000907,619.36,619.36,0.00
PED-2025-000908,380.17,380.17,0.00
PED-2025-000909,294.42,294.42,0.00
PED-2025-000910,547.31,547.31,0.00
PED-2025-000911,833.08,833.08,0.00
PED-2025-000912,528.13,528.13,0.00
PED-2025-000913,376.62,376.62,0.00
PED-2025-000914,695.27,695.27,0.00
PED-2025-000915,1046.80,1046.80,0.00
PED-2025-000916,676.09,676.09,0.00
PED-2025-000917,458.82,458.82,0.00
PED-2025-000918,843.23,843.23,0.00
PED-2025-000919,1260.52,1260.52,0.00
PED-2025-000920,824.05,824.05,0.00
PED-2025-000921,541.02,541.02,0.00
PED-2025-000922,991.19,991.19,0.00
PED-2025-000923,1474.24,1474.24,0.00
PED-2025-000924,972.01,972.01,0.00
PED-2025-000925,623.22,623.22,0.00
PED-2025-000926,1139.15,1139.15,0.00
PED-2025-000927,1687.96,1687.96,0.00
PED-2025-000928,1119.97,1119.97,0.00
PED-2025-000929,705.42,705.42,0.00
PED-2025-000930,1287.11,1287.11,0.00
PED-2025-000931,1737.88,1737.88,0.00
PED-2025-000932,1008.94,1008.94,0.00
PED-2025-000933,724.28,724.28,0.00
PED-2025-000934,1179.68,1179.68,0.00
PED-2025-000935,1831.32,1831.32,0.00
PED-2025-000936,1266.77,1266.77,0.00
PED-2025-000937,671.35,671.35,0.00
PED-2025-000938,767.90,767.90,0.00
PED-2025-000939,1056.37,1056.37,0.00
PED-2025-000940,1069.00,1069.00,0.00
PED-2025-000941,437.29,437.29,0.00
PED-2025-000942,761.68,761.68,0.00
PED-2025-000943,1377.83,1377.83,0.00
PED-2025-000944,280.37,280.37,0.00
PED-2025-000945,239.60,239.60,0.00
PED-2025-000946,433.48,433.48,0.00
PED-2025-000947,588.15,588.15,0.00
PED-2025-000948,451.97,451.97,0.00
PED-2025-000949,287.31,287.31,0.00
PED-2025-000950,588.55,588.55,0.00
PED-2025-000951,975.56,975.56,0.00
PED-2025-000952,626.77,626.77,0.00
PED-2025-000953,431.42,431.42,0.00
PED-2025-000954,793.91,793.91,0.00
PED-2025-000955,1189.28,1189.28,0.00
PED-2025-000956,774.73,774.73,0.00
PED-2025-000957,513.62,513.62,0.00
PED-2025-000958,941.87,941.87,0.00
PED-2025-000959,1403.00,1403.00,0.00
PED-2025-000960,922.69,922.69,0.00
PED-2025-000961,595.82,595.82,0.00
PED-2025-000962,1089.83,1089.83,0.00
PED-2025-000963,1616.72,1616.72,0.00
PED-2025-000964,1070.65,1070.65,0.00
PED-2025-000965,678.02,678.02,0.00
PED-2025-000966,1237.79,1237.79,0.00
PED-2025-000967,1830.44,1830.44,0.00
PED-2025-000968,1218.61,1218.61,0.00
PED-2025-000969,760.22,760.22,0.00
PED-2025-000970,1385.75,1385.75,0.00
PED-2025-000971,2044.16,2044.16,0.00
PED-2025-000972,1366.57,1366.57,0.00
PED-2025-000973,842.42,842.42,0.00
PED-2025-000974,1533.71,1533.71,0.00
PED-2025-000975,2257.88,2257.88,0.00
PED-2025-000976,1361.09,1361.09,0.00
PED-2025-000977,464.30,464.30,0.00
PED-2025-000978,914.47,914.47,0.00
PED-2025-000979,1397.52,1397.52,0.00
PED-2025-000980,1509.05,1509.05,0.00
PED-2025-000981,215.05,215.05,0.00
PED-2025-000982,346.86,346.86,0.00
PED-2025-000983,634.82,634.82,0.00
PED-2025-000984,363.70,363.70,0.00
PED-2025-000985,287.27,287.27,0.00
PED-2025-000986,519.47,519.47,0.00
PED-2025-000987,698.31,698.31,0.00
PED-2025-000988,545.11,545.11,0.00
PED-2025-000989,332.26,332.26,0.00
PED-2025-000990,653.33,653.33,0.00
PED-2025-000991,974.08,974.08,0.00
PED-2025-000992,577.97,577.97,0.00
PED-2025-000993,446.99,446.99,0.00
PED-2025-000994,733.62,733.62,0.00
PED-2025-000995,1159.17,1159.17,0.00
PED-2025-000996,781.53,781.53,0.00
PED-2025-000997,439.28,439.28,0.00
PED-2025-000998,958.02,958.02,0.00
PED-2025-000999,1270.64,1270.64,0.00
PED-2025-001000,802.45,802.45,0.00
PED-2025-001001,650.62,650.62,0.00
PED-2025-001002,1188.47,1188.47,0.00
PED-2025-001003,1759.20,1759.20,0.00
PED-2025-001004,1169.29,1169.29,0.00
PED-2025-001005,732.82,732.82,0.00
PED-2025-001006,1336.43,1336.43,0.00
PED-2025-001007,1972.92,1972.92,0.00
PED-2025-001008,1317.25,1317.25,0.00
PED-2025-001009,815.02,815.02,0.00
PED-2025-001010,1484.39,1484.39,0.00
PED-2025-001011,2186.64,2186.64,0.00
PED-2025-001012,1465.21,1465.21,0.00
PED-2025-001013,436.90,436.90,0.00
PED-2025-001014,865.15,865.15,0.00
PED-2025-001015,1326.28,1326.28,0.00
PED-2025-001016,1459.73,1459.73,0.00
PED-2025-001017,519.10,519.10,0.00
PED-2025-001018,1013.11,1013.11,0.00
PED-2025-001019,619.36,619.36,0.00
PED-2025-001020,380.17,380.17,0.00
PED-2025-001021,294.42,294.42,0.00
PED-2025-001022,547.31,547.31,0.00
PED-2025-001023,833.08,833.08,0.00
PED-2025-001024,528.13,528.13,0.00
PED-2025-001025,376.62,376.62,0.00
PED-2025-001026,695.27,695.27,0.00
PED-2025-001027,1046.80,1046.80,0.00
PED-2025-001028,676.09,676.09,0.00
PED-2025-001029,458.82,458.82,0.00
PED-2025-001030,843.23,843.23,0.00
PED-2025-001031,1148.52,1148.52,0.00
PED-2025-001032,656.35,656.35,0.00
PED-2025-001033,497.39,497.39,0.00
PED-2025-001034,814.70,814.70,0.00
PED-2025-001035,1281.43,1281.43,0.00
PED-2025-001036,869.80,869.80,0.00
PED-2025-001037,481.48,481.48,0.00
PED-2025-001038,1049.01,1049.01,0.00
PED-2025-001039,1387.88,1387.88,0.00
PED-2025-001040,871.99,871.99,0.00
PED-2025-001041,614.01,614.01,0.00
PED-2025-001042,994.33,994.33,0.00
PED-2025-001043,1752.70,1752.70,0.00
PED-2025-001044,1071.74,1071.74,0.00
PED-2025-001045,692.51,692.51,0.00
PED-2025-001046,1250.82,1250.82,0.00
PED-2025-001047,1634.58,1634.58,0.00
PED-2025-001048,1336.96,1336.96,0.00
PED-2025-001049,714.18,714.18,0.00
PED-2025-001050,654.31,654.31,0.00
PED-2025-001051,1255.04,1255.04,0.00
PED-2025-001052,1410.41,1410.41,0.00
PED-2025-001053,491.70,491.70,0.00
PED-2025-001054,963.79,963.79,0.00
PED-2025-001055,1468.76,1468.76,0.00
PED-2025-001056,330.85,330.85,0.00
PED-2025-001057,267.02,267.02,0.00
PED-2025-001058,497.99,497.99,0.00
PED-2025-001059,761.84,761.84,0.00
PED-2025-001060,478.81,478.81,0.00
PED-2025-001061,349.22,349.22,0.00
PED-2025-001062,645.95,645.95,0.00
PED-2025-001063,975.56,975.56,0.00
PED-2025-001064,626.77,626.77,0.00
PED-2025-001065,431.42,431.42,0.00
PED-2025-001066,793.91,793.91,0.00
PED-2025-001067,1189.28,1189.28,0.00
PED-2025-001068,774.73,774.73,0.00
PED-2025-001069,513.62,513.62,0.00
PED-2025-001070,941.87,941.87,0.00
PED-2025-001071,1403.00,1403.00,0.00
PED-2025-001072,922.69,922.69,0.00
PED-2025-001073,595.82,595.82,0.00
PED-2025-001074,1089.83,1089.83,0.00
PED-2025-001075,1616.72,1616.72,0.00
PED-2025-001076,1070.65,1070.65,0.00
PED-2025-001077,678.02,678.02,0.00
PED-2025-001078,1237.79,1237.79,0.00
PED-2025-001079,1830.44,1830.44,0.00
PED-2025-001080,1218.61,1218.61,0.00
PED-2025-001081,688.79,688.79,0.00
PED-2025-001082,1070.47,1070.47,0.00
PED-2025-001083,1884.18,1884.18,0.00
PED-2025-001084,1154.99,1154.99,0.00
PED-2025-001085,740.18,740.18,0.00
PED-2025-001086,1336.86,1336.86,0.00
PED-2025-001087,1744.68,1744.68,0.00
PED-2025-001088,1292.00,1292.00,0.00
PED-2025-001089,390.88,390.88,0.00
PED-2025-001090,731.44,731.44,0.00
PED-2025-001091,1242.90,1242.90,0.00
PED-2025-001092,1207.30,1207.30,0.00
PED-2025-001093,220.12,220.12,0.00
PED-2025-001094,368.64,368.64,0.00
PED-2025-001095,609.28,609.28,0.00
PED-2025-001096,384.49,384.49,0.00
PED-2025-001097,249.39,249.39,0.00
PED-2025-001098,548.67,548.67,0.00
PED-2025-001099,742.90,742.90,0.00
PED-2025-001100,457.21,457.21,0.00
PED-2025-001101,404.02,404.02,0.00
PED-2025-001102,744.59,744.59,0.00
PED-2025-001103,1118.04,1118.04,0.00
PED-2025-001104,725.41,725.41,0.00
PED-2025-001105,486.22,486.22,0.00
PED-2025-001106,892.55,892.55,0.00
PED-2025-001107,1331.76,1331.76,0.00
PED-2025-001108,873.37,873.37,0.00
PED-2025-001109,568.42,568.42,0.00
PED-2025-001110,1040.51,1040.51,0.00
PED-2025-001111,1545.48,1545.48,0.00
PED-2025-001112,1021.33,1021.33,0.00
PED-2025-001113,650.62,650.62,0.00
PED-2025-001114,1188.47,1188.47,0.00
PED-2025-001115,1759.20,1759.20,0.00
PED-2025-001116,1169.29,1169.29,0.00
PED-2025-001117,732.82,732.82,0.00
PED-2025-001118,1336.43,1336.43,0.00
PED-2025-001119,1972.92,1972.92,0.00
PED-2025-001120,1317.25,1317.25,0.00
PED-2025-001121,815.02,815.02,0.00
PED-2025-001122,1484.39,1484.39,0.00
PED-2025-001123,2186.64,2186.64,0.00
PED-2025-001124,1465.21,1465.21,0.00
PED-2025-001125,436.90,436.90,0.00
PED-2025-001126,865.15,865.15,0.00
PED-2025-001127,1326.28,1326.28,0.00
PED-2025-001128,1459.73,1459.73,0.00
PED-2025-001129,519.10,519.10,0.00
PED-2025-001130,1013.11,1013.11,0.00
PED-2025-001131,559.09,559.09,0.00
PED-2025-001132,303.68,303.68,0.00
PED-2025-001133,270.52,270.52,0.00
PED-2025-001134,449.77,449.77,0.00
PED-2025-001135,731.47,731.47,0.00
PED-2025-001136,472.76,472.76,0.00
PED-2025-001137,291.59,291.59,0.00
PED-2025-001138,639.66,639.66,0.00
PED-2025-001139,860.21,860.21,0.00
PED-2025-001140,529.22,529.22,0.00
PED-2025-001141,399.47,399.47,0.00
PED-2025-001142,651.54,651.54,0.00
PED-2025-001143,1160.81,1160.81,0.00
PED-2025-001144,696.85,696.85,0.00
PED-2025-001145,477.98,477.98,0.00
PED-2025-001146,863.66,863.66,0.00
PED-2025-001147,1138.89,1138.89,0.00
PED-2025-001148,917.77,917.77,0.00
PED-2025-001149,511.99,511.99,0.00
PED-2025-001150,1026.95,1026.95,0.00
PED-2025-001151,1687.96,1687.96,0.00
PED-2025-001152,1119.97,1119.97,0.00
PED-2025-001153,705.42,705.42,0.00
PED-2025-001154,1287.11,1287.11,0.00
PED-2025-001155,1901.68,1901.68,0.00
PED-2025-001156,1267.93,1267.93,0.00
PED-2025-001157,787.62,787.62,0.00
PED-2025-001158,1435.07,1435.07,0.00
PED-2025-001159,2115.40,2115.40,0.00
PED-2025-001160,1415.89,1415.89,0.00
PED-2025-001161,869.82,869.82,0.00
PED-2025-001162,815.83,815.83,0.00
PED-2025-001163,1255.04,1255.04,0.00
PED-2025-001164,1410.41,1410.41,0.00
PED-2025-001165,491.70,491.70,0.00
PED-2025-001166,963.79,963.79,0.00
PED-2025-001167,1468.76,1468.76,0.00
PED-2025-001168,330.85,330.85,0.00
PED-2025-001169,267.02,267.02,0.00
PED-2025-001170,497.99,497.99,0.00
PED-2025-001171,761.84,761.84,0.00
PED-2025-001172,478.81,478.81,0.00
PED-2025-001173,349.22,349.22,0.00
PED-2025-001174,645.95,645.95,0.00
PED-2025-001175,975.56,975.56,0.00
PED-2025-001176,626.77,626.77,0.00
PED-2025-001177,431.42,431.42,0.00
PED-2025-001178,793.91,793.91,0.00
PED-2025-001179,1189.28,1189.28,0.00
PED-2025-001180,774.73,774.73,0.00
PED-2025-001181,464.39,464.39,0.00
PED-2025-001182,727.72,727.72,0.00
PED-2025-001183,1292.42,1292.42,0.00
PED-2025-001184,780.18,780.18,0.00
PED-2025-001185,525.65,525.65,0.00
PED-2025-001186,949.65,949.65,0.00
PED-2025-001187,1249.05,1249.05,0.00
PED-2025-001188,1010.91,1010.91,0.00
PED-2025-001189,556.94,556.94,0.00
PED-2025-001190,1078.03,1078.03,0.00
PED-2025-001191,1596.06,1596.06,0.00
PED-2025-001192,969.79,969.79,0.00
PED-2025-001193,699.07,699.07,0.00
PED-2025-001194,1139.14,1139.14,0.00
PED-2025-001195,1770.19,1770.19,0.00
PED-2025-001196,1222.67,1222.67,0.00
PED-2025-001197,650.26,650.26,0.00
PED-2025-001198,1412.86,1412.86,0.00
PED-2025-001199,1857.00,1857.00,0.00
PED-2025-001200,1032.61,1032.61,0.00
PED-2025-001201,464.30,464.30,0.00
PED-2025-001202,914.47,914.47,0.00
PED-2025-001203,1397.52,1397.52,0.00
PED-2025-001204,1509.05,1509.05,0.00
PED-2025-001205,239.62,239.62,0.00
PED-2025-001206,448.67,448.67,0.00
PED-2025-001207,690.60,690.60,0.00
PED-2025-001208,429.49,429.49,0.00
PED-2025-001209,321.82,321.82,0.00
PED-2025-001210,596.63,596.63,0.00
PED-2025-001211,904.32,904.32,0.00
PED-2025-001212,577.45,577.45,0.00
PED-2025-001213,404.02,404.02,0.00
PED-2025-001214,744.59,744.59,0.00
PED-2025-001215,1118.04,1118.04,0.00
PED-2025-001216,725.41,725.41,0.00
PED-2025-001217,486.22,486.22,0.00
PED-2025-001218,892.55,892.55,0.00
PED-2025-001219,1331.76,1331.76,0.00
PED-2025-001220,873.37,873.37,0.00
PED-2025-001221,568.42,568.42,0.00
PED-2025-001222,1040.51,1040.51,0.00
PED-2025-001223,1545.48,1545.48,0.00
PED-2025-001224,1021.33,1021.33,0.00
PED-2025-001225,650.62,650.62,0.00
PED-2025-001226,1188.47,1188.47,0.00
PED-2025-001227,1759.20,1759.20,0.00
PED-2025-001228,1169.29,1169.29,0.00
PED-2025-001229,732.82,732.82,0.00
PED-2025-001230,1336.43,1336.43,0.00
PED-2025-001231,1803.38,1803.38,0.00
PED-2025-001232,1048.17,1048.17,0.00
PED-2025-001233,749.47,749.47,0.00
PED-2025-001234,1220.22,1220.22,0.00
PED-2025-001235,1892.45,1892.45,0.00
PED-2025-001236,1310.94,1310.94,0.00
PED-2025-001237,347.22,347.22,0.00
PED-2025-001238,813.35,813.35,0.00
PED-2025-001239,1114.99,1114.99,0.00
PED-2025-001240,1107.08,1107.08,0.00
PED-2025-001241,461.13,461.13,0.00
PED-2025-001242,799.79,799.79,0.00
PED-2025-001243,568.98,568.98,0.00
PED-2025-001244,322.03,322.03,0.00
PED-2025-001245,263.42,263.42,0.00
PED-2025-001246,476.50,476.50,0.00
PED-2025-001247,643.20,643.20,0.00
PED-2025-001248,498.50,498.50,0.00
PED-2025-001249,309.77,309.77,0.00
PED-2025-001250,632.39,632.39,0.00
PED-2025-001251,1046.80,1046.80,0.00
PED-2025-001252,676.09,676.09,0.00
PED-2025-001253,458.82,458.82,0.00
PED-2025-001254,843.23,843.23,0.00
PED-2025-001255,1260.52,1260.52,0.00
PED-2025-001256,824.05,824.05,0.00
PED-2025-001257,541.02,541.02,0.00
PED-2025-001258,991.19,991.19,0.00
PED-2025-001259,1474.24,1474.24,0.00
PED-2025-001260,972.01,972.01,0.00
PED-2025-001261,623.22,623.22,0.00
PED-2025-001262,1139.15,1139.15,0.00
PED-2025-001263,1687.96,1687.96,0.00
PED-2025-001264,1119.97,1119.97,0.00
PED-2025-001265,705.42,705.42,0.00
PED-2025-001266,1287.11,1287.11,0.00
PED-2025-001267,1901.68,1901.68,0.00
PED-2025-001268,1267.93,1267.93,0.00
PED-2025-001269,787.62,787.62,0.00
PED-2025-001270,1435.07,1435.07,0.00
PED-2025-001271,2115.40,2115.40,0.00
PED-2025-001272,1415.89,1415.89,0.00
PED-2025-001273,869.82,869.82,0.00
PED-2025-001274,815.83,815.83,0.00
PED-2025-001275,1255.04,1255.04,0.00
PED-2025-001276,1410.41,1410.41,0.00
PED-2025-001277,491.70,491.70,0.00
PED-2025-001278,963.79,963.79,0.00
PED-2025-001279,1468.76,1468.76,0.00
PED-2025-001280,330.85,330.85,0.00
PED-2025-001281,239.96,239.96,0.00
PED-2025-001282,384.93,384.93,0.00
PED-2025-001283,700.53,700.53,0.00
PED-2025-001284,405.36,405.36,0.00
PED-2025-001285,311.12,311.12,0.00
PED-2025-001286,562.49,562.49,0.00
PED-2025-001287,753.36,753.36,0.00
PED-2025-001288,591.64,591.64,0.00
PED-2025-001289,354.72,354.72,0.00
PED-2025-001290,695.82,695.82,0.00
PED-2025-001291,1036.28,1036.28,0.00
PED-2025-001292,617.12,617.12,0.00
PED-2025-001293,472.20,472.20,0.00
PED-2025-001294,774.16,774.16,0.00
PED-2025-001295,1220.30,1220.30,0.00
PED-2025-001296,825.63,825.63,0.00
PED-2025-001297,460.37,460.37,0.00
PED-2025-001298,1003.51,1003.51,0.00
PED-2025-001299,1329.26,1329.26,0.00
PED-2025-001300,840.81,840.81,0.00
PED-2025-001301,678.02,678.02,0.00
PED-2025-001302,1237.79,1237.79,0.00
PED-2025-001303,1830.44,1830.44,0.00
PED-2025-001304,1218.61,1218.61,0.00
PED-2025-001305,760.22,760.22,0.00
PED-2025-001306,1385.75,1385.75,0.00
PED-2025-001307,2044.16,2044.16,0.00
PED-2025-001308,1366.57,1366.57,0.00
PED-2025-001309,842.42,842.42,0.00
PED-2025-001310,1533.71,1533.71,0.00
PED-2025-001311,2257.88,2257.88,0.00
PED-2025-001312,1361.09,1361.09,0.00
PED-2025-001313,464.30,464.30,0.00
PED-2025-001314,914.47,914.47,0.00
PED-2025-001315,1397.52,1397.52,0.00
PED-2025-001316,1509.05,1509.05,0.00
PED-2025-001317,239.62,239.62,0.00
PED-2025-001318,448.67,448.67,0.00
PED-2025-001319,690.60,690.60,0.00
PED-2025-001320,429.49,429.49,0.00
PED-2025-001321,321.82,321.82,0.00
PED-2025-001322,596.63,596.63,0.00
PED-2025-001323,904.32,904.32,0.00
PED-2025-001324,577.45,577.45,0.00
PED-2025-001325,404.02,404.02,0.00
PED-2025-001326,744.59,744.59,0.00
PED-2025-001327,1118.04,1118.04,0.00
PED-2025-001328,725.41,725.41,0.00
PED-2025-001329,486.22,486.22,0.00
PED-2025-001330,892.55,892.55,0.00
PED-2025-001331,1213.95,1213.95,0.00
PED-2025-001332,695.50,695.50,0.00
PED-2025-001333,522.60,522.60,0.00
PED-2025-001334,855.29,855.29,0.00
PED-2025-001335,1342.49,1342.49,0.00
PED-2025-001336,913.90,913.90,0.00
PED-2025-001337,502.57,502.57,0.00
PED-2025-001338,1094.50,1094.50,0.00
PED-2025-001339,1446.57,1446.57,0.00
PED-2025-001340,910.08,910.08,0.00
PED-2025-001341,637.85,637.85,0.00
PED-2025-001342,1032.40,1032.40,0.00
PED-2025-001343,1818.41,1818.41,0.00
PED-2025-001344,1113.33,1113.33,0.00
PED-2025-001345,716.36,716.36,0.00
PED-2025-001346,1293.84,1293.84,0.00
PED-2025-001347,1689.63,1689.63,0.00
PED-2025-001348,1383.57,1383.57,0.00
PED-2025-001349,368.42,368.42,0.00
PED-2025-001350,698.15,698.15,0.00
PED-2025-001351,1326.28,1326.28,0.00
PED-2025-001352,1459.73,1459.73,0.00
PED-2025-001353,519.10,519.10,0.00
PED-2025-001354,1013.11,1013.11,0.00
PED-2025-001355,619.36,619.36,0.00
PED-2025-001356,380.17,380.17,0.00
PED-2025-001357,294.42,294.42,0.00
PED-2025-001358,547.31,547.31,0.00
PED-2025-001359,833.08,833.08,0.00
PED-2025-001360,528.13,528.13,0.00
PED-2025-001361,376.62,376.62,0.00
PED-2025-001362,695.27,695.27,0.00
PED-2025-001363,1046.80,1046.80,0.00
PED-2025-001364,676.09,676.09,0.00
PED-2025-001365,458.82,458.82,0.00
PED-2025-001366,843.23,843.23,0.00
PED-2025-001367,1260.52,1260.52,0.00
PED-2025-001368,824.05,824.05,0.00
PED-2025-001369,541.02,541.02,0.00
PED-2025-001370,991.19,991.19,0.00
PED-2025-001371,1474.24,1474.24,0.00
PED-2025-001372,972.01,972.01,0.00
PED-2025-001373,623.22,623.22,0.00
PED-2025-001374,1139.15,1139.15,0.00
PED-2025-001375,1687.96,1687.96,0.00
PED-2025-001376,1119.97,1119.97,0.00
PED-2025-001377,705.42,705.42,0.00
PED-2025-001378,1287.11,1287.11,0.00
PED-2025-001379,1901.68,1901.68,0.00
PED-2025-001380,1267.93,1267.93,0.00
PED-2025-001381,713.73,713.73,0.00
PED-2025-001382,1108.58,1108.58,0.00
PED-2025-001383,1950.02,1950.02,0.00
PED-2025-001384,1196.66,1196.66,0.00
PED-2025-001385,764.03,764.03,0.00
PED-2025-001386,727.73,727.73,0.00
PED-2025-001387,994.23,994.23,0.00
PED-2025-001388,1338.62,1338.62,0.00
PED-2025-001389,413.34,413.34,0.00
PED-2025-001390,773.88,773.88,0.00
PED-2025-001391,1305.10,1305.10,0.00
PED-2025-001392,264.53,264.53,0.00
PED-2025-001393,245.31,245.31,0.00
PED-2025-001394,409.18,409.18,0.00
PED-2025-001395,670.41,670.41,0.00
PED-2025-001396,428.66,428.66,0.00
PED-2025-001397,270.50,270.50,0.00
PED-2025-001398,594.17,594.17,0.00
PED-2025-001399,801.52,801.52,0.00
PED-2025-001400,495.57,495.57,0.00
PED-2025-001401,431.42,431.42,0.00
PED-2025-001402,793.91,793.91,0.00
PED-2025-001403,1189.28,1189.28,0.00
PED-2025-001404,774.73,774.73,0.00
PED-2025-001405,513.62,513.62,0.00
PED-2025-001406,941.87,941.87,0.00
PED-2025-001407,1403.00,1403.00,0.00
PED-2025-001408,922.69,922.69,0.00
PED-2025-001409,595.82,595.82,0.00
PED-2025-001410,1089.83,1089.83,0.00
PED-2025-001411,1616.72,1616.72,0.00
PED-2025-001412,1070.65,1070.65,0.00
PED-2025-001413,678.02,678.02,0.00
PED-2025-001414,1237.79,1237.79,0.00
PED-2025-001415,1830.44,1830.44,0.00
PED-2025-001416,1218.61,1218.61,0.00
PED-2025-001417,760.22,760.22,0.00
PED-2025-001418,1385.75,1385.75,0.00
PED-2025-001419,2044.16,2044.16,0.00
PED-2025-001420,1366.57,1366.57,0.00
PED-2025-001421,842.42,842.42,0.00
PED-2025-001422,1533.71,1533.71,0.00
PED-2025-001423,2257.88,2257.88,0.00
PED-2025-001424,1361.09,1361.09,0.00
PED-2025-001425,464.30,464.30,0.00
PED-2025-001426,914.47,914.47,0.00
PED-2025-001427,1397.52,1397.52,0.00
PED-2025-001428,1509.05,1509.05,0.00
PED-2025-001429,239.62,239.62,0.00
PED-2025-001430,448.67,448.67,0.00
PED-2025-001431,624.59,624.59,0.00
PED-2025-001432,342.83,342.83,0.00
PED-2025-001433,295.71,295.71,0.00
PED-2025-001434,490.31,490.31,0.00
PED-2025-001435,792.60,792.60,0.00
PED-2025-001436,516.86,516.86,0.00
PED-2025-001437,312.68,312.68,0.00
PED-2025-001438,685.15,685.15,0.00
PED-2025-001439,918.77,918.77,0.00
PED-2025-001440,567.30,567.30,0.00
PED-2025-001441,423.33,423.33,0.00
PED-2025-001442,689.61,689.61,0.00
PED-2025-001443,1226.58,1226.58,0.00
PED-2025-001444,738.51,738.51,0.00
PED-2025-001445,501.80,501.80,0.00
PED-2025-001446,906.68,906.68,0.00
PED-2025-001447,1193.94,1193.94,0.00
PED-2025-001448,964.30,964.30,0.00
PED-2025-001449,534.45,534.45,0.00
PED-2025-001450,1070.79,1070.79,0.00
PED-2025-001451,1759.20,1759.20,0.00
PED-2025-001452,1169.29,1169.29,0.00
PED-2025-001453,732.82,732.82,0.00
PED-2025-001454,1336.43,1336.43,0.00
PED-2025-001455,1972.92,1972.92,0.00
PED-2025-001456,1317.25,1317.25,0.00
PED-2025-001457,815.02,815.02,0.00
PED-2025-001458,1484.39,1484.39,0.00
PED-2025-001459,2186.64,2186.64,0.00
PED-2025-001460,1465.21,1465.21,0.00
PED-2025-001461,436.90,436.90,0.00
PED-2025-001462,865.15,865.15,0.00
PED-2025-001463,1326.28,1326.28,0.00
PED-2025-001464,1459.73,1459.73,0.00
PED-2025-001465,519.10,519.10,0.00
PED-2025-001466,1013.11,1013.11,0.00
PED-2025-001467,619.36,619.36,0.00
PED-2025-001468,380.17,380.17,0.00
PED-2025-001469,294.42,294.42,0.00
PED-2025-001470,547.31,547.31,0.00
PED-2025-001471,833.08,833.08,0.00
PED-2025-001472,528.13,528.13,0.00
PED-2025-001473,376.62,376.62,0.00
PED-2025-001474,695.27,695.27,0.00
PED-2025-001475,1046.80,1046.80,0.00
PED-2025-001476,676.09,676.09,0.00
PED-2025-001477,458.82,458.82,0.00
PED-2025-001478,843.23,843.23,0.00
PED-2025-001479,1260.52,1260.52,0.00
PED-2025-001480,824.05,824.05,0.00
PED-2025-001481,489.30,489.30,0.00
PED-2025-001482,765.79,765.79,0.00
PED-2025-001483,1358.13,1358.13,0.00
PED-2025-001484,821.84,821.84,0.00
PED-2025-001485,549.50,549.50,0.00
PED-2025-001486,992.67,992.67,0.00
PED-2025-001487,1304.10,1304.10,0.00
PED-2025-001488,1057.44,1057.44,0.00
PED-2025-001489,579.40,579.40,0.00
PED-2025-001490,1120.52,1120.52,0.00
PED-2025-001491,1658.26,1658.26,0.00
PED-2025-001492,1008.94,1008.94,0.00
PED-2025-001493,724.28,724.28,0.00
PED-2025-001494,1179.68,1179.68,0.00
PED-2025-001495,1831.32,1831.32,0.00
PED-2025-001496,1266.77,1266.77,0.00
PED-2025-001497,671.35,671.35,0.00
PED-2025-001498,767.90,767.90,0.00
PED-2025-001499,1056.37,1056.37,0.00
PED-2025-001500,1070.97,1070.97,0.00
PED-2025-001501,491.70,491.70,0.00
PED-2025-001502,963.79,963.79,0.00
PED-2025-001503,1468.76,1468.76,0.00
PED-2025-001504,330.85,330.85,0.00
PED-2025-001505,267.02,267.02,0.00
PED-2025-001506,497.99,497.99,0.00
PED-2025-001507,761.84,761.84,0.00
PED-2025-001508,478.81,478.81,0.00
PED-2025-001509,349.22,349.22,0.00
PED-2025-001510,645.95,645.95,0.00
PED-2025-001511,975.56,975.56,0.00
PED-2025-001512,626.77,626.77,0.00
PED-2025-001513,431.42,431.42,0.00
PED-2025-001514,793.91,793.91,0.00
PED-2025-001515,1189.28,1189.28,0.00
PED-2025-001516,774.73,774.73,0.00
PED-2025-001517,513.62,513.62,0.00
PED-2025-001518,941.87,941.87,0.00
PED-2025-001519,1403.00,1403.00,0.00
PED-2025-001520,922.69,922.69,0.00
PED-2025-001521,595.82,595.82,0.00
PED-2025-001522,1089.83,1089.83,0.00
PED-2025-001523,1616.72,1616.72,0.00
PED-2025-001524,1070.65,1070.65,0.00
PED-2025-001525,678.02,678.02,0.00
PED-2025-001526,1237.79,1237.79,0.00
PED-2025-001527,1830.44,1830.44,0.00
PED-2025-001528,1218.61,1218.61,0.00
PED-2025-001529,760.22,760.22,0.00
PED-2025-001530,1385.75,1385.75,0.00
PED-2025-001531,1868.81,1868.81,0.00
PED-2025-001532,1087.32,1087.32,0.00
PED-2025-001533,774.68,774.68,0.00
PED-2025-001534,1260.81,1260.81,0.00
PED-2025-001535,1953.51,1953.51,0.00
PED-2025-001536,1224.62,1224.62,0.00
PED-2025-001537,368.31,368.31,0.00
PED-2025-001538,858.84,858.84,0.00
PED-2025-001539,1173.68,1173.68,0.00
PED-2025-001540,1145.17,1145.17,0.00
PED-2025-001541,208.79,208.79,0.00
PED-2025-001542,346.86,346.86,0.00
PED-2025-001543,634.82,634.82,0.00
PED-2025-001544,363.70,363.70,0.00
PED-2025-001545,287.27,287.27,0.00
PED-2025-001546,519.47,519.47,0.00
PED-2025-001547,698.31,698.31,0.00
PED-2025-001548,545.11,545.11,0.00
PED-2025-001549,332.26,332.26,0.00
PED-2025-001550,676.23,676.23,0.00
PED-2025-001551,1118.04,1118.04,0.00
PED-2025-001552,725.41,725.41,0.00
PED-2025-001553,486.22,486.22,0.00
PED-2025-001554,892.55,892.55,0.00
PED-2025-001555,1331.76,1331.76,0.00
PED-2025-001556,873.37,873.37,0.00
PED-2025-001557,568.42,568.42,0.00
PED-2025-001558,1040.51,1040.51,0.00
PED-2025-001559,1545.48,1545.48,0.00
PED-2025-001560,1021.33,1021.33,0.00
PED-2025-001561,650.62,650.62,0.00
PED-2025-001562,1188.47,1188.47,0.00
PED-2025-001563,1759.20,1759.20,0.00
PED-2025-001564,1169.29,1169.29,0.00
PED-2025-001565,732.82,732.82,0.00
PED-2025-001566,1336.43,1336.43,0.00
PED-2025-001567,1972.92,1972.92,0.00
PED-2025-001568,1317.25,1317.25,0.00
PED-2025-001569,815.02,815.02,0.00
PED-2025-001570,1484.39,1484.39,0.00
PED-2025-001571,2186.64,2186.64,0.00
PED-2025-001572,1465.21,1465.21,0.00
PED-2025-001573,436.90,436.90,0.00
PED-2025-001574,865.15,865.15,0.00
PED-2025-001575,1326.28,1326.28,0.00
PED-2025-001576,1459.73,1459.73,0.00
PED-2025-001577,519.10,519.10,0.00
PED-2025-001578,1013.11,1013.11,0.00
PED-2025-001579,619.36,619.36,0.00
PED-2025-001580,380.17,380.17,0.00
PED-2025-001581,264.90,264.90,0.00
PED-2025-001582,423.04,423.04,0.00
PED-2025-001583,766.30,766.30,0.00
PED-2025-001584,447.02,447.02,0.00
PED-2025-001585,334.94,334.94,0.00
PED-2025-001586,605.55,605.55,0.00
PED-2025-001587,808.47,808.47,0.00
PED-2025-001588,638.26,638.26,0.00
PED-2025-001589,377.16,377.16,0.00
PED-2025-001590,738.26,738.26,0.00
PED-2025-001591,1098.48,1098.48,0.00
PED-2025-001592,656.35,656.35,0.00
PED-2025-001593,497.39,497.39,0.00
PED-2025-001594,814.70,814.70,0.00
PED-2025-001595,1281.43,1281.43,0.00
PED-2025-001596,869.80,869.80,0.00
PED-2025-001597,481.48,481.48,0.00
PED-2025-001598,1049.01,1049.01,0.00
PED-2025-001599,1387.88,1387.88,0.00
PED-2025-001600,879.17,879.17,0.00
PED-2025-001601,705.42,705.42,0.00
PED-2025-001602,1287.11,1287.11,0.00
PED-2025-001603,1901.68,1901.68,0.00
PED-2025-001604,1267.93,1267.93,0.00
PED-2025-001605,787.62,787.62,0.00
PED-2025-001606,1435.07,1435.07,0.00
PED-2025-001607,2115.40,2115.40,0.00
PED-2025-001608,1415.89,1415.89,0.00
PED-2025-001609,869.82,869.82,0.00
PED-2025-001610,815.83,815.83,0.00
PED-2025-001611,1255.04,1255.04,0.00
PED-2025-001612,1410.41,1410.41,0.00
PED-2025-001613,491.70,491.70,0.00
PED-2025-001614,963.79,963.79,0.00
PED-2025-001615,1468.76,1468.76,0.00
PED-2025-001616,330.85,330.85,0.00
PED-2025-001617,267.02,267.02,0.00
PED-2025-001618,497.99,497.99,0.00
PED-2025-001619,761.84,761.84,0.00
PED-2025-001620,478.81,478.81,0.00
PED-2025-001621,349.22,349.22,0.00
PED-2025-001622,645.95,645.95,0.00
PED-2025-001623,975.56,975.56,0.00
PED-2025-001624,626.77,626.77,0.00
PED-2025-001625,431.42,431.42,0.00
PED-2025-001626,793.91,793.91,0.00
PED-2025-001627,1189.28,1189.28,0.00
PED-2025-001628,774.73,774.73,0.00
PED-2025-001629,513.62,513.62,0.00
PED-2025-001630,941.87,941.87,0.00
PED-2025-001631,1279.45,1279.45,0.00
PED-2025-001632,734.65,734.65,0.00
PED-2025-001633,547.79,547.79,0.00
PED-2025-001634,895.83,895.83,0.00
PED-2025-001635,1403.62,1403.62,0.00
PED-2025-001636,958.00,958.00,0.00
PED-2025-001637,523.66,523.66,0.00
PED-2025-001638,1139.99,1139.99,0.00
PED-2025-001639,1505.13,1505.13,0.00
PED-2025-001640,948.16,948.16,0.00
PED-2025-001641,661.71,661.71,0.00
PED-2025-001642,1070.47,1070.47,0.00
PED-2025-001643,1884.18,1884.18,0.00
PED-2025-001644,1154.99,1154.99,0.00
PED-2025-001645,740.18,740.18,0.00
PED-2025-001646,1336.86,1336.86,0.00
PED-2025-001647,1744.68,1744.68,0.00
PED-2025-001648,1292.00,1292.00,0.00
PED-2025-001649,390.88,390.88,0.00
PED-2025-001650,741.99,741.99,0.00
PED-2025-001651,1397.52,1397.52,0.00
PED-2025-001652,1509.05,1509.05,0.00
PED-2025-001653,239.62,239.62,0.00
PED-2025-001654,448.67,448.67,0.00
PED-2025-001655,690.60,690.60,0.00
PED-2025-001656,429.49,429.49,0.00
PED-2025-001657,321.82,321.82,0.00
PED-2025-001658,596.63,596.63,0.00
PED-2025-001659,904.32,904.32,0.00
PED-2025-001660,577.45,577.45,0.00
PED-2025-001661,404.02,404.02,0.00
PED-2025-001662,744.59,744.59,0.00
PED-2025-001663,1118.04,1118.04,0.00
PED-2025-001664,725.41,725.41,0.00
PED-2025-001665,486.22,486.22,0.00
PED-2025-001666,892.55,892.55,0.00
PED-2025-001667,1331.76,1331.76,0.00
PED-2025-001668,873.37,873.37,0.00
PED-2025-001669,568.42,568.42,0.00
PED-2025-001670,1040.51,1040.51,0.00
PED-2025-001671,1545.48,1545.48,0.00
PED-2025-001672,1021.33,1021.33,0.00
PED-2025-001673,650.62,650.62,0.00
PED-2025-001674,1188.47,1188.47,0.00
PED-2025-001675,1759.20,1759.20,0.00
PED-2025-001676,1169.29,1169.29,0.00
PED-2025-001677,732.82,732.82,0.00
PED-2025-001678,1336.43,1336.43,0.00
PED-2025-001679,1972.92,1972.92,0.00
PED-2025-001680,1317.25,1317.25,0.00
PED-2025-001681,738.64,738.64,0.00
PED-2025-001682,1146.65,1146.65,0.00
PED-2025-001683,2015.73,2015.73,0.00
PED-2025-001684,1238.32,1238.32,0.00
PED-2025-001685,350.57,350.57,0.00
PED-2025-001686,770.75,770.75,0.00
PED-2025-001687,1049.28,1049.28,0.00
PED-2025-001688,1385.15,1385.15,0.00
PED-2025-001689,435.83,435.83,0.00
PED-2025-001690,816.37,816.37,0.00
PED-2025-001691,538.63,538.63,0.00
PED-2025-001692,303.68,303.68,0.00
PED-2025-001693,270.52,270.52,0.00
PED-2025-001694,449.77,449.77,0.00
PED-2025-001695,731.47,731.47,0.00
PED-2025-001696,472.76,472.76,0.00
PED-2025-001697,291.59,291.59,0.00
PED-2025-001698,639.66,639.66,0.00
PED-2025-001699,860.21,860.21,0.00
PED-2025-001700,533.93,533.93,0.00
PED-2025-001701,458.82,458.82,0.00
PED-2025-001702,843.23,843.23,0.00
PED-2025-001703,1260.52,1260.52,0.00
PED-2025-001704,824.05,824.05,0.00
PED-2025-001705,541.02,541.02,0.00
PED-2025-001706,991.19,991.19,0.00
PED-2025-001707,1474.24,1474.24,0.00
PED-2025-001708,972.01,972.01,0.00
PED-2025-001709,623.22,623.22,0.00
PED-2025-001710,1139.15,1139.15,0.00
PED-2025-001711,1687.96,1687.96,0.00
PED-2025-001712,1119.97,1119.97,0.00
PED-2025-001713,705.42,705.42,0.00
PED-2025-001714,1287.11,1287.11,0.00
PED-2025-001715,1901.68,1901.68,0.00
PED-2025-001716,1267.93,1267.93,0.00
PED-2025-001717,787.62,787.62,0.00
PED-2025-001718,1435.07,1435.07,0.00
PED-2025-001719,2115.40,2115.40,0.00
PED-2025-001720,1415.89,1415.89,0.00
PED-2025-001721,869.82,869.82,0.00
PED-2025-001722,815.83,815.83,0.00
PED-2025-001723,1255.04,1255.04,0.00
PED-2025-001724,1410.41,1410.41,0.00
PED-2025-001725,491.70,491.70,0.00
PED-2025-001726,963.79,963.79,0.00
PED-2025-001727,1468.76,1468.76,0.00
PED-2025-001728,330.85,330.85,0.00
PED-2025-001729,267.02,267.02,0.00
PED-2025-001730,497.99,497.99,0.00
PED-2025-001731,690.09,690.09,0.00
PED-2025-001732,382.06,382.06,0.00
PED-2025-001733,320.95,320.95,0.00
PED-2025-001734,530.86,530.86,0.00
PED-2025-001735,853.66,853.66,0.00
PED-2025-001736,560.96,560.96,0.00
PED-2025-001737,333.79,333.79,0.00
PED-2025-001738,730.60,730.60,0.00
PED-2025-001739,977.46,977.46,0.00
PED-2025-001740,605.39,605.39,0.00
PED-2025-001741,447.17,447.17,0.00
PED-2025-001742,727.72,727.72,0.00
PED-2025-001743,1292.42,1292.42,0.00
PED-2025-001744,780.18,780.18,0.00
PED-2025-001745,525.65,525.65,0.00
PED-2025-001746,949.65,949.65,0.00
PED-2025-001747,1249.05,1249.05,0.00
PED-2025-001748,1010.91,1010.91,0.00
PED-2025-001749,556.94,556.94,0.00
PED-2025-001750,1114.63,1114.63,0.00
PED-2025-001751,1830.44,1830.44,0.00
PED-2025-001752,1218.61,1218.61,0.00
PED-2025-001753,760.22,760.22,0.00
PED-2025-001754,1385.75,1385.75,0.00
PED-2025-001755,2044.16,2044.16,0.00
PED-2025-001756,1366.57,1366.57,0.00
PED-2025-001757,842.42,842.42,0.00
PED-2025-001758,1533.71,1533.71,0.00
PED-2025-001759,2257.88,2257.88,0.00
PED-2025-001760,1361.09,1361.09,0.00
PED-2025-001761,464.30,464.30,0.00
PED-2025-001762,914.47,914.47,0.00
PED-2025-001763,1397.52,1397.52,0.00
PED-2025-001764,1509.05,1509.05,0.00
PED-2025-001765,239.62,239.62,0.00
PED-2025-001766,448.67,448.67,0.00
PED-2025-001767,690.60,690.60,0.00
PED-2025-001768,429.49,429.49,0.00
PED-2025-001769,321.82,321.82,0.00
PED-2025-001770,596.63,596.63,0.00
PED-2025-001771,904.32,904.32,0.00
PED-2025-001772,577.45,577.45,0.00
PED-2025-001773,404.02,404.02,0.00
PED-2025-001774,744.59,744.59,0.00
PED-2025-001775,1118.04,1118.04,0.00
PED-2025-001776,725.41,725.41,0.00
PED-2025-001777,486.22,486.22,0.00
PED-2025-001778,892.55,892.55,0.00
PED-2025-001779,1331.76,1331.76,0.00
PED-2025-001780,873.37,873.37,0.00
PED-2025-001781,514.24,514.24,0.00
PED-2025-001782,803.90,803.90,0.00
PED-2025-001783,1423.90,1423.90,0.00
PED-2025-001784,863.50,863.50,0.00
PED-2025-001785,573.32,573.32,0.00
PED-2025-001786,1035.73,1035.73,0.00
PED-2025-001787,1359.21,1359.21,0.00
PED-2025-001788,1104.06,1104.06,0.00
PED-2025-001789,601.84,601.84,0.00
PED-2025-001790,1162.96,1162.96,0.00
PED-2025-001791,1720.46,1720.46,0.00
PED-2025-001792,1048.17,1048.17,0.00
PED-2025-001793,749.47,749.47,0.00
PED-2025-001794,1220.22,1220.22,0.00
PED-2025-001795,1892.45,1892.45,0.00
PED-2025-001796,1310.94,1310.94,0.00
PED-2025-001797,347.22,347.22,0.00
PED-2025-001798,813.35,813.35,0.00
PED-2025-001799,1114.99,1114.99,0.00
PED-2025-001800,1109.33,1109.33,0.00
PED-2025-001801,519.10,519.10,0.00
PED-2025-001802,1013.11,1013.11,0.00
PED-2025-001803,619.36,619.36,0.00
PED-2025-001804,380.17,380.17,0.00
PED-2025-001805,294.42,294.42,0.00
PED-2025-001806,547.31,547.31,0.00
PED-2025-001807,833.08,833.08,0.00
PED-2025-001808,528.13,528.13,0.00
PED-2025-001809,376.62,376.62,0.00
PED-2025-001810,695.27,695.27,0.00
PED-2025-001811,1046.80,1046.80,0.00
PED-2025-001812,676.09,676.09,0.00
PED-2025-001813,458.82,458.82,0.00
PED-2025-001814,843.23,843.23,0.00
PED-2025-001815,1260.52,1260.52,0.00
PED-2025-001816,824.05,824.05,0.00
PED-2025-001817,541.02,541.02,0.00
PED-2025-001818,991.19,991.19,0.00
PED-2025-001819,1474.24,1474.24,0.00
PED-2025-001820,972.01,972.01,0.00
PED-2025-001821,623.22,623.22,0.00
PED-2025-001822,1139.15,1139.15,0.00
PED-2025-001823,1687.96,1687.96,0.00
PED-2025-001824,1119.97,1119.97,0.00
PED-2025-001825,705.42,705.42,0.00
PED-2025-001826,1287.11,1287.11,0.00
PED-2025-001827,1901.68,1901.68,0.00
PED-2025-001828,1267.93,1267.93,0.00
PED-2025-001829,787.62,787.62,0.00
PED-2025-001830,1435.07,1435.07,0.00
PED-2025-001831,1934.31,1934.31,0.00
PED-2025-001832,1126.47,1126.47,0.00
PED-2025-001833,799.87,799.87,0.00
PED-2025-001834,687.60,687.60,0.00
PED-2025-001835,994.25,994.25,0.00
PED-2025-001836,1268.72,1268.72,0.00
PED-2025-001837,389.40,389.40,0.00
PED-2025-001838,904.33,904.33,0.00
PED-2025-001839,1232.24,1232.24,0.00
PED-2025-001840,262.61,262.61,0.00
PED-2025-001841,232.60,232.60,0.00
PED-2025-001842,384.93,384.93,0.00
PED-2025-001843,700.53,700.53,0.00
PED-2025-001844,405.36,405.36,0.00
PED-2025-001845,311.12,311.12,0.00
PED-2025-001846,562.49,562.49,0.00
PED-2025-001847,753.36,753.36,0.00
PED-2025-001848,591.64,591.64,0.00
PED-2025-001849,354.72,354.72,0.00
PED-2025-001850,720.07,720.07,0.00
PED-2025-001851,1189.28,1189.28,0.00
PED-2025-001852,774.73,774.73,0.00
PED-2025-001853,513.62,513.62,0.00
PED-2025-001854,941.87,941.87,0.00
PED-2025-001855,1403.00,1403.00,0.00
PED-2025-001856,922.69,922.69,0.00
PED-2025-001857,595.82,595.82,0.00
PED-2025-001858,1089.83,1089.83,0.00
PED-2025-001859,1616.72,1616.72,0.00
PED-2025-001860,1070.65,1070.65,0.00
PED-2025-001861,678.02,678.02,0.00
PED-2025-001862,1237.79,1237.79,0.00
PED-2025-001863,1830.44,1830.44,0.00
PED-2025-001864,1218.61,1218.61,0.00
PED-2025-001865,760.22,760.22,0.00
PED-2025-001866,1385.75,1385.75,0.00
PED-2025-001867,2044.16,2044.16,0.00
PED-2025-001868,1366.57,1366.57,0.00
PED-2025-001869,842.42,842.42,0.00
PED-2025-001870,1533.71,1533.71,0.00
PED-2025-001871,2257.88,2257.88,0.00
PED-2025-001872,1361.09,1361.09,0.00
PED-2025-001873,464.30,464.30,0.00
PED-2025-001874,914.47,914.47,0.00
PED-2025-001875,1397.52,1397.52,0.00
PED-2025-001876,1509.05,1509.05,0.00
PED-2025-001877,239.62,239.62,0.00
PED-2025-001878,448.67,448.67,0.00
PED-2025-001879,690.60,690.60,0.00
PED-2025-001880,429.49,429.49,0.00
PED-2025-001881,289.84,289.84,0.00
PED-2025-001882,461.11,461.11,0.00
PED-2025-001883,832.01,832.01,0.00
PED-2025-001884,488.61,488.61,0.00
PED-2025-001885,358.79,358.79,0.00
PED-2025-001886,648.57,648.57,0.00
PED-2025-001887,863.52,863.52,0.00
PED-2025-001888,684.87,684.87,0.00
PED-2025-001889,399.65,399.65,0.00
PED-2025-001890,780.75,780.75,0.00
PED-2025-001891,1160.61,1160.61,0.00
PED-2025-001892,695.50,695.50,0.00
PED-2025-001893,522.60,522.60,0.00
PED-2025-001894,855.29,855.29,0.00
PED-2025-001895,1342.49,1342.49,0.00
PED-2025-001896,913.90,913.90,0.00
PED-2025-001897,502.57,502.57,0.00
PED-2025-001898,1094.50,1094.50,0.00
PED-2025-001899,1446.57,1446.57,0.00
PED-2025-001900,917.53,917.53,0.00
PED-2025-001901,732.82,732.82,0.00
PED-2025-001902,1336.43,1336.43,0.00
PED-2025-001903,1972.92,1972.92,0.00
PED-2025-001904,1317.25,1317.25,0.00
PED-2025-001905,815.02,815.02,0.00
PED-2025-001906,1484.39,1484.39,0.00
PED-2025-001907,2186.64,2186.64,0.00
PED-2025-001908,1465.21,1465.21,0.00
PED-2025-001909,436.90,436.90,0.00
PED-2025-001910,865.15,865.15,0.00
PED-2025-001911,1326.28,1326.28,0.00
PED-2025-001912,1459.73,1459.73,0.00
PED-2025-001913,519.10,519.10,0.00
PED-2025-001914,1013.11,1013.11,0.00
PED-2025-001915,619.36,619.36,0.00
PED-2025-001916,380.17,380.17,0.00
PED-2025-001917,294.42,294.42,0.00
PED-2025-001918,547.31,547.31,0.00
PED-2025-001919,833.08,833.08,0.00
PED-2025-001920,528.13,528.13,0.00
PED-2025-001921,376.62,376.62,0.00
PED-2025-001922,695.27,695.27,0.00
PED-2025-001923,1046.80,1046.80,0.00
PED-2025-001924,676.09,676.09,0.00
PED-2025-001925,458.82,458.82,0.00
PED-2025-001926,843.23,843.23,0.00
PED-2025-001927,1260.52,1260.52,0.00
PED-2025-001928,824.05,824.05,0.00
PED-2025-001929,541.02,541.02,0.00
PED-2025-001930,991.19,991.19,0.00
PED-2025-001931,1344.95,1344.95,0.00
PED-2025-001932,773.88,773.88,0.00
PED-2025-001933,573.03,573.03,0.00
PED-2025-001934,936.38,936.38,0.00
PED-2025-001935,1464.68,1464.68,0.00
PED-2025-001936,1002.10,1002.10,0.00
PED-2025-001937,544.77,544.77,0.00
PED-2025-001938,1185.44,1185.44,0.00
PED-2025-001939,1563.82,1563.82,0.00
PED-2025-001940,986.25,986.25,0.00
PED-2025-001941,685.55,685.55,0.00
PED-2025-001942,1108.58,1108.58,0.00
PED-2025-001943,1950.02,1950.02,0.00
PED-2025-001944,1196.66,1196.66,0.00
PED-2025-001945,764.03,764.03,0.00
PED-2025-001946,727.73,727.73,0.00
PED-2025-001947,994.23,994.23,0.00
PED-2025-001948,1338.62,1338.62,0.00
PED-2025-001949,413.34,413.34,0.00
PED-2025-001950,785.83,785.83,0.00
PED-2025-001951,1468.76,1468.76,0.00
PED-2025-001952,330.85,330.85,0.00
PED-2025-001953,267.02,267.02,0.00
PED-2025-001954,497.99,497.99,0.00
PED-2025-001955,761.84,761.84,0.00
PED-2025-001956,478.81,478.81,0.00
PED-2025-001957,349.22,349.22,0.00
PED-2025-001958,645.95,645.95,0.00
PED-2025-001959,975.56,975.56,0.00
PED-2025-001960,626.77,626.77,0.00
PED-2025-001961,431.42,431.42,0.00
PED-2025-001962,793.91,793.91,0.00
PED-2025-001963,1189.28,1189.28,0.00
PED-2025-001964,774.73,774.73,0.00
PED-2025-001965,513.62,513.62,0.00
PED-2025-001966,941.87,941.87,0.00
PED-2025-001967,1403.00,1403.00,0.00
PED-2025-001968,922.69,922.69,0.00
PED-2025-001969,595.82,595.82,0.00
PED-2025-001970,1089.83,1089.83,0.00
PED-2025-001971,1616.72,1616.72,0.00
PED-2025-001972,1070.65,1070.65,0.00
PED-2025-001973,678.02,678.02,0.00
PED-2025-001974,1237.79,1237.79,0.00
PED-2025-001975,1830.44,1830.44,0.00
PED-2025-001976,1218.61,1218.61,0.00
PED-2025-001977,760.22,760.22,0.00
PED-2025-001978,1385.75,1385.75,0.00
PED-2025-001979,2044.16,2044.16,0.00
PED-2025-001980,1366.57,1366.57,0.00
PED-2025-001981,763.58,763.58,0.00
PED-2025-001982,1184.76,1184.76,0.00
PED-2025-001983,2081.50,2081.50,0.00
PED-2025-001984,1157.23,1157.23,0.00
PED-2025-001985,374.39,374.39,0.00
PED-2025-001986,813.81,813.81,0.00
PED-2025-001987,1104.39,1104.39,0.00
PED-2025-001988,1431.76,1431.76,0.00
PED-2025-001989,197.43,197.43,0.00
PED-2025-001990,398.54,398.54,0.00
PED-2025-001991,600.89,600.89,0.00
PED-2025-001992,342.83,342.83,0.00
PED-2025-001993,295.71,295.71,0.00
PED-2025-001994,490.31,490.31,0.00
PED-2025-001995,792.60,792.60,0.00
PED-2025-001996,516.86,516.86,0.00
PED-2025-001997,312.68,312.68,0.00
PED-2025-001998,685.15,685.15,0.00
PED-2025-001999,918.77,918.77,0.00
PED-2025-002000,572.29,572.29,0.00
PED-2025-002001,486.22,486.22,0.00
PED-2025-002002,892.55,892.55,0.00
PED-2025-002003,1331.76,1331.76,0.00
PED-2025-002004,873.37,873.37,0.00
PED-2025-002005,568.42,568.42,0.00
PED-2025-002006,1040.51,1040.51,0.00
PED-2025-002007,1545.48,1545.48,0.00
PED-2025-002008,1021.33,1021.33,0.00
PED-2025-002009,650.62,650.62,0.00
PED-2025-002010,1188.47,1188.47,0.00
PED-2025-002011,1759.20,1759.20,0.00
PED-2025-002012,1169.29,1169.29,0.00
PED-2025-002013,732.82,732.82,0.00
PED-2025-002014,1336.43,1336.43,0.00
PED-2025-002015,1972.92,1972.92,0.00
PED-2025-002016,1317.25,1317.25,0.00
PED-2025-002017,815.02,815.02,0.00
PED-2025-002018,1484.39,1484.39,0.00
PED-2025-002019,2186.64,2186.64,0.00
PED-2025-002020,1465.21,1465.21,0.00
PED-2025-002021,436.90,436.90,0.00
PED-2025-002022,865.15,865.15,0.00
PED-2025-002023,1326.28,1326.28,0.00
PED-2025-002024,1459.73,1459.73,0.00
PED-2025-002025,519.10,519.10,0.00
PED-2025-002026,1013.11,1013.11,0.00
PED-2025-002027,619.36,619.36,0.00
PED-2025-002028,380.17,380.17,0.00
PED-2025-002029,294.42,294.42,0.00
PED-2025-002030,547.31,547.31,0.00
PED-2025-002031,755.59,755.59,0.00
PED-2025-002032,421.21,421.21,0.00
PED-2025-002033,346.16,346.16,0.00
PED-2025-002034,571.40,571.40,0.00
PED-2025-002035,914.79,914.79,0.00
PED-2025-002036,605.06,605.06,0.00
PED-2025-002037,354.88,354.88,0.00
PED-2025-002038,776.09,776.09,0.00
PED-2025-002039,1036.08,1036.08,0.00
PED-2025-002040,643.47,643.47,0.00
PED-2025-002041,470.98,470.98,0.00
PED-2025-002042,765.79,765.79,0.00
PED-2025-002043,1358.13,1358.13,0.00
PED-2025-002044,821.84,821.84,0.00
PED-2025-002045,549.50,549.50,0.00
PED-2025-002046,992.67,992.67,0.00
PED-2025-002047,1304.10,1304.10,0.00
PED-2025-002048,1057.44,1057.44,0.00
PED-2025-002049,579.40,579.40,0.00
PED-2025-002050,1158.47,1158.47,0.00
PED-2025-002051,1901.68,1901.68,0.00
PED-2025-002052,1267.93,1267.93,0.00
PED-2025-002053,787.62,787.62,0.00
PED-2025-002054,1435.07,1435.07,0.00
PED-2025-002055,2115.40,2115.40,0.00
PED-2025-002056,1415.89,1415.89,0.00
PED-2025-002057,869.82,869.82,0.00
PED-2025-002058,815.83,815.83,0.00
PED-2025-002059,1255.04,1255.04,0.00
PED-2025-002060,1410.41,1410.41,0.00
PED-2025-002061,491.70,491.70,0.00
PED-2025-002062,963.79,963.79,0.00
PED-2025-002063,1468.76,1468.76,0.00
PED-2025-002064,330.85,330.85,0.00
PED-2025-002065,267.02,267.02,0.00
PED-2025-002066,497.99,497.99,0.00
PED-2025-002067,761.84,761.84,0.00
PED-2025-002068,478.81,478.81,0.00
PED-2025-002069,349.22,349.22,0.00
PED-2025-002070,645.95,645.95,0.00
PED-2025-002071,975.56,975.56,0.00
PED-2025-002072,626.77,626.77,0.00
PED-2025-002073,431.42,431.42,0.00
PED-2025-002074,793.91,793.91,0.00
PED-2025-002075,1189.28,1189.28,0.00
PED-2025-002076,774.73,774.73,0.00
PED-2025-002077,513.62,513.62,0.00
PED-2025-002078,941.87,941.87,0.00
PED-2025-002079,1403.00,1403.00,0.00
PED-2025-002080,922.69,922.69,0.00
PED-2025-002081,539.18,539.18,0.00
PED-2025-002082,841.97,841.97,0.00
PED-2025-002083,1489.61,1489.61,0.00
PED-2025-002084,905.09,905.09,0.00
PED-2025-002085,597.17,597.17,0.00
PED-2025-002086,1078.75,1078.75,0.00
PED-2025-002087,1414.26,1414.26,0.00
PED-2025-002088,1150.67,1150.67,0.00
PED-2025-002089,624.33,624.33,0.00
PED-2025-002090,1205.45,1205.45,0.00
PED-2025-002091,1782.59,1782.59,0.00
PED-2025-002092,1087.32,1087.32,0.00
PED-2025-002093,774.68,774.68,0.00
PED-2025-002094,1260.81,1260.81,0.00
PED-2025-002095,1953.51,1953.51,0.00
PED-2025-002096,1224.62,1224.62,0.00
PED-2025-002097,368.31,368.31,0.00
PED-2025-002098,858.84,858.84,0.00
PED-2025-002099,1173.68,1173.68,0.00
PED-2025-002100,1147.69,1147.69,0.00
PED-2025-002101,239.62,239.62,0.00
PED-2025-002102,448.67,448.67,0.00
PED-2025-002103,690.60,690.60,0.00
PED-2025-002104,429.49,429.49,0.00
PED-2025-002105,321.82,321.82,0.00
PED-2025-002106,596.63,596.63,0.00
PED-2025-002107,904.32,904.32,0.00
PED-2025-002108,577.45,577.45,0.00
PED-2025-002109,404.02,404.02,0.00
PED-2025-002110,744.59,744.59,0.00
PED-2025-002111,1118.04,1118.04,0.00
PED-2025-002112,725.41,725.41,0.00
PED-2025-002113,486.22,486.22,0.00
PED-2025-002114,892.55,892.55,0.00
PED-2025-002115,1331.76,1331.76,0.00
PED-2025-002116,873.37,873.37,0.00
PED-2025-002117,568.42,568.42,0.00
PED-2025-002118,1040.51,1040.51,0.00
PED-2025-002119,1545.48,1545.48,0.00
PED-2025-002120,1021.33,1021.33,0.00
PED-2025-002121,650.62,650.62,0.00
PED-2025-002122,1188.47,1188.47,0.00
PED-2025-002123,1759.20,1759.20,0.00
PED-2025-002124,1169.29,1169.29,0.00
PED-2025-002125,732.82,732.82,0.00
PED-2025-002126,1336.43,1336.43,0.00
PED-2025-002127,1972.92,1972.92,0.00
PED-2025-002128,1317.25,1317.25,0.00
PED-2025-002129,815.02,815.02,0.00
PED-2025-002130,1484.39,1484.39,0.00
PED-2025-002131,1999.81,1999.81,0.00
PED-2025-002132,1165.70,1165.70,0.00
PED-2025-002133,410.81,410.81,0.00
PED-2025-002134,728.10,728.10,0.00
PED-2025-002135,1055.38,1055.38,0.00
PED-2025-002136,1312.81,1312.81,0.00
PED-2025-002137,410.51,410.51,0.00
PED-2025-002138,949.83,949.83,0.00
PED-2025-002139,508.34,508.34,0.00
PED-2025-002140,300.70,300.70,0.00
PED-2025-002141,256.44,256.44,0.00
PED-2025-002142,423.04,423.04,0.00
PED-2025-002143,766.30,766.30,0.00
PED-2025-002144,447.02,447.02,0.00
PED-2025-002145,334.94,334.94,0.00
PED-2025-002146,605.55,605.55,0.00
PED-2025-002147,808.47,808.47,0.00
PED-2025-002148,638.26,638.26,0.00
PED-2025-002149,377.16,377.16,0.00
PED-2025-002150,763.91,763.91,0.00
PED-2025-002151,1260.52,1260.52,0.00
PED-2025-002152,824.05,824.05,0.00
PED-2025-002153,541.02,541.02,0.00
PED-2025-002154,991.19,991.19,0.00
PED-2025-002155,1474.24,1474.24,0.00
PED-2025-002156,972.01,972.01,0.00
PED-2025-002157,623.22,623.22,0.00
PED-2025-002158,1139.15,1139.15,0.00
PED-2025-002159,1687.96,1687.96,0.00
PED-2025-002160,1119.97,1119.97,0.00
PED-2025-002161,705.42,705.42,0.00
PED-2025-002162,1287.11,1287.11,0.00
PED-2025-002163,1901.68,1901.68,0.00
PED-2025-002164,1267.93,1267.93,0.00
PED-2025-002165,787.62,787.62,0.00
PED-2025-002166,1435.07,1435.07,0.00
PED-2025-002167,2115.40,2115.40,0.00
PED-2025-002168,1415.89,1415.89,0.00
PED-2025-002169,869.82,869.82,0.00
PED-2025-002170,815.83,815.83,0.00
PED-2025-002171,1255.04,1255.04,0.00
PED-2025-002172,1410.41,1410.41,0.00
PED-2025-002173,491.70,491.70,0.00
PED-2025-002174,963.79,963.79,0.00
PED-2025-002175,1468.76,1468.76,0.00
PED-2025-002176,330.85,330.85,0.00
PED-2025-002177,267.02,267.02,0.00
PED-2025-002178,497.99,497.99,0.00
PED-2025-002179,761.84,761.84,0.00
PED-2025-002180,478.81,478.81,0.00
PED-2025-002181,314.78,314.78,0.00
PED-2025-002182,499.18,499.18,0.00
PED-2025-002183,897.78,897.78,0.00
PED-2025-002184,530.27,530.27,0.00
PED-2025-002185,382.61,382.61,0.00
PED-2025-002186,691.59,691.59,0.00
PED-2025-002187,918.57,918.57,0.00
PED-2025-002188,731.40,731.40,0.00
PED-2025-002189,422.11,422.11,0.00
PED-2025-002190,823.24,823.24,0.00
PED-2025-002191,1222.87,1222.87,0.00
PED-2025-002192,734.65,734.65,0.00
PED-2025-002193,547.79,547.79,0.00
PED-2025-002194,895.83,895.83,0.00
PED-2025-002195,1403.62,1403.62,0.00
PED-2025-002196,958.00,958.00,0.00
PED-2025-002197,523.66,523.66,0.00
PED-2025-002198,1139.99,1139.99,0.00
PED-2025-002199,1505.13,1505.13,0.00
PED-2025-002200,955.89,955.89,0.00
PED-2025-002201,760.22,760.22,0.00
PED-2025-002202,1385.75,1385.75,0.00
PED-2025-002203,2044.16,2044.16,0.00
PED-2025-002204,1366.57,1366.57,0.00
PED-2025-002205,842.42,842.42,0.00
PED-2025-002206,1533.71,1533.71,0.00
PED-2025-002207,2257.88,2257.88,0.00
PED-2025-002208,1361.09,1361.09,0.00
PED-2025-002209,464.30,464.30,0.00
PED-2025-002210,914.47,914.47,0.00
PED-2025-002211,1397.52,1397.52,0.00
PED-2025-002212,1509.05,1509.05,0.00
PED-2025-002213,239.62,239.62,0.00
PED-2025-002214,448.67,448.67,0.00
PED-2025-002215,690.60,690.60,0.00
PED-2025-002216,429.49,429.49,0.00
PED-2025-002217,321.82,321.82,0.00
PED-2025-002218,596.63,596.63,0.00
PED-2025-002219,904.32,904.32,0.00
PED-2025-002220,577.45,577.45,0.00
PED-2025-002221,404.02,404.02,0.00
PED-2025-002222,744.59,744.59,0.00
PED-2025-002223,1118.04,1118.04,0.00
PED-2025-002224,725.41,725.41,0.00
PED-2025-002225,486.22,486.22,0.00
PED-2025-002226,892.55,892.55,0.00
PED-2025-002227,1331.76,1331.76,0.00
PED-2025-002228,873.37,873.37,0.00
PED-2025-002229,568.42,568.42,0.00
PED-2025-002230,1040.51,1040.51,0.00
PED-2025-002231,1410.45,1410.45,0.00
PED-2025-002232,813.03,813.03,0.00
PED-2025-002233,598.24,598.24,0.00
PED-2025-002234,976.92,976.92,0.00
PED-2025-002235,1525.81,1525.81,0.00
PED-2025-002236,1046.20,1046.20,0.00
PED-2025-002237,565.86,565.86,0.00
PED-2025-002238,1230.93,1230.93,0.00
PED-2025-002239,1622.44,1622.44,0.00
PED-2025-002240,1024.33,1024.33,0.00
PED-2025-002241,709.36,709.36,0.00
PED-2025-002242,1146.65,1146.65,0.00
PED-2025-002243,2015.73,2015.73,0.00
PED-2025-002244,1238.32,1238.32,0.00
PED-2025-002245,350.57,350.57,0.00
PED-2025-002246,770.75,770.75,0.00
PED-2025-002247,1049.28,1049.28,0.00
PED-2025-002248,1385.15,1385.15,0.00
PED-2025-002249,435.83,435.83,0.00
PED-2025-002250,829.67,829.67,0.00
PED-2025-002251,619.36,619.36,0.00
PED-2025-002252,380.17,380.17,0.00
PED-2025-002253,294.42,294.42,0.00
PED-2025-002254,547.31,547.31,0.00
PED-2025-002255,833.08,833.08,0.00
PED-2025-002256,528.13,528.13,0.00
PED-2025-002257,376.62,376.62,0.00
PED-2025-002258,695.27,695.27,0.00
PED-2025-002259,1046.80,1046.80,0.00
PED-2025-002260,676.09,676.09,0.00
PED-2025-002261,458.82,458.82,0.00
PED-2025-002262,843.23,843.23,0.00
PED-2025-002263,1260.52,1260.52,0.00
PED-2025-002264,824.05,824.05,0.00
PED-2025-002265,541.02,541.02,0.00
PED-2025-002266,991.19,991.19,0.00
PED-2025-002267,1474.24,1474.24,0.00
PED-2025-002268,972.01,972.01,0.00
PED-2025-002269,623.22,623.22,0.00
PED-2025-002270,1139.15,1139.15,0.00
PED-2025-002271,1687.96,1687.96,0.00
PED-2025-002272,1119.97,1119.97,0.00
PED-2025-002273,705.42,705.42,0.00
PED-2025-002274,1287.11,1287.11,0.00
PED-2025-002275,1901.68,1901.68,0.00
PED-2025-002276,1267.93,1267.93,0.00
PED-2025-002277,787.62,787.62,0.00
PED-2025-002278,1435.07,1435.07,0.00
PED-2025-002279,2115.40,2115.40,0.00
PED-2025-002280,1415.89,1415.89,0.00
PED-2025-002281,788.52,788.52,0.00
PED-2025-002282,647.43,647.43,0.00
PED-2025-002283,1180.58,1180.58,0.00
PED-2025-002284,1198.82,1198.82,0.00
PED-2025-002285,398.24,398.24,0.00
PED-2025-002286,856.78,856.78,0.00
PED-2025-002287,1159.44,1159.44,0.00
PED-2025-002288,312.21,312.21,0.00
PED-2025-002289,219.92,219.92,0.00
PED-2025-002290,440.98,440.98,0.00
PED-2025-002291,663.09,663.09,0.00
PED-2025-002292,382.06,382.06,0.00
PED-2025-002293,320.95,320.95,0.00
PED-2025-002294,530.86,530.86,0.00
PED-2025-002295,853.66,853.66,0.00
PED-2025-002296,560.96,560.96,0.00
PED-2025-002297,333.79,333.79,0.00
PED-2025-002298,730.60,730.60,0.00
PED-2025-002299,977.46,977.46,0.00
PED-2025-002300,610.65,610.65,0.00
PED-2025-002301,513.62,513.62,0.00
PED-2025-002302,941.87,941.87,0.00
PED-2025-002303,1403.00,1403.00,0.00
PED-2025-002304,922.69,922.69,0.00
PED-2025-002305,595.82,595.82,0.00
PED-2025-002306,1089.83,1089.83,0.00
PED-2025-002307,1616.72,1616.72,0.00
PED-2025-002308,1070.65,1070.65,0.00
PED-2025-002309,678.02,678.02,0.00
PED-2025-002310,1237.79,1237.79,0.00
PED-2025-002311,1830.44,1830.44,0.00
PED-2025-002312,1218.61,1218.61,0.00
PED-2025-002313,760.22,760.22,0.00
PED-2025-002314,1385.75,1385.75,0.00
PED-2025-002315,2044.16,2044.16,0.00
PED-2025-002316,1366.57,1366.57,0.00
PED-2025-002317,842.42,842.42,0.00
PED-2025-002318,1533.71,1533.71,0.00
PED-2025-002319,2257.88,2257.88,0.00
PED-2025-002320,1361.09,1361.09,0.00
PED-2025-002321,464.30,464.30,0.00
PED-2025-002322,914.47,914.47,0.00
PED-2025-002323,1397.52,1397.52,0.00
PED-2025-002324,1509.05,1509.05,0.00
PED-2025-002325,239.62,239.62,0.00
PED-2025-002326,448.67,448.67,0.00
PED-2025-002327,690.60,690.60,0.00
PED-2025-002328,429.49,429.49,0.00
PED-2025-002329,321.82,321.82,0.00
PED-2025-002330,596.63,596.63,0.00
PED-2025-002331,821.09,821.09,0.00
PED-2025-002332,460.44,460.44,0.00
PED-2025-002333,371.35,371.35,0.00
PED-2025-002334,611.94,611.94,0.00
PED-2025-002335,975.92,975.92,0.00
PED-2025-002336,649.23,649.23,0.00
PED-2025-002337,375.99,375.99,0.00
PED-2025-002338,821.59,821.59,0.00
PED-2025-002339,1094.70,1094.70,0.00
PED-2025-002340,681.56,681.56,0.00
PED-2025-002341,494.82,494.82,0.00
PED-2025-002342,803.90,803.90,0.00
PED-2025-002343,1423.90,1423.90,0.00
PED-2025-002344,863.50,863.50,0.00
PED-2025-002345,573.32,573.32,0.00
PED-2025-002346,1035.73,1035.73,0.00
PED-2025-002347,1359.21,1359.21,0.00
PED-2025-002348,1104.06,1104.06,0.00
PED-2025-002349,601.84,601.84,0.00
PED-2025-002350,1202.31,1202.31,0.00
PED-2025-002351,1972.92,1972.92,0.00
PED-2025-002352,1317.25,1317.25,0.00
PED-2025-002353,815.02,815.02,0.00
PED-2025-002354,1484.39,1484.39,0.00
PED-2025-002355,2186.64,2186.64,0.00
PED-2025-002356,1465.21,1465.21,0.00
PED-2025-002357,436.90,436.90,0.00
PED-2025-002358,865.15,865.15,0.00
PED-2025-002359,1326.28,1326.28,0.00
PED-2025-002360,1459.73,1459.73,0.00
PED-2025-002361,519.10,519.10,0.00
PED-2025-002362,1013.11,1013.11,0.00
PED-2025-002363,619.36,619.36,0.00
PED-2025-002364,380.17,380.17,0.00
PED-2025-002365,294.42,294.42,0.00
PED-2025-002366,547.31,547.31,0.00
PED-2025-002367,833.08,833.08,0.00
PED-2025-002368,528.13,528.13,0.00
PED-2025-002369,376.62,376.62,0.00
PED-2025-002370,695.27,695.27,0.00
PED-2025-002371,1046.80,1046.80,0.00
PED-2025-002372,676.09,676.09,0.00
PED-2025-002373,458.82,458.82,0.00
PED-2025-002374,843.23,843.23,0.00
PED-2025-002375,1260.52,1260.52,0.00
PED-2025-002376,824.05,824.05,0.00
PED-2025-002377,541.02,541.02,0.00
PED-2025-002378,991.19,991.19,0.00
PED-2025-002379,1474.24,1474.24,0.00
PED-2025-002380,972.01,972.01,0.00
PED-2025-002381,564.12,564.12,0.00
PED-2025-002382,880.04,880.04,0.00
PED-2025-002383,1555.38,1555.38,0.00
PED-2025-002384,946.75,946.75,0.00
PED-2025-002385,620.99,620.99,0.00
PED-2025-002386,1121.77,1121.77,0.00
PED-2025-002387,1469.31,1469.31,0.00
PED-2025-002388,1197.20,1197.20,0.00
PED-2025-002389,646.79,646.79,0.00
PED-2025-002390,1247.94,1247.94,0.00
PED-2025-002391,1844.85,1844.85,0.00
PED-2025-002392,1126.47,1126.47,0.00
PED-2025-002393,799.87,799.87,0.00
PED-2025-002394,687.60,687.60,0.00
PED-2025-002395,994.25,994.25,0.00
PED-2025-002396,1268.72,1268.72,0.00
PED-2025-002397,389.40,389.40,0.00
PED-2025-002398,904.33,904.33,0.00
PED-2025-002399,1232.24,1232.24,0.00
PED-2025-002400,265.41,265.41,0.00
PED-2025-002401,267.02,267.02,0.00
PED-2025-002402,497.99,497.99,0.00
PED-2025-002403,761.84,761.84,0.00
PED-2025-002404,478.81,478.81,0.00
PED-2025-002405,349.22,349.22,0.00
PED-2025-002406,645.95,645.95,0.00
PED-2025-002407,975.56,975.56,0.00
PED-2025-002408,626.77,626.77,0.00
PED-2025-002409,431.42,431.42,0.00
PED-2025-002410,793.91,793.91,0.00
PED-2025-002411,1189.28,1189.28,0.00
PED-2025-002412,774.73,774.73,0.00
PED-2025-002413,513.62,513.62,0.00
PED-2025-002414,941.87,941.87,0.00
PED-2025-002415,1403.00,1403.00,0.00
PED-2025-002416,922.69,922.69,0.00
PED-2025-002417,595.82,595.82,0.00
PED-2025-002418,1089.83,1089.83,0.00
PED-2025-002419,1616.72,1616.72,0.00
PED-2025-002420,1070.65,1070.65,0.00
PED-2025-002421,678.02,678.02,0.00
PED-2025-002422,1237.79,1237.79,0.00
PED-2025-002423,1830.44,1830.44,0.00
PED-2025-002424,1218.61,1218.61,0.00
PED-2025-002425,760.22,760.22,0.00
PED-2025-002426,1385.75,1385.75,0.00
PED-2025-002427,2044.16,2044.16,0.00
PED-2025-002428,1366.57,1366.57,0.00
PED-2025-002429,842.42,842.42,0.00
PED-2025-002430,1533.71,1533.71,0.00
PED-2025-002431,2065.31,2065.31,0.00
PED-2025-002432,1089.77,1089.77,0.00
PED-2025-002433,436.02,436.02,0.00
PED-2025-002434,768.69,768.69,0.00
PED-2025-002435,1116.44,1116.44,0.00
PED-2025-002436,1356.91,1356.91,0.00
PED-2025-002437,186.10,186.10,0.00
PED-2025-002438,412.24,412.24,0.00
PED-2025-002439,567.03,567.03,0.00
PED-2025-002440,338.79,338.79,0.00
PED-2025-002441,280.28,280.28,0.00
PED-2025-002442,461.11,461.11,0.00
PED-2025-002443,832.01,832.01,0.00
PED-2025-002444,488.61,488.61,0.00
PED-2025-002445,358.79,358.79,0.00
PED-2025-002446,648.57,648.57,0.00
PED-2025-002447,863.52,863.52,0.00
PED-2025-002448,684.87,684.87,0.00
PED-2025-002449,399.65,399.65,0.00
PED-2025-002450,807.75,807.75,0.00
PED-2025-002451,1331.76,1331.76,0.00
PED-2025-002452,873.37,873.37,0.00
PED-2025-002453,568.42,568.42,0.00
PED-2025-002454,1040.51,1040.51,0.00
PED-2025-002455,1545.48,1545.48,0.00
PED-2025-002456,1021.33,1021.33,0.00
PED-2025-002457,650.62,650.62,0.00
PED-2025-002458,1188.47,1188.47,0.00
PED-2025-002459,1759.20,1759.20,0.00
PED-2025-002460,1169.29,1169.29,0.00
PED-2025-002461,732.82,732.82,0.00
PED-2025-002462,1336.43,1336.43,0.00
PED-2025-002463,1972.92,1972.92,0.00
PED-2025-002464,1317.25,1317.25,0.00
PED-2025-002465,815.02,815.02,0.00
PED-2025-002466,1484.39,1484.39,0.00
PED-2025-002467,2186.64,2186.64,0.00
PED-2025-002468,1465.21,1465.21,0.00
PED-2025-002469,436.90,436.90,0.00
PED-2025-002470,865.15,865.15,0.00
PED-2025-002471,1326.28,1326.28,0.00
PED-2025-002472,1459.73,1459.73,0.00
PED-2025-002473,519.10,519.10,0.00
PED-2025-002474,1013.11,1013.11,0.00
PED-2025-002475,619.36,619.36,0.00
PED-2025-002476,380.17,380.17,0.00
PED-2025-002477,294.42,294.42,0.00
PED-2025-002478,547.31,547.31,0.00
PED-2025-002479,833.08,833.08,0.00
PED-2025-002480,528.13,528.13,0.00
PED-2025-002481,339.72,339.72,0.00
PED-2025-002482,537.29,537.29,0.00
PED-2025-002483,963.62,963.62,0.00
PED-2025-002484,571.94,571.94,0.00
PED-2025-002485,406.46,406.46,0.00
PED-2025-002486,734.56,734.56,0.00
PED-2025-002487,973.68,973.68,0.00
PED-2025-002488,778.01,778.01,0.00
PED-2025-002489,444.60,444.60,0.00
PED-2025-002490,865.68,865.68,0.00
PED-2025-002491,1285.07,1285.07,0.00
PED-2025-002492,773.88,773.88,0.00
PED-2025-002493,573.03,573.03,0.00
PED-2025-002494,936.38,936.38,0.00
PED-2025-002495,1464.68,1464.68,0.00
PED-2025-002496,1002.10,1002.10,0.00
PED-2025-002497,544.77,544.77,0.00
PED-2025-002498,1185.44,1185.44,0.00
PED-2025-002499,1563.82,1563.82,0.00
PED-2025-002500,994.25,994.25,0.00
PED-2025-002501,787.62,787.62,0.00
PED-2025-002502,1435.07,1435.07,0.00
PED-2025-002503,2115.40,2115.40,0.00
PED-2025-002504,1415.89,1415.89,0.00
PED-2025-002505,869.82,869.82,0.00
PED-2025-002506,815.83,815.83,0.00
PED-2025-002507,1255.04,1255.04,0.00
PED-2025-002508,1410.41,1410.41,0.00
PED-2025-002509,491.70,491.70,0.00
PED-2025-002510,963.79,963.79,0.00
PED-2025-002511,1468.76,1468.76,0.00
PED-2025-002512,330.85,330.85,0.00
PED-2025-002513,267.02,267.02,0.00
PED-2025-002514,497.99,497.99,0.00
PED-2025-002515,761.84,761.84,0.00
PED-2025-002516,478.81,478.81,0.00
PED-2025-002517,349.22,349.22,0.00
PED-2025-002518,645.95,645.95,0.00
PED-2025-002519,975.56,975.56,0.00
PED-2025-002520,626.77,626.77,0.00
PED-2025-002521,431.42,431.42,0.00
PED-2025-002522,793.91,793.91,0.00
PED-2025-002523,1189.28,1189.28,0.00
PED-2025-002524,774.73,774.73,0.00
PED-2025-002525,513.62,513.62,0.00
PED-2025-002526,941.87,941.87,0.00
PED-2025-002527,1403.00,1403.00,0.00
PED-2025-002528,922.69,922.69,0.00
PED-2025-002529,595.82,595.82,0.00
PED-2025-002530,1089.83,1089.83,0.00
PED-2025-002531,1475.95,1475.95,0.00
PED-2025-002532,852.26,852.26,0.00
PED-2025-002533,623.43,623.43,0.00
PED-2025-002534,1017.46,1017.46,0.00
PED-2025-002535,1586.94,1586.94,0.00
PED-2025-002536,1090.37,1090.37,0.00
PED-2025-002537,586.97,586.97,0.00
PED-2025-002538,1276.43,1276.43,0.00
PED-2025-002539,1681.06,1681.06,0.00
PED-2025-002540,1062.42,1062.42,0.00
PED-2025-002541,733.20,733.20,0.00
PED-2025-002542,1184.76,1184.76,0.00
PED-2025-002543,2081.50,2081.50,0.00
PED-2025-002544,1157.23,1157.23,0.00
PED-2025-002545,374.39,374.39,0.00
PED-2025-002546,813.81,813.81,0.00
PED-2025-002547,1104.39,1104.39,0.00
PED-2025-002548,1431.76,1431.76,0.00
PED-2025-002549,197.43,197.43,0.00
PED-2025-002550,413.19,413.19,0.00
PED-2025-002551,690.60,690.60,0.00
PED-2025-002552,429.49,429.49,0.00
PED-2025-002553,321.82,321.82,0.00
PED-2025-002554,596.63,596.63,0.00
PED-2025-002555,904.32,904.32,0.00
PED-2025-002556,577.45,577.45,0.00
PED-2025-002557,404.02,404.02,0.00
PED-2025-002558,744.59,744.59,0.00
PED-2025-002559,1118.04,1118.04,0.00
PED-2025-002560,725.41,725.41,0.00
PED-2025-002561,486.22,486.22,0.00
PED-2025-002562,892.55,892.55,0.00
PED-2025-002563,1331.76,1331.76,0.00
PED-2025-002564,873.37,873.37,0.00
PED-2025-002565,568.42,568.42,0.00
PED-2025-002566,1040.51,1040.51,0.00
PED-2025-002567,1545.48,1545.48,0.00
PED-2025-002568,1021.33,1021.33,0.00
PED-2025-002569,650.62,650.62,0.00
PED-2025-002570,1188.47,1188.47,0.00
PED-2025-002571,1759.20,1759.20,0.00
PED-2025-002572,1169.29,1169.29,0.00
PED-2025-002573,732.82,732.82,0.00
PED-2025-002574,1336.43,1336.43,0.00
PED-2025-002575,1972.92,1972.92,0.00
PED-2025-002576,1317.25,1317.25,0.00
PED-2025-002577,815.02,815.02,0.00
PED-2025-002578,1484.39,1484.39,0.00
PED-2025-002579,2186.64,2186.64,0.00
PED-2025-002580,1465.21,1465.21,0.00
PED-2025-002581,422.17,422.17,0.00
PED-2025-002582,685.50,685.50,0.00
PED-2025-002583,1246.35,1246.35,0.00
PED-2025-002584,1240.48,1240.48,0.00
PED-2025-002585,422.09,422.09,0.00
PED-2025-002586,899.80,899.80,0.00
PED-2025-002587,477.99,477.99,0.00
PED-2025-002588,358.74,358.74,0.00
PED-2025-002589,242.38,242.38,0.00
PED-2025-002590,483.47,483.47,0.00
PED-2025-002591,725.29,725.29,0.00
PED-2025-002592,421.21,421.21,0.00
PED-2025-002593,346.16,346.16,0.00
PED-2025-002594,571.40,571.40,0.00
PED-2025-002595,914.79,914.79,0.00
PED-2025-002596,605.06,605.06,0.00
PED-2025-002597,354.88,354.88,0.00
PED-2025-002598,776.09,776.09,0.00
PED-2025-002599,1036.08,1036.08,0.00
PED-2025-002600,649.01,649.01,0.00
PED-2025-002601,541.02,541.02,0.00
PED-2025-002602,991.19,991.19,0.00
PED-2025-002603,1474.24,1474.24,0.00
PED-2025-002604,972.01,972.01,0.00
PED-2025-002605,623.22,623.22,0.00
PED-2025-002606,1139.15,1139.15,0.00
PED-2025-002607,1687.96,1687.96,0.00
PED-2025-002608,1119.97,1119.97,0.00
PED-2025-002609,705.42,705.42,0.00
PED-2025-002610,1287.11,1287.11,0.00
PED-2025-002611,1901.68,1901.68,0.00
PED-2025-002612,1267.93,1267.93,0.00
PED-2025-002613,787.62,787.62,0.00
PED-2025-002614,1435.07,1435.07,0.00
PED-2025-002615,2115.40,2115.40,0.00
PED-2025-002616,1415.89,1415.89,0.00
PED-2025-002617,869.82,869.82,0.00
PED-2025-002618,815.83,815.83,0.00
PED-2025-002619,1255.04,1255.04,0.00
PED-2025-002620,1410.41,1410.41,0.00
PED-2025-002621,491.70,491.70,0.00
PED-2025-002622,963.79,963.79,0.00
PED-2025-002623,1468.76,1468.76,0.00
PED-2025-002624,330.85,330.85,0.00
PED-2025-002625,267.02,267.02,0.00
PED-2025-002626,497.99,497.99,0.00
PED-2025-002627,761.84,761.84,0.00
PED-2025-002628,478.81,478.81,0.00
PED-2025-002629,349.22,349.22,0.00
PED-2025-002630,645.95,645.95,0.00
PED-2025-002631,886.52,886.52,0.00
PED-2025-002632,499.59,499.59,0.00
PED-2025-002633,396.56,396.56,0.00
PED-2025-002634,652.53,652.53,0.00
PED-2025-002635,1036.98,1036.98,0.00
PED-2025-002636,693.33,693.33,0.00
PED-2025-002637,397.08,397.08,0.00
PED-2025-002638,867.08,867.08,0.00
PED-2025-002639,1153.39,1153.39,0.00
PED-2025-002640,719.65,719.65,0.00
PED-2025-002641,518.66,518.66,0.00
PED-2025-002642,841.97,841.97,0.00
PED-2025-002643,1489.61,1489.61,0.00
PED-2025-002644,905.09,905.09,0.00
PED-2025-002645,597.17,597.17,0.00
PED-2025-002646,1078.75,1078.75,0.00
PED-2025-002647,1414.26,1414.26,0.00
PED-2025-002648,1150.67,1150.67,0.00
PED-2025-002649,624.33,624.33,0.00
PED-2025-002650,1246.15,1246.15,0.00
PED-2025-002651,2044.16,2044.16,0.00
PED-2025-002652,1366.57,1366.57,0.00
PED-2025-002653,842.42,842.42,0.00
PED-2025-002654,1533.71,1533.71,0.00
PED-2025-002655,2257.88,2257.88,0.00
PED-2025-002656,1361.09,1361.09,0.00
PED-2025-002657,464.30,464.30,0.00
PED-2025-002658,914.47,914.47,0.00
PED-2025-002659,1397.52,1397.52,0.00
PED-2025-002660,1509.05,1509.05,0.00
PED-2025-002661,239.62,239.62,0.00
PED-2025-002662,448.67,448.67,0.00
PED-2025-002663,690.60,690.60,0.00
PED-2025-002664,429.49,429.49,0.00
PED-2025-002665,321.82,321.82,0.00
PED-2025-002666,596.63,596.63,0.00
PED-2025-002667,904.32,904.32,0.00
PED-2025-002668,577.45,577.45,0.00
PED-2025-002669,404.02,404.02,0.00
PED-2025-002670,744.59,744.59,0.00
PED-2025-002671,1118.04,1118.04,0.00
PED-2025-002672,725.41,725.41,0.00
PED-2025-002673,486.22,486.22,0.00
PED-2025-002674,892.55,892.55,0.00
PED-2025-002675,1331.76,1331.76,0.00
PED-2025-002676,873.37,873.37,0.00
PED-2025-002677,568.42,568.42,0.00
PED-2025-002678,1040.51,1040.51,0.00
PED-2025-002679,1545.48,1545.48,0.00
PED-2025-002680,1021.33,1021.33,0.00
PED-2025-002681,589.06,589.06,0.00
PED-2025-002682,918.15,918.15,0.00
PED-2025-002683,1621.22,1621.22,0.00
PED-2025-002684,988.42,988.42,0.00
PED-2025-002685,644.84,644.84,0.00
PED-2025-002686,1164.74,1164.74,0.00
PED-2025-002687,1524.42,1524.42,0.00
PED-2025-002688,1243.81,1243.81,0.00
PED-2025-002689,669.28,669.28,0.00
PED-2025-002690,1290.38,1290.38,0.00
PED-2025-002691,1907.05,1907.05,0.00
PED-2025-002692,1165.70,1165.70,0.00
PED-2025-002693,410.81,410.81,0.00
PED-2025-002694,728.10,728.10,0.00
PED-2025-002695,1055.38,1055.38,0.00
PED-2025-002696,1312.81,1312.81,0.00
PED-2025-002697,410.51,410.51,0.00
PED-2025-002698,949.83,949.83,0.00
PED-2025-002699,508.34,508.34,0.00
PED-2025-002700,303.77,303.77,0.00
PED-2025-002701,294.42,294.42,0.00
PED-2025-002702,547.31,547.31,0.00
PED-2025-002703,833.08,833.08,0.00
PED-2025-002704,528.13,528.13,0.00
PED-2025-002705,376.62,376.62,0.00
PED-2025-002706,695.27,695.27,0.00
PED-2025-002707,1046.80,1046.80,0.00
PED-2025-002708,676.09,676.09,0.00
PED-2025-002709,458.82,458.82,0.00
PED-2025-002710,843.23,843.23,0.00
PED-2025-002711,1260.52,1260.52,0.00
PED-2025-002712,824.05,824.05,0.00
PED-2025-002713,541.02,541.02,0.00
PED-2025-002714,991.19,991.19,0.00
PED-2025-002715,1474.24,1474.24,0.00
PED-2025-002716,972.01,972.01,0.00
PED-2025-002717,623.22,623.22,0.00
PED-2025-002718,1139.15,1139.15,0.00
PED-2025-002719,1687.96,1687.96,0.00
PED-2025-002720,1119.97,1119.97,0.00
PED-2025-002721,705.42,705.42,0.00
PED-2025-002722,1287.11,1287.11,0.00
PED-2025-002723,1901.68,1901.68,0.00
PED-2025-002724,1267.93,1267.93,0.00
PED-2025-002725,787.62,787.62,0.00
PED-2025-002726,1435.07,1435.07,0.00
PED-2025-002727,2115.40,2115.40,0.00
PED-2025-002728,1415.89,1415.89,0.00
PED-2025-002729,869.82,869.82,0.00
PED-2025-002730,815.83,815.83,0.00
PED-2025-002731,1217.80,1217.80,0.00
PED-2025-002732,1129.00,1129.00,0.00
PED-2025-002733,461.21,461.21,0.00
PED-2025-002734,809.23,809.23,0.00
PED-2025-002735,1177.57,1177.57,0.00
PED-2025-002736,296.29,296.29,0.00
PED-2025-002737,207.19,207.19,0.00
PED-2025-002738,457.73,457.73,0.00
PED-2025-002739,625.59,625.59,0.00
PED-2025-002740,376.87,376.87,0.00
PED-2025-002741,304.14,304.14,0.00
PED-2025-002742,499.18,499.18,0.00
PED-2025-002743,897.78,897.78,0.00
PED-2025-002744,530.27,530.27,0.00
PED-2025-002745,382.61,382.61,0.00
PED-2025-002746,691.59,691.59,0.00
PED-2025-002747,918.57,918.57,0.00
PED-2025-002748,731.40,731.40,0.00
PED-2025-002749,422.11,422.11,0.00
PED-2025-002750,851.59,851.59,0.00
PED-2025-002751,1403.00,1403.00,0.00
PED-2025-002752,922.69,922.69,0.00
PED-2025-002753,595.82,595.82,0.00
PED-2025-002754,1089.83,1089.83,0.00
PED-2025-002755,1616.72,1616.72,0.00
PED-2025-002756,1070.65,1070.65,0.00
PED-2025-002757,678.02,678.02,0.00
PED-2025-002758,1237.79,1237.79,0.00
PED-2025-002759,1830.44,1830.44,0.00
PED-2025-002760,1218.61,1218.61,0.00
PED-2025-002761,760.22,760.22,0.00
PED-2025-002762,1385.75,1385.75,0.00
PED-2025-002763,2044.16,2044.16,0.00
PED-2025-002764,1366.57,1366.57,0.00
PED-2025-002765,842.42,842.42,0.00
PED-2025-002766,1533.71,1533.71,0.00
PED-2025-002767,2257.88,2257.88,0.00
PED-2025-002768,1361.09,1361.09,0.00
PED-2025-002769,464.30,464.30,0.00
PED-2025-002770,914.47,914.47,0.00
PED-2025-002771,1397.52,1397.52,0.00
PED-2025-002772,1509.05,1509.05,0.00
PED-2025-002773,239.62,239.62,0.00
PED-2025-002774,448.67,448.67,0.00
PED-2025-002775,690.60,690.60,0.00
PED-2025-002776,429.49,429.49,0.00
PED-2025-002777,321.82,321.82,0.00
PED-2025-002778,596.63,596.63,0.00
PED-2025-002779,904.32,904.32,0.00
PED-2025-002780,577.45,577.45,0.00
PED-2025-002781,364.63,364.63,0.00
PED-2025-002782,575.36,575.36,0.00
PED-2025-002783,1029.33,1029.33,0.00
PED-2025-002784,613.60,613.60,0.00
PED-2025-002785,430.31,430.31,0.00
PED-2025-002786,777.58,777.58,0.00
PED-2025-002787,1028.73,1028.73,0.00
PED-2025-002788,824.54,824.54,0.00
PED-2025-002789,467.06,467.06,0.00
PED-2025-002790,908.17,908.17,0.00
PED-2025-002791,1347.27,1347.27,0.00
PED-2025-002792,813.03,813.03,0.00
PED-2025-002793,598.24,598.24,0.00
PED-2025-002794,976.92,976.92,0.00
PED-2025-002795,1525.81,1525.81,0.00
PED-2025-002796,1046.20,1046.20,0.00
PED-2025-002797,565.86,565.86,0.00
PED-2025-002798,1230.93,1230.93,0.00
PED-2025-002799,1622.44,1622.44,0.00
PED-2025-002800,1032.61,1032.61,0.00
PED-2025-002801,815.02,815.02,0.00
PED-2025-002802,1484.39,1484.39,0.00
PED-2025-002803,2186.64,2186.64,0.00
PED-2025-002804,1465.21,1465.21,0.00
PED-2025-002805,436.90,436.90,0.00
PED-2025-002806,865.15,865.15,0.00
PED-2025-002807,1326.28,1326.28,0.00
PED-2025-002808,1459.73,1459.73,0.00
PED-2025-002809,519.10,519.10,0.00
PED-2025-002810,1013.11,1013.11,0.00
PED-2025-002811,619.36,619.36,0.00
PED-2025-002812,380.17,380.17,0.00
PED-2025-002813,294.42,294.42,0.00
PED-2025-002814,547.31,547.31,0.00
PED-2025-002815,833.08,833.08,0.00
PED-2025-002816,528.13,528.13,0.00
PED-2025-002817,376.62,376.62,0.00
PED-2025-002818,695.27,695.27,0.00
PED-2025-002819,1046.80,1046.80,0.00
PED-2025-002820,676.09,676.09,0.00
PED-2025-002821,458.82,458.82,0.00
PED-2025-002822,843.23,843.23,0.00
PED-2025-002823,1260.52,1260.52,0.00
PED-2025-002824,824.05,824.05,0.00
PED-2025-002825,541.02,541.02,0.00
PED-2025-002826,991.19,991.19,0.00
PED-2025-002827,1474.24,1474.24,0.00
PED-2025-002828,972.01,972.01,0.00
PED-2025-002829,623.22,623.22,0.00
PED-2025-002830,1139.15,1139.15,0.00
PED-2025-002831,1541.38,1541.38,0.00
PED-2025-002832,891.41,891.41,0.00
PED-2025-002833,648.64,648.64,0.00
PED-2025-002834,1058.05,1058.05,0.00
PED-2025-002835,1648.00,1648.00,0.00
PED-2025-002836,1134.47,1134.47,0.00
PED-2025-002837,608.06,608.06,0.00
PED-2025-002838,1321.92,1321.92,0.00
PED-2025-002839,1739.75,1739.75,0.00
PED-2025-002840,1100.51,1100.51,0.00
PED-2025-002841,757.04,757.04,0.00
PED-2025-002842,647.43,647.43,0.00
PED-2025-002843,1180.58,1180.58,0.00
PED-2025-002844,1198.82,1198.82,0.00
PED-2025-002845,398.24,398.24,0.00
PED-2025-002846,856.78,856.78,0.00
PED-2025-002847,1159.44,1159.44,0.00
PED-2025-002848,312.21,312.21,0.00
PED-2025-002849,219.92,219.92,0.00
PED-2025-002850,457.03,457.03,0.00
PED-2025-002851,748.94,748.94,0.00
PED-2025-002852,465.91,465.91,0.00
PED-2025-002853,336.32,336.32,0.00
PED-2025-002854,633.05,633.05,0.00
PED-2025-002855,962.66,962.66,0.00
PED-2025-002856,613.87,613.87,0.00
PED-2025-002857,418.52,418.52,0.00
PED-2025-002858,781.01,781.01,0.00
PED-2025-002859,1176.38,1176.38,0.00
PED-2025-002860,761.83,761.83,0.00
PED-2025-002861,500.72,500.72,0.00
PED-2025-002862,928.97,928.97,0.00
PED-2025-002863,1390.10,1390.10,0.00
PED-2025-002864,909.79,909.79,0.00
PED-2025-002865,582.92,582.92,0.00
PED-2025-002866,1076.93,1076.93,0.00
PED-2025-002867,1603.82,1603.82,0.00
PED-2025-002868,1057.75,1057.75,0.00
PED-2025-002869,665.12,665.12,0.00
PED-2025-002870,1224.89,1224.89,0.00
PED-2025-002871,1817.54,1817.54,0.00
PED-2025-002872,1205.71,1205.71,0.00
PED-2025-002873,747.32,747.32,0.00
PED-2025-002874,1372.85,1372.85,0.00
PED-2025-002875,2031.26,2031.26,0.00
PED-2025-002876,1353.67,1353.67,0.00
PED-2025-002877,829.52,829.52,0.00
PED-2025-002878,1520.81,1520.81,0.00
PED-2025-002879,2244.98,2244.98,0.00
PED-2025-002880,1348.19,1348.19,0.00
PED-2025-002881,434.21,434.21,0.00
PED-2025-002882,710.71,710.71,0.00
PED-2025-002883,1299.22,1299.22,0.00
PED-2025-002884,1269.24,1269.24,0.00
PED-2025-002885,202.85,202.85,0.00
PED-2025-002886,377.56,377.56,0.00
PED-2025-002887,520.20,520.20,0.00
PED-2025-002888,392.46,392.46,0.00
PED-2025-002889,251.92,251.92,0.00
PED-2025-002890,513.01,513.01,0.00
PED-2025-002891,774.59,774.59,0.00
PED-2025-002892,447.54,447.54,0.00
PED-2025-002893,358.45,358.45,0.00
PED-2025-002894,599.04,599.04,0.00
PED-2025-002895,963.02,963.02,0.00
PED-2025-002896,636.33,636.33,0.00
PED-2025-002897,363.09,363.09,0.00
PED-2025-002898,808.69,808.69,0.00
PED-2025-002899,1081.80,1081.80,0.00
PED-2025-002900,674.47,674.47,0.00
PED-2025-002901,555.52,555.52,0.00
PED-2025-002902,1027.61,1027.61,0.00
PED-2025-002903,1532.58,1532.58,0.00
PED-2025-002904,1008.43,1008.43,0.00
PED-2025-002905,637.72,637.72,0.00
PED-2025-002906,1175.57,1175.57,0.00
PED-2025-002907,1746.30,1746.30,0.00
PED-2025-002908,1156.39,1156.39,0.00
PED-2025-002909,719.92,719.92,0.00
PED-2025-002910,1323.53,1323.53,0.00
PED-2025-002911,1960.02,1960.02,0.00
PED-2025-002912,1304.35,1304.35,0.00
PED-2025-002913,802.12,802.12,0.00
PED-2025-002914,1471.49,1471.49,0.00
PED-2025-002915,2173.74,2173.74,0.00
PED-2025-002916,1452.31,1452.31,0.00
PED-2025-002917,424.00,424.00,0.00
PED-2025-002918,852.25,852.25,0.00
PED-2025-002919,1313.38,1313.38,0.00
PED-2025-002920,1446.83,1446.83,0.00
PED-2025-002921,506.20,506.20,0.00
PED-2025-002922,1000.21,1000.21,0.00
PED-2025-002923,606.46,606.46,0.00
PED-2025-002924,367.27,367.27,0.00
PED-2025-002925,281.52,281.52,0.00
PED-2025-002926,534.41,534.41,0.00
PED-2025-002927,820.18,820.18,0.00
PED-2025-002928,515.23,515.23,0.00
PED-2025-002929,363.72,363.72,0.00
PED-2025-002930,682.37,682.37,0.00
PED-2025-002931,939.12,939.12,0.00
PED-2025-002932,525.84,525.84,0.00
PED-2025-002933,408.85,408.85,0.00
PED-2025-002934,680.17,680.17,0.00
PED-2025-002935,1085.21,1085.21,0.00
PED-2025-002936,724.53,724.53,0.00
PED-2025-002937,405.27,405.27,0.00
PED-2025-002938,899.67,899.67,0.00
PED-2025-002939,1199.05,1199.05,0.00
PED-2025-002940,744.83,744.83,0.00
PED-2025-002941,529.62,529.62,0.00
PED-2025-002942,867.14,867.14,0.00
PED-2025-002943,1542.48,1542.48,0.00
PED-2025-002944,933.85,933.85,0.00
PED-2025-002945,608.09,608.09,0.00
PED-2025-002946,1108.87,1108.87,0.00
PED-2025-002947,1456.41,1456.41,0.00
PED-2025-002948,1184.30,1184.30,0.00
PED-2025-002949,633.89,633.89,0.00
PED-2025-002950,1277.09,1277.09,0.00
PED-2025-002951,2102.50,2102.50,0.00
PED-2025-002952,1402.99,1402.99,0.00
PED-2025-002953,856.92,856.92,0.00
PED-2025-002954,802.93,802.93,0.00
PED-2025-002955,1242.14,1242.14,0.00
PED-2025-002956,1397.51,1397.51,0.00
PED-2025-002957,478.80,478.80,0.00
PED-2025-002958,950.89,950.89,0.00
PED-2025-002959,1455.86,1455.86,0.00
PED-2025-002960,317.95,317.95,0.00
PED-2025-002961,254.12,254.12,0.00
PED-2025-002962,485.09,485.09,0.00
PED-2025-002963,748.94,748.94,0.00
PED-2025-002964,465.91,465.91,0.00
PED-2025-002965,336.32,336.32,0.00
PED-2025-002966,633.05,633.05,0.00
PED-2025-002967,962.66,962.66,0.00
PED-2025-002968,613.87,613.87,0.00
PED-2025-002969,418.52,418.52,0.00
PED-2025-002970,781.01,781.01,0.00
PED-2025-002971,1176.38,1176.38,0.00
PED-2025-002972,761.83,761.83,0.00
PED-2025-002973,500.72,500.72,0.00
PED-2025-002974,928.97,928.97,0.00
PED-2025-002975,1390.10,1390.10,0.00
PED-2025-002976,909.79,909.79,0.00
PED-2025-002977,582.92,582.92,0.00
PED-2025-002978,1076.93,1076.93,0.00
PED-2025-002979,1603.82,1603.82,0.00
PED-2025-002980,1057.75,1057.75,0.00
PED-2025-002981,601.07,601.07,0.00
PED-2025-002982,943.32,943.32,0.00
PED-2025-002983,1674.03,1674.03,0.00
PED-2025-002984,1017.18,1017.18,0.00
PED-2025-002985,655.79,655.79,0.00
PED-2025-002986,1194.86,1194.86,0.00
PED-2025-002987,1566.57,1566.57,0.00
PED-2025-002988,1277.44,1277.44,0.00
PED-2025-002989,678.84,678.84,0.00
PED-2025-002990,1319.97,1319.97,0.00
PED-2025-002991,1956.35,1956.35,0.00
PED-2025-002992,1076.87,1076.87,0.00
PED-2025-002993,423.12,423.12,0.00
PED-2025-002994,755.79,755.79,0.00
PED-2025-002995,1103.54,1103.54,0.00
PED-2025-002996,1344.01,1344.01,0.00
PED-2025-002997,173.20,173.20,0.00
PED-2025-002998,399.34,399.34,0.00
PED-2025-002999,554.13,554.13,0.00
PED-2025-003000,329.23,329.23,0.00
PED-2025-003001,308.92,308.92,0.00
PED-2025-003002,583.73,583.73,0.00
PED-2025-003003,891.42,891.42,0.00
PED-2025-003004,564.55,564.55,0.00
PED-2025-003005,391.12,391.12,0.00
PED-2025-003006,731.69,731.69,0.00
PED-2025-003007,1105.14,1105.14,0.00
PED-2025-003008,712.51,712.51,0.00
PED-2025-003009,473.32,473.32,0.00
PED-2025-003010,879.65,879.65,0.00
PED-2025-003011,1318.86,1318.86,0.00
PED-2025-003012,860.47,860.47,0.00
PED-2025-003013,555.52,555.52,0.00
PED-2025-003014,1027.61,1027.61,0.00
PED-2025-003015,1532.58,1532.58,0.00
PED-2025-003016,1008.43,1008.43,0.00
PED-2025-003017,637.72,637.72,0.00
PED-2025-003018,1175.57,1175.57,0.00
PED-2025-003019,1746.30,1746.30,0.00
PED-2025-003020,1156.39,1156.39,0.00
PED-2025-003021,719.92,719.92,0.00
PED-2025-003022,1323.53,1323.53,0.00
PED-2025-003023,1960.02,1960.02,0.00
PED-2025-003024,1304.35,1304.35,0.00
PED-2025-003025,802.12,802.12,0.00
PED-2025-003026,1471.49,1471.49,0.00
PED-2025-003027,2173.74,2173.74,0.00
PED-2025-003028,1452.31,1452.31,0.00
PED-2025-003029,424.00,424.00,0.00
PED-2025-003030,852.25,852.25,0.00
PED-2025-003031,1270.40,1270.40,0.00
PED-2025-003032,1155.25,1155.25,0.00
PED-2025-003033,473.55,473.55,0.00
PED-2025-003034,836.92,836.92,0.00
PED-2025-003035,535.25,535.25,0.00
PED-2025-003036,327.49,327.49,0.00
PED-2025-003037,215.40,215.40,0.00
PED-2025-003038,490.28,490.28,0.00
PED-2025-003039,671.38,671.38,0.00
PED-2025-003040,402.06,402.06,0.00
PED-2025-003041,315.08,315.08,0.00
PED-2025-003042,524.39,524.39,0.00
PED-2025-003043,950.72,950.72,0.00
PED-2025-003044,559.04,559.04,0.00
PED-2025-003045,393.56,393.56,0.00
PED-2025-003046,721.66,721.66,0.00
PED-2025-003047,960.78,960.78,0.00
PED-2025-003048,765.11,765.11,0.00
PED-2025-003049,431.70,431.70,0.00
PED-2025-003050,882.53,882.53,0.00
PED-2025-003051,1461.34,1461.34,0.00
PED-2025-003052,959.11,959.11,0.00
PED-2025-003053,610.32,610.32,0.00
PED-2025-003054,1126.25,1126.25,0.00
PED-2025-003055,1675.06,1675.06,0.00
PED-2025-003056,1107.07,1107.07,0.00
PED-2025-003057,692.52,692.52,0.00
PED-2025-003058,1274.21,1274.21,0.00
PED-2025-003059,1888.78,1888.78,0.00
PED-2025-003060,1255.03,1255.03,0.00
PED-2025-003061,774.72,774.72,0.00
PED-2025-003062,1422.17,1422.17,0.00
PED-2025-003063,2102.50,2102.50,0.00
PED-2025-003064,1402.99,1402.99,0.00
PED-2025-003065,856.92,856.92,0.00
PED-2025-003066,802.93,802.93,0.00
PED-2025-003067,1242.14,1242.14,0.00
PED-2025-003068,1397.51,1397.51,0.00
PED-2025-003069,478.80,478.80,0.00
PED-2025-003070,950.89,950.89,0.00
PED-2025-003071,1455.86,1455.86,0.00
PED-2025-003072,317.95,317.95,0.00
PED-2025-003073,254.12,254.12,0.00
PED-2025-003074,485.09,485.09,0.00
PED-2025-003075,748.94,748.94,0.00
PED-2025-003076,465.91,465.91,0.00
PED-2025-003077,336.32,336.32,0.00
PED-2025-003078,633.05,633.05,0.00
PED-2025-003079,962.66,962.66,0.00
PED-2025-003080,613.87,613.87,0.00
PED-2025-003081,376.67,376.67,0.00
PED-2025-003082,600.57,600.57,0.00
PED-2025-003083,1082.20,1082.20,0.00
PED-2025-003084,642.36,642.36,0.00
PED-2025-003085,441.23,441.23,0.00
PED-2025-003086,807.74,807.74,0.00
PED-2025-003087,1070.94,1070.94,0.00
PED-2025-003088,858.26,858.26,0.00
PED-2025-003089,476.60,476.60,0.00
PED-2025-003090,937.71,937.71,0.00
PED-2025-003091,1396.57,1396.57,0.00
PED-2025-003092,839.36,839.36,0.00
PED-2025-003093,610.53,610.53,0.00
PED-2025-003094,1004.56,1004.56,0.00
PED-2025-003095,1574.04,1574.04,0.00
PED-2025-003096,1077.47,1077.47,0.00
PED-2025-003097,574.07,574.07,0.00
PED-2025-003098,1263.53,1263.53,0.00
PED-2025-003099,1668.16,1668.16,0.00
PED-2025-003100,1058.07,1058.07,0.00
PED-2025-003101,829.52,829.52,0.00
PED-2025-003102,1520.81,1520.81,0.00
PED-2025-003103,2244.98,2244.98,0.00
PED-2025-003104,1348.19,1348.19,0.00
PED-2025-003105,451.40,451.40,0.00
PED-2025-003106,901.57,901.57,0.00
PED-2025-003107,1384.62,1384.62,0.00
PED-2025-003108,1496.15,1496.15,0.00
PED-2025-003109,226.72,226.72,0.00
PED-2025-003110,435.77,435.77,0.00
PED-2025-003111,677.70,677.70,0.00
PED-2025-003112,416.59,416.59,0.00
PED-2025-003113,308.92,308.92,0.00
PED-2025-003114,583.73,583.73,0.00
PED-2025-003115,891.42,891.42,0.00
PED-2025-003116,564.55,564.55,0.00
PED-2025-003117,391.12,391.12,0.00
PED-2025-003118,731.69,731.69,0.00
PED-2025-003119,1105.14,1105.14,0.00
PED-2025-003120,712.51,712.51,0.00
PED-2025-003121,473.32,473.32,0.00
PED-2025-003122,879.65,879.65,0.00
PED-2025-003123,1318.86,1318.86,0.00
PED-2025-003124,860.47,860.47,0.00
PED-2025-003125,555.52,555.52,0.00
PED-2025-003126,1027.61,1027.61,0.00
PED-2025-003127,1532.58,1532.58,0.00
PED-2025-003128,1008.43,1008.43,0.00
PED-2025-003129,637.72,637.72,0.00
PED-2025-003130,1175.57,1175.57,0.00
PED-2025-003131,1593.98,1593.98,0.00
PED-2025-003132,917.66,917.66,0.00
PED-2025-003133,660.93,660.93,0.00
PED-2025-003134,1085.69,1085.69,0.00
PED-2025-003135,1696.23,1696.23,0.00
PED-2025-003136,1165.67,1165.67,0.00
PED-2025-003137,616.25,616.25,0.00
PED-2025-003138,1354.51,1354.51,0.00
PED-2025-003139,1785.41,1785.41,0.00
PED-2025-003140,1125.69,1125.69,0.00
PED-2025-003141,376.71,376.71,0.00
PED-2025-003142,672.60,672.60,0.00
PED-2025-003143,1233.45,1233.45,0.00
PED-2025-003144,1227.58,1227.58,0.00
PED-2025-003145,409.19,409.19,0.00
PED-2025-003146,886.90,886.90,0.00
PED-2025-003147,465.09,465.09,0.00
PED-2025-003148,345.84,345.84,0.00
PED-2025-003149,229.48,229.48,0.00
PED-2025-003150,487.97,487.97,0.00
PED-2025-003151,820.18,820.18,0.00
PED-2025-003152,515.23,515.23,0.00
PED-2025-003153,363.72,363.72,0.00
PED-2025-003154,682.37,682.37,0.00
PED-2025-003155,1033.90,1033.90,0.00
PED-2025-003156,663.19,663.19,0.00
PED-2025-003157,445.92,445.92,0.00
PED-2025-003158,830.33,830.33,0.00
PED-2025-003159,1247.62,1247.62,0.00
PED-2025-003160,811.15,811.15,0.00
PED-2025-003161,528.12,528.12,0.00
PED-2025-003162,978.29,978.29,0.00
PED-2025-003163,1461.34,1461.34,0.00
PED-2025-003164,959.11,959.11,0.00
PED-2025-003165,610.32,610.32,0.00
PED-2025-003166,1126.25,1126.25,0.00
PED-2025-003167,1675.06,1675.06,0.00
PED-2025-003168,1107.07,1107.07,0.00
PED-2025-003169,692.52,692.52,0.00
PED-2025-003170,1274.21,1274.21,0.00
PED-2025-003171,1888.78,1888.78,0.00
PED-2025-003172,1255.03,1255.03,0.00
PED-2025-003173,774.72,774.72,0.00
PED-2025-003174,1422.17,1422.17,0.00
PED-2025-003175,2102.50,2102.50,0.00
PED-2025-003176,1402.99,1402.99,0.00
PED-2025-003177,856.92,856.92,0.00
PED-2025-003178,802.93,802.93,0.00
PED-2025-003179,1242.14,1242.14,0.00
PED-2025-003180,1397.51,1397.51,0.00
PED-2025-003181,459.15,459.15,0.00
PED-2025-003182,748.78,748.78,0.00
PED-2025-003183,1364.93,1364.93,0.00
PED-2025-003184,267.47,267.47,0.00
PED-2025-003185,226.70,226.70,0.00
PED-2025-003186,420.58,420.58,0.00
PED-2025-003187,575.25,575.25,0.00
PED-2025-003188,439.07,439.07,0.00
PED-2025-003189,274.41,274.41,0.00
PED-2025-003190,555.50,555.50,0.00
PED-2025-003191,836.72,836.72,0.00
PED-2025-003192,486.69,486.69,0.00
PED-2025-003193,383.66,383.66,0.00
PED-2025-003194,639.63,639.63,0.00
PED-2025-003195,1024.08,1024.08,0.00
PED-2025-003196,680.43,680.43,0.00
PED-2025-003197,384.18,384.18,0.00
PED-2025-003198,854.18,854.18,0.00
PED-2025-003199,1140.49,1140.49,0.00
PED-2025-003200,712.83,712.83,0.00
PED-2025-003201,582.92,582.92,0.00
PED-2025-003202,1076.93,1076.93,0.00
PED-2025-003203,1603.82,1603.82,0.00
PED-2025-003204,1057.75,1057.75,0.00
PED-2025-003205,665.12,665.12,0.00
PED-2025-003206,1224.89,1224.89,0.00
PED-2025-003207,1817.54,1817.54,0.00
PED-2025-003208,1205.71,1205.71,0.00
PED-2025-003209,747.32,747.32,0.00
PED-2025-003210,1372.85,1372.85,0.00
PED-2025-003211,2031.26,2031.26,0.00
PED-2025-003212,1353.67,1353.67,0.00
PED-2025-003213,829.52,829.52,0.00
PED-2025-003214,1520.81,1520.81,0.00
PED-2025-003215,2244.98,2244.98,0.00
PED-2025-003216,1348.19,1348.19,0.00
PED-2025-003217,451.40,451.40,0.00
PED-2025-003218,901.57,901.57,0.00
PED-2025-003219,1384.62,1384.62,0.00
PED-2025-003220,1496.15,1496.15,0.00
PED-2025-003221,226.72,226.72,0.00
PED-2025-003222,435.77,435.77,0.00
PED-2025-003223,677.70,677.70,0.00
PED-2025-003224,416.59,416.59,0.00
PED-2025-003225,308.92,308.92,0.00
PED-2025-003226,583.73,583.73,0.00
PED-2025-003227,891.42,891.42,0.00
PED-2025-003228,564.55,564.55,0.00
PED-2025-003229,391.12,391.12,0.00
PED-2025-003230,731.69,731.69,0.00
PED-2025-003231,1004.62,1004.62,0.00
PED-2025-003232,565.07,565.07,0.00
PED-2025-003233,434.09,434.09,0.00
PED-2025-003234,720.72,720.72,0.00
PED-2025-003235,1146.27,1146.27,0.00
PED-2025-003236,768.63,768.63,0.00
PED-2025-003237,426.38,426.38,0.00
PED-2025-003238,945.12,945.12,0.00
PED-2025-003239,1257.74,1257.74,0.00
PED-2025-003240,782.92,782.92,0.00
PED-2025-003241,553.46,553.46,0.00
PED-2025-003242,905.25,905.25,0.00
PED-2025-003243,1608.32,1608.32,0.00
PED-2025-003244,975.52,975.52,0.00
PED-2025-003245,631.94,631.94,0.00
PED-2025-003246,1151.84,1151.84,0.00
PED-2025-003247,1511.52,1511.52,0.00
PED-2025-003248,1230.91,1230.91,0.00
PED-2025-003249,656.38,656.38,0.00
PED-2025-003250,1320.93,1320.93,0.00
PED-2025-003251,2173.74,2173.74,0.00
PED-2025-003252,1452.31,1452.31,0.00
PED-2025-003253,424.00,424.00,0.00
PED-2025-003254,852.25,852.25,0.00
PED-2025-003255,1313.38,1313.38,0.00
PED-2025-003256,1446.83,1446.83,0.00
PED-2025-003257,506.20,506.20,0.00
PED-2025-003258,1000.21,1000.21,0.00
PED-2025-003259,606.46,606.46,0.00
PED-2025-003260,367.27,367.27,0.00
PED-2025-003261,281.52,281.52,0.00
PED-2025-003262,534.41,534.41,0.00
PED-2025-003263,820.18,820.18,0.00
PED-2025-003264,515.23,515.23,0.00
PED-2025-003265,363.72,363.72,0.00
PED-2025-003266,682.37,682.37,0.00
PED-2025-003267,1033.90,1033.90,0.00
PED-2025-003268,663.19,663.19,0.00
PED-2025-003269,445.92,445.92,0.00
PED-2025-003270,830.33,830.33,0.00
PED-2025-003271,1247.62,1247.62,0.00
PED-2025-003272,811.15,811.15,0.00
PED-2025-003273,528.12,528.12,0.00
PED-2025-003274,978.29,978.29,0.00
PED-2025-003275,1461.34,1461.34,0.00
PED-2025-003276,959.11,959.11,0.00
PED-2025-003277,610.32,610.32,0.00
PED-2025-003278,1126.25,1126.25,0.00
PED-2025-003279,1675.06,1675.06,0.00
PED-2025-003280,1107.07,1107.07,0.00
PED-2025-003281,626.01,626.01,0.00
PED-2025-003282,981.43,981.43,0.00
PED-2025-003283,1739.80,1739.80,0.00
PED-2025-003284,1058.84,1058.84,0.00
PED-2025-003285,679.61,679.61,0.00
PED-2025-003286,1237.92,1237.92,0.00
PED-2025-003287,1621.68,1621.68,0.00
PED-2025-003288,1324.06,1324.06,0.00
PED-2025-003289,701.28,701.28,0.00
PED-2025-003290,633.61,633.61,0.00
PED-2025-003291,1105.54,1105.54,0.00
PED-2025-003292,1116.10,1116.10,0.00
PED-2025-003293,448.31,448.31,0.00
PED-2025-003294,796.33,796.33,0.00
PED-2025-003295,1164.67,1164.67,0.00
PED-2025-003296,283.39,283.39,0.00
PED-2025-003297,194.29,194.29,0.00
PED-2025-003298,444.83,444.83,0.00
PED-2025-003299,612.69,612.69,0.00
PED-2025-003300,367.59,367.59,0.00
PED-2025-003301,336.32,336.32,0.00
PED-2025-003302,633.05,633.05,0.00
PED-2025-003303,962.66,962.66,0.00
PED-2025-003304,613.87,613.87,0.00
PED-2025-003305,418.52,418.52,0.00
PED-2025-003306,781.01,781.01,0.00
PED-2025-003307,1176.38,1176.38,0.00
PED-2025-003308,761.83,761.83,0.00
PED-2025-003309,500.72,500.72,0.00
PED-2025-003310,928.97,928.97,0.00
PED-2025-003311,1390.10,1390.10,0.00
PED-2025-003312,909.79,909.79,0.00
PED-2025-003313,582.92,582.92,0.00
PED-2025-003314,1076.93,1076.93,0.00
PED-2025-003315,1603.82,1603.82,0.00
PED-2025-003316,1057.75,1057.75,0.00
PED-2025-003317,665.12,665.12,0.00
PED-2025-003318,1224.89,1224.89,0.00
PED-2025-003319,1817.54,1817.54,0.00
PED-2025-003320,1205.71,1205.71,0.00
PED-2025-003321,747.32,747.32,0.00
PED-2025-003322,1372.85,1372.85,0.00
PED-2025-003323,2031.26,2031.26,0.00
PED-2025-003324,1353.67,1353.67,0.00
PED-2025-003325,829.52,829.52,0.00
PED-2025-003326,1520.81,1520.81,0.00
PED-2025-003327,2244.98,2244.98,0.00
PED-2025-003328,1348.19,1348.19,0.00
PED-2025-003329,451.40,451.40,0.00
PED-2025-003330,901.57,901.57,0.00
PED-2025-003331,1335.90,1335.90,0.00
PED-2025-003332,1194.40,1194.40,0.00
PED-2025-003333,207.22,207.22,0.00
PED-2025-003334,355.74,355.74,0.00
PED-2025-003335,596.38,596.38,0.00
PED-2025-003336,371.59,371.59,0.00
PED-2025-003337,236.49,236.49,0.00
PED-2025-003338,535.77,535.77,0.00
PED-2025-003339,730.00,730.00,0.00
PED-2025-003340,440.14,440.14,0.00
PED-2025-003341,338.89,338.89,0.00
PED-2025-003342,562.46,562.46,0.00
PED-2025-003343,1016.43,1016.43,0.00
PED-2025-003344,600.70,600.70,0.00
PED-2025-003345,417.41,417.41,0.00
PED-2025-003346,764.68,764.68,0.00
PED-2025-003347,1015.83,1015.83,0.00
PED-2025-003348,811.64,811.64,0.00
PED-2025-003349,454.16,454.16,0.00
PED-2025-003350,926.37,926.37,0.00
PED-2025-003351,1532.58,1532.58,0.00
PED-2025-003352,1008.43,1008.43,0.00
PED-2025-003353,637.72,637.72,0.00
PED-2025-003354,1175.57,1175.57,0.00
PED-2025-003355,1746.30,1746.30,0.00
PED-2025-003356,1156.39,1156.39,0.00
PED-2025-003357,719.92,719.92,0.00
PED-2025-003358,1323.53,1323.53,0.00
PED-2025-003359,1960.02,1960.02,0.00
PED-2025-003360,1304.35,1304.35,0.00
PED-2025-003361,802.12,802.12,0.00
PED-2025-003362,1471.49,1471.49,0.00
PED-2025-003363,2173.74,2173.74,0.00
PED-2025-003364,1452.31,1452.31,0.00
PED-2025-003365,424.00,424.00,0.00
PED-2025-003366,852.25,852.25,0.00
PED-2025-003367,1313.38,1313.38,0.00
PED-2025-003368,1446.83,1446.83,0.00
PED-2025-003369,506.20,506.20,0.00
PED-2025-003370,1000.21,1000.21,0.00
PED-2025-003371,606.46,606.46,0.00
PED-2025-003372,367.27,367.27,0.00
PED-2025-003373,281.52,281.52,0.00
PED-2025-003374,534.41,534.41,0.00
PED-2025-003375,820.18,820.18,0.00
PED-2025-003376,515.23,515.23,0.00
PED-2025-003377,363.72,363.72,0.00
PED-2025-003378,682.37,682.37,0.00
PED-2025-003379,1033.90,1033.90,0.00
PED-2025-003380,663.19,663.19,0.00
PED-2025-003381,401.61,401.61,0.00
PED-2025-003382,638.64,638.64,0.00
PED-2025-003383,1147.91,1147.91,0.00
PED-2025-003384,683.95,683.95,0.00
PED-2025-003385,465.08,465.08,0.00
PED-2025-003386,850.76,850.76,0.00
PED-2025-003387,1125.99,1125.99,0.00
PED-2025-003388,904.87,904.87,0.00
PED-2025-003389,499.09,499.09,0.00
PED-2025-003390,980.20,980.20,0.00
PED-2025-003391,1458.70,1458.70,0.00
PED-2025-003392,878.51,878.51,0.00
PED-2025-003393,635.74,635.74,0.00
PED-2025-003394,1045.15,1045.15,0.00
PED-2025-003395,1635.10,1635.10,0.00
PED-2025-003396,1121.57,1121.57,0.00
PED-2025-003397,595.16,595.16,0.00
PED-2025-003398,1309.02,1309.02,0.00
PED-2025-003399,1726.85,1726.85,0.00
PED-2025-003400,1096.43,1096.43,0.00
PED-2025-003401,856.92,856.92,0.00
PED-2025-003402,802.93,802.93,0.00
PED-2025-003403,1242.14,1242.14,0.00
PED-2025-003404,1397.51,1397.51,0.00
PED-2025-003405,478.80,478.80,0.00
PED-2025-003406,950.89,950.89,0.00
PED-2025-003407,1455.86,1455.86,0.00
PED-2025-003408,317.95,317.95,0.00
PED-2025-003409,254.12,254.12,0.00
PED-2025-003410,485.09,485.09,0.00
PED-2025-003411,748.94,748.94,0.00
PED-2025-003412,465.91,465.91,0.00
PED-2025-003413,336.32,336.32,0.00
PED-2025-003414,633.05,633.05,0.00
PED-2025-003415,962.66,962.66,0.00
PED-2025-003416,613.87,613.87,0.00
PED-2025-003417,418.52,418.52,0.00
PED-2025-003418,781.01,781.01,0.00
PED-2025-003419,1176.38,1176.38,0.00
PED-2025-003420,761.83,761.83,0.00
PED-2025-003421,500.72,500.72,0.00
PED-2025-003422,928.97,928.97,0.00
PED-2025-003423,1390.10,1390.10,0.00
PED-2025-003424,909.79,909.79,0.00
PED-2025-003425,582.92,582.92,0.00
PED-2025-003426,1076.93,1076.93,0.00
PED-2025-003427,1603.82,1603.82,0.00
PED-2025-003428,1057.75,1057.75,0.00
PED-2025-003429,665.12,665.12,0.00
PED-2025-003430,1224.89,1224.89,0.00
PED-2025-003431,1659.48,1659.48,0.00
PED-2025-003432,956.89,956.89,0.00
PED-2025-003433,686.17,686.17,0.00
PED-2025-003434,1126.24,1126.24,0.00
PED-2025-003435,1757.29,1757.29,0.00
PED-2025-003436,1209.77,1209.77,0.00
PED-2025-003437,637.36,637.36,0.00
PED-2025-003438,1399.96,1399.96,0.00
PED-2025-003439,1844.10,1844.10,0.00
PED-2025-003440,1018.01,1018.01,0.00
PED-2025-003441,400.55,400.55,0.00
PED-2025-003442,710.71,710.71,0.00
PED-2025-003443,1299.22,1299.22,0.00
PED-2025-003444,1269.24,1269.24,0.00
PED-2025-003445,202.85,202.85,0.00
PED-2025-003446,377.56,377.56,0.00
PED-2025-003447,520.20,520.20,0.00
PED-2025-003448,392.46,392.46,0.00
PED-2025-003449,251.92,251.92,0.00
PED-2025-003450,531.81,531.81,0.00
PED-2025-003451,891.42,891.42,0.00
PED-2025-003452,564.55,564.55,0.00
PED-2025-003453,391.12,391.12,0.00
PED-2025-003454,731.69,731.69,0.00
PED-2025-003455,1105.14,1105.14,0.00
PED-2025-003456,712.51,712.51,0.00
PED-2025-003457,473.32,473.32,0.00
PED-2025-003458,879.65,879.65,0.00
PED-2025-003459,1318.86,1318.86,0.00
PED-2025-003460,860.47,860.47,0.00
PED-2025-003461,555.52,555.52,0.00
PED-2025-003462,1027.61,1027.61,0.00
PED-2025-003463,1532.58,1532.58,0.00
PED-2025-003464,1008.43,1008.43,0.00
PED-2025-003465,637.72,637.72,0.00
PED-2025-003466,1175.57,1175.57,0.00
PED-2025-003467,1746.30,1746.30,0.00
PED-2025-003468,1156.39,1156.39,0.00
PED-2025-003469,719.92,719.92,0.00
PED-2025-003470,1323.53,1323.53,0.00
PED-2025-003471,1960.02,1960.02,0.00
PED-2025-003472,1304.35,1304.35,0.00
PED-2025-003473,802.12,802.12,0.00
PED-2025-003474,1471.49,1471.49,0.00
PED-2025-003475,2173.74,2173.74,0.00
PED-2025-003476,1452.31,1452.31,0.00
PED-2025-003477,424.00,424.00,0.00
PED-2025-003478,852.25,852.25,0.00
PED-2025-003479,1313.38,1313.38,0.00
PED-2025-003480,1446.83,1446.83,0.00
PED-2025-003481,484.09,484.09,0.00
PED-2025-003482,786.89,786.89,0.00
PED-2025-003483,556.08,556.08,0.00
PED-2025-003484,309.13,309.13,0.00
PED-2025-003485,250.52,250.52,0.00
PED-2025-003486,463.60,463.60,0.00
PED-2025-003487,630.30,630.30,0.00
PED-2025-003488,485.60,485.60,0.00
PED-2025-003489,296.87,296.87,0.00
PED-2025-003490,597.99,597.99,0.00
PED-2025-003491,898.98,898.98,0.00
PED-2025-003492,525.84,525.84,0.00
PED-2025-003493,408.85,408.85,0.00
PED-2025-003494,680.17,680.17,0.00
PED-2025-003495,1085.21,1085.21,0.00
PED-2025-003496,724.53,724.53,0.00
PED-2025-003497,405.27,405.27,0.00
PED-2025-003498,899.67,899.67,0.00
PED-2025-003499,1199.05,1199.05,0.00
PED-2025-003500,751.19,751.19,0.00
PED-2025-003501,610.32,610.32,0.00
PED-2025-003502,1126.25,1126.25,0.00
PED-2025-003503,1675.06,1675.06,0.00
PED-2025-003504,1107.07,1107.07,0.00
PED-2025-003505,692.52,692.52,0.00
PED-2025-003506,1274.21,1274.21,0.00
PED-2025-003507,1888.78,1888.78,0.00
PED-2025-003508,1255.03,1255.03,0.00
PED-2025-003509,774.72,774.72,0.00
PED-2025-003510,1422.17,1422.17,0.00
PED-2025-003511,2102.50,2102.50,0.00
PED-2025-003512,1402.99,1402.99,0.00
PED-2025-003513,856.92,856.92,0.00
PED-2025-003514,802.93,802.93,0.00
PED-2025-003515,1242.14,1242.14,0.00
PED-2025-003516,1397.51,1397.51,0.00
PED-2025-003517,478.80,478.80,0.00
PED-2025-003518,950.89,950.89,0.00
PED-2025-003519,1455.86,1455.86,0.00
PED-2025-003520,317.95,317.95,0.00
PED-2025-003521,254.12,254.12,0.00
PED-2025-003522,485.09,485.09,0.00
PED-2025-003523,748.94,748.94,0.00
PED-2025-003524,465.91,465.91,0.00
PED-2025-003525,336.32,336.32,0.00
PED-2025-003526,633.05,633.05,0.00
PED-2025-003527,962.66,962.66,0.00
PED-2025-003528,613.87,613.87,0.00
PED-2025-003529,418.52,418.52,0.00
PED-2025-003530,781.01,781.01,0.00
PED-2025-003531,1070.12,1070.12,0.00
PED-2025-003532,604.22,604.22,0.00
PED-2025-003533,459.30,459.30,0.00
PED-2025-003534,761.26,761.26,0.00
PED-2025-003535,1207.40,1207.40,0.00
PED-2025-003536,812.73,812.73,0.00
PED-2025-003537,447.47,447.47,0.00
PED-2025-003538,990.61,990.61,0.00
PED-2025-003539,1316.36,1316.36,0.00
PED-2025-003540,821.00,821.00,0.00
PED-2025-003541,577.27,577.27,0.00
PED-2025-003542,943.32,943.32,0.00
PED-2025-003543,1674.03,1674.03,0.00
PED-2025-003544,1017.18,1017.18,0.00
PED-2025-003545,655.79,655.79,0.00
PED-2025-003546,1194.86,1194.86,0.00
PED-2025-003547,1566.57,1566.57,0.00
PED-2025-003548,1277.44,1277.44,0.00
PED-2025-003549,678.84,678.84,0.00
PED-2025-003550,1364.77,1364.77,0.00
PED-2025-003551,2244.98,2244.98,0.00
PED-2025-003552,1348.19,1348.19,0.00
PED-2025-003553,451.40,451.40,0.00
PED-2025-003554,901.57,901.57,0.00
PED-2025-003555,1384.62,1384.62,0.00
PED-2025-003556,1496.15,1496.15,0.00
PED-2025-003557,226.72,226.72,0.00
PED-2025-003558,435.77,435.77,0.00
PED-2025-003559,677.70,677.70,0.00
PED-2025-003560,416.59,416.59,0.00
PED-2025-003561,308.92,308.92,0.00
PED-2025-003562,583.73,583.73,0.00
PED-2025-003563,891.42,891.42,0.00
PED-2025-003564,564.55,564.55,0.00
PED-2025-003565,391.12,391.12,0.00
PED-2025-003566,731.69,731.69,0.00
PED-2025-003567,1105.14,1105.14,0.00
PED-2025-003568,712.51,712.51,0.00
PED-2025-003569,473.32,473.32,0.00
PED-2025-003570,879.65,879.65,0.00
PED-2025-003571,1318.86,1318.86,0.00
PED-2025-003572,860.47,860.47,0.00
PED-2025-003573,555.52,555.52,0.00
PED-2025-003574,1027.61,1027.61,0.00
PED-2025-003575,1532.58,1532.58,0.00
PED-2025-003576,1008.43,1008.43,0.00
PED-2025-003577,637.72,637.72,0.00
PED-2025-003578,1175.57,1175.57,0.00
PED-2025-003579,1746.30,1746.30,0.00
PED-2025-003580,1156.39,1156.39,0.00
PED-2025-003581,650.95,650.95,0.00
PED-2025-003582,1019.50,1019.50,0.00
PED-2025-003583,1805.51,1805.51,0.00
PED-2025-003584,1100.43,1100.43,0.00
PED-2025-003585,703.46,703.46,0.00
PED-2025-003586,1280.94,1280.94,0.00
PED-2025-003587,1676.73,1676.73,0.00
PED-2025-003588,1370.67,1370.67,0.00
PED-2025-003589,355.52,355.52,0.00
PED-2025-003590,676.05,676.05,0.00
PED-2025-003591,1167.74,1167.74,0.00
PED-2025-003592,1155.25,1155.25,0.00
PED-2025-003593,473.55,473.55,0.00
PED-2025-003594,836.92,836.92,0.00
PED-2025-003595,535.25,535.25,0.00
PED-2025-003596,327.49,327.49,0.00
PED-2025-003597,215.40,215.40,0.00
PED-2025-003598,490.28,490.28,0.00
PED-2025-003599,671.38,671.38,0.00
PED-2025-003600,405.95,405.95,0.00
PED-2025-003601,363.72,363.72,0.00
PED-2025-003602,682.37,682.37,0.00
PED-2025-003603,1033.90,1033.90,0.00
PED-2025-003604,663.19,663.19,0.00
PED-2025-003605,445.92,445.92,0.00
PED-2025-003606,830.33,830.33,0.00
PED-2025-003607,1247.62,1247.62,0.00
PED-2025-003608,811.15,811.15,0.00
PED-2025-003609,528.12,528.12,0.00
PED-2025-003610,978.29,978.29,0.00
PED-2025-003611,1461.34,1461.34,0.00
PED-2025-003612,959.11,959.11,0.00
PED-2025-003613,610.32,610.32,0.00
PED-2025-003614,1126.25,1126.25,0.00
PED-2025-003615,1675.06,1675.06,0.00
PED-2025-003616,1107.07,1107.07,0.00
PED-2025-003617,692.52,692.52,0.00
PED-2025-003618,1274.21,1274.21,0.00
PED-2025-003619,1888.78,1888.78,0.00
PED-2025-003620,1255.03,1255.03,0.00
PED-2025-003621,774.72,774.72,0.00
PED-2025-003622,1422.17,1422.17,0.00
PED-2025-003623,2102.50,2102.50,0.00
PED-2025-003624,1402.99,1402.99,0.00
PED-2025-003625,856.92,856.92,0.00
PED-2025-003626,802.93,802.93,0.00
PED-2025-003627,1242.14,1242.14,0.00
PED-2025-003628,1397.51,1397.51,0.00
PED-2025-003629,478.80,478.80,0.00
PED-2025-003630,950.89,950.89,0.00
PED-2025-003631,1401.40,1401.40,0.00
PED-2025-003632,251.63,251.63,0.00
PED-2025-003633,232.41,232.41,0.00
PED-2025-003634,396.28,396.28,0.00
PED-2025-003635,657.51,657.51,0.00
PED-2025-003636,415.76,415.76,0.00
PED-2025-003637,257.60,257.60,0.00
PED-2025-003638,581.27,581.27,0.00
PED-2025-003639,788.62,788.62,0.00
PED-2025-003640,478.23,478.23,0.00
PED-2025-003641,362.73,362.73,0.00
PED-2025-003642,600.57,600.57,0.00
PED-2025-003643,1082.20,1082.20,0.00
PED-2025-003644,642.36,642.36,0.00
PED-2025-003645,441.23,441.23,0.00
PED-2025-003646,807.74,807.74,0.00
PED-2025-003647,1070.94,1070.94,0.00
PED-2025-003648,858.26,858.26,0.00
PED-2025-003649,476.60,476.60,0.00
PED-2025-003650,970.21,970.21,0.00
PED-2025-003651,1603.82,1603.82,0.00
PED-2025-003652,1057.75,1057.75,0.00
PED-2025-003653,665.12,665.12,0.00
PED-2025-003654,1224.89,1224.89,0.00
PED-2025-003655,1817.54,1817.54,0.00
PED-2025-003656,1205.71,1205.71,0.00
PED-2025-003657,747.32,747.32,0.00
PED-2025-003658,1372.85,1372.85,0.00
PED-2025-003659,2031.26,2031.26,0.00
PED-2025-003660,1353.67,1353.67,0.00
PED-2025-003661,829.52,829.52,0.00
PED-2025-003662,1520.81,1520.81,0.00
PED-2025-003663,2244.98,2244.98,0.00
PED-2025-003664,1348.19,1348.19,0.00
PED-2025-003665,451.40,451.40,0.00
PED-2025-003666,901.57,901.57,0.00
PED-2025-003667,1384.62,1384.62,0.00
PED-2025-003668,1496.15,1496.15,0.00
PED-2025-003669,226.72,226.72,0.00
PED-2025-003670,435.77,435.77,0.00
PED-2025-003671,677.70,677.70,0.00
PED-2025-003672,416.59,416.59,0.00
PED-2025-003673,308.92,308.92,0.00
PED-2025-003674,583.73,583.73,0.00
PED-2025-003675,891.42,891.42,0.00
PED-2025-003676,564.55,564.55,0.00
PED-2025-003677,391.12,391.12,0.00
PED-2025-003678,731.69,731.69,0.00
PED-2025-003679,1105.14,1105.14,0.00
PED-2025-003680,712.51,712.51,0.00
PED-2025-003681,426.55,426.55,0.00
PED-2025-003682,676.71,676.71,0.00
PED-2025-003683,1213.68,1213.68,0.00
PED-2025-003684,725.61,725.61,0.00
PED-2025-003685,488.90,488.90,0.00
PED-2025-003686,893.78,893.78,0.00
PED-2025-003687,1181.04,1181.04,0.00
PED-2025-003688,951.40,951.40,0.00
PED-2025-003689,521.55,521.55,0.00
PED-2025-003690,1022.69,1022.69,0.00
PED-2025-003691,1520.96,1520.96,0.00
PED-2025-003692,917.66,917.66,0.00
PED-2025-003693,660.93,660.93,0.00
PED-2025-003694,1085.69,1085.69,0.00
PED-2025-003695,1696.23,1696.23,0.00
PED-2025-003696,1165.67,1165.67,0.00
PED-2025-003697,616.25,616.25,0.00
PED-2025-003698,1354.51,1354.51,0.00
PED-2025-003699,1785.41,1785.41,0.00
PED-2025-003700,1134.79,1134.79,0.00
PED-2025-003701,424.00,424.00,0.00
PED-2025-003702,852.25,852.25,0.00
PED-2025-003703,1313.38,1313.38,0.00
PED-2025-003704,1446.83,1446.83,0.00
PED-2025-003705,506.20,506.20,0.00
PED-2025-003706,1000.21,1000.21,0.00
PED-2025-003707,606.46,606.46,0.00
PED-2025-003708,367.27,367.27,0.00
PED-2025-003709,281.52,281.52,0.00
PED-2025-003710,534.41,534.41,0.00
PED-2025-003711,820.18,820.18,0.00
PED-2025-003712,515.23,515.23,0.00
PED-2025-003713,363.72,363.72,0.00
PED-2025-003714,682.37,682.37,0.00
PED-2025-003715,1033.90,1033.90,0.00
PED-2025-003716,663.19,663.19,0.00
PED-2025-003717,445.92,445.92,0.00
PED-2025-003718,830.33,830.33,0.00
PED-2025-003719,1247.62,1247.62,0.00
PED-2025-003720,811.15,811.15,0.00
PED-2025-003721,528.12,528.12,0.00
PED-2025-003722,978.29,978.29,0.00
PED-2025-003723,1461.34,1461.34,0.00
PED-2025-003724,959.11,959.11,0.00
PED-2025-003725,610.32,610.32,0.00
PED-2025-003726,1126.25,1126.25,0.00
PED-2025-003727,1675.06,1675.06,0.00
PED-2025-003728,1107.07,1107.07,0.00
PED-2025-003729,692.52,692.52,0.00
PED-2025-003730,1274.21,1274.21,0.00
PED-2025-003731,1724.98,1724.98,0.00
PED-2025-003732,996.04,996.04,0.00
PED-2025-003733,711.38,711.38,0.00
PED-2025-003734,1166.78,1166.78,0.00
PED-2025-003735,1818.42,1818.42,0.00
PED-2025-003736,1253.87,1253.87,0.00
PED-2025-003737,658.45,658.45,0.00
PED-2025-003738,755.00,755.00,0.00
PED-2025-003739,1043.47,1043.47,0.00
PED-2025-003740,1056.10,1056.10,0.00
PED-2025-003741,424.39,424.39,0.00
PED-2025-003742,748.78,748.78,0.00
PED-2025-003743,1364.93,1364.93,0.00
PED-2025-003744,267.47,267.47,0.00
PED-2025-003745,226.70,226.70,0.00
PED-2025-003746,420.58,420.58,0.00
PED-2025-003747,575.25,575.25,0.00
PED-2025-003748,439.07,439.07,0.00
PED-2025-003749,274.41,274.41,0.00
PED-2025-003750,575.65,575.65,0.00
PED-2025-003751,962.66,962.66,0.00
PED-2025-003752,613.87,613.87,0.00
PED-2025-003753,418.52,418.52,0.00
PED-2025-003754,781.01,781.01,0.00
PED-2025-003755,1176.38,1176.38,0.00
PED-2025-003756,761.83,761.83,0.00
PED-2025-003757,500.72,500.72,0.00
PED-2025-003758,928.97,928.97,0.00
PED-2025-003759,1390.10,1390.10,0.00
PED-2025-003760,909.79,909.79,0.00
PED-2025-003761,582.92,582.92,0.00
PED-2025-003762,1076.93,1076.93,0.00
PED-2025-003763,1603.82,1603.82,0.00
PED-2025-003764,1057.75,1057.75,0.00
PED-2025-003765,665.12,665.12,0.00
PED-2025-003766,1224.89,1224.89,0.00
PED-2025-003767,1817.54,1817.54,0.00
PED-2025-003768,1205.71,1205.71,0.00
PED-2025-003769,747.32,747.32,0.00
PED-2025-003770,1372.85,1372.85,0.00
PED-2025-003771,2031.26,2031.26,0.00
PED-2025-003772,1353.67,1353.67,0.00
PED-2025-003773,829.52,829.52,0.00
PED-2025-003774,1520.81,1520.81,0.00
PED-2025-003775,2244.98,2244.98,0.00
PED-2025-003776,1348.19,1348.19,0.00
PED-2025-003777,451.40,451.40,0.00
PED-2025-003778,901.57,901.57,0.00
PED-2025-003779,1384.62,1384.62,0.00
PED-2025-003780,1496.15,1496.15,0.00
PED-2025-003781,202.15,202.15,0.00
PED-2025-003782,333.96,333.96,0.00
PED-2025-003783,621.92,621.92,0.00
PED-2025-003784,350.80,350.80,0.00
PED-2025-003785,274.37,274.37,0.00
PED-2025-003786,506.57,506.57,0.00
PED-2025-003787,685.41,685.41,0.00
PED-2025-003788,532.21,532.21,0.00
PED-2025-003789,319.36,319.36,0.00
PED-2025-003790,640.43,640.43,0.00
PED-2025-003791,961.18,961.18,0.00
PED-2025-003792,565.07,565.07,0.00
PED-2025-003793,434.09,434.09,0.00
PED-2025-003794,720.72,720.72,0.00
PED-2025-003795,1146.27,1146.27,0.00
PED-2025-003796,768.63,768.63,0.00
PED-2025-003797,426.38,426.38,0.00
PED-2025-003798,945.12,945.12,0.00
PED-2025-003799,1257.74,1257.74,0.00
PED-2025-003800,789.55,789.55,0.00
PED-2025-003801,637.72,637.72,0.00
PED-2025-003802,1175.57,1175.57,0.00
PED-2025-003803,1746.30,1746.30,0.00
PED-2025-003804,1156.39,1156.39,0.00
PED-2025-003805,719.92,719.92,0.00
PED-2025-003806,1323.53,1323.53,0.00
PED-2025-003807,1960.02,1960.02,0.00
PED-2025-003808,1304.35,1304.35,0.00
PED-2025-003809,802.12,802.12,0.00
PED-2025-003810,1471.49,1471.49,0.00
PED-2025-003811,2173.74,2173.74,0.00
PED-2025-003812,1452.31,1452.31,0.00
PED-2025-003813,424.00,424.00,0.00
PED-2025-003814,852.25,852.25,0.00
PED-2025-003815,1313.38,1313.38,0.00
PED-2025-003816,1446.83,1446.83,0.00
PED-2025-003817,506.20,506.20,0.00
PED-2025-003818,1000.21,1000.21,0.00
PED-2025-003819,606.46,606.46,0.00
PED-2025-003820,367.27,367.27,0.00
PED-2025-003821,281.52,281.52,0.00
PED-2025-003822,534.41,534.41,0.00
PED-2025-003823,820.18,820.18,0.00
PED-2025-003824,515.23,515.23,0.00
PED-2025-003825,363.72,363.72,0.00
PED-2025-003826,682.37,682.37,0.00
PED-2025-003827,1033.90,1033.90,0.00
PED-2025-003828,663.19,663.19,0.00
PED-2025-003829,445.92,445.92,0.00
PED-2025-003830,830.33,830.33,0.00
PED-2025-003831,1135.62,1135.62,0.00
PED-2025-003832,643.45,643.45,0.00
PED-2025-003833,484.49,484.49,0.00
PED-2025-003834,801.80,801.80,0.00
PED-2025-003835,1268.53,1268.53,0.00
PED-2025-003836,856.90,856.90,0.00
PED-2025-003837,468.58,468.58,0.00
PED-2025-003838,1036.11,1036.11,0.00
PED-2025-003839,1374.98,1374.98,0.00
PED-2025-003840,859.09,859.09,0.00
PED-2025-003841,601.11,601.11,0.00
PED-2025-003842,981.43,981.43,0.00
PED-2025-003843,1739.80,1739.80,0.00
PED-2025-003844,1058.84,1058.84,0.00
PED-2025-003845,679.61,679.61,0.00
PED-2025-003846,1237.92,1237.92,0.00
PED-2025-003847,1621.68,1621.68,0.00
PED-2025-003848,1324.06,1324.06,0.00
PED-2025-003849,701.28,701.28,0.00
PED-2025-003850,641.41,641.41,0.00
PED-2025-003851,1242.14,1242.14,0.00
PED-2025-003852,1397.51,1397.51,0.00
PED-2025-003853,478.80,478.80,0.00
PED-2025-003854,950.89,950.89,0.00
PED-2025-003855,1455.86,1455.86,0.00
PED-2025-003856,317.95,317.95,0.00
PED-2025-003857,254.12,254.12,0.00
PED-2025-003858,485.09,485.09,0.00
PED-2025-003859,748.94,748.94,0.00
PED-2025-003860,465.91,465.91,0.00
PED-2025-003861,336.32,336.32,0.00
PED-2025-003862,633.05,633.05,0.00
PED-2025-003863,962.66,962.66,0.00
PED-2025-003864,613.87,613.87,0.00
PED-2025-003865,418.52,418.52,0.00
PED-2025-003866,781.01,781.01,0.00
PED-2025-003867,1176.38,1176.38,0.00
PED-2025-003868,761.83,761.83,0.00
PED-2025-003869,500.72,500.72,0.00
PED-2025-003870,928.97,928.97,0.00
PED-2025-003871,1390.10,1390.10,0.00
PED-2025-003872,909.79,909.79,0.00
PED-2025-003873,582.92,582.92,0.00
PED-2025-003874,1076.93,1076.93,0.00
PED-2025-003875,1603.82,1603.82,0.00
PED-2025-003876,1057.75,1057.75,0.00
PED-2025-003877,665.12,665.12,0.00
PED-2025-003878,1224.89,1224.89,0.00
PED-2025-003879,1817.54,1817.54,0.00
PED-2025-003880,1205.71,1205.71,0.00
PED-2025-003881,675.89,675.89,0.00
PED-2025-003882,1057.57,1057.57,0.00
PED-2025-003883,1871.28,1871.28,0.00
PED-2025-003884,1142.09,1142.09,0.00
PED-2025-003885,727.28,727.28,0.00
PED-2025-003886,1323.96,1323.96,0.00
PED-2025-003887,1731.78,1731.78,0.00
PED-2025-003888,1279.10,1279.10,0.00
PED-2025-003889,377.98,377.98,0.00
PED-2025-003890,718.54,718.54,0.00
PED-2025-003891,1230.00,1230.00,0.00
PED-2025-003892,1194.40,1194.40,0.00
PED-2025-003893,207.22,207.22,0.00
PED-2025-003894,355.74,355.74,0.00
PED-2025-003895,596.38,596.38,0.00
PED-2025-003896,371.59,371.59,0.00
PED-2025-003897,236.49,236.49,0.00
PED-2025-003898,535.77,535.77,0.00
PED-2025-003899,730.00,730.00,0.00
PED-2025-003900,444.31,444.31,0.00
PED-2025-003901,391.12,391.12,0.00
PED-2025-003902,731.69,731.69,0.00
PED-2025-003903,1105.14,1105.14,0.00
PED-2025-003904,712.51,712.51,0.00
PED-2025-003905,473.32,473.32,0.00
PED-2025-003906,879.65,879.65,0.00
PED-2025-003907,1318.86,1318.86,0.00
PED-2025-003908,860.47,860.47,0.00
PED-2025-003909,555.52,555.52,0.00
PED-2025-003910,1027.61,1027.61,0.00
PED-2025-003911,1532.58,1532.58,0.00
PED-2025-003912,1008.43,1008.43,0.00
PED-2025-003913,637.72,637.72,0.00
PED-2025-003914,1175.57,1175.57,0.00
PED-2025-003915,1746.30,1746.30,0.00
PED-2025-003916,1156.39,1156.39,0.00
PED-2025-003917,719.92,719.92,0.00
PED-2025-003918,1323.53,1323.53,0.00
PED-2025-003919,1960.02,1960.02,0.00
PED-2025-003920,1304.35,1304.35,0.00
PED-2025-003921,802.12,802.12,0.00
PED-2025-003922,1471.49,1471.49,0.00
PED-2025-003923,2173.74,2173.74,0.00
PED-2025-003924,1452.31,1452.31,0.00
PED-2025-003925,424.00,424.00,0.00
PED-2025-003926,852.25,852.25,0.00
PED-2025-003927,1313.38,1313.38,0.00
PED-2025-003928,1446.83,1446.83,0.00
PED-2025-003929,506.20,506.20,0.00
PED-2025-003930,1000.21,1000.21,0.00
PED-2025-003931,546.19,546.19,0.00
PED-2025-003932,290.78,290.78,0.00
PED-2025-003933,257.62,257.62,0.00
PED-2025-003934,436.87,436.87,0.00
PED-2025-003935,718.57,718.57,0.00
PED-2025-003936,459.86,459.86,0.00
PED-2025-003937,278.69,278.69,0.00
PED-2025-003938,626.76,626.76,0.00
PED-2025-003939,847.31,847.31,0.00
PED-2025-003940,516.32,516.32,0.00
PED-2025-003941,386.57,386.57,0.00
PED-2025-003942,638.64,638.64,0.00
PED-2025-003943,1147.91,1147.91,0.00
PED-2025-003944,683.95,683.95,0.00
PED-2025-003945,465.08,465.08,0.00
PED-2025-003946,850.76,850.76,0.00
PED-2025-003947,1125.99,1125.99,0.00
PED-2025-003948,904.87,904.87,0.00
PED-2025-003949,499.09,499.09,0.00
PED-2025-003950,1014.05,1014.05,0.00
PED-2025-003951,1675.06,1675.06,0.00
PED-2025-003952,1107.07,1107.07,0.00
PED-2025-003953,692.52,692.52,0.00
PED-2025-003954,1274.21,1274.21,0.00
PED-2025-003955,1888.78,1888.78,0.00
PED-2025-003956,1255.03,1255.03,0.00
PED-2025-003957,774.72,774.72,0.00
PED-2025-003958,1422.17,1422.17,0.00
PED-2025-003959,2102.50,2102.50,0.00
PED-2025-003960,1402.99,1402.99,0.00
PED-2025-003961,856.92,856.92,0.00
PED-2025-003962,802.93,802.93,0.00
PED-2025-003963,1242.14,1242.14,0.00
PED-2025-003964,1397.51,1397.51,0.00
PED-2025-003965,478.80,478.80,0.00
PED-2025-003966,950.89,950.89,0.00
PED-2025-003967,1455.86,1455.86,0.00
PED-2025-003968,317.95,317.95,0.00
PED-2025-003969,254.12,254.12,0.00
PED-2025-003970,485.09,485.09,0.00
PED-2025-003971,748.94,748.94,0.00
PED-2025-003972,465.91,465.91,0.00
PED-2025-003973,336.32,336.32,0.00
PED-2025-003974,633.05,633.05,0.00
PED-2025-003975,962.66,962.66,0.00
PED-2025-003976,613.87,613.87,0.00
PED-2025-003977,418.52,418.52,0.00
PED-2025-003978,781.01,781.01,0.00
PED-2025-003979,1176.38,1176.38,0.00
PED-2025-003980,761.83,761.83,0.00
PED-2025-003981,451.49,451.49,0.00
PED-2025-003982,714.82,714.82,0.00
PED-2025-003983,1279.52,1279.52,0.00
PED-2025-003984,767.28,767.28,0.00
PED-2025-003985,512.75,512.75,0.00
PED-2025-003986,936.75,936.75,0.00
PED-2025-003987,1236.15,1236.15,0.00
PED-2025-003988,998.01,998.01,0.00
PED-2025-003989,544.04,544.04,0.00
PED-2025-003990,1065.13,1065.13,0.00
PED-2025-003991,1583.16,1583.16,0.00
PED-2025-003992,956.89,956.89,0.00
PED-2025-003993,686.17,686.17,0.00
PED-2025-003994,1126.24,1126.24,0.00
PED-2025-003995,1757.29,1757.29,0.00
PED-2025-003996,1209.77,1209.77,0.00
PED-2025-003997,637.36,637.36,0.00
PED-2025-003998,1399.96,1399.96,0.00
PED-2025-003999,1844.10,1844.10,0.00
PED-2025-004000,1019.71,1019.71,0.00
PED-2025-004001,464.30,464.30,0.00
PED-2025-004002,914.47,914.47,0.00
PED-2025-004003,1397.52,1397.52,0.00
PED-2025-004004,1509.05,1509.05,0.00
PED-2025-004005,239.62,239.62,0.00
PED-2025-004006,448.67,448.67,0.00
PED-2025-004007,690.60,690.60,0.00
PED-2025-004008,429.49,429.49,0.00
PED-2025-004009,321.82,321.82,0.00
PED-2025-004010,596.63,596.63,0.00
PED-2025-004011,904.32,904.32,0.00
PED-2025-004012,577.45,577.45,0.00
PED-2025-004013,404.02,404.02,0.00
PED-2025-004014,744.59,744.59,0.00
PED-2025-004015,1118.04,1118.04,0.00
PED-2025-004016,725.41,725.41,0.00
PED-2025-004017,486.22,486.22,0.00
PED-2025-004018,892.55,892.55,0.00
PED-2025-004019,1331.76,1331.76,0.00
PED-2025-004020,873.37,873.37,0.00
PED-2025-004021,568.42,568.42,0.00
PED-2025-004022,1040.51,1040.51,0.00
PED-2025-004023,1545.48,1545.48,0.00
PED-2025-004024,1021.33,1021.33,0.00
PED-2025-004025,650.62,650.62,0.00
PED-2025-004026,1188.47,1188.47,0.00
PED-2025-004027,1759.20,1759.20,0.00
PED-2025-004028,1169.29,1169.29,0.00
PED-2025-004029,732.82,732.82,0.00
PED-2025-004030,1336.43,1336.43,0.00
PED-2025-004031,1803.38,1803.38,0.00
PED-2025-004032,1048.17,1048.17,0.00
PED-2025-004033,749.47,749.47,0.00
PED-2025-004034,1220.22,1220.22,0.00
PED-2025-004035,1892.45,1892.45,0.00
PED-2025-004036,1310.94,1310.94,0.00
PED-2025-004037,347.22,347.22,0.00
PED-2025-004038,813.35,813.35,0.00
PED-2025-004039,1114.99,1114.99,0.00
PED-2025-004040,1107.08,1107.08,0.00
PED-2025-004041,461.13,461.13,0.00
PED-2025-004042,799.79,799.79,0.00
PED-2025-004043,568.98,568.98,0.00
PED-2025-004044,322.03,322.03,0.00
PED-2025-004045,263.42,263.42,0.00
PED-2025-004046,476.50,476.50,0.00
PED-2025-004047,643.20,643.20,0.00
PED-2025-004048,498.50,498.50,0.00
PED-2025-004049,309.77,309.77,0.00
PED-2025-004050,632.39,632.39,0.00
PED-2025-004051,1046.80,1046.80,0.00
PED-2025-004052,676.09,676.09,0.00
PED-2025-004053,458.82,458.82,0.00
PED-2025-004054,843.23,843.23,0.00
PED-2025-004055,1260.52,1260.52,0.00
PED-2025-004056,824.05,824.05,0.00
PED-2025-004057,541.02,541.02,0.00
PED-2025-004058,991.19,991.19,0.00
PED-2025-004059,1474.24,1474.24,0.00
PED-2025-004060,972.01,972.01,0.00
PED-2025-004061,623.22,623.22,0.00
PED-2025-004062,1139.15,1139.15,0.00
PED-2025-004063,1687.96,1687.96,0.00
PED-2025-004064,1119.97,1119.97,0.00
PED-2025-004065,705.42,705.42,0.00
PED-2025-004066,1287.11,1287.11,0.00
PED-2025-004067,1901.68,1901.68,0.00
PED-2025-004068,1267.93,1267.93,0.00
PED-2025-004069,787.62,787.62,0.00
PED-2025-004070,1435.07,1435.07,0.00
PED-2025-004071,2115.40,2115.40,0.00
PED-2025-004072,1415.89,1415.89,0.00
PED-2025-004073,869.82,869.82,0.00
PED-2025-004074,815.83,815.83,0.00
PED-2025-004075,1255.04,1255.04,0.00
PED-2025-004076,1410.41,1410.41,0.00
PED-2025-004077,491.70,491.70,0.00
PED-2025-004078,963.79,963.79,0.00
PED-2025-004079,1468.76,1468.76,0.00
PED-2025-004080,330.85,330.85,0.00
PED-2025-004081,239.96,239.96,0.00
PED-2025-004082,384.93,384.93,0.00
PED-2025-004083,700.53,700.53,0.00
PED-2025-004084,405.36,405.36,0.00
PED-2025-004085,311.12,311.12,0.00
PED-2025-004086,562.49,562.49,0.00
PED-2025-004087,753.36,753.36,0.00
PED-2025-004088,591.64,591.64,0.00
PED-2025-004089,354.72,354.72,0.00
PED-2025-004090,695.82,695.82,0.00
PED-2025-004091,1036.28,1036.28,0.00
PED-2025-004092,617.12,617.12,0.00
PED-2025-004093,472.20,472.20,0.00
PED-2025-004094,774.16,774.16,0.00
PED-2025-004095,1220.30,1220.30,0.00
PED-2025-004096,825.63,825.63,0.00
PED-2025-004097,460.37,460.37,0.00
PED-2025-004098,1003.51,1003.51,0.00
PED-2025-004099,1329.26,1329.26,0.00
PED-2025-004100,840.81,840.81,0.00
PED-2025-004101,678.02,678.02,0.00
PED-2025-004102,1237.79,1237.79,0.00
PED-2025-004103,1830.44,1830.44,0.00
PED-2025-004104,1218.61,1218.61,0.00
PED-2025-004105,760.22,760.22,0.00
PED-2025-004106,1385.75,1385.75,0.00
PED-2025-004107,2044.16,2044.16,0.00
PED-2025-004108,1366.57,1366.57,0.00
PED-2025-004109,842.42,842.42,0.00
PED-2025-004110,1533.71,1533.71,0.00
PED-2025-004111,2257.88,2257.88,0.00
PED-2025-004112,1361.09,1361.09,0.00
PED-2025-004113,464.30,464.30,0.00
PED-2025-004114,914.47,914.47,0.00
PED-2025-004115,1397.52,1397.52,0.00
PED-2025-004116,1509.05,1509.05,0.00
PED-2025-004117,239.62,239.62,0.00
PED-2025-004118,448.67,448.67,0.00
PED-2025-004119,690.60,690.60,0.00
PED-2025-004120,429.49,429.49,0.00
PED-2025-004121,321.82,321.82,0.00
PED-2025-004122,596.63,596.63,0.00
PED-2025-004123,904.32,904.32,0.00
PED-2025-004124,577.45,577.45,0.00
PED-2025-004125,404.02,404.02,0.00
PED-2025-004126,744.59,744.59,0.00
PED-2025-004127,1118.04,1118.04,0.00
PED-2025-004128,725.41,725.41,0.00
PED-2025-004129,486.22,486.22,0.00
PED-2025-004130,892.55,892.55,0.00
PED-2025-004131,1213.95,1213.95,0.00
PED-2025-004132,695.50,695.50,0.00
PED-2025-004133,522.60,522.60,0.00
PED-2025-004134,855.29,855.29,0.00
PED-2025-004135,1342.49,1342.49,0.00
PED-2025-004136,913.90,913.90,0.00
PED-2025-004137,502.57,502.57,0.00
PED-2025-004138,1094.50,1094.50,0.00
PED-2025-004139,1446.57,1446.57,0.00
PED-2025-004140,910.08,910.08,0.00
PED-2025-004141,637.85,637.85,0.00
PED-2025-004142,1032.40,1032.40,0.00
PED-2025-004143,1818.41,1818.41,0.00
PED-2025-004144,1113.33,1113.33,0.00
PED-2025-004145,716.36,716.36,0.00
PED-2025-004146,1293.84,1293.84,0.00
PED-2025-004147,1689.63,1689.63,0.00
PED-2025-004148,1383.57,1383.57,0.00
PED-2025-004149,368.42,368.42,0.00
PED-2025-004150,698.15,698.15,0.00
PED-2025-004151,1326.28,1326.28,0.00
PED-2025-004152,1459.73,1459.73,0.00
PED-2025-004153,519.10,519.10,0.00
PED-2025-004154,1013.11,1013.11,0.00
PED-2025-004155,619.36,619.36,0.00
PED-2025-004156,380.17,380.17,0.00
PED-2025-004157,294.42,294.42,0.00
PED-2025-004158,547.31,547.31,0.00
PED-2025-004159,833.08,833.08,0.00
PED-2025-004160,528.13,528.13,0.00
PED-2025-004161,376.62,376.62,0.00
PED-2025-004162,695.27,695.27,0.00
PED-2025-004163,1046.80,1046.80,0.00
PED-2025-004164,676.09,676.09,0.00
PED-2025-004165,458.82,458.82,0.00
PED-2025-004166,843.23,843.23,0.00
PED-2025-004167,1260.52,1260.52,0.00
PED-2025-004168,824.05,824.05,0.00
PED-2025-004169,541.02,541.02,0.00
PED-2025-004170,991.19,991.19,0.00
PED-2025-004171,1474.24,1474.24,0.00
PED-2025-004172,972.01,972.01,0.00
PED-2025-004173,623.22,623.22,0.00
PED-2025-004174,1139.15,1139.15,0.00
PED-2025-004175,1687.96,1687.96,0.00
PED-2025-004176,1119.97,1119.97,0.00
PED-2025-004177,705.42,705.42,0.00
PED-2025-004178,1287.11,1287.11,0.00
PED-2025-004179,1901.68,1901.68,0.00
PED-2025-004180,1267.93,1267.93,0.00
PED-2025-004181,713.73,713.73,0.00
PED-2025-004182,1108.58,1108.58,0.00
PED-2025-004183,1950.02,1950.02,0.00
PED-2025-004184,1196.66,1196.66,0.00
PED-2025-004185,764.03,764.03,0.00
PED-2025-004186,727.73,727.73,0.00
PED-2025-004187,994.23,994.23,0.00
PED-2025-004188,1338.62,1338.62,0.00
PED-2025-004189,413.34,413.34,0.00
PED-2025-004190,773.88,773.88,0.00
PED-2025-004191,1305.10,1305.10,0.00
PED-2025-004192,264.53,264.53,0.00
PED-2025-004193,245.31,245.31,0.00
PED-2025-004194,409.18,409.18,0.00
PED-2025-004195,670.41,670.41,0.00
PED-2025-004196,428.66,428.66,0.00
PED-2025-004197,270.50,270.50,0.00
PED-2025-004198,594.17,594.17,0.00
PED-2025-004199,801.52,801.52,0.00
PED-2025-004200,495.57,495.57,0.00
PED-2025-004201,431.42,431.42,0.00
PED-2025-004202,793.91,793.91,0.00
PED-2025-004203,1189.28,1189.28,0.00
PED-2025-004204,774.73,774.73,0.00
PED-2025-004205,513.62,513.62,0.00
PED-2025-004206,941.87,941.87,0.00
PED-2025-004207,1403.00,1403.00,0.00
PED-2025-004208,922.69,922.69,0.00
PED-2025-004209,595.82,595.82,0.00
PED-2025-004210,1089.83,1089.83,0.00
PED-2025-004211,1616.72,1616.72,0.00
PED-2025-004212,1070.65,1070.65,0.00
PED-2025-004213,678.02,678.02,0.00
PED-2025-004214,1237.79,1237.79,0.00
PED-2025-004215,1830.44,1830.44,0.00
PED-2025-004216,1218.61,1218.61,0.00
PED-2025-004217,760.22,760.22,0.00
PED-2025-004218,1385.75,1385.75,0.00
PED-2025-004219,2044.16,2044.16,0.00
PED-2025-004220,1366.57,1366.57,0.00
PED-2025-004221,842.42,842.42,0.00
PED-2025-004222,1533.71,1533.71,0.00
PED-2025-004223,2257.88,2257.88,0.00
PED-2025-004224,1361.09,1361.09,0.00
PED-2025-004225,464.30,464.30,0.00
PED-2025-004226,914.47,914.47,0.00
PED-2025-004227,1397.52,1397.52,0.00
PED-2025-004228,1509.05,1509.05,0.00
PED-2025-004229,239.62,239.62,0.00
PED-2025-004230,448.67,448.67,0.00
PED-2025-004231,624.59,624.59,0.00
PED-2025-004232,342.83,342.83,0.00
PED-2025-004233,295.71,295.71,0.00
PED-2025-004234,490.31,490.31,0.00
PED-2025-004235,792.60,792.60,0.00
PED-2025-004236,516.86,516.86,0.00
PED-2025-004237,312.68,312.68,0.00
PED-2025-004238,685.15,685.15,0.00
PED-2025-004239,918.77,918.77,0.00
PED-2025-004240,567.30,567.30,0.00
PED-2025-004241,423.33,423.33,0.00
PED-2025-004242,689.61,689.61,0.00
PED-2025-004243,1226.58,1226.58,0.00
PED-2025-004244,738.51,738.51,0.00
PED-2025-004245,501.80,501.80,0.00
PED-2025-004246,906.68,906.68,0.00
PED-2025-004247,1193.94,1193.94,0.00
PED-2025-004248,964.30,964.30,0.00
PED-2025-004249,534.45,534.45,0.00
PED-2025-004250,1070.79,1070.79,0.00
PED-2025-004251,1759.20,1759.20,0.00
PED-2025-004252,1169.29,1169.29,0.00
PED-2025-004253,732.82,732.82,0.00
PED-2025-004254,1336.43,1336.43,0.00
PED-2025-004255,1972.92,1972.92,0.00
PED-2025-004256,1317.25,1317.25,0.00
PED-2025-004257,815.02,815.02,0.00
PED-2025-004258,1484.39,1484.39,0.00
PED-2025-004259,2186.64,2186.64,0.00
PED-2025-004260,1465.21,1465.21,0.00
PED-2025-004261,436.90,436.90,0.00
PED-2025-004262,865.15,865.15,0.00
PED-2025-004263,1326.28,1326.28,0.00
PED-2025-004264,1459.73,1459.73,0.00
PED-2025-004265,519.10,519.10,0.00
PED-2025-004266,1013.11,1013.11,0.00
PED-2025-004267,619.36,619.36,0.00
PED-2025-004268,380.17,380.17,0.00
PED-2025-004269,294.42,294.42,0.00
PED-2025-004270,547.31,547.31,0.00
PED-2025-004271,833.08,833.08,0.00
PED-2025-004272,528.13,528.13,0.00
PED-2025-004273,376.62,376.62,0.00
PED-2025-004274,695.27,695.27,0.00
PED-2025-004275,1046.80,1046.80,0.00
PED-2025-004276,676.09,676.09,0.00
PED-2025-004277,458.82,458.82,0.00
PED-2025-004278,843.23,843.23,0.00
PED-2025-004279,1260.52,1260.52,0.00
PED-2025-004280,824.05,824.05,0.00
PED-2025-004281,489.30,489.30,0.00
PED-2025-004282,765.79,765.79,0.00
PED-2025-004283,1358.13,1358.13,0.00
PED-2025-004284,821.84,821.84,0.00
PED-2025-004285,549.50,549.50,0.00
PED-2025-004286,992.67,992.67,0.00
PED-2025-004287,1304.10,1304.10,0.00
PED-2025-004288,1057.44,1057.44,0.00
PED-2025-004289,579.40,579.40,0.00
PED-2025-004290,1120.52,1120.52,0.00
PED-2025-004291,1658.26,1658.26,0.00
PED-2025-004292,1008.94,1008.94,0.00
PED-2025-004293,724.28,724.28,0.00
PED-2025-004294,1179.68,1179.68,0.00
PED-2025-004295,1831.32,1831.32,0.00
PED-2025-004296,1266.77,1266.77,0.00
PED-2025-004297,671.35,671.35,0.00
PED-2025-004298,767.90,767.90,0.00
PED-2025-004299,1056.37,1056.37,0.00
PED-2025-004300,1070.97,1070.97,0.00
PED-2025-004301,491.70,491.70,0.00
PED-2025-004302,963.79,963.79,0.00
PED-2025-004303,1468.76,1468.76,0.00
PED-2025-004304,330.85,330.85,0.00
PED-2025-004305,267.02,267.02,0.00
PED-2025-004306,497.99,497.99,0.00
PED-2025-004307,761.84,761.84,0.00
PED-2025-004308,478.81,478.81,0.00
PED-2025-004309,349.22,349.22,0.00
PED-2025-004310,645.95,645.95,0.00
PED-2025-004311,975.56,975.56,0.00
PED-2025-004312,626.77,626.77,0.00
PED-2025-004313,431.42,431.42,0.00
PED-2025-004314,793.91,793.91,0.00
PED-2025-004315,1189.28,1189.28,0.00
PED-2025-004316,774.73,774.73,0.00
PED-2025-004317,513.62,513.62,0.00
PED-2025-004318,941.87,941.87,0.00
PED-2025-004319,1403.00,1403.00,0.00
PED-2025-004320,922.69,922.69,0.00
PED-2025-004321,595.82,595.82,0.00
PED-2025-004322,1089.83,1089.83,0.00
PED-2025-004323,1616.72,1616.72,0.00
PED-2025-004324,1070.65,1070.65,0.00
PED-2025-004325,678.02,678.02,0.00
PED-2025-004326,1237.79,1237.79,0.00
PED-2025-004327,1830.44,1830.44,0.00
PED-2025-004328,1218.61,1218.61,0.00
PED-2025-004329,760.22,760.22,0.00
PED-2025-004330,1385.75,1385.75,0.00
PED-2025-004331,1868.81,1868.81,0.00
PED-2025-004332,1087.32,1087.32,0.00
PED-2025-004333,774.68,774.68,0.00
PED-2025-004334,1260.81,1260.81,0.00
PED-2025-004335,1953.51,1953.51,0.00
PED-2025-004336,1224.62,1224.62,0.00
PED-2025-004337,368.31,368.31,0.00
PED-2025-004338,858.84,858.84,0.00
PED-2025-004339,1173.68,1173.68,0.00
PED-2025-004340,1145.17,1145.17,0.00
PED-2025-004341,208.79,208.79,0.00
PED-2025-004342,346.86,346.86,0.00
PED-2025-004343,634.82,634.82,0.00
PED-2025-004344,363.70,363.70,0.00
PED-2025-004345,287.27,287.27,0.00
PED-2025-004346,519.47,519.47,0.00
PED-2025-004347,698.31,698.31,0.00
PED-2025-004348,545.11,545.11,0.00
PED-2025-004349,332.26,332.26,0.00
PED-2025-004350,676.23,676.23,0.00
PED-2025-004351,1118.04,1118.04,0.00
PED-2025-004352,725.41,725.41,0.00
PED-2025-004353,486.22,486.22,0.00
PED-2025-004354,892.55,892.55,0.00
PED-2025-004355,1331.76,1331.76,0.00
PED-2025-004356,873.37,873.37,0.00
PED-2025-004357,568.42,568.42,0.00
PED-2025-004358,1040.51,1040.51,0.00
PED-2025-004359,1545.48,1545.48,0.00
PED-2025-004360,1021.33,1021.33,0.00
PED-2025-004361,650.62,650.62,0.00
PED-2025-004362,1188.47,1188.47,0.00
PED-2025-004363,1759.20,1759.20,0.00
PED-2025-004364,1169.29,1169.29,0.00
PED-2025-004365,732.82,732.82,0.00
PED-2025-004366,1336.43,1336.43,0.00
PED-2025-004367,1972.92,1972.92,0.00
PED-2025-004368,1317.25,1317.25,0.00
PED-2025-004369,815.02,815.02,0.00
PED-2025-004370,1484.39,1484.39,0.00
PED-2025-004371,2186.64,2186.64,0.00
PED-2025-004372,1465.21,1465.21,0.00
PED-2025-004373,436.90,436.90,0.00
PED-2025-004374,865.15,865.15,0.00
PED-2025-004375,1326.28,1326.28,0.00
PED-2025-004376,1459.73,1459.73,0.00
PED-2025-004377,519.10,519.10,0.00
PED-2025-004378,1013.11,1013.11,0.00
PED-2025-004379,619.36,619.36,0.00
PED-2025-004380,380.17,380.17,0.00
PED-2025-004381,264.90,264.90,0.00
PED-2025-004382,423.04,423.04,0.00
PED-2025-004383,766.30,766.30,0.00
PED-2025-004384,447.02,447.02,0.00
PED-2025-004385,334.94,334.94,0.00
PED-2025-004386,605.55,605.55,0.00
PED-2025-004387,808.47,808.47,0.00
PED-2025-004388,638.26,638.26,0.00
PED-2025-004389,377.16,377.16,0.00
PED-2025-004390,738.26,738.26,0.00
PED-2025-004391,1098.48,1098.48,0.00
PED-2025-004392,656.35,656.35,0.00
PED-2025-004393,497.39,497.39,0.00
PED-2025-004394,814.70,814.70,0.00
PED-2025-004395,1281.43,1281.43,0.00
PED-2025-004396,869.80,869.80,0.00
PED-2025-004397,481.48,481.48,0.00
PED-2025-004398,1049.01,1049.01,0.00
PED-2025-004399,1387.88,1387.88,0.00
PED-2025-004400,879.17,879.17,0.00
